compound_row_id	compound_class	candidate_protein_id	domain_family	n_domain_hits	tier	has_bgc_context	is_cross_ref_confirmed	is_extracellular	compound_log2fc	compound_q_value
2614.0	Amino acids and Peptides	FCC698BD_004035-T1	nrps	4	1	True	True	False	27.113916820247336	3.102730921661118e-05
1761.0	Amino acids and Peptides	FCC698BD_004035-T1	nrps	4	1	True	True	False	26.848097393011088	3.102730921661118e-05
7396.0	Amino acids and Peptides	FCC698BD_004035-T1	nrps	4	1	True	True	False	26.47883464260257	0.0049811963008813
3208.0	Amino acids and Peptides	FCC698BD_004035-T1	nrps	4	1	True	True	False	26.244500262062694	4.617673114773783e-05
7105.0	Amino acids and Peptides	FCC698BD_004035-T1	nrps	4	1	True	True	False	26.15390900217206	3.102730921661118e-05
3120.0	Amino acids and Peptides	FCC698BD_004035-T1	nrps	4	1	True	True	False	24.817434124067773	4.617673114773783e-05
5257.0	Amino acids and Peptides	FCC698BD_004035-T1	nrps	4	1	True	True	False	24.75354805446316	4.617673114773783e-05
1689.0	Amino acids and Peptides	FCC698BD_004035-T1	nrps	4	1	True	True	False	24.71522563274879	3.102730921661118e-05
1943.0	Amino acids and Peptides	FCC698BD_004035-T1	nrps	4	1	True	True	False	24.64599353036657	0.0049811963008813
10850.0	Amino acids and Peptides	FCC698BD_004035-T1	nrps	4	1	True	True	False	24.62772511260976	0.0024918827435328
1858.0	Amino acids and Peptides	FCC698BD_004035-T1	nrps	4	1	True	True	False	24.56913753514281	0.0123568427487148
1953.0	Amino acids and Peptides	FCC698BD_004035-T1	nrps	4	1	True	True	False	24.449182718078763	3.102730921661118e-05
6121.0	Amino acids and Peptides	FCC698BD_004035-T1	nrps	4	1	True	True	False	24.05884985993063	0.0007507700566491
16789.0	Amino acids and Peptides	FCC698BD_004035-T1	nrps	4	1	True	True	False	24.02055806763692	0.0094415326396745
2053.0	Amino acids and Peptides	FCC698BD_004035-T1	nrps	4	1	True	True	False	23.89756232819706	9.47654380906618e-05
9398.0	Amino acids and Peptides	FCC698BD_004035-T1	nrps	4	1	True	True	False	23.797487776713176	0.0007507700566491
4697.0	Amino acids and Peptides	FCC698BD_004035-T1	nrps	4	1	True	True	False	23.73730974881488	0.0049811963008813
2346.0	Amino acids and Peptides	FCC698BD_004035-T1	nrps	4	1	True	True	False	23.732961821763087	3.102730921661118e-05
17507.0	Amino acids and Peptides	FCC698BD_004035-T1	nrps	4	1	True	True	False	23.69323116529185	0.0001972929991573
9519.0	Amino acids and Peptides	FCC698BD_004035-T1	nrps	4	1	True	True	False	23.59270805293708	3.102730921661118e-05
2531.0	Amino acids and Peptides	FCC698BD_004035-T1	nrps	4	1	True	True	False	23.54397432732993	3.102730921661118e-05
943.0	Amino acids and Peptides	FCC698BD_004035-T1	nrps	4	1	True	True	False	23.478265091001475	0.0184436665805691
8462.0	Amino acids and Peptides	FCC698BD_004035-T1	nrps	4	1	True	True	False	23.46777660126195	3.102730921661118e-05
11169.0	Amino acids and Peptides	FCC698BD_004035-T1	nrps	4	1	True	True	False	23.46700378860164	3.102730921661118e-05
18930.0	Amino acids and Peptides	FCC698BD_004035-T1	nrps	4	1	True	True	False	23.40908895667928	3.102730921661118e-05
6030.0	Amino acids and Peptides	FCC698BD_004035-T1	nrps	4	1	True	True	False	23.368601028035023	0.0094415326396745
6167.0	Amino acids and Peptides	FCC698BD_004035-T1	nrps	4	1	True	True	False	23.33346602000236	0.0003902982238314
6651.0	Amino acids and Peptides	FCC698BD_004035-T1	nrps	4	1	True	True	False	23.3034894339022	0.0123568427487148
3930.0	Amino acids and Peptides	FCC698BD_004035-T1	nrps	4	1	True	True	False	23.26806948412348	0.0074493650316028
10122.0	Amino acids and Peptides	FCC698BD_004035-T1	nrps	4	1	True	True	False	23.257147618176365	0.0184436665805691
17431.0	Amino acids and Peptides	FCC698BD_004035-T1	nrps	4	1	True	True	False	23.205377466381183	0.0024918827435328
19556.0	Amino acids and Peptides	FCC698BD_004035-T1	nrps	4	1	True	True	False	23.184794492051147	0.0074493650316028
8473.0	Amino acids and Peptides	FCC698BD_004035-T1	nrps	4	1	True	True	False	23.151563662821303	0.0123568427487148
3048.0	Amino acids and Peptides	FCC698BD_004035-T1	nrps	4	1	True	True	False	22.727077862951887	0.0049811963008813
2578.0	Amino acids and Peptides	FCC698BD_004035-T1	nrps	4	1	True	True	False	22.698851128072643	9.47654380906618e-05
17663.0	Amino acids and Peptides	FCC698BD_004035-T1	nrps	4	1	True	True	False	22.6839534821563	4.617673114773783e-05
25573.0	Amino acids and Peptides	FCC698BD_004035-T1	nrps	4	1	True	True	False	22.608444581931085	0.0013594540784394
23413.0	Amino acids and Peptides	FCC698BD_004035-T1	nrps	4	1	True	True	False	22.58016571716716	0.0013594540784394
5776.0	Amino acids and Peptides	FCC698BD_004035-T1	nrps	4	1	True	True	False	22.444730613634	0.0043998028641892
11870.0	Amino acids and Peptides	FCC698BD_004035-T1	nrps	4	1	True	True	False	22.392743644395672	9.47654380906618e-05
4447.0	Amino acids and Peptides	FCC698BD_004035-T1	nrps	4	1	True	True	False	22.20246234620521	0.0123568427487148
29034.0	Amino acids and Peptides	FCC698BD_004035-T1	nrps	4	1	True	True	False	22.187237530505254	0.0007507700566491
1954.0	Amino acids and Peptides	FCC698BD_004035-T1	nrps	4	1	True	True	False	22.05789314172727	0.0123568427487148
25643.0	Amino acids and Peptides	FCC698BD_004035-T1	nrps	4	1	True	True	False	22.045435447378136	0.0024918827435328
11252.0	Amino acids and Peptides	FCC698BD_004035-T1	nrps	4	1	True	True	False	21.782137198673126	0.0123568427487148
37570.0	Amino acids and Peptides	FCC698BD_004035-T1	nrps	4	1	True	True	False	21.30467704637517	0.0003902982238314
9568.0	Amino acids and Peptides	FCC698BD_004035-T1	nrps	4	1	True	True	False	21.09219133264206	0.0049811963008813
27104.0	Amino acids and Peptides	FCC698BD_004035-T1	nrps	4	1	True	True	False	20.532250991625915	0.0123568427487148
26967.0	Amino acids and Peptides	FCC698BD_004035-T1	nrps	4	1	True	True	False	19.571790230479227	0.0123568427487148
545.0	Amino acids and Peptides	FCC698BD_004035-T1	nrps	4	1	True	True	False	5.5012294753038	0.0001061715373403
3940.0	Amino acids and Peptides	FCC698BD_004035-T1	nrps	4	1	True	True	False	5.339158109785667	0.0158831302939142
1196.0	Amino acids and Peptides	FCC698BD_004035-T1	nrps	4	1	True	True	False	4.682862268382656	3.102730921661118e-05
2504.0	Amino acids and Peptides	FCC698BD_004035-T1	nrps	4	1	True	True	False	4.318581969348053	0.0060860084659845
1867.0	Amino acids and Peptides	FCC698BD_004035-T1	nrps	4	1	True	True	False	4.242692155642773	3.484320045994495e-05
1964.0	Amino acids and Peptides	FCC698BD_004035-T1	nrps	4	1	True	True	False	4.163189688388624	0.0050028750261297
2124.0	Amino acids and Peptides	FCC698BD_004035-T1	nrps	4	1	True	True	False	4.092219063595006	3.102730921661118e-05
8063.0	Amino acids and Peptides	FCC698BD_004035-T1	nrps	4	1	True	True	False	4.085233362194532	8.881503577004114e-05
5556.0	Amino acids and Peptides	FCC698BD_004035-T1	nrps	4	1	True	True	False	3.96142649970643	3.102730921661118e-05
540.0	Amino acids and Peptides	FCC698BD_004035-T1	nrps	4	1	True	True	False	3.9399501012982174	0.0093114882439996
345.0	Amino acids and Peptides	FCC698BD_004035-T1	nrps	4	1	True	True	False	3.922634500547032	3.697429133173694e-05
3458.0	Amino acids and Peptides	FCC698BD_004035-T1	nrps	4	1	True	True	False	3.871864088216997	0.000108629239663
5048.0	Amino acids and Peptides	FCC698BD_004035-T1	nrps	4	1	True	True	False	3.742104972582098	0.0006369711587436
8466.0	Amino acids and Peptides	FCC698BD_004035-T1	nrps	4	1	True	True	False	3.703237212995688	0.0091943306967312
315.0	Amino acids and Peptides	FCC698BD_004035-T1	nrps	4	1	True	True	False	3.654373417303202	3.102730921661118e-05
2255.0	Amino acids and Peptides	FCC698BD_004035-T1	nrps	4	1	True	True	False	3.639654434339972	3.333389857881452e-05
2093.0	Amino acids and Peptides	FCC698BD_004035-T1	nrps	4	1	True	True	False	3.547334579847262	3.102730921661118e-05
770.0	Amino acids and Peptides	FCC698BD_004035-T1	nrps	4	1	True	True	False	3.538356717796479	0.0173417863327148
624.0	Amino acids and Peptides	FCC698BD_004035-T1	nrps	4	1	True	True	False	3.466007838261958	7.047676666910806e-05
2483.0	Amino acids and Peptides	FCC698BD_004035-T1	nrps	4	1	True	True	False	3.4578467668505035	3.102730921661118e-05
1267.0	Amino acids and Peptides	FCC698BD_004035-T1	nrps	4	1	True	True	False	3.398873041377916	3.102730921661118e-05
3941.0	Amino acids and Peptides	FCC698BD_004035-T1	nrps	4	1	True	True	False	3.313210085501378	0.0200252633137174
7583.0	Amino acids and Peptides	FCC698BD_004035-T1	nrps	4	1	True	True	False	3.3028120378554147	3.102730921661118e-05
1178.0	Amino acids and Peptides	FCC698BD_004035-T1	nrps	4	1	True	True	False	3.272511156295049	0.0004738967685043
2900.0	Amino acids and Peptides	FCC698BD_004035-T1	nrps	4	1	True	True	False	3.2302299696485552	0.0039117109039522
889.0	Amino acids and Peptides	FCC698BD_004035-T1	nrps	4	1	True	True	False	3.22131036289612	0.0008935876158878
1140.0	Amino acids and Peptides	FCC698BD_004035-T1	nrps	4	1	True	True	False	3.189534760604874	3.102730921661118e-05
2247.0	Amino acids and Peptides	FCC698BD_004035-T1	nrps	4	1	True	True	False	3.1512647483295355	0.0158831302939142
2049.0	Amino acids and Peptides	FCC698BD_004035-T1	nrps	4	1	True	True	False	3.117573547070096	3.102730921661118e-05
107.0	Alkaloids	FCC698BD_004035-T1	nrps	4	1	True	True	False	3.111705041374277	0.0001604400619056
103.0	Amino acids and Peptides	FCC698BD_004035-T1	nrps	4	1	True	True	False	3.110442150306123	0.0207656288250185
42.0	Amino acids and Peptides	FCC698BD_004035-T1	nrps	4	1	True	True	False	3.1070985742689574	3.102730921661118e-05
114.0	Amino acids and Peptides	FCC698BD_004035-T1	nrps	4	1	True	True	False	3.1022170309605306	3.102730921661118e-05
1842.0	Amino acids and Peptides	FCC698BD_004035-T1	nrps	4	1	True	True	False	3.09161973156632	0.0001291518006904
253.0	Amino acids and Peptides	FCC698BD_004035-T1	nrps	4	1	True	True	False	3.075977020721992	5.883871958543745e-05
433.0	Amino acids and Peptides	FCC698BD_004035-T1	nrps	4	1	True	True	False	3.0255395898675697	3.102730921661118e-05
323.0	Amino acids and Peptides	FCC698BD_004035-T1	nrps	4	1	True	True	False	3.01971276423479	3.102730921661118e-05
1724.0	Amino acids and Peptides	FCC698BD_004035-T1	nrps	4	1	True	True	False	2.9818753220666427	0.0091943306967312
4433.0	Amino acids and Peptides	FCC698BD_004035-T1	nrps	4	1	True	True	False	2.967816615169606	3.102730921661118e-05
910.0	Amino acids and Peptides	FCC698BD_004035-T1	nrps	4	1	True	True	False	2.958537710518861	0.0052214899621279
4930.0	Amino acids and Peptides	FCC698BD_004035-T1	nrps	4	1	True	True	False	2.939001661143811	0.0110675738552342
67.0	Amino acids and Peptides	FCC698BD_004035-T1	nrps	4	1	True	True	False	2.936100231911248	0.0001604400619056
836.0	Amino acids and Peptides	FCC698BD_004035-T1	nrps	4	1	True	True	False	2.9347404578819978	3.102730921661118e-05
69.0	Amino acids and Peptides	FCC698BD_004035-T1	nrps	4	1	True	True	False	2.925851125860564	8.230655584179992e-05
1746.0	Amino acids and Peptides	FCC698BD_004035-T1	nrps	4	1	True	True	False	2.8982394188281173	0.0134968705883085
553.0	Amino acids and Peptides	FCC698BD_004035-T1	nrps	4	1	True	True	False	2.8898878836150184	0.0360940768066605
1238.0	Amino acids and Peptides	FCC698BD_004035-T1	nrps	4	1	True	True	False	2.861450344374018	3.102730921661118e-05
319.0	Amino acids and Peptides	FCC698BD_004035-T1	nrps	4	1	True	True	False	2.8306209611282305	0.0001908680059537
895.0	Amino acids and Peptides	FCC698BD_004035-T1	nrps	4	1	True	True	False	2.7744430719521773	0.0001604400619056
331.0	Amino acids and Peptides	FCC698BD_004035-T1	nrps	4	1	True	True	False	2.756945161730436	3.102730921661118e-05
8816.0	Amino acids and Peptides	FCC698BD_004035-T1	nrps	4	1	True	True	False	2.741030337961549	3.102730921661118e-05
508.0	Amino acids and Peptides	FCC698BD_004035-T1	nrps	4	1	True	True	False	2.6577051447584465	0.0007266611238961
4698.0	Amino acids and Peptides	FCC698BD_004035-T1	nrps	4	1	True	True	False	2.654381474849956	3.333389857881452e-05
12065.0	Amino acids and Peptides	FCC698BD_004035-T1	nrps	4	1	True	True	False	2.5303332453015965	3.102730921661118e-05
275.0	Amino acids and Peptides	FCC698BD_004035-T1	nrps	4	1	True	True	False	2.516330591200548	3.102730921661118e-05
477.0	Amino acids and Peptides	FCC698BD_004035-T1	nrps	4	1	True	True	False	2.499765393659762	0.0002204137019629
4864.0	Amino acids and Peptides	FCC698BD_004035-T1	nrps	4	1	True	True	False	2.496389347195937	0.0025702850887746
603.0	Amino acids and Peptides	FCC698BD_004035-T1	nrps	4	1	True	True	False	2.4622094085173534	0.0138701158224038
122.0	Amino acids and Peptides	FCC698BD_004035-T1	nrps	4	1	True	True	False	2.4527351039976018	3.102730921661118e-05
11292.0	Amino acids and Peptides	FCC698BD_004035-T1	nrps	4	1	True	True	False	2.445064402115531	0.0001291518006904
1382.0	Amino acids and Peptides	FCC698BD_004035-T1	nrps	4	1	True	True	False	2.408219446765037	0.0091445773428607
4889.0	Amino acids and Peptides	FCC698BD_004035-T1	nrps	4	1	True	True	False	2.3559136768597586	0.0001061715373403
415.0	Amino acids and Peptides	FCC698BD_004035-T1	nrps	4	1	True	True	False	2.269848737006848	0.0003595860500159
7605.0	Amino acids and Peptides	FCC698BD_004035-T1	nrps	4	1	True	True	False	2.1897813547071587	0.0010127836836948
2879.0	Amino acids and Peptides	FCC698BD_004035-T1	nrps	4	1	True	True	False	2.121750633653453	0.013643196824737
843.0	Amino acids and Peptides	FCC698BD_004035-T1	nrps	4	1	True	True	False	2.121400474324468	3.697429133173694e-05
1397.0	Amino acids and Peptides	FCC698BD_004035-T1	nrps	4	1	True	True	False	2.095397959410388	0.0003595860500159
4918.0	Amino acids and Peptides	FCC698BD_004035-T1	nrps	4	1	True	True	False	2.06849325305877	3.102730921661118e-05
1657.0	Amino acids and Peptides	FCC698BD_004035-T1	nrps	4	1	True	True	False	2.065366384411361	0.0001129946875104
628.0	Amino acids and Peptides	FCC698BD_004035-T1	nrps	4	1	True	True	False	2.039339235766198	0.023260921074376
13316.0	Amino acids and Peptides	FCC698BD_004035-T1	nrps	4	1	True	True	False	1.9906519227241084	0.0105308615560265
2162.0	Amino acids and Peptides	FCC698BD_004035-T1	nrps	4	1	True	True	False	1.9455059426222163	4.4343821380168e-05
14133.0	Amino acids and Peptides	FCC698BD_004035-T1	nrps	4	1	True	True	False	1.8875172152499289	0.030381385877213
16.0	Amino acids and Peptides	FCC698BD_004035-T1	nrps	4	1	True	True	False	1.688028149885477	0.0315215101850963
256.0	Amino acids and Peptides	FCC698BD_004035-T1	nrps	4	1	True	True	False	1.6805778351475589	3.102730921661118e-05
3620.0	Amino acids and Peptides	FCC698BD_004035-T1	nrps	4	1	True	True	False	1.6428682813297175	0.0004129587930402
6313.0	Amino acids and Peptides	FCC698BD_004035-T1	nrps	4	1	True	True	False	1.5884779022416606	0.0001111388916641
26494.0	Amino acids and Peptides	FCC698BD_004035-T1	nrps	4	1	True	True	False	1.5554971322306628	3.102730921661118e-05
3740.0	Amino acids and Peptides	FCC698BD_004035-T1	nrps	4	1	True	True	False	1.5399043463501756	0.0004873638759871
1727.0	Amino acids and Peptides	FCC698BD_004035-T1	nrps	4	1	True	True	False	1.5088203959992974	0.0123568427487148
12397.0	Amino acids and Peptides	FCC698BD_004035-T1	nrps	4	1	True	True	False	1.4648311013039776	0.0002262737170806
2969.0	Amino acids and Peptides	FCC698BD_004035-T1	nrps	4	1	True	True	False	1.3371992435557534	8.189118650877062e-05
3130.0	Amino acids and Peptides	FCC698BD_004035-T1	nrps	4	1	True	True	False	1.3176213980095468	0.0007609520976108
13281.0	Amino acids and Peptides	FCC698BD_004035-T1	nrps	4	1	True	True	False	1.2968583819469757	0.0374424803708977
566.0	Amino acids and Peptides	FCC698BD_004035-T1	nrps	4	1	True	True	False	1.2644272300764057	0.0049811963008813
981.0	Amino acids and Peptides	FCC698BD_004035-T1	nrps	4	1	True	True	False	1.1561585296688333	0.0160838104418218
883.0	Amino acids and Peptides	FCC698BD_004035-T1	nrps	4	1	True	True	False	1.0557877387100694	0.0002204137019629
1768.0	Amino acids and Peptides	FCC698BD_004035-T1	nrps	4	1	True	True	False	1.0335577604478483	0.0091036587129738
12078.0	Amino acids and Peptides	FCC698BD_004035-T1	nrps	4	1	True	True	False	1.0155723560228056	0.0218772881294872
4358.0	Amino acids and Peptides	FCC698BD_004035-T1	nrps	4	1	True	True	False	0.8707298998160358	0.0010452013767067
555.0	Amino acids and Peptides	FCC698BD_004035-T1	nrps	4	1	True	True	False	0.8221897115455539	0.0049811963008813
3292.0	Amino acids and Peptides	FCC698BD_004035-T1	nrps	4	1	True	True	False	0.7095867241182466	0.0004874866933436
564.0	Amino acids and Peptides	FCC698BD_004035-T1	nrps	4	1	True	True	False	0.7028145296021298	8.230655584179992e-05
6244.0	Amino acids and Peptides	FCC698BD_004035-T1	nrps	4	1	True	True	False	0.642006004358928	0.0349569367893995
3305.0	Amino acids and Peptides	FCC698BD_004035-T1	nrps	4	1	True	True	False	0.4989548466290333	0.0001908680059537
2614.0	Amino acids and Peptides	FCC698BD_000146-T1	nrps	2	2	False	True	False	27.113916820247336	3.102730921661118e-05
2614.0	Amino acids and Peptides	FCC698BD_000240-T1	nrps	1	2	False	True	False	27.113916820247336	3.102730921661118e-05
2614.0	Amino acids and Peptides	FCC698BD_000473-T1	nrps	1	2	False	True	False	27.113916820247336	3.102730921661118e-05
2614.0	Amino acids and Peptides	FCC698BD_000498-T1	nrps	1	2	False	True	False	27.113916820247336	3.102730921661118e-05
2614.0	Amino acids and Peptides	FCC698BD_000635-T1	nrps	1	2	False	True	False	27.113916820247336	3.102730921661118e-05
2614.0	Amino acids and Peptides	FCC698BD_000950-T1	nrps	1	2	False	True	False	27.113916820247336	3.102730921661118e-05
2614.0	Amino acids and Peptides	FCC698BD_001528-T1	nrps	3	2	False	True	False	27.113916820247336	3.102730921661118e-05
2614.0	Amino acids and Peptides	FCC698BD_001972-T1	nrps	1	2	False	True	False	27.113916820247336	3.102730921661118e-05
2614.0	Amino acids and Peptides	FCC698BD_002392-T1	nrps	1	2	False	True	False	27.113916820247336	3.102730921661118e-05
2614.0	Amino acids and Peptides	FCC698BD_003040-T1	nrps	1	2	False	True	False	27.113916820247336	3.102730921661118e-05
2614.0	Amino acids and Peptides	FCC698BD_005496-T1	nrps	1	2	False	True	False	27.113916820247336	3.102730921661118e-05
2614.0	Amino acids and Peptides	FCC698BD_006454-T1	nrps	1	2	False	True	False	27.113916820247336	3.102730921661118e-05
2614.0	Amino acids and Peptides	FCC698BD_006514-T1	nrps	1	2	False	True	False	27.113916820247336	3.102730921661118e-05
2614.0	Amino acids and Peptides	FCC698BD_006575-T1	nrps	1	2	False	True	False	27.113916820247336	3.102730921661118e-05
2614.0	Amino acids and Peptides	FCC698BD_007329-T1	nrps	1	2	False	True	False	27.113916820247336	3.102730921661118e-05
2614.0	Amino acids and Peptides	FCC698BD_007727-T1	nrps	1	2	False	True	False	27.113916820247336	3.102730921661118e-05
2614.0	Amino acids and Peptides	FCC698BD_007797-T1	nrps	1	2	False	True	False	27.113916820247336	3.102730921661118e-05
1761.0	Amino acids and Peptides	FCC698BD_000146-T1	nrps	2	2	False	True	False	26.848097393011088	3.102730921661118e-05
1761.0	Amino acids and Peptides	FCC698BD_000240-T1	nrps	1	2	False	True	False	26.848097393011088	3.102730921661118e-05
1761.0	Amino acids and Peptides	FCC698BD_000473-T1	nrps	1	2	False	True	False	26.848097393011088	3.102730921661118e-05
1761.0	Amino acids and Peptides	FCC698BD_000498-T1	nrps	1	2	False	True	False	26.848097393011088	3.102730921661118e-05
1761.0	Amino acids and Peptides	FCC698BD_000635-T1	nrps	1	2	False	True	False	26.848097393011088	3.102730921661118e-05
1761.0	Amino acids and Peptides	FCC698BD_000950-T1	nrps	1	2	False	True	False	26.848097393011088	3.102730921661118e-05
1761.0	Amino acids and Peptides	FCC698BD_001528-T1	nrps	3	2	False	True	False	26.848097393011088	3.102730921661118e-05
1761.0	Amino acids and Peptides	FCC698BD_001972-T1	nrps	1	2	False	True	False	26.848097393011088	3.102730921661118e-05
1761.0	Amino acids and Peptides	FCC698BD_002392-T1	nrps	1	2	False	True	False	26.848097393011088	3.102730921661118e-05
1761.0	Amino acids and Peptides	FCC698BD_003040-T1	nrps	1	2	False	True	False	26.848097393011088	3.102730921661118e-05
1761.0	Amino acids and Peptides	FCC698BD_005496-T1	nrps	1	2	False	True	False	26.848097393011088	3.102730921661118e-05
1761.0	Amino acids and Peptides	FCC698BD_006454-T1	nrps	1	2	False	True	False	26.848097393011088	3.102730921661118e-05
1761.0	Amino acids and Peptides	FCC698BD_006514-T1	nrps	1	2	False	True	False	26.848097393011088	3.102730921661118e-05
1761.0	Amino acids and Peptides	FCC698BD_006575-T1	nrps	1	2	False	True	False	26.848097393011088	3.102730921661118e-05
1761.0	Amino acids and Peptides	FCC698BD_007329-T1	nrps	1	2	False	True	False	26.848097393011088	3.102730921661118e-05
1761.0	Amino acids and Peptides	FCC698BD_007727-T1	nrps	1	2	False	True	False	26.848097393011088	3.102730921661118e-05
1761.0	Amino acids and Peptides	FCC698BD_007797-T1	nrps	1	2	False	True	False	26.848097393011088	3.102730921661118e-05
7396.0	Amino acids and Peptides	FCC698BD_000146-T1	nrps	2	2	False	True	False	26.47883464260257	0.0049811963008813
7396.0	Amino acids and Peptides	FCC698BD_000240-T1	nrps	1	2	False	True	False	26.47883464260257	0.0049811963008813
7396.0	Amino acids and Peptides	FCC698BD_000473-T1	nrps	1	2	False	True	False	26.47883464260257	0.0049811963008813
7396.0	Amino acids and Peptides	FCC698BD_000498-T1	nrps	1	2	False	True	False	26.47883464260257	0.0049811963008813
7396.0	Amino acids and Peptides	FCC698BD_000635-T1	nrps	1	2	False	True	False	26.47883464260257	0.0049811963008813
7396.0	Amino acids and Peptides	FCC698BD_000950-T1	nrps	1	2	False	True	False	26.47883464260257	0.0049811963008813
7396.0	Amino acids and Peptides	FCC698BD_001528-T1	nrps	3	2	False	True	False	26.47883464260257	0.0049811963008813
7396.0	Amino acids and Peptides	FCC698BD_001972-T1	nrps	1	2	False	True	False	26.47883464260257	0.0049811963008813
7396.0	Amino acids and Peptides	FCC698BD_002392-T1	nrps	1	2	False	True	False	26.47883464260257	0.0049811963008813
7396.0	Amino acids and Peptides	FCC698BD_003040-T1	nrps	1	2	False	True	False	26.47883464260257	0.0049811963008813
7396.0	Amino acids and Peptides	FCC698BD_005496-T1	nrps	1	2	False	True	False	26.47883464260257	0.0049811963008813
7396.0	Amino acids and Peptides	FCC698BD_006454-T1	nrps	1	2	False	True	False	26.47883464260257	0.0049811963008813
7396.0	Amino acids and Peptides	FCC698BD_006514-T1	nrps	1	2	False	True	False	26.47883464260257	0.0049811963008813
7396.0	Amino acids and Peptides	FCC698BD_006575-T1	nrps	1	2	False	True	False	26.47883464260257	0.0049811963008813
7396.0	Amino acids and Peptides	FCC698BD_007329-T1	nrps	1	2	False	True	False	26.47883464260257	0.0049811963008813
7396.0	Amino acids and Peptides	FCC698BD_007727-T1	nrps	1	2	False	True	False	26.47883464260257	0.0049811963008813
7396.0	Amino acids and Peptides	FCC698BD_007797-T1	nrps	1	2	False	True	False	26.47883464260257	0.0049811963008813
3208.0	Amino acids and Peptides	FCC698BD_000146-T1	nrps	2	2	False	True	False	26.244500262062694	4.617673114773783e-05
3208.0	Amino acids and Peptides	FCC698BD_000240-T1	nrps	1	2	False	True	False	26.244500262062694	4.617673114773783e-05
3208.0	Amino acids and Peptides	FCC698BD_000473-T1	nrps	1	2	False	True	False	26.244500262062694	4.617673114773783e-05
3208.0	Amino acids and Peptides	FCC698BD_000498-T1	nrps	1	2	False	True	False	26.244500262062694	4.617673114773783e-05
3208.0	Amino acids and Peptides	FCC698BD_000635-T1	nrps	1	2	False	True	False	26.244500262062694	4.617673114773783e-05
3208.0	Amino acids and Peptides	FCC698BD_000950-T1	nrps	1	2	False	True	False	26.244500262062694	4.617673114773783e-05
3208.0	Amino acids and Peptides	FCC698BD_001528-T1	nrps	3	2	False	True	False	26.244500262062694	4.617673114773783e-05
3208.0	Amino acids and Peptides	FCC698BD_001972-T1	nrps	1	2	False	True	False	26.244500262062694	4.617673114773783e-05
3208.0	Amino acids and Peptides	FCC698BD_002392-T1	nrps	1	2	False	True	False	26.244500262062694	4.617673114773783e-05
3208.0	Amino acids and Peptides	FCC698BD_003040-T1	nrps	1	2	False	True	False	26.244500262062694	4.617673114773783e-05
3208.0	Amino acids and Peptides	FCC698BD_005496-T1	nrps	1	2	False	True	False	26.244500262062694	4.617673114773783e-05
3208.0	Amino acids and Peptides	FCC698BD_006454-T1	nrps	1	2	False	True	False	26.244500262062694	4.617673114773783e-05
3208.0	Amino acids and Peptides	FCC698BD_006514-T1	nrps	1	2	False	True	False	26.244500262062694	4.617673114773783e-05
3208.0	Amino acids and Peptides	FCC698BD_006575-T1	nrps	1	2	False	True	False	26.244500262062694	4.617673114773783e-05
3208.0	Amino acids and Peptides	FCC698BD_007329-T1	nrps	1	2	False	True	False	26.244500262062694	4.617673114773783e-05
3208.0	Amino acids and Peptides	FCC698BD_007727-T1	nrps	1	2	False	True	False	26.244500262062694	4.617673114773783e-05
3208.0	Amino acids and Peptides	FCC698BD_007797-T1	nrps	1	2	False	True	False	26.244500262062694	4.617673114773783e-05
7105.0	Amino acids and Peptides	FCC698BD_000146-T1	nrps	2	2	False	True	False	26.15390900217206	3.102730921661118e-05
7105.0	Amino acids and Peptides	FCC698BD_000240-T1	nrps	1	2	False	True	False	26.15390900217206	3.102730921661118e-05
7105.0	Amino acids and Peptides	FCC698BD_000473-T1	nrps	1	2	False	True	False	26.15390900217206	3.102730921661118e-05
7105.0	Amino acids and Peptides	FCC698BD_000498-T1	nrps	1	2	False	True	False	26.15390900217206	3.102730921661118e-05
7105.0	Amino acids and Peptides	FCC698BD_000635-T1	nrps	1	2	False	True	False	26.15390900217206	3.102730921661118e-05
7105.0	Amino acids and Peptides	FCC698BD_000950-T1	nrps	1	2	False	True	False	26.15390900217206	3.102730921661118e-05
7105.0	Amino acids and Peptides	FCC698BD_001528-T1	nrps	3	2	False	True	False	26.15390900217206	3.102730921661118e-05
7105.0	Amino acids and Peptides	FCC698BD_001972-T1	nrps	1	2	False	True	False	26.15390900217206	3.102730921661118e-05
7105.0	Amino acids and Peptides	FCC698BD_002392-T1	nrps	1	2	False	True	False	26.15390900217206	3.102730921661118e-05
7105.0	Amino acids and Peptides	FCC698BD_003040-T1	nrps	1	2	False	True	False	26.15390900217206	3.102730921661118e-05
7105.0	Amino acids and Peptides	FCC698BD_005496-T1	nrps	1	2	False	True	False	26.15390900217206	3.102730921661118e-05
7105.0	Amino acids and Peptides	FCC698BD_006454-T1	nrps	1	2	False	True	False	26.15390900217206	3.102730921661118e-05
7105.0	Amino acids and Peptides	FCC698BD_006514-T1	nrps	1	2	False	True	False	26.15390900217206	3.102730921661118e-05
7105.0	Amino acids and Peptides	FCC698BD_006575-T1	nrps	1	2	False	True	False	26.15390900217206	3.102730921661118e-05
7105.0	Amino acids and Peptides	FCC698BD_007329-T1	nrps	1	2	False	True	False	26.15390900217206	3.102730921661118e-05
7105.0	Amino acids and Peptides	FCC698BD_007727-T1	nrps	1	2	False	True	False	26.15390900217206	3.102730921661118e-05
7105.0	Amino acids and Peptides	FCC698BD_007797-T1	nrps	1	2	False	True	False	26.15390900217206	3.102730921661118e-05
3120.0	Amino acids and Peptides	FCC698BD_000146-T1	nrps	2	2	False	True	False	24.817434124067773	4.617673114773783e-05
3120.0	Amino acids and Peptides	FCC698BD_000240-T1	nrps	1	2	False	True	False	24.817434124067773	4.617673114773783e-05
3120.0	Amino acids and Peptides	FCC698BD_000473-T1	nrps	1	2	False	True	False	24.817434124067773	4.617673114773783e-05
3120.0	Amino acids and Peptides	FCC698BD_000498-T1	nrps	1	2	False	True	False	24.817434124067773	4.617673114773783e-05
3120.0	Amino acids and Peptides	FCC698BD_000635-T1	nrps	1	2	False	True	False	24.817434124067773	4.617673114773783e-05
3120.0	Amino acids and Peptides	FCC698BD_000950-T1	nrps	1	2	False	True	False	24.817434124067773	4.617673114773783e-05
3120.0	Amino acids and Peptides	FCC698BD_001528-T1	nrps	3	2	False	True	False	24.817434124067773	4.617673114773783e-05
3120.0	Amino acids and Peptides	FCC698BD_001972-T1	nrps	1	2	False	True	False	24.817434124067773	4.617673114773783e-05
3120.0	Amino acids and Peptides	FCC698BD_002392-T1	nrps	1	2	False	True	False	24.817434124067773	4.617673114773783e-05
3120.0	Amino acids and Peptides	FCC698BD_003040-T1	nrps	1	2	False	True	False	24.817434124067773	4.617673114773783e-05
3120.0	Amino acids and Peptides	FCC698BD_005496-T1	nrps	1	2	False	True	False	24.817434124067773	4.617673114773783e-05
3120.0	Amino acids and Peptides	FCC698BD_006454-T1	nrps	1	2	False	True	False	24.817434124067773	4.617673114773783e-05
3120.0	Amino acids and Peptides	FCC698BD_006514-T1	nrps	1	2	False	True	False	24.817434124067773	4.617673114773783e-05
3120.0	Amino acids and Peptides	FCC698BD_006575-T1	nrps	1	2	False	True	False	24.817434124067773	4.617673114773783e-05
3120.0	Amino acids and Peptides	FCC698BD_007329-T1	nrps	1	2	False	True	False	24.817434124067773	4.617673114773783e-05
3120.0	Amino acids and Peptides	FCC698BD_007727-T1	nrps	1	2	False	True	False	24.817434124067773	4.617673114773783e-05
3120.0	Amino acids and Peptides	FCC698BD_007797-T1	nrps	1	2	False	True	False	24.817434124067773	4.617673114773783e-05
5257.0	Amino acids and Peptides	FCC698BD_000146-T1	nrps	2	2	False	True	False	24.75354805446316	4.617673114773783e-05
5257.0	Amino acids and Peptides	FCC698BD_000240-T1	nrps	1	2	False	True	False	24.75354805446316	4.617673114773783e-05
5257.0	Amino acids and Peptides	FCC698BD_000473-T1	nrps	1	2	False	True	False	24.75354805446316	4.617673114773783e-05
5257.0	Amino acids and Peptides	FCC698BD_000498-T1	nrps	1	2	False	True	False	24.75354805446316	4.617673114773783e-05
5257.0	Amino acids and Peptides	FCC698BD_000635-T1	nrps	1	2	False	True	False	24.75354805446316	4.617673114773783e-05
5257.0	Amino acids and Peptides	FCC698BD_000950-T1	nrps	1	2	False	True	False	24.75354805446316	4.617673114773783e-05
5257.0	Amino acids and Peptides	FCC698BD_001528-T1	nrps	3	2	False	True	False	24.75354805446316	4.617673114773783e-05
5257.0	Amino acids and Peptides	FCC698BD_001972-T1	nrps	1	2	False	True	False	24.75354805446316	4.617673114773783e-05
5257.0	Amino acids and Peptides	FCC698BD_002392-T1	nrps	1	2	False	True	False	24.75354805446316	4.617673114773783e-05
5257.0	Amino acids and Peptides	FCC698BD_003040-T1	nrps	1	2	False	True	False	24.75354805446316	4.617673114773783e-05
5257.0	Amino acids and Peptides	FCC698BD_005496-T1	nrps	1	2	False	True	False	24.75354805446316	4.617673114773783e-05
5257.0	Amino acids and Peptides	FCC698BD_006454-T1	nrps	1	2	False	True	False	24.75354805446316	4.617673114773783e-05
5257.0	Amino acids and Peptides	FCC698BD_006514-T1	nrps	1	2	False	True	False	24.75354805446316	4.617673114773783e-05
5257.0	Amino acids and Peptides	FCC698BD_006575-T1	nrps	1	2	False	True	False	24.75354805446316	4.617673114773783e-05
5257.0	Amino acids and Peptides	FCC698BD_007329-T1	nrps	1	2	False	True	False	24.75354805446316	4.617673114773783e-05
5257.0	Amino acids and Peptides	FCC698BD_007727-T1	nrps	1	2	False	True	False	24.75354805446316	4.617673114773783e-05
5257.0	Amino acids and Peptides	FCC698BD_007797-T1	nrps	1	2	False	True	False	24.75354805446316	4.617673114773783e-05
1689.0	Amino acids and Peptides	FCC698BD_000146-T1	nrps	2	2	False	True	False	24.71522563274879	3.102730921661118e-05
1689.0	Amino acids and Peptides	FCC698BD_000240-T1	nrps	1	2	False	True	False	24.71522563274879	3.102730921661118e-05
1689.0	Amino acids and Peptides	FCC698BD_000473-T1	nrps	1	2	False	True	False	24.71522563274879	3.102730921661118e-05
1689.0	Amino acids and Peptides	FCC698BD_000498-T1	nrps	1	2	False	True	False	24.71522563274879	3.102730921661118e-05
1689.0	Amino acids and Peptides	FCC698BD_000635-T1	nrps	1	2	False	True	False	24.71522563274879	3.102730921661118e-05
1689.0	Amino acids and Peptides	FCC698BD_000950-T1	nrps	1	2	False	True	False	24.71522563274879	3.102730921661118e-05
1689.0	Amino acids and Peptides	FCC698BD_001528-T1	nrps	3	2	False	True	False	24.71522563274879	3.102730921661118e-05
1689.0	Amino acids and Peptides	FCC698BD_001972-T1	nrps	1	2	False	True	False	24.71522563274879	3.102730921661118e-05
1689.0	Amino acids and Peptides	FCC698BD_002392-T1	nrps	1	2	False	True	False	24.71522563274879	3.102730921661118e-05
1689.0	Amino acids and Peptides	FCC698BD_003040-T1	nrps	1	2	False	True	False	24.71522563274879	3.102730921661118e-05
1689.0	Amino acids and Peptides	FCC698BD_005496-T1	nrps	1	2	False	True	False	24.71522563274879	3.102730921661118e-05
1689.0	Amino acids and Peptides	FCC698BD_006454-T1	nrps	1	2	False	True	False	24.71522563274879	3.102730921661118e-05
1689.0	Amino acids and Peptides	FCC698BD_006514-T1	nrps	1	2	False	True	False	24.71522563274879	3.102730921661118e-05
1689.0	Amino acids and Peptides	FCC698BD_006575-T1	nrps	1	2	False	True	False	24.71522563274879	3.102730921661118e-05
1689.0	Amino acids and Peptides	FCC698BD_007329-T1	nrps	1	2	False	True	False	24.71522563274879	3.102730921661118e-05
1689.0	Amino acids and Peptides	FCC698BD_007727-T1	nrps	1	2	False	True	False	24.71522563274879	3.102730921661118e-05
1689.0	Amino acids and Peptides	FCC698BD_007797-T1	nrps	1	2	False	True	False	24.71522563274879	3.102730921661118e-05
1943.0	Amino acids and Peptides	FCC698BD_000146-T1	nrps	2	2	False	True	False	24.64599353036657	0.0049811963008813
1943.0	Amino acids and Peptides	FCC698BD_000240-T1	nrps	1	2	False	True	False	24.64599353036657	0.0049811963008813
1943.0	Amino acids and Peptides	FCC698BD_000473-T1	nrps	1	2	False	True	False	24.64599353036657	0.0049811963008813
1943.0	Amino acids and Peptides	FCC698BD_000498-T1	nrps	1	2	False	True	False	24.64599353036657	0.0049811963008813
1943.0	Amino acids and Peptides	FCC698BD_000635-T1	nrps	1	2	False	True	False	24.64599353036657	0.0049811963008813
1943.0	Amino acids and Peptides	FCC698BD_000950-T1	nrps	1	2	False	True	False	24.64599353036657	0.0049811963008813
1943.0	Amino acids and Peptides	FCC698BD_001528-T1	nrps	3	2	False	True	False	24.64599353036657	0.0049811963008813
1943.0	Amino acids and Peptides	FCC698BD_001972-T1	nrps	1	2	False	True	False	24.64599353036657	0.0049811963008813
1943.0	Amino acids and Peptides	FCC698BD_002392-T1	nrps	1	2	False	True	False	24.64599353036657	0.0049811963008813
1943.0	Amino acids and Peptides	FCC698BD_003040-T1	nrps	1	2	False	True	False	24.64599353036657	0.0049811963008813
1943.0	Amino acids and Peptides	FCC698BD_005496-T1	nrps	1	2	False	True	False	24.64599353036657	0.0049811963008813
1943.0	Amino acids and Peptides	FCC698BD_006454-T1	nrps	1	2	False	True	False	24.64599353036657	0.0049811963008813
1943.0	Amino acids and Peptides	FCC698BD_006514-T1	nrps	1	2	False	True	False	24.64599353036657	0.0049811963008813
1943.0	Amino acids and Peptides	FCC698BD_006575-T1	nrps	1	2	False	True	False	24.64599353036657	0.0049811963008813
1943.0	Amino acids and Peptides	FCC698BD_007329-T1	nrps	1	2	False	True	False	24.64599353036657	0.0049811963008813
1943.0	Amino acids and Peptides	FCC698BD_007727-T1	nrps	1	2	False	True	False	24.64599353036657	0.0049811963008813
1943.0	Amino acids and Peptides	FCC698BD_007797-T1	nrps	1	2	False	True	False	24.64599353036657	0.0049811963008813
10850.0	Amino acids and Peptides	FCC698BD_000146-T1	nrps	2	2	False	True	False	24.62772511260976	0.0024918827435328
10850.0	Amino acids and Peptides	FCC698BD_000240-T1	nrps	1	2	False	True	False	24.62772511260976	0.0024918827435328
10850.0	Amino acids and Peptides	FCC698BD_000473-T1	nrps	1	2	False	True	False	24.62772511260976	0.0024918827435328
10850.0	Amino acids and Peptides	FCC698BD_000498-T1	nrps	1	2	False	True	False	24.62772511260976	0.0024918827435328
10850.0	Amino acids and Peptides	FCC698BD_000635-T1	nrps	1	2	False	True	False	24.62772511260976	0.0024918827435328
10850.0	Amino acids and Peptides	FCC698BD_000950-T1	nrps	1	2	False	True	False	24.62772511260976	0.0024918827435328
10850.0	Amino acids and Peptides	FCC698BD_001528-T1	nrps	3	2	False	True	False	24.62772511260976	0.0024918827435328
10850.0	Amino acids and Peptides	FCC698BD_001972-T1	nrps	1	2	False	True	False	24.62772511260976	0.0024918827435328
10850.0	Amino acids and Peptides	FCC698BD_002392-T1	nrps	1	2	False	True	False	24.62772511260976	0.0024918827435328
10850.0	Amino acids and Peptides	FCC698BD_003040-T1	nrps	1	2	False	True	False	24.62772511260976	0.0024918827435328
10850.0	Amino acids and Peptides	FCC698BD_005496-T1	nrps	1	2	False	True	False	24.62772511260976	0.0024918827435328
10850.0	Amino acids and Peptides	FCC698BD_006454-T1	nrps	1	2	False	True	False	24.62772511260976	0.0024918827435328
10850.0	Amino acids and Peptides	FCC698BD_006514-T1	nrps	1	2	False	True	False	24.62772511260976	0.0024918827435328
10850.0	Amino acids and Peptides	FCC698BD_006575-T1	nrps	1	2	False	True	False	24.62772511260976	0.0024918827435328
10850.0	Amino acids and Peptides	FCC698BD_007329-T1	nrps	1	2	False	True	False	24.62772511260976	0.0024918827435328
10850.0	Amino acids and Peptides	FCC698BD_007727-T1	nrps	1	2	False	True	False	24.62772511260976	0.0024918827435328
10850.0	Amino acids and Peptides	FCC698BD_007797-T1	nrps	1	2	False	True	False	24.62772511260976	0.0024918827435328
1858.0	Amino acids and Peptides	FCC698BD_000146-T1	nrps	2	2	False	True	False	24.56913753514281	0.0123568427487148
1858.0	Amino acids and Peptides	FCC698BD_000240-T1	nrps	1	2	False	True	False	24.56913753514281	0.0123568427487148
1858.0	Amino acids and Peptides	FCC698BD_000473-T1	nrps	1	2	False	True	False	24.56913753514281	0.0123568427487148
1858.0	Amino acids and Peptides	FCC698BD_000498-T1	nrps	1	2	False	True	False	24.56913753514281	0.0123568427487148
1858.0	Amino acids and Peptides	FCC698BD_000635-T1	nrps	1	2	False	True	False	24.56913753514281	0.0123568427487148
1858.0	Amino acids and Peptides	FCC698BD_000950-T1	nrps	1	2	False	True	False	24.56913753514281	0.0123568427487148
1858.0	Amino acids and Peptides	FCC698BD_001528-T1	nrps	3	2	False	True	False	24.56913753514281	0.0123568427487148
1858.0	Amino acids and Peptides	FCC698BD_001972-T1	nrps	1	2	False	True	False	24.56913753514281	0.0123568427487148
1858.0	Amino acids and Peptides	FCC698BD_002392-T1	nrps	1	2	False	True	False	24.56913753514281	0.0123568427487148
1858.0	Amino acids and Peptides	FCC698BD_003040-T1	nrps	1	2	False	True	False	24.56913753514281	0.0123568427487148
1858.0	Amino acids and Peptides	FCC698BD_005496-T1	nrps	1	2	False	True	False	24.56913753514281	0.0123568427487148
1858.0	Amino acids and Peptides	FCC698BD_006454-T1	nrps	1	2	False	True	False	24.56913753514281	0.0123568427487148
1858.0	Amino acids and Peptides	FCC698BD_006514-T1	nrps	1	2	False	True	False	24.56913753514281	0.0123568427487148
1858.0	Amino acids and Peptides	FCC698BD_006575-T1	nrps	1	2	False	True	False	24.56913753514281	0.0123568427487148
1858.0	Amino acids and Peptides	FCC698BD_007329-T1	nrps	1	2	False	True	False	24.56913753514281	0.0123568427487148
1858.0	Amino acids and Peptides	FCC698BD_007727-T1	nrps	1	2	False	True	False	24.56913753514281	0.0123568427487148
1858.0	Amino acids and Peptides	FCC698BD_007797-T1	nrps	1	2	False	True	False	24.56913753514281	0.0123568427487148
1953.0	Amino acids and Peptides	FCC698BD_000146-T1	nrps	2	2	False	True	False	24.449182718078763	3.102730921661118e-05
1953.0	Amino acids and Peptides	FCC698BD_000240-T1	nrps	1	2	False	True	False	24.449182718078763	3.102730921661118e-05
1953.0	Amino acids and Peptides	FCC698BD_000473-T1	nrps	1	2	False	True	False	24.449182718078763	3.102730921661118e-05
1953.0	Amino acids and Peptides	FCC698BD_000498-T1	nrps	1	2	False	True	False	24.449182718078763	3.102730921661118e-05
1953.0	Amino acids and Peptides	FCC698BD_000635-T1	nrps	1	2	False	True	False	24.449182718078763	3.102730921661118e-05
1953.0	Amino acids and Peptides	FCC698BD_000950-T1	nrps	1	2	False	True	False	24.449182718078763	3.102730921661118e-05
1953.0	Amino acids and Peptides	FCC698BD_001528-T1	nrps	3	2	False	True	False	24.449182718078763	3.102730921661118e-05
1953.0	Amino acids and Peptides	FCC698BD_001972-T1	nrps	1	2	False	True	False	24.449182718078763	3.102730921661118e-05
1953.0	Amino acids and Peptides	FCC698BD_002392-T1	nrps	1	2	False	True	False	24.449182718078763	3.102730921661118e-05
1953.0	Amino acids and Peptides	FCC698BD_003040-T1	nrps	1	2	False	True	False	24.449182718078763	3.102730921661118e-05
1953.0	Amino acids and Peptides	FCC698BD_005496-T1	nrps	1	2	False	True	False	24.449182718078763	3.102730921661118e-05
1953.0	Amino acids and Peptides	FCC698BD_006454-T1	nrps	1	2	False	True	False	24.449182718078763	3.102730921661118e-05
1953.0	Amino acids and Peptides	FCC698BD_006514-T1	nrps	1	2	False	True	False	24.449182718078763	3.102730921661118e-05
1953.0	Amino acids and Peptides	FCC698BD_006575-T1	nrps	1	2	False	True	False	24.449182718078763	3.102730921661118e-05
1953.0	Amino acids and Peptides	FCC698BD_007329-T1	nrps	1	2	False	True	False	24.449182718078763	3.102730921661118e-05
1953.0	Amino acids and Peptides	FCC698BD_007727-T1	nrps	1	2	False	True	False	24.449182718078763	3.102730921661118e-05
1953.0	Amino acids and Peptides	FCC698BD_007797-T1	nrps	1	2	False	True	False	24.449182718078763	3.102730921661118e-05
6121.0	Amino acids and Peptides	FCC698BD_000146-T1	nrps	2	2	False	True	False	24.05884985993063	0.0007507700566491
6121.0	Amino acids and Peptides	FCC698BD_000240-T1	nrps	1	2	False	True	False	24.05884985993063	0.0007507700566491
6121.0	Amino acids and Peptides	FCC698BD_000473-T1	nrps	1	2	False	True	False	24.05884985993063	0.0007507700566491
6121.0	Amino acids and Peptides	FCC698BD_000498-T1	nrps	1	2	False	True	False	24.05884985993063	0.0007507700566491
6121.0	Amino acids and Peptides	FCC698BD_000635-T1	nrps	1	2	False	True	False	24.05884985993063	0.0007507700566491
6121.0	Amino acids and Peptides	FCC698BD_000950-T1	nrps	1	2	False	True	False	24.05884985993063	0.0007507700566491
6121.0	Amino acids and Peptides	FCC698BD_001528-T1	nrps	3	2	False	True	False	24.05884985993063	0.0007507700566491
6121.0	Amino acids and Peptides	FCC698BD_001972-T1	nrps	1	2	False	True	False	24.05884985993063	0.0007507700566491
6121.0	Amino acids and Peptides	FCC698BD_002392-T1	nrps	1	2	False	True	False	24.05884985993063	0.0007507700566491
6121.0	Amino acids and Peptides	FCC698BD_003040-T1	nrps	1	2	False	True	False	24.05884985993063	0.0007507700566491
6121.0	Amino acids and Peptides	FCC698BD_005496-T1	nrps	1	2	False	True	False	24.05884985993063	0.0007507700566491
6121.0	Amino acids and Peptides	FCC698BD_006454-T1	nrps	1	2	False	True	False	24.05884985993063	0.0007507700566491
6121.0	Amino acids and Peptides	FCC698BD_006514-T1	nrps	1	2	False	True	False	24.05884985993063	0.0007507700566491
6121.0	Amino acids and Peptides	FCC698BD_006575-T1	nrps	1	2	False	True	False	24.05884985993063	0.0007507700566491
6121.0	Amino acids and Peptides	FCC698BD_007329-T1	nrps	1	2	False	True	False	24.05884985993063	0.0007507700566491
6121.0	Amino acids and Peptides	FCC698BD_007727-T1	nrps	1	2	False	True	False	24.05884985993063	0.0007507700566491
6121.0	Amino acids and Peptides	FCC698BD_007797-T1	nrps	1	2	False	True	False	24.05884985993063	0.0007507700566491
16789.0	Amino acids and Peptides	FCC698BD_000146-T1	nrps	2	2	False	True	False	24.02055806763692	0.0094415326396745
16789.0	Amino acids and Peptides	FCC698BD_000240-T1	nrps	1	2	False	True	False	24.02055806763692	0.0094415326396745
16789.0	Amino acids and Peptides	FCC698BD_000473-T1	nrps	1	2	False	True	False	24.02055806763692	0.0094415326396745
16789.0	Amino acids and Peptides	FCC698BD_000498-T1	nrps	1	2	False	True	False	24.02055806763692	0.0094415326396745
16789.0	Amino acids and Peptides	FCC698BD_000635-T1	nrps	1	2	False	True	False	24.02055806763692	0.0094415326396745
16789.0	Amino acids and Peptides	FCC698BD_000950-T1	nrps	1	2	False	True	False	24.02055806763692	0.0094415326396745
16789.0	Amino acids and Peptides	FCC698BD_001528-T1	nrps	3	2	False	True	False	24.02055806763692	0.0094415326396745
16789.0	Amino acids and Peptides	FCC698BD_001972-T1	nrps	1	2	False	True	False	24.02055806763692	0.0094415326396745
16789.0	Amino acids and Peptides	FCC698BD_002392-T1	nrps	1	2	False	True	False	24.02055806763692	0.0094415326396745
16789.0	Amino acids and Peptides	FCC698BD_003040-T1	nrps	1	2	False	True	False	24.02055806763692	0.0094415326396745
16789.0	Amino acids and Peptides	FCC698BD_005496-T1	nrps	1	2	False	True	False	24.02055806763692	0.0094415326396745
16789.0	Amino acids and Peptides	FCC698BD_006454-T1	nrps	1	2	False	True	False	24.02055806763692	0.0094415326396745
16789.0	Amino acids and Peptides	FCC698BD_006514-T1	nrps	1	2	False	True	False	24.02055806763692	0.0094415326396745
16789.0	Amino acids and Peptides	FCC698BD_006575-T1	nrps	1	2	False	True	False	24.02055806763692	0.0094415326396745
16789.0	Amino acids and Peptides	FCC698BD_007329-T1	nrps	1	2	False	True	False	24.02055806763692	0.0094415326396745
16789.0	Amino acids and Peptides	FCC698BD_007727-T1	nrps	1	2	False	True	False	24.02055806763692	0.0094415326396745
16789.0	Amino acids and Peptides	FCC698BD_007797-T1	nrps	1	2	False	True	False	24.02055806763692	0.0094415326396745
2053.0	Amino acids and Peptides	FCC698BD_000146-T1	nrps	2	2	False	True	False	23.89756232819706	9.47654380906618e-05
2053.0	Amino acids and Peptides	FCC698BD_000240-T1	nrps	1	2	False	True	False	23.89756232819706	9.47654380906618e-05
2053.0	Amino acids and Peptides	FCC698BD_000473-T1	nrps	1	2	False	True	False	23.89756232819706	9.47654380906618e-05
2053.0	Amino acids and Peptides	FCC698BD_000498-T1	nrps	1	2	False	True	False	23.89756232819706	9.47654380906618e-05
2053.0	Amino acids and Peptides	FCC698BD_000635-T1	nrps	1	2	False	True	False	23.89756232819706	9.47654380906618e-05
2053.0	Amino acids and Peptides	FCC698BD_000950-T1	nrps	1	2	False	True	False	23.89756232819706	9.47654380906618e-05
2053.0	Amino acids and Peptides	FCC698BD_001528-T1	nrps	3	2	False	True	False	23.89756232819706	9.47654380906618e-05
2053.0	Amino acids and Peptides	FCC698BD_001972-T1	nrps	1	2	False	True	False	23.89756232819706	9.47654380906618e-05
2053.0	Amino acids and Peptides	FCC698BD_002392-T1	nrps	1	2	False	True	False	23.89756232819706	9.47654380906618e-05
2053.0	Amino acids and Peptides	FCC698BD_003040-T1	nrps	1	2	False	True	False	23.89756232819706	9.47654380906618e-05
2053.0	Amino acids and Peptides	FCC698BD_005496-T1	nrps	1	2	False	True	False	23.89756232819706	9.47654380906618e-05
2053.0	Amino acids and Peptides	FCC698BD_006454-T1	nrps	1	2	False	True	False	23.89756232819706	9.47654380906618e-05
2053.0	Amino acids and Peptides	FCC698BD_006514-T1	nrps	1	2	False	True	False	23.89756232819706	9.47654380906618e-05
2053.0	Amino acids and Peptides	FCC698BD_006575-T1	nrps	1	2	False	True	False	23.89756232819706	9.47654380906618e-05
2053.0	Amino acids and Peptides	FCC698BD_007329-T1	nrps	1	2	False	True	False	23.89756232819706	9.47654380906618e-05
2053.0	Amino acids and Peptides	FCC698BD_007727-T1	nrps	1	2	False	True	False	23.89756232819706	9.47654380906618e-05
2053.0	Amino acids and Peptides	FCC698BD_007797-T1	nrps	1	2	False	True	False	23.89756232819706	9.47654380906618e-05
9398.0	Amino acids and Peptides	FCC698BD_000146-T1	nrps	2	2	False	True	False	23.797487776713176	0.0007507700566491
9398.0	Amino acids and Peptides	FCC698BD_000240-T1	nrps	1	2	False	True	False	23.797487776713176	0.0007507700566491
9398.0	Amino acids and Peptides	FCC698BD_000473-T1	nrps	1	2	False	True	False	23.797487776713176	0.0007507700566491
9398.0	Amino acids and Peptides	FCC698BD_000498-T1	nrps	1	2	False	True	False	23.797487776713176	0.0007507700566491
9398.0	Amino acids and Peptides	FCC698BD_000635-T1	nrps	1	2	False	True	False	23.797487776713176	0.0007507700566491
9398.0	Amino acids and Peptides	FCC698BD_000950-T1	nrps	1	2	False	True	False	23.797487776713176	0.0007507700566491
9398.0	Amino acids and Peptides	FCC698BD_001528-T1	nrps	3	2	False	True	False	23.797487776713176	0.0007507700566491
9398.0	Amino acids and Peptides	FCC698BD_001972-T1	nrps	1	2	False	True	False	23.797487776713176	0.0007507700566491
9398.0	Amino acids and Peptides	FCC698BD_002392-T1	nrps	1	2	False	True	False	23.797487776713176	0.0007507700566491
9398.0	Amino acids and Peptides	FCC698BD_003040-T1	nrps	1	2	False	True	False	23.797487776713176	0.0007507700566491
9398.0	Amino acids and Peptides	FCC698BD_005496-T1	nrps	1	2	False	True	False	23.797487776713176	0.0007507700566491
9398.0	Amino acids and Peptides	FCC698BD_006454-T1	nrps	1	2	False	True	False	23.797487776713176	0.0007507700566491
9398.0	Amino acids and Peptides	FCC698BD_006514-T1	nrps	1	2	False	True	False	23.797487776713176	0.0007507700566491
9398.0	Amino acids and Peptides	FCC698BD_006575-T1	nrps	1	2	False	True	False	23.797487776713176	0.0007507700566491
9398.0	Amino acids and Peptides	FCC698BD_007329-T1	nrps	1	2	False	True	False	23.797487776713176	0.0007507700566491
9398.0	Amino acids and Peptides	FCC698BD_007727-T1	nrps	1	2	False	True	False	23.797487776713176	0.0007507700566491
9398.0	Amino acids and Peptides	FCC698BD_007797-T1	nrps	1	2	False	True	False	23.797487776713176	0.0007507700566491
4697.0	Amino acids and Peptides	FCC698BD_000146-T1	nrps	2	2	False	True	False	23.73730974881488	0.0049811963008813
4697.0	Amino acids and Peptides	FCC698BD_000240-T1	nrps	1	2	False	True	False	23.73730974881488	0.0049811963008813
4697.0	Amino acids and Peptides	FCC698BD_000473-T1	nrps	1	2	False	True	False	23.73730974881488	0.0049811963008813
4697.0	Amino acids and Peptides	FCC698BD_000498-T1	nrps	1	2	False	True	False	23.73730974881488	0.0049811963008813
4697.0	Amino acids and Peptides	FCC698BD_000635-T1	nrps	1	2	False	True	False	23.73730974881488	0.0049811963008813
4697.0	Amino acids and Peptides	FCC698BD_000950-T1	nrps	1	2	False	True	False	23.73730974881488	0.0049811963008813
4697.0	Amino acids and Peptides	FCC698BD_001528-T1	nrps	3	2	False	True	False	23.73730974881488	0.0049811963008813
4697.0	Amino acids and Peptides	FCC698BD_001972-T1	nrps	1	2	False	True	False	23.73730974881488	0.0049811963008813
4697.0	Amino acids and Peptides	FCC698BD_002392-T1	nrps	1	2	False	True	False	23.73730974881488	0.0049811963008813
4697.0	Amino acids and Peptides	FCC698BD_003040-T1	nrps	1	2	False	True	False	23.73730974881488	0.0049811963008813
4697.0	Amino acids and Peptides	FCC698BD_005496-T1	nrps	1	2	False	True	False	23.73730974881488	0.0049811963008813
4697.0	Amino acids and Peptides	FCC698BD_006454-T1	nrps	1	2	False	True	False	23.73730974881488	0.0049811963008813
4697.0	Amino acids and Peptides	FCC698BD_006514-T1	nrps	1	2	False	True	False	23.73730974881488	0.0049811963008813
4697.0	Amino acids and Peptides	FCC698BD_006575-T1	nrps	1	2	False	True	False	23.73730974881488	0.0049811963008813
4697.0	Amino acids and Peptides	FCC698BD_007329-T1	nrps	1	2	False	True	False	23.73730974881488	0.0049811963008813
4697.0	Amino acids and Peptides	FCC698BD_007727-T1	nrps	1	2	False	True	False	23.73730974881488	0.0049811963008813
4697.0	Amino acids and Peptides	FCC698BD_007797-T1	nrps	1	2	False	True	False	23.73730974881488	0.0049811963008813
2346.0	Amino acids and Peptides	FCC698BD_000146-T1	nrps	2	2	False	True	False	23.732961821763087	3.102730921661118e-05
2346.0	Amino acids and Peptides	FCC698BD_000240-T1	nrps	1	2	False	True	False	23.732961821763087	3.102730921661118e-05
2346.0	Amino acids and Peptides	FCC698BD_000473-T1	nrps	1	2	False	True	False	23.732961821763087	3.102730921661118e-05
2346.0	Amino acids and Peptides	FCC698BD_000498-T1	nrps	1	2	False	True	False	23.732961821763087	3.102730921661118e-05
2346.0	Amino acids and Peptides	FCC698BD_000635-T1	nrps	1	2	False	True	False	23.732961821763087	3.102730921661118e-05
2346.0	Amino acids and Peptides	FCC698BD_000950-T1	nrps	1	2	False	True	False	23.732961821763087	3.102730921661118e-05
2346.0	Amino acids and Peptides	FCC698BD_001528-T1	nrps	3	2	False	True	False	23.732961821763087	3.102730921661118e-05
2346.0	Amino acids and Peptides	FCC698BD_001972-T1	nrps	1	2	False	True	False	23.732961821763087	3.102730921661118e-05
2346.0	Amino acids and Peptides	FCC698BD_002392-T1	nrps	1	2	False	True	False	23.732961821763087	3.102730921661118e-05
2346.0	Amino acids and Peptides	FCC698BD_003040-T1	nrps	1	2	False	True	False	23.732961821763087	3.102730921661118e-05
2346.0	Amino acids and Peptides	FCC698BD_005496-T1	nrps	1	2	False	True	False	23.732961821763087	3.102730921661118e-05
2346.0	Amino acids and Peptides	FCC698BD_006454-T1	nrps	1	2	False	True	False	23.732961821763087	3.102730921661118e-05
2346.0	Amino acids and Peptides	FCC698BD_006514-T1	nrps	1	2	False	True	False	23.732961821763087	3.102730921661118e-05
2346.0	Amino acids and Peptides	FCC698BD_006575-T1	nrps	1	2	False	True	False	23.732961821763087	3.102730921661118e-05
2346.0	Amino acids and Peptides	FCC698BD_007329-T1	nrps	1	2	False	True	False	23.732961821763087	3.102730921661118e-05
2346.0	Amino acids and Peptides	FCC698BD_007727-T1	nrps	1	2	False	True	False	23.732961821763087	3.102730921661118e-05
2346.0	Amino acids and Peptides	FCC698BD_007797-T1	nrps	1	2	False	True	False	23.732961821763087	3.102730921661118e-05
17507.0	Amino acids and Peptides	FCC698BD_000146-T1	nrps	2	2	False	True	False	23.69323116529185	0.0001972929991573
17507.0	Amino acids and Peptides	FCC698BD_000240-T1	nrps	1	2	False	True	False	23.69323116529185	0.0001972929991573
17507.0	Amino acids and Peptides	FCC698BD_000473-T1	nrps	1	2	False	True	False	23.69323116529185	0.0001972929991573
17507.0	Amino acids and Peptides	FCC698BD_000498-T1	nrps	1	2	False	True	False	23.69323116529185	0.0001972929991573
17507.0	Amino acids and Peptides	FCC698BD_000635-T1	nrps	1	2	False	True	False	23.69323116529185	0.0001972929991573
17507.0	Amino acids and Peptides	FCC698BD_000950-T1	nrps	1	2	False	True	False	23.69323116529185	0.0001972929991573
17507.0	Amino acids and Peptides	FCC698BD_001528-T1	nrps	3	2	False	True	False	23.69323116529185	0.0001972929991573
17507.0	Amino acids and Peptides	FCC698BD_001972-T1	nrps	1	2	False	True	False	23.69323116529185	0.0001972929991573
17507.0	Amino acids and Peptides	FCC698BD_002392-T1	nrps	1	2	False	True	False	23.69323116529185	0.0001972929991573
17507.0	Amino acids and Peptides	FCC698BD_003040-T1	nrps	1	2	False	True	False	23.69323116529185	0.0001972929991573
17507.0	Amino acids and Peptides	FCC698BD_005496-T1	nrps	1	2	False	True	False	23.69323116529185	0.0001972929991573
17507.0	Amino acids and Peptides	FCC698BD_006454-T1	nrps	1	2	False	True	False	23.69323116529185	0.0001972929991573
17507.0	Amino acids and Peptides	FCC698BD_006514-T1	nrps	1	2	False	True	False	23.69323116529185	0.0001972929991573
17507.0	Amino acids and Peptides	FCC698BD_006575-T1	nrps	1	2	False	True	False	23.69323116529185	0.0001972929991573
17507.0	Amino acids and Peptides	FCC698BD_007329-T1	nrps	1	2	False	True	False	23.69323116529185	0.0001972929991573
17507.0	Amino acids and Peptides	FCC698BD_007727-T1	nrps	1	2	False	True	False	23.69323116529185	0.0001972929991573
17507.0	Amino acids and Peptides	FCC698BD_007797-T1	nrps	1	2	False	True	False	23.69323116529185	0.0001972929991573
9519.0	Amino acids and Peptides	FCC698BD_000146-T1	nrps	2	2	False	True	False	23.59270805293708	3.102730921661118e-05
9519.0	Amino acids and Peptides	FCC698BD_000240-T1	nrps	1	2	False	True	False	23.59270805293708	3.102730921661118e-05
9519.0	Amino acids and Peptides	FCC698BD_000473-T1	nrps	1	2	False	True	False	23.59270805293708	3.102730921661118e-05
9519.0	Amino acids and Peptides	FCC698BD_000498-T1	nrps	1	2	False	True	False	23.59270805293708	3.102730921661118e-05
9519.0	Amino acids and Peptides	FCC698BD_000635-T1	nrps	1	2	False	True	False	23.59270805293708	3.102730921661118e-05
9519.0	Amino acids and Peptides	FCC698BD_000950-T1	nrps	1	2	False	True	False	23.59270805293708	3.102730921661118e-05
9519.0	Amino acids and Peptides	FCC698BD_001528-T1	nrps	3	2	False	True	False	23.59270805293708	3.102730921661118e-05
9519.0	Amino acids and Peptides	FCC698BD_001972-T1	nrps	1	2	False	True	False	23.59270805293708	3.102730921661118e-05
9519.0	Amino acids and Peptides	FCC698BD_002392-T1	nrps	1	2	False	True	False	23.59270805293708	3.102730921661118e-05
9519.0	Amino acids and Peptides	FCC698BD_003040-T1	nrps	1	2	False	True	False	23.59270805293708	3.102730921661118e-05
9519.0	Amino acids and Peptides	FCC698BD_005496-T1	nrps	1	2	False	True	False	23.59270805293708	3.102730921661118e-05
9519.0	Amino acids and Peptides	FCC698BD_006454-T1	nrps	1	2	False	True	False	23.59270805293708	3.102730921661118e-05
9519.0	Amino acids and Peptides	FCC698BD_006514-T1	nrps	1	2	False	True	False	23.59270805293708	3.102730921661118e-05
9519.0	Amino acids and Peptides	FCC698BD_006575-T1	nrps	1	2	False	True	False	23.59270805293708	3.102730921661118e-05
9519.0	Amino acids and Peptides	FCC698BD_007329-T1	nrps	1	2	False	True	False	23.59270805293708	3.102730921661118e-05
9519.0	Amino acids and Peptides	FCC698BD_007727-T1	nrps	1	2	False	True	False	23.59270805293708	3.102730921661118e-05
9519.0	Amino acids and Peptides	FCC698BD_007797-T1	nrps	1	2	False	True	False	23.59270805293708	3.102730921661118e-05
2531.0	Amino acids and Peptides	FCC698BD_000146-T1	nrps	2	2	False	True	False	23.54397432732993	3.102730921661118e-05
2531.0	Amino acids and Peptides	FCC698BD_000240-T1	nrps	1	2	False	True	False	23.54397432732993	3.102730921661118e-05
2531.0	Amino acids and Peptides	FCC698BD_000473-T1	nrps	1	2	False	True	False	23.54397432732993	3.102730921661118e-05
2531.0	Amino acids and Peptides	FCC698BD_000498-T1	nrps	1	2	False	True	False	23.54397432732993	3.102730921661118e-05
2531.0	Amino acids and Peptides	FCC698BD_000635-T1	nrps	1	2	False	True	False	23.54397432732993	3.102730921661118e-05
2531.0	Amino acids and Peptides	FCC698BD_000950-T1	nrps	1	2	False	True	False	23.54397432732993	3.102730921661118e-05
2531.0	Amino acids and Peptides	FCC698BD_001528-T1	nrps	3	2	False	True	False	23.54397432732993	3.102730921661118e-05
2531.0	Amino acids and Peptides	FCC698BD_001972-T1	nrps	1	2	False	True	False	23.54397432732993	3.102730921661118e-05
2531.0	Amino acids and Peptides	FCC698BD_002392-T1	nrps	1	2	False	True	False	23.54397432732993	3.102730921661118e-05
2531.0	Amino acids and Peptides	FCC698BD_003040-T1	nrps	1	2	False	True	False	23.54397432732993	3.102730921661118e-05
2531.0	Amino acids and Peptides	FCC698BD_005496-T1	nrps	1	2	False	True	False	23.54397432732993	3.102730921661118e-05
2531.0	Amino acids and Peptides	FCC698BD_006454-T1	nrps	1	2	False	True	False	23.54397432732993	3.102730921661118e-05
2531.0	Amino acids and Peptides	FCC698BD_006514-T1	nrps	1	2	False	True	False	23.54397432732993	3.102730921661118e-05
2531.0	Amino acids and Peptides	FCC698BD_006575-T1	nrps	1	2	False	True	False	23.54397432732993	3.102730921661118e-05
2531.0	Amino acids and Peptides	FCC698BD_007329-T1	nrps	1	2	False	True	False	23.54397432732993	3.102730921661118e-05
2531.0	Amino acids and Peptides	FCC698BD_007727-T1	nrps	1	2	False	True	False	23.54397432732993	3.102730921661118e-05
2531.0	Amino acids and Peptides	FCC698BD_007797-T1	nrps	1	2	False	True	False	23.54397432732993	3.102730921661118e-05
943.0	Amino acids and Peptides	FCC698BD_000146-T1	nrps	2	2	False	True	False	23.478265091001475	0.0184436665805691
943.0	Amino acids and Peptides	FCC698BD_000240-T1	nrps	1	2	False	True	False	23.478265091001475	0.0184436665805691
943.0	Amino acids and Peptides	FCC698BD_000473-T1	nrps	1	2	False	True	False	23.478265091001475	0.0184436665805691
943.0	Amino acids and Peptides	FCC698BD_000498-T1	nrps	1	2	False	True	False	23.478265091001475	0.0184436665805691
943.0	Amino acids and Peptides	FCC698BD_000635-T1	nrps	1	2	False	True	False	23.478265091001475	0.0184436665805691
943.0	Amino acids and Peptides	FCC698BD_000950-T1	nrps	1	2	False	True	False	23.478265091001475	0.0184436665805691
943.0	Amino acids and Peptides	FCC698BD_001528-T1	nrps	3	2	False	True	False	23.478265091001475	0.0184436665805691
943.0	Amino acids and Peptides	FCC698BD_001972-T1	nrps	1	2	False	True	False	23.478265091001475	0.0184436665805691
943.0	Amino acids and Peptides	FCC698BD_002392-T1	nrps	1	2	False	True	False	23.478265091001475	0.0184436665805691
943.0	Amino acids and Peptides	FCC698BD_003040-T1	nrps	1	2	False	True	False	23.478265091001475	0.0184436665805691
943.0	Amino acids and Peptides	FCC698BD_005496-T1	nrps	1	2	False	True	False	23.478265091001475	0.0184436665805691
943.0	Amino acids and Peptides	FCC698BD_006454-T1	nrps	1	2	False	True	False	23.478265091001475	0.0184436665805691
943.0	Amino acids and Peptides	FCC698BD_006514-T1	nrps	1	2	False	True	False	23.478265091001475	0.0184436665805691
943.0	Amino acids and Peptides	FCC698BD_006575-T1	nrps	1	2	False	True	False	23.478265091001475	0.0184436665805691
943.0	Amino acids and Peptides	FCC698BD_007329-T1	nrps	1	2	False	True	False	23.478265091001475	0.0184436665805691
943.0	Amino acids and Peptides	FCC698BD_007727-T1	nrps	1	2	False	True	False	23.478265091001475	0.0184436665805691
943.0	Amino acids and Peptides	FCC698BD_007797-T1	nrps	1	2	False	True	False	23.478265091001475	0.0184436665805691
8462.0	Amino acids and Peptides	FCC698BD_000146-T1	nrps	2	2	False	True	False	23.46777660126195	3.102730921661118e-05
8462.0	Amino acids and Peptides	FCC698BD_000240-T1	nrps	1	2	False	True	False	23.46777660126195	3.102730921661118e-05
8462.0	Amino acids and Peptides	FCC698BD_000473-T1	nrps	1	2	False	True	False	23.46777660126195	3.102730921661118e-05
8462.0	Amino acids and Peptides	FCC698BD_000498-T1	nrps	1	2	False	True	False	23.46777660126195	3.102730921661118e-05
8462.0	Amino acids and Peptides	FCC698BD_000635-T1	nrps	1	2	False	True	False	23.46777660126195	3.102730921661118e-05
8462.0	Amino acids and Peptides	FCC698BD_000950-T1	nrps	1	2	False	True	False	23.46777660126195	3.102730921661118e-05
8462.0	Amino acids and Peptides	FCC698BD_001528-T1	nrps	3	2	False	True	False	23.46777660126195	3.102730921661118e-05
8462.0	Amino acids and Peptides	FCC698BD_001972-T1	nrps	1	2	False	True	False	23.46777660126195	3.102730921661118e-05
8462.0	Amino acids and Peptides	FCC698BD_002392-T1	nrps	1	2	False	True	False	23.46777660126195	3.102730921661118e-05
8462.0	Amino acids and Peptides	FCC698BD_003040-T1	nrps	1	2	False	True	False	23.46777660126195	3.102730921661118e-05
8462.0	Amino acids and Peptides	FCC698BD_005496-T1	nrps	1	2	False	True	False	23.46777660126195	3.102730921661118e-05
8462.0	Amino acids and Peptides	FCC698BD_006454-T1	nrps	1	2	False	True	False	23.46777660126195	3.102730921661118e-05
8462.0	Amino acids and Peptides	FCC698BD_006514-T1	nrps	1	2	False	True	False	23.46777660126195	3.102730921661118e-05
8462.0	Amino acids and Peptides	FCC698BD_006575-T1	nrps	1	2	False	True	False	23.46777660126195	3.102730921661118e-05
8462.0	Amino acids and Peptides	FCC698BD_007329-T1	nrps	1	2	False	True	False	23.46777660126195	3.102730921661118e-05
8462.0	Amino acids and Peptides	FCC698BD_007727-T1	nrps	1	2	False	True	False	23.46777660126195	3.102730921661118e-05
8462.0	Amino acids and Peptides	FCC698BD_007797-T1	nrps	1	2	False	True	False	23.46777660126195	3.102730921661118e-05
11169.0	Amino acids and Peptides	FCC698BD_000146-T1	nrps	2	2	False	True	False	23.46700378860164	3.102730921661118e-05
11169.0	Amino acids and Peptides	FCC698BD_000240-T1	nrps	1	2	False	True	False	23.46700378860164	3.102730921661118e-05
11169.0	Amino acids and Peptides	FCC698BD_000473-T1	nrps	1	2	False	True	False	23.46700378860164	3.102730921661118e-05
11169.0	Amino acids and Peptides	FCC698BD_000498-T1	nrps	1	2	False	True	False	23.46700378860164	3.102730921661118e-05
11169.0	Amino acids and Peptides	FCC698BD_000635-T1	nrps	1	2	False	True	False	23.46700378860164	3.102730921661118e-05
11169.0	Amino acids and Peptides	FCC698BD_000950-T1	nrps	1	2	False	True	False	23.46700378860164	3.102730921661118e-05
11169.0	Amino acids and Peptides	FCC698BD_001528-T1	nrps	3	2	False	True	False	23.46700378860164	3.102730921661118e-05
11169.0	Amino acids and Peptides	FCC698BD_001972-T1	nrps	1	2	False	True	False	23.46700378860164	3.102730921661118e-05
11169.0	Amino acids and Peptides	FCC698BD_002392-T1	nrps	1	2	False	True	False	23.46700378860164	3.102730921661118e-05
11169.0	Amino acids and Peptides	FCC698BD_003040-T1	nrps	1	2	False	True	False	23.46700378860164	3.102730921661118e-05
11169.0	Amino acids and Peptides	FCC698BD_005496-T1	nrps	1	2	False	True	False	23.46700378860164	3.102730921661118e-05
11169.0	Amino acids and Peptides	FCC698BD_006454-T1	nrps	1	2	False	True	False	23.46700378860164	3.102730921661118e-05
11169.0	Amino acids and Peptides	FCC698BD_006514-T1	nrps	1	2	False	True	False	23.46700378860164	3.102730921661118e-05
11169.0	Amino acids and Peptides	FCC698BD_006575-T1	nrps	1	2	False	True	False	23.46700378860164	3.102730921661118e-05
11169.0	Amino acids and Peptides	FCC698BD_007329-T1	nrps	1	2	False	True	False	23.46700378860164	3.102730921661118e-05
11169.0	Amino acids and Peptides	FCC698BD_007727-T1	nrps	1	2	False	True	False	23.46700378860164	3.102730921661118e-05
11169.0	Amino acids and Peptides	FCC698BD_007797-T1	nrps	1	2	False	True	False	23.46700378860164	3.102730921661118e-05
4834.0	Polyketides	FCC698BD_000482-T1	pks	1	2	False	True	False	23.41594609180224	0.0074493650316028
4834.0	Polyketides	FCC698BD_000649-T1	pks	1	2	False	True	False	23.41594609180224	0.0074493650316028
4834.0	Polyketides	FCC698BD_001104-T1	pks	2	2	False	True	False	23.41594609180224	0.0074493650316028
4834.0	Polyketides	FCC698BD_001700-T1	pks	1	2	False	True	False	23.41594609180224	0.0074493650316028
4834.0	Polyketides	FCC698BD_001837-T1	pks	1	2	False	True	False	23.41594609180224	0.0074493650316028
4834.0	Polyketides	FCC698BD_002057-T1	pks	1	2	False	True	False	23.41594609180224	0.0074493650316028
4834.0	Polyketides	FCC698BD_002173-T1	pks	1	2	False	True	False	23.41594609180224	0.0074493650316028
4834.0	Polyketides	FCC698BD_003256-T1	pks	2	2	False	True	False	23.41594609180224	0.0074493650316028
4834.0	Polyketides	FCC698BD_003733-T1	pks	1	2	False	True	False	23.41594609180224	0.0074493650316028
4834.0	Polyketides	FCC698BD_004286-T1	pks	1	2	False	True	False	23.41594609180224	0.0074493650316028
4834.0	Polyketides	FCC698BD_005627-T1	pks	1	2	False	True	False	23.41594609180224	0.0074493650316028
4834.0	Polyketides	FCC698BD_005866-T1	pks	1	2	False	True	False	23.41594609180224	0.0074493650316028
4834.0	Polyketides	FCC698BD_008131-T1	pks	1	2	False	True	False	23.41594609180224	0.0074493650316028
18930.0	Amino acids and Peptides	FCC698BD_000146-T1	nrps	2	2	False	True	False	23.40908895667928	3.102730921661118e-05
18930.0	Amino acids and Peptides	FCC698BD_000240-T1	nrps	1	2	False	True	False	23.40908895667928	3.102730921661118e-05
18930.0	Amino acids and Peptides	FCC698BD_000473-T1	nrps	1	2	False	True	False	23.40908895667928	3.102730921661118e-05
18930.0	Amino acids and Peptides	FCC698BD_000498-T1	nrps	1	2	False	True	False	23.40908895667928	3.102730921661118e-05
18930.0	Amino acids and Peptides	FCC698BD_000635-T1	nrps	1	2	False	True	False	23.40908895667928	3.102730921661118e-05
18930.0	Amino acids and Peptides	FCC698BD_000950-T1	nrps	1	2	False	True	False	23.40908895667928	3.102730921661118e-05
18930.0	Amino acids and Peptides	FCC698BD_001528-T1	nrps	3	2	False	True	False	23.40908895667928	3.102730921661118e-05
18930.0	Amino acids and Peptides	FCC698BD_001972-T1	nrps	1	2	False	True	False	23.40908895667928	3.102730921661118e-05
18930.0	Amino acids and Peptides	FCC698BD_002392-T1	nrps	1	2	False	True	False	23.40908895667928	3.102730921661118e-05
18930.0	Amino acids and Peptides	FCC698BD_003040-T1	nrps	1	2	False	True	False	23.40908895667928	3.102730921661118e-05
18930.0	Amino acids and Peptides	FCC698BD_005496-T1	nrps	1	2	False	True	False	23.40908895667928	3.102730921661118e-05
18930.0	Amino acids and Peptides	FCC698BD_006454-T1	nrps	1	2	False	True	False	23.40908895667928	3.102730921661118e-05
18930.0	Amino acids and Peptides	FCC698BD_006514-T1	nrps	1	2	False	True	False	23.40908895667928	3.102730921661118e-05
18930.0	Amino acids and Peptides	FCC698BD_006575-T1	nrps	1	2	False	True	False	23.40908895667928	3.102730921661118e-05
18930.0	Amino acids and Peptides	FCC698BD_007329-T1	nrps	1	2	False	True	False	23.40908895667928	3.102730921661118e-05
18930.0	Amino acids and Peptides	FCC698BD_007727-T1	nrps	1	2	False	True	False	23.40908895667928	3.102730921661118e-05
18930.0	Amino acids and Peptides	FCC698BD_007797-T1	nrps	1	2	False	True	False	23.40908895667928	3.102730921661118e-05
6030.0	Amino acids and Peptides	FCC698BD_000146-T1	nrps	2	2	False	True	False	23.368601028035023	0.0094415326396745
6030.0	Amino acids and Peptides	FCC698BD_000240-T1	nrps	1	2	False	True	False	23.368601028035023	0.0094415326396745
6030.0	Amino acids and Peptides	FCC698BD_000473-T1	nrps	1	2	False	True	False	23.368601028035023	0.0094415326396745
6030.0	Amino acids and Peptides	FCC698BD_000498-T1	nrps	1	2	False	True	False	23.368601028035023	0.0094415326396745
6030.0	Amino acids and Peptides	FCC698BD_000635-T1	nrps	1	2	False	True	False	23.368601028035023	0.0094415326396745
6030.0	Amino acids and Peptides	FCC698BD_000950-T1	nrps	1	2	False	True	False	23.368601028035023	0.0094415326396745
6030.0	Amino acids and Peptides	FCC698BD_001528-T1	nrps	3	2	False	True	False	23.368601028035023	0.0094415326396745
6030.0	Amino acids and Peptides	FCC698BD_001972-T1	nrps	1	2	False	True	False	23.368601028035023	0.0094415326396745
6030.0	Amino acids and Peptides	FCC698BD_002392-T1	nrps	1	2	False	True	False	23.368601028035023	0.0094415326396745
6030.0	Amino acids and Peptides	FCC698BD_003040-T1	nrps	1	2	False	True	False	23.368601028035023	0.0094415326396745
6030.0	Amino acids and Peptides	FCC698BD_005496-T1	nrps	1	2	False	True	False	23.368601028035023	0.0094415326396745
6030.0	Amino acids and Peptides	FCC698BD_006454-T1	nrps	1	2	False	True	False	23.368601028035023	0.0094415326396745
6030.0	Amino acids and Peptides	FCC698BD_006514-T1	nrps	1	2	False	True	False	23.368601028035023	0.0094415326396745
6030.0	Amino acids and Peptides	FCC698BD_006575-T1	nrps	1	2	False	True	False	23.368601028035023	0.0094415326396745
6030.0	Amino acids and Peptides	FCC698BD_007329-T1	nrps	1	2	False	True	False	23.368601028035023	0.0094415326396745
6030.0	Amino acids and Peptides	FCC698BD_007727-T1	nrps	1	2	False	True	False	23.368601028035023	0.0094415326396745
6030.0	Amino acids and Peptides	FCC698BD_007797-T1	nrps	1	2	False	True	False	23.368601028035023	0.0094415326396745
26989.0	Polyketides	FCC698BD_000482-T1	pks	1	2	False	True	False	23.35057085745096	0.0007507700566491
26989.0	Polyketides	FCC698BD_000649-T1	pks	1	2	False	True	False	23.35057085745096	0.0007507700566491
26989.0	Polyketides	FCC698BD_001104-T1	pks	2	2	False	True	False	23.35057085745096	0.0007507700566491
26989.0	Polyketides	FCC698BD_001700-T1	pks	1	2	False	True	False	23.35057085745096	0.0007507700566491
26989.0	Polyketides	FCC698BD_001837-T1	pks	1	2	False	True	False	23.35057085745096	0.0007507700566491
26989.0	Polyketides	FCC698BD_002057-T1	pks	1	2	False	True	False	23.35057085745096	0.0007507700566491
26989.0	Polyketides	FCC698BD_002173-T1	pks	1	2	False	True	False	23.35057085745096	0.0007507700566491
26989.0	Polyketides	FCC698BD_003256-T1	pks	2	2	False	True	False	23.35057085745096	0.0007507700566491
26989.0	Polyketides	FCC698BD_003733-T1	pks	1	2	False	True	False	23.35057085745096	0.0007507700566491
26989.0	Polyketides	FCC698BD_004286-T1	pks	1	2	False	True	False	23.35057085745096	0.0007507700566491
26989.0	Polyketides	FCC698BD_005627-T1	pks	1	2	False	True	False	23.35057085745096	0.0007507700566491
26989.0	Polyketides	FCC698BD_005866-T1	pks	1	2	False	True	False	23.35057085745096	0.0007507700566491
26989.0	Polyketides	FCC698BD_008131-T1	pks	1	2	False	True	False	23.35057085745096	0.0007507700566491
6167.0	Amino acids and Peptides	FCC698BD_000146-T1	nrps	2	2	False	True	False	23.33346602000236	0.0003902982238314
6167.0	Amino acids and Peptides	FCC698BD_000240-T1	nrps	1	2	False	True	False	23.33346602000236	0.0003902982238314
6167.0	Amino acids and Peptides	FCC698BD_000473-T1	nrps	1	2	False	True	False	23.33346602000236	0.0003902982238314
6167.0	Amino acids and Peptides	FCC698BD_000498-T1	nrps	1	2	False	True	False	23.33346602000236	0.0003902982238314
6167.0	Amino acids and Peptides	FCC698BD_000635-T1	nrps	1	2	False	True	False	23.33346602000236	0.0003902982238314
6167.0	Amino acids and Peptides	FCC698BD_000950-T1	nrps	1	2	False	True	False	23.33346602000236	0.0003902982238314
6167.0	Amino acids and Peptides	FCC698BD_001528-T1	nrps	3	2	False	True	False	23.33346602000236	0.0003902982238314
6167.0	Amino acids and Peptides	FCC698BD_001972-T1	nrps	1	2	False	True	False	23.33346602000236	0.0003902982238314
6167.0	Amino acids and Peptides	FCC698BD_002392-T1	nrps	1	2	False	True	False	23.33346602000236	0.0003902982238314
6167.0	Amino acids and Peptides	FCC698BD_003040-T1	nrps	1	2	False	True	False	23.33346602000236	0.0003902982238314
6167.0	Amino acids and Peptides	FCC698BD_005496-T1	nrps	1	2	False	True	False	23.33346602000236	0.0003902982238314
6167.0	Amino acids and Peptides	FCC698BD_006454-T1	nrps	1	2	False	True	False	23.33346602000236	0.0003902982238314
6167.0	Amino acids and Peptides	FCC698BD_006514-T1	nrps	1	2	False	True	False	23.33346602000236	0.0003902982238314
6167.0	Amino acids and Peptides	FCC698BD_006575-T1	nrps	1	2	False	True	False	23.33346602000236	0.0003902982238314
6167.0	Amino acids and Peptides	FCC698BD_007329-T1	nrps	1	2	False	True	False	23.33346602000236	0.0003902982238314
6167.0	Amino acids and Peptides	FCC698BD_007727-T1	nrps	1	2	False	True	False	23.33346602000236	0.0003902982238314
6167.0	Amino acids and Peptides	FCC698BD_007797-T1	nrps	1	2	False	True	False	23.33346602000236	0.0003902982238314
6651.0	Amino acids and Peptides	FCC698BD_000146-T1	nrps	2	2	False	True	False	23.3034894339022	0.0123568427487148
6651.0	Amino acids and Peptides	FCC698BD_000240-T1	nrps	1	2	False	True	False	23.3034894339022	0.0123568427487148
6651.0	Amino acids and Peptides	FCC698BD_000473-T1	nrps	1	2	False	True	False	23.3034894339022	0.0123568427487148
6651.0	Amino acids and Peptides	FCC698BD_000498-T1	nrps	1	2	False	True	False	23.3034894339022	0.0123568427487148
6651.0	Amino acids and Peptides	FCC698BD_000635-T1	nrps	1	2	False	True	False	23.3034894339022	0.0123568427487148
6651.0	Amino acids and Peptides	FCC698BD_000950-T1	nrps	1	2	False	True	False	23.3034894339022	0.0123568427487148
6651.0	Amino acids and Peptides	FCC698BD_001528-T1	nrps	3	2	False	True	False	23.3034894339022	0.0123568427487148
6651.0	Amino acids and Peptides	FCC698BD_001972-T1	nrps	1	2	False	True	False	23.3034894339022	0.0123568427487148
6651.0	Amino acids and Peptides	FCC698BD_002392-T1	nrps	1	2	False	True	False	23.3034894339022	0.0123568427487148
6651.0	Amino acids and Peptides	FCC698BD_003040-T1	nrps	1	2	False	True	False	23.3034894339022	0.0123568427487148
6651.0	Amino acids and Peptides	FCC698BD_005496-T1	nrps	1	2	False	True	False	23.3034894339022	0.0123568427487148
6651.0	Amino acids and Peptides	FCC698BD_006454-T1	nrps	1	2	False	True	False	23.3034894339022	0.0123568427487148
6651.0	Amino acids and Peptides	FCC698BD_006514-T1	nrps	1	2	False	True	False	23.3034894339022	0.0123568427487148
6651.0	Amino acids and Peptides	FCC698BD_006575-T1	nrps	1	2	False	True	False	23.3034894339022	0.0123568427487148
6651.0	Amino acids and Peptides	FCC698BD_007329-T1	nrps	1	2	False	True	False	23.3034894339022	0.0123568427487148
6651.0	Amino acids and Peptides	FCC698BD_007727-T1	nrps	1	2	False	True	False	23.3034894339022	0.0123568427487148
6651.0	Amino acids and Peptides	FCC698BD_007797-T1	nrps	1	2	False	True	False	23.3034894339022	0.0123568427487148
3930.0	Amino acids and Peptides	FCC698BD_000146-T1	nrps	2	2	False	True	False	23.26806948412348	0.0074493650316028
3930.0	Amino acids and Peptides	FCC698BD_000240-T1	nrps	1	2	False	True	False	23.26806948412348	0.0074493650316028
3930.0	Amino acids and Peptides	FCC698BD_000473-T1	nrps	1	2	False	True	False	23.26806948412348	0.0074493650316028
3930.0	Amino acids and Peptides	FCC698BD_000498-T1	nrps	1	2	False	True	False	23.26806948412348	0.0074493650316028
3930.0	Amino acids and Peptides	FCC698BD_000635-T1	nrps	1	2	False	True	False	23.26806948412348	0.0074493650316028
3930.0	Amino acids and Peptides	FCC698BD_000950-T1	nrps	1	2	False	True	False	23.26806948412348	0.0074493650316028
3930.0	Amino acids and Peptides	FCC698BD_001528-T1	nrps	3	2	False	True	False	23.26806948412348	0.0074493650316028
3930.0	Amino acids and Peptides	FCC698BD_001972-T1	nrps	1	2	False	True	False	23.26806948412348	0.0074493650316028
3930.0	Amino acids and Peptides	FCC698BD_002392-T1	nrps	1	2	False	True	False	23.26806948412348	0.0074493650316028
3930.0	Amino acids and Peptides	FCC698BD_003040-T1	nrps	1	2	False	True	False	23.26806948412348	0.0074493650316028
3930.0	Amino acids and Peptides	FCC698BD_005496-T1	nrps	1	2	False	True	False	23.26806948412348	0.0074493650316028
3930.0	Amino acids and Peptides	FCC698BD_006454-T1	nrps	1	2	False	True	False	23.26806948412348	0.0074493650316028
3930.0	Amino acids and Peptides	FCC698BD_006514-T1	nrps	1	2	False	True	False	23.26806948412348	0.0074493650316028
3930.0	Amino acids and Peptides	FCC698BD_006575-T1	nrps	1	2	False	True	False	23.26806948412348	0.0074493650316028
3930.0	Amino acids and Peptides	FCC698BD_007329-T1	nrps	1	2	False	True	False	23.26806948412348	0.0074493650316028
3930.0	Amino acids and Peptides	FCC698BD_007727-T1	nrps	1	2	False	True	False	23.26806948412348	0.0074493650316028
3930.0	Amino acids and Peptides	FCC698BD_007797-T1	nrps	1	2	False	True	False	23.26806948412348	0.0074493650316028
10122.0	Amino acids and Peptides	FCC698BD_000146-T1	nrps	2	2	False	True	False	23.257147618176365	0.0184436665805691
10122.0	Amino acids and Peptides	FCC698BD_000240-T1	nrps	1	2	False	True	False	23.257147618176365	0.0184436665805691
10122.0	Amino acids and Peptides	FCC698BD_000473-T1	nrps	1	2	False	True	False	23.257147618176365	0.0184436665805691
10122.0	Amino acids and Peptides	FCC698BD_000498-T1	nrps	1	2	False	True	False	23.257147618176365	0.0184436665805691
10122.0	Amino acids and Peptides	FCC698BD_000635-T1	nrps	1	2	False	True	False	23.257147618176365	0.0184436665805691
10122.0	Amino acids and Peptides	FCC698BD_000950-T1	nrps	1	2	False	True	False	23.257147618176365	0.0184436665805691
10122.0	Amino acids and Peptides	FCC698BD_001528-T1	nrps	3	2	False	True	False	23.257147618176365	0.0184436665805691
10122.0	Amino acids and Peptides	FCC698BD_001972-T1	nrps	1	2	False	True	False	23.257147618176365	0.0184436665805691
10122.0	Amino acids and Peptides	FCC698BD_002392-T1	nrps	1	2	False	True	False	23.257147618176365	0.0184436665805691
10122.0	Amino acids and Peptides	FCC698BD_003040-T1	nrps	1	2	False	True	False	23.257147618176365	0.0184436665805691
10122.0	Amino acids and Peptides	FCC698BD_005496-T1	nrps	1	2	False	True	False	23.257147618176365	0.0184436665805691
10122.0	Amino acids and Peptides	FCC698BD_006454-T1	nrps	1	2	False	True	False	23.257147618176365	0.0184436665805691
10122.0	Amino acids and Peptides	FCC698BD_006514-T1	nrps	1	2	False	True	False	23.257147618176365	0.0184436665805691
10122.0	Amino acids and Peptides	FCC698BD_006575-T1	nrps	1	2	False	True	False	23.257147618176365	0.0184436665805691
10122.0	Amino acids and Peptides	FCC698BD_007329-T1	nrps	1	2	False	True	False	23.257147618176365	0.0184436665805691
10122.0	Amino acids and Peptides	FCC698BD_007727-T1	nrps	1	2	False	True	False	23.257147618176365	0.0184436665805691
10122.0	Amino acids and Peptides	FCC698BD_007797-T1	nrps	1	2	False	True	False	23.257147618176365	0.0184436665805691
17431.0	Amino acids and Peptides	FCC698BD_000146-T1	nrps	2	2	False	True	False	23.205377466381183	0.0024918827435328
17431.0	Amino acids and Peptides	FCC698BD_000240-T1	nrps	1	2	False	True	False	23.205377466381183	0.0024918827435328
17431.0	Amino acids and Peptides	FCC698BD_000473-T1	nrps	1	2	False	True	False	23.205377466381183	0.0024918827435328
17431.0	Amino acids and Peptides	FCC698BD_000498-T1	nrps	1	2	False	True	False	23.205377466381183	0.0024918827435328
17431.0	Amino acids and Peptides	FCC698BD_000635-T1	nrps	1	2	False	True	False	23.205377466381183	0.0024918827435328
17431.0	Amino acids and Peptides	FCC698BD_000950-T1	nrps	1	2	False	True	False	23.205377466381183	0.0024918827435328
17431.0	Amino acids and Peptides	FCC698BD_001528-T1	nrps	3	2	False	True	False	23.205377466381183	0.0024918827435328
17431.0	Amino acids and Peptides	FCC698BD_001972-T1	nrps	1	2	False	True	False	23.205377466381183	0.0024918827435328
17431.0	Amino acids and Peptides	FCC698BD_002392-T1	nrps	1	2	False	True	False	23.205377466381183	0.0024918827435328
17431.0	Amino acids and Peptides	FCC698BD_003040-T1	nrps	1	2	False	True	False	23.205377466381183	0.0024918827435328
17431.0	Amino acids and Peptides	FCC698BD_005496-T1	nrps	1	2	False	True	False	23.205377466381183	0.0024918827435328
17431.0	Amino acids and Peptides	FCC698BD_006454-T1	nrps	1	2	False	True	False	23.205377466381183	0.0024918827435328
17431.0	Amino acids and Peptides	FCC698BD_006514-T1	nrps	1	2	False	True	False	23.205377466381183	0.0024918827435328
17431.0	Amino acids and Peptides	FCC698BD_006575-T1	nrps	1	2	False	True	False	23.205377466381183	0.0024918827435328
17431.0	Amino acids and Peptides	FCC698BD_007329-T1	nrps	1	2	False	True	False	23.205377466381183	0.0024918827435328
17431.0	Amino acids and Peptides	FCC698BD_007727-T1	nrps	1	2	False	True	False	23.205377466381183	0.0024918827435328
17431.0	Amino acids and Peptides	FCC698BD_007797-T1	nrps	1	2	False	True	False	23.205377466381183	0.0024918827435328
19556.0	Amino acids and Peptides	FCC698BD_000146-T1	nrps	2	2	False	True	False	23.184794492051147	0.0074493650316028
19556.0	Amino acids and Peptides	FCC698BD_000240-T1	nrps	1	2	False	True	False	23.184794492051147	0.0074493650316028
19556.0	Amino acids and Peptides	FCC698BD_000473-T1	nrps	1	2	False	True	False	23.184794492051147	0.0074493650316028
19556.0	Amino acids and Peptides	FCC698BD_000498-T1	nrps	1	2	False	True	False	23.184794492051147	0.0074493650316028
19556.0	Amino acids and Peptides	FCC698BD_000635-T1	nrps	1	2	False	True	False	23.184794492051147	0.0074493650316028
19556.0	Amino acids and Peptides	FCC698BD_000950-T1	nrps	1	2	False	True	False	23.184794492051147	0.0074493650316028
19556.0	Amino acids and Peptides	FCC698BD_001528-T1	nrps	3	2	False	True	False	23.184794492051147	0.0074493650316028
19556.0	Amino acids and Peptides	FCC698BD_001972-T1	nrps	1	2	False	True	False	23.184794492051147	0.0074493650316028
19556.0	Amino acids and Peptides	FCC698BD_002392-T1	nrps	1	2	False	True	False	23.184794492051147	0.0074493650316028
19556.0	Amino acids and Peptides	FCC698BD_003040-T1	nrps	1	2	False	True	False	23.184794492051147	0.0074493650316028
19556.0	Amino acids and Peptides	FCC698BD_005496-T1	nrps	1	2	False	True	False	23.184794492051147	0.0074493650316028
19556.0	Amino acids and Peptides	FCC698BD_006454-T1	nrps	1	2	False	True	False	23.184794492051147	0.0074493650316028
19556.0	Amino acids and Peptides	FCC698BD_006514-T1	nrps	1	2	False	True	False	23.184794492051147	0.0074493650316028
19556.0	Amino acids and Peptides	FCC698BD_006575-T1	nrps	1	2	False	True	False	23.184794492051147	0.0074493650316028
19556.0	Amino acids and Peptides	FCC698BD_007329-T1	nrps	1	2	False	True	False	23.184794492051147	0.0074493650316028
19556.0	Amino acids and Peptides	FCC698BD_007727-T1	nrps	1	2	False	True	False	23.184794492051147	0.0074493650316028
19556.0	Amino acids and Peptides	FCC698BD_007797-T1	nrps	1	2	False	True	False	23.184794492051147	0.0074493650316028
8473.0	Amino acids and Peptides	FCC698BD_000146-T1	nrps	2	2	False	True	False	23.151563662821303	0.0123568427487148
8473.0	Amino acids and Peptides	FCC698BD_000240-T1	nrps	1	2	False	True	False	23.151563662821303	0.0123568427487148
8473.0	Amino acids and Peptides	FCC698BD_000473-T1	nrps	1	2	False	True	False	23.151563662821303	0.0123568427487148
8473.0	Amino acids and Peptides	FCC698BD_000498-T1	nrps	1	2	False	True	False	23.151563662821303	0.0123568427487148
8473.0	Amino acids and Peptides	FCC698BD_000635-T1	nrps	1	2	False	True	False	23.151563662821303	0.0123568427487148
8473.0	Amino acids and Peptides	FCC698BD_000950-T1	nrps	1	2	False	True	False	23.151563662821303	0.0123568427487148
8473.0	Amino acids and Peptides	FCC698BD_001528-T1	nrps	3	2	False	True	False	23.151563662821303	0.0123568427487148
8473.0	Amino acids and Peptides	FCC698BD_001972-T1	nrps	1	2	False	True	False	23.151563662821303	0.0123568427487148
8473.0	Amino acids and Peptides	FCC698BD_002392-T1	nrps	1	2	False	True	False	23.151563662821303	0.0123568427487148
8473.0	Amino acids and Peptides	FCC698BD_003040-T1	nrps	1	2	False	True	False	23.151563662821303	0.0123568427487148
8473.0	Amino acids and Peptides	FCC698BD_005496-T1	nrps	1	2	False	True	False	23.151563662821303	0.0123568427487148
8473.0	Amino acids and Peptides	FCC698BD_006454-T1	nrps	1	2	False	True	False	23.151563662821303	0.0123568427487148
8473.0	Amino acids and Peptides	FCC698BD_006514-T1	nrps	1	2	False	True	False	23.151563662821303	0.0123568427487148
8473.0	Amino acids and Peptides	FCC698BD_006575-T1	nrps	1	2	False	True	False	23.151563662821303	0.0123568427487148
8473.0	Amino acids and Peptides	FCC698BD_007329-T1	nrps	1	2	False	True	False	23.151563662821303	0.0123568427487148
8473.0	Amino acids and Peptides	FCC698BD_007727-T1	nrps	1	2	False	True	False	23.151563662821303	0.0123568427487148
8473.0	Amino acids and Peptides	FCC698BD_007797-T1	nrps	1	2	False	True	False	23.151563662821303	0.0123568427487148
3048.0	Amino acids and Peptides	FCC698BD_000146-T1	nrps	2	2	False	True	False	22.727077862951887	0.0049811963008813
3048.0	Amino acids and Peptides	FCC698BD_000240-T1	nrps	1	2	False	True	False	22.727077862951887	0.0049811963008813
3048.0	Amino acids and Peptides	FCC698BD_000473-T1	nrps	1	2	False	True	False	22.727077862951887	0.0049811963008813
3048.0	Amino acids and Peptides	FCC698BD_000498-T1	nrps	1	2	False	True	False	22.727077862951887	0.0049811963008813
3048.0	Amino acids and Peptides	FCC698BD_000635-T1	nrps	1	2	False	True	False	22.727077862951887	0.0049811963008813
3048.0	Amino acids and Peptides	FCC698BD_000950-T1	nrps	1	2	False	True	False	22.727077862951887	0.0049811963008813
3048.0	Amino acids and Peptides	FCC698BD_001528-T1	nrps	3	2	False	True	False	22.727077862951887	0.0049811963008813
3048.0	Amino acids and Peptides	FCC698BD_001972-T1	nrps	1	2	False	True	False	22.727077862951887	0.0049811963008813
3048.0	Amino acids and Peptides	FCC698BD_002392-T1	nrps	1	2	False	True	False	22.727077862951887	0.0049811963008813
3048.0	Amino acids and Peptides	FCC698BD_003040-T1	nrps	1	2	False	True	False	22.727077862951887	0.0049811963008813
3048.0	Amino acids and Peptides	FCC698BD_005496-T1	nrps	1	2	False	True	False	22.727077862951887	0.0049811963008813
3048.0	Amino acids and Peptides	FCC698BD_006454-T1	nrps	1	2	False	True	False	22.727077862951887	0.0049811963008813
3048.0	Amino acids and Peptides	FCC698BD_006514-T1	nrps	1	2	False	True	False	22.727077862951887	0.0049811963008813
3048.0	Amino acids and Peptides	FCC698BD_006575-T1	nrps	1	2	False	True	False	22.727077862951887	0.0049811963008813
3048.0	Amino acids and Peptides	FCC698BD_007329-T1	nrps	1	2	False	True	False	22.727077862951887	0.0049811963008813
3048.0	Amino acids and Peptides	FCC698BD_007727-T1	nrps	1	2	False	True	False	22.727077862951887	0.0049811963008813
3048.0	Amino acids and Peptides	FCC698BD_007797-T1	nrps	1	2	False	True	False	22.727077862951887	0.0049811963008813
2578.0	Amino acids and Peptides	FCC698BD_000146-T1	nrps	2	2	False	True	False	22.698851128072643	9.47654380906618e-05
2578.0	Amino acids and Peptides	FCC698BD_000240-T1	nrps	1	2	False	True	False	22.698851128072643	9.47654380906618e-05
2578.0	Amino acids and Peptides	FCC698BD_000473-T1	nrps	1	2	False	True	False	22.698851128072643	9.47654380906618e-05
2578.0	Amino acids and Peptides	FCC698BD_000498-T1	nrps	1	2	False	True	False	22.698851128072643	9.47654380906618e-05
2578.0	Amino acids and Peptides	FCC698BD_000635-T1	nrps	1	2	False	True	False	22.698851128072643	9.47654380906618e-05
2578.0	Amino acids and Peptides	FCC698BD_000950-T1	nrps	1	2	False	True	False	22.698851128072643	9.47654380906618e-05
2578.0	Amino acids and Peptides	FCC698BD_001528-T1	nrps	3	2	False	True	False	22.698851128072643	9.47654380906618e-05
2578.0	Amino acids and Peptides	FCC698BD_001972-T1	nrps	1	2	False	True	False	22.698851128072643	9.47654380906618e-05
2578.0	Amino acids and Peptides	FCC698BD_002392-T1	nrps	1	2	False	True	False	22.698851128072643	9.47654380906618e-05
2578.0	Amino acids and Peptides	FCC698BD_003040-T1	nrps	1	2	False	True	False	22.698851128072643	9.47654380906618e-05
2578.0	Amino acids and Peptides	FCC698BD_005496-T1	nrps	1	2	False	True	False	22.698851128072643	9.47654380906618e-05
2578.0	Amino acids and Peptides	FCC698BD_006454-T1	nrps	1	2	False	True	False	22.698851128072643	9.47654380906618e-05
2578.0	Amino acids and Peptides	FCC698BD_006514-T1	nrps	1	2	False	True	False	22.698851128072643	9.47654380906618e-05
2578.0	Amino acids and Peptides	FCC698BD_006575-T1	nrps	1	2	False	True	False	22.698851128072643	9.47654380906618e-05
2578.0	Amino acids and Peptides	FCC698BD_007329-T1	nrps	1	2	False	True	False	22.698851128072643	9.47654380906618e-05
2578.0	Amino acids and Peptides	FCC698BD_007727-T1	nrps	1	2	False	True	False	22.698851128072643	9.47654380906618e-05
2578.0	Amino acids and Peptides	FCC698BD_007797-T1	nrps	1	2	False	True	False	22.698851128072643	9.47654380906618e-05
17663.0	Amino acids and Peptides	FCC698BD_000146-T1	nrps	2	2	False	True	False	22.6839534821563	4.617673114773783e-05
17663.0	Amino acids and Peptides	FCC698BD_000240-T1	nrps	1	2	False	True	False	22.6839534821563	4.617673114773783e-05
17663.0	Amino acids and Peptides	FCC698BD_000473-T1	nrps	1	2	False	True	False	22.6839534821563	4.617673114773783e-05
17663.0	Amino acids and Peptides	FCC698BD_000498-T1	nrps	1	2	False	True	False	22.6839534821563	4.617673114773783e-05
17663.0	Amino acids and Peptides	FCC698BD_000635-T1	nrps	1	2	False	True	False	22.6839534821563	4.617673114773783e-05
17663.0	Amino acids and Peptides	FCC698BD_000950-T1	nrps	1	2	False	True	False	22.6839534821563	4.617673114773783e-05
17663.0	Amino acids and Peptides	FCC698BD_001528-T1	nrps	3	2	False	True	False	22.6839534821563	4.617673114773783e-05
17663.0	Amino acids and Peptides	FCC698BD_001972-T1	nrps	1	2	False	True	False	22.6839534821563	4.617673114773783e-05
17663.0	Amino acids and Peptides	FCC698BD_002392-T1	nrps	1	2	False	True	False	22.6839534821563	4.617673114773783e-05
17663.0	Amino acids and Peptides	FCC698BD_003040-T1	nrps	1	2	False	True	False	22.6839534821563	4.617673114773783e-05
17663.0	Amino acids and Peptides	FCC698BD_005496-T1	nrps	1	2	False	True	False	22.6839534821563	4.617673114773783e-05
17663.0	Amino acids and Peptides	FCC698BD_006454-T1	nrps	1	2	False	True	False	22.6839534821563	4.617673114773783e-05
17663.0	Amino acids and Peptides	FCC698BD_006514-T1	nrps	1	2	False	True	False	22.6839534821563	4.617673114773783e-05
17663.0	Amino acids and Peptides	FCC698BD_006575-T1	nrps	1	2	False	True	False	22.6839534821563	4.617673114773783e-05
17663.0	Amino acids and Peptides	FCC698BD_007329-T1	nrps	1	2	False	True	False	22.6839534821563	4.617673114773783e-05
17663.0	Amino acids and Peptides	FCC698BD_007727-T1	nrps	1	2	False	True	False	22.6839534821563	4.617673114773783e-05
17663.0	Amino acids and Peptides	FCC698BD_007797-T1	nrps	1	2	False	True	False	22.6839534821563	4.617673114773783e-05
25573.0	Amino acids and Peptides	FCC698BD_000146-T1	nrps	2	2	False	True	False	22.608444581931085	0.0013594540784394
25573.0	Amino acids and Peptides	FCC698BD_000240-T1	nrps	1	2	False	True	False	22.608444581931085	0.0013594540784394
25573.0	Amino acids and Peptides	FCC698BD_000473-T1	nrps	1	2	False	True	False	22.608444581931085	0.0013594540784394
25573.0	Amino acids and Peptides	FCC698BD_000498-T1	nrps	1	2	False	True	False	22.608444581931085	0.0013594540784394
25573.0	Amino acids and Peptides	FCC698BD_000635-T1	nrps	1	2	False	True	False	22.608444581931085	0.0013594540784394
25573.0	Amino acids and Peptides	FCC698BD_000950-T1	nrps	1	2	False	True	False	22.608444581931085	0.0013594540784394
25573.0	Amino acids and Peptides	FCC698BD_001528-T1	nrps	3	2	False	True	False	22.608444581931085	0.0013594540784394
25573.0	Amino acids and Peptides	FCC698BD_001972-T1	nrps	1	2	False	True	False	22.608444581931085	0.0013594540784394
25573.0	Amino acids and Peptides	FCC698BD_002392-T1	nrps	1	2	False	True	False	22.608444581931085	0.0013594540784394
25573.0	Amino acids and Peptides	FCC698BD_003040-T1	nrps	1	2	False	True	False	22.608444581931085	0.0013594540784394
25573.0	Amino acids and Peptides	FCC698BD_005496-T1	nrps	1	2	False	True	False	22.608444581931085	0.0013594540784394
25573.0	Amino acids and Peptides	FCC698BD_006454-T1	nrps	1	2	False	True	False	22.608444581931085	0.0013594540784394
25573.0	Amino acids and Peptides	FCC698BD_006514-T1	nrps	1	2	False	True	False	22.608444581931085	0.0013594540784394
25573.0	Amino acids and Peptides	FCC698BD_006575-T1	nrps	1	2	False	True	False	22.608444581931085	0.0013594540784394
25573.0	Amino acids and Peptides	FCC698BD_007329-T1	nrps	1	2	False	True	False	22.608444581931085	0.0013594540784394
25573.0	Amino acids and Peptides	FCC698BD_007727-T1	nrps	1	2	False	True	False	22.608444581931085	0.0013594540784394
25573.0	Amino acids and Peptides	FCC698BD_007797-T1	nrps	1	2	False	True	False	22.608444581931085	0.0013594540784394
23413.0	Amino acids and Peptides	FCC698BD_000146-T1	nrps	2	2	False	True	False	22.58016571716716	0.0013594540784394
23413.0	Amino acids and Peptides	FCC698BD_000240-T1	nrps	1	2	False	True	False	22.58016571716716	0.0013594540784394
23413.0	Amino acids and Peptides	FCC698BD_000473-T1	nrps	1	2	False	True	False	22.58016571716716	0.0013594540784394
23413.0	Amino acids and Peptides	FCC698BD_000498-T1	nrps	1	2	False	True	False	22.58016571716716	0.0013594540784394
23413.0	Amino acids and Peptides	FCC698BD_000635-T1	nrps	1	2	False	True	False	22.58016571716716	0.0013594540784394
23413.0	Amino acids and Peptides	FCC698BD_000950-T1	nrps	1	2	False	True	False	22.58016571716716	0.0013594540784394
23413.0	Amino acids and Peptides	FCC698BD_001528-T1	nrps	3	2	False	True	False	22.58016571716716	0.0013594540784394
23413.0	Amino acids and Peptides	FCC698BD_001972-T1	nrps	1	2	False	True	False	22.58016571716716	0.0013594540784394
23413.0	Amino acids and Peptides	FCC698BD_002392-T1	nrps	1	2	False	True	False	22.58016571716716	0.0013594540784394
23413.0	Amino acids and Peptides	FCC698BD_003040-T1	nrps	1	2	False	True	False	22.58016571716716	0.0013594540784394
23413.0	Amino acids and Peptides	FCC698BD_005496-T1	nrps	1	2	False	True	False	22.58016571716716	0.0013594540784394
23413.0	Amino acids and Peptides	FCC698BD_006454-T1	nrps	1	2	False	True	False	22.58016571716716	0.0013594540784394
23413.0	Amino acids and Peptides	FCC698BD_006514-T1	nrps	1	2	False	True	False	22.58016571716716	0.0013594540784394
23413.0	Amino acids and Peptides	FCC698BD_006575-T1	nrps	1	2	False	True	False	22.58016571716716	0.0013594540784394
23413.0	Amino acids and Peptides	FCC698BD_007329-T1	nrps	1	2	False	True	False	22.58016571716716	0.0013594540784394
23413.0	Amino acids and Peptides	FCC698BD_007727-T1	nrps	1	2	False	True	False	22.58016571716716	0.0013594540784394
23413.0	Amino acids and Peptides	FCC698BD_007797-T1	nrps	1	2	False	True	False	22.58016571716716	0.0013594540784394
5776.0	Amino acids and Peptides	FCC698BD_000146-T1	nrps	2	2	False	True	False	22.444730613634	0.0043998028641892
5776.0	Amino acids and Peptides	FCC698BD_000240-T1	nrps	1	2	False	True	False	22.444730613634	0.0043998028641892
5776.0	Amino acids and Peptides	FCC698BD_000473-T1	nrps	1	2	False	True	False	22.444730613634	0.0043998028641892
5776.0	Amino acids and Peptides	FCC698BD_000498-T1	nrps	1	2	False	True	False	22.444730613634	0.0043998028641892
5776.0	Amino acids and Peptides	FCC698BD_000635-T1	nrps	1	2	False	True	False	22.444730613634	0.0043998028641892
5776.0	Amino acids and Peptides	FCC698BD_000950-T1	nrps	1	2	False	True	False	22.444730613634	0.0043998028641892
5776.0	Amino acids and Peptides	FCC698BD_001528-T1	nrps	3	2	False	True	False	22.444730613634	0.0043998028641892
5776.0	Amino acids and Peptides	FCC698BD_001972-T1	nrps	1	2	False	True	False	22.444730613634	0.0043998028641892
5776.0	Amino acids and Peptides	FCC698BD_002392-T1	nrps	1	2	False	True	False	22.444730613634	0.0043998028641892
5776.0	Amino acids and Peptides	FCC698BD_003040-T1	nrps	1	2	False	True	False	22.444730613634	0.0043998028641892
5776.0	Amino acids and Peptides	FCC698BD_005496-T1	nrps	1	2	False	True	False	22.444730613634	0.0043998028641892
5776.0	Amino acids and Peptides	FCC698BD_006454-T1	nrps	1	2	False	True	False	22.444730613634	0.0043998028641892
5776.0	Amino acids and Peptides	FCC698BD_006514-T1	nrps	1	2	False	True	False	22.444730613634	0.0043998028641892
5776.0	Amino acids and Peptides	FCC698BD_006575-T1	nrps	1	2	False	True	False	22.444730613634	0.0043998028641892
5776.0	Amino acids and Peptides	FCC698BD_007329-T1	nrps	1	2	False	True	False	22.444730613634	0.0043998028641892
5776.0	Amino acids and Peptides	FCC698BD_007727-T1	nrps	1	2	False	True	False	22.444730613634	0.0043998028641892
5776.0	Amino acids and Peptides	FCC698BD_007797-T1	nrps	1	2	False	True	False	22.444730613634	0.0043998028641892
11870.0	Amino acids and Peptides	FCC698BD_000146-T1	nrps	2	2	False	True	False	22.392743644395672	9.47654380906618e-05
11870.0	Amino acids and Peptides	FCC698BD_000240-T1	nrps	1	2	False	True	False	22.392743644395672	9.47654380906618e-05
11870.0	Amino acids and Peptides	FCC698BD_000473-T1	nrps	1	2	False	True	False	22.392743644395672	9.47654380906618e-05
11870.0	Amino acids and Peptides	FCC698BD_000498-T1	nrps	1	2	False	True	False	22.392743644395672	9.47654380906618e-05
11870.0	Amino acids and Peptides	FCC698BD_000635-T1	nrps	1	2	False	True	False	22.392743644395672	9.47654380906618e-05
11870.0	Amino acids and Peptides	FCC698BD_000950-T1	nrps	1	2	False	True	False	22.392743644395672	9.47654380906618e-05
11870.0	Amino acids and Peptides	FCC698BD_001528-T1	nrps	3	2	False	True	False	22.392743644395672	9.47654380906618e-05
11870.0	Amino acids and Peptides	FCC698BD_001972-T1	nrps	1	2	False	True	False	22.392743644395672	9.47654380906618e-05
11870.0	Amino acids and Peptides	FCC698BD_002392-T1	nrps	1	2	False	True	False	22.392743644395672	9.47654380906618e-05
11870.0	Amino acids and Peptides	FCC698BD_003040-T1	nrps	1	2	False	True	False	22.392743644395672	9.47654380906618e-05
11870.0	Amino acids and Peptides	FCC698BD_005496-T1	nrps	1	2	False	True	False	22.392743644395672	9.47654380906618e-05
11870.0	Amino acids and Peptides	FCC698BD_006454-T1	nrps	1	2	False	True	False	22.392743644395672	9.47654380906618e-05
11870.0	Amino acids and Peptides	FCC698BD_006514-T1	nrps	1	2	False	True	False	22.392743644395672	9.47654380906618e-05
11870.0	Amino acids and Peptides	FCC698BD_006575-T1	nrps	1	2	False	True	False	22.392743644395672	9.47654380906618e-05
11870.0	Amino acids and Peptides	FCC698BD_007329-T1	nrps	1	2	False	True	False	22.392743644395672	9.47654380906618e-05
11870.0	Amino acids and Peptides	FCC698BD_007727-T1	nrps	1	2	False	True	False	22.392743644395672	9.47654380906618e-05
11870.0	Amino acids and Peptides	FCC698BD_007797-T1	nrps	1	2	False	True	False	22.392743644395672	9.47654380906618e-05
4447.0	Amino acids and Peptides	FCC698BD_000146-T1	nrps	2	2	False	True	False	22.20246234620521	0.0123568427487148
4447.0	Amino acids and Peptides	FCC698BD_000240-T1	nrps	1	2	False	True	False	22.20246234620521	0.0123568427487148
4447.0	Amino acids and Peptides	FCC698BD_000473-T1	nrps	1	2	False	True	False	22.20246234620521	0.0123568427487148
4447.0	Amino acids and Peptides	FCC698BD_000498-T1	nrps	1	2	False	True	False	22.20246234620521	0.0123568427487148
4447.0	Amino acids and Peptides	FCC698BD_000635-T1	nrps	1	2	False	True	False	22.20246234620521	0.0123568427487148
4447.0	Amino acids and Peptides	FCC698BD_000950-T1	nrps	1	2	False	True	False	22.20246234620521	0.0123568427487148
4447.0	Amino acids and Peptides	FCC698BD_001528-T1	nrps	3	2	False	True	False	22.20246234620521	0.0123568427487148
4447.0	Amino acids and Peptides	FCC698BD_001972-T1	nrps	1	2	False	True	False	22.20246234620521	0.0123568427487148
4447.0	Amino acids and Peptides	FCC698BD_002392-T1	nrps	1	2	False	True	False	22.20246234620521	0.0123568427487148
4447.0	Amino acids and Peptides	FCC698BD_003040-T1	nrps	1	2	False	True	False	22.20246234620521	0.0123568427487148
4447.0	Amino acids and Peptides	FCC698BD_005496-T1	nrps	1	2	False	True	False	22.20246234620521	0.0123568427487148
4447.0	Amino acids and Peptides	FCC698BD_006454-T1	nrps	1	2	False	True	False	22.20246234620521	0.0123568427487148
4447.0	Amino acids and Peptides	FCC698BD_006514-T1	nrps	1	2	False	True	False	22.20246234620521	0.0123568427487148
4447.0	Amino acids and Peptides	FCC698BD_006575-T1	nrps	1	2	False	True	False	22.20246234620521	0.0123568427487148
4447.0	Amino acids and Peptides	FCC698BD_007329-T1	nrps	1	2	False	True	False	22.20246234620521	0.0123568427487148
4447.0	Amino acids and Peptides	FCC698BD_007727-T1	nrps	1	2	False	True	False	22.20246234620521	0.0123568427487148
4447.0	Amino acids and Peptides	FCC698BD_007797-T1	nrps	1	2	False	True	False	22.20246234620521	0.0123568427487148
29034.0	Amino acids and Peptides	FCC698BD_000146-T1	nrps	2	2	False	True	False	22.187237530505254	0.0007507700566491
29034.0	Amino acids and Peptides	FCC698BD_000240-T1	nrps	1	2	False	True	False	22.187237530505254	0.0007507700566491
29034.0	Amino acids and Peptides	FCC698BD_000473-T1	nrps	1	2	False	True	False	22.187237530505254	0.0007507700566491
29034.0	Amino acids and Peptides	FCC698BD_000498-T1	nrps	1	2	False	True	False	22.187237530505254	0.0007507700566491
29034.0	Amino acids and Peptides	FCC698BD_000635-T1	nrps	1	2	False	True	False	22.187237530505254	0.0007507700566491
29034.0	Amino acids and Peptides	FCC698BD_000950-T1	nrps	1	2	False	True	False	22.187237530505254	0.0007507700566491
29034.0	Amino acids and Peptides	FCC698BD_001528-T1	nrps	3	2	False	True	False	22.187237530505254	0.0007507700566491
29034.0	Amino acids and Peptides	FCC698BD_001972-T1	nrps	1	2	False	True	False	22.187237530505254	0.0007507700566491
29034.0	Amino acids and Peptides	FCC698BD_002392-T1	nrps	1	2	False	True	False	22.187237530505254	0.0007507700566491
29034.0	Amino acids and Peptides	FCC698BD_003040-T1	nrps	1	2	False	True	False	22.187237530505254	0.0007507700566491
29034.0	Amino acids and Peptides	FCC698BD_005496-T1	nrps	1	2	False	True	False	22.187237530505254	0.0007507700566491
29034.0	Amino acids and Peptides	FCC698BD_006454-T1	nrps	1	2	False	True	False	22.187237530505254	0.0007507700566491
29034.0	Amino acids and Peptides	FCC698BD_006514-T1	nrps	1	2	False	True	False	22.187237530505254	0.0007507700566491
29034.0	Amino acids and Peptides	FCC698BD_006575-T1	nrps	1	2	False	True	False	22.187237530505254	0.0007507700566491
29034.0	Amino acids and Peptides	FCC698BD_007329-T1	nrps	1	2	False	True	False	22.187237530505254	0.0007507700566491
29034.0	Amino acids and Peptides	FCC698BD_007727-T1	nrps	1	2	False	True	False	22.187237530505254	0.0007507700566491
29034.0	Amino acids and Peptides	FCC698BD_007797-T1	nrps	1	2	False	True	False	22.187237530505254	0.0007507700566491
1954.0	Amino acids and Peptides	FCC698BD_000146-T1	nrps	2	2	False	True	False	22.05789314172727	0.0123568427487148
1954.0	Amino acids and Peptides	FCC698BD_000240-T1	nrps	1	2	False	True	False	22.05789314172727	0.0123568427487148
1954.0	Amino acids and Peptides	FCC698BD_000473-T1	nrps	1	2	False	True	False	22.05789314172727	0.0123568427487148
1954.0	Amino acids and Peptides	FCC698BD_000498-T1	nrps	1	2	False	True	False	22.05789314172727	0.0123568427487148
1954.0	Amino acids and Peptides	FCC698BD_000635-T1	nrps	1	2	False	True	False	22.05789314172727	0.0123568427487148
1954.0	Amino acids and Peptides	FCC698BD_000950-T1	nrps	1	2	False	True	False	22.05789314172727	0.0123568427487148
1954.0	Amino acids and Peptides	FCC698BD_001528-T1	nrps	3	2	False	True	False	22.05789314172727	0.0123568427487148
1954.0	Amino acids and Peptides	FCC698BD_001972-T1	nrps	1	2	False	True	False	22.05789314172727	0.0123568427487148
1954.0	Amino acids and Peptides	FCC698BD_002392-T1	nrps	1	2	False	True	False	22.05789314172727	0.0123568427487148
1954.0	Amino acids and Peptides	FCC698BD_003040-T1	nrps	1	2	False	True	False	22.05789314172727	0.0123568427487148
1954.0	Amino acids and Peptides	FCC698BD_005496-T1	nrps	1	2	False	True	False	22.05789314172727	0.0123568427487148
1954.0	Amino acids and Peptides	FCC698BD_006454-T1	nrps	1	2	False	True	False	22.05789314172727	0.0123568427487148
1954.0	Amino acids and Peptides	FCC698BD_006514-T1	nrps	1	2	False	True	False	22.05789314172727	0.0123568427487148
1954.0	Amino acids and Peptides	FCC698BD_006575-T1	nrps	1	2	False	True	False	22.05789314172727	0.0123568427487148
1954.0	Amino acids and Peptides	FCC698BD_007329-T1	nrps	1	2	False	True	False	22.05789314172727	0.0123568427487148
1954.0	Amino acids and Peptides	FCC698BD_007727-T1	nrps	1	2	False	True	False	22.05789314172727	0.0123568427487148
1954.0	Amino acids and Peptides	FCC698BD_007797-T1	nrps	1	2	False	True	False	22.05789314172727	0.0123568427487148
25643.0	Amino acids and Peptides	FCC698BD_000146-T1	nrps	2	2	False	True	False	22.045435447378136	0.0024918827435328
25643.0	Amino acids and Peptides	FCC698BD_000240-T1	nrps	1	2	False	True	False	22.045435447378136	0.0024918827435328
25643.0	Amino acids and Peptides	FCC698BD_000473-T1	nrps	1	2	False	True	False	22.045435447378136	0.0024918827435328
25643.0	Amino acids and Peptides	FCC698BD_000498-T1	nrps	1	2	False	True	False	22.045435447378136	0.0024918827435328
25643.0	Amino acids and Peptides	FCC698BD_000635-T1	nrps	1	2	False	True	False	22.045435447378136	0.0024918827435328
25643.0	Amino acids and Peptides	FCC698BD_000950-T1	nrps	1	2	False	True	False	22.045435447378136	0.0024918827435328
25643.0	Amino acids and Peptides	FCC698BD_001528-T1	nrps	3	2	False	True	False	22.045435447378136	0.0024918827435328
25643.0	Amino acids and Peptides	FCC698BD_001972-T1	nrps	1	2	False	True	False	22.045435447378136	0.0024918827435328
25643.0	Amino acids and Peptides	FCC698BD_002392-T1	nrps	1	2	False	True	False	22.045435447378136	0.0024918827435328
25643.0	Amino acids and Peptides	FCC698BD_003040-T1	nrps	1	2	False	True	False	22.045435447378136	0.0024918827435328
25643.0	Amino acids and Peptides	FCC698BD_005496-T1	nrps	1	2	False	True	False	22.045435447378136	0.0024918827435328
25643.0	Amino acids and Peptides	FCC698BD_006454-T1	nrps	1	2	False	True	False	22.045435447378136	0.0024918827435328
25643.0	Amino acids and Peptides	FCC698BD_006514-T1	nrps	1	2	False	True	False	22.045435447378136	0.0024918827435328
25643.0	Amino acids and Peptides	FCC698BD_006575-T1	nrps	1	2	False	True	False	22.045435447378136	0.0024918827435328
25643.0	Amino acids and Peptides	FCC698BD_007329-T1	nrps	1	2	False	True	False	22.045435447378136	0.0024918827435328
25643.0	Amino acids and Peptides	FCC698BD_007727-T1	nrps	1	2	False	True	False	22.045435447378136	0.0024918827435328
25643.0	Amino acids and Peptides	FCC698BD_007797-T1	nrps	1	2	False	True	False	22.045435447378136	0.0024918827435328
11252.0	Amino acids and Peptides	FCC698BD_000146-T1	nrps	2	2	False	True	False	21.782137198673126	0.0123568427487148
11252.0	Amino acids and Peptides	FCC698BD_000240-T1	nrps	1	2	False	True	False	21.782137198673126	0.0123568427487148
11252.0	Amino acids and Peptides	FCC698BD_000473-T1	nrps	1	2	False	True	False	21.782137198673126	0.0123568427487148
11252.0	Amino acids and Peptides	FCC698BD_000498-T1	nrps	1	2	False	True	False	21.782137198673126	0.0123568427487148
11252.0	Amino acids and Peptides	FCC698BD_000635-T1	nrps	1	2	False	True	False	21.782137198673126	0.0123568427487148
11252.0	Amino acids and Peptides	FCC698BD_000950-T1	nrps	1	2	False	True	False	21.782137198673126	0.0123568427487148
11252.0	Amino acids and Peptides	FCC698BD_001528-T1	nrps	3	2	False	True	False	21.782137198673126	0.0123568427487148
11252.0	Amino acids and Peptides	FCC698BD_001972-T1	nrps	1	2	False	True	False	21.782137198673126	0.0123568427487148
11252.0	Amino acids and Peptides	FCC698BD_002392-T1	nrps	1	2	False	True	False	21.782137198673126	0.0123568427487148
11252.0	Amino acids and Peptides	FCC698BD_003040-T1	nrps	1	2	False	True	False	21.782137198673126	0.0123568427487148
11252.0	Amino acids and Peptides	FCC698BD_005496-T1	nrps	1	2	False	True	False	21.782137198673126	0.0123568427487148
11252.0	Amino acids and Peptides	FCC698BD_006454-T1	nrps	1	2	False	True	False	21.782137198673126	0.0123568427487148
11252.0	Amino acids and Peptides	FCC698BD_006514-T1	nrps	1	2	False	True	False	21.782137198673126	0.0123568427487148
11252.0	Amino acids and Peptides	FCC698BD_006575-T1	nrps	1	2	False	True	False	21.782137198673126	0.0123568427487148
11252.0	Amino acids and Peptides	FCC698BD_007329-T1	nrps	1	2	False	True	False	21.782137198673126	0.0123568427487148
11252.0	Amino acids and Peptides	FCC698BD_007727-T1	nrps	1	2	False	True	False	21.782137198673126	0.0123568427487148
11252.0	Amino acids and Peptides	FCC698BD_007797-T1	nrps	1	2	False	True	False	21.782137198673126	0.0123568427487148
37570.0	Amino acids and Peptides	FCC698BD_000146-T1	nrps	2	2	False	True	False	21.30467704637517	0.0003902982238314
37570.0	Amino acids and Peptides	FCC698BD_000240-T1	nrps	1	2	False	True	False	21.30467704637517	0.0003902982238314
37570.0	Amino acids and Peptides	FCC698BD_000473-T1	nrps	1	2	False	True	False	21.30467704637517	0.0003902982238314
37570.0	Amino acids and Peptides	FCC698BD_000498-T1	nrps	1	2	False	True	False	21.30467704637517	0.0003902982238314
37570.0	Amino acids and Peptides	FCC698BD_000635-T1	nrps	1	2	False	True	False	21.30467704637517	0.0003902982238314
37570.0	Amino acids and Peptides	FCC698BD_000950-T1	nrps	1	2	False	True	False	21.30467704637517	0.0003902982238314
37570.0	Amino acids and Peptides	FCC698BD_001528-T1	nrps	3	2	False	True	False	21.30467704637517	0.0003902982238314
37570.0	Amino acids and Peptides	FCC698BD_001972-T1	nrps	1	2	False	True	False	21.30467704637517	0.0003902982238314
37570.0	Amino acids and Peptides	FCC698BD_002392-T1	nrps	1	2	False	True	False	21.30467704637517	0.0003902982238314
37570.0	Amino acids and Peptides	FCC698BD_003040-T1	nrps	1	2	False	True	False	21.30467704637517	0.0003902982238314
37570.0	Amino acids and Peptides	FCC698BD_005496-T1	nrps	1	2	False	True	False	21.30467704637517	0.0003902982238314
37570.0	Amino acids and Peptides	FCC698BD_006454-T1	nrps	1	2	False	True	False	21.30467704637517	0.0003902982238314
37570.0	Amino acids and Peptides	FCC698BD_006514-T1	nrps	1	2	False	True	False	21.30467704637517	0.0003902982238314
37570.0	Amino acids and Peptides	FCC698BD_006575-T1	nrps	1	2	False	True	False	21.30467704637517	0.0003902982238314
37570.0	Amino acids and Peptides	FCC698BD_007329-T1	nrps	1	2	False	True	False	21.30467704637517	0.0003902982238314
37570.0	Amino acids and Peptides	FCC698BD_007727-T1	nrps	1	2	False	True	False	21.30467704637517	0.0003902982238314
37570.0	Amino acids and Peptides	FCC698BD_007797-T1	nrps	1	2	False	True	False	21.30467704637517	0.0003902982238314
9568.0	Amino acids and Peptides	FCC698BD_000146-T1	nrps	2	2	False	True	False	21.09219133264206	0.0049811963008813
9568.0	Amino acids and Peptides	FCC698BD_000240-T1	nrps	1	2	False	True	False	21.09219133264206	0.0049811963008813
9568.0	Amino acids and Peptides	FCC698BD_000473-T1	nrps	1	2	False	True	False	21.09219133264206	0.0049811963008813
9568.0	Amino acids and Peptides	FCC698BD_000498-T1	nrps	1	2	False	True	False	21.09219133264206	0.0049811963008813
9568.0	Amino acids and Peptides	FCC698BD_000635-T1	nrps	1	2	False	True	False	21.09219133264206	0.0049811963008813
9568.0	Amino acids and Peptides	FCC698BD_000950-T1	nrps	1	2	False	True	False	21.09219133264206	0.0049811963008813
9568.0	Amino acids and Peptides	FCC698BD_001528-T1	nrps	3	2	False	True	False	21.09219133264206	0.0049811963008813
9568.0	Amino acids and Peptides	FCC698BD_001972-T1	nrps	1	2	False	True	False	21.09219133264206	0.0049811963008813
9568.0	Amino acids and Peptides	FCC698BD_002392-T1	nrps	1	2	False	True	False	21.09219133264206	0.0049811963008813
9568.0	Amino acids and Peptides	FCC698BD_003040-T1	nrps	1	2	False	True	False	21.09219133264206	0.0049811963008813
9568.0	Amino acids and Peptides	FCC698BD_005496-T1	nrps	1	2	False	True	False	21.09219133264206	0.0049811963008813
9568.0	Amino acids and Peptides	FCC698BD_006454-T1	nrps	1	2	False	True	False	21.09219133264206	0.0049811963008813
9568.0	Amino acids and Peptides	FCC698BD_006514-T1	nrps	1	2	False	True	False	21.09219133264206	0.0049811963008813
9568.0	Amino acids and Peptides	FCC698BD_006575-T1	nrps	1	2	False	True	False	21.09219133264206	0.0049811963008813
9568.0	Amino acids and Peptides	FCC698BD_007329-T1	nrps	1	2	False	True	False	21.09219133264206	0.0049811963008813
9568.0	Amino acids and Peptides	FCC698BD_007727-T1	nrps	1	2	False	True	False	21.09219133264206	0.0049811963008813
9568.0	Amino acids and Peptides	FCC698BD_007797-T1	nrps	1	2	False	True	False	21.09219133264206	0.0049811963008813
27104.0	Amino acids and Peptides	FCC698BD_000146-T1	nrps	2	2	False	True	False	20.532250991625915	0.0123568427487148
27104.0	Amino acids and Peptides	FCC698BD_000240-T1	nrps	1	2	False	True	False	20.532250991625915	0.0123568427487148
27104.0	Amino acids and Peptides	FCC698BD_000473-T1	nrps	1	2	False	True	False	20.532250991625915	0.0123568427487148
27104.0	Amino acids and Peptides	FCC698BD_000498-T1	nrps	1	2	False	True	False	20.532250991625915	0.0123568427487148
27104.0	Amino acids and Peptides	FCC698BD_000635-T1	nrps	1	2	False	True	False	20.532250991625915	0.0123568427487148
27104.0	Amino acids and Peptides	FCC698BD_000950-T1	nrps	1	2	False	True	False	20.532250991625915	0.0123568427487148
27104.0	Amino acids and Peptides	FCC698BD_001528-T1	nrps	3	2	False	True	False	20.532250991625915	0.0123568427487148
27104.0	Amino acids and Peptides	FCC698BD_001972-T1	nrps	1	2	False	True	False	20.532250991625915	0.0123568427487148
27104.0	Amino acids and Peptides	FCC698BD_002392-T1	nrps	1	2	False	True	False	20.532250991625915	0.0123568427487148
27104.0	Amino acids and Peptides	FCC698BD_003040-T1	nrps	1	2	False	True	False	20.532250991625915	0.0123568427487148
27104.0	Amino acids and Peptides	FCC698BD_005496-T1	nrps	1	2	False	True	False	20.532250991625915	0.0123568427487148
27104.0	Amino acids and Peptides	FCC698BD_006454-T1	nrps	1	2	False	True	False	20.532250991625915	0.0123568427487148
27104.0	Amino acids and Peptides	FCC698BD_006514-T1	nrps	1	2	False	True	False	20.532250991625915	0.0123568427487148
27104.0	Amino acids and Peptides	FCC698BD_006575-T1	nrps	1	2	False	True	False	20.532250991625915	0.0123568427487148
27104.0	Amino acids and Peptides	FCC698BD_007329-T1	nrps	1	2	False	True	False	20.532250991625915	0.0123568427487148
27104.0	Amino acids and Peptides	FCC698BD_007727-T1	nrps	1	2	False	True	False	20.532250991625915	0.0123568427487148
27104.0	Amino acids and Peptides	FCC698BD_007797-T1	nrps	1	2	False	True	False	20.532250991625915	0.0123568427487148
26967.0	Amino acids and Peptides	FCC698BD_000146-T1	nrps	2	2	False	True	False	19.571790230479227	0.0123568427487148
26967.0	Amino acids and Peptides	FCC698BD_000240-T1	nrps	1	2	False	True	False	19.571790230479227	0.0123568427487148
26967.0	Amino acids and Peptides	FCC698BD_000473-T1	nrps	1	2	False	True	False	19.571790230479227	0.0123568427487148
26967.0	Amino acids and Peptides	FCC698BD_000498-T1	nrps	1	2	False	True	False	19.571790230479227	0.0123568427487148
26967.0	Amino acids and Peptides	FCC698BD_000635-T1	nrps	1	2	False	True	False	19.571790230479227	0.0123568427487148
26967.0	Amino acids and Peptides	FCC698BD_000950-T1	nrps	1	2	False	True	False	19.571790230479227	0.0123568427487148
26967.0	Amino acids and Peptides	FCC698BD_001528-T1	nrps	3	2	False	True	False	19.571790230479227	0.0123568427487148
26967.0	Amino acids and Peptides	FCC698BD_001972-T1	nrps	1	2	False	True	False	19.571790230479227	0.0123568427487148
26967.0	Amino acids and Peptides	FCC698BD_002392-T1	nrps	1	2	False	True	False	19.571790230479227	0.0123568427487148
26967.0	Amino acids and Peptides	FCC698BD_003040-T1	nrps	1	2	False	True	False	19.571790230479227	0.0123568427487148
26967.0	Amino acids and Peptides	FCC698BD_005496-T1	nrps	1	2	False	True	False	19.571790230479227	0.0123568427487148
26967.0	Amino acids and Peptides	FCC698BD_006454-T1	nrps	1	2	False	True	False	19.571790230479227	0.0123568427487148
26967.0	Amino acids and Peptides	FCC698BD_006514-T1	nrps	1	2	False	True	False	19.571790230479227	0.0123568427487148
26967.0	Amino acids and Peptides	FCC698BD_006575-T1	nrps	1	2	False	True	False	19.571790230479227	0.0123568427487148
26967.0	Amino acids and Peptides	FCC698BD_007329-T1	nrps	1	2	False	True	False	19.571790230479227	0.0123568427487148
26967.0	Amino acids and Peptides	FCC698BD_007727-T1	nrps	1	2	False	True	False	19.571790230479227	0.0123568427487148
26967.0	Amino acids and Peptides	FCC698BD_007797-T1	nrps	1	2	False	True	False	19.571790230479227	0.0123568427487148
545.0	Amino acids and Peptides	FCC698BD_000146-T1	nrps	2	2	False	True	False	5.5012294753038	0.0001061715373403
545.0	Amino acids and Peptides	FCC698BD_000240-T1	nrps	1	2	False	True	False	5.5012294753038	0.0001061715373403
545.0	Amino acids and Peptides	FCC698BD_000473-T1	nrps	1	2	False	True	False	5.5012294753038	0.0001061715373403
545.0	Amino acids and Peptides	FCC698BD_000498-T1	nrps	1	2	False	True	False	5.5012294753038	0.0001061715373403
545.0	Amino acids and Peptides	FCC698BD_000635-T1	nrps	1	2	False	True	False	5.5012294753038	0.0001061715373403
545.0	Amino acids and Peptides	FCC698BD_000950-T1	nrps	1	2	False	True	False	5.5012294753038	0.0001061715373403
545.0	Amino acids and Peptides	FCC698BD_001528-T1	nrps	3	2	False	True	False	5.5012294753038	0.0001061715373403
545.0	Amino acids and Peptides	FCC698BD_001972-T1	nrps	1	2	False	True	False	5.5012294753038	0.0001061715373403
545.0	Amino acids and Peptides	FCC698BD_002392-T1	nrps	1	2	False	True	False	5.5012294753038	0.0001061715373403
545.0	Amino acids and Peptides	FCC698BD_003040-T1	nrps	1	2	False	True	False	5.5012294753038	0.0001061715373403
545.0	Amino acids and Peptides	FCC698BD_005496-T1	nrps	1	2	False	True	False	5.5012294753038	0.0001061715373403
545.0	Amino acids and Peptides	FCC698BD_006454-T1	nrps	1	2	False	True	False	5.5012294753038	0.0001061715373403
545.0	Amino acids and Peptides	FCC698BD_006514-T1	nrps	1	2	False	True	False	5.5012294753038	0.0001061715373403
545.0	Amino acids and Peptides	FCC698BD_006575-T1	nrps	1	2	False	True	False	5.5012294753038	0.0001061715373403
545.0	Amino acids and Peptides	FCC698BD_007329-T1	nrps	1	2	False	True	False	5.5012294753038	0.0001061715373403
545.0	Amino acids and Peptides	FCC698BD_007727-T1	nrps	1	2	False	True	False	5.5012294753038	0.0001061715373403
545.0	Amino acids and Peptides	FCC698BD_007797-T1	nrps	1	2	False	True	False	5.5012294753038	0.0001061715373403
3940.0	Amino acids and Peptides	FCC698BD_000146-T1	nrps	2	2	False	True	False	5.339158109785667	0.0158831302939142
3940.0	Amino acids and Peptides	FCC698BD_000240-T1	nrps	1	2	False	True	False	5.339158109785667	0.0158831302939142
3940.0	Amino acids and Peptides	FCC698BD_000473-T1	nrps	1	2	False	True	False	5.339158109785667	0.0158831302939142
3940.0	Amino acids and Peptides	FCC698BD_000498-T1	nrps	1	2	False	True	False	5.339158109785667	0.0158831302939142
3940.0	Amino acids and Peptides	FCC698BD_000635-T1	nrps	1	2	False	True	False	5.339158109785667	0.0158831302939142
3940.0	Amino acids and Peptides	FCC698BD_000950-T1	nrps	1	2	False	True	False	5.339158109785667	0.0158831302939142
3940.0	Amino acids and Peptides	FCC698BD_001528-T1	nrps	3	2	False	True	False	5.339158109785667	0.0158831302939142
3940.0	Amino acids and Peptides	FCC698BD_001972-T1	nrps	1	2	False	True	False	5.339158109785667	0.0158831302939142
3940.0	Amino acids and Peptides	FCC698BD_002392-T1	nrps	1	2	False	True	False	5.339158109785667	0.0158831302939142
3940.0	Amino acids and Peptides	FCC698BD_003040-T1	nrps	1	2	False	True	False	5.339158109785667	0.0158831302939142
3940.0	Amino acids and Peptides	FCC698BD_005496-T1	nrps	1	2	False	True	False	5.339158109785667	0.0158831302939142
3940.0	Amino acids and Peptides	FCC698BD_006454-T1	nrps	1	2	False	True	False	5.339158109785667	0.0158831302939142
3940.0	Amino acids and Peptides	FCC698BD_006514-T1	nrps	1	2	False	True	False	5.339158109785667	0.0158831302939142
3940.0	Amino acids and Peptides	FCC698BD_006575-T1	nrps	1	2	False	True	False	5.339158109785667	0.0158831302939142
3940.0	Amino acids and Peptides	FCC698BD_007329-T1	nrps	1	2	False	True	False	5.339158109785667	0.0158831302939142
3940.0	Amino acids and Peptides	FCC698BD_007727-T1	nrps	1	2	False	True	False	5.339158109785667	0.0158831302939142
3940.0	Amino acids and Peptides	FCC698BD_007797-T1	nrps	1	2	False	True	False	5.339158109785667	0.0158831302939142
1196.0	Amino acids and Peptides	FCC698BD_000146-T1	nrps	2	2	False	True	False	4.682862268382656	3.102730921661118e-05
1196.0	Amino acids and Peptides	FCC698BD_000240-T1	nrps	1	2	False	True	False	4.682862268382656	3.102730921661118e-05
1196.0	Amino acids and Peptides	FCC698BD_000473-T1	nrps	1	2	False	True	False	4.682862268382656	3.102730921661118e-05
1196.0	Amino acids and Peptides	FCC698BD_000498-T1	nrps	1	2	False	True	False	4.682862268382656	3.102730921661118e-05
1196.0	Amino acids and Peptides	FCC698BD_000635-T1	nrps	1	2	False	True	False	4.682862268382656	3.102730921661118e-05
1196.0	Amino acids and Peptides	FCC698BD_000950-T1	nrps	1	2	False	True	False	4.682862268382656	3.102730921661118e-05
1196.0	Amino acids and Peptides	FCC698BD_001528-T1	nrps	3	2	False	True	False	4.682862268382656	3.102730921661118e-05
1196.0	Amino acids and Peptides	FCC698BD_001972-T1	nrps	1	2	False	True	False	4.682862268382656	3.102730921661118e-05
1196.0	Amino acids and Peptides	FCC698BD_002392-T1	nrps	1	2	False	True	False	4.682862268382656	3.102730921661118e-05
1196.0	Amino acids and Peptides	FCC698BD_003040-T1	nrps	1	2	False	True	False	4.682862268382656	3.102730921661118e-05
1196.0	Amino acids and Peptides	FCC698BD_005496-T1	nrps	1	2	False	True	False	4.682862268382656	3.102730921661118e-05
1196.0	Amino acids and Peptides	FCC698BD_006454-T1	nrps	1	2	False	True	False	4.682862268382656	3.102730921661118e-05
1196.0	Amino acids and Peptides	FCC698BD_006514-T1	nrps	1	2	False	True	False	4.682862268382656	3.102730921661118e-05
1196.0	Amino acids and Peptides	FCC698BD_006575-T1	nrps	1	2	False	True	False	4.682862268382656	3.102730921661118e-05
1196.0	Amino acids and Peptides	FCC698BD_007329-T1	nrps	1	2	False	True	False	4.682862268382656	3.102730921661118e-05
1196.0	Amino acids and Peptides	FCC698BD_007727-T1	nrps	1	2	False	True	False	4.682862268382656	3.102730921661118e-05
1196.0	Amino acids and Peptides	FCC698BD_007797-T1	nrps	1	2	False	True	False	4.682862268382656	3.102730921661118e-05
4740.0	Polyketides	FCC698BD_000482-T1	pks	1	2	False	True	False	4.484556513751478	3.97827563370178e-05
4740.0	Polyketides	FCC698BD_000649-T1	pks	1	2	False	True	False	4.484556513751478	3.97827563370178e-05
4740.0	Polyketides	FCC698BD_001104-T1	pks	2	2	False	True	False	4.484556513751478	3.97827563370178e-05
4740.0	Polyketides	FCC698BD_001700-T1	pks	1	2	False	True	False	4.484556513751478	3.97827563370178e-05
4740.0	Polyketides	FCC698BD_001837-T1	pks	1	2	False	True	False	4.484556513751478	3.97827563370178e-05
4740.0	Polyketides	FCC698BD_002057-T1	pks	1	2	False	True	False	4.484556513751478	3.97827563370178e-05
4740.0	Polyketides	FCC698BD_002173-T1	pks	1	2	False	True	False	4.484556513751478	3.97827563370178e-05
4740.0	Polyketides	FCC698BD_003256-T1	pks	2	2	False	True	False	4.484556513751478	3.97827563370178e-05
4740.0	Polyketides	FCC698BD_003733-T1	pks	1	2	False	True	False	4.484556513751478	3.97827563370178e-05
4740.0	Polyketides	FCC698BD_004286-T1	pks	1	2	False	True	False	4.484556513751478	3.97827563370178e-05
4740.0	Polyketides	FCC698BD_005627-T1	pks	1	2	False	True	False	4.484556513751478	3.97827563370178e-05
4740.0	Polyketides	FCC698BD_005866-T1	pks	1	2	False	True	False	4.484556513751478	3.97827563370178e-05
4740.0	Polyketides	FCC698BD_008131-T1	pks	1	2	False	True	False	4.484556513751478	3.97827563370178e-05
2504.0	Amino acids and Peptides	FCC698BD_000146-T1	nrps	2	2	False	True	False	4.318581969348053	0.0060860084659845
2504.0	Amino acids and Peptides	FCC698BD_000240-T1	nrps	1	2	False	True	False	4.318581969348053	0.0060860084659845
2504.0	Amino acids and Peptides	FCC698BD_000473-T1	nrps	1	2	False	True	False	4.318581969348053	0.0060860084659845
2504.0	Amino acids and Peptides	FCC698BD_000498-T1	nrps	1	2	False	True	False	4.318581969348053	0.0060860084659845
2504.0	Amino acids and Peptides	FCC698BD_000635-T1	nrps	1	2	False	True	False	4.318581969348053	0.0060860084659845
2504.0	Amino acids and Peptides	FCC698BD_000950-T1	nrps	1	2	False	True	False	4.318581969348053	0.0060860084659845
2504.0	Amino acids and Peptides	FCC698BD_001528-T1	nrps	3	2	False	True	False	4.318581969348053	0.0060860084659845
2504.0	Amino acids and Peptides	FCC698BD_001972-T1	nrps	1	2	False	True	False	4.318581969348053	0.0060860084659845
2504.0	Amino acids and Peptides	FCC698BD_002392-T1	nrps	1	2	False	True	False	4.318581969348053	0.0060860084659845
2504.0	Amino acids and Peptides	FCC698BD_003040-T1	nrps	1	2	False	True	False	4.318581969348053	0.0060860084659845
2504.0	Amino acids and Peptides	FCC698BD_005496-T1	nrps	1	2	False	True	False	4.318581969348053	0.0060860084659845
2504.0	Amino acids and Peptides	FCC698BD_006454-T1	nrps	1	2	False	True	False	4.318581969348053	0.0060860084659845
2504.0	Amino acids and Peptides	FCC698BD_006514-T1	nrps	1	2	False	True	False	4.318581969348053	0.0060860084659845
2504.0	Amino acids and Peptides	FCC698BD_006575-T1	nrps	1	2	False	True	False	4.318581969348053	0.0060860084659845
2504.0	Amino acids and Peptides	FCC698BD_007329-T1	nrps	1	2	False	True	False	4.318581969348053	0.0060860084659845
2504.0	Amino acids and Peptides	FCC698BD_007727-T1	nrps	1	2	False	True	False	4.318581969348053	0.0060860084659845
2504.0	Amino acids and Peptides	FCC698BD_007797-T1	nrps	1	2	False	True	False	4.318581969348053	0.0060860084659845
1867.0	Amino acids and Peptides	FCC698BD_000146-T1	nrps	2	2	False	True	False	4.242692155642773	3.484320045994495e-05
1867.0	Amino acids and Peptides	FCC698BD_000240-T1	nrps	1	2	False	True	False	4.242692155642773	3.484320045994495e-05
1867.0	Amino acids and Peptides	FCC698BD_000473-T1	nrps	1	2	False	True	False	4.242692155642773	3.484320045994495e-05
1867.0	Amino acids and Peptides	FCC698BD_000498-T1	nrps	1	2	False	True	False	4.242692155642773	3.484320045994495e-05
1867.0	Amino acids and Peptides	FCC698BD_000635-T1	nrps	1	2	False	True	False	4.242692155642773	3.484320045994495e-05
1867.0	Amino acids and Peptides	FCC698BD_000950-T1	nrps	1	2	False	True	False	4.242692155642773	3.484320045994495e-05
1867.0	Amino acids and Peptides	FCC698BD_001528-T1	nrps	3	2	False	True	False	4.242692155642773	3.484320045994495e-05
1867.0	Amino acids and Peptides	FCC698BD_001972-T1	nrps	1	2	False	True	False	4.242692155642773	3.484320045994495e-05
1867.0	Amino acids and Peptides	FCC698BD_002392-T1	nrps	1	2	False	True	False	4.242692155642773	3.484320045994495e-05
1867.0	Amino acids and Peptides	FCC698BD_003040-T1	nrps	1	2	False	True	False	4.242692155642773	3.484320045994495e-05
1867.0	Amino acids and Peptides	FCC698BD_005496-T1	nrps	1	2	False	True	False	4.242692155642773	3.484320045994495e-05
1867.0	Amino acids and Peptides	FCC698BD_006454-T1	nrps	1	2	False	True	False	4.242692155642773	3.484320045994495e-05
1867.0	Amino acids and Peptides	FCC698BD_006514-T1	nrps	1	2	False	True	False	4.242692155642773	3.484320045994495e-05
1867.0	Amino acids and Peptides	FCC698BD_006575-T1	nrps	1	2	False	True	False	4.242692155642773	3.484320045994495e-05
1867.0	Amino acids and Peptides	FCC698BD_007329-T1	nrps	1	2	False	True	False	4.242692155642773	3.484320045994495e-05
1867.0	Amino acids and Peptides	FCC698BD_007727-T1	nrps	1	2	False	True	False	4.242692155642773	3.484320045994495e-05
1867.0	Amino acids and Peptides	FCC698BD_007797-T1	nrps	1	2	False	True	False	4.242692155642773	3.484320045994495e-05
1964.0	Amino acids and Peptides	FCC698BD_000146-T1	nrps	2	2	False	True	False	4.163189688388624	0.0050028750261297
1964.0	Amino acids and Peptides	FCC698BD_000240-T1	nrps	1	2	False	True	False	4.163189688388624	0.0050028750261297
1964.0	Amino acids and Peptides	FCC698BD_000473-T1	nrps	1	2	False	True	False	4.163189688388624	0.0050028750261297
1964.0	Amino acids and Peptides	FCC698BD_000498-T1	nrps	1	2	False	True	False	4.163189688388624	0.0050028750261297
1964.0	Amino acids and Peptides	FCC698BD_000635-T1	nrps	1	2	False	True	False	4.163189688388624	0.0050028750261297
1964.0	Amino acids and Peptides	FCC698BD_000950-T1	nrps	1	2	False	True	False	4.163189688388624	0.0050028750261297
1964.0	Amino acids and Peptides	FCC698BD_001528-T1	nrps	3	2	False	True	False	4.163189688388624	0.0050028750261297
1964.0	Amino acids and Peptides	FCC698BD_001972-T1	nrps	1	2	False	True	False	4.163189688388624	0.0050028750261297
1964.0	Amino acids and Peptides	FCC698BD_002392-T1	nrps	1	2	False	True	False	4.163189688388624	0.0050028750261297
1964.0	Amino acids and Peptides	FCC698BD_003040-T1	nrps	1	2	False	True	False	4.163189688388624	0.0050028750261297
1964.0	Amino acids and Peptides	FCC698BD_005496-T1	nrps	1	2	False	True	False	4.163189688388624	0.0050028750261297
1964.0	Amino acids and Peptides	FCC698BD_006454-T1	nrps	1	2	False	True	False	4.163189688388624	0.0050028750261297
1964.0	Amino acids and Peptides	FCC698BD_006514-T1	nrps	1	2	False	True	False	4.163189688388624	0.0050028750261297
1964.0	Amino acids and Peptides	FCC698BD_006575-T1	nrps	1	2	False	True	False	4.163189688388624	0.0050028750261297
1964.0	Amino acids and Peptides	FCC698BD_007329-T1	nrps	1	2	False	True	False	4.163189688388624	0.0050028750261297
1964.0	Amino acids and Peptides	FCC698BD_007727-T1	nrps	1	2	False	True	False	4.163189688388624	0.0050028750261297
1964.0	Amino acids and Peptides	FCC698BD_007797-T1	nrps	1	2	False	True	False	4.163189688388624	0.0050028750261297
2124.0	Amino acids and Peptides	FCC698BD_000146-T1	nrps	2	2	False	True	False	4.092219063595006	3.102730921661118e-05
2124.0	Amino acids and Peptides	FCC698BD_000240-T1	nrps	1	2	False	True	False	4.092219063595006	3.102730921661118e-05
2124.0	Amino acids and Peptides	FCC698BD_000473-T1	nrps	1	2	False	True	False	4.092219063595006	3.102730921661118e-05
2124.0	Amino acids and Peptides	FCC698BD_000498-T1	nrps	1	2	False	True	False	4.092219063595006	3.102730921661118e-05
2124.0	Amino acids and Peptides	FCC698BD_000635-T1	nrps	1	2	False	True	False	4.092219063595006	3.102730921661118e-05
2124.0	Amino acids and Peptides	FCC698BD_000950-T1	nrps	1	2	False	True	False	4.092219063595006	3.102730921661118e-05
2124.0	Amino acids and Peptides	FCC698BD_001528-T1	nrps	3	2	False	True	False	4.092219063595006	3.102730921661118e-05
2124.0	Amino acids and Peptides	FCC698BD_001972-T1	nrps	1	2	False	True	False	4.092219063595006	3.102730921661118e-05
2124.0	Amino acids and Peptides	FCC698BD_002392-T1	nrps	1	2	False	True	False	4.092219063595006	3.102730921661118e-05
2124.0	Amino acids and Peptides	FCC698BD_003040-T1	nrps	1	2	False	True	False	4.092219063595006	3.102730921661118e-05
2124.0	Amino acids and Peptides	FCC698BD_005496-T1	nrps	1	2	False	True	False	4.092219063595006	3.102730921661118e-05
2124.0	Amino acids and Peptides	FCC698BD_006454-T1	nrps	1	2	False	True	False	4.092219063595006	3.102730921661118e-05
2124.0	Amino acids and Peptides	FCC698BD_006514-T1	nrps	1	2	False	True	False	4.092219063595006	3.102730921661118e-05
2124.0	Amino acids and Peptides	FCC698BD_006575-T1	nrps	1	2	False	True	False	4.092219063595006	3.102730921661118e-05
2124.0	Amino acids and Peptides	FCC698BD_007329-T1	nrps	1	2	False	True	False	4.092219063595006	3.102730921661118e-05
2124.0	Amino acids and Peptides	FCC698BD_007727-T1	nrps	1	2	False	True	False	4.092219063595006	3.102730921661118e-05
2124.0	Amino acids and Peptides	FCC698BD_007797-T1	nrps	1	2	False	True	False	4.092219063595006	3.102730921661118e-05
8063.0	Amino acids and Peptides	FCC698BD_000146-T1	nrps	2	2	False	True	False	4.085233362194532	8.881503577004114e-05
8063.0	Amino acids and Peptides	FCC698BD_000240-T1	nrps	1	2	False	True	False	4.085233362194532	8.881503577004114e-05
8063.0	Amino acids and Peptides	FCC698BD_000473-T1	nrps	1	2	False	True	False	4.085233362194532	8.881503577004114e-05
8063.0	Amino acids and Peptides	FCC698BD_000498-T1	nrps	1	2	False	True	False	4.085233362194532	8.881503577004114e-05
8063.0	Amino acids and Peptides	FCC698BD_000635-T1	nrps	1	2	False	True	False	4.085233362194532	8.881503577004114e-05
8063.0	Amino acids and Peptides	FCC698BD_000950-T1	nrps	1	2	False	True	False	4.085233362194532	8.881503577004114e-05
8063.0	Amino acids and Peptides	FCC698BD_001528-T1	nrps	3	2	False	True	False	4.085233362194532	8.881503577004114e-05
8063.0	Amino acids and Peptides	FCC698BD_001972-T1	nrps	1	2	False	True	False	4.085233362194532	8.881503577004114e-05
8063.0	Amino acids and Peptides	FCC698BD_002392-T1	nrps	1	2	False	True	False	4.085233362194532	8.881503577004114e-05
8063.0	Amino acids and Peptides	FCC698BD_003040-T1	nrps	1	2	False	True	False	4.085233362194532	8.881503577004114e-05
8063.0	Amino acids and Peptides	FCC698BD_005496-T1	nrps	1	2	False	True	False	4.085233362194532	8.881503577004114e-05
8063.0	Amino acids and Peptides	FCC698BD_006454-T1	nrps	1	2	False	True	False	4.085233362194532	8.881503577004114e-05
8063.0	Amino acids and Peptides	FCC698BD_006514-T1	nrps	1	2	False	True	False	4.085233362194532	8.881503577004114e-05
8063.0	Amino acids and Peptides	FCC698BD_006575-T1	nrps	1	2	False	True	False	4.085233362194532	8.881503577004114e-05
8063.0	Amino acids and Peptides	FCC698BD_007329-T1	nrps	1	2	False	True	False	4.085233362194532	8.881503577004114e-05
8063.0	Amino acids and Peptides	FCC698BD_007727-T1	nrps	1	2	False	True	False	4.085233362194532	8.881503577004114e-05
8063.0	Amino acids and Peptides	FCC698BD_007797-T1	nrps	1	2	False	True	False	4.085233362194532	8.881503577004114e-05
5556.0	Amino acids and Peptides	FCC698BD_000146-T1	nrps	2	2	False	True	False	3.96142649970643	3.102730921661118e-05
5556.0	Amino acids and Peptides	FCC698BD_000240-T1	nrps	1	2	False	True	False	3.96142649970643	3.102730921661118e-05
5556.0	Amino acids and Peptides	FCC698BD_000473-T1	nrps	1	2	False	True	False	3.96142649970643	3.102730921661118e-05
5556.0	Amino acids and Peptides	FCC698BD_000498-T1	nrps	1	2	False	True	False	3.96142649970643	3.102730921661118e-05
5556.0	Amino acids and Peptides	FCC698BD_000635-T1	nrps	1	2	False	True	False	3.96142649970643	3.102730921661118e-05
5556.0	Amino acids and Peptides	FCC698BD_000950-T1	nrps	1	2	False	True	False	3.96142649970643	3.102730921661118e-05
5556.0	Amino acids and Peptides	FCC698BD_001528-T1	nrps	3	2	False	True	False	3.96142649970643	3.102730921661118e-05
5556.0	Amino acids and Peptides	FCC698BD_001972-T1	nrps	1	2	False	True	False	3.96142649970643	3.102730921661118e-05
5556.0	Amino acids and Peptides	FCC698BD_002392-T1	nrps	1	2	False	True	False	3.96142649970643	3.102730921661118e-05
5556.0	Amino acids and Peptides	FCC698BD_003040-T1	nrps	1	2	False	True	False	3.96142649970643	3.102730921661118e-05
5556.0	Amino acids and Peptides	FCC698BD_005496-T1	nrps	1	2	False	True	False	3.96142649970643	3.102730921661118e-05
5556.0	Amino acids and Peptides	FCC698BD_006454-T1	nrps	1	2	False	True	False	3.96142649970643	3.102730921661118e-05
5556.0	Amino acids and Peptides	FCC698BD_006514-T1	nrps	1	2	False	True	False	3.96142649970643	3.102730921661118e-05
5556.0	Amino acids and Peptides	FCC698BD_006575-T1	nrps	1	2	False	True	False	3.96142649970643	3.102730921661118e-05
5556.0	Amino acids and Peptides	FCC698BD_007329-T1	nrps	1	2	False	True	False	3.96142649970643	3.102730921661118e-05
5556.0	Amino acids and Peptides	FCC698BD_007727-T1	nrps	1	2	False	True	False	3.96142649970643	3.102730921661118e-05
5556.0	Amino acids and Peptides	FCC698BD_007797-T1	nrps	1	2	False	True	False	3.96142649970643	3.102730921661118e-05
540.0	Amino acids and Peptides	FCC698BD_000146-T1	nrps	2	2	False	True	False	3.9399501012982174	0.0093114882439996
540.0	Amino acids and Peptides	FCC698BD_000240-T1	nrps	1	2	False	True	False	3.9399501012982174	0.0093114882439996
540.0	Amino acids and Peptides	FCC698BD_000473-T1	nrps	1	2	False	True	False	3.9399501012982174	0.0093114882439996
540.0	Amino acids and Peptides	FCC698BD_000498-T1	nrps	1	2	False	True	False	3.9399501012982174	0.0093114882439996
540.0	Amino acids and Peptides	FCC698BD_000635-T1	nrps	1	2	False	True	False	3.9399501012982174	0.0093114882439996
540.0	Amino acids and Peptides	FCC698BD_000950-T1	nrps	1	2	False	True	False	3.9399501012982174	0.0093114882439996
540.0	Amino acids and Peptides	FCC698BD_001528-T1	nrps	3	2	False	True	False	3.9399501012982174	0.0093114882439996
540.0	Amino acids and Peptides	FCC698BD_001972-T1	nrps	1	2	False	True	False	3.9399501012982174	0.0093114882439996
540.0	Amino acids and Peptides	FCC698BD_002392-T1	nrps	1	2	False	True	False	3.9399501012982174	0.0093114882439996
540.0	Amino acids and Peptides	FCC698BD_003040-T1	nrps	1	2	False	True	False	3.9399501012982174	0.0093114882439996
540.0	Amino acids and Peptides	FCC698BD_005496-T1	nrps	1	2	False	True	False	3.9399501012982174	0.0093114882439996
540.0	Amino acids and Peptides	FCC698BD_006454-T1	nrps	1	2	False	True	False	3.9399501012982174	0.0093114882439996
540.0	Amino acids and Peptides	FCC698BD_006514-T1	nrps	1	2	False	True	False	3.9399501012982174	0.0093114882439996
540.0	Amino acids and Peptides	FCC698BD_006575-T1	nrps	1	2	False	True	False	3.9399501012982174	0.0093114882439996
540.0	Amino acids and Peptides	FCC698BD_007329-T1	nrps	1	2	False	True	False	3.9399501012982174	0.0093114882439996
540.0	Amino acids and Peptides	FCC698BD_007727-T1	nrps	1	2	False	True	False	3.9399501012982174	0.0093114882439996
540.0	Amino acids and Peptides	FCC698BD_007797-T1	nrps	1	2	False	True	False	3.9399501012982174	0.0093114882439996
345.0	Amino acids and Peptides	FCC698BD_000146-T1	nrps	2	2	False	True	False	3.922634500547032	3.697429133173694e-05
345.0	Amino acids and Peptides	FCC698BD_000240-T1	nrps	1	2	False	True	False	3.922634500547032	3.697429133173694e-05
345.0	Amino acids and Peptides	FCC698BD_000473-T1	nrps	1	2	False	True	False	3.922634500547032	3.697429133173694e-05
345.0	Amino acids and Peptides	FCC698BD_000498-T1	nrps	1	2	False	True	False	3.922634500547032	3.697429133173694e-05
345.0	Amino acids and Peptides	FCC698BD_000635-T1	nrps	1	2	False	True	False	3.922634500547032	3.697429133173694e-05
345.0	Amino acids and Peptides	FCC698BD_000950-T1	nrps	1	2	False	True	False	3.922634500547032	3.697429133173694e-05
345.0	Amino acids and Peptides	FCC698BD_001528-T1	nrps	3	2	False	True	False	3.922634500547032	3.697429133173694e-05
345.0	Amino acids and Peptides	FCC698BD_001972-T1	nrps	1	2	False	True	False	3.922634500547032	3.697429133173694e-05
345.0	Amino acids and Peptides	FCC698BD_002392-T1	nrps	1	2	False	True	False	3.922634500547032	3.697429133173694e-05
345.0	Amino acids and Peptides	FCC698BD_003040-T1	nrps	1	2	False	True	False	3.922634500547032	3.697429133173694e-05
345.0	Amino acids and Peptides	FCC698BD_005496-T1	nrps	1	2	False	True	False	3.922634500547032	3.697429133173694e-05
345.0	Amino acids and Peptides	FCC698BD_006454-T1	nrps	1	2	False	True	False	3.922634500547032	3.697429133173694e-05
345.0	Amino acids and Peptides	FCC698BD_006514-T1	nrps	1	2	False	True	False	3.922634500547032	3.697429133173694e-05
345.0	Amino acids and Peptides	FCC698BD_006575-T1	nrps	1	2	False	True	False	3.922634500547032	3.697429133173694e-05
345.0	Amino acids and Peptides	FCC698BD_007329-T1	nrps	1	2	False	True	False	3.922634500547032	3.697429133173694e-05
345.0	Amino acids and Peptides	FCC698BD_007727-T1	nrps	1	2	False	True	False	3.922634500547032	3.697429133173694e-05
345.0	Amino acids and Peptides	FCC698BD_007797-T1	nrps	1	2	False	True	False	3.922634500547032	3.697429133173694e-05
3458.0	Amino acids and Peptides	FCC698BD_000146-T1	nrps	2	2	False	True	False	3.871864088216997	0.000108629239663
3458.0	Amino acids and Peptides	FCC698BD_000240-T1	nrps	1	2	False	True	False	3.871864088216997	0.000108629239663
3458.0	Amino acids and Peptides	FCC698BD_000473-T1	nrps	1	2	False	True	False	3.871864088216997	0.000108629239663
3458.0	Amino acids and Peptides	FCC698BD_000498-T1	nrps	1	2	False	True	False	3.871864088216997	0.000108629239663
3458.0	Amino acids and Peptides	FCC698BD_000635-T1	nrps	1	2	False	True	False	3.871864088216997	0.000108629239663
3458.0	Amino acids and Peptides	FCC698BD_000950-T1	nrps	1	2	False	True	False	3.871864088216997	0.000108629239663
3458.0	Amino acids and Peptides	FCC698BD_001528-T1	nrps	3	2	False	True	False	3.871864088216997	0.000108629239663
3458.0	Amino acids and Peptides	FCC698BD_001972-T1	nrps	1	2	False	True	False	3.871864088216997	0.000108629239663
3458.0	Amino acids and Peptides	FCC698BD_002392-T1	nrps	1	2	False	True	False	3.871864088216997	0.000108629239663
3458.0	Amino acids and Peptides	FCC698BD_003040-T1	nrps	1	2	False	True	False	3.871864088216997	0.000108629239663
3458.0	Amino acids and Peptides	FCC698BD_005496-T1	nrps	1	2	False	True	False	3.871864088216997	0.000108629239663
3458.0	Amino acids and Peptides	FCC698BD_006454-T1	nrps	1	2	False	True	False	3.871864088216997	0.000108629239663
3458.0	Amino acids and Peptides	FCC698BD_006514-T1	nrps	1	2	False	True	False	3.871864088216997	0.000108629239663
3458.0	Amino acids and Peptides	FCC698BD_006575-T1	nrps	1	2	False	True	False	3.871864088216997	0.000108629239663
3458.0	Amino acids and Peptides	FCC698BD_007329-T1	nrps	1	2	False	True	False	3.871864088216997	0.000108629239663
3458.0	Amino acids and Peptides	FCC698BD_007727-T1	nrps	1	2	False	True	False	3.871864088216997	0.000108629239663
3458.0	Amino acids and Peptides	FCC698BD_007797-T1	nrps	1	2	False	True	False	3.871864088216997	0.000108629239663
5048.0	Amino acids and Peptides	FCC698BD_000146-T1	nrps	2	2	False	True	False	3.742104972582098	0.0006369711587436
5048.0	Amino acids and Peptides	FCC698BD_000240-T1	nrps	1	2	False	True	False	3.742104972582098	0.0006369711587436
5048.0	Amino acids and Peptides	FCC698BD_000473-T1	nrps	1	2	False	True	False	3.742104972582098	0.0006369711587436
5048.0	Amino acids and Peptides	FCC698BD_000498-T1	nrps	1	2	False	True	False	3.742104972582098	0.0006369711587436
5048.0	Amino acids and Peptides	FCC698BD_000635-T1	nrps	1	2	False	True	False	3.742104972582098	0.0006369711587436
5048.0	Amino acids and Peptides	FCC698BD_000950-T1	nrps	1	2	False	True	False	3.742104972582098	0.0006369711587436
5048.0	Amino acids and Peptides	FCC698BD_001528-T1	nrps	3	2	False	True	False	3.742104972582098	0.0006369711587436
5048.0	Amino acids and Peptides	FCC698BD_001972-T1	nrps	1	2	False	True	False	3.742104972582098	0.0006369711587436
5048.0	Amino acids and Peptides	FCC698BD_002392-T1	nrps	1	2	False	True	False	3.742104972582098	0.0006369711587436
5048.0	Amino acids and Peptides	FCC698BD_003040-T1	nrps	1	2	False	True	False	3.742104972582098	0.0006369711587436
5048.0	Amino acids and Peptides	FCC698BD_005496-T1	nrps	1	2	False	True	False	3.742104972582098	0.0006369711587436
5048.0	Amino acids and Peptides	FCC698BD_006454-T1	nrps	1	2	False	True	False	3.742104972582098	0.0006369711587436
5048.0	Amino acids and Peptides	FCC698BD_006514-T1	nrps	1	2	False	True	False	3.742104972582098	0.0006369711587436
5048.0	Amino acids and Peptides	FCC698BD_006575-T1	nrps	1	2	False	True	False	3.742104972582098	0.0006369711587436
5048.0	Amino acids and Peptides	FCC698BD_007329-T1	nrps	1	2	False	True	False	3.742104972582098	0.0006369711587436
5048.0	Amino acids and Peptides	FCC698BD_007727-T1	nrps	1	2	False	True	False	3.742104972582098	0.0006369711587436
5048.0	Amino acids and Peptides	FCC698BD_007797-T1	nrps	1	2	False	True	False	3.742104972582098	0.0006369711587436
8466.0	Amino acids and Peptides	FCC698BD_000146-T1	nrps	2	2	False	True	False	3.703237212995688	0.0091943306967312
8466.0	Amino acids and Peptides	FCC698BD_000240-T1	nrps	1	2	False	True	False	3.703237212995688	0.0091943306967312
8466.0	Amino acids and Peptides	FCC698BD_000473-T1	nrps	1	2	False	True	False	3.703237212995688	0.0091943306967312
8466.0	Amino acids and Peptides	FCC698BD_000498-T1	nrps	1	2	False	True	False	3.703237212995688	0.0091943306967312
8466.0	Amino acids and Peptides	FCC698BD_000635-T1	nrps	1	2	False	True	False	3.703237212995688	0.0091943306967312
8466.0	Amino acids and Peptides	FCC698BD_000950-T1	nrps	1	2	False	True	False	3.703237212995688	0.0091943306967312
8466.0	Amino acids and Peptides	FCC698BD_001528-T1	nrps	3	2	False	True	False	3.703237212995688	0.0091943306967312
8466.0	Amino acids and Peptides	FCC698BD_001972-T1	nrps	1	2	False	True	False	3.703237212995688	0.0091943306967312
8466.0	Amino acids and Peptides	FCC698BD_002392-T1	nrps	1	2	False	True	False	3.703237212995688	0.0091943306967312
8466.0	Amino acids and Peptides	FCC698BD_003040-T1	nrps	1	2	False	True	False	3.703237212995688	0.0091943306967312
8466.0	Amino acids and Peptides	FCC698BD_005496-T1	nrps	1	2	False	True	False	3.703237212995688	0.0091943306967312
8466.0	Amino acids and Peptides	FCC698BD_006454-T1	nrps	1	2	False	True	False	3.703237212995688	0.0091943306967312
8466.0	Amino acids and Peptides	FCC698BD_006514-T1	nrps	1	2	False	True	False	3.703237212995688	0.0091943306967312
8466.0	Amino acids and Peptides	FCC698BD_006575-T1	nrps	1	2	False	True	False	3.703237212995688	0.0091943306967312
8466.0	Amino acids and Peptides	FCC698BD_007329-T1	nrps	1	2	False	True	False	3.703237212995688	0.0091943306967312
8466.0	Amino acids and Peptides	FCC698BD_007727-T1	nrps	1	2	False	True	False	3.703237212995688	0.0091943306967312
8466.0	Amino acids and Peptides	FCC698BD_007797-T1	nrps	1	2	False	True	False	3.703237212995688	0.0091943306967312
315.0	Amino acids and Peptides	FCC698BD_000146-T1	nrps	2	2	False	True	False	3.654373417303202	3.102730921661118e-05
315.0	Amino acids and Peptides	FCC698BD_000240-T1	nrps	1	2	False	True	False	3.654373417303202	3.102730921661118e-05
315.0	Amino acids and Peptides	FCC698BD_000473-T1	nrps	1	2	False	True	False	3.654373417303202	3.102730921661118e-05
315.0	Amino acids and Peptides	FCC698BD_000498-T1	nrps	1	2	False	True	False	3.654373417303202	3.102730921661118e-05
315.0	Amino acids and Peptides	FCC698BD_000635-T1	nrps	1	2	False	True	False	3.654373417303202	3.102730921661118e-05
315.0	Amino acids and Peptides	FCC698BD_000950-T1	nrps	1	2	False	True	False	3.654373417303202	3.102730921661118e-05
315.0	Amino acids and Peptides	FCC698BD_001528-T1	nrps	3	2	False	True	False	3.654373417303202	3.102730921661118e-05
315.0	Amino acids and Peptides	FCC698BD_001972-T1	nrps	1	2	False	True	False	3.654373417303202	3.102730921661118e-05
315.0	Amino acids and Peptides	FCC698BD_002392-T1	nrps	1	2	False	True	False	3.654373417303202	3.102730921661118e-05
315.0	Amino acids and Peptides	FCC698BD_003040-T1	nrps	1	2	False	True	False	3.654373417303202	3.102730921661118e-05
315.0	Amino acids and Peptides	FCC698BD_005496-T1	nrps	1	2	False	True	False	3.654373417303202	3.102730921661118e-05
315.0	Amino acids and Peptides	FCC698BD_006454-T1	nrps	1	2	False	True	False	3.654373417303202	3.102730921661118e-05
315.0	Amino acids and Peptides	FCC698BD_006514-T1	nrps	1	2	False	True	False	3.654373417303202	3.102730921661118e-05
315.0	Amino acids and Peptides	FCC698BD_006575-T1	nrps	1	2	False	True	False	3.654373417303202	3.102730921661118e-05
315.0	Amino acids and Peptides	FCC698BD_007329-T1	nrps	1	2	False	True	False	3.654373417303202	3.102730921661118e-05
315.0	Amino acids and Peptides	FCC698BD_007727-T1	nrps	1	2	False	True	False	3.654373417303202	3.102730921661118e-05
315.0	Amino acids and Peptides	FCC698BD_007797-T1	nrps	1	2	False	True	False	3.654373417303202	3.102730921661118e-05
2255.0	Amino acids and Peptides	FCC698BD_000146-T1	nrps	2	2	False	True	False	3.639654434339972	3.333389857881452e-05
2255.0	Amino acids and Peptides	FCC698BD_000240-T1	nrps	1	2	False	True	False	3.639654434339972	3.333389857881452e-05
2255.0	Amino acids and Peptides	FCC698BD_000473-T1	nrps	1	2	False	True	False	3.639654434339972	3.333389857881452e-05
2255.0	Amino acids and Peptides	FCC698BD_000498-T1	nrps	1	2	False	True	False	3.639654434339972	3.333389857881452e-05
2255.0	Amino acids and Peptides	FCC698BD_000635-T1	nrps	1	2	False	True	False	3.639654434339972	3.333389857881452e-05
2255.0	Amino acids and Peptides	FCC698BD_000950-T1	nrps	1	2	False	True	False	3.639654434339972	3.333389857881452e-05
2255.0	Amino acids and Peptides	FCC698BD_001528-T1	nrps	3	2	False	True	False	3.639654434339972	3.333389857881452e-05
2255.0	Amino acids and Peptides	FCC698BD_001972-T1	nrps	1	2	False	True	False	3.639654434339972	3.333389857881452e-05
2255.0	Amino acids and Peptides	FCC698BD_002392-T1	nrps	1	2	False	True	False	3.639654434339972	3.333389857881452e-05
2255.0	Amino acids and Peptides	FCC698BD_003040-T1	nrps	1	2	False	True	False	3.639654434339972	3.333389857881452e-05
2255.0	Amino acids and Peptides	FCC698BD_005496-T1	nrps	1	2	False	True	False	3.639654434339972	3.333389857881452e-05
2255.0	Amino acids and Peptides	FCC698BD_006454-T1	nrps	1	2	False	True	False	3.639654434339972	3.333389857881452e-05
2255.0	Amino acids and Peptides	FCC698BD_006514-T1	nrps	1	2	False	True	False	3.639654434339972	3.333389857881452e-05
2255.0	Amino acids and Peptides	FCC698BD_006575-T1	nrps	1	2	False	True	False	3.639654434339972	3.333389857881452e-05
2255.0	Amino acids and Peptides	FCC698BD_007329-T1	nrps	1	2	False	True	False	3.639654434339972	3.333389857881452e-05
2255.0	Amino acids and Peptides	FCC698BD_007727-T1	nrps	1	2	False	True	False	3.639654434339972	3.333389857881452e-05
2255.0	Amino acids and Peptides	FCC698BD_007797-T1	nrps	1	2	False	True	False	3.639654434339972	3.333389857881452e-05
2093.0	Amino acids and Peptides	FCC698BD_000146-T1	nrps	2	2	False	True	False	3.547334579847262	3.102730921661118e-05
2093.0	Amino acids and Peptides	FCC698BD_000240-T1	nrps	1	2	False	True	False	3.547334579847262	3.102730921661118e-05
2093.0	Amino acids and Peptides	FCC698BD_000473-T1	nrps	1	2	False	True	False	3.547334579847262	3.102730921661118e-05
2093.0	Amino acids and Peptides	FCC698BD_000498-T1	nrps	1	2	False	True	False	3.547334579847262	3.102730921661118e-05
2093.0	Amino acids and Peptides	FCC698BD_000635-T1	nrps	1	2	False	True	False	3.547334579847262	3.102730921661118e-05
2093.0	Amino acids and Peptides	FCC698BD_000950-T1	nrps	1	2	False	True	False	3.547334579847262	3.102730921661118e-05
2093.0	Amino acids and Peptides	FCC698BD_001528-T1	nrps	3	2	False	True	False	3.547334579847262	3.102730921661118e-05
2093.0	Amino acids and Peptides	FCC698BD_001972-T1	nrps	1	2	False	True	False	3.547334579847262	3.102730921661118e-05
2093.0	Amino acids and Peptides	FCC698BD_002392-T1	nrps	1	2	False	True	False	3.547334579847262	3.102730921661118e-05
2093.0	Amino acids and Peptides	FCC698BD_003040-T1	nrps	1	2	False	True	False	3.547334579847262	3.102730921661118e-05
2093.0	Amino acids and Peptides	FCC698BD_005496-T1	nrps	1	2	False	True	False	3.547334579847262	3.102730921661118e-05
2093.0	Amino acids and Peptides	FCC698BD_006454-T1	nrps	1	2	False	True	False	3.547334579847262	3.102730921661118e-05
2093.0	Amino acids and Peptides	FCC698BD_006514-T1	nrps	1	2	False	True	False	3.547334579847262	3.102730921661118e-05
2093.0	Amino acids and Peptides	FCC698BD_006575-T1	nrps	1	2	False	True	False	3.547334579847262	3.102730921661118e-05
2093.0	Amino acids and Peptides	FCC698BD_007329-T1	nrps	1	2	False	True	False	3.547334579847262	3.102730921661118e-05
2093.0	Amino acids and Peptides	FCC698BD_007727-T1	nrps	1	2	False	True	False	3.547334579847262	3.102730921661118e-05
2093.0	Amino acids and Peptides	FCC698BD_007797-T1	nrps	1	2	False	True	False	3.547334579847262	3.102730921661118e-05
770.0	Amino acids and Peptides	FCC698BD_000146-T1	nrps	2	2	False	True	False	3.538356717796479	0.0173417863327148
770.0	Amino acids and Peptides	FCC698BD_000240-T1	nrps	1	2	False	True	False	3.538356717796479	0.0173417863327148
770.0	Amino acids and Peptides	FCC698BD_000473-T1	nrps	1	2	False	True	False	3.538356717796479	0.0173417863327148
770.0	Amino acids and Peptides	FCC698BD_000498-T1	nrps	1	2	False	True	False	3.538356717796479	0.0173417863327148
770.0	Amino acids and Peptides	FCC698BD_000635-T1	nrps	1	2	False	True	False	3.538356717796479	0.0173417863327148
770.0	Amino acids and Peptides	FCC698BD_000950-T1	nrps	1	2	False	True	False	3.538356717796479	0.0173417863327148
770.0	Amino acids and Peptides	FCC698BD_001528-T1	nrps	3	2	False	True	False	3.538356717796479	0.0173417863327148
770.0	Amino acids and Peptides	FCC698BD_001972-T1	nrps	1	2	False	True	False	3.538356717796479	0.0173417863327148
770.0	Amino acids and Peptides	FCC698BD_002392-T1	nrps	1	2	False	True	False	3.538356717796479	0.0173417863327148
770.0	Amino acids and Peptides	FCC698BD_003040-T1	nrps	1	2	False	True	False	3.538356717796479	0.0173417863327148
770.0	Amino acids and Peptides	FCC698BD_005496-T1	nrps	1	2	False	True	False	3.538356717796479	0.0173417863327148
770.0	Amino acids and Peptides	FCC698BD_006454-T1	nrps	1	2	False	True	False	3.538356717796479	0.0173417863327148
770.0	Amino acids and Peptides	FCC698BD_006514-T1	nrps	1	2	False	True	False	3.538356717796479	0.0173417863327148
770.0	Amino acids and Peptides	FCC698BD_006575-T1	nrps	1	2	False	True	False	3.538356717796479	0.0173417863327148
770.0	Amino acids and Peptides	FCC698BD_007329-T1	nrps	1	2	False	True	False	3.538356717796479	0.0173417863327148
770.0	Amino acids and Peptides	FCC698BD_007727-T1	nrps	1	2	False	True	False	3.538356717796479	0.0173417863327148
770.0	Amino acids and Peptides	FCC698BD_007797-T1	nrps	1	2	False	True	False	3.538356717796479	0.0173417863327148
624.0	Amino acids and Peptides	FCC698BD_000146-T1	nrps	2	2	False	True	False	3.466007838261958	7.047676666910806e-05
624.0	Amino acids and Peptides	FCC698BD_000240-T1	nrps	1	2	False	True	False	3.466007838261958	7.047676666910806e-05
624.0	Amino acids and Peptides	FCC698BD_000473-T1	nrps	1	2	False	True	False	3.466007838261958	7.047676666910806e-05
624.0	Amino acids and Peptides	FCC698BD_000498-T1	nrps	1	2	False	True	False	3.466007838261958	7.047676666910806e-05
624.0	Amino acids and Peptides	FCC698BD_000635-T1	nrps	1	2	False	True	False	3.466007838261958	7.047676666910806e-05
624.0	Amino acids and Peptides	FCC698BD_000950-T1	nrps	1	2	False	True	False	3.466007838261958	7.047676666910806e-05
624.0	Amino acids and Peptides	FCC698BD_001528-T1	nrps	3	2	False	True	False	3.466007838261958	7.047676666910806e-05
624.0	Amino acids and Peptides	FCC698BD_001972-T1	nrps	1	2	False	True	False	3.466007838261958	7.047676666910806e-05
624.0	Amino acids and Peptides	FCC698BD_002392-T1	nrps	1	2	False	True	False	3.466007838261958	7.047676666910806e-05
624.0	Amino acids and Peptides	FCC698BD_003040-T1	nrps	1	2	False	True	False	3.466007838261958	7.047676666910806e-05
624.0	Amino acids and Peptides	FCC698BD_005496-T1	nrps	1	2	False	True	False	3.466007838261958	7.047676666910806e-05
624.0	Amino acids and Peptides	FCC698BD_006454-T1	nrps	1	2	False	True	False	3.466007838261958	7.047676666910806e-05
624.0	Amino acids and Peptides	FCC698BD_006514-T1	nrps	1	2	False	True	False	3.466007838261958	7.047676666910806e-05
624.0	Amino acids and Peptides	FCC698BD_006575-T1	nrps	1	2	False	True	False	3.466007838261958	7.047676666910806e-05
624.0	Amino acids and Peptides	FCC698BD_007329-T1	nrps	1	2	False	True	False	3.466007838261958	7.047676666910806e-05
624.0	Amino acids and Peptides	FCC698BD_007727-T1	nrps	1	2	False	True	False	3.466007838261958	7.047676666910806e-05
624.0	Amino acids and Peptides	FCC698BD_007797-T1	nrps	1	2	False	True	False	3.466007838261958	7.047676666910806e-05
2483.0	Amino acids and Peptides	FCC698BD_000146-T1	nrps	2	2	False	True	False	3.4578467668505035	3.102730921661118e-05
2483.0	Amino acids and Peptides	FCC698BD_000240-T1	nrps	1	2	False	True	False	3.4578467668505035	3.102730921661118e-05
2483.0	Amino acids and Peptides	FCC698BD_000473-T1	nrps	1	2	False	True	False	3.4578467668505035	3.102730921661118e-05
2483.0	Amino acids and Peptides	FCC698BD_000498-T1	nrps	1	2	False	True	False	3.4578467668505035	3.102730921661118e-05
2483.0	Amino acids and Peptides	FCC698BD_000635-T1	nrps	1	2	False	True	False	3.4578467668505035	3.102730921661118e-05
2483.0	Amino acids and Peptides	FCC698BD_000950-T1	nrps	1	2	False	True	False	3.4578467668505035	3.102730921661118e-05
2483.0	Amino acids and Peptides	FCC698BD_001528-T1	nrps	3	2	False	True	False	3.4578467668505035	3.102730921661118e-05
2483.0	Amino acids and Peptides	FCC698BD_001972-T1	nrps	1	2	False	True	False	3.4578467668505035	3.102730921661118e-05
2483.0	Amino acids and Peptides	FCC698BD_002392-T1	nrps	1	2	False	True	False	3.4578467668505035	3.102730921661118e-05
2483.0	Amino acids and Peptides	FCC698BD_003040-T1	nrps	1	2	False	True	False	3.4578467668505035	3.102730921661118e-05
2483.0	Amino acids and Peptides	FCC698BD_005496-T1	nrps	1	2	False	True	False	3.4578467668505035	3.102730921661118e-05
2483.0	Amino acids and Peptides	FCC698BD_006454-T1	nrps	1	2	False	True	False	3.4578467668505035	3.102730921661118e-05
2483.0	Amino acids and Peptides	FCC698BD_006514-T1	nrps	1	2	False	True	False	3.4578467668505035	3.102730921661118e-05
2483.0	Amino acids and Peptides	FCC698BD_006575-T1	nrps	1	2	False	True	False	3.4578467668505035	3.102730921661118e-05
2483.0	Amino acids and Peptides	FCC698BD_007329-T1	nrps	1	2	False	True	False	3.4578467668505035	3.102730921661118e-05
2483.0	Amino acids and Peptides	FCC698BD_007727-T1	nrps	1	2	False	True	False	3.4578467668505035	3.102730921661118e-05
2483.0	Amino acids and Peptides	FCC698BD_007797-T1	nrps	1	2	False	True	False	3.4578467668505035	3.102730921661118e-05
1267.0	Amino acids and Peptides	FCC698BD_000146-T1	nrps	2	2	False	True	False	3.398873041377916	3.102730921661118e-05
1267.0	Amino acids and Peptides	FCC698BD_000240-T1	nrps	1	2	False	True	False	3.398873041377916	3.102730921661118e-05
1267.0	Amino acids and Peptides	FCC698BD_000473-T1	nrps	1	2	False	True	False	3.398873041377916	3.102730921661118e-05
1267.0	Amino acids and Peptides	FCC698BD_000498-T1	nrps	1	2	False	True	False	3.398873041377916	3.102730921661118e-05
1267.0	Amino acids and Peptides	FCC698BD_000635-T1	nrps	1	2	False	True	False	3.398873041377916	3.102730921661118e-05
1267.0	Amino acids and Peptides	FCC698BD_000950-T1	nrps	1	2	False	True	False	3.398873041377916	3.102730921661118e-05
1267.0	Amino acids and Peptides	FCC698BD_001528-T1	nrps	3	2	False	True	False	3.398873041377916	3.102730921661118e-05
1267.0	Amino acids and Peptides	FCC698BD_001972-T1	nrps	1	2	False	True	False	3.398873041377916	3.102730921661118e-05
1267.0	Amino acids and Peptides	FCC698BD_002392-T1	nrps	1	2	False	True	False	3.398873041377916	3.102730921661118e-05
1267.0	Amino acids and Peptides	FCC698BD_003040-T1	nrps	1	2	False	True	False	3.398873041377916	3.102730921661118e-05
1267.0	Amino acids and Peptides	FCC698BD_005496-T1	nrps	1	2	False	True	False	3.398873041377916	3.102730921661118e-05
1267.0	Amino acids and Peptides	FCC698BD_006454-T1	nrps	1	2	False	True	False	3.398873041377916	3.102730921661118e-05
1267.0	Amino acids and Peptides	FCC698BD_006514-T1	nrps	1	2	False	True	False	3.398873041377916	3.102730921661118e-05
1267.0	Amino acids and Peptides	FCC698BD_006575-T1	nrps	1	2	False	True	False	3.398873041377916	3.102730921661118e-05
1267.0	Amino acids and Peptides	FCC698BD_007329-T1	nrps	1	2	False	True	False	3.398873041377916	3.102730921661118e-05
1267.0	Amino acids and Peptides	FCC698BD_007727-T1	nrps	1	2	False	True	False	3.398873041377916	3.102730921661118e-05
1267.0	Amino acids and Peptides	FCC698BD_007797-T1	nrps	1	2	False	True	False	3.398873041377916	3.102730921661118e-05
3941.0	Amino acids and Peptides	FCC698BD_000146-T1	nrps	2	2	False	True	False	3.313210085501378	0.0200252633137174
3941.0	Amino acids and Peptides	FCC698BD_000240-T1	nrps	1	2	False	True	False	3.313210085501378	0.0200252633137174
3941.0	Amino acids and Peptides	FCC698BD_000473-T1	nrps	1	2	False	True	False	3.313210085501378	0.0200252633137174
3941.0	Amino acids and Peptides	FCC698BD_000498-T1	nrps	1	2	False	True	False	3.313210085501378	0.0200252633137174
3941.0	Amino acids and Peptides	FCC698BD_000635-T1	nrps	1	2	False	True	False	3.313210085501378	0.0200252633137174
3941.0	Amino acids and Peptides	FCC698BD_000950-T1	nrps	1	2	False	True	False	3.313210085501378	0.0200252633137174
3941.0	Amino acids and Peptides	FCC698BD_001528-T1	nrps	3	2	False	True	False	3.313210085501378	0.0200252633137174
3941.0	Amino acids and Peptides	FCC698BD_001972-T1	nrps	1	2	False	True	False	3.313210085501378	0.0200252633137174
3941.0	Amino acids and Peptides	FCC698BD_002392-T1	nrps	1	2	False	True	False	3.313210085501378	0.0200252633137174
3941.0	Amino acids and Peptides	FCC698BD_003040-T1	nrps	1	2	False	True	False	3.313210085501378	0.0200252633137174
3941.0	Amino acids and Peptides	FCC698BD_005496-T1	nrps	1	2	False	True	False	3.313210085501378	0.0200252633137174
3941.0	Amino acids and Peptides	FCC698BD_006454-T1	nrps	1	2	False	True	False	3.313210085501378	0.0200252633137174
3941.0	Amino acids and Peptides	FCC698BD_006514-T1	nrps	1	2	False	True	False	3.313210085501378	0.0200252633137174
3941.0	Amino acids and Peptides	FCC698BD_006575-T1	nrps	1	2	False	True	False	3.313210085501378	0.0200252633137174
3941.0	Amino acids and Peptides	FCC698BD_007329-T1	nrps	1	2	False	True	False	3.313210085501378	0.0200252633137174
3941.0	Amino acids and Peptides	FCC698BD_007727-T1	nrps	1	2	False	True	False	3.313210085501378	0.0200252633137174
3941.0	Amino acids and Peptides	FCC698BD_007797-T1	nrps	1	2	False	True	False	3.313210085501378	0.0200252633137174
7583.0	Amino acids and Peptides	FCC698BD_000146-T1	nrps	2	2	False	True	False	3.3028120378554147	3.102730921661118e-05
7583.0	Amino acids and Peptides	FCC698BD_000240-T1	nrps	1	2	False	True	False	3.3028120378554147	3.102730921661118e-05
7583.0	Amino acids and Peptides	FCC698BD_000473-T1	nrps	1	2	False	True	False	3.3028120378554147	3.102730921661118e-05
7583.0	Amino acids and Peptides	FCC698BD_000498-T1	nrps	1	2	False	True	False	3.3028120378554147	3.102730921661118e-05
7583.0	Amino acids and Peptides	FCC698BD_000635-T1	nrps	1	2	False	True	False	3.3028120378554147	3.102730921661118e-05
7583.0	Amino acids and Peptides	FCC698BD_000950-T1	nrps	1	2	False	True	False	3.3028120378554147	3.102730921661118e-05
7583.0	Amino acids and Peptides	FCC698BD_001528-T1	nrps	3	2	False	True	False	3.3028120378554147	3.102730921661118e-05
7583.0	Amino acids and Peptides	FCC698BD_001972-T1	nrps	1	2	False	True	False	3.3028120378554147	3.102730921661118e-05
7583.0	Amino acids and Peptides	FCC698BD_002392-T1	nrps	1	2	False	True	False	3.3028120378554147	3.102730921661118e-05
7583.0	Amino acids and Peptides	FCC698BD_003040-T1	nrps	1	2	False	True	False	3.3028120378554147	3.102730921661118e-05
7583.0	Amino acids and Peptides	FCC698BD_005496-T1	nrps	1	2	False	True	False	3.3028120378554147	3.102730921661118e-05
7583.0	Amino acids and Peptides	FCC698BD_006454-T1	nrps	1	2	False	True	False	3.3028120378554147	3.102730921661118e-05
7583.0	Amino acids and Peptides	FCC698BD_006514-T1	nrps	1	2	False	True	False	3.3028120378554147	3.102730921661118e-05
7583.0	Amino acids and Peptides	FCC698BD_006575-T1	nrps	1	2	False	True	False	3.3028120378554147	3.102730921661118e-05
7583.0	Amino acids and Peptides	FCC698BD_007329-T1	nrps	1	2	False	True	False	3.3028120378554147	3.102730921661118e-05
7583.0	Amino acids and Peptides	FCC698BD_007727-T1	nrps	1	2	False	True	False	3.3028120378554147	3.102730921661118e-05
7583.0	Amino acids and Peptides	FCC698BD_007797-T1	nrps	1	2	False	True	False	3.3028120378554147	3.102730921661118e-05
1178.0	Amino acids and Peptides	FCC698BD_000146-T1	nrps	2	2	False	True	False	3.272511156295049	0.0004738967685043
1178.0	Amino acids and Peptides	FCC698BD_000240-T1	nrps	1	2	False	True	False	3.272511156295049	0.0004738967685043
1178.0	Amino acids and Peptides	FCC698BD_000473-T1	nrps	1	2	False	True	False	3.272511156295049	0.0004738967685043
1178.0	Amino acids and Peptides	FCC698BD_000498-T1	nrps	1	2	False	True	False	3.272511156295049	0.0004738967685043
1178.0	Amino acids and Peptides	FCC698BD_000635-T1	nrps	1	2	False	True	False	3.272511156295049	0.0004738967685043
1178.0	Amino acids and Peptides	FCC698BD_000950-T1	nrps	1	2	False	True	False	3.272511156295049	0.0004738967685043
1178.0	Amino acids and Peptides	FCC698BD_001528-T1	nrps	3	2	False	True	False	3.272511156295049	0.0004738967685043
1178.0	Amino acids and Peptides	FCC698BD_001972-T1	nrps	1	2	False	True	False	3.272511156295049	0.0004738967685043
1178.0	Amino acids and Peptides	FCC698BD_002392-T1	nrps	1	2	False	True	False	3.272511156295049	0.0004738967685043
1178.0	Amino acids and Peptides	FCC698BD_003040-T1	nrps	1	2	False	True	False	3.272511156295049	0.0004738967685043
1178.0	Amino acids and Peptides	FCC698BD_005496-T1	nrps	1	2	False	True	False	3.272511156295049	0.0004738967685043
1178.0	Amino acids and Peptides	FCC698BD_006454-T1	nrps	1	2	False	True	False	3.272511156295049	0.0004738967685043
1178.0	Amino acids and Peptides	FCC698BD_006514-T1	nrps	1	2	False	True	False	3.272511156295049	0.0004738967685043
1178.0	Amino acids and Peptides	FCC698BD_006575-T1	nrps	1	2	False	True	False	3.272511156295049	0.0004738967685043
1178.0	Amino acids and Peptides	FCC698BD_007329-T1	nrps	1	2	False	True	False	3.272511156295049	0.0004738967685043
1178.0	Amino acids and Peptides	FCC698BD_007727-T1	nrps	1	2	False	True	False	3.272511156295049	0.0004738967685043
1178.0	Amino acids and Peptides	FCC698BD_007797-T1	nrps	1	2	False	True	False	3.272511156295049	0.0004738967685043
2900.0	Amino acids and Peptides	FCC698BD_000146-T1	nrps	2	2	False	True	False	3.2302299696485552	0.0039117109039522
2900.0	Amino acids and Peptides	FCC698BD_000240-T1	nrps	1	2	False	True	False	3.2302299696485552	0.0039117109039522
2900.0	Amino acids and Peptides	FCC698BD_000473-T1	nrps	1	2	False	True	False	3.2302299696485552	0.0039117109039522
2900.0	Amino acids and Peptides	FCC698BD_000498-T1	nrps	1	2	False	True	False	3.2302299696485552	0.0039117109039522
2900.0	Amino acids and Peptides	FCC698BD_000635-T1	nrps	1	2	False	True	False	3.2302299696485552	0.0039117109039522
2900.0	Amino acids and Peptides	FCC698BD_000950-T1	nrps	1	2	False	True	False	3.2302299696485552	0.0039117109039522
2900.0	Amino acids and Peptides	FCC698BD_001528-T1	nrps	3	2	False	True	False	3.2302299696485552	0.0039117109039522
2900.0	Amino acids and Peptides	FCC698BD_001972-T1	nrps	1	2	False	True	False	3.2302299696485552	0.0039117109039522
2900.0	Amino acids and Peptides	FCC698BD_002392-T1	nrps	1	2	False	True	False	3.2302299696485552	0.0039117109039522
2900.0	Amino acids and Peptides	FCC698BD_003040-T1	nrps	1	2	False	True	False	3.2302299696485552	0.0039117109039522
2900.0	Amino acids and Peptides	FCC698BD_005496-T1	nrps	1	2	False	True	False	3.2302299696485552	0.0039117109039522
2900.0	Amino acids and Peptides	FCC698BD_006454-T1	nrps	1	2	False	True	False	3.2302299696485552	0.0039117109039522
2900.0	Amino acids and Peptides	FCC698BD_006514-T1	nrps	1	2	False	True	False	3.2302299696485552	0.0039117109039522
2900.0	Amino acids and Peptides	FCC698BD_006575-T1	nrps	1	2	False	True	False	3.2302299696485552	0.0039117109039522
2900.0	Amino acids and Peptides	FCC698BD_007329-T1	nrps	1	2	False	True	False	3.2302299696485552	0.0039117109039522
2900.0	Amino acids and Peptides	FCC698BD_007727-T1	nrps	1	2	False	True	False	3.2302299696485552	0.0039117109039522
2900.0	Amino acids and Peptides	FCC698BD_007797-T1	nrps	1	2	False	True	False	3.2302299696485552	0.0039117109039522
889.0	Amino acids and Peptides	FCC698BD_000146-T1	nrps	2	2	False	True	False	3.22131036289612	0.0008935876158878
889.0	Amino acids and Peptides	FCC698BD_000240-T1	nrps	1	2	False	True	False	3.22131036289612	0.0008935876158878
889.0	Amino acids and Peptides	FCC698BD_000473-T1	nrps	1	2	False	True	False	3.22131036289612	0.0008935876158878
889.0	Amino acids and Peptides	FCC698BD_000498-T1	nrps	1	2	False	True	False	3.22131036289612	0.0008935876158878
889.0	Amino acids and Peptides	FCC698BD_000635-T1	nrps	1	2	False	True	False	3.22131036289612	0.0008935876158878
889.0	Amino acids and Peptides	FCC698BD_000950-T1	nrps	1	2	False	True	False	3.22131036289612	0.0008935876158878
889.0	Amino acids and Peptides	FCC698BD_001528-T1	nrps	3	2	False	True	False	3.22131036289612	0.0008935876158878
889.0	Amino acids and Peptides	FCC698BD_001972-T1	nrps	1	2	False	True	False	3.22131036289612	0.0008935876158878
889.0	Amino acids and Peptides	FCC698BD_002392-T1	nrps	1	2	False	True	False	3.22131036289612	0.0008935876158878
889.0	Amino acids and Peptides	FCC698BD_003040-T1	nrps	1	2	False	True	False	3.22131036289612	0.0008935876158878
889.0	Amino acids and Peptides	FCC698BD_005496-T1	nrps	1	2	False	True	False	3.22131036289612	0.0008935876158878
889.0	Amino acids and Peptides	FCC698BD_006454-T1	nrps	1	2	False	True	False	3.22131036289612	0.0008935876158878
889.0	Amino acids and Peptides	FCC698BD_006514-T1	nrps	1	2	False	True	False	3.22131036289612	0.0008935876158878
889.0	Amino acids and Peptides	FCC698BD_006575-T1	nrps	1	2	False	True	False	3.22131036289612	0.0008935876158878
889.0	Amino acids and Peptides	FCC698BD_007329-T1	nrps	1	2	False	True	False	3.22131036289612	0.0008935876158878
889.0	Amino acids and Peptides	FCC698BD_007727-T1	nrps	1	2	False	True	False	3.22131036289612	0.0008935876158878
889.0	Amino acids and Peptides	FCC698BD_007797-T1	nrps	1	2	False	True	False	3.22131036289612	0.0008935876158878
1140.0	Amino acids and Peptides	FCC698BD_000146-T1	nrps	2	2	False	True	False	3.189534760604874	3.102730921661118e-05
1140.0	Amino acids and Peptides	FCC698BD_000240-T1	nrps	1	2	False	True	False	3.189534760604874	3.102730921661118e-05
1140.0	Amino acids and Peptides	FCC698BD_000473-T1	nrps	1	2	False	True	False	3.189534760604874	3.102730921661118e-05
1140.0	Amino acids and Peptides	FCC698BD_000498-T1	nrps	1	2	False	True	False	3.189534760604874	3.102730921661118e-05
1140.0	Amino acids and Peptides	FCC698BD_000635-T1	nrps	1	2	False	True	False	3.189534760604874	3.102730921661118e-05
1140.0	Amino acids and Peptides	FCC698BD_000950-T1	nrps	1	2	False	True	False	3.189534760604874	3.102730921661118e-05
1140.0	Amino acids and Peptides	FCC698BD_001528-T1	nrps	3	2	False	True	False	3.189534760604874	3.102730921661118e-05
1140.0	Amino acids and Peptides	FCC698BD_001972-T1	nrps	1	2	False	True	False	3.189534760604874	3.102730921661118e-05
1140.0	Amino acids and Peptides	FCC698BD_002392-T1	nrps	1	2	False	True	False	3.189534760604874	3.102730921661118e-05
1140.0	Amino acids and Peptides	FCC698BD_003040-T1	nrps	1	2	False	True	False	3.189534760604874	3.102730921661118e-05
1140.0	Amino acids and Peptides	FCC698BD_005496-T1	nrps	1	2	False	True	False	3.189534760604874	3.102730921661118e-05
1140.0	Amino acids and Peptides	FCC698BD_006454-T1	nrps	1	2	False	True	False	3.189534760604874	3.102730921661118e-05
1140.0	Amino acids and Peptides	FCC698BD_006514-T1	nrps	1	2	False	True	False	3.189534760604874	3.102730921661118e-05
1140.0	Amino acids and Peptides	FCC698BD_006575-T1	nrps	1	2	False	True	False	3.189534760604874	3.102730921661118e-05
1140.0	Amino acids and Peptides	FCC698BD_007329-T1	nrps	1	2	False	True	False	3.189534760604874	3.102730921661118e-05
1140.0	Amino acids and Peptides	FCC698BD_007727-T1	nrps	1	2	False	True	False	3.189534760604874	3.102730921661118e-05
1140.0	Amino acids and Peptides	FCC698BD_007797-T1	nrps	1	2	False	True	False	3.189534760604874	3.102730921661118e-05
2247.0	Amino acids and Peptides	FCC698BD_000146-T1	nrps	2	2	False	True	False	3.1512647483295355	0.0158831302939142
2247.0	Amino acids and Peptides	FCC698BD_000240-T1	nrps	1	2	False	True	False	3.1512647483295355	0.0158831302939142
2247.0	Amino acids and Peptides	FCC698BD_000473-T1	nrps	1	2	False	True	False	3.1512647483295355	0.0158831302939142
2247.0	Amino acids and Peptides	FCC698BD_000498-T1	nrps	1	2	False	True	False	3.1512647483295355	0.0158831302939142
2247.0	Amino acids and Peptides	FCC698BD_000635-T1	nrps	1	2	False	True	False	3.1512647483295355	0.0158831302939142
2247.0	Amino acids and Peptides	FCC698BD_000950-T1	nrps	1	2	False	True	False	3.1512647483295355	0.0158831302939142
2247.0	Amino acids and Peptides	FCC698BD_001528-T1	nrps	3	2	False	True	False	3.1512647483295355	0.0158831302939142
2247.0	Amino acids and Peptides	FCC698BD_001972-T1	nrps	1	2	False	True	False	3.1512647483295355	0.0158831302939142
2247.0	Amino acids and Peptides	FCC698BD_002392-T1	nrps	1	2	False	True	False	3.1512647483295355	0.0158831302939142
2247.0	Amino acids and Peptides	FCC698BD_003040-T1	nrps	1	2	False	True	False	3.1512647483295355	0.0158831302939142
2247.0	Amino acids and Peptides	FCC698BD_005496-T1	nrps	1	2	False	True	False	3.1512647483295355	0.0158831302939142
2247.0	Amino acids and Peptides	FCC698BD_006454-T1	nrps	1	2	False	True	False	3.1512647483295355	0.0158831302939142
2247.0	Amino acids and Peptides	FCC698BD_006514-T1	nrps	1	2	False	True	False	3.1512647483295355	0.0158831302939142
2247.0	Amino acids and Peptides	FCC698BD_006575-T1	nrps	1	2	False	True	False	3.1512647483295355	0.0158831302939142
2247.0	Amino acids and Peptides	FCC698BD_007329-T1	nrps	1	2	False	True	False	3.1512647483295355	0.0158831302939142
2247.0	Amino acids and Peptides	FCC698BD_007727-T1	nrps	1	2	False	True	False	3.1512647483295355	0.0158831302939142
2247.0	Amino acids and Peptides	FCC698BD_007797-T1	nrps	1	2	False	True	False	3.1512647483295355	0.0158831302939142
2049.0	Amino acids and Peptides	FCC698BD_000146-T1	nrps	2	2	False	True	False	3.117573547070096	3.102730921661118e-05
2049.0	Amino acids and Peptides	FCC698BD_000240-T1	nrps	1	2	False	True	False	3.117573547070096	3.102730921661118e-05
2049.0	Amino acids and Peptides	FCC698BD_000473-T1	nrps	1	2	False	True	False	3.117573547070096	3.102730921661118e-05
2049.0	Amino acids and Peptides	FCC698BD_000498-T1	nrps	1	2	False	True	False	3.117573547070096	3.102730921661118e-05
2049.0	Amino acids and Peptides	FCC698BD_000635-T1	nrps	1	2	False	True	False	3.117573547070096	3.102730921661118e-05
2049.0	Amino acids and Peptides	FCC698BD_000950-T1	nrps	1	2	False	True	False	3.117573547070096	3.102730921661118e-05
2049.0	Amino acids and Peptides	FCC698BD_001528-T1	nrps	3	2	False	True	False	3.117573547070096	3.102730921661118e-05
2049.0	Amino acids and Peptides	FCC698BD_001972-T1	nrps	1	2	False	True	False	3.117573547070096	3.102730921661118e-05
2049.0	Amino acids and Peptides	FCC698BD_002392-T1	nrps	1	2	False	True	False	3.117573547070096	3.102730921661118e-05
2049.0	Amino acids and Peptides	FCC698BD_003040-T1	nrps	1	2	False	True	False	3.117573547070096	3.102730921661118e-05
2049.0	Amino acids and Peptides	FCC698BD_005496-T1	nrps	1	2	False	True	False	3.117573547070096	3.102730921661118e-05
2049.0	Amino acids and Peptides	FCC698BD_006454-T1	nrps	1	2	False	True	False	3.117573547070096	3.102730921661118e-05
2049.0	Amino acids and Peptides	FCC698BD_006514-T1	nrps	1	2	False	True	False	3.117573547070096	3.102730921661118e-05
2049.0	Amino acids and Peptides	FCC698BD_006575-T1	nrps	1	2	False	True	False	3.117573547070096	3.102730921661118e-05
2049.0	Amino acids and Peptides	FCC698BD_007329-T1	nrps	1	2	False	True	False	3.117573547070096	3.102730921661118e-05
2049.0	Amino acids and Peptides	FCC698BD_007727-T1	nrps	1	2	False	True	False	3.117573547070096	3.102730921661118e-05
2049.0	Amino acids and Peptides	FCC698BD_007797-T1	nrps	1	2	False	True	False	3.117573547070096	3.102730921661118e-05
107.0	Alkaloids	FCC698BD_000146-T1	nrps	2	2	False	True	False	3.111705041374277	0.0001604400619056
107.0	Alkaloids	FCC698BD_000240-T1	nrps	1	2	False	True	False	3.111705041374277	0.0001604400619056
107.0	Alkaloids	FCC698BD_000473-T1	nrps	1	2	False	True	False	3.111705041374277	0.0001604400619056
107.0	Alkaloids	FCC698BD_000498-T1	nrps	1	2	False	True	False	3.111705041374277	0.0001604400619056
107.0	Alkaloids	FCC698BD_000635-T1	nrps	1	2	False	True	False	3.111705041374277	0.0001604400619056
107.0	Alkaloids	FCC698BD_000950-T1	nrps	1	2	False	True	False	3.111705041374277	0.0001604400619056
107.0	Alkaloids	FCC698BD_001528-T1	nrps	3	2	False	True	False	3.111705041374277	0.0001604400619056
107.0	Alkaloids	FCC698BD_001972-T1	nrps	1	2	False	True	False	3.111705041374277	0.0001604400619056
107.0	Alkaloids	FCC698BD_002392-T1	nrps	1	2	False	True	False	3.111705041374277	0.0001604400619056
107.0	Alkaloids	FCC698BD_003040-T1	nrps	1	2	False	True	False	3.111705041374277	0.0001604400619056
107.0	Alkaloids	FCC698BD_005496-T1	nrps	1	2	False	True	False	3.111705041374277	0.0001604400619056
107.0	Alkaloids	FCC698BD_006454-T1	nrps	1	2	False	True	False	3.111705041374277	0.0001604400619056
107.0	Alkaloids	FCC698BD_006514-T1	nrps	1	2	False	True	False	3.111705041374277	0.0001604400619056
107.0	Alkaloids	FCC698BD_006575-T1	nrps	1	2	False	True	False	3.111705041374277	0.0001604400619056
107.0	Alkaloids	FCC698BD_007329-T1	nrps	1	2	False	True	False	3.111705041374277	0.0001604400619056
107.0	Alkaloids	FCC698BD_007727-T1	nrps	1	2	False	True	False	3.111705041374277	0.0001604400619056
107.0	Alkaloids	FCC698BD_007797-T1	nrps	1	2	False	True	False	3.111705041374277	0.0001604400619056
103.0	Amino acids and Peptides	FCC698BD_000146-T1	nrps	2	2	False	True	False	3.110442150306123	0.0207656288250185
103.0	Amino acids and Peptides	FCC698BD_000240-T1	nrps	1	2	False	True	False	3.110442150306123	0.0207656288250185
103.0	Amino acids and Peptides	FCC698BD_000473-T1	nrps	1	2	False	True	False	3.110442150306123	0.0207656288250185
103.0	Amino acids and Peptides	FCC698BD_000498-T1	nrps	1	2	False	True	False	3.110442150306123	0.0207656288250185
103.0	Amino acids and Peptides	FCC698BD_000635-T1	nrps	1	2	False	True	False	3.110442150306123	0.0207656288250185
103.0	Amino acids and Peptides	FCC698BD_000950-T1	nrps	1	2	False	True	False	3.110442150306123	0.0207656288250185
103.0	Amino acids and Peptides	FCC698BD_001528-T1	nrps	3	2	False	True	False	3.110442150306123	0.0207656288250185
103.0	Amino acids and Peptides	FCC698BD_001972-T1	nrps	1	2	False	True	False	3.110442150306123	0.0207656288250185
103.0	Amino acids and Peptides	FCC698BD_002392-T1	nrps	1	2	False	True	False	3.110442150306123	0.0207656288250185
103.0	Amino acids and Peptides	FCC698BD_003040-T1	nrps	1	2	False	True	False	3.110442150306123	0.0207656288250185
103.0	Amino acids and Peptides	FCC698BD_005496-T1	nrps	1	2	False	True	False	3.110442150306123	0.0207656288250185
103.0	Amino acids and Peptides	FCC698BD_006454-T1	nrps	1	2	False	True	False	3.110442150306123	0.0207656288250185
103.0	Amino acids and Peptides	FCC698BD_006514-T1	nrps	1	2	False	True	False	3.110442150306123	0.0207656288250185
103.0	Amino acids and Peptides	FCC698BD_006575-T1	nrps	1	2	False	True	False	3.110442150306123	0.0207656288250185
103.0	Amino acids and Peptides	FCC698BD_007329-T1	nrps	1	2	False	True	False	3.110442150306123	0.0207656288250185
103.0	Amino acids and Peptides	FCC698BD_007727-T1	nrps	1	2	False	True	False	3.110442150306123	0.0207656288250185
103.0	Amino acids and Peptides	FCC698BD_007797-T1	nrps	1	2	False	True	False	3.110442150306123	0.0207656288250185
42.0	Amino acids and Peptides	FCC698BD_000146-T1	nrps	2	2	False	True	False	3.1070985742689574	3.102730921661118e-05
42.0	Amino acids and Peptides	FCC698BD_000240-T1	nrps	1	2	False	True	False	3.1070985742689574	3.102730921661118e-05
42.0	Amino acids and Peptides	FCC698BD_000473-T1	nrps	1	2	False	True	False	3.1070985742689574	3.102730921661118e-05
42.0	Amino acids and Peptides	FCC698BD_000498-T1	nrps	1	2	False	True	False	3.1070985742689574	3.102730921661118e-05
42.0	Amino acids and Peptides	FCC698BD_000635-T1	nrps	1	2	False	True	False	3.1070985742689574	3.102730921661118e-05
42.0	Amino acids and Peptides	FCC698BD_000950-T1	nrps	1	2	False	True	False	3.1070985742689574	3.102730921661118e-05
42.0	Amino acids and Peptides	FCC698BD_001528-T1	nrps	3	2	False	True	False	3.1070985742689574	3.102730921661118e-05
42.0	Amino acids and Peptides	FCC698BD_001972-T1	nrps	1	2	False	True	False	3.1070985742689574	3.102730921661118e-05
42.0	Amino acids and Peptides	FCC698BD_002392-T1	nrps	1	2	False	True	False	3.1070985742689574	3.102730921661118e-05
42.0	Amino acids and Peptides	FCC698BD_003040-T1	nrps	1	2	False	True	False	3.1070985742689574	3.102730921661118e-05
42.0	Amino acids and Peptides	FCC698BD_005496-T1	nrps	1	2	False	True	False	3.1070985742689574	3.102730921661118e-05
42.0	Amino acids and Peptides	FCC698BD_006454-T1	nrps	1	2	False	True	False	3.1070985742689574	3.102730921661118e-05
42.0	Amino acids and Peptides	FCC698BD_006514-T1	nrps	1	2	False	True	False	3.1070985742689574	3.102730921661118e-05
42.0	Amino acids and Peptides	FCC698BD_006575-T1	nrps	1	2	False	True	False	3.1070985742689574	3.102730921661118e-05
42.0	Amino acids and Peptides	FCC698BD_007329-T1	nrps	1	2	False	True	False	3.1070985742689574	3.102730921661118e-05
42.0	Amino acids and Peptides	FCC698BD_007727-T1	nrps	1	2	False	True	False	3.1070985742689574	3.102730921661118e-05
42.0	Amino acids and Peptides	FCC698BD_007797-T1	nrps	1	2	False	True	False	3.1070985742689574	3.102730921661118e-05
114.0	Amino acids and Peptides	FCC698BD_000146-T1	nrps	2	2	False	True	False	3.1022170309605306	3.102730921661118e-05
114.0	Amino acids and Peptides	FCC698BD_000240-T1	nrps	1	2	False	True	False	3.1022170309605306	3.102730921661118e-05
114.0	Amino acids and Peptides	FCC698BD_000473-T1	nrps	1	2	False	True	False	3.1022170309605306	3.102730921661118e-05
114.0	Amino acids and Peptides	FCC698BD_000498-T1	nrps	1	2	False	True	False	3.1022170309605306	3.102730921661118e-05
114.0	Amino acids and Peptides	FCC698BD_000635-T1	nrps	1	2	False	True	False	3.1022170309605306	3.102730921661118e-05
114.0	Amino acids and Peptides	FCC698BD_000950-T1	nrps	1	2	False	True	False	3.1022170309605306	3.102730921661118e-05
114.0	Amino acids and Peptides	FCC698BD_001528-T1	nrps	3	2	False	True	False	3.1022170309605306	3.102730921661118e-05
114.0	Amino acids and Peptides	FCC698BD_001972-T1	nrps	1	2	False	True	False	3.1022170309605306	3.102730921661118e-05
114.0	Amino acids and Peptides	FCC698BD_002392-T1	nrps	1	2	False	True	False	3.1022170309605306	3.102730921661118e-05
114.0	Amino acids and Peptides	FCC698BD_003040-T1	nrps	1	2	False	True	False	3.1022170309605306	3.102730921661118e-05
114.0	Amino acids and Peptides	FCC698BD_005496-T1	nrps	1	2	False	True	False	3.1022170309605306	3.102730921661118e-05
114.0	Amino acids and Peptides	FCC698BD_006454-T1	nrps	1	2	False	True	False	3.1022170309605306	3.102730921661118e-05
114.0	Amino acids and Peptides	FCC698BD_006514-T1	nrps	1	2	False	True	False	3.1022170309605306	3.102730921661118e-05
114.0	Amino acids and Peptides	FCC698BD_006575-T1	nrps	1	2	False	True	False	3.1022170309605306	3.102730921661118e-05
114.0	Amino acids and Peptides	FCC698BD_007329-T1	nrps	1	2	False	True	False	3.1022170309605306	3.102730921661118e-05
114.0	Amino acids and Peptides	FCC698BD_007727-T1	nrps	1	2	False	True	False	3.1022170309605306	3.102730921661118e-05
114.0	Amino acids and Peptides	FCC698BD_007797-T1	nrps	1	2	False	True	False	3.1022170309605306	3.102730921661118e-05
1842.0	Amino acids and Peptides	FCC698BD_000146-T1	nrps	2	2	False	True	False	3.09161973156632	0.0001291518006904
1842.0	Amino acids and Peptides	FCC698BD_000240-T1	nrps	1	2	False	True	False	3.09161973156632	0.0001291518006904
1842.0	Amino acids and Peptides	FCC698BD_000473-T1	nrps	1	2	False	True	False	3.09161973156632	0.0001291518006904
1842.0	Amino acids and Peptides	FCC698BD_000498-T1	nrps	1	2	False	True	False	3.09161973156632	0.0001291518006904
1842.0	Amino acids and Peptides	FCC698BD_000635-T1	nrps	1	2	False	True	False	3.09161973156632	0.0001291518006904
1842.0	Amino acids and Peptides	FCC698BD_000950-T1	nrps	1	2	False	True	False	3.09161973156632	0.0001291518006904
1842.0	Amino acids and Peptides	FCC698BD_001528-T1	nrps	3	2	False	True	False	3.09161973156632	0.0001291518006904
1842.0	Amino acids and Peptides	FCC698BD_001972-T1	nrps	1	2	False	True	False	3.09161973156632	0.0001291518006904
1842.0	Amino acids and Peptides	FCC698BD_002392-T1	nrps	1	2	False	True	False	3.09161973156632	0.0001291518006904
1842.0	Amino acids and Peptides	FCC698BD_003040-T1	nrps	1	2	False	True	False	3.09161973156632	0.0001291518006904
1842.0	Amino acids and Peptides	FCC698BD_005496-T1	nrps	1	2	False	True	False	3.09161973156632	0.0001291518006904
1842.0	Amino acids and Peptides	FCC698BD_006454-T1	nrps	1	2	False	True	False	3.09161973156632	0.0001291518006904
1842.0	Amino acids and Peptides	FCC698BD_006514-T1	nrps	1	2	False	True	False	3.09161973156632	0.0001291518006904
1842.0	Amino acids and Peptides	FCC698BD_006575-T1	nrps	1	2	False	True	False	3.09161973156632	0.0001291518006904
1842.0	Amino acids and Peptides	FCC698BD_007329-T1	nrps	1	2	False	True	False	3.09161973156632	0.0001291518006904
1842.0	Amino acids and Peptides	FCC698BD_007727-T1	nrps	1	2	False	True	False	3.09161973156632	0.0001291518006904
1842.0	Amino acids and Peptides	FCC698BD_007797-T1	nrps	1	2	False	True	False	3.09161973156632	0.0001291518006904
253.0	Amino acids and Peptides	FCC698BD_000146-T1	nrps	2	2	False	True	False	3.075977020721992	5.883871958543745e-05
253.0	Amino acids and Peptides	FCC698BD_000240-T1	nrps	1	2	False	True	False	3.075977020721992	5.883871958543745e-05
253.0	Amino acids and Peptides	FCC698BD_000473-T1	nrps	1	2	False	True	False	3.075977020721992	5.883871958543745e-05
253.0	Amino acids and Peptides	FCC698BD_000498-T1	nrps	1	2	False	True	False	3.075977020721992	5.883871958543745e-05
253.0	Amino acids and Peptides	FCC698BD_000635-T1	nrps	1	2	False	True	False	3.075977020721992	5.883871958543745e-05
253.0	Amino acids and Peptides	FCC698BD_000950-T1	nrps	1	2	False	True	False	3.075977020721992	5.883871958543745e-05
253.0	Amino acids and Peptides	FCC698BD_001528-T1	nrps	3	2	False	True	False	3.075977020721992	5.883871958543745e-05
253.0	Amino acids and Peptides	FCC698BD_001972-T1	nrps	1	2	False	True	False	3.075977020721992	5.883871958543745e-05
253.0	Amino acids and Peptides	FCC698BD_002392-T1	nrps	1	2	False	True	False	3.075977020721992	5.883871958543745e-05
253.0	Amino acids and Peptides	FCC698BD_003040-T1	nrps	1	2	False	True	False	3.075977020721992	5.883871958543745e-05
253.0	Amino acids and Peptides	FCC698BD_005496-T1	nrps	1	2	False	True	False	3.075977020721992	5.883871958543745e-05
253.0	Amino acids and Peptides	FCC698BD_006454-T1	nrps	1	2	False	True	False	3.075977020721992	5.883871958543745e-05
253.0	Amino acids and Peptides	FCC698BD_006514-T1	nrps	1	2	False	True	False	3.075977020721992	5.883871958543745e-05
253.0	Amino acids and Peptides	FCC698BD_006575-T1	nrps	1	2	False	True	False	3.075977020721992	5.883871958543745e-05
253.0	Amino acids and Peptides	FCC698BD_007329-T1	nrps	1	2	False	True	False	3.075977020721992	5.883871958543745e-05
253.0	Amino acids and Peptides	FCC698BD_007727-T1	nrps	1	2	False	True	False	3.075977020721992	5.883871958543745e-05
253.0	Amino acids and Peptides	FCC698BD_007797-T1	nrps	1	2	False	True	False	3.075977020721992	5.883871958543745e-05
433.0	Amino acids and Peptides	FCC698BD_000146-T1	nrps	2	2	False	True	False	3.0255395898675697	3.102730921661118e-05
433.0	Amino acids and Peptides	FCC698BD_000240-T1	nrps	1	2	False	True	False	3.0255395898675697	3.102730921661118e-05
433.0	Amino acids and Peptides	FCC698BD_000473-T1	nrps	1	2	False	True	False	3.0255395898675697	3.102730921661118e-05
433.0	Amino acids and Peptides	FCC698BD_000498-T1	nrps	1	2	False	True	False	3.0255395898675697	3.102730921661118e-05
433.0	Amino acids and Peptides	FCC698BD_000635-T1	nrps	1	2	False	True	False	3.0255395898675697	3.102730921661118e-05
433.0	Amino acids and Peptides	FCC698BD_000950-T1	nrps	1	2	False	True	False	3.0255395898675697	3.102730921661118e-05
433.0	Amino acids and Peptides	FCC698BD_001528-T1	nrps	3	2	False	True	False	3.0255395898675697	3.102730921661118e-05
433.0	Amino acids and Peptides	FCC698BD_001972-T1	nrps	1	2	False	True	False	3.0255395898675697	3.102730921661118e-05
433.0	Amino acids and Peptides	FCC698BD_002392-T1	nrps	1	2	False	True	False	3.0255395898675697	3.102730921661118e-05
433.0	Amino acids and Peptides	FCC698BD_003040-T1	nrps	1	2	False	True	False	3.0255395898675697	3.102730921661118e-05
433.0	Amino acids and Peptides	FCC698BD_005496-T1	nrps	1	2	False	True	False	3.0255395898675697	3.102730921661118e-05
433.0	Amino acids and Peptides	FCC698BD_006454-T1	nrps	1	2	False	True	False	3.0255395898675697	3.102730921661118e-05
433.0	Amino acids and Peptides	FCC698BD_006514-T1	nrps	1	2	False	True	False	3.0255395898675697	3.102730921661118e-05
433.0	Amino acids and Peptides	FCC698BD_006575-T1	nrps	1	2	False	True	False	3.0255395898675697	3.102730921661118e-05
433.0	Amino acids and Peptides	FCC698BD_007329-T1	nrps	1	2	False	True	False	3.0255395898675697	3.102730921661118e-05
433.0	Amino acids and Peptides	FCC698BD_007727-T1	nrps	1	2	False	True	False	3.0255395898675697	3.102730921661118e-05
433.0	Amino acids and Peptides	FCC698BD_007797-T1	nrps	1	2	False	True	False	3.0255395898675697	3.102730921661118e-05
323.0	Amino acids and Peptides	FCC698BD_000146-T1	nrps	2	2	False	True	False	3.01971276423479	3.102730921661118e-05
323.0	Amino acids and Peptides	FCC698BD_000240-T1	nrps	1	2	False	True	False	3.01971276423479	3.102730921661118e-05
323.0	Amino acids and Peptides	FCC698BD_000473-T1	nrps	1	2	False	True	False	3.01971276423479	3.102730921661118e-05
323.0	Amino acids and Peptides	FCC698BD_000498-T1	nrps	1	2	False	True	False	3.01971276423479	3.102730921661118e-05
323.0	Amino acids and Peptides	FCC698BD_000635-T1	nrps	1	2	False	True	False	3.01971276423479	3.102730921661118e-05
323.0	Amino acids and Peptides	FCC698BD_000950-T1	nrps	1	2	False	True	False	3.01971276423479	3.102730921661118e-05
323.0	Amino acids and Peptides	FCC698BD_001528-T1	nrps	3	2	False	True	False	3.01971276423479	3.102730921661118e-05
323.0	Amino acids and Peptides	FCC698BD_001972-T1	nrps	1	2	False	True	False	3.01971276423479	3.102730921661118e-05
323.0	Amino acids and Peptides	FCC698BD_002392-T1	nrps	1	2	False	True	False	3.01971276423479	3.102730921661118e-05
323.0	Amino acids and Peptides	FCC698BD_003040-T1	nrps	1	2	False	True	False	3.01971276423479	3.102730921661118e-05
323.0	Amino acids and Peptides	FCC698BD_005496-T1	nrps	1	2	False	True	False	3.01971276423479	3.102730921661118e-05
323.0	Amino acids and Peptides	FCC698BD_006454-T1	nrps	1	2	False	True	False	3.01971276423479	3.102730921661118e-05
323.0	Amino acids and Peptides	FCC698BD_006514-T1	nrps	1	2	False	True	False	3.01971276423479	3.102730921661118e-05
323.0	Amino acids and Peptides	FCC698BD_006575-T1	nrps	1	2	False	True	False	3.01971276423479	3.102730921661118e-05
323.0	Amino acids and Peptides	FCC698BD_007329-T1	nrps	1	2	False	True	False	3.01971276423479	3.102730921661118e-05
323.0	Amino acids and Peptides	FCC698BD_007727-T1	nrps	1	2	False	True	False	3.01971276423479	3.102730921661118e-05
323.0	Amino acids and Peptides	FCC698BD_007797-T1	nrps	1	2	False	True	False	3.01971276423479	3.102730921661118e-05
1724.0	Amino acids and Peptides	FCC698BD_000146-T1	nrps	2	2	False	True	False	2.9818753220666427	0.0091943306967312
1724.0	Amino acids and Peptides	FCC698BD_000240-T1	nrps	1	2	False	True	False	2.9818753220666427	0.0091943306967312
1724.0	Amino acids and Peptides	FCC698BD_000473-T1	nrps	1	2	False	True	False	2.9818753220666427	0.0091943306967312
1724.0	Amino acids and Peptides	FCC698BD_000498-T1	nrps	1	2	False	True	False	2.9818753220666427	0.0091943306967312
1724.0	Amino acids and Peptides	FCC698BD_000635-T1	nrps	1	2	False	True	False	2.9818753220666427	0.0091943306967312
1724.0	Amino acids and Peptides	FCC698BD_000950-T1	nrps	1	2	False	True	False	2.9818753220666427	0.0091943306967312
1724.0	Amino acids and Peptides	FCC698BD_001528-T1	nrps	3	2	False	True	False	2.9818753220666427	0.0091943306967312
1724.0	Amino acids and Peptides	FCC698BD_001972-T1	nrps	1	2	False	True	False	2.9818753220666427	0.0091943306967312
1724.0	Amino acids and Peptides	FCC698BD_002392-T1	nrps	1	2	False	True	False	2.9818753220666427	0.0091943306967312
1724.0	Amino acids and Peptides	FCC698BD_003040-T1	nrps	1	2	False	True	False	2.9818753220666427	0.0091943306967312
1724.0	Amino acids and Peptides	FCC698BD_005496-T1	nrps	1	2	False	True	False	2.9818753220666427	0.0091943306967312
1724.0	Amino acids and Peptides	FCC698BD_006454-T1	nrps	1	2	False	True	False	2.9818753220666427	0.0091943306967312
1724.0	Amino acids and Peptides	FCC698BD_006514-T1	nrps	1	2	False	True	False	2.9818753220666427	0.0091943306967312
1724.0	Amino acids and Peptides	FCC698BD_006575-T1	nrps	1	2	False	True	False	2.9818753220666427	0.0091943306967312
1724.0	Amino acids and Peptides	FCC698BD_007329-T1	nrps	1	2	False	True	False	2.9818753220666427	0.0091943306967312
1724.0	Amino acids and Peptides	FCC698BD_007727-T1	nrps	1	2	False	True	False	2.9818753220666427	0.0091943306967312
1724.0	Amino acids and Peptides	FCC698BD_007797-T1	nrps	1	2	False	True	False	2.9818753220666427	0.0091943306967312
4433.0	Amino acids and Peptides	FCC698BD_000146-T1	nrps	2	2	False	True	False	2.967816615169606	3.102730921661118e-05
4433.0	Amino acids and Peptides	FCC698BD_000240-T1	nrps	1	2	False	True	False	2.967816615169606	3.102730921661118e-05
4433.0	Amino acids and Peptides	FCC698BD_000473-T1	nrps	1	2	False	True	False	2.967816615169606	3.102730921661118e-05
4433.0	Amino acids and Peptides	FCC698BD_000498-T1	nrps	1	2	False	True	False	2.967816615169606	3.102730921661118e-05
4433.0	Amino acids and Peptides	FCC698BD_000635-T1	nrps	1	2	False	True	False	2.967816615169606	3.102730921661118e-05
4433.0	Amino acids and Peptides	FCC698BD_000950-T1	nrps	1	2	False	True	False	2.967816615169606	3.102730921661118e-05
4433.0	Amino acids and Peptides	FCC698BD_001528-T1	nrps	3	2	False	True	False	2.967816615169606	3.102730921661118e-05
4433.0	Amino acids and Peptides	FCC698BD_001972-T1	nrps	1	2	False	True	False	2.967816615169606	3.102730921661118e-05
4433.0	Amino acids and Peptides	FCC698BD_002392-T1	nrps	1	2	False	True	False	2.967816615169606	3.102730921661118e-05
4433.0	Amino acids and Peptides	FCC698BD_003040-T1	nrps	1	2	False	True	False	2.967816615169606	3.102730921661118e-05
4433.0	Amino acids and Peptides	FCC698BD_005496-T1	nrps	1	2	False	True	False	2.967816615169606	3.102730921661118e-05
4433.0	Amino acids and Peptides	FCC698BD_006454-T1	nrps	1	2	False	True	False	2.967816615169606	3.102730921661118e-05
4433.0	Amino acids and Peptides	FCC698BD_006514-T1	nrps	1	2	False	True	False	2.967816615169606	3.102730921661118e-05
4433.0	Amino acids and Peptides	FCC698BD_006575-T1	nrps	1	2	False	True	False	2.967816615169606	3.102730921661118e-05
4433.0	Amino acids and Peptides	FCC698BD_007329-T1	nrps	1	2	False	True	False	2.967816615169606	3.102730921661118e-05
4433.0	Amino acids and Peptides	FCC698BD_007727-T1	nrps	1	2	False	True	False	2.967816615169606	3.102730921661118e-05
4433.0	Amino acids and Peptides	FCC698BD_007797-T1	nrps	1	2	False	True	False	2.967816615169606	3.102730921661118e-05
910.0	Amino acids and Peptides	FCC698BD_000146-T1	nrps	2	2	False	True	False	2.958537710518861	0.0052214899621279
910.0	Amino acids and Peptides	FCC698BD_000240-T1	nrps	1	2	False	True	False	2.958537710518861	0.0052214899621279
910.0	Amino acids and Peptides	FCC698BD_000473-T1	nrps	1	2	False	True	False	2.958537710518861	0.0052214899621279
910.0	Amino acids and Peptides	FCC698BD_000498-T1	nrps	1	2	False	True	False	2.958537710518861	0.0052214899621279
910.0	Amino acids and Peptides	FCC698BD_000635-T1	nrps	1	2	False	True	False	2.958537710518861	0.0052214899621279
910.0	Amino acids and Peptides	FCC698BD_000950-T1	nrps	1	2	False	True	False	2.958537710518861	0.0052214899621279
910.0	Amino acids and Peptides	FCC698BD_001528-T1	nrps	3	2	False	True	False	2.958537710518861	0.0052214899621279
910.0	Amino acids and Peptides	FCC698BD_001972-T1	nrps	1	2	False	True	False	2.958537710518861	0.0052214899621279
910.0	Amino acids and Peptides	FCC698BD_002392-T1	nrps	1	2	False	True	False	2.958537710518861	0.0052214899621279
910.0	Amino acids and Peptides	FCC698BD_003040-T1	nrps	1	2	False	True	False	2.958537710518861	0.0052214899621279
910.0	Amino acids and Peptides	FCC698BD_005496-T1	nrps	1	2	False	True	False	2.958537710518861	0.0052214899621279
910.0	Amino acids and Peptides	FCC698BD_006454-T1	nrps	1	2	False	True	False	2.958537710518861	0.0052214899621279
910.0	Amino acids and Peptides	FCC698BD_006514-T1	nrps	1	2	False	True	False	2.958537710518861	0.0052214899621279
910.0	Amino acids and Peptides	FCC698BD_006575-T1	nrps	1	2	False	True	False	2.958537710518861	0.0052214899621279
910.0	Amino acids and Peptides	FCC698BD_007329-T1	nrps	1	2	False	True	False	2.958537710518861	0.0052214899621279
910.0	Amino acids and Peptides	FCC698BD_007727-T1	nrps	1	2	False	True	False	2.958537710518861	0.0052214899621279
910.0	Amino acids and Peptides	FCC698BD_007797-T1	nrps	1	2	False	True	False	2.958537710518861	0.0052214899621279
4930.0	Amino acids and Peptides	FCC698BD_000146-T1	nrps	2	2	False	True	False	2.939001661143811	0.0110675738552342
4930.0	Amino acids and Peptides	FCC698BD_000240-T1	nrps	1	2	False	True	False	2.939001661143811	0.0110675738552342
4930.0	Amino acids and Peptides	FCC698BD_000473-T1	nrps	1	2	False	True	False	2.939001661143811	0.0110675738552342
4930.0	Amino acids and Peptides	FCC698BD_000498-T1	nrps	1	2	False	True	False	2.939001661143811	0.0110675738552342
4930.0	Amino acids and Peptides	FCC698BD_000635-T1	nrps	1	2	False	True	False	2.939001661143811	0.0110675738552342
4930.0	Amino acids and Peptides	FCC698BD_000950-T1	nrps	1	2	False	True	False	2.939001661143811	0.0110675738552342
4930.0	Amino acids and Peptides	FCC698BD_001528-T1	nrps	3	2	False	True	False	2.939001661143811	0.0110675738552342
4930.0	Amino acids and Peptides	FCC698BD_001972-T1	nrps	1	2	False	True	False	2.939001661143811	0.0110675738552342
4930.0	Amino acids and Peptides	FCC698BD_002392-T1	nrps	1	2	False	True	False	2.939001661143811	0.0110675738552342
4930.0	Amino acids and Peptides	FCC698BD_003040-T1	nrps	1	2	False	True	False	2.939001661143811	0.0110675738552342
4930.0	Amino acids and Peptides	FCC698BD_005496-T1	nrps	1	2	False	True	False	2.939001661143811	0.0110675738552342
4930.0	Amino acids and Peptides	FCC698BD_006454-T1	nrps	1	2	False	True	False	2.939001661143811	0.0110675738552342
4930.0	Amino acids and Peptides	FCC698BD_006514-T1	nrps	1	2	False	True	False	2.939001661143811	0.0110675738552342
4930.0	Amino acids and Peptides	FCC698BD_006575-T1	nrps	1	2	False	True	False	2.939001661143811	0.0110675738552342
4930.0	Amino acids and Peptides	FCC698BD_007329-T1	nrps	1	2	False	True	False	2.939001661143811	0.0110675738552342
4930.0	Amino acids and Peptides	FCC698BD_007727-T1	nrps	1	2	False	True	False	2.939001661143811	0.0110675738552342
4930.0	Amino acids and Peptides	FCC698BD_007797-T1	nrps	1	2	False	True	False	2.939001661143811	0.0110675738552342
67.0	Amino acids and Peptides	FCC698BD_000146-T1	nrps	2	2	False	True	False	2.936100231911248	0.0001604400619056
67.0	Amino acids and Peptides	FCC698BD_000240-T1	nrps	1	2	False	True	False	2.936100231911248	0.0001604400619056
67.0	Amino acids and Peptides	FCC698BD_000473-T1	nrps	1	2	False	True	False	2.936100231911248	0.0001604400619056
67.0	Amino acids and Peptides	FCC698BD_000498-T1	nrps	1	2	False	True	False	2.936100231911248	0.0001604400619056
67.0	Amino acids and Peptides	FCC698BD_000635-T1	nrps	1	2	False	True	False	2.936100231911248	0.0001604400619056
67.0	Amino acids and Peptides	FCC698BD_000950-T1	nrps	1	2	False	True	False	2.936100231911248	0.0001604400619056
67.0	Amino acids and Peptides	FCC698BD_001528-T1	nrps	3	2	False	True	False	2.936100231911248	0.0001604400619056
67.0	Amino acids and Peptides	FCC698BD_001972-T1	nrps	1	2	False	True	False	2.936100231911248	0.0001604400619056
67.0	Amino acids and Peptides	FCC698BD_002392-T1	nrps	1	2	False	True	False	2.936100231911248	0.0001604400619056
67.0	Amino acids and Peptides	FCC698BD_003040-T1	nrps	1	2	False	True	False	2.936100231911248	0.0001604400619056
67.0	Amino acids and Peptides	FCC698BD_005496-T1	nrps	1	2	False	True	False	2.936100231911248	0.0001604400619056
67.0	Amino acids and Peptides	FCC698BD_006454-T1	nrps	1	2	False	True	False	2.936100231911248	0.0001604400619056
67.0	Amino acids and Peptides	FCC698BD_006514-T1	nrps	1	2	False	True	False	2.936100231911248	0.0001604400619056
67.0	Amino acids and Peptides	FCC698BD_006575-T1	nrps	1	2	False	True	False	2.936100231911248	0.0001604400619056
67.0	Amino acids and Peptides	FCC698BD_007329-T1	nrps	1	2	False	True	False	2.936100231911248	0.0001604400619056
67.0	Amino acids and Peptides	FCC698BD_007727-T1	nrps	1	2	False	True	False	2.936100231911248	0.0001604400619056
67.0	Amino acids and Peptides	FCC698BD_007797-T1	nrps	1	2	False	True	False	2.936100231911248	0.0001604400619056
836.0	Amino acids and Peptides	FCC698BD_000146-T1	nrps	2	2	False	True	False	2.9347404578819978	3.102730921661118e-05
836.0	Amino acids and Peptides	FCC698BD_000240-T1	nrps	1	2	False	True	False	2.9347404578819978	3.102730921661118e-05
836.0	Amino acids and Peptides	FCC698BD_000473-T1	nrps	1	2	False	True	False	2.9347404578819978	3.102730921661118e-05
836.0	Amino acids and Peptides	FCC698BD_000498-T1	nrps	1	2	False	True	False	2.9347404578819978	3.102730921661118e-05
836.0	Amino acids and Peptides	FCC698BD_000635-T1	nrps	1	2	False	True	False	2.9347404578819978	3.102730921661118e-05
836.0	Amino acids and Peptides	FCC698BD_000950-T1	nrps	1	2	False	True	False	2.9347404578819978	3.102730921661118e-05
836.0	Amino acids and Peptides	FCC698BD_001528-T1	nrps	3	2	False	True	False	2.9347404578819978	3.102730921661118e-05
836.0	Amino acids and Peptides	FCC698BD_001972-T1	nrps	1	2	False	True	False	2.9347404578819978	3.102730921661118e-05
836.0	Amino acids and Peptides	FCC698BD_002392-T1	nrps	1	2	False	True	False	2.9347404578819978	3.102730921661118e-05
836.0	Amino acids and Peptides	FCC698BD_003040-T1	nrps	1	2	False	True	False	2.9347404578819978	3.102730921661118e-05
836.0	Amino acids and Peptides	FCC698BD_005496-T1	nrps	1	2	False	True	False	2.9347404578819978	3.102730921661118e-05
836.0	Amino acids and Peptides	FCC698BD_006454-T1	nrps	1	2	False	True	False	2.9347404578819978	3.102730921661118e-05
836.0	Amino acids and Peptides	FCC698BD_006514-T1	nrps	1	2	False	True	False	2.9347404578819978	3.102730921661118e-05
836.0	Amino acids and Peptides	FCC698BD_006575-T1	nrps	1	2	False	True	False	2.9347404578819978	3.102730921661118e-05
836.0	Amino acids and Peptides	FCC698BD_007329-T1	nrps	1	2	False	True	False	2.9347404578819978	3.102730921661118e-05
836.0	Amino acids and Peptides	FCC698BD_007727-T1	nrps	1	2	False	True	False	2.9347404578819978	3.102730921661118e-05
836.0	Amino acids and Peptides	FCC698BD_007797-T1	nrps	1	2	False	True	False	2.9347404578819978	3.102730921661118e-05
69.0	Amino acids and Peptides	FCC698BD_000146-T1	nrps	2	2	False	True	False	2.925851125860564	8.230655584179992e-05
69.0	Amino acids and Peptides	FCC698BD_000240-T1	nrps	1	2	False	True	False	2.925851125860564	8.230655584179992e-05
69.0	Amino acids and Peptides	FCC698BD_000473-T1	nrps	1	2	False	True	False	2.925851125860564	8.230655584179992e-05
69.0	Amino acids and Peptides	FCC698BD_000498-T1	nrps	1	2	False	True	False	2.925851125860564	8.230655584179992e-05
69.0	Amino acids and Peptides	FCC698BD_000635-T1	nrps	1	2	False	True	False	2.925851125860564	8.230655584179992e-05
69.0	Amino acids and Peptides	FCC698BD_000950-T1	nrps	1	2	False	True	False	2.925851125860564	8.230655584179992e-05
69.0	Amino acids and Peptides	FCC698BD_001528-T1	nrps	3	2	False	True	False	2.925851125860564	8.230655584179992e-05
69.0	Amino acids and Peptides	FCC698BD_001972-T1	nrps	1	2	False	True	False	2.925851125860564	8.230655584179992e-05
69.0	Amino acids and Peptides	FCC698BD_002392-T1	nrps	1	2	False	True	False	2.925851125860564	8.230655584179992e-05
69.0	Amino acids and Peptides	FCC698BD_003040-T1	nrps	1	2	False	True	False	2.925851125860564	8.230655584179992e-05
69.0	Amino acids and Peptides	FCC698BD_005496-T1	nrps	1	2	False	True	False	2.925851125860564	8.230655584179992e-05
69.0	Amino acids and Peptides	FCC698BD_006454-T1	nrps	1	2	False	True	False	2.925851125860564	8.230655584179992e-05
69.0	Amino acids and Peptides	FCC698BD_006514-T1	nrps	1	2	False	True	False	2.925851125860564	8.230655584179992e-05
69.0	Amino acids and Peptides	FCC698BD_006575-T1	nrps	1	2	False	True	False	2.925851125860564	8.230655584179992e-05
69.0	Amino acids and Peptides	FCC698BD_007329-T1	nrps	1	2	False	True	False	2.925851125860564	8.230655584179992e-05
69.0	Amino acids and Peptides	FCC698BD_007727-T1	nrps	1	2	False	True	False	2.925851125860564	8.230655584179992e-05
69.0	Amino acids and Peptides	FCC698BD_007797-T1	nrps	1	2	False	True	False	2.925851125860564	8.230655584179992e-05
1746.0	Amino acids and Peptides	FCC698BD_000146-T1	nrps	2	2	False	True	False	2.8982394188281173	0.0134968705883085
1746.0	Amino acids and Peptides	FCC698BD_000240-T1	nrps	1	2	False	True	False	2.8982394188281173	0.0134968705883085
1746.0	Amino acids and Peptides	FCC698BD_000473-T1	nrps	1	2	False	True	False	2.8982394188281173	0.0134968705883085
1746.0	Amino acids and Peptides	FCC698BD_000498-T1	nrps	1	2	False	True	False	2.8982394188281173	0.0134968705883085
1746.0	Amino acids and Peptides	FCC698BD_000635-T1	nrps	1	2	False	True	False	2.8982394188281173	0.0134968705883085
1746.0	Amino acids and Peptides	FCC698BD_000950-T1	nrps	1	2	False	True	False	2.8982394188281173	0.0134968705883085
1746.0	Amino acids and Peptides	FCC698BD_001528-T1	nrps	3	2	False	True	False	2.8982394188281173	0.0134968705883085
1746.0	Amino acids and Peptides	FCC698BD_001972-T1	nrps	1	2	False	True	False	2.8982394188281173	0.0134968705883085
1746.0	Amino acids and Peptides	FCC698BD_002392-T1	nrps	1	2	False	True	False	2.8982394188281173	0.0134968705883085
1746.0	Amino acids and Peptides	FCC698BD_003040-T1	nrps	1	2	False	True	False	2.8982394188281173	0.0134968705883085
1746.0	Amino acids and Peptides	FCC698BD_005496-T1	nrps	1	2	False	True	False	2.8982394188281173	0.0134968705883085
1746.0	Amino acids and Peptides	FCC698BD_006454-T1	nrps	1	2	False	True	False	2.8982394188281173	0.0134968705883085
1746.0	Amino acids and Peptides	FCC698BD_006514-T1	nrps	1	2	False	True	False	2.8982394188281173	0.0134968705883085
1746.0	Amino acids and Peptides	FCC698BD_006575-T1	nrps	1	2	False	True	False	2.8982394188281173	0.0134968705883085
1746.0	Amino acids and Peptides	FCC698BD_007329-T1	nrps	1	2	False	True	False	2.8982394188281173	0.0134968705883085
1746.0	Amino acids and Peptides	FCC698BD_007727-T1	nrps	1	2	False	True	False	2.8982394188281173	0.0134968705883085
1746.0	Amino acids and Peptides	FCC698BD_007797-T1	nrps	1	2	False	True	False	2.8982394188281173	0.0134968705883085
553.0	Amino acids and Peptides	FCC698BD_000146-T1	nrps	2	2	False	True	False	2.8898878836150184	0.0360940768066605
553.0	Amino acids and Peptides	FCC698BD_000240-T1	nrps	1	2	False	True	False	2.8898878836150184	0.0360940768066605
553.0	Amino acids and Peptides	FCC698BD_000473-T1	nrps	1	2	False	True	False	2.8898878836150184	0.0360940768066605
553.0	Amino acids and Peptides	FCC698BD_000498-T1	nrps	1	2	False	True	False	2.8898878836150184	0.0360940768066605
553.0	Amino acids and Peptides	FCC698BD_000635-T1	nrps	1	2	False	True	False	2.8898878836150184	0.0360940768066605
553.0	Amino acids and Peptides	FCC698BD_000950-T1	nrps	1	2	False	True	False	2.8898878836150184	0.0360940768066605
553.0	Amino acids and Peptides	FCC698BD_001528-T1	nrps	3	2	False	True	False	2.8898878836150184	0.0360940768066605
553.0	Amino acids and Peptides	FCC698BD_001972-T1	nrps	1	2	False	True	False	2.8898878836150184	0.0360940768066605
553.0	Amino acids and Peptides	FCC698BD_002392-T1	nrps	1	2	False	True	False	2.8898878836150184	0.0360940768066605
553.0	Amino acids and Peptides	FCC698BD_003040-T1	nrps	1	2	False	True	False	2.8898878836150184	0.0360940768066605
553.0	Amino acids and Peptides	FCC698BD_005496-T1	nrps	1	2	False	True	False	2.8898878836150184	0.0360940768066605
553.0	Amino acids and Peptides	FCC698BD_006454-T1	nrps	1	2	False	True	False	2.8898878836150184	0.0360940768066605
553.0	Amino acids and Peptides	FCC698BD_006514-T1	nrps	1	2	False	True	False	2.8898878836150184	0.0360940768066605
553.0	Amino acids and Peptides	FCC698BD_006575-T1	nrps	1	2	False	True	False	2.8898878836150184	0.0360940768066605
553.0	Amino acids and Peptides	FCC698BD_007329-T1	nrps	1	2	False	True	False	2.8898878836150184	0.0360940768066605
553.0	Amino acids and Peptides	FCC698BD_007727-T1	nrps	1	2	False	True	False	2.8898878836150184	0.0360940768066605
553.0	Amino acids and Peptides	FCC698BD_007797-T1	nrps	1	2	False	True	False	2.8898878836150184	0.0360940768066605
1238.0	Amino acids and Peptides	FCC698BD_000146-T1	nrps	2	2	False	True	False	2.861450344374018	3.102730921661118e-05
1238.0	Amino acids and Peptides	FCC698BD_000240-T1	nrps	1	2	False	True	False	2.861450344374018	3.102730921661118e-05
1238.0	Amino acids and Peptides	FCC698BD_000473-T1	nrps	1	2	False	True	False	2.861450344374018	3.102730921661118e-05
1238.0	Amino acids and Peptides	FCC698BD_000498-T1	nrps	1	2	False	True	False	2.861450344374018	3.102730921661118e-05
1238.0	Amino acids and Peptides	FCC698BD_000635-T1	nrps	1	2	False	True	False	2.861450344374018	3.102730921661118e-05
1238.0	Amino acids and Peptides	FCC698BD_000950-T1	nrps	1	2	False	True	False	2.861450344374018	3.102730921661118e-05
1238.0	Amino acids and Peptides	FCC698BD_001528-T1	nrps	3	2	False	True	False	2.861450344374018	3.102730921661118e-05
1238.0	Amino acids and Peptides	FCC698BD_001972-T1	nrps	1	2	False	True	False	2.861450344374018	3.102730921661118e-05
1238.0	Amino acids and Peptides	FCC698BD_002392-T1	nrps	1	2	False	True	False	2.861450344374018	3.102730921661118e-05
1238.0	Amino acids and Peptides	FCC698BD_003040-T1	nrps	1	2	False	True	False	2.861450344374018	3.102730921661118e-05
1238.0	Amino acids and Peptides	FCC698BD_005496-T1	nrps	1	2	False	True	False	2.861450344374018	3.102730921661118e-05
1238.0	Amino acids and Peptides	FCC698BD_006454-T1	nrps	1	2	False	True	False	2.861450344374018	3.102730921661118e-05
1238.0	Amino acids and Peptides	FCC698BD_006514-T1	nrps	1	2	False	True	False	2.861450344374018	3.102730921661118e-05
1238.0	Amino acids and Peptides	FCC698BD_006575-T1	nrps	1	2	False	True	False	2.861450344374018	3.102730921661118e-05
1238.0	Amino acids and Peptides	FCC698BD_007329-T1	nrps	1	2	False	True	False	2.861450344374018	3.102730921661118e-05
1238.0	Amino acids and Peptides	FCC698BD_007727-T1	nrps	1	2	False	True	False	2.861450344374018	3.102730921661118e-05
1238.0	Amino acids and Peptides	FCC698BD_007797-T1	nrps	1	2	False	True	False	2.861450344374018	3.102730921661118e-05
319.0	Amino acids and Peptides	FCC698BD_000146-T1	nrps	2	2	False	True	False	2.8306209611282305	0.0001908680059537
319.0	Amino acids and Peptides	FCC698BD_000240-T1	nrps	1	2	False	True	False	2.8306209611282305	0.0001908680059537
319.0	Amino acids and Peptides	FCC698BD_000473-T1	nrps	1	2	False	True	False	2.8306209611282305	0.0001908680059537
319.0	Amino acids and Peptides	FCC698BD_000498-T1	nrps	1	2	False	True	False	2.8306209611282305	0.0001908680059537
319.0	Amino acids and Peptides	FCC698BD_000635-T1	nrps	1	2	False	True	False	2.8306209611282305	0.0001908680059537
319.0	Amino acids and Peptides	FCC698BD_000950-T1	nrps	1	2	False	True	False	2.8306209611282305	0.0001908680059537
319.0	Amino acids and Peptides	FCC698BD_001528-T1	nrps	3	2	False	True	False	2.8306209611282305	0.0001908680059537
319.0	Amino acids and Peptides	FCC698BD_001972-T1	nrps	1	2	False	True	False	2.8306209611282305	0.0001908680059537
319.0	Amino acids and Peptides	FCC698BD_002392-T1	nrps	1	2	False	True	False	2.8306209611282305	0.0001908680059537
319.0	Amino acids and Peptides	FCC698BD_003040-T1	nrps	1	2	False	True	False	2.8306209611282305	0.0001908680059537
319.0	Amino acids and Peptides	FCC698BD_005496-T1	nrps	1	2	False	True	False	2.8306209611282305	0.0001908680059537
319.0	Amino acids and Peptides	FCC698BD_006454-T1	nrps	1	2	False	True	False	2.8306209611282305	0.0001908680059537
319.0	Amino acids and Peptides	FCC698BD_006514-T1	nrps	1	2	False	True	False	2.8306209611282305	0.0001908680059537
319.0	Amino acids and Peptides	FCC698BD_006575-T1	nrps	1	2	False	True	False	2.8306209611282305	0.0001908680059537
319.0	Amino acids and Peptides	FCC698BD_007329-T1	nrps	1	2	False	True	False	2.8306209611282305	0.0001908680059537
319.0	Amino acids and Peptides	FCC698BD_007727-T1	nrps	1	2	False	True	False	2.8306209611282305	0.0001908680059537
319.0	Amino acids and Peptides	FCC698BD_007797-T1	nrps	1	2	False	True	False	2.8306209611282305	0.0001908680059537
895.0	Amino acids and Peptides	FCC698BD_000146-T1	nrps	2	2	False	True	False	2.7744430719521773	0.0001604400619056
895.0	Amino acids and Peptides	FCC698BD_000240-T1	nrps	1	2	False	True	False	2.7744430719521773	0.0001604400619056
895.0	Amino acids and Peptides	FCC698BD_000473-T1	nrps	1	2	False	True	False	2.7744430719521773	0.0001604400619056
895.0	Amino acids and Peptides	FCC698BD_000498-T1	nrps	1	2	False	True	False	2.7744430719521773	0.0001604400619056
895.0	Amino acids and Peptides	FCC698BD_000635-T1	nrps	1	2	False	True	False	2.7744430719521773	0.0001604400619056
895.0	Amino acids and Peptides	FCC698BD_000950-T1	nrps	1	2	False	True	False	2.7744430719521773	0.0001604400619056
895.0	Amino acids and Peptides	FCC698BD_001528-T1	nrps	3	2	False	True	False	2.7744430719521773	0.0001604400619056
895.0	Amino acids and Peptides	FCC698BD_001972-T1	nrps	1	2	False	True	False	2.7744430719521773	0.0001604400619056
895.0	Amino acids and Peptides	FCC698BD_002392-T1	nrps	1	2	False	True	False	2.7744430719521773	0.0001604400619056
895.0	Amino acids and Peptides	FCC698BD_003040-T1	nrps	1	2	False	True	False	2.7744430719521773	0.0001604400619056
895.0	Amino acids and Peptides	FCC698BD_005496-T1	nrps	1	2	False	True	False	2.7744430719521773	0.0001604400619056
895.0	Amino acids and Peptides	FCC698BD_006454-T1	nrps	1	2	False	True	False	2.7744430719521773	0.0001604400619056
895.0	Amino acids and Peptides	FCC698BD_006514-T1	nrps	1	2	False	True	False	2.7744430719521773	0.0001604400619056
895.0	Amino acids and Peptides	FCC698BD_006575-T1	nrps	1	2	False	True	False	2.7744430719521773	0.0001604400619056
895.0	Amino acids and Peptides	FCC698BD_007329-T1	nrps	1	2	False	True	False	2.7744430719521773	0.0001604400619056
895.0	Amino acids and Peptides	FCC698BD_007727-T1	nrps	1	2	False	True	False	2.7744430719521773	0.0001604400619056
895.0	Amino acids and Peptides	FCC698BD_007797-T1	nrps	1	2	False	True	False	2.7744430719521773	0.0001604400619056
331.0	Amino acids and Peptides	FCC698BD_000146-T1	nrps	2	2	False	True	False	2.756945161730436	3.102730921661118e-05
331.0	Amino acids and Peptides	FCC698BD_000240-T1	nrps	1	2	False	True	False	2.756945161730436	3.102730921661118e-05
331.0	Amino acids and Peptides	FCC698BD_000473-T1	nrps	1	2	False	True	False	2.756945161730436	3.102730921661118e-05
331.0	Amino acids and Peptides	FCC698BD_000498-T1	nrps	1	2	False	True	False	2.756945161730436	3.102730921661118e-05
331.0	Amino acids and Peptides	FCC698BD_000635-T1	nrps	1	2	False	True	False	2.756945161730436	3.102730921661118e-05
331.0	Amino acids and Peptides	FCC698BD_000950-T1	nrps	1	2	False	True	False	2.756945161730436	3.102730921661118e-05
331.0	Amino acids and Peptides	FCC698BD_001528-T1	nrps	3	2	False	True	False	2.756945161730436	3.102730921661118e-05
331.0	Amino acids and Peptides	FCC698BD_001972-T1	nrps	1	2	False	True	False	2.756945161730436	3.102730921661118e-05
331.0	Amino acids and Peptides	FCC698BD_002392-T1	nrps	1	2	False	True	False	2.756945161730436	3.102730921661118e-05
331.0	Amino acids and Peptides	FCC698BD_003040-T1	nrps	1	2	False	True	False	2.756945161730436	3.102730921661118e-05
331.0	Amino acids and Peptides	FCC698BD_005496-T1	nrps	1	2	False	True	False	2.756945161730436	3.102730921661118e-05
331.0	Amino acids and Peptides	FCC698BD_006454-T1	nrps	1	2	False	True	False	2.756945161730436	3.102730921661118e-05
331.0	Amino acids and Peptides	FCC698BD_006514-T1	nrps	1	2	False	True	False	2.756945161730436	3.102730921661118e-05
331.0	Amino acids and Peptides	FCC698BD_006575-T1	nrps	1	2	False	True	False	2.756945161730436	3.102730921661118e-05
331.0	Amino acids and Peptides	FCC698BD_007329-T1	nrps	1	2	False	True	False	2.756945161730436	3.102730921661118e-05
331.0	Amino acids and Peptides	FCC698BD_007727-T1	nrps	1	2	False	True	False	2.756945161730436	3.102730921661118e-05
331.0	Amino acids and Peptides	FCC698BD_007797-T1	nrps	1	2	False	True	False	2.756945161730436	3.102730921661118e-05
8816.0	Amino acids and Peptides	FCC698BD_000146-T1	nrps	2	2	False	True	False	2.741030337961549	3.102730921661118e-05
8816.0	Amino acids and Peptides	FCC698BD_000240-T1	nrps	1	2	False	True	False	2.741030337961549	3.102730921661118e-05
8816.0	Amino acids and Peptides	FCC698BD_000473-T1	nrps	1	2	False	True	False	2.741030337961549	3.102730921661118e-05
8816.0	Amino acids and Peptides	FCC698BD_000498-T1	nrps	1	2	False	True	False	2.741030337961549	3.102730921661118e-05
8816.0	Amino acids and Peptides	FCC698BD_000635-T1	nrps	1	2	False	True	False	2.741030337961549	3.102730921661118e-05
8816.0	Amino acids and Peptides	FCC698BD_000950-T1	nrps	1	2	False	True	False	2.741030337961549	3.102730921661118e-05
8816.0	Amino acids and Peptides	FCC698BD_001528-T1	nrps	3	2	False	True	False	2.741030337961549	3.102730921661118e-05
8816.0	Amino acids and Peptides	FCC698BD_001972-T1	nrps	1	2	False	True	False	2.741030337961549	3.102730921661118e-05
8816.0	Amino acids and Peptides	FCC698BD_002392-T1	nrps	1	2	False	True	False	2.741030337961549	3.102730921661118e-05
8816.0	Amino acids and Peptides	FCC698BD_003040-T1	nrps	1	2	False	True	False	2.741030337961549	3.102730921661118e-05
8816.0	Amino acids and Peptides	FCC698BD_005496-T1	nrps	1	2	False	True	False	2.741030337961549	3.102730921661118e-05
8816.0	Amino acids and Peptides	FCC698BD_006454-T1	nrps	1	2	False	True	False	2.741030337961549	3.102730921661118e-05
8816.0	Amino acids and Peptides	FCC698BD_006514-T1	nrps	1	2	False	True	False	2.741030337961549	3.102730921661118e-05
8816.0	Amino acids and Peptides	FCC698BD_006575-T1	nrps	1	2	False	True	False	2.741030337961549	3.102730921661118e-05
8816.0	Amino acids and Peptides	FCC698BD_007329-T1	nrps	1	2	False	True	False	2.741030337961549	3.102730921661118e-05
8816.0	Amino acids and Peptides	FCC698BD_007727-T1	nrps	1	2	False	True	False	2.741030337961549	3.102730921661118e-05
8816.0	Amino acids and Peptides	FCC698BD_007797-T1	nrps	1	2	False	True	False	2.741030337961549	3.102730921661118e-05
508.0	Amino acids and Peptides	FCC698BD_000146-T1	nrps	2	2	False	True	False	2.6577051447584465	0.0007266611238961
508.0	Amino acids and Peptides	FCC698BD_000240-T1	nrps	1	2	False	True	False	2.6577051447584465	0.0007266611238961
508.0	Amino acids and Peptides	FCC698BD_000473-T1	nrps	1	2	False	True	False	2.6577051447584465	0.0007266611238961
508.0	Amino acids and Peptides	FCC698BD_000498-T1	nrps	1	2	False	True	False	2.6577051447584465	0.0007266611238961
508.0	Amino acids and Peptides	FCC698BD_000635-T1	nrps	1	2	False	True	False	2.6577051447584465	0.0007266611238961
508.0	Amino acids and Peptides	FCC698BD_000950-T1	nrps	1	2	False	True	False	2.6577051447584465	0.0007266611238961
508.0	Amino acids and Peptides	FCC698BD_001528-T1	nrps	3	2	False	True	False	2.6577051447584465	0.0007266611238961
508.0	Amino acids and Peptides	FCC698BD_001972-T1	nrps	1	2	False	True	False	2.6577051447584465	0.0007266611238961
508.0	Amino acids and Peptides	FCC698BD_002392-T1	nrps	1	2	False	True	False	2.6577051447584465	0.0007266611238961
508.0	Amino acids and Peptides	FCC698BD_003040-T1	nrps	1	2	False	True	False	2.6577051447584465	0.0007266611238961
508.0	Amino acids and Peptides	FCC698BD_005496-T1	nrps	1	2	False	True	False	2.6577051447584465	0.0007266611238961
508.0	Amino acids and Peptides	FCC698BD_006454-T1	nrps	1	2	False	True	False	2.6577051447584465	0.0007266611238961
508.0	Amino acids and Peptides	FCC698BD_006514-T1	nrps	1	2	False	True	False	2.6577051447584465	0.0007266611238961
508.0	Amino acids and Peptides	FCC698BD_006575-T1	nrps	1	2	False	True	False	2.6577051447584465	0.0007266611238961
508.0	Amino acids and Peptides	FCC698BD_007329-T1	nrps	1	2	False	True	False	2.6577051447584465	0.0007266611238961
508.0	Amino acids and Peptides	FCC698BD_007727-T1	nrps	1	2	False	True	False	2.6577051447584465	0.0007266611238961
508.0	Amino acids and Peptides	FCC698BD_007797-T1	nrps	1	2	False	True	False	2.6577051447584465	0.0007266611238961
4698.0	Amino acids and Peptides	FCC698BD_000146-T1	nrps	2	2	False	True	False	2.654381474849956	3.333389857881452e-05
4698.0	Amino acids and Peptides	FCC698BD_000240-T1	nrps	1	2	False	True	False	2.654381474849956	3.333389857881452e-05
4698.0	Amino acids and Peptides	FCC698BD_000473-T1	nrps	1	2	False	True	False	2.654381474849956	3.333389857881452e-05
4698.0	Amino acids and Peptides	FCC698BD_000498-T1	nrps	1	2	False	True	False	2.654381474849956	3.333389857881452e-05
4698.0	Amino acids and Peptides	FCC698BD_000635-T1	nrps	1	2	False	True	False	2.654381474849956	3.333389857881452e-05
4698.0	Amino acids and Peptides	FCC698BD_000950-T1	nrps	1	2	False	True	False	2.654381474849956	3.333389857881452e-05
4698.0	Amino acids and Peptides	FCC698BD_001528-T1	nrps	3	2	False	True	False	2.654381474849956	3.333389857881452e-05
4698.0	Amino acids and Peptides	FCC698BD_001972-T1	nrps	1	2	False	True	False	2.654381474849956	3.333389857881452e-05
4698.0	Amino acids and Peptides	FCC698BD_002392-T1	nrps	1	2	False	True	False	2.654381474849956	3.333389857881452e-05
4698.0	Amino acids and Peptides	FCC698BD_003040-T1	nrps	1	2	False	True	False	2.654381474849956	3.333389857881452e-05
4698.0	Amino acids and Peptides	FCC698BD_005496-T1	nrps	1	2	False	True	False	2.654381474849956	3.333389857881452e-05
4698.0	Amino acids and Peptides	FCC698BD_006454-T1	nrps	1	2	False	True	False	2.654381474849956	3.333389857881452e-05
4698.0	Amino acids and Peptides	FCC698BD_006514-T1	nrps	1	2	False	True	False	2.654381474849956	3.333389857881452e-05
4698.0	Amino acids and Peptides	FCC698BD_006575-T1	nrps	1	2	False	True	False	2.654381474849956	3.333389857881452e-05
4698.0	Amino acids and Peptides	FCC698BD_007329-T1	nrps	1	2	False	True	False	2.654381474849956	3.333389857881452e-05
4698.0	Amino acids and Peptides	FCC698BD_007727-T1	nrps	1	2	False	True	False	2.654381474849956	3.333389857881452e-05
4698.0	Amino acids and Peptides	FCC698BD_007797-T1	nrps	1	2	False	True	False	2.654381474849956	3.333389857881452e-05
12065.0	Amino acids and Peptides	FCC698BD_000146-T1	nrps	2	2	False	True	False	2.5303332453015965	3.102730921661118e-05
12065.0	Amino acids and Peptides	FCC698BD_000240-T1	nrps	1	2	False	True	False	2.5303332453015965	3.102730921661118e-05
12065.0	Amino acids and Peptides	FCC698BD_000473-T1	nrps	1	2	False	True	False	2.5303332453015965	3.102730921661118e-05
12065.0	Amino acids and Peptides	FCC698BD_000498-T1	nrps	1	2	False	True	False	2.5303332453015965	3.102730921661118e-05
12065.0	Amino acids and Peptides	FCC698BD_000635-T1	nrps	1	2	False	True	False	2.5303332453015965	3.102730921661118e-05
12065.0	Amino acids and Peptides	FCC698BD_000950-T1	nrps	1	2	False	True	False	2.5303332453015965	3.102730921661118e-05
12065.0	Amino acids and Peptides	FCC698BD_001528-T1	nrps	3	2	False	True	False	2.5303332453015965	3.102730921661118e-05
12065.0	Amino acids and Peptides	FCC698BD_001972-T1	nrps	1	2	False	True	False	2.5303332453015965	3.102730921661118e-05
12065.0	Amino acids and Peptides	FCC698BD_002392-T1	nrps	1	2	False	True	False	2.5303332453015965	3.102730921661118e-05
12065.0	Amino acids and Peptides	FCC698BD_003040-T1	nrps	1	2	False	True	False	2.5303332453015965	3.102730921661118e-05
12065.0	Amino acids and Peptides	FCC698BD_005496-T1	nrps	1	2	False	True	False	2.5303332453015965	3.102730921661118e-05
12065.0	Amino acids and Peptides	FCC698BD_006454-T1	nrps	1	2	False	True	False	2.5303332453015965	3.102730921661118e-05
12065.0	Amino acids and Peptides	FCC698BD_006514-T1	nrps	1	2	False	True	False	2.5303332453015965	3.102730921661118e-05
12065.0	Amino acids and Peptides	FCC698BD_006575-T1	nrps	1	2	False	True	False	2.5303332453015965	3.102730921661118e-05
12065.0	Amino acids and Peptides	FCC698BD_007329-T1	nrps	1	2	False	True	False	2.5303332453015965	3.102730921661118e-05
12065.0	Amino acids and Peptides	FCC698BD_007727-T1	nrps	1	2	False	True	False	2.5303332453015965	3.102730921661118e-05
12065.0	Amino acids and Peptides	FCC698BD_007797-T1	nrps	1	2	False	True	False	2.5303332453015965	3.102730921661118e-05
275.0	Amino acids and Peptides	FCC698BD_000146-T1	nrps	2	2	False	True	False	2.516330591200548	3.102730921661118e-05
275.0	Amino acids and Peptides	FCC698BD_000240-T1	nrps	1	2	False	True	False	2.516330591200548	3.102730921661118e-05
275.0	Amino acids and Peptides	FCC698BD_000473-T1	nrps	1	2	False	True	False	2.516330591200548	3.102730921661118e-05
275.0	Amino acids and Peptides	FCC698BD_000498-T1	nrps	1	2	False	True	False	2.516330591200548	3.102730921661118e-05
275.0	Amino acids and Peptides	FCC698BD_000635-T1	nrps	1	2	False	True	False	2.516330591200548	3.102730921661118e-05
275.0	Amino acids and Peptides	FCC698BD_000950-T1	nrps	1	2	False	True	False	2.516330591200548	3.102730921661118e-05
275.0	Amino acids and Peptides	FCC698BD_001528-T1	nrps	3	2	False	True	False	2.516330591200548	3.102730921661118e-05
275.0	Amino acids and Peptides	FCC698BD_001972-T1	nrps	1	2	False	True	False	2.516330591200548	3.102730921661118e-05
275.0	Amino acids and Peptides	FCC698BD_002392-T1	nrps	1	2	False	True	False	2.516330591200548	3.102730921661118e-05
275.0	Amino acids and Peptides	FCC698BD_003040-T1	nrps	1	2	False	True	False	2.516330591200548	3.102730921661118e-05
275.0	Amino acids and Peptides	FCC698BD_005496-T1	nrps	1	2	False	True	False	2.516330591200548	3.102730921661118e-05
275.0	Amino acids and Peptides	FCC698BD_006454-T1	nrps	1	2	False	True	False	2.516330591200548	3.102730921661118e-05
275.0	Amino acids and Peptides	FCC698BD_006514-T1	nrps	1	2	False	True	False	2.516330591200548	3.102730921661118e-05
275.0	Amino acids and Peptides	FCC698BD_006575-T1	nrps	1	2	False	True	False	2.516330591200548	3.102730921661118e-05
275.0	Amino acids and Peptides	FCC698BD_007329-T1	nrps	1	2	False	True	False	2.516330591200548	3.102730921661118e-05
275.0	Amino acids and Peptides	FCC698BD_007727-T1	nrps	1	2	False	True	False	2.516330591200548	3.102730921661118e-05
275.0	Amino acids and Peptides	FCC698BD_007797-T1	nrps	1	2	False	True	False	2.516330591200548	3.102730921661118e-05
477.0	Amino acids and Peptides	FCC698BD_000146-T1	nrps	2	2	False	True	False	2.499765393659762	0.0002204137019629
477.0	Amino acids and Peptides	FCC698BD_000240-T1	nrps	1	2	False	True	False	2.499765393659762	0.0002204137019629
477.0	Amino acids and Peptides	FCC698BD_000473-T1	nrps	1	2	False	True	False	2.499765393659762	0.0002204137019629
477.0	Amino acids and Peptides	FCC698BD_000498-T1	nrps	1	2	False	True	False	2.499765393659762	0.0002204137019629
477.0	Amino acids and Peptides	FCC698BD_000635-T1	nrps	1	2	False	True	False	2.499765393659762	0.0002204137019629
477.0	Amino acids and Peptides	FCC698BD_000950-T1	nrps	1	2	False	True	False	2.499765393659762	0.0002204137019629
477.0	Amino acids and Peptides	FCC698BD_001528-T1	nrps	3	2	False	True	False	2.499765393659762	0.0002204137019629
477.0	Amino acids and Peptides	FCC698BD_001972-T1	nrps	1	2	False	True	False	2.499765393659762	0.0002204137019629
477.0	Amino acids and Peptides	FCC698BD_002392-T1	nrps	1	2	False	True	False	2.499765393659762	0.0002204137019629
477.0	Amino acids and Peptides	FCC698BD_003040-T1	nrps	1	2	False	True	False	2.499765393659762	0.0002204137019629
477.0	Amino acids and Peptides	FCC698BD_005496-T1	nrps	1	2	False	True	False	2.499765393659762	0.0002204137019629
477.0	Amino acids and Peptides	FCC698BD_006454-T1	nrps	1	2	False	True	False	2.499765393659762	0.0002204137019629
477.0	Amino acids and Peptides	FCC698BD_006514-T1	nrps	1	2	False	True	False	2.499765393659762	0.0002204137019629
477.0	Amino acids and Peptides	FCC698BD_006575-T1	nrps	1	2	False	True	False	2.499765393659762	0.0002204137019629
477.0	Amino acids and Peptides	FCC698BD_007329-T1	nrps	1	2	False	True	False	2.499765393659762	0.0002204137019629
477.0	Amino acids and Peptides	FCC698BD_007727-T1	nrps	1	2	False	True	False	2.499765393659762	0.0002204137019629
477.0	Amino acids and Peptides	FCC698BD_007797-T1	nrps	1	2	False	True	False	2.499765393659762	0.0002204137019629
4864.0	Amino acids and Peptides	FCC698BD_000146-T1	nrps	2	2	False	True	False	2.496389347195937	0.0025702850887746
4864.0	Amino acids and Peptides	FCC698BD_000240-T1	nrps	1	2	False	True	False	2.496389347195937	0.0025702850887746
4864.0	Amino acids and Peptides	FCC698BD_000473-T1	nrps	1	2	False	True	False	2.496389347195937	0.0025702850887746
4864.0	Amino acids and Peptides	FCC698BD_000498-T1	nrps	1	2	False	True	False	2.496389347195937	0.0025702850887746
4864.0	Amino acids and Peptides	FCC698BD_000635-T1	nrps	1	2	False	True	False	2.496389347195937	0.0025702850887746
4864.0	Amino acids and Peptides	FCC698BD_000950-T1	nrps	1	2	False	True	False	2.496389347195937	0.0025702850887746
4864.0	Amino acids and Peptides	FCC698BD_001528-T1	nrps	3	2	False	True	False	2.496389347195937	0.0025702850887746
4864.0	Amino acids and Peptides	FCC698BD_001972-T1	nrps	1	2	False	True	False	2.496389347195937	0.0025702850887746
4864.0	Amino acids and Peptides	FCC698BD_002392-T1	nrps	1	2	False	True	False	2.496389347195937	0.0025702850887746
4864.0	Amino acids and Peptides	FCC698BD_003040-T1	nrps	1	2	False	True	False	2.496389347195937	0.0025702850887746
4864.0	Amino acids and Peptides	FCC698BD_005496-T1	nrps	1	2	False	True	False	2.496389347195937	0.0025702850887746
4864.0	Amino acids and Peptides	FCC698BD_006454-T1	nrps	1	2	False	True	False	2.496389347195937	0.0025702850887746
4864.0	Amino acids and Peptides	FCC698BD_006514-T1	nrps	1	2	False	True	False	2.496389347195937	0.0025702850887746
4864.0	Amino acids and Peptides	FCC698BD_006575-T1	nrps	1	2	False	True	False	2.496389347195937	0.0025702850887746
4864.0	Amino acids and Peptides	FCC698BD_007329-T1	nrps	1	2	False	True	False	2.496389347195937	0.0025702850887746
4864.0	Amino acids and Peptides	FCC698BD_007727-T1	nrps	1	2	False	True	False	2.496389347195937	0.0025702850887746
4864.0	Amino acids and Peptides	FCC698BD_007797-T1	nrps	1	2	False	True	False	2.496389347195937	0.0025702850887746
603.0	Amino acids and Peptides	FCC698BD_000146-T1	nrps	2	2	False	True	False	2.4622094085173534	0.0138701158224038
603.0	Amino acids and Peptides	FCC698BD_000240-T1	nrps	1	2	False	True	False	2.4622094085173534	0.0138701158224038
603.0	Amino acids and Peptides	FCC698BD_000473-T1	nrps	1	2	False	True	False	2.4622094085173534	0.0138701158224038
603.0	Amino acids and Peptides	FCC698BD_000498-T1	nrps	1	2	False	True	False	2.4622094085173534	0.0138701158224038
603.0	Amino acids and Peptides	FCC698BD_000635-T1	nrps	1	2	False	True	False	2.4622094085173534	0.0138701158224038
603.0	Amino acids and Peptides	FCC698BD_000950-T1	nrps	1	2	False	True	False	2.4622094085173534	0.0138701158224038
603.0	Amino acids and Peptides	FCC698BD_001528-T1	nrps	3	2	False	True	False	2.4622094085173534	0.0138701158224038
603.0	Amino acids and Peptides	FCC698BD_001972-T1	nrps	1	2	False	True	False	2.4622094085173534	0.0138701158224038
603.0	Amino acids and Peptides	FCC698BD_002392-T1	nrps	1	2	False	True	False	2.4622094085173534	0.0138701158224038
603.0	Amino acids and Peptides	FCC698BD_003040-T1	nrps	1	2	False	True	False	2.4622094085173534	0.0138701158224038
603.0	Amino acids and Peptides	FCC698BD_005496-T1	nrps	1	2	False	True	False	2.4622094085173534	0.0138701158224038
603.0	Amino acids and Peptides	FCC698BD_006454-T1	nrps	1	2	False	True	False	2.4622094085173534	0.0138701158224038
603.0	Amino acids and Peptides	FCC698BD_006514-T1	nrps	1	2	False	True	False	2.4622094085173534	0.0138701158224038
603.0	Amino acids and Peptides	FCC698BD_006575-T1	nrps	1	2	False	True	False	2.4622094085173534	0.0138701158224038
603.0	Amino acids and Peptides	FCC698BD_007329-T1	nrps	1	2	False	True	False	2.4622094085173534	0.0138701158224038
603.0	Amino acids and Peptides	FCC698BD_007727-T1	nrps	1	2	False	True	False	2.4622094085173534	0.0138701158224038
603.0	Amino acids and Peptides	FCC698BD_007797-T1	nrps	1	2	False	True	False	2.4622094085173534	0.0138701158224038
122.0	Amino acids and Peptides	FCC698BD_000146-T1	nrps	2	2	False	True	False	2.4527351039976018	3.102730921661118e-05
122.0	Amino acids and Peptides	FCC698BD_000240-T1	nrps	1	2	False	True	False	2.4527351039976018	3.102730921661118e-05
122.0	Amino acids and Peptides	FCC698BD_000473-T1	nrps	1	2	False	True	False	2.4527351039976018	3.102730921661118e-05
122.0	Amino acids and Peptides	FCC698BD_000498-T1	nrps	1	2	False	True	False	2.4527351039976018	3.102730921661118e-05
122.0	Amino acids and Peptides	FCC698BD_000635-T1	nrps	1	2	False	True	False	2.4527351039976018	3.102730921661118e-05
122.0	Amino acids and Peptides	FCC698BD_000950-T1	nrps	1	2	False	True	False	2.4527351039976018	3.102730921661118e-05
122.0	Amino acids and Peptides	FCC698BD_001528-T1	nrps	3	2	False	True	False	2.4527351039976018	3.102730921661118e-05
122.0	Amino acids and Peptides	FCC698BD_001972-T1	nrps	1	2	False	True	False	2.4527351039976018	3.102730921661118e-05
122.0	Amino acids and Peptides	FCC698BD_002392-T1	nrps	1	2	False	True	False	2.4527351039976018	3.102730921661118e-05
122.0	Amino acids and Peptides	FCC698BD_003040-T1	nrps	1	2	False	True	False	2.4527351039976018	3.102730921661118e-05
122.0	Amino acids and Peptides	FCC698BD_005496-T1	nrps	1	2	False	True	False	2.4527351039976018	3.102730921661118e-05
122.0	Amino acids and Peptides	FCC698BD_006454-T1	nrps	1	2	False	True	False	2.4527351039976018	3.102730921661118e-05
122.0	Amino acids and Peptides	FCC698BD_006514-T1	nrps	1	2	False	True	False	2.4527351039976018	3.102730921661118e-05
122.0	Amino acids and Peptides	FCC698BD_006575-T1	nrps	1	2	False	True	False	2.4527351039976018	3.102730921661118e-05
122.0	Amino acids and Peptides	FCC698BD_007329-T1	nrps	1	2	False	True	False	2.4527351039976018	3.102730921661118e-05
122.0	Amino acids and Peptides	FCC698BD_007727-T1	nrps	1	2	False	True	False	2.4527351039976018	3.102730921661118e-05
122.0	Amino acids and Peptides	FCC698BD_007797-T1	nrps	1	2	False	True	False	2.4527351039976018	3.102730921661118e-05
11292.0	Amino acids and Peptides	FCC698BD_000146-T1	nrps	2	2	False	True	False	2.445064402115531	0.0001291518006904
11292.0	Amino acids and Peptides	FCC698BD_000240-T1	nrps	1	2	False	True	False	2.445064402115531	0.0001291518006904
11292.0	Amino acids and Peptides	FCC698BD_000473-T1	nrps	1	2	False	True	False	2.445064402115531	0.0001291518006904
11292.0	Amino acids and Peptides	FCC698BD_000498-T1	nrps	1	2	False	True	False	2.445064402115531	0.0001291518006904
11292.0	Amino acids and Peptides	FCC698BD_000635-T1	nrps	1	2	False	True	False	2.445064402115531	0.0001291518006904
11292.0	Amino acids and Peptides	FCC698BD_000950-T1	nrps	1	2	False	True	False	2.445064402115531	0.0001291518006904
11292.0	Amino acids and Peptides	FCC698BD_001528-T1	nrps	3	2	False	True	False	2.445064402115531	0.0001291518006904
11292.0	Amino acids and Peptides	FCC698BD_001972-T1	nrps	1	2	False	True	False	2.445064402115531	0.0001291518006904
11292.0	Amino acids and Peptides	FCC698BD_002392-T1	nrps	1	2	False	True	False	2.445064402115531	0.0001291518006904
11292.0	Amino acids and Peptides	FCC698BD_003040-T1	nrps	1	2	False	True	False	2.445064402115531	0.0001291518006904
11292.0	Amino acids and Peptides	FCC698BD_005496-T1	nrps	1	2	False	True	False	2.445064402115531	0.0001291518006904
11292.0	Amino acids and Peptides	FCC698BD_006454-T1	nrps	1	2	False	True	False	2.445064402115531	0.0001291518006904
11292.0	Amino acids and Peptides	FCC698BD_006514-T1	nrps	1	2	False	True	False	2.445064402115531	0.0001291518006904
11292.0	Amino acids and Peptides	FCC698BD_006575-T1	nrps	1	2	False	True	False	2.445064402115531	0.0001291518006904
11292.0	Amino acids and Peptides	FCC698BD_007329-T1	nrps	1	2	False	True	False	2.445064402115531	0.0001291518006904
11292.0	Amino acids and Peptides	FCC698BD_007727-T1	nrps	1	2	False	True	False	2.445064402115531	0.0001291518006904
11292.0	Amino acids and Peptides	FCC698BD_007797-T1	nrps	1	2	False	True	False	2.445064402115531	0.0001291518006904
1382.0	Amino acids and Peptides	FCC698BD_000146-T1	nrps	2	2	False	True	False	2.408219446765037	0.0091445773428607
1382.0	Amino acids and Peptides	FCC698BD_000240-T1	nrps	1	2	False	True	False	2.408219446765037	0.0091445773428607
1382.0	Amino acids and Peptides	FCC698BD_000473-T1	nrps	1	2	False	True	False	2.408219446765037	0.0091445773428607
1382.0	Amino acids and Peptides	FCC698BD_000498-T1	nrps	1	2	False	True	False	2.408219446765037	0.0091445773428607
1382.0	Amino acids and Peptides	FCC698BD_000635-T1	nrps	1	2	False	True	False	2.408219446765037	0.0091445773428607
1382.0	Amino acids and Peptides	FCC698BD_000950-T1	nrps	1	2	False	True	False	2.408219446765037	0.0091445773428607
1382.0	Amino acids and Peptides	FCC698BD_001528-T1	nrps	3	2	False	True	False	2.408219446765037	0.0091445773428607
1382.0	Amino acids and Peptides	FCC698BD_001972-T1	nrps	1	2	False	True	False	2.408219446765037	0.0091445773428607
1382.0	Amino acids and Peptides	FCC698BD_002392-T1	nrps	1	2	False	True	False	2.408219446765037	0.0091445773428607
1382.0	Amino acids and Peptides	FCC698BD_003040-T1	nrps	1	2	False	True	False	2.408219446765037	0.0091445773428607
1382.0	Amino acids and Peptides	FCC698BD_005496-T1	nrps	1	2	False	True	False	2.408219446765037	0.0091445773428607
1382.0	Amino acids and Peptides	FCC698BD_006454-T1	nrps	1	2	False	True	False	2.408219446765037	0.0091445773428607
1382.0	Amino acids and Peptides	FCC698BD_006514-T1	nrps	1	2	False	True	False	2.408219446765037	0.0091445773428607
1382.0	Amino acids and Peptides	FCC698BD_006575-T1	nrps	1	2	False	True	False	2.408219446765037	0.0091445773428607
1382.0	Amino acids and Peptides	FCC698BD_007329-T1	nrps	1	2	False	True	False	2.408219446765037	0.0091445773428607
1382.0	Amino acids and Peptides	FCC698BD_007727-T1	nrps	1	2	False	True	False	2.408219446765037	0.0091445773428607
1382.0	Amino acids and Peptides	FCC698BD_007797-T1	nrps	1	2	False	True	False	2.408219446765037	0.0091445773428607
4889.0	Amino acids and Peptides	FCC698BD_000146-T1	nrps	2	2	False	True	False	2.3559136768597586	0.0001061715373403
4889.0	Amino acids and Peptides	FCC698BD_000240-T1	nrps	1	2	False	True	False	2.3559136768597586	0.0001061715373403
4889.0	Amino acids and Peptides	FCC698BD_000473-T1	nrps	1	2	False	True	False	2.3559136768597586	0.0001061715373403
4889.0	Amino acids and Peptides	FCC698BD_000498-T1	nrps	1	2	False	True	False	2.3559136768597586	0.0001061715373403
4889.0	Amino acids and Peptides	FCC698BD_000635-T1	nrps	1	2	False	True	False	2.3559136768597586	0.0001061715373403
4889.0	Amino acids and Peptides	FCC698BD_000950-T1	nrps	1	2	False	True	False	2.3559136768597586	0.0001061715373403
4889.0	Amino acids and Peptides	FCC698BD_001528-T1	nrps	3	2	False	True	False	2.3559136768597586	0.0001061715373403
4889.0	Amino acids and Peptides	FCC698BD_001972-T1	nrps	1	2	False	True	False	2.3559136768597586	0.0001061715373403
4889.0	Amino acids and Peptides	FCC698BD_002392-T1	nrps	1	2	False	True	False	2.3559136768597586	0.0001061715373403
4889.0	Amino acids and Peptides	FCC698BD_003040-T1	nrps	1	2	False	True	False	2.3559136768597586	0.0001061715373403
4889.0	Amino acids and Peptides	FCC698BD_005496-T1	nrps	1	2	False	True	False	2.3559136768597586	0.0001061715373403
4889.0	Amino acids and Peptides	FCC698BD_006454-T1	nrps	1	2	False	True	False	2.3559136768597586	0.0001061715373403
4889.0	Amino acids and Peptides	FCC698BD_006514-T1	nrps	1	2	False	True	False	2.3559136768597586	0.0001061715373403
4889.0	Amino acids and Peptides	FCC698BD_006575-T1	nrps	1	2	False	True	False	2.3559136768597586	0.0001061715373403
4889.0	Amino acids and Peptides	FCC698BD_007329-T1	nrps	1	2	False	True	False	2.3559136768597586	0.0001061715373403
4889.0	Amino acids and Peptides	FCC698BD_007727-T1	nrps	1	2	False	True	False	2.3559136768597586	0.0001061715373403
4889.0	Amino acids and Peptides	FCC698BD_007797-T1	nrps	1	2	False	True	False	2.3559136768597586	0.0001061715373403
415.0	Amino acids and Peptides	FCC698BD_000146-T1	nrps	2	2	False	True	False	2.269848737006848	0.0003595860500159
415.0	Amino acids and Peptides	FCC698BD_000240-T1	nrps	1	2	False	True	False	2.269848737006848	0.0003595860500159
415.0	Amino acids and Peptides	FCC698BD_000473-T1	nrps	1	2	False	True	False	2.269848737006848	0.0003595860500159
415.0	Amino acids and Peptides	FCC698BD_000498-T1	nrps	1	2	False	True	False	2.269848737006848	0.0003595860500159
415.0	Amino acids and Peptides	FCC698BD_000635-T1	nrps	1	2	False	True	False	2.269848737006848	0.0003595860500159
415.0	Amino acids and Peptides	FCC698BD_000950-T1	nrps	1	2	False	True	False	2.269848737006848	0.0003595860500159
415.0	Amino acids and Peptides	FCC698BD_001528-T1	nrps	3	2	False	True	False	2.269848737006848	0.0003595860500159
415.0	Amino acids and Peptides	FCC698BD_001972-T1	nrps	1	2	False	True	False	2.269848737006848	0.0003595860500159
415.0	Amino acids and Peptides	FCC698BD_002392-T1	nrps	1	2	False	True	False	2.269848737006848	0.0003595860500159
415.0	Amino acids and Peptides	FCC698BD_003040-T1	nrps	1	2	False	True	False	2.269848737006848	0.0003595860500159
415.0	Amino acids and Peptides	FCC698BD_005496-T1	nrps	1	2	False	True	False	2.269848737006848	0.0003595860500159
415.0	Amino acids and Peptides	FCC698BD_006454-T1	nrps	1	2	False	True	False	2.269848737006848	0.0003595860500159
415.0	Amino acids and Peptides	FCC698BD_006514-T1	nrps	1	2	False	True	False	2.269848737006848	0.0003595860500159
415.0	Amino acids and Peptides	FCC698BD_006575-T1	nrps	1	2	False	True	False	2.269848737006848	0.0003595860500159
415.0	Amino acids and Peptides	FCC698BD_007329-T1	nrps	1	2	False	True	False	2.269848737006848	0.0003595860500159
415.0	Amino acids and Peptides	FCC698BD_007727-T1	nrps	1	2	False	True	False	2.269848737006848	0.0003595860500159
415.0	Amino acids and Peptides	FCC698BD_007797-T1	nrps	1	2	False	True	False	2.269848737006848	0.0003595860500159
7605.0	Amino acids and Peptides	FCC698BD_000146-T1	nrps	2	2	False	True	False	2.1897813547071587	0.0010127836836948
7605.0	Amino acids and Peptides	FCC698BD_000240-T1	nrps	1	2	False	True	False	2.1897813547071587	0.0010127836836948
7605.0	Amino acids and Peptides	FCC698BD_000473-T1	nrps	1	2	False	True	False	2.1897813547071587	0.0010127836836948
7605.0	Amino acids and Peptides	FCC698BD_000498-T1	nrps	1	2	False	True	False	2.1897813547071587	0.0010127836836948
7605.0	Amino acids and Peptides	FCC698BD_000635-T1	nrps	1	2	False	True	False	2.1897813547071587	0.0010127836836948
7605.0	Amino acids and Peptides	FCC698BD_000950-T1	nrps	1	2	False	True	False	2.1897813547071587	0.0010127836836948
7605.0	Amino acids and Peptides	FCC698BD_001528-T1	nrps	3	2	False	True	False	2.1897813547071587	0.0010127836836948
7605.0	Amino acids and Peptides	FCC698BD_001972-T1	nrps	1	2	False	True	False	2.1897813547071587	0.0010127836836948
7605.0	Amino acids and Peptides	FCC698BD_002392-T1	nrps	1	2	False	True	False	2.1897813547071587	0.0010127836836948
7605.0	Amino acids and Peptides	FCC698BD_003040-T1	nrps	1	2	False	True	False	2.1897813547071587	0.0010127836836948
7605.0	Amino acids and Peptides	FCC698BD_005496-T1	nrps	1	2	False	True	False	2.1897813547071587	0.0010127836836948
7605.0	Amino acids and Peptides	FCC698BD_006454-T1	nrps	1	2	False	True	False	2.1897813547071587	0.0010127836836948
7605.0	Amino acids and Peptides	FCC698BD_006514-T1	nrps	1	2	False	True	False	2.1897813547071587	0.0010127836836948
7605.0	Amino acids and Peptides	FCC698BD_006575-T1	nrps	1	2	False	True	False	2.1897813547071587	0.0010127836836948
7605.0	Amino acids and Peptides	FCC698BD_007329-T1	nrps	1	2	False	True	False	2.1897813547071587	0.0010127836836948
7605.0	Amino acids and Peptides	FCC698BD_007727-T1	nrps	1	2	False	True	False	2.1897813547071587	0.0010127836836948
7605.0	Amino acids and Peptides	FCC698BD_007797-T1	nrps	1	2	False	True	False	2.1897813547071587	0.0010127836836948
2879.0	Amino acids and Peptides	FCC698BD_000146-T1	nrps	2	2	False	True	False	2.121750633653453	0.013643196824737
2879.0	Amino acids and Peptides	FCC698BD_000240-T1	nrps	1	2	False	True	False	2.121750633653453	0.013643196824737
2879.0	Amino acids and Peptides	FCC698BD_000473-T1	nrps	1	2	False	True	False	2.121750633653453	0.013643196824737
2879.0	Amino acids and Peptides	FCC698BD_000498-T1	nrps	1	2	False	True	False	2.121750633653453	0.013643196824737
2879.0	Amino acids and Peptides	FCC698BD_000635-T1	nrps	1	2	False	True	False	2.121750633653453	0.013643196824737
2879.0	Amino acids and Peptides	FCC698BD_000950-T1	nrps	1	2	False	True	False	2.121750633653453	0.013643196824737
2879.0	Amino acids and Peptides	FCC698BD_001528-T1	nrps	3	2	False	True	False	2.121750633653453	0.013643196824737
2879.0	Amino acids and Peptides	FCC698BD_001972-T1	nrps	1	2	False	True	False	2.121750633653453	0.013643196824737
2879.0	Amino acids and Peptides	FCC698BD_002392-T1	nrps	1	2	False	True	False	2.121750633653453	0.013643196824737
2879.0	Amino acids and Peptides	FCC698BD_003040-T1	nrps	1	2	False	True	False	2.121750633653453	0.013643196824737
2879.0	Amino acids and Peptides	FCC698BD_005496-T1	nrps	1	2	False	True	False	2.121750633653453	0.013643196824737
2879.0	Amino acids and Peptides	FCC698BD_006454-T1	nrps	1	2	False	True	False	2.121750633653453	0.013643196824737
2879.0	Amino acids and Peptides	FCC698BD_006514-T1	nrps	1	2	False	True	False	2.121750633653453	0.013643196824737
2879.0	Amino acids and Peptides	FCC698BD_006575-T1	nrps	1	2	False	True	False	2.121750633653453	0.013643196824737
2879.0	Amino acids and Peptides	FCC698BD_007329-T1	nrps	1	2	False	True	False	2.121750633653453	0.013643196824737
2879.0	Amino acids and Peptides	FCC698BD_007727-T1	nrps	1	2	False	True	False	2.121750633653453	0.013643196824737
2879.0	Amino acids and Peptides	FCC698BD_007797-T1	nrps	1	2	False	True	False	2.121750633653453	0.013643196824737
843.0	Amino acids and Peptides	FCC698BD_000146-T1	nrps	2	2	False	True	False	2.121400474324468	3.697429133173694e-05
843.0	Amino acids and Peptides	FCC698BD_000240-T1	nrps	1	2	False	True	False	2.121400474324468	3.697429133173694e-05
843.0	Amino acids and Peptides	FCC698BD_000473-T1	nrps	1	2	False	True	False	2.121400474324468	3.697429133173694e-05
843.0	Amino acids and Peptides	FCC698BD_000498-T1	nrps	1	2	False	True	False	2.121400474324468	3.697429133173694e-05
843.0	Amino acids and Peptides	FCC698BD_000635-T1	nrps	1	2	False	True	False	2.121400474324468	3.697429133173694e-05
843.0	Amino acids and Peptides	FCC698BD_000950-T1	nrps	1	2	False	True	False	2.121400474324468	3.697429133173694e-05
843.0	Amino acids and Peptides	FCC698BD_001528-T1	nrps	3	2	False	True	False	2.121400474324468	3.697429133173694e-05
843.0	Amino acids and Peptides	FCC698BD_001972-T1	nrps	1	2	False	True	False	2.121400474324468	3.697429133173694e-05
843.0	Amino acids and Peptides	FCC698BD_002392-T1	nrps	1	2	False	True	False	2.121400474324468	3.697429133173694e-05
843.0	Amino acids and Peptides	FCC698BD_003040-T1	nrps	1	2	False	True	False	2.121400474324468	3.697429133173694e-05
843.0	Amino acids and Peptides	FCC698BD_005496-T1	nrps	1	2	False	True	False	2.121400474324468	3.697429133173694e-05
843.0	Amino acids and Peptides	FCC698BD_006454-T1	nrps	1	2	False	True	False	2.121400474324468	3.697429133173694e-05
843.0	Amino acids and Peptides	FCC698BD_006514-T1	nrps	1	2	False	True	False	2.121400474324468	3.697429133173694e-05
843.0	Amino acids and Peptides	FCC698BD_006575-T1	nrps	1	2	False	True	False	2.121400474324468	3.697429133173694e-05
843.0	Amino acids and Peptides	FCC698BD_007329-T1	nrps	1	2	False	True	False	2.121400474324468	3.697429133173694e-05
843.0	Amino acids and Peptides	FCC698BD_007727-T1	nrps	1	2	False	True	False	2.121400474324468	3.697429133173694e-05
843.0	Amino acids and Peptides	FCC698BD_007797-T1	nrps	1	2	False	True	False	2.121400474324468	3.697429133173694e-05
1397.0	Amino acids and Peptides	FCC698BD_000146-T1	nrps	2	2	False	True	False	2.095397959410388	0.0003595860500159
1397.0	Amino acids and Peptides	FCC698BD_000240-T1	nrps	1	2	False	True	False	2.095397959410388	0.0003595860500159
1397.0	Amino acids and Peptides	FCC698BD_000473-T1	nrps	1	2	False	True	False	2.095397959410388	0.0003595860500159
1397.0	Amino acids and Peptides	FCC698BD_000498-T1	nrps	1	2	False	True	False	2.095397959410388	0.0003595860500159
1397.0	Amino acids and Peptides	FCC698BD_000635-T1	nrps	1	2	False	True	False	2.095397959410388	0.0003595860500159
1397.0	Amino acids and Peptides	FCC698BD_000950-T1	nrps	1	2	False	True	False	2.095397959410388	0.0003595860500159
1397.0	Amino acids and Peptides	FCC698BD_001528-T1	nrps	3	2	False	True	False	2.095397959410388	0.0003595860500159
1397.0	Amino acids and Peptides	FCC698BD_001972-T1	nrps	1	2	False	True	False	2.095397959410388	0.0003595860500159
1397.0	Amino acids and Peptides	FCC698BD_002392-T1	nrps	1	2	False	True	False	2.095397959410388	0.0003595860500159
1397.0	Amino acids and Peptides	FCC698BD_003040-T1	nrps	1	2	False	True	False	2.095397959410388	0.0003595860500159
1397.0	Amino acids and Peptides	FCC698BD_005496-T1	nrps	1	2	False	True	False	2.095397959410388	0.0003595860500159
1397.0	Amino acids and Peptides	FCC698BD_006454-T1	nrps	1	2	False	True	False	2.095397959410388	0.0003595860500159
1397.0	Amino acids and Peptides	FCC698BD_006514-T1	nrps	1	2	False	True	False	2.095397959410388	0.0003595860500159
1397.0	Amino acids and Peptides	FCC698BD_006575-T1	nrps	1	2	False	True	False	2.095397959410388	0.0003595860500159
1397.0	Amino acids and Peptides	FCC698BD_007329-T1	nrps	1	2	False	True	False	2.095397959410388	0.0003595860500159
1397.0	Amino acids and Peptides	FCC698BD_007727-T1	nrps	1	2	False	True	False	2.095397959410388	0.0003595860500159
1397.0	Amino acids and Peptides	FCC698BD_007797-T1	nrps	1	2	False	True	False	2.095397959410388	0.0003595860500159
4918.0	Amino acids and Peptides	FCC698BD_000146-T1	nrps	2	2	False	True	False	2.06849325305877	3.102730921661118e-05
4918.0	Amino acids and Peptides	FCC698BD_000240-T1	nrps	1	2	False	True	False	2.06849325305877	3.102730921661118e-05
4918.0	Amino acids and Peptides	FCC698BD_000473-T1	nrps	1	2	False	True	False	2.06849325305877	3.102730921661118e-05
4918.0	Amino acids and Peptides	FCC698BD_000498-T1	nrps	1	2	False	True	False	2.06849325305877	3.102730921661118e-05
4918.0	Amino acids and Peptides	FCC698BD_000635-T1	nrps	1	2	False	True	False	2.06849325305877	3.102730921661118e-05
4918.0	Amino acids and Peptides	FCC698BD_000950-T1	nrps	1	2	False	True	False	2.06849325305877	3.102730921661118e-05
4918.0	Amino acids and Peptides	FCC698BD_001528-T1	nrps	3	2	False	True	False	2.06849325305877	3.102730921661118e-05
4918.0	Amino acids and Peptides	FCC698BD_001972-T1	nrps	1	2	False	True	False	2.06849325305877	3.102730921661118e-05
4918.0	Amino acids and Peptides	FCC698BD_002392-T1	nrps	1	2	False	True	False	2.06849325305877	3.102730921661118e-05
4918.0	Amino acids and Peptides	FCC698BD_003040-T1	nrps	1	2	False	True	False	2.06849325305877	3.102730921661118e-05
4918.0	Amino acids and Peptides	FCC698BD_005496-T1	nrps	1	2	False	True	False	2.06849325305877	3.102730921661118e-05
4918.0	Amino acids and Peptides	FCC698BD_006454-T1	nrps	1	2	False	True	False	2.06849325305877	3.102730921661118e-05
4918.0	Amino acids and Peptides	FCC698BD_006514-T1	nrps	1	2	False	True	False	2.06849325305877	3.102730921661118e-05
4918.0	Amino acids and Peptides	FCC698BD_006575-T1	nrps	1	2	False	True	False	2.06849325305877	3.102730921661118e-05
4918.0	Amino acids and Peptides	FCC698BD_007329-T1	nrps	1	2	False	True	False	2.06849325305877	3.102730921661118e-05
4918.0	Amino acids and Peptides	FCC698BD_007727-T1	nrps	1	2	False	True	False	2.06849325305877	3.102730921661118e-05
4918.0	Amino acids and Peptides	FCC698BD_007797-T1	nrps	1	2	False	True	False	2.06849325305877	3.102730921661118e-05
1657.0	Amino acids and Peptides	FCC698BD_000146-T1	nrps	2	2	False	True	False	2.065366384411361	0.0001129946875104
1657.0	Amino acids and Peptides	FCC698BD_000240-T1	nrps	1	2	False	True	False	2.065366384411361	0.0001129946875104
1657.0	Amino acids and Peptides	FCC698BD_000473-T1	nrps	1	2	False	True	False	2.065366384411361	0.0001129946875104
1657.0	Amino acids and Peptides	FCC698BD_000498-T1	nrps	1	2	False	True	False	2.065366384411361	0.0001129946875104
1657.0	Amino acids and Peptides	FCC698BD_000635-T1	nrps	1	2	False	True	False	2.065366384411361	0.0001129946875104
1657.0	Amino acids and Peptides	FCC698BD_000950-T1	nrps	1	2	False	True	False	2.065366384411361	0.0001129946875104
1657.0	Amino acids and Peptides	FCC698BD_001528-T1	nrps	3	2	False	True	False	2.065366384411361	0.0001129946875104
1657.0	Amino acids and Peptides	FCC698BD_001972-T1	nrps	1	2	False	True	False	2.065366384411361	0.0001129946875104
1657.0	Amino acids and Peptides	FCC698BD_002392-T1	nrps	1	2	False	True	False	2.065366384411361	0.0001129946875104
1657.0	Amino acids and Peptides	FCC698BD_003040-T1	nrps	1	2	False	True	False	2.065366384411361	0.0001129946875104
1657.0	Amino acids and Peptides	FCC698BD_005496-T1	nrps	1	2	False	True	False	2.065366384411361	0.0001129946875104
1657.0	Amino acids and Peptides	FCC698BD_006454-T1	nrps	1	2	False	True	False	2.065366384411361	0.0001129946875104
1657.0	Amino acids and Peptides	FCC698BD_006514-T1	nrps	1	2	False	True	False	2.065366384411361	0.0001129946875104
1657.0	Amino acids and Peptides	FCC698BD_006575-T1	nrps	1	2	False	True	False	2.065366384411361	0.0001129946875104
1657.0	Amino acids and Peptides	FCC698BD_007329-T1	nrps	1	2	False	True	False	2.065366384411361	0.0001129946875104
1657.0	Amino acids and Peptides	FCC698BD_007727-T1	nrps	1	2	False	True	False	2.065366384411361	0.0001129946875104
1657.0	Amino acids and Peptides	FCC698BD_007797-T1	nrps	1	2	False	True	False	2.065366384411361	0.0001129946875104
628.0	Amino acids and Peptides	FCC698BD_000146-T1	nrps	2	2	False	True	False	2.039339235766198	0.023260921074376
628.0	Amino acids and Peptides	FCC698BD_000240-T1	nrps	1	2	False	True	False	2.039339235766198	0.023260921074376
628.0	Amino acids and Peptides	FCC698BD_000473-T1	nrps	1	2	False	True	False	2.039339235766198	0.023260921074376
628.0	Amino acids and Peptides	FCC698BD_000498-T1	nrps	1	2	False	True	False	2.039339235766198	0.023260921074376
628.0	Amino acids and Peptides	FCC698BD_000635-T1	nrps	1	2	False	True	False	2.039339235766198	0.023260921074376
628.0	Amino acids and Peptides	FCC698BD_000950-T1	nrps	1	2	False	True	False	2.039339235766198	0.023260921074376
628.0	Amino acids and Peptides	FCC698BD_001528-T1	nrps	3	2	False	True	False	2.039339235766198	0.023260921074376
628.0	Amino acids and Peptides	FCC698BD_001972-T1	nrps	1	2	False	True	False	2.039339235766198	0.023260921074376
628.0	Amino acids and Peptides	FCC698BD_002392-T1	nrps	1	2	False	True	False	2.039339235766198	0.023260921074376
628.0	Amino acids and Peptides	FCC698BD_003040-T1	nrps	1	2	False	True	False	2.039339235766198	0.023260921074376
628.0	Amino acids and Peptides	FCC698BD_005496-T1	nrps	1	2	False	True	False	2.039339235766198	0.023260921074376
628.0	Amino acids and Peptides	FCC698BD_006454-T1	nrps	1	2	False	True	False	2.039339235766198	0.023260921074376
628.0	Amino acids and Peptides	FCC698BD_006514-T1	nrps	1	2	False	True	False	2.039339235766198	0.023260921074376
628.0	Amino acids and Peptides	FCC698BD_006575-T1	nrps	1	2	False	True	False	2.039339235766198	0.023260921074376
628.0	Amino acids and Peptides	FCC698BD_007329-T1	nrps	1	2	False	True	False	2.039339235766198	0.023260921074376
628.0	Amino acids and Peptides	FCC698BD_007727-T1	nrps	1	2	False	True	False	2.039339235766198	0.023260921074376
628.0	Amino acids and Peptides	FCC698BD_007797-T1	nrps	1	2	False	True	False	2.039339235766198	0.023260921074376
13316.0	Amino acids and Peptides	FCC698BD_000146-T1	nrps	2	2	False	True	False	1.9906519227241084	0.0105308615560265
13316.0	Amino acids and Peptides	FCC698BD_000240-T1	nrps	1	2	False	True	False	1.9906519227241084	0.0105308615560265
13316.0	Amino acids and Peptides	FCC698BD_000473-T1	nrps	1	2	False	True	False	1.9906519227241084	0.0105308615560265
13316.0	Amino acids and Peptides	FCC698BD_000498-T1	nrps	1	2	False	True	False	1.9906519227241084	0.0105308615560265
13316.0	Amino acids and Peptides	FCC698BD_000635-T1	nrps	1	2	False	True	False	1.9906519227241084	0.0105308615560265
13316.0	Amino acids and Peptides	FCC698BD_000950-T1	nrps	1	2	False	True	False	1.9906519227241084	0.0105308615560265
13316.0	Amino acids and Peptides	FCC698BD_001528-T1	nrps	3	2	False	True	False	1.9906519227241084	0.0105308615560265
13316.0	Amino acids and Peptides	FCC698BD_001972-T1	nrps	1	2	False	True	False	1.9906519227241084	0.0105308615560265
13316.0	Amino acids and Peptides	FCC698BD_002392-T1	nrps	1	2	False	True	False	1.9906519227241084	0.0105308615560265
13316.0	Amino acids and Peptides	FCC698BD_003040-T1	nrps	1	2	False	True	False	1.9906519227241084	0.0105308615560265
13316.0	Amino acids and Peptides	FCC698BD_005496-T1	nrps	1	2	False	True	False	1.9906519227241084	0.0105308615560265
13316.0	Amino acids and Peptides	FCC698BD_006454-T1	nrps	1	2	False	True	False	1.9906519227241084	0.0105308615560265
13316.0	Amino acids and Peptides	FCC698BD_006514-T1	nrps	1	2	False	True	False	1.9906519227241084	0.0105308615560265
13316.0	Amino acids and Peptides	FCC698BD_006575-T1	nrps	1	2	False	True	False	1.9906519227241084	0.0105308615560265
13316.0	Amino acids and Peptides	FCC698BD_007329-T1	nrps	1	2	False	True	False	1.9906519227241084	0.0105308615560265
13316.0	Amino acids and Peptides	FCC698BD_007727-T1	nrps	1	2	False	True	False	1.9906519227241084	0.0105308615560265
13316.0	Amino acids and Peptides	FCC698BD_007797-T1	nrps	1	2	False	True	False	1.9906519227241084	0.0105308615560265
2162.0	Amino acids and Peptides	FCC698BD_000146-T1	nrps	2	2	False	True	False	1.9455059426222163	4.4343821380168e-05
2162.0	Amino acids and Peptides	FCC698BD_000240-T1	nrps	1	2	False	True	False	1.9455059426222163	4.4343821380168e-05
2162.0	Amino acids and Peptides	FCC698BD_000473-T1	nrps	1	2	False	True	False	1.9455059426222163	4.4343821380168e-05
2162.0	Amino acids and Peptides	FCC698BD_000498-T1	nrps	1	2	False	True	False	1.9455059426222163	4.4343821380168e-05
2162.0	Amino acids and Peptides	FCC698BD_000635-T1	nrps	1	2	False	True	False	1.9455059426222163	4.4343821380168e-05
2162.0	Amino acids and Peptides	FCC698BD_000950-T1	nrps	1	2	False	True	False	1.9455059426222163	4.4343821380168e-05
2162.0	Amino acids and Peptides	FCC698BD_001528-T1	nrps	3	2	False	True	False	1.9455059426222163	4.4343821380168e-05
2162.0	Amino acids and Peptides	FCC698BD_001972-T1	nrps	1	2	False	True	False	1.9455059426222163	4.4343821380168e-05
2162.0	Amino acids and Peptides	FCC698BD_002392-T1	nrps	1	2	False	True	False	1.9455059426222163	4.4343821380168e-05
2162.0	Amino acids and Peptides	FCC698BD_003040-T1	nrps	1	2	False	True	False	1.9455059426222163	4.4343821380168e-05
2162.0	Amino acids and Peptides	FCC698BD_005496-T1	nrps	1	2	False	True	False	1.9455059426222163	4.4343821380168e-05
2162.0	Amino acids and Peptides	FCC698BD_006454-T1	nrps	1	2	False	True	False	1.9455059426222163	4.4343821380168e-05
2162.0	Amino acids and Peptides	FCC698BD_006514-T1	nrps	1	2	False	True	False	1.9455059426222163	4.4343821380168e-05
2162.0	Amino acids and Peptides	FCC698BD_006575-T1	nrps	1	2	False	True	False	1.9455059426222163	4.4343821380168e-05
2162.0	Amino acids and Peptides	FCC698BD_007329-T1	nrps	1	2	False	True	False	1.9455059426222163	4.4343821380168e-05
2162.0	Amino acids and Peptides	FCC698BD_007727-T1	nrps	1	2	False	True	False	1.9455059426222163	4.4343821380168e-05
2162.0	Amino acids and Peptides	FCC698BD_007797-T1	nrps	1	2	False	True	False	1.9455059426222163	4.4343821380168e-05
14133.0	Amino acids and Peptides	FCC698BD_000146-T1	nrps	2	2	False	True	False	1.8875172152499289	0.030381385877213
14133.0	Amino acids and Peptides	FCC698BD_000240-T1	nrps	1	2	False	True	False	1.8875172152499289	0.030381385877213
14133.0	Amino acids and Peptides	FCC698BD_000473-T1	nrps	1	2	False	True	False	1.8875172152499289	0.030381385877213
14133.0	Amino acids and Peptides	FCC698BD_000498-T1	nrps	1	2	False	True	False	1.8875172152499289	0.030381385877213
14133.0	Amino acids and Peptides	FCC698BD_000635-T1	nrps	1	2	False	True	False	1.8875172152499289	0.030381385877213
14133.0	Amino acids and Peptides	FCC698BD_000950-T1	nrps	1	2	False	True	False	1.8875172152499289	0.030381385877213
14133.0	Amino acids and Peptides	FCC698BD_001528-T1	nrps	3	2	False	True	False	1.8875172152499289	0.030381385877213
14133.0	Amino acids and Peptides	FCC698BD_001972-T1	nrps	1	2	False	True	False	1.8875172152499289	0.030381385877213
14133.0	Amino acids and Peptides	FCC698BD_002392-T1	nrps	1	2	False	True	False	1.8875172152499289	0.030381385877213
14133.0	Amino acids and Peptides	FCC698BD_003040-T1	nrps	1	2	False	True	False	1.8875172152499289	0.030381385877213
14133.0	Amino acids and Peptides	FCC698BD_005496-T1	nrps	1	2	False	True	False	1.8875172152499289	0.030381385877213
14133.0	Amino acids and Peptides	FCC698BD_006454-T1	nrps	1	2	False	True	False	1.8875172152499289	0.030381385877213
14133.0	Amino acids and Peptides	FCC698BD_006514-T1	nrps	1	2	False	True	False	1.8875172152499289	0.030381385877213
14133.0	Amino acids and Peptides	FCC698BD_006575-T1	nrps	1	2	False	True	False	1.8875172152499289	0.030381385877213
14133.0	Amino acids and Peptides	FCC698BD_007329-T1	nrps	1	2	False	True	False	1.8875172152499289	0.030381385877213
14133.0	Amino acids and Peptides	FCC698BD_007727-T1	nrps	1	2	False	True	False	1.8875172152499289	0.030381385877213
14133.0	Amino acids and Peptides	FCC698BD_007797-T1	nrps	1	2	False	True	False	1.8875172152499289	0.030381385877213
16.0	Amino acids and Peptides	FCC698BD_000146-T1	nrps	2	2	False	True	False	1.688028149885477	0.0315215101850963
16.0	Amino acids and Peptides	FCC698BD_000240-T1	nrps	1	2	False	True	False	1.688028149885477	0.0315215101850963
16.0	Amino acids and Peptides	FCC698BD_000473-T1	nrps	1	2	False	True	False	1.688028149885477	0.0315215101850963
16.0	Amino acids and Peptides	FCC698BD_000498-T1	nrps	1	2	False	True	False	1.688028149885477	0.0315215101850963
16.0	Amino acids and Peptides	FCC698BD_000635-T1	nrps	1	2	False	True	False	1.688028149885477	0.0315215101850963
16.0	Amino acids and Peptides	FCC698BD_000950-T1	nrps	1	2	False	True	False	1.688028149885477	0.0315215101850963
16.0	Amino acids and Peptides	FCC698BD_001528-T1	nrps	3	2	False	True	False	1.688028149885477	0.0315215101850963
16.0	Amino acids and Peptides	FCC698BD_001972-T1	nrps	1	2	False	True	False	1.688028149885477	0.0315215101850963
16.0	Amino acids and Peptides	FCC698BD_002392-T1	nrps	1	2	False	True	False	1.688028149885477	0.0315215101850963
16.0	Amino acids and Peptides	FCC698BD_003040-T1	nrps	1	2	False	True	False	1.688028149885477	0.0315215101850963
16.0	Amino acids and Peptides	FCC698BD_005496-T1	nrps	1	2	False	True	False	1.688028149885477	0.0315215101850963
16.0	Amino acids and Peptides	FCC698BD_006454-T1	nrps	1	2	False	True	False	1.688028149885477	0.0315215101850963
16.0	Amino acids and Peptides	FCC698BD_006514-T1	nrps	1	2	False	True	False	1.688028149885477	0.0315215101850963
16.0	Amino acids and Peptides	FCC698BD_006575-T1	nrps	1	2	False	True	False	1.688028149885477	0.0315215101850963
16.0	Amino acids and Peptides	FCC698BD_007329-T1	nrps	1	2	False	True	False	1.688028149885477	0.0315215101850963
16.0	Amino acids and Peptides	FCC698BD_007727-T1	nrps	1	2	False	True	False	1.688028149885477	0.0315215101850963
16.0	Amino acids and Peptides	FCC698BD_007797-T1	nrps	1	2	False	True	False	1.688028149885477	0.0315215101850963
256.0	Amino acids and Peptides	FCC698BD_000146-T1	nrps	2	2	False	True	False	1.6805778351475589	3.102730921661118e-05
256.0	Amino acids and Peptides	FCC698BD_000240-T1	nrps	1	2	False	True	False	1.6805778351475589	3.102730921661118e-05
256.0	Amino acids and Peptides	FCC698BD_000473-T1	nrps	1	2	False	True	False	1.6805778351475589	3.102730921661118e-05
256.0	Amino acids and Peptides	FCC698BD_000498-T1	nrps	1	2	False	True	False	1.6805778351475589	3.102730921661118e-05
256.0	Amino acids and Peptides	FCC698BD_000635-T1	nrps	1	2	False	True	False	1.6805778351475589	3.102730921661118e-05
256.0	Amino acids and Peptides	FCC698BD_000950-T1	nrps	1	2	False	True	False	1.6805778351475589	3.102730921661118e-05
256.0	Amino acids and Peptides	FCC698BD_001528-T1	nrps	3	2	False	True	False	1.6805778351475589	3.102730921661118e-05
256.0	Amino acids and Peptides	FCC698BD_001972-T1	nrps	1	2	False	True	False	1.6805778351475589	3.102730921661118e-05
256.0	Amino acids and Peptides	FCC698BD_002392-T1	nrps	1	2	False	True	False	1.6805778351475589	3.102730921661118e-05
256.0	Amino acids and Peptides	FCC698BD_003040-T1	nrps	1	2	False	True	False	1.6805778351475589	3.102730921661118e-05
256.0	Amino acids and Peptides	FCC698BD_005496-T1	nrps	1	2	False	True	False	1.6805778351475589	3.102730921661118e-05
256.0	Amino acids and Peptides	FCC698BD_006454-T1	nrps	1	2	False	True	False	1.6805778351475589	3.102730921661118e-05
256.0	Amino acids and Peptides	FCC698BD_006514-T1	nrps	1	2	False	True	False	1.6805778351475589	3.102730921661118e-05
256.0	Amino acids and Peptides	FCC698BD_006575-T1	nrps	1	2	False	True	False	1.6805778351475589	3.102730921661118e-05
256.0	Amino acids and Peptides	FCC698BD_007329-T1	nrps	1	2	False	True	False	1.6805778351475589	3.102730921661118e-05
256.0	Amino acids and Peptides	FCC698BD_007727-T1	nrps	1	2	False	True	False	1.6805778351475589	3.102730921661118e-05
256.0	Amino acids and Peptides	FCC698BD_007797-T1	nrps	1	2	False	True	False	1.6805778351475589	3.102730921661118e-05
3620.0	Amino acids and Peptides	FCC698BD_000146-T1	nrps	2	2	False	True	False	1.6428682813297175	0.0004129587930402
3620.0	Amino acids and Peptides	FCC698BD_000240-T1	nrps	1	2	False	True	False	1.6428682813297175	0.0004129587930402
3620.0	Amino acids and Peptides	FCC698BD_000473-T1	nrps	1	2	False	True	False	1.6428682813297175	0.0004129587930402
3620.0	Amino acids and Peptides	FCC698BD_000498-T1	nrps	1	2	False	True	False	1.6428682813297175	0.0004129587930402
3620.0	Amino acids and Peptides	FCC698BD_000635-T1	nrps	1	2	False	True	False	1.6428682813297175	0.0004129587930402
3620.0	Amino acids and Peptides	FCC698BD_000950-T1	nrps	1	2	False	True	False	1.6428682813297175	0.0004129587930402
3620.0	Amino acids and Peptides	FCC698BD_001528-T1	nrps	3	2	False	True	False	1.6428682813297175	0.0004129587930402
3620.0	Amino acids and Peptides	FCC698BD_001972-T1	nrps	1	2	False	True	False	1.6428682813297175	0.0004129587930402
3620.0	Amino acids and Peptides	FCC698BD_002392-T1	nrps	1	2	False	True	False	1.6428682813297175	0.0004129587930402
3620.0	Amino acids and Peptides	FCC698BD_003040-T1	nrps	1	2	False	True	False	1.6428682813297175	0.0004129587930402
3620.0	Amino acids and Peptides	FCC698BD_005496-T1	nrps	1	2	False	True	False	1.6428682813297175	0.0004129587930402
3620.0	Amino acids and Peptides	FCC698BD_006454-T1	nrps	1	2	False	True	False	1.6428682813297175	0.0004129587930402
3620.0	Amino acids and Peptides	FCC698BD_006514-T1	nrps	1	2	False	True	False	1.6428682813297175	0.0004129587930402
3620.0	Amino acids and Peptides	FCC698BD_006575-T1	nrps	1	2	False	True	False	1.6428682813297175	0.0004129587930402
3620.0	Amino acids and Peptides	FCC698BD_007329-T1	nrps	1	2	False	True	False	1.6428682813297175	0.0004129587930402
3620.0	Amino acids and Peptides	FCC698BD_007727-T1	nrps	1	2	False	True	False	1.6428682813297175	0.0004129587930402
3620.0	Amino acids and Peptides	FCC698BD_007797-T1	nrps	1	2	False	True	False	1.6428682813297175	0.0004129587930402
6313.0	Amino acids and Peptides	FCC698BD_000146-T1	nrps	2	2	False	True	False	1.5884779022416606	0.0001111388916641
6313.0	Amino acids and Peptides	FCC698BD_000240-T1	nrps	1	2	False	True	False	1.5884779022416606	0.0001111388916641
6313.0	Amino acids and Peptides	FCC698BD_000473-T1	nrps	1	2	False	True	False	1.5884779022416606	0.0001111388916641
6313.0	Amino acids and Peptides	FCC698BD_000498-T1	nrps	1	2	False	True	False	1.5884779022416606	0.0001111388916641
6313.0	Amino acids and Peptides	FCC698BD_000635-T1	nrps	1	2	False	True	False	1.5884779022416606	0.0001111388916641
6313.0	Amino acids and Peptides	FCC698BD_000950-T1	nrps	1	2	False	True	False	1.5884779022416606	0.0001111388916641
6313.0	Amino acids and Peptides	FCC698BD_001528-T1	nrps	3	2	False	True	False	1.5884779022416606	0.0001111388916641
6313.0	Amino acids and Peptides	FCC698BD_001972-T1	nrps	1	2	False	True	False	1.5884779022416606	0.0001111388916641
6313.0	Amino acids and Peptides	FCC698BD_002392-T1	nrps	1	2	False	True	False	1.5884779022416606	0.0001111388916641
6313.0	Amino acids and Peptides	FCC698BD_003040-T1	nrps	1	2	False	True	False	1.5884779022416606	0.0001111388916641
6313.0	Amino acids and Peptides	FCC698BD_005496-T1	nrps	1	2	False	True	False	1.5884779022416606	0.0001111388916641
6313.0	Amino acids and Peptides	FCC698BD_006454-T1	nrps	1	2	False	True	False	1.5884779022416606	0.0001111388916641
6313.0	Amino acids and Peptides	FCC698BD_006514-T1	nrps	1	2	False	True	False	1.5884779022416606	0.0001111388916641
6313.0	Amino acids and Peptides	FCC698BD_006575-T1	nrps	1	2	False	True	False	1.5884779022416606	0.0001111388916641
6313.0	Amino acids and Peptides	FCC698BD_007329-T1	nrps	1	2	False	True	False	1.5884779022416606	0.0001111388916641
6313.0	Amino acids and Peptides	FCC698BD_007727-T1	nrps	1	2	False	True	False	1.5884779022416606	0.0001111388916641
6313.0	Amino acids and Peptides	FCC698BD_007797-T1	nrps	1	2	False	True	False	1.5884779022416606	0.0001111388916641
26494.0	Amino acids and Peptides	FCC698BD_000146-T1	nrps	2	2	False	True	False	1.5554971322306628	3.102730921661118e-05
26494.0	Amino acids and Peptides	FCC698BD_000240-T1	nrps	1	2	False	True	False	1.5554971322306628	3.102730921661118e-05
26494.0	Amino acids and Peptides	FCC698BD_000473-T1	nrps	1	2	False	True	False	1.5554971322306628	3.102730921661118e-05
26494.0	Amino acids and Peptides	FCC698BD_000498-T1	nrps	1	2	False	True	False	1.5554971322306628	3.102730921661118e-05
26494.0	Amino acids and Peptides	FCC698BD_000635-T1	nrps	1	2	False	True	False	1.5554971322306628	3.102730921661118e-05
26494.0	Amino acids and Peptides	FCC698BD_000950-T1	nrps	1	2	False	True	False	1.5554971322306628	3.102730921661118e-05
26494.0	Amino acids and Peptides	FCC698BD_001528-T1	nrps	3	2	False	True	False	1.5554971322306628	3.102730921661118e-05
26494.0	Amino acids and Peptides	FCC698BD_001972-T1	nrps	1	2	False	True	False	1.5554971322306628	3.102730921661118e-05
26494.0	Amino acids and Peptides	FCC698BD_002392-T1	nrps	1	2	False	True	False	1.5554971322306628	3.102730921661118e-05
26494.0	Amino acids and Peptides	FCC698BD_003040-T1	nrps	1	2	False	True	False	1.5554971322306628	3.102730921661118e-05
26494.0	Amino acids and Peptides	FCC698BD_005496-T1	nrps	1	2	False	True	False	1.5554971322306628	3.102730921661118e-05
26494.0	Amino acids and Peptides	FCC698BD_006454-T1	nrps	1	2	False	True	False	1.5554971322306628	3.102730921661118e-05
26494.0	Amino acids and Peptides	FCC698BD_006514-T1	nrps	1	2	False	True	False	1.5554971322306628	3.102730921661118e-05
26494.0	Amino acids and Peptides	FCC698BD_006575-T1	nrps	1	2	False	True	False	1.5554971322306628	3.102730921661118e-05
26494.0	Amino acids and Peptides	FCC698BD_007329-T1	nrps	1	2	False	True	False	1.5554971322306628	3.102730921661118e-05
26494.0	Amino acids and Peptides	FCC698BD_007727-T1	nrps	1	2	False	True	False	1.5554971322306628	3.102730921661118e-05
26494.0	Amino acids and Peptides	FCC698BD_007797-T1	nrps	1	2	False	True	False	1.5554971322306628	3.102730921661118e-05
3740.0	Amino acids and Peptides	FCC698BD_000146-T1	nrps	2	2	False	True	False	1.5399043463501756	0.0004873638759871
3740.0	Amino acids and Peptides	FCC698BD_000240-T1	nrps	1	2	False	True	False	1.5399043463501756	0.0004873638759871
3740.0	Amino acids and Peptides	FCC698BD_000473-T1	nrps	1	2	False	True	False	1.5399043463501756	0.0004873638759871
3740.0	Amino acids and Peptides	FCC698BD_000498-T1	nrps	1	2	False	True	False	1.5399043463501756	0.0004873638759871
3740.0	Amino acids and Peptides	FCC698BD_000635-T1	nrps	1	2	False	True	False	1.5399043463501756	0.0004873638759871
3740.0	Amino acids and Peptides	FCC698BD_000950-T1	nrps	1	2	False	True	False	1.5399043463501756	0.0004873638759871
3740.0	Amino acids and Peptides	FCC698BD_001528-T1	nrps	3	2	False	True	False	1.5399043463501756	0.0004873638759871
3740.0	Amino acids and Peptides	FCC698BD_001972-T1	nrps	1	2	False	True	False	1.5399043463501756	0.0004873638759871
3740.0	Amino acids and Peptides	FCC698BD_002392-T1	nrps	1	2	False	True	False	1.5399043463501756	0.0004873638759871
3740.0	Amino acids and Peptides	FCC698BD_003040-T1	nrps	1	2	False	True	False	1.5399043463501756	0.0004873638759871
3740.0	Amino acids and Peptides	FCC698BD_005496-T1	nrps	1	2	False	True	False	1.5399043463501756	0.0004873638759871
3740.0	Amino acids and Peptides	FCC698BD_006454-T1	nrps	1	2	False	True	False	1.5399043463501756	0.0004873638759871
3740.0	Amino acids and Peptides	FCC698BD_006514-T1	nrps	1	2	False	True	False	1.5399043463501756	0.0004873638759871
3740.0	Amino acids and Peptides	FCC698BD_006575-T1	nrps	1	2	False	True	False	1.5399043463501756	0.0004873638759871
3740.0	Amino acids and Peptides	FCC698BD_007329-T1	nrps	1	2	False	True	False	1.5399043463501756	0.0004873638759871
3740.0	Amino acids and Peptides	FCC698BD_007727-T1	nrps	1	2	False	True	False	1.5399043463501756	0.0004873638759871
3740.0	Amino acids and Peptides	FCC698BD_007797-T1	nrps	1	2	False	True	False	1.5399043463501756	0.0004873638759871
1727.0	Amino acids and Peptides	FCC698BD_000146-T1	nrps	2	2	False	True	False	1.5088203959992974	0.0123568427487148
1727.0	Amino acids and Peptides	FCC698BD_000240-T1	nrps	1	2	False	True	False	1.5088203959992974	0.0123568427487148
1727.0	Amino acids and Peptides	FCC698BD_000473-T1	nrps	1	2	False	True	False	1.5088203959992974	0.0123568427487148
1727.0	Amino acids and Peptides	FCC698BD_000498-T1	nrps	1	2	False	True	False	1.5088203959992974	0.0123568427487148
1727.0	Amino acids and Peptides	FCC698BD_000635-T1	nrps	1	2	False	True	False	1.5088203959992974	0.0123568427487148
1727.0	Amino acids and Peptides	FCC698BD_000950-T1	nrps	1	2	False	True	False	1.5088203959992974	0.0123568427487148
1727.0	Amino acids and Peptides	FCC698BD_001528-T1	nrps	3	2	False	True	False	1.5088203959992974	0.0123568427487148
1727.0	Amino acids and Peptides	FCC698BD_001972-T1	nrps	1	2	False	True	False	1.5088203959992974	0.0123568427487148
1727.0	Amino acids and Peptides	FCC698BD_002392-T1	nrps	1	2	False	True	False	1.5088203959992974	0.0123568427487148
1727.0	Amino acids and Peptides	FCC698BD_003040-T1	nrps	1	2	False	True	False	1.5088203959992974	0.0123568427487148
1727.0	Amino acids and Peptides	FCC698BD_005496-T1	nrps	1	2	False	True	False	1.5088203959992974	0.0123568427487148
1727.0	Amino acids and Peptides	FCC698BD_006454-T1	nrps	1	2	False	True	False	1.5088203959992974	0.0123568427487148
1727.0	Amino acids and Peptides	FCC698BD_006514-T1	nrps	1	2	False	True	False	1.5088203959992974	0.0123568427487148
1727.0	Amino acids and Peptides	FCC698BD_006575-T1	nrps	1	2	False	True	False	1.5088203959992974	0.0123568427487148
1727.0	Amino acids and Peptides	FCC698BD_007329-T1	nrps	1	2	False	True	False	1.5088203959992974	0.0123568427487148
1727.0	Amino acids and Peptides	FCC698BD_007727-T1	nrps	1	2	False	True	False	1.5088203959992974	0.0123568427487148
1727.0	Amino acids and Peptides	FCC698BD_007797-T1	nrps	1	2	False	True	False	1.5088203959992974	0.0123568427487148
12397.0	Amino acids and Peptides	FCC698BD_000146-T1	nrps	2	2	False	True	False	1.4648311013039776	0.0002262737170806
12397.0	Amino acids and Peptides	FCC698BD_000240-T1	nrps	1	2	False	True	False	1.4648311013039776	0.0002262737170806
12397.0	Amino acids and Peptides	FCC698BD_000473-T1	nrps	1	2	False	True	False	1.4648311013039776	0.0002262737170806
12397.0	Amino acids and Peptides	FCC698BD_000498-T1	nrps	1	2	False	True	False	1.4648311013039776	0.0002262737170806
12397.0	Amino acids and Peptides	FCC698BD_000635-T1	nrps	1	2	False	True	False	1.4648311013039776	0.0002262737170806
12397.0	Amino acids and Peptides	FCC698BD_000950-T1	nrps	1	2	False	True	False	1.4648311013039776	0.0002262737170806
12397.0	Amino acids and Peptides	FCC698BD_001528-T1	nrps	3	2	False	True	False	1.4648311013039776	0.0002262737170806
12397.0	Amino acids and Peptides	FCC698BD_001972-T1	nrps	1	2	False	True	False	1.4648311013039776	0.0002262737170806
12397.0	Amino acids and Peptides	FCC698BD_002392-T1	nrps	1	2	False	True	False	1.4648311013039776	0.0002262737170806
12397.0	Amino acids and Peptides	FCC698BD_003040-T1	nrps	1	2	False	True	False	1.4648311013039776	0.0002262737170806
12397.0	Amino acids and Peptides	FCC698BD_005496-T1	nrps	1	2	False	True	False	1.4648311013039776	0.0002262737170806
12397.0	Amino acids and Peptides	FCC698BD_006454-T1	nrps	1	2	False	True	False	1.4648311013039776	0.0002262737170806
12397.0	Amino acids and Peptides	FCC698BD_006514-T1	nrps	1	2	False	True	False	1.4648311013039776	0.0002262737170806
12397.0	Amino acids and Peptides	FCC698BD_006575-T1	nrps	1	2	False	True	False	1.4648311013039776	0.0002262737170806
12397.0	Amino acids and Peptides	FCC698BD_007329-T1	nrps	1	2	False	True	False	1.4648311013039776	0.0002262737170806
12397.0	Amino acids and Peptides	FCC698BD_007727-T1	nrps	1	2	False	True	False	1.4648311013039776	0.0002262737170806
12397.0	Amino acids and Peptides	FCC698BD_007797-T1	nrps	1	2	False	True	False	1.4648311013039776	0.0002262737170806
2969.0	Amino acids and Peptides	FCC698BD_000146-T1	nrps	2	2	False	True	False	1.3371992435557534	8.189118650877062e-05
2969.0	Amino acids and Peptides	FCC698BD_000240-T1	nrps	1	2	False	True	False	1.3371992435557534	8.189118650877062e-05
2969.0	Amino acids and Peptides	FCC698BD_000473-T1	nrps	1	2	False	True	False	1.3371992435557534	8.189118650877062e-05
2969.0	Amino acids and Peptides	FCC698BD_000498-T1	nrps	1	2	False	True	False	1.3371992435557534	8.189118650877062e-05
2969.0	Amino acids and Peptides	FCC698BD_000635-T1	nrps	1	2	False	True	False	1.3371992435557534	8.189118650877062e-05
2969.0	Amino acids and Peptides	FCC698BD_000950-T1	nrps	1	2	False	True	False	1.3371992435557534	8.189118650877062e-05
2969.0	Amino acids and Peptides	FCC698BD_001528-T1	nrps	3	2	False	True	False	1.3371992435557534	8.189118650877062e-05
2969.0	Amino acids and Peptides	FCC698BD_001972-T1	nrps	1	2	False	True	False	1.3371992435557534	8.189118650877062e-05
2969.0	Amino acids and Peptides	FCC698BD_002392-T1	nrps	1	2	False	True	False	1.3371992435557534	8.189118650877062e-05
2969.0	Amino acids and Peptides	FCC698BD_003040-T1	nrps	1	2	False	True	False	1.3371992435557534	8.189118650877062e-05
2969.0	Amino acids and Peptides	FCC698BD_005496-T1	nrps	1	2	False	True	False	1.3371992435557534	8.189118650877062e-05
2969.0	Amino acids and Peptides	FCC698BD_006454-T1	nrps	1	2	False	True	False	1.3371992435557534	8.189118650877062e-05
2969.0	Amino acids and Peptides	FCC698BD_006514-T1	nrps	1	2	False	True	False	1.3371992435557534	8.189118650877062e-05
2969.0	Amino acids and Peptides	FCC698BD_006575-T1	nrps	1	2	False	True	False	1.3371992435557534	8.189118650877062e-05
2969.0	Amino acids and Peptides	FCC698BD_007329-T1	nrps	1	2	False	True	False	1.3371992435557534	8.189118650877062e-05
2969.0	Amino acids and Peptides	FCC698BD_007727-T1	nrps	1	2	False	True	False	1.3371992435557534	8.189118650877062e-05
2969.0	Amino acids and Peptides	FCC698BD_007797-T1	nrps	1	2	False	True	False	1.3371992435557534	8.189118650877062e-05
3130.0	Amino acids and Peptides	FCC698BD_000146-T1	nrps	2	2	False	True	False	1.3176213980095468	0.0007609520976108
3130.0	Amino acids and Peptides	FCC698BD_000240-T1	nrps	1	2	False	True	False	1.3176213980095468	0.0007609520976108
3130.0	Amino acids and Peptides	FCC698BD_000473-T1	nrps	1	2	False	True	False	1.3176213980095468	0.0007609520976108
3130.0	Amino acids and Peptides	FCC698BD_000498-T1	nrps	1	2	False	True	False	1.3176213980095468	0.0007609520976108
3130.0	Amino acids and Peptides	FCC698BD_000635-T1	nrps	1	2	False	True	False	1.3176213980095468	0.0007609520976108
3130.0	Amino acids and Peptides	FCC698BD_000950-T1	nrps	1	2	False	True	False	1.3176213980095468	0.0007609520976108
3130.0	Amino acids and Peptides	FCC698BD_001528-T1	nrps	3	2	False	True	False	1.3176213980095468	0.0007609520976108
3130.0	Amino acids and Peptides	FCC698BD_001972-T1	nrps	1	2	False	True	False	1.3176213980095468	0.0007609520976108
3130.0	Amino acids and Peptides	FCC698BD_002392-T1	nrps	1	2	False	True	False	1.3176213980095468	0.0007609520976108
3130.0	Amino acids and Peptides	FCC698BD_003040-T1	nrps	1	2	False	True	False	1.3176213980095468	0.0007609520976108
3130.0	Amino acids and Peptides	FCC698BD_005496-T1	nrps	1	2	False	True	False	1.3176213980095468	0.0007609520976108
3130.0	Amino acids and Peptides	FCC698BD_006454-T1	nrps	1	2	False	True	False	1.3176213980095468	0.0007609520976108
3130.0	Amino acids and Peptides	FCC698BD_006514-T1	nrps	1	2	False	True	False	1.3176213980095468	0.0007609520976108
3130.0	Amino acids and Peptides	FCC698BD_006575-T1	nrps	1	2	False	True	False	1.3176213980095468	0.0007609520976108
3130.0	Amino acids and Peptides	FCC698BD_007329-T1	nrps	1	2	False	True	False	1.3176213980095468	0.0007609520976108
3130.0	Amino acids and Peptides	FCC698BD_007727-T1	nrps	1	2	False	True	False	1.3176213980095468	0.0007609520976108
3130.0	Amino acids and Peptides	FCC698BD_007797-T1	nrps	1	2	False	True	False	1.3176213980095468	0.0007609520976108
13281.0	Amino acids and Peptides	FCC698BD_000146-T1	nrps	2	2	False	True	False	1.2968583819469757	0.0374424803708977
13281.0	Amino acids and Peptides	FCC698BD_000240-T1	nrps	1	2	False	True	False	1.2968583819469757	0.0374424803708977
13281.0	Amino acids and Peptides	FCC698BD_000473-T1	nrps	1	2	False	True	False	1.2968583819469757	0.0374424803708977
13281.0	Amino acids and Peptides	FCC698BD_000498-T1	nrps	1	2	False	True	False	1.2968583819469757	0.0374424803708977
13281.0	Amino acids and Peptides	FCC698BD_000635-T1	nrps	1	2	False	True	False	1.2968583819469757	0.0374424803708977
13281.0	Amino acids and Peptides	FCC698BD_000950-T1	nrps	1	2	False	True	False	1.2968583819469757	0.0374424803708977
13281.0	Amino acids and Peptides	FCC698BD_001528-T1	nrps	3	2	False	True	False	1.2968583819469757	0.0374424803708977
13281.0	Amino acids and Peptides	FCC698BD_001972-T1	nrps	1	2	False	True	False	1.2968583819469757	0.0374424803708977
13281.0	Amino acids and Peptides	FCC698BD_002392-T1	nrps	1	2	False	True	False	1.2968583819469757	0.0374424803708977
13281.0	Amino acids and Peptides	FCC698BD_003040-T1	nrps	1	2	False	True	False	1.2968583819469757	0.0374424803708977
13281.0	Amino acids and Peptides	FCC698BD_005496-T1	nrps	1	2	False	True	False	1.2968583819469757	0.0374424803708977
13281.0	Amino acids and Peptides	FCC698BD_006454-T1	nrps	1	2	False	True	False	1.2968583819469757	0.0374424803708977
13281.0	Amino acids and Peptides	FCC698BD_006514-T1	nrps	1	2	False	True	False	1.2968583819469757	0.0374424803708977
13281.0	Amino acids and Peptides	FCC698BD_006575-T1	nrps	1	2	False	True	False	1.2968583819469757	0.0374424803708977
13281.0	Amino acids and Peptides	FCC698BD_007329-T1	nrps	1	2	False	True	False	1.2968583819469757	0.0374424803708977
13281.0	Amino acids and Peptides	FCC698BD_007727-T1	nrps	1	2	False	True	False	1.2968583819469757	0.0374424803708977
13281.0	Amino acids and Peptides	FCC698BD_007797-T1	nrps	1	2	False	True	False	1.2968583819469757	0.0374424803708977
566.0	Amino acids and Peptides	FCC698BD_000146-T1	nrps	2	2	False	True	False	1.2644272300764057	0.0049811963008813
566.0	Amino acids and Peptides	FCC698BD_000240-T1	nrps	1	2	False	True	False	1.2644272300764057	0.0049811963008813
566.0	Amino acids and Peptides	FCC698BD_000473-T1	nrps	1	2	False	True	False	1.2644272300764057	0.0049811963008813
566.0	Amino acids and Peptides	FCC698BD_000498-T1	nrps	1	2	False	True	False	1.2644272300764057	0.0049811963008813
566.0	Amino acids and Peptides	FCC698BD_000635-T1	nrps	1	2	False	True	False	1.2644272300764057	0.0049811963008813
566.0	Amino acids and Peptides	FCC698BD_000950-T1	nrps	1	2	False	True	False	1.2644272300764057	0.0049811963008813
566.0	Amino acids and Peptides	FCC698BD_001528-T1	nrps	3	2	False	True	False	1.2644272300764057	0.0049811963008813
566.0	Amino acids and Peptides	FCC698BD_001972-T1	nrps	1	2	False	True	False	1.2644272300764057	0.0049811963008813
566.0	Amino acids and Peptides	FCC698BD_002392-T1	nrps	1	2	False	True	False	1.2644272300764057	0.0049811963008813
566.0	Amino acids and Peptides	FCC698BD_003040-T1	nrps	1	2	False	True	False	1.2644272300764057	0.0049811963008813
566.0	Amino acids and Peptides	FCC698BD_005496-T1	nrps	1	2	False	True	False	1.2644272300764057	0.0049811963008813
566.0	Amino acids and Peptides	FCC698BD_006454-T1	nrps	1	2	False	True	False	1.2644272300764057	0.0049811963008813
566.0	Amino acids and Peptides	FCC698BD_006514-T1	nrps	1	2	False	True	False	1.2644272300764057	0.0049811963008813
566.0	Amino acids and Peptides	FCC698BD_006575-T1	nrps	1	2	False	True	False	1.2644272300764057	0.0049811963008813
566.0	Amino acids and Peptides	FCC698BD_007329-T1	nrps	1	2	False	True	False	1.2644272300764057	0.0049811963008813
566.0	Amino acids and Peptides	FCC698BD_007727-T1	nrps	1	2	False	True	False	1.2644272300764057	0.0049811963008813
566.0	Amino acids and Peptides	FCC698BD_007797-T1	nrps	1	2	False	True	False	1.2644272300764057	0.0049811963008813
981.0	Amino acids and Peptides	FCC698BD_000146-T1	nrps	2	2	False	True	False	1.1561585296688333	0.0160838104418218
981.0	Amino acids and Peptides	FCC698BD_000240-T1	nrps	1	2	False	True	False	1.1561585296688333	0.0160838104418218
981.0	Amino acids and Peptides	FCC698BD_000473-T1	nrps	1	2	False	True	False	1.1561585296688333	0.0160838104418218
981.0	Amino acids and Peptides	FCC698BD_000498-T1	nrps	1	2	False	True	False	1.1561585296688333	0.0160838104418218
981.0	Amino acids and Peptides	FCC698BD_000635-T1	nrps	1	2	False	True	False	1.1561585296688333	0.0160838104418218
981.0	Amino acids and Peptides	FCC698BD_000950-T1	nrps	1	2	False	True	False	1.1561585296688333	0.0160838104418218
981.0	Amino acids and Peptides	FCC698BD_001528-T1	nrps	3	2	False	True	False	1.1561585296688333	0.0160838104418218
981.0	Amino acids and Peptides	FCC698BD_001972-T1	nrps	1	2	False	True	False	1.1561585296688333	0.0160838104418218
981.0	Amino acids and Peptides	FCC698BD_002392-T1	nrps	1	2	False	True	False	1.1561585296688333	0.0160838104418218
981.0	Amino acids and Peptides	FCC698BD_003040-T1	nrps	1	2	False	True	False	1.1561585296688333	0.0160838104418218
981.0	Amino acids and Peptides	FCC698BD_005496-T1	nrps	1	2	False	True	False	1.1561585296688333	0.0160838104418218
981.0	Amino acids and Peptides	FCC698BD_006454-T1	nrps	1	2	False	True	False	1.1561585296688333	0.0160838104418218
981.0	Amino acids and Peptides	FCC698BD_006514-T1	nrps	1	2	False	True	False	1.1561585296688333	0.0160838104418218
981.0	Amino acids and Peptides	FCC698BD_006575-T1	nrps	1	2	False	True	False	1.1561585296688333	0.0160838104418218
981.0	Amino acids and Peptides	FCC698BD_007329-T1	nrps	1	2	False	True	False	1.1561585296688333	0.0160838104418218
981.0	Amino acids and Peptides	FCC698BD_007727-T1	nrps	1	2	False	True	False	1.1561585296688333	0.0160838104418218
981.0	Amino acids and Peptides	FCC698BD_007797-T1	nrps	1	2	False	True	False	1.1561585296688333	0.0160838104418218
883.0	Amino acids and Peptides	FCC698BD_000146-T1	nrps	2	2	False	True	False	1.0557877387100694	0.0002204137019629
883.0	Amino acids and Peptides	FCC698BD_000240-T1	nrps	1	2	False	True	False	1.0557877387100694	0.0002204137019629
883.0	Amino acids and Peptides	FCC698BD_000473-T1	nrps	1	2	False	True	False	1.0557877387100694	0.0002204137019629
883.0	Amino acids and Peptides	FCC698BD_000498-T1	nrps	1	2	False	True	False	1.0557877387100694	0.0002204137019629
883.0	Amino acids and Peptides	FCC698BD_000635-T1	nrps	1	2	False	True	False	1.0557877387100694	0.0002204137019629
883.0	Amino acids and Peptides	FCC698BD_000950-T1	nrps	1	2	False	True	False	1.0557877387100694	0.0002204137019629
883.0	Amino acids and Peptides	FCC698BD_001528-T1	nrps	3	2	False	True	False	1.0557877387100694	0.0002204137019629
883.0	Amino acids and Peptides	FCC698BD_001972-T1	nrps	1	2	False	True	False	1.0557877387100694	0.0002204137019629
883.0	Amino acids and Peptides	FCC698BD_002392-T1	nrps	1	2	False	True	False	1.0557877387100694	0.0002204137019629
883.0	Amino acids and Peptides	FCC698BD_003040-T1	nrps	1	2	False	True	False	1.0557877387100694	0.0002204137019629
883.0	Amino acids and Peptides	FCC698BD_005496-T1	nrps	1	2	False	True	False	1.0557877387100694	0.0002204137019629
883.0	Amino acids and Peptides	FCC698BD_006454-T1	nrps	1	2	False	True	False	1.0557877387100694	0.0002204137019629
883.0	Amino acids and Peptides	FCC698BD_006514-T1	nrps	1	2	False	True	False	1.0557877387100694	0.0002204137019629
883.0	Amino acids and Peptides	FCC698BD_006575-T1	nrps	1	2	False	True	False	1.0557877387100694	0.0002204137019629
883.0	Amino acids and Peptides	FCC698BD_007329-T1	nrps	1	2	False	True	False	1.0557877387100694	0.0002204137019629
883.0	Amino acids and Peptides	FCC698BD_007727-T1	nrps	1	2	False	True	False	1.0557877387100694	0.0002204137019629
883.0	Amino acids and Peptides	FCC698BD_007797-T1	nrps	1	2	False	True	False	1.0557877387100694	0.0002204137019629
1768.0	Amino acids and Peptides	FCC698BD_000146-T1	nrps	2	2	False	True	False	1.0335577604478483	0.0091036587129738
1768.0	Amino acids and Peptides	FCC698BD_000240-T1	nrps	1	2	False	True	False	1.0335577604478483	0.0091036587129738
1768.0	Amino acids and Peptides	FCC698BD_000473-T1	nrps	1	2	False	True	False	1.0335577604478483	0.0091036587129738
1768.0	Amino acids and Peptides	FCC698BD_000498-T1	nrps	1	2	False	True	False	1.0335577604478483	0.0091036587129738
1768.0	Amino acids and Peptides	FCC698BD_000635-T1	nrps	1	2	False	True	False	1.0335577604478483	0.0091036587129738
1768.0	Amino acids and Peptides	FCC698BD_000950-T1	nrps	1	2	False	True	False	1.0335577604478483	0.0091036587129738
1768.0	Amino acids and Peptides	FCC698BD_001528-T1	nrps	3	2	False	True	False	1.0335577604478483	0.0091036587129738
1768.0	Amino acids and Peptides	FCC698BD_001972-T1	nrps	1	2	False	True	False	1.0335577604478483	0.0091036587129738
1768.0	Amino acids and Peptides	FCC698BD_002392-T1	nrps	1	2	False	True	False	1.0335577604478483	0.0091036587129738
1768.0	Amino acids and Peptides	FCC698BD_003040-T1	nrps	1	2	False	True	False	1.0335577604478483	0.0091036587129738
1768.0	Amino acids and Peptides	FCC698BD_005496-T1	nrps	1	2	False	True	False	1.0335577604478483	0.0091036587129738
1768.0	Amino acids and Peptides	FCC698BD_006454-T1	nrps	1	2	False	True	False	1.0335577604478483	0.0091036587129738
1768.0	Amino acids and Peptides	FCC698BD_006514-T1	nrps	1	2	False	True	False	1.0335577604478483	0.0091036587129738
1768.0	Amino acids and Peptides	FCC698BD_006575-T1	nrps	1	2	False	True	False	1.0335577604478483	0.0091036587129738
1768.0	Amino acids and Peptides	FCC698BD_007329-T1	nrps	1	2	False	True	False	1.0335577604478483	0.0091036587129738
1768.0	Amino acids and Peptides	FCC698BD_007727-T1	nrps	1	2	False	True	False	1.0335577604478483	0.0091036587129738
1768.0	Amino acids and Peptides	FCC698BD_007797-T1	nrps	1	2	False	True	False	1.0335577604478483	0.0091036587129738
12078.0	Amino acids and Peptides	FCC698BD_000146-T1	nrps	2	2	False	True	False	1.0155723560228056	0.0218772881294872
12078.0	Amino acids and Peptides	FCC698BD_000240-T1	nrps	1	2	False	True	False	1.0155723560228056	0.0218772881294872
12078.0	Amino acids and Peptides	FCC698BD_000473-T1	nrps	1	2	False	True	False	1.0155723560228056	0.0218772881294872
12078.0	Amino acids and Peptides	FCC698BD_000498-T1	nrps	1	2	False	True	False	1.0155723560228056	0.0218772881294872
12078.0	Amino acids and Peptides	FCC698BD_000635-T1	nrps	1	2	False	True	False	1.0155723560228056	0.0218772881294872
12078.0	Amino acids and Peptides	FCC698BD_000950-T1	nrps	1	2	False	True	False	1.0155723560228056	0.0218772881294872
12078.0	Amino acids and Peptides	FCC698BD_001528-T1	nrps	3	2	False	True	False	1.0155723560228056	0.0218772881294872
12078.0	Amino acids and Peptides	FCC698BD_001972-T1	nrps	1	2	False	True	False	1.0155723560228056	0.0218772881294872
12078.0	Amino acids and Peptides	FCC698BD_002392-T1	nrps	1	2	False	True	False	1.0155723560228056	0.0218772881294872
12078.0	Amino acids and Peptides	FCC698BD_003040-T1	nrps	1	2	False	True	False	1.0155723560228056	0.0218772881294872
12078.0	Amino acids and Peptides	FCC698BD_005496-T1	nrps	1	2	False	True	False	1.0155723560228056	0.0218772881294872
12078.0	Amino acids and Peptides	FCC698BD_006454-T1	nrps	1	2	False	True	False	1.0155723560228056	0.0218772881294872
12078.0	Amino acids and Peptides	FCC698BD_006514-T1	nrps	1	2	False	True	False	1.0155723560228056	0.0218772881294872
12078.0	Amino acids and Peptides	FCC698BD_006575-T1	nrps	1	2	False	True	False	1.0155723560228056	0.0218772881294872
12078.0	Amino acids and Peptides	FCC698BD_007329-T1	nrps	1	2	False	True	False	1.0155723560228056	0.0218772881294872
12078.0	Amino acids and Peptides	FCC698BD_007727-T1	nrps	1	2	False	True	False	1.0155723560228056	0.0218772881294872
12078.0	Amino acids and Peptides	FCC698BD_007797-T1	nrps	1	2	False	True	False	1.0155723560228056	0.0218772881294872
4358.0	Amino acids and Peptides	FCC698BD_000146-T1	nrps	2	2	False	True	False	0.8707298998160358	0.0010452013767067
4358.0	Amino acids and Peptides	FCC698BD_000240-T1	nrps	1	2	False	True	False	0.8707298998160358	0.0010452013767067
4358.0	Amino acids and Peptides	FCC698BD_000473-T1	nrps	1	2	False	True	False	0.8707298998160358	0.0010452013767067
4358.0	Amino acids and Peptides	FCC698BD_000498-T1	nrps	1	2	False	True	False	0.8707298998160358	0.0010452013767067
4358.0	Amino acids and Peptides	FCC698BD_000635-T1	nrps	1	2	False	True	False	0.8707298998160358	0.0010452013767067
4358.0	Amino acids and Peptides	FCC698BD_000950-T1	nrps	1	2	False	True	False	0.8707298998160358	0.0010452013767067
4358.0	Amino acids and Peptides	FCC698BD_001528-T1	nrps	3	2	False	True	False	0.8707298998160358	0.0010452013767067
4358.0	Amino acids and Peptides	FCC698BD_001972-T1	nrps	1	2	False	True	False	0.8707298998160358	0.0010452013767067
4358.0	Amino acids and Peptides	FCC698BD_002392-T1	nrps	1	2	False	True	False	0.8707298998160358	0.0010452013767067
4358.0	Amino acids and Peptides	FCC698BD_003040-T1	nrps	1	2	False	True	False	0.8707298998160358	0.0010452013767067
4358.0	Amino acids and Peptides	FCC698BD_005496-T1	nrps	1	2	False	True	False	0.8707298998160358	0.0010452013767067
4358.0	Amino acids and Peptides	FCC698BD_006454-T1	nrps	1	2	False	True	False	0.8707298998160358	0.0010452013767067
4358.0	Amino acids and Peptides	FCC698BD_006514-T1	nrps	1	2	False	True	False	0.8707298998160358	0.0010452013767067
4358.0	Amino acids and Peptides	FCC698BD_006575-T1	nrps	1	2	False	True	False	0.8707298998160358	0.0010452013767067
4358.0	Amino acids and Peptides	FCC698BD_007329-T1	nrps	1	2	False	True	False	0.8707298998160358	0.0010452013767067
4358.0	Amino acids and Peptides	FCC698BD_007727-T1	nrps	1	2	False	True	False	0.8707298998160358	0.0010452013767067
4358.0	Amino acids and Peptides	FCC698BD_007797-T1	nrps	1	2	False	True	False	0.8707298998160358	0.0010452013767067
555.0	Amino acids and Peptides	FCC698BD_000146-T1	nrps	2	2	False	True	False	0.8221897115455539	0.0049811963008813
555.0	Amino acids and Peptides	FCC698BD_000240-T1	nrps	1	2	False	True	False	0.8221897115455539	0.0049811963008813
555.0	Amino acids and Peptides	FCC698BD_000473-T1	nrps	1	2	False	True	False	0.8221897115455539	0.0049811963008813
555.0	Amino acids and Peptides	FCC698BD_000498-T1	nrps	1	2	False	True	False	0.8221897115455539	0.0049811963008813
555.0	Amino acids and Peptides	FCC698BD_000635-T1	nrps	1	2	False	True	False	0.8221897115455539	0.0049811963008813
555.0	Amino acids and Peptides	FCC698BD_000950-T1	nrps	1	2	False	True	False	0.8221897115455539	0.0049811963008813
555.0	Amino acids and Peptides	FCC698BD_001528-T1	nrps	3	2	False	True	False	0.8221897115455539	0.0049811963008813
555.0	Amino acids and Peptides	FCC698BD_001972-T1	nrps	1	2	False	True	False	0.8221897115455539	0.0049811963008813
555.0	Amino acids and Peptides	FCC698BD_002392-T1	nrps	1	2	False	True	False	0.8221897115455539	0.0049811963008813
555.0	Amino acids and Peptides	FCC698BD_003040-T1	nrps	1	2	False	True	False	0.8221897115455539	0.0049811963008813
555.0	Amino acids and Peptides	FCC698BD_005496-T1	nrps	1	2	False	True	False	0.8221897115455539	0.0049811963008813
555.0	Amino acids and Peptides	FCC698BD_006454-T1	nrps	1	2	False	True	False	0.8221897115455539	0.0049811963008813
555.0	Amino acids and Peptides	FCC698BD_006514-T1	nrps	1	2	False	True	False	0.8221897115455539	0.0049811963008813
555.0	Amino acids and Peptides	FCC698BD_006575-T1	nrps	1	2	False	True	False	0.8221897115455539	0.0049811963008813
555.0	Amino acids and Peptides	FCC698BD_007329-T1	nrps	1	2	False	True	False	0.8221897115455539	0.0049811963008813
555.0	Amino acids and Peptides	FCC698BD_007727-T1	nrps	1	2	False	True	False	0.8221897115455539	0.0049811963008813
555.0	Amino acids and Peptides	FCC698BD_007797-T1	nrps	1	2	False	True	False	0.8221897115455539	0.0049811963008813
3292.0	Amino acids and Peptides	FCC698BD_000146-T1	nrps	2	2	False	True	False	0.7095867241182466	0.0004874866933436
3292.0	Amino acids and Peptides	FCC698BD_000240-T1	nrps	1	2	False	True	False	0.7095867241182466	0.0004874866933436
3292.0	Amino acids and Peptides	FCC698BD_000473-T1	nrps	1	2	False	True	False	0.7095867241182466	0.0004874866933436
3292.0	Amino acids and Peptides	FCC698BD_000498-T1	nrps	1	2	False	True	False	0.7095867241182466	0.0004874866933436
3292.0	Amino acids and Peptides	FCC698BD_000635-T1	nrps	1	2	False	True	False	0.7095867241182466	0.0004874866933436
3292.0	Amino acids and Peptides	FCC698BD_000950-T1	nrps	1	2	False	True	False	0.7095867241182466	0.0004874866933436
3292.0	Amino acids and Peptides	FCC698BD_001528-T1	nrps	3	2	False	True	False	0.7095867241182466	0.0004874866933436
3292.0	Amino acids and Peptides	FCC698BD_001972-T1	nrps	1	2	False	True	False	0.7095867241182466	0.0004874866933436
3292.0	Amino acids and Peptides	FCC698BD_002392-T1	nrps	1	2	False	True	False	0.7095867241182466	0.0004874866933436
3292.0	Amino acids and Peptides	FCC698BD_003040-T1	nrps	1	2	False	True	False	0.7095867241182466	0.0004874866933436
3292.0	Amino acids and Peptides	FCC698BD_005496-T1	nrps	1	2	False	True	False	0.7095867241182466	0.0004874866933436
3292.0	Amino acids and Peptides	FCC698BD_006454-T1	nrps	1	2	False	True	False	0.7095867241182466	0.0004874866933436
3292.0	Amino acids and Peptides	FCC698BD_006514-T1	nrps	1	2	False	True	False	0.7095867241182466	0.0004874866933436
3292.0	Amino acids and Peptides	FCC698BD_006575-T1	nrps	1	2	False	True	False	0.7095867241182466	0.0004874866933436
3292.0	Amino acids and Peptides	FCC698BD_007329-T1	nrps	1	2	False	True	False	0.7095867241182466	0.0004874866933436
3292.0	Amino acids and Peptides	FCC698BD_007727-T1	nrps	1	2	False	True	False	0.7095867241182466	0.0004874866933436
3292.0	Amino acids and Peptides	FCC698BD_007797-T1	nrps	1	2	False	True	False	0.7095867241182466	0.0004874866933436
564.0	Amino acids and Peptides	FCC698BD_000146-T1	nrps	2	2	False	True	False	0.7028145296021298	8.230655584179992e-05
564.0	Amino acids and Peptides	FCC698BD_000240-T1	nrps	1	2	False	True	False	0.7028145296021298	8.230655584179992e-05
564.0	Amino acids and Peptides	FCC698BD_000473-T1	nrps	1	2	False	True	False	0.7028145296021298	8.230655584179992e-05
564.0	Amino acids and Peptides	FCC698BD_000498-T1	nrps	1	2	False	True	False	0.7028145296021298	8.230655584179992e-05
564.0	Amino acids and Peptides	FCC698BD_000635-T1	nrps	1	2	False	True	False	0.7028145296021298	8.230655584179992e-05
564.0	Amino acids and Peptides	FCC698BD_000950-T1	nrps	1	2	False	True	False	0.7028145296021298	8.230655584179992e-05
564.0	Amino acids and Peptides	FCC698BD_001528-T1	nrps	3	2	False	True	False	0.7028145296021298	8.230655584179992e-05
564.0	Amino acids and Peptides	FCC698BD_001972-T1	nrps	1	2	False	True	False	0.7028145296021298	8.230655584179992e-05
564.0	Amino acids and Peptides	FCC698BD_002392-T1	nrps	1	2	False	True	False	0.7028145296021298	8.230655584179992e-05
564.0	Amino acids and Peptides	FCC698BD_003040-T1	nrps	1	2	False	True	False	0.7028145296021298	8.230655584179992e-05
564.0	Amino acids and Peptides	FCC698BD_005496-T1	nrps	1	2	False	True	False	0.7028145296021298	8.230655584179992e-05
564.0	Amino acids and Peptides	FCC698BD_006454-T1	nrps	1	2	False	True	False	0.7028145296021298	8.230655584179992e-05
564.0	Amino acids and Peptides	FCC698BD_006514-T1	nrps	1	2	False	True	False	0.7028145296021298	8.230655584179992e-05
564.0	Amino acids and Peptides	FCC698BD_006575-T1	nrps	1	2	False	True	False	0.7028145296021298	8.230655584179992e-05
564.0	Amino acids and Peptides	FCC698BD_007329-T1	nrps	1	2	False	True	False	0.7028145296021298	8.230655584179992e-05
564.0	Amino acids and Peptides	FCC698BD_007727-T1	nrps	1	2	False	True	False	0.7028145296021298	8.230655584179992e-05
564.0	Amino acids and Peptides	FCC698BD_007797-T1	nrps	1	2	False	True	False	0.7028145296021298	8.230655584179992e-05
6244.0	Amino acids and Peptides	FCC698BD_000146-T1	nrps	2	2	False	True	False	0.642006004358928	0.0349569367893995
6244.0	Amino acids and Peptides	FCC698BD_000240-T1	nrps	1	2	False	True	False	0.642006004358928	0.0349569367893995
6244.0	Amino acids and Peptides	FCC698BD_000473-T1	nrps	1	2	False	True	False	0.642006004358928	0.0349569367893995
6244.0	Amino acids and Peptides	FCC698BD_000498-T1	nrps	1	2	False	True	False	0.642006004358928	0.0349569367893995
6244.0	Amino acids and Peptides	FCC698BD_000635-T1	nrps	1	2	False	True	False	0.642006004358928	0.0349569367893995
6244.0	Amino acids and Peptides	FCC698BD_000950-T1	nrps	1	2	False	True	False	0.642006004358928	0.0349569367893995
6244.0	Amino acids and Peptides	FCC698BD_001528-T1	nrps	3	2	False	True	False	0.642006004358928	0.0349569367893995
6244.0	Amino acids and Peptides	FCC698BD_001972-T1	nrps	1	2	False	True	False	0.642006004358928	0.0349569367893995
6244.0	Amino acids and Peptides	FCC698BD_002392-T1	nrps	1	2	False	True	False	0.642006004358928	0.0349569367893995
6244.0	Amino acids and Peptides	FCC698BD_003040-T1	nrps	1	2	False	True	False	0.642006004358928	0.0349569367893995
6244.0	Amino acids and Peptides	FCC698BD_005496-T1	nrps	1	2	False	True	False	0.642006004358928	0.0349569367893995
6244.0	Amino acids and Peptides	FCC698BD_006454-T1	nrps	1	2	False	True	False	0.642006004358928	0.0349569367893995
6244.0	Amino acids and Peptides	FCC698BD_006514-T1	nrps	1	2	False	True	False	0.642006004358928	0.0349569367893995
6244.0	Amino acids and Peptides	FCC698BD_006575-T1	nrps	1	2	False	True	False	0.642006004358928	0.0349569367893995
6244.0	Amino acids and Peptides	FCC698BD_007329-T1	nrps	1	2	False	True	False	0.642006004358928	0.0349569367893995
6244.0	Amino acids and Peptides	FCC698BD_007727-T1	nrps	1	2	False	True	False	0.642006004358928	0.0349569367893995
6244.0	Amino acids and Peptides	FCC698BD_007797-T1	nrps	1	2	False	True	False	0.642006004358928	0.0349569367893995
3305.0	Amino acids and Peptides	FCC698BD_000146-T1	nrps	2	2	False	True	False	0.4989548466290333	0.0001908680059537
3305.0	Amino acids and Peptides	FCC698BD_000240-T1	nrps	1	2	False	True	False	0.4989548466290333	0.0001908680059537
3305.0	Amino acids and Peptides	FCC698BD_000473-T1	nrps	1	2	False	True	False	0.4989548466290333	0.0001908680059537
3305.0	Amino acids and Peptides	FCC698BD_000498-T1	nrps	1	2	False	True	False	0.4989548466290333	0.0001908680059537
3305.0	Amino acids and Peptides	FCC698BD_000635-T1	nrps	1	2	False	True	False	0.4989548466290333	0.0001908680059537
3305.0	Amino acids and Peptides	FCC698BD_000950-T1	nrps	1	2	False	True	False	0.4989548466290333	0.0001908680059537
3305.0	Amino acids and Peptides	FCC698BD_001528-T1	nrps	3	2	False	True	False	0.4989548466290333	0.0001908680059537
3305.0	Amino acids and Peptides	FCC698BD_001972-T1	nrps	1	2	False	True	False	0.4989548466290333	0.0001908680059537
3305.0	Amino acids and Peptides	FCC698BD_002392-T1	nrps	1	2	False	True	False	0.4989548466290333	0.0001908680059537
3305.0	Amino acids and Peptides	FCC698BD_003040-T1	nrps	1	2	False	True	False	0.4989548466290333	0.0001908680059537
3305.0	Amino acids and Peptides	FCC698BD_005496-T1	nrps	1	2	False	True	False	0.4989548466290333	0.0001908680059537
3305.0	Amino acids and Peptides	FCC698BD_006454-T1	nrps	1	2	False	True	False	0.4989548466290333	0.0001908680059537
3305.0	Amino acids and Peptides	FCC698BD_006514-T1	nrps	1	2	False	True	False	0.4989548466290333	0.0001908680059537
3305.0	Amino acids and Peptides	FCC698BD_006575-T1	nrps	1	2	False	True	False	0.4989548466290333	0.0001908680059537
3305.0	Amino acids and Peptides	FCC698BD_007329-T1	nrps	1	2	False	True	False	0.4989548466290333	0.0001908680059537
3305.0	Amino acids and Peptides	FCC698BD_007727-T1	nrps	1	2	False	True	False	0.4989548466290333	0.0001908680059537
3305.0	Amino acids and Peptides	FCC698BD_007797-T1	nrps	1	2	False	True	False	0.4989548466290333	0.0001908680059537
4834.0	Polyketides	FCC698BD_003714-T1	pks	1	3	False	False	False	23.41594609180224	0.0074493650316028
26989.0	Polyketides	FCC698BD_003714-T1	pks	1	3	False	False	False	23.35057085745096	0.0007507700566491
4740.0	Polyketides	FCC698BD_003714-T1	pks	1	3	False	False	False	4.484556513751478	3.97827563370178e-05
