component	size_network	size_in_analysis_matrix	n_sirius_annotated	dominant_npc_pathway	example_structures	n_blank_clearing_dendrobatidis	frac_blank_clearing_dendrobatidis	all_blank_clearing_dendrobatidis	fisher_p_dendrobatidis	n_blank_clearing_salamandrivorans	frac_blank_clearing_salamandrivorans	all_blank_clearing_salamandrivorans	fisher_p_salamandrivorans	q_blank_enriched_dendrobatidis	q_blank_enriched_salamandrivorans
68	97	61	57	Fatty acids	Ethanol, 2,2'-(9-octadecen-1-ylimino)bis-; Ethanol, 2,2'-(octylimino)bis-; [[(3-Fluorophenyl)diazenyl]-methylamino]methyl formate	4	0.0656	False	0.27950455624539317	2	0.0328	False	0.9462617922500166	1.0	1.0
0	87	59	56	Fatty acids	[2-Acetyloxy-4-(3-hexadecoxy-2-hydroxypropoxy)-4-oxobutyl]-trimethylazanium; Car(DC20:0); Car(DC20:0)	25	0.4237	False	6.540778524392928e-19	15	0.2542	False	1.8374246915784342e-05	3.917926336111364e-16	0.00366872463418494
362	80	58	45	Alkaloids	2-{5a,5b,8,8,11a,13b-hexamethyl-icosahydro-1H-cyclopenta[a]chrysen-3-yl}-8-aminooctane-1,4,5,6,7-pentol; 2-[2-[4-[2-[4-[[5-(4-Methoxycyclohexyl)-1,3-diazinan-2-yl]amino]cyclohexyl]oxyethyl]piperazin-1-yl]ethoxy]ethanol; 2-[3-(2-azaniumylethyl)-1'-phenyl-4-(undec-4-en-1-yl)-[1,1'-bi(cyclohexane)]-2-yl]-3-hydroxybutanoate	0	0.0	False	1.0	1	0.0172	False	0.9884989331129618	1.0	1.0
209	82	57	55	Fatty acids	(2-aminoethoxy)[2-hydroxy-3-(octadeca-9,12,15-trienoyloxy)propoxy]phosphinic acid; [3-[2-aminoethoxy(hydroxy)phosphoryl]oxy-2-hydroxypropyl] (9Z,12Z)-hexadeca-9,12-dienoate; 1-Oleoyl-Sn-Glycero-3-Phosphoethanolamine	9	0.1579	False	0.0007922487025917595	9	0.1579	False	0.0233575630639537	0.04314154298658763	0.6359627397867395
241	92	57	44	Alkaloids	(3-Amino-3-fluoro-6-methylcyclohexa-1,5-dien-1-yl) hydrogen sulfate; (3-Amino-3-fluoro-6-methylcyclohexa-1,5-dien-1-yl) hydrogen sulfate; Decyl-hydroxy-dimethylazanium	0	0.0	False	1.0	0	0.0	False	1.0	1.0	1.0
5	76	57	53	Amino acids and Peptides	Boc-Pro-Ile-Leu-Pro-Pro-OH; H-Val-Val-Arg-Pro-Gly-Ser-Leu-Asp-Leu-Pro-al; H-Leu-Leu-Phe-Gly-Nle-Pro-Val-Tyr-Val-OH	3	0.0526	False	0.46001624667226315	3	0.0526	False	0.803649698760709	1.0	1.0
48	73	50	40	Amino acids and Peptides	3-methyl-2-[(1-{2-[(1-{3-phenyl-2-[(pyrrolidin-2-yl)formamido]propanoyl}pyrrolidin-2-yl)formamido]acetyl}pyrrolidin-2-yl)formamido]pentanoic acid; 3-methyl-2-[(1-{2-[(1-{3-phenyl-2-[(pyrrolidin-2-yl)formamido]propanoyl}pyrrolidin-2-yl)formamido]acetyl}pyrrolidin-2-yl)formamido]pentanoic acid; 3-methyl-2-[(1-{2-[(1-{3-phenyl-2-[(pyrrolidin-2-yl)formamido]propanoyl}pyrrolidin-2-yl)formamido]acetyl}pyrrolidin-2-yl)formamido]pentanoic acid	5	0.1	False	0.06746873423369946	6	0.12	False	0.1625428352237489	1.0	1.0
35	71	43	35	Amino acids and Peptides	(2S)-1-[(2S)-2-aminopropanoyl]-N-[(2S)-1-oxopropan-2-yl]pyrrolidine-2-carboxamide; Phe-Phe; 2-[(2-amino-1-hydroxy-4-methylpentylidene)amino]-3-methylpentanoic acid	0	0.0	False	1.0	0	0.0	False	1.0	1.0	1.0
154	46	35	32	Amino acids and Peptides	H-DL-Leu-Gly-DL-xiThr-DL-xiIle-DL-Pro-Gly-OH; H-Val-Val-Pro-Pro-Phe-OH; H-Val-Val-Pro-Pro-Phe-OH	6	0.1714	False	0.003851323191997202	19	0.5429	False	3.8878153920213774e-13	0.15998767052717225	2.328801419820805e-10
30	45	30	25	Amino acids and Peptides	H-DL-Ala-DL-Val-DL-Pro-DL-Phe-OH; H-DL-Tyr-DL-Pro-DL-Leu-Gly-OH; H-DL-Tyr-DL-Pro-DL-Leu-Gly-OH	3	0.1	False	0.14317527976084607	4	0.1333	False	0.17844884928400767	1.0	1.0
218	41	30	25	Amino acids and Peptides	2-(2-{2-[2-(2-{[1-(2-{2-[2-(2-aminoacetamido)-3-(4-hydroxyphenyl)propanamido]-3-(1H-imidazol-4-yl)propanamido}-3-methylbutanoyl)pyrrolidin-2-yl]formamido}-3-methylbutanamido)propanamido]-3-methylbutanamido}-3-sulfanylpropanamido)-5-carbamimidamidopentanoic acid; cyclo[Ala-Leu-D-N(Me)Phe-Pro-Sar-Phe-N(Me)Tyr]; pivaloyl-Pro-Leu-Phe-Ala-tBu	5	0.1667	False	0.009241253347862358	3	0.1	False	0.38501886073072367	0.263595750255693	1.0
88	42	29	28	Fatty acids	Acetylalanyl-alanyl-alanyl-alanine; Acetamide, 2,2'-(1,4-phenylenebis(oxy))bis(N-(1,1-dimethylethyl)-; Ethanol, 2,2'-(9-octadecen-1-ylimino)bis-	1	0.0345	False	0.7282983608647706	0	0.0	False	1.0	1.0	1.0
369	39	29	28	Fatty acids	Chrysogeside A; (Z)-N-[(E)-3-hydroxy-1-[3,4,5-trihydroxy-6-(hydroxymethyl)oxan-2-yl]oxyoctadec-4-en-2-yl]hexadec-7-enamide; 2-Amino-4,8-Octadecadiene-1,3-Diol; (2S,3R,4E,8E)-Form, N-(2R-Hydroxytetradecanoyl), 1-O-&#946;-D-Glucopyranoside	11	0.3793	False	1.8648863397402934e-08	10	0.3448	False	2.6128735718917088e-05	3.7235563916814525e-06	0.0038327927753201846
139	34	27	23	Amino acids and Peptides	1,2,4,5,6-pentahydroxyhexan-3-yl 1-{2-[N-methyl-3-phenyl-2-(phenylformamido)propanamido]acetyl}pyrrolidine-2-carboxylate; Ac-L-Val-L-Val-[(3S)-2-Oxo-3-amino*pentanoyl]-D-Leu-L-Val-OH; Ac-Val-DL-Glu-DL-Pro-Asn-Unk	2	0.0741	False	0.3337029667970187	2	0.0741	False	0.6041290292434768	1.0	1.0
146	31	26	22	Amino acids and Peptides	Leu-Ala-Val; 2-[[2-[(2-Amino-3-hydroxybutanoyl)amino]-3-methylpentanoyl]amino]-3-methylbutanoic acid; 2-[[2-[(2-Amino-4-methylpentanoyl)amino]-3-hydroxybutanoyl]amino]-3-hydroxybutanoic acid	0	0.0	False	1.0	2	0.0769	False	0.5832873579699746	1.0	1.0
89	46	25	23	Amino acids and Peptides	3-benzyl-octahydropyrrolo[1,2-a]pyrazine-1,4-dione; 3-(propan-2-yl)-octahydropyrrolo[1,2-a]pyrazine-1,4-dione; 3-(propan-2-yl)-octahydropyrrolo[1,2-a]pyrazine-1,4-dione	0	0.0	False	1.0	2	0.08	False	0.5616454208836464	1.0	1.0
110	36	24	23	Fatty acids	Gf Zwitterion; 1-Azido-2-[2-[2-(2-azidoethoxy)ethoxy]ethoxy]ethanamine; 2-[(5-oxopyrrolidin-2-yl)formamido]-3-phenylpropanoic acid	1	0.0417	False	0.6598208762909994	0	0.0	False	1.0	1.0	1.0
372	40	23	22	Alkaloids	N-[[[1-[(4-cyano-1-propylpiperidin-4-yl)amino]-4,4-dimethyl-1-oxopentan-2-yl]amino]-morpholin-4-ylmethyl]morpholine-4-carboxamide; Car(DC22:0); Syringolin F	0	0.0	False	1.0	0	0.0	False	1.0	1.0	1.0
121	32	23	22	Amino acids and Peptides	H-Lys-Pro-Val-Lys-Pro-Val-OH; 2-{[1-(2-{2-[(1-{2-[2-amino-3-(1H-imidazol-4-yl)propanamido]acetyl}pyrrolidin-2-yl)formamido]-4-methylpentanamido}acetyl)pyrrolidin-2-yl]formamido}-4-methylpentanoic acid; H-Lys-Pro-Val-Lys-Pro-Val-OH	0	0.0	False	1.0	3	0.1304	False	0.24014640551316457	1.0	1.0
155	31	22	20	Amino acids and Peptides	Pro-Val-Val-Pro; (2S,3S,4R,5R,6S)-2-(hydroxymethyl)-6-[4-[(2S,3R,4R,5S,6S)-3,4,5-trihydroxy-6-(hydroxymethyl)oxan-2-yl]piperazin-1-yl]oxane-3,4,5-triol; Pro-Val-Val-Pro	4	0.1818	False	0.014375126306781965	4	0.1818	False	0.07511057272670964	0.39139548444374533	1.0
222	29	21	19	Amino acids and Peptides	H-Ala-Tyr-Ala-Ala-Ile-OH; (4S)-4-[N-[N-(Benzyloxycarbonyl)-L-valyl]-L-leucylamino]-5-oxo-6,6,6-trifluorohexanoic acid; Unk-DL-Asp-Glu-DL-Val-Asp-al	1	0.0476	False	0.6107148176859951	1	0.0476	False	0.8012248813073136	1.0	1.0
15	26	21	19	Amino acids and Peptides	(2S)-N-[1-cyclobutyl-3,4-dioxo-4-(prop-2-enylamino)butan-2-yl]-1-[(2S)-2-[[(2S)-1-(4,4-dimethyl-2,6-dioxopiperidin-1-yl)-3,3-dimethylbutan-2-yl]carbamoylamino]-3,3-dimethylbutanoyl]pyrrolidine-2-carboxamide; 12-{[4-(dimethylamino)-3-hydroxy-6-methyloxan-2-yl]oxy}-6-ethyl-4,5-dihydroxy-10-[(5-hydroxy-4-methoxy-4,6-dimethyloxan-2-yl)oxy]-3,5,9,11,13,15-hexamethyl-7,16-dioxa-2-azabicyclo[11.2.1]hexadec-1-en-8-one; Almiramide A	0	0.0	False	1.0	0	0.0	False	1.0	1.0	1.0
123	26	21	15	Amino acids and Peptides	3-[3-benzyl-6,21-bis(butan-2-yl)-9-(2-carboxyethyl)-10,25,28-trimethyl-2,5,8,11,14,20,23,26,29,32-decaoxo-12,27-bis(propan-2-yl)-7-oxa-1,4,10,13,19,22,25,28,31-nonaazatricyclo[31.3.0.0¹⁵,¹⁹]hexatriacontan-24-yl]propanoic acid; H-Val-Ile-Phe-Pro-Ala-Lys-Ser-Leu-OH; 2-[21-benzyl-18-(butan-2-yl)-15-(2-methylpropyl)-2,5,8,14,17,20,23-heptaoxo-6-(propan-2-yl)-1,4,7,13,16,19,22-heptaazatricyclo[22.3.0.0⁹,¹³]heptacosan-3-yl]acetamide	5	0.2381	False	0.0018289899739015658	2	0.0952	False	0.46727589087176624	0.08427423033592599	1.0
315	27	20	17	Amino acids and Peptides	(2S)-2-[(3R)-3-acetamido-3-(2-methylpropyl)-2-oxopyrrolidin-1-yl]-N-[(1S,2S)-3-(3,5-difluorophenyl)-1-[(3R)-2,3-dihydroisoquinolin-3-yl]-1-hydroxypropan-2-yl]-4-phenylbutanamide; Ac-Leu-Tyr-Thr-Ser-Leu-NH2; Syringolin C	0	0.0	False	1.0	0	0.0	False	1.0	1.0	1.0
85	24	20	19	Amino acids and Peptides	spumigin 640; H-Val-Glu-Val-Phe-Ala-Pro-Pro-Phe-OH; H-Phe-Pro-Pro-Thr-Ser-Phe-Gly-Pro-Leu-OH	0	0.0	False	1.0	2	0.1	False	0.44184561070427114	1.0	1.0
338	28	19	19	Fatty acids	9-[1-(2-Aminoethoxy)-3-heptadecanoyloxy-1,2-dihydroxypropan-2-yl]oxy-9-oxononanoic acid; Rhodopeptin B5; 2-[4-[[1-[[4-[3-(dimethylamino)propoxy]phenyl]methyl]piperidin-4-yl]methoxyamino]piperidin-1-yl]-N-prop-2-enylacetamide	0	0.0	False	1.0	8	0.4211	False	3.1993261897497365e-05	1.0	0.0038327927753201846
122	19	18	17	Amino acids and Peptides	1-[(1-{2-[3-methoxy-5-oxo-2-(propan-2-yl)-2,5-dihydro-1H-pyrrole-1-carbonyl]pyrrolidin-1-yl}-3-methyl-1-oxobutan-2-yl)(methyl)carbamoyl]-2-methylbutyl 4-methyl-2-(N-methylacetamido)pentanoate; Cyclo(D-Phe-L-Pro-L-Val-D-Phe-L-Pro-L-Val-); (3S,6S,9S,15S,18R,21S)-3,18-dibenzyl-15-[(2S)-butan-2-yl]-16-deuterio-4-(deuteriomethyl)-6-(hydroxymethyl)-1,4,7,13,16,19-hexazatricyclo[19.3.0.09,13]tetracosane-2,5,8,14,17,20-hexone	0	0.0	False	1.0	0	0.0	False	1.0	1.0	1.0
213	27	18	6	Amino acids and Peptides	2-[(2S,5S,8S,11S,14S,17S,20S,23S)-20-(2-amino-2-oxoethyl)-11-(4-azaniumylbutyl)-14-[(2S)-butan-2-yl]-17-(carboxylatomethyl)-5-(hydroxymethyl)-8-methyl-23-(2-methylpropyl)-3,6,9,12,15,18,21,24-octaoxo-1,4,7,10,13,16,19,22-octazacyclotetracos-2-yl]acetate; 3-[13,19-bis(carboxymethyl)-6-(1-hydroxyethyl)-16-[(4-hydroxyphenyl)methyl]-3-methyl-9-octyl-1,4,7,11,14,17,20,23-octaoxo-hexacosahydro-1H-pyrrolo[2,1-i]1,4,7,10,13,16,19,22-octaazacyclopentacosan-22-yl]propanoic acid; H-Val-Arg-Met-Tyr-Ser-Pro-Val-Ser-Ile-OH	0	0.0	False	1.0	1	0.0556	False	0.7496017291545197	1.0	1.0
227	25	17	11	Amino acids and Peptides	Boc-DL-Phe-DL-Pro-DL-Arg-OH; (4S)-4-[[(2S)-2-acetamido-3-carboxypropanoyl]amino]-5-[[(2S)-1-[[(2S,3S)-1-carboxy-3-hydroxybutan-2-yl]amino]-3-methyl-1-oxobutan-2-yl]amino]-5-oxopentanoic acid; 3-{[(4,6-dimethylpyrimidin-2-yl)amino]({[2-(1H-indol-3-yl)ethyl]amino})methylidene}-1-(3,4,5-trimethoxyphenyl)urea	0	0.0	False	1.0	1	0.0588	False	0.7295719040730615	1.0	1.0
95	23	17	15	Amino acids and Peptides	6,9-dibenzyl-12-(butan-2-yl)-3,15-bis(hydroxymethyl)-1,4,7,10,13,16-hexaazacyclooctadecane-2,5,8,11,14,17-hexone; 2-amino-9-[(3R,4S,5R)-3,4-dihydroxy-5-(hydroxymethyl)oxolan-2-yl]-2,3-dihydro-1H-purin-6-one; H-DL-Arg-DL-Asp-DL-Glu-OH	7	0.4118	False	4.083030825681134e-06	6	0.3529	False	0.0009900948387691184	0.0004891470929165999	0.04942223403522516
293	20	17	14	Amino acids and Peptides	2-[15-benzyl-21-(2-methylpropyl)-2,5,8,14,17,20,23-heptaoxo-3,18-bis(propan-2-yl)-1,4,7,13,16,19,22-heptaazatricyclo[22.3.0.0⁹,¹³]heptacosan-6-yl]acetamide; H-Asn-Phe-Val-Phe-Gly-Thr-OH; N-[(3R,6S,9S,12S,19S)-3-benzyl-9-ethyl-6-[(1R)-1-hydroxyethyl]-2,5,8,11,18-pentaoxo-1,4,7,10,17-pentazabicyclo[17.3.0]docosan-12-yl]-2-(2-oxopyrrolidin-1-yl)acetamide	0	0.0	False	1.0	0	0.0	False	1.0	1.0	1.0
311	18	17	3	Amino acids and Peptides	Cbz-Leu-Asp(OBn)-Leu-al; Phenylalanyl-tryptophyl-lysyl-threonine; H-Ile-Ala-Gly-Cys-Gly-Asp-Ala-Gly-Glu-Gly-OH	0	0.0	False	1.0	0	0.0	False	1.0	1.0	1.0
4	20	17	15	Amino acids and Peptides	2-({1-[2-({1-[2-(2-amino-3-methylbutanamido)-4-methylpentanoyl]pyrrolidin-2-yl}formamido)-3-methylbutanoyl]pyrrolidin-2-yl}formamido)-4-carbamoylbutanoic acid; Phe-Val-Pro-Pro-Arg; H-Ala-Pro-Pro-Leu-Gly-Gln-Ala-OH	0	0.0	False	1.0	1	0.0588	False	0.7295719040730615	1.0	1.0
201	23	16	14	Amino acids and Peptides	Cyclo(3-methyl-d-2-hydroxybutanoyl-l-leucyl-3-methyl-d-2-hydroxybutanoyl-l-leucyl-3-methyl-d-2-hydroxybutanoyl-l-leucyl-3-methyl-d-2-hydroxybutanoyl-l-leucyl); H-DL-Glu-DL-xiIle-DL-Pro-DL-xiThr-OH; Tyrosyl-prolyl-phenylalanyl-proline	1	0.0625	False	0.5126362814424661	1	0.0625	False	0.7079407355688001	1.0	1.0
10	20	16	15	Amino acids and Peptides	Almiramide A; tert-butyl N-[(3S,14S,17S,18S,20R)-14-[2-[[2-[[(1S)-2-(dimethylamino)-2-oxo-1-phenylethyl]amino]-2-oxoethyl]amino]-2-oxoacetyl]-19,19-dimethyl-2,16-dioxo-1,15-diazatricyclo[15.4.0.018,20]henicosan-3-yl]carbamate; L-Alanyl-L-leucyl-L-leucyl-N~5~-(diaminomethylidene)-L-ornithyl-L-glutaminyl-L-glutaminyl-L-alanine	0	0.0	False	1.0	1	0.0625	False	0.7079407355688001	1.0	1.0
38	20	15	12	Amino acids and Peptides	H-Pro-Gly-Leu-Trp-Lys-Ala-OH; (2S)-N-((1S,2S)-3-{(3S,5S)-5-[N-(tert-butyl)carbamoyl]-3-hydroxypyrrolidinyl}-2-hydroxy-3-oxo-1-benzylpropyl)-3-carbamoyl-2-[(phenylmethoxy)carbonylamino]propanamide; alpha-4-(3-deoxy-L-glycero-tetronoyl)amino-4,6-dideoxy-D-mannose-(1->2)-alpha-4-(3-deoxy-L-glycero-tetronoyl)-amino-4,6-dideoxy-D-mannose	1	0.0667	False	0.49023735817700287	2	0.1333	False	0.306161242546683	1.0	1.0
221	17	15	12	Amino acids and Peptides	H2N-Leu-Pro-Phe-Phe-Asp-NH2; Pseudoverticin; Cotteslosin A	0	0.0	False	1.0	0	0.0	False	1.0	1.0	1.0
170	25	15	15	Amino acids and Peptides	H-DL-Leu-DL-Pro-DL-Ala-DL-Pro-OH; 4,7-Diiminodecanedioic acid; 1-(1-Formylpyrrolidine-2-carbonyl)pyrrolidine-2-carboxylic acid	1	0.0667	False	0.49023735817700287	0	0.0	False	1.0	1.0	1.0
196	18	14	11	Amino acids and Peptides	Cherimolacyclopeptide G; Phepropeptin B; Glycinamide, N-acetyl-L-tyrosylglycyl-L-leucyl-L-arginyl-L-prolyl-	1	0.0714	False	0.4668099174253217	1	0.0714	False	0.6593523346896357	1.0	1.0
120	14	14	10	Amino acids and Peptides	H-His-Leu-Pro-Leu-Pro-OH; (3S)-3-[[(2R)-2-[5-tert-butyl-3-[(4-methyl-1,2,5-oxadiazol-3-yl)methylamino]-2-oxopyrazin-1-yl]butanoyl]amino]-5-[hexyl(methyl)amino]-4-oxopentanoate; benzyl N-[4-methyl-1-[[4-methyl-1-[(5-methyl-1-methylsulfonylhexan-3-yl)amino]-1-oxopentan-2-yl]amino]-1-oxopentan-2-yl]carbamate	0	0.0	False	1.0	0	0.0	False	1.0	1.0	1.0
128	18	14	14	Amino acids and Peptides	(2S)-1-[(2S)-2-amino-3-phenylpropanoyl]-N-[(2S)-1-(cyclohexa-1,5-diene-1-carbonylamino)-5-(diaminomethylideneamino)-1-oxopentan-2-yl]pyrrolidine-2-carboxamide; Z-Pro-Leu-Gly-OBzl; 2-(1-(2-(2-(1-(2-(((Benzyloxy)carbonyl)amino)acetyl)pyrrolidine-2-carboxamido)acetamido)acetyl)pyrrolidine-2-carboxamido)propanoic acid	0	0.0	False	1.0	0	0.0	False	1.0	1.0	1.0
149	21	14	14	Amino acids and Peptides	H-DL-Gln-DL-Leu-DL-Leu-DL-Pro-OH; H-DL-Trp-DL-Leu-DL-Pro-DL-xiIle-OH; H-DL-xiIle-DL-Val-DL-Ser-DL-Leu-Gly-OH	0	0.0	False	1.0	0	0.0	False	1.0	1.0	1.0
291	14	14	12	Amino acids and Peptides	N,N,N-Trimethyl-2-[[[(R)-3-[[11-[4-(4-methylbenzoyl)benzyl]undecyl]oxy]-2-hydroxypropoxy]oxylato(oxo)phosphoranyl]oxy]ethanaminium; 2-[15-(butan-2-yl)-6-[(4-hydroxyphenyl)methyl]-18-methyl-21-(2-methylpropyl)-2,5,8,14,17,20,23-heptaoxo-1,4,7,13,16,19,22-heptaazatricyclo[22.3.0.0⁹,¹³]heptacosan-3-yl]acetic acid; [3-[2-aminoethoxy(hydroxy)phosphoryl]oxy-2-hydroxypropyl] (3Z,6Z,9Z,12Z,15Z)-octadeca-3,6,9,12,15-pentaenoate	1	0.0714	False	0.4668099174253217	1	0.0714	False	0.6593523346896357	1.0	1.0
408	23	14	13	Fatty acids	2-{[2-({6-[(2-dodecanamido-3-hydroxyoctadec-4-en-1-yl)oxy]-4,5-dihydroxy-2-(hydroxymethyl)oxan-3-yl}oxy)-5-{[3-acetamido-4,5-dihydroxy-6-(hydroxymethyl)oxan-2-yl]oxy}-3-hydroxy-6-(hydroxymethyl)oxan-4-yl]oxy}-5-acetamido-4-hydroxy-6-(1,2,3-trihydroxypropyl)oxane-2-carboxylic acid; Arborcandin E; Arborcandin E	10	0.7143	False	2.1896087814517766e-11	1	0.0714	False	0.6593523346896357	6.557878300448071e-09	1.0
124	31	13	8	Amino acids and Peptides	1,3-Didodecyl-2-undecylimidazolidine; N-[5-[[4-[5-[[4-[5-aminopentyl(hydroxy)amino]-4-oxobutanoyl]amino]pentyl-hydroxyamino]-4-oxobutanoyl]amino]pentyl]butan-1-imine oxide; 10,25-dimethoxy-15,30-dimethyl-7,17,23-trioxa-15,30-diazaheptacyclo[22.6.2.2³,⁶.1⁸,¹².1¹⁸,²².0²⁷,³¹.0¹⁶,³⁴]hexatriaconta-3,5,8(34),9,11,18,20,22(33),24(32),25,27(31),35-dodecaene-9,21-diol	1	0.0769	False	0.44230677391249784	1	0.0769	False	0.6321077239038552	1.0	1.0
77	16	13	13	Amino acids and Peptides	benzyl (3R)-4-[[(2S)-1-[(2S)-2-[[(2S)-1-amino-6-[(2-methylpropan-2-yl)oxycarbonylamino]-1-oxohexan-2-yl]carbamoyl]pyrrolidin-1-yl]-4-methyl-1-oxopentan-2-yl]amino]-3-benzyl-4-oxobutanoate; 19-21; (2S)-1-[(2R)-2-(cyclopropanecarbonylamino)-3-methylbutanoyl]-N-[4-[4-[2-[(2S)-1-[(2R)-2-(cyclopropanecarbonylamino)-3-methylbutanoyl]pyrrolidin-2-yl]-1H-imidazol-5-yl]phenyl]phenyl]pyrrolidine-2-carboxamide	0	0.0	False	1.0	0	0.0	False	1.0	1.0	1.0
32	18	13	13	Amino acids and Peptides	H-Val-Leu-Gly-Pro-Val-OH; H-Leu-Ser-Ile-Pro-Pro-OH; H-Ile-Pro-Val-Gly-Leu-OH	0	0.0	False	1.0	0	0.0	False	1.0	1.0	1.0
50	17	13	11	Amino acids and Peptides	H-D-Lys-Gln-Ala-Gly-Asp-D-Val-OH; Dianthin C; methyl N-[(1S)-1-[[(1S,2S)-1-benzyl-2-hydroxy-3-[[[(2S)-2-(methoxycarbonylamino)-3-methyl-butanoyl]amino]-[(4-methoxyphenyl)methyl]amino]propyl]carbamoyl]-2-methyl-propyl]carbamate	1	0.0769	False	0.44230677391249784	0	0.0	False	1.0	1.0	1.0
210	16	12	12	Fatty acids	Val-Leu-Pro-Val-Pro; Syringolin G; 2-Amino-5-[[1-(carboxymethylamino)-3-hexadec-9-enoylsulfanyl-1-oxopropan-2-yl]amino]-5-oxopentanoic acid	0	0.0	False	1.0	4	0.3333	False	0.009143827655209671	1.0	0.34232204784191206
171	22	12	11	Amino acids and Peptides	2-[[6-amino-2-[[2-amino-3-(1H-imidazol-5-yl)propanoyl]amino]hexanoyl]amino]-3-methylpentanoic acid; 2-[[2-[(2-Amino-4-methylpentanoyl)amino]acetyl]amino]-4-methylsulfanylbutanoic acid; H-Ser-Gly-Phe-Ser-Phe-al	0	0.0	False	1.0	0	0.0	False	1.0	1.0	1.0
23	16	12	9	Amino acids and Peptides	H-Gly-DL-Pro-DL-Val-DL-Leu-OH; H-DL-Val-DL-Pro-DL-Ala-DL-Val-OH; Pro-Val-Gly-Pro	1	0.0833	False	0.4166785795890437	3	0.25	False	0.05377736441121437	1.0	1.0
272	15	12	12	Amino acids and Peptides	H-Ala-Val-Ala-Ala-Ala-OH; H-Gly-Ala-Glu-Thr-Trp-Val-OH; H-Ala-Lys-Ala-Ser-Gln-Ala-Ala-al	0	0.0	False	1.0	0	0.0	False	1.0	1.0	1.0
346	12	12	9	Amino acids and Peptides	H-Pro-Ser-Pro-Ser-Pro-Ser-al; 2-[2-(2-amino-3-phenylpropanamido)-3-hydroxybutanamido]-5-carbamimidamido-N-(1-carbamoyl-2-phenylethyl)pentanamide; H-Asp-Phe-Thr-Phe-Leu-OH	0	0.0	False	1.0	6	0.5	False	0.00010209368517143786	1.0	0.008762258589106656
354	18	12	12	Amino acids and Peptides	2-[(21-amino-3,20-dihydroxydocosan-2-yl)oxy]-6-(hydroxymethyl)oxane-3,4,5-triol; 1-heptadecyl-2-hydroxyethane-1,2,2-tricarboxylic acid; 2-[(19-amino-3,18-dihydroxyicosan-2-yl)oxy]-6-(hydroxymethyl)oxane-3,4,5-triol	0	0.0	False	1.0	0	0.0	False	1.0	1.0	1.0
295	12	11	9	Amino acids and Peptides	H-Asn(OH)-Ala-Pro-Val-Ser-Ile-Pro-Gln-NHOH; H-Asn-Ser-Arg-Phe-Pro-Thr-Ser-Ile-Ile-OH; (3S)-4-[[(2S)-1-[[(2S)-1-[[1-[[(3S)-1-[(2S)-1-[[(2S)-1-amino-4-methylsulfanyl-1-oxobutan-2-yl]amino]-4-methyl-1-oxopentan-2-yl]-2-oxopyrrolidin-3-yl]amino]-3-methyl-1-oxobutan-2-yl]amino]-1-oxo-3-phenylpropan-2-yl]amino]-3-hydroxy-1-oxopropan-2-yl]amino]-3-[[(2S)-2,6-diaminohexanoyl]amino]-4-oxobutanoic acid	0	0.0	False	1.0	0	0.0	False	1.0	1.0	1.0
216	15	11	3	Amino acids and Peptides	H-Gly-Ile-Val-Gly-Pro-Leu-OH; H-Val-Val-Pro-Pro-Phe-OH; N-{1-[16-methoxy-10-(2-methylpropyl)-8,11-dioxo-2-oxa-6,9,12-triazatricyclo[13.3.1.0³,⁷]nonadeca-1(18),13,15(19),16-tetraen-6-yl]-3-methyl-1-oxobutan-2-yl}-2-(methylamino)propanamide	2	0.1818	False	0.08148332424608822	3	0.2727	False	0.042618980222213214	1.0	1.0
448	12	11	8	Amino acids and Peptides	Octadecanamide, N,N'-[1,2-ethanediylbis(imino-2,1-ethanediyl)]bis-; Octadecanamide, N,N'-[1,2-ethanediylbis(imino-2,1-ethanediyl)]bis-; N-[2-[Bis(2-aminoethyl)amino]ethyl]-N'-hexadecyl-2-hexadecylmalonamide	0	0.0	False	1.0	0	0.0	False	1.0	1.0	1.0
116	18	11	3	Amino acids and Peptides	beta-Casomorphin (1-6); benzyl 2-[(1-{[1-(tert-butoxy)-4-methyl-1-oxopentan-2-yl]carbamoyl}-2-phenylethyl)carbamoyl]pyrrolidine-1-carboxylate; N-[5-[[4-[5-[acetyl(hydroxy)amino]pentylamino]-4-oxobutanoyl]-hydroxyamino]pentyl]-N'-butyl-N'-hydroxybutanediamide	1	0.0909	False	0.38987372458748515	1	0.0909	False	0.5709111264208643	1.0	1.0
387	21	11	7	Amino acids and Peptides	H-DL-xiIle-DL-Leu-DL-Val-DL-Tyr-OH; Asp-Phe; [(5S)-5-[[(2S)-2-[(2-aminoacetyl)amino]propanoyl]amino]-6-oxohexyl]azanium	0	0.0	False	1.0	1	0.0909	False	0.5709111264208643	1.0	1.0
81	30	11	9	Amino acids and Peptides	Ac-Gln-Leu-Val-Thr-Ser-Leu-OH; N-(3-{2,6-dibromo-4-[2-(dimethylamino)ethyl]phenyl}-3-oxopropyl)-3-(3,5-dibromo-4-methoxyphenyl)-2-(methylamino)propanamide; Pepstatin	0	0.0	False	1.0	0	0.0	False	1.0	1.0	1.0
161	14	10	8	Amino acids and Peptides	(2R)-N-[(2R)-1-(2-acetyl-2,7-diazaspiro[3.5]nonan-7-yl)-3-amino-1-oxopropan-2-yl]-2-[[(2R)-2-[[(2R)-2-amino-3-phenylpropanoyl]amino]-3-phenylpropanoyl]amino]-4-methylpentanamide; H-Ser-Leu-Phe-Asn-Thr-Ile-Ala-Val-Leu-al; cyclopentyl N-[(2S)-1-[(2S,4R)-2-[[(2S)-4-amino-1-cyclopropyl-3,4-dioxobutan-2-yl]carbamoyl]-4-[(E)-1-(4-methoxy-3,5-dimethylphenyl)ethylideneamino]oxy-4-methylpyrrolidin-1-yl]-3,3-dimethyl-1-oxobutan-2-yl]carbamate	0	0.0	False	1.0	1	0.1	False	0.5365972745555896	1.0	1.0
33	11	10	7	Amino acids and Peptides	Pro-Val-Val-Pro; benzyl N-[(1S)-1-{[(1R)-2-(tert-butoxy)-1-cyanoethyl]carbamoyl}-3-methylbutyl]carbamate; H-DL-xiIle-DL-Arg-DL-xiThr-OH	1	0.1	False	0.36183823364735795	3	0.3	False	0.03276048104851456	1.0	0.8531968760026184
316	14	10	9	Amino acids and Peptides	H-Ala-Val-Tyr-Glu-Ser-al; 2-Amino-8-Oxo-9-Hydroxydecanoic Acid; H-Gly-Pro-Pro-Pro-Tyr-NH2	0	0.0	False	1.0	0	0.0	False	1.0	1.0	1.0
237	16	10	8	Amino acids and Peptides	Similanamide; Desmethylisaridin E; IAbeta5p	0	0.0	False	1.0	0	0.0	False	1.0	1.0	1.0
243	11	10	6	Amino acids and Peptides	2-[2-(2-acetamido-3-methylbutanamido)-3-methylbutanamido]-3-phenylpropanoic acid; 1-{6-amino-2-[(1-carboxy-3-phenylpropyl)amino]hexanoyl}pyrrolidine-2-carboxylic acid; 1-{6-amino-2-[(1-carboxy-3-phenylpropyl)amino]hexanoyl}pyrrolidine-2-carboxylic acid	0	0.0	False	1.0	0	0.0	False	1.0	1.0	1.0
266	13	10	10	Amino acids and Peptides	2-[2-amino-3-(1H-indol-3-yl)propanamido]-3-methylbutanoic acid; 2-[2-amino-3-(1H-indol-3-yl)propanamido]butanedioic acid; 2-(2-amino-4-methylpentanamido)-3-(1H-indol-3-yl)propanoic acid	0	0.0	False	1.0	0	0.0	False	1.0	1.0	1.0
235	12	10	9	Amino acids and Peptides	namalide d; 9-(butan-2-yl)-1,4,7-trihydroxy-6-[(1-methoxy-1H-indol-3-yl)methyl]-3-(5-oxohexyl)-3H,6H,9H,10H,12H,13H,14H,15H,15aH-pyrido[1,2-a]1,4,7,10-tetraazacyclododecan-10-one; namalide d	1	0.1	False	0.36183823364735795	1	0.1	False	0.5365972745555896	1.0	1.0
414	11	10	7	Polyketides	(2S,3R)-N-[1-cyclopropyl-3,4-dioxo-4-(prop-2-enylamino)butan-2-yl]-1-[(2S)-2-[[(2S)-2-(2,2-dimethylpropanoylamino)-2-(1-methylcyclohexyl)acetyl]amino]-3,3-dimethylbutanoyl]-3-propan-2-ylpyrrolidine-2-carboxamide; H-Leu-Lys-Ser-Lys(Me)-Lys-Gly-al; [(2~{R})-2-[2-(methylamino)ethoxy-oxidanyl-phosphoryl]oxy-2-(13-methyltetradecanoyloxy)ethyl] 13-methyltetradecanoate	0	0.0	False	1.0	0	0.0	False	1.0	1.0	1.0
391	10	9	7	Amino acids and Peptides	D-Streptamine, O-2,6-diamino-2,6-dideoxy-alpha-D-glucopyranosyl-(1-4)-O-(beta-D-xylofuranosyl-(1-5))-N(sup 1)-(4-aminobutyryl)-2-deoxy-; H-Ser-Ser-Gly-Val-Asp-Leu-al; D-Streptamine, O-2,6-diamino-2,6-dideoxy-alpha-D-glucopyranosyl-(1-4)-O-(beta-D-xylofuranosyl-(1-5))-N(sup 1)-(4-aminobutyryl)-2-deoxy-	0	0.0	False	1.0	0	0.0	False	1.0	1.0	1.0
52	16	9	9	Amino acids and Peptides	2-[[1-[3-Phenyl-2-(pyrrolidine-2-carbonylamino)propanoyl]pyrrolidine-2-carbonyl]amino]acetic acid; H-DL-Ala-DL-Val-DL-Pro-DL-Pro-OH; methyl 1-[1-(3,3-dimethylbutanoyl)-4-{[(propan-2-yl)carbamoyl]amino}pyrrolidine-2-carbonyl]pyrrolidine-2-carboxylate	4	0.4444	False	0.0003904117548685196	5	0.5556	False	0.00021629473874456494	0.029232080145780406	0.0161950685634993
67	14	9	9	Alkaloids	2-(1-Benzyl-4-methylpyrazol-3-yloxy)-2-methylpropionic acid; dimethyl(3-{tricyclo[9.4.0.0³,⁸]pentadeca-1(15),3,5,7,11,13-hexaen-2-ylidene}propyl)amine; 3-Ethyl-2-[[3-[3-[3-[(3-ethylbenzothiazol-2(3H)-ylidene)methyl]-5,5-dimethyl-2-cyclohexen-1-ylidene]-1-propenyl]-5,5-dimethyl-2-cyclohexen-1-ylidene]methyl]benzothiazol-3-ium	1	0.1111	False	0.332515657801483	0	0.0	False	1.0	1.0	1.0
256	10	9	5	Amino acids and Peptides	Cherimolacyclopeptide A; Cherimolacyclopeptide A; Cherimolacyclopeptide A	0	0.0	False	1.0	0	0.0	False	1.0	1.0	1.0
175	16	9	4	Amino acids and Peptides	7-(2-methoxyethyl)-1,3-dimethyl-8-(pyrrolidin-1-yl)-2,3,6,7-tetrahydro-1H-purine-2,6-dione; methyl (3R)-3-hydroxy-4-[[(2S)-4-methyl-1-(3-methylbutylamino)-1-oxopentan-2-yl]amino]-4-oxo-2-sulfanylbutanoate; 3-methyl-2-[(1-methyl-1H-indol-2-yl)formamido]pentanoic acid	0	0.0	False	1.0	0	0.0	False	1.0	1.0	1.0
384	13	9	5	Amino acids and Peptides	5-[3-[(1-Benzylsulfonylpiperidin-4-yl)amino]phenyl]-4-bromo-3-(carboxylatomethoxy)thiophene-2-carboxylate; Ac-Gln-Cha-Asp-Leu-Ala-al; Antibiotic T 23Viii	0	0.0	False	1.0	0	0.0	False	1.0	1.0	1.0
249	10	9	7	Amino acids and Peptides	H-DL-Leu-DL-Val-DL-Pro-DL-Leu-OH; H-DL-Phe-DL-Val-DL-Pro-DL-Leu-OH; 2-[[1-[2-(2-Aminopropanoylamino)-3-methylbutanoyl]pyrrolidine-2-carbonyl]amino]-3-methylpentanoic acid	1	0.1111	False	0.332515657801483	0	0.0	False	1.0	1.0	1.0
51	13	9	7	Amino acids and Peptides	Tyrosyl-prolyl-glycyl-prolyl-phenylalanyl-prolyl-isoleucine; H-Ala-Arg-Val-Tyr-aIle-His-Pro-Phe-OH; Angiotensin II, sar(1)-phe(4)-ile(8)-	3	0.3333	False	0.005814347689947006	2	0.2222	False	0.13937876992388598	0.17413971331391281	1.0
40	11	9	9	Amino acids and Peptides	H-Ala-Gly-Leu-Leu-Gly-Gly-OH; Ile-Phe-Pro-Pro; (2S)-2-[[(2S)-3-methyl-2-[[1-[(E,2S,5S)-2-methyl-5-(methylamino)hex-3-enoyl]pyrrolidine-2-carbonyl]amino]butanoyl]amino]pentanoic acid	1	0.1111	False	0.332515657801483	0	0.0	False	1.0	1.0	1.0
386	14	9	8	Amino acids and Peptides	1-(2-{[1-(2-amino-4-methylpentanoyl)pyrrolidin-2-yl]formamido}-3-(4-hydroxyphenyl)propanoyl)pyrrolidine-2-carboxylic acid; (S)-benzyl 2-((S)-2-(isoxazole-3-carbonyl)pyrrolidine-1-carbonyl)pyrrolidine-1-carboxylate; 1-(2-{[1-(2-amino-4-methylpentanoyl)pyrrolidin-2-yl]formamido}-3-(4-hydroxyphenyl)propanoyl)pyrrolidine-2-carboxylic acid	3	0.3333	False	0.005814347689947006	2	0.2222	False	0.13937876992388598	0.17413971331391281	1.0
9	11	9	8	Amino acids and Peptides	H-Asp-Thr-Arg-Pro-Ala-Pro-al; Apicidin; Syringolin	0	0.0	False	1.0	0	0.0	False	1.0	1.0	1.0
34	18	9	7	Amino acids and Peptides	tert-butyl N-[[(2S)-2-[[(2S)-2-[[(2S,3S)-2-[[(2S)-1-[(2R)-2-hydroxy-4-methylpentanoyl]pyrrolidine-2-carbonyl]amino]-3-methylpentanoyl]-methylamino]-3-methylbutanoyl]-methylamino]propanoyl]amino]carbamate; 1-[2-[(2-Amino-3-methylpentanoyl)amino]-3-methylbutanoyl]pyrrolidine-2-carboxylic acid; 1,1'-[Iminobis(carbonyl)]bis[3-(3-methylbutyl)guanidine]	2	0.2222	False	0.05649738755025182	1	0.1111	False	0.4995408813143038	1.0	1.0
75	15	8	5	Amino acids and Peptides	2-[[2-[(2-Amino-4-methylpentanoyl)amino]-4-methylpentanoyl]amino]pentanedioic acid; 4-({2,8-dioxo-3,9-diazatricyclo[8.4.0.0³,⁷]tetradeca-1(14),10,12-trien-5-yl}carbamoyl)-3,3-dimethylbutanoic acid; 2-[[2-[(2-Amino-4-methylpentanoyl)amino]-4-methylpentanoyl]amino]pentanedioic acid	0	0.0	False	1.0	0	0.0	False	1.0	1.0	1.0
505	10	8	8	Fatty acids	(Z)-2,3-dichloro-N,N'-dimethylbut-2-enediamide; N-(N-ethyl-C-methylcarbonimidoyl)sulfamoyl fluoride; Ethenyl(methyl)phosphinic isocyanate	0	0.0	False	1.0	0	0.0	False	1.0	1.0	1.0
127	10	8	5	Amino acids and Peptides	H-DL-Pro-DL-Val-DL-Val-DL-Arg-OH; N-{5-[(1-carbamoyl-2-phenylethyl)carbamoyl]-1-(3,3-dimethylbutanoyl)pyrrolidin-3-yl}-3,3-dimethylbutanamide; methyl 2-[2-(2-{[(tert-butoxy)carbonyl]amino}-4-methylpentanamido)-4-methylpentanamido]-3-methylbutanoate	3	0.375	False	0.004006369044920841	1	0.125	False	0.4595228689375903	0.15998767052717225	1.0
187	9	8	7	Amino acids and Peptides	1,2,3,4-Tetrabromo-3-methyl-2-nitropentane; N3-(2-oxopiperidin-3-yl)-4-(piperidine-4-carbonyl)-N1-(propan-2-yl)piperazine-1,3-dicarboxamide; Ac-Asp-Val-Ala-Asp-al	0	0.0	False	1.0	0	0.0	False	1.0	1.0	1.0
303	12	8	7	Amino acids and Peptides	H-Leu-Leu-Phe-Gly-Tyr-Pro-Val-Ala-Val-OH; H-Leu-Leu-Phe-Gly-Tyr-Pro-Val-Ala-Val-OH; 1-[1-(2-{[(tert-butoxy)carbonyl]amino}-3-methylpentanoyl)piperidine-4-amido]cyclohexane-1-carboxylic acid	1	0.125	False	0.3018469611069018	1	0.125	False	0.4595228689375903	1.0	1.0
343	8	8	6	Amino acids and Peptides	Unk-DL-hPhe-Leu-DL-Phe-Leu-Unk; Dstbulet; Unk-DL-hPhe-Leu-DL-Phe-Leu-Unk	1	0.125	False	0.3018469611069018	2	0.25	False	0.11379326997831925	1.0	1.0
225	12	8	4	Amino acids and Peptides	Ac-Leu-Gly-Pro-Gly-OH; H-DL-Val-DL-Val-DL-Pro-DL-Ala-OH; Ac-Leu-Gly-Pro-Gly-OH	0	0.0	False	1.0	0	0.0	False	1.0	1.0	1.0
417	8	8	7	Amino acids and Peptides	Citrusin Iii; Citrusin Iii; H-DL-xiIle-DL-Leu-DL-Val-DL-Tyr-OH	0	0.0	False	1.0	5	0.625	False	0.0001023970118927322	1.0	0.008762258589106656
91	8	8	8	Amino acids and Peptides	Cyclo(L-Leu-L-Arg); (2S)-2-[[(2S)-2,6-diaminohexanoyl]amino]-3-hydroxybutanoic acid; H-Pro-Ile-Val-NH2	0	0.0	False	1.0	0	0.0	False	1.0	1.0	1.0
172	10	8	6	Amino acids and Peptides	2-acetamido-3-methyl-N-[1-[(3-methyl-1-oxobutan-2-yl)amino]-1-oxopropan-2-yl]butanamide; 2-{[1-(2-amino-4-methylpentanoyl)piperidin-4-yl]formamido}-4-methylpentanoic acid; 2-{[1-(2-amino-3-phenylpropanoyl)piperidin-4-yl]formamido}-3-methylpentanoic acid	0	0.0	False	1.0	0	0.0	False	1.0	1.0	1.0
160	12	8	7	Amino acids and Peptides	3-[(2-amino-4-methylpentanoyl)amino]-4-[[1-carboxy-2-(1H-indol-3-yl)ethyl]amino]-4-oxobutanoic acid; 4'-hydroxy-2,2''-diimino-2'-(1H-indol-3-yl)-1,1'',3,3''-tetramethyl-4',9'-dihydro-2'H-dispiro[imidazolidine-4,1'-carbazole-3',4''-imidazolidine]-5,5''-dione; H-Asp-Trp-Glu-Ile-Val-OH	0	0.0	False	1.0	0	0.0	False	1.0	1.0	1.0
334	9	8	8	Amino acids and Peptides	[1-[[1-[2-[2-[(4-Methoxy-4-oxobutanoyl)amino]propanoylamino]propanoyl]pyrrolidine-2-carbonyl]amino]-2-methylpropyl]boronic acid; Mullinamide A; [1-[[1-[2-[2-[(4-Methoxy-4-oxobutanoyl)amino]propanoylamino]propanoyl]pyrrolidine-2-carbonyl]amino]-2-methylpropyl]boronic acid	2	0.25	False	0.04523448980351741	3	0.375	False	0.017091291585622	1.0	0.48750874570417035
317	11	8	8	Amino acids and Peptides	H-Thr-Asn-Leu-Tyr-Met-Leu-al; 3-methyl-2-[(1-{2-[(1-{3-phenyl-2-[(pyrrolidin-2-yl)formamido]propanoyl}pyrrolidin-2-yl)formamido]acetyl}pyrrolidin-2-yl)formamido]pentanoic acid; 3-methyl-2-[(1-{2-[(1-{3-phenyl-2-[(pyrrolidin-2-yl)formamido]propanoyl}pyrrolidin-2-yl)formamido]acetyl}pyrrolidin-2-yl)formamido]pentanoic acid	0	0.0	False	1.0	0	0.0	False	1.0	1.0	1.0
257	14	8	6	Amino acids and Peptides	Pyloricidin A1; 2-[[2-[[2-amino-3-(1H-imidazol-5-yl)propanoyl]amino]-4-methylsulfanylbutanoyl]amino]propanoic acid; Pyloricidin A1	0	0.0	False	1.0	0	0.0	False	1.0	1.0	1.0
150	9	7	3	Amino acids and Peptides	H-DL-Pro-DL-Pro-DL-xiIle-DL-Pro-OH; H-Ala-Leu-Val-Tyr-Lys-al; H-DL-Pro-DL-Pro-DL-xiIle-DL-Pro-OH	0	0.0	False	1.0	0	0.0	False	1.0	1.0	1.0
167	10	7	6	Amino acids and Peptides	H-DL-Glu-DL-Phe-DL-Pro-DL-Tyr-OH; Aclerastide; Oxytocin, 4-fluoro-phe(2)-	0	0.0	False	1.0	0	0.0	False	1.0	1.0	1.0
400	10	7	6	Amino acids and Peptides	9-(butan-2-yl)-1,4,7-trihydroxy-6-[(1-methoxy-1H-indol-3-yl)methyl]-3-(5-oxohexyl)-3H,6H,9H,10H,12H,13H,14H,15H,15aH-pyrido[1,2-a]1,4,7,10-tetraazacyclododecan-10-one; H-D-Lys-Gln-Ala-Gly-Asp-D-Val-OH; (3S)-oxolan-3-yl N-[(2S,3S)-4-[(2S)-2-benzyl-3-oxo-4-(1-oxo-1,2,3,4-tetrahydroisoquinolin-4-yl)-2,3-dihydro-1H-pyrrol-2-yl]-3-hydroxy-1-phenylbutan-2-yl]carbamate	0	0.0	False	1.0	2	0.2857	False	0.08961777538014494	1.0	1.0
418	7	7	0			0	0.0	False	1.0	0	0.0	False	1.0	1.0	1.0
397	7	7	0			2	0.2857	False	0.03492745961386827	3	0.4286	False	0.011298488534803459	0.8046749349502729	0.35619971749196166
46	15	7	4	Amino acids and Peptides	Bradykininamide; benzyl 4-[2-({1-[(carbamoylmethyl)carbamoyl]-3-methylbutyl}carbamoyl)pyrrolidine-1-carbonyl]piperidine-1-carboxylate; Boc-Pro-Leu-Phe-Pro-OEt	0	0.0	False	1.0	1	0.1429	False	0.41630666906768155	1.0	1.0
36	8	7	7	Amino acids and Peptides	H-Gly-His-Arg-Pro-al; (3S)-3-{[(2S)-1-[(2S)-2-(2-aminoacetamido)-4-methylpentanoyl]pyrrolidin-2-yl]formamido}-3-({[(carboxymethyl)carbamoyl]methyl}carbamoyl)propanoic acid; H-Gly-DL-His-DL-Arg-DL-Pro-OH	1	0.1429	False	0.2697704021939787	3	0.4286	False	0.011298488534803459	1.0	0.35619971749196166
47	10	7	7	Amino acids and Peptides	Boc-Gly-Pro-Pro-Gly-Pro-Pro-Gly-Pro-Pro-Gly-Pro-Pro-OH; H-Asn-Ser-Thr-Leu-Unk; H-Thr-Tyr-Phe-Ala-Val-Leu-Met-Val-Ser-al	0	0.0	False	1.0	0	0.0	False	1.0	1.0	1.0
480	12	7	5	Amino acids and Peptides	6-amino-2-{6-amino-2-[(5-oxopyrrolidin-2-yl)formamido]hexanamido}hexanoic acid; Prolylleucylarginine; 2-{[3-(2-amino-3-methylbutanamido)-4,5-dihydroxycyclohex-1-en-1-yl]formamido}-4-methylpentanamide	0	0.0	False	1.0	0	0.0	False	1.0	1.0	1.0
301	9	7	3	Fatty acids	ethyl (2S)-2-[[[4-[4-hydroxy-3,5-di(propan-2-yl)phenyl]-2,6-di(propan-2-yl)phenoxy]methoxy-(methoxymethyl)phosphoryl]amino]propanoate; ethyl (2S)-2-[[[4-[4-hydroxy-3,5-di(propan-2-yl)phenyl]-2,6-di(propan-2-yl)phenoxy]methoxy-(methoxymethyl)phosphoryl]amino]propanoate; Tyrosyl-threonyl-glycyl-phenylalanyl-leucyl-threonine	1	0.1429	False	0.2697704021939787	3	0.4286	False	0.011298488534803459	1.0	0.35619971749196166
28	10	7	6	Amino acids and Peptides	but-2-enoyl-DL-Ser(tBu)-DL-Tyr(tBu)-Gly-DL-Ala-DL-Pro-DL-Ala(Unk)-OMe; 15-(butan-2-yl)-12,21-bis(1-hydroxyethyl)-9-(hydroxymethyl)-6,18-bis(2-methylpropyl)-hexacosahydropyrrolo[1,2-a]1,4,7,10,13,16,19,22-octaazacyclotetracosan-1,4,7,10,13,16,19,22-octone; H-Pro-Pro-Pro-Val-Pro-Pro-Arg-NHiPr	0	0.0	False	1.0	0	0.0	False	1.0	1.0	1.0
59	12	7	6	Amino acids and Peptides	H-DL-Asn-DL-Pro-DL-Pro-DL-Leu-OH; Phepropeptin B; H-Ala-Ala-Pro-Val-Val-Pro-Asp-OH	1	0.1429	False	0.2697704021939787	2	0.2857	False	0.08961777538014494	1.0	1.0
42	11	7	7	Amino acids and Peptides	H-Ala-Pro-Glu-Ala-Val-OH; Gln-Glu-Pro-Val-Leu; 15-benzyl-21-(butan-2-yl)-18-(hydroxymethyl)-3-[(1H-indol-3-yl)methyl]-12-(propan-2-yl)-1,4,10,13,16,19,22-heptaazatricyclo[22.3.0.0⁶,¹⁰]heptacosane-2,5,11,14,17,20,23-heptone	0	0.0	False	1.0	6	0.8571	False	1.0708509044032656e-06	1.0	0.00032071984586877803
247	16	7	6	Amino acids and Peptides	[[2,2,5,5-Tetramethyl-4-[methyl[(methylcarbamoyl)methyl]amino]-3-imidazoline-1-yl]oxy]radical; (2R)-N-[(2R)-1-amino-4-methyl-1-oxopentan-2-yl]-5-oxopyrrolidine-2-carboxamide; N-ethyl-1-[1-methyl-1-(methylcarbamoyl)ethyl]pyrrolidine-2-carboxamide	0	0.0	False	1.0	0	0.0	False	1.0	1.0	1.0
274	8	7	5	Amino acids and Peptides	H-DL-xiIle-DL-xiIle-DL-xiThr-DL-Pro-OH; tert-butyl N-[(Z,2S)-1-[(2S)-2-carbamoylpyrrolidin-1-yl]-9-[(2S)-2-(1-hydroxyethenyl)cyclopropyl]-1-oxonon-8-en-2-yl]carbamate; N-benzyl-3-[7-({[4-(dimethylamino)phenyl]methyl}amino)-1-oxo-octahydropyrrolo[1,2-a]pyrazin-4-yl]propanamide	0	0.0	False	1.0	0	0.0	False	1.0	1.0	1.0
58	9	7	6	Amino acids and Peptides	(R)-2-((((9H-Fluoren-9-yl)methoxy)carbonyl)amino)-6-((1-(4,4-dimethyl-2,6-dioxocyclohexylidene)-3-methylbutyl)amino)hexanoic acid; H-Ala-Pro-Glu-Ala-Val-OH; H-Ala-Pro-Glu-Ala-Val-OH	0	0.0	False	1.0	1	0.1429	False	0.41630666906768155	1.0	1.0
226	18	7	6	Amino acids and Peptides	H-Leu-Pro-Thr-Pro-Pro-OH; H-Ala-Pro-Leu-Leu-Glu-Ser-al; H-Ala-Pro-Leu-Leu-Glu-Ser-al	0	0.0	False	1.0	0	0.0	False	1.0	1.0	1.0
345	9	7	7	Amino acids and Peptides	H-DL-Glu-DL-Val-DL-Glu-DL-xiThr-OH; H-DL-Asp-DL-Leu-DL-Val-DL-Ser-OH; 20-Hydroxy-22-Oxo-20-Epi-Tingenone	1	0.1429	False	0.2697704021939787	1	0.1429	False	0.41630666906768155	1.0	1.0
445	7	7	6	Amino acids and Peptides	Glaucacyclopeptide A; (4R)-2,2-difluoro-3,3-dihydroxy-N,6-dimethyl-4-[[(2S)-3-methyl-2-[[(2S)-3-methyl-2-(3-methylbutanoylamino)butanoyl]amino]butanoyl]amino]heptanamide; H-Val-Pro-Pro-Leu-Asp-OH	0	0.0	False	1.0	0	0.0	False	1.0	1.0	1.0
144	12	7	6	Amino acids and Peptides	(2S,3S)-2-[[(2S,3S)-2-[[(2S)-3-hydroxy-2-[[(2S,3R)-3-hydroxy-2-[[(2S)-pyrrolidin-1-ium-2-carbonyl]amino]butanoyl]amino]propanoyl]amino]-3-methylpentanoyl]amino]-3-methylpentanoic acid; Ahpatinin Pr; N-[9,9-bis[2-(2-ethoxyethoxy)ethyl]fluoren-2-yl]-N-[9-[(2E,4E)-5-[2-(2-ethoxyethoxy)ethoxy]hepta-2,4-dien-6-yn-2-yl]carbazol-3-yl]-9-[4-[2-(2-ethoxyethoxy)ethoxy]phenyl]carbazol-3-amine	0	0.0	False	1.0	1	0.1429	False	0.41630666906768155	1.0	1.0
125	9	7	7	Alkaloids	N-ethyl-N-(pyridin-4-ylmethyl)nitrous amide; Trans-3-Indoleacrylic Acid; N-(4-ethyl-5-hydroxyiminoheptan-3-ylidene)hydroxylamine	0	0.0	False	1.0	0	0.0	False	1.0	1.0	1.0
55	6	6	5	Amino acids and Peptides	H-Thr-Pro-Pro-Ser-Pro-Phe-OH; (2S)-2-[[(2S)-1-[(2S)-4-methyl-2-[[(2S)-1-[2-[[(2S)-pyrrolidin-1-ium-2-carbonyl]amino]acetyl]pyrrolidine-2-carbonyl]amino]pentanoyl]pyrrolidine-2-carbonyl]amino]propanoate; H-Asn-Ala-Ser-Ala-Pro-Val-OH	0	0.0	False	1.0	0	0.0	False	1.0	1.0	1.0
259	10	6	5	Amino acids and Peptides	2-[[2-[(2-Amino-4-carboxybutanoyl)amino]-3-carboxypropanoyl]amino]-4-methylpentanoic acid; (2S)-5-oxo-5-[(2-oxopiperidin-3-yl)amino]-2-(propanoylamino)pentanoic acid; 2-[[2-[(2-Amino-3-methylbutanoyl)amino]-3-hydroxypropanoyl]amino]-4-methylpentanoic acid	0	0.0	False	1.0	0	0.0	False	1.0	1.0	1.0
294	21	6	6	Fatty acids	N-dibutoxyphosphoryloctadecanamide; 1-Linoleoyl-Sn-Glycero-3-Phosphoethanolamine; 1-Oleoyl-Sn-Glycero-3-Phosphoethanolamine	2	0.3333	False	0.025687685319996857	2	0.3333	False	0.06724083628147594	0.6154769402671247	1.0
54	10	6	6	Amino acids and Peptides	2-[[1-(2-Aminopropanoyl)pyrrolidine-2-carbonyl]amino]-3-phenylpropanoic acid; 3-Methyl-2-[[2-(pyrrolidine-2-carbonylamino)acetyl]amino]butanoic acid; 6-Amino-2-[(5-amino-1-carboxypentyl)carbamoylamino]hexanoic acid	1	0.1667	False	0.23622141039682004	0	0.0	False	1.0	1.0	1.0
73	6	6	4	Amino acids and Peptides	Threonylaspartylarginine; 5-Amino-2-[[1-(2-amino-3-phenylpropanoyl)pyrrolidine-2-carbonyl]amino]-5-oxopentanoic acid; H-DL-Arg-DL-Ser-DL-Glu-OH	3	0.5	False	0.0015288927128662081	0	0.0	False	1.0	0.07631722791723823	1.0
166	12	6	4	Amino acids and Peptides	methyl 4'-[13-ethylidene-18-(methoxycarbonyl)-4-oxo-8,15-diazapentacyclo[10.5.1.0¹,⁹.0²,⁷.0⁹,¹⁵]octadeca-2,5,7-trien-5-yl]-5'-methoxy-3,8'-dimethyl-8',15'-diazaspiro[oxirane-2,13'-pentacyclo[10.5.1.0¹,⁹.0²,⁷.0¹⁰,¹⁵]octadecane]-2'(7'),3',5'-triene-18'-carboxylate; Glptgg; Asn-Val-Ile-Ile-Gly-Pro-Ala	0	0.0	False	1.0	0	0.0	False	1.0	1.0	1.0
528	10	6	3	Terpenoids	p-AZOBENZENEARSONATE; 2,3,5,6-Tetrachloro-4-trifluoromethylbenzoic acid; Tetradecyl isocyanate	0	0.0	False	1.0	0	0.0	False	1.0	1.0	1.0
636	7	6	6	Amino acids and Peptides	L-Leucyl-L-alanyl-L-prolyl-L-tyrosyl-L-isoleucyl-L-proline; Ac-aThr-Pro-Pro-Gly-Ser-Ala-Ala-Ala-NH2; 12-benzyl-21-(1-hydroxyethyl)-24-methyl-9-(propan-2-yl)-1,7,10,13,19,22,25-heptaazatetracyclo[25.3.0.0³,⁷.0¹⁵,¹⁹]triacontane-2,8,11,14,20,23,26-heptone	0	0.0	False	1.0	0	0.0	False	1.0	1.0	1.0
381	7	6	5	Amino acids and Peptides	6-amino-2-{2-[2-(2-amino-3-carbamoylpropanamido)-4-carboxybutanamido]propanamido}hexanoic acid; H-Arg-His-Lys-NH2; H-DL-xiThr-DL-Met-DL-xiIle-DL-Pro-OH	4	0.6667	False	5.169786757637493e-05	3	0.5	False	0.0068304678331731145	0.005161170446374764	0.27276334880471304
246	11	6	2	Amino acids and Peptides	H-DL-Glu-DL-Val-DL-Met-OH; H-Ala-Val-Pro-Ala-OH	0	0.0	False	1.0	0	0.0	False	1.0	1.0	1.0
374	9	6	2	Carbohydrates	2-[2-[2-[2-[2-(2-Aminopropanoylamino)propanoylamino]propanoylamino]propanoylamino]propanoylamino]propanoic acid; N(6')-acetylkanamycin B	0	0.0	False	1.0	1	0.1667	False	0.36963682711231927	1.0	1.0
292	7	6	2	Amino acids and Peptides	[(2S)-1-[[(2S)-1-[[(2S)-1-[[(2S)-1-[[(2S)-1-[[(1S)-1-carboxy-3-methylbutyl]amino]-4-methyl-1-oxopentan-2-yl]amino]-1-oxopropan-2-yl]amino]-4-methyl-1-oxopentan-2-yl]amino]-1-oxopropan-2-yl]amino]-1-oxopropan-2-yl]azanium; pseudoxylaramide d	0	0.0	False	1.0	0	0.0	False	1.0	1.0	1.0
283	6	6	6	Amino acids and Peptides	Segetalin E; N''-[4-(cyclopentyloxy)-3-hydroxy-19-(hydroxymethyl)-6-[5-(hydroxymethyl)-3-oxooct-4-en-1-yl]-18-(methoxymethyl)-15-methyltricyclo[8.7.4.0²,⁷]henicosa-2,4,6-trien-8,12-diyn-21-yl]guanidine; Segetalin E	0	0.0	False	1.0	0	0.0	False	1.0	1.0	1.0
590	6	6	6	Fatty acids	2-undecanamidoacetic acid; 1,2-Dioxa-3-azacyclohexadec-15-yne; 1-[6-(2-oxobutyl)piperidin-2-yl]butan-2-one	0	0.0	False	1.0	0	0.0	False	1.0	1.0	1.0
197	6	6	6	Amino acids and Peptides	H-Pro-Ser-Pro-Ser-Pro-Ser-al; H-Ala-Pro-Asp-Cys-Arg-Pro-al; L-Iditol, 1,2,5,6-tetradeoxy-2,5-bis(((2S)-3-methyl-1-oxo-2-(((phenylmethoxy)carbonyl)amino)butyl)amino)-1,6-diphenyl-	0	0.0	False	1.0	4	0.6667	False	0.0003975640234448825	1.0	0.02205275250114365
588	14	6	6	Amino acids and Peptides	3-acetamido-5-(carbamoylamino)-N-(2,3-dihydroxypropyl)-2,4,6-triiodobenzamide; 6-amino-2-[2-(2-amino-3-methylpentanamido)-3-methylbutanamido]hexanoic acid; 2-[[6-Amino-2-[(2-amino-3-methylpentanoyl)amino]hexanoyl]amino]-3-methylbutanoic acid	2	0.3333	False	0.025687685319996857	0	0.0	False	1.0	0.6154769402671247	1.0
449	6	6	3	Amino acids and Peptides	Jbir-57; H-DL-Met-DL-Val-Gly-DL-Pro-OH; 1-(2-{[hydroxy(3-hydroxy-1,2-dihydroquinoxalin-1-yl)methylidene]amino}-3-methylpentanoyl)pyrrolidine-2-carboxylic acid	0	0.0	False	1.0	0	0.0	False	1.0	1.0	1.0
494	6	6	6	Fatty acids	N2-(1-Oxodecyl)-L-lysine; Nalpha-Lauroyl-L-Lysine; 2-amino-6-octanamidohexanoic acid	0	0.0	False	1.0	0	0.0	False	1.0	1.0	1.0
415	7	6	6	Amino acids and Peptides	N,N,N',2,2,3,3-heptamethyl-N'-[2,2,3,3-tetramethyl-4-[methyl-[2,2,3,3-tetramethyl-4-[methyl(2,2,3,3-tetramethylpentyl)amino]butyl]amino]butyl]butane-1,4-diamine; H-Gly-Thr-Lys-Pro-Pro-Leu-al; N(2)-(1-hydroxy-2-oxopropyl)-dGTP	0	0.0	False	1.0	0	0.0	False	1.0	1.0	1.0
147	15	6	1	Amino acids and Peptides	H-Ala-Lys-Ala-Ala-al	1	0.1667	False	0.23622141039682004	1	0.1667	False	0.36963682711231927	1.0	1.0
129	9	6	6	Amino acids and Peptides	l-Isoleucyl-l-prolyl-l-pro-line; (2S)-2-[[(2S)-1-[[(4R,5S,8S)-4-hydroxy-2,7-dioxo-5-propan-2-yl-1,6-diazacyclododec-8-yl]amino]-3-methyl-1-oxobutan-2-yl]carbamoylamino]-3-methylbutanoic acid; H-Glu-D-Pro-D-Pro-Lys-D-Val-al	1	0.1667	False	0.23622141039682004	1	0.1667	False	0.36963682711231927	1.0	1.0
134	5	5	4	Amino acids and Peptides	N-(5-carbamimidamido-1-hydroxypentan-2-yl)-2-({1-hydroxy-2-[(1-hydroxyethylidene)amino]-4-methylpentylidene}amino)-4-methylpentanimidic acid; 1-N,2-N,3-N-tris[(1R,2S)-2-methylcyclohexyl]propane-1,2,3-tricarboxamide; N-Formyl-3,5-diiodo-L-tyrosine	0	0.0	False	1.0	0	0.0	False	1.0	1.0	1.0
460	6	5	5	Amino acids and Peptides	2-[[2-[(2-amino-4-carboxybutanoyl)amino]-3-(1H-indol-3-yl)propanoyl]amino]-4-methylpentanoic acid; 2-{[1-(2-{[(tert-butoxy)carbonyl]amino}-3-methylbutanoyl)piperidin-4-yl]formamido}-3-(methylsulfanyl)propanoic acid; 2-[[2-[(2-amino-4-carboxybutanoyl)amino]-3-(1H-indol-3-yl)propanoyl]amino]-4-methylpentanoic acid	0	0.0	False	1.0	2	0.4	False	0.04710404679870834	1.0	1.0
403	8	5	5	Alkaloids	N,N'-Diethyl-N''-isopropyl-1,3,5-triazine-2,4,6-triamine; (2S)-2-aminotetradecane-1,3-diol; 1-(3,4-dichlorophenyl)-2-[(propan-2-yl)amino]ethan-1-ol	0	0.0	False	1.0	0	0.0	False	1.0	1.0	1.0
508	5	5	2	Amino acids and Peptides	Cyclo(-D-Asp-Pro-D-Ile-Leu-D-Trp); H-Ala-Ala-Ile-Met-Met-Gln-Ala-Gly-al	0	0.0	False	1.0	2	0.4	False	0.04710404679870834	1.0	1.0
118	11	5	5	Amino acids and Peptides	tert-butyl N-[(2S)-1-[(2S)-2-[[4-[[2-(benzylamino)-2-oxoethyl]amino]-1-cyclopropyl-3,4-dioxobutan-2-yl]carbamoyl]-6,6-dimethyl-3-azabicyclo[3.1.0]hexan-3-yl]-3,3-dimethyl-1-oxobutan-2-yl]carbamate; Pyloricidin A; H-2Abz-Leu-Pro-Ala-Thr-Ala-Gly-al	3	0.6	False	0.0007902952902212919	2	0.4	False	0.04710404679870834	0.04314154298658763	1.0
430	7	5	4	Amino acids and Peptides	N-[(2S,3R,4R,5S,6R)-2-[(2R,3S,4R,5R,6R)-5-acetamido-4-hydroxy-2-(hydroxymethyl)-6-[(2R)-2-hydroxypropoxy]oxan-3-yl]oxy-4,5-dihydroxy-6-(hydroxymethyl)oxan-3-yl]acetamide; H-DL-Glu-DL-Tyr-DL-Ala-Gly-OH; Ietd-cho	0	0.0	False	1.0	1	0.2	False	0.31923749530717865	1.0	1.0
97	5	5	5	Fatty acids	(2E,19R)-19-hydroxyicos-2-enoic acid; 10-Hydroxyoctadec-2-enoic acid; 5-(5,5,8a-trimethyl-2-methylidene-7-oxo-decahydronaphthalen-1-yl)-3-methylpentyl acetate	1	0.2	False	0.20113245621734957	0	0.0	False	1.0	1.0	1.0
143	6	5	4	Amino acids and Peptides	14-(hydroxymethyl)-3-[14-(hydroxymethyl)-18-methyl-13,17-dioxo-15,16-dithia-10,12,18-triazapentacyclo[12.2.2.0¹,¹².0³,¹¹.0⁴,⁹]octadeca-4,6,8-trien-3-yl]-19-methyl-15,16,17-trithia-10,12,19-triazapentacyclo[12.3.2.0¹,¹².0³,¹¹.0⁴,⁹]nonadeca-4,6,8-triene-13,18-dione; 2-(N-[4,5-dimethyl-6-(2-methyl-4-sulfoanilino)pyridin-2-yl]-2-methyl-4-sulfoanilino)-1,3-benzothiazole-6-sulfonic acid; 2-(N-[4,5-dimethyl-6-(2-methyl-4-sulfoanilino)pyridin-2-yl]-2-methyl-4-sulfoanilino)-1,3-benzothiazole-6-sulfonic acid	0	0.0	False	1.0	0	0.0	False	1.0	1.0	1.0
642	5	5	5	Amino acids and Peptides	2-[4,7-Bis(carboxylatomethyl)-10-(2-hydroxypropyl)-1,4,7,10-tetrazacyclododec-8-en-1-yl]acetate; (2S)-1-[(2S)-2-[[(2S)-2-acetamidopropanoyl]amino]propanoyl]-N-[(2S)-1,1-dihydroxypropan-2-yl]pyrrolidine-2-carboxamide; (Ac)2-L-Lys-D-Ala-D-Ala	0	0.0	False	1.0	0	0.0	False	1.0	1.0	1.0
477	9	5	4	Amino acids and Peptides	2-[[6-Amino-2-(2,6-diaminohexanoylamino)hexanoyl]amino]-3-hydroxypropanoic acid; tert-butyl N-[(2S)-1-[[(2S)-1-[[(2S)-1-[[(2S)-1,5-diamino-5-oxo-1-sulfanylpentan-2-yl]amino]-4-methyl-1-oxopentan-2-yl]amino]-3-methyl-1-oxobutan-2-yl]amino]-1-oxopropan-2-yl]carbamate; Dihydromorphinon-N-oxyd-ditartarat [German]	0	0.0	False	1.0	0	0.0	False	1.0	1.0	1.0
3	8	5	5	Amino acids and Peptides	2-[2-[2-[2-[3-[2-[2-[2-[2-(Propylamino)ethoxy]ethoxy]ethoxy]ethoxy]propylamino]ethoxy]ethoxy]ethoxy]ethylcarbamic acid; [(2S,3S,4R,6R)-6-[[(3R,4S,5S,6R,7S,9R,11R,12R,13S,14R)-6-[(2S,3R,4S,6R)-4-(dimethylamino)-3-[3-[4-[2-(dimethylamino)ethyl]piperazin-1-yl]propoxy]-6-methyloxan-2-yl]oxy-14-ethyl-12,13-dihydroxy-7-methoxy-3,5,7,9,11,13-hexamethyl-2,10-dioxo-oxacyclotetradec-4-yl]oxy]-4-methoxy-2,4-dimethyloxan-3-yl] acetate; N-[5-Amino-1-[[5-amino-1-[[12-[(5-amino-1-carbamoyl-pentyl)amino]-12-oxo-dodecyl]carbamoyl]pentyl]carbamoyl]pentyl]-7-oxo-dodecanamide	0	0.0	False	1.0	0	0.0	False	1.0	1.0	1.0
555	6	5	5	Alkaloids	4-chloro-1-(methoxymethyl)-1H-pyrazole-5-sulfonyl chloride; 1-(5-Bromo-3-nitropyridin-2-YL)ethanone; 2,3-Bis(ethenyl)-1-(2-ethylhexyl)indole	0	0.0	False	1.0	0	0.0	False	1.0	1.0	1.0
296	6	5	2	Amino acids and Peptides	N-[1-[(2,6-dimethyl-3-oxohept-1-en-4-yl)amino]-1-oxo-3-phenylpropan-2-yl]-4-methyl-2-[[2-[(2-morpholin-4-ylacetyl)amino]-4-phenylbutanoyl]amino]pentanamide; H-Thr-Pro-Ile-Ser-Pro-Gly-Arg-Ala-Ser-Gly-OH	0	0.0	False	1.0	0	0.0	False	1.0	1.0	1.0
629	6	5	5	Amino acids and Peptides	2-[2-[2-[2-[2-[2-[4-[(2-Methylpropan-2-yl)oxy]pent-4-enoxy]ethoxy]ethoxy]ethoxy]ethoxy]ethoxy]ethanamine; N-(2-butoxyethyl)-2-[2-[2-[2-(2-propan-2-yloxyethoxy)ethoxy]ethoxy]ethoxy]acetamide; (1R)-1-[(2R,4S,4aR,6R,8aR)-2,6-bis(3,4-dimethylphenyl)-4,4a,8,8a-tetrahydro-[1,3]dioxino[5,4-d][1,3]dioxin-4-yl]ethane-1,2-diol	0	0.0	False	1.0	0	0.0	False	1.0	1.0	1.0
309	5	5	5	Amino acids and Peptides	5,8,9-trimethyl-16-(prop-2-en-1-yl)-3,6-bis(propan-2-yl)-icosahydropyrrolo[1,2-d]1-oxa-4,7,10,13,16-pentaazacyclononadecane-1,4,7,10,14,17-hexone; 2-[2-amino-3-(4-hydroxyphenyl)propanamido]-N-{1-[(1-carbamoyl-2-phenylethyl)carbamoyl]-3-methylbutyl}-4-methylpentanamide; Enkephalin L	0	0.0	False	1.0	0	0.0	False	1.0	1.0	1.0
541	5	5	5	Fatty acids	(E,E,E)-geranylgeranylcysteine; 1,3-Bis(2-ethylhexyl)hexahydro-5-methyl-5-nitropyrimidine; 2-amino-3-[(3,7,11-trimethyldodeca-2,6,10-trien-1-yl)sulfanyl]propanoic acid	2	0.4	False	0.017634754450953305	0	0.0	False	1.0	0.45927034417917517	1.0
255	8	5	5	Amino acids and Peptides	Acetic acid [4-[(1-oxo-2-phenylethyl)amino]phenyl] ester; Nitrososulfadiazine; 2-(2-Methyl-5-Nitro-1h-Imidazol-1-Yl)ethyl Sulfamate	0	0.0	False	1.0	0	0.0	False	1.0	1.0	1.0
270	6	5	3	Amino acids and Peptides	Cherimolacyclopeptide C; N-benzyloxycarbonyl glycyl-L-alanyl-L-prolyl-L-proline benzylester; 1-[(Benzyloxy)carbonyl]-L-prolyl-N5-(tert-butoxycarbonyl)-N-{2-[(tert-butoxycarbonyl)amino]ethyl}-L-ornithinamide	0	0.0	False	1.0	0	0.0	False	1.0	1.0	1.0
427	5	5	3	Amino acids and Peptides	Substance P (6-11), pglu(6)-phe(8)-psi-(methyleneoxy)-gly(9)-; H-Thr-Gly-Tyr-Glu-Thr-Trp-Val-OH; Stylissamide F	0	0.0	False	1.0	0	0.0	False	1.0	1.0	1.0
340	5	5	5	Amino acids and Peptides	1-[[4-[Bis(butoxymethyl)amino]-6-cyclohexyl-1,3,5-triazin-2-yl]-(butoxymethyl)amino]pentan-1-ol; Ac-Tyr-Arg-cetyl ester	0	0.0	False	1.0	0	0.0	False	1.0	1.0	1.0
536	6	5	4	Amino acids and Peptides	cyclo(L-alpha-glutamyl-L-threonyl-L-alpha-glutamyl-L-threonyl-N(6)-acetyl-L-lysyl-D-leucyl-L-leucyl-L-seryl); (1R,4S,7S,10R,20S,28S)-4-(4-aminobutyl)-N-[(2S)-1-[[(2S)-1,6-diamino-1-oxohexan-2-yl]amino]-1-oxopropan-2-yl]-28-methyl-7-(2-methylpropyl)-2,5,8,14,22,27,30-heptaoxo-12,24-dithia-3,6,9,15,21,26,29-heptazabicyclo[18.5.5]triacontane-10-carboxamide; H-Arg-Val-Trp-Ile-His-Pro-Ile-OH	0	0.0	False	1.0	0	0.0	False	1.0	1.0	1.0
229	8	5	4	Amino acids and Peptides	2-[[2-[(2-Amino-4-methylpentanoyl)amino]-4-carboxybutanoyl]amino]pentanedioic acid; H-DL-Glu-DL-xiIle-DL-Val-OH; 2-[[2-[(2,5-Diamino-5-oxopentanoyl)amino]-3-methylpentanoyl]amino]-3-methylbutanoic acid	0	0.0	False	1.0	0	0.0	False	1.0	1.0	1.0
342	5	5	5	Amino acids and Peptides	Leupeptin Acid; H-DL-xiThr-DL-Pro-DL-Leu-DL-Asn-OH; H-Ala-Lys-Ala-Ile-Ala-al	0	0.0	False	1.0	0	0.0	False	1.0	1.0	1.0
361	5	5	5	Fatty acids	[(2R)-3-[2-aminoethoxy(hydroxy)phosphoryl]oxy-2-nonanoyloxypropyl] (E)-heptadec-9-enoate; (1r,2s,5s)-N-[(2s,3r)-4-Amino-1-Cyclobutyl-3-Hydroxy-4-Oxobutan-2-Yl]-6,6-Dimethyl-3-{3-Methyl-N-[(1-Methylcyclohexyl)carbamoyl]-L-Valyl}-3-Azabicyclo[3.1.0]hexane-2-Carboxamide; Spirolide H	3	0.6	False	0.0007902952902212919	0	0.0	False	1.0	0.04314154298658763	1.0
203	6	5	2	Amino acids and Peptides	H-DL-Leu-DL-Pro-DL-xiIle-DL-Pro-OH; Ile-Pro-Pro-Leu-Thr	1	0.2	False	0.20113245621734957	2	0.4	False	0.04710404679870834	1.0	1.0
385	5	5	1	Amino acids and Peptides	Antibiotic T 23Viii	0	0.0	False	1.0	0	0.0	False	1.0	1.0	1.0
360	6	5	5	Amino acids and Peptides	2-[[2-amino-3-[[(E)-4-methoxy-4-oxobut-2-enoyl]amino]propanoyl]amino]-4-methylpentanoic acid; 2-[[2-amino-3-[[(E)-4-methoxy-4-oxobut-2-enoyl]amino]propanoyl]amino]-4-methylpentanoic acid; 2-[[2-[(2-Azaniumyl-4-oxopentanoyl)amino]-4-oxopentanoyl]amino]-4-oxopentanoate	1	0.2	False	0.20113245621734957	1	0.2	False	0.31923749530717865	1.0	1.0
348	5	4	3	Carbohydrates	Methylthioadenosine; [(1R)-5-amino-1-[[(2S)-3-methyl-2-[[(2S)-2-[(2-methylpropan-2-yl)oxycarbonylamino]propanoyl]amino]butanoyl]amino]pentyl]-diethoxy-hydroxyboranuide; 2-[2-(2-amino-3-methylbutanamido)propanamido]propanoic acid	0	0.0	False	1.0	0	0.0	False	1.0	1.0	1.0
224	11	4	3	Amino acids and Peptides	US9434690, H-Pro-Phe-Arg-AMC; H-Val-Pro-Pro-Leu-Glu-OH; H-Val-Pro-Pro-Leu-Glu-OH	0	0.0	False	1.0	0	0.0	False	1.0	1.0	1.0
339	4	4	4	Fatty acids	[5-[2-[2-[2-(3-Methoxyphenyl)ethyl]phenoxy]ethyl]-1-methylpyrrolidin-3-yl] dodecanoate; (10E,15Z)-9,12,13-Trihydroxyoctadeca-10,15-dienoylcarnitine; N-methyl-3-[2-(methylaminomethyl)-4,5,6-tris[3-(methylamino)propoxy]oxan-3-yl]oxypropan-1-amine	4	1.0	True	3.7009962988466752e-06	0	0.0	False	1.0	0.0004891470929165999	1.0
366	6	4	4	Amino acids and Peptides	3,4,6,8-Tetramethyl-1,4-dihydro-8H-1,2,4a,6,8,9-hexaaza-fluorene-5,7-dione; 3-amino-3-{[1-carboxy-2-(1H-indol-3-yl)ethyl]carbamoyl}propanoic acid; N-[(3-{[2-(dimethylamino)ethyl](methyl)amino}-4-hydroxy-5-(hydroxymethyl)oxolan-2-yl)methyl]-2-methoxyacetamide	0	0.0	False	1.0	1	0.25	False	0.26481080560548453	1.0	1.0
371	7	4	4	Amino acids and Peptides	H-Leu-Val-His-Ser-Ser-Asn-OH; H-Leu-Val-His-Ser-Ser-Asn-OH; (2S)-2-[[(2S)-1-[[(4R,5S,8S,9E)-4-hydroxy-2,7-dioxo-5-propan-2-yl-1,6-diazacyclododec-9-en-8-yl]amino]-3-methyl-1-oxobutan-2-yl]carbamoylamino]-3-methylbutanoic acid	0	0.0	False	1.0	0	0.0	False	1.0	1.0	1.0
214	6	4	2	Amino acids and Peptides	H-Pro-Pro-Ala-Leu-Pro-Ser-Ser-Ala-Pro-Ser-NH2; H-Tyr-Leu-Glu-Pro-Ala-Pro-Val-Thr-Ala-OH	0	0.0	False	1.0	0	0.0	False	1.0	1.0	1.0
363	6	4	4	Amino acids and Peptides	2-[[1-(2-Aminoacetyl)pyrrolidine-2-carbonyl]amino]-4-methylsulfanylbutanoic acid; Gamexpeptide A; 3-amino-N-[6-(3-aminobut-2-enoylamino)hexyl]but-2-enamide	1	0.25	False	0.16443291586407022	0	0.0	False	1.0	1.0	1.0
250	7	4	4	Amino acids and Peptides	Tyrosyl-prolyl-glycyl-glycine; (Ac)2-L-Lys-D-Ala-D-Ala; H-DL-Ala-DL-Leu-DL-xiThr-DL-Pro-OH	0	0.0	False	1.0	0	0.0	False	1.0	1.0	1.0
633	5	4	0			0	0.0	False	1.0	0	0.0	False	1.0	1.0	1.0
232	9	4	3	Amino acids and Peptides	2-[2-({1-[(tert-butoxy)carbonyl]-4-phenylpiperidin-4-yl}formamido)-3-methylbutanamido]-3-methylpentanoic acid; H-Val-Pro-Pro-Leu-Asp-OH; Tyrosyl-isoleucyl-phenylalanyl-valine	0	0.0	False	1.0	0	0.0	False	1.0	1.0	1.0
326	6	4	4	Amino acids and Peptides	H-Ala-Val-Thr-Ser-Thr-Ala-OH; H-Ala-Val-Thr-Ser-Thr-Ala-OH; H-Ala-Val-Thr-Ser-Thr-Ala-OH	0	0.0	False	1.0	0	0.0	False	1.0	1.0	1.0
279	9	4	0			0	0.0	False	1.0	0	0.0	False	1.0	1.0	1.0
273	6	4	3	Amino acids and Peptides	4-[(2-Amino-3-methylbutanoyl)amino]-5-[(1-carboxy-2-methylpropyl)amino]-5-oxopentanoic acid; 2-[[2-[(2-Amino-4-methylpentanoyl)amino]-4-methylpentanoyl]amino]-3-hydroxybutanoic acid; 2-[[4-Amino-2-[(2-amino-3-methylpentanoyl)amino]-4-oxobutanoyl]amino]-3-methylbutanoic acid	0	0.0	False	1.0	0	0.0	False	1.0	1.0	1.0
330	4	4	4	Amino acids and Peptides	L-Leucine, N-[(phenylmethoxy)carbonyl]-L-leucyl-L-leucyl-; (2S)-2-[[(2S)-1-[[(4R,5S,8S)-4-hydroxy-2,7-dioxo-5-propan-2-yl-1,6-diazacyclododec-8-yl]amino]-3-methyl-1-oxobutan-2-yl]carbamoylamino]-3-methylbutanoic acid; (2S)-2-[[(2S)-1-[[(4R,5S,8S)-4-hydroxy-2,7-dioxo-5-propan-2-yl-1,6-diazacyclododec-8-yl]amino]-3-methyl-1-oxobutan-2-yl]carbamoylamino]-3-methylbutanoic acid	0	0.0	False	1.0	0	0.0	False	1.0	1.0	1.0
62	4	4	3	Amino acids and Peptides	Destruxin B; H-Pro-Gly-Ala-Pro-Pro-Gly-al; Jm47	0	0.0	False	1.0	0	0.0	False	1.0	1.0	1.0
290	4	4	4	Fatty acids	6-(3-aminopropyl)-13-(6-ethylnonyl)-3-(propan-2-yl)-1,4,7,10-tetraazacyclotrideca-1,4,7,10-tetraene-2,5,8,11-tetrol; (2S,4S,5S)-2-[[(E,3R)-2-amino-3-hydroxyoctadec-4-enoxy]methyl]-6-(hydroxymethyl)oxane-3,4,5-triol; 3,6,9,12,15,18-Hexaoxahentriacontan-1-oic acid	0	0.0	False	1.0	0	0.0	False	1.0	1.0	1.0
119	4	4	4	Amino acids and Peptides	H-Ser-Met-Pro-Glu-Leu-Ser-Pro-Val-Leu-al; H-Ser-Met-Pro-Glu-Leu-Ser-Pro-Val-Leu-al; H-Ser-Met-Pro-Glu-Leu-Ser-Pro-Val-Leu-al	0	0.0	False	1.0	3	0.75	False	0.0015301002040171547	1.0	0.06546643015759111
105	6	4	4	Amino acids and Peptides	N-[2-[[(2S)-2-amino-3-(1H-indol-3-yl)propanoyl]amino]ethyl]cyclopropanecarboxamide; 8'-methyl-1-(oxetan-3-yl)-hexahydro-1'H-spiro[azetidine-3,6'-pyrazino[2,1-c][1,4]oxazine]; N~2~-Sulfamoyl-L-Arginine	0	0.0	False	1.0	0	0.0	False	1.0	1.0	1.0
74	19	4	2	Amino acids and Peptides	H-Glu-Leu-Ala-Gly-Leu-Gly-Ile-Asn-Thr-Val-OH; [2,4-Dibromo-6-[[[2-[(2-bromobenzoyl)amino]acetyl]hydrazinylidene]methyl]phenyl] 3,4,5-trimethoxybenzoate	1	0.25	False	0.16443291586407022	1	0.25	False	0.26481080560548453	1.0	1.0
132	5	4	3	Amino acids and Peptides	H-Val-Pro-Ile-Gln-Cys-Thr-Asp-al; H-Ser-Phe-Asn-Phe-Pro-Ile-Val-NH2; N-[2-(3,5-dibromo-4-hydroxyphenyl)ethyl]-3-(3,5-dibromo-4-methoxyphenyl)-2-{2-[4-(3-acetamidopropoxy)phenyl]acetamido}propanamide	0	0.0	False	1.0	0	0.0	False	1.0	1.0	1.0
114	4	4	3	Amino acids and Peptides		0	0.0	False	1.0	0	0.0	False	1.0	1.0	1.0
471	7	4	0			3	0.75	False	0.0003268323123290786	3	0.75	False	0.0015301002040171547	0.027967507869302584	0.06546643015759111
595	5	4	4	Fatty acids	(2S)-5-(carbamoylamino)-2-(dodecanoylamino)pentanoic acid; (2S)-5-(carbamoylamino)-2-(tetradecanoylamino)pentanoic acid; 2-[[2-[(2-Amino-3-methylbutanoyl)amino]-3-methylpentanoyl]amino]-3-methylbutanoic acid	0	0.0	False	1.0	0	0.0	False	1.0	1.0	1.0
86	5	4	3	Amino acids and Peptides	18''''-(cyclopentyloxy)-9''''-({1,7-dihydroxy-6,7-dihydro-5H-benzo[7]annulen-7-yl}methyl)-19'''',21'''',36''''-trihydroxy-12''''-(2-hydroxyethyl)tetraspiro[tetrakis(cyclopentane)-1,1':2',1'':3'',1''':3''',37''''-[5,33,44,46]tetraazadecacyclo[33.11.2.2³¹,³⁴.1¹⁶,²⁰.1²²,³⁹.1²³,³⁸.0²,¹⁰.0⁴,⁸.0²⁴,²⁹.0⁴¹,⁴⁵]tripentacontane]-2'''',4''''(8''''),6'''',16''''(53''''),17'''',19'''',22''''(49''''),23''''(50''''),24'''',26'''',28'''',38'''',41''''(45''''),42''''-tetradecaen-47''''-yne-11'''',13''''-dione; 18''''-(cyclopentyloxy)-9''''-({1,7-dihydroxy-6,7-dihydro-5H-benzo[7]annulen-7-yl}methyl)-19'''',21'''',36''''-trihydroxy-12''''-(2-hydroxyethyl)tetraspiro[tetrakis(cyclopentane)-1,1':2',1'':3'',1''':3''',37''''-[5,33,44,46]tetraazadecacyclo[33.11.2.2³¹,³⁴.1¹⁶,²⁰.1²²,³⁹.1²³,³⁸.0²,¹⁰.0⁴,⁸.0²⁴,²⁹.0⁴¹,⁴⁵]tripentacontane]-2'''',4''''(8''''),6'''',16''''(53''''),17'''',19'''',22''''(49''''),23''''(50''''),24'''',26'''',28'''',38'''',41''''(45''''),42''''-tetradecaen-47''''-yne-11'''',13''''-dione; 18''''-(cyclopentyloxy)-9''''-({1,7-dihydroxy-6,7-dihydro-5H-benzo[7]annulen-7-yl}methyl)-19'''',21'''',36''''-trihydroxy-12''''-(2-hydroxyethyl)tetraspiro[tetrakis(cyclopentane)-1,1':2',1'':3'',1''':3''',37''''-[5,33,44,46]tetraazadecacyclo[33.11.2.2³¹,³⁴.1¹⁶,²⁰.1²²,³⁹.1²³,³⁸.0²,¹⁰.0⁴,⁸.0²⁴,²⁹.0⁴¹,⁴⁵]tripentacontane]-2'''',4''''(8''''),6'''',16''''(53''''),17'''',19'''',22''''(49''''),23''''(50''''),24'''',26'''',28'''',38'''',41''''(45''''),42''''-tetradecaen-47''''-yne-11'''',13''''-dione	1	0.25	False	0.16443291586407022	0	0.0	False	1.0	1.0	1.0
649	5	4	2	Amino acids and Peptides	H-Val-Thr-Val-Ala-Pro-Val-OH; H-Val-Thr-Val-Ala-Pro-Val-OH	0	0.0	False	1.0	0	0.0	False	1.0	1.0	1.0
643	4	4	4	Fatty acids	[(2S)-1-hydroxy-3-tridecanoyloxypropan-2-yl] 14-methylpentadecanoate; [(2S)-1-hydroxy-3-tridecanoyloxypropan-2-yl] 14-methylpentadecanoate; [(2S)-1-hydroxy-3-tridecanoyloxypropan-2-yl] 14-methylpentadecanoate	0	0.0	False	1.0	0	0.0	False	1.0	1.0	1.0
78	6	4	4	Amino acids and Peptides	L-Valyl-L-alanyl-L-prolyl-L-phenylalanyl-L-prolyl-L-glutamic acid; L-Valyl-L-alanyl-L-prolyl-L-phenylalanyl-L-prolyl-L-glutamic acid; Tripropeptin C	0	0.0	False	1.0	0	0.0	False	1.0	1.0	1.0
79	6	4	4	Amino acids and Peptides	3-[3-(4-benzylpiperidin-1-yl)propyl]-6-N-(3-chloro-4-methylphenyl)-2-N-cyclohexyl-4-oxo-10-oxa-3-azatricyclo[5.2.1.01,5]dec-8-ene-2,6-dicarboxamide; H-Gly(tBu)-Pro-Asp(OBn)-Leu-OBn; (2S)-N-[(1S,2R)-1-[[(1S)-1-carbamoyl-2-methyl-propyl]carbamoyl]-2-methyl-butyl]-1-[(2S,3S)-2-hydroxy-4-phenyl-3-(3-phenylpropanoylamino)butanoyl]pyrrolidine-2-carboxamide	0	0.0	False	1.0	0	0.0	False	1.0	1.0	1.0
498	5	4	4	Amino acids and Peptides	H-DL-Arg-DL-Ser-DL-xiThr-OH; H-D-gGlu-Cys(Bu)-Gly-OH; [(3aS,4R,10S,10aS)-2,6-diamino-10-hydroxy-1,2,3,3a,4,8,9,10-octahydropyrrolo[1,2-c]purin-4-yl]methyl carbamate	0	0.0	False	1.0	1	0.25	False	0.26481080560548453	1.0	1.0
607	4	4	3	Amino acids and Peptides	4-amino-N-[(2S)-1-[[(2S)-1-[[(2S,3S)-5-[[(2S,3S)-1-[(4-amino-2-methylpyrimidin-5-yl)methylamino]-3-methyl-1-oxopentan-2-yl]amino]-1-cyclohexyl-3-hydroxy-5-oxopentan-2-yl]amino]-3-(1H-imidazol-5-yl)-1-oxopropan-2-yl]amino]-1-oxo-3-phenylpropan-2-yl]piperidine-1-carboxamide; 2,3-Bis[3,3-bis(tert-butylperoxy)butanoyloxy]propyl 3,3-bis(tert-butylperoxy)butanoate; Bis(2-(methacryloyloxy)ethyl) 5,7,7,24,24,26-hexamethyl-10,21-dioxo-11,14,17,20-tetraoxa-2,9,22,29-tetraazatriacontanedioate	0	0.0	False	1.0	0	0.0	False	1.0	1.0	1.0
94	7	4	4	Fatty acids	Ecdysterone; N,N-Bis(2-hydroxyethyl)tetradecanamide; N-(1,3-dihydroxyoctadecan-2-yl)dodecanamide	0	0.0	False	1.0	0	0.0	False	1.0	1.0	1.0
92	6	4	4	Carbohydrates	2-({9-[3,4-dihydroxy-5-(hydroxymethyl)oxolan-2-yl]-9H-purin-6-yl}amino)butanedioic acid; Riboprine; 2-[6-(dimethylamino)-9H-purin-9-yl]-5-(hydroxymethyl)oxolane-3,4-diol	0	0.0	False	1.0	0	0.0	False	1.0	1.0	1.0
240	4	4	4	Amino acids and Peptides	(2S)-1-[(2S)-2-[[2-(carboxymethyl)-1,3-dihydroindene-2-carbonyl]amino]-3-phenylpropanoyl]pyrrolidine-2-carboxylic acid; H-DL-Ala-DL-Val-DL-Asp-DL-Pro-OH; S-(Acetonyl)glutathione	0	0.0	False	1.0	1	0.25	False	0.26481080560548453	1.0	1.0
532	6	4	3	Amino acids and Peptides	Adddea; (2S,3S,4R)-8-(dimethylamino)-3-hydroxy-4-methyl-N-[(2S)-1-(methylamino)-1-oxobutan-2-yl]-2-[methyl-[(2S)-3-methyl-2-[methyl-[(2S)-4-methyl-2-[methyl(4-methylpentanoyl)amino]pentanoyl]amino]butanoyl]amino]octanamide	0	0.0	False	1.0	0	0.0	False	1.0	1.0	1.0
574	4	4	4	Amino acids and Peptides	(2S)-2-[[(2S)-2-acetamido-4-methylpentanoyl]amino]-3-phenylpropanoic acid; 6-amino-2-{[1-(2-amino-3-methylbutanoyl)pyrrolidin-2-yl]formamido}hexanoic acid; 2-[[2-(2,6-Diaminohexanoylamino)-3-hydroxypropanoyl]amino]-3-hydroxypropanoic acid	0	0.0	False	1.0	1	0.25	False	0.26481080560548453	1.0	1.0
376	4	4	4	Amino acids and Peptides	H-Ala-Thr-Thr-Thr-Thr-Thr-Thr-OH; Z-Ile-Glu-Pro-Phe-CO2Me; H-Gly-Pro-Hyp-Gly-Pro-Hyp-al	0	0.0	False	1.0	0	0.0	False	1.0	1.0	1.0
482	8	3	3	Fatty acids	2-[2-[2-(2-Undecoxyethoxy)ethoxy]ethoxy]ethanamine; 2-hydroxy-N-(1,3,4-trihydroxyicosan-2-yl)icosanamide; 32-Hydroxy-3,6,9,12,15,18,21,24,27,30-decaoxadotriacontyl decanoate	0	0.0	False	1.0	0	0.0	False	1.0	1.0	1.0
640	3	3	3	Amino acids and Peptides	Gentamicin C1A; SARS-CoV-2 3CLpro Inhibitors 2a; (2S,3S)-2-[[(2S)-1-[(2S)-2-[[(2S)-2-amino-3-hydroxypropanoyl]amino]-3-methylbutanoyl]pyrrolidine-2-carbonyl]amino]-3-methylpentanoic acid	0	0.0	False	1.0	0	0.0	False	1.0	1.0	1.0
655	3	3	3	Amino acids and Peptides	H-Asp-Lys-Ile-Ile-Asp-OH; H-Asp-Lys-Ile-Ile-Asp-OH; H-Asp-Lys-Ile-Ile-Asp-OH	0	0.0	False	1.0	0	0.0	False	1.0	1.0	1.0
7	5	3	3	Amino acids and Peptides	Destruxin B; 13(2)-Hydroxy-(13(2)-R)-phaeophytin b; (3R,4R)-1-[4-[(3S,4S)-3,4-bis[[(1R,2S)-2-phenylcyclopropyl]carbamoyl]pyrrolidine-1-carbonyl]benzoyl]-3-N,4-N-bis[(1R,2S)-2-phenylcyclopropyl]pyrrolidine-3,4-dicarboxamide	0	0.0	False	1.0	0	0.0	False	1.0	1.0	1.0
646	4	3	2	Terpenoids	N''-(2-{28'-amino-4-[8-(ethylamino)-8-hydroxy-11-methyl-7-methylidene-1-oxacyclopentadeca-3,5,10-trien-13-yn-3-yl]-5,8',13',22'-tetrahydroxy-4',8'-dimethyl-3',26'-dioxo-24',27'-diazaspiro[cyclopentane-1,9'-pentacyclo[23.7.1.1¹⁵,¹⁹.0⁵,¹⁰.0²⁹,³³]tetratriacontane]-1'(33'),4',15',17',19'(34'),29',31'-heptaen-21'-yl}-2-(4-hydroxyphenyl)ethyl)guanidine; 4-[[4-[C-hydroxy-N-[5-hydroxy-6-[(2-hydroxy-5-methylsulfonylphenyl)diazenyl]-7-sulfonaphthalen-2-yl]carbonimidoyl]phenyl]diazenyl]-N-[5-hydroxy-6-[(2-hydroxy-5-methylsulfonylphenyl)diazenyl]-7-sulfonaphthalen-2-yl]benzenecarboximidic acid	1	0.3333	False	0.12604892959471786	3	1.0	True	0.0004049754215568951	1.0	0.02205275250114365
19	6	3	2	Amino acids and Peptides	H-Val-Pro-Ile-Gln-Cys-Thr-al; H-Val-Pro-Ile-Gln-Cys-Thr-al	0	0.0	False	1.0	0	0.0	False	1.0	1.0	1.0
1	3	3	3	Fatty acids	(2R)-2-[[(3R)-3-decanoyloxytetradecanoyl]amino]-3-hydroxypropanoic acid; 3,6-dihydroxy-2-(2-hydroxydodecanamido)undec-4-en-1-yl acetate; 3,6-dihydroxy-2-(2-hydroxydodecanamido)undec-4-en-1-yl acetate	0	0.0	False	1.0	0	0.0	False	1.0	1.0	1.0
82	3	3	1	Amino acids and Peptides	H-Abu-Ala-Asp-Thr-Thr-Thr-Pro-al	0	0.0	False	1.0	0	0.0	False	1.0	1.0	1.0
83	5	3	3	Amino acids and Peptides	Ahpatinin Pr; [(5S)-6-[[(2S,3R)-1-[[(1S)-3-amino-1-carboxy-3-oxopropyl]amino]-3-hydroxy-1-oxobutan-2-yl]amino]-5-[[(2S)-6-azaniumyl-2-[[(2S)-2-[[(2S,3R)-2-azaniumyl-3-hydroxybutanoyl]amino]-3-phenylpropanoyl]amino]hexanoyl]amino]-6-oxohexyl]azanium; (2S)-1-[(2S)-2-[[(2S)-2-[[(2S)-2-[[(2S)-2-[[(2S)-2,6-diaminohexanoyl]amino]-4-methyl-pentanoyl]amino]-3-phenyl-propanoyl]amino]-3-methyl-butanoyl]amino]-3-phenyl-propanoyl]pyrrolidine-2-carboxylic acid	0	0.0	False	1.0	0	0.0	False	1.0	1.0	1.0
420	3	3	1	Amino acids and Peptides	H-Lys-Pro-Ser-Leu-Leu-OH	0	0.0	False	1.0	0	0.0	False	1.0	1.0	1.0
425	5	3	0			0	0.0	False	1.0	0	0.0	False	1.0	1.0	1.0
437	5	3	2	Amino acids and Peptides	2-[[2-[(2-Amino-3-methylpentanoyl)amino]-3-hydroxypropanoyl]amino]-3-methylbutanoic acid; 4-Amino-5-[[1-(1-carboxyethylamino)-3-methyl-1-oxobutan-2-yl]amino]-5-oxopentanoic acid	2	0.6667	False	0.005611901549494789	0	0.0	False	1.0	0.17413971331391281	1.0
594	4	3	3	Polyketides	Diisobutyl Phthalate; 2-(((2-Ethylhexyl)Oxy)Carbonyl) Benzoic Acid; 1,3,5-Tris[3-(2-methoxyethoxy)propyl]-hexahydro-s-triazine	0	0.0	False	1.0	0	0.0	False	1.0	1.0	1.0
591	3	3	3	Amino acids and Peptides	3-(2,5-dioxo-2,3,4,5-tetrahydro-1H-1,4-benzodiazepin-3-yl)-N-[2-(3-hydroxy-2-oxo-1,2-dihydroquinoxalin-1-yl)ethyl]propanamide; H-DL-Cys-DL-Trp-DL-Gln-OH; deamino-Nva(3R-OH)-Asn-Gln-Leu-OH	0	0.0	False	1.0	0	0.0	False	1.0	1.0	1.0
529	4	3	3	Amino acids and Peptides	12-benzyl-3,15-bis(1-hydroxyethyl)-6-[(4-hydroxyphenyl)methyl]-9-(2-methylpropyl)-1,4,7,10,13,16-hexaazacyclooctadecane-2,5,8,11,14,17-hexone; H-Leu-Cys-Thr-Pro-Ser-Arg-NH2; H-Leu-Cys-Thr-Pro-Ser-Arg-NH2	0	0.0	False	1.0	1	0.3333	False	0.20603511281675066	1.0	1.0
522	3	3	3	Amino acids and Peptides	H-DL-Glu-DL-Leu-DL-Gln-OH; 2-Glutathionyl-2-methylbut-3-enal; H-DL-Glu-DL-Leu-DL-Gln-OH	0	0.0	False	1.0	0	0.0	False	1.0	1.0	1.0
157	4	3	3	Amino acids and Peptides	H-Arg-Gln-Pro-Ala-Lys-Ala-Pro-Leu-Leu-OH; 2-[ethyl(1,1,2,2,3,3,4,4,4-nonafluorobutylsulfonyl)amino]ethyl N-[4-[[4-[2-[ethyl(1,1,2,2,3,3,4,4,4-nonafluorobutylsulfonyl)amino]ethoxycarbonylamino]phenyl]methyl]phenyl]carbamate; 2-[ethyl(1,1,2,2,3,3,4,4,4-nonafluorobutylsulfonyl)amino]ethyl N-[4-[[4-[2-[ethyl(1,1,2,2,3,3,4,4,4-nonafluorobutylsulfonyl)amino]ethoxycarbonylamino]phenyl]methyl]phenyl]carbamate	0	0.0	False	1.0	2	0.6667	False	0.015619067327282877	1.0	0.4677910664521222
513	5	3	3	Amino acids and Peptides	3-(butan-2-yl)-1,7,10-trihydroxy-5,9,21-trimethyl-16-(2-methylpropyl)-6-(propan-2-yl)-3H,4H,5H,6H,9H,12H,13H,14H,16H,17H,19H,20H,21H,21aH-pyrrolo[1,2-d]1-oxa-4,7,10,13,16-pentaazacyclononadecane-4,14,17-trione; Trichodestruxin C	0	0.0	False	1.0	0	0.0	False	1.0	1.0	1.0
520	3	3	3	Amino acids and Peptides	Sanguinamide A; Yggwl-NH2; Cyclo[Leu-Val-Phe-Phe-Ala-]	0	0.0	False	1.0	1	0.3333	False	0.20603511281675066	1.0	1.0
44	4	3	2	Amino acids and Peptides	1-[2-(2-amino-4-methylpentanamido)acetyl]pyrrolidine-2-carboxylic acid; (2S)-2-amino-6-borono-2-(2-piperidin-1-ylethyl)hexanoic acid	0	0.0	False	1.0	0	0.0	False	1.0	1.0	1.0
469	15	3	3	Amino acids and Peptides	Scyptolin A; Pseudoalterobactin A; 1',6'-[[4-(3-Phenylureido)-1,2-phenylene]bismethylene]-3,4-[[3-(3-phenylureido)-6-methoxy-1,2-phenylene]bismethylene]-1,3'-methylene-4',6-methylenebis(2,5-dioxooctahydroimidazo[4,5-d]imidazole-3aalpha,6aalpha-dicarboxylic acid diethyl) ester	0	0.0	False	1.0	0	0.0	False	1.0	1.0	1.0
468	3	3	3	Amino acids and Peptides	12-benzyl-3,15-bis(1-hydroxyethyl)-6-[(4-hydroxyphenyl)methyl]-9-(2-methylpropyl)-1,4,7,10,13,16-hexaazacyclooctadecane-2,5,8,11,14,17-hexone; Desferrioxamine X4	0	0.0	False	1.0	3	1.0	True	0.0004049754215568951	1.0	0.02205275250114365
443	5	3	1	Amino acids and Peptides	Circulin	0	0.0	False	1.0	0	0.0	False	1.0	1.0	1.0
467	5	3	3	Amino acids and Peptides	(2S,9S,12S,15R,18S,21S)-9-(tert-Butyloxycarbonylamino)-10,13,16,19,22-pentaoxo-14,15:17,18-dipropano-12,21-hexano-1,11,14,17,20-pentaazacyclodocosane-2-carboxylic acid methyl ester; 2-Methyl-L-Alanyl-N-[(3r,4s,5s)-1-{(2s)-2-[(1r,2r)-3-{[(1s)-1-Carboxy-2-Phenylethyl]amino}-1-Methoxy-2-Methyl-3-Oxopropyl]pyrrolidin-1-Yl}-3-Methoxy-5-Methyl-1-Oxoheptan-4-Yl]-N-Methyl-L-Valinamide; (2S,9S,12S,15R,18S,21S)-9-(tert-Butyloxycarbonylamino)-10,13,16,19,22-pentaoxo-14,15:17,18-dipropano-12,21-hexano-1,11,14,17,20-pentaazacyclodocosane-2-carboxylic acid methyl ester	0	0.0	False	1.0	0	0.0	False	1.0	1.0	1.0
131	3	3	2	Amino acids and Peptides	H-Ala-Val-Thr-Ser-Thr-Thr-OH; (2R)-1-[(2S)-2-[[(2R)-5-amino-2-[[(2S)-2-amino-3-(4-hydroxyphenyl)propanoyl]amino]pentanoyl]amino]-3-phenylpropanoyl]-N-(2-oxoethylidene)pyrrolidine-2-carboxamide	0	0.0	False	1.0	0	0.0	False	1.0	1.0	1.0
133	3	3	3	Amino acids and Peptides	Mullinamide B; 1-[2-[(2-Amino-4-methylsulfanylbutanoyl)amino]-3-carboxypropanoyl]pyrrolidine-2-carboxylic acid; 1-[2-[(2-Amino-3-hydroxybutanoyl)amino]-4-methylsulfanylbutanoyl]pyrrolidine-2-carboxylic acid	1	0.3333	False	0.12604892959471786	1	0.3333	False	0.20603511281675066	1.0	1.0
135	3	3	1	Amino acids and Peptides	(2S)-1-[(2S)-1-[(2S)-4-methyl-2-[[(2S)-1-[(2S)-1-[(2S)-pyrrolidin-1-ium-2-carbonyl]pyrrolidine-2-carbonyl]pyrrolidine-2-carbonyl]amino]pentanoyl]pyrrolidine-2-carbonyl]pyrrolidine-2-carboxylic acid	0	0.0	False	1.0	0	0.0	False	1.0	1.0	1.0
113	3	3	3	Amino acids and Peptides	2-[[2-(2-Aminopropanoylamino)acetyl]amino]-3-methylbutanoic acid; 2-[[2-[(2-Amino-3-methylbutanoyl)amino]acetyl]amino]-4-methylpentanoic acid	0	0.0	False	1.0	0	0.0	False	1.0	1.0	1.0
458	6	3	3	Amino acids and Peptides	2-[[1-[3-Phenyl-2-(pyrrolidine-2-carbonylamino)propanoyl]pyrrolidine-2-carbonyl]amino]acetic acid; Mullinamide A; cHexCO-Val-Leu-Ala(Unk)-al	1	0.3333	False	0.12604892959471786	0	0.0	False	1.0	1.0	1.0
43	3	3	1	Amino acids and Peptides	(2S,4R)-4-[(2,5-dibromophenyl)sulfonylamino]-2-methylpyrrolidine-1-carbothioamide	0	0.0	False	1.0	0	0.0	False	1.0	1.0	1.0
24	4	3	3	Amino acids and Peptides	Val-pro-val-leu; Pseudodestruxin B; H-DL-Pro-DL-Val-DL-Leu-DL-Val-OH	1	0.3333	False	0.12604892959471786	1	0.3333	False	0.20603511281675066	1.0	1.0
491	6	3	3	Amino acids and Peptides	N-[(2R,3R,4R,5S,6R)-5-{[(2S,3R,4S,5R,6R)-3,5-dihydroxy-6-(hydroxymethyl)-4-[(phenylcarbamothioyl)amino]oxan-2-yl]oxy}-4-hydroxy-6-(hydroxymethyl)-2-methoxyoxan-3-yl]acetamide; N-[[(5S)-3-[3-fluoro-4-[6-[(4-methyltriazol-1-yl)methyl]pyridin-3-yl]phenyl]-2-oxo-1,3-oxazolidin-5-yl]methyl]acetamide; 1-(3-Methylsulfanylphenyl)-3-[2-[(3-methylsulfanylphenyl)carbamoylamino]ethenyl]urea	0	0.0	False	1.0	0	0.0	False	1.0	1.0	1.0
454	6	3	3	Amino acids and Peptides	N-{7-heptyl-4,9-dimethyl-8-[(3-methylbutanoyl)oxy]-2,6-dioxo-1,5-dioxonan-3-yl}-2-hydroxy-3-[(hydroxymethylidene)amino]benzene-1-carboximidic acid; N-{7-heptyl-4,9-dimethyl-8-[(3-methylbutanoyl)oxy]-2,6-dioxo-1,5-dioxonan-3-yl}-2-hydroxy-3-[(hydroxymethylidene)amino]benzene-1-carboximidic acid; 3-[(2Z,5Z)-5-[[2,4-bis(ethenyl)-3-methyl-2H-pyrrol-1-ium-5-yl]methylidene]-2-[[3-(2-carboxylatoethyl)-5-[(Z)-(4-ethenyl-3-methylpyrrol-1-ium-2-ylidene)methyl]-4-methyl-1H-pyrrol-2-yl]methylidene]-4-methylpyrrol-3-yl]propanoate	1	0.3333	False	0.12604892959471786	0	0.0	False	1.0	1.0	1.0
609	3	3	3	Amino acids and Peptides	cotteslosin c; H-DL-Phe-DL-Leu-DL-Glu-DL-Glu-DL-Val-OH; H-Gly-Ala-Pro-Glu-Thr-Gly-Glu-al	0	0.0	False	1.0	0	0.0	False	1.0	1.0	1.0
604	3	3	3	Amino acids and Peptides	H-Pro-Ala-Pro-Lys-Pro-Ala-Pro-Lys-OH; H-Pro-Ala-Pro-Lys-Pro-Ala-Pro-Lys-OH; H-Pro-Ala-Pro-Lys-Pro-Ala-Pro-Lys-OH	0	0.0	False	1.0	0	0.0	False	1.0	1.0	1.0
455	8	3	3	Amino acids and Peptides	H-Abu-Abu-Abu-Abu-Ala-Abu-Abu-Abu-al; Pseudodestruxin A; 8-[benzyl(methyl)amino]-7-[2-hydroxy-3-(2,4,6-tribromophenoxy)propyl]-3-methyl-3,7-dihydro-1H-purine-2,6-dione	0	0.0	False	1.0	1	0.3333	False	0.20603511281675066	1.0	1.0
503	7	3	3	Alkaloids	4-[[[[[1-(dimethylcarbamoyl)cyclopentyl]methylamino]-(ethylamino)methylidene]amino]methyl]-N,N-diethylbenzamide; (9E)-10-Nitrooctadec-9-enoylcarnitine; O-hexadecanedioyl-L-carnitine(1-)	0	0.0	False	1.0	0	0.0	False	1.0	1.0	1.0
501	4	3	0			0	0.0	False	1.0	0	0.0	False	1.0	1.0	1.0
500	4	3	2	Amino acids and Peptides	2-[(3-ethyl-5,6-dimethyl-4-oxo-3,4-dihydrothieno[2,3-d]pyrimidin-2-yl)sulfanyl]-N-(2,4,6-tribromophenyl)acetamide; H-Ala-Ile-Leu-Ser-Ser-Thr-OH	0	0.0	False	1.0	0	0.0	False	1.0	1.0	1.0
198	3	3	3	Amino acids and Peptides	Lysyllysyllysine; 2-[[(2S)-4-methyl-2-[[(2S)-1-phenylmethoxycarbonylpyrrolidine-2-carbonyl]amino]pentanoyl]amino]ethanimidate; H-Pro-Ala-Pro-Arg-OH	1	0.3333	False	0.12604892959471786	1	0.3333	False	0.20603511281675066	1.0	1.0
583	3	3	2	Amino acids and Peptides	Tyr-Pro-Phe-Phe-NHNH2; 2-(2-{[1-(2-{2-[2-Amino-3-(3H-imidazol-4-yl)-propionylamino]-propionylamino}-acetyl)-pyrrolidine-2-carbonyl]-amino}-3-methyl-pentanoylamino)-propionic acid	0	0.0	False	1.0	0	0.0	False	1.0	1.0	1.0
358	3	3	3	Amino acids and Peptides	[(1R)-1-[[(2S)-2-[[(2S)-2-[[(2S)-2-[[(2S)-2-amino-4-methylsulfanylbutanoyl]amino]-3-phenylpropanoyl]amino]propanoyl]amino]-4-methylpentanoyl]amino]-2-methylpropyl]-trihydroxyboranuide; L-Leucyl-L-valyl-L-lysylglycyl-L-phenylalanyl-L-tyrosine	0	0.0	False	1.0	1	0.3333	False	0.20603511281675066	1.0	1.0
365	3	3	3	Amino acids and Peptides	H-Pro-Ala-Pro-Phe-Ala-Ala-Ala-al; (-)-(R)-8-(3S,9S,14Ar)-9-Benzyl-6,6-Dimethyl-1,4,7,10-Tetraoxotetradecahydropyrrolo[1,2-A][1,4,7,10]Tetraazacyclododecin-3-Yl-3-Oxooctan-2-Yl Acetate; Ac-Trp-Val-Ile-Pro-NH2	0	0.0	False	1.0	0	0.0	False	1.0	1.0	1.0
367	3	3	2	Amino acids and Peptides	Boc-dppl; (2S)-2-[[(2S)-1-[(2S)-2-[[(2S)-1-acetylpyrrolidine-2-carbonyl]amino]propanoyl]pyrrolidine-2-carbonyl]amino]-3-(4-hydroxyphenyl)propanimidate	0	0.0	False	1.0	0	0.0	False	1.0	1.0	1.0
540	4	3	2	Amino acids and Peptides	Butirosin A; Fradiamine B	0	0.0	False	1.0	0	0.0	False	1.0	1.0	1.0
538	3	3	3	Fatty acids	Bis(2-hydroxyethyl)methyloctadecylaminium; Diethoxymethyl(octadecyl)azanium; Octadecyl propionate	0	0.0	False	1.0	0	0.0	False	1.0	1.0	1.0
531	3	3	3	Amino acids and Peptides	(S)-2,2-Dimethyl-3-[[(S)-2,2-dimethyl-3-[[(S)-2,2-dimethyl-3-[[(S)-2,2-dimethyl-3-[[(S)-2,2-dimethyl-3-[[(S)-2,2-dimethyl-3-[(tert-butyloxycarbonyl)amino]-4-methylpentanoyl]amino]butanoyl]amino]-5-methylhexanoyl]amino]-4-methylpentanoyl]amino]butanoyl]amino]-5-methylhexanoic acid methyl ester; [(3S,8S,9S,10R,13R,14S,17R)-10,13-dimethyl-17-[(2R)-6-methylheptan-2-yl]-2,3,4,7,8,9,11,12,14,15,16,17-dodecahydro-1H-cyclopenta[a]phenanthren-3-yl] N-[2-[3-[2-[2-[2-[2-[3-[2-[2-[2-[2-[(2-methoxyacetyl)amino]ethoxy]ethoxy]ethoxy]ethoxy]propanoylamino]ethoxy]ethoxy]ethoxy]ethoxy]propanoylamino]ethyl]carbamate; 2-[4,6-bis[2-(cyclohexylamino)-1-hydroxy-2-oxo-1-(3,3,5,5-tetramethylpiperazin-1-yl)ethyl]-1,3,5-triazin-2-yl]-N-cyclohexyl-2-hydroxy-2-(3,3,5,5-tetramethylpiperazin-1-yl)acetamide	0	0.0	False	1.0	0	0.0	False	1.0	1.0	1.0
337	4	3	3	Amino acids and Peptides	H-Ala-Phe-Ala-Phe-Pro-OH; L-Arginine, N2-(1-(N2-L-leucyl-L-lysyl)-L-prolyl)-; H-Ala-Phe-Ala-Phe-Pro-OH	0	0.0	False	1.0	0	0.0	False	1.0	1.0	1.0
562	4	3	3	Amino acids and Peptides	H-Ser-Gly-Lys(Ac)-Val-Nle-al; H-Ser-Gly-Lys(Ac)-Val-Nle-al; H-Ser-Gly-Lys(Ac)-Val-Nle-al	0	0.0	False	1.0	0	0.0	False	1.0	1.0	1.0
230	3	3	0			0	0.0	False	1.0	0	0.0	False	1.0	1.0	1.0
569	3	3	2	Amino acids and Peptides	H-DL-Glu-DL-Leu-DL-Val-DL-xiIle-DL-Ser-OH; Ss-Ergokryptam	0	0.0	False	1.0	0	0.0	False	1.0	1.0	1.0
568	3	3	2	Amino acids and Peptides	Desmethyldestruxin A; 5,8,9-trimethyl-16-(prop-2-en-1-yl)-3,6-bis(propan-2-yl)-icosahydropyrrolo[1,2-d]1-oxa-4,7,10,13,16-pentaazacyclononadecane-1,4,7,10,14,17-hexone	0	0.0	False	1.0	0	0.0	False	1.0	1.0	1.0
356	3	3	2	Amino acids and Peptides	2-[[(2S)-2-[[2-[[(2S)-1-[(2S)-2-amino-4-methylpentanoyl]pyrrolidine-2-carbonyl]amino]acetyl]amino]-3-methylbutanoyl]amino]acetic acid; H-Thr-Ile-Thr-Ser-OH	0	0.0	False	1.0	0	0.0	False	1.0	1.0	1.0
207	3	3	2	Amino acids and Peptides	6-{[(tert-butoxy)carbonyl](propan-2-yl)amino}-2-({[(9H-fluoren-9-yl)methoxy]carbonyl}amino)hexanoic acid; For(1)-xiIle-D-Pip-Aoda-Gly(1)-OH	0	0.0	False	1.0	0	0.0	False	1.0	1.0	1.0
578	3	3	3	Amino acids and Peptides	2-[[2-[(2-Amino-3-carboxypropanoyl)amino]-3-hydroxypropanoyl]amino]-4-methylpentanoic acid; 2-[[2-[(2-Amino-3-hydroxybutanoyl)amino]-3-hydroxybutanoyl]amino]-4-methylpentanoic acid; 2-[[2-[(2-Amino-3-hydroxybutanoyl)amino]-3-hydroxybutanoyl]amino]-4-methylpentanoic acid	0	0.0	False	1.0	0	0.0	False	1.0	1.0	1.0
202	4	3	3	Amino acids and Peptides	H-DL-Glu-DL-Pro-DL-Val-DL-Pro-OH; Boc-D-Asp(OMe)-Pro-D-Val-Leu-OBn; Ac-Gly-Gly-Val-Leu-Gln-Pro-Gly-OH	2	0.6667	False	0.005611901549494789	0	0.0	False	1.0	0.17413971331391281	1.0
211	3	3	1	Amino acids and Peptides	H-Ala-Pro-Leu-Leu-al	0	0.0	False	1.0	0	0.0	False	1.0	1.0	1.0
543	3	3	1	Amino acids and Peptides	H-Phe-Gly-Phe-Leu-D-Pro-D-Ile-Tyr-Arg-Arg-Pro-Ala-Ser-NH2	0	0.0	False	1.0	0	0.0	False	1.0	1.0	1.0
324	3	3	1	Amino acids and Peptides	deamino-Gly(allyl)-Val-Pro-D-Phe-D-Leu-Oallyl	0	0.0	False	1.0	0	0.0	False	1.0	1.0	1.0
263	7	3	3	Amino acids and Peptides	4-[[(2S,3R)-1-[(2S)-2-[[(4S,7R)-7-acetyl-2,9-dimethyl-5-oxodecan-4-yl]carbamoyl]pyrrolidin-1-yl]-3-hydroxy-1-oxobutan-2-yl]amino]-4-oxobutanoic acid; H-Ser-Met-Pro-Glu-Leu-Ser-Pro-Val-al; Tyropeptin B	0	0.0	False	1.0	0	0.0	False	1.0	1.0	1.0
280	4	3	3	Amino acids and Peptides	H-DL-Asp-DL-Leu-DL-xiThr-DL-Asp-OH; H-DL-Asp-DL-Leu-DL-xiThr-DL-Asp-OH; H-Phe-Gly-Leu-Gln	0	0.0	False	1.0	0	0.0	False	1.0	1.0	1.0
278	9	3	2	Amino acids and Peptides	Aladapcin; N-[3-(2-methylpropyl)-1,4-dioxo-octahydro-1H-pyrido[1,2-a]pyrazin-8-yl]pyrazine-2-carboxamide	0	0.0	False	1.0	0	0.0	False	1.0	1.0	1.0
277	4	3	2	Amino acids and Peptides	Glptgg; H-DL-Thr-D-Pro-Pro-Thr-NH2	0	0.0	False	1.0	0	0.0	False	1.0	1.0	1.0
267	5	3	1	Amino acids and Peptides	N,N,N',N'-tetra-n-octyl-diglycolamine	0	0.0	False	1.0	0	0.0	False	1.0	1.0	1.0
560	3	3	2	Amino acids and Peptides	Threonyllysylarginine; H-Thr-Lys-Lys(Me2)-OH	0	0.0	False	1.0	0	0.0	False	1.0	1.0	1.0
302	3	3	3	Amino acids and Peptides	Cyclotheonamide E4; H-Arg-Lys-Arg-Lys-Arg-Lys-al; Cyclotheonamide E4	1	0.3333	False	0.12604892959471786	1	0.3333	False	0.20603511281675066	1.0	1.0
269	3	3	3	Amino acids and Peptides	2-{2-[2-({1-[2-(2-aminoacetamido)propanoyl]pyrrolidin-2-yl}formamido)propanamido]-3-phenylpropanamido}-3-methylbutanamide; 2-{2-[2-({1-[2-(2-aminoacetamido)propanoyl]pyrrolidin-2-yl}formamido)propanamido]-3-phenylpropanamido}-3-methylbutanamide; Solonamide A	0	0.0	False	1.0	0	0.0	False	1.0	1.0	1.0
327	5	3	1	Amino acids and Peptides	(3S)-3-amino-N-[2-(carbamoylamino)-1-methyl-6-oxo-4,5-dihydropyrimidin-5-yl]-6-(diaminomethylideneamino)-N-methylhexanamide	0	0.0	False	1.0	0	0.0	False	1.0	1.0	1.0
323	3	3	2	Amino acids and Peptides	2-[[2-[(2-Amino-3-methylbutanoyl)amino]acetyl]amino]-3-hydroxypropanoic acid; Ile-Met(O)	0	0.0	False	1.0	0	0.0	False	1.0	1.0	1.0
60	4	3	1	Amino acids and Peptides	(3S)-3-azaniumyl-4-[[(2S,3S)-1-[(2S)-2-[[(1S)-1-carboxylato-2-phenylethyl]carbamoyl]pyrrolidin-1-yl]-3-methyl-1-oxopentan-2-yl]amino]-4-oxobutanoate	2	0.6667	False	0.005611901549494789	0	0.0	False	1.0	0.17413971331391281	1.0
611	3	3	2	Fatty acids	2-(2-Hydroxyethoxy)ethyl stearamide; N-cis-11-eicosaenoylethanolamine	0	0.0	False	1.0	0	0.0	False	1.0	1.0	1.0
26	10	3	3	Amino acids and Peptides	H-Pro-Phe-Arg-Ala-Val-Ala-Glu-Pro-OH; (2S)-2-[[(2S)-1-[(2S)-2-[[(2S)-2-[[2-[[(2S)-1-[(2S)-1-[(2S)-2-amino-5-(diaminomethylideneamino)pentanoyl]pyrrolidine-2-carbonyl]pyrrolidine-2-carbonyl]amino]acetyl]amino]-3-phenylpropanoyl]amino]-3-hydroxypropanoyl]pyrrolidine-2-carbonyl]amino]-4-methylpentanoic acid; H-DL-Asp-DL-Val-DL-Pro-DL-Pro-OH	1	0.3333	False	0.12604892959471786	1	0.3333	False	0.20603511281675066	1.0	1.0
549	7	3	3	Amino acids and Peptides	2,4,6-Trimorpholinopyrimido(5,4-d)pyrimidine; 1-(1-Benzoyloxypropoxy)propyl benzoate; [3-[[4-(4-Methylpiperazin-1-yl)sulfonylpiperazin-1-yl]methyl]-1,2,4-oxadiazol-5-yl]methanamine	0	0.0	False	1.0	0	0.0	False	1.0	1.0	1.0
308	3	3	2	Amino acids and Peptides	H-Ala-Arg-Thr-Ile-Pro-Ile-Thr-Arg-al; 3-((1-Hydroxy-6-((((4-((8-hydroxy-3,6-disulpho-1-naphthyl)azo)-2-methoxy-5-methylphenyl)amino)carbonyl)amino)-3-sulpho-2-naphthyl)azo)-p-anisic acid	0	0.0	False	1.0	0	0.0	False	1.0	1.0	1.0
304	5	3	0			1	0.3333	False	0.12604892959471786	0	0.0	False	1.0	1.0	1.0
284	6	3	1	Fatty acids	1,2-Di-[(9E)-Octadecenoyl]-Sn-Glycero-3-Phosphoethanolamine	0	0.0	False	1.0	0	0.0	False	1.0	1.0	1.0
631	2	2	2	Amino acids and Peptides	H-Val-Arg-Thr-Lys-Ala-Asp-al; Ac-aThr-Pro-Pro-Gly-Ser-Ala-Ala-Ala-NH2	0	0.0	False	1.0	0	0.0	False	1.0	1.0	1.0
626	2	2	0			0	0.0	False	1.0	0	0.0	False	1.0	1.0	1.0
623	2	2	2	Fatty acids	3a-[(hydroxyimino)methyl]-5a,5b,8,8,11a-pentamethyl-1-(prop-1-en-2-yl)-icosahydro-1H-cyclopenta[a]chrysen-9-yl acetate; 1-(2-chloroethyl)-3-[(3S,10R,13R,17R)-3-hydroxy-10,13-dimethyl-17-[(2R)-6-methylheptan-2-yl]-2,3,4,7,8,9,11,12,14,15,16,17-dodecahydro-1H-cyclopenta[a]phenanthren-7-yl]-1-nitrosourea	0	0.0	False	1.0	0	0.0	False	1.0	1.0	1.0
621	3	2	2	Amino acids and Peptides	3,15-bis(butan-2-yl)-24-(hydroxymethyl)-6,9,18-tris(2-methylpropyl)-octacosahydro-1H-pyrrolo[1,2-a]1,4,7,10,13,16,19,22,25-nonaazacycloheptacosane-1,4,7,10,13,16,19,22,25-nonone; H-Tyr-Pro-Phe-Val-Glu-Pro-Ile-OH	0	0.0	False	1.0	0	0.0	False	1.0	1.0	1.0
617	2	2	2	Fatty acids	1,3-Dihydroxypropan-2-yl dotriacontanoate; 1,3-Dihydroxypropan-2-yl dotriacontanoate	0	0.0	False	1.0	0	0.0	False	1.0	1.0	1.0
37	4	2	1	Amino acids and Peptides		0	0.0	False	1.0	0	0.0	False	1.0	1.0	1.0
647	2	2	2	Terpenoids	Ergosta-5,7,22,24(28)-Tetraen-3Beta-Ol; Ergosta-5,7,22,24(28)-Tetraen-3Beta-Ol	0	0.0	False	1.0	0	0.0	False	1.0	1.0	1.0
641	2	2	2	Amino acids and Peptides	H-D-Lys-aIle-D-Pro-Tyr-aIle-Leu-OH; Beauvericin	0	0.0	False	1.0	0	0.0	False	1.0	1.0	1.0
638	2	2	2	Alkaloids	N-(1,2,3,4-Tetrahydroacridine-9-yl)-1,12-dodecanediamine; Piperazine, 1-(3-((1-methylethyl)amino)-2-pyridinyl)-4-((5-methyl-1H-indol-2-yl)carbonyl)-	0	0.0	False	1.0	0	0.0	False	1.0	1.0	1.0
21	4	2	1	Amino acids and Peptides	Destruxin F	0	0.0	False	1.0	0	0.0	False	1.0	1.0	1.0
20	2	2	0			0	0.0	False	1.0	0	0.0	False	1.0	1.0	1.0
17	3	2	2	Amino acids and Peptides	tert-butyl N-[(3S,14S,17S)-14-[2-[[2-[[(1S)-2-(dimethylamino)-2-oxo-1-phenylethyl]amino]-2-oxoethyl]amino]-2-oxoacetyl]-19,19-dimethyl-2,16-dioxo-1,15-diazatricyclo[15.4.0.018,20]henicos-8-en-3-yl]carbamate; Trungapeptin A	0	0.0	False	1.0	0	0.0	False	1.0	1.0	1.0
16	4	2	2	Amino acids and Peptides	H-Gly-Pro-Val-Leu-Val-Gln-Pro-Gly-OH; Phenylalanyl-leucyl-arginyl-phenylalanine	0	0.0	False	1.0	0	0.0	False	1.0	1.0	1.0
288	2	2	2	Amino acids and Peptides	H-Glu-Leu-Pro-Pro-Val-Lys-Ile-His-Cys-al; Me-DL-Ala-DL-Pro-Gly-DL-Abu-DL-xiThr-DL-Ala-DL-Pro-DL-Pro-DL-Ala-NHMe	0	0.0	False	1.0	0	0.0	False	1.0	1.0	1.0
310	2	2	2	Amino acids and Peptides	N-(5-methyl-3-isoxazolyl)-2-[[4-(2-methylphenyl)-5-[(2-oxo-1,3-benzothiazol-3-yl)methyl]-1,2,4-triazol-3-yl]thio]acetamide	0	0.0	False	1.0	0	0.0	False	1.0	1.0	1.0
307	2	2	2	Amino acids and Peptides	Glycyl-arginyl-glycyl-aspartyl-seryl-prolyl-lysine; Unk-Lys-N(Me)Ala-Asp-Pro-Thr-NHPr	0	0.0	False	1.0	0	0.0	False	1.0	1.0	1.0
558	2	2	2	Amino acids and Peptides	Ac-VDVAD-CHO; H-Val-Thr-Pro-Leu-Asn-OH	0	0.0	False	1.0	0	0.0	False	1.0	1.0	1.0
557	3	2	0			0	0.0	False	1.0	0	0.0	False	1.0	1.0	1.0
556	2	2	1	Amino acids and Peptides	(2R)-2-[[(2S)-2-[[2-[[(2R)-2-[[(2S)-2-amino-3-(4-hydroxy-2,6-ditritiophenyl)propanoyl]amino]propanoyl]amino]acetyl]amino]-3-phenylpropanoyl]amino]-4-methylpentanoic acid	0	0.0	False	1.0	0	0.0	False	1.0	1.0	1.0
554	3	2	0			0	0.0	False	1.0	0	0.0	False	1.0	1.0	1.0
552	2	2	1	Amino acids and Peptides	H-Pro-Ser-Pro-Ser-Pro-Ser-al	0	0.0	False	1.0	0	0.0	False	1.0	1.0	1.0
550	2	2	2	Amino acids and Peptides	H-Phe-Pro-Ile-Ile-Val-OH; H-Phe-Pro-Ile-Ile-Val-OH	0	0.0	False	1.0	0	0.0	False	1.0	1.0	1.0
548	2	2	1	Terpenoids	2,6-Bis[[4-hydroxy-3-[(2-hydroxy-5-methylcyclohexyl)methyl]-2,5-dimethylcyclohexyl]methyl]-3,4-dimethylcyclohexan-1-ol	0	0.0	False	1.0	0	0.0	False	1.0	1.0	1.0
546	2	2	0			0	0.0	False	1.0	0	0.0	False	1.0	1.0	1.0
300	2	2	2	Amino acids and Peptides	1-{1-[2-(2-hydroxy-4-oxo-3,4-dihydroquinazolin-3-yl)-3-phenylpropanoyl]pyrrolidine-2-carbonyl}pyrrolidine-2-carboxylic acid; 4-carbamoyl-4-[2-(2-{[3-acetamido-2,5-dihydroxy-6-(hydroxymethyl)oxan-4-yl]oxy}propanamido)-3-hydroxybutanamido]butanoic acid	1	0.5	False	1.0	1	0.5	False	1.0	1.0	1.0
299	2	2	1	Amino acids and Peptides	H-Ile-Gly-Asp-Pro-Val-Thr-OH	0	0.0	False	1.0	0	0.0	False	1.0	1.0	1.0
282	2	2	1	Amino acids and Peptides	(3S)-3-[[(2S)-2-[[(2E,4Z)-2-ethenylhexa-2,4-dienoxy]carbonylamino]-4-methylpentanoyl]amino]-4-[[(2S)-4-methyl-1-oxo-1-(2-oxopropylamino)pentan-2-yl]amino]-4-oxobutanoic acid	0	0.0	False	1.0	0	0.0	False	1.0	1.0	1.0
276	3	2	2	Amino acids and Peptides	Circulin; Circulin	0	0.0	False	1.0	0	0.0	False	1.0	1.0	1.0
275	3	2	1	Amino acids and Peptides	1-[2-[(1-Acetylpyrrolidine-2-carbonyl)amino]acetyl]pyrrolidine-2-carboxylic acid	0	0.0	False	1.0	1	0.5	False	1.0	1.0	1.0
271	2	2	2	Amino acids and Peptides	H-DL-Asn-DL-Pro-DL-Pro-DL-Pro-OH; H-Pro-Gly-Pro-Gly-Pro-OH	0	0.0	False	1.0	0	0.0	False	1.0	1.0	1.0
561	6	2	2	Fatty acids	7-(8-Hydroxy-2-methylideneoctanoyl)oxy-2-methylideneheptanoic acid; Artapshinin	0	0.0	False	1.0	0	0.0	False	1.0	1.0	1.0
336	3	2	2	Amino acids and Peptides	fur-2-oyl-DL-Leu-DL-xiIle-Gly-DL-Arg-DL-Leu-DL-Orn-NH2; fur-2-oyl-DL-Leu-DL-xiIle-Gly-DL-Arg-DL-Leu-DL-Orn-NH2	0	0.0	False	1.0	0	0.0	False	1.0	1.0	1.0
329	3	2	2	Amino acids and Peptides	20-(butan-2-yl)-6,18-dihydroxy-10-methyl-11-(2-methylpropyl)-23-(propan-2-yl)-22-oxa-3,4,10,13,19,25,26-heptaazatetracyclo[23.4.0.0³,⁸.0¹³,¹⁷]nonacos-18-ene-2,9,12,21,24-pentone; Stephanotic Acid	0	0.0	False	1.0	0	0.0	False	1.0	1.0	1.0
328	2	2	2	Fatty acids	L-Tryptophan, N-(1-oxodecyl)-; N-valproyl-l-tryptophan	0	0.0	False	1.0	0	0.0	False	1.0	1.0	1.0
325	2	2	2	Amino acids and Peptides	Leu-Ala-Ile-Tyr-Ser; His-Lys-Trp-Pro	0	0.0	False	1.0	0	0.0	False	1.0	1.0	1.0
545	3	2	0			0	0.0	False	1.0	0	0.0	False	1.0	1.0	1.0
542	4	2	1	Amino acids and Peptides	Hexahydro-1,3,5-tris[3-(oxiranylmethoxy)-1-oxopropyl]-1,3,5-triazine	0	0.0	False	1.0	0	0.0	False	1.0	1.0	1.0
236	10	2	1	Amino acids and Peptides	[(4S)-4-amino-5-[[2-[[(2S)-1-carboxy-3-oxopropan-2-yl]amino]-2-oxoethyl]amino]-5-oxopentyl]-(diaminomethylidene)azanium	0	0.0	False	1.0	0	0.0	False	1.0	1.0	1.0
233	2	2	2	Amino acids and Peptides	Formyl-methylhomoseryl-leucyl-phenylalanine methyl ester; Ala-Leu-Ala-Leu-Ala	0	0.0	False	1.0	0	0.0	False	1.0	1.0	1.0
231	2	2	2	Amino acids and Peptides	H-Ala-Ala-Ile-Met-Met-Gln-Ala-al; Seryl-glutamyl-lysyl-aspartyl-glutamyl-leucine	0	0.0	False	1.0	0	0.0	False	1.0	1.0	1.0
265	2	2	1	Amino acids and Peptides	H-Asp-Leu-Pro-Phe-al	1	0.5	False	1.0	0	0.0	False	1.0	1.0	1.0
260	3	2	1	Amino acids and Peptides	H-Ala-Ala-Leu-Gln-Ser-Ser-OH	0	0.0	False	1.0	0	0.0	False	1.0	1.0	1.0
258	4	2	2	Amino acids and Peptides	5-({6-[(6-amino-9H-purin-9-yl)methyl]-2-bromo-3,4-dihydroxyphenyl}methyl)-3,4-dibromobenzene-1,2-diol; tert-butyl N-[(2S,3S,5S)-5-benzyl-6-[[(2S)-1-[3-(dimethylamino)propylamino]-3-methyl-1-oxobutan-2-yl]amino]-3-hydroxy-6-oxo-1-phenylhexan-2-yl]carbamate	0	0.0	False	1.0	0	0.0	False	1.0	1.0	1.0
251	3	2	2	Amino acids and Peptides	Mr 387A; H-DL-Ala-DL-Ala-DL-Phe-DL-Phe-DL-Ala-DL-Ala-DL-Lys-OH	2	1.0	False	1.0	2	1.0	False	1.0	1.0	1.0
539	2	2	1	Amino acids and Peptides	Me-Phe-Val-Ala-Pro-Phe-Pro-OH	1	0.5	False	1.0	1	0.5	False	1.0	1.0	1.0
537	2	2	0			0	0.0	False	1.0	0	0.0	False	1.0	1.0	1.0
535	2	2	2	Amino acids and Peptides	tert-butyl N-{1-[4-({1-[(4-fluorophenyl)carbamoyl]-2-methylpropyl}carbamoyl)piperidin-1-yl]-4-methyl-1-oxopentan-2-yl}carbamate; tert-butyl N-{1-[4-({1-[(4-fluorophenyl)carbamoyl]-2-methylpropyl}carbamoyl)piperidin-1-yl]-4-methyl-1-oxopentan-2-yl}carbamate	0	0.0	False	1.0	0	0.0	False	1.0	1.0	1.0
530	2	2	0			0	0.0	False	1.0	0	0.0	False	1.0	1.0	1.0
352	4	2	1	Amino acids and Peptides	H-DL-Glu-DL-Val-DL-Met-OH	0	0.0	False	1.0	0	0.0	False	1.0	1.0	1.0
351	4	2	2	Amino acids and Peptides	2-[[2-[(2-Amino-3-methylbutanoyl)amino]-4-methylpentanoyl]amino]-3-hydroxybutanoic acid; HDAla-Leu-MetNH2	0	0.0	False	1.0	0	0.0	False	1.0	1.0	1.0
350	2	2	2	Amino acids and Peptides	(R)-1-[(S)-1-((S)-2-Amino-3-phenyl-propionyl)-pyrrolidine-2-carbonyl]-pyrrolidine-2-carboxylic acid; 4-[(2-Amino-3-methylpentanoyl)amino]-5-[(1-carboxy-2-methylpropyl)amino]-5-oxopentanoic acid	1	0.5	False	1.0	1	0.5	False	1.0	1.0	1.0
220	3	2	2	Amino acids and Peptides	6-benzyl-21-(butan-2-yl)-9-(1-hydroxyethyl)-3-[(4-hydroxyphenyl)methyl]-18-methyl-24-(2-methylpropyl)-1,4,7,10,16,19,22,25-octaazatricyclo[25.3.0.0¹²,¹⁶]triacontan-2,5,8,11,17,20,23,26-octone; H-Leu-Gln-Pro-Glu-Gln-Pro-Phe-Pro-al	0	0.0	False	1.0	0	0.0	False	1.0	1.0	1.0
219	3	2	1	Amino acids and Peptides	H-Ala-Asn-Ser-Arg-Trp-Pro-Lys(Ac)-Ser-Ile-Ile-OH	0	0.0	False	1.0	0	0.0	False	1.0	1.0	1.0
217	2	2	2	Amino acids and Peptides	(2E)-5,7-dibromo-2-(5,7-dibromo-3-oxo-3a,4,5,6,7,7a-hexahydro-1H-indol-2-ylidene)-3a,4,5,6,7,7a-hexahydro-1H-indol-3-one; tert-butyl N-{1-[4-({2-methyl-1-[(4-methylphenyl)carbamoyl]propyl}carbamoyl)piperidin-1-yl]-1-oxo-3-phenylpropan-2-yl}carbamate	0	0.0	False	1.0	0	0.0	False	1.0	1.0	1.0
215	2	2	2	Amino acids and Peptides	Ac-Glu-Val-Ala-Pro-Pro-Val-Pro-NH2; tert-butyl N-[(2S)-1-[(2S,5S)-2-[[1-[[2-[[(1S)-2-(dimethylamino)-2-oxo-1-phenylethyl]amino]-2-oxoethyl]amino]-1,2-dioxoheptan-3-yl]carbamoyl]-6,6-dimethyl-3-azabicyclo[3.1.0]hexan-3-yl]-3,3-dimethyl-1-oxobutan-2-yl]carbamate	0	0.0	False	1.0	0	0.0	False	1.0	1.0	1.0
245	2	2	1	Amino acids and Peptides	1-[2-(tert-butylcarbamoylamino)-3,3-dimethylbutanoyl]-N-(1-cyanoethyl)pyrrolidine-2-carboxamide	2	1.0	False	1.0	2	1.0	False	1.0	1.0	1.0
242	8	2	2	Amino acids and Peptides	1-[(2R)-2-amino-4-methylsulfanylbutanoyl]pyrrolidine-2-carboxylic acid; N-[3-(ethoxycarbonylamino)-2,2-dimethylpropyl]carbamic acid ethyl ester	1	0.5	False	1.0	1	0.5	False	1.0	1.0	1.0
571	6	2	2	Fatty acids	(2-aminoethoxy)[2-(octadeca-1,9-dien-1-yloxy)-3-(pentadecanoyloxy)propoxy]phosphinic acid; (2-aminoethoxy)[2-(octadeca-1,9-dien-1-yloxy)-3-(pentadecanoyloxy)propoxy]phosphinic acid	0	0.0	False	1.0	0	0.0	False	1.0	1.0	1.0
565	2	2	1	Carbohydrates	N-Carboxybutylchitosan	0	0.0	False	1.0	0	0.0	False	1.0	1.0	1.0
564	2	2	2	Fatty acids	2-amino-3-[[2-[(4Z,7Z,10Z,13Z)-hexadeca-4,7,10,13-tetraenoyl]oxy-3-propanoyloxypropoxy]-hydroxyphosphoryl]oxypropanoic acid; H-Ser-Gln-Leu-Ala-Ala-Gly-OH	1	0.5	False	1.0	1	0.5	False	1.0	1.0	1.0
228	2	2	0			0	0.0	False	1.0	0	0.0	False	1.0	1.0	1.0
223	4	2	0			1	0.5	False	1.0	0	0.0	False	1.0	1.0	1.0
341	2	2	0			0	0.0	False	1.0	0	0.0	False	1.0	1.0	1.0
368	2	2	1	Amino acids and Peptides	H-Gly-Ala-Thr-Pro-Gln-Asp-Leu-Asn-Thr-Nle-al	0	0.0	False	1.0	0	0.0	False	1.0	1.0	1.0
364	2	2	2	Amino acids and Peptides	2-[[2-[(2-Amino-3-methylbutanoyl)amino]-3-hydroxypropanoyl]amino]-4-methylsulfanylbutanoic acid; 2-[[2-[(2-Amino-3-hydroxypropanoyl)amino]-3-methylbutanoyl]amino]-4-methylpentanoic acid	0	0.0	False	1.0	0	0.0	False	1.0	1.0	1.0
181	2	2	2	Amino acids and Peptides	2-[[2-[(2-Amino-4-methylpentanoyl)amino]-3-methylpentanoyl]amino]pentanedioic acid	1	0.5	False	1.0	1	0.5	False	1.0	1.0	1.0
212	3	2	1	Amino acids and Peptides	(2S)-2-[[(2S)-2-[[(2S,3R)-3-amino-2-hydroxydecanoyl]amino]propanoyl]amino]-3-methylbutanoic acid	0	0.0	False	1.0	0	0.0	False	1.0	1.0	1.0
208	6	2	1	Amino acids and Peptides	H-Thr-Ala-Pro-Leu-Thr-Glu-Leu-Leu-OH	0	0.0	False	1.0	0	0.0	False	1.0	1.0	1.0
206	2	2	2	Amino acids and Peptides	(2S)-2-[[2-[(2-amino-3-methylpentanoyl)amino]-3-methylpentanoyl]amino]-3-methylpentanoic acid; 1-[6-Amino-2-[(2,5-diamino-5-oxopentanoyl)amino]hexanoyl]pyrrolidine-2-carboxylic acid	1	0.5	False	1.0	1	0.5	False	1.0	1.0	1.0
577	3	2	1	Amino acids and Peptides	L-Asp-L-Orn-L-Thr-L-Ala-Gly-L-Ala-OH	0	0.0	False	1.0	0	0.0	False	1.0	1.0	1.0
575	2	2	2	Amino acids and Peptides	Cyclo-(L-Val-L-Glu-L-Val-L-Glu); 2-({1-[2-(2-aminoacetamido)-4-carbamoylbutanoyl]pyrrolidin-2-yl}formamido)-5-carbamimidamidopentanoic acid	0	0.0	False	1.0	0	0.0	False	1.0	1.0	1.0
353	3	2	2	Alkaloids	2-[[2-[[4,5-Bis(Bromanyl)-1~{h}-Pyrrol-2-Yl]carbonylamino]-1,3-Benzothiazol-6-Yl]amino]-2-Oxidanylidene-Ethanoic Acid; 2-{[1-(2-{[1-(2-amino-3-methylbutanoyl)pyrrolidin-2-yl]formamido}acetyl)pyrrolidin-2-yl]formamido}-5-[(diaminomethylidene)amino]pentanoic acid	0	0.0	False	1.0	0	0.0	False	1.0	1.0	1.0
378	2	2	2	Amino acids and Peptides	Octaminomycin B; oxetan-3-yl (3S)-3-[[(2S)-1-[[(8S,14S)-22-ethyl-4-hydroxy-21-[2-[(1S)-1-methoxyethyl]pyridin-3-yl]-18,18-dimethyl-9,15-dioxo-16-oxa-10,22,28-triazapentacyclo[18.5.2.12,6.110,14.023,27]nonacosa-1(26),2,4,6(29),20,23(27),24-heptaen-8-yl]amino]-3-methyl-1-oxobutan-2-yl]-methylcarbamoyl]pyrrolidine-1-carboxylate	1	0.5	False	1.0	1	0.5	False	1.0	1.0	1.0
377	2	2	0			0	0.0	False	1.0	0	0.0	False	1.0	1.0	1.0
375	3	2	2	Amino acids and Peptides	(3S)-4-[[(1S)-1-carboxy-2-(1-deuteriocyclohexyl)ethyl]amino]-3-[[2-[ethyl(4-piperidin-4-ylbutanoyl)amino]acetyl]amino]-4-oxobutanoic acid; H-Ile-Asp-Leu-Thr-Ser-OH	0	0.0	False	1.0	1	0.5	False	1.0	1.0	1.0
370	2	2	2	Amino acids and Peptides	ethyl (E,4S)-4-[[(2R,5S)-5-[[(2S)-3-hydroxy-2-[(2-methylpropan-2-yl)oxycarbonylamino]propanoyl]amino]-6-methyl-2-(2-methylpropyl)-4-oxoheptanoyl]amino]-5-[(3S)-5-oxopyrrolidin-3-yl]pent-2-enoate; H-Phe-Pro-Leu-Asp-Leu-Ala-OH	0	0.0	False	1.0	0	0.0	False	1.0	1.0	1.0
402	2	2	2	Amino acids and Peptides	methyl 2-[[2-[[(E)-2-[2-[2-[2-[2-[2-[2-[2-aminopropanoyl(methyl)amino]propanoylamino]propanoylamino]propanoyl-methylamino]propanoylamino]propanoyl-methylamino]propanoyl-methylamino]-3-hydroxy-4-methyloct-6-enoyl]amino]-3-hydroxybutanoyl]-methylamino]acetate; 11-(3,9-dimethoxy-4,8-dimethyl-7-oxoundecan-2-yl)-3,15,17,21,23-pentamethoxy-5,12,18,24-tetramethyl-10,26-dioxabicyclo[23.3.1]nonacosa-1(28),5,7,13,19-pentaene-9,27-dione	0	0.0	False	1.0	0	0.0	False	1.0	1.0	1.0
585	2	2	2	Amino acids and Peptides	Yggwl-NH2; H-Gly-Hyp-Arg-Pro-NH2	0	0.0	False	1.0	0	0.0	False	1.0	1.0	1.0
584	2	2	2	Amino acids and Peptides	L-gammaGlu-(4-Amino*-1,2-dithiolane-4-ylcarbonyl)-Gly-OH; L-gammaGlu-(4-Amino*-1,2-dithiolane-4-ylcarbonyl)-Gly-OH	1	0.5	False	1.0	1	0.5	False	1.0	1.0	1.0
582	3	2	2	Terpenoids	Ergosta-5,7,22,24(28)-Tetraen-3Beta-Ol; (6R)-6-[(7aR)-4-[2-[(5S)-5-(3-aminopropoxy)-2-methylidenecyclohexylidene]ethylidene]-7a-methyl-2,3,3a,5,6,7-hexahydro-1H-inden-1-yl]-2-methylheptan-2-ol	0	0.0	False	1.0	0	0.0	False	1.0	1.0	1.0
192	2	2	1	Amino acids and Peptides	5-(2,4-dimethylpentanoylamino)-2-methyl-N-(4-methyl-3-oxopentan-2-yl)-4-oxohexanamide	0	0.0	False	1.0	0	0.0	False	1.0	1.0	1.0
191	2	2	2	Amino acids and Peptides	2-Amino-N-methyl-5-(4,4,5,5-tetramethyl-1,3,2-dioxaborolan-2-yl)nicotinamide; 2-(2-amino-3-methylpentanamido)-4-(4-aminocyclohexa-2,5-dien-1-yl)butanoic acid	1	0.5	False	1.0	1	0.5	False	1.0	1.0	1.0
188	2	2	1	Amino acids and Peptides	N,N'-Bis(cyclohexyloxycarbonyl)-1,6-hexanediamine	0	0.0	False	1.0	0	0.0	False	1.0	1.0	1.0
185	2	2	2	Amino acids and Peptides	H-Pro-Pro-Gly-Pro-Pro-Gly-Pro-Pro-Gly-al; Desotamide F	2	1.0	False	1.0	2	1.0	False	1.0	1.0	1.0
184	3	2	2	Amino acids and Peptides	Acetyl-Pro-Ala-Pro-Ala-trifluoro methane; Acetyl-Pro-Ala-Pro-Ala-trifluoro methane	0	0.0	False	1.0	0	0.0	False	1.0	1.0	1.0
183	4	2	2	Amino acids and Peptides	benzyl 2-[(1-{[1-(tert-butoxy)-4-methyl-1-oxopentan-2-yl]carbamoyl}-2-phenylethyl)carbamoyl]pyrrolidine-1-carboxylate; benzyl 2-[(1-{[1-(tert-butoxy)-4-methyl-1-oxopentan-2-yl]carbamoyl}-2-phenylethyl)carbamoyl]pyrrolidine-1-carboxylate	0	0.0	False	1.0	0	0.0	False	1.0	1.0	1.0
180	3	2	0			0	0.0	False	1.0	0	0.0	False	1.0	1.0	1.0
179	3	2	2	Amino acids and Peptides	(2S)-2-[[(2S)-2-[[(2S,3R)-3-amino-2-hydroxydecanoyl]amino]propanoyl]amino]-3-methylbutanoic acid	0	0.0	False	1.0	0	0.0	False	1.0	1.0	1.0
165	2	2	2	Amino acids and Peptides	13'-cyclopentyl-12'-hydroxy-19'-{2-[6-(imidazolidin-4-yl)hexyl]furan-3-yl}-9',9',20'-trimethyl-4',8',15',18'-tetraoxaspiro[cyclopentane-1,6'-hexacyclo[11.9.0.0²,⁷.0²,¹⁰.0¹⁴,¹⁶.0¹⁴,²⁰]docosane]-5',11',17'-trione; Symplostatin 3	0	0.0	False	1.0	0	0.0	False	1.0	1.0	1.0
164	2	2	2	Amino acids and Peptides	H-Pro-Ala-Thr-Pro-Ala-Pro-OH; H-Pro-Ala-Thr-Pro-Ala-Pro-OH	1	0.5	False	1.0	1	0.5	False	1.0	1.0	1.0
596	2	2	2	Amino acids and Peptides	Ac-Gln-Leu-Asp-Leu-Ala-OH; Ac-Gln-Leu-Asp-Leu-Ala-OH	0	0.0	False	1.0	1	0.5	False	1.0	1.0	1.0
593	2	2	0			1	0.5	False	1.0	1	0.5	False	1.0	1.0	1.0
592	2	2	0			0	0.0	False	1.0	0	0.0	False	1.0	1.0	1.0
401	2	2	2	Amino acids and Peptides	Ala-Trp-Ser-Ser; Fradiamine B	0	0.0	False	1.0	0	0.0	False	1.0	1.0	1.0
396	2	2	1	Amino acids and Peptides	Veraguamide J	0	0.0	False	1.0	0	0.0	False	1.0	1.0	1.0
394	8	2	0			1	0.5	False	1.0	0	0.0	False	1.0	1.0	1.0
390	2	2	2	Amino acids and Peptides	H-Ala-N(Me)Leu-Tyr-Tyr-OH; H-Ala-N(Me)Leu-Tyr-Tyr-OH	1	0.5	False	1.0	2	1.0	False	1.0	1.0	1.0
525	3	2	0			1	0.5	False	1.0	0	0.0	False	1.0	1.0	1.0
524	2	2	1	Amino acids and Peptides	N-(4-bromo-2-chlorophenyl)-N-(2-hydrazinyl-2-oxoethyl)-2-nitrobenzenesulfonamide	0	0.0	False	1.0	0	0.0	False	1.0	1.0	1.0
523	4	2	0			0	0.0	False	1.0	0	0.0	False	1.0	1.0	1.0
130	2	2	2	Amino acids and Peptides	12Β-Hydroxyverruculogen Tr-2; 1-(L-Pro-L-Leu-L-Pro-)Pyrrolidine-2alpha-carbaldehyde	0	0.0	False	1.0	0	0.0	False	1.0	1.0	1.0
159	2	2	1	Amino acids and Peptides	3,5-bis[acetyl(methyl)amino]-2,4,6-triiodo-N-[7-oxo-7-(propan-2-ylamino)heptyl]benzamide	1	0.5	False	1.0	0	0.0	False	1.0	1.0	1.0
158	2	2	2	Amino acids and Peptides	H-Phe-Asn-Arg-Pro-Val-OH; 5,8,9-trimethyl-16-(prop-2-en-1-yl)-3,6-bis(propan-2-yl)-icosahydropyrrolo[1,2-d]1-oxa-4,7,10,13,16-pentaazacyclononadecane-1,4,7,10,14,17-hexone	0	0.0	False	1.0	2	1.0	False	1.0	1.0	1.0
156	2	2	2	Amino acids and Peptides	Nostocyclopeptide; Ac-Thr-Thr-Pro-Ala-Ala-Phe-Ala-Tyr-NH2	0	0.0	False	1.0	2	1.0	False	1.0	1.0	1.0
151	2	2	1	Amino acids and Peptides	L-proline, N2-((1S)-1-carboxy-3-phenylpropyl)-N6-((4-hydroxyphenyl)iminomethyl)-L-lysyl-	1	0.5	False	1.0	0	0.0	False	1.0	1.0	1.0
145	2	2	2	Amino acids and Peptides	(E,4S)-4-[[(2S,3S)-2-[(2,2-diethyl-4-methylpentanoyl)amino]-3-methylpentanoyl]-methylamino]-2,5-dimethylhex-2-enoic acid; (2S)-1-[(2S,3S)-3-hexyl-4-oxoazetidin-2-yl]tridecan-2-yl 2-formamidoacetate	0	0.0	False	1.0	0	0.0	False	1.0	1.0	1.0
519	2	2	1	Amino acids and Peptides	N''-{[35'-cyclohexyl-3',26',32',33'-tetrahydroxy-5''-(2-hydroxyethyl)-39'-(hydroxymethyl)-20'-(1H-imidazol-1-yl)-18',18'-dimethyl-31'-[(methylamino)methyl]-29'-oxodispiro[cyclopentane-1,12'-[22,23]dithianonacyclo[23.14.1.1²,⁶.0⁴,¹⁷.0⁵,¹⁰.0¹¹,¹⁶.0²⁶,³⁹.0²⁷,³⁶.0³⁰,³⁵]hentetracontane-24',1''-cyclopentane]-5'(10'),16',27'-trien-37'-yl]methyl}-N-(1-hydroxyethyl)guanidine	0	0.0	False	1.0	0	0.0	False	1.0	1.0	1.0
518	3	2	1	Amino acids and Peptides	2-{[1-(2-{[(tert-butoxy)carbonyl]amino}propanoyl)piperidin-4-yl]formamido}-3-hydroxybutanoic acid	0	0.0	False	1.0	0	0.0	False	1.0	1.0	1.0
516	2	2	2	Amino acids and Peptides	2-[[2-[(2-Amino-3-carboxypropanoyl)amino]acetyl]amino]-4-methylpentanoic acid; Cyclo(Arg-Phe)	0	0.0	False	1.0	0	0.0	False	1.0	1.0	1.0
515	2	2	1	Amino acids and Peptides	H-Val-Pro-Ile-Gln-Cys-Thr-al	0	0.0	False	1.0	1	0.5	False	1.0	1.0	1.0
514	2	2	2	Amino acids and Peptides	15-[(4-hydroxyphenyl)methyl]-12-(3-methylbutan-2-yl)-6-(2-methylpropyl)-9-(propan-2-yl)-icosahydropyrrolo[1,2-a]1,4,7,10,13,16-hexaazacyclooctadecane-1,4,7,10,13,16-hexone; Z-Val-Asp(OMe)-Val-Ala-DL-Asp(OMe)-fluoromethylketone	0	0.0	False	1.0	0	0.0	False	1.0	1.0	1.0
416	3	2	2	Amino acids and Peptides	5-[(1-Carboxy-3-methylsulfanylpropyl)amino]-5-oxo-4-(pyrrolidine-2-carbonylamino)pentanoic acid; 2-[[4-Carboxy-2-[(2,4-diamino-4-oxobutanoyl)amino]butanoyl]amino]-4-methylpentanoic acid	1	0.5	False	1.0	0	0.0	False	1.0	1.0	1.0
413	2	2	0			0	0.0	False	1.0	0	0.0	False	1.0	1.0	1.0
409	4	2	1	Amino acids and Peptides	2-[[2-[(2-Amino-4-methylsulfanylbutanoyl)amino]-4-methylpentanoyl]amino]-3-hydroxypropanoic acid	0	0.0	False	1.0	1	0.5	False	1.0	1.0	1.0
406	2	2	2	Amino acids and Peptides	Tyrosyl-prolyl-phenylalanyl-prolylglycine; H-Leu-Pro-Thr-Pro-Pro-OH	0	0.0	False	1.0	0	0.0	False	1.0	1.0	1.0
117	3	2	2	Amino acids and Peptides	H-DL-Met-DL-Pro-DL-Phe-DL-Pro-OH; Tyrosyl-prolyl-phenylalanyl-proline	2	1.0	False	1.0	2	1.0	False	1.0	1.0	1.0
115	3	2	2	Amino acids and Peptides	[dideuterio-(4-pentyl-1-bicyclo[2.2.2]octanyl)methyl] N-[(2S)-4-methyl-1-oxo-1-[[(2S)-1-oxo-3-[(3S)-2-oxopyrrolidin-3-yl]propan-2-yl]amino]pentan-2-yl]carbamate; methyl 2-[2-(2-{[(tert-butoxy)carbonyl]amino}-4-methylpentanamido)-4-methylpentanamido]-3-methylbutanoate	1	0.5	False	1.0	1	0.5	False	1.0	1.0	1.0
142	4	2	2	Amino acids and Peptides	For-Ala-Ala-Pro-Arg-OH; H-DL-Lys-DL-xiThr-DL-Pro-DL-Pro-OH	0	0.0	False	1.0	0	0.0	False	1.0	1.0	1.0
141	6	2	1	Amino acids and Peptides	(2S,3S)-3-[[(2S)-1-(4-acetamidobutylamino)-3-methyl-1-oxopentan-2-yl]carbamoyl]oxirane-2-carboxylic acid	0	0.0	False	1.0	0	0.0	False	1.0	1.0	1.0
136	2	2	2	Amino acids and Peptides	9-benzyl-6-(butan-2-yl)-12-[(4-hydroxyphenyl)methyl]-3,8-dimethyl-hexadecahydro-1H-pyrrolo[1,2-a]1,4,7,10,13-pentaazacyclopentadecane-1,4,7,10,13-pentone; Ac-DL-Val-DL-Val-DL-Tyr-DL-Ala-DL-Leu-OH	0	0.0	False	1.0	0	0.0	False	1.0	1.0	1.0
100	2	2	2	Alkaloids	11-Dodecenoylcarnitine; 4-(2,2-Dimethylpropionyloxy)-2,2,6,6-tetramethylpiperidin-1-yl 2,2-dimethylpropionate	0	0.0	False	1.0	0	0.0	False	1.0	1.0	1.0
99	3	2	2	Amino acids and Peptides	H-DL-Ala-DL-Val-DL-Pro-DL-Val-OH; 2-[[2-[(2-Amino-3-methylpentanoyl)amino]acetyl]amino]-3-methylbutanoic acid	0	0.0	False	1.0	0	0.0	False	1.0	1.0	1.0
98	2	2	2	Alkaloids	2-(Diethoxyphosphorylmethoxycarbonylamino)ethyl prop-2-enoate; [(5-[(Ethoxycarbonyloxy)methyl]-4,5-dihydroisoxazol)-3-yl]phosphonic acid diethyl ester	0	0.0	False	1.0	0	0.0	False	1.0	1.0	1.0
126	6	2	2	Amino acids and Peptides	(2S)-N-[(2R)-1-[(2S)-2-[[(2S)-1-[(2-aminoacetyl)amino]-4-methyl-1-oxopentan-2-yl]carbamoyl]-2,5-dihydropyrrol-1-yl]-1-oxo-3-sulfanylpropan-2-yl]-2-[[(2S,3R)-3-hydroxy-2-[[(2S,3S)-2-[[(2S)-3-(4-hydroxyphenyl)-2-[[(2R)-2-hydroxy-3-sulfanylpropanoyl]amino]propanoyl]amino]-3-methylpentanoyl]amino]butanoyl]amino]butanediamide; H-Ser-Asp-Gly-Arg-Gly-OH	0	0.0	False	1.0	0	0.0	False	1.0	1.0	1.0
439	2	2	2	Amino acids and Peptides	(2R,3R,4R,5R)-3,4-dihydroxy-N,N'-bis[(2S)-3-methyl-1-(methylamino)-1-oxobutan-2-yl]-2,5-bis(prop-2-enoxy)hexanediamide; Endolide B	1	0.5	False	1.0	0	0.0	False	1.0	1.0	1.0
436	2	2	0			0	0.0	False	1.0	0	0.0	False	1.0	1.0	1.0
433	2	2	0			0	0.0	False	1.0	0	0.0	False	1.0	1.0	1.0
431	2	2	0			0	0.0	False	1.0	0	0.0	False	1.0	1.0	1.0
429	3	2	2	Amino acids and Peptides	Pseudostellarin H; Cherimolacyclopeptide A	0	0.0	False	1.0	0	0.0	False	1.0	1.0	1.0
424	3	2	2	Amino acids and Peptides	H-Tyr-DL-Pro-Leu-Asp-Leu-OH; Casomorphin, trp(3)-	0	0.0	False	1.0	0	0.0	False	1.0	1.0	1.0
421	2	2	2	Amino acids and Peptides	H-DL-xiIle-DL-Arg-DL-xiThr-OH; 4-[(4-chlorophenyl)methyl]-N-ethyl-3-oxo-N'-(2-oxo-2-pyrrolidin-1-ylethyl)piperazine-1-carboximidamide	1	0.5	False	1.0	2	1.0	False	1.0	1.0	1.0
512	2	2	2	Amino acids and Peptides	Z-Aib-Aib-Aib-L-Ala-OtBu; Cbz-Ala-D-Val-Val-D-Val-OMe	0	0.0	False	1.0	0	0.0	False	1.0	1.0	1.0
509	2	2	2	Amino acids and Peptides	H-Val-Ser-Nva-Phe-al; H-DL-Pro-DL-Leu-Gly-DL-Gln-OH	0	0.0	False	1.0	0	0.0	False	1.0	1.0	1.0
84	4	2	2	Amino acids and Peptides	benzyl 2-[(1-{[1-(tert-butoxy)-4-methyl-1-oxopentan-2-yl]carbamoyl}-2-phenylethyl)carbamoyl]pyrrolidine-1-carboxylate; cyclo[D-Ile-Leu-Pro-D-N(Me)Leu-Val]	0	0.0	False	1.0	0	0.0	False	1.0	1.0	1.0
107	5	2	2	Terpenoids	Heptyl 1-Seleno-Beta-D-Glucopyranoside; 1,3-Bis[3-(3,5-dimethyl-4-oxo-2,5-cyclohexadien-1-ylideneaminooxycarbonylamino)-4-methylphenyl]-1,3-diazetidine-2,4-dione	0	0.0	False	1.0	0	0.0	False	1.0	1.0	1.0
106	2	2	2	Alkaloids	3-(1,3-Dioxoisoindol-2-yl)-4-methylbenzoate; Glu-Glu	0	0.0	False	1.0	0	0.0	False	1.0	1.0	1.0
104	2	2	2	Fatty acids	N-[2-(carbamoylamino)ethyl]octadecanamide; 2-[[1-(2-Ethoxyethyl)cyclopentyl]methyl]-1-[[1-(2-ethoxyethyl)cyclopropyl]methyl]-3-ethylguanidine	0	0.0	False	1.0	0	0.0	False	1.0	1.0	1.0
103	2	2	2	Terpenoids	Ethyl 2-(4-isobutylphenyl)propionate; Hexadecyldimethylamine N-oxide	0	0.0	False	1.0	0	0.0	False	1.0	1.0	1.0
102	2	2	2	Amino acids and Peptides	Dodecanamidopropyl betaine; tert-butyl N-[1-[[N-(3-methoxypropyl)-N'-methylcarbamimidoyl]amino]-3-methylbutan-2-yl]carbamate	0	0.0	False	1.0	0	0.0	False	1.0	1.0	1.0
502	3	2	2	Amino acids and Peptides	(2-Docosa-4,7,10,13,16,19-hexaenoyloxy-3-hexadecoxypropyl) 2-(trimethylazaniumyl)ethyl phosphate; [(2R)-3-[2-aminoethoxy(hydroxy)phosphoryl]oxy-2-(8-methylheptadecanoyloxy)propyl] 8-methylheptadecanoate	0	0.0	False	1.0	0	0.0	False	1.0	1.0	1.0
496	2	2	1	Amino acids and Peptides	Bergofungin C	2	1.0	False	1.0	2	1.0	False	1.0	1.0	1.0
495	2	2	2	Fatty acids	2-[[(8Z,11Z,14Z)-octadeca-8,11,14-trienoyl]amino]-3-phenylpropanoic acid; N-palmitoyl valine	0	0.0	False	1.0	0	0.0	False	1.0	1.0	1.0
457	2	2	0			0	0.0	False	1.0	0	0.0	False	1.0	1.0	1.0
453	2	2	2	Amino acids and Peptides	Hikiamide A; Hikiamide A	0	0.0	False	1.0	2	1.0	False	1.0	1.0	1.0
452	2	2	1	Amino acids and Peptides	Cyclo(glycyl-arginyl-glycyl-aspartyl-seryl-aspartyl-alanyl)	0	0.0	False	1.0	0	0.0	False	1.0	1.0	1.0
447	2	2	1	Amino acids and Peptides	H-Ala-Pro-Ala-Ala-Pro-Thr-Pro-Ala-Ala-OH	0	0.0	False	1.0	0	0.0	False	1.0	1.0	1.0
608	2	2	2	Amino acids and Peptides	4-Amino-2-[[2-[(2-amino-3-methylpentanoyl)amino]-4-methylsulfanylbutanoyl]amino]-4-oxobutanoic acid; (2S)-3-hydroxy-2-[[2-methyl-2-[(2-methylpropan-2-yl)oxycarbonylamino]propanoyl]amino]propanoic acid	0	0.0	False	1.0	0	0.0	False	1.0	1.0	1.0
606	2	2	1	Amino acids and Peptides	Cbz-aIle-Glu(OtBu)-Ala-Leu-al	0	0.0	False	1.0	0	0.0	False	1.0	1.0	1.0
603	2	2	0			0	0.0	False	1.0	0	0.0	False	1.0	1.0	1.0
602	2	2	1	Amino acids and Peptides	cyclo[Ile-Pro-Pro-Ile-D-Pro-Pro-Thr-Lys-Ser]	0	0.0	False	1.0	1	0.5	False	1.0	1.0	1.0
601	3	2	1	Amino acids and Peptides	Glptgg	0	0.0	False	1.0	1	0.5	False	1.0	1.0	1.0
599	2	2	2	Terpenoids	1,1-C-[Bis(benzyloxy)phosphinyliminotrimethylene]-2-O,3-O:5-O,6-O-diisopropylidene-1-deoxy-alpha-D-mannofuranose; 1,1-C-[Bis(benzyloxy)phosphinyliminotrimethylene]-2-O,3-O:5-O,6-O-diisopropylidene-1-deoxy-alpha-D-mannofuranose	2	1.0	False	1.0	2	1.0	False	1.0	1.0	1.0
93	2	2	2	Amino acids and Peptides	H-Glu-Ala-Lys-Pro-al; H-Glu-Ala-Lys-Pro-al	0	0.0	False	1.0	0	0.0	False	1.0	1.0	1.0
87	2	2	2	Amino acids and Peptides	H-Tyr-Val-Pro-Leu-Phe-D-Pro-OH; cyclo[Sar-Phe-Leu-Pro-Tyr-N(Me)Leu]	0	0.0	False	1.0	0	0.0	False	1.0	1.0	1.0
446	2	2	1	Amino acids and Peptides	H-Gly-Pro-Val-Gly-Pro-OH	0	0.0	False	1.0	0	0.0	False	1.0	1.0	1.0
441	2	2	1	Amino acids and Peptides	N-{3-[N-(3-amino-3-{[2-(2,3-dihydroxyphenyl)-4,5-dihydro-1,3-oxazol-4-yl]formamido}propyl)-1-[2-(2,3-dihydroxyphenyl)-4,5-dihydro-1,3-oxazol-4-yl]formamido]propyl}-2,3-dihydroxybenzamide	0	0.0	False	1.0	0	0.0	False	1.0	1.0	1.0
475	2	2	1	Amino acids and Peptides	Boc-Tyr(tBu)-D-Orn(1)-Tyr(Bn)-Pro-Gly-(1)	0	0.0	False	1.0	2	1.0	False	1.0	1.0	1.0
474	2	2	2	Amino acids and Peptides	H-DL-Leu-DL-Val-DL-Tyr-DL-Ser-OH; H-DL-Gln-DL-Asp-DL-Gln-DL-Leu-OH	0	0.0	False	1.0	0	0.0	False	1.0	1.0	1.0
473	2	2	2	Amino acids and Peptides	(3S)-3-[[(2S)-2-acetamido-3-methylbutanoyl]amino]-4-[[(2S)-4-(dimethylamino)-1-[[(2S)-1-hydroxypropan-2-yl]amino]-1,4-dioxobutan-2-yl]amino]-2,2-dimethyl-4-oxobutanoic acid; Lyngbyapeptin B	0	0.0	False	1.0	2	1.0	False	1.0	1.0	1.0
466	2	2	2	Amino acids and Peptides	H-Gly-DL-Pro-DL-xiIle-Gly-DL-Ser-OH; Prolyl-glycyl-alanyl-isoleucyl-prolyl-glycine	1	0.5	False	1.0	1	0.5	False	1.0	1.0	1.0
465	2	2	1	Amino acids and Peptides	H-DL-Pro-DL-xiIle-DL-Pro-DL-xiThr-OH	0	0.0	False	1.0	0	0.0	False	1.0	1.0	1.0
461	2	2	2	Amino acids and Peptides	Antimycin A; H-Phe-Ala-Lys-Leu-Ala-OH	0	0.0	False	1.0	1	0.5	False	1.0	1.0	1.0
45	2	2	2	Amino acids and Peptides	1-{2-[3-methyl-2-(N-methylocta-2,4,6-trienamido)butanamido]propanoyl}pyrrolidine-2-carboxamide; Ac-Thr-Pro-D-Pro-Thr-NH2	0	0.0	False	1.0	0	0.0	False	1.0	1.0	1.0
64	2	2	2	Amino acids and Peptides	Benzyl n-[(2s)-4-methyl-1-[[(2r)-4-methyl-1-[[(2s)-4-methyl-1-oxopentan-2-yl]amino]-1-oxopentan-2-yl]amino]-1-oxopentan-2-yl]carbamate; Angiotensin (5-8)	0	0.0	False	1.0	0	0.0	False	1.0	1.0	1.0
616	2	2	2	Amino acids and Peptides	H-Leu-Glu-Ser-Ser-Ile-Ile-OH; H-Leu-Glu-Ser-Ser-Ile-Ile-OH	0	0.0	False	1.0	2	1.0	False	1.0	1.0	1.0
613	2	2	1	Amino acids and Peptides	acryloyl-Val-Pro-Arg-Gly-Unk	0	0.0	False	1.0	0	0.0	False	1.0	1.0	1.0
610	2	2	1	Amino acids and Peptides	methyl 3-hydroxy-2-{3-hydroxy-2-[2-(3-hydroxy-2,4-dimethyltetradecanamido)-3-methylbutanamido]butanamido}propanoate	0	0.0	False	1.0	0	0.0	False	1.0	1.0	1.0
57	2	2	2	Polyketides	4-(15'-{3-[3-(3-cyano-1H-pyrrol-1-yl)-4-hydroxy-2-(methoxymethyl)butyl]-4-(prop-2-en-1-yl)phenoxy}-3'-(2-{7-cyclopentyl-3-hydroxy-5-azatetracyclo[6.6.2.0⁴,¹⁶.0¹¹,¹⁵]hexadeca-1(15),8(16),9,11,13-pentaen-6-yl}ethyl)-7',7a,16',17'-tetrahydroxy-12'-(3-hydroxypropyl)-1,2,3,3a,4,5,6,6a,7,7a,8,10,11,11a-tetradecahydro-2',11',14'-trioxaspiro[cyclopenta[f]fluorene-9,5'-tricyclo[11.2.2.1¹,⁶]octadecan]-3'-en-9'-yn-6-yl)benzoic acid; 24-(butan-2-yl)-12-(1-hydroxyethyl)-27-[(1H-indol-3-yl)methyl]-3,15-bis(2-methylpropyl)-1,4,10,13,16,22,25,28-octaazatetracyclo[28.3.0.0⁶,¹⁰.0¹⁸,²²]tritriacontan-2,5,11,14,17,23,26,29-octone	0	0.0	False	1.0	0	0.0	False	1.0	1.0	1.0
56	3	2	2	Amino acids and Peptides	Leu-Pro-Leu-Pro-Leu; H-Pro-Ala-Thr-Pro-Ala-Pro-OH	0	0.0	False	1.0	1	0.5	False	1.0	1.0	1.0
53	6	2	2	Amino acids and Peptides	Destruxin A5; 4-[[3-[[3-[(4,8-Disulfonatonaphthalen-1-yl)carbamoyl]phenyl]carbamoylamino]benzoyl]amino]naphthalene-1,5-disulfonate	0	0.0	False	1.0	0	0.0	False	1.0	1.0	1.0
49	3	2	2	Amino acids and Peptides	(3S,9S,14Ar)-9-Benzyl-6,6-Dimethyl-3-(6-Oxooctyl)Decahydro-Pyrrolo[1,2-A][1,4,7,10]Tetraazacyclododecine-1,4,7,10-Tetraone; (2S)-N-[1-[(2-amino-2-oxoethyl)amino]-4-methyl-1-oxopentan-2-yl]-1-[6-(2-amino-2-oxoethyl)-9-(3-amino-3-oxopropyl)-12-[(2S)-butan-2-yl]-15-[(4-methoxyphenyl)methyl]-5,8,11,14,17-pentaoxo-1-thia-4,7,10,13,16-pentazacycloicosane-3-carbonyl]pyrrolidine-2-carboxamide	0	0.0	False	1.0	0	0.0	False	1.0	1.0	1.0
490	2	2	1	Amino acids and Peptides	Desmethyldestruxin B2	0	0.0	False	1.0	0	0.0	False	1.0	1.0	1.0
489	2	2	1	Amino acids and Peptides	H-DL-Asp-DL-Arg-DL-Val-DL-Tyr-DL-xiIle-DL-His-DL-Pro-DL-Ala-OH	0	0.0	False	1.0	0	0.0	False	1.0	1.0	1.0
488	5	2	2	Amino acids and Peptides	2-[(2,4-diamino-5-{[3-amino-6-(aminomethyl)oxan-2-yl]oxy}-3,6-dihydroxycyclohexyl)oxy]-5-methyl-4-(methylamino)oxane-3,5-diol; Tyrosylarginyllysine	0	0.0	False	1.0	0	0.0	False	1.0	1.0	1.0
486	2	2	1	Amino acids and Peptides	2-[[3-Hydroxy-2-(pyrrolidine-2-carbonylamino)butanoyl]amino]-4-methylpentanoic acid	0	0.0	False	1.0	0	0.0	False	1.0	1.0	1.0
483	2	2	1	Amino acids and Peptides	1-[2-[(2-Amino-3-hydroxybutanoyl)amino]-4-methylsulfanylbutanoyl]pyrrolidine-2-carboxylic acid	0	0.0	False	1.0	0	0.0	False	1.0	1.0	1.0
481	3	2	0			0	0.0	False	1.0	0	0.0	False	1.0	1.0	1.0
479	2	2	0			0	0.0	False	1.0	0	0.0	False	1.0	1.0	1.0
476	3	2	1	Amino acids and Peptides	Isoleucyltyrosylarginine	0	0.0	False	1.0	0	0.0	False	1.0	1.0	1.0
656	2	2	2	Alkaloids	2,5-dichloro-4-nitro-1H-imidazole; Phosphoryl-4-thiazolidinone-2-thione	0	0.0	False	1.0	0	0.0	False	1.0	1.0	1.0
653	2	2	2	Fatty acids	2-undecanamidoacetic acid; 2-undecanamidoacetic acid	0	0.0	False	1.0	0	0.0	False	1.0	1.0	1.0
13	2	2	2	Amino acids and Peptides	Val-Leu-Pro-Val-Pro; Val-Leu-Pro-Val-Pro	2	1.0	False	1.0	1	0.5	False	1.0	1.0	1.0
12	2	2	2	Amino acids and Peptides	H-Ala-Pro-Ser-Pro-Leu-Val-Glu-Leu-Ile-OH; (3R,4R,7R,9R,11R,15S,16R,18S,34R,36S,37R,38S)-34-[(3R,4R,5R,6S)-4-amino-3,5-dihydroxy-6-methyloxan-2-yl]oxy-1,3,4,7,9,11,17,38-octahydroxy-15,16,18-trimethyl-13-oxo-14,41-dioxabicyclo[34.4.1]hentetraconta-19,21,25,28,30,32-hexaene-37-carbaldehyde	0	0.0	False	1.0	0	0.0	False	1.0	1.0	1.0
635	2	2	2	Fatty acids	N,N-Bis(2-hydroxyethyl)hexadecanamide; N,N-Bis(2-hydroxyethyl)stearamide	0	0.0	False	1.0	0	0.0	False	1.0	1.0	1.0
2	2	2	2	Fatty acids	N-Docosyl-D-gluconamide; N-Docosyl-D-gluconamide	0	0.0	False	1.0	0	0.0	False	1.0	1.0	1.0
8	2	2	2	Amino acids and Peptides	Trapoxin A; tert-butyl N-[(1S)-2-[(2S)-2-[(4-amino-1-cyclobutyl-3,4-dioxobutan-2-yl)carbamoyl]-6,6-dimethyl-3-azabicyclo[3.1.0]hexan-3-yl]-1-(2,3-dihydro-1H-inden-2-yl)-2-oxoethyl]carbamate	0	0.0	False	1.0	2	1.0	False	1.0	1.0	1.0
657	2	2	2	Amino acids and Peptides	2-(1H-1,2,4-Triazol-5-ylsulfonyl)ethanol; (1,3-oxathiolan-4-ylideneamino) N-methylcarbamate	0	0.0	False	1.0	0	0.0	False	1.0	1.0	1.0
6	5	2	1	Amino acids and Peptides	3-butyl-6,8-bis(butylamino)-2-methyl-3H,4H-pyrimido[5,4-d][1,3]diazin-4-one	1	0.5	False	1.0	1	0.5	False	1.0	1.0	1.0
11	2	1	1	Amino acids and Peptides	(2R,6S)-2-amino-6-[[(4R)-4-[[(2S)-2-aminopropanoyl]amino]-5-oxopentanoyl]amino]-7-[[(1R)-1-carboxyethyl]amino]-7-oxoheptanoic acid	0	0.0	False	1.0	0	0.0	False	1.0	1.0	1.0
648	3	1	0			0	0.0	False	1.0	0	0.0	False	1.0	1.0	1.0
650	2	1	1	Amino acids and Peptides	Pepsatin Pr	0	0.0	False	1.0	0	0.0	False	1.0	1.0	1.0
652	2	1	0			0	0.0	False	1.0	0	0.0	False	1.0	1.0	1.0
654	2	1	1	Fatty acids	Pentadecyl isocyanate	0	0.0	False	1.0	0	0.0	False	1.0	1.0	1.0
484	2	1	0			0	0.0	False	1.0	0	0.0	False	1.0	1.0	1.0
485	4	1	0			0	0.0	False	1.0	0	0.0	False	1.0	1.0	1.0
487	3	1	0			0	0.0	False	1.0	0	0.0	False	1.0	1.0	1.0
492	4	1	0			0	0.0	False	1.0	0	0.0	False	1.0	1.0	1.0
462	3	1	1	Amino acids and Peptides	15-(butan-2-yl)-12,21-bis(1-hydroxyethyl)-9-(hydroxymethyl)-6,18-bis(2-methylpropyl)-hexacosahydropyrrolo[1,2-a]1,4,7,10,13,16,19,22-octaazacyclotetracosan-1,4,7,10,13,16,19,22-octone	0	0.0	False	1.0	0	0.0	False	1.0	1.0	1.0
463	3	1	1	Fatty acids	2-[2-[2-[2-[carboxymethyl-[2-(2-octadecoxyethoxy)-2-oxoethyl]amino]phenoxy]ethoxy]-N-[2-(2-octadecoxyethoxy)-2-oxoethyl]anilino]acetic acid	0	0.0	False	1.0	0	0.0	False	1.0	1.0	1.0
470	3	1	0			0	0.0	False	1.0	0	0.0	False	1.0	1.0	1.0
472	5	1	0			0	0.0	False	1.0	0	0.0	False	1.0	1.0	1.0
440	3	1	1	Amino acids and Peptides	(3S)-1-[6-[(3R)-2,5-dioxo-3-(4-propan-2-yloxyphenyl)pyrrolidin-1-yl]hexyl]-3-(4-propan-2-yloxyphenyl)pyrrolidine-2,5-dione	0	0.0	False	1.0	0	0.0	False	1.0	1.0	1.0
442	2	1	1	Amino acids and Peptides	Ala-Asp-Tyr	0	0.0	False	1.0	0	0.0	False	1.0	1.0	1.0
450	2	1	1	Amino acids and Peptides	H-DL-Ala-DL-Pro-DL-Val-DL-Arg-DL-Ser-DL-Leu-OH	0	0.0	False	1.0	0	0.0	False	1.0	1.0	1.0
456	5	1	1	Amino acids and Peptides	(2S)-2-amino-N-[(2S)-5-(diaminomethylideneamino)-1-oxopentan-2-yl]-3-methylbutanamide	0	0.0	False	1.0	0	0.0	False	1.0	1.0	1.0
497	2	1	1	Alkaloids	2-{[3,4-dihydroxy-2,5-bis(hydroxymethyl)oxolan-2-yl]oxy}-4,5-dihydroxy-6-(hydroxymethyl)oxan-3-yl 2-amino-3-(1H-indol-3-yl)propanoate	0	0.0	False	1.0	0	0.0	False	1.0	1.0	1.0
506	2	1	1	Amino acids and Peptides	H-Phe-Pro-Leu-Pro-Arg-OH	0	0.0	False	1.0	0	0.0	False	1.0	1.0	1.0
507	2	1	1	Amino acids and Peptides	pentyl N-[(1S,4R,6S,7Z,14S,18R)-18-(7-methoxy-3-methylquinoxalin-2-yl)oxy-4-[(1-methylcyclopropyl)sulfonylcarbamoyl]-2,15-dioxo-3,16-diazatricyclo[14.3.0.04,6]nonadec-7-en-14-yl]carbamate	0	0.0	False	1.0	0	0.0	False	1.0	1.0	1.0
511	3	1	1	Amino acids and Peptides	H-Pro-Ala-Thr-Pro-Ala-Pro-OH	0	0.0	False	1.0	0	0.0	False	1.0	1.0	1.0
422	2	1	1	Fatty acids	Stearidonate	0	0.0	False	1.0	0	0.0	False	1.0	1.0	1.0
426	2	1	1	Amino acids and Peptides	H-DL-Pro-DL-Leu-DL-Ser-DL-Lys-OH	0	0.0	False	1.0	0	0.0	False	1.0	1.0	1.0
432	4	1	0			0	0.0	False	1.0	0	0.0	False	1.0	1.0	1.0
435	2	1	1	Amino acids and Peptides	2-[(2-amino-1-hydroxyethylidene)amino]-3-methylpentanoic acid	0	0.0	False	1.0	0	0.0	False	1.0	1.0	1.0
404	2	1	1	Amino acids and Peptides	H-Val-Val-Arg-Pro-Gly-Ser-Leu-Asp-Leu-Pro-al	0	0.0	False	1.0	0	0.0	False	1.0	1.0	1.0
407	3	1	1	Alkaloids	(4R)-N-methyl-4-[(3R,5S,7R,8R,10S,12S,13R,14S,17R)-3,7,12-trihydroxy-10,13-dimethyl-2,3,4,5,6,7,8,9,11,12,14,15,16,17-tetradecahydro-1H-cyclopenta[a]phenanthren-17-yl]pentanamide	0	0.0	False	1.0	0	0.0	False	1.0	1.0	1.0
410	2	1	0			0	0.0	False	1.0	1	1.0	False	1.0	1.0	1.0
411	2	1	0			0	0.0	False	1.0	0	0.0	False	1.0	1.0	1.0
412	2	1	1	Amino acids and Peptides	Valylvalylarginine	0	0.0	False	1.0	0	0.0	False	1.0	1.0	1.0
419	2	1	1	Amino acids and Peptides	Amathaspiramide C	0	0.0	False	1.0	0	0.0	False	1.0	1.0	1.0
521	3	1	0			0	0.0	False	1.0	0	0.0	False	1.0	1.0	1.0
526	2	1	1	Amino acids and Peptides	H-Ala-Ala-Pro-Val-Val-Pro-Asp-OH	0	0.0	False	1.0	0	0.0	False	1.0	1.0	1.0
527	3	1	1	Fatty acids	Succinimidyl-1,2-di-O-hexadecyl-rac-glyceryl carbonate	0	0.0	False	1.0	0	0.0	False	1.0	1.0	1.0
389	2	1	1	Amino acids and Peptides	Actinosynneptide A	0	0.0	False	1.0	1	1.0	False	1.0	1.0	1.0
392	2	1	1	Amino acids and Peptides	2-[[2-[(2-Amino-3-phenylpropanoyl)amino]acetyl]amino]butanedioic acid	0	0.0	False	1.0	0	0.0	False	1.0	1.0	1.0
393	2	1	1	Amino acids and Peptides	[2-[3,5-Bis[bis(2-hydroxyethyl)carbamoyl]-2,4,6-tribromoanilino]-2-oxoethyl] acetate	0	0.0	False	1.0	0	0.0	False	1.0	1.0	1.0
395	2	1	1	Amino acids and Peptides	H-Ala-Val-Ala-Phe-Tyr-Ile-Pro-al	1	1.0	False	1.0	1	1.0	False	1.0	1.0	1.0
398	2	1	1	Amino acids and Peptides	9-[1-(1,5-dimethylpiperidin-2-yl)ethyl]-10,11b-dimethyl-3-{[3,4,5-trihydroxy-6-(hydroxymethyl)oxan-2-yl]oxy}-1H,2H,3H,4H,4aH,5H,6H,6aH,6bH,7H,8H,9H,11H,11aH,11bH-cyclohexa[a]fluoren-5-one	0	0.0	False	1.0	0	0.0	False	1.0	1.0	1.0
399	4	1	0			0	0.0	False	1.0	0	0.0	False	1.0	1.0	1.0
379	2	1	1	Amino acids and Peptides	gln-leu-val-pro	0	0.0	False	1.0	0	0.0	False	1.0	1.0	1.0
380	3	1	0			0	0.0	False	1.0	0	0.0	False	1.0	1.0	1.0
382	2	1	1	Amino acids and Peptides	Cyclo-(L-Val-L-Glu-L-Val-L-Glu)	0	0.0	False	1.0	0	0.0	False	1.0	1.0	1.0
383	2	1	1	Amino acids and Peptides	H-DL-Ala-DL-Leu-DL-xiThr-DL-Asn-DL-Glu-DL-Ala-OH	0	0.0	False	1.0	1	1.0	False	1.0	1.0	1.0
355	2	1	0			0	0.0	False	1.0	0	0.0	False	1.0	1.0	1.0
357	2	1	1	Amino acids and Peptides	Ac-Ser-Thr-Thr-Ala-Val-OH	0	0.0	False	1.0	0	0.0	False	1.0	1.0	1.0
359	3	1	1	Amino acids and Peptides	(2S)-2-[[(2S)-2-[[(2S)-2-aminopropanoyl]amino]-6-diazo-5-oxohexanoyl]amino]-6-diazo-5-oxohexanoic acid	0	0.0	False	1.0	0	0.0	False	1.0	1.0	1.0
344	3	1	1	Amino acids and Peptides	H-DL-Glu-DL-xiIle-DL-Met-OH	0	0.0	False	1.0	0	0.0	False	1.0	1.0	1.0
347	3	1	1	Amino acids and Peptides	4-methyl-2-{2-methyl-3,5-dioxo-4,6,16-triazatetracyclo[7.7.0.0²,⁶.0¹⁰,¹⁵]hexadeca-1(9),10,12,14-tetraen-4-yl}-N-(4-phenylbutan-2-yl)pentanamide	0	0.0	False	1.0	0	0.0	False	1.0	1.0	1.0
349	2	1	1	Carbohydrates	N-[(3S,4R,5S,6R)-5-[(2R,3S,4R,5S,6R)-3-acetamido-4,5-dihydroxy-6-(hydroxymethyl)oxan-2-yl]oxy-6-(hydroxymethyl)-4-[(2S,3S,4R,5S,6S)-3,4,5-trihydroxy-6-methyloxan-2-yl]oxyoxan-3-yl]acetamide	0	0.0	False	1.0	0	0.0	False	1.0	1.0	1.0
533	2	1	0			0	0.0	False	1.0	0	0.0	False	1.0	1.0	1.0
534	2	1	0			0	0.0	False	1.0	0	0.0	False	1.0	1.0	1.0
544	2	1	1	Amino acids and Peptides	Ac-TPAAFAY-NH2	0	0.0	False	1.0	0	0.0	False	1.0	1.0	1.0
318	2	1	1	Amino acids and Peptides	H-Thr-Ser-Pro-Ile-Tyr-Pro-Gly-OH	0	0.0	False	1.0	0	0.0	False	1.0	1.0	1.0
319	2	1	0			0	0.0	False	1.0	0	0.0	False	1.0	1.0	1.0
320	4	1	1	Amino acids and Peptides	H-Leu-Pro-Val-Pro-Pro-OH	0	0.0	False	1.0	0	0.0	False	1.0	1.0	1.0
331	3	1	1	Amino acids and Peptides	2-cyclopropyl-1-[(2R,3S)-2-(hydroxymethyl)-6-(oxane-4-carbonyl)-3-phenyl-1,6-diazaspiro[3.3]heptan-1-yl]ethanone	0	0.0	False	1.0	1	1.0	False	1.0	1.0	1.0
332	3	1	1	Amino acids and Peptides	Xentrivalpeptide Q	0	0.0	False	1.0	0	0.0	False	1.0	1.0	1.0
333	3	1	1	Amino acids and Peptides	1-Aza-2-oxobicyclo[5.3.0]decane scaffold, 38b	0	0.0	False	1.0	0	0.0	False	1.0	1.0	1.0
305	3	1	1	Amino acids and Peptides	2-{[1-(2-{[(tert-butoxy)carbonyl]amino}-3-methylbutanoyl)piperidin-4-yl]formamido}-3-methylbutanoic acid	0	0.0	False	1.0	0	0.0	False	1.0	1.0	1.0
306	2	1	1	Amino acids and Peptides	Valylglutaminylarginine	0	0.0	False	1.0	0	0.0	False	1.0	1.0	1.0
312	2	1	1	Amino acids and Peptides	H-Val-Leu-Val-Leu-OH	0	0.0	False	1.0	0	0.0	False	1.0	1.0	1.0
313	2	1	1	Amino acids and Peptides		0	0.0	False	1.0	0	0.0	False	1.0	1.0	1.0
314	2	1	1	Amino acids and Peptides	20-(butan-2-yl)-6,18-dihydroxy-10-methyl-11-(2-methylpropyl)-23-(propan-2-yl)-22-oxa-3,4,10,13,19,25,26-heptaazatetracyclo[23.4.0.0³,⁸.0¹³,¹⁷]nonacos-18-ene-2,9,12,21,24-pentone	0	0.0	False	1.0	0	0.0	False	1.0	1.0	1.0
285	3	1	1	Fatty acids	(1R,2S,5S)-N-[(2S,3R)-4-amino-3-hydroxy-4-oxo-1-[(3S)-2-oxopyrrolidin-3-yl]butan-2-yl]-3-[(2S)-2-(3,3-dimethylbutanoylamino)-3,3-dimethylbutanoyl]-6,6-dimethyl-3-azabicyclo[3.1.0]hexane-2-carboxamide	0	0.0	False	1.0	0	0.0	False	1.0	1.0	1.0
289	2	1	1	Amino acids and Peptides	Glidobactin G	0	0.0	False	1.0	0	0.0	False	1.0	1.0	1.0
297	2	1	1	Amino acids and Peptides	H-DL-Asn-DL-Arg-DL-Val-OH	0	0.0	False	1.0	0	0.0	False	1.0	1.0	1.0
547	2	1	0			0	0.0	False	1.0	0	0.0	False	1.0	1.0	1.0
551	2	1	0			0	0.0	False	1.0	0	0.0	False	1.0	1.0	1.0
553	3	1	1	Alkaloids	8-Ethylamino-7-(4-fluoro-benzyl)-1,3-dimethyl-3,7-dihydro-purine-2,6-dione	0	0.0	False	1.0	0	0.0	False	1.0	1.0	1.0
559	2	1	1	Amino acids and Peptides	2-[N-[2-(butylcarbamoyloxy)ethyl]-3-methylanilino]ethyl N-butylcarbamate	0	0.0	False	1.0	0	0.0	False	1.0	1.0	1.0
268	2	1	1	Amino acids and Peptides	Nocardamin	1	1.0	False	1.0	0	0.0	False	1.0	1.0	1.0
281	2	1	1	Amino acids and Peptides	2-[[2-[(2-Amino-4-carboxybutanoyl)amino]acetyl]amino]-4-methylpentanoic acid	0	0.0	False	1.0	0	0.0	False	1.0	1.0	1.0
253	2	1	1	Amino acids and Peptides	(2S)-2-[[2-[[2-[[(E)-4-[[(2S)-1-[[(2S)-1-[[(2S)-1-[[(2S)-1-amino-3-methyl-1-oxobutan-2-yl]amino]-1-oxopropan-2-yl]amino]-1-oxo-3-phenylpropan-2-yl]amino]-1-oxo-3-phenylpropan-2-yl]amino]-4-oxobut-2-enoyl]amino]acetyl]amino]acetyl]amino]-3-phenylpropanoic acid	0	0.0	False	1.0	0	0.0	False	1.0	1.0	1.0
254	2	1	1	Amino acids and Peptides	2-[[(2S)-1-[(2S)-1-[2-[[(2S)-1-[(2S)-1-[2-[[(2S)-1-[(2S)-pyrrolidine-2-carbonyl]pyrrolidine-2-carbonyl]amino]acetyl]pyrrolidine-2-carbonyl]pyrrolidine-2-carbonyl]amino]acetyl]pyrrolidine-2-carbonyl]pyrrolidine-2-carbonyl]amino]acetic acid	0	0.0	False	1.0	1	1.0	False	1.0	1.0	1.0
261	2	1	1	Amino acids and Peptides	Casomorphin, trp(3)-	1	1.0	False	1.0	0	0.0	False	1.0	1.0	1.0
262	2	1	1	Amino acids and Peptides	H-Pyr-Glu-Leu-OH	0	0.0	False	1.0	0	0.0	False	1.0	1.0	1.0
264	2	1	1	Amino acids and Peptides	Glycylglycyl-L-glutaminyl-L-glutaminyl-L-prolylglycyl-L-leucine	1	1.0	False	1.0	0	0.0	False	1.0	1.0	1.0
238	2	1	1	Amino acids and Peptides	Sperabillin A	0	0.0	False	1.0	0	0.0	False	1.0	1.0	1.0
239	2	1	0			0	0.0	False	1.0	0	0.0	False	1.0	1.0	1.0
566	2	1	0			0	0.0	False	1.0	0	0.0	False	1.0	1.0	1.0
567	2	1	0			0	0.0	False	1.0	0	0.0	False	1.0	1.0	1.0
572	2	1	1	Amino acids and Peptides	H-His-Val-Gly-Pro-Ile-Ala-OH	0	0.0	False	1.0	0	0.0	False	1.0	1.0	1.0
573	2	1	1	Amino acids and Peptides	2-({1-[2-(methylsulfanyl)acetyl]-3-{[(propan-2-yl)carbamoyl]amino}pyrrolidin-2-yl}formamido)-3-phenylpropanamide	0	0.0	False	1.0	0	0.0	False	1.0	1.0	1.0
576	2	1	1	Amino acids and Peptides	H-Leu-Val-Phe-Phe-Ala-al	0	0.0	False	1.0	0	0.0	False	1.0	1.0	1.0
579	2	1	1	Amino acids and Peptides	2-[Bis(1-carboxyethyl)amino]propanoic acid	0	0.0	False	1.0	0	0.0	False	1.0	1.0	1.0
199	2	1	0			0	0.0	False	1.0	0	0.0	False	1.0	1.0	1.0
200	2	1	1	Amino acids and Peptides	N-Boc-3-(Dimethylamino)-L-Ala-L-Pro-(2-amino* 1-oxo-2,2-ethanoethane-1-yl)-L-Leu-NH2	0	0.0	False	1.0	0	0.0	False	1.0	1.0	1.0
204	2	1	1	Amino acids and Peptides	Ile-Ile-Ile-Pro	0	0.0	False	1.0	0	0.0	False	1.0	1.0	1.0
205	2	1	0			0	0.0	False	1.0	1	1.0	False	1.0	1.0	1.0
182	2	1	1	Amino acids and Peptides	Antibiotic Fr 900261	0	0.0	False	1.0	0	0.0	False	1.0	1.0	1.0
189	3	1	1	Amino acids and Peptides	15-benzyl-18-(hydroxymethyl)-3-(propan-2-yl)-1,4,10,13,16,19,22-heptaazatricyclo[22.3.0.0⁶,¹⁰]heptacosane-2,5,11,14,17,20,23-heptone	0	0.0	False	1.0	0	0.0	False	1.0	1.0	1.0
190	3	1	0			0	0.0	False	1.0	0	0.0	False	1.0	1.0	1.0
194	2	1	1	Amino acids and Peptides	H-DL-Arg-DL-Arg-DL-Ala-OH	0	0.0	False	1.0	0	0.0	False	1.0	1.0	1.0
195	4	1	1	Amino acids and Peptides	2-[2-({1-[2-(2-aminopropanamido)-4-methylpentanoyl]pyrrolidin-2-yl}formamido)-3-(1H-imidazol-4-yl)propanamido]propanoic acid	0	0.0	False	1.0	0	0.0	False	1.0	1.0	1.0
581	2	1	0			0	0.0	False	1.0	0	0.0	False	1.0	1.0	1.0
586	3	1	0			0	0.0	False	1.0	0	0.0	False	1.0	1.0	1.0
587	3	1	1	Amino acids and Peptides	H-Arg-Tyr-Ala-Val-Val-Pro-Asp-al	0	0.0	False	1.0	1	1.0	False	1.0	1.0	1.0
589	2	1	1	Amino acids and Peptides	8-Hydroxy-7-[[4-[2-[4-[(8-hydroxy-5-sulfoquinolin-7-yl)diazenyl]-2-sulfophenyl]ethenyl]-3-sulfophenyl]diazenyl]quinoline-5-sulfonic acid	0	0.0	False	1.0	0	0.0	False	1.0	1.0	1.0
163	2	1	1	Amino acids and Peptides	3,24,27-tribenzyl-4,13,21,22,25,28-hexamethyl-12-(2-methylpropyl)-1,4,10,13,19,22,25,28-octaazatetracyclo[28.3.0.0⁶,¹⁰.0¹⁵,¹⁹]tritriacontan-2,5,11,14,20,23,26,29-octone	0	0.0	False	1.0	0	0.0	False	1.0	1.0	1.0
168	7	1	0			0	0.0	False	1.0	0	0.0	False	1.0	1.0	1.0
169	2	1	1	Amino acids and Peptides	3-[[4-[[4-[(4,8-Disulfonaphthalen-2-yl)diazenyl]-3-[(2-hydroxyacetyl)amino]phenyl]carbamoylamino]-2-[(2-hydroxyacetyl)amino]phenyl]diazenyl]naphthalene-1,5-disulfonic acid	0	0.0	False	1.0	0	0.0	False	1.0	1.0	1.0
173	2	1	1	Amino acids and Peptides	2-[[2-[(2-Amino-4-carboxybutanoyl)amino]-3-methylbutanoyl]amino]-4-methylpentanoic acid	0	0.0	False	1.0	0	0.0	False	1.0	1.0	1.0
174	2	1	1	Amino acids and Peptides	2-(2-{[1-(2-{2-[2-Amino-3-(3H-imidazol-4-yl)-propionylamino]-propionylamino}-acetyl)-pyrrolidine-2-carbonyl]-amino}-3-methyl-pentanoylamino)-propionic acid	0	0.0	False	1.0	0	0.0	False	1.0	1.0	1.0
178	3	1	0			0	0.0	False	1.0	0	0.0	False	1.0	1.0	1.0
148	2	1	1	Amino acids and Peptides		0	0.0	False	1.0	0	0.0	False	1.0	1.0	1.0
152	3	1	0			1	1.0	False	1.0	1	1.0	False	1.0	1.0	1.0
137	3	1	0			0	0.0	False	1.0	0	0.0	False	1.0	1.0	1.0
138	2	1	1	Amino acids and Peptides	Cycloamanide A	1	1.0	False	1.0	1	1.0	False	1.0	1.0	1.0
140	5	1	1	Amino acids and Peptides	6-(1-Carboxy-2-fluoroethyl)ornithine	0	0.0	False	1.0	0	0.0	False	1.0	1.0	1.0
96	2	1	1	Alkaloids	N'-acetyl-2-fluoro-3-methylbenzohydrazide	0	0.0	False	1.0	0	0.0	False	1.0	1.0	1.0
108	3	1	1	Fatty acids	2,6-Dimethylheptan-4-yl acetate	0	0.0	False	1.0	0	0.0	False	1.0	1.0	1.0
109	5	1	1	Alkaloids	Thiourea, N,N'-bis(2-methylphenyl)-	0	0.0	False	1.0	0	0.0	False	1.0	1.0	1.0
112	2	1	1	Amino acids and Peptides	Methanol, (((1-methyl-2-(5-methyl-3-oxazolidinyl)ethoxy)methoxy)methoxy)-	0	0.0	False	1.0	0	0.0	False	1.0	1.0	1.0
597	2	1	0			0	0.0	False	1.0	0	0.0	False	1.0	1.0	1.0
600	2	1	0			1	1.0	False	1.0	0	0.0	False	1.0	1.0	1.0
612	2	1	1	Shikimates and Phenylpropanoids	1-[(5R)-3-(3-fluoro-4-hydroxyphenyl)-4,5-dihydro-1,2-oxazol-5-yl]propan-2-one	0	0.0	False	1.0	0	0.0	False	1.0	1.0	1.0
61	2	1	1	Amino acids and Peptides	deamino-Tyr-DL-Pro-DL-Pro-Gly-DL-Ala-Gly-OH	0	0.0	False	1.0	0	0.0	False	1.0	1.0	1.0
63	2	1	1	Amino acids and Peptides	1-[2-({1-[2-(2-aminoacetamido)-3-phenylpropanoyl]-4-hydroxypyrrolidin-2-yl}formamido)acetyl]pyrrolidine-2-carboxylic acid	0	0.0	False	1.0	1	1.0	False	1.0	1.0	1.0
65	4	1	1	Amino acids and Peptides	Destruxin B	0	0.0	False	1.0	0	0.0	False	1.0	1.0	1.0
66	3	1	0			0	0.0	False	1.0	1	1.0	False	1.0	1.0	1.0
70	2	1	1	Amino acids and Peptides	N-Acetyl-L-alanyl-D-alanyl-D-alanine	0	0.0	False	1.0	0	0.0	False	1.0	1.0	1.0
71	4	1	0			0	0.0	False	1.0	0	0.0	False	1.0	1.0	1.0
76	3	1	0			0	0.0	False	1.0	0	0.0	False	1.0	1.0	1.0
25	2	1	1	Amino acids and Peptides	H-DL-xiThr-DL-Pro-DL-Leu-DL-Asn-OH	1	1.0	False	1.0	1	1.0	False	1.0	1.0	1.0
27	2	1	1	Amino acids and Peptides	2-{[4-({3-[(1,2-dicarboxyethyl)-C-hydroxycarbonimidoyl]-2-[(1,3-dihydroxydodecylidene)amino]-1-hydroxypropylidene}amino)-4-[(1,1-dimethoxy-4-methylpentan-2-yl)-C-hydroxycarbonimidoyl]-1-hydroxybutylidene]amino}pentanedioic acid	0	0.0	False	1.0	0	0.0	False	1.0	1.0	1.0
31	3	1	1	Amino acids and Peptides	(2S)-1-[(2S)-2-[[(2S)-2-acetamidopropanoyl]amino]-3-methylbutanoyl]pyrrolidine-2-carboxylic acid	0	0.0	False	1.0	0	0.0	False	1.0	1.0	1.0
41	2	1	1	Amino acids and Peptides	Glptgg	0	0.0	False	1.0	0	0.0	False	1.0	1.0	1.0
618	2	1	1	Amino acids and Peptides	H-Gly-DL-Tyr-DL-Phe-DL-Arg-DL-Phe-OH	0	0.0	False	1.0	0	0.0	False	1.0	1.0	1.0
619	2	1	1	Amino acids and Peptides	N-[5-(pentanoylamino)-1-naphthyl]pentanamide	1	1.0	False	1.0	1	1.0	False	1.0	1.0	1.0
624	2	1	1	Alkaloids	N'-(3-ethenylsilylpropyl)-N-ethylmethanediamine	0	0.0	False	1.0	0	0.0	False	1.0	1.0	1.0
625	2	1	1	Amino acids and Peptides	Pipecolylpipecolylpipecolic acid, N-butoxycarbonyl-, butyl ester	0	0.0	False	1.0	0	0.0	False	1.0	1.0	1.0
628	2	1	1	Fatty acids	1-Hexadecanoyl-Sn-Glycero-3-Phosphoethanolamine	0	0.0	False	1.0	0	0.0	False	1.0	1.0	1.0
630	2	1	1	Amino acids and Peptides	H-DL-Leu-Gly-DL-xiThr-DL-xiIle-DL-Pro-Gly-OH	0	0.0	False	1.0	0	0.0	False	1.0	1.0	1.0
632	2	1	1	Amino acids and Peptides	L-proline, N2-((1S)-1-carboxy-3-phenylpropyl)-N6-((4-hydroxyphenyl)iminomethyl)-L-lysyl-	0	0.0	False	1.0	0	0.0	False	1.0	1.0	1.0
658	2	1	1	Fatty acids	1,1,2-Trichloro-2-ethynyldimethyldisilane	0	0.0	False	1.0	0	0.0	False	1.0	1.0	1.0
