row_id	mz	rt	median_a	median_b	log2FC_a_over_b	prevalence_a	prevalence_b	prevalence_diff	U_stat	p_value	q_value	species	family	group_a	group_b	direction	liq_over_spore_log2fc	row ID	sirius_formula	sirius_adduct	sirius_structure_name	sirius_structure_smiles	sirius_structure_confidence	sirius_npc_pathway	sirius_npc_class	sirius_classyfire_class	sirius_source_feature_id	sirius_source_run	annotation_origin	n_candidates	source_mz	source_rt	feature_mz	feature_rt	ppm_error	rt_delta_min	ms2_cosine	match_class	match_status	n_sirius_hits	sirius_hit_ids	sirius_hit_formulas	merged_conflict	is_liq_enriched	passes_media_blank	is_secreted_candidate	bioactive
249	218.2119	3.265	0.0	0.0025479073432715	-12.228276319090206	0.4	1.0	-0.6	0.0	0.0006660006660006	0.0315608201322487	dendrobatidis	life_stage	liq_Zoospore	liq_Developed	up_in_liq_Developed	2.3959906046643105	249.0	C12H27NO2	[M + H]+	Ethanol, 2,2'-(octylimino)bis-	CCCCCCCCN(CCO)CCO	0.915	Fatty acids	Sphingoid bases	Organonitrogen compounds	7281.0	EB-MSV000090464-gnps_ms2	transferred	1.0	218.2118	3.26	218.2119	3.265	0.458	0.005	1.0	unique	assigned	1.0	7281.0	C12H27NO2	False	True	False	False	True
2270	262.2383	3.445452	0.0	0.0001592929633043	-8.233219562641128	0.2	1.0	-0.8	0.0	0.0006660006660006	0.0315608201322487	dendrobatidis	life_stage	liq_Zoospore	liq_Developed	up_in_liq_Developed	2.677893874288413	2270.0	C14H31NO3	[M + H]+	PEG-3 caprylamine	CCCCCCCCN(CCO)CCOCCO	0.922	Fatty acids	Sphingoid bases	Organonitrogen compounds	7718.0	EB-MSV000090464-gnps_ms2	transferred	1.0	262.2382	3.45	262.2383	3.445452	0.381	-0.005	0.9999	unique	assigned	1.0	7718.0	C14H31NO3	False	True	False	False	True
2624	650.367	3.245	0.00013730374743	0.0	8.01967563569536	1.0	0.0	1.0	50.0	0.0003330003330003	0.0315608201322487	dendrobatidis	life_stage	liq_Zoospore	liq_Developed	up_in_liq_Zoospore	0.0																											False	False	False	False
3880	174.1852	3.231192	0.0	0.0001234536446652	-7.866897606962436	0.0	1.0	-1.0	0.0	0.0006660006660006	0.0315608201322487	dendrobatidis	life_stage	liq_Zoospore	liq_Developed	up_in_liq_Developed	2.5137697827027874																											True	False	False	False
3726	677.3293	3.041667	0.0	0.0001218037302025	-7.8475702064127075	0.2	1.0	-0.8	0.0	0.0006660006660006	0.0315608201322487	dendrobatidis	life_stage	liq_Zoospore	liq_Developed	up_in_liq_Developed	5.497407623533251	3726.0	C35H44N6O8	[M + H]+	2-Arg-5-leu-enkephalin	CC(C)CC(C(=O)O)NC(=O)C(CC1=CC=CC=C1)NC(=O)CNC(=O)C(CCCN=C(N)N)NC(=O)C(CC2=CC=C(C=C2)O)N	0.556	Amino acids and Peptides	Tripeptides	Carboxylic acids and derivatives	6836.0	EB-MSV000090464-gnps_ms2	transferred	2.0	677.3288	3.05	677.3293	3.041667	0.738	-0.008	1.0	unique	assigned	1.0	6836.0	C35H44N6O8	False	True	True	True	False
3782	650.8707	3.245	0.0001197143059332	0.0	7.822716772149726	1.0	0.0	1.0	50.0	0.0003330003330003	0.0315608201322487	dendrobatidis	life_stage	liq_Zoospore	liq_Developed	up_in_liq_Zoospore	0.0																											False	False	False	False
5085	1452.816	3.975925	0.0	0.0001161177477942	-7.778907062441183	0.0	1.0	-1.0	0.0	0.0006660006660006	0.0315608201322487	dendrobatidis	life_stage	liq_Zoospore	liq_Developed	up_in_liq_Developed	6.036466088100706																											True	True	True	False
7125	785.419	3.217046	0.0	0.0001009234361903	-7.577568422070822	0.2	1.0	-0.8	0.0	0.0006660006660006	0.0315608201322487	dendrobatidis	life_stage	liq_Zoospore	liq_Developed	up_in_liq_Developed	7.104917061069129																											True	True	True	False
7500	262.202	1.849	0.0	9.808563264974757e-05	-7.536639419995533	0.0	1.0	-1.0	0.0	0.0006660006660006	0.0315608201322487	dendrobatidis	life_stage	liq_Zoospore	liq_Developed	up_in_liq_Developed	0.3205569657140507	7500.0	C13H27NO4	[M + H]+		CCCCC(CC(C(CO)NC(=O)CCC)O)O	0.021	Amino acids and Peptides	Dipeptides	Carboxylic acids and derivatives	7500.0	native-EB97X;native-full-e9838293-bagel	native	1.0								native	native	1.0	7500.0	C13H27NO4	False	False	False	False	False
3157	670.3433	0.589	0.0	9.690779961985808e-05	-7.5193048106958225	0.2	1.0	-0.8	0.0	0.0006660006660006	0.0315608201322487	dendrobatidis	life_stage	liq_Zoospore	liq_Developed	up_in_liq_Developed	6.626921401412293																											True	True	True	False
3278	234.2062	3.497201	0.0	8.939063765885924e-05	-7.403476914497542	0.0	1.0	-1.0	0.0	0.0006660006660006	0.0315608201322487	dendrobatidis	life_stage	liq_Zoospore	liq_Developed	up_in_liq_Developed	6.962804245529385	3278.0	C12H27NO3	[M + H]+	2-(Hydroxymethyl)-2-(octylamino)propane-1,3-diol	CCCCCCCCNC(CO)(CO)CO	0.709	Fatty acids	Sphingoid bases	Organonitrogen compounds	7792.0	EB-MSV000090464-gnps_ms2	transferred	1.0	234.2062	3.49	234.2062	3.497201	0.0	0.007	0.9978	unique	assigned	1.0	7792.0	C12H27NO3	False	True	False	False	True
7219	674.4066	3.354	7.083955686323412e-05	0.0	7.0701381517106725	1.0	0.4	0.6	50.0	0.0003330003330003	0.0315608201322487	dendrobatidis	life_stage	liq_Zoospore	liq_Developed	up_in_liq_Zoospore	5.943686488911189																											True	False	False	False
7934	445.2275	0.58	6.567688537475371e-05	0.0	6.961812371201571	1.0	0.2	0.8	50.0	0.0003330003330003	0.0315608201322487	dendrobatidis	life_stage	liq_Zoospore	liq_Developed	up_in_liq_Zoospore	0.0																											False	False	False	False
38417	247.2453	4.67907	0.0	5.950086708436204e-05	-6.82053813602428	0.4	1.0	-0.6	0.0	0.0006660006660006	0.0315608201322487	dendrobatidis	life_stage	liq_Zoospore	liq_Developed	up_in_liq_Developed	-0.3830172740487471																											False	False	False	False
9850	494.7864	2.151	5.496265655214781e-05	0.0	6.707132708874171	1.0	0.3	0.7	49.0	0.0006660006660006	0.0315608201322487	dendrobatidis	life_stage	liq_Zoospore	liq_Developed	up_in_liq_Zoospore	5.363771722409842																											True	False	False	False
16317	683.3433	1.944865	5.457832483570144e-05	0.0	6.697106316462396	1.0	0.3	0.7	49.0	0.0006660006660006	0.0315608201322487	dendrobatidis	life_stage	liq_Zoospore	liq_Developed	up_in_liq_Zoospore	5.319351750014994																											True	False	False	False
8012	656.8702	2.572	4.866072199892871e-05	0.0	6.533225814397686	1.0	0.0	1.0	50.0	0.0003330003330003	0.0315608201322487	dendrobatidis	life_stage	liq_Zoospore	liq_Developed	up_in_liq_Zoospore	0.0																											False	False	False	False
11103	373.2076	3.088257	4.694267951408055e-05	0.0	6.481938259806412	1.0	0.2	0.8	50.0	0.0003330003330003	0.0315608201322487	dendrobatidis	life_stage	liq_Zoospore	liq_Developed	up_in_liq_Zoospore	0.0																											False	False	False	False
17836	685.4261	1.896	4.525584669105463e-05	0.0	6.429743737792218	1.0	0.4	0.6	49.0	0.0006660006660006	0.0315608201322487	dendrobatidis	life_stage	liq_Zoospore	liq_Developed	up_in_liq_Zoospore	5.585423663268032																											True	False	False	False
8730	555.527	5.52691	0.0	4.457627768049431e-05	-6.408170804788048	0.2	1.0	-0.8	0.0	0.0006660006660006	0.0315608201322487	dendrobatidis	life_stage	liq_Zoospore	liq_Developed	up_in_liq_Developed	-2.3764083309790967	8730.0	C35H70O4	[M + H]+	1,3-Dihydroxypropan-2-yl dotriacontanoate	CCCCCCCCCCCCCCCCCCCCCCCCCCCCCCCC(=O)OC(CO)CO	0.15	Fatty acids	Cholane steroids	Steroids and steroid derivatives	8730.0	native-full-e9838293-bagel	native	1.0								native	native	1.0	8730.0	C35H70O4	False	False	False	False	False
15481	698.4218	1.676	4.444235431664669e-05	0.0	6.403881088393545	1.0	0.4	0.6	50.0	0.0003330003330003	0.0315608201322487	dendrobatidis	life_stage	liq_Zoospore	liq_Developed	up_in_liq_Zoospore	5.399317751101116																											True	False	False	False
14424	309.6557	2.168	4.287373754688049e-05	0.0	6.352663260518439	1.0	0.4	0.6	49.0	0.0006660006660006	0.0315608201322487	dendrobatidis	life_stage	liq_Zoospore	liq_Developed	up_in_liq_Zoospore	4.574818945435694																											True	False	False	False
13740	1109.476	2.18	4.261987779240998e-05	0.0	6.344200673648262	1.0	0.3	0.7	49.0	0.0006660006660006	0.0315608201322487	dendrobatidis	life_stage	liq_Zoospore	liq_Developed	up_in_liq_Zoospore	4.907703633658815																											True	False	False	False
30191	1549.8669	4.305971	0.0	4.237373135901e-05	-6.335947540941375	0.4	1.0	-0.6	0.0	0.0006660006660006	0.0315608201322487	dendrobatidis	life_stage	liq_Zoospore	liq_Developed	up_in_liq_Developed	4.831157601730157																											True	True	True	False
7023	555.527	5.514973	0.0	4.157438131316271e-05	-6.308815499180812	0.0	1.0	-1.0	0.0	0.0006660006660006	0.0315608201322487	dendrobatidis	life_stage	liq_Zoospore	liq_Developed	up_in_liq_Developed	-2.1146267487932766	7023.0	C34H67FN2O2	[M + H]+	1,3-Dihydroxypropan-2-yl dotriacontanoate	CCCCCCCCCCCCCCCCCCCCCCCCCCCCCCCC(=O)OC(CO)CO	0.15	Fatty acids	Cholane steroids	Steroids and steroid derivatives	8817.0	EB-MSV000090464-gnps_ms2	transferred	2.0	555.5274	5.52	555.527	5.514973	-0.72	-0.005	0.9966	ms2_tie	assigned	1.0	8817.0	C34H67FN2O2	False	False	False	False	False
16323	499.3235	0.95947	3.505440717329358e-05	0.0	6.066097393287219	1.0	0.3	0.7	50.0	0.0003330003330003	0.0315608201322487	dendrobatidis	life_stage	liq_Zoospore	liq_Developed	up_in_liq_Zoospore	4.982923224672324																											True	False	False	False
18157	577.3353	1.47908	3.485823523534379e-05	0.0	6.058122262967272	1.0	0.4	0.6	50.0	0.0003330003330003	0.0315608201322487	dendrobatidis	life_stage	liq_Zoospore	liq_Developed	up_in_liq_Zoospore	4.766213467185468																											True	False	False	False
8089	493.246	3.358	3.441512860887436e-05	0.0	6.039944382160999	1.0	0.4	0.6	50.0	0.0003330003330003	0.0315608201322487	dendrobatidis	life_stage	liq_Zoospore	liq_Developed	up_in_liq_Zoospore	5.004071514845188																											True	False	False	False
17311	344.7057	3.021247	3.375379314361341e-05	0.0	6.012380658665	1.0	0.4	0.6	50.0	0.0003330003330003	0.0315608201322487	dendrobatidis	life_stage	liq_Zoospore	liq_Developed	up_in_liq_Zoospore	5.253725155378049																											True	False	False	False
8555	493.5808	3.3595	3.114209245459155e-05	0.0	5.898070006399444	1.0	0.3	0.7	49.0	0.0006660006660006	0.0315608201322487	dendrobatidis	life_stage	liq_Zoospore	liq_Developed	up_in_liq_Zoospore	5.03929752194953																											True	False	False	False
9163	257.1792	0.602	3.0705791074962804e-05	0.0	5.878058605778735	1.0	0.3	0.7	50.0	0.0003330003330003	0.0315608201322487	dendrobatidis	life_stage	liq_Zoospore	liq_Developed	up_in_liq_Zoospore	-2.9504614465792143																											False	False	False	False
18860	1600.8861	4.201	0.0	3.067622367031658e-05	-5.876692371350265	0.0	1.0	-1.0	0.0	0.0006660006660006	0.0315608201322487	dendrobatidis	life_stage	liq_Zoospore	liq_Developed	up_in_liq_Developed	4.466165472520369																											True	True	True	False
10403	457.7792	3.115	0.0	2.838161882015513e-05	-5.766512102699626	0.0	1.0	-1.0	0.0	0.0006660006660006	0.0315608201322487	dendrobatidis	life_stage	liq_Zoospore	liq_Developed	up_in_liq_Developed	5.170772744131067																											True	True	True	False
5218	492.7847	3.653475	0.0	2.755447523052256e-05	-5.724637210342409	0.4	1.0	-0.6	0.0	0.0006660006660006	0.0315608201322487	dendrobatidis	life_stage	liq_Zoospore	liq_Developed	up_in_liq_Developed	4.964747047096418																											True	True	True	False
13930	667.8449	2.268853	2.725880675148408e-05	0.0	5.709368865679197	1.0	0.0	1.0	50.0	0.0003330003330003	0.0315608201322487	dendrobatidis	life_stage	liq_Zoospore	liq_Developed	up_in_liq_Zoospore	0.0																											False	False	False	False
19547	290.2693	4.378805	0.0	2.725769076224129e-05	-5.709310928706591	0.2	1.0	-0.8	0.0	0.0006660006660006	0.0315608201322487	dendrobatidis	life_stage	liq_Zoospore	liq_Developed	up_in_liq_Developed	5.414200449074183																											True	False	False	False
16873	364.2104	2.223	2.351577917511768e-05	0.0	5.500657740486258	1.0	0.2	0.8	50.0	0.0003330003330003	0.0315608201322487	dendrobatidis	life_stage	liq_Zoospore	liq_Developed	up_in_liq_Zoospore	0.0																											False	False	False	False
16300	1130.5737	3.669634	0.0	2.329012762213975e-05	-5.487055846492354	0.0	1.0	-1.0	0.0	0.0006660006660006	0.0315608201322487	dendrobatidis	life_stage	liq_Zoospore	liq_Developed	up_in_liq_Developed	4.739515876122																											True	True	True	False
17216	267.1576	1.501	2.2516600805330592e-05	0.0	5.439430969130148	1.0	0.1	0.9	49.0	0.0006660006660006	0.0315608201322487	dendrobatidis	life_stage	liq_Zoospore	liq_Developed	up_in_liq_Zoospore	0.0																											False	False	False	False
17097	550.3123	4.149	0.0	1.965594640876337e-05	-5.248238191140638	0.4	1.0	-0.6	0.0	0.0006660006660006	0.0315608201322487	dendrobatidis	life_stage	liq_Zoospore	liq_Developed	up_in_liq_Developed	3.782390486342411																											True	True	True	False
20537	1217.6049	4.242	1.959786431644791e-05	0.0	5.244081296550362	1.0	0.3	0.7	50.0	0.0003330003330003	0.0315608201322487	dendrobatidis	life_stage	liq_Zoospore	liq_Developed	up_in_liq_Zoospore	3.679337157187271																											True	False	False	False
22446	290.2508	4.536913	0.0	1.958416002869191e-05	-5.243098741404682	0.0	1.0	-1.0	0.0	0.0006660006660006	0.0315608201322487	dendrobatidis	life_stage	liq_Zoospore	liq_Developed	up_in_liq_Developed	4.935157145539589																											True	False	False	False
17706	318.5005	1.468733	1.9186909360734584e-05	0.0	5.214322300059247	1.0	0.4	0.6	50.0	0.0003330003330003	0.0315608201322487	dendrobatidis	life_stage	liq_Zoospore	liq_Developed	up_in_liq_Zoospore	4.426671711334629																											True	False	False	False
24034	488.2302	3.729509	0.0	1.8665940269264425e-05	-5.175692335659613	0.4	1.0	-0.6	0.0	0.0006660006660006	0.0315608201322487	dendrobatidis	life_stage	liq_Zoospore	liq_Developed	up_in_liq_Developed	4.447157868891557																											True	True	True	False
20163	374.2903	5.723338	0.0	1.8101465772124274e-05	-5.132634844787039	0.0	1.0	-1.0	0.0	0.0006660006660006	0.0315608201322487	dendrobatidis	life_stage	liq_Zoospore	liq_Developed	up_in_liq_Developed	4.998028152125155																											True	False	False	False
31861	784.9266	4.287918	1.808944849103071e-05	0.0	5.131704063554368	1.0	0.1	0.9	50.0	0.0003330003330003	0.0315608201322487	dendrobatidis	life_stage	liq_Zoospore	liq_Developed	up_in_liq_Zoospore	0.0																											False	False	False	False
23719	232.2266	3.9475	0.0	1.6966529590281777e-05	-5.04196810750458	0.0	1.0	-1.0	0.0	0.0006660006660006	0.0315608201322487	dendrobatidis	life_stage	liq_Zoospore	liq_Developed	up_in_liq_Developed	4.886397233591215																											True	False	False	False
32371	821.4565	4.056831	1.5116957908319982e-05	0.0	4.880792465911584	1.0	0.2	0.8	49.0	0.0006660006660006	0.0315608201322487	dendrobatidis	life_stage	liq_Zoospore	liq_Developed	up_in_liq_Zoospore	0.0																											False	False	False	False
22354	217.4358	5.521088	0.0	1.474062515339814e-05	-4.845671950579374	0.2	1.0	-0.8	0.0	0.0006660006660006	0.0315608201322487	dendrobatidis	life_stage	liq_Zoospore	liq_Developed	up_in_liq_Developed	-3.198219339428581																											False	False	False	False
26525	1218.6167	3.969077	1.4144183128300985e-05	0.0	4.788197337490633	1.0	0.3	0.7	50.0	0.0003330003330003	0.0315608201322487	dendrobatidis	life_stage	liq_Zoospore	liq_Developed	up_in_liq_Zoospore	3.292156416915738																											True	False	False	False
7440	470.3501	6.7472	1.4034604815579152e-05	0.0	4.777384531455681	1.0	0.3	0.7	50.0	0.0003330003330003	0.0315608201322487	dendrobatidis	life_stage	liq_Zoospore	liq_Developed	up_in_liq_Zoospore	-9.397544639673976	7440.0	C26H47NO6	[M + H]+	(2S,3S,4S,5R)-2,3,4,5,6-pentahydroxy-N-octadecylhexanamide	CCCCCCCCCCCCCCCCCCNC(=O)C(C(C(C(CO)O)O)O)O	0.125	Fatty acids	Open-chain polyketides	Fatty Acyls	7440.0	native-full-e9838293-bagel	native	1.0								native	native	1.0	7440.0	C26H47NO6	False	False	True	False	True
28409	290.2692	4.032845	0.0	1.3984449052961625e-05	-4.772408169633888	0.0	1.0	-1.0	0.0	0.0006660006660006	0.0315608201322487	dendrobatidis	life_stage	liq_Zoospore	liq_Developed	up_in_liq_Developed	4.321744527020023																											True	False	False	False
26174	212.2379	5.544891	0.0	1.397164764116866e-05	-4.77113528282378	0.4	1.0	-0.6	0.0	0.0006660006660006	0.0315608201322487	dendrobatidis	life_stage	liq_Zoospore	liq_Developed	up_in_liq_Developed	-3.188039960673769																											False	False	False	False
14626	321.6701	1.870551	1.3899675092307e-05	0.0	4.76395783126212	1.0	0.0	1.0	50.0	0.0003330003330003	0.0315608201322487	dendrobatidis	life_stage	liq_Zoospore	liq_Developed	up_in_liq_Zoospore	0.0																											False	False	False	False
23918	338.2456	5.427498	0.0	1.3779963643157898e-05	-4.751939962670704	0.0	1.0	-1.0	0.0	0.0006660006660006	0.0315608201322487	dendrobatidis	life_stage	liq_Zoospore	liq_Developed	up_in_liq_Developed	4.249519040397301																											True	False	False	False
18027	460.2693	6.701469	0.0	1.3462397945571992e-05	-4.719565753750758	0.2	1.0	-0.8	0.0	0.0006660006660006	0.0315608201322487	dendrobatidis	life_stage	liq_Zoospore	liq_Developed	up_in_liq_Developed	-3.2925291667233063																											False	False	False	False
1983	519.3457	6.994017	1.322571280091874e-05	0.0	4.6949554227544645	1.0	0.4	0.6	50.0	0.0003330003330003	0.0315608201322487	dendrobatidis	life_stage	liq_Zoospore	liq_Developed	up_in_liq_Zoospore	-9.946980421637528																											False	True	False	False
27618	738.4114	4.145105	1.2801720627982329e-05	0.0	4.649791263252765	1.0	0.0	1.0	50.0	0.0003330003330003	0.0315608201322487	dendrobatidis	life_stage	liq_Zoospore	liq_Developed	up_in_liq_Zoospore	0.0																											False	False	False	False
27816	767.5379	7.58102	0.0	1.2435684477847643e-05	-4.6096300774419285	0.4	1.0	-0.6	0.0	0.0006660006660006	0.0315608201322487	dendrobatidis	life_stage	liq_Zoospore	liq_Developed	up_in_liq_Developed	3.286680864279669																											True	False	False	False
30554	867.5478	4.166383	0.0	1.2392295110117108e-05	-4.604794455003535	0.2	1.0	-0.8	0.0	0.0006660006660006	0.0315608201322487	dendrobatidis	life_stage	liq_Zoospore	liq_Developed	up_in_liq_Developed	3.765480914106668																											True	True	True	False
29701	507.8109	3.754339	1.2383296097734893e-05	0.0	4.603789507907156	1.0	0.4	0.6	49.0	0.0006660006660006	0.0315608201322487	dendrobatidis	life_stage	liq_Zoospore	liq_Developed	up_in_liq_Zoospore	3.9057775717945744																											True	False	False	False
15575	529.9399	4.206	0.0	1.2322099560961256e-05	-4.596936874804979	0.0	1.0	-1.0	0.0	0.0006660006660006	0.0315608201322487	dendrobatidis	life_stage	liq_Zoospore	liq_Developed	up_in_liq_Developed	3.706310802077129																											True	True	True	False
19005	306.2654	4.719869	0.0	1.2126129162949756e-05	-4.574770995345128	0.2	1.0	-0.8	0.0	0.0006660006660006	0.0315608201322487	dendrobatidis	life_stage	liq_Zoospore	liq_Developed	up_in_liq_Developed	4.435859801090102																											True	False	False	False
34485	832.4642	4.278054	0.0	1.2031488436283985e-05	-4.563943154570737	0.2	1.0	-0.8	0.0	0.0006660006660006	0.0315608201322487	dendrobatidis	life_stage	liq_Zoospore	liq_Developed	up_in_liq_Developed	4.403575108431391																											True	False	False	False
24800	388.3051	5.952241	0.0	1.1985341652998449e-05	-4.558633883741675	0.0	1.0	-1.0	0.0	0.0006660006660006	0.0315608201322487	dendrobatidis	life_stage	liq_Zoospore	liq_Developed	up_in_liq_Developed	4.431755424151937																											True	False	False	False
32867	246.2567	4.669802	0.0	1.1823058537521491e-05	-4.539806198912161	0.2	1.0	-0.8	0.0	0.0006660006660006	0.0315608201322487	dendrobatidis	life_stage	liq_Zoospore	liq_Developed	up_in_liq_Developed	4.296738967936571	32867.0	C13H31N3O	[M + H]+	1-[Bis[3-(dimethylamino)propyl]amino]propan-2-ol	CC(CN(CCCN(C)C)CCCN(C)C)O	0.039	Fatty acids	Sphingoid bases	Organonitrogen compounds	32867.0	native-full-e9838293-bagel	native	1.0								native	native	1.0	32867.0	C13H31N3O	False	True	False	False	True
26441	404.3026	5.632817	0.0	1.1793359457081878e-05	-4.536333828431016	0.0	1.0	-1.0	0.0	0.0006660006660006	0.0315608201322487	dendrobatidis	life_stage	liq_Zoospore	liq_Developed	up_in_liq_Developed	4.2640554242595385																											True	False	False	False
1571	290.2693	4.641293	1.1121607927536291e-05	0.000269464701739	-4.534196932669428	1.0	1.0	0.0	0.0	0.0006660006660006	0.0315608201322487	dendrobatidis	life_stage	liq_Zoospore	liq_Developed	up_in_liq_Developed	0.5191682117533143	1571.0	C16H35NO3	[M + H]+	Peg-3 capramine	CCCCCCCCCCN(CCO)CCOCCO	0.911	Fatty acids	Sphingoid bases	Organonitrogen compounds	8747.0	EB-MSV000090464-gnps_ms2	transferred	2.0	290.2694	4.63	290.2693	4.641293	-0.345	0.011	1.0	unique	assigned	1.0	8747.0	C16H35NO3	False	False	False	False	True
399	887.465	3.740481	6.399541760961209e-05	0.0014788515037947	-4.518958718339664	1.0	1.0	0.0	0.0	0.0006660006660006	0.0315608201322487	dendrobatidis	life_stage	liq_Zoospore	liq_Developed	up_in_liq_Developed	3.394505191595874																											True	True	True	False
17712	497.2508	3.979	0.0	1.1584302799922048e-05	-4.511651876003252	0.2	1.0	-0.8	0.0	0.0006660006660006	0.0315608201322487	dendrobatidis	life_stage	liq_Zoospore	liq_Developed	up_in_liq_Developed	4.271399556762158																											True	True	True	False
726	888.4688	3.733293	3.494771650481156e-05	0.0007929981921962	-4.483252744442822	1.0	1.0	0.0	0.0	0.0006660006660006	0.0315608201322487	dendrobatidis	life_stage	liq_Zoospore	liq_Developed	up_in_liq_Developed	8.176572695084689																											True	True	True	False
19905	372.3474	7.20723	0.0	1.1312106166480046e-05	-4.478869268828329	0.2	1.0	-0.8	0.0	0.0006660006660006	0.0315608201322487	dendrobatidis	life_stage	liq_Zoospore	liq_Developed	up_in_liq_Developed	-2.0193256574788205																											False	False	False	False
31363	719.3925	4.309972	0.0	1.1125156326990126e-05	-4.455914127754115	0.2	1.0	-0.8	0.0	0.0006660006660006	0.0315608201322487	dendrobatidis	life_stage	liq_Zoospore	liq_Developed	up_in_liq_Developed	3.946670647746559																											True	False	False	False
26899	154.3923	5.596572	0.0	1.1075199708083376e-05	-4.449717721273995	0.2	1.0	-0.8	0.0	0.0006660006660006	0.0315608201322487	dendrobatidis	life_stage	liq_Zoospore	liq_Developed	up_in_liq_Developed	-2.542167467084982																											False	False	False	False
26923	659.3416	4.2045	1.0995057412659076e-05	0.0	4.439721281112941	1.0	0.4	0.6	50.0	0.0003330003330003	0.0315608201322487	dendrobatidis	life_stage	liq_Zoospore	liq_Developed	up_in_liq_Zoospore	3.553120631978388																											True	False	False	False
23694	658.8386	4.211	1.093070913907006e-05	0.0	4.431644448299921	1.0	0.3	0.7	50.0	0.0003330003330003	0.0315608201322487	dendrobatidis	life_stage	liq_Zoospore	liq_Developed	up_in_liq_Zoospore	2.7053037065704446																											True	False	False	False
30622	230.2491	4.894036	0.0	1.0562523584532828e-05	-4.3845404515462905	0.0	1.0	-1.0	0.0	0.0006660006660006	0.0315608201322487	dendrobatidis	life_stage	liq_Zoospore	liq_Developed	up_in_liq_Developed	4.175960209190282																											True	False	False	False
25571	370.2429	5.057538	0.0	1.0463761910169012e-05	-4.371639285130352	0.2	1.0	-0.8	0.0	0.0006660006660006	0.0315608201322487	dendrobatidis	life_stage	liq_Zoospore	liq_Developed	up_in_liq_Developed	2.637484723751211																											True	True	True	False
9325	286.3115	6.764104	0.0	1.0361962834899286e-05	-4.358219488103854	0.4	1.0	-0.6	0.0	0.0006660006660006	0.0315608201322487	dendrobatidis	life_stage	liq_Zoospore	liq_Developed	up_in_liq_Developed	-6.063281632652753	9325.0	C18H39NO	[M + H]+	2-[Heptyl(nonyl)amino]ethanol	CCCCCCCCCN(CCCCCCC)CCO	0.188	Fatty acids	Sphingoid bases	Organonitrogen compounds	9325.0	native-full-e9838293-bagel	native	1.0								native	native	1.0	9325.0	C18H39NO	False	False	False	False	True
29006	790.5897	7.749751	0.0	1.0306278735989692e-05	-4.35082569731116	0.0	1.0	-1.0	0.0	0.0006660006660006	0.0315608201322487	dendrobatidis	life_stage	liq_Zoospore	liq_Developed	up_in_liq_Developed	4.08739082132444																											True	False	False	False
30630	317.2857	5.526501	0.0	1.016974661239412e-05	-4.33253482996942	0.4	1.0	-0.6	0.0	0.0006660006660006	0.0315608201322487	dendrobatidis	life_stage	liq_Zoospore	liq_Developed	up_in_liq_Developed	-3.090516337236822																											False	False	False	False
23051	260.2599	5.822291	0.0	1.0088557001669035e-05	-4.321547083160211	0.0	1.0	-1.0	0.0	0.0006660006660006	0.0315608201322487	dendrobatidis	life_stage	liq_Zoospore	liq_Developed	up_in_liq_Developed	3.8617867632524936																											True	False	False	False
33734	866.5159	4.494256	9.957218475621546e-06	0.0	4.303593352901127	1.0	0.1	0.9	50.0	0.0003330003330003	0.0315608201322487	dendrobatidis	life_stage	liq_Zoospore	liq_Developed	up_in_liq_Zoospore	0.0																											False	False	False	False
14149	362.3257	5.650695	1.1973259968420615e-06	3.3504205165701834e-05	-4.299482039422991	0.6	1.0	-0.4	0.0	0.0006660006660006	0.0315608201322487	dendrobatidis	life_stage	liq_Zoospore	liq_Developed	up_in_liq_Developed	-1.312891123061276	14149.0	C20H43NO4	[M + H]+	N,N-Bis(2-hydroxyethyl)isotridecyloxypropylamine oxide	CCCCCCCCCCCCCOCCC[N+](CCO)(CCO)[O-]	0.111	Fatty acids	Sphingoid bases	Organonitrogen compounds	14149.0	native-full-e9838293-bagel	native	1.0								native	native	1.0	14149.0	C20H43NO4	False	False	False	False	True
28557	302.9503	4.54256	0.0	9.81712617980928e-06	-4.284193491981313	0.0	1.0	-1.0	0.0	0.0006660006660006	0.0315608201322487	dendrobatidis	life_stage	liq_Zoospore	liq_Developed	up_in_liq_Developed	4.122088187084143																											True	False	False	False
27781	288.2539	4.528225	0.0	9.511142233792136e-06	-4.240891533482785	0.2	1.0	-0.8	0.0	0.0006660006660006	0.0315608201322487	dendrobatidis	life_stage	liq_Zoospore	liq_Developed	up_in_liq_Developed	3.998547902789507																											True	False	False	False
26354	216.2321	4.667373	0.0	9.504521616093223e-06	-4.239940086694994	0.0	1.0	-1.0	0.0	0.0006660006660006	0.0315608201322487	dendrobatidis	life_stage	liq_Zoospore	liq_Developed	up_in_liq_Developed	4.104010384984957																											True	False	False	False
26058	388.305	5.790537	0.0	9.211353973504373e-06	-4.197167326256934	0.0	1.0	-1.0	0.0	0.0006660006660006	0.0315608201322487	dendrobatidis	life_stage	liq_Zoospore	liq_Developed	up_in_liq_Developed	3.9989108207320903																											True	False	False	False
27754	516.3448	4.944543	0.0	9.063135723414925e-06	-4.175050057176143	0.0	1.0	-1.0	0.0	0.0006660006660006	0.0315608201322487	dendrobatidis	life_stage	liq_Zoospore	liq_Developed	up_in_liq_Developed	3.875481216911162																											True	False	False	False
30547	374.2903	5.851	0.0	8.661695221004938e-06	-4.11338593434372	0.0	1.0	-1.0	0.0	0.0006660006660006	0.0315608201322487	dendrobatidis	life_stage	liq_Zoospore	liq_Developed	up_in_liq_Developed	3.806047785669048																											True	False	False	False
31590	414.284	6.013961	0.0	8.5475504374496e-06	-4.095360232353461	0.4	1.0	-0.6	0.0	0.0006660006660006	0.0315608201322487	dendrobatidis	life_stage	liq_Zoospore	liq_Developed	up_in_liq_Developed	3.6609255808922185																											True	False	False	False
16719	260.2597	5.055804	1.2453886696786968e-06	2.9642936272448627e-05	-4.086188716878657	0.6	1.0	-0.4	0.0	0.0006660006660006	0.0315608201322487	dendrobatidis	life_stage	liq_Zoospore	liq_Developed	up_in_liq_Developed	-1.052386429167807	16719.0	C15H33NO2	[M + H]+	(2S)-3-(Dodecylamino)-1,2-propanediol	CCCCCCCCCCCCNCC(CO)O	0.167	Fatty acids	Sphingoid bases	Organonitrogen compounds	16719.0	native-full-e9838293-bagel	native	1.0								native	native	1.0	16719.0	C15H33NO2	False	False	False	False	True
28458	418.3157	5.650241	0.0	8.487923283253542e-06	-4.085853609447142	0.0	1.0	-1.0	0.0	0.0006660006660006	0.0315608201322487	dendrobatidis	life_stage	liq_Zoospore	liq_Developed	up_in_liq_Developed	3.9374728839640953																											True	False	False	False
28558	417.2386	3.730733	8.446141640199925e-06	0.0	4.079154651090681	1.0	0.3	0.7	50.0	0.0003330003330003	0.0315608201322487	dendrobatidis	life_stage	liq_Zoospore	liq_Developed	up_in_liq_Zoospore	3.3432846904872933																											True	False	False	False
24093	306.7131	1.336806	8.254046963567164e-06	0.0	4.047948928735853	1.0	0.1	0.9	50.0	0.0003330003330003	0.0315608201322487	dendrobatidis	life_stage	liq_Zoospore	liq_Developed	up_in_liq_Zoospore	0.0																											False	False	False	False
4857	736.8902	3.974462	6.687774760737265e-06	0.0001180350625799	-4.037769991057055	1.0	1.0	0.0	0.0	0.0006660006660006	0.0315608201322487	dendrobatidis	life_stage	liq_Zoospore	liq_Developed	up_in_liq_Developed	6.473198160071114	4857.0	C21H19Br2IN6O6	[M + H]+							4857.0	native-full-e9838293-bagel	native	1.0								native	native	1.0	4857.0	C21H19Br2IN6O6	False	True	True	True	False
27407	857.9458	4.232	8.157540528088285e-06	0.0	4.0320130151174025	1.0	0.3	0.7	50.0	0.0003330003330003	0.0315608201322487	dendrobatidis	life_stage	liq_Zoospore	liq_Developed	up_in_liq_Zoospore	3.5788180433525483																											True	False	False	False
33515	186.2223	4.919748	0.0	8.148564217132034e-06	-4.0305217879211215	0.0	1.0	-1.0	0.0	0.0006660006660006	0.0315608201322487	dendrobatidis	life_stage	liq_Zoospore	liq_Developed	up_in_liq_Developed	3.759293622077854																											True	False	False	False
5613	258.28	5.891696	3.833782076769669e-06	6.903214980239819e-05	-3.994303217190745	1.0	1.0	0.0	0.0	0.0006660006660006	0.0315608201322487	dendrobatidis	life_stage	liq_Zoospore	liq_Developed	up_in_liq_Developed	-3.475416502608444	5613.0	C16H35NO	[M + H]+	2-(Tetradecylamino)ethanol	CCCCCCCCCCCCCCNCCO	0.197	Fatty acids	Sphingoid bases	Organonitrogen compounds	8861.0	EB-MSV000090464-gnps_ms2	transferred	1.0	258.28	5.89	258.28	5.891696	0.0	0.002	1.0	unique	assigned	1.0	8861.0	C16H35NO	False	False	False	False	True
25537	190.0003	5.644054	0.0	7.926900695868632e-06	-3.993199341485217	0.0	1.0	-1.0	0.0	0.0006660006660006	0.0315608201322487	dendrobatidis	life_stage	liq_Zoospore	liq_Developed	up_in_liq_Developed	3.309521027167239																											True	False	False	False
2214	202.217	4.556315	1.6960570313638844e-05	0.000267764275269	-3.939080344917824	1.0	1.0	0.0	0.0	0.0006660006660006	0.0315608201322487	dendrobatidis	life_stage	liq_Zoospore	liq_Developed	up_in_liq_Developed	0.1549635368305044	2214.0	C12H27NO	[M + H]+	2-(Decylamino)ethanol	CCCCCCCCCCNCCO	0.795	Fatty acids	Sphingoid bases	Organonitrogen compounds	8689.0	EB-MSV000090464-gnps_ms2	transferred	1.0	202.217	4.55	202.217	4.556315	0.0	0.006	1.0	unique	assigned	1.0	8689.0	C12H27NO	False	False	False	False	True
35035	999.0416	4.329145	0.0	7.514782758720554e-06	-3.921133590626409	0.2	1.0	-0.8	0.0	0.0006660006660006	0.0315608201322487	dendrobatidis	life_stage	liq_Zoospore	liq_Developed	up_in_liq_Developed	3.786667681115714																											True	False	False	False
32993	834.6206	7.736231	0.0	7.442792380582912e-06	-3.908167048402239	0.0	1.0	-1.0	0.0	0.0006660006660006	0.0315608201322487	dendrobatidis	life_stage	liq_Zoospore	liq_Developed	up_in_liq_Developed	3.627800519716807																											True	False	False	False
637	425.2748	2.521	2.7991653508876395e-05	0.0004252895803773	-3.900059702332052	1.0	1.0	0.0	0.0	0.0006660006660006	0.0315608201322487	dendrobatidis	life_stage	liq_Zoospore	liq_Developed	up_in_liq_Developed	1.7807773868189256	637.0	C19H38N4O5	[M + Na]+	methyl 1-[1-(3,3-dimethylbutanoyl)-4-{[(propan-2-yl)carbamoyl]amino}pyrrolidine-2-carbonyl]pyrrolidine-2-carboxylate	CC(C)NC(=O)NC1CC(N(C1)C(=O)CC(C)(C)C)C(=O)N2CCCC2C(=O)OC	0.321	Amino acids and Peptides	Tripeptides	Carboxylic acids and derivatives	637.0	native-full-e9838293-bagel	native	1.0								native	native	1.0	637.0	C19H38N4O5	False	True	True	True	False
1915	262.2384	4.684859	1.197052076988931e-05	0.0001860787191509	-3.8998352327302928	1.0	1.0	0.0	0.0	0.0006660006660006	0.0315608201322487	dendrobatidis	life_stage	liq_Zoospore	liq_Developed	up_in_liq_Developed	0.433238935839454	1915.0	C14H31NO3	[M + H]+	PEG-3 caprylamine	CCCCCCCCN(CCO)CCOCCO	0.593	Fatty acids	Sphingoid bases	Organonitrogen compounds	8774.0	EB-MSV000090464-gnps_ms2	transferred	1.0	262.2384	4.68	262.2384	4.684859	0.0	0.005	0.9994	unique	assigned	1.0	8774.0	C14H31NO3	False	False	False	False	True
235	425.2748	2.501582	3.6847555439065335e-05	0.0005557209725273	-3.89545135140521	1.0	1.0	0.0	0.0	0.0006660006660006	0.0315608201322487	dendrobatidis	life_stage	liq_Zoospore	liq_Developed	up_in_liq_Developed	1.6375148393051842	235.0	C19H38N4O5	[M + Na]+	methyl 1-[1-(3,3-dimethylbutanoyl)-4-{[(propan-2-yl)carbamoyl]amino}pyrrolidine-2-carbonyl]pyrrolidine-2-carboxylate	CC(C)NC(=O)NC1CC(N(C1)C(=O)CC(C)(C)C)C(=O)N2CCCC2C(=O)OC	0.485	Amino acids and Peptides	Tripeptides	Carboxylic acids and derivatives	5608.0	EB-MSV000090464-gnps_ms2	transferred	3.0	425.275	2.51	425.2748	2.501582	-0.47	-0.008	1.0	ms2_tie	assigned	1.0	5608.0	C19H38N4O5	False	True	True	True	False
34431	415.2132	6.968766	0.0	7.356286338821928e-06	-3.8924302727685807	0.0	1.0	-1.0	0.0	0.0006660006660006	0.0315608201322487	dendrobatidis	life_stage	liq_Zoospore	liq_Developed	up_in_liq_Developed	-1.721271752290951																											False	False	False	False
27559	334.2949	4.711654	0.0	7.154583237820398e-06	-3.855056596764488	0.2	1.0	-0.8	0.0	0.0006660006660006	0.0315608201322487	dendrobatidis	life_stage	liq_Zoospore	liq_Developed	up_in_liq_Developed	3.5181144696407665																											True	False	False	False
30482	362.3091	5.594293	0.0	7.059221581008937e-06	-3.837044146497105	0.2	1.0	-0.8	0.0	0.0006660006660006	0.0315608201322487	dendrobatidis	life_stage	liq_Zoospore	liq_Developed	up_in_liq_Developed	-2.431917970988541																											False	False	False	False
31952	697.8683	4.039947	6.990909688290807e-06	0.0	3.8240013430802167	1.0	0.1	0.9	49.0	0.0006660006660006	0.0315608201322487	dendrobatidis	life_stage	liq_Zoospore	liq_Developed	up_in_liq_Zoospore	0.0																											False	False	False	False
6303	244.2636	5.689275	3.42387636320114e-06	5.4750469456885125e-05	-3.805049361841982	1.0	1.0	0.0	0.0	0.0006660006660006	0.0315608201322487	dendrobatidis	life_stage	liq_Zoospore	liq_Developed	up_in_liq_Developed	-3.413003135273507	6303.0	C15H33NO	[M + H]+	N,N-dimethyltridecan-1-amine Oxide	CCCCCCCCCCCCC[N+](C)(C)[O-]	0.267	Fatty acids	Sphingoid bases	Organonitrogen compounds	8848.0	EB-MSV000090464-gnps_ms2	transferred	2.0	244.2637	5.69	244.2636	5.689275	-0.409	-0.001	1.0	unique	assigned	1.0	8848.0	C15H33NO	False	False	False	False	True
2488	518.3701	6.250821	0.0	6.87661327265343e-06	-3.8019115083465	0.0	1.0	-1.0	0.0	0.0006660006660006	0.0315608201322487	dendrobatidis	life_stage	liq_Zoospore	liq_Developed	up_in_liq_Developed	3.252646943260176	2488.0	C28H47N5O4	[M + H]+	Rhodopeptin C3	CC(C)CCCCCCCCC1CC(=O)NCC(=O)NC(C(=O)NC(C(=O)N1)C(C)C)CCCN	0.015	Alkaloids	Isoquinoline alkaloids	Phenol ethers	8920.0	EB-MSV000090464-gnps_ms2	transferred	1.0	518.3703	6.24	518.3701	6.250821	-0.386	0.011	1.0	unique	assigned	1.0	8920.0	C28H47N5O4	False	True	True	True	True
1586	342.699	0.618	1.4948571347729172e-05	0.0002148521789228	-3.798457401876052	0.6	1.0	-0.4	0.0	0.0006660006660006	0.0315608201322487	dendrobatidis	life_stage	liq_Zoospore	liq_Developed	up_in_liq_Developed	7.376243898733945																											True	True	True	False
35033	416.3389	6.289274	0.0	6.810013328775164e-06	-3.7888821674221855	0.0	1.0	-1.0	0.0	0.0006660006660006	0.0315608201322487	dendrobatidis	life_stage	liq_Zoospore	liq_Developed	up_in_liq_Developed	3.563422589771825																											True	False	False	False
30243	652.9078	4.515003	6.804462062949029e-06	0.0	3.7877908088809735	1.0	0.3	0.7	50.0	0.0003330003330003	0.0315608201322487	dendrobatidis	life_stage	liq_Zoospore	liq_Developed	up_in_liq_Zoospore	2.198509803673916																											True	False	False	False
4279	274.2498	5.525558	8.753144041779263e-06	0.0001267137488546	-3.776675495815156	1.0	1.0	0.0	0.0	0.0006660006660006	0.0315608201322487	dendrobatidis	life_stage	liq_Zoospore	liq_Developed	up_in_liq_Developed	-3.324176198202414																											False	False	False	False
33651	332.2805	5.69423	0.0	6.657961993492399e-06	-3.758686939079969	0.0	1.0	-1.0	0.0	0.0006660006660006	0.0315608201322487	dendrobatidis	life_stage	liq_Zoospore	liq_Developed	up_in_liq_Developed	3.22061277381876																											True	False	False	False
3071	494.2715	3.906	1.018125241685992e-05	0.0001436634208522	-3.750666080483435	0.8	1.0	-0.1999999999999999	0.0	0.0006660006660006	0.0315608201322487	dendrobatidis	life_stage	liq_Zoospore	liq_Developed	up_in_liq_Developed	6.519306354510793																											True	True	True	False
21880	346.3143	6.406316	0.0	6.590295748475325e-06	-3.745043468873184	0.0	1.0	-1.0	0.0	0.0006660006660006	0.0315608201322487	dendrobatidis	life_stage	liq_Zoospore	liq_Developed	up_in_liq_Developed	-5.00603365543178																											False	False	False	False
31196	238.7906	5.591757	0.0	6.56586177408562e-06	-3.7400849934998632	0.0	1.0	-1.0	0.0	0.0006660006660006	0.0315608201322487	dendrobatidis	life_stage	liq_Zoospore	liq_Developed	up_in_liq_Developed	-2.6607781653422062																											False	False	False	False
20266	305.3148	6.406205	0.0	6.486364483011396e-06	-3.7238333707790687	0.0	1.0	-1.0	0.0	0.0006660006660006	0.0315608201322487	dendrobatidis	life_stage	liq_Zoospore	liq_Developed	up_in_liq_Developed	-5.004781137712133																											False	False	False	False
14761	415.213	6.238	0.0	6.330795681960172e-06	-3.691490820641437	0.0	1.0	-1.0	0.0	0.0006660006660006	0.0315608201322487	dendrobatidis	life_stage	liq_Zoospore	liq_Developed	up_in_liq_Developed	3.389141396121267	14761.0	C24H30O6	[M + H]+	Henryin	CC(=O)OCC12C3CCC4C(C3(C(CC1C(CCC2O)(C)C)O)C(=O)C4=C)O	0.368	Terpenoids	Labdane diterpenoids		14761.0	native-full-e9838293-bagel	native	1.0								native	native	1.0	14761.0	C24H30O6	False	True	False	False	True
35464	820.5964	7.507429	0.0	6.172729733777032e-06	-3.657869255132866	0.0	1.0	-1.0	0.0	0.0006660006660006	0.0315608201322487	dendrobatidis	life_stage	liq_Zoospore	liq_Developed	up_in_liq_Developed	3.4542607768391385																											True	False	False	False
1191	724.4059	3.499107	4.528781749380552e-05	0.0005749428226474	-3.6507345706570353	1.0	1.0	0.0	0.0	0.0006660006660006	0.0315608201322487	dendrobatidis	life_stage	liq_Zoospore	liq_Developed	up_in_liq_Developed	3.3007899559912266	1191.0	C35H55N7O8	[M + Na]+	H-Pro-Val-Lys-Val-Tyr-Pro-OH	CC(C)C(C(=O)NC(CCCCN)C(=O)NC(C(C)C)C(=O)NC(CC1=CC=C(C=C1)O)C(=O)N2CCCC2C(=O)O)NC(=O)C3CCCN3	0.272	Amino acids and Peptides	Cyclic peptides	Carboxylic acids and derivatives	7796.0	EB-MSV000090464-gnps_ms2	transferred	2.0	724.4069	3.49	724.4059	3.499107	-1.38	0.009	0.9999	ms2_tie	assigned	1.0	7796.0	C35H55N7O8	False	True	True	True	False
35861	289.2544	4.532222	0.0	6.048903149636672e-06	-3.630972120713472	0.2	1.0	-0.8	0.0	0.0006660006660006	0.0315608201322487	dendrobatidis	life_stage	liq_Zoospore	liq_Developed	up_in_liq_Developed	3.082607481178264																											True	True	True	False
29960	460.2687	6.074734	0.0	6.0184188603022485e-06	-3.624272798507639	0.0	1.0	-1.0	0.0	0.0006660006660006	0.0315608201322487	dendrobatidis	life_stage	liq_Zoospore	liq_Developed	up_in_liq_Developed	3.3682987260557185																											True	False	False	False
28017	312.2506	4.646183	0.0	5.970473910197618e-06	-3.613672920568407	0.0	1.0	-1.0	0.0	0.0006660006660006	0.0315608201322487	dendrobatidis	life_stage	liq_Zoospore	liq_Developed	up_in_liq_Developed	3.3368891045714584																											True	False	False	False
603	724.4064	3.3085	9.598797623464408e-05	0.0011770766008589	-3.608900759156452	1.0	1.0	0.0	0.0	0.0006660006660006	0.0315608201322487	dendrobatidis	life_stage	liq_Zoospore	liq_Developed	up_in_liq_Developed	2.786883318814508	603.0	C35H55N7O8	[M + Na]+	H-Pro-Val-Lys-Val-Tyr-Pro-OH	CC(C)C(C(=O)NC(CCCCN)C(=O)NC(C(C)C)C(=O)NC(CC1=CC=C(C=C1)O)C(=O)N2CCCC2C(=O)O)NC(=O)C3CCCN3	0.366	Amino acids and Peptides	Cyclic peptides	Carboxylic acids and derivatives	7469.0	EB-MSV000090464-gnps_ms2	transferred	3.0	724.4062	3.33	724.4064	3.3085	0.276	-0.022	1.0	ms2_tie	assigned	1.0	7469.0	C35H55N7O8	False	True	True	True	False
3458	725.9064	4.046838	1.814186085040449e-05	0.0002260445512798	-3.6009684982867145	1.0	1.0	0.0	0.0	0.0006660006660006	0.0315608201322487	dendrobatidis	life_stage	liq_Zoospore	liq_Developed	up_in_liq_Developed	7.0773086206374245	3458.0	C26H22Br3N3O7	[M + H]+	[2,4-Dibromo-6-[[[2-[(2-bromobenzoyl)amino]acetyl]hydrazinylidene]methyl]phenyl] 3,4,5-trimethoxybenzoate	COC1=CC(=CC(=C1OC)OC)C(=O)OC2=C(C=C(C=C2Br)Br)C=NNC(=O)CNC(=O)C3=CC=CC=C3Br		Amino acids and Peptides	Tripeptides	Carboxylic acids and derivatives	3458.0	native-full-e9838293-bagel	native	1.0								native	native	1.0	3458.0	C26H22Br3N3O7	False	True	True	True	False
15692	272.2957	6.595022	0.0	5.797158567128566e-06	-3.5746926065432927	0.2	1.0	-0.8	0.0	0.0006660006660006	0.0315608201322487	dendrobatidis	life_stage	liq_Zoospore	liq_Developed	up_in_liq_Developed	-6.17791226111545	15692.0	C17H37NO	[M + H]+	1-Pentadecanamine, N,N-dimethyl-, N-oxide	CCCCCCCCCCCCCCC[N+](C)(C)[O-]	0.272	Fatty acids	Sphingoid bases	Organonitrogen compounds	15692.0	native-full-e9838293-bagel	native	1.0								native	native	1.0	15692.0	C17H37NO	False	False	False	False	True
35779	318.3012	5.321826	0.0	5.71374501190887e-06	-3.555549898968004	0.0	1.0	-1.0	0.0	0.0006660006660006	0.0315608201322487	dendrobatidis	life_stage	liq_Zoospore	liq_Developed	up_in_liq_Developed	-2.4877919370192263																											False	False	False	False
30276	332.2806	6.074734	0.0	5.624475571530303e-06	-3.534777974689212	0.0	1.0	-1.0	0.0	0.0006660006660006	0.0315608201322487	dendrobatidis	life_stage	liq_Zoospore	liq_Developed	up_in_liq_Developed	3.2346058944435927																											True	False	False	False
8125	219.5692	5.523419	5.883141861017948e-06	7.363292989580019e-05	-3.531363983143276	1.0	1.0	0.0	0.0	0.0006660006660006	0.0315608201322487	dendrobatidis	life_stage	liq_Zoospore	liq_Developed	up_in_liq_Developed	-3.290844694187657																											False	False	False	False
5886	737.3937	3.976336	9.229806657347677e-06	0.0001113719962097	-3.5190877025905074	1.0	1.0	0.0	0.0	0.0006660006660006	0.0315608201322487	dendrobatidis	life_stage	liq_Zoospore	liq_Developed	up_in_liq_Developed	6.144334456176387																											True	True	True	False
4363	214.2534	5.950994	4.735642768113312e-06	5.978066027324014e-05	-3.5174503596398035	1.0	1.0	0.0	0.0	0.0006660006660006	0.0315608201322487	dendrobatidis	life_stage	liq_Zoospore	liq_Developed	up_in_liq_Developed	-3.9815687207128687	4363.0	C14H31N	[M + H]+	Tetradecylamine	CCCCCCCCCCCCCCN	0.529	Alkaloids	Polyamines	Organonitrogen compounds	8865.0	EB-MSV000090464-gnps_ms2	transferred	1.0	214.2535	5.95	214.2534	5.950994	-0.467	0.001	1.0	unique	assigned	1.0	8865.0	C14H31N	False	False	False	False	True
27941	307.705	5.639824	0.0	5.507989030313079e-06	-3.507215265541822	0.0	1.0	-1.0	0.0	0.0006660006660006	0.0315608201322487	dendrobatidis	life_stage	liq_Zoospore	liq_Developed	up_in_liq_Developed	2.837870440235425																											True	False	False	False
37698	259.5682	5.651332	0.0	5.470225091779396e-06	-3.498165443020743	0.0	1.0	-1.0	0.0	0.0006660006660006	0.0315608201322487	dendrobatidis	life_stage	liq_Zoospore	liq_Developed	up_in_liq_Developed	3.2761984367796164																											True	False	False	False
32647	653.4047	4.514085	5.363628451385895e-06	0.0	3.472309821002445	1.0	0.3	0.7	50.0	0.0003330003330003	0.0315608201322487	dendrobatidis	life_stage	liq_Zoospore	liq_Developed	up_in_liq_Zoospore	2.0317386920718867																											True	False	False	False
4630	316.6643	2.425	0.0002915979625157	2.607533958670113e-05	3.456757323480296	1.0	0.5	0.5	50.0	0.0006660006660006	0.0315608201322487	dendrobatidis	life_stage	liq_Zoospore	liq_Developed	up_in_liq_Zoospore	1.0051994927090384																											True	False	False	False
360	230.2475	5.558673	0.0001722968670933	0.0018551423349109	-3.424534061380949	1.0	1.0	0.0	0.0	0.0006660006660006	0.0315608201322487	dendrobatidis	life_stage	liq_Zoospore	liq_Developed	up_in_liq_Developed	-3.298210097959644	360.0	C14H31NO	[M + H]+	2-(Dodecylamino)ethanol	CCCCCCCCCCCCNCCO	0.311	Fatty acids	Sphingoid bases	Organonitrogen compounds	8849.0	EB-MSV000090464-gnps_ms2	transferred	1.0	230.2478	5.71	230.2475	5.558673	-1.303	-0.151	0.9992	unique	assigned	1.0	8849.0	C14H31NO	False	False	False	False	True
545	987.5446	3.911	0.0001051793570015	0.0011267715177685	-3.414684547814113	1.0	1.0	0.0	0.0	0.0006660006660006	0.0315608201322487	dendrobatidis	life_stage	liq_Zoospore	liq_Developed	up_in_liq_Developed	9.202166304559528	545.0	C52H74N8O11	[M + H]+	Octaminomycin B	CC1C(C(=O)NC(C(=O)NC(C(=O)NC(C(=O)N2CCCC2C(=O)NC(C(=O)N(C(C(=O)N3CCCC3C(=O)O1)CC4=CC=C(C=C4)O)C)CC(C)C)C(C)C)CC(C)C)CC5=CC=CC=C5)NC(=O)C	0.08	Amino acids and Peptides	Cyclic peptides	Carboxylic acids and derivatives	545.0	native-EB97X;native-full-e9838293-bagel	native	1.0								native	native	1.0	545.0	C52H74N8O11	False	True	True	True	False
13197	352.1856	2.278531	4.237824345893287e-05	3.5237861055293934e-06	3.4035506958738835	1.0	0.5	0.5	50.0	0.0006660006660006	0.0315608201322487	dendrobatidis	life_stage	liq_Zoospore	liq_Developed	up_in_liq_Zoospore	5.136521499487556																											True	False	False	False
31991	200.2378	5.743599	0.0	5.027554972834538e-06	-3.387620662167136	0.0	1.0	-1.0	0.0	0.0006660006660006	0.0315608201322487	dendrobatidis	life_stage	liq_Zoospore	liq_Developed	up_in_liq_Developed	-3.194893598399477																											False	False	False	False
36679	384.3085	5.624526	0.0	4.992588781067159e-06	-3.378516902419514	0.0	1.0	-1.0	0.0	0.0006660006660006	0.0315608201322487	dendrobatidis	life_stage	liq_Zoospore	liq_Developed	up_in_liq_Developed	3.136845706987826																											True	False	False	False
1303	318.3011	6.505041	3.464612422668067e-05	0.0003649245961397	-3.376982067054504	1.0	1.0	0.0	0.0	0.0006660006660006	0.0315608201322487	dendrobatidis	life_stage	liq_Zoospore	liq_Developed	up_in_liq_Developed	-1.0861814372009806	1303.0	C18H39NO3	[M + H]+	Phytosphingosine	CCCCCCCCCCCCCCC(C(C(CO)N)O)O	0.612	Fatty acids	Sphingoid bases	Organonitrogen compounds	8960.0	EB-MSV000090464-gnps_ms2	transferred	1.0	318.301	6.5	318.3011	6.505041	0.314	0.005	1.0	unique	assigned	1.0	8960.0	C18H39NO3	False	False	False	False	True
33700	623.3096	4.320078	4.815700844362473e-06	0.0	3.331561016586095	1.0	0.3	0.7	49.0	0.0006660006660006	0.0315608201322487	dendrobatidis	life_stage	liq_Zoospore	liq_Developed	up_in_liq_Zoospore	2.410057836270956																											True	False	False	False
22895	390.3592	6.510673	0.0	4.724400744900349e-06	-3.3067134207294653	0.0	1.0	-1.0	0.0	0.0006660006660006	0.0315608201322487	dendrobatidis	life_stage	liq_Zoospore	liq_Developed	up_in_liq_Developed	-4.690986245319493																											False	False	False	False
2652	562.3961	6.25041	0.0	4.693098220248403e-06	-3.2980948674731554	0.0	1.0	-1.0	0.0	0.0006660006660006	0.0315608201322487	dendrobatidis	life_stage	liq_Zoospore	liq_Developed	up_in_liq_Developed	2.541038928292513	2652.0	C30H51N5O5	[M + H]+	(1r,2s,5s)-N-[(2s,3r)-4-Amino-1-Cyclobutyl-3-Hydroxy-4-Oxobutan-2-Yl]-6,6-Dimethyl-3-{3-Methyl-N-[(1-Methylcyclohexyl)carbamoyl]-L-Valyl}-3-Azabicyclo[3.1.0]hexane-2-Carboxamide	CC1(C2C1C(N(C2)C(=O)C(C(C)(C)C)NC(=O)NC3(CCCCC3)C)C(=O)NC(CC4CCC4)C(C(=O)N)O)C	0.049	Amino acids and Peptides	Linear peptides	Carboxylic acids and derivatives	8949.0	EB-MSV000090464-gnps_ms2	transferred	1.0	562.3961	6.4	562.3961	6.25041	0.0	-0.15	0.8494	unique	assigned	1.0	8949.0	C30H51N5O5	False	True	True	True	False
15510	277.2831	5.522386	2.4935422149071896e-06	2.9135723243300947e-05	-3.294003632930292	1.0	1.0	0.0	0.0	0.0006660006660006	0.0315608201322487	dendrobatidis	life_stage	liq_Zoospore	liq_Developed	up_in_liq_Developed	-3.178388098708949																											False	False	False	False
33660	258.2425	5.990119	0.0	4.670061831979826e-06	-3.291719187015478	0.0	1.0	-1.0	0.0	0.0006660006660006	0.0315608201322487	dendrobatidis	life_stage	liq_Zoospore	liq_Developed	up_in_liq_Developed	2.406150264794715																											True	False	False	False
30932	687.3618	4.285451	4.575526615614991e-06	0.0	3.265255960866618	1.0	0.3	0.7	50.0	0.0003330003330003	0.0315608201322487	dendrobatidis	life_stage	liq_Zoospore	liq_Developed	up_in_liq_Zoospore	2.7149336687514745																											True	False	False	False
37990	257.2675	5.604248	0.0	4.553794292598083e-06	-3.2591031966544755	0.0	1.0	-1.0	0.0	0.0006660006660006	0.0315608201322487	dendrobatidis	life_stage	liq_Zoospore	liq_Developed	up_in_liq_Developed	-3.139955644729966																											False	False	False	False
4324	523.2569	3.108595	1.6811102514192626e-05	0.0001652732868367	-3.2571213246667936	0.8	1.0	-0.1999999999999999	0.0	0.0006660006660006	0.0315608201322487	dendrobatidis	life_stage	liq_Zoospore	liq_Developed	up_in_liq_Developed	1.4417952891197363	4324.0	C25H35FN4O7	[M + H]+	Tyrosyl-prolyl-phenylalanyl-proline	C1CC(N(C1)C(=O)C(CC2=CC=C(C=C2)O)N)C(=O)NC(CC3=CC=CC=C3)C(=O)N4CCCC4C(=O)O	0.994	Amino acids and Peptides	Tripeptides	Carboxylic acids and derivatives	4324.0	native-full-e9838293-bagel	native	1.0								native	native	1.0	4324.0	C25H35FN4O7	False	True	True	True	False
32081	270.279	6.492014	0.0	4.54610731215559e-06	-3.256920593480728	0.0	1.0	-1.0	0.0	0.0006660006660006	0.0315608201322487	dendrobatidis	life_stage	liq_Zoospore	liq_Developed	up_in_liq_Developed	2.8290129807300057																											True	False	False	False
38100	267.1229	6.009206	0.0	4.528475067010374e-06	-3.2519016722303378	0.2	1.0	-0.8	0.0	0.0006660006660006	0.0315608201322487	dendrobatidis	life_stage	liq_Zoospore	liq_Developed	up_in_liq_Developed	3.011949797792693																											True	False	False	False
3930	1008.5201	3.911821	1.287210858288865e-05	0.0001243080192617	-3.219417435214289	0.6	1.0	-0.4	0.0	0.0006660006660006	0.0315608201322487	dendrobatidis	life_stage	liq_Zoospore	liq_Developed	up_in_liq_Developed	6.479731494800125	3930.0	C48H69N11O13	[M + H]+	H-Leu-Gln-Leu-Pro-Gln-Gly-Thr-Thr-Leu-OH	CC(C)CC(C(=O)NC(CCC(=O)N)C(=O)NC(CC(C)C)C(=O)N1CCCC1C(=O)NC(CCC(=O)N)C(=O)NCC(=O)NC(C(C)O)C(=O)NC(C(C)O)C(=O)NC(CC(C)C)C(=O)O)N	0.194	Amino acids and Peptides	Cyclic peptides	Carboxylic acids and derivatives	3930.0	native-full-e9838293-bagel	native	1.0								native	native	1.0	3930.0	C48H69N11O13	False	True	True	True	False
37629	341.197	6.015025	0.0	4.395757161617757e-06	-3.2135532809932577	0.2	1.0	-0.8	0.0	0.0006660006660006	0.0315608201322487	dendrobatidis	life_stage	liq_Zoospore	liq_Developed	up_in_liq_Developed	3.0854309311435544																											True	False	False	False
35858	390.2865	5.464088	0.0	4.1279120151998125e-06	-3.1329100954180413	0.0	1.0	-1.0	0.0	0.0006660006660006	0.0315608201322487	dendrobatidis	life_stage	liq_Zoospore	liq_Developed	up_in_liq_Developed	2.8806667556578263																											True	False	False	False
38330	373.8477	5.598402	0.0	3.941928102422575e-06	-3.0741381797509493	0.0	1.0	-1.0	0.0	0.0006660006660006	0.0315608201322487	dendrobatidis	life_stage	liq_Zoospore	liq_Developed	up_in_liq_Developed	2.901360246958096																											True	False	False	False
11060	888.4738	3.859	3.708728928723523e-05	0.0003138757019156	-3.0631216252382774	0.6	1.0	-0.4	0.0	0.0006660006660006	0.0315608201322487	dendrobatidis	life_stage	liq_Zoospore	liq_Developed	up_in_liq_Developed	7.353010197636628																											True	True	True	False
17129	415.2133	6.501325	4.200945755483449e-06	3.865409103435246e-05	-3.049766083649525	1.0	1.0	0.0	0.0	0.0006660006660006	0.0315608201322487	dendrobatidis	life_stage	liq_Zoospore	liq_Developed	up_in_liq_Developed	-2.339816978406049	17129.0	C24H30O6	[M + H]+	(1R)-1-[(2R,4S,4aR,6R,8aR)-2,6-bis(3,4-dimethylphenyl)-4,4a,8,8a-tetrahydro-[1,3]dioxino[5,4-d][1,3]dioxin-4-yl]ethane-1,2-diol	CC1=C(C=C(C=C1)C2OCC3C(O2)C(OC(O3)C4=CC(=C(C=C4)C)C)C(CO)O)C	0.276	Polyketides	Dibenzylbutane lignans		17129.0	native-full-e9838293-bagel	native	1.0								native	native	1.0	17129.0	C24H30O6	False	False	False	False	True
36089	348.3121	5.336044	0.0	3.845179401319078e-06	-3.0425913800249056	0.0	1.0	-1.0	0.0	0.0006660006660006	0.0315608201322487	dendrobatidis	life_stage	liq_Zoospore	liq_Developed	up_in_liq_Developed	2.997307059235735																											True	False	False	False
38164	297.2599	5.660579	0.0	3.82969572386444e-06	-3.037477970009098	0.0	1.0	-1.0	0.0	0.0006660006660006	0.0315608201322487	dendrobatidis	life_stage	liq_Zoospore	liq_Developed	up_in_liq_Developed	-3.3514111750220734																											False	False	False	False
5642	673.9033	3.356	9.26160056622479e-05	1.0931458105611868e-05	3.0225792104365867	1.0	0.5	0.5	50.0	0.0006660006660006	0.0315608201322487	dendrobatidis	life_stage	liq_Zoospore	liq_Developed	up_in_liq_Zoospore	5.628527576166856																											True	False	False	False
1792	493.7715	3.904	3.618806313779434e-05	0.0002972979267086	-3.019878445720548	1.0	1.0	0.0	0.0	0.0006660006660006	0.0315608201322487	dendrobatidis	life_stage	liq_Zoospore	liq_Developed	up_in_liq_Developed	7.269206083949432	1792.0	C6H12Br4FN3O2	[M + H]+							1792.0	native-full-e9838293-bagel	native	1.0								native	native	1.0	1792.0	C6H12Br4FN3O2	False	True	True	True	False
34679	293.2781	5.636656	0.0	3.716103337219287e-06	-2.9993999546044225	0.0	1.0	-1.0	0.0	0.0006660006660006	0.0315608201322487	dendrobatidis	life_stage	liq_Zoospore	liq_Developed	up_in_liq_Developed	2.467794579310702																											True	False	False	False
4313	430.2462	2.32399	0.0001348114733292	1.6472069277207388e-05	2.99273833530584	1.0	0.5	0.5	50.0	0.0006660006660006	0.0315608201322487	dendrobatidis	life_stage	liq_Zoospore	liq_Developed	up_in_liq_Zoospore	1.6069652901120357																											True	False	False	False
30873	244.2639	6.017161	0.0	3.6852855024542378e-06	-2.98889361284977	0.2	1.0	-0.8	0.0	0.0006660006660006	0.0315608201322487	dendrobatidis	life_stage	liq_Zoospore	liq_Developed	up_in_liq_Developed	-4.08871166817142																											False	False	False	False
16240	362.3256	6.489013	2.917218211303353e-06	2.6781813000215296e-05	-2.9856094833301228	1.0	1.0	0.0	0.0	0.0006660006660006	0.0315608201322487	dendrobatidis	life_stage	liq_Zoospore	liq_Developed	up_in_liq_Developed	-0.926035056567692	16240.0	C20H43NO4	[M + H]+	2-Amino-1,3,4,5-Icosanetetrol	CCCCCCCCCCCCCCCC(C(C(C(CO)N)O)O)O	0.737	Fatty acids	Sphingoid bases	Organonitrogen compounds	16240.0	native-full-e9838293-bagel	native	1.0								native	native	1.0	16240.0	C20H43NO4	False	False	False	False	True
17958	318.2815	5.528998	3.9018484122013824e-06	3.40351531945751e-05	-2.963018854097411	1.0	1.0	0.0	0.0	0.0006660006660006	0.0315608201322487	dendrobatidis	life_stage	liq_Zoospore	liq_Developed	up_in_liq_Developed	-3.2919699967397853																											False	False	False	False
26444	775.934	4.318794	1.8168521866380265e-05	0.000145149287995	-2.9617240324986014	1.0	1.0	0.0	0.0	0.0006660006660006	0.0315608201322487	dendrobatidis	life_stage	liq_Zoospore	liq_Developed	up_in_liq_Developed	6.5567312057595																											True	True	True	False
38169	360.3123	6.150696	0.0	3.590889247163405e-06	-2.956227766733352	0.0	1.0	-1.0	0.0	0.0006660006660006	0.0315608201322487	dendrobatidis	life_stage	liq_Zoospore	liq_Developed	up_in_liq_Developed	-2.667414397193116																											False	False	False	False
36826	346.2592	4.815979	0.0	3.5779514998347635e-06	-2.951692464436355	0.0	1.0	-1.0	0.0	0.0006660006660006	0.0315608201322487	dendrobatidis	life_stage	liq_Zoospore	liq_Developed	up_in_liq_Developed	2.759902570391043																											True	False	False	False
37522	454.3651	6.959142	0.0	3.534582968199575e-06	-2.936384865017435	0.2	1.0	-0.8	0.0	0.0006660006660006	0.0315608201322487	dendrobatidis	life_stage	liq_Zoospore	liq_Developed	up_in_liq_Developed	2.6905622798099107																											True	False	False	False
13923	415.213	1.312922	1.184445533135496e-05	9.221281615817146e-05	-2.905756925069406	1.0	1.0	0.0	0.0	0.0006660006660006	0.0315608201322487	dendrobatidis	life_stage	liq_Zoospore	liq_Developed	up_in_liq_Developed	-5.418515038594548																											False	True	False	False
36491	453.1692	6.694092	0.0	3.416195123017293e-06	-2.893751789622573	0.0	1.0	-1.0	0.0	0.0006660006660006	0.0315608201322487	dendrobatidis	life_stage	liq_Zoospore	liq_Developed	up_in_liq_Developed	-3.297427191941848																											False	False	False	False
27121	171.438	6.406136	0.0	3.41430792848574e-06	-2.893061879093758	0.0	1.0	-1.0	0.0	0.0006660006660006	0.0315608201322487	dendrobatidis	life_stage	liq_Zoospore	liq_Developed	up_in_liq_Developed	-4.920299543919952																											False	False	False	False
4167	415.2209	1.329425	1.184445533135496e-05	9.1101051173508e-05	-2.88835817185828	0.8	1.0	-0.1999999999999999	0.0	0.0006660006660006	0.0315608201322487	dendrobatidis	life_stage	liq_Zoospore	liq_Developed	up_in_liq_Developed	-5.954906449357533	4167.0	C18H30N4O7	[M + H]+	2-[[1-[2-[(2-Aminoacetyl)amino]-4-methylpentanoyl]pyrrolidine-2-carbonyl]amino]pentanedioic acid	CC(C)CC(C(=O)N1CCCC1C(=O)NC(CCC(=O)O)C(=O)O)NC(=O)CN	0.599	Amino acids and Peptides	Tripeptides	Carboxylic acids and derivatives	1900.0	EB-MSV000090464-gnps_ms2	transferred	2.0	415.2183	1.34	415.2209	1.329425	6.262	-0.011	0.9999	unique	assigned	1.0	1900.0	C18H30N4O7	False	False	True	False	False
18069	318.2821	5.513	3.13080916085148e-06	2.6523655049636905e-05	-2.8852059878131944	1.0	1.0	0.0	0.0	0.0006660006660006	0.0315608201322487	dendrobatidis	life_stage	liq_Zoospore	liq_Developed	up_in_liq_Developed	-3.2699193048427677																											False	False	False	False
16989	887.4717	3.894	4.943171063176049e-05	0.0003684457236523	-2.8846030504357247	1.0	1.0	0.0	0.0	0.0006660006660006	0.0315608201322487	dendrobatidis	life_stage	liq_Zoospore	liq_Developed	up_in_liq_Developed	7.798424878181346																											True	True	True	False
38455	372.347	5.659177	0.0	3.3046749301450546e-06	-2.852405730908628	0.0	1.0	-1.0	0.0	0.0006660006660006	0.0315608201322487	dendrobatidis	life_stage	liq_Zoospore	liq_Developed	up_in_liq_Developed	2.516714563316923																											True	False	False	False
29937	416.3395	6.725156	0.0	3.2303346525864383e-06	-2.8241708677557544	0.0	1.0	-1.0	0.0	0.0006660006660006	0.0315608201322487	dendrobatidis	life_stage	liq_Zoospore	liq_Developed	up_in_liq_Developed	-3.5192468961220227																											False	False	False	False
14664	393.2358	3.178344	4.358776786955226e-05	5.753005160502196e-06	2.811611754759646	1.0	0.5	0.5	50.0	0.0006660006660006	0.0315608201322487	dendrobatidis	life_stage	liq_Zoospore	liq_Developed	up_in_liq_Zoospore	4.965370214902746																											True	False	False	False
5710	909.454	3.727527	1.0710218921550488e-05	7.827462628654388e-05	-2.809486474989845	0.8	1.0	-0.1999999999999999	0.0	0.0006660006660006	0.0315608201322487	dendrobatidis	life_stage	liq_Zoospore	liq_Developed	up_in_liq_Developed	5.3720726826863565																											True	True	True	False
38510	314.2705	5.345358	0.0	3.1622389475204483e-06	-2.7978136816425443	0.0	1.0	-1.0	0.0	0.0006660006660006	0.0315608201322487	dendrobatidis	life_stage	liq_Zoospore	liq_Developed	up_in_liq_Developed	2.7570192519277064																											True	True	True	False
38415	203.2205	4.700594	0.0	3.116034082907586e-06	-2.779651373159151	0.0	1.0	-1.0	0.0	0.0006660006660006	0.0315608201322487	dendrobatidis	life_stage	liq_Zoospore	liq_Developed	up_in_liq_Developed	-2.393938076152148																											False	False	False	False
34778	354.2418	5.253754	0.0	3.111811285684987e-06	-2.7779800067013407	0.2	1.0	-0.8	0.0	0.0006660006660006	0.0315608201322487	dendrobatidis	life_stage	liq_Zoospore	liq_Developed	up_in_liq_Developed	2.27795237372082																											True	False	False	False
8078	459.2826	1.008102	4.9800079091119685e-05	6.852352968990133e-06	2.7690807669993576	1.0	0.5	0.5	50.0	0.0006660006660006	0.0315608201322487	dendrobatidis	life_stage	liq_Zoospore	liq_Developed	up_in_liq_Zoospore	5.96565024583548																											True	False	False	False
21873	437.194	6.238	0.0	3.0835436003102965e-06	-2.766741625978641	0.0	1.0	-1.0	0.0	0.0006660006660006	0.0315608201322487	dendrobatidis	life_stage	liq_Zoospore	liq_Developed	up_in_liq_Developed	2.463355561272714																											True	False	False	False
38523	227.1183	4.518	3.0676690477781623e-06	0.0	2.760391782457386	1.0	0.3	0.7	50.0	0.0003330003330003	0.0315608201322487	dendrobatidis	life_stage	liq_Zoospore	liq_Developed	up_in_liq_Zoospore	1.8373975678192973																											True	False	False	False
13905	513.2775	2.261575	6.147244868786713e-05	8.631200438001978e-06	2.758565749863428	1.0	0.5	0.5	50.0	0.0006660006660006	0.0315608201322487	dendrobatidis	life_stage	liq_Zoospore	liq_Developed	up_in_liq_Zoospore	0.9483945435840564																											False	False	False	False
21457	857.438	4.11	1.9483030704339817e-05	2.4318357324870014e-06	2.755909629054982	1.0	0.5	0.5	50.0	0.0006660006660006	0.0315608201322487	dendrobatidis	life_stage	liq_Zoospore	liq_Developed	up_in_liq_Zoospore	3.7894387237976552																											True	False	False	False
9128	380.6959	2.087	6.217903224296846e-05	8.790475088033035e-06	2.7500497019064385	1.0	0.5	0.5	50.0	0.0006660006660006	0.0315608201322487	dendrobatidis	life_stage	liq_Zoospore	liq_Developed	up_in_liq_Zoospore	5.245835200986808																											True	False	False	False
8885	316.6909	2.101	6.677618217320813e-05	9.504552858600008e-06	2.7456251556152984	1.0	0.5	0.5	50.0	0.0006660006660006	0.0315608201322487	dendrobatidis	life_stage	liq_Zoospore	liq_Developed	up_in_liq_Zoospore	0.0735425328267419																											False	False	False	False
1206	461.5736	2.531338	8.352616160786298e-05	0.0005570439968787	-2.729721410076378	1.0	1.0	0.0	0.0	0.0006660006660006	0.0315608201322487	dendrobatidis	life_stage	liq_Zoospore	liq_Developed	up_in_liq_Developed	9.094747057606796																											True	True	True	False
10788	186.2223	5.590292	0.0	2.8850160340179366e-06	-2.685245763170025	0.2	1.0	-0.8	0.0	0.0006660006660006	0.0315608201322487	dendrobatidis	life_stage	liq_Zoospore	liq_Developed	up_in_liq_Developed	-3.678823936054764																											False	False	False	False
11925	611.3231	3.596	4.985136746418936e-05	7.45142131069651e-06	2.6580016765172467	1.0	0.5	0.5	50.0	0.0006660006660006	0.0315608201322487	dendrobatidis	life_stage	liq_Zoospore	liq_Developed	up_in_liq_Zoospore	6.015310426478201																											True	False	False	False
1210	258.28	6.448063	4.981909108516519e-05	0.0003145264214087	-2.645545507767797	1.0	1.0	0.0	0.0	0.0006660006660006	0.0315608201322487	dendrobatidis	life_stage	liq_Zoospore	liq_Developed	up_in_liq_Developed	-3.7266551983857785	1210.0	C16H35NO	[M + H]+	2-(Tetradecylamino)ethanol	CCCCCCCCCCCCCCNCCO	0.728	Fatty acids	Sphingoid bases	Organonitrogen compounds	8958.0	EB-MSV000090464-gnps_ms2	transferred	1.0	258.28	6.45	258.28	6.448063	0.0	-0.002	1.0	unique	assigned	1.0	8958.0	C16H35NO	False	False	False	False	True
32776	402.3208	6.547833	0.0	2.781581833660454e-06	-2.6408887510063512	0.0	1.0	-1.0	0.0	0.0006660006660006	0.0315608201322487	dendrobatidis	life_stage	liq_Zoospore	liq_Developed	up_in_liq_Developed	-2.197207502640521																											False	False	False	False
10575	479.2483	2.237292	4.594930321206639e-05	7.198468565004777e-06	2.5881590045113154	1.0	0.5	0.5	50.0	0.0006660006660006	0.0315608201322487	dendrobatidis	life_stage	liq_Zoospore	liq_Developed	up_in_liq_Zoospore	0.3893848040179075																											False	False	False	False
38539	296.2589	5.354676	0.0	2.62542377005214e-06	-2.571226243669967	0.0	1.0	-1.0	0.0	0.0006660006660006	0.0315608201322487	dendrobatidis	life_stage	liq_Zoospore	liq_Developed	up_in_liq_Developed	2.4783849908578723																											True	True	True	False
28870	412.2475	4.814	7.531357302440161e-06	8.405003740950315e-07	2.555338187392424	1.0	0.5	0.5	50.0	0.0006660006660006	0.0315608201322487	dendrobatidis	life_stage	liq_Zoospore	liq_Developed	up_in_liq_Zoospore	2.2635357117389403																											True	False	False	False
10242	172.727	6.408113	2.533849675440774e-06	1.7348924865871155e-05	-2.544403968211239	1.0	1.0	0.0	0.0	0.0006660006660006	0.0315608201322487	dendrobatidis	life_stage	liq_Zoospore	liq_Developed	up_in_liq_Developed	-5.22121737489527																											False	False	False	False
275	654.3793	2.587758	0.0005412497051713	0.0030823896892586	-2.508516582686513	1.0	1.0	0.0	0.0	0.0006660006660006	0.0315608201322487	dendrobatidis	life_stage	liq_Zoospore	liq_Developed	up_in_liq_Developed	2.18213057632601	275.0	C35H51N5O7	[M + H]+	tert-butyl N-[(2S)-1-[(2S)-2-[[4-[[2-(benzylamino)-2-oxoethyl]amino]-1-cyclopropyl-3,4-dioxobutan-2-yl]carbamoyl]-6,6-dimethyl-3-azabicyclo[3.1.0]hexan-3-yl]-3,3-dimethyl-1-oxobutan-2-yl]carbamate	CC1(C2C1C(N(C2)C(=O)C(C(C)(C)C)NC(=O)OC(C)(C)C)C(=O)NC(CC3CC3)C(=O)C(=O)NCC(=O)NCC4=CC=CC=C4)C	0.086	Amino acids and Peptides	Depsipeptides	Carboxylic acids and derivatives	5830.0	EB-MSV000090464-gnps_ms2	transferred	4.0	654.382	2.59	654.3793	2.587758	-4.126	-0.002	1.0	ms2_tie	assigned	1.0	5830.0	C35H51N5O7	False	True	True	True	False
8410	504.9203	2.714	1.336907316260013e-05	7.852097423088409e-05	-2.507698382130336	0.8	1.0	-0.1999999999999999	0.0	0.0006660006660006	0.0315608201322487	dendrobatidis	life_stage	liq_Zoospore	liq_Developed	up_in_liq_Developed	6.796206528377811																											True	True	True	False
6552	345.1766	2.211	6.851797141809829e-05	1.1745594702941837e-05	2.4916974724222887	1.0	0.6	0.4	50.0	0.0006660006660006	0.0315608201322487	dendrobatidis	life_stage	liq_Zoospore	liq_Developed	up_in_liq_Zoospore	5.630671526610518																											True	False	False	False
22463	856.9417	4.106279	1.786530668711166e-05	2.7691419722337875e-06	2.478771562800548	1.0	0.5	0.5	50.0	0.0006660006660006	0.0315608201322487	dendrobatidis	life_stage	liq_Zoospore	liq_Developed	up_in_liq_Zoospore	3.8925107133280954																											True	False	False	False
25673	775.4421	4.335952	2.4059439546641924e-05	0.0001352522545498	-2.465130169778701	1.0	1.0	0.0	0.0	0.0006660006660006	0.0315608201322487	dendrobatidis	life_stage	liq_Zoospore	liq_Developed	up_in_liq_Developed	6.641295102125488																											True	True	True	False
7305	430.2464	2.2445	0.0001038077232131	1.8484295522240777e-05	2.4560347058912155	1.0	0.5	0.5	50.0	0.0006660006660006	0.0315608201322487	dendrobatidis	life_stage	liq_Zoospore	liq_Developed	up_in_liq_Zoospore	1.3336812791471824																											True	False	False	False
32259	659.3386	4.434495	7.176975058712387e-06	9.030770373039646e-07	2.4261275874703845	1.0	0.5	0.5	50.0	0.0006660006660006	0.0315608201322487	dendrobatidis	life_stage	liq_Zoospore	liq_Developed	up_in_liq_Zoospore	2.6088001156759595																											True	False	False	False
29915	284.2959	6.492062	0.0	2.2588343602037635e-06	-2.393122268307603	0.0	1.0	-1.0	0.0	0.0006660006660006	0.0315608201322487	dendrobatidis	life_stage	liq_Zoospore	liq_Developed	up_in_liq_Developed	-4.456330704996569																											False	False	False	False
8155	513.2819	2.176	8.392540950043358e-05	1.5822788360349016e-05	2.368573196619969	1.0	0.5	0.5	50.0	0.0006660006660006	0.0315608201322487	dendrobatidis	life_stage	liq_Zoospore	liq_Developed	up_in_liq_Zoospore	6.473530635342544																											True	False	False	False
22493	470.3701	6.697	0.0	2.200152381100611e-06	-2.36245399116722	0.0	1.0	-1.0	0.0	0.0006660006660006	0.0315608201322487	dendrobatidis	life_stage	liq_Zoospore	liq_Developed	up_in_liq_Developed	2.1897880338097706																											True	False	False	False
25963	332.2518	5.56262	1.661862173915687e-06	1.0626611566804474e-05	-2.3470754773571314	0.8	1.0	-0.1999999999999999	0.0	0.0006660006660006	0.0315608201322487	dendrobatidis	life_stage	liq_Zoospore	liq_Developed	up_in_liq_Developed	-2.862768081412687																											False	False	False	False
1730	691.8613	2.54	7.084065132465374e-05	0.0003618687914741	-2.3441570496580666	0.8	1.0	-0.1999999999999999	0.0	0.0006660006660006	0.0315608201322487	dendrobatidis	life_stage	liq_Zoospore	liq_Developed	up_in_liq_Developed	8.922962089676732	1730.0	C19H25Br4N3O5	[M + H]+							1730.0	native-EB97X;native-full-e9838293-bagel	native	1.0								native	native	1.0	1730.0	C19H25Br4N3O5	False	True	True	True	False
9244	242.2844	6.82678	2.4289582310561983e-06	1.4258150067011804e-05	-2.3208419566580054	1.0	1.0	0.0	0.0	0.0006660006660006	0.0315608201322487	dendrobatidis	life_stage	liq_Zoospore	liq_Developed	up_in_liq_Developed	-5.748507574994661	9244.0	C16H35N	[M + H]+	dioctylamine	CCCCCCCCNCCCCCCCC	0.646	Fatty acids	Polyamines	Organonitrogen compounds	9046.0	EB-MSV000090464-gnps_ms2	transferred	1.0	242.2843	6.82	242.2844	6.82678	0.413	0.007	0.9992	unique	assigned	1.0	9046.0	C16H35N	False	False	False	False	False
10919	286.3113	6.407056	3.209320718853389e-06	1.8111747643928087e-05	-2.317342290297014	1.0	1.0	0.0	0.0	0.0006660006660006	0.0315608201322487	dendrobatidis	life_stage	liq_Zoospore	liq_Developed	up_in_liq_Developed	-4.113820757349542	10919.0	C18H39NO	[M + H]+	Hexadecyldimethylamine N-oxide	CCCCCCCCCCCCCCCC[N+](C)(C)[O-]	0.114	Fatty acids	Sphingoid bases	Organonitrogen compounds	10919.0	native-full-e9838293-bagel	native	1.0								native	native	1.0	10919.0	C18H39NO	False	False	False	False	True
4193	461.9078	2.604062	3.417971158038394e-05	0.000164612927107	-2.250266990654323	0.8	1.0	-0.1999999999999999	0.0	0.0006660006660006	0.0315608201322487	dendrobatidis	life_stage	liq_Zoospore	liq_Developed	up_in_liq_Developed	7.50112886065017																											True	True	True	False
32440	272.2599	5.097022	0.0	1.991581819473925e-06	-2.2478506744371267	0.0	1.0	-1.0	0.0	0.0006660006660006	0.0315608201322487	dendrobatidis	life_stage	liq_Zoospore	liq_Developed	up_in_liq_Developed	2.0470597155818826																											True	False	False	False
20081	373.7072	3.090894	2.006623276801398e-05	3.8672716866129726e-06	2.2274098263804905	1.0	0.5	0.5	50.0	0.0006660006660006	0.0315608201322487	dendrobatidis	life_stage	liq_Zoospore	liq_Developed	up_in_liq_Zoospore	4.790929644523987																											True	False	False	False
20406	1551.8567	4.263993	5.197088325760737e-06	2.582518490430728e-05	-2.20199140396112	0.6	1.0	-0.4	0.0	0.0006660006660006	0.0315608201322487	dendrobatidis	life_stage	liq_Zoospore	liq_Developed	up_in_liq_Developed	4.189880552072797																											True	True	True	False
11489	478.7512	2.222	5.33344689111719e-05	1.1446889126096454e-05	2.168975385908156	1.0	0.5	0.5	50.0	0.0006660006660006	0.0315608201322487	dendrobatidis	life_stage	liq_Zoospore	liq_Developed	up_in_liq_Zoospore	5.645572483075778																											True	False	False	False
9304	390.7254	3.097278	4.480355386390223e-05	9.554408054246736e-06	2.1683278042413825	1.0	0.5	0.5	50.0	0.0006660006660006	0.0315608201322487	dendrobatidis	life_stage	liq_Zoospore	liq_Developed	up_in_liq_Zoospore	5.958878918229095																											True	False	False	False
27661	470.3494	6.85167	1.8309550055188105e-06	0.0	2.152935927737251	1.0	0.0	1.0	50.0	0.0003330003330003	0.0315608201322487	dendrobatidis	life_stage	liq_Zoospore	liq_Developed	up_in_liq_Zoospore	-8.986525819248056	27661.0	C26H47NO6	[M + H]+	1-Amino-1-deoxyhexitol 6-stearate	CCCCCCCCCCCCCCCCCC(=O)OCC(C(C(C(CN)O)O)O)O	0.078	Fatty acids	Sphingoid bases	Carboxylic acids and derivatives	9033.0	EB-MSV000090464-gnps_ms2	transferred	6.0	470.3497	6.74	470.3494	6.85167	-0.638	0.112	0.9973	ms2_tie	assigned	1.0	9033.0	C26H47NO6	False	False	True	False	True
1324	324.6639	1.802	0.0004186184621063	9.376149793281752e-05	2.15224840648937	1.0	1.0	0.0	50.0	0.0006660006660006	0.0315608201322487	dendrobatidis	life_stage	liq_Zoospore	liq_Developed	up_in_liq_Zoospore	1.2710450800157425																											True	False	False	False
1119	356.353	7.176677	1.4059502839484076e-05	6.427694966051079e-05	-2.151131662827569	1.0	1.0	0.0	0.0	0.0006660006660006	0.0315608201322487	dendrobatidis	life_stage	liq_Zoospore	liq_Developed	up_in_liq_Developed	-5.82801218497572	1119.0	C22H45NO2	[M + H]+	Ethanol, 2,2'-(9-octadecen-1-ylimino)bis-	CCCCCCCCC=CCCCCCCCCN(CCO)CCO	0.178	Fatty acids	Sphingoid bases	Organonitrogen compounds	9197.0	EB-MSV000090464-gnps_ms2	transferred	2.0	356.3529	7.17	356.353	7.176677	0.281	0.007	1.0	ms2_winner	assigned	1.0	9197.0	C22H45NO2	False	False	False	False	True
34145	586.2529	1.839571	5.260210081730096e-05	1.152020903595411e-05	2.140421511465316	1.0	0.5	0.5	50.0	0.0006660006660006	0.0315608201322487	dendrobatidis	life_stage	liq_Zoospore	liq_Developed	up_in_liq_Zoospore	0.0080521105224698																											False	False	False	False
23964	273.2788	5.554925	1.75124060450449e-06	9.077728822226508e-06	-2.07383477067196	0.8	1.0	-0.1999999999999999	0.0	0.0006660006660006	0.0315608201322487	dendrobatidis	life_stage	liq_Zoospore	liq_Developed	up_in_liq_Developed	-2.9332707293542346																											False	False	False	False
9440	810.5567	7.467038	7.719303308317676e-06	3.413315874998279e-05	-2.070909120631897	1.0	1.0	0.0	0.0	0.0006660006660006	0.0315608201322487	dendrobatidis	life_stage	liq_Zoospore	liq_Developed	up_in_liq_Developed	-1.0112022375441287	9440.0	C47H75N3O8	[M + H]+		C1CCC(CC1)CCC=CCC(CCC2=CC(=CC=C2)CO)CC34CCC5C(CCCC5(C(C=C3)C6C4C(C=CC6C(=O)O)CN)C7=CC=CC=C7)CC8=CC(=CC=C8)O	0.053	Fatty acids	Isoquinoline alkaloids	Phenol ethers	9440.0	native-full-e9838293-bagel	native	1.0								native	native	1.0	9440.0	C47H75N3O8	False	False	False	False	True
24820	746.5659	7.769126	2.8921721323493064e-06	1.3783247085271202e-05	-2.0640061811262647	1.0	1.0	0.0	0.0	0.0006660006660006	0.0315608201322487	dendrobatidis	life_stage	liq_Zoospore	liq_Developed	up_in_liq_Developed	-1.7687435672403666																											False	False	False	False
33076	1108.1091	4.329004	7.717222014555316e-06	1.4456715784044167e-06	2.060940990333768	1.0	0.5	0.5	50.0	0.0006660006660006	0.0315608201322487	dendrobatidis	life_stage	liq_Zoospore	liq_Developed	up_in_liq_Zoospore	3.586183656277405																											True	False	False	False
35983	346.3325	6.170172	0.0	1.6617141602362674e-06	-2.0456780621925974	0.0	1.0	-1.0	0.0	0.0006660006660006	0.0315608201322487	dendrobatidis	life_stage	liq_Zoospore	liq_Developed	up_in_liq_Developed	-3.712103833346146																											False	False	False	False
16750	654.3564	4.251	3.283695291807109e-05	7.5792944963431e-06	2.0406202361183365	1.0	0.8	0.1999999999999999	50.0	0.0006660006660006	0.0315608201322487	dendrobatidis	life_stage	liq_Zoospore	liq_Developed	up_in_liq_Zoospore	5.1494096599523855																											True	False	False	False
9926	405.71	1.785	5.831449084473753e-05	1.3982940918528726e-05	2.019483258421652	1.0	0.5	0.5	50.0	0.0006660006660006	0.0315608201322487	dendrobatidis	life_stage	liq_Zoospore	liq_Developed	up_in_liq_Zoospore	6.256634828661553																											True	False	False	False
2900	635.3269	1.537	3.974053341496228e-05	0.0001618141385308	-2.011228522824412	1.0	1.0	0.0	0.0	0.0006660006660006	0.0315608201322487	dendrobatidis	life_stage	liq_Zoospore	liq_Developed	up_in_liq_Developed	7.524987927879236	2900.0	C38H42N4O5	[M + H]+	H-DL-Gln-DL-Pro-DL-Lys-DL-Lys-DL-Pro-OH	C1CC(N(C1)C(=O)C(CCC(=O)N)N)C(=O)NC(CCCCN)C(=O)NC(CCCCN)C(=O)N2CCCC2C(=O)O	0.715	Amino acids and Peptides	Tripeptides	Carboxylic acids and derivatives	2430.0	EB-MSV000090464-gnps_ms2	transferred	3.0	635.3288	1.54	635.3269	1.537	-2.991	-0.003	1.0	unique	assigned	1.0	2430.0	C38H42N4O5	False	True	True	True	False
6349	396.2244	1.992114	3.0007856622381254e-05	0.000121915603054	-2.003430389098939	0.8	1.0	-0.1999999999999999	0.0	0.0006660006660006	0.0315608201322487	dendrobatidis	life_stage	liq_Zoospore	liq_Developed	up_in_liq_Developed	-2.031754940591664	6349.0	C18H29N5O5	[M + H]+	(2S)-2-[[2-[(2-amino-3-methylpentanoyl)amino]-3-methylpentanoyl]amino]-3-methylpentanoic acid	CCC(C)C(C(=O)NC(C(C)CC)C(=O)NC(C(C)CC)C(=O)O)N	0.33	Amino acids and Peptides	Tripeptides	Carboxylic acids and derivatives	6349.0	native-full-e9838293-bagel	native	1.0								native	native	1.0	6349.0	C18H29N5O5	False	False	True	False	False
18029	312.327	7.191445	1.7465121972088243e-06	8.445108879748341e-06	-1.9785726301669213	0.6	1.0	-0.4	0.0	0.0006660006660006	0.0315608201322487	dendrobatidis	life_stage	liq_Zoospore	liq_Developed	up_in_liq_Developed	-4.942518066478884																											False	False	False	False
22685	875.5184	4.199	1.6961400545540687e-05	3.974463991372622e-06	1.9569511419445769	1.0	0.5	0.5	50.0	0.0006660006660006	0.0315608201322487	dendrobatidis	life_stage	liq_Zoospore	liq_Developed	up_in_liq_Zoospore	4.544997558021442																											True	False	False	False
2813	691.3521	2.793	4.293235670168393e-05	0.0001673981080056	-1.9499777590104297	0.6	1.0	-0.4	0.0	0.0006660006660006	0.0315608201322487	dendrobatidis	life_stage	liq_Zoospore	liq_Developed	up_in_liq_Developed	0.8699567568125497																											False	True	False	False
1867	669.348	0.943307	6.496925850410764e-05	0.0002520776183782	-1.947329327442068	1.0	1.0	0.0	0.0	0.0006660006660006	0.0315608201322487	dendrobatidis	life_stage	liq_Zoospore	liq_Developed	up_in_liq_Developed	7.581047390096012	1867.0	C35H48N4O9	[M + H]+	Ac-Gly-Gly-Val-Leu-Gln-Pro-Gly-OH	CC(C)CC(C(=O)NC(CCC(=O)N)C(=O)N1CCCC1C(=O)NCC(=O)O)NC(=O)C(C(C)C)NC(=O)CNC(=O)CNC(=O)C	0.658	Amino acids and Peptides	Tripeptides	Carboxylic acids and derivatives	1867.0	native-full-e9838293-bagel	native	1.0								native	native	1.0	1867.0	C35H48N4O9	False	True	True	True	False
12812	461.244	2.73	6.222006941983098e-05	0.0002406845200539	-1.9426086689504576	1.0	1.0	0.0	0.0	0.0006660006660006	0.0315608201322487	dendrobatidis	life_stage	liq_Zoospore	liq_Developed	up_in_liq_Developed	1.2188446476601318																											True	True	True	False
7048	327.2122	1.520915	2.084819049629808e-05	8.14107423696864e-05	-1.938385141947064	1.0	1.0	0.0	0.0	0.0006660006660006	0.0315608201322487	dendrobatidis	life_stage	liq_Zoospore	liq_Developed	up_in_liq_Developed	-1.489509399821494	7048.0	C13H30N2O7	[M + H]+	N-[5-(pentanoylamino)-1-naphthyl]pentanamide	CCCCC(=O)NC1=CC=CC2=C1C=CC=C2NC(=O)CCCC	0.045	Amino acids and Peptides	Dipeptides	Carboxylic acids and derivatives	7048.0	native-full-e9838293-bagel	native	1.0								native	native	1.0	7048.0	C13H30N2O7	False	False	True	False	False
3197	656.3923	2.618	7.139226119813424e-05	0.0002640244743866	-1.879038112518112	1.0	1.0	0.0	0.0	0.0006660006660006	0.0315608201322487	dendrobatidis	life_stage	liq_Zoospore	liq_Developed	up_in_liq_Developed	3.1226123134262744																											True	True	True	False
4907	604.3594	2.617581	0.0001041588771872	2.8087368122709155e-05	1.871104082114688	1.0	0.6	0.4	50.0	0.0006660006660006	0.0315608201322487	dendrobatidis	life_stage	liq_Zoospore	liq_Developed	up_in_liq_Zoospore	7.133571736480554																											True	False	False	False
26161	390.3593	7.070339	3.0077237926202305e-06	1.2409140912916883e-05	-1.870515441659542	1.0	1.0	0.0	0.0	0.0006660006660006	0.0315608201322487	dendrobatidis	life_stage	liq_Zoospore	liq_Developed	up_in_liq_Developed	-2.2834644877416257																											False	False	False	False
11199	691.3612	2.626	8.193035379667732e-05	0.0002935479839776	-1.8344120704945888	1.0	1.0	0.0	0.0	0.0006660006660006	0.0315608201322487	dendrobatidis	life_stage	liq_Zoospore	liq_Developed	up_in_liq_Developed	2.865187188421981																											True	True	True	False
3159	325.1639	1.802	0.0001606775078685	4.782272566956569e-05	1.7372263291260703	1.0	0.9	0.0999999999999999	50.0	0.0006660006660006	0.0315608201322487	dendrobatidis	life_stage	liq_Zoospore	liq_Developed	up_in_liq_Zoospore	1.2629081445973531																											True	False	False	False
3847	586.2527	1.897	0.0001738379812087	5.212779168714299e-05	1.7273947194958246	1.0	0.5	0.5	50.0	0.0006660006660006	0.0315608201322487	dendrobatidis	life_stage	liq_Zoospore	liq_Developed	up_in_liq_Zoospore	2.5368976183078136	3847.0	C28H35N5O9	[M + H]+	H-DL-Tyr-DL-Pro-DL-Ser-DL-Tyr-Gly-OH	C1CC(N(C1)C(=O)C(CC2=CC=C(C=C2)O)N)C(=O)NC(CO)C(=O)NC(CC3=CC=C(C=C3)O)C(=O)NCC(=O)O	0.797	Amino acids and Peptides	Linear peptides	Carboxylic acids and derivatives	3613.0	EB-MSV000090464-gnps_ms2	transferred	3.0	586.2517	1.9	586.2527	1.897	1.706	-0.003	0.9998	unique	assigned	1.0	3613.0	C28H35N5O9	False	True	False	False	False
3480	671.2531	2.4045	7.247310566578723e-05	0.0002339159450047	-1.6832102813430905	0.8	1.0	-0.1999999999999999	0.0	0.0006660006660006	0.0315608201322487	dendrobatidis	life_stage	liq_Zoospore	liq_Developed	up_in_liq_Developed	2.494192588577281																											True	True	True	False
880	265.1543	1.691	0.0004948861641967	0.0001571844595721	1.651318995033217	1.0	1.0	0.0	50.0	0.0006660006660006	0.0315608201322487	dendrobatidis	life_stage	liq_Zoospore	liq_Developed	up_in_liq_Zoospore	9.36289553999404	880.0	C14H20N2O3	[M + H]+	2-(2-amino-3-methylbutanamido)-3-phenylpropanoic acid	CC(C)C(C(=O)NC(CC1=CC=CC=C1)C(=O)O)N	0.996	Amino acids and Peptides	Dipeptides	Carboxylic acids and derivatives	2920.0	EB-MSV000090464-gnps_ms2	transferred	3.0	265.1543	1.69	265.1543	1.691	0.0	0.001	1.0	ms2_winner	assigned	1.0	2920.0	C14H20N2O3	False	True	False	False	False
29731	551.4152	6.586222	1.8329148301548568e-06	6.715425922576391e-06	-1.616040430144041	0.8	1.0	-0.1999999999999999	0.0	0.0006660006660006	0.0315608201322487	dendrobatidis	life_stage	liq_Zoospore	liq_Developed	up_in_liq_Developed	3.228684246436287																											True	False	False	False
4731	489.3062	3.505322	0.0001372109482209	4.463176780129135e-05	1.608759509109273	1.0	1.0	0.0	50.0	0.0006660006660006	0.0315608201322487	dendrobatidis	life_stage	liq_Zoospore	liq_Developed	up_in_liq_Zoospore	7.896448551898107																											True	False	False	False
142	231.1712	0.8514	0.0037239135199061	0.0012235250765689	1.6053555209251915	1.0	1.0	0.0	50.0	0.0006660006660006	0.0315608201322487	dendrobatidis	life_stage	liq_Zoospore	liq_Developed	up_in_liq_Zoospore	2.2726991581271885	142.0	C11H22N2O3	[M + H]+	2-(2-amino-3-methylpentanamido)-3-methylbutanoic acid	CCC(C)C(C(=O)NC(C(C)C)C(=O)O)N	0.699	Amino acids and Peptides	Dipeptides	Carboxylic acids and derivatives	142.0	native-full-e9838293-bagel	native	1.0								native	native	1.0	142.0	C11H22N2O3	False	True	False	False	False
26725	688.5202	7.567292	4.19587342735786e-06	1.379061232774864e-05	-1.5992103623652587	1.0	1.0	0.0	0.0	0.0006660006660006	0.0315608201322487	dendrobatidis	life_stage	liq_Zoospore	liq_Developed	up_in_liq_Developed	-2.6163939671971197																											False	False	False	False
4774	346.3322	7.091576	4.1870100669414825e-05	0.0001274275879111	-1.5935005279622434	1.0	1.0	0.0	0.0	0.0006660006660006	0.0315608201322487	dendrobatidis	life_stage	liq_Zoospore	liq_Developed	up_in_liq_Developed	-2.693009200799118	4774.0	C20H43NO3	[M + H]+	2-aminoicosane-1,3,4-triol	CCCCCCCCCCCCCCCCC(C(C(CO)N)O)O	0.261	Fatty acids	Sphingoid bases	Organonitrogen compounds	9165.0	EB-MSV000090464-gnps_ms2	transferred	1.0	346.3321	7.09	346.3322	7.091576	0.289	0.002	1.0	unique	assigned	1.0	9165.0	C20H43NO3	False	False	False	False	True
6946	295.1658	1.324	7.31464820059794e-05	2.462873603047285e-05	1.5501022767923285	1.0	1.0	0.0	50.0	0.0006660006660006	0.0315608201322487	dendrobatidis	life_stage	liq_Zoospore	liq_Developed	up_in_liq_Zoospore	0.3889531812553928	6946.0	C15H22N2O4	[M + H]+		CCC(C)C(C(=O)O)NC(=O)C(CC1=CC=C(C=C1)O)N	0.808	Amino acids and Peptides	Dipeptides	Carboxylic acids and derivatives	6946.0	native-full-e9838293-bagel	native	1.0								native	native	1.0	6946.0	C15H22N2O4	False	False	False	False	False
15245	692.8556	2.556	2.291841113588594e-05	6.798135238227702e-05	-1.546807396461805	0.8	1.0	-0.1999999999999999	0.0	0.0006660006660006	0.0315608201322487	dendrobatidis	life_stage	liq_Zoospore	liq_Developed	up_in_liq_Developed	6.712745655323969																											True	True	True	False
9702	349.7122	1.677	4.365321364082025e-05	1.4691066179726416e-05	1.537359087720383	1.0	0.6	0.4	50.0	0.0006660006660006	0.0315608201322487	dendrobatidis	life_stage	liq_Zoospore	liq_Developed	up_in_liq_Zoospore	5.709400237272748																											True	False	False	False
1215	415.2573	1.386578	0.0007050115247881	0.0002429017454658	1.5352093117988563	1.0	1.0	0.0	50.0	0.0006660006660006	0.0315608201322487	dendrobatidis	life_stage	liq_Zoospore	liq_Developed	up_in_liq_Zoospore	3.343104790643349	1215.0	C19H34N4O6	[M + H]+	(2S,3S)-2-[[(2S)-1-[(2S)-2-[[(2S)-2-amino-3-hydroxypropanoyl]amino]-3-methylbutanoyl]pyrrolidine-2-carbonyl]amino]-3-methylpentanoic acid	CCC(C)C(C(=O)O)NC(=O)C1CCCN1C(=O)C(C(C)C)NC(=O)C(CO)N	0.538	Amino acids and Peptides	Tripeptides	Carboxylic acids and derivatives	2446.0	EB-MSV000090464-gnps_ms2	transferred	4.0	415.2568	1.54	415.2573	1.386578	1.204	-0.153	0.8883	ms2_winner	assigned	1.0	2446.0	C19H34N4O6	False	True	False	False	False
6355	597.8124	3.810045	8.932180380992646e-05	3.0509605143045383e-05	1.533403057687247	1.0	0.9	0.0999999999999999	50.0	0.0006660006660006	0.0315608201322487	dendrobatidis	life_stage	liq_Zoospore	liq_Developed	up_in_liq_Zoospore	6.779002401352301	6355.0	C13H19Br4N3O4	[M + H]+							6355.0	native-full-e9838293-bagel	native	1.0								native	native	1.0	6355.0	C13H19Br4N3O4	False	True	False	False	False
11098	562.2944	2.199	0.000265274209634	9.158394991748975e-05	1.5288608841024034	1.0	1.0	0.0	50.0	0.0006660006660006	0.0315608201322487	dendrobatidis	life_stage	liq_Zoospore	liq_Developed	up_in_liq_Zoospore	1.7899608904288469	11098.0	C27H45N3O7	[M + K]+	H-Val-Pro-Pro-Leu-Asp-OH	CC(C)CC(C(=O)NC(CC(=O)O)C(=O)O)NC(=O)C1CCCN1C(=O)C2CCCN2C(=O)C(C(C)C)N	0.84	Amino acids and Peptides	Tripeptides	Carboxylic acids and derivatives	4689.0	EB-MSV000090464-gnps_ms2	transferred	5.0	562.2905	2.21	562.2944	2.199	6.936	-0.011	0.986	ms2_winner	assigned	1.0	4689.0	C27H45N3O7	False	True	False	False	False
37054	330.2647	5.567522	1.7749172015832427e-06	6.105362532761989e-06	-1.5250012382530629	1.0	1.0	0.0	0.0	0.0006660006660006	0.0315608201322487	dendrobatidis	life_stage	liq_Zoospore	liq_Developed	up_in_liq_Developed	3.11419665750574																											True	True	True	False
2003	532.3132	3.218198	0.0004094984310826	0.0001430056802606	1.5143071957540395	1.0	0.9	0.0999999999999999	50.0	0.0006660006660006	0.0315608201322487	dendrobatidis	life_stage	liq_Zoospore	liq_Developed	up_in_liq_Zoospore	3.4954270372747143	2003.0	C27H41N5O6	[M + H]+	H-Leu-Pro-Pro-Ile-Ala-OH	CCC(C)C(C(=O)NC(C)C(=O)O)NC(=O)C1CCCN1C(=O)C2CCCN2C(=O)C(CC(C)C)N	0.689	Amino acids and Peptides	Tripeptides	Carboxylic acids and derivatives	7203.0	EB-MSV000090464-gnps_ms2	transferred	2.0	532.3131	3.22	532.3132	3.218198	0.188	-0.002	0.9926	unique	assigned	1.0	7203.0	C27H41N5O6	False	True	False	False	False
2326	279.1716	2.247346	0.0002620470637287	9.188657155414048e-05	1.5065060525802083	1.0	1.0	0.0	50.0	0.0006660006660006	0.0315608201322487	dendrobatidis	life_stage	liq_Zoospore	liq_Developed	up_in_liq_Zoospore	1.1584784495752083	2326.0	C15H22N2O3	[M + H]+	2-(2-amino-4-methylpentanamido)-3-phenylpropanoic acid	CC(C)CC(C(=O)NC(CC1=CC=CC=C1)C(=O)O)N	0.721	Amino acids and Peptides	Dipeptides	Carboxylic acids and derivatives	4807.0	EB-MSV000090464-gnps_ms2	transferred	3.0	279.1704	2.24	279.1716	2.247346	4.298	0.007	0.991	ms2_winner	assigned	1.0	4807.0	C15H22N2O3	False	True	False	False	False
5211	391.2349	2.184	5.1229237965168e-05	0.0001459226217782	-1.500525475744028	1.0	1.0	0.0	0.0	0.0006660006660006	0.0315608201322487	dendrobatidis	life_stage	liq_Zoospore	liq_Developed	up_in_liq_Developed	1.9858313296268568																											True	True	True	False
10613	390.7251	3.455677	6.936141352038482e-05	2.42871190499498e-05	1.493737427504735	1.0	1.0	0.0	50.0	0.0006660006660006	0.0315608201322487	dendrobatidis	life_stage	liq_Zoospore	liq_Developed	up_in_liq_Zoospore	6.008801047883526																											True	False	False	False
1369	399.2615	1.833	0.0005805336418122	0.0002058746937235	1.4932153398651709	1.0	1.0	0.0	50.0	0.0006660006660006	0.0315608201322487	dendrobatidis	life_stage	liq_Zoospore	liq_Developed	up_in_liq_Zoospore	3.843276472232562	1369.0	C19H34N4O5	[M + H]+	2-[[1-[2-(2-Aminopropanoylamino)-3-methylbutanoyl]pyrrolidine-2-carbonyl]amino]-3-methylpentanoic acid	CCC(C)C(C(=O)O)NC(=O)C1CCCN1C(=O)C(C(C)C)NC(=O)C(C)N	0.765	Amino acids and Peptides	Tripeptides	Carboxylic acids and derivatives	3409.0	EB-MSV000090464-gnps_ms2	transferred	3.0	399.2613	1.84	399.2615	1.833	0.501	-0.007	0.9088	ms2_winner	assigned	1.0	3409.0	C19H34N4O5	False	True	False	False	False
17492	702.5386	7.793413	6.98901075427302e-06	2.031664827334432e-05	-1.471062772283313	1.0	1.0	0.0	0.0	0.0006660006660006	0.0315608201322487	dendrobatidis	life_stage	liq_Zoospore	liq_Developed	up_in_liq_Developed	-2.599397118161862																											False	False	False	False
27809	768.5451	7.488032	2.073635669600457e-06	6.614041830042715e-06	-1.455817116503904	1.0	1.0	0.0	0.0	0.0006660006660006	0.0315608201322487	dendrobatidis	life_stage	liq_Zoospore	liq_Developed	up_in_liq_Developed	3.4805268550521875																											True	True	True	False
2623	245.1862	1.724167	0.0004535968127616	0.0001654479084139	1.4520977864159283	1.0	1.0	0.0	50.0	0.0006660006660006	0.0315608201322487	dendrobatidis	life_stage	liq_Zoospore	liq_Developed	up_in_liq_Zoospore	1.299896926255738	2623.0	C12H24N2O3	[M + H]+	2-[(2-amino-1-hydroxy-4-methylpentylidene)amino]-3-methylpentanoic acid	CCC(C)C(C(=O)O)NC(=O)C(CC(C)C)N	0.643	Amino acids and Peptides	Dipeptides	Carboxylic acids and derivatives	2623.0	native-full-e9838293-bagel	native	1.0								native	native	1.0	2623.0	C12H24N2O3	False	True	False	False	False
1222	245.1858	1.787	0.0006942354570498	0.0002537905931177	1.4498736971989796	1.0	1.0	0.0	50.0	0.0006660006660006	0.0315608201322487	dendrobatidis	life_stage	liq_Zoospore	liq_Developed	up_in_liq_Zoospore	1.5472307033615371	1222.0	C12H24N2O3	[M + H]+	2-[(2-amino-1-hydroxy-3-methylpentylidene)amino]-4-methylpentanoic acid	CCC(C)C(C(=O)NC(CC(C)C)C(=O)O)N	0.72	Amino acids and Peptides	Dipeptides	Carboxylic acids and derivatives	3272.0	EB-MSV000090464-gnps_ms2	transferred	5.0	245.186	1.78	245.1858	1.787	-0.816	0.007	0.9999	ms2_tie	assigned	1.0	3272.0	C12H24N2O3	False	True	False	False	False
27286	769.92	3.931	7.982128150119808e-06	2.261297541515012e-05	-1.4428621249354492	0.8	1.0	-0.1999999999999999	0.0	0.0006660006660006	0.0315608201322487	dendrobatidis	life_stage	liq_Zoospore	liq_Developed	up_in_liq_Developed	5.013454297458787																											True	True	True	False
1382	376.1897	0.954907	0.000176286899078	0.0004801233368249	-1.4427347852077446	1.0	1.0	0.0	0.0	0.0006660006660006	0.0315608201322487	dendrobatidis	life_stage	liq_Zoospore	liq_Developed	up_in_liq_Developed	3.406796546556259	1382.0	C16H29N3O5S	[M + H]+	For-Met-Leu-Aib-OH	CC(C)CC(C(=O)NC(C)(C)C(=O)O)NC(=O)C(CCSC)NC=O	0.515	Amino acids and Peptides	Tripeptides	Carboxylic acids and derivatives	1269.0	EB-MSV000090464-gnps_ms2	transferred	3.0	376.1915	0.95	376.1897	0.954907	-4.785	0.005	1.0	unique	assigned	1.0	1269.0	C16H29N3O5S	False	True	True	True	False
22492	854.5811	7.462108	5.454623595109478e-06	1.5230871899725672e-05	-1.3968468336216304	1.0	1.0	0.0	0.0	0.0006660006660006	0.0315608201322487	dendrobatidis	life_stage	liq_Zoospore	liq_Developed	up_in_liq_Developed	-2.547142523156855																											False	False	False	False
36207	450.223	4.978783	3.991779601250306e-06	1.2134772482515791e-06	1.374351760016622	1.0	0.5	0.5	50.0	0.0006660006660006	0.0315608201322487	dendrobatidis	life_stage	liq_Zoospore	liq_Developed	up_in_liq_Zoospore	2.770259535164361																											True	False	False	False
5225	562.288	2.226924	0.0002696650222856	0.0001038837187117	1.3716802879260337	1.0	0.8	0.1999999999999999	50.0	0.0006660006660006	0.0315608201322487	dendrobatidis	life_stage	liq_Zoospore	liq_Developed	up_in_liq_Zoospore	2.9192504564747845	5225.0	C27H39N5O8	[M + H]+	Albisporachelin	CNC(CCCN(C=O)O)C(=O)NC(CO)C(=O)NC(CCCN(C=O)O)C(=O)N(C)C1CCCN(C1=O)O	0.645	Amino acids and Peptides	Linear peptides	Carboxylic acids and derivatives	5225.0	native-full-e9838293-bagel	native	1.0								native	native	1.0	5225.0	C27H39N5O8	False	True	False	False	False
22139	454.3654	7.040237	4.812941991951656e-06	1.321230158594153e-05	-1.3627318641526094	1.0	1.0	0.0	0.0	0.0006660006660006	0.0315608201322487	dendrobatidis	life_stage	liq_Zoospore	liq_Developed	up_in_liq_Developed	4.560072782081914																											True	False	False	False
10314	305.6717	2.229858	3.708615801023836e-05	1.4225619006560026e-05	1.3500212576202937	1.0	0.7	0.3	50.0	0.0006660006660006	0.0315608201322487	dendrobatidis	life_stage	liq_Zoospore	liq_Developed	up_in_liq_Zoospore	5.426789760638935																											True	False	False	False
1565	498.3297	3.000724	0.0005269550671641	0.0002072378993462	1.3441527489856138	1.0	1.0	0.0	50.0	0.0006660006660006	0.0315608201322487	dendrobatidis	life_stage	liq_Zoospore	liq_Developed	up_in_liq_Zoospore	3.207202002316813	1565.0	C24H43N5O6	[M + H]+	H-Ile-Pro-Val-Gly-Leu-OH	CCC(C)C(C(=O)N1CCCC1C(=O)NC(C(C)C)C(=O)NCC(=O)NC(CC(C)C)C(=O)O)N	0.624	Amino acids and Peptides	Tripeptides	Carboxylic acids and derivatives	6716.0	EB-MSV000090464-gnps_ms2	transferred	4.0	498.3293	2.99	498.3297	3.000724	0.803	0.011	1.0	ms2_tie	assigned	1.0	6716.0	C24H43N5O6	False	True	False	False	False
4600	385.2437	1.673	0.0029819964821123	0.0011998076363249	1.3130938697032326	1.0	1.0	0.0	50.0	0.0006660006660006	0.0315608201322487	dendrobatidis	life_stage	liq_Zoospore	liq_Developed	up_in_liq_Zoospore	3.2878935100135664	4600.0	C18H32N4O5	[M + H]+	H-DL-Val-DL-Val-DL-Pro-DL-Ala-OH	CC(C)C(C(=O)NC(C(C)C)C(=O)N1CCCC1C(=O)NC(C)C(=O)O)N	0.322	Amino acids and Peptides	Tripeptides	Carboxylic acids and derivatives	4600.0	native-full-e9838293-bagel	native	1.0								native	native	1.0	4600.0	C18H32N4O5	False	True	False	False	False
181	431.2336	2.341	0.0044037136816652	0.0017886811184928	1.2995701268059905	1.0	1.0	0.0	50.0	0.0006660006660006	0.0315608201322487	dendrobatidis	life_stage	liq_Zoospore	liq_Developed	up_in_liq_Zoospore	3.081691134065113	181.0	C19H34N4O5S	[M + H]+	H-DL-Pro-DL-Leu-DL-Met-DL-Ala-OH	CC(C)CC(C(=O)NC(CCSC)C(=O)NC(C)C(=O)O)NC(=O)C1CCCN1	0.411	Amino acids and Peptides	Tripeptides	Carboxylic acids and derivatives	5064.0	EB-MSV000090464-gnps_ms2	transferred	5.0	431.2331	2.34	431.2336	2.341	1.159	0.001	1.0	ms2_winner	assigned	1.0	5064.0	C19H34N4O5S	False	True	False	False	False
3689	543.3147	1.896	0.0001926373332001	7.859131273177093e-05	1.2877007673866516	1.0	1.0	0.0	50.0	0.0006660006660006	0.0315608201322487	dendrobatidis	life_stage	liq_Zoospore	liq_Developed	up_in_liq_Zoospore	2.256166532400148	3689.0	C24H42N6O8	[M + H]+	H-Val-Thr-Pro-Leu-Asn-OH	CC(C)CC(C(=O)NC(CC(=O)N)C(=O)O)NC(=O)C1CCCN1C(=O)C(C(C)O)NC(=O)C(C(C)C)N	0.671	Amino acids and Peptides	Tripeptides	Carboxylic acids and derivatives	3586.0	EB-MSV000090464-gnps_ms2	transferred	4.0	543.314	1.89	543.3147	1.896	1.288	0.006	1.0	unique	assigned	1.0	3586.0	C24H42N6O8	False	True	False	False	False
4638	638.3586	3.74487	0.0001427324180116	5.848403913085133e-05	1.2795139241162887	1.0	1.0	0.0	50.0	0.0006660006660006	0.0315608201322487	dendrobatidis	life_stage	liq_Zoospore	liq_Developed	up_in_liq_Zoospore	7.392145750141255	4638.0	C31H49N7O6	[M + Na]+	Boc-Val-Leu-Lys-MCA	CC1=CC(=O)OC2=C1C=CC(=C2)NC(=O)C(CCCCN)NC(=O)C(CC(C)C)NC(=O)C(C(C)C)NC(=O)OC(C)(C)C	0.331	Amino acids and Peptides	Tripeptides	Carboxylic acids and derivatives	8178.0	EB-MSV000090464-gnps_ms2	transferred	3.0	638.3588	3.74	638.3586	3.74487	-0.313	0.005	0.9866	unique	assigned	1.0	8178.0	C31H49N7O6	False	True	False	False	False
15816	405.2334	1.408074	3.934453929418657e-05	1.595983238274473e-05	1.2738334313495216	1.0	0.6	0.4	50.0	0.0006660006660006	0.0315608201322487	dendrobatidis	life_stage	liq_Zoospore	liq_Developed	up_in_liq_Zoospore	5.645805102747596																											True	False	False	False
15220	644.8488	3.751365	3.4407182103528143e-05	1.4067519694102576e-05	1.258975306437359	1.0	0.7	0.3	50.0	0.0006660006660006	0.0315608201322487	dendrobatidis	life_stage	liq_Zoospore	liq_Developed	up_in_liq_Zoospore	5.490256989660862																											True	False	False	False
22085	507.3104	3.753717	1.8398176153958955e-05	7.500739192348575e-06	1.236814439644171	1.0	0.6	0.4	50.0	0.0006660006660006	0.0315608201322487	dendrobatidis	life_stage	liq_Zoospore	liq_Developed	up_in_liq_Zoospore	4.456042751103366																											True	False	False	False
34347	738.4138	4.344121	1.2748566666473743e-05	5.115897518235362e-06	1.2336594610576443	1.0	0.9	0.0999999999999999	50.0	0.0006660006660006	0.0315608201322487	dendrobatidis	life_stage	liq_Zoospore	liq_Developed	up_in_liq_Zoospore	3.478103347852499																											True	False	False	False
6119	479.299	1.991537	0.0001310856989253	5.560365096540391e-05	1.2293772088839556	1.0	1.0	0.0	50.0	0.0006660006660006	0.0315608201322487	dendrobatidis	life_stage	liq_Zoospore	liq_Developed	up_in_liq_Zoospore	7.519376643701077																											True	False	False	False
11558	702.3133	3.442302	6.779103120066114e-05	2.8614445937306583e-05	1.2290768624607458	1.0	0.6	0.4	50.0	0.0006660006660006	0.0315608201322487	dendrobatidis	life_stage	liq_Zoospore	liq_Developed	up_in_liq_Zoospore	6.598549915453137																											True	False	False	False
20516	628.8741	3.979	2.516266732097986e-05	1.0696261447949814e-05	1.1943977615993877	1.0	0.7	0.3	50.0	0.0006660006660006	0.0315608201322487	dendrobatidis	life_stage	liq_Zoospore	liq_Developed	up_in_liq_Zoospore	5.168652132794018																											True	False	False	False
20046	506.8288	4.248	2.718027302324937e-05	1.1640050610499627e-05	1.1870110169283248	1.0	0.9	0.0999999999999999	50.0	0.0006660006660006	0.0315608201322487	dendrobatidis	life_stage	liq_Zoospore	liq_Developed	up_in_liq_Zoospore	5.1520294543544205																											True	False	False	False
37602	1159.6561	4.718859	9.308850041079283e-06	3.801976200188552e-06	1.183254852338166	1.0	0.6	0.4	50.0	0.0006660006660006	0.0315608201322487	dendrobatidis	life_stage	liq_Zoospore	liq_Developed	up_in_liq_Zoospore	3.6510921634549502																											True	False	False	False
10535	677.3354	2.943164	2.3282311827944784e-05	5.3395774320089465e-05	-1.1792292577498609	0.6	1.0	-0.4	0.0	0.0006660006660006	0.0315608201322487	dendrobatidis	life_stage	liq_Zoospore	liq_Developed	up_in_liq_Developed	6.487129500384213																											True	True	True	False
11108	699.8535	1.961021	2.213835532593917e-05	4.96898884315743e-05	-1.147539846371803	1.0	1.0	0.0	0.0	0.0006660006660006	0.0315608201322487	dendrobatidis	life_stage	liq_Zoospore	liq_Developed	up_in_liq_Developed	6.22115389377855																											True	False	False	False
2449	312.1913	0.6065	3.4866418949804815e-05	7.777704232281658e-05	-1.1455135369742273	1.0	1.0	0.0	0.0	0.0006660006660006	0.0315608201322487	dendrobatidis	life_stage	liq_Zoospore	liq_Developed	up_in_liq_Developed	-3.0789186098708266	2449.0	C15H25N3O4	[M + H]+	1-[1-(2-Amino-3-methylbutanoyl)pyrrolidine-2-carbonyl]pyrrolidine-2-carboxylic acid	CC(C)C(C(=O)N1CCCC1C(=O)N2CCCC2C(=O)O)N	0.661	Amino acids and Peptides	Dipeptides	Carboxylic acids and derivatives	399.0	EB-MSV000090464-gnps_ms2	transferred	2.0	312.1915	0.61	312.1913	0.6065	-0.641	-0.003	1.0	ms2_winner	assigned	1.0	399.0	C15H25N3O4	False	False	True	False	False
23751	910.0207	4.2365	1.6239639781147715e-05	7.290806705710963e-06	1.1003517026991314	1.0	0.9	0.0999999999999999	50.0	0.0006660006660006	0.0315608201322487	dendrobatidis	life_stage	liq_Zoospore	liq_Developed	up_in_liq_Zoospore	4.435069622792617																											True	False	False	False
28821	738.9106	4.183	1.0848693208139205e-05	4.791630804278192e-06	1.0962323241919545	1.0	0.9	0.0999999999999999	50.0	0.0006660006660006	0.0315608201322487	dendrobatidis	life_stage	liq_Zoospore	liq_Developed	up_in_liq_Zoospore	3.698876432316656																											True	False	False	False
7494	314.3415	7.039374	2.2067563950990856e-06	5.314189183758637e-06	-1.0942208124340878	1.0	1.0	0.0	0.0	0.0006660006660006	0.0315608201322487	dendrobatidis	life_stage	liq_Zoospore	liq_Developed	up_in_liq_Developed	-6.673829747585744	7494.0	C20H43NO	[M + H]+							9130.0	EB-MSV000090464-gnps_ms2	transferred	3.0	314.3417	7.03	314.3415	7.039374	-0.636	0.009	1.0	unique	assigned	1.0	9130.0	C20H43NO	False	False	False	False	False
854	548.3087	2.358	0.0009953497054571	0.0004672543345367	1.0901260991035444	1.0	1.0	0.0	50.0	0.0006660006660006	0.0315608201322487	dendrobatidis	life_stage	liq_Zoospore	liq_Developed	up_in_liq_Zoospore	3.132755158279664	854.0	C27H41N5O7	[M + H]+	(2S)-N-[(2S,3R)-1-amino-3-hydroxy-1-oxobutan-2-yl]-1-[(2S)-1-[(2S,3R)-2-(2,4-dimethylpentanoylamino)-3-hydroxybutanoyl]pyrrolidine-2-carbonyl]pyrrolidine-2-carboxamide	CC(C)CC(C)C(=O)NC(C(C)O)C(=O)N1CCCC1C(=O)N2CCCC2C(=O)NC(C(C)O)C(=O)N	0.316	Amino acids and Peptides	Cyclic peptides	Carboxylic acids and derivatives	5126.0	EB-MSV000090464-gnps_ms2	transferred	2.0	548.3087	2.36	548.3087	2.358	0.0	-0.002	1.0	ms2_winner	assigned	1.0	5126.0	C27H41N5O7	False	True	False	False	False
5598	416.2509	1.952136	0.0001230598512179	5.7650318105427306e-05	1.0869424342449978	1.0	1.0	0.0	50.0	0.0006660006660006	0.0315608201322487	dendrobatidis	life_stage	liq_Zoospore	liq_Developed	up_in_liq_Zoospore	1.3755409033027015																											True	False	False	False
21497	644.4915	7.588992	8.143416933021114e-06	1.7832486229903123e-05	-1.0819903726862112	1.0	1.0	0.0	0.0	0.0006660006660006	0.0315608201322487	dendrobatidis	life_stage	liq_Zoospore	liq_Developed	up_in_liq_Developed	-2.995410975383652	21497.0	C36H70NO6P	[M + H]+	13:0 Diether PC, 1,2-di-O-tridecyl-sn-glycero-3-phosphocholine, chloroform	CCCCCCCCCCCCCOCC(COP(=O)(O)OCC[N+](C)(C)C)OCCCCCCCCCCCCC	0.211	Fatty acids	Glycerophosphoethanolamines	Organic phosphoric acids and derivatives	21497.0	native-full-e9838293-bagel	native	1.0								native	native	1.0	21497.0	C36H70NO6P	False	False	False	False	False
4358	502.2516	1.133098	7.500280381290027e-05	0.0001578354603942	-1.068071238366104	1.0	1.0	0.0	0.0	0.0006660006660006	0.0315608201322487	dendrobatidis	life_stage	liq_Zoospore	liq_Developed	up_in_liq_Developed	0.7462281238982792	4358.0	C21H35N5O9	[M + H]+	Ac-Glu-Val-Glu-Ala-NHMe	CC(C)C(C(=O)NC(CCC(=O)O)C(=O)NC(C)C(=O)NC)NC(=O)C(CCC(=O)O)NC(=O)C	0.474	Amino acids and Peptides	Linear peptides	Carboxylic acids and derivatives	1630.0	EB-MSV000090464-gnps_ms2	transferred	4.0	502.2514	1.11	502.2516	1.133098	0.398	0.023	0.9999	ms2_winner	assigned	1.0	1630.0	C21H35N5O9	False	False	True	False	False
14755	1067.5201	4.090763	5.2221752595011606e-05	2.4737580740275195e-05	1.061898041768374	1.0	1.0	0.0	50.0	0.0006660006660006	0.0315608201322487	dendrobatidis	life_stage	liq_Zoospore	liq_Developed	up_in_liq_Zoospore	5.871948944876306																											True	False	False	False
2591	736.9288	3.543	0.0002699559167296	0.0001307609265873	1.0427799059245826	1.0	1.0	0.0	50.0	0.0006660006660006	0.0315608201322487	dendrobatidis	life_stage	liq_Zoospore	liq_Developed	up_in_liq_Zoospore	1.6379004172197031	2591.0	C21H29Br3N6O6	[M + K]+	Procion orange MX-2R	CN(C1=CC2=CC(=C(C(=C2C=C1)O)N=NC3=C(C4=C(C=C3)C(=CC=C4)S(=O)(=O)O)S(=O)(=O)O)S(=O)(=O)O)C5=NC(=NC(=N5)Cl)Cl	0.019	Amino acids and Peptides	Penicillins	Carboxylic acids and derivatives	2591.0	native-full-e9838293-bagel	native	1.0								native	native	1.0	2591.0	C21H29Br3N6O6	False	True	False	False	False
12940	946.0059	3.620496	2.3468354005468338e-05	4.867650261324305e-05	-1.0358788970174433	1.0	1.0	0.0	0.0	0.0006660006660006	0.0315608201322487	dendrobatidis	life_stage	liq_Zoospore	liq_Developed	up_in_liq_Developed	6.180262786227964																											True	False	False	False
2500	578.3167	2.229	0.0002947372731305	0.0001440257720944	1.0303895157444665	1.0	1.0	0.0	50.0	0.0006660006660006	0.0315608201322487	dendrobatidis	life_stage	liq_Zoospore	liq_Developed	up_in_liq_Zoospore	8.940180508714386	2500.0	C28H43N5O8	[M + H]+		CCCCN1C(=O)C(NC(=O)C12CCN(CC2)CC3=CC=C(C=C3)OC4=CC=C(C=C4)C(=O)O)C(C5CCCCC5)O	0.107	Amino acids and Peptides	Depsipeptides	Carboxylic acids and derivatives	2500.0	native-full-e9838293-bagel	native	1.0								native	native	1.0	2500.0	C28H43N5O8	False	True	False	False	False
3502	392.2171	2.026	6.252666897976643e-05	0.000128099120874	-1.028483318505578	1.0	1.0	0.0	0.0	0.0006660006660006	0.0315608201322487	dendrobatidis	life_stage	liq_Zoospore	liq_Developed	up_in_liq_Developed	7.804466928196959																											True	True	True	False
18982	417.2588	1.403	2.6251079362471225e-05	1.2859373778936562e-05	1.0000650460803604	1.0	0.8	0.1999999999999999	50.0	0.0006660006660006	0.0315608201322487	dendrobatidis	life_stage	liq_Zoospore	liq_Developed	up_in_liq_Zoospore	5.146670132962011																											True	False	False	False
10311	590.3574	3.096649	6.263131713823422e-05	3.15831685364221e-05	0.9758514085422256	1.0	0.9	0.0999999999999999	50.0	0.0006660006660006	0.0315608201322487	dendrobatidis	life_stage	liq_Zoospore	liq_Developed	up_in_liq_Zoospore	6.313920342948732																											True	False	False	False
16960	507.2467	0.595	4.547611611883103e-05	2.295074395470989e-05	0.9703137274932448	1.0	0.9	0.0999999999999999	50.0	0.0006660006660006	0.0315608201322487	dendrobatidis	life_stage	liq_Zoospore	liq_Developed	up_in_liq_Zoospore	5.840390395376304																											True	False	False	False
11909	744.4338	3.683861	5.0174709174218384e-05	2.592540730980352e-05	0.9385277918055418	1.0	0.6	0.4	50.0	0.0006660006660006	0.0315608201322487	dendrobatidis	life_stage	liq_Zoospore	liq_Developed	up_in_liq_Zoospore	6.230962049777974																											True	False	False	False
33830	614.8509	4.026525	5.333877064554838e-06	1.0692058075849589e-05	-0.9362784647160862	1.0	1.0	0.0	0.0	0.0006660006660006	0.0315608201322487	dendrobatidis	life_stage	liq_Zoospore	liq_Developed	up_in_liq_Developed	4.177747276563797																											True	False	False	False
7400	481.2304	1.950455	0.0001017493279983	5.29431239560977e-05	0.9356142441407016	1.0	1.0	0.0	50.0	0.0006660006660006	0.0315608201322487	dendrobatidis	life_stage	liq_Zoospore	liq_Developed	up_in_liq_Zoospore	7.090634164006288																											True	False	False	False
13015	316.3202	6.795044	3.678758031241079e-06	7.415426796239468e-06	-0.916548936125118	1.0	1.0	0.0	0.0	0.0006660006660006	0.0315608201322487	dendrobatidis	life_stage	liq_Zoospore	liq_Developed	up_in_liq_Developed	-5.23271001429343	13015.0	C19H41NO2	[M + H]+	(+/-)-2-Amino-2-desoxy-3-O-hexadecyl-glycerol	CCCCCCCCCCCCCCCCOCC(CO)N	0.033	Fatty acids	N-acyl ethanolamines (endocannabinoids)	Fatty Acyls	13015.0	native-full-e9838293-bagel	native	1.0								native	native	1.0	13015.0	C19H41NO2	False	False	False	False	False
25286	331.1743	1.262861	1.3053608239361636e-05	6.784721777867029e-06	0.8928895332924129	1.0	0.9	0.0999999999999999	50.0	0.0006660006660006	0.0315608201322487	dendrobatidis	life_stage	liq_Zoospore	liq_Developed	up_in_liq_Zoospore	-4.247959111097427	25286.0	C17H22N4O3	[M + H]+	[(4S)-4-amino-5-[[2-[[(2S)-1-carboxy-3-oxopropan-2-yl]amino]-2-oxoethyl]amino]-5-oxopentyl]-(diaminomethylidene)azanium	C(CC(C(=O)NCC(=O)NC(CC(=O)O)C=O)N)CN=C(N)N	0.494	Amino acids and Peptides	Dipeptides	Carboxylic acids and derivatives	25286.0	native-full-e9838293-bagel	native	1.0								native	native	1.0	25286.0	C17H22N4O3	False	False	False	False	False
1241	479.2994	2.229	0.0006631342106776	0.0003602835913286	0.8791977410218302	1.0	1.0	0.0	50.0	0.0006660006660006	0.0315608201322487	dendrobatidis	life_stage	liq_Zoospore	liq_Developed	up_in_liq_Zoospore	0.5334868881932481	1241.0	C23H38N6O5	[M + H]+	H-Ala-Lys-Ala-Ile-Ala-al	CCC(C)C(C(=O)NC(C)C=O)NC(=O)C(C)NC(=O)C(CCCCN)NC(=O)C(C)N	0.436	Amino acids and Peptides	Tripeptides	Carboxylic acids and derivatives	4732.0	EB-MSV000090464-gnps_ms2	transferred	4.0	479.2992	2.22	479.2994	2.229	0.417	0.009	0.9999	ms2_tie	assigned	1.0	4732.0	C23H38N6O5	False	False	False	False	False
6778	493.2308	3.022	6.766796711801339e-05	0.0001218400619232	-0.8434394736684719	1.0	1.0	0.0	0.0	0.0006660006660006	0.0315608201322487	dendrobatidis	life_stage	liq_Zoospore	liq_Developed	up_in_liq_Developed	0.4148484732607585																											False	True	False	False
9840	442.3102	3.0824	9.82844561465034e-05	5.480173843853224e-05	0.8366019661609153	1.0	1.0	0.0	50.0	0.0006660006660006	0.0315608201322487	dendrobatidis	life_stage	liq_Zoospore	liq_Developed	up_in_liq_Zoospore	7.205929437659029																											True	False	False	False
7027	675.3775	3.438	0.0001051817077958	5.966584723996781e-05	0.8123876975615372	1.0	0.9	0.0999999999999999	50.0	0.0006660006660006	0.0315608201322487	dendrobatidis	life_stage	liq_Zoospore	liq_Developed	up_in_liq_Zoospore	7.473448416854207	7027.0	C37H50N6O6	[M + H]+	H-Phe-Pro-Leu-Asp-Leu-Ala-OH	CC(C)CC(C(=O)NC(CC(=O)O)C(=O)NC(CC(C)C)C(=O)NC(C)C(=O)O)NC(=O)C1CCCN1C(=O)C(CC2=CC=CC=C2)N	0.783	Amino acids and Peptides	Tripeptides	Carboxylic acids and derivatives	7027.0	native-full-e9838293-bagel	native	1.0								native	native	1.0	7027.0	C37H50N6O6	False	True	False	False	False
14155	372.3474	7.3	3.789530129958053e-06	6.925176135792034e-06	-0.7872101418545067	1.0	1.0	0.0	0.0	0.0006660006660006	0.0315608201322487	dendrobatidis	life_stage	liq_Zoospore	liq_Developed	up_in_liq_Developed	-3.531454605807321	14155.0	C22H45NO3	[M + H]+	2-(2-Hydroxyethoxy)ethyl stearamide	CCCCCCCCCCCCCCCCCC(=O)NCCOCCO	0.062	Fatty acids	Sphingoid bases	Fatty Acyls	14155.0	native-full-e9838293-bagel	native	1.0								native	native	1.0	14155.0	C22H45NO3	False	False	False	False	True
23083	258.2426	7.19054	4.392459186768455e-06	7.912726969132593e-06	-0.7781924437893057	1.0	1.0	0.0	0.0	0.0006660006660006	0.0315608201322487	dendrobatidis	life_stage	liq_Zoospore	liq_Developed	up_in_liq_Developed	-4.671767626941639																											False	False	False	False
2296	741.3972	2.809448	0.0002645818702746	0.0004534999992246	-0.7761838106650232	1.0	1.0	0.0	0.0	0.0006660006660006	0.0315608201322487	dendrobatidis	life_stage	liq_Zoospore	liq_Developed	up_in_liq_Developed	2.240042794822951	2296.0	C36H52N8O9	[M + H]+	methyl N-[1-cyclopropyl-2-[2-[5-[4-[4-[2-[1-[2-cyclopropyl-2-(methoxycarbonylamino)acetyl]pyrrolidin-2-yl]-1H-imidazol-5-yl]cyclohexyl]phenyl]-1H-imidazol-2-yl]pyrrolidin-1-yl]-2-oxoethyl]carbamate	COC(=O)NC(C1CC1)C(=O)N2CCCC2C3=NC=C(N3)C4CCC(CC4)C5=CC=C(C=C5)C6=CN=C(N6)C7CCCN7C(=O)C(C8CC8)NC(=O)OC	0.29	Amino acids and Peptides	Cyclic peptides	Carboxylic acids and derivatives	2296.0	native-full-e9838293-bagel	native	1.0								native	native	1.0	2296.0	C36H52N8O9	False	True	False	False	False
30031	714.8755	3.965	6.349850794411202e-06	1.107937252179306e-05	-0.7547447791240111	0.6	1.0	-0.4	0.0	0.0006660006660006	0.0315608201322487	dendrobatidis	life_stage	liq_Zoospore	liq_Developed	up_in_liq_Developed	4.230306770438206																											True	True	True	False
28787	952.489	4.482717	9.841886910694144e-06	5.6320139189883616e-06	0.7510977059612932	1.0	0.9	0.0999999999999999	50.0	0.0006660006660006	0.0315608201322487	dendrobatidis	life_stage	liq_Zoospore	liq_Developed	up_in_liq_Zoospore	3.919500055490859																											True	False	False	False
26167	934.5158	4.051285	1.612768764591393e-05	9.460487855197664e-06	0.7374961329899873	1.0	0.8	0.1999999999999999	50.0	0.0006660006660006	0.0315608201322487	dendrobatidis	life_stage	liq_Zoospore	liq_Developed	up_in_liq_Zoospore	4.6270668436711935																											True	False	False	False
31477	1324.7217	4.597112	9.926854469269067e-06	6.062884358103614e-06	0.6653763587915537	1.0	0.7	0.3	50.0	0.0006660006660006	0.0315608201322487	dendrobatidis	life_stage	liq_Zoospore	liq_Developed	up_in_liq_Zoospore	3.835004603480739																											True	False	False	False
25161	573.2915	0.91	2.267035518300185e-05	3.587357401301079e-05	-0.6499078489760702	1.0	1.0	0.0	0.0	0.0006660006660006	0.0315608201322487	dendrobatidis	life_stage	liq_Zoospore	liq_Developed	up_in_liq_Developed	0.6794075415784772																											False	False	False	False
11324	739.4115	2.954	7.40933350340315e-05	4.734025402336441e-05	0.6404852286397194	1.0	1.0	0.0	50.0	0.0006660006660006	0.0315608201322487	dendrobatidis	life_stage	liq_Zoospore	liq_Developed	up_in_liq_Zoospore	6.693960249553473																											True	False	False	False
30587	356.2542	5.501124	5.614464692070602e-06	9.040632210114648e-06	-0.6392324113648342	1.0	1.0	0.0	0.0	0.0006660006660006	0.0315608201322487	dendrobatidis	life_stage	liq_Zoospore	liq_Developed	up_in_liq_Developed	3.962755749399312																											True	False	False	False
29796	374.3622	7.47497	4.916568780394373e-06	7.925587650155153e-06	-0.6344514122485657	1.0	1.0	0.0	0.0	0.0006660006660006	0.0315608201322487	dendrobatidis	life_stage	liq_Zoospore	liq_Developed	up_in_liq_Developed	-3.484955523180812																											False	False	False	False
5617	708.3223	2.272607	0.0001900314930547	0.0001232078177974	0.6229655287929102	1.0	1.0	0.0	50.0	0.0006660006660006	0.0315608201322487	dendrobatidis	life_stage	liq_Zoospore	liq_Developed	up_in_liq_Zoospore	2.7525202276771026																											True	False	False	False
22945	717.3757	4.451002	1.7076469957785964e-05	2.589458846639096e-05	-0.5857445788805766	1.0	1.0	0.0	0.0	0.0006660006660006	0.0315608201322487	dendrobatidis	life_stage	liq_Zoospore	liq_Developed	up_in_liq_Developed	5.334295226854484																											True	False	False	False
1860	1106.5526	3.583	0.0005058344419995	0.0003377253907596	0.5820615806218785	1.0	1.0	0.0	50.0	0.0006660006660006	0.0315608201322487	dendrobatidis	life_stage	liq_Zoospore	liq_Developed	up_in_liq_Zoospore	3.281531170394739																											True	False	False	False
27530	345.7226	10.807483	9.736129512914588e-06	6.3503840565170695e-06	0.5772536251008141	1.0	1.0	0.0	50.0	0.0006660006660006	0.0315608201322487	dendrobatidis	life_stage	liq_Zoospore	liq_Developed	up_in_liq_Zoospore	-1.8281613159579395																											False	False	False	False
1052	486.2913	1.964584	0.0008496847335985	0.0005698080098716	0.5760091402922569	1.0	1.0	0.0	50.0	0.0006660006660006	0.0315608201322487	dendrobatidis	life_stage	liq_Zoospore	liq_Developed	up_in_liq_Zoospore	2.4707600602132644	1052.0	C22H39N5O7	[M + H]+	H-Ala-Asp-Ala-Ile-Ile-al	CCC(C)C(C=O)NC(=O)C(C(C)CC)NC(=O)C(C)NC(=O)C(CC(=O)O)NC(=O)C(C)N	0.524	Amino acids and Peptides	Tripeptides	Carboxylic acids and derivatives	3781.0	EB-MSV000090464-gnps_ms2	transferred	3.0	486.2916	1.96	486.2913	1.964584	-0.617	0.005	1.0	ms2_tie	assigned	1.0	3781.0	C22H39N5O7	False	True	False	False	False
11566	859.4368	1.88	0.0001445245159862	0.0002148181697564	-0.5700722003792489	0.8	1.0	-0.1999999999999999	0.0	0.0006660006660006	0.0315608201322487	dendrobatidis	life_stage	liq_Zoospore	liq_Developed	up_in_liq_Developed	8.54253621596096																											True	False	False	False
33334	1145.5769	5.618288	5.083667070139334e-06	7.773611997593919e-06	-0.5647019402066705	0.8	1.0	-0.1999999999999999	0.0	0.0006660006660006	0.0315608201322487	dendrobatidis	life_stage	liq_Zoospore	liq_Developed	up_in_liq_Developed	3.9364417030578793																											True	False	False	False
13416	918.4406	1.969638	2.977563101495671e-05	4.424569331493874e-05	-0.5631125927681002	1.0	1.0	0.0	0.0	0.0006660006660006	0.0315608201322487	dendrobatidis	life_stage	liq_Zoospore	liq_Developed	up_in_liq_Developed	6.310588156769132																											True	False	False	False
342	459.2596	2.715	0.0001887075601294	0.0002751438980705	-0.5427615208462133	1.0	1.0	0.0	0.0	0.0006660006660006	0.0315608201322487	dendrobatidis	life_stage	liq_Zoospore	liq_Developed	up_in_liq_Developed	2.2438255718017115	342.0	C24H40N2O4	[M + K]+	H-DL-Pro-DL-Val-DL-Pro-DL-Phe-OH	CC(C)C(C(=O)N1CCCC1C(=O)NC(CC2=CC=CC=C2)C(=O)O)NC(=O)C3CCCN3	0.68	Amino acids and Peptides	Tripeptides	Carboxylic acids and derivatives	6037.0	EB-MSV000090464-gnps_ms2	transferred	1.0	459.2609	2.66	459.2596	2.715	-2.831	0.055	1.0	unique	assigned	1.0	6037.0	C24H40N2O4	False	True	False	False	False
26067	272.2578	7.294769	3.06059060386606e-06	4.6621236725395576e-06	-0.5319642732050929	1.0	1.0	0.0	0.0	0.0006660006660006	0.0315608201322487	dendrobatidis	life_stage	liq_Zoospore	liq_Developed	up_in_liq_Developed	-4.594837102156456																											False	False	False	False
24413	334.2018	5.571808	1.1189647209982872e-05	1.6176315039649244e-05	-0.5114230984867012	1.0	1.0	0.0	0.0	0.0006660006660006	0.0315608201322487	dendrobatidis	life_stage	liq_Zoospore	liq_Developed	up_in_liq_Developed	4.8446132619034925																											True	False	False	False
5368	726.4167	3.505775	0.0001134898544725	0.0001571120777564	-0.4673636679835092	1.0	1.0	0.0	0.0	0.0006660006660006	0.0315608201322487	dendrobatidis	life_stage	liq_Zoospore	liq_Developed	up_in_liq_Developed	8.004219911382869	5368.0	C37H55N7O8	[M + H]+	H-Gly-Gly-DL-Val-DL-Leu-DL-Val-DL-Gln-DL-Pro-Gly-OH	CC(C)CC(C(=O)NC(C(C)C)C(=O)NC(CCC(=O)N)C(=O)N1CCCC1C(=O)NCC(=O)O)NC(=O)C(C(C)C)NC(=O)CNC(=O)CN	0.312	Amino acids and Peptides	Tripeptides	Carboxylic acids and derivatives	5368.0	native-full-e9838293-bagel	native	1.0								native	native	1.0	5368.0	C37H55N7O8	False	True	False	False	False
3762	373.2451	0.868954	0.0001335145375566	9.7619255447772e-05	0.4496587751598064	1.0	1.0	0.0	50.0	0.0006660006660006	0.0315608201322487	dendrobatidis	life_stage	liq_Zoospore	liq_Developed	up_in_liq_Zoospore	2.440869572833635																											True	False	False	False
3630	461.244	1.849	0.0001726208877589	0.0002348462885331	-0.4429367318003074	1.0	1.0	0.0	0.0	0.0006660006660006	0.0315608201322487	dendrobatidis	life_stage	liq_Zoospore	liq_Developed	up_in_liq_Developed	8.53436585611588	3630.0	C20H36N4O6S	[M + H]+	Jm47	CC1C(=O)NC(C(=O)N2CCCC2C(=O)NC(C(=O)N1)C)CCCCCC(=O)C(C)O	0.276	Amino acids and Peptides	Tripeptides	Carboxylic acids and derivatives	3693.0	EB-MSV000090464-gnps_ms2	transferred	4.0	461.2431	1.92	461.244	1.849	1.951	-0.071	0.9999	ms2_winner	assigned	1.0	3693.0	C20H36N4O6S	False	True	False	False	False
16063	1121.6506	3.9045	4.997910955093622e-05	3.694061648525439e-05	0.4307727199884963	1.0	1.0	0.0	50.0	0.0006660006660006	0.0315608201322487	dendrobatidis	life_stage	liq_Zoospore	liq_Developed	up_in_liq_Zoospore	6.304915933884386																											True	False	False	False
30364	344.3173	7.721061	2.701777753632335e-06	3.6770851173444616e-06	-0.3803766998815108	1.0	1.0	0.0	0.0	0.0006660006660006	0.0315608201322487	dendrobatidis	life_stage	liq_Zoospore	liq_Developed	up_in_liq_Developed	-4.32570683429803																											False	False	False	False
5161	637.2982	2.715	9.71358433253809e-05	0.000126101800031	-0.3747099420148237	1.0	1.0	0.0	0.0	0.0006660006660006	0.0315608201322487	dendrobatidis	life_stage	liq_Zoospore	liq_Developed	up_in_liq_Developed	2.114775660971246																											True	False	False	False
14669	570.813	3.386333	3.2373203678349506e-05	4.147564294802144e-05	-0.3523444059057264	1.0	1.0	0.0	0.0	0.0006660006660006	0.0315608201322487	dendrobatidis	life_stage	liq_Zoospore	liq_Developed	up_in_liq_Developed	6.235643115138599																											True	False	False	False
20167	431.2853	2.760484	2.457066945641179e-05	1.9883986795866048e-05	0.2981530431106536	1.0	0.8	0.1999999999999999	50.0	0.0006660006660006	0.0315608201322487	dendrobatidis	life_stage	liq_Zoospore	liq_Developed	up_in_liq_Zoospore	5.330997555207629																											True	False	False	False
1812	574.2875	2.88863	0.0004299801392985	0.0003532026863927	0.2833868620322312	1.0	1.0	0.0	50.0	0.0006660006660006	0.0315608201322487	dendrobatidis	life_stage	liq_Zoospore	liq_Developed	up_in_liq_Zoospore	2.79986551818425																											True	False	False	False
11956	724.369	3.551	3.564351600993e-05	0.0	6.089785282247994	1.0	0.1	0.9	48.0	0.0009990009990009	0.0453957001902207	dendrobatidis	life_stage	liq_Zoospore	liq_Developed	up_in_liq_Zoospore	0.0																											False	False	False	False
17004	1259.6538	3.875288	2.999000343621635e-05	0.0	5.844614880296887	1.0	0.1	0.9	48.0	0.0009990009990009	0.0453957001902207	dendrobatidis	life_stage	liq_Zoospore	liq_Developed	up_in_liq_Zoospore	0.0																											False	False	False	False
22192	349.6785	1.6275	2.079623419108261e-05	0.0	5.327511901944022	1.0	0.1	0.9	48.0	0.0009990009990009	0.0453957001902207	dendrobatidis	life_stage	liq_Zoospore	liq_Developed	up_in_liq_Zoospore	0.0																											False	False	False	False
36927	656.3684	4.463	7.993354146388416e-06	0.0	4.004490085867827	1.0	0.1	0.9	48.0	0.0009990009990009	0.0453957001902207	dendrobatidis	life_stage	liq_Zoospore	liq_Developed	up_in_liq_Zoospore	0.0																											False	False	False	False
17973	329.7021	2.948	3.2842438389105794e-05	3.393627368142408e-06	3.088032421984331	1.0	0.5	0.5	49.0	0.0009990009990009	0.0453957001902207	dendrobatidis	life_stage	liq_Zoospore	liq_Developed	up_in_liq_Zoospore	5.31086039518241																											True	False	False	False
216	498.3716	6.914607	1.062186834762382e-05	1.053478230139809e-06	2.815237947588033	1.0	0.5	0.5	49.0	0.0009990009990009	0.0453957001902207	dendrobatidis	life_stage	liq_Zoospore	liq_Developed	up_in_liq_Zoospore	-12.202293268351818	216.0	C30H51O4	[M + Na]+	N-dibutoxyphosphoryloctadecanamide	CCCCCCCCCCCCCCCCCC(=O)NP(=O)(OCCCC)OCCCC	0.235	Fatty acids	Ceramides	Sphingolipids	216.0	native-full-e9838293-bagel	native	1.0								native	native	1.0	216.0	C30H51O4	False	False	True	False	True
4107	630.83	3.880576	0.0001317017851353	2.5963447684970623e-05	2.319312545041728	1.0	0.5	0.5	49.0	0.0009990009990009	0.0453957001902207	dendrobatidis	life_stage	liq_Zoospore	liq_Developed	up_in_liq_Zoospore	6.936798208506704																											True	False	False	False
7310	336.2075	1.722242	6.724154917129315e-05	1.3768809661202644e-05	2.2446951977344205	1.0	0.5	0.5	49.0	0.0009990009990009	0.0453957001902207	dendrobatidis	life_stage	liq_Zoospore	liq_Developed	up_in_liq_Zoospore	-0.2089822801685651																											False	False	False	False
6675	1471.8545	3.55	0.0001013314982512	2.3101253497265755e-05	2.107788065607131	1.0	0.5	0.5	49.0	0.0009990009990009	0.0453957001902207	dendrobatidis	life_stage	liq_Zoospore	liq_Developed	up_in_liq_Zoospore	7.075719159097002																											True	False	False	False
32469	928.2996	4.328853	1.005324765735157e-05	2.134533076483442e-06	1.9893723962919456	1.0	0.5	0.5	49.0	0.0009990009990009	0.0453957001902207	dendrobatidis	life_stage	liq_Zoospore	liq_Developed	up_in_liq_Zoospore	3.848936701684965																											True	False	False	False
23530	747.9343	3.695548	1.641344469486863e-05	3.891798092078125e-06	1.937751103867985	1.0	0.5	0.5	49.0	0.0009990009990009	0.0453957001902207	dendrobatidis	life_stage	liq_Zoospore	liq_Developed	up_in_liq_Zoospore	4.255418280917268																											True	False	False	False
5760	387.2509	1.658	0.0001009430518053	2.757245960081769e-05	1.852286599360736	1.0	0.5	0.5	49.0	0.0009990009990009	0.0453957001902207	dendrobatidis	life_stage	liq_Zoospore	liq_Developed	up_in_liq_Zoospore	7.126035302919485																											True	False	False	False
31496	964.5537	4.16	1.5738444437220615e-05	4.2817452111542055e-06	1.757206792292924	1.0	0.5	0.5	49.0	0.0009990009990009	0.0453957001902207	dendrobatidis	life_stage	liq_Zoospore	liq_Developed	up_in_liq_Zoospore	4.547410402471885																											True	False	False	False
7504	612.8526	2.920481	7.597385721361991e-05	2.261579162292475e-05	1.724733706498159	1.0	0.5	0.5	49.0	0.0009990009990009	0.0453957001902207	dendrobatidis	life_stage	liq_Zoospore	liq_Developed	up_in_liq_Zoospore	6.785360092018095	7504.0	C13H19Br3N4O7S	[M + H]+							7504.0	native-full-e9838293-bagel	native	1.0								native	native	1.0	7504.0	C13H19Br3N4O7S	False	True	False	False	False
10184	618.3586	2.661259	4.962396132310703e-05	1.4872466198255751e-05	1.703129318592382	1.0	0.5	0.5	49.0	0.0009990009990009	0.0453957001902207	dendrobatidis	life_stage	liq_Zoospore	liq_Developed	up_in_liq_Zoospore	5.955869644021793																											True	False	False	False
