sirius_formula	sirius_adduct	sirius_structure_name	sirius_structure_smiles	sirius_structure_confidence	sirius_npc_pathway	sirius_npc_class	sirius_classyfire_class	row ID	sirius_source_feature_id	sirius_source_run	annotation_origin	n_candidates	source_mz	source_rt	feature_mz	feature_rt	ppm_error	rt_delta_min	ms2_cosine	match_class	match_status
C13H23N2O2	[M + H]+	1,3,5-Triazin-2(1H)-one, 4,6-bis(butylamino)-	CCCCNC1=NC(=NC(=O)N1)NCCCC	0.04	Alkaloids	Imidazole alkaloids	Heteroaromatic compounds	4818.0	40	EB-MSV000090464-gnps_ms2	transferred	2	240.1806	0.58	240.1806	0.543823	0.0	-0.036	0.9999	ms2_tie	assigned
C10H19N3O4	[M + H]+	2-(2-amino-3-carbamoylpropanamido)-4-methylpentanoic acid	CC(C)CC(C(=O)O)NC(=O)C(CC(=O)N)N	0.928	Amino acids and Peptides	Dipeptides	Carboxylic acids and derivatives		41	EB-MSV000090464-gnps_ms2	transferred	3	246.1447	0.58							low_cosine
C17H30N4O6	[M + H]+	Avaroferrin	C1CCNC(=O)CCC(=O)N(CCCCNC(=O)CCC(=O)N(CC1)O)O	0.165	Amino acids and Peptides	Tripeptides	Carboxylic acids and derivatives	2126.0	49	EB-MSV000090464-gnps_ms2	transferred	1	387.2248	0.58	387.2253	0.578994	1.291	-0.001	1.0	unique	assigned
C15H25N3O6	[M + H]+	1-[2-[(2-Amino-4-carboxybutanoyl)amino]-3-methylbutanoyl]pyrrolidine-2-carboxylic acid	CC(C)C(C(=O)N1CCCC1C(=O)O)NC(=O)C(CCC(=O)O)N	0.763	Amino acids and Peptides	Tripeptides	Carboxylic acids and derivatives	379.0	52	EB-MSV000090464-gnps_ms2	transferred	2	344.1813	0.58	344.1814	0.559196	0.291	-0.021	1.0	ms2_winner	assigned
C21H36N6O8	[M + H]+	Glptgg	CC(C)CC(C(=O)N1CCCC1C(=O)NC(C(C)O)C(=O)NCC(=O)NCC(=O)O)NC(=O)CN	0.336	Amino acids and Peptides	Linear peptides	Carboxylic acids and derivatives	174.0	53	EB-MSV000090464-gnps_ms2	transferred	1	501.2659	0.58	501.2642	0.577	-3.391	-0.003	0.9999	unique	assigned
C15H27N3O7	[M + H]+	2-[[2-[(2-Amino-4-methylpentanoyl)amino]-3-hydroxybutanoyl]amino]pentanedioic acid	CC(C)CC(C(=O)NC(C(C)O)C(=O)NC(CCC(=O)O)C(=O)O)N	0.234	Amino acids and Peptides	Tripeptides	Carboxylic acids and derivatives	2598.0	59	EB-MSV000090464-gnps_ms2	transferred	2	362.1917	0.58	362.1917	0.578	0.0	-0.002	1.0	unique	assigned
C12H21N3O4	[M + H]+	3-Methyl-2-[[2-(pyrrolidine-2-carbonylamino)acetyl]amino]butanoic acid	CC(C)C(C(=O)O)NC(=O)CNC(=O)C1CCCN1	0.461	Amino acids and Peptides	Dipeptides	Carboxylic acids and derivatives	1389.0	60	EB-MSV000090464-gnps_ms2	transferred	1	272.1605	0.58	272.1597	0.576983	-2.939	-0.003	0.9989	unique	assigned
C16H27N3O8	[M + H]+	2-[[2-[(2-Amino-4-methylpentanoyl)amino]-4-carboxybutanoyl]amino]pentanedioic acid	CC(C)CC(C(=O)NC(CCC(=O)O)C(=O)NC(CCC(=O)O)C(=O)O)N	0.359	Amino acids and Peptides	Tripeptides	Carboxylic acids and derivatives	1062.0	61	EB-MSV000090464-gnps_ms2	transferred	2	390.1875	0.58	390.1878	0.543643	0.769	-0.036	0.9999	unique	assigned
C17H28N4O9	[M + H]+	H-DL-Ala-DL-Leu-DL-Asp-DL-Asp-OH	CC(C)CC(C(=O)NC(CC(=O)O)C(=O)NC(CC(=O)O)C(=O)O)NC(=O)C(C)N	0.457	Amino acids and Peptides	Tripeptides	Carboxylic acids and derivatives		71	EB-MSV000090464-gnps_ms2	transferred	1	433.1936	0.58							low_cosine
C16H30N4O4	[M + H]+	6-amino-2-{[1-(2-amino-3-methylbutanoyl)pyrrolidin-2-yl]formamido}hexanoic acid	CC(C)C(C(=O)N1CCCC1C(=O)NC(CCCCN)C(=O)O)N	0.878	Amino acids and Peptides	Tripeptides	Carboxylic acids and derivatives	5038.0	75	EB-MSV000090464-gnps_ms2	transferred	2	343.2354	0.58	343.2352	0.558482	-0.583	-0.022	1.0	unique	assigned
C11H19N5O2	[M + H]+	(2S)-2-acetamido-5-(diaminomethylideneamino)-N-prop-2-enylidenepentanamide	CC(=O)NC(CCCN=C(N)N)C(=O)N=CC=C	0.127	Amino acids and Peptides	Aminoacids	Carboxylic acids and derivatives		101	EB-MSV000090464-gnps_ms2	transferred	1	254.161	0.58							low_cosine
C14H18N2O5	[M + H]+		C1=CC=C(C=C1)CC(C(=O)NC(CCC(=O)O)C(=O)O)N	0.997	Amino acids and Peptides	Dipeptides	Carboxylic acids and derivatives	3516.0	116	EB-MSV000090464-gnps_ms2	transferred	1	295.1291	0.58	295.1301	0.571039	3.388	-0.009	1.0	unique	assigned
C34H45N7O9	[M + H]+	H-Ala-Thr-Thr-Thr-Thr-Thr-Thr-OH	CC(C(C(=O)NC(C(C)O)C(=O)NC(C(C)O)C(=O)NC(C(C)O)C(=O)NC(C(C)O)C(=O)NC(C(C)O)C(=O)O)NC(=O)C(C)N)O	0.127	Amino acids and Peptides	Cyclic peptides	Carboxylic acids and derivatives	1692.0	118	EB-MSV000090464-gnps_ms2	transferred	2	696.3324	0.58	696.3285	0.578	-5.601	-0.002	1.0	ms2_winner	assigned
C10H18N2O3	[M + H]+		CC(C)C(C(=O)N1CCCC1C(=O)O)N	0.998	Amino acids and Peptides	Dipeptides	Carboxylic acids and derivatives	164.0	121	EB-MSV000090464-gnps_ms2	transferred	2	215.1396	0.58	215.1399	0.576026	1.394	-0.004	1.0	unique	assigned
C11H16N4O3	[M + H]+	1-[2-azaniumyl-3-(1H-imidazol-5-yl)propanoyl]pyrrolidine-2-carboxylate	C1CC(N(C1)C(=O)C(CC2=CN=CN2)N)C(=O)O	0.978	Amino acids and Peptides	Dipeptides	Carboxylic acids and derivatives	1009.0	123	EB-MSV000090464-gnps_ms2	transferred	2	253.13	0.58	253.1293	0.58	-2.765	0.0	1.0	unique	assigned
C13H23N3O4	[M + H]+	1-[2-(2-amino-4-methylpentanamido)acetyl]pyrrolidine-2-carboxylic acid	CC(C)CC(C(=O)NCC(=O)N1CCCC1C(=O)O)N	0.728	Amino acids and Peptides	Dipeptides	Carboxylic acids and derivatives	595.0	124	EB-MSV000090464-gnps_ms2	transferred	2	286.1761	0.58	286.1757	0.58	-1.398	0.0	1.0	ms2_winner	assigned
C13H25N3O6	[M + H]+	2-[[2-[(2-Amino-3-methylpentanoyl)amino]-3-hydroxypropanoyl]amino]-3-hydroxybutanoic acid	CCC(C)C(C(=O)NC(CO)C(=O)NC(C(C)O)C(=O)O)N	0.518	Amino acids and Peptides	Tripeptides	Carboxylic acids and derivatives	833.0	129	EB-MSV000090464-gnps_ms2	transferred	2	320.1813	0.58	320.1813	0.582	0.0	0.002	1.0	unique	assigned
C7H13FN2O4	[M + H]+	Kynurenine	C1=CC=C(C(=C1)C(=O)CC(C(=O)O)N)N	0.713	Amino acids and Peptides	Aminoacids	Carboxylic acids and derivatives	1245.0	131	EB-MSV000090464-gnps_ms2	transferred	2	209.0926	0.58	209.0928	0.563	0.957	-0.017	1.0	ms2_tie	assigned
C8H13F3N2O2	[M + H]+	1-(5-oxopyrrolidine-2-carbonyl)pyrrolidine-2-carboxylic acid	C1CC(N(C1)C(=O)C2CCC(=O)N2)C(=O)O	0.844	Amino acids and Peptides	Dipeptides	Carboxylic acids and derivatives		133	EB-MSV000090464-gnps_ms2	transferred	2	227.1027	0.58							low_cosine
C12H23N3O5	[M + H]+	2-[2-[(2-Amino-4-methylpentanoyl)amino]propanoylamino]-3-hydroxypropanoic acid	CC(C)CC(C(=O)NC(C)C(=O)NC(CO)C(=O)O)N	0.53	Amino acids and Peptides	Tripeptides	Carboxylic acids and derivatives	2353.0	142	EB-MSV000090464-gnps_ms2	transferred	1	290.171	0.58	290.1711	0.581	0.345	0.001	1.0	unique	assigned
C14H27N3O6	[M + H]+	2-[[2-[(2-Amino-4-methylpentanoyl)amino]-3-hydroxybutanoyl]amino]-3-hydroxybutanoic acid	CC(C)CC(C(=O)NC(C(C)O)C(=O)NC(C(C)O)C(=O)O)N	0.515	Amino acids and Peptides	Tripeptides	Carboxylic acids and derivatives	1141.0	150	EB-MSV000090464-gnps_ms2	transferred	3	334.1984	0.58	334.1964	0.58	-5.984	0.0	1.0	ms2_winner	assigned
C9H11NO2	[M + H]+	L-Phe	C1=CC=C(C=C1)CC(C(=O)O)N	0.792	Amino acids and Peptides	Aminoacids	Carboxylic acids and derivatives	14.0	179	EB-MSV000090464-gnps_ms2	transferred	2	166.0865	0.58	166.0866	0.577	0.602	-0.003	1.0	ms2_winner	assigned
C21H38N2O14	[M + H]+	N,N'-bis[2-[(2S,3S,4S,5S,6R)-3,4,5-trihydroxy-6-(hydroxymethyl)oxan-2-yl]oxyethyl]pentanediamide	C(CC(=O)NCCOC1C(C(C(C(O1)CO)O)O)O)CC(=O)NCCOC2C(C(C(C(O2)CO)O)O)O	0.304	Carbohydrates	Polysaccharides	Organooxygen compounds	1220.0	183	EB-MSV000090464-gnps_ms2	transferred	3	543.2413	0.58	543.2419	0.581	1.104	0.001	1.0	ms2_tie	assigned
C14H25N3O6	[M + H]+	2-[2-(2-acetamido-4-methylpentanamido)propanamido]-3-hydroxypropanoic acid	CC(C)CC(C(=O)NC(C)C(=O)NC(CO)C(=O)O)NC(=O)C	0.201	Amino acids and Peptides	Tripeptides	Carboxylic acids and derivatives	226.0	189	EB-MSV000090464-gnps_ms2	transferred	3	332.1827	0.58	332.183	0.58825	0.903	0.008	1.0	ms2_winner	assigned
C20H36N4O6	[M + H]+	H-DL-xiIle-DL-xiThr-DL-Val-DL-Pro-OH	CCC(C)C(C(=O)NC(C(C)O)C(=O)NC(C(C)C)C(=O)N1CCCC1C(=O)O)N	0.47	Amino acids and Peptides	Tripeptides	Carboxylic acids and derivatives	3086.0	193	EB-MSV000090464-gnps_ms2	transferred	1	429.2704	0.58	429.2703	0.557899	-0.233	-0.022	1.0	unique	assigned
C16H21N3O5	[M + H]+	1-[2-[[2-Amino-3-(4-hydroxyphenyl)propanoyl]amino]acetyl]pyrrolidine-2-carboxylic acid	C1CC(N(C1)C(=O)CNC(=O)C(CC2=CC=C(C=C2)O)N)C(=O)O	0.5	Amino acids and Peptides	Tripeptides	Carboxylic acids and derivatives		215	EB-MSV000090464-gnps_ms2	transferred	1	336.1561	0.59							low_cosine
C11H18N2O3	[M + H]+	1-[(2R)-piperidine-2-carbonyl]pyrrolidine-2-carboxylic acid	C1CCNC(C1)C(=O)N2CCCC2C(=O)O	0.698	Amino acids and Peptides	Dipeptides	Carboxylic acids and derivatives	976.0	216	EB-MSV000090464-gnps_ms2	transferred	2	227.1394	0.58	227.1395	0.560155	0.44	-0.02	1.0	unique	assigned
C32H46N6O10	[M + H]+	Capreomycin Ib	CC1C(=O)NC(C(=O)NC(=CNC(=O)N)C(=O)NC(C(=O)NCC(C(=O)N1)N)C2CCN=C(N2)N)CNC(=O)CC(CCCN)N	0.516	Amino acids and Peptides	Tripeptides	Carboxylic acids and derivatives		219	EB-MSV000090464-gnps_ms2	transferred	1	675.3333	0.58							low_cosine
C19H34N4O5	[M + K]+	2-[[1-[2-(2-Aminopropanoylamino)-3-methylbutanoyl]pyrrolidine-2-carbonyl]amino]-3-methylpentanoic acid	CCC(C)C(C(=O)O)NC(=O)C1CCCN1C(=O)C(C(C)C)NC(=O)C(C)N	0.246	Amino acids and Peptides	Tripeptides	Carboxylic acids and derivatives		220	EB-MSV000090464-gnps_ms2	transferred	2	437.2126	0.59							low_cosine
C18H32N2O10	[M + H]+	2,3,4,5-tetrahydroxy-6-[(2-formamido-3-methylbutanoyl)oxy]hexyl 2-formamido-3-methylbutanoate	CC(C)C(C(=O)OCC(C(C(C(COC(=O)C(C(C)C)NC=O)O)O)O)O)NC=O	0.109	Amino acids and Peptides	Dipeptides	Carboxylic acids and derivatives		226	EB-MSV000090464-gnps_ms2	transferred	2	437.2083	0.59							low_cosine
C17H36N4O3	[M + H]+	Dodecanamidopropyl betaine	CCCCCCCCCCCC(=O)NCCC[N+](CC(=O)O)(N)N	0.07	Amino acids and Peptides	Dipeptides	Carboxylic acids and derivatives	5426.0	230	EB-MSV000090464-gnps_ms2	transferred	1	345.2861	0.58	345.2859	0.5695	-0.579	-0.01	1.0	unique	assigned
C20H26F2N6O3	[M + H]+	[2-amino-1-[3-[[2-[(2S)-2-[(2,2-difluorocyclohexyl)carbamoyl]pyrrolidin-1-yl]-2-oxoethyl]amino]pyridin-4-yl]-2-oxoethylidene]azanium	C1CCC(C(C1)NC(=O)C2CCCN2C(=O)CNC3=C(C=CN=C3)C(=N)C(=O)N)(F)F	0.058	Amino acids and Peptides	Tripeptides	Carboxylic acids and derivatives	437.0	245	EB-MSV000090464-gnps_ms2	transferred	2	437.2044	0.58	437.2026	0.583	-4.117	0.003	0.9999	unique	assigned
C19H33N7O5	[M + H]+	H-Pro-Ala-Pro-Arg-OH	CC(C(=O)N1CCCC1C(=O)NC(CCCN=C(N)N)C(=O)O)NC(=O)C2CCCN2	0.91	Amino acids and Peptides	Cyclic peptides	Carboxylic acids and derivatives	671.0	249	EB-MSV000090464-gnps_ms2	transferred	2	440.262	0.58	440.2621	0.558	0.227	-0.022	1.0	ms2_winner	assigned
C9H18N2O4	[M + H]+	2-(2-amino-3-hydroxypropanamido)-4-methylpentanoic acid	CC(C)CC(C(=O)O)NC(=O)C(CO)N	0.995	Amino acids and Peptides	Dipeptides	Carboxylic acids and derivatives	398.0	252	EB-MSV000090464-gnps_ms2	transferred	3	219.1343	0.58	219.1335	0.571107	-3.651	-0.009	1.0	ms2_winner	assigned
C11H21N3O4	[M + H]+	2-[(2,5-Diamino-5-oxopentanoyl)amino]-4-methylpentanoic acid	CC(C)CC(C(=O)O)NC(=O)C(CCC(=O)N)N	0.787	Amino acids and Peptides	Dipeptides	Carboxylic acids and derivatives	3427.0	253	EB-MSV000090464-gnps_ms2	transferred	3	260.1603	0.58	260.16	0.584	-1.153	0.004	1.0	unique	assigned
C17H27N5O4	[M + H]+	1-[2-[(2-amino-3-methylpentanoyl)amino]-3-(1H-imidazol-5-yl)propanoyl]pyrrolidine-2-carboxylic acid	CCC(C)C(C(=O)NC(CC1=CN=CN1)C(=O)N2CCCC2C(=O)O)N	0.707	Amino acids and Peptides	Tripeptides	Carboxylic acids and derivatives	365.0	255	EB-MSV000090464-gnps_ms2	transferred	3	366.2131	0.59	366.2128	0.5835	-0.819	-0.006	1.0	ms2_tie	assigned
C15H23N3O4	[M + H]+	Pro-Pro-Pro	C1CC(NC1)C(=O)N2CCCC2C(=O)N3CCCC3C(=O)O	0.971	Amino acids and Peptides	Dipeptides	Carboxylic acids and derivatives	1271.0	259	EB-MSV000090464-gnps_ms2	transferred	1	310.1761	0.59	310.1764	0.560704	0.967	-0.029	1.0	unique	assigned
C9H18N2O3	[M + H]+	N-(2-Aminopropanoyl) Leucine	CC(C)CC(C(=O)O)NC(=O)C(C)N	0.936	Amino acids and Peptides	Dipeptides	Carboxylic acids and derivatives	260.0	261	EB-MSV000090464-gnps_ms2	transferred	3	203.1392	0.59	203.1393	0.5905	0.492	0.001	1.0	unique	assigned
C16H28N4O5	[M + H]+	2-[[1-(2,5-Diamino-5-oxopentanoyl)pyrrolidine-2-carbonyl]amino]-4-methylpentanoic acid	CC(C)CC(C(=O)O)NC(=O)C1CCCN1C(=O)C(CCC(=O)N)N	0.603	Amino acids and Peptides	Tripeptides	Carboxylic acids and derivatives	555.0	263	EB-MSV000090464-gnps_ms2	transferred	2	357.2126	0.59	357.2128	0.587	0.56	-0.003	1.0	ms2_winner	assigned
C12H23N3O2	[M + H]+	1-(4-Acetylpiperazin-1-yl)-2-amino-3-methylpentan-1-one	CCC(C)C(C(=O)N1CCN(CC1)C(=O)C)N	0.132	Amino acids and Peptides	Dipeptides	Carboxylic acids and derivatives	445.0	267	EB-MSV000090464-gnps_ms2	transferred	1	242.1861	0.59	242.1858	0.585	-1.239	-0.005	1.0	unique	assigned
C12H18N4O2	[M + H]+	Cis-Cyclo-(His,Leu)	CC(C)CC1C(=O)NC(C(=O)N1)CC2=CN=CN2	0.967	Amino acids and Peptides	Dipeptides	Carboxylic acids and derivatives	864.0	268	EB-MSV000090464-gnps_ms2	transferred	3	251.15	0.59	251.1495	0.5895	-1.991	-0.0	1.0	unique	assigned
C23H38NO7P	[M + H]+	[3-[2-aminoethoxy(hydroxy)phosphoryl]oxy-2-hydroxypropyl] (3Z,6Z,9Z,12Z,15Z)-octadeca-3,6,9,12,15-pentaenoate	CCC=CCC=CCC=CCC=CCC=CCC(=O)OCC(COP(=O)(O)OCCN)O	0.116	Amino acids and Peptides	Aminoacids	Carboxylic acids and derivatives	3912.0	270	EB-MSV000090464-gnps_ms2	transferred	3	472.2403	0.59	472.2414	0.585	2.329	-0.005	0.9867	ms2_winner	assigned
C22H35N5O11	[M + H]+	(4S)-4-[N-[N-(Benzyloxycarbonyl)-L-valyl]-L-leucylamino]-5-oxo-6,6,6-trifluorohexanoic acid	CC(C)CC(C(=O)NC(CCC(=O)O)C(=O)C(F)(F)F)NC(=O)C(C(C)C)NC(=O)OCC1=CC=CC=C1	0.198	Amino acids and Peptides	Tripeptides	Carboxylic acids and derivatives	598.0	292	EB-MSV000090464-gnps_ms2	transferred	5	546.2397	0.59	546.2388	0.6825	-1.648	0.093	0.9994	ms2_tie	assigned
C18H30N4O8	[M + H]+	H-DL-Pro-DL-Ser-DL-Asp-DL-Leu-OH	CC(C)CC(C(=O)O)NC(=O)C(CC(=O)O)NC(=O)C(CO)NC(=O)C1CCCN1	0.126	Amino acids and Peptides	Tripeptides	Carboxylic acids and derivatives	1785.0	293	EB-MSV000090464-gnps_ms2	transferred	2	431.2131	0.58	431.2128	0.578994	-0.696	-0.001	1.0	ms2_winner	assigned
C16H29N3O6	[M + H]+	2-[[2-[(2-Amino-3-methylpentanoyl)amino]-3-methylbutanoyl]amino]pentanedioic acid	CCC(C)C(C(=O)NC(C(C)C)C(=O)NC(CCC(=O)O)C(=O)O)N	0.549	Amino acids and Peptides	Tripeptides	Carboxylic acids and derivatives	634.0	297	EB-MSV000090464-gnps_ms2	transferred	3	360.2125	0.59	360.2124	0.59	-0.278	0.0	1.0	ms2_winner	assigned
C35H48N8O8	[M + H]+	Saquinavir Hydroxy-tert-butylamide	CC(C)(CO)NC(=O)C1CC2CCCCC2CN1CC(C(CC3=CC=CC=C3)NC(=O)C(CC(=O)N)NC(=O)C4=NC5=CC=CC=C5C=C4)O	0.036	Amino acids and Peptides	Cyclic peptides	Carboxylic acids and derivatives	3275.0	303	EB-MSV000090464-gnps_ms2	transferred	2	709.3614	0.59	709.361	0.5645	-0.564	-0.025	0.9999	unique	assigned
C10H18N2O5	[M + H]+	2-(2-amino-3-carboxypropanamido)-4-methylpentanoic acid	CC(C)CC(C(=O)O)NC(=O)C(CC(=O)O)N	0.94	Amino acids and Peptides	Dipeptides	Carboxylic acids and derivatives	462.0	309	EB-MSV000090464-gnps_ms2	transferred	3	247.1292	0.59	247.1289	0.578019	-1.214	-0.012	1.0	ms2_winner	assigned
C49H58N4O8S2	[M + H]+	Stylissamide F	C1CC2C(=O)NC(C(=O)NC(C(=O)N3CCCC3C(=O)NC(C(=O)NC(C(=O)N4CCCC4C(=O)N2C1)CC5=CC=CC=C5)CCCN=C(N)N)CC(=O)O)CC6=CC=CC=C6	0.392	Amino acids and Peptides	Tripeptides	Carboxylic acids and derivatives	2417.0	311	EB-MSV000090464-gnps_ms2	transferred	4	895.3773	0.59	895.3792	0.607	2.122	0.017	1.0	unique	assigned
C16H21N3O7	[M + H]+	Ala-Asp-Tyr	CC(C(=O)NC(CC(=O)O)C(=O)NC(CC1=CC=C(C=C1)O)C(=O)O)N	0.539	Amino acids and Peptides	Tripeptides	Carboxylic acids and derivatives	1004.0	312	EB-MSV000090464-gnps_ms2	transferred	1	368.1448	0.59	368.1448	0.585	0.0	-0.005	0.9999	unique	assigned
C14H20N2O4	[M + H]+	2-[2-amino-3-(4-hydroxyphenyl)propanamido]-3-methylbutanoic acid	CC(C)C(C(=O)O)NC(=O)C(CC1=CC=C(C=C1)O)N	0.901	Amino acids and Peptides	Dipeptides	Carboxylic acids and derivatives	739.0	321	EB-MSV000090464-gnps_ms2	transferred	1	281.1496	0.59	281.149	0.602	-2.134	0.012	0.9999	unique	assigned
C10H20N2O4	[M + H]+		CCC(C)C(C(=O)O)NC(=O)C(C(C)O)N	0.56	Amino acids and Peptides	Dipeptides	Carboxylic acids and derivatives	377.0	324	EB-MSV000090464-gnps_ms2	transferred	1	233.1495	0.59	233.1493	0.5985	-0.858	0.009	1.0	unique	assigned
C12H20N2O2	[M + H]+	Cyclo-(D-Pipecolinyl-L-Isoleucine)	CCC(C)C1C(=O)N2CCCCC2C(=O)N1	0.414	Amino acids and Peptides	Dipeptides	Carboxylic acids and derivatives	3215.0	326	EB-MSV000090464-gnps_ms2	transferred	1	225.1602	0.59	225.1606	0.584948	1.777	-0.005	1.0	unique	assigned
C11H17N3O6S2	[M + H]+	L-gammaGlu-(4-Amino*-1,2-dithiolane-4-ylcarbonyl)-Gly-OH	C1C(CSS1)(C(=O)NCC(=O)O)NC(=O)CCC(C(=O)O)N	0.482	Amino acids and Peptides	Dipeptides	Carboxylic acids and derivatives	4261.0	329	EB-MSV000090464-gnps_ms2	transferred	2	352.0631	0.59	352.063	0.588	-0.284	-0.002	0.9998	ms2_tie	assigned
C31H45N7O7	[M + H]+	H-Pro-Ala-Pro-Phe-Ala-Ala-Ala-al	CC(C=O)NC(=O)C(C)NC(=O)C(C)NC(=O)C(CC1=CC=CC=C1)NC(=O)C2CCCN2C(=O)C(C)NC(=O)C3CCCN3	0.608	Amino acids and Peptides	Linear peptides	Carboxylic acids and derivatives	468.0	334	EB-MSV000090464-gnps_ms2	transferred	1	628.3434	0.59	628.3434	0.576	0.0	-0.014	0.9999	unique	assigned
C18H31N5O7	[M + H]+	H-Gly-DL-Pro-DL-xiIle-Gly-DL-Ser-OH	CCC(C)C(C(=O)NCC(=O)NC(CO)C(=O)O)NC(=O)C1CCCN1C(=O)CN	0.678	Amino acids and Peptides	Tripeptides	Carboxylic acids and derivatives	1260.0	341	EB-MSV000090464-gnps_ms2	transferred	2	430.2307	0.58	430.2293	0.581501	-3.254	0.002	0.9999	unique	assigned
C21H35N5O8	[M + H]+	H-Ala-Pro-Glu-Ala-Val-OH	CC(C)C(C(=O)O)NC(=O)C(C)NC(=O)C(CCC(=O)O)NC(=O)C1CCCN1C(=O)C(C)N	0.262	Amino acids and Peptides	Tripeptides	Carboxylic acids and derivatives	116.0	342	EB-MSV000090464-gnps_ms2	transferred	2	486.256	0.6	486.2565	0.602	1.028	0.002	1.0	unique	assigned
C7H12N2O4	[M + H]+	(E)-2,6-diaminohept-3-enedioic acid	C(C=CC(C(=O)O)N)C(C(=O)O)N	0.179	Amino acids and Peptides	Aminoacids	Carboxylic acids and derivatives	2241.0	344	EB-MSV000090464-gnps_ms2	transferred	2	189.087	0.59	189.087	0.577	0.0	-0.013	0.9999	unique	assigned
C8H16N2O3	[M + H]+	Glycylleucine	CC(C)CC(C(=O)O)NC(=O)CN	0.936	Amino acids and Peptides	Dipeptides	Carboxylic acids and derivatives	307.0	353	EB-MSV000090464-gnps_ms2	transferred	1	189.1237	0.6	189.124	0.605	1.586	0.005	0.9999	unique	assigned
C20H37N5O7	[M + H]+	6-amino-2-{2-[2-(2-amino-3-methylpentanamido)-4-carboxybutanamido]propanamido}hexanoic acid	CCC(C)C(C(=O)NC(CCC(=O)O)C(=O)NC(C)C(=O)NC(CCCCN)C(=O)O)N	0.874	Amino acids and Peptides	Tripeptides	Carboxylic acids and derivatives	508.0	367	EB-MSV000090464-gnps_ms2	transferred	1	460.2781	0.6	460.2785	0.599044	0.869	-0.001	1.0	unique	assigned
C8H15FN2O4	[M + H]+	2-[[(2R)-2-azaniumyl-3-phenylpropanoyl]amino]acetate	C1=CC=C(C=C1)CC(C(=O)NCC(=O)O)N	0.863	Amino acids and Peptides	Dipeptides	Carboxylic acids and derivatives	840.0	372	EB-MSV000090464-gnps_ms2	transferred	2	223.1078	0.61	223.1078	0.607	0.0	-0.003	0.9998	ms2_winner	assigned
C19H32N4O7	[M + H]+	H-DL-Ala-DL-Leu-DL-Glu-DL-Pro-OH	CC(C)CC(C(=O)NC(CCC(=O)O)C(=O)N1CCCC1C(=O)O)NC(=O)C(C)N	0.196	Amino acids and Peptides	Tripeptides	Carboxylic acids and derivatives	3768.0	377	EB-MSV000090464-gnps_ms2	transferred	1	429.2348	0.58	429.2361	0.585	3.029	0.005	1.0	unique	assigned
C19H33N5O7	[M + H]+	H-DL-xiThr-DL-Pro-DL-Leu-DL-Asn-OH	CC(C)CC(C(=O)NC(CC(=O)N)C(=O)O)NC(=O)C1CCCN1C(=O)C(C(C)O)N	0.836	Amino acids and Peptides	Tripeptides	Carboxylic acids and derivatives	109.0	380	EB-MSV000090464-gnps_ms2	transferred	2	444.2445	0.6	444.2449	0.619	0.9	0.019	1.0	ms2_winner	assigned
C19H32N4O10	[M + H]+	H-DL-Glu-DL-Val-DL-Glu-DL-xiThr-OH	CC(C)C(C(=O)NC(CCC(=O)O)C(=O)NC(C(C)O)C(=O)O)NC(=O)C(CCC(=O)O)N	0.489	Amino acids and Peptides	Tripeptides	Carboxylic acids and derivatives	390.0	393	EB-MSV000090464-gnps_ms2	transferred	1	477.2206	0.61	477.22	0.6215	-1.257	0.012	1.0	unique	assigned
C11H20N2O3	[M + H]+	3-methyl-2-[(pyrrolidin-2-yl)formamido]pentanoic acid	CCC(C)C(C(=O)O)NC(=O)C1CCCN1	0.641	Amino acids and Peptides	Dipeptides	Carboxylic acids and derivatives	42.0	395	EB-MSV000090464-gnps_ms2	transferred	3	229.1545	0.61	229.1545	0.607	0.0	-0.003	0.9999	ms2_winner	assigned
C31H43N5O6	[M + H]+	namalide d	CCC(C)C1C(=O)NC(C(=O)NCCCCC(C(=O)N1)NC(=O)NC(C(C)CC)C(=O)O)CCC2=CC=CC=C2	0.571	Amino acids and Peptides	Tripeptides	Carboxylic acids and derivatives	95.0	397	EB-MSV000090464-gnps_ms2	transferred	2	582.3272	0.63	582.3278	0.623487	1.03	-0.007	1.0	ms2_tie	assigned
C15H25N3O4	[M + H]+	1-[1-(2-Amino-3-methylbutanoyl)pyrrolidine-2-carbonyl]pyrrolidine-2-carboxylic acid	CC(C)C(C(=O)N1CCCC1C(=O)N2CCCC2C(=O)O)N	0.661	Amino acids and Peptides	Dipeptides	Carboxylic acids and derivatives	2449.0	399	EB-MSV000090464-gnps_ms2	transferred	2	312.1915	0.61	312.1913	0.6065	-0.641	-0.003	1.0	ms2_winner	assigned
C20H36N4O5S	[M + H]+	N3-(2-oxopiperidin-3-yl)-4-(piperidine-4-carbonyl)-N1-(propan-2-yl)piperazine-1,3-dicarboxamide	CC(C)NC(=O)N1CCN(C(C1)C(=O)NC2CCCNC2=O)C(=O)C3CCNCC3	0.311	Amino acids and Peptides	Tripeptides	Carboxylic acids and derivatives		401	EB-MSV000090464-gnps_ms2	transferred	2	445.2508	0.6							low_cosine
C21H34N6O9	[M + H]+	(3S)-3-{[(2S)-1-[(2S)-2-(2-aminoacetamido)-4-methylpentanoyl]pyrrolidin-2-yl]formamido}-3-({[(carboxymethyl)carbamoyl]methyl}carbamoyl)propanoic acid	CC(C)CC(C(=O)N1CCCC1C(=O)NC(CC(=O)O)C(=O)NCC(=O)NCC(=O)O)NC(=O)CN	0.416	Amino acids and Peptides	Tripeptides	Carboxylic acids and derivatives	412.0	402	EB-MSV000090464-gnps_ms2	transferred	3	515.2447	0.61	515.2448	0.6175	0.194	0.008	1.0	unique	assigned
C9H16N2O3	[M + H]+	3-(hydroxymethyl)-6-(2-methylpropyl)piperazine-2,5-dione	CC(C)CC1C(=O)NC(C(=O)N1)CO	0.717	Amino acids and Peptides	Dipeptides	Carboxylic acids and derivatives	2007.0	407	EB-MSV000090464-gnps_ms2	transferred	3	201.1235	0.61	201.1235	0.612	0.0	0.002	0.9879	unique	assigned
C32H53N5O11	[M + H]+	H-Arg-Lys-Leu-Phe-Asp-al	CC(C)CC(C(=O)NC(CC1=CC=CC=C1)C(=O)NC(CC(=O)O)C=O)NC(=O)C(CCCCN)NC(=O)C(CCCN=C(N)N)N	0.068	Amino acids and Peptides	Cyclic peptides	Carboxylic acids and derivatives	5772.0	419	EB-MSV000090464-gnps_ms2	transferred	1	684.39	0.61	684.3897	0.6665	-0.438	0.056	0.9771	unique	assigned
C15H25N5O4	[M + H]+	(2S)-2-[[(2S,3S)-2-[[(2S)-2-azaniumyl-3-(1H-imidazol-5-yl)propanoyl]amino]-3-methylpentanoyl]amino]propanoate	CCC(C)C(C(=O)NC(C)C(=O)O)NC(=O)C(CC1=CN=CN1)N	0.504	Amino acids and Peptides	Tripeptides	Carboxylic acids and derivatives	1044.0	424	EB-MSV000090464-gnps_ms2	transferred	1	340.1979	0.62	340.1975	0.623	-1.176	0.003	1.0	unique	assigned
C17H30N4O7	[M + H]+	Boc-Gly-Gly-Val-Ala-OH	CC(C)C(C(=O)NC(C)C(=O)O)NC(=O)CNC(=O)CNC(=O)OC(C)(C)C	0.123	Amino acids and Peptides	Tripeptides	Carboxylic acids and derivatives	597.0	426	EB-MSV000090464-gnps_ms2	transferred	2	403.2183	0.61	403.218	0.601	-0.744	-0.009	0.9999	unique	assigned
C17H28N6O5	[M + H]+	H-Gly-DL-His-DL-Leu-DL-Ala-OH	CC(C)CC(C(=O)NC(C)C(=O)O)NC(=O)C(CC1=CN=CN1)NC(=O)CN	0.37	Amino acids and Peptides	Tripeptides	Carboxylic acids and derivatives	320.0	428	EB-MSV000090464-gnps_ms2	transferred	2	397.219	0.62	397.2185	0.625	-1.259	0.005	0.9999	unique	assigned
C12H22FN3O3	[M + H]+	8'-methyl-1-(oxetan-3-yl)-hexahydro-1'H-spiro[azetidine-3,6'-pyrazino[2,1-c][1,4]oxazine]	CN1CC2COCCN2C3(C1)CN(C3)C4COC4	0.028	Amino acids and Peptides	Dipeptides	Carboxylic acids and derivatives	1226.0	430	EB-MSV000090464-gnps_ms2	transferred	1	276.1702	0.62	276.1703	0.622	0.362	0.002	0.9999	unique	assigned
C25H37N5O6	[M + Na]+	Beauveriolide I	CCCCC(C)C1CC(=O)NC(C(=O)NC(C(=O)NC(C(=O)O1)CC(C)C)C)CC2=CC=CC=C2	0.146	Amino acids and Peptides	Lipopeptides	Carboxylic acids and derivatives	52.0	438	EB-MSV000090464-gnps_ms2	transferred	3	526.2614	0.63	526.2615	0.637	0.19	0.007	0.9999	ms2_tie	assigned
C20H35N5O8	[M + H]+	deamino-Nva(3R-OH)-Asn-Gln-Leu-OH	CCC(CC(=O)NC(CC(=O)N)C(=O)NC(CCC(=O)N)C(=O)NC(CC(C)C)C(=O)O)O	0.45	Amino acids and Peptides	Linear peptides	Carboxylic acids and derivatives	6688.0	444	EB-MSV000090464-gnps_ms2	transferred	2	474.2572	0.61	474.254	0.585	-6.747	-0.025	0.9999	ms2_winner	assigned
C28H38N4O7	[M + H]+	Benzyloxycarbonyl-isoleucyl-alanyl-alpha-aminoisobutyryl-alpha-aminoisobutyrate methyl ester	CCC(C)C(C(=O)NC(C)C(=O)NC(C)(C)C(=O)NC(C)(C)C(=O)OC)NC(=O)OCC1=CC=CC=C1	0.35	Amino acids and Peptides	Cyclic peptides	Carboxylic acids and derivatives	8820.0	445	EB-MSV000090464-gnps_ms2	transferred	3	543.2775	0.61	543.2784	0.648339	1.657	0.038	0.9692	unique	assigned
C32H48N8O8	[M + Na]+	15-[(4-hydroxyphenyl)methyl]-12-(3-methylbutan-2-yl)-6-(2-methylpropyl)-9-(propan-2-yl)-icosahydropyrrolo[1,2-a]1,4,7,10,13,16-hexaazacyclooctadecane-1,4,7,10,13,16-hexone	CC(C)CC1C(=O)NC(C(=O)NC(C(=O)NC(C(=O)N2CCCC2C(=O)NCC(=O)N1)CC3=CC=C(C=C3)O)C(C)C(C)C)C(C)C	0.717	Amino acids and Peptides	Cyclic peptides	Carboxylic acids and derivatives	2090.0	446	EB-MSV000090464-gnps_ms2	transferred	2	695.3451	0.63	695.3455	0.638	0.575	0.008	0.9716	unique	assigned
C17H27N3O5S2	[M + H]+	(2S)-2-[[(2S)-2-[[(2S)-2-aminopropanoyl]amino]-6-diazo-5-oxohexanoyl]amino]-6-diazo-5-oxohexanoic acid	CC(C(=O)NC(CCC(=O)C=[N+]=[N-])C(=O)NC(CCC(=O)C=[N+]=[N-])C(=O)O)N	0.683	Amino acids and Peptides	Dipeptides	Carboxylic acids and derivatives	1938.0	447	EB-MSV000090464-gnps_ms2	transferred	1	418.1456	0.63	418.1456	0.803733	0.0	0.174	0.9835	unique	assigned
C15H23N3O6S	[M + H]+	2-[[2-[(2-Amino-3-hydroxybutanoyl)amino]-3-hydroxybutanoyl]amino]-4-methylsulfanylbutanoic acid	CC(C(C(=O)NC(C(C)O)C(=O)NC(CCSC)C(=O)O)N)O	0.053	Amino acids and Peptides	Dipeptides	Carboxylic acids and derivatives	2362.0	454	EB-MSV000090464-gnps_ms2	transferred	1	374.1393	0.63	374.1394	0.595	0.267	-0.035	1.0	unique	assigned
C15H29N3O5	[M + H]+	2-[[2-[(2-Amino-3-methylpentanoyl)amino]-3-methylbutanoyl]amino]-3-hydroxybutanoic acid	CCC(C)C(C(=O)NC(C(C)C)C(=O)NC(C(C)O)C(=O)O)N	0.59	Amino acids and Peptides	Tripeptides	Carboxylic acids and derivatives	423.0	455	EB-MSV000090464-gnps_ms2	transferred	1	332.2173	0.64	332.217	0.695578	-0.903	0.056	1.0	unique	assigned
C25H46N2O4	[M + Na]+	(E,4S)-4-[[(2S,3S)-2-[(2,2-diethyl-4-methylpentanoyl)amino]-3-methylpentanoyl]-methylamino]-2,5-dimethylhex-2-enoic acid	CCC(C)C(C(=O)N(C)C(C=C(C)C(=O)O)C(C)C)NC(=O)C(CC)(CC)CC(C)C	0.188	Amino acids and Peptides	Tripeptides	Carboxylic acids and derivatives	975.0	461	EB-MSV000090464-gnps_ms2	transferred	3	461.3338	0.64	461.3335	0.65025	-0.65	0.01	0.9999	ms2_winner	assigned
C18H30N4O10	[M + H]+	H-DL-Asp-DL-Leu-DL-xiThr-DL-Asp-OH	CC(C)CC(C(=O)NC(C(C)O)C(=O)NC(CC(=O)O)C(=O)O)NC(=O)C(CC(=O)O)N	0.869	Amino acids and Peptides	Tripeptides	Carboxylic acids and derivatives	1661.0	468	EB-MSV000090464-gnps_ms2	transferred	2	463.2041	0.64	463.2047	0.637	1.295	-0.003	1.0	ms2_winner	assigned
C9H21N5O2	[M + H]+	N~5~-[N-(3-aminopropyl)carbamimidoyl]-L-ornithine	C(CC(C(=O)O)N)CNC(=NCCCN)N	0.082	Amino acids and Peptides	Dipeptides	Carboxylic acids and derivatives		471	EB-MSV000090464-gnps_ms2	transferred	2	232.1742	0.64							low_cosine
C19H34N4O5	[M + K]+	Pro-Leu-Trp	CC(C)CC(C(=O)NC(CC1=CNC2=CC=CC=C21)C(=O)O)NC(=O)C3CCCN3	0.215	Amino acids and Peptides	Dipeptides	Carboxylic acids and derivatives	432.0	476	EB-MSV000090464-gnps_ms2	transferred	2	437.2148	0.64	437.2159	0.61	2.516	-0.03	1.0	ms2_winner	assigned
C18H31N5O8	[M + H]+	(2R,6S)-2-amino-6-[[(4R)-4-[[(2S)-2-aminopropanoyl]amino]-5-oxopentanoyl]amino]-7-[[(1R)-1-carboxyethyl]amino]-7-oxoheptanoic acid	CC(C(=O)NC(CCC(=O)NC(CCCC(C(=O)O)N)C(=O)NC(C)C(=O)O)C=O)N	0.109	Amino acids and Peptides	Tripeptides	Carboxylic acids and derivatives		479	EB-MSV000090464-gnps_ms2	transferred	1	446.2226	0.64							low_cosine
C14H18N2O4	[M + H]+		C1CC(N(C1)C(=O)C(CC2=CC=C(C=C2)O)N)C(=O)O	0.998	Amino acids and Peptides	Dipeptides	Carboxylic acids and derivatives	155.0	481	EB-MSV000090464-gnps_ms2	transferred	2	279.1343	0.65	279.1344	0.647	0.358	-0.003	1.0	unique	assigned
C11H22N2O3	[M + H]+	2-(2-amino-4-methylpentanamido)-3-methylbutanoic acid	CC(C)CC(C(=O)NC(C(C)C)C(=O)O)N	0.718	Amino acids and Peptides	Dipeptides	Carboxylic acids and derivatives	29.0	482	EB-MSV000090464-gnps_ms2	transferred	4	231.1707	0.65	231.1697	0.652	-4.326	0.002	1.0	ms2_tie	assigned
C17H27N5O4	[M + H]+	1-[2-[(2-amino-3-methylpentanoyl)amino]-3-(1H-imidazol-5-yl)propanoyl]pyrrolidine-2-carboxylic acid	CCC(C)C(C(=O)NC(CC1=CN=CN1)C(=O)N2CCCC2C(=O)O)N	0.512	Amino acids and Peptides	Tripeptides	Carboxylic acids and derivatives	15670.0	483	EB-MSV000090464-gnps_ms2	transferred	3	366.2128	0.64	366.213	0.953	0.546	0.313	0.9175	ms2_tie	assigned
C11H18N2O4	[M + H]+	4-methyl-2-[(5-oxopyrrolidin-2-yl)formamido]pentanoic acid	CC(C)CC(C(=O)O)NC(=O)C1CCC(=O)N1	0.651	Amino acids and Peptides	Dipeptides	Carboxylic acids and derivatives	303.0	485	EB-MSV000090464-gnps_ms2	transferred	3	243.1343	0.65	243.1343	0.66097	0.0	0.011	1.0	unique	assigned
C11H20N2O5	[M + H]+	2-(2-amino-4-carboxybutanamido)-4-methylpentanoic acid	CC(C)CC(C(=O)O)NC(=O)C(CCC(=O)O)N	0.961	Amino acids and Peptides	Dipeptides	Carboxylic acids and derivatives	234.0	486	EB-MSV000090464-gnps_ms2	transferred	3	261.1442	0.65	261.1441	0.662	-0.383	0.012	0.9997	unique	assigned
C8H18O5	[M + H]+	2-{2-[2-(2-hydroxyethoxy)ethoxy]ethoxy}ethan-1-ol	C(COCCOCCOCCO)O	0.803	Fatty acids	Fatty alcohols	Organooxygen compounds	10092.0	488	EB-MSV000090464-gnps_ms2	transferred	1	195.123	0.65	195.1229	0.564	-0.512	-0.086	0.9407	unique	assigned
C25H46N6O10	[M + K]+	H-Ala-Ile-Leu-Ser-Ser-Thr-OH	CCC(C)C(C(=O)NC(CC(C)C)C(=O)NC(CO)C(=O)NC(CO)C(=O)NC(C(C)O)C(=O)O)NC(=O)C(C)N	0.676	Amino acids and Peptides	Linear peptides	Carboxylic acids and derivatives	2067.0	496	EB-MSV000090464-gnps_ms2	transferred	2	629.2889	0.65	629.2856	0.64	-5.244	-0.01	0.9487	ms2_tie	assigned
C26H41N7O8	[M + K]+	2-{2-[2-(2-amino-3-methylbutanamido)-4-methylpentanamido]-3-(1H-indol-3-yl)propanamido}-3-(4-hydroxyphenyl)propanoic acid	CC(C)CC(C(=O)NC(CC1=CNC2=CC=CC=C21)C(=O)NC(CC3=CC=C(C=C3)O)C(=O)O)NC(=O)C(C(C)C)N	0.662	Amino acids and Peptides	Tripeptides	Carboxylic acids and derivatives	5998.0	505	EB-MSV000090464-gnps_ms2	transferred	1	618.2708	0.66	618.2716	0.578048	1.294	-0.082	0.9998	unique	assigned
C18H32N4O9	[M + H]+	Fradiamine B	CC(=O)N(CCCCCNC(=O)C(CC(=O)NCCCN(C(=O)C)O)(CC(=O)O)O)O	0.088	Amino acids and Peptides	Tripeptides	Carboxylic acids and derivatives	3593.0	509	EB-MSV000090464-gnps_ms2	transferred	2	449.2238	0.66	449.2236	0.66097	-0.445	0.001	1.0	unique	assigned
C24H31N3O6	[M + H]+	Formyl-methylhomoseryl-leucyl-phenylalanine methyl ester	CC(C)CC(C(=O)NC(CC1=CC=CC=C1)C(=O)OC)NC(=O)C(CCOC)NC=O	0.25	Amino acids and Peptides	Tripeptides	Carboxylic acids and derivatives	2996.0	516	EB-MSV000090464-gnps_ms2	transferred	2	458.2247	0.67	458.2248	0.732	0.218	0.062	0.9262	unique	assigned
C15H25N3O6	[M + H]+	4-Amino-5-[2-[(1-carboxy-2-methylpropyl)carbamoyl]pyrrolidin-1-yl]-5-oxopentanoic acid	CC(C)C(C(=O)O)NC(=O)C1CCCN1C(=O)C(CCC(=O)O)N	0.472	Amino acids and Peptides	Dipeptides	Carboxylic acids and derivatives	165.0	521	EB-MSV000090464-gnps_ms2	transferred	2	344.1813	0.67	344.1809	0.683259	-1.162	0.013	0.9999	ms2_winner	assigned
C10H18N2O5	[M + H]+	2-(2-amino-3-carboxypropanamido)-4-methylpentanoic acid	CC(C)CC(C(=O)O)NC(=O)C(CC(=O)O)N	0.97	Amino acids and Peptides	Dipeptides	Carboxylic acids and derivatives	462.0	526	EB-MSV000090464-gnps_ms2	transferred	3	247.1292	0.66	247.1289	0.578019	-1.214	-0.082	0.9468	ms2_winner	assigned
C11H20N2O5	[M + K]+	2-(2-amino-4-carboxybutanamido)-4-methylpentanoic acid	CC(C)CC(C(=O)O)NC(=O)C(CCC(=O)O)N	0.7	Amino acids and Peptides	Dipeptides	Carboxylic acids and derivatives	2427.0	527	EB-MSV000090464-gnps_ms2	transferred	2	299.1012	0.67	299.101	0.672	-0.669	0.002	1.0	unique	assigned
C12H18N4O2	[M + H]+	Cis-Cyclo-(His,Leu)	CC(C)CC1C(=O)NC(C(=O)N1)CC2=CN=CN2	0.777	Amino acids and Peptides	Dipeptides	Carboxylic acids and derivatives		529	EB-MSV000090464-gnps_ms2	transferred	3	251.1498	0.67							low_cosine
C4H4N2O3S	[M + Na]+	4-Methoxy-1,2,5-thiadiazole-3-carboxylic acid	COC1=NSN=C1C(=O)O	0.041	Alkaloids	Imidazole alkaloids	Heteroaromatic compounds	4726.0	533	EB-MSV000090464-gnps_ms2	transferred	2	182.9855	0.68	182.9856	0.548462	0.546	-0.132	0.9999	ms2_tie	assigned
C15H26N4O7	[M + H]+	2-[[4-Carboxy-2-[(2,4-diamino-4-oxobutanoyl)amino]butanoyl]amino]-4-methylpentanoic acid	CC(C)CC(C(=O)O)NC(=O)C(CCC(=O)O)NC(=O)C(CC(=O)N)N	0.731	Amino acids and Peptides	Tripeptides	Carboxylic acids and derivatives	2527.0	539	EB-MSV000090464-gnps_ms2	transferred	3	375.1881	0.7	375.1876	0.722	-1.333	0.022	0.9999	ms2_winner	assigned
C10H18N2O3	[M + H]+		CC(C)C(C(=O)N1CCCC1C(=O)O)N	0.927	Amino acids and Peptides	Dipeptides	Carboxylic acids and derivatives		543	EB-MSV000090464-gnps_ms2	transferred	2	215.1397	0.67							low_cosine
C15H29N3O5	[M + H]+	2-[[2-[(2-Amino-3-methylpentanoyl)amino]-3-methylbutanoyl]amino]-3-hydroxybutanoic acid	CCC(C)C(C(=O)NC(C(C)C)C(=O)NC(C(C)O)C(=O)O)N	0.643	Amino acids and Peptides	Tripeptides	Carboxylic acids and derivatives		544	EB-MSV000090464-gnps_ms2	transferred	1	332.2174	0.68							low_cosine
C24H38N6O9	[M + H]+	H-Pro-Ser-Pro-Ser-Pro-Ser-al	C1CC(NC1)C(=O)NC(CO)C(=O)N2CCCC2C(=O)NC(CO)C(=O)N3CCCC3C(=O)NC(CO)C=O	0.09	Amino acids and Peptides	Cyclic peptides	Carboxylic acids and derivatives	3209.0	545	EB-MSV000090464-gnps_ms2	transferred	4	555.2775	0.68	555.2786	0.692875	1.981	0.013	1.0	unique	assigned
C2H4BNO4	[M + K]+	2,4-Thiazolidinedione, 4-oxime	C1C(=NO)NC(=O)S1	0.046	Alkaloids	Imidazole alkaloids		13022.0	551	EB-MSV000090464-gnps_ms2	transferred	1	154.9902	0.68	154.9907	0.583155	3.226	-0.097	0.9932	unique	assigned
C24H33N5O7	[M + H]+	H-DL-Tyr-DL-Pro-DL-Pro-DL-Gln-OH	C1CC(N(C1)C(=O)C2CCCN2C(=O)C(CC3=CC=C(C=C3)O)N)C(=O)NC(CCC(=O)N)C(=O)O	0.645	Amino acids and Peptides	Tripeptides	Carboxylic acids and derivatives	1666.0	553	EB-MSV000090464-gnps_ms2	transferred	2	504.2456	0.68	504.2471	0.7155	2.975	0.035	1.0	unique	assigned
C24H42N8O8	[M + H]+	(-)-(R)-8-(3S,9S,14Ar)-9-Benzyl-6,6-Dimethyl-1,4,7,10-Tetraoxotetradecahydropyrrolo[1,2-A][1,4,7,10]Tetraazacyclododecin-3-Yl-3-Oxooctan-2-Yl Acetate	CC(C(=O)CCCCCC1C(=O)NC(C(=O)NC(C(=O)N2CCCC2C(=O)N1)CC3=CC=CC=C3)(C)C)OC(=O)C	0.201	Amino acids and Peptides	Cyclic peptides	Carboxylic acids and derivatives	2036.0	577	EB-MSV000090464-gnps_ms2	transferred	3	571.3161	0.7	571.3183	0.689335	3.851	-0.011	0.9999	ms2_winner	assigned
C8H14ClN3O4	[M + H]+	2-[(1-Carboxy-3-hydroperoxypropyl)amino]butanedioic acid	C(COO)C(C(=O)O)NC(CC(=O)O)C(=O)O	0.222	Amino acids and Peptides	Aminoacids	Carboxylic acids and derivatives	1993.0	580	EB-MSV000090464-gnps_ms2	transferred	1	252.0734	0.71	252.0735	0.684333	0.397	-0.026	1.0	unique	assigned
C9H18N2O4	[M + H]+	2-(2-amino-3-hydroxypropanamido)-4-methylpentanoic acid	CC(C)CC(C(=O)O)NC(=O)C(CO)N	0.995	Amino acids and Peptides	Dipeptides	Carboxylic acids and derivatives	1131.0	582	EB-MSV000090464-gnps_ms2	transferred	3	219.1345	0.7	219.1334	0.691059	-5.02	-0.009	1.0	ms2_winner	assigned
C8H16N2O3	[M + H]+	Glycylleucine	CC(C)CC(C(=O)O)NC(=O)CN	0.862	Amino acids and Peptides	Dipeptides	Carboxylic acids and derivatives		585	EB-MSV000090464-gnps_ms2	transferred	1	189.1238	0.7							low_cosine
C20H36N2O13	[M + H]+	alpha-4-(3-deoxy-L-glycero-tetronoyl)amino-4,6-dideoxy-D-mannose-(1->2)-alpha-4-(3-deoxy-L-glycero-tetronoyl)-amino-4,6-dideoxy-D-mannose	CC1C(C(C(C(O1)O)OC2C(C(C(C(O2)C)NC(=O)C(CCO)O)O)O)O)NC(=O)C(CCO)O	0.739	Carbohydrates	Aminoglycosides	Organooxygen compounds	1367.0	587	EB-MSV000090464-gnps_ms2	transferred	3	513.231	0.71	513.2321	0.714105	2.143	0.004	0.9999	ms2_tie	assigned
C10H14N2O3	[M + H]+	2-[(2-amino-1-hydroxyethylidene)amino]-3-methylpentanoic acid	CCC(C)C(C(=O)O)NC(=O)CN	0.14	Amino acids and Peptides	Dipeptides	Carboxylic acids and derivatives	1673.0	590	EB-MSV000090464-gnps_ms2	transferred	2	211.1075	0.7	211.1076	0.699277	0.474	-0.001	1.0	ms2_tie	assigned
C10H17N3O3	[M + H]+	(2S)-2-amino-N-[2-[(2S)-2-formylpyrrolidin-1-yl]-2-oxoethyl]propanamide	CC(C(=O)NCC(=O)N1CCCC1C=O)N	0.489	Amino acids and Peptides	Dipeptides	Carboxylic acids and derivatives	960.0	594	EB-MSV000090464-gnps_ms2	transferred	2	228.1346	0.71	228.1348	0.698373	0.877	-0.012	1.0	unique	assigned
C14H17N5O8	[M + H]+	2-({9-[3,4-dihydroxy-5-(hydroxymethyl)oxolan-2-yl]-9H-purin-6-yl}amino)butanedioic acid	C1=NC(=C2C(=N1)N(C=N2)C3C(C(C(O3)CO)O)O)NC(CC(=O)O)C(=O)O	0.719	Carbohydrates	Purine nucleosides	Purine nucleosides	491.0	595	EB-MSV000090464-gnps_ms2	transferred	1	384.1154	0.71	384.1155	0.691059	0.26	-0.019	1.0	unique	assigned
C14H20N2O4	[M + H]+	2-[2-amino-3-(4-hydroxyphenyl)propanamido]-3-methylbutanoic acid	CC(C)C(C(=O)O)NC(=O)C(CC1=CC=C(C=C1)O)N	0.723	Amino acids and Peptides	Dipeptides	Carboxylic acids and derivatives	739.0	597	EB-MSV000090464-gnps_ms2	transferred	1	281.1501	0.69	281.149	0.602	-3.913	-0.088	0.9917	unique	assigned
C14H25N3O6	[M + H]+	2-[2-(2-acetamido-4-methylpentanamido)propanamido]-3-hydroxypropanoic acid	CC(C)CC(C(=O)NC(C)C(=O)NC(CO)C(=O)O)NC(=O)C	0.571	Amino acids and Peptides	Tripeptides	Carboxylic acids and derivatives		598	EB-MSV000090464-gnps_ms2	transferred	3	332.1836	0.69							low_cosine
C9H11NO2	[M + H]+	L-Phe	C1=CC=C(C=C1)CC(C(=O)O)N	0.76	Amino acids and Peptides	Aminoacids	Carboxylic acids and derivatives	3470.0	600	EB-MSV000090464-gnps_ms2	transferred	2	166.0866	0.7	166.0865	0.968	-0.602	0.268	0.9957	ms2_winner	assigned
C22H38N2O15	[M + H]+	N-[(3S,4R,5S,6R)-5-[(2S,3R,4R,5S,6R)-3-acetamido-4-hydroxy-6-(hydroxymethyl)-5-[(2R,3S,4S,5S,6R)-3,4,5-trihydroxy-6-(hydroxymethyl)oxan-2-yl]oxyoxan-2-yl]oxy-4-hydroxy-6-(hydroxymethyl)oxan-3-yl]acetamide	CC(=O)NC1COC(C(C1O)OC2C(C(C(C(O2)CO)OC3C(C(C(C(O3)CO)O)O)O)O)NC(=O)C)CO	0.376	Carbohydrates	Polysaccharides	Organooxygen compounds	1595.0	601	EB-MSV000090464-gnps_ms2	transferred	2	571.233	0.71	571.2339	0.714	1.576	0.004	1.0	unique	assigned
C24H33N5O7	[M + H]+	Trichoderide A	CC1C(=O)N2CCCC2C(=O)NC(C(=O)NC(C(=O)N1)CCCNC(=O)CCC(=O)O)C(C)C	0.565	Amino acids and Peptides	Tripeptides	Carboxylic acids and derivatives		603	EB-MSV000090464-gnps_ms2	transferred	2	504.2466	0.71							low_cosine
C22H33N5O6	[M + H]+	H-Phe-Gly-Leu-Gln	CC(C)CC(C(=O)NC(CCC(=O)N)C(=O)O)NC(=O)CNC(=O)C(CC1=CC=CC=C1)N	0.388	Amino acids and Peptides	Tripeptides	Carboxylic acids and derivatives	4762.0	604	EB-MSV000090464-gnps_ms2	transferred	1	464.2471	0.72	464.247	0.722	-0.215	0.002	1.0	unique	assigned
C4H4N2O3S	[M + Na]+	4-Methoxy-1,2,5-thiadiazole-3-carboxylic acid	COC1=NSN=C1C(=O)O	0.054	Alkaloids	Imidazole alkaloids	Azoles		605	EB-MSV000090464-gnps_ms2	transferred	2	182.9855	0.7							low_cosine
C11H22N2O5	[M + K]+		C1CC(N(C1)C(=O)C(CC2=CC=C(C=C2)O)N)C(=O)O	0.813	Amino acids and Peptides	Dipeptides	Carboxylic acids and derivatives	10759.0	609	EB-MSV000090464-gnps_ms2	transferred	1	301.1155	0.71	301.1155	0.684	0.0	-0.026	0.9999	unique	assigned
C17H28N4O9	[M + H]+	H-DL-Ala-DL-Leu-DL-Asp-DL-Asp-OH	CC(C)CC(C(=O)NC(CC(=O)O)C(=O)NC(CC(=O)O)C(=O)O)NC(=O)C(C)N	0.501	Amino acids and Peptides	Tripeptides	Carboxylic acids and derivatives	711.0	611	EB-MSV000090464-gnps_ms2	transferred	1	433.194	0.7	433.1943	0.582	0.693	-0.118	1.0	unique	assigned
C30H48NO7P	[M + Na]+	[2-[(4Z,7Z,10Z,13Z,16Z,19Z)-docosa-4,7,10,13,16,19-hexaenoyl]oxy-3-hydroxypropoxy]-[1-(2-oxoethylazaniumyl)propyl]phosphinate	CCC=CCC=CCC=CCC=CCC=CCC=CCCC(=O)OC(CO)COP(=O)(C(CC)NCC=O)O		Amino acids and Peptides	Aminoacids	Carboxylic acids and derivatives	300.0	613	EB-MSV000090464-gnps_ms2	transferred	2	588.298	0.72	588.2983	0.729579	0.51	0.01	1.0	unique	assigned
C14H18N2O4	[M + H]+		C1CC(N(C1)C(=O)C(CC2=CC=C(C=C2)O)N)C(=O)O	0.998	Amino acids and Peptides	Dipeptides	Carboxylic acids and derivatives		615	EB-MSV000090464-gnps_ms2	transferred	2	279.1343	0.7							low_cosine
C22H35N5O11	[M + H]+	Unk-DL-Asp-Glu-DL-Val-Asp-al	CCCC(=O)NNC(CC(=O)O)C(=O)NC(CCC(=O)O)C(=O)NC(C(C)C)C(=O)NC(CC(=O)O)C=O	0.605	Amino acids and Peptides	Tripeptides	Carboxylic acids and derivatives	598.0	621	EB-MSV000090464-gnps_ms2	transferred	6	546.2392	0.72	546.2388	0.6825	-0.732	-0.037	1.0	ms2_tie	assigned
C12H23N3O2	[M + H]+	2-amino-N-[2-(cyclopropylmethylamino)-2-oxoethyl]-3-methylpentanamide	CCC(C)C(C(=O)NCC(=O)NCC1CC1)N	0.247	Amino acids and Peptides	Dipeptides	Carboxylic acids and derivatives		622	EB-MSV000090464-gnps_ms2	transferred	1	242.1861	0.71							low_cosine
C20H35N5O6	[M + H]+	H-DL-Val-DL-Asn-DL-xiIle-DL-Pro-OH	CCC(C)C(C(=O)N1CCCC1C(=O)O)NC(=O)C(CC(=O)N)NC(=O)C(C(C)C)N	0.433	Amino acids and Peptides	Tripeptides	Carboxylic acids and derivatives	137.0	641	EB-MSV000090464-gnps_ms2	transferred	3	442.2664	0.72	442.2664	0.744944	0.0	0.025	1.0	unique	assigned
C27H39N5O6	[M + H]+	benzyl 4-[2-({1-[(carbamoylmethyl)carbamoyl]-3-methylbutyl}carbamoyl)pyrrolidine-1-carbonyl]piperidine-1-carboxylate	CC(C)CC(C(=O)NCC(=O)N)NC(=O)C1CCCN1C(=O)C2CCN(CC2)C(=O)OCC3=CC=CC=C3	0.387	Amino acids and Peptides	Tripeptides	Carboxylic acids and derivatives	16.0	649	EB-MSV000090464-gnps_ms2	transferred	1	530.2979	0.72	530.2979	0.72	0.0	0.0	1.0	unique	assigned
C32H46N6O7	[M + H]+	3-methyl-2-[(1-{2-[(1-{3-phenyl-2-[(pyrrolidin-2-yl)formamido]propanoyl}pyrrolidin-2-yl)formamido]acetyl}pyrrolidin-2-yl)formamido]pentanoic acid	CCC(C)C(C(=O)O)NC(=O)C1CCCN1C(=O)CNC(=O)C2CCCN2C(=O)C(CC3=CC=CC=C3)NC(=O)C4CCCN4	0.542	Amino acids and Peptides	Tripeptides	Carboxylic acids and derivatives	115.0	653	EB-MSV000090464-gnps_ms2	transferred	1	627.3512	0.72	627.3512	0.72	0.0	0.0	1.0	unique	assigned
C31H45N7O7	[M + H]+	H-Pro-Ala-Pro-Phe-Ala-Ala-Ala-al	CC(C=O)NC(=O)C(C)NC(=O)C(C)NC(=O)C(CC1=CC=CC=C1)NC(=O)C2CCCN2C(=O)C(C)NC(=O)C3CCCN3	0.752	Amino acids and Peptides	Cyclic peptides	Carboxylic acids and derivatives	329.0	654	EB-MSV000090464-gnps_ms2	transferred	1	628.3511	0.72	628.3513	0.72	0.318	0.0	1.0	unique	assigned
C34H45N5O7	[M + H]+	2-({1-[2-({1-[2-amino-3-(4-hydroxyphenyl)propanoyl]pyrrolidin-2-yl}formamido)-3-methylpentanoyl]pyrrolidin-2-yl}formamido)-3-phenylpropanoic acid	CCC(C)C(C(=O)N1CCCC1C(=O)NC(CC2=CC=CC=C2)C(=O)O)NC(=O)C3CCCN3C(=O)C(CC4=CC=C(C=C4)O)N	0.654	Amino acids and Peptides	Tripeptides	Carboxylic acids and derivatives	233.0	656	EB-MSV000090464-gnps_ms2	transferred	1	636.3374	0.72	636.3365	0.72	-1.414	0.0	1.0	unique	assigned
C38H50N6O10	[M + H]+	beta-Casomorphin (1-6)	CC(C)C(C(=O)NC(CCC(=O)O)C(=O)N1CCCC1C(=O)O)NC(=O)C(CC2=CC=CC=C2)NC(=O)C3CCCN3C(=O)C(CC4=CC=C(C=C4)O)N	0.538	Amino acids and Peptides	Tripeptides	Carboxylic acids and derivatives	151.0	662	EB-MSV000090464-gnps_ms2	transferred	1	751.3678	0.72	751.3676	0.72	-0.266	0.0	0.9999	unique	assigned
C37H61N5O9	[M + K]+	benzyl (3R)-4-[[(2S)-1-[(2S)-2-[[(2S)-1-amino-6-[(2-methylpropan-2-yl)oxycarbonylamino]-1-oxohexan-2-yl]carbamoyl]pyrrolidin-1-yl]-4-methyl-1-oxopentan-2-yl]amino]-3-benzyl-4-oxobutanoate	CC(C)CC(C(=O)N1CCCC1C(=O)NC(CCCCNC(=O)OC(C)(C)C)C(=O)N)NC(=O)C(CC2=CC=CC=C2)CC(=O)OCC3=CC=CC=C3	0.235	Amino acids and Peptides	Cyclic peptides	Carboxylic acids and derivatives	45.0	666	EB-MSV000090464-gnps_ms2	transferred	1	758.4102	0.72	758.4099	0.72	-0.396	0.0	0.9998	unique	assigned
C41H59N9O10	[M + H]+	2-benzyl-14-(butan-2-yl)-11-methyl-20-{1-[(2-methylbut-3-en-2-yl)oxy]ethyl}-17-{[(2-methylbut-3-en-2-yl)oxy]methyl}-25-thia-3,9,12,15,18,21,26-heptaazatricyclo[21.2.1.0⁵,⁹]hexacos-1(26)-ene-4,10,13,16,19,22-hexone	CCC(C)C1C(=O)NC(C(=O)N2CCCC2C(=O)NC(C3=NC(CS3)C(=O)NC(C(=O)NC(C(=O)N1)COC(C)(C)C=C)C(C)OC(C)(C)C=C)CC4=CC=CC=C4)C	0.151	Amino acids and Peptides	Cyclic peptides	Carboxylic acids and derivatives		671	EB-MSV000090464-gnps_ms2	transferred	0	838.4444	0.72							no_match
C46H64N8O10	[M + H]+	Val-Tyr-Pro-Phe-Pro-Gly-Pro-Ile	CCC(C)C(C(=O)O)NC(=O)C1CCCN1C(=O)CNC(=O)C2CCCN2C(=O)C(CC3=CC=CC=C3)NC(=O)C4CCCN4C(=O)C(CC5=CC=C(C=C5)O)NC(=O)C(C(C)C)N	0.663	Amino acids and Peptides	Cyclic peptides	Carboxylic acids and derivatives	131.0	673	EB-MSV000090464-gnps_ms2	transferred	2	889.4871	0.72	889.4868	0.72	-0.337	0.0	1.0	unique	assigned
C17H25N5O5	[M + H]+	H-Ala-Ala-Ala-Ala-Ala-al	CC(C=O)NC(=O)C(C)NC(=O)C(C)NC(=O)C(C)NC(=O)C(C)N	0.118	Amino acids and Peptides	Tripeptides	Carboxylic acids and derivatives	4846.0	683	EB-MSV000090464-gnps_ms2	transferred	2	380.1938	0.72	380.1937	0.716	-0.263	-0.004	0.9779	unique	assigned
C18H31N5O7	[M + H]+	H-DL-Ser-DL-Pro-DL-Asn-DL-Leu-OH	CC(C)CC(C(=O)O)NC(=O)C(CC(=O)N)NC(=O)C1CCCN1C(=O)C(CO)N	0.374	Amino acids and Peptides	Tripeptides	Carboxylic acids and derivatives	1260.0	684	EB-MSV000090464-gnps_ms2	transferred	2	430.2296	0.72	430.2293	0.581501	-0.697	-0.138	0.7381	unique	assigned
C13H23N3O4S	[M + H]+	1-[2-[(2-Amino-4-methylsulfanylbutanoyl)amino]propanoyl]pyrrolidine-2-carboxylic acid	CC(C(=O)N1CCCC1C(=O)O)NC(=O)C(CCSC)N	0.467	Amino acids and Peptides	Dipeptides	Carboxylic acids and derivatives	1225.0	686	EB-MSV000090464-gnps_ms2	transferred	1	318.1476	0.71	318.1475	0.589	-0.314	-0.121	1.0	unique	assigned
C18H32N2O10	[M + H]+	2,3,4,5-tetrahydroxy-6-[(2-formamido-3-methylbutanoyl)oxy]hexyl 2-formamido-3-methylbutanoate	CC(C)C(C(=O)OCC(C(C(C(COC(=O)C(C(C)C)NC=O)O)O)O)O)NC=O	0.1	Amino acids and Peptides	Dipeptides	Carboxylic acids and derivatives		687	EB-MSV000090464-gnps_ms2	transferred	2	437.208	0.72							low_cosine
C21H36N6O8	[M + H]+	Glptgg	CC(C)CC(C(=O)N1CCCC1C(=O)NC(C(C)O)C(=O)NCC(=O)NCC(=O)O)NC(=O)CN	0.365	Amino acids and Peptides	Linear peptides	Carboxylic acids and derivatives		689	EB-MSV000090464-gnps_ms2	transferred	1	501.2654	0.72							low_cosine
C32H46N6O10	[M + H]+	H-Leu-Phe-Asn-Phe-Leu-al	CC(C)CC(C=O)NC(=O)C(CC1=CC=CC=C1)NC(=O)C(CC(=O)N)NC(=O)C(CC2=CC=CC=C2)NC(=O)C(CC(C)C)N	0.726	Amino acids and Peptides	Tripeptides	Carboxylic acids and derivatives		690	EB-MSV000090464-gnps_ms2	transferred	1	675.3328	0.72							low_cosine
C15H26N4O7	[M + H]+	2-[[4-Carboxy-2-[(2,4-diamino-4-oxobutanoyl)amino]butanoyl]amino]-4-methylpentanoic acid	CC(C)CC(C(=O)O)NC(=O)C(CCC(=O)O)NC(=O)C(CC(=O)N)N	0.643	Amino acids and Peptides	Tripeptides	Carboxylic acids and derivatives	1588.0	691	EB-MSV000090464-gnps_ms2	transferred	3	375.1881	0.72	375.1881	0.8275	0.0	0.108	0.7477	ms2_winner	assigned
C29H48N8O9	[M + H]+	H-Ala-Pro-Pro-Leu-Gly-Gln-Ala-OH	CC(C)CC(C(=O)NCC(=O)NC(CCC(=O)N)C(=O)NC(C)C(=O)O)NC(=O)C1CCCN1C(=O)C2CCCN2C(=O)C(C)N	0.437	Amino acids and Peptides	Tripeptides	Carboxylic acids and derivatives	1005.0	695	EB-MSV000090464-gnps_ms2	transferred	1	653.3646	0.73	653.3646	0.744773	0.0	0.015	1.0	unique	assigned
C8H15FN2O4	[M + H]+	2-[[(2R)-2-azaniumyl-3-phenylpropanoyl]amino]acetate	C1=CC=C(C=C1)CC(C(=O)NCC(=O)O)N	0.903	Amino acids and Peptides	Dipeptides	Carboxylic acids and derivatives	840.0	696	EB-MSV000090464-gnps_ms2	transferred	2	223.1078	0.72	223.1078	0.607	0.0	-0.113	1.0	ms2_winner	assigned
C14H27N3O4	[M + H]+	2-[[2-[(2-Amino-3-methylbutanoyl)amino]-3-methylpentanoyl]amino]propanoic acid	CCC(C)C(C(=O)NC(C)C(=O)O)NC(=O)C(C(C)C)N	0.313	Amino acids and Peptides	Tripeptides	Carboxylic acids and derivatives		697	EB-MSV000090464-gnps_ms2	transferred	2	302.2083	0.73							low_cosine
C16H29N3O6	[M + H]+	2-[[2-[(2-Amino-4-methylpentanoyl)amino]-3-methylbutanoyl]amino]pentanedioic acid	CC(C)CC(C(=O)NC(C(C)C)C(=O)NC(CCC(=O)O)C(=O)O)N	0.418	Amino acids and Peptides	Tripeptides	Carboxylic acids and derivatives	5175.0	699	EB-MSV000090464-gnps_ms2	transferred	3	360.2121	0.73	360.2117	0.731531	-1.11	0.002	0.9999	ms2_winner	assigned
C32H53N5O10	[M + Na]+	Pyloricidin A1	CCC(C)C(C(=O)NC(CC(C)C)C(=O)NC(CO)C(C(C(C(=O)NC(CC(=O)O)C1=CC=CC=C1)O)O)O)NC(=O)C(C(C)C)N	0.125	Amino acids and Peptides	Tripeptides	Carboxylic acids and derivatives	600.0	701	EB-MSV000090464-gnps_ms2	transferred	3	690.3707	0.74	690.3715	0.811316	1.159	0.071	0.847	unique	assigned
C10H18N2O5	[M + H]+	2-(2-amino-3-carboxypropanamido)-4-methylpentanoic acid	CC(C)CC(C(=O)O)NC(=O)C(CC(=O)O)N	0.954	Amino acids and Peptides	Dipeptides	Carboxylic acids and derivatives	738.0	703	EB-MSV000090464-gnps_ms2	transferred	3	247.1292	0.73	247.1289	0.660992	-1.214	-0.069	0.9538	ms2_winner	assigned
C19H19N7O6S	[M + H]+	H-DL-Cys-DL-Trp-DL-Gln-OH	C1=CC=C2C(=C1)C(=CN2)CC(C(=O)NC(CCC(=O)N)C(=O)O)NC(=O)C(CS)N	0.252	Amino acids and Peptides	Tripeptides	Carboxylic acids and derivatives	5830.0	704	EB-MSV000090464-gnps_ms2	transferred	2	474.117	0.73	474.1167	0.709821	-0.633	-0.02	1.0	ms2_tie	assigned
C17H31N5O6	[M + Na]+	H-DL-Asn-DL-Pro-DL-Pro-DL-Pro-OH	C1CC(N(C1)C(=O)C2CCCN2C(=O)C(CC(=O)N)N)C(=O)N3CCCC3C(=O)O	0.391	Amino acids and Peptides	Tripeptides	Carboxylic acids and derivatives	5495.0	705	EB-MSV000090464-gnps_ms2	transferred	3	424.2202	0.72	424.2204	0.745811	0.471	0.026	0.9999	ms2_tie	assigned
C36H53N5O8	[M + H]+	(2R)-N-[(2R)-1-(2-acetyl-2,7-diazaspiro[3.5]nonan-7-yl)-3-amino-1-oxopropan-2-yl]-2-[[(2R)-2-[[(2R)-2-amino-3-phenylpropanoyl]amino]-3-phenylpropanoyl]amino]-4-methylpentanamide	CC(C)CC(C(=O)NC(CN)C(=O)N1CCC2(CC1)CN(C2)C(=O)C)NC(=O)C(CC3=CC=CC=C3)NC(=O)C(CC4=CC=CC=C4)N	0.124	Amino acids and Peptides	Cyclic peptides	Carboxylic acids and derivatives	5772.0	709	EB-MSV000090464-gnps_ms2	transferred	2	684.3926	0.73	684.3897	0.6665	-4.237	-0.064	0.9998	unique	assigned
C27H42N8O12	[M + H]+	H-Leu-Ser-Leu-Asp-Val-Ser-OH	CC(C)CC(C(=O)NC(CO)C(=O)NC(CC(C)C)C(=O)NC(CC(=O)O)C(=O)NC(C(C)C)C(=O)NC(CO)C(=O)O)N	0.935	Amino acids and Peptides	Linear peptides	Carboxylic acids and derivatives	3995.0	713	EB-MSV000090464-gnps_ms2	transferred	3	671.2997	0.73	671.2993	0.745011	-0.596	0.015	1.0	ms2_winner	assigned
C14H23BN2O3	[M + H]+	dimethyl(3-{tricyclo[9.4.0.0³,⁸]pentadeca-1(15),3,5,7,11,13-hexaen-2-ylidene}propyl)amine	CN(C)CCC=C1C2=CC=CC=C2CCC3=CC=CC=C31	0.948	Alkaloids	Polyamines	Dibenzocycloheptenes	537.0	720	EB-MSV000090464-gnps_ms2	transferred	1	278.1903	0.74	278.1903	0.737	0.0	-0.003	1.0	unique	assigned
C19H31N5O8	[M + H]+	Formyl-methylhomoseryl-leucyl-phenylalanine methyl ester	CC(C)CC(C(=O)NC(CC1=CC=CC=C1)C(=O)OC)NC(=O)C(CCOC)NC=O	0.148	Amino acids and Peptides	Tripeptides	Carboxylic acids and derivatives	2996.0	757	EB-MSV000090464-gnps_ms2	transferred	3	458.2247	0.74	458.2248	0.732	0.218	-0.008	0.9999	unique	assigned
C24H45N7O8	[M + Na]+	namalide d	CCC(C)C1C(=O)NC(C(=O)NCCCCC(C(=O)N1)NC(=O)NC(C(C)CC)C(=O)O)CCC2=CC=CC=C2	0.372	Amino acids and Peptides	Cyclic peptides	Carboxylic acids and derivatives	95.0	761	EB-MSV000090464-gnps_ms2	transferred	2	582.3274	0.72	582.3278	0.623487	0.687	-0.097	0.9998	ms2_tie	assigned
C13H23N3O6	[M + H]+	2-[[2-[(2-Amino-4-carboxybutanoyl)amino]acetyl]amino]-4-methylpentanoic acid	CC(C)CC(C(=O)O)NC(=O)CNC(=O)C(CCC(=O)O)N	0.464	Amino acids and Peptides	Tripeptides	Carboxylic acids and derivatives	4871.0	763	EB-MSV000090464-gnps_ms2	transferred	3	318.167	0.74	318.1661	0.736797	-2.829	-0.003	0.9931	ms2_tie	assigned
C22H35N5O11	[M + H]+	Unk-DL-Asp-Glu-DL-Val-Asp-al	CCCC(=O)NNC(CC(=O)O)C(=O)NC(CCC(=O)O)C(=O)NC(C(C)C)C(=O)NC(CC(=O)O)C=O	0.423	Amino acids and Peptides	Linear peptides	Carboxylic acids and derivatives		764	EB-MSV000090464-gnps_ms2	transferred	4	546.2388	0.75							low_cosine
C32H48N8O7	[M + Na]+	Similanamide	CC1C(=O)NC(C(=O)NC(C(=O)NC2=CC=CC=C2C(=O)N3CCCCC3C(=O)N(C(C(=O)N1)CC(C)C)C)C(C)C)CC(C)C	0.131	Amino acids and Peptides	Cyclic peptides	Carboxylic acids and derivatives	658.0	772	EB-MSV000090464-gnps_ms2	transferred	3	679.3562	0.76	679.3564	1.128645	0.294	0.369	0.998	ms2_tie	assigned
C14H26N4O6	[M + H]+	2-[[2-[2-[(2-Aminoacetyl)amino]propanoylamino]-3-hydroxybutanoyl]amino]-3-methylbutanoic acid	CC(C)C(C(=O)O)NC(=O)C(C(C)O)NC(=O)C(C)NC(=O)CN	0.503	Amino acids and Peptides	Tripeptides	Carboxylic acids and derivatives	5589.0	773	EB-MSV000090464-gnps_ms2	transferred	2	347.1926	0.75	347.1926	0.754065	0.0	0.004	0.9999	unique	assigned
C25H46N2O4	[M + Na]+	(E,4S)-4-[[(2S,3S)-2-[(2,2-diethyl-4-methylpentanoyl)amino]-3-methylpentanoyl]-methylamino]-2,5-dimethylhex-2-enoic acid	CCC(C)C(C(=O)N(C)C(C=C(C)C(=O)O)C(C)C)NC(=O)C(CC)(CC)CC(C)C	0.176	Amino acids and Peptides	Tripeptides	Carboxylic acids and derivatives		774	EB-MSV000090464-gnps_ms2	transferred	3	461.334	0.75							low_cosine
C19H25N3O7	[M + H]+	2-[[1-[2-Amino-3-(4-hydroxyphenyl)propanoyl]pyrrolidine-2-carbonyl]amino]pentanedioic acid	C1CC(N(C1)C(=O)C(CC2=CC=C(C=C2)O)N)C(=O)NC(CCC(=O)O)C(=O)O	0.79	Amino acids and Peptides	Tripeptides	Carboxylic acids and derivatives	573.0	778	EB-MSV000090464-gnps_ms2	transferred	1	408.1777	0.75	408.1781	0.777857	0.98	0.028	1.0	unique	assigned
C14H23N3O6	[M + H]+	2-[[1-(2-Amino-3-carboxypropanoyl)pyrrolidine-2-carbonyl]amino]-3-methylbutanoic acid	CC(C)C(C(=O)O)NC(=O)C1CCCN1C(=O)C(CC(=O)O)N	0.384	Amino acids and Peptides	Dipeptides	Carboxylic acids and derivatives	1551.0	779	EB-MSV000090464-gnps_ms2	transferred	1	330.1654	0.75	330.165	0.742627	-1.212	-0.007	1.0	unique	assigned
C19H32N4O10	[M + H]+	H-DL-Trp-DL-xiIle-DL-His-OH	CCC(C)C(C(=O)NC(CC1=CN=CN1)C(=O)O)NC(=O)C(CC2=CNC3=CC=CC=C32)N	0.188	Amino acids and Peptides	Cyclic peptides	Carboxylic acids and derivatives	390.0	782	EB-MSV000090464-gnps_ms2	transferred	1	477.2204	0.74	477.22	0.6215	-0.838	-0.118	0.9951	unique	assigned
C33H60N4O11	[M + H]+	H-Lys-Pro-Val-Lys-Pro-Val-OH	CC(C)C(C(=O)NC(CCCCN)C(=O)N1CCCC1C(=O)NC(C(C)C)C(=O)O)NC(=O)C2CCCN2C(=O)C(CCCCN)N	0.856	Amino acids and Peptides	Tripeptides	Carboxylic acids and derivatives	347.0	801	EB-MSV000090464-gnps_ms2	transferred	1	689.4352	0.75	689.4356	0.752	0.58	0.002	1.0	unique	assigned
C39H68N16O15	[M + H]+	H-Ala-Pro-Gly-Asn-Phe-Leu-Gln-Ser-Ser-Pro-al	CC(C)CC(C(=O)NC(CCC(=O)N)C(=O)NC(CO)C(=O)NC(CO)C(=O)N1CCCC1C=O)NC(=O)C(CC2=CC=CC=C2)NC(=O)C(CC(=O)N)NC(=O)CNC(=O)C3CCCN3C(=O)C(C)N	0.225	Amino acids and Peptides	Cyclic peptides	Carboxylic acids and derivatives		814	EB-MSV000090464-gnps_ms2	transferred	0	1001.5144	0.75							no_match
C53H73N11O9	[M + H]+	H-DL-Lys-DL-Ser-DL-Gln-DL-xiThr-DL-Pro-DL-Leu-DL-Val-DL-xiThr-DL-Leu-OH	CC(C)CC(C(=O)NC(C(C)C)C(=O)NC(C(C)O)C(=O)NC(CC(C)C)C(=O)O)NC(=O)C1CCCN1C(=O)C(C(C)O)NC(=O)C(CCC(=O)N)NC(=O)C(CO)NC(=O)C(CCCCN)N	0.767	Amino acids and Peptides	Cyclic peptides	Carboxylic acids and derivatives	316.0	815	EB-MSV000090464-gnps_ms2	transferred	1	1008.5685	0.75	1008.5682	0.752	-0.297	0.002	0.9999	unique	assigned
C69H82N4O7	[M + H]+	Circulin	CCC(C)C1C(=O)NC(C(=O)NC(C(=O)NC(C(=O)NCCC(C(=O)NC(C(=O)NC(C(=O)N1)CC(C)C)CCN)NC(=O)C(CCN)NC(=O)C(C(C)O)NC(=O)C(CCN)NC=O)C(C)O)CCN)CCN	0.938	Amino acids and Peptides	Linear peptides	Polypeptides	251.0	817	EB-MSV000090464-gnps_ms2	transferred	2	1079.6164	0.75	1079.6168	0.752	0.371	0.002	1.0	unique	assigned
C36H55N5O7	[M + H]+	Pseudodestruxin B	CC(C)CC1C(=O)NCCC(=O)OC(C(=O)N2CCCC2C(=O)NC(C(=O)N(C(C(=O)N1C)C(C)C)C)CC3=CC=CC=C3)CC(C)C	0.184	Amino acids and Peptides	Cyclic peptides	Carboxylic acids and derivatives	5257.0	825	EB-MSV000090464-gnps_ms2	transferred	1	670.4114	0.75	670.4102	0.746739	-1.79	-0.003	1.0	unique	assigned
C16H30N4O5	[M + H]+	4-Amino-2-[[2-[(2-amino-3-methylpentanoyl)amino]-4-methylpentanoyl]amino]-4-oxobutanoic acid	CCC(C)C(C(=O)NC(CC(C)C)C(=O)NC(CC(=O)N)C(=O)O)N	0.272	Amino acids and Peptides	Tripeptides	Carboxylic acids and derivatives		827	EB-MSV000090464-gnps_ms2	transferred	3	359.2287	0.75							low_cosine
C16H28N4O6	[M + H]+	(Ac)2-L-Lys-D-Ala-D-Ala	CC(C(=O)NC(C)C(=O)O)NC(=O)C(CCCCNC(=O)C)NC(=O)C	0.164	Amino acids and Peptides	Tripeptides	Carboxylic acids and derivatives	1082.0	829	EB-MSV000090464-gnps_ms2	transferred	3	373.2076	0.75	373.2077	0.7321	0.268	-0.018	1.0	unique	assigned
C11H20N2O3	[M + H]+	4-methyl-2-[(pyrrolidin-2-yl)formamido]pentanoic acid	CC(C)CC(C(=O)O)NC(=O)C1CCCN1	0.783	Amino acids and Peptides	Dipeptides	Carboxylic acids and derivatives	134.0	831	EB-MSV000090464-gnps_ms2	transferred	3	229.1545	0.76	229.1545	0.758592	0.0	-0.001	0.8414	ms2_winner	assigned
C22H40N4O6	[M + H]+	Boc-Lys-Val-Pro-OMe	CC(C)C(C(=O)N1CCCC1C(=O)OC)NC(=O)C(CCCCN)NC(=O)OC(C)(C)C	0.138	Amino acids and Peptides	Tripeptides	Carboxylic acids and derivatives	3120.0	834	EB-MSV000090464-gnps_ms2	transferred	4	457.3012	0.75	457.3005	0.605	-1.531	-0.145	1.0	ms2_tie	assigned
C12H23N3O4	[M + H]+	2-[[2-[(2-Aminoacetyl)amino]-3-methylbutanoyl]amino]-3-methylbutanoic acid	CC(C)C(C(=O)NC(C(C)C)C(=O)O)NC(=O)CN	0.686	Amino acids and Peptides	Tripeptides	Carboxylic acids and derivatives	4488.0	841	EB-MSV000090464-gnps_ms2	transferred	4	274.1766	0.77	274.1768	0.76275	0.729	-0.007	1.0	unique	assigned
C21H34N4O11	[M + H]+	(4S)-4-[[(2S)-2-acetamido-3-carboxypropanoyl]amino]-5-[[(2S)-1-[[(2S,3S)-1-carboxy-3-hydroxybutan-2-yl]amino]-3-methyl-1-oxobutan-2-yl]amino]-5-oxopentanoic acid	CC(C)C(C(=O)NC(CC(=O)O)C(C)O)NC(=O)C(CCC(=O)O)NC(=O)C(CC(=O)O)NC(=O)C	0.88	Amino acids and Peptides	Tripeptides	Carboxylic acids and derivatives	89.0	850	EB-MSV000090464-gnps_ms2	transferred	4	519.2287	0.77	519.228	0.778157	-1.348	0.008	0.9999	unique	assigned
C21H34N4O11	[M + Na]+	(4S)-4-[[(2S)-2-acetamido-3-carboxypropanoyl]amino]-5-[[(2S)-1-[[(2S,3S)-1-carboxy-3-hydroxybutan-2-yl]amino]-3-methyl-1-oxobutan-2-yl]amino]-5-oxopentanoic acid	CC(C)C(C(=O)NC(CC(=O)O)C(C)O)NC(=O)C(CCC(=O)O)NC(=O)C(CC(=O)O)NC(=O)C	0.524	Amino acids and Peptides	Tripeptides	Carboxylic acids and derivatives	3929.0	866	EB-MSV000090464-gnps_ms2	transferred	1	541.2115	0.77	541.2115	0.777	0.0	0.007	1.0	unique	assigned
C46H69N7O15	[M + H]+	H-Tyr-Leu-Glu-Pro-Ala-Pro-Val-Thr-Ala-OH	CC(C)CC(C(=O)NC(CCC(=O)O)C(=O)N1CCCC1C(=O)NC(C)C(=O)N2CCCC2C(=O)NC(C(C)C)C(=O)NC(C(C)O)C(=O)NC(C)C(=O)O)NC(=O)C(CC3=CC=C(C=C3)O)N	0.13	Amino acids and Peptides	Cyclic peptides	Carboxylic acids and derivatives	5301.0	868	EB-MSV000090464-gnps_ms2	transferred	1	960.4913	0.77	960.4903	0.7485	-1.041	-0.021	1.0	unique	assigned
C11H20N2O5	[M + H]+	2-(2-amino-4-carboxybutanamido)-4-methylpentanoic acid	CC(C)CC(C(=O)O)NC(=O)C(CCC(=O)O)N	0.961	Amino acids and Peptides	Dipeptides	Carboxylic acids and derivatives		869	EB-MSV000090464-gnps_ms2	transferred	4	261.1442	0.76							low_cosine
C16H21N3O5	[M + H]+	1-[2-[[2-Amino-3-(4-hydroxyphenyl)propanoyl]amino]acetyl]pyrrolidine-2-carboxylic acid	C1CC(N(C1)C(=O)CNC(=O)C(CC2=CC=C(C=C2)O)N)C(=O)O	0.557	Amino acids and Peptides	Tripeptides	Carboxylic acids and derivatives	306.0	881	EB-MSV000090464-gnps_ms2	transferred	1	336.1547	0.78	336.1547	0.69889	0.0	-0.081	1.0	unique	assigned
C11H18N2O4	[M + H]+	3-[5-(2-methylpropyl)-3,6-dioxopiperazin-2-yl]propanoic acid	CC(C)CC1C(=O)NC(C(=O)N1)CCC(=O)O	0.58	Amino acids and Peptides	Dipeptides	Carboxylic acids and derivatives	303.0	885	EB-MSV000090464-gnps_ms2	transferred	3	243.1344	0.77	243.1343	0.66097	-0.411	-0.109	0.7297	unique	assigned
C10H18N2O3S	[M + H]+	1-[(2R)-2-amino-4-methylsulfanylbutanoyl]pyrrolidine-2-carboxylic acid	CSCCC(C(=O)N1CCCC1C(=O)O)N	1.0	Amino acids and Peptides	Dipeptides	Carboxylic acids and derivatives	1403.0	888	EB-MSV000090464-gnps_ms2	transferred	2	247.1108	0.78	247.1122	0.58125	5.665	-0.199	0.9996	ms2_winner	assigned
C32H44N8O10	[M + H]+	IAbeta5p	CC(C)CC(C(=O)N1CCCC1C(=O)NC(CC2=CC=CC=C2)C(=O)NC(CC3=CC=CC=C3)C(=O)NC(CC(=O)O)C(=O)N)NC(=O)C	0.633	Amino acids and Peptides	Cyclic peptides	Carboxylic acids and derivatives		889	EB-MSV000090464-gnps_ms2	transferred	3	701.334	0.79							low_cosine
C24H33N5O7	[M + H]+	Trichoderide A	CC1C(=O)N2CCCC2C(=O)NC(C(=O)NC(C(=O)N1)CCCNC(=O)CCC(=O)O)C(C)C	0.335	Amino acids and Peptides	Tripeptides	Carboxylic acids and derivatives	1666.0	897	EB-MSV000090464-gnps_ms2	transferred	2	504.2465	0.78	504.2471	0.7155	1.19	-0.065	0.9971	unique	assigned
C22H41N5O7	[M + K]+	Mycalamide A	CC1C(OC(CC1=C)(C(C(=O)NC2C3C(C(C(C(O3)CC(CO)O)(C)C)OC)OCO2)O)OC)C	0.082	Fatty acids	Sphingoid bases	Carboxylic acids and derivatives	52.0	899	EB-MSV000090464-gnps_ms2	transferred	3	526.2614	0.78	526.2615	0.637	0.19	-0.143	0.9946	ms2_tie	assigned
C12H23N5O2	[M + H]+	Cyclo(L-Leu-L-Arg)	CC(C)CC1C(=O)NC(C(=O)N1)CCCN=C(N)N	0.385	Amino acids and Peptides	Tripeptides	Carboxylic acids and derivatives	1810.0	902	EB-MSV000090464-gnps_ms2	transferred	2	270.1924	0.79	270.1921	0.79293	-1.11	0.003	1.0	unique	assigned
C17H22N4O2	[M + H]+	N-[2-[[(2S)-2-amino-3-(1H-indol-3-yl)propanoyl]amino]ethyl]cyclopropanecarboxamide	C1CC1C(=O)NCCNC(=O)C(CC2=CNC3=CC=CC=C32)N	0.553	Amino acids and Peptides	Dipeptides	Carboxylic acids and derivatives	4083.0	912	EB-MSV000090464-gnps_ms2	transferred	2	315.1814	0.79	315.1813	0.769768	-0.317	-0.02	0.9884	unique	assigned
C13H27N3O6	[M + K]+	Garamine	CC1(COC(C(C1NC)O)OC2C(CC(C(C2O)O)N)N)O	0.171	Amino acids and Peptides	Aminosugars	Carboxylic acids and derivatives	19139.0	914	EB-MSV000090464-gnps_ms2	transferred	1	360.1506	0.79	360.1505	0.798	-0.278	0.008	1.0	unique	assigned
C32H48N8O7	[M + Na]+	Similanamide	CC1C(=O)NC(C(=O)NC(C(=O)NC2=CC=CC=C2C(=O)N3CCCCC3C(=O)N(C(C(=O)N1)CC(C)C)C)C(C)C)CC(C)C	0.108	Amino acids and Peptides	Cyclic peptides	Carboxylic acids and derivatives	658.0	917	EB-MSV000090464-gnps_ms2	transferred	3	679.3557	0.8	679.3564	1.128645	1.03	0.329	0.9981	ms2_tie	assigned
C32H53N5O10	[M + Na]+	Pyloricidin A2	CC(C)CC(C(=O)NC(CO)C(C(C(C(=O)NC(CC(=O)O)C1=CC=CC=C1)O)O)O)NC(=O)C(CC(C)C)NC(=O)C(C(C)C)N	0.079	Amino acids and Peptides	Tripeptides	Carboxylic acids and derivatives	743.0	918	EB-MSV000090464-gnps_ms2	transferred	5	690.3695	0.8	690.3633	0.841247	-8.981	0.041	0.9999	ms2_tie	assigned
C4H4N2O3S	[M + Na]+	4-Methoxy-1,2,5-thiadiazole-3-carboxylic acid	COC1=NSN=C1C(=O)O	0.051	Alkaloids	Imidazole alkaloids	Azoles		919	EB-MSV000090464-gnps_ms2	transferred	2	182.9855	0.79							low_cosine
C15H17N3O5	[M + H]+	2-[2-amino-3-(1H-indol-3-yl)propanamido]butanedioic acid	C1=CC=C2C(=C1)C(=CN2)CC(C(=O)NC(CC(=O)O)C(=O)O)N	0.955	Amino acids and Peptides	Dipeptides	Carboxylic acids and derivatives	2664.0	920	EB-MSV000090464-gnps_ms2	transferred	1	320.124	0.8	320.1241	0.798451	0.312	-0.002	1.0	unique	assigned
C27H38N4O7	[M + H]+	H-His-Leu-His-bNA	CC(C)CC(C(=O)NC(CC1=CN=CN1)C(=O)NC2=CC3=CC=CC=C3C=C2)NC(=O)C(CC4=CN=CN4)N	0.086	Amino acids and Peptides	Cyclic peptides	Carboxylic acids and derivatives	3293.0	923	EB-MSV000090464-gnps_ms2	transferred	2	531.2779	0.8	531.2781	0.808434	0.376	0.008	0.9105	ms2_winner	assigned
C26H42N4O9	[M + Na]+	H-Abu-Ala-Asp-Thr-Thr-Thr-al	CCC(C(=O)NC(C)C(=O)NC(CC(=O)O)C(=O)NC(C(C)O)C(=O)NC(C(C)O)C(=O)NC(C=O)C(C)O)N	0.904	Amino acids and Peptides	Tripeptides	Carboxylic acids and derivatives		925	EB-MSV000090464-gnps_ms2	transferred	1	577.283	0.8							low_cosine
C35H55N5O8	[M + H]+	phototemtide d	CCCCCCC1CC(=O)NCC(=O)NC(C(=O)NC(C(=O)NC(C(=O)NC(C(=O)O1)C(C)CC)C(C)O)CC2=CC=CC=C2)C(C)C	0.101	Amino acids and Peptides	Cyclic peptides	Carboxylic acids and derivatives	7674.0	926	EB-MSV000090464-gnps_ms2	transferred	1	674.4114	0.8	674.4128	0.8	2.076	0.0	0.9925	unique	assigned
C34H46N6O10	[M + H]+	H-Leu-Glu-Ser-Ser-Ile-Ile-OH	CCC(C)C(C(=O)NC(C(C)CC)C(=O)O)NC(=O)C(CO)NC(=O)C(CO)NC(=O)C(CCC(=O)O)NC(=O)C(CC(C)C)N	0.789	Amino acids and Peptides	Cyclic peptides	Carboxylic acids and derivatives	7868.0	927	EB-MSV000090464-gnps_ms2	transferred	3	699.3353	0.81	699.3309	0.795	-6.292	-0.015	0.9999	ms2_winner	assigned
C14H18N2O4	[M + H]+		C1CC(N(C1)C(=O)C(CC2=CC=C(C=C2)O)N)C(=O)O	0.998	Amino acids and Peptides	Dipeptides	Carboxylic acids and derivatives	155.0	928	EB-MSV000090464-gnps_ms2	transferred	2	279.1343	0.79	279.1344	0.647	0.358	-0.143	0.9984	unique	assigned
C11H22N2O3	[M + H]+	2-(2-amino-4-methylpentanamido)-3-methylbutanoic acid	CC(C)CC(C(=O)NC(C(C)C)C(=O)O)N	0.715	Amino acids and Peptides	Dipeptides	Carboxylic acids and derivatives		931	EB-MSV000090464-gnps_ms2	transferred	4	231.1708	0.8							low_cosine
C32H53N5O10	[M + Na]+	Pyloricidin A1	CCC(C)C(C(=O)NC(CC(C)C)C(=O)NC(CO)C(C(C(C(=O)NC(CC(=O)O)C1=CC=CC=C1)O)O)O)NC(=O)C(C(C)C)N	0.122	Amino acids and Peptides	Tripeptides	Carboxylic acids and derivatives	600.0	932	EB-MSV000090464-gnps_ms2	transferred	4	690.3705	0.8	690.3715	0.811316	1.448	0.011	0.9999	unique	assigned
C18H30N4O10	[M + H]+	H-DL-Asp-DL-Leu-DL-xiThr-DL-Asp-OH	CC(C)CC(C(=O)NC(C(C)O)C(=O)NC(CC(=O)O)C(=O)O)NC(=O)C(CC(=O)O)N	0.94	Amino acids and Peptides	Tripeptides	Carboxylic acids and derivatives	2109.0	934	EB-MSV000090464-gnps_ms2	transferred	2	463.2044	0.79	463.2045	0.5955	0.216	-0.195	0.8884	ms2_winner	assigned
C17H27N3O5S2	[M + H]+	(2S)-2-[[(2S)-2-[[(2S)-2-aminopropanoyl]amino]-6-diazo-5-oxohexanoyl]amino]-6-diazo-5-oxohexanoic acid	CC(C(=O)NC(CCC(=O)C=[N+]=[N-])C(=O)NC(CCC(=O)C=[N+]=[N-])C(=O)O)N	0.682	Amino acids and Peptides	Tripeptides	Carboxylic acids and derivatives	1938.0	938	EB-MSV000090464-gnps_ms2	transferred	1	418.1456	0.8	418.1456	0.803733	0.0	0.004	1.0	unique	assigned
C15H21N3O7	[M + H]+	H-Pyr-Glu-Pro-OH	C1CC(N(C1)C(=O)C(CCC(=O)O)NC(=O)C2CCC(=O)N2)C(=O)O	0.858	Amino acids and Peptides	Dipeptides	Carboxylic acids and derivatives	2761.0	940	EB-MSV000090464-gnps_ms2	transferred	2	356.1457	0.8	356.1459	0.791203	0.562	-0.009	1.0	unique	assigned
C27H42N4O9	[M + Na]+	1-[[2-Methyl-4-[[2-methyl-1-(2-prop-2-enoyloxypropoxycarbonylamino)cyclohexyl]methyl]cyclohexyl]carbamoyloxy]propan-2-yl prop-2-enoate	CC1CCCCC1(CC2CCC(C(C2)C)NC(=O)OCC(C)OC(=O)C=C)NC(=O)OCC(C)OC(=O)C=C	0.018	Amino acids and Peptides	Tripeptides	Carboxylic acids and derivatives	1647.0	941	EB-MSV000090464-gnps_ms2	transferred	2	589.2833	0.8	589.2841	0.800391	1.358	0.0	0.9639	unique	assigned
C21H35N5O8	[M + H]+	H-Ala-Pro-Glu-Ala-Val-OH	CC(C)C(C(=O)O)NC(=O)C(C)NC(=O)C(CCC(=O)O)NC(=O)C1CCCN1C(=O)C(C)N	0.204	Amino acids and Peptides	Tripeptides	Carboxylic acids and derivatives		947	EB-MSV000090464-gnps_ms2	transferred	2	486.2564	0.8							low_cosine
C16H28N4O5	[M + H]+	5-Amino-2-[[3-methyl-2-(pyrrolidine-2-carbonylamino)pentanoyl]amino]-5-oxopentanoic acid	CCC(C)C(C(=O)NC(CCC(=O)N)C(=O)O)NC(=O)C1CCCN1	0.321	Amino acids and Peptides	Tripeptides	Carboxylic acids and derivatives		948	EB-MSV000090464-gnps_ms2	transferred	2	357.2127	0.81							low_cosine
C12H16N2O4	[M + H]+	2-(2-amino-3-hydroxypropanamido)-3-phenylpropanoic acid	C1=CC=C(C=C1)CC(C(=O)O)NC(=O)C(CO)N	0.996	Amino acids and Peptides	Dipeptides	Carboxylic acids and derivatives	852.0	953	EB-MSV000090464-gnps_ms2	transferred	5	253.1186	0.81	253.1184	0.813	-0.79	0.003	1.0	unique	assigned
C10H17N3O4	[M + H]+		C1CC(NC1)C(=O)NC(CCC(=O)N)C(=O)O	0.981	Amino acids and Peptides	Dipeptides	Carboxylic acids and derivatives		954	EB-MSV000090464-gnps_ms2	transferred	3	244.1296	0.81							low_cosine
C20H31N3O6	[M + K]+	N-(3-Phenylpropanoyl)-L-Phe-L-Gln-OH	C1=CC=C(C=C1)CCC(=O)NC(CC2=CC=CC=C2)C(=O)NC(CCC(=O)N)C(=O)O	0.174	Amino acids and Peptides	Dipeptides	Carboxylic acids and derivatives	1400.0	955	EB-MSV000090464-gnps_ms2	transferred	1	448.1826	0.81	448.1822	0.812719	-0.892	0.003	1.0	unique	assigned
C30H45ClN8O8	[M + H]+	Z-Ile-Glu-Pro-Phe-CO2Me	CCC(C)C(C(=O)NC(CCC(=O)O)C(=O)N1CCCC1C(=O)NC(CC2=CC=CC=C2)C(=O)C(=O)OC)NC(=O)OCC3=CC=CC=C3	0.261	Amino acids and Peptides	Depsipeptides	Carboxylic acids and derivatives	8577.0	956	EB-MSV000090464-gnps_ms2	transferred	1	681.3169	0.82	681.3186	0.554546	2.495	-0.265	0.9098	unique	assigned
C17H28N6O5	[M + H]+	H-Gly-DL-His-DL-Leu-DL-Ala-OH	CC(C)CC(C(=O)NC(C)C(=O)O)NC(=O)C(CC1=CN=CN1)NC(=O)CN	0.356	Amino acids and Peptides	Tripeptides	Carboxylic acids and derivatives	320.0	961	EB-MSV000090464-gnps_ms2	transferred	2	397.2192	0.81	397.2185	0.625	-1.762	-0.185	0.9951	unique	assigned
C9H21N5O2	[M + H]+	N~5~-[N-(3-aminopropyl)carbamimidoyl]-L-ornithine	C(CC(C(=O)O)N)CNC(=NCCCN)N	0.081	Amino acids and Peptides	Dipeptides	Carboxylic acids and derivatives	359.0	963	EB-MSV000090464-gnps_ms2	transferred	3	232.1744	0.81	232.1732	0.650333	-5.169	-0.16	0.9998	unique	assigned
C15H27N3O5	[M + H]+	3-Hydroxy-2-[[3-methyl-2-(pyrrolidine-2-carbonylamino)pentanoyl]amino]butanoic acid	CCC(C)C(C(=O)NC(C(C)O)C(=O)O)NC(=O)C1CCCN1	0.533	Amino acids and Peptides	Tripeptides	Carboxylic acids and derivatives	2549.0	964	EB-MSV000090464-gnps_ms2	transferred	2	330.2021	0.81	330.2023	0.827	0.606	0.017	1.0	unique	assigned
C15H25N3O6	[M + H]+	4-Amino-5-[2-[(1-carboxy-2-methylpropyl)carbamoyl]pyrrolidin-1-yl]-5-oxopentanoic acid	CC(C)C(C(=O)O)NC(=O)C1CCCN1C(=O)C(CCC(=O)O)N	0.509	Amino acids and Peptides	Tripeptides	Carboxylic acids and derivatives		965	EB-MSV000090464-gnps_ms2	transferred	2	344.1813	0.8							low_cosine
C38H58Cl2N6O8	[M + H]+	H-Val-Tyr-Ile-His-Pro-Phe-al	CCC(C)C(C(=O)NC(CC1=CN=CN1)C(=O)N2CCCC2C(=O)NC(CC3=CC=CC=C3)C=O)NC(=O)C(CC4=CC=C(C=C4)O)NC(=O)C(C(C)C)N	0.137	Amino acids and Peptides	Cyclic peptides	Carboxylic acids and derivatives	5516.0	966	EB-MSV000090464-gnps_ms2	transferred	2	797.38	0.81	797.3832	0.58	4.013	-0.23	0.9417	ms2_tie	assigned
C21H35N5O9	[M + H]+	Ac-Glu-Val-Glu-Ala-NHMe	CC(C)C(C(=O)NC(CCC(=O)O)C(=O)NC(C)C(=O)NC)NC(=O)C(CCC(=O)O)NC(=O)C	0.378	Amino acids and Peptides	Tripeptides	Carboxylic acids and derivatives	2530.0	967	EB-MSV000090464-gnps_ms2	transferred	3	502.2514	0.83	502.2508	0.858	-1.195	0.028	0.9945	ms2_winner	assigned
C27H43N5O8	[M + Na]+	Leu-Ala-Ile-Tyr-Ser	CCC(C)C(C(=O)NC(CC1=CC=C(C=C1)O)C(=O)NC(CO)C(=O)O)NC(=O)C(C)NC(=O)C(CC(C)C)N	0.381	Amino acids and Peptides	Cyclic peptides	Peptidomimetics	300.0	969	EB-MSV000090464-gnps_ms2	transferred	2	588.2979	0.81	588.2983	0.729579	0.68	-0.08	0.9914	unique	assigned
C31H34N6O8	[M + H]+	Phenylalanyl-tryptophyl-lysyl-threonine	CC(C(C(=O)O)NC(=O)C(CCCCN)NC(=O)C(CC1=CNC2=CC=CC=C21)NC(=O)C(CC3=CC=CC=C3)N)O	0.304	Amino acids and Peptides	Tripeptides	Carboxylic acids and derivatives	1514.0	970	EB-MSV000090464-gnps_ms2	transferred	2	619.2556	0.82	619.2557	0.848119	0.161	0.028	1.0	ms2_tie	assigned
C24H44N6O7	[M + H]+	H-Ser-Gly-Lys(Ac)-Val-Nle-al	CCCCC(C=O)NC(=O)C(C(C)C)NC(=O)C(CCCCNC(=O)C)NC(=O)CNC(=O)C(CO)N	0.285	Amino acids and Peptides	Tripeptides	Carboxylic acids and derivatives	3392.0	973	EB-MSV000090464-gnps_ms2	transferred	4	529.3338	0.82	529.3313	0.854064	-4.723	0.034	0.7484	ms2_tie	assigned
C19H28N6O7	[M + H]+	(2S,3S)-2-[[(2S)-1-[(2S)-2-[[(2S)-2-amino-3-hydroxypropanoyl]amino]-3-methylbutanoyl]pyrrolidine-2-carbonyl]amino]-3-methylpentanoic acid	CCC(C)C(C(=O)O)NC(=O)C1CCCN1C(=O)C(C(C)C)NC(=O)C(CO)N	0.772	Amino acids and Peptides	Tripeptides	Carboxylic acids and derivatives	821.0	977	EB-MSV000090464-gnps_ms2	transferred	1	453.2102	0.82	453.2101	0.811167	-0.221	-0.009	1.0	unique	assigned
C14H25N3O5S	[M + H]+	1-[2-[(2-Amino-3-hydroxybutanoyl)amino]-4-methylsulfanylbutanoyl]pyrrolidine-2-carboxylic acid	CC(C(C(=O)NC(CCSC)C(=O)N1CCCC1C(=O)O)N)O	0.433	Amino acids and Peptides	Dipeptides	Carboxylic acids and derivatives	1531.0	978	EB-MSV000090464-gnps_ms2	transferred	1	348.158	0.82	348.1578	0.827	-0.574	0.007	0.9999	unique	assigned
C11H11NO2	[M + H]+	Methyl Indole-3-Acetate	COC(=O)CC1=CNC2=CC=CC=C21	0.289	Alkaloids	Simple indole alkaloids	Indoles and derivatives	2612.0	987	EB-MSV000090464-gnps_ms2	transferred	2	190.0864	0.83	190.0859	0.8196	-2.63	-0.01	0.9991	unique	assigned
C24H44N6O7	[M + H]+	H-Ser-Gly-Lys(Ac)-Val-Nle-al	CCCCC(C=O)NC(=O)C(C(C)C)NC(=O)C(CCCCNC(=O)C)NC(=O)CNC(=O)C(CO)N	0.303	Amino acids and Peptides	Tripeptides	Carboxylic acids and derivatives	4176.0	988	EB-MSV000090464-gnps_ms2	transferred	4	529.3324	0.84	529.3375	0.794	9.635	-0.046	0.9998	ms2_tie	assigned
C15H26N4O7	[M + H]+	2-[[4-Carboxy-2-[(2,4-diamino-4-oxobutanoyl)amino]butanoyl]amino]-4-methylpentanoic acid	CC(C)CC(C(=O)O)NC(=O)C(CCC(=O)O)NC(=O)C(CC(=O)N)N	0.664	Amino acids and Peptides	Tripeptides	Carboxylic acids and derivatives	1588.0	989	EB-MSV000090464-gnps_ms2	transferred	3	375.1881	0.83	375.1881	0.8275	0.0	-0.002	1.0	ms2_winner	assigned
C31H45N7O7	[M + H]+	H-Pro-Ala-Pro-Phe-Ala-Ala-Ala-al	CC(C=O)NC(=O)C(C)NC(=O)C(C)NC(=O)C(CC1=CC=CC=C1)NC(=O)C2CCCN2C(=O)C(C)NC(=O)C3CCCN3	0.712	Amino acids and Peptides	Tripeptides	Carboxylic acids and derivatives		992	EB-MSV000090464-gnps_ms2	transferred	1	628.3434	0.81							low_cosine
C18H24N4O6	[M + H]+	Tyrosyl-prolyl-glycyl-glycine	C1CC(N(C1)C(=O)C(CC2=CC=C(C=C2)O)N)C(=O)NCC(=O)NCC(=O)O	0.787	Amino acids and Peptides	Tripeptides	Carboxylic acids and derivatives	1244.0	996	EB-MSV000090464-gnps_ms2	transferred	1	393.1767	0.84	393.1767	0.830254	0.0	-0.01	1.0	unique	assigned
C20H36N2O13	[M + H]+	alpha-4-(3-deoxy-L-glycero-tetronoyl)amino-4,6-dideoxy-D-mannose-(1->2)-alpha-4-(3-deoxy-L-glycero-tetronoyl)-amino-4,6-dideoxy-D-mannose	CC1C(C(C(C(O1)O)OC2C(C(C(C(O2)C)NC(=O)C(CCO)O)O)O)O)NC(=O)C(CCO)O	0.684	Carbohydrates	Amino cyclitols	Organooxygen compounds	1367.0	997	EB-MSV000090464-gnps_ms2	transferred	3	513.2304	0.82	513.2321	0.714105	3.312	-0.106	0.9267	ms2_tie	assigned
C21H34N6O9	[M + H]+	(3S)-3-{[(2S)-1-[(2S)-2-(2-aminoacetamido)-4-methylpentanoyl]pyrrolidin-2-yl]formamido}-3-({[(carboxymethyl)carbamoyl]methyl}carbamoyl)propanoic acid	CC(C)CC(C(=O)N1CCCC1C(=O)NC(CC(=O)O)C(=O)NCC(=O)NCC(=O)O)NC(=O)CN	0.399	Amino acids and Peptides	Tripeptides	Carboxylic acids and derivatives	412.0	999	EB-MSV000090464-gnps_ms2	transferred	3	515.245	0.82	515.2448	0.6175	-0.388	-0.202	0.9983	unique	assigned
C10H18FN3O5	[M + H]+	N-(N-Glycylglycyl)-3-phenyl-DL-alanine	C1=CC=C(C=C1)CC(C(=O)O)NC(=O)CNC(=O)CN	0.409	Amino acids and Peptides	Tripeptides	Carboxylic acids and derivatives		1008	EB-MSV000090464-gnps_ms2	transferred	1	280.1292	0.84							low_cosine
C4H4N2O3S	[M + Na]+	4-Methoxy-1,2,5-thiadiazole-3-carboxylic acid	COC1=NSN=C1C(=O)O	0.049	Alkaloids	Imidazole alkaloids	Azoles	2290.0	1013	EB-MSV000090464-gnps_ms2	transferred	2	182.9855	0.83	182.9855	0.573532	0.0	-0.256	0.9953	ms2_tie	assigned
C16H21N3O5	[M + H]+	1-[2-[[2-Amino-3-(4-hydroxyphenyl)propanoyl]amino]acetyl]pyrrolidine-2-carboxylic acid	C1CC(N(C1)C(=O)CNC(=O)C(CC2=CC=C(C=C2)O)N)C(=O)O	0.738	Amino acids and Peptides	Tripeptides	Carboxylic acids and derivatives	306.0	1015	EB-MSV000090464-gnps_ms2	transferred	1	336.1547	0.83	336.1547	0.69889	0.0	-0.131	0.9985	unique	assigned
C25H37N5O6	[M + Na]+	2-{[2-({2-[(3-amino-1,2-dihydroxy-5-methylhexylidene)amino]-1-hydroxy-3-methylbutylidene}amino)-1-hydroxy-3-methylbutylidene]amino}-4-(C-hydroxycarbonimidoyl)butanoic acid	CC(C)CC(C(C(=O)NC(C(C)C)C(=O)NC(C(C)C)C(=O)NC(CCC(=O)N)C(=O)O)O)N	0.12	Amino acids and Peptides	Tripeptides	Carboxylic acids and derivatives	52.0	1018	EB-MSV000090464-gnps_ms2	transferred	3	526.2615	0.83	526.2615	0.637	0.0	-0.193	0.9976	ms2_tie	assigned
C35H56N12O9	[M + H]+	2-[21-benzyl-15-(2-methylpropyl)-2,5,8,14,17,20,23-heptaoxo-6,18-bis(propan-2-yl)-1,4,7,13,16,19,22-heptaazatricyclo[22.3.0.0⁹,¹³]heptacosan-3-yl]acetamide	CC(C)CC1C(=O)N2CCCC2C(=O)NC(C(=O)NC(C(=O)N3CCCC3C(=O)NC(C(=O)NC(C(=O)N1)C(C)C)CC4=CC=CC=C4)CC(=O)N)C(C)C	0.148	Amino acids and Peptides	Linear peptides	Carboxylic acids and derivatives	2368.0	1019	EB-MSV000090464-gnps_ms2	transferred	1	789.4321	0.84	789.4311	0.842	-1.267	0.002	1.0	unique	assigned
C34H54N8O10S	[M + H]+	neurokinin A(4-10)	CC(C)CC(C(=O)NC(CCSC)C(=O)N)NC(=O)CNC(=O)C(C(C)C)NC(=O)C(CC1=CC=CC=C1)NC(=O)C(CO)NC(=O)C(CC(=O)O)N	0.285	Amino acids and Peptides	Cyclic peptides	Carboxylic acids and derivatives	2496.0	1024	EB-MSV000090464-gnps_ms2	transferred	2	767.374	0.85	767.3736	0.907199	-0.521	0.057	0.8771	unique	assigned
C20H33N5O6	[M + H]+	H-DL-Asn-DL-Pro-DL-Pro-DL-Leu-OH	CC(C)CC(C(=O)O)NC(=O)C1CCCN1C(=O)C2CCCN2C(=O)C(CC(=O)N)N	0.199	Amino acids and Peptides	Tripeptides	Carboxylic acids and derivatives		1025	EB-MSV000090464-gnps_ms2	transferred	2	440.2506	0.84							low_cosine
C44H62N12O8	[M + H]+	10''-amino-6''-benzyl-21'',37''-dihydroxy-4''-oxodispiro[bis(cyclopentane)-1,1':2',12''-[35]oxa-[13,14]dithia-[3,9,11]triazapentacyclo[24.11.1.1³,⁶.0²⁷,³⁶.0³⁰,³⁴]nonatriacontane]-1''(38''),9'',26'',28'',36''-pentaen-23''-yl acetate	CC(=O)OC1CCC2=CC(=C(C3=C2C=CC4CCCC4O3)O)CN5CC(CCN=C(NC6(CCCC67CCCC7)SSCCCCCCC(C1)O)N)(CC5=O)CC8=CC=CC=C8	0.033	Amino acids and Peptides	Depsipeptides	Carboxylic acids and derivatives		1026	EB-MSV000090464-gnps_ms2	transferred	2	887.4862	0.84							low_cosine
C19H29N7O5	[M + H]+	H-DL-Ala-DL-Val-DL-Pro-DL-xiIle-NH2	CCC(C)C(C(=O)N)NC(=O)C1CCCN1C(=O)C(C(C)C)NC(=O)C(C)N	0.528	Amino acids and Peptides	Tripeptides	Carboxylic acids and derivatives	680.0	1029	EB-MSV000090464-gnps_ms2	transferred	1	436.2293	0.84	436.2286	0.856	-1.605	0.016	0.9868	unique	assigned
C12H17FN4O3	[M + H]+	cyclo(his-phe)	C1=CC=C(C=C1)CC2C(=O)NC(C(=O)N2)CC3=CN=CN3	0.805	Amino acids and Peptides	Dipeptides	Carboxylic acids and derivatives	1903.0	1030	EB-MSV000090464-gnps_ms2	transferred	2	285.1344	0.84	285.1343	0.852	-0.351	0.012	1.0	unique	assigned
C32H47N7O9	[M + Na]+	H-Ala-Thr-Thr-Thr-Thr-Thr-Thr-OH	CC(C(C(=O)NC(C(C)O)C(=O)NC(C(C)O)C(=O)NC(C(C)O)C(=O)NC(C(C)O)C(=O)NC(C(C)O)C(=O)O)NC(=O)C(C)N)O	0.075	Amino acids and Peptides	Tripeptides	Carboxylic acids and derivatives	6158.0	1032	EB-MSV000090464-gnps_ms2	transferred	2	696.331	0.84	696.3324	0.84	2.011	0.0	1.0	ms2_winner	assigned
C21H31N5O7	[M + H]+	H-DL-xiThr-DL-Pro-DL-Leu-DL-Asn-OH	CC(C)CC(C(=O)NC(CC(=O)N)C(=O)O)NC(=O)C1CCCN1C(=O)C(C(C)O)N	0.41	Amino acids and Peptides	Tripeptides	Carboxylic acids and derivatives	1951.0	1036	EB-MSV000090464-gnps_ms2	transferred	4	466.2271	0.84	466.2272	0.856	0.214	0.016	0.7587	ms2_winner	assigned
C15H27N3O6	[M + H]+	4-[(2-Amino-3-methylbutanoyl)amino]-5-[(1-carboxy-2-methylpropyl)amino]-5-oxopentanoic acid	CC(C)C(C(=O)NC(CCC(=O)O)C(=O)NC(C(C)C)C(=O)O)N	0.272	Amino acids and Peptides	Tripeptides	Carboxylic acids and derivatives	284.0	1039	EB-MSV000090464-gnps_ms2	transferred	3	346.1984	0.85	346.1979	0.86	-1.444	0.01	1.0	ms2_winner	assigned
C17H27N5O4	[M + H]+	1-[2-[(2-amino-3-methylpentanoyl)amino]-3-(1H-imidazol-5-yl)propanoyl]pyrrolidine-2-carboxylic acid	CCC(C)C(C(=O)NC(CC1=CN=CN1)C(=O)N2CCCC2C(=O)O)N	0.694	Amino acids and Peptides	Tripeptides	Carboxylic acids and derivatives	15670.0	1040	EB-MSV000090464-gnps_ms2	transferred	3	366.213	0.84	366.213	0.953	0.0	0.113	0.9959	ms2_tie	assigned
C20H36N4O5S	[M + H]+	1-(4-methyl-2-{[3-oxo-2-(propan-2-yl)-1,2,3,4-tetrahydroquinoxaline-1-carbonyl]amino}pentanoyl)pyrrolidine-2-carboxylic acid	CC(C)CC(C(=O)N1CCCC1C(=O)O)NC(=O)N2C(C(=O)NC3=CC=CC=C32)C(C)C	0.316	Amino acids and Peptides	Tripeptides	Carboxylic acids and derivatives	289.0	1042	EB-MSV000090464-gnps_ms2	transferred	3	445.2501	0.85	445.2501	0.856	0.0	0.006	1.0	ms2_winner	assigned
C15H25N3O5	[M + H]+	(2S)-1-[(2S)-2-[[(2S)-2-acetamidopropanoyl]amino]-3-methylbutanoyl]pyrrolidine-2-carboxylic acid	CC(C)C(C(=O)N1CCCC1C(=O)O)NC(=O)C(C)NC(=O)C	0.349	Amino acids and Peptides	Tripeptides	Carboxylic acids and derivatives	4259.0	1043	EB-MSV000090464-gnps_ms2	transferred	3	328.188	0.85	328.1878	0.854038	-0.609	0.004	0.9893	unique	assigned
C16H31N9O6	[M + H]+	Unk-Leu-Val-Glu-OH	CCC(C(=O)NC(CC(C)C)C(=O)NC(C(C)C)C(=O)NC(CCC(=O)O)C(=O)O)O	0.931	Amino acids and Peptides	Tripeptides	Carboxylic acids and derivatives	1435.0	1051	EB-MSV000090464-gnps_ms2	transferred	3	446.2502	0.85	446.2502	0.845	0.0	-0.005	1.0	unique	assigned
C17H22N4O2	[M + H]+	5-[3-(3-Methyldiazirin-3-yl)propanoylamino]-N-pent-4-ynylpentanamide	CC1(N=N1)CCC(=O)NCCCCC(=O)NCCCC#C	0.2	Amino acids and Peptides	Dipeptides	Carboxylic acids and derivatives	4083.0	1061	EB-MSV000090464-gnps_ms2	transferred	2	315.1811	0.84	315.1813	0.769768	0.635	-0.07	1.0	unique	assigned
C21H30N6O7	[M + H]+	H-Ser-Phe-Ala-Asn-Gly-al	CC(C(=O)NC(CC(=O)N)C(=O)NCC=O)NC(=O)C(CC1=CC=CC=C1)NC(=O)C(CO)N	0.355	Amino acids and Peptides	Tripeptides	Carboxylic acids and derivatives	2366.0	1062	EB-MSV000090464-gnps_ms2	transferred	3	479.2247	0.86	479.2249	0.825442	0.417	-0.035	1.0	unique	assigned
C19H33N5O7	[M + H]+	H-DL-xiThr-DL-Pro-DL-Leu-DL-Asn-OH	CC(C)CC(C(=O)NC(CC(=O)N)C(=O)O)NC(=O)C1CCCN1C(=O)C(C(C)O)N	0.926	Amino acids and Peptides	Tripeptides	Carboxylic acids and derivatives	48.0	1065	EB-MSV000090464-gnps_ms2	transferred	3	444.2447	0.86	444.2448	0.856	0.225	-0.004	1.0	ms2_tie	assigned
C32H53N5O10	[M + Na]+	2-({1-[2-({1-[2-(2-amino-3-methylbutanamido)-4-methylpentanoyl]pyrrolidin-2-yl}formamido)-3-methylbutanoyl]pyrrolidin-2-yl}formamido)-4-carbamoylbutanoic acid	CC(C)CC(C(=O)N1CCCC1C(=O)NC(C(C)C)C(=O)N2CCCC2C(=O)NC(CCC(=O)N)C(=O)O)NC(=O)C(C(C)C)N	0.304	Amino acids and Peptides	Tripeptides	Carboxylic acids and derivatives	600.0	1068	EB-MSV000090464-gnps_ms2	transferred	4	690.3665	0.85	690.3715	0.811316	7.243	-0.039	0.7564	ms2_tie	assigned
C34H52N6O6	[M + K]+	Similanamide	CC1C(=O)NC(C(=O)NC(C(=O)NC2=CC=CC=C2C(=O)N3CCCCC3C(=O)N(C(C(=O)N1)CC(C)C)C)C(C)C)CC(C)C	0.17	Amino acids and Peptides	Tripeptides	Carboxylic acids and derivatives	110.0	1070	EB-MSV000090464-gnps_ms2	transferred	3	679.3559	0.85	679.3564	0.826703	0.736	-0.023	0.9998	ms2_tie	assigned
C21H35N5O9	[M + H]+	Ac-Glu-Val-Glu-Ala-NHMe	CC(C)C(C(=O)NC(CCC(=O)O)C(=O)NC(C)C(=O)NC)NC(=O)C(CCC(=O)O)NC(=O)C	0.411	Amino acids and Peptides	Tripeptides	Carboxylic acids and derivatives	2530.0	1072	EB-MSV000090464-gnps_ms2	transferred	3	502.2511	0.86	502.2508	0.858	-0.597	-0.002	1.0	ms2_winner	assigned
C18H30N4O8	[M + H]+	N-[1,3-dihydroxy-2-(hydroxymethyl)-1,1,3,3-tetratritiopropan-2-yl]-2-[[1-[[1,3-dihydroxy-2-(hydroxymethyl)-1,1,3,3-tetratritiopropan-2-yl]amino]-2-methyl-1-oxopropan-2-yl]diazenyl]-2-methylpropanamide	CC(C)(C(=O)NC(CO)(CO)CO)N=NC(C)(C)C(=O)NC(CO)(CO)CO	0.068	Amino acids and Peptides	Tripeptides	Carboxylic acids and derivatives		1074	EB-MSV000090464-gnps_ms2	transferred	2	431.2128	0.86							low_cosine
C10H14N2O3	[M + H]+	2-[(2-amino-1-hydroxyethylidene)amino]-3-methylpentanoic acid	CCC(C)C(C(=O)O)NC(=O)CN	0.35	Amino acids and Peptides	Dipeptides	Carboxylic acids and derivatives	1673.0	1075	EB-MSV000090464-gnps_ms2	transferred	2	211.1074	0.86	211.1076	0.699277	0.947	-0.161	0.9996	ms2_tie	assigned
C10H21N7O4	[M + H]+	Cyclo(Arg-Phe)	C1=CC=C(C=C1)CC2C(=O)NC(C(=O)N2)CCCN=C(N)N	0.456	Amino acids and Peptides	Dipeptides	Carboxylic acids and derivatives	2639.0	1084	EB-MSV000090464-gnps_ms2	transferred	1	304.176	0.86	304.1768	0.854	2.63	-0.006	1.0	unique	assigned
C38H58Cl2N6O8	[M + H]+	H-Val-Tyr-Ile-His-Pro-Phe-al	CCC(C)C(C(=O)NC(CC1=CN=CN1)C(=O)N2CCCC2C(=O)NC(CC3=CC=CC=C3)C=O)NC(=O)C(CC4=CC=C(C=C4)O)NC(=O)C(C(C)C)N	0.173	Amino acids and Peptides	Cyclic peptides	Carboxylic acids and derivatives	4796.0	1086	EB-MSV000090464-gnps_ms2	transferred	3	797.379	0.86	797.3809	0.7935	2.383	-0.067	1.0	ms2_tie	assigned
C15H27N3O5	[M + H]+	2-[[1-(2-Amino-3-methylpentanoyl)pyrrolidine-2-carbonyl]amino]-3-hydroxybutanoic acid	CCC(C)C(C(=O)N1CCCC1C(=O)NC(C(C)O)C(=O)O)N	0.757	Amino acids and Peptides	Dipeptides	Carboxylic acids and derivatives	2549.0	1091	EB-MSV000090464-gnps_ms2	transferred	2	330.2023	0.85	330.2023	0.827	0.0	-0.023	0.9426	unique	assigned
C46H54N6O8	[M + H]+	2-[21-benzyl-18-(butan-2-yl)-15-(2-methylpropyl)-2,5,8,14,17,20,23-heptaoxo-6-(propan-2-yl)-1,4,7,13,16,19,22-heptaazatricyclo[22.3.0.0⁹,¹³]heptacosan-3-yl]acetamide	CCC(C)C1C(=O)NC(C(=O)N2CCCC2C(=O)NC(C(=O)NC(C(=O)N3CCCC3C(=O)NC(C(=O)N1)CC4=CC=CC=C4)CC(=O)N)C(C)C)CC(C)C	0.258	Amino acids and Peptides	Linear peptides	Carboxylic acids and derivatives	1596.0	1095	EB-MSV000090464-gnps_ms2	transferred	2	819.4068	0.87	819.4062	0.875	-0.732	0.005	0.9987	unique	assigned
C19H29N7O5	[M + H]+	H-DL-Ala-DL-Val-DL-Pro-DL-xiIle-NH2	CCC(C)C(C(=O)N)NC(=O)C1CCCN1C(=O)C(C(C)C)NC(=O)C(C)N	0.299	Amino acids and Peptides	Tripeptides	Carboxylic acids and derivatives	680.0	1101	EB-MSV000090464-gnps_ms2	transferred	1	436.2292	0.88	436.2286	0.856	-1.375	-0.024	0.8811	unique	assigned
C29H46N4O16	[M + H]+	Suc-L-Ala-L-Tyr-L-Leu-L-Val-pNA	CC(C)CC(C(=O)NC(C(C)C)C(=O)NC1=CC=C(C=C1)[N+](=O)[O-])NC(=O)C(CC2=CC=C(C=C2)O)NC(=O)C(C)NC(=O)CCC(=O)O	0.083	Amino acids and Peptides	Cyclic peptides	Carboxylic acids and derivatives	5975.0	1102	EB-MSV000090464-gnps_ms2	transferred	1	707.2948	0.87	707.2942	0.884	-0.848	0.014	1.0	unique	assigned
C13H23N3O6	[M + H]+	2-[[2-[(2-Aminoacetyl)amino]-4-carboxybutanoyl]amino]-4-methylpentanoic acid	CC(C)CC(C(=O)O)NC(=O)C(CCC(=O)O)NC(=O)CN	0.698	Amino acids and Peptides	Tripeptides	Carboxylic acids and derivatives		1103	EB-MSV000090464-gnps_ms2	transferred	4	318.1668	0.87							low_cosine
C15H23N3O7	[M + H]+	2-[[2-[(2-Azaniumyl-4-oxopentanoyl)amino]-4-oxopentanoyl]amino]-4-oxopentanoate	CC(=O)CC(C(=O)NC(CC(=O)C)C(=O)NC(CC(=O)C)C(=O)O)N	0.19	Amino acids and Peptides	Tripeptides	Carboxylic acids and derivatives	2590.0	1111	EB-MSV000090464-gnps_ms2	transferred	2	358.1622	0.88	358.162	0.876676	-0.558	-0.003	1.0	ms2_winner	assigned
C41H54N8O9	[M + H]+	N-{3-[15-(2-methanesulfinylethyl)-21-methyl-12-(2-methylpropyl)-2,8,11,14,17,20,23-heptaoxo-18-(propan-2-yl)-1,7,10,13,16,19,22-heptaazatricyclo[22.3.0.0³,⁷]heptacosan-9-yl]propyl}guanidine	CC1C(=O)NC(C(=O)NC(C(=O)NC(C(=O)NC(C(=O)N2CCCC2C(=O)N3CCCC3C(=O)N1)CCCN=C(N)N)CC(C)C)CCS(=O)C)C(C)C	0.342	Amino acids and Peptides	RiPPs	Carboxylic acids and derivatives	4463.0	1112	EB-MSV000090464-gnps_ms2	transferred	2	803.4162	0.89	803.4146	0.892	-1.991	0.002	1.0	unique	assigned
C46H60N6O12	[M + K]+	Neurokinin B (4-10), beta-asp(4)-Me-phe(7)-	CC(C)CC(C(=O)NC(CCSC)C(=O)N(C(=O)CC(C(=O)O)N)C(=O)C(CC1=CC=CC=C1)NC(=O)C(CC2=CC=CC=C2)N)NC(=O)CNC(=O)C(CC3=CC=CC=C3)NC	0.139	Amino acids and Peptides	RiPPs	Carboxylic acids and derivatives	6203.0	1113	EB-MSV000090464-gnps_ms2	transferred	2	927.3908	0.88	927.3912	0.889035	0.431	0.009	1.0	unique	assigned
C15H25N3O8	[M + H]+	2-[[2-[(2-Amino-4-carboxybutanoyl)amino]-3-carboxypropanoyl]amino]-4-methylpentanoic acid	CC(C)CC(C(=O)O)NC(=O)C(CC(=O)O)NC(=O)C(CCC(=O)O)N	0.642	Amino acids and Peptides	Tripeptides	Carboxylic acids and derivatives	183.0	1115	EB-MSV000090464-gnps_ms2	transferred	3	376.1722	0.88	376.1725	0.887195	0.798	0.007	0.9992	ms2_winner	assigned
C15H25N5O4	[M + H]+	(2S)-2-[[(2S,3S)-2-[[(2S)-2-azaniumyl-3-(1H-imidazol-5-yl)propanoyl]amino]-3-methylpentanoyl]amino]propanoate	CCC(C)C(C(=O)NC(C)C(=O)O)NC(=O)C(CC1=CN=CN1)N	0.405	Amino acids and Peptides	Tripeptides	Carboxylic acids and derivatives	1044.0	1116	EB-MSV000090464-gnps_ms2	transferred	1	340.1979	0.86	340.1975	0.623	-1.176	-0.237	0.9563	unique	assigned
C14H20N4O3	[M + H]+	(2R)-2-(dicyclopropylmethylcarbamoylamino)-3-(1H-imidazol-5-yl)propanoic acid	C1CC1C(C2CC2)NC(=O)NC(CC3=CN=CN3)C(=O)O	0.267	Amino acids and Peptides	Dipeptides	Carboxylic acids and derivatives	3109.0	1118	EB-MSV000090464-gnps_ms2	transferred	3	293.1614	0.88	293.1611	0.886457	-1.023	0.006	1.0	unique	assigned
C27H44NO10P	[M + H]+	2-amino-3-[[2-[(4Z,7Z,10Z,13Z)-hexadeca-4,7,10,13-tetraenoyl]oxy-3-pentanoyloxypropoxy]-hydroxyphosphoryl]oxypropanoic acid	CCCCC(=O)OCC(COP(=O)(O)OCC(C(=O)O)N)OC(=O)CCC=CCC=CCC=CCC=CCC	0.024	Fatty acids	Oxidized glycerophospholipids	Glycerophospholipids	2215.0	1124	EB-MSV000090464-gnps_ms2	transferred	2	574.2814	0.88	574.2814	0.887527	0.0	0.008	0.9999	unique	assigned
C44H62N12O8	[M + H]+	28-31	CCCC1C(C(=O)OC(C(=O)N(C(C(=O)NC(C(=O)NC(C(=O)N(C(C(=O)NC(C(=O)N1)C)CC(C)C)C)CC2=CC=CC=C2)CCSC)CC3=CC=CC=C3)C)C(C)C)C	0.156	Amino acids and Peptides	Depsipeptides	Peptidomimetics	1373.0	1127	EB-MSV000090464-gnps_ms2	transferred	3	887.4812	0.88	887.478	0.855	-3.606	-0.025	1.0	ms2_tie	assigned
C11H20N2O3	[M + H]+	1-(2-amino-4-methylpentanoyl)pyrrolidine-2-carboxylic acid	CC(C)CC(C(=O)N1CCCC1C(=O)O)N	0.846	Amino acids and Peptides	Dipeptides	Carboxylic acids and derivatives	280.0	1128	EB-MSV000090464-gnps_ms2	transferred	3	229.1545	0.88	229.1546	0.950903	0.436	0.071	0.9371	ms2_winner	assigned
C10H17N3O4	[M + H]+		C1CC(NC1)C(=O)NC(CCC(=O)N)C(=O)O	0.997	Amino acids and Peptides	Dipeptides	Carboxylic acids and derivatives	754.0	1130	EB-MSV000090464-gnps_ms2	transferred	4	244.1296	0.89	244.1299	0.895	1.229	0.005	0.9999	ms2_winner	assigned
C49H66N6O16	[M + H]+	H-Leu-Phe-Gly-Tyr-Pro-Val-Tyr-Val-OH	CC(C)CC(C(=O)NC(CC1=CC=CC=C1)C(=O)NCC(=O)NC(CC2=CC=C(C=C2)O)C(=O)N3CCCC3C(=O)NC(C(C)C)C(=O)NC(CC4=CC=C(C=C4)O)C(=O)NC(C(C)C)C(=O)O)N	0.419	Amino acids and Peptides	Cyclic peptides	Carboxylic acids and derivatives	3789.0	1133	EB-MSV000090464-gnps_ms2	transferred	1	995.4663	0.89	995.4671	0.889	0.804	-0.001	1.0	unique	assigned
C45H61N9O12	[M + H]+	H-Ser-Leu-Ser-Gln-Ser-Leu-Ser-Gln-Ser-al	CC(C)CC(C(=O)NC(CO)C(=O)NC(CCC(=O)N)C(=O)NC(CO)C(=O)NC(CC(C)C)C(=O)NC(CO)C(=O)NC(CCC(=O)N)C(=O)NC(CO)C=O)NC(=O)C(CO)N	0.117	Amino acids and Peptides	Cyclic peptides	Carboxylic acids and derivatives	4983.0	1138	EB-MSV000090464-gnps_ms2	transferred	2	920.455	0.89	920.4529	0.891446	-2.281	0.001	0.9999	unique	assigned
C10H18N2O5	[M + H]+	2-(2-amino-3-carboxypropanamido)-4-methylpentanoic acid	CC(C)CC(C(=O)O)NC(=O)C(CC(=O)O)N	0.952	Amino acids and Peptides	Dipeptides	Carboxylic acids and derivatives	462.0	1143	EB-MSV000090464-gnps_ms2	transferred	3	247.1292	0.89	247.1289	0.578019	-1.214	-0.312	0.7973	ms2_winner	assigned
C18H24N4O6	[M + H]+	Tyrosyl-prolyl-glycyl-glycine	C1CC(N(C1)C(=O)C(CC2=CC=C(C=C2)O)N)C(=O)NCC(=O)NCC(=O)O	0.754	Amino acids and Peptides	Tripeptides	Carboxylic acids and derivatives	1244.0	1144	EB-MSV000090464-gnps_ms2	transferred	1	393.1766	0.87	393.1767	0.830254	0.254	-0.04	0.9781	unique	assigned
C27H36N4O7	[M + H]+	Leukotriene D-4 sulfone	CCCCCC=CCC=CC=CC=CC(C(CCCC(=O)O)O)S(=O)(=O)CC(C(=O)NCC(=O)O)N	0.094	Amino acids and Peptides	Aminoglycosides	Carboxylic acids and derivatives	1831.0	1145	EB-MSV000090464-gnps_ms2	transferred	4	529.2626	0.89	529.262	0.894982	-1.134	0.005	1.0	ms2_winner	assigned
C8H15FN2O4	[M + H]+	Gf Zwitterion	C1=CC=C(C=C1)CC(C(=O)O)NC(=O)CN	0.943	Amino acids and Peptides	Dipeptides	Carboxylic acids and derivatives	879.0	1148	EB-MSV000090464-gnps_ms2	transferred	2	223.1078	0.89	223.1079	0.902154	0.448	0.012	1.0	ms2_winner	assigned
C44H62N12O8	[M + H]+	2-({[3-benzyl-12-(butan-2-yl)-9-[2-(4-hydroxyphenyl)ethyl]-6,7-dimethyl-2,5,8,11,14-pentaoxo-1,4,7,10,13-pentaazacyclononadecan-15-yl]carbamoyl}amino)-6-carbamimidamidohexanoic acid	CCC(C)C1C(=O)NC(C(=O)N(C(C(=O)NC(C(=O)NCCCCC(C(=O)N1)NC(=O)NC(CCCCN=C(N)N)C(=O)O)CC2=CC=CC=C2)C)C)CCC3=CC=C(C=C3)O	0.175	Amino acids and Peptides	Linear peptides	Carboxylic acids and derivatives	3408.0	1165	EB-MSV000090464-gnps_ms2	transferred	4	887.4851	0.89	887.4907	0.837713	6.31	-0.052	0.9998	ms2_tie	assigned
C27H42N4O9	[M + Na]+	His-Lys-Trp-Pro	C1CC(N(C1)C(=O)C(CC2=CNC3=CC=CC=C32)NC(=O)C(CCCCN)NC(=O)C(CC4=CN=CN4)N)C(=O)O	0.329	Amino acids and Peptides	Cyclic peptides	Carboxylic acids and derivatives	1647.0	1168	EB-MSV000090464-gnps_ms2	transferred	3	589.2832	0.9	589.2841	0.800391	1.527	-0.1	0.9416	unique	assigned
C44H66N6O12	[M + H]+	H-His-Arg-Phe-Leu-Arg-His-al	CC(C)CC(C(=O)NC(CCCN=C(N)N)C(=O)NC(CC1=CN=CN1)C=O)NC(=O)C(CC2=CC=CC=C2)NC(=O)C(CCCN=C(N)N)NC(=O)C(CC3=CN=CN3)N	0.156	Amino acids and Peptides	Linear peptides	Carboxylic acids and derivatives	2941.0	1174	EB-MSV000090464-gnps_ms2	transferred	1	871.4852	0.9	871.4857	0.908	0.574	0.008	1.0	unique	assigned
C23H40N6O9	[M + H]+	(4R)-2,2-difluoro-3-hydroxy-N,6-dimethyl-4-[[(2S)-3-methyl-2-[[(2S)-3-methyl-2-(3-methylbutanoylamino)butanoyl]amino]butanoyl]amino]heptanamide	CC(C)CC(C(C(C(=O)NC)(F)F)O)NC(=O)C(C(C)C)NC(=O)C(C(C)C)NC(=O)CC(C)C	0.266	Amino acids and Peptides	Tripeptides	Carboxylic acids and derivatives	286.0	1176	EB-MSV000090464-gnps_ms2	transferred	1	545.2949	0.91	545.2946	0.920441	-0.55	0.01	1.0	unique	assigned
C14H27N3O4	[M + H]+	2-[2-[(2-Amino-3-methylpentanoyl)amino]propanoylamino]-3-methylbutanoic acid	CCC(C)C(C(=O)NC(C)C(=O)NC(C(C)C)C(=O)O)N	0.287	Amino acids and Peptides	Tripeptides	Carboxylic acids and derivatives	2017.0	1178	EB-MSV000090464-gnps_ms2	transferred	2	302.2082	0.9	302.2084	0.72461	0.662	-0.175	0.9779	unique	assigned
C24H45N7O8	[M + Na]+	namalide d	CCC(C)C1C(=O)NC(C(=O)NCCCCC(C(=O)N1)NC(=O)NC(C(C)CC)C(=O)O)CCC2=CC=CC=C2	0.364	Amino acids and Peptides	Cyclic peptides	Carboxylic acids and derivatives	95.0	1184	EB-MSV000090464-gnps_ms2	transferred	2	582.3273	0.9	582.3278	0.623487	0.859	-0.277	0.9998	ms2_tie	assigned
C12H21N3O6	[M + H]+	2-[[2-[(2-Amino-3-carboxypropanoyl)amino]acetyl]amino]-4-methylpentanoic acid	CC(C)CC(C(=O)O)NC(=O)CNC(=O)C(CC(=O)O)N	0.592	Amino acids and Peptides	Tripeptides	Carboxylic acids and derivatives	2094.0	1187	EB-MSV000090464-gnps_ms2	transferred	3	304.1514	0.91	304.1516	0.906516	0.658	-0.003	0.9981	unique	assigned
C19H31N5O8	[M + H]+	Formyl-methylhomoseryl-leucyl-phenylalanine methyl ester	CC(C)CC(C(=O)NC(CC1=CC=CC=C1)C(=O)OC)NC(=O)C(CCOC)NC=O	0.125	Amino acids and Peptides	Tripeptides	Carboxylic acids and derivatives	2996.0	1193	EB-MSV000090464-gnps_ms2	transferred	4	458.2274	0.92	458.2248	0.732	-5.674	-0.188	0.883	unique	assigned
C4H4N2O3S	[M + Na]+	4-Methoxy-1,2,5-thiadiazole-3-carboxylic acid	COC1=NSN=C1C(=O)O	0.049	Alkaloids	Imidazole alkaloids	Azoles		1196	EB-MSV000090464-gnps_ms2	transferred	2	182.9856	0.92							low_cosine
C43H66N8O10	[M + H]+	Alamandine	CCC(C)C(C(=O)NC(CC1=CN=CN1)C(=O)N2CCCC2C(=O)O)NC(=O)C(CC3=CC=C(C=C3)O)NC(=O)C(C(C)C)NC(=O)C(CCCN=C(N)N)NC(=O)C(C)N	0.165	Amino acids and Peptides	Linear peptides	Carboxylic acids and derivatives	2620.0	1200	EB-MSV000090464-gnps_ms2	transferred	1	855.4938	0.92	855.4941	0.923366	0.351	0.003	0.9992	unique	assigned
C21H35N5O8	[M + H]+	H-Ala-Pro-Glu-Ala-Val-OH	CC(C)C(C(=O)O)NC(=O)C(C)NC(=O)C(CCC(=O)O)NC(=O)C1CCCN1C(=O)C(C)N	0.776	Amino acids and Peptides	Tripeptides	Carboxylic acids and derivatives		1201	EB-MSV000090464-gnps_ms2	transferred	3	486.2564	0.91							low_cosine
C21H31N5O6	[M + H]+	H-Ala-Tyr-Ala-Ala-Ala-al	CC(C=O)NC(=O)C(C)NC(=O)C(C)NC(=O)C(CC1=CC=C(C=C1)O)NC(=O)C(C)N	0.071	Amino acids and Peptides	Tripeptides	Carboxylic acids and derivatives	2042.0	1202	EB-MSV000090464-gnps_ms2	transferred	3	450.2324	0.92	450.2328	0.925466	0.888	0.005	1.0	ms2_tie	assigned
C37H56N6O10	[M + H]+	Des(Diserylglycyl)Ferrirhodin	CC(=CC(=O)N(CCCC(C(=O)NC(CCCN(C(=O)C=C(C)CCO)O)C(=O)NC(CCCN(C(=O)C=C(C)CCO)O)C(=O)O)N)O)CCO	0.193	Amino acids and Peptides	Linear peptides	Carboxylic acids and derivatives	4537.0	1204	EB-MSV000090464-gnps_ms2	transferred	1	745.4069	0.93	745.407	0.924759	0.134	-0.005	0.9996	unique	assigned
C48H66N8O14	[M + H]+	H-Phe-ile-tyr-his-ser-tyr-lys-OH	CCC(C)C(C(=O)NC(CC1=CC=C(C=C1)O)C(=O)NC(CC2=CN=CN2)C(=O)NC(CO)C(=O)NC(CC3=CC=C(C=C3)O)C(=O)NC(CCCCN)C(=O)O)NC(=O)C(CC4=CC=CC=C4)N	0.071	Amino acids and Peptides	Linear peptides	Polypeptides	3346.0	1205	EB-MSV000090464-gnps_ms2	transferred	1	979.4717	0.92	979.4724	0.925355	0.715	0.005	1.0	unique	assigned
C20H35N3O7	[M + H]+	2-({4-[(2-{[(tert-butoxy)carbonyl]amino}propanamido)methyl]cyclohexyl}formamido)-3-hydroxybutanoic acid	CC(C(C(=O)O)NC(=O)C1CCC(CC1)CNC(=O)C(C)NC(=O)OC(C)(C)C)O	0.064	Amino acids and Peptides	Dipeptides	Carboxylic acids and derivatives	1706.0	1209	EB-MSV000090464-gnps_ms2	transferred	2	430.2551	0.92	430.2551	0.927671	0.0	0.008	1.0	unique	assigned
C21H20ClN5O6	[M + H]+	3-(2,5-dioxo-2,3,4,5-tetrahydro-1H-1,4-benzodiazepin-3-yl)-N-[2-(3-hydroxy-2-oxo-1,2-dihydroquinoxalin-1-yl)ethyl]propanamide	C1=CC=C2C(=C1)C(=O)NC(C(=O)N2)CCC(=O)NCCN3C4=CC=CC=C4NC(=O)C3=O	0.231	Amino acids and Peptides	Dipeptides	Carboxylic acids and derivatives	4859.0	1213	EB-MSV000090464-gnps_ms2	transferred	2	474.117	0.93	474.1169	0.909128	-0.211	-0.021	0.9999	ms2_tie	assigned
C29H33N3O8	[M + H]+	N-[6-({5-formamido-2-[(5-formamido-4-hydroxy-2-methoxy-6-methyloxan-3-yl)oxy]-4-hydroxy-6-methyloxan-3-yl}oxy)-4,5-dihydroxy-2-methyloxan-3-yl]formamide	CC1C(C(C(C(O1)OC2C(C(C(OC2OC3C(C(C(OC3OC)C)NC=O)O)C)NC=O)O)O)O)NC=O	0.014	Amino acids and Peptides	Tripeptides	Carboxylic acids and derivatives	272.0	1218	EB-MSV000090464-gnps_ms2	transferred	2	552.2323	0.93	552.2321	0.926906	-0.362	-0.003	1.0	ms2_tie	assigned
C17H27N5O4	[M + H]+	1-[2-[(2-amino-3-methylpentanoyl)amino]-3-(1H-imidazol-5-yl)propanoyl]pyrrolidine-2-carboxylic acid	CCC(C)C(C(=O)NC(CC1=CN=CN1)C(=O)N2CCCC2C(=O)O)N	0.711	Amino acids and Peptides	Tripeptides	Carboxylic acids and derivatives	15670.0	1219	EB-MSV000090464-gnps_ms2	transferred	3	366.2131	0.92	366.213	0.953	-0.273	0.033	0.9965	ms2_tie	assigned
C20H38N6O5	[M + Na]+	Leupeptin Acid	CC(C)CC(C(=O)NC(CC(C)C)C(=O)NC(CCCN=C(N)N)C(=O)O)NC(=O)C	0.409	Amino acids and Peptides	Tripeptides	Carboxylic acids and derivatives	3843.0	1220	EB-MSV000090464-gnps_ms2	transferred	1	465.2829	0.92	465.2828	0.934815	-0.215	0.015	1.0	unique	assigned
C33H43FN10O6	[M + H]+	15-[(4-hydroxyphenyl)methyl]-12-(3-methylbutan-2-yl)-6-(2-methylpropyl)-9-(propan-2-yl)-icosahydropyrrolo[1,2-a]1,4,7,10,13,16-hexaazacyclooctadecane-1,4,7,10,13,16-hexone	CC(C)CC1C(=O)NC(C(=O)NC(C(=O)NC(C(=O)N2CCCC2C(=O)NCC(=O)N1)CC3=CC=C(C=C3)O)C(C)C(C)C)C(C)C	0.132	Amino acids and Peptides	Cyclic peptides	Carboxylic acids and derivatives	2090.0	1222	EB-MSV000090464-gnps_ms2	transferred	2	695.3448	0.93	695.3455	0.638	1.007	-0.292	1.0	unique	assigned
C51H50N4O16	[M + H]+	2-({1-[19-amino-13-(butan-2-yl)-10-[2-(C-hydroxycarbonimidoyl)ethyl]-7-[(C-hydroxycarbonimidoyl)methyl]-16-[(4-hydroxyphenyl)methyl]-6,9,12,15,18-pentaoxo-1,2-dithia-5,8,11,14,17-pentaazacyclononadecane-4-carbonyl]pyrrolidin-2-yl}formamido)-4-methylpentanoic acid	CCC(C)C1C(=O)NC(C(=O)NC(C(=O)NC(CSSC(C(=O)NC(C(=O)N1)CC2=CC=C(C=C2)O)N)C(=O)N3CCCC3C(=O)NC(CC(C)C)C(=O)O)CC(=O)N)CCC(=O)N	0.309	Amino acids and Peptides	Cyclic peptides	Carboxylic acids and derivatives	2160.0	1223	EB-MSV000090464-gnps_ms2	transferred	2	975.3411	0.93	975.3382	0.5955	-2.973	-0.335	0.7595	ms2_tie	assigned
C12H23N5O2	[M + H]+	Cyclo(L-Leu-L-Arg)	CC(C)CC1C(=O)NC(C(=O)N1)CCCN=C(N)N	0.533	Amino acids and Peptides	Tripeptides	Carboxylic acids and derivatives		1225	EB-MSV000090464-gnps_ms2	transferred	2	270.1925	0.92							low_cosine
C19H33N5O6	[M + H]+	H-DL-Val-DL-Pro-Gly-DL-Val-Gly-OH	CC(C)C(C(=O)N1CCCC1C(=O)NCC(=O)NC(C(C)C)C(=O)NCC(=O)O)N	0.333	Amino acids and Peptides	Tripeptides	Carboxylic acids and derivatives	58.0	1227	EB-MSV000090464-gnps_ms2	transferred	3	428.2514	0.93	428.2515	0.939803	0.234	0.01	1.0	ms2_winner	assigned
C14H25N3O7	[M + H]+	2-[[2-[(2-Amino-3-carboxypropanoyl)amino]-3-hydroxybutanoyl]amino]-4-methylpentanoic acid	CC(C)CC(C(=O)O)NC(=O)C(C(C)O)NC(=O)C(CC(=O)O)N	0.682	Amino acids and Peptides	Tripeptides	Carboxylic acids and derivatives		1235	EB-MSV000090464-gnps_ms2	transferred	2	348.1766	0.94							low_cosine
C13H23N3O6	[M + H]+	2-[[2-[(2-Amino-4-carboxybutanoyl)amino]acetyl]amino]-4-methylpentanoic acid	CC(C)CC(C(=O)O)NC(=O)CNC(=O)C(CCC(=O)O)N	0.813	Amino acids and Peptides	Tripeptides	Carboxylic acids and derivatives	442.0	1238	EB-MSV000090464-gnps_ms2	transferred	4	318.1665	0.93	318.1661	0.938948	-1.257	0.009	0.9988	ms2_winner	assigned
C16H28N4O7	[M + H]+	H-DL-Glu-DL-Leu-DL-Gln-OH	CC(C)CC(C(=O)NC(CCC(=O)N)C(=O)O)NC(=O)C(CCC(=O)O)N	0.649	Amino acids and Peptides	Tripeptides	Carboxylic acids and derivatives	2395.0	1243	EB-MSV000090464-gnps_ms2	transferred	3	389.203	0.93	389.2026	0.940393	-1.028	0.01	0.9999	ms2_tie	assigned
C22H40N4O6	[M + H]+	Boc-Lys-Val-Pro-OMe	CC(C)C(C(=O)N1CCCC1C(=O)OC)NC(=O)C(CCCCN)NC(=O)OC(C)(C)C	0.087	Amino acids and Peptides	Tripeptides	Carboxylic acids and derivatives	6055.0	1244	EB-MSV000090464-gnps_ms2	transferred	4	457.3009	0.93	457.3006	0.943475	-0.656	0.013	1.0	ms2_winner	assigned
C15H29N3O5	[M + H]+	2-[[2-[(2-Amino-3-methylpentanoyl)amino]-3-methylbutanoyl]amino]-3-hydroxybutanoic acid	CCC(C)C(C(=O)NC(C(C)C)C(=O)NC(C(C)O)C(=O)O)N	0.638	Amino acids and Peptides	Tripeptides	Carboxylic acids and derivatives		1246	EB-MSV000090464-gnps_ms2	transferred	3	332.2175	0.94							low_cosine
C12H16N2O3	[M + H]+	2-(2-azaniumylpropanamido)-3-phenylpropanoate	CC(C(=O)NC(CC1=CC=CC=C1)C(=O)O)N	0.942	Amino acids and Peptides	Dipeptides	Carboxylic acids and derivatives	998.0	1249	EB-MSV000090464-gnps_ms2	transferred	3	237.1236	0.94	237.1244	0.943789	3.374	0.004	1.0	ms2_tie	assigned
C26H50N10O7S	[M + Na]+	Boc-D-Asp(OMe)-Pro-D-Val-Leu-OBn	CC(C)CC(C(=O)OCC1=CC=CC=C1)NC(=O)C(C(C)C)NC(=O)C2CCCN2C(=O)C(CC(=O)OC)NC(=O)OC(C)(C)C	0.336	Amino acids and Peptides	Cyclic peptides	Carboxylic acids and derivatives	1724.0	1252	EB-MSV000090464-gnps_ms2	transferred	2	669.3461	0.95	669.3412	0.949769	-7.321	-0.0	0.9999	ms2_tie	assigned
C21H36N4O7	[M + H]+	benzyl N-[(1S)-3-methyl-1-{[(3S)-5-methyl-2-oxo-1-propoxyhexan-3-yl]carbamoyl}butyl]carbamate	CCCOCC(=O)C(CC(C)C)NC(=O)C(CC(C)C)NC(=O)OCC1=CC=CC=C1	0.152	Amino acids and Peptides	Dipeptides	Carboxylic acids and derivatives	1943.0	1254	EB-MSV000090464-gnps_ms2	transferred	2	457.2656	0.94	457.2682	0.963	5.686	0.023	0.874	unique	assigned
C41H45N7O9	[M + H]+	cyclo[Asp-Gly-Leu-Pro-Pro-Tyr-Val]	CC(C)CC1C(=O)N2CCCC2C(=O)N3CCCC3C(=O)NC(C(=O)NC(C(=O)NC(C(=O)NCC(=O)N1)CC(=O)O)C(C)C)CC4=CC=C(C=C4)O	0.416	Amino acids and Peptides	Tripeptides	Carboxylic acids and derivatives	2597.0	1255	EB-MSV000090464-gnps_ms2	transferred	1	780.3366	0.94	780.3363	0.945974	-0.384	0.006	1.0	unique	assigned
C16H30N4O5	[M + H]+	4-Amino-2-[[2-[(2-amino-3-methylpentanoyl)amino]-4-methylpentanoyl]amino]-4-oxobutanoic acid	CCC(C)C(C(=O)NC(CC(C)C)C(=O)NC(CC(=O)N)C(=O)O)N	0.357	Amino acids and Peptides	Tripeptides	Carboxylic acids and derivatives	2799.0	1257	EB-MSV000090464-gnps_ms2	transferred	3	359.2286	0.96	359.2289	0.767148	0.835	-0.193	1.0	unique	assigned
C7H11FN2O2	[M + H]+	N-[2-(3-fluoropyrrolidin-1-yl)-2-oxoethyl]formamide	C1CN(CC1F)C(=O)CNC=O	0.088	Amino acids and Peptides	Aminoacids	Carboxylic acids and derivatives	4736.0	1261	EB-MSV000090464-gnps_ms2	transferred	3	175.0869	0.93	175.0871	0.903702	1.142	-0.026	1.0	unique	assigned
C20H33N5O6	[M + H]+	H-DL-Asn-DL-Pro-DL-Pro-DL-Leu-OH	CC(C)CC(C(=O)O)NC(=O)C1CCCN1C(=O)C2CCCN2C(=O)C(CC(=O)N)N	0.371	Amino acids and Peptides	Tripeptides	Carboxylic acids and derivatives	10603.0	1264	EB-MSV000090464-gnps_ms2	transferred	3	440.2506	0.94	440.2531	1.410546	5.679	0.471	0.8592	ms2_winner	assigned
C34H46N6O9	[M + H]+	12-benzyl-3,15-bis(1-hydroxyethyl)-6-[(4-hydroxyphenyl)methyl]-9-(2-methylpropyl)-1,4,7,10,13,16-hexaazacyclooctadecane-2,5,8,11,14,17-hexone	CC(C)CC1C(=O)NC(C(=O)NC(C(=O)NCC(=O)NC(C(=O)NC(C(=O)N1)CC2=CC=CC=C2)C(C)O)C(C)O)CC3=CC=C(C=C3)O	0.926	Amino acids and Peptides	Cyclic peptides	Carboxylic acids and derivatives	2626.0	1265	EB-MSV000090464-gnps_ms2	transferred	1	683.3374	0.95	683.3376	0.944274	0.293	-0.006	1.0	unique	assigned
C29H51N9O13	[M + Na]+	N-Acetyl-L-Alpha-Glutamyl-L-Phenylalanyl-L-Glutaminyl-N-[(1s)-4-Amino-1-(2-Carboxyethyl)-4-Oxobutyl]-L-Leucinamide	CC(C)CC(C(=O)NC(CCC(=O)N)CCC(=O)O)NC(=O)C(CCC(=O)N)NC(=O)C(CC1=CC=CC=C1)NC(=O)C(CCC(=O)O)NC(=O)C	0.81	Amino acids and Peptides	Tripeptides	Carboxylic acids and derivatives		1268	EB-MSV000090464-gnps_ms2	transferred	2	756.3548	0.94							low_cosine
C16H29N3O5S	[M + H]+	For-Met-Leu-Aib-OH	CC(C)CC(C(=O)NC(C)(C)C(=O)O)NC(=O)C(CCSC)NC=O	0.515	Amino acids and Peptides	Tripeptides	Carboxylic acids and derivatives	1382.0	1269	EB-MSV000090464-gnps_ms2	transferred	3	376.1915	0.95	376.1897	0.954907	-4.785	0.005	1.0	unique	assigned
C10H19FN2O5	[M + H]+		CC(C(C(=O)NC(CC1=CC=CC=C1)C(=O)O)N)O	0.996	Amino acids and Peptides	Dipeptides	Carboxylic acids and derivatives	1487.0	1271	EB-MSV000090464-gnps_ms2	transferred	5	267.1346	0.95	267.1349	0.953041	1.123	0.003	1.0	unique	assigned
C15H25N3O4	[M + H]+	1-[1-(2-Amino-3-methylbutanoyl)pyrrolidine-2-carbonyl]pyrrolidine-2-carboxylic acid	CC(C)C(C(=O)N1CCCC1C(=O)N2CCCC2C(=O)O)N	0.885	Amino acids and Peptides	Tripeptides	Carboxylic acids and derivatives	6257.0	1274	EB-MSV000090464-gnps_ms2	transferred	2	312.1912	0.95	312.1909	0.949232	-0.961	-0.001	0.9975	ms2_winner	assigned
C4H4N2O3S	[M + Na]+	4-Methoxy-1,2,5-thiadiazole-3-carboxylic acid	COC1=NSN=C1C(=O)O	0.042	Alkaloids	Imidazole alkaloids	Heteroaromatic compounds		1275	EB-MSV000090464-gnps_ms2	transferred	2	182.9856	0.95							low_cosine
C19H29N7O5	[M + H]+	H-DL-Ala-DL-Val-DL-Pro-DL-xiIle-NH2	CCC(C)C(C(=O)N)NC(=O)C1CCCN1C(=O)C(C(C)C)NC(=O)C(C)N	0.612	Amino acids and Peptides	Tripeptides	Carboxylic acids and derivatives	680.0	1277	EB-MSV000090464-gnps_ms2	transferred	1	436.2296	0.94	436.2286	0.856	-2.292	-0.084	0.9577	unique	assigned
C32H47N5O8	[M + H]+	H-Ala-Lys-Ala-Ser-Gln-Ala-Ala-al	CC(C=O)NC(=O)C(C)NC(=O)C(CCC(=O)N)NC(=O)C(CO)NC(=O)C(C)NC(=O)C(CCCCN)NC(=O)C(C)N	0.338	Amino acids and Peptides	Tripeptides	Carboxylic acids and derivatives	1465.0	1288	EB-MSV000090464-gnps_ms2	transferred	2	630.3488	0.96	630.3495	0.959129	1.11	-0.001	0.9938	unique	assigned
C15H26N4O5	[M + H]+	2-[[1-(2,4-Diamino-4-oxobutanoyl)pyrrolidine-2-carbonyl]amino]-4-methylpentanoic acid	CC(C)CC(C(=O)O)NC(=O)C1CCCN1C(=O)C(CC(=O)N)N	0.743	Amino acids and Peptides	Tripeptides	Carboxylic acids and derivatives	3007.0	1290	EB-MSV000090464-gnps_ms2	transferred	5	343.1985	0.95	343.1993	0.951534	2.331	0.002	0.9999	ms2_winner	assigned
C35H43N7O8	[M + H]+	(5-methylpyridin-3-yl)methyl N-[1-[[(2S,4S,5S)-4-hydroxy-1,6-diphenyl-5-(pyridin-3-ylmethoxycarbonylamino)hexan-2-yl]amino]-3-methyl-1-oxobutan-2-yl]carbamate	CC1=CC(=CN=C1)COC(=O)NC(C(C)C)C(=O)NC(CC2=CC=CC=C2)CC(C(CC3=CC=CC=C3)NC(=O)OCC4=CN=CC=C4)O	0.08	Amino acids and Peptides	Cyclic peptides	Carboxylic acids and derivatives		1292	EB-MSV000090464-gnps_ms2	transferred	4	690.3229	0.96							low_cosine
C20H32N4O8	[M + H]+	Cyclo-(L-Val-L-Glu-L-Val-L-Glu)	CC(C)C1C(=O)NC(C(=O)NC(C(=O)NC(C(=O)N1)CCC(=O)O)C(C)C)CCC(=O)O	0.507	Amino acids and Peptides	Tripeptides	Carboxylic acids and derivatives	1438.0	1293	EB-MSV000090464-gnps_ms2	transferred	2	457.2311	0.95	457.2311	0.957981	0.0	0.008	0.9999	unique	assigned
C17H31N5O6	[M + H]+	H-Ala-Val-Ala-Ala-Ala-OH	CC(C)C(C(=O)NC(C)C(=O)NC(C)C(=O)NC(C)C(=O)O)NC(=O)C(C)N	0.382	Amino acids and Peptides	Tripeptides	Carboxylic acids and derivatives	161.0	1298	EB-MSV000090464-gnps_ms2	transferred	3	402.2363	0.96	402.2363	0.959192	0.0	-0.001	1.0	ms2_winner	assigned
C15H21N5O2	[M + H]+	Cyclo(Arg-Phe)	C1=CC=C(C=C1)CC2C(=O)NC(C(=O)N2)CCCN=C(N)N	0.326	Amino acids and Peptides	Dipeptides	Carboxylic acids and derivatives		1300	EB-MSV000090464-gnps_ms2	transferred	2	304.1766	0.94							low_cosine
C32H48N8O7	[M + Na]+	Similanamide	CC1C(=O)NC(C(=O)NC(C(=O)NC2=CC=CC=C2C(=O)N3CCCCC3C(=O)N(C(C(=O)N1)CC(C)C)C)C(C)C)CC(C)C	0.265	Amino acids and Peptides	Cyclic peptides	Carboxylic acids and derivatives	658.0	1306	EB-MSV000090464-gnps_ms2	transferred	3	679.3563	0.95	679.3564	1.128645	0.147	0.179	0.9889	ms2_tie	assigned
C24H33N5O7	[M + H]+	H-DL-Tyr-DL-Pro-DL-Pro-DL-Gln-OH	C1CC(N(C1)C(=O)C2CCCN2C(=O)C(CC3=CC=C(C=C3)O)N)C(=O)NC(CCC(=O)N)C(=O)O	0.559	Amino acids and Peptides	Tripeptides	Carboxylic acids and derivatives	1666.0	1309	EB-MSV000090464-gnps_ms2	transferred	3	504.2475	0.96	504.2471	0.7155	-0.793	-0.244	0.9994	ms2_winner	assigned
C30H45N7O8	[M + H]+	Trichodestruxin C	CC1CCN2C1C(=O)NC(C(=O)N(C(C(=O)N(C(C(=O)NCCC(=O)OC(C2=O)CC(C)C)C)C)C(C)C)C)C(C)C	0.229	Amino acids and Peptides	Linear peptides	Carboxylic acids and derivatives	1790.0	1315	EB-MSV000090464-gnps_ms2	transferred	1	632.3435	0.96	632.344	0.961164	0.791	0.001	0.9975	unique	assigned
C20H33N5O8	[M + H]+	H-Gly-His-Arg-Pro-al	C1CC(N(C1)C(=O)C(CCCN=C(N)N)NC(=O)C(CC2=CN=CN2)NC(=O)CN)C=O	0.348	Amino acids and Peptides	Tripeptides	Carboxylic acids and derivatives	1167.0	1317	EB-MSV000090464-gnps_ms2	transferred	4	472.2418	0.96	472.2428	0.964467	2.118	0.004	0.9999	ms2_winner	assigned
C20H32N4O7	[M + H]+	H-DL-Glu-DL-Pro-DL-Val-DL-Pro-OH	CC(C)C(C(=O)N1CCCC1C(=O)O)NC(=O)C2CCCN2C(=O)C(CCC(=O)O)N	0.58	Amino acids and Peptides	Tripeptides	Carboxylic acids and derivatives	65.0	1320	EB-MSV000090464-gnps_ms2	transferred	3	441.2359	0.97	441.2363	0.965375	0.907	-0.005	0.9999	unique	assigned
C30H48NO7P	[M + Na]+	[2-[(4Z,7Z,10Z,13Z,16Z,19Z)-docosa-4,7,10,13,16,19-hexaenoyl]oxy-3-hydroxypropoxy]-[1-(2-oxoethylazaniumyl)propyl]phosphinate	CCC=CCC=CCC=CCC=CCC=CCC=CCCC(=O)OC(CO)COP(=O)(C(CC)NCC=O)O		Terpenoids	Open-chain polyketides	Fatty Acyls	300.0	1321	EB-MSV000090464-gnps_ms2	transferred	2	588.2983	0.96	588.2983	0.729579	0.0	-0.23	0.9801	unique	assigned
C10H16N2O4	[M + H]+	3-methyl-2-[(5-oxopyrrolidin-2-yl)formamido]butanoic acid	CC(C)C(C(=O)O)NC(=O)C1CCC(=O)N1	0.964	Amino acids and Peptides	Dipeptides	Carboxylic acids and derivatives	456.0	1323	EB-MSV000090464-gnps_ms2	transferred	3	229.1183	0.97	229.1185	0.957126	0.873	-0.013	0.7615	ms2_tie	assigned
C13H23N3O4	[M + H]+	2-[[1-(2-Aminoacetyl)pyrrolidine-2-carbonyl]amino]-4-methylpentanoic acid	CC(C)CC(C(=O)O)NC(=O)C1CCCN1C(=O)CN	0.924	Amino acids and Peptides	Tripeptides	Carboxylic acids and derivatives	464.0	1324	EB-MSV000090464-gnps_ms2	transferred	3	286.1761	0.97	286.1763	0.961602	0.699	-0.008	1.0	ms2_winner	assigned
C6H12FNO3	[M + H]+	L-Phe	C1=CC=C(C=C1)CC(C(=O)O)N	0.686	Amino acids and Peptides	Aminoacids	Carboxylic acids and derivatives		1329	EB-MSV000090464-gnps_ms2	transferred	2	166.0865	0.95							low_cosine
C41H45N3O11	[M + H]+	H-Pro-Ile-Tyr-Asp-Ile-Asn-al	CCC(C)C(C(=O)NC(CC1=CC=C(C=C1)O)C(=O)NC(CC(=O)O)C(=O)NC(C(C)CC)C(=O)NC(CC(=O)N)C=O)NC(=O)C2CCCN2	0.293	Amino acids and Peptides	Tripeptides	Carboxylic acids and derivatives	2000.0	1332	EB-MSV000090464-gnps_ms2	transferred	2	756.3238	0.97	756.3241	0.974237	0.397	0.004	0.998	ms2_winner	assigned
C25H41N5O6	[M + Na]+	Syringolin C	CCC(C)C(C(=O)NC1C=CCCNC(=O)C=CC(NC1=O)C(C)C)NC(=O)NC(C(C)C)C(=O)O	0.289	Amino acids and Peptides	Tripeptides	Carboxylic acids and derivatives	1153.0	1334	EB-MSV000090464-gnps_ms2	transferred	3	530.2925	0.98	530.2912	0.986158	-2.451	0.006	1.0	ms2_tie	assigned
C38H60N10O12	[M + H]+	H-Arg-Val-Pro-Asp-Leu-Leu-Val-OH	CC(C)CC(C(=O)NC(C(C)C)C(=O)O)NC(=O)C(CC(C)C)NC(=O)C(CC(=O)O)NC(=O)C1CCCN1C(=O)C(C(C)C)NC(=O)C(CCCN=C(N)N)N	0.208	Amino acids and Peptides	Cyclic peptides	Carboxylic acids and derivatives		1337	EB-MSV000090464-gnps_ms2	transferred	1	849.4481	0.97							low_cosine
C30H45N7O9	[M + H]+	H-Lys-Phe-D-Ala-Pro-Glu-Gly-OH	CC(C(=O)N1CCCC1C(=O)NC(CCC(=O)O)C(=O)NCC(=O)O)NC(=O)C(CC2=CC=CC=C2)NC(=O)C(CCCCN)N	0.342	Amino acids and Peptides	Tripeptides	Carboxylic acids and derivatives	6502.0	1340	EB-MSV000090464-gnps_ms2	transferred	2	648.3337	0.97	648.3353	1.306299	2.468	0.336	0.9986	ms2_tie	assigned
C18H31N5O6	[M + H]+	For-Ala-Ala-Pro-Lys-OH	CC(C(=O)NC(C)C(=O)N1CCCC1C(=O)NC(CCCCN)C(=O)O)NC=O	0.319	Amino acids and Peptides	Tripeptides	Carboxylic acids and derivatives	396.0	1341	EB-MSV000090464-gnps_ms2	transferred	2	414.2361	0.98	414.2359	1.090127	-0.483	0.11	1.0	unique	assigned
C28H50N8O10S	[M + H]+	H-Val-Asn-Ser-Thr-Leu-Gln-MeSH	CC(C)CC(C(=O)NC(CCC(=O)N)C(=O)CS)NC(=O)C(C(C)O)NC(=O)C(CO)NC(=O)C(CC(=O)N)NC(=O)C(C(C)C)N	0.145	Amino acids and Peptides	Cyclic peptides	Carboxylic acids and derivatives	3549.0	1342	EB-MSV000090464-gnps_ms2	transferred	1	691.353	0.98	691.3527	0.97882	-0.434	-0.001	0.9017	unique	assigned
C17H27N3O5S2	[M + H]+	(2S)-2-[[(2S)-2-[[(2S)-2-aminopropanoyl]amino]-6-diazo-5-oxohexanoyl]amino]-6-diazo-5-oxohexanoic acid	CC(C(=O)NC(CCC(=O)C=[N+]=[N-])C(=O)NC(CCC(=O)C=[N+]=[N-])C(=O)O)N	0.668	Amino acids and Peptides	Dipeptides	Carboxylic acids and derivatives	1938.0	1344	EB-MSV000090464-gnps_ms2	transferred	1	418.146	0.96	418.1456	0.803733	-0.957	-0.156	0.9868	unique	assigned
C22H35N5O11	[M + H]+	(4S)-4-[N-[N-(Benzyloxycarbonyl)-L-valyl]-L-leucylamino]-5-oxo-6,6,6-trifluorohexanoic acid	CC(C)CC(C(=O)NC(CCC(=O)O)C(=O)C(F)(F)F)NC(=O)C(C(C)C)NC(=O)OCC1=CC=CC=C1	0.402	Amino acids and Peptides	Tripeptides	Peptidomimetics		1345	EB-MSV000090464-gnps_ms2	transferred	5	546.2387	0.97							low_cosine
C41H48N8O7	[M + H]+	2-[3-benzyl-18-(butan-2-yl)-9-(hydroxymethyl)-15-methyl-12-(2-methylpropyl)-1,4,7,10,13,16,19-heptaoxo-docosahydro-1H-pyrrolo[1,2-a]1,4,7,10,13,16,19-heptaazacyclohenicosan-6-yl]acetamide	CCC(C)C1C(=O)N2CCCC2C(=O)NC(C(=O)NC(C(=O)NC(C(=O)NC(C(=O)NC(C(=O)N1)C)CC(C)C)CO)CC(=O)N)CC3=CC=CC=C3	0.328	Amino acids and Peptides	Cyclic peptides	Carboxylic acids and derivatives	4103.0	1350	EB-MSV000090464-gnps_ms2	transferred	1	765.3812	0.97	765.3809	0.984209	-0.392	0.014	0.9722	unique	assigned
C11H20N2O3	[M + Na]+	1-(2-amino-4-methylpentanoyl)pyrrolidine-2-carboxylic acid	CC(C)CC(C(=O)N1CCCC1C(=O)O)N	0.729	Amino acids and Peptides	Dipeptides	Carboxylic acids and derivatives		1351	EB-MSV000090464-gnps_ms2	transferred	4	251.1366	0.99							low_cosine
C23H40N6O10	[M + H]+	H-Ser-Ser-Gly-Val-Asp-Leu-al	CC(C)CC(C=O)NC(=O)C(CC(=O)O)NC(=O)C(C(C)C)NC(=O)CNC(=O)C(CO)NC(=O)C(CO)N	0.879	Amino acids and Peptides	Tripeptides	Carboxylic acids and derivatives	492.0	1352	EB-MSV000090464-gnps_ms2	transferred	2	561.291	0.98	561.2902	0.986458	-1.425	0.006	0.9994	ms2_winner	assigned
C13H25N3O4S	[M + H]+	2-[[2-[(2-Amino-4-methylpentanoyl)amino]acetyl]amino]-4-methylsulfanylbutanoic acid	CC(C)CC(C(=O)NCC(=O)NC(CCSC)C(=O)O)N	0.495	Amino acids and Peptides	Dipeptides	Carboxylic acids and derivatives	1455.0	1353	EB-MSV000090464-gnps_ms2	transferred	2	320.1646	0.98	320.1645	0.978624	-0.312	-0.001	0.9999	unique	assigned
C16H28N4O5	[M + H]+	1-[2-[(2,5-Diamino-5-oxopentanoyl)amino]-4-methylpentanoyl]pyrrolidine-2-carboxylic acid	CC(C)CC(C(=O)N1CCCC1C(=O)O)NC(=O)C(CCC(=O)N)N	0.447	Amino acids and Peptides	Tripeptides	Carboxylic acids and derivatives	4302.0	1354	EB-MSV000090464-gnps_ms2	transferred	2	357.2128	0.97	357.2123	0.811714	-1.4	-0.158	0.9815	ms2_winner	assigned
C20H32N8O7	[M + Na]+	(4S)-4-[[(2S)-2-acetamido-3-carboxypropanoyl]amino]-5-[[(2S)-1-[[(2S,3S)-1-carboxy-3-hydroxybutan-2-yl]amino]-3-methyl-1-oxobutan-2-yl]amino]-5-oxopentanoic acid	CC(C)C(C(=O)NC(CC(=O)O)C(C)O)NC(=O)C(CCC(=O)O)NC(=O)C(CC(=O)O)NC(=O)C	0.197	Amino acids and Peptides	Tripeptides	Carboxylic acids and derivatives		1355	EB-MSV000090464-gnps_ms2	transferred	4	519.2299	0.98							low_cosine
C20H33N5O9	[M + H]+	H-Gly-DL-His-DL-Arg-DL-Pro-OH	C1CC(N(C1)C(=O)C(CCCN=C(N)N)NC(=O)C(CC2=CN=CN2)NC(=O)CN)C(=O)O	0.175	Amino acids and Peptides	Cyclic peptides	Carboxylic acids and derivatives	11849.0	1356	EB-MSV000090464-gnps_ms2	transferred	5	488.2345	0.97	488.2323	0.853244	-4.506	-0.117	0.9995	ms2_tie	assigned
C11H20N2O3	[M + H]+	1-(2-amino-4-methylpentanoyl)pyrrolidine-2-carboxylic acid	CC(C)CC(C(=O)N1CCCC1C(=O)O)N	0.759	Amino acids and Peptides	Dipeptides	Carboxylic acids and derivatives	280.0	1359	EB-MSV000090464-gnps_ms2	transferred	3	229.1545	0.97	229.1546	0.950903	0.436	-0.019	0.9998	ms2_winner	assigned
C31H44N6O10	[M + H]+	H-Asp-Trp-Glu-Ile-Val-OH	CCC(C)C(C(=O)NC(C(C)C)C(=O)O)NC(=O)C(CCC(=O)O)NC(=O)C(CC1=CNC2=CC=CC=C21)NC(=O)C(CC(=O)O)N	0.505	Amino acids and Peptides	Tripeptides	Carboxylic acids and derivatives	2063.0	1361	EB-MSV000090464-gnps_ms2	transferred	1	661.3175	0.98	661.3164	0.984248	-1.663	0.004	1.0	unique	assigned
C19H27N7O5	[M + H]+	N-[1-[(1,3-dimethyl-2-oxobenzimidazol-5-yl)amino]-3-(1H-indol-3-yl)-1-oxopropan-2-yl]-2-methylpropanamide	CC(C)C(=O)NC(CC1=CNC2=CC=CC=C21)C(=O)NC3=CC4=C(C=C3)N(C(=O)N4C)C	0.126	Amino acids and Peptides	Dipeptides	Carboxylic acids and derivatives	1129.0	1362	EB-MSV000090464-gnps_ms2	transferred	1	434.2122	0.98	434.2137	0.982651	3.455	0.003	1.0	unique	assigned
C21H28N4O6	[M + H]+	3-[(2-amino-4-methylpentanoyl)amino]-4-[[1-carboxy-2-(1H-indol-3-yl)ethyl]amino]-4-oxobutanoic acid	CC(C)CC(C(=O)NC(CC(=O)O)C(=O)NC(CC1=CNC2=CC=CC=C21)C(=O)O)N	0.588	Amino acids and Peptides	Dipeptides	Carboxylic acids and derivatives	317.0	1363	EB-MSV000090464-gnps_ms2	transferred	2	433.2072	0.98	433.2072	0.984209	0.0	0.004	1.0	unique	assigned
C17H28N4O5	[M + H]+	Pro-Val-Gly-Pro	CC(C)C(C(=O)NCC(=O)N1CCCC1C(=O)O)NC(=O)C2CCCN2	0.903	Amino acids and Peptides	Tripeptides	Carboxylic acids and derivatives	2440.0	1366	EB-MSV000090464-gnps_ms2	transferred	1	369.2127	0.98	369.2125	0.971062	-0.542	-0.009	1.0	unique	assigned
C10H10N2	[M + H]+	(1Z)-2-(1H-indol-3-yl)ethanimine	C1=CC=C2C(=C1)C(=CN2)CC=N	0.628	Alkaloids	Simple indole alkaloids	Indoles and derivatives	1127.0	1390	EB-MSV000090464-gnps_ms2	transferred	1	159.0919	0.99	159.0922	1.002836	1.886	0.013	1.0	unique	assigned
C20H35N5O6	[M + H]+	2-[[(2S)-2-[[2-[[(2S)-1-[(2S)-2-amino-4-methylpentanoyl]pyrrolidine-2-carbonyl]amino]acetyl]amino]-3-methylbutanoyl]amino]acetic acid	CC(C)CC(C(=O)N1CCCC1C(=O)NCC(=O)NC(C(C)C)C(=O)NCC(=O)O)N	0.223	Amino acids and Peptides	Tripeptides	Carboxylic acids and derivatives	137.0	1391	EB-MSV000090464-gnps_ms2	transferred	3	442.2662	0.99	442.2664	0.744944	0.452	-0.245	0.9998	unique	assigned
C7H11NO2Si	[M + H]+	Alle	CCC(C)C(C(=O)O)N	0.092	Amino acids and Peptides	Aminoacids	Carboxylic acids and derivatives	745.0	1395	EB-MSV000090464-gnps_ms2	transferred	1	170.0604	1.0	170.0602	1.004	-1.176	0.004	1.0	unique	assigned
C18H32N4O5	[M + H]+	H-Gly-DL-Pro-DL-Val-DL-Leu-OH	CC(C)CC(C(=O)O)NC(=O)C(C(C)C)NC(=O)C1CCCN1C(=O)CN	0.533	Amino acids and Peptides	Tripeptides	Carboxylic acids and derivatives	3126.0	1399	EB-MSV000090464-gnps_ms2	transferred	2	385.2457	1.0	385.2455	1.0	-0.519	0.0	1.0	unique	assigned
C22H39N5O8	[M + K]+	(3S)-3-[[(2S)-2-acetamido-3-methylbutanoyl]amino]-4-[[(2S)-4-(dimethylamino)-1-[[(2S)-1-hydroxypropan-2-yl]amino]-1,4-dioxobutan-2-yl]amino]-2,2-dimethyl-4-oxobutanoic acid	CC(C)C(C(=O)NC(C(=O)NC(CC(=O)N(C)C)C(=O)NC(C)CO)C(C)(C)C(=O)O)NC(=O)C	0.141	Amino acids and Peptides	Tripeptides	Carboxylic acids and derivatives	1359.0	1424	EB-MSV000090464-gnps_ms2	transferred	3	540.2438	1.0	540.246	1.004493	4.072	0.004	1.0	unique	assigned
C27H45N3O5	[M + Na]+	(2S)-2-[[(2S)-1-[[(4R,5S,8S)-4-hydroxy-2,7-dioxo-5-propan-2-yl-1,6-diazacyclododec-8-yl]amino]-3-methyl-1-oxobutan-2-yl]carbamoylamino]-3-methylbutanoic acid	CC(C)C1C(CC(=O)NCCCCC(C(=O)N1)NC(=O)C(C(C)C)NC(=O)NC(C(C)C)C(=O)O)O	0.296	Amino acids and Peptides	Tripeptides	Carboxylic acids and derivatives	6441.0	1426	EB-MSV000090464-gnps_ms2	transferred	2	514.325	1.0	514.3246	0.987262	-0.778	-0.013	0.9999	unique	assigned
C20H34N6O9	[M + H]+	H-DL-Leu-DL-Val-DL-Tyr-DL-Ser-OH	CC(C)CC(C(=O)NC(C(C)C)C(=O)NC(CC1=CC=C(C=C1)O)C(=O)NC(CO)C(=O)O)N	0.305	Amino acids and Peptides	Tripeptides	Carboxylic acids and derivatives	2708.0	1428	EB-MSV000090464-gnps_ms2	transferred	2	503.2457	1.02	503.2451	1.02854	-1.192	0.009	0.9997	unique	assigned
C27H40N6O8	[M + H]+	Pf1070B	CCC(C)C1C(=O)N2CCCC2C(=O)NC(C(=O)NC(C(=O)N1)CC3=CC=CC=C3)CCCCCC(=O)C4CO4	0.846	Amino acids and Peptides	Cyclic peptides	Carboxylic acids and derivatives	3721.0	1429	EB-MSV000090464-gnps_ms2	transferred	1	577.2965	1.0	577.2966	0.957	0.173	-0.043	0.9999	unique	assigned
C21H38N2O14	[M + H]+	N,N'-bis[2-[(2S,3S,4S,5S,6R)-3,4,5-trihydroxy-6-(hydroxymethyl)oxan-2-yl]oxyethyl]pentanediamide	C(CC(=O)NCCOC1C(C(C(C(O1)CO)O)O)O)CC(=O)NCCOC2C(C(C(C(O2)CO)O)O)O	0.501	Amino acids and Peptides	Cyanogenic glycosides	Carboxylic acids and derivatives	3904.0	1431	EB-MSV000090464-gnps_ms2	transferred	3	543.2415	1.0	543.2418	1.009043	0.552	0.009	0.9999	ms2_tie	assigned
C15H26N4O7	[M + H]+	2-[[4-Carboxy-2-[(2,4-diamino-4-oxobutanoyl)amino]butanoyl]amino]-4-methylpentanoic acid	CC(C)CC(C(=O)O)NC(=O)C(CCC(=O)O)NC(=O)C(CC(=O)N)N	0.718	Amino acids and Peptides	Tripeptides	Carboxylic acids and derivatives	1588.0	1432	EB-MSV000090464-gnps_ms2	transferred	5	375.1898	1.0	375.1881	0.8275	-4.531	-0.172	0.8823	ms2_winner	assigned
C38H60N10O12	[M + H]+	Ac-Gly-Orn-Ser-Phe-Ser-Lys-Pro-Ala-OH	CC(C(=O)O)NC(=O)C1CCCN1C(=O)C(CCCCN)NC(=O)C(CO)NC(=O)C(CC2=CC=CC=C2)NC(=O)C(CO)NC(=O)C(CCCN)NC(=O)CNC(=O)C	0.311	Amino acids and Peptides	Linear peptides	Carboxylic acids and derivatives		1433	EB-MSV000090464-gnps_ms2	transferred	2	849.4466	1.0							low_cosine
C31H45N7O11	[M + H]+	Tuberactinomycin-O	C1CN=C(NC1C2C(=O)NCC(C(=O)NC(C(=O)NC(C(=O)NC(=CNC(=O)N)C(=O)N2)CO)CO)NC(=O)CC(CCCN)N)N	0.112	Amino acids and Peptides	Linear peptides	Carboxylic acids and derivatives	2833.0	1435	EB-MSV000090464-gnps_ms2	transferred	1	692.3273	1.01	692.3277	1.008158	0.578	-0.002	1.0	unique	assigned
C30H28F2N4O4	[M + H]+	4'-hydroxy-2,2''-diimino-2'-(1H-indol-3-yl)-1,1'',3,3''-tetramethyl-4',9'-dihydro-2'H-dispiro[imidazolidine-4,1'-carbazole-3',4''-imidazolidine]-5,5''-dione	CN1C(=O)C2(C(C3(C4=C(C2O)C5=CC=CC=C5N4)C(=O)N(C(=N)N3C)C)C6=CNC7=CC=CC=C76)N(C1=N)C	0.327	Amino acids and Peptides	Other indole diketopiperazine alkaloids	Carboxylic acids and derivatives	1904.0	1437	EB-MSV000090464-gnps_ms2	transferred	2	547.2141	1.01	547.2146	1.011384	0.914	0.001	0.999	ms2_tie	assigned
C25H44N6O6	[M + H]+	N-Boc-3-(Dimethylamino)-L-Ala-L-Pro-(2-amino* 1-oxo-2,2-ethanoethane-1-yl)-L-Leu-NH2	CC(C)CC(C(=O)N)NC(=O)C1(CC1)NC(=O)C2CCCN2C(=O)C(CN(C)C)NC(=O)OC(C)(C)C	0.455	Amino acids and Peptides	Cyclic peptides	Carboxylic acids and derivatives		1438	EB-MSV000090464-gnps_ms2	transferred	1	525.3407	1.01							low_cosine
C22H24N4O4	[M + H]+	2-[[2-[(2-aminoacetyl)amino]-3-phenylpropanoyl]amino]-3-(1H-indol-3-yl)propanoic acid	C1=CC=C(C=C1)CC(C(=O)NC(CC2=CNC3=CC=CC=C32)C(=O)O)NC(=O)CN	0.493	Amino acids and Peptides	Dipeptides	Carboxylic acids and derivatives	527.0	1439	EB-MSV000090464-gnps_ms2	transferred	2	409.1887	1.01	409.1886	1.007924	-0.244	-0.002	1.0	unique	assigned
C49H60N4O10	[M + K]+	cyclo[Arg-Unk-Asp-Ile-Asn-Asn-Asn-Val]	CCC(C)C1C(=O)NC(C(=O)NC(C(=O)NC(C(=O)NC(C(=O)NC(C(=O)N=CC(=O)NC(C(=O)N1)CC(=O)O)CCCN=C(N)N)C(C)C)CC(=O)N)CC(=O)N)CC(=O)N	0.265	Amino acids and Peptides	Linear peptides	Polypeptides	3208.0	1442	EB-MSV000090464-gnps_ms2	transferred	2	903.3954	1.02	903.3977	1.031151	2.546	0.011	1.0	ms2_tie	assigned
C22H36N6O10	[M + H]+	6,12-dibenzyl-4,10-dimethyl-3,9-bis(propan-2-yl)-1,7-dioxa-4,10-diazacyclododecane-2,5,8,11-tetrone	CC(C)C1C(=O)OC(C(=O)N(C(C(=O)OC(C(=O)N1C)CC2=CC=CC=C2)C(C)C)C)CC3=CC=CC=C3	0.052	Amino acids and Peptides	Open-chain polyketides	Carboxylic acids and derivatives	23070.0	1445	EB-MSV000090464-gnps_ms2	transferred	6	545.2573	1.01	545.2527	1.27015	-8.436	0.26	0.8984	ms2_tie	assigned
C37H61N5O9	[M + K]+	(2S)-1-[(2R)-2-(cyclopropanecarbonylamino)-3-methylbutanoyl]-N-[4-[4-[2-[(2S)-1-[(2R)-2-(cyclopropanecarbonylamino)-3-methylbutanoyl]pyrrolidin-2-yl]-1H-imidazol-5-yl]phenyl]phenyl]pyrrolidine-2-carboxamide	CC(C)C(C(=O)N1CCCC1C2=NC=C(N2)C3=CC=C(C=C3)C4=CC=C(C=C4)NC(=O)C5CCCN5C(=O)C(C(C)C)NC(=O)C6CC6)NC(=O)C7CC7	0.391	Amino acids and Peptides	Cyclic peptides	Carboxylic acids and derivatives	45.0	1456	EB-MSV000090464-gnps_ms2	transferred	1	758.4105	1.01	758.4099	0.72	-0.791	-0.29	0.9956	unique	assigned
C11H12N2O2	[M + H]+	Htrp	C1=CC=C2C(=C1)C(=CN2)CC(C(=O)O)N	0.922	Amino acids and Peptides	Aminoacids	Carboxylic acids and derivatives	34.0	1460	EB-MSV000090464-gnps_ms2	transferred	1	205.0976	1.02	205.0976	1.011802	0.0	-0.008	0.9999	unique	assigned
C9H21N5O2	[M + H]+	l-Valine, tert-butyldimethylsilyl ester	CC(C)C(C(=O)O[Si](C)(C)C(C)(C)C)N	0.269	Amino acids and Peptides	Aminoacids	Carboxylic acids and derivatives		1461	EB-MSV000090464-gnps_ms2	transferred	3	232.1746	1.01							low_cosine
C11H20N2O3	[M + H]+	1-(2-amino-4-methylpentanoyl)pyrrolidine-2-carboxylic acid	CC(C)CC(C(=O)N1CCCC1C(=O)O)N	0.831	Amino acids and Peptides	Dipeptides	Carboxylic acids and derivatives	280.0	1463	EB-MSV000090464-gnps_ms2	transferred	3	229.1545	1.01	229.1546	0.950903	0.436	-0.059	0.9765	ms2_winner	assigned
C11H9NO2	[M + H]+	Trans-3-Indoleacrylic Acid	C1=CC=C2C(=C1)C(=CN2)C=CC(=O)O	0.523	Alkaloids	Simple indole alkaloids	Indoles and derivatives	21.0	1467	EB-MSV000090464-gnps_ms2	transferred	1	188.0708	1.02	188.0712	1.010416	2.127	-0.01	1.0	unique	assigned
C12H17N5O4	[M + H]+	2-[6-(dimethylamino)-9H-purin-9-yl]-5-(hydroxymethyl)oxolane-3,4-diol	CN(C)C1=NC=NC2=C1N=CN2C3C(C(C(O3)CO)O)O	0.881	Carbohydrates	Purine nucleosides	Purine nucleosides	9570.0	1469	EB-MSV000090464-gnps_ms2	transferred	4	296.1357	1.02	296.1358	1.003229	0.338	-0.017	0.9975	ms2_tie	assigned
C21H30N6O7	[M + H]+	H-DL-Pro-DL-Glu-DL-His-DL-Pro-OH	C1CC(NC1)C(=O)NC(CCC(=O)O)C(=O)NC(CC2=CN=CN2)C(=O)N3CCCC3C(=O)O	0.185	Amino acids and Peptides	Tripeptides	Carboxylic acids and derivatives	2366.0	1470	EB-MSV000090464-gnps_ms2	transferred	3	479.2252	1.02	479.2249	0.825442	-0.626	-0.195	0.8234	unique	assigned
C22H26FN3O6	[M + H]+	H-DL-Leu-DL-Tyr-DL-Met-OH	CC(C)CC(C(=O)NC(CC1=CC=C(C=C1)O)C(=O)NC(CCSC)C(=O)O)N	0.297	Amino acids and Peptides	Dipeptides	Carboxylic acids and derivatives	1400.0	1475	EB-MSV000090464-gnps_ms2	transferred	1	448.1827	1.02	448.1822	0.812719	-1.116	-0.207	0.9953	unique	assigned
C29H48N8O9	[M + H]+	Capreomycin Ib	CC1C(=O)NC(C(=O)NC(=CNC(=O)N)C(=O)NC(C(=O)NCC(C(=O)N1)N)C2CCN=C(N2)N)CNC(=O)CC(CCCN)N	0.113	Amino acids and Peptides	Tripeptides	Carboxylic acids and derivatives	1005.0	1477	EB-MSV000090464-gnps_ms2	transferred	1	653.365	1.02	653.3646	0.744773	-0.612	-0.275	0.984	unique	assigned
C4H4N2O3S	[M + Na]+	4-Methoxy-1,2,5-thiadiazole-3-carboxylic acid	COC1=NSN=C1C(=O)O	0.05	Alkaloids	Imidazole alkaloids	Azoles		1479	EB-MSV000090464-gnps_ms2	transferred	2	182.9855	1.02							low_cosine
C11H22N2O3	[M + H]+	2-(2-amino-3-methylpentanamido)-3-methylbutanoic acid	CCC(C)C(C(=O)NC(C(C)C)C(=O)O)N	0.653	Amino acids and Peptides	Dipeptides	Carboxylic acids and derivatives		1480	EB-MSV000090464-gnps_ms2	transferred	4	231.1708	1.02							low_cosine
C45H77N15O17	[M + H]+	2-(2-{2-[2-(2-{[1-(2-{2-[2-(2-aminoacetamido)-3-(4-hydroxyphenyl)propanamido]-3-(1H-imidazol-4-yl)propanamido}-3-methylbutanoyl)pyrrolidin-2-yl]formamido}-3-methylbutanamido)propanamido]-3-methylbutanamido}-3-sulfanylpropanamido)-5-carbamimidamidopentanoic acid	CC(C)C(C(=O)NC(C)C(=O)NC(C(C)C)C(=O)NC(CS)C(=O)NC(CCCN=C(N)N)C(=O)O)NC(=O)C1CCCN1C(=O)C(C(C)C)NC(=O)C(CC2=CN=CN2)NC(=O)C(CC3=CC=C(C=C3)O)NC(=O)CN	0.451	Amino acids and Peptides	Cyclic peptides	Carboxylic acids and derivatives	1909.0	1497	EB-MSV000090464-gnps_ms2	transferred	2	1100.5742	1.03	1100.5742	1.035	0.0	0.005	0.9999	ms2_winner	assigned
C26H43N3O9	[M + K]+	H-DL-Gln-DL-Ala-DL-Ser-DL-xiThr-DL-Ser-DL-Ser-OH	CC(C(C(=O)NC(CO)C(=O)NC(CO)C(=O)O)NC(=O)C(CO)NC(=O)C(C)NC(=O)C(CCC(=O)N)N)O	0.818	Amino acids and Peptides	Tripeptides	Carboxylic acids and derivatives	3913.0	1500	EB-MSV000090464-gnps_ms2	transferred	1	580.261	1.03	580.2611	1.038465	0.172	0.008	1.0	unique	assigned
C20H32N4O7	[M + H]+	H-DL-Glu-DL-Pro-DL-Val-DL-Pro-OH	CC(C)C(C(=O)N1CCCC1C(=O)O)NC(=O)C2CCCN2C(=O)C(CCC(=O)O)N	0.71	Amino acids and Peptides	Tripeptides	Carboxylic acids and derivatives		1501	EB-MSV000090464-gnps_ms2	transferred	3	441.2359	1.05							low_cosine
C10H21N5O6	[M + H]+	3-Methyl-2-[[2-(pyrrolidine-2-carbonylamino)acetyl]amino]pentanoic acid	CCC(C)C(C(=O)O)NC(=O)CNC(=O)C1CCCN1	0.371	Amino acids and Peptides	Dipeptides	Carboxylic acids and derivatives	7026.0	1502	EB-MSV000090464-gnps_ms2	transferred	2	308.1576	1.04	308.1576	1.030147	0.0	-0.01	0.9999	unique	assigned
C28H34BN5O5	[M + H]+	N-(carbamoylmethyl)-4-methyl-2-({1-[1-(pyrrolidine-2-carbonyl)piperidine-4-carbonyl]pyrrolidin-2-yl}formamido)pentanamide	CC(C)CC(C(=O)NCC(=O)N)NC(=O)C1CCCN1C(=O)C2CCN(CC2)C(=O)C3CCCN3	0.817	Amino acids and Peptides	Tripeptides	Carboxylic acids and derivatives		1503	EB-MSV000090464-gnps_ms2	transferred	2	531.2754	1.05							low_cosine
C34H43N5O6	[M + H]+	(3R,10S,13S,16S,19S,20S)-10,14,20-trimethyl-3-(2-methylpropyl)-13,16-di(propan-2-yl)-4-oxa-1,8,11,14,17-pentazabicyclo[17.3.0]docosane-2,5,9,12,15,18-hexone	CC1CCN2C1C(=O)NC(C(=O)N(C(C(=O)NC(C(=O)NCCC(=O)OC(C2=O)CC(C)C)C)C(C)C)C)C(C)C	0.228	Amino acids and Peptides	Tripeptides	Carboxylic acids and derivatives	1738.0	1511	EB-MSV000090464-gnps_ms2	transferred	6	618.3245	1.04	618.3207	1.036693	-6.146	-0.003	1.0	ms2_tie	assigned
C44H54N4O15	[M + H]+	Cyclo(L-Thr-L-Gln-L-Ile-L-Asp-L-Ser-L-Pro-L-Ala-L-Ala-Gly-)	CCC(C)C1C(=O)NC(C(=O)NC(C(=O)N2CCCC2C(=O)NC(C(=O)NC(C(=O)NCC(=O)NC(C(=O)NC(C(=O)N1)CCC(=O)N)C(C)O)C)C)CO)CC(=O)O	0.7	Amino acids and Peptides	Linear peptides	Carboxylic acids and derivatives	1621.0	1512	EB-MSV000090464-gnps_ms2	transferred	4	879.3709	1.04	879.3713	1.060142	0.455	0.02	0.9999	ms2_winner	assigned
C24H34N6O5S	[M + H]+	5-N-Acetyl-8-Isopropylardeemin	CC(C)C1C(=O)N2C(CC3(C2N(C4=CC=CC=C43)C(=O)C)C(C)(C)C=C)C5=NC6=CC=CC=C6C(=O)N15	0.12	Amino acids and Peptides	Other indole diketopiperazine alkaloids	Carboxylic acids and derivatives	4719.0	1513	EB-MSV000090464-gnps_ms2	transferred	4	519.2345	1.04	519.2389	1.101	8.474	0.061	0.742	ms2_tie	assigned
C22H40N4O6	[M + H]+	doscadenamide a	CC(CCCCC#C)C(=O)NCCCCC1C(=CC(=O)N1C(=O)C(C)CCCCC#C)OC	0.153	Amino acids and Peptides	Dipeptides	Carboxylic acids and derivatives	6313.0	1516	EB-MSV000090464-gnps_ms2	transferred	4	457.3005	1.05	457.3011	0.75	1.312	-0.3	0.9713	ms2_tie	assigned
C5H6Cl2NO2	[M + H]+	1,1-Dioxo-1,2-thiazole-4-carboxamide	C1=C(C=NS1(=O)=O)C(=O)N	0.063	Alkaloids	Imidazole alkaloids	Azacyclic compounds		1517	EB-MSV000090464-gnps_ms2	transferred	1	182.9854	1.05							low_cosine
C15H25N3O8	[M + H]+	2-[[2-[(2-Amino-4-carboxybutanoyl)amino]-3-carboxypropanoyl]amino]-4-methylpentanoic acid	CC(C)CC(C(=O)O)NC(=O)C(CC(=O)O)NC(=O)C(CCC(=O)O)N	0.545	Amino acids and Peptides	Tripeptides	Carboxylic acids and derivatives	805.0	1518	EB-MSV000090464-gnps_ms2	transferred	4	376.1721	1.05	376.1725	1.072606	1.063	0.023	0.9999	ms2_winner	assigned
C22H32N4O5	[M + H]+	H-DL-Ala-DL-Val-DL-Pro-DL-Phe-OH	CC(C)C(C(=O)N1CCCC1C(=O)NC(CC2=CC=CC=C2)C(=O)O)NC(=O)C(C)N	0.662	Amino acids and Peptides	Tripeptides	Carboxylic acids and derivatives	6030.0	1521	EB-MSV000090464-gnps_ms2	transferred	3	433.2451	1.05	433.2455	1.037	0.923	-0.013	0.9999	ms2_winner	assigned
C16H30N4O6	[M + H]+	6-amino-2-[2-(2-amino-4-methylpentanamido)-3-carboxypropanamido]hexanoic acid	CC(C)CC(C(=O)NC(CC(=O)O)C(=O)NC(CCCCN)C(=O)O)N	0.478	Amino acids and Peptides	Tripeptides	Carboxylic acids and derivatives		1522	EB-MSV000090464-gnps_ms2	transferred	3	375.2239	1.05							low_cosine
C24H35N5O6	[M + H]+	H-Arg-Arg-Gly-Cys-NH2	C(CC(C(=O)NC(CCCN=C(N)N)C(=O)NCC(=O)NC(CS)C(=O)N)N)CN=C(N)N	0.436	Amino acids and Peptides	Tripeptides	Carboxylic acids and derivatives	4497.0	1523	EB-MSV000090464-gnps_ms2	transferred	1	490.2675	1.05	490.2675	1.04091	0.0	-0.009	1.0	unique	assigned
C20H33N5O9	[M + H]+	H-Gly-DL-His-DL-Arg-DL-Pro-OH	C1CC(N(C1)C(=O)C(CCCN=C(N)N)NC(=O)C(CC2=CN=CN2)NC(=O)CN)C(=O)O	0.16	Amino acids and Peptides	Tripeptides	Carboxylic acids and derivatives	898.0	1524	EB-MSV000090464-gnps_ms2	transferred	5	488.2345	1.04	488.2347	0.992192	0.41	-0.048	1.0	ms2_tie	assigned
C11H16ClFN2O3	[M + H]+	4-amino-N-(4,6-dimethylpyrimidin-2-yl)benzene-1-sulfonamide	CC1=CC(=NC(=N1)NS(=O)(=O)C2=CC=C(C=C2)N)C	0.493	Alkaloids	Pyridine alkaloids	Benzene and substituted derivatives	4910.0	1526	EB-MSV000090464-gnps_ms2	transferred	2	279.0923	1.05	279.0923	1.051	0.0	0.001	0.9999	unique	assigned
C49H66N6O8	[M + Na]+	Val-Tyr-Pro-Phe-Pro-Gly-Pro-Ile	CCC(C)C(C(=O)O)NC(=O)C1CCCN1C(=O)CNC(=O)C2CCCN2C(=O)C(CC3=CC=CC=C3)NC(=O)C4CCCN4C(=O)C(CC5=CC=C(C=C5)O)NC(=O)C(C(C)C)N	0.598	Amino acids and Peptides	Cyclic peptides	Carboxylic acids and derivatives	131.0	1527	EB-MSV000090464-gnps_ms2	transferred	3	889.4876	1.06	889.4868	0.72	-0.899	-0.34	0.9038	unique	assigned
C10H18N2O5	[M + H]+	2-(2-amino-3-carboxypropanamido)-4-methylpentanoic acid	CC(C)CC(C(=O)O)NC(=O)C(CC(=O)O)N	0.879	Amino acids and Peptides	Dipeptides	Carboxylic acids and derivatives		1531	EB-MSV000090464-gnps_ms2	transferred	3	247.1293	1.05							low_cosine
C14H20N4O3	[M + H]+	N-[[5-[(2S)-1-methyl-5-oxopyrrolidin-2-yl]-1,2,4-oxadiazol-3-yl]methyl]cyclopentanecarboxamide	CN1C(CCC1=O)C2=NC(=NO2)CNC(=O)C3CCCC3	0.076	Amino acids and Peptides	Dipeptides	Carboxylic acids and derivatives	3109.0	1532	EB-MSV000090464-gnps_ms2	transferred	3	293.1615	1.05	293.1611	0.886457	-1.364	-0.164	0.9544	unique	assigned
C11H14N2O3	[M + H]+	Gf Zwitterion	C1=CC=C(C=C1)CC(C(=O)O)NC(=O)CN	0.973	Amino acids and Peptides	Dipeptides	Carboxylic acids and derivatives		1540	EB-MSV000090464-gnps_ms2	transferred	2	223.1078	1.06							low_cosine
C17H27N5O4	[M + H]+	1-[2-[(2-amino-3-methylpentanoyl)amino]-3-(1H-imidazol-5-yl)propanoyl]pyrrolidine-2-carboxylic acid	CCC(C)C(C(=O)NC(CC1=CN=CN1)C(=O)N2CCCC2C(=O)O)N	0.737	Amino acids and Peptides	Tripeptides	Carboxylic acids and derivatives	15670.0	1543	EB-MSV000090464-gnps_ms2	transferred	3	366.2132	1.05	366.213	0.953	-0.546	-0.097	0.9528	ms2_winner	assigned
C13H16N2O5	[M + H]+	Asp-Phe	C1=CC=C(C=C1)CC(C(=O)O)NC(=O)C(CC(=O)O)N	0.991	Amino acids and Peptides	Dipeptides	Carboxylic acids and derivatives		1548	EB-MSV000090464-gnps_ms2	transferred	2	281.1132	1.06							low_cosine
C8H16N2O3	[M + K]+	N(6)-Acetyl-L-Lysine	CC(=O)NCCCCC(C(=O)O)N	0.263	Amino acids and Peptides	Aminoacids	Carboxylic acids and derivatives	3407.0	1550	EB-MSV000090464-gnps_ms2	transferred	3	227.0795	1.06	227.0796	1.056229	0.44	-0.004	0.9999	ms2_tie	assigned
C29H38NO8P	[M + Na]+	1,1-C-[Bis(benzyloxy)phosphinyliminotrimethylene]-2-O,3-O:5-O,6-O-diisopropylidene-1-deoxy-alpha-D-mannofuranose	CC1(OCC(O1)C2C3C(C4(O2)CCCN4P(=O)(OCC5=CC=CC=C5)OCC6=CC=CC=C6)OC(O3)(C)C)C	0.008	Terpenoids	Drimane sesquiterpenoids	Carboxylic acids and derivatives	5377.0	1551	EB-MSV000090464-gnps_ms2	transferred	2	582.2157	1.07	582.215	1.055346	-1.202	-0.015	0.9999	ms2_tie	assigned
C21H35N5O7	[M + H]+	H-Ala-Val-Pro-Ser-Pro-OH	CC(C)C(C(=O)N1CCCC1C(=O)NC(CO)C(=O)N2CCCC2C(=O)O)NC(=O)C(C)N	0.556	Amino acids and Peptides	Tripeptides	Carboxylic acids and derivatives	1480.0	1552	EB-MSV000090464-gnps_ms2	transferred	3	470.263	1.08	470.2629	1.545189	-0.213	0.465	0.9064	ms2_tie	assigned
C11H15N5O3S	[M + H]+	Methylthioadenosine	CSCC1C(C(C(O1)N2C=NC3=C(N=CN=C32)N)O)O	0.842	Carbohydrates	Purine nucleosides	5'-deoxyribonucleosides	405.0	1553	EB-MSV000090464-gnps_ms2	transferred	3	298.0979	1.07	298.0979	1.066211	0.0	-0.004	1.0	unique	assigned
C18H30N4O8	[M + H]+	H-DL-Pro-DL-Val-DL-Glu-DL-Ser-OH	CC(C)C(C(=O)NC(CCC(=O)O)C(=O)NC(CO)C(=O)O)NC(=O)C1CCCN1	0.231	Amino acids and Peptides	Tripeptides	Carboxylic acids and derivatives	2899.0	1556	EB-MSV000090464-gnps_ms2	transferred	2	431.2133	1.07	431.2133	0.859724	0.0	-0.21	0.9522	ms2_winner	assigned
C32H53N5O10	[M + Na]+	Pyloricidin A1	CCC(C)C(C(=O)NC(CC(C)C)C(=O)NC(CO)C(C(C(C(=O)NC(CC(=O)O)C1=CC=CC=C1)O)O)O)NC(=O)C(C(C)C)N	0.115	Amino acids and Peptides	Tripeptides	Carboxylic acids and derivatives	600.0	1562	EB-MSV000090464-gnps_ms2	transferred	5	690.3683	1.05	690.3715	0.811316	4.635	-0.239	0.9081	ms2_tie	assigned
C46H54N6O8	[M + H]+	Brachystemin C	CCC(C)C1C(=O)NCC(=O)NC(NC(=O)C(C(=O)NC(C(=O)NC(=O)C(C(=O)N2CCCC2C(=O)N3CCCC3C(=O)N1)CC4=CC=C(C=C4)O)C)C)C(C)C	0.227	Amino acids and Peptides	Cyclic peptides	Carboxylic acids and derivatives	1596.0	1563	EB-MSV000090464-gnps_ms2	transferred	3	819.4064	1.07	819.4062	0.875	-0.244	-0.195	0.9994	unique	assigned
C23H40N2O15	[M + H]+	N-[(2S,4R,5R)-6-[[(2R,4R,5R)-3-acetamido-4-hydroxy-6-(hydroxymethyl)-5-[(2S,4S,5R)-3,4,5-trihydroxy-6-(hydroxymethyl)oxan-2-yl]oxyoxan-2-yl]oxymethyl]-4,5-dihydroxy-2-methyloxan-3-yl]acetamide	CC1C(C(C(C(O1)COC2C(C(C(C(O2)CO)OC3C(C(C(C(O3)CO)O)O)O)O)NC(=O)C)O)O)NC(=O)C	0.28	Carbohydrates	Aminosugars	Carboxylic acids and derivatives	3701.0	1567	EB-MSV000090464-gnps_ms2	transferred	3	585.2508	1.07	585.2515	1.054664	1.196	-0.015	0.9999	ms2_winner	assigned
C13H23N3O4	[M + H]+	2-[[1-(2-Aminoacetyl)pyrrolidine-2-carbonyl]amino]-4-methylpentanoic acid	CC(C)CC(C(=O)O)NC(=O)C1CCCN1C(=O)CN	0.923	Amino acids and Peptides	Tripeptides	Carboxylic acids and derivatives		1568	EB-MSV000090464-gnps_ms2	transferred	3	286.1761	1.06							low_cosine
C21H35N5O8	[M + H]+	H-Ala-Pro-Glu-Ala-Val-OH	CC(C)C(C(=O)O)NC(=O)C(C)NC(=O)C(CCC(=O)O)NC(=O)C1CCCN1C(=O)C(C)N	0.903	Amino acids and Peptides	Tripeptides	Carboxylic acids and derivatives		1569	EB-MSV000090464-gnps_ms2	transferred	3	486.2561	1.07							low_cosine
C24H42N6O8S	[M + H]+	H-Pro-Ala-Thr-Pro-Ala-Pro-OH	CC(C(C(=O)N1CCCC1C(=O)NC(C)C(=O)N2CCCC2C(=O)O)NC(=O)C(C)NC(=O)C3CCCN3)O	0.541	Amino acids and Peptides	Tripeptides	Carboxylic acids and derivatives		1570	EB-MSV000090464-gnps_ms2	transferred	2	575.2832	1.07							low_cosine
C32H48N8O7	[M + Na]+	Similanamide	CC1C(=O)NC(C(=O)NC(C(=O)NC2=CC=CC=C2C(=O)N3CCCCC3C(=O)N(C(C(=O)N1)CC(C)C)C)C(C)C)CC(C)C	0.185	Amino acids and Peptides	Cyclic peptides	Carboxylic acids and derivatives	658.0	1571	EB-MSV000090464-gnps_ms2	transferred	4	679.3555	1.07	679.3564	1.128645	1.325	0.059	0.9855	ms2_tie	assigned
C18H31N5O6	[M + H]+	H-DL-Thr-D-Pro-Pro-Thr-NH2	CC(C(C(=O)N1CCCC1C(=O)N2CCCC2C(=O)NC(C(C)O)C(=O)N)N)O	0.256	Amino acids and Peptides	Tripeptides	Carboxylic acids and derivatives	396.0	1572	EB-MSV000090464-gnps_ms2	transferred	2	414.2359	1.07	414.2359	1.090127	0.0	0.02	0.9867	unique	assigned
C33H38N8O8	[M + H]+	H2N-Leu-Pro-Phe-Phe-Asp-NH2	CC(C)CC(C(=O)N1CCCC1C(=O)NC(CC2=CC=CC=C2)C(=O)NC(CC3=CC=CC=C3)C(=O)NC(CC(=O)O)C(=O)N)N	0.174	Amino acids and Peptides	Cyclic peptides	Carboxylic acids and derivatives	83.0	1577	EB-MSV000090464-gnps_ms2	transferred	3	675.2851	1.09	675.2854	1.231453	0.444	0.141	0.9986	ms2_tie	assigned
C30H45N7O8	[M + H]+	Trichodestruxin C	CC1CCN2C1C(=O)NC(C(=O)N(C(C(=O)N(C(C(=O)NCCC(=O)OC(C2=O)CC(C)C)C)C)C(C)C)C)C(C)C	0.112	Amino acids and Peptides	Tripeptides	Carboxylic acids and derivatives	1790.0	1578	EB-MSV000090464-gnps_ms2	transferred	1	632.3434	1.06	632.344	0.961164	0.949	-0.099	1.0	unique	assigned
C19H29N7O5	[M + H]+	H-DL-Ala-DL-Val-DL-Pro-DL-xiIle-NH2	CCC(C)C(C(=O)N)NC(=O)C1CCCN1C(=O)C(C(C)C)NC(=O)C(C)N	0.165	Amino acids and Peptides	Tripeptides	Carboxylic acids and derivatives	680.0	1582	EB-MSV000090464-gnps_ms2	transferred	2	436.2297	1.08	436.2286	0.856	-2.522	-0.224	0.9751	ms2_winner	assigned
C29H33N3O8	[M + H]+	N-Succinyl-Leu-Tyr-7-amido-4-methylcoumarin, calpain substrate	CC1=CC(=O)OC2=C1C=CC(=C2)NC(=O)C(CC3=CC=C(C=C3)O)NC(=O)C(CC(C)C)NC(=O)CCC(=O)O	0.126	Amino acids and Peptides	Tripeptides	Carboxylic acids and derivatives		1583	EB-MSV000090464-gnps_ms2	transferred	2	552.2324	1.08							low_cosine
C27H40N6O7	[M + H]+	cinnamoyl(E)-Phe-Leu-Ala(Unk)-al	CC(C)CC(C(=O)NC(CC1CCCNC1=O)C=O)NC(=O)C(CC2=CC=CC=C2)NC(=O)C=CC3=CC=CC=C3	0.145	Amino acids and Peptides	Cyclic peptides	Carboxylic acids and derivatives	695.0	1588	EB-MSV000090464-gnps_ms2	transferred	1	561.3037	1.08	561.3036	1.023	-0.178	-0.057	0.9999	unique	assigned
C10H19FN2O5	[M + H]+		CC(C(C(=O)NC(CC1=CC=CC=C1)C(=O)O)N)O	0.998	Amino acids and Peptides	Dipeptides	Carboxylic acids and derivatives	1487.0	1589	EB-MSV000090464-gnps_ms2	transferred	4	267.1331	1.08	267.1349	0.953041	6.738	-0.127	0.995	unique	assigned
C20H32N4O7	[M + H]+	Saroclide A	CCCC1CC=C(C(=O)CC(=O)NC(C(=O)N2CCCC2C(=O)O1)CC3=CC=CC=C3)C	0.346	Amino acids and Peptides	Dipeptides	Carboxylic acids and derivatives	65.0	1595	EB-MSV000090464-gnps_ms2	transferred	1	441.2361	1.08	441.2363	0.965375	0.453	-0.115	0.9954	unique	assigned
C10H17N3O4	[M + H]+		C1CC(NC1)C(=O)NC(CCC(=O)N)C(=O)O	0.986	Amino acids and Peptides	Dipeptides	Carboxylic acids and derivatives	2682.0	1597	EB-MSV000090464-gnps_ms2	transferred	3	244.1297	1.08	244.1297	1.350529	0.0	0.271	0.7102	ms2_winner	assigned
C21H28N4O6S	[M + H]+	H-DL-xiThr-DL-Trp-DL-His-OH	CC(C(C(=O)NC(CC1=CNC2=CC=CC=C21)C(=O)NC(CC3=CN=CN3)C(=O)O)N)O	0.357	Amino acids and Peptides	Tripeptides	Carboxylic acids and derivatives	1829.0	1602	EB-MSV000090464-gnps_ms2	transferred	1	465.1811	1.09	465.1825	1.09344	3.01	0.003	0.9999	unique	assigned
C13H23N3O6	[M + H]+	2-[[2-[(2-Amino-4-carboxybutanoyl)amino]acetyl]amino]-4-methylpentanoic acid	CC(C)CC(C(=O)O)NC(=O)CNC(=O)C(CCC(=O)O)N	0.798	Amino acids and Peptides	Tripeptides	Carboxylic acids and derivatives	442.0	1607	EB-MSV000090464-gnps_ms2	transferred	4	318.1662	1.09	318.1661	0.938948	-0.314	-0.151	1.0	ms2_winner	assigned
C12H16N2O3	[M + H]+	2-(2-azaniumylpropanamido)-3-phenylpropanoate	CC(C(=O)NC(CC1=CC=CC=C1)C(=O)O)N	0.789	Amino acids and Peptides	Dipeptides	Carboxylic acids and derivatives	12872.0	1608	EB-MSV000090464-gnps_ms2	transferred	2	237.1237	1.1	237.1244	1.013436	2.952	-0.087	1.0	ms2_tie	assigned
C21H34N4O11	[M + H]+	(4S)-4-[[(2S)-2-acetamido-3-carboxypropanoyl]amino]-5-[[(2S)-1-[[(2S,3S)-1-carboxy-3-hydroxybutan-2-yl]amino]-3-methyl-1-oxobutan-2-yl]amino]-5-oxopentanoic acid	CC(C)C(C(=O)NC(CC(=O)O)C(C)O)NC(=O)C(CCC(=O)O)NC(=O)C(CC(=O)O)NC(=O)C	0.695	Amino acids and Peptides	Tripeptides	Carboxylic acids and derivatives	3191.0	1609	EB-MSV000090464-gnps_ms2	transferred	2	519.2304	1.08	519.2271	1.516	-6.356	0.436	0.7524	ms2_winner	assigned
C23H40N6O9	[M + H]+	(4R)-2,2-difluoro-3-hydroxy-N,6-dimethyl-4-[[(2S)-3-methyl-2-[[(2S)-3-methyl-2-(3-methylbutanoylamino)butanoyl]amino]butanoyl]amino]heptanamide	CC(C)CC(C(C(C(=O)NC)(F)F)O)NC(=O)C(C(C)C)NC(=O)C(C(C)C)NC(=O)CC(C)C	0.246	Amino acids and Peptides	Cyclic peptides	Carboxylic acids and derivatives	286.0	1611	EB-MSV000090464-gnps_ms2	transferred	2	545.2948	1.1	545.2946	0.920441	-0.367	-0.18	0.9934	ms2_winner	assigned
C22H37N9O7	[M + Na]+	D-Streptamine, O-2,6-diamino-2,6-dideoxy-alpha-D-glucopyranosyl-(1-4)-O-(beta-D-xylofuranosyl-(1-5))-N(sup 1)-(4-aminobutyryl)-2-deoxy-	C1C(C(C(C(C1NC(=O)CCCN)O)OC2C(C(C(O2)CO)O)O)OC3C(C(C(C(O3)CN)O)O)N)N	0.166	Amino acids and Peptides	Tripeptides	Carboxylic acids and derivatives	2380.0	1612	EB-MSV000090464-gnps_ms2	transferred	5	562.2718	1.09	562.2679	1.06661	-6.936	-0.023	0.9838	ms2_winner	assigned
C19H33N5O7	[M + H]+	H-DL-xiThr-DL-Pro-DL-Leu-DL-Asn-OH	CC(C)CC(C(=O)NC(CC(=O)N)C(=O)O)NC(=O)C1CCCN1C(=O)C(C(C)O)N	0.899	Amino acids and Peptides	Tripeptides	Carboxylic acids and derivatives	118.0	1613	EB-MSV000090464-gnps_ms2	transferred	3	444.2447	1.08	444.245	1.32955	0.675	0.25	0.9996	ms2_tie	assigned
C30H45N7O9	[M + H]+	H-Lys-Phe-D-Ala-Pro-Glu-Gly-OH	CC(C(=O)N1CCCC1C(=O)NC(CCC(=O)O)C(=O)NCC(=O)O)NC(=O)C(CC2=CC=CC=C2)NC(=O)C(CCCCN)N	0.379	Amino acids and Peptides	Tripeptides	Carboxylic acids and derivatives	1288.0	1617	EB-MSV000090464-gnps_ms2	transferred	2	648.334	1.08	648.3335	0.974	-0.771	-0.106	1.0	ms2_tie	assigned
C11H19N3O3	[M + H]+	(2R)-N-[(2R,3S)-1-amino-3-methyl-1-oxopentan-2-yl]-5-oxopyrrolidine-2-carboxamide	CCC(C)C(C(=O)N)NC(=O)C1CCC(=O)N1	0.524	Amino acids and Peptides	Dipeptides	Carboxylic acids and derivatives		1622	EB-MSV000090464-gnps_ms2	transferred	3	242.1503	1.11							low_cosine
C39H50N6O9	[M + H]+	1-[3-[2-[2-[2-[2-[2-[2-[2-[2-[2-[2-[2-(2-Methoxyethoxy)ethoxy]ethoxy]ethoxy]ethoxy]ethoxy]ethoxy]ethoxy]ethoxy]ethoxy]ethoxy]ethylamino]but-3-enyl]pyrrole-2,5-dione	COCCOCCOCCOCCOCCOCCOCCOCCOCCOCCOCCOCCNC(=C)CCN1C(=O)C=CC1=O	0.077	Amino acids and Peptides	Depsipeptides	Carboxylic acids and derivatives	5402.0	1623	EB-MSV000090464-gnps_ms2	transferred	3	747.37	1.1	747.3704	1.103	0.535	0.003	1.0	unique	assigned
C11H12N2O2	[M + H]+	Htrp	C1=CC=C2C(=C1)C(=CN2)CC(C(=O)O)N	0.911	Amino acids and Peptides	Aminoacids	Carboxylic acids and derivatives		1625	EB-MSV000090464-gnps_ms2	transferred	1	205.0976	1.09							low_cosine
C21H35N5O9	[M + H]+	Ac-Glu-Val-Glu-Ala-NHMe	CC(C)C(C(=O)NC(CCC(=O)O)C(=O)NC(C)C(=O)NC)NC(=O)C(CCC(=O)O)NC(=O)C	0.474	Amino acids and Peptides	Linear peptides	Carboxylic acids and derivatives	4358.0	1630	EB-MSV000090464-gnps_ms2	transferred	4	502.2514	1.11	502.2516	1.133098	0.398	0.023	0.9999	ms2_winner	assigned
C19H33N5O6	[M + H]+	H-DL-Val-DL-Pro-Gly-DL-Val-Gly-OH	CC(C)C(C(=O)N1CCCC1C(=O)NCC(=O)NC(C(C)C)C(=O)NCC(=O)O)N	0.329	Amino acids and Peptides	Tripeptides	Carboxylic acids and derivatives	58.0	1632	EB-MSV000090464-gnps_ms2	transferred	3	428.2514	1.11	428.2515	0.939803	0.234	-0.17	0.9999	ms2_winner	assigned
C20H33N5O9	[M + H]+	2-{1-[({3-[(1-carbamoyl-2-phenylethyl)carbamoyl]-5,6-dihydroxycyclohex-2-en-1-yl}carbamoyl)methyl]cyclopentyl}acetic acid	C1CCC(C1)(CC(=O)NC2C=C(CC(C2O)O)C(=O)NC(CC3=CC=CC=C3)C(=O)N)CC(=O)O	0.031	Amino acids and Peptides	Cyclic peptides	Carboxylic acids and derivatives	11849.0	1633	EB-MSV000090464-gnps_ms2	transferred	4	488.2339	1.1	488.2323	0.853244	-3.277	-0.247	0.9556	ms2_tie	assigned
C39H60N8O14	[M + K]+	H-Asn-Pro-Phe-Glu-Val-Phe-Leu-OH	CC(C)CC(C(=O)O)NC(=O)C(CC1=CC=CC=C1)NC(=O)C(C(C)C)NC(=O)C(CCC(=O)O)NC(=O)C(CC2=CC=CC=C2)NC(=O)C3CCCN3C(=O)C(CC(=O)N)N	0.242	Amino acids and Peptides	Linear peptides	Carboxylic acids and derivatives	3208.0	1634	EB-MSV000090464-gnps_ms2	transferred	2	903.3946	1.13	903.3977	1.031151	3.432	-0.099	0.9977	ms2_tie	assigned
C21H31N5O6	[M + H]+	H-Glu-Ala-Lys-Pro-al	CC(C(=O)NC(CCCCN)C(=O)N1CCCC1C=O)NC(=O)C(CCC(=O)O)N	0.14	Amino acids and Peptides	Tripeptides	Carboxylic acids and derivatives	2042.0	1635	EB-MSV000090464-gnps_ms2	transferred	3	450.2324	1.11	450.2328	0.925466	0.888	-0.185	0.9936	ms2_tie	assigned
C28H28N2O6S	[M + H]+	N-[(2S,3R,4R,5S,6R)-2-[(2R,3S,4R,5R,6R)-5-acetamido-4-hydroxy-2-(hydroxymethyl)-6-[(2R)-2-hydroxypropoxy]oxan-3-yl]oxy-4,5-dihydroxy-6-(hydroxymethyl)oxan-3-yl]acetamide	CC(COC1C(C(C(C(O1)CO)OC2C(C(C(C(O2)CO)O)O)NC(=O)C)O)NC(=O)C)O	0.493	Carbohydrates	Aminosugars	Carboxylic acids and derivatives	8562.0	1636	EB-MSV000090464-gnps_ms2	transferred	1	521.1745	1.12	521.1741	1.124448	-0.767	0.004	0.9999	unique	assigned
C22H36N6O10	[M + H]+	(1S,7S,10R,11S,12S,16R)-3-[1-[2-(aminomethyl)-1,3-thiazol-4-yl]prop-1-en-2-yl]-7,11-dihydroxy-8,8,10,12,16-pentamethyl-4,17-dioxabicyclo[14.1.0]heptadecane-5,9-dione	CC1CCCC2(C(O2)CC(OC(=O)CC(C(C(=O)C(C1O)C)(C)C)O)C(=CC3=CSC(=N3)CN)C)C	0.075	Amino acids and Peptides	Depsipeptides	Carboxylic acids and derivatives	5349.0	1650	EB-MSV000090464-gnps_ms2	transferred	2	545.2585	1.11	545.2582	0.974122	-0.55	-0.136	0.8986	ms2_winner	assigned
C10H16N2O4S	[M + H]+	4-(methylsulfanyl)-2-[(5-oxopyrrolidin-2-yl)formamido]butanoic acid	CSCCC(C(=O)O)NC(=O)C1CCC(=O)N1	0.999	Amino acids and Peptides	Dipeptides	Carboxylic acids and derivatives	909.0	1653	EB-MSV000090464-gnps_ms2	transferred	1	261.0902	1.12	261.09	1.109959	-0.766	-0.01	1.0	unique	assigned
C5H6Cl2NO2	[M + H]+	4-Methoxy-1,2,5-thiadiazole-3-carboxylic acid	COC1=NSN=C1C(=O)O	0.044	Alkaloids	Imidazole alkaloids	Heteroaromatic compounds		1655	EB-MSV000090464-gnps_ms2	transferred	0	182.9854	1.12							no_match
C17H31N5O6	[M + H]+	H-Ala-Val-Ala-Ala-Ala-OH	CC(C)C(C(=O)NC(C)C(=O)NC(C)C(=O)NC(C)C(=O)O)NC(=O)C(C)N	0.329	Amino acids and Peptides	Tripeptides	Carboxylic acids and derivatives	161.0	1656	EB-MSV000090464-gnps_ms2	transferred	2	402.2365	1.12	402.2363	0.959192	-0.497	-0.161	0.8172	ms2_winner	assigned
C49H54N6O13	[M + H]+	N-[23-chloro-7,17-dihydroxy-2,5,9,11,15-pentamethyl-6-(3-methylbutan-2-yl)-19-(2-methylpropyl)-1,4,10,13,20-pentaoxo-12-phenyl-1H,2H,3H,4H,5H,6H,9H,10H,11H,12H,13H,15H,16H,19H,20H,22H,23H,24H,24aH-pyrrolo[2,1-o]1-oxa-4,7,10,13,16,19-hexaazacyclodocosan-16-yl]-3-hydroxypyridine-2-carboximidic acid	CC1C(C(=O)NC(C(=O)N2CC(CC2C(=O)N(CC(=O)N(C(C(=O)NC(C(=O)N(C(C(=O)O1)C3=CC=CC=C3)C)C)C(C)C(C)C)C)C)Cl)CC(C)C)NC(=O)C4=C(C=CC=N4)O	0.387	Amino acids and Peptides	Depsipeptides	Peptidomimetics	2871.0	1657	EB-MSV000090464-gnps_ms2	transferred	1	935.3703	1.13	935.3716	1.136809	1.39	0.007	1.0	unique	assigned
C22H44N6O9	[M + K]+	N-{1-[(5,10-dihydroxy-2,7-dioxo-1,6-diazacyclododec-3-en-8-yl)carbamoyl]-2-hydroxypropyl}trideca-2,4-dienamide	CCCCCCCCC=CC=CC(=O)NC(C(C)O)C(=O)NC1CC(CCNC(=O)C=CC(NC1=O)O)O	0.153	Amino acids and Peptides	Cyclic peptides	Carboxylic acids and derivatives		1658	EB-MSV000090464-gnps_ms2	transferred	1	575.2794	1.12							low_cosine
C7H11NO2Si	[M + H]+	3-[(Z)-but-2-enyl]-2-methylidene-1,3-thiazolidin-4-one	CC=CCN1C(=C)SCC1=O	0.128	Fatty acids	Primary amides	Azacyclic compounds	745.0	1664	EB-MSV000090464-gnps_ms2	transferred	1	170.0604	1.12	170.0602	1.004	-1.176	-0.116	0.9998	unique	assigned
C34H52N8O11	[M + H]+	Aspergillicin B	CCCC1C(=O)N2CCCC2C(=O)N3CCCC3C(=O)N(C(C(=O)NC(C(=O)OC(C(C(=O)N1)NC(=O)C)C)C(C)C)CC4=CC=C(C=C4)OC)C	0.555	Amino acids and Peptides	Linear peptides	Carboxylic acids and derivatives	2471.0	1666	EB-MSV000090464-gnps_ms2	transferred	1	749.3803	1.13	749.3803	0.959271	0.0	-0.171	0.9999	unique	assigned
C11H20N2O3	[M + Na]+	1-(2-amino-4-methylpentanoyl)pyrrolidine-2-carboxylic acid	CC(C)CC(C(=O)N1CCCC1C(=O)O)N	0.802	Amino acids and Peptides	Dipeptides	Carboxylic acids and derivatives	31284.0	1678	EB-MSV000090464-gnps_ms2	transferred	2	251.1366	1.13	251.1383	1.27468	6.769	0.145	0.9903	ms2_winner	assigned
C28H34BN5O5	[M + H]+	N-(carbamoylmethyl)-4-methyl-2-({1-[1-(pyrrolidine-2-carbonyl)piperidine-4-carbonyl]pyrrolidin-2-yl}formamido)pentanamide	CC(C)CC(C(=O)NCC(=O)N)NC(=O)C1CCCN1C(=O)C2CCN(CC2)C(=O)C3CCCN3	0.563	Amino acids and Peptides	Tripeptides	Carboxylic acids and derivatives		1680	EB-MSV000090464-gnps_ms2	transferred	3	531.2751	1.15							low_cosine
C20H32N4O8	[M + H]+	Cyclo-(L-Val-L-Glu-L-Val-L-Glu)	CC(C)C1C(=O)NC(C(=O)NC(C(=O)NC(C(=O)N1)CCC(=O)O)C(C)C)CCC(=O)O	0.945	Amino acids and Peptides	Tripeptides	Carboxylic acids and derivatives	1438.0	1682	EB-MSV000090464-gnps_ms2	transferred	1	457.2314	1.15	457.2311	0.957981	-0.656	-0.192	0.8304	unique	assigned
C11H20N2O3	[M + H]+	1-(2-amino-4-methylpentanoyl)pyrrolidine-2-carboxylic acid	CC(C)CC(C(=O)N1CCCC1C(=O)O)N	0.464	Amino acids and Peptides	Dipeptides	Carboxylic acids and derivatives	280.0	1684	EB-MSV000090464-gnps_ms2	transferred	2	229.1545	1.14	229.1546	0.950903	0.436	-0.189	0.975	ms2_winner	assigned
C18H31N5O6	[M + H]+	For-Ala-Ala-Pro-Lys-OH	CC(C(=O)NC(C)C(=O)N1CCCC1C(=O)NC(CCCCN)C(=O)O)NC=O	0.323	Amino acids and Peptides	Tripeptides	Carboxylic acids and derivatives	396.0	1686	EB-MSV000090464-gnps_ms2	transferred	1	414.2359	1.14	414.2359	1.090127	0.0	-0.05	0.9997	unique	assigned
C2H4BNO4	[M + K]+								1689	EB-MSV000090464-gnps_ms2	transferred	0	154.9901	1.14							no_match
C11H20N2O5	[M + H]+	Gamma-Glu-Leu	CC(C)CC(C(=O)O)NC(=O)CCC(C(=O)O)N	0.903	Amino acids and Peptides	Dipeptides	Carboxylic acids and derivatives	5752.0	1690	EB-MSV000090464-gnps_ms2	transferred	5	261.1441	1.15	261.1441	1.158087	0.0	0.008	1.0	ms2_winner	assigned
C20H27N5O7	[M + H]+	Ala-Trp-Ser-Ser	CC(C(=O)NC(CC1=CNC2=CC=CC=C21)C(=O)NC(CO)C(=O)NC(CO)C(=O)O)N	0.368	Amino acids and Peptides	Tripeptides	Carboxylic acids and derivatives	5076.0	1693	EB-MSV000090464-gnps_ms2	transferred	1	450.2004	1.16	450.1966	1.149393	-8.441	-0.011	0.9979	unique	assigned
C10H16N2O4	[M + H]+	3-methyl-2-[(5-oxopyrrolidin-2-yl)formamido]butanoic acid	CC(C)C(C(=O)O)NC(=O)C1CCC(=O)N1	0.996	Amino acids and Peptides	Dipeptides	Carboxylic acids and derivatives		1694	EB-MSV000090464-gnps_ms2	transferred	1	229.1183	1.15							low_cosine
C35H51N7O11	[M + Na]+	3,18-dibenzyl-6-methyl-15-(2-methylpropyl)-1,4,7,13,16,19,22-heptaazatricyclo[22.3.0.0⁹,¹³]heptacosane-2,5,8,14,17,20,23-heptone	CC1C(=O)NC(C(=O)N2CCCC2C(=O)NCC(=O)NC(C(=O)NC(C(=O)N3CCCC3C(=O)N1)CC(C)C)CC4=CC=CC=C4)CC5=CC=CC=C5	0.173	Amino acids and Peptides	Cyclic peptides	Carboxylic acids and derivatives	1824.0	1696	EB-MSV000090464-gnps_ms2	transferred	2	768.3516	1.16	768.3521	1.158535	0.651	-0.001	1.0	ms2_winner	assigned
C31H44N6O10	[M + H]+	H-Asp-Trp-Glu-Ile-Val-OH	CCC(C)C(C(=O)NC(C(C)C)C(=O)O)NC(=O)C(CCC(=O)O)NC(=O)C(CC1=CNC2=CC=CC=C21)NC(=O)C(CC(=O)O)N	0.568	Amino acids and Peptides	Tripeptides	Carboxylic acids and derivatives		1699	EB-MSV000090464-gnps_ms2	transferred	1	661.317	1.16							low_cosine
C11H9NO2	[M + H]+	Trans-3-Indoleacrylic Acid	C1=CC=C2C(=C1)C(=CN2)C=CC(=O)O	0.484	Alkaloids	Simple indole alkaloids	Indoles and derivatives		1701	EB-MSV000090464-gnps_ms2	transferred	1	188.0709	1.15							low_cosine
C17H33N5O6	[M + Na]+	H-Gly-Pro-Val-Gly-Pro-OH	CC(C)C(C(=O)NCC(=O)N1CCCC1C(=O)O)NC(=O)C2CCCN2C(=O)CN	0.354	Amino acids and Peptides	Tripeptides	Carboxylic acids and derivatives	10654.0	1702	EB-MSV000090464-gnps_ms2	transferred	2	426.2342	1.16	426.2332	1.259	-2.346	0.099	0.9892	unique	assigned
C21H35N5O8	[M + H]+	H-Ala-Pro-Glu-Ala-Val-OH	CC(C)C(C(=O)O)NC(=O)C(C)NC(=O)C(CCC(=O)O)NC(=O)C1CCCN1C(=O)C(C)N	0.905	Amino acids and Peptides	Tripeptides	Carboxylic acids and derivatives		1706	EB-MSV000090464-gnps_ms2	transferred	2	486.256	1.15							low_cosine
C20H32N4O7	[M + H]+	H-DL-Glu-DL-Pro-DL-Val-DL-Pro-OH	CC(C)C(C(=O)N1CCCC1C(=O)O)NC(=O)C2CCCN2C(=O)C(CCC(=O)O)N	0.632	Amino acids and Peptides	Tripeptides	Carboxylic acids and derivatives	65.0	1707	EB-MSV000090464-gnps_ms2	transferred	1	441.236	1.16	441.2363	0.965375	0.68	-0.195	0.9953	unique	assigned
C10H10N2	[M + H]+	(1Z)-2-(1H-indol-3-yl)ethanimine	C1=CC=C2C(=C1)C(=CN2)CC=N	0.643	Alkaloids	Simple indole alkaloids	Indoles and derivatives	1127.0	1708	EB-MSV000090464-gnps_ms2	transferred	1	159.0919	1.17	159.0922	1.002836	1.886	-0.167	0.9987	unique	assigned
C23H40N2O15	[M + H]+	N-[(2S,4R,5R)-6-[[(2R,4R,5R)-3-acetamido-4-hydroxy-6-(hydroxymethyl)-5-[(2S,4S,5R)-3,4,5-trihydroxy-6-(hydroxymethyl)oxan-2-yl]oxyoxan-2-yl]oxymethyl]-4,5-dihydroxy-2-methyloxan-3-yl]acetamide	CC1C(C(C(C(O1)COC2C(C(C(C(O2)CO)OC3C(C(C(C(O3)CO)O)O)O)O)NC(=O)C)O)O)NC(=O)C	0.263	Carbohydrates	Cyanogenic glycosides	Carboxylic acids and derivatives	2772.0	1710	EB-MSV000090464-gnps_ms2	transferred	3	585.2508	1.17	585.251	1.17659	0.342	0.007	0.9999	ms2_winner	assigned
C21H28N4O6	[M + H]+	3-[(2-amino-4-methylpentanoyl)amino]-4-[[1-carboxy-2-(1H-indol-3-yl)ethyl]amino]-4-oxobutanoic acid	CC(C)CC(C(=O)NC(CC(=O)O)C(=O)NC(CC1=CNC2=CC=CC=C21)C(=O)O)N	0.588	Amino acids and Peptides	Dipeptides	Carboxylic acids and derivatives	317.0	1711	EB-MSV000090464-gnps_ms2	transferred	2	433.2073	1.17	433.2072	0.984209	-0.231	-0.186	0.9999	unique	assigned
C17H31N5O6	[M + H]+	H-DL-Val-DL-Leu-Gly-Gly-Gly-OH	CC(C)CC(C(=O)NCC(=O)NCC(=O)NCC(=O)O)NC(=O)C(C(C)C)N	0.607	Amino acids and Peptides	Tripeptides	Carboxylic acids and derivatives	503.0	1712	EB-MSV000090464-gnps_ms2	transferred	2	402.2365	1.17	402.2368	1.038264	0.746	-0.132	1.0	ms2_winner	assigned
C50H54N4O12	[M + H]+	cyclo[Arg-Unk-Asp-Ile-Asn-Asn-Asn-Val]	CCC(C)C1C(=O)NC(C(=O)NC(C(=O)NC(C(=O)NC(C(=O)NC(C(=O)N=CC(=O)NC(C(=O)N1)CC(=O)O)CCCN=C(N)N)C(C)C)CC(=O)N)CC(=O)N)CC(=O)N	0.207	Amino acids and Peptides	Linear peptides	Carboxylic acids and derivatives	6326.0	1718	EB-MSV000090464-gnps_ms2	transferred	2	903.3942	1.18	903.3964	1.196285	2.435	0.016	1.0	ms2_tie	assigned
C18H32N2O10	[M + H]+	2-[[1-[2-(2-Aminopropanoylamino)-3-methylbutanoyl]pyrrolidine-2-carbonyl]amino]-3-methylpentanoic acid	CCC(C)C(C(=O)O)NC(=O)C1CCCN1C(=O)C(C(C)C)NC(=O)C(C)N	0.247	Amino acids and Peptides	Tripeptides	Carboxylic acids and derivatives	1145.0	1719	EB-MSV000090464-gnps_ms2	transferred	4	437.2157	1.18	437.2158	1.165667	0.229	-0.014	1.0	ms2_tie	assigned
C4H4N2O3S	[M + Na]+	4-Methoxy-1,2,5-thiadiazole-3-carboxylic acid	COC1=NSN=C1C(=O)O	0.051	Alkaloids	Imidazole alkaloids	Azoles		1722	EB-MSV000090464-gnps_ms2	transferred	0	182.9855	1.18							no_match
C13H25N3O4S	[M + H]+	2-[[2-[(2-Amino-4-methylsulfanylbutanoyl)amino]acetyl]amino]-3-methylpentanoic acid	CCC(C)C(C(=O)O)NC(=O)CNC(=O)C(CCSC)N	0.52	Amino acids and Peptides	Tripeptides	Carboxylic acids and derivatives		1723	EB-MSV000090464-gnps_ms2	transferred	2	320.1646	1.19							low_cosine
C26H42N8O12	[M + K]+	(2~{R},3~{S},4~{S},5~{R},6~{S})-2-(hydroxymethyl)-6-[(2~{R},3~{R},4~{S},5~{R},6~{S})-2-(hydroxymethyl)-6-[(2~{R},3~{R},4~{S},5~{R},6~{R})-2-(hydroxymethyl)-3,5-bis(oxidanyl)-6-[4-(3-pyridin-1-ium-1-ylpropyl)-1,2,3-triazol-1-yl]oxan-4-yl]oxy-3,5-bis(oxidanyl)oxan-4-yl]oxy-oxane-3,4,5-triol	C1=CC=[N+](C=C1)CCCC2=CN(N=N2)C3C(C(C(C(O3)CO)O)OC4C(C(C(C(O4)CO)O)OC5C(C(C(C(O5)CO)O)O)O)O)O	0.039	Carbohydrates	Aminoglycosides	Carboxylic acids and derivatives		1727	EB-MSV000090464-gnps_ms2	transferred	3	697.263	1.19							low_cosine
C11H16N2O3	[M + H]+	N-(2,6-dioxopiperidin-3-yl)-2,2-dimethylcyclopropane-1-carboxamide	CC1(CC1C(=O)NC2CCC(=O)NC2=O)C	0.234	Amino acids and Peptides	Dipeptides	Carboxylic acids and derivatives	2015.0	1731	EB-MSV000090464-gnps_ms2	transferred	1	225.1237	1.19	225.1236	1.196839	-0.444	0.007	1.0	unique	assigned
C10H16N2O2	[M + H]+	3-(propan-2-yl)-octahydropyrrolo[1,2-a]pyrazine-1,4-dione	CC(C)C1C(=O)N2CCCC2C(=O)N1	0.574	Amino acids and Peptides	Dipeptides	Carboxylic acids and derivatives	292.0	1732	EB-MSV000090464-gnps_ms2	transferred	1	197.1289	1.19	197.1288	1.531	-0.507	0.341	0.8389	unique	assigned
C8H11NOS	[M + H]+	5-Tert-butyl-1,3-thiazole-2-carbaldehyde	CC(C)(C)C1=CN=C(S1)C=O	0.039	Fatty acids	Primary amides	Carboxylic acids and derivatives	745.0	1733	EB-MSV000090464-gnps_ms2	transferred	1	170.0604	1.2	170.0602	1.004	-1.176	-0.196	0.9748	unique	assigned
C20H33N5O8	[M + H]+	(2S)-2-[[(2S,3S)-2-[[(2S)-2-benzyl-4-(hydroxyamino)-4-oxobutanoyl]amino]-3-methylpentanoyl]amino]-4-methylpentanoic acid	CCC(C)C(C(=O)NC(CC(C)C)C(=O)O)NC(=O)C(CC1=CC=CC=C1)CC(=O)NO	0.32	Amino acids and Peptides	Tripeptides	Carboxylic acids and derivatives		1734	EB-MSV000090464-gnps_ms2	transferred	2	472.2423	1.2							low_cosine
C9H21N5O2	[M + H]+	l-Valine, tert-butyldimethylsilyl ester	CC(C)C(C(=O)O[Si](C)(C)C(C)(C)C)N	0.174	Amino acids and Peptides	Aminoacids	Carboxylic acids and derivatives		1735	EB-MSV000090464-gnps_ms2	transferred	2	232.174	1.2							no_ms2_candidate
C11H19N3O3	[M + H]+	(2R)-N-[(2R)-1-amino-4-methyl-1-oxopentan-2-yl]-5-oxopyrrolidine-2-carboxamide	CC(C)CC(C(=O)N)NC(=O)C1CCC(=O)N1	0.473	Amino acids and Peptides	Dipeptides	Carboxylic acids and derivatives	945.0	1736	EB-MSV000090464-gnps_ms2	transferred	3	242.1503	1.2	242.1502	1.197051	-0.413	-0.003	1.0	ms2_winner	assigned
C22H24N4O4	[M + H]+	2-[[2-[(2-amino-3-phenylpropanoyl)amino]acetyl]amino]-3-(1H-indol-3-yl)propanoic acid	C1=CC=C(C=C1)CC(C(=O)NCC(=O)NC(CC2=CNC3=CC=CC=C32)C(=O)O)N	0.438	Amino acids and Peptides	Dipeptides	Carboxylic acids and derivatives		1737	EB-MSV000090464-gnps_ms2	transferred	2	409.1891	1.21							low_cosine
C22H31N5O5	[M + H]+	2-[[2-[(2,5-diamino-5-oxopentanoyl)amino]-4-methylpentanoyl]amino]-3-(1H-indol-3-yl)propanoic acid	CC(C)CC(C(=O)NC(CC1=CNC2=CC=CC=C21)C(=O)O)NC(=O)C(CCC(=O)N)N	0.556	Amino acids and Peptides	Tripeptides	Carboxylic acids and derivatives	1974.0	1738	EB-MSV000090464-gnps_ms2	transferred	4	446.2404	1.2	446.2402	1.206888	-0.448	0.007	0.9999	unique	assigned
C19H29N5O9	[M + H]+	2-({1-[2-(methylsulfanyl)acetyl]-3-{[(propan-2-yl)carbamoyl]amino}pyrrolidin-2-yl}formamido)-3-phenylpropanamide	CC(C)NC(=O)NC1CCN(C1C(=O)NC(CC2=CC=CC=C2)C(=O)N)C(=O)CSC	0.079	Amino acids and Peptides	Cyclic peptides	Carboxylic acids and derivatives	3720.0	1739	EB-MSV000090464-gnps_ms2	transferred	2	472.2034	1.2	472.2039	1.202973	1.059	0.003	1.0	ms2_tie	assigned
C33H38N8O8	[M + Na]+	3-[(10Z,14Z)-7,12,17-tris(2-carboxyethyl)-3,8,13,18-tetramethyl-5,20,21,22,23,24-hexahydroporphyrin-2-yl]propanoic acid	CC1=C2CC3=C(C(=C(N3)C=C4C(=C(C(=CC5=C(C(=C(N5)CC(=C1CCC(=O)O)N2)C)CCC(=O)O)N4)C)CCC(=O)O)C)CCC(=O)O	0.006	Amino acids and Peptides	Depsipeptides	Peptidomimetics	4542.0	1740	EB-MSV000090464-gnps_ms2	transferred	3	697.2637	1.2	697.2698	1.177516	8.748	-0.022	0.9999	ms2_winner	assigned
C13H27N3O6	[M + K]+	(2S,3S,4S,5R,6S)-2-(hydroxymethyl)-6-(4-phenyldiazenylanilino)oxane-3,4,5-triol	C1=CC=C(C=C1)N=NC2=CC=C(C=C2)NC3C(C(C(C(O3)CO)O)O)O	0.096	Amino acids and Peptides	Dipeptides	Organooxygen compounds	19139.0	1741	EB-MSV000090464-gnps_ms2	transferred	1	360.1506	1.19	360.1505	0.798	-0.278	-0.392	0.9868	unique	assigned
C45H63N7O11	[M + K]+	H-Leu-Gly-Leu-Asn-Gly-Asp-Asp-Val-Asn-OH	CC(C)CC(C(=O)NCC(=O)NC(CC(C)C)C(=O)NC(CC(=O)N)C(=O)NCC(=O)NC(CC(=O)O)C(=O)NC(CC(=O)O)C(=O)NC(C(C)C)C(=O)NC(CC(=O)N)C(=O)O)N	0.105	Amino acids and Peptides	Linear peptides	Carboxylic acids and derivatives	4092.0	1742	EB-MSV000090464-gnps_ms2	transferred	1	916.4274	1.2	916.4268	1.200718	-0.655	0.001	1.0	unique	assigned
C33H38N8O8	[M + H]+	Anhwiedelphinine	CC1CC(=O)N(C1=O)C2=CC=CC=C2C(=O)OCC34CCC(C56C3C(C(C5N=C4)(C7(CC(C8CC6C7C8OC)OC)O)O)OC)OC	0.036	Amino acids and Peptides	Antimycins	Carboxylic acids and derivatives		1743	EB-MSV000090464-gnps_ms2	transferred	3	675.2852	1.2							low_cosine
C13H16N2O5	[M + H]+	Asp-Phe	C1=CC=C(C=C1)CC(C(=O)O)NC(=O)C(CC(=O)O)N	0.991	Amino acids and Peptides	Dipeptides	Carboxylic acids and derivatives		1746	EB-MSV000090464-gnps_ms2	transferred	2	281.1132	1.2							low_cosine
C16H27N3O8	[M + H]+	H-Glu-Glu-Leu-OH	CC(C)CC(C(=O)O)NC(=O)C(CCC(=O)O)NC(=O)C(CCC(=O)O)N	0.77	Amino acids and Peptides	Tripeptides	Carboxylic acids and derivatives	3411.0	1749	EB-MSV000090464-gnps_ms2	transferred	2	390.1877	1.21	390.188	1.209867	0.769	-0.0	0.9976	unique	assigned
C41H45N3O11	[M + H]+	Unk-DL-xiThr-DL-Ser-DL-xiThr-Gly-DL-Ser-DL-Ala-DL-Pro-Me	CC(C(C)O)C(=O)NC(C(C)O)C(=O)NC(CO)C(=O)NC(C(C)O)C(=O)NCC(=O)NC(CO)C(=O)NC(C)C(=O)N1CCCC1C(=O)C	0.439	Amino acids and Peptides	Tripeptides	Carboxylic acids and derivatives	2000.0	1753	EB-MSV000090464-gnps_ms2	transferred	2	756.3217	1.19	756.3241	0.974237	3.173	-0.216	0.9998	ms2_winner	assigned
C21H35N5O9	[M + H]+	Ac-Glu-Val-Glu-Ala-NHMe	CC(C)C(C(=O)NC(CCC(=O)O)C(=O)NC(C)C(=O)NC)NC(=O)C(CCC(=O)O)NC(=O)C	0.121	Amino acids and Peptides	Tripeptides	Carboxylic acids and derivatives	4358.0	1756	EB-MSV000090464-gnps_ms2	transferred	4	502.2517	1.21	502.2516	1.133098	-0.199	-0.077	0.8472	ms2_winner	assigned
C15H25N3O8	[M + H]+	2-[[2-[(2-Amino-4-carboxybutanoyl)amino]-3-carboxypropanoyl]amino]-4-methylpentanoic acid	CC(C)CC(C(=O)O)NC(=O)C(CC(=O)O)NC(=O)C(CCC(=O)O)N	0.483	Amino acids and Peptides	Tripeptides	Carboxylic acids and derivatives	805.0	1758	EB-MSV000090464-gnps_ms2	transferred	3	376.1712	1.21	376.1725	1.072606	3.456	-0.137	0.8884	ms2_winner	assigned
C25H44N6O6	[M + H]+	H-(Val-pro-gly-val-gly)(n)-val-ome	CC(C)C(C(=O)CO[C](C(C)C)C(=O)NCC(=O)NC(C(C)C)C(=O)N1CC[CH]N1C(=O)NC(C)C)N	0.039	Amino acids and Peptides	Tripeptides	Carboxylic acids and derivatives	474.0	1759	EB-MSV000090464-gnps_ms2	transferred	1	525.3407	1.22	525.3403	1.579	-0.761	0.359	0.9804	unique	assigned
C44H54N4O15	[M + H]+	Cyclo(L-Thr-L-Gln-L-Ile-L-Asp-L-Ser-L-Pro-L-Ala-L-Ala-Gly-)	CCC(C)C1C(=O)NC(C(=O)NC(C(=O)N2CCCC2C(=O)NC(C(=O)NC(C(=O)NCC(=O)NC(C(=O)NC(C(=O)N1)CCC(=O)N)C(C)O)C)C)CO)CC(=O)O	0.808	Amino acids and Peptides	Linear peptides	Carboxylic acids and derivatives	3087.0	1760	EB-MSV000090464-gnps_ms2	transferred	4	879.3706	1.22	879.3716	1.22236	1.137	0.002	0.9987	ms2_tie	assigned
C11H19FN2O4	[M + H]+		CC(C)CC(C(=O)NC(CCSC)C(=O)O)N	0.803	Amino acids and Peptides	Dipeptides	Carboxylic acids and derivatives	4050.0	1761	EB-MSV000090464-gnps_ms2	transferred	4	263.1426	1.23	263.1429	1.232811	1.14	0.003	0.9919	ms2_winner	assigned
C11H20N2O3	[M + Na]+	1-(2-amino-4-methylpentanoyl)pyrrolidine-2-carboxylic acid	CC(C)CC(C(=O)N1CCCC1C(=O)O)N	0.787	Amino acids and Peptides	Dipeptides	Carboxylic acids and derivatives	31284.0	1763	EB-MSV000090464-gnps_ms2	transferred	2	251.1366	1.2	251.1383	1.27468	6.769	0.075	0.9899	ms2_winner	assigned
C28H47N9O12S	[M + H]+	4-{2-[(1-{2-[2-(2-amino-3-methylpentanamido)-3-hydroxybutanamido]-3-hydroxybutanoyl}pyrrolidin-2-yl)formamido]-3-(1H-imidazol-4-yl)propanamido}-4-carbamoylbutanoic acid	CCC(C)C(C(=O)NC(C(C)O)C(=O)NC(C(C)O)C(=O)N1CCCC1C(=O)NC(CC2=CN=CN2)C(=O)NC(CCC(=O)O)C(=O)N)N	0.165	Amino acids and Peptides	Tripeptides	Carboxylic acids and derivatives	4768.0	1767	EB-MSV000090464-gnps_ms2	transferred	2	734.3169	1.22	734.3174	1.2401	0.681	0.02	0.9737	ms2_winner	assigned
C11H22N2O3	[M + H]+		CC(C)CC(C(=O)O)NC(=O)C(C(C)C)N	0.87	Amino acids and Peptides	Dipeptides	Carboxylic acids and derivatives		1768	EB-MSV000090464-gnps_ms2	transferred	4	231.171	1.23							low_cosine
C20H34N4O6	[M + H]+	H-DL-xiThr-DL-Leu-DL-Pro-DL-Pro-OH	CC(C)CC(C(=O)N1CCCC1C(=O)N2CCCC2C(=O)O)NC(=O)C(C(C)O)N	0.246	Amino acids and Peptides	Tripeptides	Carboxylic acids and derivatives		1771	EB-MSV000090464-gnps_ms2	transferred	3	427.2572	1.23							low_cosine
C28H47N9O12S	[M + H]+	4-{2-[(1-{2-[2-(2-amino-3-methylpentanamido)-3-hydroxybutanamido]-3-hydroxybutanoyl}pyrrolidin-2-yl)formamido]-3-(1H-imidazol-4-yl)propanamido}-4-carbamoylbutanoic acid	CCC(C)C(C(=O)NC(C(C)O)C(=O)NC(C(C)O)C(=O)N1CCCC1C(=O)NC(CC2=CN=CN2)C(=O)NC(CCC(=O)O)C(=O)N)N	0.184	Amino acids and Peptides	Tripeptides	Carboxylic acids and derivatives	4768.0	1772	EB-MSV000090464-gnps_ms2	transferred	3	734.3178	1.23	734.3174	1.2401	-0.545	0.01	0.9999	ms2_winner	assigned
C11H9NO2	[M + H]+	Trans-3-Indoleacrylic Acid	C1=CC=C2C(=C1)C(=CN2)C=CC(=O)O	0.551	Alkaloids	Simple indole alkaloids	Indoles and derivatives		1775	EB-MSV000090464-gnps_ms2	transferred	1	188.071	1.23							low_cosine
C29H30N4O7	[M + H]+	Asp-Leu-Val-Tyr	CC(C)CC(C(=O)NC(C(C)C)C(=O)NC(CC1=CC=C(C=C1)O)C(=O)O)NC(=O)C(CC(=O)O)N	0.356	Amino acids and Peptides	Tripeptides	Carboxylic acids and derivatives	5032.0	1776	EB-MSV000090464-gnps_ms2	transferred	2	547.2141	1.23	547.2144	1.229	0.548	-0.001	0.9965	ms2_tie	assigned
C27H40N4O8	[M + Na]+	(3S)-1-[6-[(3R)-2,5-dioxo-3-(4-propan-2-yloxyphenyl)pyrrolidin-1-yl]hexyl]-3-(4-propan-2-yloxyphenyl)pyrrolidine-2,5-dione	CC(C)OC1=CC=C(C=C1)C2CC(=O)N(C2=O)CCCCCCN3C(=O)CC(C3=O)C4=CC=C(C=C4)OC(C)C	0.049	Amino acids and Peptides	Isocoumarins	Carboxylic acids and derivatives	5054.0	1777	EB-MSV000090464-gnps_ms2	transferred	3	571.272	1.23	571.272	1.242	0.0	0.012	0.9418	ms2_tie	assigned
C18H31N5O6	[M + H]+	For-Ala-Ala-Pro-Lys-OH	CC(C(=O)NC(C)C(=O)N1CCCC1C(=O)NC(CCCCN)C(=O)O)NC=O	0.597	Amino acids and Peptides	Tripeptides	Carboxylic acids and derivatives	396.0	1781	EB-MSV000090464-gnps_ms2	transferred	2	414.2361	1.23	414.2359	1.090127	-0.483	-0.14	0.9613	ms2_winner	assigned
C11H12N2O2	[M + H]+	Htrp	C1=CC=C2C(=C1)C(=CN2)CC(C(=O)O)N	0.928	Amino acids and Peptides	Aminoacids	Carboxylic acids and derivatives		1782	EB-MSV000090464-gnps_ms2	transferred	1	205.0976	1.23							low_cosine
C23H38N6O8	[M + H]+	Chlamydocin	CC1(C(=O)NC(C(=O)N2CCCC2C(=O)NC(C(=O)N1)CCCCCC(=O)C3CO3)CC4=CC=CC=C4)C	0.382	Amino acids and Peptides	Cyclic peptides	Carboxylic acids and derivatives	2149.0	1784	EB-MSV000090464-gnps_ms2	transferred	4	527.2822	1.25	527.282	1.264029	-0.379	0.014	1.0	ms2_tie	assigned
C28H38N4O7	[M + H]+	(4S)-2,2-difluoro-N,6-dimethyl-4-[[(2S)-3-methyl-1-[[(2S)-3-methyl-2-(3-methylbutanoylamino)butanoyl]amino]-1-oxobutan-2-yl]amino]-3-oxoheptanamide	CC(C)CC(C(=O)C(C(=O)NC)(F)F)NC(C(C)C)C(=O)NC(=O)C(C(C)C)NC(=O)CC(C)C	0.35	Amino acids and Peptides	Tripeptides	Carboxylic acids and derivatives	2994.0	1785	EB-MSV000090464-gnps_ms2	transferred	4	543.2779	1.24	543.2774	1.241177	-0.92	0.001	0.9999	ms2_winner	assigned
C31H42N6O8S	[M + H]+	2-[2-(2-{[(benzyloxy)carbonyl]amino}-5-(tert-butoxy)-5-oxopentanamido)-4-(tert-butoxy)-4-oxobutanamido]-4-carbamoylbutanoic acid	CC(C)(C)OC(=O)CCC(C(=O)NC(CC(=O)OC(C)(C)C)C(=O)NC(CCC(=O)N)C(=O)O)NC(=O)OCC1=CC=CC=C1	0.209	Amino acids and Peptides	Cyclic peptides	Carboxylic acids and derivatives	5641.0	1786	EB-MSV000090464-gnps_ms2	transferred	1	659.2891	1.25	659.2894	1.257	0.455	0.007	0.9501	unique	assigned
C20H36N6O9	[M + Na]+	Ac-Thr-Val-Ala-Ser-Ser-NH2	CC(C)C(C(=O)NC(C)C(=O)NC(CO)C(=O)NC(CO)C(=O)N)NC(=O)C(C(C)O)NC(=O)C	0.265	Carbohydrates	Aminoglycosides	Organooxygen compounds	2510.0	1791	EB-MSV000090464-gnps_ms2	transferred	3	527.246	1.25	527.2476	1.258821	3.035	0.009	1.0	ms2_tie	assigned
C19H26N4O5	[M + H]+	5-Amino-2-[[1-(2-amino-3-phenylpropanoyl)pyrrolidine-2-carbonyl]amino]-5-oxopentanoic acid	C1CC(N(C1)C(=O)C(CC2=CC=CC=C2)N)C(=O)NC(CCC(=O)N)C(=O)O	0.773	Amino acids and Peptides	Tripeptides	Carboxylic acids and derivatives	6244.0	1795	EB-MSV000090464-gnps_ms2	transferred	3	391.1979	1.26	391.1986	1.264075	1.789	0.004	1.0	unique	assigned
C26H32O5	[M + Na]+	Licoricidin	CC(=CCC1=C(C=CC(=C1O)C2CC3=C(C=C(C(=C3OC)CC=C(C)C)O)OC2)O)C	0.025	Polyketides	Azaphilones		4580.0	1797	EB-MSV000090464-gnps_ms2	transferred	3	447.2079	1.26	447.2083	1.241462	0.894	-0.019	0.9999	unique	assigned
C4H4N2O3S	[M + Na]+	4-Methoxy-1,2,5-thiadiazole-3-carboxylic acid	COC1=NSN=C1C(=O)O	0.048	Alkaloids	Imidazole alkaloids	Azoles		1803	EB-MSV000090464-gnps_ms2	transferred	0	182.9855	1.26							no_match
C16H30N4O6	[M + H]+	6-amino-2-[2-(2-amino-4-methylpentanamido)-3-carboxypropanamido]hexanoic acid	CC(C)CC(C(=O)NC(CC(=O)O)C(=O)NC(CCCCN)C(=O)O)N	0.384	Amino acids and Peptides	Tripeptides	Carboxylic acids and derivatives	1111.0	1806	EB-MSV000090464-gnps_ms2	transferred	2	375.2245	1.27	375.2229	1.275421	-4.264	0.005	1.0	ms2_winner	assigned
C19H25N3O5	[M + H]+	1-[1-[2-Amino-3-(4-hydroxyphenyl)propanoyl]pyrrolidine-2-carbonyl]pyrrolidine-2-carboxylic acid	C1CC(N(C1)C(=O)C2CCCN2C(=O)C(CC3=CC=C(C=C3)O)N)C(=O)O	0.699	Amino acids and Peptides	Dipeptides	Carboxylic acids and derivatives	418.0	1811	EB-MSV000090464-gnps_ms2	transferred	4	376.1878	1.26	376.1867	1.276928	-2.924	0.017	0.9623	ms2_winner	assigned
C30H45N5O10	[M + Na]+	cotteslosin c	CC(C)C1C(=O)NC(C(=O)N(C(C(=O)NC(C(=O)N2CCCC2C(=O)N1)CC3=CC=C(C=C3)O)CC4=CC=CC=C4)C)C(C)C	0.211	Amino acids and Peptides	Cyclic peptides	Carboxylic acids and derivatives	6431.0	1812	EB-MSV000090464-gnps_ms2	transferred	2	658.302	1.28	658.3026	1.277561	0.911	-0.002	1.0	ms2_tie	assigned
C38H58N8O10	[M + Na]+	H-Leu-Asn-Phe-Pro-Ile-Ser-Pro-OH	CCC(C)C(C(=O)NC(CO)C(=O)N1CCCC1C(=O)O)NC(=O)C2CCCN2C(=O)C(CC3=CC=CC=C3)NC(=O)C(CC(=O)N)NC(=O)C(CC(C)C)N	0.117	Amino acids and Peptides	Linear peptides	Carboxylic acids and derivatives		1814	EB-MSV000090464-gnps_ms2	transferred	2	809.4191	1.27							low_cosine
C25H34N4O7	[M + H]+	H-DL-Leu-DL-Val-DL-Tyr-DL-Ser-OH	CC(C)CC(C(=O)NC(C(C)C)C(=O)NC(CC1=CC=C(C=C1)O)C(=O)NC(CO)C(=O)O)N	0.175	Amino acids and Peptides	Tripeptides	Carboxylic acids and derivatives	2708.0	1816	EB-MSV000090464-gnps_ms2	transferred	3	503.246	1.27	503.2451	1.02854	-1.788	-0.241	0.9058	ms2_winner	assigned
C29H33N3O8	[M + H]+	N-[6-({5-formamido-2-[(5-formamido-4-hydroxy-2-methoxy-6-methyloxan-3-yl)oxy]-4-hydroxy-6-methyloxan-3-yl}oxy)-4,5-dihydroxy-2-methyloxan-3-yl]formamide	CC1C(C(C(C(O1)OC2C(C(C(OC2OC3C(C(C(OC3OC)C)NC=O)O)C)NC=O)O)O)O)NC=O	0.015	Amino acids and Peptides	Tripeptides	Carboxylic acids and derivatives	494.0	1817	EB-MSV000090464-gnps_ms2	transferred	2	552.2323	1.26	552.2324	1.104319	0.181	-0.156	1.0	ms2_tie	assigned
C41H52N8O9	[M + K]+	2-[(5S,8S,14S)-14-[[(2S)-5-[acetyl(hydroxy)amino]-2-[[(2S)-2-[[(2R)-2-amino-3-hydroxypropanoyl]amino]propanoyl]amino]pentanoyl]amino]-5-[3-[acetyl(hydroxy)amino]propyl]-8-(hydroxymethyl)-3,6,9,15-tetraoxo-1,4,7,10-tetrazacyclopentadecen-2-yl]acetic acid	CC(C(=O)NC(CCCN(C(=O)C)O)C(=O)NC1CCCNC(=O)C(NC(=O)C(NC(=O)C(=NC1=O)CC(=O)O)CCCN(C(=O)C)O)CO)NC(=O)C(CO)N	0.524	Amino acids and Peptides	Linear peptides	Carboxylic acids and derivatives	5872.0	1820	EB-MSV000090464-gnps_ms2	transferred	1	839.3503	1.28	839.3499	1.282516	-0.477	0.003	1.0	unique	assigned
C30H45N7O9	[M + H]+	H-Cha-Asp-Leu-Pro-Leu-OH	CC(C)CC(C(=O)N1CCCC1C(=O)NC(CC(C)C)C(=O)O)NC(=O)C(CC(=O)O)NC(=O)C(CC2CCCCC2)N	0.564	Amino acids and Peptides	Tripeptides	Carboxylic acids and derivatives	6502.0	1823	EB-MSV000090464-gnps_ms2	transferred	2	648.3346	1.29	648.3353	1.306299	1.08	0.016	1.0	ms2_tie	assigned
C11H20N2O3	[M + H]+	1-(2-amino-4-methylpentanoyl)pyrrolidine-2-carboxylic acid	CC(C)CC(C(=O)N1CCCC1C(=O)O)N	0.797	Amino acids and Peptides	Dipeptides	Carboxylic acids and derivatives	280.0	1824	EB-MSV000090464-gnps_ms2	transferred	1	229.1545	1.28	229.1546	0.950903	0.436	-0.329	0.9772	unique	assigned
C13H20N4O4	[M + H]+	2-[[2-(2,6-Diaminohexanoylamino)acetyl]amino]propanoic acid	CC(C(=O)O)NC(=O)CNC(=O)C(CCCCN)N	0.139	Amino acids and Peptides	Dipeptides	Carboxylic acids and derivatives		1832	EB-MSV000090464-gnps_ms2	transferred	2	297.1558	1.29							low_cosine
C21H35N5O7	[M + H]+	[1-[[1-[2-[2-[(4-Methoxy-4-oxobutanoyl)amino]propanoylamino]propanoyl]pyrrolidine-2-carbonyl]amino]-2-methylpropyl]boronic acid	B(C(C(C)C)NC(=O)C1CCCN1C(=O)C(C)NC(=O)C(C)NC(=O)CCC(=O)OC)(O)O	0.681	Amino acids and Peptides	Tripeptides	Carboxylic acids and derivatives	1480.0	1833	EB-MSV000090464-gnps_ms2	transferred	2	470.263	1.3	470.2629	1.545189	-0.213	0.245	1.0	ms2_tie	assigned
C16H29N3O6	[M + H]+	2-[[2-[(2-Amino-3-methylpentanoyl)amino]-4-methylpentanoyl]amino]butanedioic acid	CCC(C)C(C(=O)NC(CC(C)C)C(=O)NC(CC(=O)O)C(=O)O)N	0.542	Amino acids and Peptides	Tripeptides	Carboxylic acids and derivatives	3040.0	1835	EB-MSV000090464-gnps_ms2	transferred	4	360.2122	1.29	360.2123	1.303001	0.278	0.013	1.0	ms2_winner	assigned
C17H28N4O7	[M + H]+	H-DL-Ala-DL-Val-DL-Asp-DL-Pro-OH	CC(C)C(C(=O)NC(CC(=O)O)C(=O)N1CCCC1C(=O)O)NC(=O)C(C)N	0.938	Amino acids and Peptides	Tripeptides	Carboxylic acids and derivatives	2114.0	1836	EB-MSV000090464-gnps_ms2	transferred	2	401.2027	1.29	401.2022	1.27441	-1.246	-0.016	0.9999	unique	assigned
C25H29N5O5	[M + H]+	2-[[2-[(2,5-diamino-5-oxopentanoyl)amino]-3-phenylpropanoyl]amino]-3-(1H-indol-3-yl)propanoic acid	C1=CC=C(C=C1)CC(C(=O)NC(CC2=CNC3=CC=CC=C32)C(=O)O)NC(=O)C(CCC(=O)N)N	0.546	Amino acids and Peptides	Tripeptides	Carboxylic acids and derivatives	2703.0	1840	EB-MSV000090464-gnps_ms2	transferred	3	480.226	1.29	480.2262	1.303575	0.416	0.014	0.9999	unique	assigned
C19H31N5O6	[M + H]+	H-Gly-Pro-Val-Gly-Pro-OH	CC(C)C(C(=O)NCC(=O)N1CCCC1C(=O)O)NC(=O)C2CCCN2C(=O)CN	0.587	Amino acids and Peptides	Tripeptides	Carboxylic acids and derivatives	10654.0	1841	EB-MSV000090464-gnps_ms2	transferred	1	426.2352	1.28	426.2332	1.259	-4.692	-0.021	0.9999	unique	assigned
C27H45N9O9	[M + Na]+	H-Gly-Ala-Glu-Thr-Trp-Val-OH	CC(C)C(C(=O)O)NC(=O)C(CC1=CNC2=CC=CC=C21)NC(=O)C(C(C)O)NC(=O)C(CCC(=O)O)NC(=O)C(C)NC(=O)CN	0.106	Amino acids and Peptides	Tripeptides	Carboxylic acids and derivatives	6489.0	1842	EB-MSV000090464-gnps_ms2	transferred	4	662.3184	1.29	662.3177	1.125935	-1.057	-0.164	1.0	ms2_winner	assigned
C15H24N4O6	[M + H]+	N-(4-Chloro-3-nitrophenyl)-N-(2,3-dihydro-1H-inden-2-YL)urea	CC(C(C(=O)NC(CO)C(=O)NC(CCCCN)C(=O)O)N)O	0.337	Amino acids and Peptides	Tripeptides	Carboxylic acids and derivatives	9968.0	1843	EB-MSV000090464-gnps_ms2	transferred	4	357.1776	1.29	357.1777	1.275419	0.28	-0.015	1.0	unique	assigned
C11H21N3O4	[M + K]+	2-[2-(2-amino-3-methylbutanamido)propanamido]propanoic acid	CC(C)C(C(=O)NC(C)C(=O)NC(C)C(=O)O)N	0.205	Amino acids and Peptides	Dipeptides	Carboxylic acids and derivatives	6033.0	1844	EB-MSV000090464-gnps_ms2	transferred	2	298.1173	1.3	298.1172	1.302989	-0.335	0.003	0.7206	unique	assigned
C4H4N2O3S	[M + Na]+	4-Methoxy-1,2,5-thiadiazole-3-carboxylic acid	COC1=NSN=C1C(=O)O	0.043	Alkaloids	Imidazole alkaloids	Heteroaromatic compounds		1845	EB-MSV000090464-gnps_ms2	transferred	0	182.9855	1.29							no_match
C29H49N5O7	[M + K]+	9-(butan-2-yl)-1,4,7-trihydroxy-6-[(1-methoxy-1H-indol-3-yl)methyl]-3-(5-oxohexyl)-3H,6H,9H,10H,12H,13H,14H,15H,15aH-pyrido[1,2-a]1,4,7,10-tetraazacyclododecan-10-one	CCC(C)C1C(=O)N2CCCCC2C(=O)NC(C(=O)NC(C(=O)N1)CC3=CN(C4=CC=CC=C43)OC)CCCCC(=O)C	0.43	Amino acids and Peptides	Cyclic peptides	Carboxylic acids and derivatives		1847	EB-MSV000090464-gnps_ms2	transferred	6	618.3256	1.3							low_cosine
C11H9NO2	[M + H]+	Trans-3-Indoleacrylic Acid	C1=CC=C2C(=C1)C(=CN2)C=CC(=O)O	0.489	Alkaloids	Simple indole alkaloids	Indoles and derivatives		1851	EB-MSV000090464-gnps_ms2	transferred	1	188.071	1.29							low_cosine
C20H36N4O5S	[M + H]+	1-(4-methyl-2-{[3-oxo-2-(propan-2-yl)-1,2,3,4-tetrahydroquinoxaline-1-carbonyl]amino}pentanoyl)pyrrolidine-2-carboxylic acid	CC(C)CC(C(=O)N1CCCC1C(=O)O)NC(=O)N2C(C(=O)NC3=CC=CC=C32)C(C)C	0.231	Amino acids and Peptides	Tripeptides	Carboxylic acids and derivatives	550.0	1852	EB-MSV000090464-gnps_ms2	transferred	5	445.2506	1.3	445.2502	1.333538	-0.898	0.034	1.0	ms2_winner	assigned
C15H22N2O4	[M + H]+		CCC(C)C(C(=O)O)NC(=O)C(CC1=CC=C(C=C1)O)N	0.783	Amino acids and Peptides	Dipeptides	Carboxylic acids and derivatives	3878.0	1853	EB-MSV000090464-gnps_ms2	transferred	5	295.1661	1.3	295.1663	1.444	0.678	0.144	0.9961	ms2_tie	assigned
C14H14N2O3	[M + H]+	5-(1-Phenyl-3-butenyl)-2,4,6(1H,3H,5H)-pyrimidinetrione	C=CCC(C1C(=O)NC(=O)NC1=O)C2=CC=CC=C2	0.14	Amino acids and Peptides	Dipeptides	Carboxylic acids and derivatives	1536.0	1855	EB-MSV000090464-gnps_ms2	transferred	1	259.1087	1.3	259.1087	1.304102	0.0	0.004	0.9999	unique	assigned
C29H41N5O6	[M + H]+	(1S,7S,9E,12S)-2,5,13-Trioxo-4,4-dimethyl-7-(benzylcarbamoyl)-3,6,14-triazabicyclo[12.3.0]heptadecane-9-ene-12-carbamic acid tert-butyl ester	CC1(C(=O)NC(CC=CCC(C(=O)N2CCCC2C(=O)N1)NC(=O)OC(C)(C)C)C(=O)NCC3=CC=CC=C3)C	0.45	Amino acids and Peptides	Cyclic peptides	Carboxylic acids and derivatives	890.0	1858	EB-MSV000090464-gnps_ms2	transferred	2	556.3107	1.3	556.3102	1.309036	-0.899	0.009	1.0	unique	assigned
C18H31N5O7	[M + H]+	Lys-Nva-FMDP	CCC(C(=O)NC(CNC(=O)C=CC(=O)OC)C(=O)O)NC(=O)C(CCCCN)N	0.118	Amino acids and Peptides	Tripeptides	Carboxylic acids and derivatives	878.0	1859	EB-MSV000090464-gnps_ms2	transferred	3	430.2294	1.3	430.2296	1.313428	0.465	0.013	1.0	unique	assigned
C14H17N3O3	[M + H]+		C1=CC=C(C=C1)CC2C(=O)NC(C(=O)N2)CCC(=O)N	0.7	Amino acids and Peptides	Dipeptides	Carboxylic acids and derivatives	868.0	1860	EB-MSV000090464-gnps_ms2	transferred	2	276.1353	1.3	276.1354	1.296504	0.362	-0.003	1.0	ms2_winner	assigned
C21H31N5O7	[M + H]+	2-{[1-(2-{[(tert-butoxy)carbonyl]amino}-3-methylbutanoyl)piperidin-4-yl]formamido}-3-methylbutanoic acid	CC(C)C(C(=O)N1CCC(CC1)C(=O)NC(C(C)C)C(=O)O)NC(=O)OC(C)(C)C	0.099	Amino acids and Peptides	Cyclic peptides	Carboxylic acids and derivatives	1393.0	1863	EB-MSV000090464-gnps_ms2	transferred	4	466.227	1.31	466.2272	1.321261	0.429	0.011	1.0	ms2_winner	assigned
C24H24N4O6	[M + H]+	H-DL-Met-DL-Glu-DL-Trp-OH	CSCCC(C(=O)NC(CCC(=O)O)C(=O)NC(CC1=CNC2=CC=CC=C21)C(=O)O)N	0.517	Amino acids and Peptides	Dipeptides	Carboxylic acids and derivatives		1870	EB-MSV000090464-gnps_ms2	transferred	1	465.1783	1.31							low_cosine
C15H27N3O6	[M + H]+	4-[(2-Amino-3-methylbutanoyl)amino]-5-[(1-carboxy-2-methylpropyl)amino]-5-oxopentanoic acid	CC(C)C(C(=O)NC(CCC(=O)O)C(=O)NC(C(C)C)C(=O)O)N	0.514	Amino acids and Peptides	Tripeptides	Carboxylic acids and derivatives	2909.0	1875	EB-MSV000090464-gnps_ms2	transferred	3	346.1983	1.31	346.198	1.330221	-0.867	0.02	0.9928	ms2_winner	assigned
C10H17N3O5	[M + H]+	(2S)-2-(2-acetamidopropanoylamino)-5-amino-5-oxopentanoic acid	CC(C(=O)NC(CCC(=O)N)C(=O)O)NC(=O)C	0.782	Amino acids and Peptides	Dipeptides	Carboxylic acids and derivatives	8169.0	1876	EB-MSV000090464-gnps_ms2	transferred	1	260.1244	1.31	260.1245	1.306162	0.384	-0.004	0.9998	unique	assigned
C10H17N3O4	[M + H]+		C1CC(NC1)C(=O)NC(CCC(=O)N)C(=O)O	0.983	Amino acids and Peptides	Dipeptides	Carboxylic acids and derivatives	2682.0	1877	EB-MSV000090464-gnps_ms2	transferred	2	244.1296	1.31	244.1297	1.350529	0.41	0.041	1.0	ms2_winner	assigned
C13H23N3O4	[M + H]+	1-[2-(2-amino-4-methylpentanamido)acetyl]pyrrolidine-2-carboxylic acid	CC(C)CC(C(=O)NCC(=O)N1CCCC1C(=O)O)N	0.742	Amino acids and Peptides	Dipeptides	Carboxylic acids and derivatives	6832.0	1879	EB-MSV000090464-gnps_ms2	transferred	3	286.1761	1.32	286.1759	1.365939	-0.699	0.046	0.9553	ms2_winner	assigned
C32H45N5O6S	[M + H]+	(6aR,9S)-N-[(1S,2S,4R,7S)-7-benzyl-2-hydroxy-5,8-dioxo-4-propan-2-yl-3-oxa-6,9-diazatricyclo[7.3.0.02,6]dodecan-4-yl]-10-hydroxy-7-methyl-6,6a,8,9,10,10a-hexahydro-4H-indolo[4,3-fg]quinoline-9-carboxamide	CC(C)C1(C(=O)N2C(C(=O)N3CCCC3C2(O1)O)CC4=CC=CC=C4)NC(=O)C5CN(C6CC7=CNC8=CC=CC(=C78)C6C5O)C	0.14	Amino acids and Peptides	Anabaenopeptins	Carboxylic acids and derivatives	325.0	1880	EB-MSV000090464-gnps_ms2	transferred	1	628.3139	1.32	628.3143	1.336806	0.637	0.017	0.9974	unique	assigned
C30H42N6O8	[M + H]+	3-(2-{[3-(2-carboxyethyl)-5-[(4-ethyl-3-methyl-5-oxo-2,5-dihydro-1H-pyrrol-2-yl)methyl]-4-methyl-1H-pyrrol-2-yl]methyl}-5-[(4-ethyl-3-methyl-5-oxo-2,5-dihydro-1H-pyrrol-2-yl)methyl]-4-methyl-1H-pyrrol-3-yl)propanoic acid	CCC1=C(C(NC1=O)CC2=C(C(=C(N2)CC3=C(C(=C(N3)CC4C(=C(C(=O)N4)CC)C)C)CCC(=O)O)CCC(=O)O)C)C	0.129	Amino acids and Peptides	Cyclic peptides	Carboxylic acids and derivatives	1933.0	1881	EB-MSV000090464-gnps_ms2	transferred	3	615.3102	1.31	615.314	1.320551	6.176	0.011	1.0	ms2_tie	assigned
C11H19FN2O4	[M + H]+	3-phenyl-2-[(pyrrolidin-2-yl)formamido]propanoic acid	C1CC(NC1)C(=O)NC(CC2=CC=CC=C2)C(=O)O	0.988	Amino acids and Peptides	Dipeptides	Carboxylic acids and derivatives		1884	EB-MSV000090464-gnps_ms2	transferred	2	263.1398	1.32							low_cosine
C14H16N2O5	[M + H]+	3-(4-hydroxyphenyl)-2-[(5-oxopyrrolidin-2-yl)formamido]propanoic acid	C1CC(=O)NC1C(=O)NC(CC2=CC=C(C=C2)O)C(=O)O	0.998	Amino acids and Peptides	Dipeptides	Carboxylic acids and derivatives	4046.0	1885	EB-MSV000090464-gnps_ms2	transferred	1	293.1138	1.32	293.1138	1.32	0.0	0.0	0.9999	unique	assigned
C25H40N4O7	[M + Na]+	((R)-3-Methyl-1-((S)-3-phenyl-2-((R)-3-phenyl-2-(pyrazine-2-carboxamido)propanamido)propanamido)butyl)boronic acid	B(C(CC(C)C)NC(=O)C(CC1=CC=CC=C1)NC(=O)C(CC2=CC=CC=C2)NC(=O)C3=NC=CN=C3)(O)O	0.133	Amino acids and Peptides	Cyclic peptides	Carboxylic acids and derivatives	886.0	1888	EB-MSV000090464-gnps_ms2	transferred	3	531.2767	1.32	531.2772	1.27462	0.941	-0.045	1.0	unique	assigned
C29H49N5O7	[M + K]+	9-(butan-2-yl)-1,4,7-trihydroxy-6-[(1-methoxy-1H-indol-3-yl)methyl]-3-(5-oxohexyl)-3H,6H,9H,10H,12H,13H,14H,15H,15aH-pyrido[1,2-a]1,4,7,10-tetraazacyclododecan-10-one	CCC(C)C1C(=O)N2CCCCC2C(=O)NC(C(=O)NC(C(=O)N1)CC3=CN(C4=CC=CC=C43)OC)CCCCC(=O)C	0.583	Amino acids and Peptides	Cyclic peptides	Carboxylic acids and derivatives		1889	EB-MSV000090464-gnps_ms2	transferred	7	618.3267	1.31							low_cosine
C19H33N5O7	[M + H]+	H-DL-xiThr-DL-Pro-DL-Leu-DL-Asn-OH	CC(C)CC(C(=O)NC(CC(=O)N)C(=O)O)NC(=O)C1CCCN1C(=O)C(C(C)O)N	0.922	Amino acids and Peptides	Tripeptides	Carboxylic acids and derivatives	118.0	1890	EB-MSV000090464-gnps_ms2	transferred	4	444.2447	1.32	444.245	1.32955	0.675	0.01	1.0	ms2_tie	assigned
C32H52N8O8	[M + Na]+	H-DL-Ala-DL-Leu-DL-Pro-Gly-DL-Ala-DL-Leu-DL-Pro-Unk	CC(C)CC(C(=O)N1CCCC1C(=O)NCC(=O)NC(C)C(=O)NC(CC(C)C)C(=O)N2CCCC2C(=O)N=CC=O)NC(=O)C(C)N	0.358	Amino acids and Peptides	Linear peptides	Carboxylic acids and derivatives	1720.0	1891	EB-MSV000090464-gnps_ms2	transferred	1	699.3792	1.31	699.3788	1.31	-0.572	0.0	0.9999	unique	assigned
C33H38N8O8	[M + H]+	Anhwiedelphinine	CC1CC(=O)N(C1=O)C2=CC=CC=C2C(=O)OCC34CCC(C56C3C(C(C5N=C4)(C7(CC(C8CC6C7C8OC)OC)O)O)OC)OC	0.024	Amino acids and Peptides	Antimycins	Carboxylic acids and derivatives	132.0	1899	EB-MSV000090464-gnps_ms2	transferred	3	675.2852	1.31	675.2849	1.155706	-0.444	-0.154	0.9968	ms2_tie	assigned
C18H30N4O7	[M + H]+	2-[[1-[2-[(2-Aminoacetyl)amino]-4-methylpentanoyl]pyrrolidine-2-carbonyl]amino]pentanedioic acid	CC(C)CC(C(=O)N1CCCC1C(=O)NC(CCC(=O)O)C(=O)O)NC(=O)CN	0.599	Amino acids and Peptides	Tripeptides	Carboxylic acids and derivatives	4167.0	1900	EB-MSV000090464-gnps_ms2	transferred	2	415.2183	1.34	415.2209	1.329425	6.262	-0.011	0.9999	unique	assigned
C18H31N5O6	[M + H]+	For-Ala-Ala-Pro-Lys-OH	CC(C(=O)NC(C)C(=O)N1CCCC1C(=O)NC(CCCCN)C(=O)O)NC=O	0.362	Amino acids and Peptides	Tripeptides	Carboxylic acids and derivatives	396.0	1904	EB-MSV000090464-gnps_ms2	transferred	2	414.2361	1.31	414.2359	1.090127	-0.483	-0.22	0.9998	ms2_winner	assigned
C19H33N7O5	[M + H]+	H-Pro-Ala-Pro-Arg-OH	CC(C(=O)N1CCCC1C(=O)NC(CCCN=C(N)N)C(=O)O)NC(=O)C2CCCN2	0.826	Amino acids and Peptides	Tripeptides	Carboxylic acids and derivatives	5453.0	1905	EB-MSV000090464-gnps_ms2	transferred	2	440.263	1.32	440.2626	1.31269	-0.909	-0.007	1.0	ms2_winner	assigned
C36H50N6O7S	[M + K]+	Substance P (6-11), pglu(6)-phe(8)-psi-(methyleneoxy)-gly(9)-	CCC(C)C(C(=O)NC(CCSC)C(=O)N)NC(=O)COCC(CC1=CC=CC=C1)NC(=O)C(CC2=CC=CC=C2)NC(=O)C3CCC(=O)N3	0.68	Amino acids and Peptides	Tripeptides	Carboxylic acids and derivatives	3134.0	1906	EB-MSV000090464-gnps_ms2	transferred	1	749.3102	1.32	749.3105	1.336	0.4	0.016	0.9982	unique	assigned
C13H22N2O7	[M + H]+	(2S)-2-[[(2S)-2-[(2-methylpropan-2-yl)oxycarbonylamino]propanoyl]amino]pentanedioic acid	CC(C(=O)NC(CCC(=O)O)C(=O)O)NC(=O)OC(C)(C)C	0.441	Amino acids and Peptides	Dipeptides	Carboxylic acids and derivatives	4515.0	1907	EB-MSV000090464-gnps_ms2	transferred	2	319.1511	1.33	319.151	1.306706	-0.313	-0.023	1.0	unique	assigned
C10H16N2O4S	[M + H]+	4-(methylsulfanyl)-2-[(5-oxopyrrolidin-2-yl)formamido]butanoic acid	CSCCC(C(=O)O)NC(=O)C1CCC(=O)N1	0.999	Amino acids and Peptides	Dipeptides	Carboxylic acids and derivatives		1908	EB-MSV000090464-gnps_ms2	transferred	1	261.0902	1.33							low_cosine
C18H32N4O7S	[M + H]+	Acetyl-Pro-Ala-Pro-Ala-trifluoro methane	CC(C(=O)C(F)(F)F)NC(=O)C1CCCN1C(=O)C(C)NC(=O)C2CCCN2C(=O)C	0.436	Amino acids and Peptides	Tripeptides	Carboxylic acids and derivatives	5887.0	1909	EB-MSV000090464-gnps_ms2	transferred	4	449.2057	1.33	449.2058	1.309626	0.223	-0.02	1.0	ms2_tie	assigned
C22H36N2O5	[M + K]+	Carbobenzyloxy-(L)-leucinyl-(L)leucinyl methoxymethylketone	CC(C)CC(C(COC)O)NC(=O)C(CC(C)C)NC(=O)OCC1=CC=CC=C1	0.166	Amino acids and Peptides	Dipeptides	Carboxylic acids and derivatives	2117.0	1910	EB-MSV000090464-gnps_ms2	transferred	2	447.2267	1.32	447.2292	1.325033	5.59	0.005	1.0	ms2_winner	assigned
C33H51N9O10S2	[M + H]+	[5-[bis[(3-methoxyphenyl)methyl]carbamoyloxymethoxymethoxy]pyridin-3-yl]oxymethoxymethyl N,N-bis[(3-methoxyphenyl)methyl]carbamate	COC1=CC=CC(=C1)CN(CC2=CC(=CC=C2)OC)C(=O)OCOCOC3=CC(=CN=C3)OCOCOC(=O)N(CC4=CC(=CC=C4)OC)CC5=CC(=CC=C5)OC	0.195	Amino acids and Peptides	Indole diketopiperazine alkaloids (L-Trp, L-Pro)	Carboxylic acids and derivatives	5868.0	1915	EB-MSV000090464-gnps_ms2	transferred	2	798.3279	1.33	798.3294	1.333733	1.879	0.004	0.9998	unique	assigned
C11H15N5O3S	[M + H]+	Methylthioadenosine	CSCC1C(C(C(O1)N2C=NC3=C(N=CN=C32)N)O)O	0.839	Carbohydrates	Purine nucleosides	5'-deoxyribonucleosides	405.0	1917	EB-MSV000090464-gnps_ms2	transferred	2	298.098	1.32	298.0979	1.066211	-0.335	-0.254	0.9993	unique	assigned
C15H28N4O5	[M + H]+	2-[[4-Amino-2-[(2-amino-3-methylpentanoyl)amino]-4-oxobutanoyl]amino]-3-methylbutanoic acid	CCC(C)C(C(=O)NC(CC(=O)N)C(=O)NC(C(C)C)C(=O)O)N	0.403	Amino acids and Peptides	Tripeptides	Carboxylic acids and derivatives	4456.0	1922	EB-MSV000090464-gnps_ms2	transferred	4	345.2132	1.34	345.2133	1.346669	0.29	0.007	0.8654	unique	assigned
C32H53N5O10	[M + K]+	Pyloricidin A1	CCC(C)C(C(=O)NC(CC(C)C)C(=O)NC(CO)C(C(C(C(=O)NC(CC(=O)O)C1=CC=CC=C1)O)O)O)NC(=O)C(C(C)C)N	0.109	Amino acids and Peptides	Cyclic peptides	Carboxylic acids and derivatives	1067.0	1924	EB-MSV000090464-gnps_ms2	transferred	2	706.3424	1.33	706.3418	1.3305	-0.849	0.0	0.9998	ms2_tie	assigned
C29H43N5O8S	[M + Na]+	4-(2-{[(tert-butoxy)carbonyl]amino}-2-[(1-{[2-(2-carbamoylpyrrolidin-1-yl)-2-oxoethyl]carbamoyl}ethyl)carbamoyl]ethyl)phenyl tert-butyl carbonate	CC(C(=O)NCC(=O)N1CCCC1C(=O)N)NC(=O)C(CC2=CC=C(C=C2)OC(=O)OC(C)(C)C)NC(=O)OC(C)(C)C	0.725	Amino acids and Peptides	Cyclic peptides	Carboxylic acids and derivatives	2651.0	1925	EB-MSV000090464-gnps_ms2	transferred	1	644.2734	1.33	644.2736	1.314037	0.31	-0.016	1.0	unique	assigned
C24H33N5O6	[M + H]+	(2S)-2-[[(2S)-1-[(2S)-2-[[(2S)-1-acetylpyrrolidine-2-carbonyl]amino]propanoyl]pyrrolidine-2-carbonyl]amino]-3-(4-hydroxyphenyl)propanimidate	CC(C(=O)N1CCCC1C(=O)NC(CC2=CC=C(C=C2)O)C(=O)N)NC(=O)C3CCCN3C(=O)C	0.458	Amino acids and Peptides	Tripeptides	Carboxylic acids and derivatives		1927	EB-MSV000090464-gnps_ms2	transferred	1	488.25	1.35							low_cosine
C23H42N4O9	[M + K]+	basidioferrin	CC(=O)N(CCCC(C(=O)NC(CCCN(C(=O)C)O)C(=O)NC(CCCN(C(=O)C)O)C(=O)O)N)O	0.357	Amino acids and Peptides	Linear peptides	Carboxylic acids and derivatives		1937	EB-MSV000090464-gnps_ms2	transferred	2	557.2578	1.34							low_cosine
C32H43N5O8	[M + H]+	Leukotriene C4(2-)	CCCCCC=CCC=CC=CC=CC(C(CCCC(=O)O)O)SCC(C(=O)NCC(=O)O)NC(=O)CCC(C(=O)O)N	0.112	Amino acids and Peptides	Penicillins	Carboxylic acids and derivatives	3989.0	1942	EB-MSV000090464-gnps_ms2	transferred	3	626.3172	1.35	626.3171	1.332829	-0.16	-0.017	1.0	ms2_winner	assigned
C11H12N2O2	[M + H]+	Htrp	C1=CC=C2C(=C1)C(=CN2)CC(C(=O)O)N	0.917	Amino acids and Peptides	Aminoacids	Carboxylic acids and derivatives		1947	EB-MSV000090464-gnps_ms2	transferred	1	205.0976	1.33							low_cosine
C23H35N3O8	[M + Na]+	Arg-Tyr-Lys	C1=CC(=CC=C1CC(C(=O)NC(CCCCN)C(=O)O)NC(=O)C(CCCN=C(N)N)N)O	0.25	Amino acids and Peptides	Tripeptides	Carboxylic acids and derivatives	1360.0	1950	EB-MSV000090464-gnps_ms2	transferred	1	504.2306	1.35	504.2313	1.348068	1.388	-0.002	1.0	unique	assigned
C21H35N5O8	[M + H]+	H-Ala-Pro-Glu-Ala-Val-OH	CC(C)C(C(=O)O)NC(=O)C(C)NC(=O)C(CCC(=O)O)NC(=O)C1CCCN1C(=O)C(C)N	0.874	Amino acids and Peptides	Tripeptides	Carboxylic acids and derivatives	2263.0	1952	EB-MSV000090464-gnps_ms2	transferred	2	486.2563	1.35	486.2565	1.357501	0.411	0.008	0.9414	unique	assigned
C41H49N5O12	[M + H]+	H-Ala-Pro-Ala-Ala-Pro-Thr-Pro-Ala-Ala-OH	CC(C(C(=O)N1CCCC1C(=O)NC(C)C(=O)NC(C)C(=O)O)NC(=O)C2CCCN2C(=O)C(C)NC(=O)C(C)NC(=O)C3CCCN3C(=O)C(C)N)O	0.491	Amino acids and Peptides	Cyclic peptides	Carboxylic acids and derivatives	3328.0	1953	EB-MSV000090464-gnps_ms2	transferred	2	804.3558	1.35	804.3542	1.342	-1.989	-0.008	0.9999	unique	assigned
C7H11FN2O	[M + H]+	2-[2-(fluoromethyl)-1,3-oxazol-4-yl]-N-methylethanamine	CNCCC1=COC(=N1)CF	0.029	Alkaloids	Pyridine alkaloids	Benzene and substituted derivatives		1961	EB-MSV000090464-gnps_ms2	transferred	1	159.0915	1.35							low_cosine
C7H11NO2Si	[M + H]+	3-amino-2-methylpentanoic acid	CCC(C(C)C(=O)O)N	0.078	Amino acids and Peptides	Aminoacids	Carboxylic acids and derivatives	745.0	1962	EB-MSV000090464-gnps_ms2	transferred	1	170.0604	1.33	170.0602	1.004	-1.176	-0.326	0.9885	unique	assigned
C29H47N5O14	[M + H]+	[(5R,6E,8E,10E,13S,14R,15R,16Z)-15-hydroxy-5-methoxy-14,16-dimethyl-3,24-dioxo-22-thia-2,25-diazatricyclo[18.7.1.021,26]octacosa-1(28),6,8,10,16,20,26-heptaen-13-yl] (2R)-2-(3-methylbutanoylamino)propanoate	CC1C(CC=CC=CC=CC(CC(=O)NC2=CC(=C3C(=C2)NC(=O)CS3)CCC=C(C1O)C)OC)OC(=O)C(C)NC(=O)CC(C)C	0.092	Polyketides	Depsipeptides	Peptidomimetics		1964	EB-MSV000090464-gnps_ms2	transferred	3	690.3189	1.37							low_cosine
C11H19N3O3	[M + H]+	(2R)-N-[(2R,3S)-1-amino-3-methyl-1-oxopentan-2-yl]-5-oxopyrrolidine-2-carboxamide	CCC(C)C(C(=O)N)NC(=O)C1CCC(=O)N1	0.348	Amino acids and Peptides	Dipeptides	Carboxylic acids and derivatives		1967	EB-MSV000090464-gnps_ms2	transferred	2	242.1502	1.36							low_cosine
C23H36N2O8S	[M + Na]+	Vaccarin A	CC1C(=O)NCC(=O)NC(C(=O)NC(C(=O)NC(C(=O)N1)CC2=CC3=CC=CC=C3N2)C)C(C)C	0.16	Amino acids and Peptides	Cyclic peptides	Carboxylic acids and derivatives	3190.0	1968	EB-MSV000090464-gnps_ms2	transferred	1	523.2057	1.36	523.2059	1.369029	0.382	0.009	1.0	unique	assigned
C44H62N12O8	[M + H]+	2-({[3-benzyl-12-(butan-2-yl)-9-[2-(4-hydroxyphenyl)ethyl]-6,7-dimethyl-2,5,8,11,14-pentaoxo-1,4,7,10,13-pentaazacyclononadecan-15-yl]carbamoyl}amino)-6-carbamimidamidohexanoic acid	CCC(C)C1C(=O)NC(C(=O)N(C(C(=O)NC(C(=O)NCCCCC(C(=O)N1)NC(=O)NC(CCCCN=C(N)N)C(=O)O)CC2=CC=CC=C2)C)C)CCC3=CC=C(C=C3)O	0.173	Amino acids and Peptides	Linear peptides	Carboxylic acids and derivatives	1373.0	1969	EB-MSV000090464-gnps_ms2	transferred	3	887.4852	1.35	887.478	0.855	-8.113	-0.495	0.9998	ms2_tie	assigned
C35H57BF2N4O11	[M + K]+								1974	EB-MSV000090464-gnps_ms2	transferred	2	796.3765	1.37							low_cosine
C19H29N7O5	[M + H]+	H-DL-Ala-DL-Val-DL-Pro-DL-xiIle-NH2	CCC(C)C(C(=O)N)NC(=O)C1CCCN1C(=O)C(C(C)C)NC(=O)C(C)N	0.581	Amino acids and Peptides	Tripeptides	Carboxylic acids and derivatives		1976	EB-MSV000090464-gnps_ms2	transferred	1	436.2309	1.36							low_cosine
C19H33N5O6	[M + H]+	H-DL-Val-DL-Pro-Gly-DL-Val-Gly-OH	CC(C)C(C(=O)N1CCCC1C(=O)NCC(=O)NC(C(C)C)C(=O)NCC(=O)O)N	0.281	Amino acids and Peptides	Tripeptides	Carboxylic acids and derivatives	2857.0	1981	EB-MSV000090464-gnps_ms2	transferred	3	428.2508	1.35	428.251	1.704	0.467	0.354	0.9489	ms2_tie	assigned
C22H38NO6P	[M + Na]+	[(2R)-2-[7-(4-hexylphenyl)heptanoylamino]-3-hydroxypropyl] dihydrogen phosphate	CCCCCCC1=CC=C(C=C1)CCCCCCC(=O)NC(CO)COP(=O)(O)O	0.023	Fatty acids	Glycerophosphates	Glycerophospholipids		1982	EB-MSV000090464-gnps_ms2	transferred	3	466.227	1.36							low_cosine
C19H34N6O7	[M + H]+	H-Ala-Val-Ala-Ala-Gly-Ala-OH	CC(C)C(C(=O)NC(C)C(=O)NC(C)C(=O)NCC(=O)NC(C)C(=O)O)NC(=O)C(C)N	0.205	Amino acids and Peptides	Tripeptides	Carboxylic acids and derivatives		1985	EB-MSV000090464-gnps_ms2	transferred	2	459.2552	1.36							low_cosine
C16H23N3O4	[M + H]+	L-Phenylalanyl-L-valylglycine	CC(C)C(C(=O)NCC(=O)O)NC(=O)C(CC1=CC=CC=C1)N	0.525	Amino acids and Peptides	Tripeptides	Carboxylic acids and derivatives		1986	EB-MSV000090464-gnps_ms2	transferred	2	322.1764	1.37							low_cosine
C18H27N3O6	[M + H]+	2-[[2-[(2-Amino-3-carboxypropanoyl)amino]-3-methylpentanoyl]amino]-3-methylpentanoic acid	CCC(C)C(C(=O)NC(C(C)CC)C(=O)O)NC(=O)C(CC(=O)O)N	0.17	Amino acids and Peptides	Tripeptides	Carboxylic acids and derivatives	3931.0	1987	EB-MSV000090464-gnps_ms2	transferred	1	382.1982	1.37	382.1978	1.381994	-1.047	0.012	1.0	unique	assigned
C21H28N4O6	[M + H]+	3-[(2-amino-3-methylpentanoyl)amino]-4-[[1-carboxy-2-(1H-indol-3-yl)ethyl]amino]-4-oxobutanoic acid	CCC(C)C(C(=O)NC(CC(=O)O)C(=O)NC(CC1=CNC2=CC=CC=C21)C(=O)O)N	0.591	Amino acids and Peptides	Tripeptides	Carboxylic acids and derivatives		1990	EB-MSV000090464-gnps_ms2	transferred	3	433.2101	1.37							low_cosine
C27H39N5O6	[M + H]+	Syringolin C	CCC(C)C(C(=O)NC1C=CCCNC(=O)C=CC(NC1=O)C(C)C)NC(=O)NC(C(C)C)C(=O)O	0.267	Amino acids and Peptides	Tripeptides	Carboxylic acids and derivatives	1399.0	1991	EB-MSV000090464-gnps_ms2	transferred	4	530.2925	1.37	530.2923	1.219033	-0.377	-0.151	1.0	ms2_tie	assigned
C19H34N4O6	[M + H]+	(2S,3S)-2-[[(2S)-1-[(2S)-2-[[(2S)-2-amino-3-hydroxypropanoyl]amino]-3-methylbutanoyl]pyrrolidine-2-carbonyl]amino]-3-methylpentanoic acid	CCC(C)C(C(=O)O)NC(=O)C1CCCN1C(=O)C(C(C)C)NC(=O)C(CO)N	0.516	Amino acids and Peptides	Tripeptides	Carboxylic acids and derivatives	1215.0	1996	EB-MSV000090464-gnps_ms2	transferred	3	415.2577	1.37	415.2573	1.386578	-0.963	0.017	1.0	ms2_winner	assigned
C35H54N8O13	[M + H]+		CCCC=CC=CC(=O)NC(CC1=CC(=CC(=C1)F)F)C(=O)NC2C(OC(=O)C3CC(CN3C(=O)C(NC(=O)C4C=CCCN4C(=O)C5CCCN5C2=O)C)C)C	0.179	Amino acids and Peptides	Cyclic peptides	Carboxylic acids and derivatives	3993.0	1997	EB-MSV000090464-gnps_ms2	transferred	1	795.3986	1.37	795.3983	1.380094	-0.377	0.01	1.0	unique	assigned
C20H34N4O6	[M + H]+	H-DL-xiThr-DL-Leu-DL-Pro-DL-Pro-OH	CC(C)CC(C(=O)N1CCCC1C(=O)N2CCCC2C(=O)O)NC(=O)C(C(C)O)N	0.248	Amino acids and Peptides	Tripeptides	Carboxylic acids and derivatives		1999	EB-MSV000090464-gnps_ms2	transferred	4	427.257	1.36							low_cosine
C29H38N4O8	[M + H]+	H-Ala-Val-Thr-Ser-Thr-Ala-OH	CC(C)C(C(=O)NC(C(C)O)C(=O)NC(CO)C(=O)NC(C(C)O)C(=O)NC(C)C(=O)O)NC(=O)C(C)N	0.327	Amino acids and Peptides	Linear peptides	Carboxylic acids and derivatives	5220.0	2000	EB-MSV000090464-gnps_ms2	transferred	3	571.2719	1.37	571.2717	1.352947	-0.35	-0.017	0.9975	ms2_tie	assigned
C13H23N3O4	[M + H]+	1-[2-(2-amino-4-methylpentanamido)acetyl]pyrrolidine-2-carboxylic acid	CC(C)CC(C(=O)NCC(=O)N1CCCC1C(=O)O)N	0.88	Amino acids and Peptides	Tripeptides	Carboxylic acids and derivatives	6832.0	2003	EB-MSV000090464-gnps_ms2	transferred	3	286.1761	1.38	286.1759	1.365939	-0.699	-0.014	0.9619	ms2_winner	assigned
C20H33N5O7	[M + H]+	Cbz-DL-Ala-DL-Val-DL-Phe-ol	CC(C)C(C(=O)NC(CC1=CC=CC=C1)CO)NC(=O)C(C)NC(=O)OCC2=CC=CC=C2	0.063	Amino acids and Peptides	Indole diketopiperazine alkaloids (L-Trp, L-Pro)	Carboxylic acids and derivatives	2072.0	2006	EB-MSV000090464-gnps_ms2	transferred	3	456.2452	1.38	456.2455	1.304756	0.658	-0.075	0.9999	ms2_winner	assigned
C32H45N7O8	[M + Na]+	H-Leu-Val-His-Ser-Ser-Asn-OH	CC(C)CC(C(=O)NC(C(C)C)C(=O)NC(CC1=CN=CN1)C(=O)NC(CO)C(=O)NC(CO)C(=O)NC(CC(=O)N)C(=O)O)N	0.179	Amino acids and Peptides	Tripeptides	Carboxylic acids and derivatives	596.0	2007	EB-MSV000090464-gnps_ms2	transferred	3	678.3244	1.38	678.3245	1.385142	0.147	0.005	1.0	ms2_tie	assigned
C37H61N11O15	[M + Na]+	H-Ala-Arg-Lys-Glu-Tyr-Tyr-Ala-OH	CC(C(=O)NC(CCCN=C(N)N)C(=O)NC(CCCCN)C(=O)NC(CCC(=O)O)C(=O)NC(CC1=CC=C(C=C1)O)C(=O)NC(CC2=CC=C(C=C2)O)C(=O)NC(C)C(=O)O)N	0.095	Amino acids and Peptides	Linear peptides	Polypeptides	6561.0	2010	EB-MSV000090464-gnps_ms2	transferred	1	922.4303	1.38	922.4291	1.388	-1.301	0.008	0.9999	unique	assigned
C23H38N6O10	[M + H]+	H-Glu-Asn-Ile-Pro-Ser-OH	CCC(C)C(C(=O)N1CCCC1C(=O)NC(CO)C(=O)O)NC(=O)C(CC(=O)N)NC(=O)C(CCC(=O)O)N	0.169	Amino acids and Peptides	Tripeptides	Carboxylic acids and derivatives	1501.0	2023	EB-MSV000090464-gnps_ms2	transferred	2	559.2718	1.39	559.2723	1.388668	0.894	-0.001	1.0	unique	assigned
C21H36N6O8	[M + H]+	Glptgg	CC(C)CC(C(=O)N1CCCC1C(=O)NC(C(C)O)C(=O)NCC(=O)NCC(=O)O)NC(=O)CN	0.911	Amino acids and Peptides	Linear peptides	Carboxylic acids and derivatives	5432.0	2026	EB-MSV000090464-gnps_ms2	transferred	2	501.2665	1.39	501.2657	1.400195	-1.596	0.01	0.9666	unique	assigned
C35H48N10O15	[M + H]+	H-Ile-Ala-Gly-Cys-Gly-Asp-Ala-Gly-Glu-Gly-OH	CCC(C)C(C(=O)NC(C)C(=O)NCC(=O)NC(CS)C(=O)NCC(=O)NC(CC(=O)O)C(=O)NC(C)C(=O)NCC(=O)NC(CCC(=O)O)C(=O)NCC(=O)O)N	0.914	Amino acids and Peptides	RiPPs	Polypeptides		2027	EB-MSV000090464-gnps_ms2	transferred	2	849.3439	1.4							low_cosine
C22H40N4O8	[M + K]+	Ac-Thr-Val-Ala-Ser-Ser-NH2	CC(C)C(C(=O)NC(C)C(=O)NC(CO)C(=O)NC(CO)C(=O)N)NC(=O)C(C(C)O)NC(=O)C	0.235	Carbohydrates	Aminoglycosides	Organooxygen compounds	2498.0	2028	EB-MSV000090464-gnps_ms2	transferred	3	527.2464	1.39	527.2474	1.403401	1.897	0.013	1.0	ms2_tie	assigned
C49H64N4O17	[M + H]+	(2S)-N-[(2R)-1-[(2S)-2-[[(2S)-1-[(2-aminoacetyl)amino]-4-methyl-1-oxopentan-2-yl]carbamoyl]-2,5-dihydropyrrol-1-yl]-1-oxo-3-sulfanylpropan-2-yl]-2-[[(2S,3R)-3-hydroxy-2-[[(2S,3S)-2-[[(2S)-3-(4-hydroxyphenyl)-2-[[(2R)-2-hydroxy-3-sulfanylpropanoyl]amino]propanoyl]amino]-3-methylpentanoyl]amino]butanoyl]amino]butanediamide	CCC(C)C(C(=O)NC(C(C)O)C(=O)NC(CC(=O)N)C(=O)NC(CS)C(=O)N1CC=CC1C(=O)NC(CC(C)C)C(=O)NC(=O)CN)NC(=O)C(CC2=CC=C(C=C2)O)NC(=O)C(CS)O	0.169	Amino acids and Peptides	Depsipeptides	Peptidomimetics	4187.0	2034	EB-MSV000090464-gnps_ms2	transferred	1	981.4237	1.39	981.4232	1.393977	-0.509	0.004	0.9996	unique	assigned
C11H20N2O3	[M + H]+	1-(2-amino-4-methylpentanoyl)pyrrolidine-2-carboxylic acid	CC(C)CC(C(=O)N1CCCC1C(=O)O)N	0.741	Amino acids and Peptides	Dipeptides	Carboxylic acids and derivatives	280.0	2036	EB-MSV000090464-gnps_ms2	transferred	1	229.1545	1.39	229.1546	0.950903	0.436	-0.439	0.9998	unique	assigned
C22H32N4O8S	[M + H]+	H-Ser-Asp-Gly-Arg-Gly-OH	C(CC(C(=O)NCC(=O)O)NC(=O)CNC(=O)C(CC(=O)O)NC(=O)C(CO)N)CN=C(N)N	0.224	Amino acids and Peptides	Tripeptides	Carboxylic acids and derivatives	4680.0	2037	EB-MSV000090464-gnps_ms2	transferred	1	513.199	1.4	513.1981	1.404	-1.754	0.004	1.0	unique	assigned
C32H45N5O6S	[M + H]+	9-benzyl-6-(butan-2-yl)-12-[(4-hydroxyphenyl)methyl]-3,8-dimethyl-hexadecahydro-1H-pyrrolo[1,2-a]1,4,7,10,13-pentaazacyclopentadecane-1,4,7,10,13-pentone	CCC(C)C1C(=O)N(C(C(=O)NC(C(=O)N2CCCC2C(=O)NC(C(=O)N1)C)CC3=CC=C(C=C3)O)CC4=CC=CC=C4)C	0.198	Amino acids and Peptides	Cyclic peptides	Carboxylic acids and derivatives	325.0	2038	EB-MSV000090464-gnps_ms2	transferred	1	628.314	1.4	628.3143	1.336806	0.477	-0.063	1.0	unique	assigned
C25H41N7O10	[M + H]+	[(2S)-1-oxo-1-[[(2S)-1-oxo-1-[[2-oxo-2-[[2-oxo-2-[[(2S)-1-oxo-1-[[(2S)-1-oxo-1-[[(2S)-1-oxo-1-[[2-oxo-2-[[(2S)-1-oxopropan-2-yl]amino]ethyl]amino]propan-2-yl]amino]propan-2-yl]amino]propan-2-yl]amino]ethyl]amino]ethyl]amino]propan-2-yl]amino]propan-2-yl]azanium	CC(C=O)NC(=O)CNC(=O)C(C)NC(=O)C(C)NC(=O)C(C)NC(=O)CNC(=O)CNC(=O)C(C)NC(=O)C(C)N	0.068	Amino acids and Peptides	Linear peptides	Carboxylic acids and derivatives	3478.0	2043	EB-MSV000090464-gnps_ms2	transferred	3	600.3014	1.4	600.3004	1.416617	-1.666	0.017	0.9999	ms2_winner	assigned
C25H34N2O6S	[M + H]+	benzyl (2S,4R)-1-[(2S,9R)-9-(acetylsulfanylmethyl)-10-oxoazecane-2-carbonyl]-4-hydroxypyrrolidine-2-carboxylate	CC(=O)SCC1CCCCCCC(NC1=O)C(=O)N2CC(CC2C(=O)OCC3=CC=CC=C3)O	0.069	Amino acids and Peptides	Thiodiketopiperazine alkaloids	Carboxylic acids and derivatives	112.0	2046	EB-MSV000090464-gnps_ms2	transferred	1	491.2162	1.4	491.2158	1.409274	-0.814	0.009	0.9999	unique	assigned
C23H38N6O8	[M + H]+	Chlamydocin	CC1(C(=O)NC(C(=O)N2CCCC2C(=O)NC(C(=O)N1)CCCCCC(=O)C3CO3)CC4=CC=CC=C4)C	0.63	Amino acids and Peptides	Cyclic peptides	Carboxylic acids and derivatives	2149.0	2047	EB-MSV000090464-gnps_ms2	transferred	4	527.2821	1.4	527.282	1.264029	-0.19	-0.136	0.9449	ms2_tie	assigned
C39H58N8O9	[M + H]+	H-Arg-Arg-Ala-Thr-Lys-Met-NH2	CC(C(C(=O)NC(CCCCN)C(=O)NC(CCSC)C(=O)N)NC(=O)C(C)NC(=O)C(CCCN=C(N)N)NC(=O)C(CCCN=C(N)N)N)O	0.632	Amino acids and Peptides	Cyclic peptides	Carboxylic acids and derivatives	1200.0	2050	EB-MSV000090464-gnps_ms2	transferred	2	783.4385	1.4	783.4387	1.4045	0.255	0.005	1.0	unique	assigned
C19H29N5O9	[M + H]+	3-(2,5-dioxo-2,3,4,5-tetrahydro-1H-1,4-benzodiazepin-3-yl)-N-{5-[3-(1H-indol-3-yl)propyl]-1H-1,2,4-triazol-3-yl}propanamide	C1=CC=C2C(=C1)C(=CN2)CCCC3=NC(=NN3)NC(=O)CCC4C(=O)NC5=CC=CC=C5C(=O)N4	0.467	Amino acids and Peptides	Dipeptides	Carboxylic acids and derivatives	6981.0	2053	EB-MSV000090464-gnps_ms2	transferred	2	472.2036	1.4	472.2031	1.403873	-1.059	0.004	0.9796	ms2_tie	assigned
C21H37N3O6S2	[M + H]+	2-{[1-(2-{[(tert-butoxy)carbonyl]amino}-4-(methylsulfanyl)butanoyl)piperidin-4-yl]formamido}-4-(methylsulfanyl)butanoic acid	CC(C)(C)OC(=O)NC(CCSC)C(=O)N1CCC(CC1)C(=O)NC(CCSC)C(=O)O	0.358	Amino acids and Peptides	Dipeptides	Carboxylic acids and derivatives	460.0	2056	EB-MSV000090464-gnps_ms2	transferred	1	492.2193	1.4	492.219	1.404	-0.609	0.004	1.0	unique	assigned
C11H16N2O3	[M + H]+	5-(2-methylpropyl)-5-(prop-2-en-1-yl)-1,3-diazinane-2,4,6-trione	CC(C)CC1(C(=O)NC(=O)NC1=O)CC=C	0.087	Amino acids and Peptides	Dipeptides	Carboxylic acids and derivatives	2015.0	2059	EB-MSV000090464-gnps_ms2	transferred	2	225.1237	1.39	225.1236	1.196839	-0.444	-0.193	0.9993	unique	assigned
C16H27N3O8	[M + H]+	H-Glu-Glu-Leu-OH	CC(C)CC(C(=O)O)NC(=O)C(CCC(=O)O)NC(=O)C(CCC(=O)O)N	0.711	Amino acids and Peptides	Tripeptides	Carboxylic acids and derivatives	3411.0	2060	EB-MSV000090464-gnps_ms2	transferred	2	390.1879	1.4	390.188	1.209867	0.256	-0.19	1.0	unique	assigned
C4H4N2O3S	[M + Na]+	4-Methoxy-1,2,5-thiadiazole-3-carboxylic acid	COC1=NSN=C1C(=O)O	0.05	Alkaloids	Imidazole alkaloids	Azoles		2062	EB-MSV000090464-gnps_ms2	transferred	0	182.9856	1.4							no_match
C14H23N3O6	[M + H]+	2-[[2-amino-3-[[(E)-4-methoxy-4-oxobut-2-enoyl]amino]propanoyl]amino]-4-methylpentanoic acid	CC(C)CC(C(=O)O)NC(=O)C(CNC(=O)C=CC(=O)OC)N	0.467	Amino acids and Peptides	Tripeptides	Carboxylic acids and derivatives	2182.0	2066	EB-MSV000090464-gnps_ms2	transferred	2	330.1656	1.41	330.1654	1.416233	-0.606	0.006	0.9931	unique	assigned
C24H42N6O8S	[M + H]+	H-Pro-Ala-Thr-Pro-Ala-Pro-OH	CC(C(C(=O)N1CCCC1C(=O)NC(C)C(=O)N2CCCC2C(=O)O)NC(=O)C(C)NC(=O)C3CCCN3)O	0.472	Amino acids and Peptides	Tripeptides	Carboxylic acids and derivatives		2067	EB-MSV000090464-gnps_ms2	transferred	2	575.2806	1.41							low_cosine
C32H47N5O9S	[M + Na]+	Nitrobenzoxadiazol-N-cholytaurine	CC(CCC(=O)NCCS(=O)(=O)O)C1CCC2C1(C(CC3C2C(CC4C3(CCC(C4)O)C)NC5=CC=C(C6=NON=C56)[N+](=O)[O-])O)C	0.026	Amino acids and Peptides	Depsipeptides	Carboxylic acids and derivatives		2070	EB-MSV000090464-gnps_ms2	transferred	1	700.3011	1.41							low_cosine
C25H44N6O6	[M + H]+	N-Boc-3-(Dimethylamino)-L-Ala-L-Pro-(2-amino* 1-oxo-2,2-ethanoethane-1-yl)-L-Leu-NH2	CC(C)CC(C(=O)N)NC(=O)C1(CC1)NC(=O)C2CCCN2C(=O)C(CN(C)C)NC(=O)OC(C)(C)C	0.505	Amino acids and Peptides	Tripeptides	Carboxylic acids and derivatives	474.0	2072	EB-MSV000090464-gnps_ms2	transferred	1	525.3406	1.42	525.3403	1.579	-0.571	0.159	0.9886	unique	assigned
C26H37N3O8	[M + Na]+	Ac-Ser-Thr-Thr-Ala-Val-OH	CC(C)C(C(=O)O)NC(=O)C(C)NC(=O)C(C(C)O)NC(=O)C(C(C)O)NC(=O)C(CO)NC(=O)C	0.82	Amino acids and Peptides	Tripeptides	Carboxylic acids and derivatives	4024.0	2079	EB-MSV000090464-gnps_ms2	transferred	1	542.2465	1.41	542.2468	1.420849	0.553	0.011	0.9999	unique	assigned
C41H68N6O11	[M + H]+	2-[2-[2-[2-[2-[2-[2-[2-[2-[2-[2-[2-[2-[2-[bis(prop-2-enyl)amino]-2-oxoethoxy]ethoxy]ethoxy]ethoxy]ethoxy]ethoxy]ethoxy]ethoxy]ethoxy]ethoxy]ethoxy]ethoxy]ethoxy]-N,N-bis(prop-2-enyl)acetamide	C=CCN(CC=C)C(=O)COCCOCCOCCOCCOCCOCCOCCOCCOCCOCCOCCOCCOCC(=O)N(CC=C)CC=C	0.345	Polyketides	Erythromycins	Carboxylic acids and derivatives	4521.0	2086	EB-MSV000090464-gnps_ms2	transferred	1	821.5119	1.42	821.5125	1.427443	0.73	0.007	0.997	unique	assigned
C10H16N2O3	[M + H]+	Pro-Pro	C1CC(NC1)C(=O)N2CCCC2C(=O)O	0.979	Amino acids and Peptides	Dipeptides	Carboxylic acids and derivatives	2330.0	2089	EB-MSV000090464-gnps_ms2	transferred	1	213.1231	1.42	213.1232	1.434156	0.469	0.014	1.0	unique	assigned
C20H34N4O5	[M + H]+	Pro-Val-Val-Pro	CC(C)C(C(=O)NC(C(C)C)C(=O)N1CCCC1C(=O)O)NC(=O)C2CCCN2	0.888	Amino acids and Peptides	Tripeptides	Carboxylic acids and derivatives	6836.0	2092	EB-MSV000090464-gnps_ms2	transferred	4	411.2612	1.42	411.2615	1.893	0.729	0.473	0.9947	ms2_winner	assigned
C44H53N5O11	[M + Na]+	(3S)-3-[[(2S)-2-[[(2S)-2-[[(2S)-2-[[(2S,3R)-2-[[(2S)-2-azaniumyl-3-phenylpropanoyl]amino]-3-hydroxybutanoyl]amino]-4-methylpentanoyl]amino]-3-carboxylatopropanoyl]amino]propanoyl]amino]-4-[[(1S)-1-carboxylato-2-phenylethyl]amino]-4-oxobutanoate	CC(C)CC(C(=O)NC(CC(=O)O)C(=O)NC(C)C(=O)NC(CC(=O)O)C(=O)NC(CC1=CC=CC=C1)C(=O)O)NC(=O)C(C(C)O)NC(=O)C(CC2=CC=CC=C2)N	0.144	Amino acids and Peptides	Cyclic peptides	Carboxylic acids and derivatives	5354.0	2093	EB-MSV000090464-gnps_ms2	transferred	2	850.3663	1.42	850.3675	1.4275	1.411	0.008	1.0	unique	assigned
C15H22N2O4	[M + H]+		CCC(C)C(C(=O)O)NC(=O)C(CC1=CC=C(C=C1)O)N	0.851	Amino acids and Peptides	Dipeptides	Carboxylic acids and derivatives	3878.0	2098	EB-MSV000090464-gnps_ms2	transferred	5	295.1659	1.42	295.1663	1.444	1.355	0.024	0.9993	ms2_tie	assigned
C20H33N5O6	[M + H]+	H-DL-Asn-DL-Pro-DL-Pro-DL-Leu-OH	CC(C)CC(C(=O)O)NC(=O)C1CCCN1C(=O)C2CCCN2C(=O)C(CC(=O)N)N	0.463	Amino acids and Peptides	Tripeptides	Carboxylic acids and derivatives	10603.0	2100	EB-MSV000090464-gnps_ms2	transferred	2	440.2509	1.43	440.2531	1.410546	4.997	-0.019	0.9856	ms2_winner	assigned
C17H30N4O6	[M + H]+	H-Gly-DL-Pro-DL-xiThr-DL-Leu-OH	CC(C)CC(C(=O)O)NC(=O)C(C(C)O)NC(=O)C1CCCN1C(=O)CN	0.484	Amino acids and Peptides	Tripeptides	Carboxylic acids and derivatives	1425.0	2102	EB-MSV000090464-gnps_ms2	transferred	2	387.2252	1.43	387.2256	1.434924	1.033	0.005	1.0	unique	assigned
C29H44N4O7S	[M + Na]+	Thr-Glu-Val-Lys-Thr	CC(C)C(C(=O)NC(CCCCN)C(=O)NC(C(C)O)C(=O)O)NC(=O)C(CCC(=O)O)NC(=O)C(C(C)O)N	0.411	Amino acids and Peptides	Tripeptides	Carboxylic acids and derivatives	199.0	2106	EB-MSV000090464-gnps_ms2	transferred	1	615.2813	1.43	615.2784	1.437242	-4.713	0.007	1.0	unique	assigned
C29H40N4O8	[M + H]+	tert-butyl N-{1-[4-({1-[(4-fluorophenyl)carbamoyl]-2-methylpropyl}carbamoyl)piperidin-1-yl]-4-methyl-1-oxopentan-2-yl}carbamate	CC(C)CC(C(=O)N1CCC(CC1)C(=O)NC(C(C)C)C(=O)NC2=CC=C(C=C2)F)NC(=O)OC(C)(C)C	0.384	Amino acids and Peptides	Tripeptides	Carboxylic acids and derivatives	2853.0	2111	EB-MSV000090464-gnps_ms2	transferred	5	573.2878	1.42	573.2855	1.424646	-4.012	0.005	1.0	ms2_tie	assigned
C14H20N2O3	[M + H]+		CC(C)C(C(=O)O)NC(=O)C(CC1=CC=CC=C1)N	0.995	Amino acids and Peptides	Dipeptides	Carboxylic acids and derivatives	2979.0	2115	EB-MSV000090464-gnps_ms2	transferred	3	265.1544	1.43	265.1541	1.444	-1.131	0.014	1.0	ms2_winner	assigned
C28H38N4O7	[M + H]+	Benzyloxycarbonyl-isoleucyl-alanyl-alpha-aminoisobutyryl-alpha-aminoisobutyrate methyl ester	CCC(C)C(C(=O)NC(C)C(=O)NC(C)(C)C(=O)NC(C)(C)C(=O)OC)NC(=O)OCC1=CC=CC=C1	0.071	Amino acids and Peptides	Cyclic peptides	Carboxylic acids and derivatives	2994.0	2116	EB-MSV000090464-gnps_ms2	transferred	3	543.278	1.43	543.2774	1.241177	-1.104	-0.189	0.7877	ms2_winner	assigned
C32H43N5O9	[M + Na]+	H-Asp-Phe-Thr-Phe-Leu-OH	CC(C)CC(C(=O)O)NC(=O)C(CC1=CC=CC=C1)NC(=O)C(C(C)O)NC(=O)C(CC2=CC=CC=C2)NC(=O)C(CC(=O)O)N	0.196	Amino acids and Peptides	Cyclic peptides	Carboxylic acids and derivatives	5577.0	2117	EB-MSV000090464-gnps_ms2	transferred	1	664.2949	1.42	664.2946	1.400787	-0.452	-0.019	1.0	unique	assigned
C29H38N6O9	[M + H]+	Thr-Glu-Val-Lys-Thr	CC(C)C(C(=O)NC(CCCCN)C(=O)NC(C(C)O)C(=O)O)NC(=O)C(CCC(=O)O)NC(=O)C(C(C)O)N	0.415	Amino acids and Peptides	Tripeptides	Carboxylic acids and derivatives		2122	EB-MSV000090464-gnps_ms2	transferred	1	615.2834	1.43							low_cosine
C11H19FN2O4	[M + H]+	3-phenyl-2-[(pyrrolidin-2-yl)formamido]propanoic acid	C1CC(NC1)C(=O)NC(CC2=CC=CC=C2)C(=O)O	0.998	Amino acids and Peptides	Dipeptides	Carboxylic acids and derivatives	925.0	2123	EB-MSV000090464-gnps_ms2	transferred	5	263.1409	1.43	263.1388	1.326139	-7.981	-0.104	1.0	ms2_winner	assigned
C19H29N7O5	[M + H]+	H-DL-Ala-DL-Val-DL-Pro-DL-xiIle-NH2	CCC(C)C(C(=O)N)NC(=O)C1CCCN1C(=O)C(C(C)C)NC(=O)C(C)N	0.465	Amino acids and Peptides	Tripeptides	Carboxylic acids and derivatives		2124	EB-MSV000090464-gnps_ms2	transferred	1	436.2303	1.43							low_cosine
C27H46N4O4	[M + Na]+	(2S)-1-[(E,2S,5S)-5-acetamido-2-benzyl-7-methyloct-3-enoyl]-N-[(2S)-3-methyl-1-(methylamino)-1-oxobutan-2-yl]pyrrolidine-2-carboxamide	CC(C)CC(C=CC(CC1=CC=CC=C1)C(=O)N2CCCC2C(=O)NC(C(C)C)C(=O)NC)NC(=O)C	0.122	Amino acids and Peptides	Cyclic peptides	Carboxylic acids and derivatives	8957.0	2131	EB-MSV000090464-gnps_ms2	transferred	4	513.3394	1.43	513.3411	1.192348	3.312	-0.238	0.7597	ms2_tie	assigned
C21H34N2O6S	[M + Na]+	Cbz-Leu-DL-Phe-CF3	CC(C)CC(C(=O)NC(CC1=CC=CC=C1)C(=O)C(F)(F)F)NC(=O)OCC2=CC=CC=C2	0.075	Amino acids and Peptides	Dipeptides	Carboxylic acids and derivatives	1434.0	2136	EB-MSV000090464-gnps_ms2	transferred	2	465.2004	1.43	465.202	1.442436	3.439	0.012	1.0	ms2_winner	assigned
C34H38N4O7	[M + H]+	Thr-Glu-Val-Lys-Thr	CC(C)C(C(=O)NC(CCCCN)C(=O)NC(C(C)O)C(=O)O)NC(=O)C(CCC(=O)O)NC(=O)C(C(C)O)N	0.254	Amino acids and Peptides	Tripeptides	Carboxylic acids and derivatives	199.0	2137	EB-MSV000090464-gnps_ms2	transferred	1	615.2781	1.43	615.2784	1.437242	0.488	0.007	0.9961	unique	assigned
C24H38N8O5	[M + K]+	basidioferrin	CC(=O)N(CCCC(C(=O)NC(CCCN(C(=O)C)O)C(=O)NC(CCCN(C(=O)C)O)C(=O)O)N)O	0.114	Carbohydrates	Aminoglycosides	Carboxylic acids and derivatives	691.0	2138	EB-MSV000090464-gnps_ms2	transferred	2	557.2578	1.44	557.2576	1.449267	-0.359	0.009	0.9999	ms2_tie	assigned
C20H34N4O8	[M + H]+	H-DL-Glu-DL-xiIle-DL-Pro-DL-xiThr-OH	CCC(C)C(C(=O)N1CCCC1C(=O)NC(C(C)O)C(=O)O)NC(=O)C(CCC(=O)O)N	0.251	Amino acids and Peptides	Tripeptides	Carboxylic acids and derivatives	1143.0	2139	EB-MSV000090464-gnps_ms2	transferred	1	459.2455	1.44	459.2456	1.45	0.218	0.01	1.0	unique	assigned
C19H25N3O5	[M + H]+	1-[1-[2-Amino-3-(4-hydroxyphenyl)propanoyl]pyrrolidine-2-carbonyl]pyrrolidine-2-carboxylic acid	C1CC(N(C1)C(=O)C2CCCN2C(=O)C(CC3=CC=C(C=C3)O)N)C(=O)O	0.87	Amino acids and Peptides	Dipeptides	Carboxylic acids and derivatives	418.0	2147	EB-MSV000090464-gnps_ms2	transferred	3	376.1883	1.42	376.1867	1.276928	-4.253	-0.143	1.0	ms2_winner	assigned
C19H33N5O7	[M + H]+	H-DL-xiThr-DL-Pro-DL-Leu-DL-Asn-OH	CC(C)CC(C(=O)NC(CC(=O)N)C(=O)O)NC(=O)C1CCCN1C(=O)C(C(C)O)N	0.769	Amino acids and Peptides	Tripeptides	Carboxylic acids and derivatives	118.0	2150	EB-MSV000090464-gnps_ms2	transferred	4	444.2448	1.43	444.245	1.32955	0.45	-0.1	0.9769	ms2_winner	assigned
C22H31N5O7	[M + H]+	H-Gly-Cys-Val-Leu-Ser-OH	CC(C)CC(C(=O)NC(CO)C(=O)O)NC(=O)C(C(C)C)NC(=O)C(CS)NC(=O)CN	0.1	Amino acids and Peptides	Tripeptides	Carboxylic acids and derivatives	1808.0	2152	EB-MSV000090464-gnps_ms2	transferred	4	478.2301	1.44	478.2308	1.451593	1.464	0.012	0.9059	unique	assigned
C17H31N3O6	[M + H]+	2-[[2-[(2-Amino-4-methylpentanoyl)amino]-3-methylpentanoyl]amino]pentanedioic acid	CCC(C)C(C(=O)NC(CCC(=O)O)C(=O)O)NC(=O)C(CC(C)C)N	0.715	Amino acids and Peptides	Tripeptides	Carboxylic acids and derivatives	2824.0	2156	EB-MSV000090464-gnps_ms2	transferred	3	374.2284	1.44	374.2281	1.451	-0.802	0.011	1.0	unique	assigned
C24H41N5O8	[M + H]+	2-(2-cyclopentylethyl)-N-[3-methyl-1-[4-(trifluoromethoxy)anilino]butan-2-yl]-4-morpholin-4-yl-4-oxobutanamide	CC(C)C(CNC1=CC=C(C=C1)OC(F)(F)F)NC(=O)C(CCC2CCCC2)CC(=O)N3CCOCC3	0.031	Amino acids and Peptides	Tripeptides	Carboxylic acids and derivatives	847.0	2157	EB-MSV000090464-gnps_ms2	transferred	3	528.3053	1.44	528.3059	1.452648	1.136	0.013	1.0	ms2_winner	assigned
C38H48F3N5O7	[M + H]+	Enamidonin	CC(CCC=CCCCC=CC=CC(=O)NC=CC(=O)NCC1C(=O)NCC2C(=O)N(CC(=O)NC(C(=O)N1)CC3=CC=CC=C3)C(N2)(C)C)O	0.07	Amino acids and Peptides	Cyclic peptides	Peptidomimetics	2159.0	2159	EB-MSV000090464-gnps_ms2	transferred	2	744.3546	1.45	744.3553	1.453409	0.94	0.003	0.8645	unique	assigned
C27H45N7O8	[M + Na]+	9-(butan-2-yl)-1,4,7-trihydroxy-6-[(1-methoxy-1H-indol-3-yl)methyl]-3-(5-oxohexyl)-3H,6H,9H,10H,12H,13H,14H,15H,15aH-pyrido[1,2-a]1,4,7,10-tetraazacyclododecan-10-one	CCC(C)C1C(=O)N2CCCCC2C(=O)NC(C(=O)NC(C(=O)N1)CC3=CN(C4=CC=CC=C43)OC)CCCCC(=O)C	0.172	Amino acids and Peptides	Tripeptides	Carboxylic acids and derivatives		2160	EB-MSV000090464-gnps_ms2	transferred	7	618.3265	1.44							low_cosine
C17H32N4O6	[M + H]+	H-DL-Ala-DL-Leu-DL-Val-DL-Ser-OH	CC(C)CC(C(=O)NC(C(C)C)C(=O)NC(CO)C(=O)O)NC(=O)C(C)N	0.607	Amino acids and Peptides	Tripeptides	Carboxylic acids and derivatives	946.0	2164	EB-MSV000090464-gnps_ms2	transferred	2	389.2394	1.44	389.2392	1.452799	-0.514	0.013	1.0	unique	assigned
C34H42N6O7	[M + H]+	Cyclo(-D-Asp-Pro-D-Ile-Leu-D-Trp)	CCC(C)C1C(=O)NC(C(=O)NC(C(=O)NC(C(=O)N2CCCC2C(=O)N1)CC(=O)O)CC3=CNC4=CC=CC=C43)CC(C)C	0.591	Amino acids and Peptides	Cyclic peptides	Carboxylic acids and derivatives		2169	EB-MSV000090464-gnps_ms2	transferred	3	647.325	1.47							low_cosine
C11H17FN2O4	[M + H]+	Maculosin	C1CC2C(=O)NC(C(=O)N2C1)CC3=CC=C(C=C3)O	0.998	Amino acids and Peptides	Dipeptides	Carboxylic acids and derivatives	189.0	2172	EB-MSV000090464-gnps_ms2	transferred	2	261.124	1.45	261.1239	1.536915	-0.383	0.087	0.8241	unique	assigned
C33H51N7O11	[M + Na]+	Sanguinamide A	CCC(C)C1C2=NC(=CS2)C(=O)NC(C(=O)NC(C(=O)N3CCCC3C(=O)NC(C(=O)N4CCCC4C(=O)N1)C(C)CC)CC5=CC=CC=C5)C	0.152	Amino acids and Peptides	Cyclic peptides	Carboxylic acids and derivatives	2159.0	2176	EB-MSV000090464-gnps_ms2	transferred	2	744.3554	1.45	744.3553	1.453409	-0.134	0.003	0.9999	unique	assigned
C21H35N5O7	[M + H]+	[1-[[1-[2-[2-[(4-Methoxy-4-oxobutanoyl)amino]propanoylamino]propanoyl]pyrrolidine-2-carbonyl]amino]-2-methylpropyl]boronic acid	B(C(C(C)C)NC(=O)C1CCCN1C(=O)C(C)NC(=O)C(C)NC(=O)CCC(=O)OC)(O)O	0.559	Amino acids and Peptides	Tripeptides	Carboxylic acids and derivatives	4779.0	2180	EB-MSV000090464-gnps_ms2	transferred	3	470.263	1.45	470.2628	1.206849	-0.425	-0.243	0.9651	ms2_tie	assigned
C27H38N4O6	[M + H]+	tert-butyl N-[(2S)-1-[(2S)-2-[(4-amino-1-cyclopropyl-3,4-dioxobutan-2-yl)carbamoyl]-6,6-dimethyl-3-azabicyclo[3.1.0]hexan-3-yl]-3-methyl-1-oxobutan-2-yl]carbamate	CC(C)C(C(=O)N1CC2C(C1C(=O)NC(CC3CC3)C(=O)C(=O)N)C2(C)C)NC(=O)OC(C)(C)C	0.074	Amino acids and Peptides	Tripeptides	Carboxylic acids and derivatives	2464.0	2182	EB-MSV000090464-gnps_ms2	transferred	3	515.2839	1.45	515.2834	1.464013	-0.97	0.014	0.9993	ms2_winner	assigned
C32H46N6O9	[M + H]+	(2S)-2-[(3R)-3-acetamido-3-(2-methylpropyl)-2-oxopyrrolidin-1-yl]-N-[(1S,2S)-3-(3,5-difluorophenyl)-1-[(3R)-2,3-dihydroisoquinolin-3-yl]-1-hydroxypropan-2-yl]-4-phenylbutanamide	CC(C)CC1(CCN(C1=O)C(CCC2=CC=CC=C2)C(=O)NC(CC3=CC(=CC(=C3)F)F)C(C4C=C5C=CC=CC5=CN4)O)NC(=O)C	0.104	Amino acids and Peptides	Cyclic peptides	Peptidomimetics	269.0	2183	EB-MSV000090464-gnps_ms2	transferred	4	659.3374	1.46	659.3375	1.468797	0.152	0.009	1.0	ms2_tie	assigned
C22H37N9O7	[M + Na]+	(2S,5S,8S,11R)-11-benzyl-4-(3-ethoxypropanoyl)-8-propan-2-yl-1,4,7,10,13,16,17-heptazatricyclo[13.2.1.12,5]nonadeca-15(18),16-diene-6,9,12-trione	CCOCCC(=O)N1CC2CC1C(=O)NC(C(=O)NC(C(=O)NCC3=CN2N=N3)CC4=CC=CC=C4)C(C)C	0.088	Amino acids and Peptides	Cyclic peptides	Carboxylic acids and derivatives		2185	EB-MSV000090464-gnps_ms2	transferred	5	562.2692	1.46							low_cosine
C35H43N7O10	[M + H]+	N-[(3R,6S,9S,12S,19S)-3-benzyl-9-ethyl-6-[(1R)-1-hydroxyethyl]-2,5,8,11,18-pentaoxo-1,4,7,10,17-pentazabicyclo[17.3.0]docosan-12-yl]-2-(2-oxopyrrolidin-1-yl)acetamide	CCC1C(=O)NC(C(=O)NC(C(=O)N2CCCC2C(=O)NCCCCC(C(=O)N1)NC(=O)CN3CCCC3=O)CC4=CC=CC=C4)C(C)O	0.157	Amino acids and Peptides	Cyclic peptides	Carboxylic acids and derivatives	2922.0	2192	EB-MSV000090464-gnps_ms2	transferred	1	722.3203	1.46	722.3208	1.467	0.692	0.007	0.9606	unique	assigned
C4H4N2O3S	[M + Na]+	4-Methoxy-1,2,5-thiadiazole-3-carboxylic acid	COC1=NSN=C1C(=O)O	0.053	Alkaloids	Imidazole alkaloids	Azoles		2193	EB-MSV000090464-gnps_ms2	transferred	0	182.9856	1.46							no_match
C24H33N5O6	[M + H]+	(2S)-2-[[(2S)-1-[(2S)-2-[[(2S)-1-acetylpyrrolidine-2-carbonyl]amino]propanoyl]pyrrolidine-2-carbonyl]amino]-3-(4-hydroxyphenyl)propanimidate	CC(C(=O)N1CCCC1C(=O)NC(CC2=CC=C(C=C2)O)C(=O)N)NC(=O)C3CCCN3C(=O)C	0.366	Amino acids and Peptides	Tripeptides	Carboxylic acids and derivatives		2197	EB-MSV000090464-gnps_ms2	transferred	1	488.2504	1.46							low_cosine
C22H35N5O6	[M + H]+	H-DL-Pro-DL-Leu-DL-Ser-DL-Lys-OH	CC(C)CC(C(=O)NC(CO)C(=O)NC(CCCCN)C(=O)O)NC(=O)C1CCCN1	0.411	Amino acids and Peptides	Tripeptides	Carboxylic acids and derivatives	4919.0	2205	EB-MSV000090464-gnps_ms2	transferred	3	466.2649	1.45	466.2652	1.438727	0.643	-0.011	1.0	unique	assigned
C14H14N2O3	[M + H]+	5-(1-Phenyl-3-butenyl)-2,4,6(1H,3H,5H)-pyrimidinetrione	C=CCC(C1C(=O)NC(=O)NC1=O)C2=CC=CC=C2	0.1	Amino acids and Peptides	Dipeptides	Carboxylic acids and derivatives	1536.0	2216	EB-MSV000090464-gnps_ms2	transferred	1	259.1087	1.47	259.1087	1.304102	0.0	-0.166	0.9982	unique	assigned
C10H7NO3	[M + H]+	Kynurenate	C1=CC=C2C(=C1)C(=O)C=C(N2)C(=O)O	0.763	Alkaloids	Quinoline alkaloids	Quinolines and derivatives	7168.0	2235	EB-MSV000090464-gnps_ms2	transferred	1	190.0499	1.47	190.05	1.454934	0.526	-0.015	0.9996	unique	assigned
C16H27N3O4	[M + H]+	l-Isoleucyl-l-prolyl-l-pro-line	CCC(C)C(C(=O)N1CCCC1C(=O)N2CCCC2C(=O)O)N	0.74	Amino acids and Peptides	Tripeptides	Carboxylic acids and derivatives	1218.0	2238	EB-MSV000090464-gnps_ms2	transferred	1	326.2067	1.49	326.2068	1.706	0.307	0.216	0.7588	unique	assigned
C23H39N7O8	[M + H]+	H-Asn-Ala-Ser-Ala-Pro-Val-al	CC(C)C(C=O)NC(=O)C1CCCN1C(=O)C(C)NC(=O)C(CO)NC(=O)C(C)NC(=O)C(CC(=O)N)N	0.241	Amino acids and Peptides	Tripeptides	Carboxylic acids and derivatives	2986.0	2241	EB-MSV000090464-gnps_ms2	transferred	2	542.2941	1.47	542.2936	1.483021	-0.922	0.013	0.775	unique	assigned
C27H38N6O10	[M + H]+	2-[2-(2-amino-3-phenylpropanamido)-3-hydroxybutanamido]-5-carbamimidamido-N-(1-carbamoyl-2-phenylethyl)pentanamide	CC(C(C(=O)NC(CCCN=C(N)N)C(=O)NC(CC1=CC=CC=C1)C(=O)N)NC(=O)C(CC2=CC=CC=C2)N)O	0.291	Amino acids and Peptides	Cyclic peptides	Carboxylic acids and derivatives	5619.0	2242	EB-MSV000090464-gnps_ms2	transferred	3	607.2697	1.48	607.2727	1.448332	4.94	-0.032	1.0	unique	assigned
C19H27N3O5	[M + H]+	1-[2-[[2-Amino-3-(4-hydroxyphenyl)propanoyl]amino]-3-methylbutanoyl]pyrrolidine-2-carboxylic acid	CC(C)C(C(=O)N1CCCC1C(=O)O)NC(=O)C(CC2=CC=C(C=C2)O)N	0.67	Amino acids and Peptides	Tripeptides	Carboxylic acids and derivatives	678.0	2252	EB-MSV000090464-gnps_ms2	transferred	3	378.2032	1.48	378.2042	1.498335	2.644	0.018	1.0	unique	assigned
C32H53N5O10	[M + K]+	Pyloricidin A1	CCC(C)C(C(=O)NC(CC(C)C)C(=O)NC(CO)C(C(C(C(=O)NC(CC(=O)O)C1=CC=CC=C1)O)O)O)NC(=O)C(C(C)C)N	0.079	Amino acids and Peptides	Tripeptides	Carboxylic acids and derivatives	1067.0	2257	EB-MSV000090464-gnps_ms2	transferred	2	706.3434	1.47	706.3418	1.3305	-2.265	-0.139	0.9925	ms2_tie	assigned
C14H16N2O5	[M + H]+	3-(4-hydroxyphenyl)-2-[(5-oxopyrrolidin-2-yl)formamido]propanoic acid	C1CC(=O)NC1C(=O)NC(CC2=CC=C(C=C2)O)C(=O)O	0.991	Amino acids and Peptides	Dipeptides	Carboxylic acids and derivatives	4046.0	2258	EB-MSV000090464-gnps_ms2	transferred	1	293.1139	1.48	293.1138	1.32	-0.341	-0.16	0.9586	unique	assigned
C15H27N3O6	[M + H]+	4-[(2-Amino-3-methylbutanoyl)amino]-5-[(1-carboxy-2-methylpropyl)amino]-5-oxopentanoic acid	CC(C)C(C(=O)NC(CCC(=O)O)C(=O)NC(C(C)C)C(=O)O)N	0.487	Amino acids and Peptides	Tripeptides	Carboxylic acids and derivatives	2909.0	2259	EB-MSV000090464-gnps_ms2	transferred	3	346.1992	1.47	346.198	1.330221	-3.466	-0.14	0.9954	unique	assigned
C24H34N6O8	[M + H]+	1-Alaninechlamydocin	CC1C(=O)NC(C(=O)N2CCCC2C(=O)NC(C(=O)N1)CCCCCC(=O)C3CO3)CC4=CC=CC=C4	0.363	Amino acids and Peptides	Cyclic peptides	Carboxylic acids and derivatives	7709.0	2261	EB-MSV000090464-gnps_ms2	transferred	1	535.2504	1.48	535.249	1.448545	-2.616	-0.031	1.0	unique	assigned
C14H17N3O3	[M + H]+		C1=CC=C(C=C1)CC2C(=O)NC(C(=O)N2)CCC(=O)N	0.418	Amino acids and Peptides	Dipeptides	Carboxylic acids and derivatives	868.0	2265	EB-MSV000090464-gnps_ms2	transferred	2	276.1353	1.48	276.1354	1.296504	0.362	-0.183	0.9969	ms2_winner	assigned
C27H31N3O6	[M + H]+	4-[(4-Fluoro-3-{[4-(morpholin-4-ylcarbonyl)-1,4-diazepan-1-yl]carbonyl}phenyl)methyl]-1,2-dihydrophthalazin-1-one	C1CN(CCN(C1)C(=O)N2CCOCC2)C(=O)C3=C(C=CC(=C3)CC4=NNC(=O)C5=CC=CC=C54)F	0.014	Amino acids and Peptides	Cyclic peptides	Carboxylic acids and derivatives	2756.0	2269	EB-MSV000090464-gnps_ms2	transferred	1	494.2243	1.48	494.2244	1.497872	0.202	0.018	1.0	unique	assigned
C16H30N4O5	[M + H]+	2-[[2-[(2,5-Diamino-5-oxopentanoyl)amino]-3-methylpentanoyl]amino]-3-methylbutanoic acid	CCC(C)C(C(=O)NC(C(C)C)C(=O)O)NC(=O)C(CCC(=O)N)N	0.388	Amino acids and Peptides	Tripeptides	Carboxylic acids and derivatives		2274	EB-MSV000090464-gnps_ms2	transferred	3	359.2286	1.49							low_cosine
C33H38N8O8	[M + H]+	Anhwiedelphinine	CC1CC(=O)N(C1=O)C2=CC=CC=C2C(=O)OCC34CCC(C56C3C(C(C5N=C4)(C7(CC(C8CC6C7C8OC)OC)O)O)OC)OC	0.029	Amino acids and Peptides	Antimycins	Carboxylic acids and derivatives	83.0	2279	EB-MSV000090464-gnps_ms2	transferred	2	675.2847	1.49	675.2854	1.231453	1.037	-0.259	1.0	ms2_tie	assigned
C28H54N6O14	[M + H]+	H-DL-Ala-DL-Leu-DL-Pro-Gly-DL-Ala-DL-Leu-DL-Pro-Unk	CC(C)CC(C(=O)N1CCCC1C(=O)NCC(=O)NC(C)C(=O)NC(CC(C)C)C(=O)N2CCCC2C(=O)N=CC=O)NC(=O)C(C)N	0.148	Amino acids and Peptides	Cyclic peptides	Carboxylic acids and derivatives		2283	EB-MSV000090464-gnps_ms2	transferred	1	699.3791	1.48							low_cosine
C45H57N5O7	[M + H]+		CC(C)CC1C(=O)N2CCCC2C(=O)N3CCCC3C(=O)N4CCCC4C(=O)NC(C(=O)NC(C(=O)NC(C(=O)N1)C(C)C)CC5=CC=CC=C5)CC(=O)OC	0.282	Amino acids and Peptides	Cyclic peptides	Carboxylic acids and derivatives	4274.0	2293	EB-MSV000090464-gnps_ms2	transferred	3	780.4393	1.51	780.4318	1.462955	-9.61	-0.047	0.9999	unique	assigned
C27H45N7O8	[M + H]+	9-(butan-2-yl)-1,4,7-trihydroxy-6-[(1-methoxy-1H-indol-3-yl)methyl]-3-(5-oxohexyl)-3H,6H,9H,10H,12H,13H,14H,15H,15aH-pyrido[1,2-a]1,4,7,10-tetraazacyclododecan-10-one	CCC(C)C1C(=O)N2CCCCC2C(=O)NC(C(=O)NC(C(=O)N1)CC3=CN(C4=CC=CC=C43)OC)CCCCC(=O)C	0.237	Amino acids and Peptides	Anabaenopeptins	Carboxylic acids and derivatives	4239.0	2299	EB-MSV000090464-gnps_ms2	transferred	4	596.3437	1.48	596.3439	1.462955	0.335	-0.017	1.0	ms2_tie	assigned
C22H36N2O5	[M + K]+	2-[[2-[(2-amino-4-carboxybutanoyl)amino]-3-(1H-indol-3-yl)propanoyl]amino]-4-methylpentanoic acid	CC(C)CC(C(=O)O)NC(=O)C(CC1=CNC2=CC=CC=C21)NC(=O)C(CCC(=O)O)N	0.249	Amino acids and Peptides	Tripeptides	Carboxylic acids and derivatives		2304	EB-MSV000090464-gnps_ms2	transferred	2	447.2253	1.48							low_cosine
C27H45N9O10	[M + Na]+	H-Leu-Val-His-Ser-Ser-Asn-OH	CC(C)CC(C(=O)NC(C(C)C)C(=O)NC(CC1=CN=CN1)C(=O)NC(CO)C(=O)NC(CO)C(=O)NC(CC(=O)N)C(=O)O)N	0.168	Amino acids and Peptides	Tripeptides	Carboxylic acids and derivatives	633.0	2305	EB-MSV000090464-gnps_ms2	transferred	3	678.3244	1.49	678.3247	1.408114	0.442	-0.082	0.9832	ms2_tie	assigned
C21H30N3O7	[M + H]+	2-[[1-[2-(2-Aminopropanoylamino)-3-methylbutanoyl]pyrrolidine-2-carbonyl]amino]-3-methylpentanoic acid	CCC(C)C(C(=O)O)NC(=O)C1CCCN1C(=O)C(C(C)C)NC(=O)C(C)N	0.148	Amino acids and Peptides	Tripeptides	Carboxylic acids and derivatives	6873.0	2309	EB-MSV000090464-gnps_ms2	transferred	4	437.2148	1.51	437.2144	1.539	-0.915	0.029	0.9606	ms2_tie	assigned
C12H24N2O3	[M + H]+	Leu-Leu	CC(C)CC(C(=O)NC(CC(C)C)C(=O)O)N	0.721	Amino acids and Peptides	Dipeptides	Carboxylic acids and derivatives	615.0	2311	EB-MSV000090464-gnps_ms2	transferred	4	245.186	1.5	245.1862	1.516	0.816	0.016	1.0	ms2_winner	assigned
C21H34N4O11	[M + H]+	(4S)-4-[[(2S)-2-acetamido-3-carboxypropanoyl]amino]-5-[[(2S)-1-[[(2S,3S)-1-carboxy-3-hydroxybutan-2-yl]amino]-3-methyl-1-oxobutan-2-yl]amino]-5-oxopentanoic acid	CC(C)C(C(=O)NC(CC(=O)O)C(C)O)NC(=O)C(CCC(=O)O)NC(=O)C(CC(=O)O)NC(=O)C	0.621	Amino acids and Peptides	Tripeptides	Carboxylic acids and derivatives	3191.0	2313	EB-MSV000090464-gnps_ms2	transferred	1	519.2284	1.5	519.2271	1.516	-2.504	0.016	0.9999	unique	assigned
C23H40N6O9	[M + H]+	(4R,5S,6S,7R)-4,7-dibenzyl-5,6-dihydroxy-1,3-bis[4-(oxiran-2-yl)butyl]-1,3-diazepan-2-one	C1C(O1)CCCCN2C(C(C(C(N(C2=O)CCCCC3CO3)CC4=CC=CC=C4)O)O)CC5=CC=CC=C5	0.154	Amino acids and Peptides	Dipeptides	Carboxylic acids and derivatives		2315	EB-MSV000090464-gnps_ms2	transferred	2	545.2945	1.5							low_cosine
C18H32N4O7S	[M + H]+	H-DL-Pro-DL-xiThr-DL-xiThr-DL-Met-OH	CC(C(C(=O)NC(C(C)O)C(=O)NC(CCSC)C(=O)O)NC(=O)C1CCCN1)O	0.353	Amino acids and Peptides	Tripeptides	Carboxylic acids and derivatives		2322	EB-MSV000090464-gnps_ms2	transferred	4	449.2057	1.5							low_cosine
C25H32N6O8	[M + H]+	Tyrosyl-prolyl-phenylalanyl-proline	C1CC(N(C1)C(=O)C(CC2=CC=C(C=C2)O)N)C(=O)NC(CC3=CC=CC=C3)C(=O)N4CCCC4C(=O)O	0.626	Amino acids and Peptides	Cyclic peptides	Carboxylic acids and derivatives		2323	EB-MSV000090464-gnps_ms2	transferred	2	545.2341	1.5							low_cosine
C29H38N4O8	[M + H]+	H-Ala-Val-Thr-Ser-Thr-Ala-OH	CC(C)C(C(=O)NC(C(C)O)C(=O)NC(CO)C(=O)NC(C(C)O)C(=O)NC(C)C(=O)O)NC(=O)C(C)N	0.753	Amino acids and Peptides	Linear peptides	Carboxylic acids and derivatives	987.0	2326	EB-MSV000090464-gnps_ms2	transferred	3	571.2723	1.5	571.2721	1.501097	-0.35	0.001	1.0	ms2_winner	assigned
C27H43N5O8	[M + Na]+	Leu-Ala-Ile-Tyr-Ser	CCC(C)C(C(=O)NC(CC1=CC=C(C=C1)O)C(=O)NC(CO)C(=O)O)NC(=O)C(C)NC(=O)C(CC(C)C)N	0.491	Amino acids and Peptides	Cyclic peptides	Carboxylic acids and derivatives	4530.0	2333	EB-MSV000090464-gnps_ms2	transferred	1	588.2982	1.51	588.2966	1.510714	-2.72	0.001	1.0	unique	assigned
C23H35N3O8	[M + Na]+	Arg-Tyr-Lys	C1=CC(=CC=C1CC(C(=O)NC(CCCCN)C(=O)O)NC(=O)C(CCCN=C(N)N)N)O	0.303	Amino acids and Peptides	Tripeptides	Carboxylic acids and derivatives	1360.0	2336	EB-MSV000090464-gnps_ms2	transferred	1	504.2314	1.51	504.2313	1.348068	-0.198	-0.162	0.7073	unique	assigned
C32H50NO7P	[M + Na]+	ethyl (2S)-2-[[[4-[4-hydroxy-3,5-di(propan-2-yl)phenyl]-2,6-di(propan-2-yl)phenoxy]methoxy-(methoxymethyl)phosphoryl]amino]propanoate	CCOC(=O)C(C)NP(=O)(COC)OCOC1=C(C=C(C=C1C(C)C)C2=CC(=C(C(=C2)C(C)C)O)C(C)C)C(C)C		Fatty acids	Glycerophosphocholines	Organonitrogen compounds	244.0	2337	EB-MSV000090464-gnps_ms2	transferred	4	614.3163	1.5	614.316	1.5165	-0.488	0.016	1.0	ms2_tie	assigned
C30H47N7O8	[M + H]+	Caletasin	CC(C)CC1C(=O)N2CCCC2C(=O)NC(C(=O)NC(C(=O)N(C(C(=O)N1)CC3=CC=CC=C3)C)CC4=CC=C(C=C4)O)C(C)C	0.567	Amino acids and Peptides	Tripeptides	Carboxylic acids and derivatives	2211.0	2338	EB-MSV000090464-gnps_ms2	transferred	1	634.355	1.51	634.3549	1.516	-0.158	0.006	1.0	unique	assigned
C21H34N2O7	[M + K]+	methyl (2S)-2-{[(2S)-2-{[(benzyloxy)carbonyl]amino}-3-(4-hydroxyphenyl)propanoyl]amino}-3-methylpentanoate	CCC(C)C(C(=O)OC)NC(=O)C(CC1=CC=C(C=C1)O)NC(=O)OCC2=CC=CC=C2	0.089	Amino acids and Peptides	Dipeptides	Carboxylic acids and derivatives		2339	EB-MSV000090464-gnps_ms2	transferred	3	465.1978	1.5							low_cosine
C39H57N9O9	[M + H]+	N-{3-carbamoyl-1-[(1-hydroxy-3-phenylpropan-2-yl)carbamoyl]propyl}-2-[2-methyl-2-(2-methyl-2-{3-methyl-2-[(pyrrolidin-2-yl)formamido]butanamido}propanamido)propanamido]pentanediamide	CC(C)C(C(=O)NC(C)(C)C(=O)NC(C)(C)C(=O)NC(CCC(=O)N)C(=O)NC(CCC(=O)N)C(=O)NC(CC1=CC=CC=C1)CO)NC(=O)C2CCCN2	0.48	Amino acids and Peptides	Cyclic peptides	Carboxylic acids and derivatives	2234.0	2342	EB-MSV000090464-gnps_ms2	transferred	1	796.4314	1.52	796.4307	1.497436	-0.879	-0.023	1.0	unique	assigned
C28H46N8O12	[M + H]+	xanthoxycyclin A	CCC(C)C1C(=O)NC(C(=O)NC(C(=O)NCC(=O)NC(C(=O)NC(C(=O)N1)C)CC2=CC=CC=C2)CC3=CC=CC=C3)CC(C)C	0.763	Amino acids and Peptides	Cyclic peptides	Carboxylic acids and derivatives	5661.0	2357	EB-MSV000090464-gnps_ms2	transferred	4	687.3316	1.52	687.3359	1.530611	6.256	0.011	0.9404	unique	assigned
C21H35N5O8	[M + H]+	H-Ala-Pro-Glu-Ala-Val-OH	CC(C)C(C(=O)O)NC(=O)C(C)NC(=O)C(CCC(=O)O)NC(=O)C1CCCN1C(=O)C(C)N	0.94	Amino acids and Peptides	Tripeptides	Carboxylic acids and derivatives	2263.0	2360	EB-MSV000090464-gnps_ms2	transferred	2	486.2565	1.51	486.2565	1.357501	0.0	-0.152	0.9999	unique	assigned
C10H16N2O2	[M + H]+	3-(propan-2-yl)-octahydropyrrolo[1,2-a]pyrazine-1,4-dione	CC(C)C1C(=O)N2CCCC2C(=O)N1	0.947	Amino acids and Peptides	Dipeptides	Carboxylic acids and derivatives	292.0	2368	EB-MSV000090464-gnps_ms2	transferred	1	197.1289	1.52	197.1288	1.531	-0.507	0.011	1.0	unique	assigned
C14H25N3O4	[M + H]+	(2S)-1-[(2S)-2-[[(2S)-2-azaniumyl-4-methylpentanoyl]amino]propanoyl]pyrrolidine-2-carboxylate	CC(C)CC(C(=O)NC(C)C(=O)N1CCCC1C(=O)O)N	0.607	Amino acids and Peptides	Tripeptides	Carboxylic acids and derivatives	3734.0	2369	EB-MSV000090464-gnps_ms2	transferred	3	300.1919	1.52	300.1935	1.532	5.33	0.012	1.0	unique	assigned
C16H23N3O4	[M + H]+	2-[[2-[(2-Amino-3-phenylpropanoyl)amino]acetyl]amino]-3-methylbutanoic acid	CC(C)C(C(=O)O)NC(=O)CNC(=O)C(CC1=CC=CC=C1)N	0.659	Amino acids and Peptides	Tripeptides	Carboxylic acids and derivatives	594.0	2370	EB-MSV000090464-gnps_ms2	transferred	1	322.1764	1.52	322.1765	1.386789	0.31	-0.133	1.0	unique	assigned
C24H28N8O3	[M + H]+	Z-Gly-Pro-Leu-Gly	CC(C)CC(C(=O)NCC(=O)O)NC(=O)C1CCCN1C(=O)CNC(=O)OCC2=CC=CC=C2	0.39	Amino acids and Peptides	Cyclic peptides	Carboxylic acids and derivatives	236.0	2384	EB-MSV000090464-gnps_ms2	transferred	1	477.239	1.53	477.2404	1.538953	2.934	0.009	0.9999	unique	assigned
C13H23N3O4S	[M + H]+	1-[2-(2-Aminopropanoylamino)-4-methylsulfanylbutanoyl]pyrrolidine-2-carboxylic acid	CC(C(=O)NC(CCSC)C(=O)N1CCCC1C(=O)O)N	0.62	Amino acids and Peptides	Dipeptides	Carboxylic acids and derivatives	5511.0	2387	EB-MSV000090464-gnps_ms2	transferred	1	318.1478	1.52	318.1479	1.497689	0.314	-0.022	1.0	unique	assigned
C22H37N9O7	[M + Na]+	D-Streptamine, O-2,6-diamino-2,6-dideoxy-alpha-D-glucopyranosyl-(1-4)-O-(beta-D-xylofuranosyl-(1-5))-N(sup 1)-(4-aminobutyryl)-2-deoxy-	C1C(C(C(C(C1NC(=O)CCCN)O)OC2C(C(C(O2)CO)O)O)OC3C(C(C(C(O3)CN)O)O)N)N	0.083	Amino acids and Peptides	Tripeptides	Carboxylic acids and derivatives	1441.0	2391	EB-MSV000090464-gnps_ms2	transferred	5	562.2724	1.54	562.2698	1.468	-4.624	-0.072	0.9949	ms2_tie	assigned
C40H72N10O15	[M + Na]+	2-{2-[2-(2-{2-[2-(2-{2-[2-(2-aminoacetamido)-4-methylpentanamido]-4-methylpentanamido}-3-hydroxypropanamido)-3-hydroxypropanamido]-4-methylpentanamido}-3-hydroxypropanamido)-3-hydroxypropanamido]-3-methylbutanamido}propanoic acid	CC(C)CC(C(=O)NC(CC(C)C)C(=O)NC(CO)C(=O)NC(CO)C(=O)NC(CC(C)C)C(=O)NC(CO)C(=O)NC(CO)C(=O)NC(C(C)C)C(=O)NC(C)C(=O)O)NC(=O)CN	0.834	Amino acids and Peptides	Cyclic peptides	Carboxylic acids and derivatives	2327.0	2400	EB-MSV000090464-gnps_ms2	transferred	1	955.4979	1.53	955.498	1.5475	0.105	0.018	0.9999	unique	assigned
C25H44N6O6	[M + K]+	N-{7-heptyl-4,9-dimethyl-8-[(3-methylbutanoyl)oxy]-2,6-dioxo-1,5-dioxonan-3-yl}-2-hydroxy-3-[(hydroxymethylidene)amino]benzene-1-carboximidic acid	CCCCCCCC1C(C(OC(=O)C(C(OC1=O)C)NC(=O)C2=C(C(=CC=C2)NC=O)O)C)OC(=O)CC(C)C	0.057	Amino acids and Peptides	Aminoacids	Carboxylic acids and derivatives	1459.0	2402	EB-MSV000090464-gnps_ms2	transferred	2	563.2953	1.53	563.2952	1.514254	-0.178	-0.016	0.9999	ms2_tie	assigned
C23H32N6O8	[M + H]+		C1CC2C(=O)NC(C(=O)N3CCCC3C(=O)NC(C(=O)N2C1)CC4=CC=C(C=C4)O)CC5=CC=C(C=C5)O	0.45	Amino acids and Peptides	Tripeptides	Carboxylic acids and derivatives	1952.0	2404	EB-MSV000090464-gnps_ms2	transferred	1	521.2362	1.52	521.2352	1.533613	-1.919	0.014	1.0	unique	assigned
C20H35N5O8	[M + H]+	gln-asp-val-leu	CC(C)CC(C(=O)O)NC(=O)C(C(C)C)NC(=O)C(CC(=O)O)NC(=O)C(CCC(=O)N)N	0.646	Amino acids and Peptides	Tripeptides	Carboxylic acids and derivatives	7696.0	2407	EB-MSV000090464-gnps_ms2	transferred	3	474.2576	1.53	474.2543	1.527591	-6.958	-0.002	0.9893	ms2_tie	assigned
C14H18N2O5	[M + H]+	2-amino-4-[(1-carboxy-2-phenylethyl)carbamoyl]butanoic acid	C1=CC=C(C=C1)CC(C(=O)O)NC(=O)CCC(C(=O)O)N	0.924	Amino acids and Peptides	Dipeptides	Carboxylic acids and derivatives		2410	EB-MSV000090464-gnps_ms2	transferred	2	295.1293	1.53							low_cosine
C17H30N4O5	[M + H]+	6-amino-2-{3-methyl-2-[(5-oxopyrrolidin-2-yl)formamido]pentanamido}hexanoic acid	CCC(C)C(C(=O)NC(CCCCN)C(=O)O)NC(=O)C1CCC(=O)N1	0.633	Amino acids and Peptides	Tripeptides	Carboxylic acids and derivatives	3399.0	2411	EB-MSV000090464-gnps_ms2	transferred	1	371.229	1.54	371.2291	1.548	0.269	0.008	1.0	unique	assigned
C11H18FN3O5	[M + H]+	2-(2-amino-3-hydroxypropanamido)-3-(1H-indol-3-yl)propanoic acid	C1=CC=C2C(=C1)C(=CN2)CC(C(=O)O)NC(=O)C(CO)N	0.921	Amino acids and Peptides	Dipeptides	Carboxylic acids and derivatives	2475.0	2413	EB-MSV000090464-gnps_ms2	transferred	2	292.1287	1.54	292.1288	1.548	0.342	0.008	0.9961	unique	assigned
C28H32N4O6	[M + H]+		C1CC2C(=O)NC(C(=O)N3CCCC3C(=O)NC(C(=O)N2C1)CC4=CC=C(C=C4)O)CC5=CC=C(C=C5)O	0.759	Amino acids and Peptides	Cyclic peptides	Carboxylic acids and derivatives	1283.0	2420	EB-MSV000090464-gnps_ms2	transferred	2	521.2412	1.54	521.2418	1.548	1.151	0.008	1.0	unique	assigned
C42H62N4O12	[M + H]+	Me-DL-Ala-DL-Pro-Gly-DL-Abu-DL-xiThr-DL-Ala-DL-Pro-DL-Pro-DL-Ala-NHMe	CCC(C(=O)NC(C(C)O)C(=O)NC(C)C(=O)N1CCCC1C(=O)N2CCCC2C(=O)NC(C)C(=O)NC)NC(=O)CNC(=O)C3CCCN3C(=O)C(C)NC	0.075	Amino acids and Peptides	Tripeptides	Carboxylic acids and derivatives	3386.0	2423	EB-MSV000090464-gnps_ms2	transferred	1	815.4497	1.54	815.4498	1.548	0.123	0.008	0.9857	unique	assigned
C14H16N2O3	[M + H]+	Maculosin	C1CC2C(=O)NC(C(=O)N2C1)CC3=CC=C(C=C3)O	0.998	Amino acids and Peptides	Dipeptides	Carboxylic acids and derivatives	189.0	2424	EB-MSV000090464-gnps_ms2	transferred	1	261.1241	1.54	261.1239	1.536915	-0.766	-0.003	0.9999	unique	assigned
C39H62N10O10	[M + Na]+		CC(C)C(C(=O)C)NC(=O)[CH]NC(=O)C1CCCN1C(=O)C(C(C)C)NC(=O)[CH]NC(=O)C(C(C)C)NC(=O)[CH]NC(=O)C2CCCN2C(=O)C(C(C)C)NC(=O)[CH]N	0.443	Amino acids and Peptides	Linear peptides	Polypeptides	2528.0	2426	EB-MSV000090464-gnps_ms2	transferred	1	853.4582	1.54	853.4578	1.549	-0.469	0.009	0.9998	unique	assigned
C38H42N4O5	[M + H]+	H-DL-Gln-DL-Pro-DL-Lys-DL-Lys-DL-Pro-OH	C1CC(N(C1)C(=O)C(CCC(=O)N)N)C(=O)NC(CCCCN)C(=O)NC(CCCCN)C(=O)N2CCCC2C(=O)O	0.715	Amino acids and Peptides	Tripeptides	Carboxylic acids and derivatives	2900.0	2430	EB-MSV000090464-gnps_ms2	transferred	3	635.3288	1.54	635.3269	1.537	-2.991	-0.003	1.0	unique	assigned
C17H28N4O5	[M + H]+	Pro-Val-Gly-Pro	CC(C)C(C(=O)NCC(=O)N1CCCC1C(=O)O)NC(=O)C2CCCN2	0.94	Amino acids and Peptides	Tripeptides	Carboxylic acids and derivatives	3926.0	2431	EB-MSV000090464-gnps_ms2	transferred	3	369.2135	1.53	369.2121	1.511703	-3.792	-0.018	1.0	unique	assigned
C25H34N2O6S	[M + H]+	1-[2-(morpholin-4-yl)ethyl]-3-{1-oxo-4-[3-oxo-3-(pyrrolidin-1-yl)propyl]-octahydropyrrolo[1,2-a]pyrazin-7-yl}thiourea	C1CCN(C1)C(=O)CCC2CNC(=O)C3N2CC(C3)NC(=S)NCCN4CCOCC4	0.07	Amino acids and Peptides	Tripeptides	Carboxylic acids and derivatives		2434	EB-MSV000090464-gnps_ms2	transferred	1	491.216	1.53							low_cosine
C26H44N2O9	[M + Na]+	Dibohemamine E	CC1C2C(O2)C3(N1C(=C(C3=O)C(C)C4=C(N5C(C6C(C5(C4=O)C)O6)C)NC(=O)C=C(C)C)NC(=O)C=C(C)C)C	0.131	Amino acids and Peptides	Cyclic peptides	Carboxylic acids and derivatives		2437	EB-MSV000090464-gnps_ms2	transferred	1	551.2931	1.53							low_cosine
C11H20N2O3	[M + H]+	1-(2-amino-4-methylpentanoyl)pyrrolidine-2-carboxylic acid	CC(C)CC(C(=O)N1CCCC1C(=O)O)N	0.865	Amino acids and Peptides	Dipeptides	Carboxylic acids and derivatives		2438	EB-MSV000090464-gnps_ms2	transferred	0	229.1545	1.54							no_match
C15H29N3O5	[M + H]+	2-[[2-[(2-Amino-3-hydroxybutanoyl)amino]-3-methylpentanoyl]amino]-3-methylbutanoic acid	CCC(C)C(C(=O)NC(C(C)C)C(=O)O)NC(=O)C(C(C)O)N	0.533	Amino acids and Peptides	Tripeptides	Carboxylic acids and derivatives		2439	EB-MSV000090464-gnps_ms2	transferred	4	332.2175	1.54							low_cosine
C4H4N2O3S	[M + Na]+	2-Methoxy-5-nitro-1,3-thiazole	COC1=NC=C(S1)[N+](=O)[O-]	0.131	Alkaloids	Imidazole alkaloids	Azoles		2440	EB-MSV000090464-gnps_ms2	transferred	0	182.9856	1.54							no_match
C28H40N4O6	[M + H]+	Boc-xiIle-Pro-DL-Abu(vinyl)-Unk	CCC(C)C(C(=O)N1CCCC1C(=O)NC(CCC=C)C(=O)C(=O)NCC=C)NC(=O)OC(C)(C)C	0.351	Amino acids and Peptides	Cyclic peptides	Carboxylic acids and derivatives	2403.0	2442	EB-MSV000090464-gnps_ms2	transferred	5	529.3022	1.55	529.3004	1.563	-3.401	0.013	1.0	unique	assigned
C19H34N4O6	[M + H]+	(2S,3S)-2-[[(2S)-1-[(2S)-2-[[(2S)-2-amino-3-hydroxypropanoyl]amino]-3-methylbutanoyl]pyrrolidine-2-carbonyl]amino]-3-methylpentanoic acid	CCC(C)C(C(=O)O)NC(=O)C1CCCN1C(=O)C(C(C)C)NC(=O)C(CO)N	0.538	Amino acids and Peptides	Tripeptides	Carboxylic acids and derivatives	1215.0	2446	EB-MSV000090464-gnps_ms2	transferred	4	415.2568	1.54	415.2573	1.386578	1.204	-0.153	0.8883	ms2_winner	assigned
C23H38N6O10	[M + H]+	N-Phenylpropyl-ETAV	CC(C)C(C(=O)O)NC(=O)C(C)NC(=O)C(C(C)O)NC(=O)C(CCC(=O)O)NCCCC1=CC=CC=C1	0.111	Amino acids and Peptides	Tripeptides	Carboxylic acids and derivatives	1501.0	2453	EB-MSV000090464-gnps_ms2	transferred	3	559.2715	1.53	559.2723	1.388668	1.43	-0.141	0.9991	unique	assigned
C33H38N8O8	[M + H]+	H2N-Leu-Pro-Phe-Phe-Asp-NH2	CC(C)CC(C(=O)N1CCCC1C(=O)NC(CC2=CC=CC=C2)C(=O)NC(CC3=CC=CC=C3)C(=O)NC(CC(=O)O)C(=O)N)N	0.227	Amino acids and Peptides	Cyclic peptides	Carboxylic acids and derivatives	132.0	2455	EB-MSV000090464-gnps_ms2	transferred	2	675.2845	1.53	675.2849	1.155706	0.592	-0.374	0.9956	ms2_tie	assigned
C19H33N5O7	[M + H]+	H-DL-xiThr-DL-Pro-DL-Leu-DL-Asn-OH	CC(C)CC(C(=O)NC(CC(=O)N)C(=O)O)NC(=O)C1CCCN1C(=O)C(C(C)O)N	0.897	Amino acids and Peptides	Tripeptides	Carboxylic acids and derivatives	118.0	2463	EB-MSV000090464-gnps_ms2	transferred	4	444.2449	1.55	444.245	1.32955	0.225	-0.22	0.9998	ms2_winner	assigned
C24H41N5O8	[M + H]+	N-[(S)-1-(1-Benzyl-3-butylcarbamoyl-2-hydroxy-propylcarbamoyl)-2-methyl-propyl]-2,4-dimethoxy-benzamide	CCCCNC(=O)CC(C(CC1=CC=CC=C1)NC(=O)C(C(C)C)NC(=O)C2=C(C=C(C=C2)OC)OC)O	0.031	Amino acids and Peptides	Cyclic peptides	Carboxylic acids and derivatives	847.0	2464	EB-MSV000090464-gnps_ms2	transferred	3	528.3056	1.54	528.3059	1.452648	0.568	-0.087	0.9913	ms2_winner	assigned
C23H40N6O8	[M + H]+	H-Leu-Pro-Ala-Thr-Ser-Gly-al	CC(C)CC(C(=O)N1CCCC1C(=O)NC(C)C(=O)NC(C(C)O)C(=O)NC(CO)C(=O)NCC=O)N	0.754	Amino acids and Peptides	Tripeptides	Carboxylic acids and derivatives	2403.0	2468	EB-MSV000090464-gnps_ms2	transferred	5	529.3013	1.55	529.3004	1.563	-1.7	0.013	0.988	unique	assigned
C27H44N4O7	[M + K]+	H-Pro-Ala-Thr-Pro-Ala-Pro-OH	CC(C(C(=O)N1CCCC1C(=O)NC(C)C(=O)N2CCCC2C(=O)O)NC(=O)C(C)NC(=O)C3CCCN3)O	0.801	Amino acids and Peptides	Tripeptides	Carboxylic acids and derivatives		2469	EB-MSV000090464-gnps_ms2	transferred	3	575.2808	1.54							low_cosine
C29H38N6O9	[M + H]+	H-Ala-Ser-Leu-Thr-Val-Ser-OH	CC(C)CC(C(=O)NC(C(C)O)C(=O)NC(C(C)C)C(=O)NC(CO)C(=O)O)NC(=O)C(CO)NC(=O)C(C)N	0.196	Amino acids and Peptides	Tripeptides	Carboxylic acids and derivatives	199.0	2473	EB-MSV000090464-gnps_ms2	transferred	1	615.2813	1.54	615.2784	1.437242	-4.713	-0.103	0.9848	unique	assigned
C67H82N4O13	[M + H]+	1-(1-{8-[1-(5-{13-[(ethylamino)methoxy]-3,11-dihydroxy-15-[2-(methylamino)ethoxy]-6-oxa-10-azapentacyclo[10.6.2.0²,⁷.0⁹,¹⁹.0¹⁶,²⁰]icosa-1,7,9(19),12,14,16(20)-hexaen-4-yl}-2-hydroxy-3-methoxyphenoxy)-3-hydroxypropan-2-yl]-15-(2-hydroxyethyl)-14-(hydroxymethyl)pentacyclo[10.6.2.0²,⁷.0⁸,²⁰.0¹³,¹⁸]icosa-2,4,6,16-tetraen-10-yl}cyclohexyl)-2,5-dihydro-1H-pyrrole-2,5-dione	CCNCOC1=C2C(NC3=CC4=C(C(C(CO4)C5=CC(=C(C(=C5)OCC(CO)C67CC(CC8C6CC(C9C8C(C(C=C9)CCO)CO)C4=CC=CC=C74)C4(CCCCC4)N4C(=O)C=CC4=O)O)OC)O)C4=C3C2=C(CC4)C(=C1)OCCNC)O		Polyketides	Depsipeptides	Peptidomimetics	1035.0	2474	EB-MSV000090464-gnps_ms2	transferred	3	1151.595	1.57	1151.5947	1.627	-0.261	0.057	0.9767	unique	assigned
C34H42N6O7	[M + H]+	Cyclo(-D-Asp-Pro-D-Ile-Leu-D-Trp)	CCC(C)C1C(=O)NC(C(=O)NC(C(=O)NC(C(=O)N2CCCC2C(=O)N1)CC(=O)O)CC3=CNC4=CC=CC=C43)CC(C)C	0.484	Amino acids and Peptides	Linear peptides	Carboxylic acids and derivatives	3503.0	2481	EB-MSV000090464-gnps_ms2	transferred	3	647.3244	1.56	647.324	1.475668	-0.618	-0.084	0.7472	ms2_tie	assigned
C34H46N6O9	[M + H]+	12-benzyl-3,15-bis(1-hydroxyethyl)-6-[(4-hydroxyphenyl)methyl]-9-(2-methylpropyl)-1,4,7,10,13,16-hexaazacyclooctadecane-2,5,8,11,14,17-hexone	CC(C)CC1C(=O)NC(C(=O)NC(C(=O)NCC(=O)NC(C(=O)NC(C(=O)N1)CC2=CC=CC=C2)C(C)O)C(C)O)CC3=CC=C(C=C3)O	0.918	Amino acids and Peptides	Cyclic peptides	Carboxylic acids and derivatives	1268.0	2486	EB-MSV000090464-gnps_ms2	transferred	2	683.3369	1.56	683.3371	1.564	0.293	0.004	1.0	unique	assigned
C29H44N4O7S	[M + Na]+	Thr-Glu-Val-Lys-Thr	CC(C)C(C(=O)NC(CCCCN)C(=O)NC(C(C)O)C(=O)O)NC(=O)C(CCC(=O)O)NC(=O)C(C(C)O)N	0.372	Amino acids and Peptides	Tripeptides	Carboxylic acids and derivatives	199.0	2487	EB-MSV000090464-gnps_ms2	transferred	1	615.2785	1.55	615.2784	1.437242	-0.163	-0.113	0.9925	unique	assigned
C10H16N2O3	[M + H]+	Pro-Pro	C1CC(NC1)C(=O)N2CCCC2C(=O)O	0.982	Amino acids and Peptides	Dipeptides	Carboxylic acids and derivatives		2488	EB-MSV000090464-gnps_ms2	transferred	1	213.1231	1.54							low_cosine
C23H26N4O8	[M + H]+	Fradiamine B	CC(=O)N(CCCCCNC(=O)C(CC(=O)NCCCN(C(=O)C)O)(CC(=O)O)O)O	0.066	Amino acids and Peptides	Cyclic peptides	Carboxylic acids and derivatives		2493	EB-MSV000090464-gnps_ms2	transferred	2	487.181	1.56							low_cosine
C14H20N2O3	[M + H]+		CC(C)C(C(=O)O)NC(=O)C(CC1=CC=CC=C1)N	0.958	Amino acids and Peptides	Dipeptides	Carboxylic acids and derivatives		2496	EB-MSV000090464-gnps_ms2	transferred	3	265.1544	1.55							low_cosine
C15H22N2O4	[M + H]+		CCC(C)C(C(=O)O)NC(=O)C(CC1=CC=C(C=C1)O)N	0.747	Amino acids and Peptides	Dipeptides	Carboxylic acids and derivatives		2497	EB-MSV000090464-gnps_ms2	transferred	4	295.1655	1.56							low_cosine
C32H46N6O9	[M + H]+	(2S)-2-[(3R)-3-acetamido-3-(2-methylpropyl)-2-oxopyrrolidin-1-yl]-N-[(1S,2S)-3-(3,5-difluorophenyl)-1-[(3R)-2,3-dihydroisoquinolin-3-yl]-1-hydroxypropan-2-yl]-4-phenylbutanamide	CC(C)CC1(CCN(C1=O)C(CCC2=CC=CC=C2)C(=O)NC(CC3=CC(=CC(=C3)F)F)C(C4C=C5C=CC=CC5=CN4)O)NC(=O)C	0.127	Amino acids and Peptides	Cyclic peptides	Carboxylic acids and derivatives	269.0	2504	EB-MSV000090464-gnps_ms2	transferred	3	659.3374	1.55	659.3375	1.468797	0.152	-0.081	0.9594	ms2_tie	assigned
C16H27N3O4	[M + H]+	l-Isoleucyl-l-prolyl-l-pro-line	CCC(C)C(C(=O)N1CCCC1C(=O)N2CCCC2C(=O)O)N	0.559	Amino acids and Peptides	Dipeptides	Carboxylic acids and derivatives	1218.0	2510	EB-MSV000090464-gnps_ms2	transferred	1	326.2069	1.56	326.2068	1.706	-0.307	0.146	1.0	unique	assigned
C17H30N4O6	[M + H]+	H-Gly-DL-Pro-DL-xiThr-DL-Leu-OH	CC(C)CC(C(=O)O)NC(=O)C(C(C)O)NC(=O)C1CCCN1C(=O)CN	0.297	Amino acids and Peptides	Tripeptides	Carboxylic acids and derivatives	1425.0	2512	EB-MSV000090464-gnps_ms2	transferred	2	387.225	1.55	387.2256	1.434924	1.549	-0.115	0.9995	unique	assigned
C25H44N6O6	[M + H]+	N-Boc-3-(Dimethylamino)-L-Ala-L-Pro-(2-amino* 1-oxo-2,2-ethanoethane-1-yl)-L-Leu-NH2	CC(C)CC(C(=O)N)NC(=O)C1(CC1)NC(=O)C2CCCN2C(=O)C(CN(C)C)NC(=O)OC(C)(C)C	0.441	Amino acids and Peptides	Tripeptides	Carboxylic acids and derivatives	474.0	2513	EB-MSV000090464-gnps_ms2	transferred	2	525.3406	1.56	525.3403	1.579	-0.571	0.019	1.0	unique	assigned
C29H40NO10P	[M + H]+	2-[[(2E,11Z)-18-hydroperoxy-7,7,14-trimethyl-16-oxo-6,8,15-trioxatricyclo[15.4.0.05,9]henicosa-1(17),2,11,18,20-pentaen-20-yl]amino]ethyl bis(prop-2-enyl) phosphate	CC1CC=CCC2C(CC=CC3=C(C(=CC(=C3)NCCOP(=O)(OCC=C)OCC=C)OO)C(=O)O1)OC(O2)(C)C	0.014	Fatty acids	Oxidized glycerophospholipids	Carboxylic acids and derivatives	397.0	2519	EB-MSV000090464-gnps_ms2	transferred	1	594.2427	1.56	594.2426	1.468922	-0.168	-0.091	0.9912	unique	assigned
C16H28N4O4	[M + H]+	6-amino-2-{[1-(pyrrolidine-2-carbonyl)pyrrolidin-2-yl]formamido}hexanoic acid	C1CC(NC1)C(=O)N2CCCC2C(=O)NC(CCCCN)C(=O)O	0.964	Amino acids and Peptides	Tripeptides	Carboxylic acids and derivatives	838.0	2520	EB-MSV000090464-gnps_ms2	transferred	2	341.2179	1.57	341.2181	1.579	0.586	0.009	0.9999	unique	assigned
C21H30N3O7	[M + H]+	2-[[1-[2-(2-Aminopropanoylamino)-3-methylbutanoyl]pyrrolidine-2-carbonyl]amino]-3-methylpentanoic acid	CCC(C)C(C(=O)O)NC(=O)C1CCCN1C(=O)C(C(C)C)NC(=O)C(C)N	0.236	Amino acids and Peptides	Tripeptides	Carboxylic acids and derivatives	6873.0	2522	EB-MSV000090464-gnps_ms2	transferred	4	437.2148	1.56	437.2144	1.539	-0.915	-0.021	0.9891	ms2_tie	assigned
C27H40N4O8	[M + Na]+	H-Ala-Val-Thr-Ser-Thr-Ala-OH	CC(C)C(C(=O)NC(C(C)O)C(=O)NC(CO)C(=O)NC(C(C)O)C(=O)NC(C)C(=O)O)NC(=O)C(C)N	0.372	Amino acids and Peptides	Tripeptides	Carboxylic acids and derivatives	5220.0	2525	EB-MSV000090464-gnps_ms2	transferred	3	571.272	1.58	571.2717	1.352947	-0.525	-0.227	0.9858	ms2_tie	assigned
C19H26N4O6	[M + H]+	H-DL-Phe-DL-Ser-Gly-DL-Pro-OH	C1CC(N(C1)C(=O)CNC(=O)C(CO)NC(=O)C(CC2=CC=CC=C2)N)C(=O)O	0.423	Amino acids and Peptides	Tripeptides	Carboxylic acids and derivatives	2661.0	2527	EB-MSV000090464-gnps_ms2	transferred	3	407.1941	1.57	407.1943	1.540742	0.491	-0.029	1.0	ms2_winner	assigned
C22H37N9O7	[M + Na]+	D-Streptamine, O-2,6-diamino-2,6-dideoxy-alpha-D-glucopyranosyl-(1-4)-O-(beta-D-xylofuranosyl-(1-5))-N(sup 1)-(4-aminobutyryl)-2-deoxy-	C1C(C(C(C(C1NC(=O)CCCN)O)OC2C(C(C(O2)CO)O)O)OC3C(C(C(C(O3)CN)O)O)N)N	0.26	Amino acids and Peptides	Tripeptides	Carboxylic acids and derivatives	590.0	2530	EB-MSV000090464-gnps_ms2	transferred	4	562.2699	1.57	562.2753	1.58	9.604	0.01	0.8716	ms2_tie	assigned
C24H33N5O6	[M + H]+	H-DL-Phe-DL-Pro-DL-Pro-DL-Gln-OH	C1CC(N(C1)C(=O)C2CCCN2C(=O)C(CC3=CC=CC=C3)N)C(=O)NC(CCC(=O)N)C(=O)O	0.677	Amino acids and Peptides	Tripeptides	Carboxylic acids and derivatives		2540	EB-MSV000090464-gnps_ms2	transferred	1	488.2491	1.57							low_cosine
C21H34N2O7	[M + K]+	(2S)-1-[(2S)-2-[[2-(carboxymethyl)-1,3-dihydroindene-2-carbonyl]amino]-3-phenylpropanoyl]pyrrolidine-2-carboxylic acid	C1CC(N(C1)C(=O)C(CC2=CC=CC=C2)NC(=O)C3(CC4=CC=CC=C4C3)CC(=O)O)C(=O)O	0.204	Amino acids and Peptides	Dipeptides	Carboxylic acids and derivatives	862.0	2541	EB-MSV000090464-gnps_ms2	transferred	3	465.1977	1.58	465.1975	1.548937	-0.43	-0.031	1.0	ms2_winner	assigned
C22H37N9O7	[M + Na]+	D-Streptamine, O-2,6-diamino-2,6-dideoxy-alpha-D-glucopyranosyl-(1-4)-O-(beta-D-xylofuranosyl-(1-5))-N(sup 1)-(4-aminobutyryl)-2-deoxy-	C1C(C(C(C(C1NC(=O)CCCN)O)OC2C(C(C(O2)CO)O)O)OC3C(C(C(C(O3)CN)O)O)N)N	0.21	Amino acids and Peptides	Tripeptides	Carboxylic acids and derivatives	590.0	2550	EB-MSV000090464-gnps_ms2	transferred	4	562.2723	1.57	562.2753	1.58	5.335	0.01	0.9971	ms2_tie	assigned
C21H38N6O10	[M + Na]+	basidioferrin	CC(=O)N(CCCC(C(=O)NC(CCCN(C(=O)C)O)C(=O)NC(CCCN(C(=O)C)O)C(=O)O)N)O	0.374	Amino acids and Peptides	Linear peptides	Carboxylic acids and derivatives	691.0	2553	EB-MSV000090464-gnps_ms2	transferred	3	557.2571	1.58	557.2576	1.449267	0.897	-0.131	0.8976	ms2_tie	assigned
C33H45N5O9	[M + H]+	Glycylglycyl-L-glutaminyl-L-glutaminyl-L-prolylglycyl-L-leucine	CC(C)CC(C(=O)O)NC(=O)CNC(=O)C1CCCN1C(=O)C(CCC(=O)N)NC(=O)C(CCC(=O)N)NC(=O)CNC(=O)CN	0.857	Amino acids and Peptides	Linear peptides	Carboxylic acids and derivatives	3305.0	2554	EB-MSV000090464-gnps_ms2	transferred	4	656.3277	1.59	656.3286	1.596	1.371	0.006	0.9972	unique	assigned
C27H38N4O6	[M + H]+	(3S,9S,14aR)-9-benzyl-3-(7-hydroxy-6-oxoheptyl)-6,6-dimethyl-tetradecahydropyrrolo[1,2-a][,,,]cyclododecane-1,4,7,10-tetrone	CC1(C(=O)NC(C(=O)N2CCCC2C(=O)NC(C(=O)N1)CCCCCC(=O)CO)CC3=CC=CC=C3)C	0.228	Amino acids and Peptides	Cyclic peptides	Carboxylic acids and derivatives	2464.0	2556	EB-MSV000090464-gnps_ms2	transferred	3	515.2838	1.57	515.2834	1.464013	-0.776	-0.106	1.0	ms2_winner	assigned
C25H41N7O9	[M + H]+	5-Amino-2-(aminomethyl)-6-[5-[3,5-diamino-2-[3-amino-6-(hydroxymethyl)oxan-2-yl]oxy-6-hydroxycyclohexyl]oxy-4-hydroxy-2-(hydroxymethyl)oxolan-3-yl]oxyoxane-3,4-diol	C1CC(C(OC1CO)OC2C(CC(C(C2OC3C(C(C(O3)CO)OC4C(C(C(C(O4)CN)O)O)N)O)O)N)N)N	0.082	Carbohydrates	Aminoglycosides	Organooxygen compounds	2570.0	2560	EB-MSV000090464-gnps_ms2	transferred	3	584.3064	1.58	584.3055	1.595	-1.54	0.015	0.9999	unique	assigned
C32H50N12O8	[M + H]+	1-O-(2-dodeca-1,3,5,7,9,11-hexaynoxyethyl) 5-O-(2-methoxyethyl) 2,4,4-trimethyl-2-[4-[(2-methyl-4-oxopentan-2-yl)carbamoyl]-2-(propan-2-ylcarbamoyl)hexyl]pentanedioate	CCC(CC(CC(C)(CC(C)(C)C(=O)OCCOC)C(=O)OCCOC#CC#CC#CC#CC#CC#C)C(=O)NC(C)C)C(=O)NC(C)(C)CC(=O)C	0.074	Polyketides	Depsipeptides	Peptidomimetics		2563	EB-MSV000090464-gnps_ms2	transferred	1	731.3933	1.59							no_ms2_candidate
C33H45N5O9	[M + H]+	2-(2-{2-[2-(2-amino-3-hydroxybutanamido)-3-phenylpropanamido]-3-phenylpropanamido}-4-carboxybutanamido)-3-methylpentanoic acid	CCC(C)C(C(=O)O)NC(=O)C(CCC(=O)O)NC(=O)C(CC1=CC=CC=C1)NC(=O)C(CC2=CC=CC=C2)NC(=O)C(C(C)O)N	0.126	Amino acids and Peptides	Cyclic peptides	Carboxylic acids and derivatives	3305.0	2565	EB-MSV000090464-gnps_ms2	transferred	4	656.3294	1.59	656.3286	1.596	-1.219	0.006	0.9998	unique	assigned
C28H38N4O7	[M + H]+	Benzyloxycarbonyl-isoleucyl-alanyl-alpha-aminoisobutyryl-alpha-aminoisobutyrate methyl ester	CCC(C)C(C(=O)NC(C)C(=O)NC(C)(C)C(=O)NC(C)(C)C(=O)OC)NC(=O)OCC1=CC=CC=C1	0.138	Amino acids and Peptides	Cyclic peptides	Carboxylic acids and derivatives	1338.0	2567	EB-MSV000090464-gnps_ms2	transferred	3	543.278	1.59	543.2781	1.595	0.184	0.005	1.0	ms2_winner	assigned
C16H31N5O5	[M + H]+	6-amino-2-[2-(2-amino-3-carbamoylpropanamido)-4-methylpentanamido]hexanoic acid	CC(C)CC(C(=O)NC(CCCCN)C(=O)O)NC(=O)C(CC(=O)N)N	0.44	Amino acids and Peptides	Tripeptides	Carboxylic acids and derivatives	2824.0	2577	EB-MSV000090464-gnps_ms2	transferred	2	374.2284	1.6	374.2281	1.451	-0.802	-0.149	0.9573	unique	assigned
C14H25N3O5S	[M + H]+	1-[2-[(2-Amino-3-hydroxybutanoyl)amino]-4-methylsulfanylbutanoyl]pyrrolidine-2-carboxylic acid	CC(C(C(=O)NC(CCSC)C(=O)N1CCCC1C(=O)O)N)O	0.578	Amino acids and Peptides	Dipeptides	Carboxylic acids and derivatives	3882.0	2580	EB-MSV000090464-gnps_ms2	transferred	1	348.1584	1.59	348.1582	1.5825	-0.574	-0.008	1.0	unique	assigned
C20H34N4O5	[M + H]+	Pro-Val-Val-Pro	CC(C)C(C(=O)NC(C(C)C)C(=O)N1CCCC1C(=O)O)NC(=O)C2CCCN2	0.891	Amino acids and Peptides	Tripeptides	Carboxylic acids and derivatives	257.0	2582	EB-MSV000090464-gnps_ms2	transferred	3	411.2612	1.58	411.2615	1.434311	0.729	-0.146	1.0	ms2_winner	assigned
C22H31N5O7	[M + H]+	H-DL-Pro-DL-Ser-DL-Phe-DL-Gln-OH	C1CC(NC1)C(=O)NC(CO)C(=O)NC(CC2=CC=CC=C2)C(=O)NC(CCC(=O)N)C(=O)O	0.085	Amino acids and Peptides	Tripeptides	Carboxylic acids and derivatives		2585	EB-MSV000090464-gnps_ms2	transferred	3	478.2356	1.58							no_ms2_candidate
C33H50N6O9	[M + Na]+	H-Leu-Cys-Thr-Pro-Ser-Arg-NH2	CC(C)CC(C(=O)NC(CS)C(=O)NC(C(C)O)C(=O)N1CCCC1C(=O)NC(CO)C(=O)NC(CCCN=C(N)N)C(=O)N)N	0.776	Amino acids and Peptides	RiPPs	Carboxylic acids and derivatives	4348.0	2602	EB-MSV000090464-gnps_ms2	transferred	3	697.3508	1.6	697.348	1.61175	-4.015	0.012	1.0	ms2_tie	assigned
C18H28N4O9	[M + H]+	Ac-Asp-Val-Ala-Asp-al	CC(C)C(C(=O)NC(C)C(=O)NC(CC(=O)O)C=O)NC(=O)C(CC(=O)O)NC(=O)C	0.284	Amino acids and Peptides	Tripeptides	Carboxylic acids and derivatives		2603	EB-MSV000090464-gnps_ms2	transferred	3	445.1924	1.6							low_cosine
C21H34N4O5	[M + H]+	H-DL-Leu-DL-Pro-DL-Pro-DL-Pro-OH	CC(C)CC(C(=O)N1CCCC1C(=O)N2CCCC2C(=O)N3CCCC3C(=O)O)N	0.405	Amino acids and Peptides	Tripeptides	Carboxylic acids and derivatives		2614	EB-MSV000090464-gnps_ms2	transferred	0	423.2605	1.59							no_match
C22H37N9O6	[M + Na]+	Syringolin C	CCC(C)C(C(=O)NC1C=CCCNC(=O)C=CC(NC1=O)C(C)C)NC(=O)NC(C(C)C)C(=O)O	0.281	Amino acids and Peptides	Cyclic peptides	Carboxylic acids and derivatives	1248.0	2616	EB-MSV000090464-gnps_ms2	transferred	4	546.2769	1.6	546.2739	1.611	-5.492	0.011	1.0	ms2_winner	assigned
C29H42N6O5	[M + H]+	Ac-Trp-Val-Ile-Pro-NH2	CCC(C)C(C(=O)N1CCCC1C(=O)N)NC(=O)C(C(C)C)NC(=O)C(CC2=CNC3=CC=CC=C32)NC(=O)C	0.527	Amino acids and Peptides	Tripeptides	Carboxylic acids and derivatives	3233.0	2617	EB-MSV000090464-gnps_ms2	transferred	2	555.3249	1.6	555.323	1.574776	-3.421	-0.025	1.0	ms2_tie	assigned
C11H20N2O2	[M + H]+	3-(butan-2-yl)-6-(propan-2-yl)piperazine-2,5-dione	CCC(C)C1C(=O)NC(C(=O)N1)C(C)C	0.587	Amino acids and Peptides	Dipeptides	Carboxylic acids and derivatives	4560.0	2621	EB-MSV000090464-gnps_ms2	transferred	1	213.1601	1.6	213.1603	1.612	0.938	0.012	0.9999	unique	assigned
C32H58N6O8	[M + H]+	tert-butyl N-[[(2S)-2-[[(2S)-2-[[(2S,3S)-2-[[(2S)-1-[(2R)-2-hydroxy-4-methylpentanoyl]pyrrolidine-2-carbonyl]amino]-3-methylpentanoyl]-methylamino]-3-methylbutanoyl]-methylamino]propanoyl]amino]carbamate	CCC(C)C(C(=O)N(C)C(C(C)C)C(=O)N(C)C(C)C(=O)NNC(=O)OC(C)(C)C)NC(=O)C1CCCN1C(=O)C(CC(C)C)O	0.094	Amino acids and Peptides	Tripeptides	Carboxylic acids and derivatives	1560.0	2625	EB-MSV000090464-gnps_ms2	transferred	2	655.4366	1.6	655.436	1.6115	-0.915	0.011	0.9998	unique	assigned
C16H29N3O4	[M + H]+	1-[2-[(2-Amino-3-methylpentanoyl)amino]-3-methylbutanoyl]pyrrolidine-2-carboxylic acid	CCC(C)C(C(=O)NC(C(C)C)C(=O)N1CCCC1C(=O)O)N	0.766	Amino acids and Peptides	Dipeptides	Carboxylic acids and derivatives		2634	EB-MSV000090464-gnps_ms2	transferred	3	328.2232	1.6							low_cosine
C32H45N7O7	[M + Na]+	Apicidin	CCC(C)C1C(=O)N2CCCCC2C(=O)NC(C(=O)NC(C(=O)N1)CC3=CN(C4=CC=CC=C43)OC)CCCCCC(=O)CC	0.159	Amino acids and Peptides	Cyclic peptides	Carboxylic acids and derivatives	1029.0	2635	EB-MSV000090464-gnps_ms2	transferred	4	662.3263	1.6	662.3265	1.61	0.302	0.01	1.0	ms2_tie	assigned
C14H27N3O5	[M + H]+	2-[[2-[(2-Amino-3-hydroxybutanoyl)amino]-3-methylbutanoyl]amino]-3-methylbutanoic acid	CC(C)C(C(=O)NC(C(C)C)C(=O)O)NC(=O)C(C(C)O)N	0.477	Amino acids and Peptides	Tripeptides	Carboxylic acids and derivatives		2644	EB-MSV000090464-gnps_ms2	transferred	3	318.2024	1.61							low_cosine
C27H45N7O12	[M + H]+	H-Ala-Ala-Asp-Thr-Thr-Thr-Pro-al	CC(C(C(=O)NC(C(C)O)C(=O)NC(C(C)O)C(=O)N1CCCC1C=O)NC(=O)C(CC(=O)O)NC(=O)C(C)NC(=O)C(C)N)O	0.143	Amino acids and Peptides	Tripeptides	Carboxylic acids and derivatives	819.0	2658	EB-MSV000090464-gnps_ms2	transferred	3	660.3185	1.61	660.3182	1.626	-0.454	0.016	1.0	unique	assigned
C32H43N5O8	[M + H]+	H-Ala-Pro-Asp-Ser-Arg-Pro-al	CC(C(=O)N1CCCC1C(=O)NC(CC(=O)O)C(=O)NC(CO)C(=O)NC(CCCN=C(N)N)C(=O)N2CCCC2C=O)N	0.523	Amino acids and Peptides	Cyclic peptides	Carboxylic acids and derivatives	1815.0	2662	EB-MSV000090464-gnps_ms2	transferred	3	626.3171	1.61	626.3174	1.626	0.479	0.016	0.9996	ms2_winner	assigned
C15H23N3O7	[M + H]+	2-[[2-[(2-Azaniumyl-4-oxopentanoyl)amino]-4-oxopentanoyl]amino]-4-oxopentanoate	CC(=O)CC(C(=O)NC(CC(=O)C)C(=O)NC(CC(=O)C)C(=O)O)N	0.6	Amino acids and Peptides	Tripeptides	Carboxylic acids and derivatives	2054.0	2668	EB-MSV000090464-gnps_ms2	transferred	4	358.1622	1.61	358.1621	1.600641	-0.279	-0.009	1.0	ms2_winner	assigned
C27H36N4O5	[M + H]+	(2S)-1-acetyl-N-[(2S)-1-[[(2S,4S)-2-amino-1,3,3-trihydroxy-2,6-dimethylheptan-4-yl]amino]-4-methyl-1-oxopentan-2-yl]pyrrolidine-2-carboxamide	CC(C)CC(C(=O)NC(CC(C)C)C(C(C)(CO)N)(O)O)NC(=O)C1CCCN1C(=O)C	0.601	Amino acids and Peptides	Tripeptides	Carboxylic acids and derivatives	2228.0	2676	EB-MSV000090464-gnps_ms2	transferred	3	497.2732	1.62	497.2717	1.627	-3.016	0.007	1.0	unique	assigned
C20H33N5O6	[M + H]+	H-DL-Asn-DL-Pro-DL-Pro-DL-Leu-OH	CC(C)CC(C(=O)O)NC(=O)C1CCCN1C(=O)C2CCCN2C(=O)C(CC(=O)N)N	0.411	Amino acids and Peptides	Tripeptides	Carboxylic acids and derivatives	1572.0	2683	EB-MSV000090464-gnps_ms2	transferred	2	440.2501	1.62	440.2492	1.612633	-2.044	-0.007	1.0	ms2_winner	assigned
C32H34N4O8	[M + H]+	Pseudotheonamide D	C1CC(N(C1)C(=O)C=CC(CC2=CC=C(C=C2)O)NC(=O)C(CC3=CC=CC=C3)NC(=O)C(CN)NC=O)C(=O)N	0.118	Amino acids and Peptides	Cyclic peptides	Carboxylic acids and derivatives	3841.0	2686	EB-MSV000090464-gnps_ms2	transferred	1	603.24	1.62	603.2409	1.628	1.492	0.008	0.9999	unique	assigned
C16H29N3O6	[M + H]+	H-DL-Glu-DL-xiIle-DL-Val-OH	CCC(C)C(C(=O)NC(C(C)C)C(=O)O)NC(=O)C(CCC(=O)O)N	0.492	Amino acids and Peptides	Tripeptides	Carboxylic acids and derivatives	1890.0	2689	EB-MSV000090464-gnps_ms2	transferred	5	360.2121	1.62	360.2125	1.642	1.11	0.022	0.737	ms2_winner	assigned
C27H40N4O8	[M + Na]+	H-Ala-Val-Thr-Ser-Thr-Ala-OH	CC(C)C(C(=O)NC(C(C)O)C(=O)NC(CO)C(=O)NC(C(C)O)C(=O)NC(C)C(=O)O)NC(=O)C(C)N	0.824	Amino acids and Peptides	Linear peptides	Carboxylic acids and derivatives	5220.0	2690	EB-MSV000090464-gnps_ms2	transferred	3	571.272	1.61	571.2717	1.352947	-0.525	-0.257	0.9899	ms2_tie	assigned
C20H36N4O6	[M + H]+	H-DL-xiThr-DL-Pro-DL-Val-DL-Leu-OH	CC(C)CC(C(=O)O)NC(=O)C(C(C)C)NC(=O)C1CCCN1C(=O)C(C(C)O)N	0.644	Amino acids and Peptides	Tripeptides	Carboxylic acids and derivatives	1228.0	2692	EB-MSV000090464-gnps_ms2	transferred	2	429.2709	1.62	429.2706	1.628	-0.699	0.008	0.8879	ms2_winner	assigned
C22H36N6O10	[M + H]+	6,12-dibenzyl-4,10-dimethyl-3,9-bis(propan-2-yl)-1,7-dioxa-4,10-diazacyclododecane-2,5,8,11-tetrone	CC(C)C1C(=O)OC(C(=O)N(C(C(=O)OC(C(=O)N1C)CC2=CC=CC=C2)C(C)C)C)CC3=CC=CC=C3	0.07	Polyketides	Open-chain polyketides	Organooxygen compounds	8277.0	2693	EB-MSV000090464-gnps_ms2	transferred	1	545.2586	1.63	545.2589	1.615722	0.55	-0.014	0.9998	unique	assigned
C32H50NO7P	[M + Na]+	ethyl (2S)-2-[[[4-[4-hydroxy-3,5-di(propan-2-yl)phenyl]-2,6-di(propan-2-yl)phenoxy]methoxy-(methoxymethyl)phosphoryl]amino]propanoate	CCOC(=O)C(C)NP(=O)(COC)OCOC1=C(C=C(C=C1C(C)C)C2=CC(=C(C(=C2)C(C)C)O)C(C)C)C(C)C		Fatty acids	Glycerophosphocholines	Fatty Acyls	244.0	2699	EB-MSV000090464-gnps_ms2	transferred	5	614.3165	1.62	614.316	1.5165	-0.814	-0.104	0.9888	ms2_tie	assigned
C11H18FN3O4	[M + H]+	L-Alanyl-L-Tryptophan	CC(C(=O)NC(CC1=CNC2=CC=CC=C21)C(=O)O)N	0.866	Amino acids and Peptides	Dipeptides	Carboxylic acids and derivatives		2707	EB-MSV000090464-gnps_ms2	transferred	2	276.1352	1.63							low_cosine
C28H42BN5O9	[M + H]+	4-amino-N-[5-amino-4-[3-amino-6-(methylaminomethyl)oxan-2-yl]oxy-2-[3,5-dihydroxy-5-methyl-4-(methylamino)oxan-2-yl]oxy-3-hydroxycyclohexyl]-2-hydroxybutanamide	CC1(COC(C(C1NC)O)OC2C(CC(C(C2O)OC3C(CCC(O3)CNC)N)N)NC(=O)C(CCN)O)O	0.48	Amino acids and Peptides	Tripeptides	Carboxylic acids and derivatives	4020.0	2710	EB-MSV000090464-gnps_ms2	transferred	2	603.3175	1.63	603.3155	1.644	-3.315	0.014	1.0	ms2_winner	assigned
C25H34N6O8	[M + H]+	L-proline, N2-((1S)-1-carboxy-3-phenylpropyl)-N6-((4-hydroxyphenyl)iminomethyl)-L-lysyl-	C1CC(N(C1)C(=O)C(CCCCN=CNC2=CC=C(C=C2)O)NC(CCC3=CC=CC=C3)C(=O)O)C(=O)O	0.458	Amino acids and Peptides	Tripeptides	Carboxylic acids and derivatives	9016.0	2713	EB-MSV000090464-gnps_ms2	transferred	2	547.2504	1.65	547.2507	1.638	0.548	-0.012	0.9999	ms2_winner	assigned
C20H35N5O8	[M + H]+	gln-asp-val-leu	CC(C)CC(C(=O)O)NC(=O)C(C(C)C)NC(=O)C(CC(=O)O)NC(=O)C(CCC(=O)N)N	0.609	Amino acids and Peptides	Tripeptides	Carboxylic acids and derivatives	7696.0	2722	EB-MSV000090464-gnps_ms2	transferred	4	474.257	1.66	474.2543	1.527591	-5.693	-0.132	0.9745	ms2_tie	assigned
C25H32N6O8	[M + H]+	Tyrosyl-prolyl-phenylalanyl-proline	C1CC(N(C1)C(=O)C(CC2=CC=C(C=C2)O)N)C(=O)NC(CC3=CC=CC=C3)C(=O)N4CCCC4C(=O)O	0.616	Amino acids and Peptides	Cyclic peptides	Carboxylic acids and derivatives		2724	EB-MSV000090464-gnps_ms2	transferred	2	545.2333	1.64							low_cosine
C35H51N7O11	[M + Na]+	3,18-dibenzyl-6-methyl-15-(2-methylpropyl)-1,4,7,13,16,19,22-heptaazatricyclo[22.3.0.0⁹,¹³]heptacosane-2,5,8,14,17,20,23-heptone	CC1C(=O)NC(C(=O)N2CCCC2C(=O)NCC(=O)NC(C(=O)NC(C(=O)N3CCCC3C(=O)N1)CC(C)C)CC4=CC=CC=C4)CC5=CC=CC=C5	0.221	Amino acids and Peptides	Cyclic peptides	Carboxylic acids and derivatives	865.0	2729	EB-MSV000090464-gnps_ms2	transferred	2	768.3525	1.64	768.3519	1.644	-0.781	0.004	1.0	ms2_winner	assigned
C17H35N7O5	[M + Na]+	H-Lys-Gly-Lys-Ser-NH2	C(CCN)CC(C(=O)NCC(=O)NC(CCCCN)C(=O)NC(CO)C(=O)N)N		Amino acids and Peptides	Tripeptides	Carboxylic acids and derivatives	1572.0	2731	EB-MSV000090464-gnps_ms2	transferred	2	440.2532	1.63	440.2492	1.612633	-9.086	-0.017	0.7964	ms2_winner	assigned
C27H42NO8P	[M + Na]+	[(2R)-3-[2-aminoethoxy(hydroxy)phosphoryl]oxy-2-undeca-3,6,9-trienoyloxypropyl] undeca-3,6,9-trienoate	CC=CCC=CCC=CCC(=O)OCC(COP(=O)(O)OCCN)OC(=O)CC=CCC=CCC=CC	0.017	Terpenoids	Open-chain polyketides	Carboxylic acids and derivatives	1011.0	2733	EB-MSV000090464-gnps_ms2	transferred	3	562.2539	1.63	562.2548	1.629	1.601	-0.001	1.0	ms2_winner	assigned
C23H35N5O8	[M + H]+	gln-leu-asp-leu	CC(C)CC(C(=O)NC(CC(=O)O)C(=O)NC(CC(C)C)C(=O)O)NC(=O)C(CCC(=O)N)N	0.113	Amino acids and Peptides	Tripeptides	Carboxylic acids and derivatives		2740	EB-MSV000090464-gnps_ms2	transferred	3	510.2563	1.64							no_ms2_candidate
C10H13NO7	[M + H]+		C(CC(C(=O)O)N)CN=C(N)NN(O)O	0.684	Amino acids and Peptides	Aminoacids	Carboxylic acids and derivatives	8242.0	2746	EB-MSV000090464-gnps_ms2	transferred	1	260.0747	1.64	260.0747	1.628	0.0	-0.012	1.0	unique	assigned
C41H60N10O9	[M + H]+	[(4S)-4-azaniumyl-5-[[(2S)-1-[(2S)-2-[[(2S,3R)-1-[[(2S)-1-[[(2S,3S)-1-[[(1S,2S)-1-carboxy-2-methylbutyl]amino]-3-methyl-1-oxopentan-2-yl]amino]-3-hydroxy-1-oxopropan-2-yl]amino]-3-hydroxy-1-oxobutan-2-yl]carbamoyl]pyrrolidin-1-yl]-4-methyl-1-oxopentan-2-yl]amino]-5-oxopentyl]-(diaminomethylidene)azanium	CCC(C)C(C(=O)NC(C(C)CC)C(=O)O)NC(=O)C(CO)NC(=O)C(C(C)O)NC(=O)C1CCCN1C(=O)C(CC(C)C)NC(=O)C(CCCN=C(N)N)N	0.21	Amino acids and Peptides	Cyclic peptides	Carboxylic acids and derivatives	1505.0	2753	EB-MSV000090464-gnps_ms2	transferred	1	837.4662	1.64	837.4642	1.644	-2.388	0.004	1.0	unique	assigned
C26H43N7O9	[M + H]+	cyclo[N(Me)Ala-bAla-OPra-D-Pro-D-aIle-N(Me)Val]	CCC(C)C1C(=O)N(C(C(=O)N(C(C(=O)NCCC(=O)OC(C(=O)N2CCCC2C(=O)N1)CC#C)C)C)C(C)C)C	0.313	Amino acids and Peptides	Cyclic peptides	Carboxylic acids and derivatives	2254.0	2755	EB-MSV000090464-gnps_ms2	transferred	3	598.3182	1.64	598.3175	1.6325	-1.17	-0.007	0.9999	unique	assigned
C20H24N4O6	[M + H]+	2-[[1-[2-amino-3-(1H-indol-3-yl)propanoyl]pyrrolidine-2-carbonyl]amino]butanedioic acid	C1CC(N(C1)C(=O)C(CC2=CNC3=CC=CC=C32)N)C(=O)NC(CC(=O)O)C(=O)O	0.681	Amino acids and Peptides	Tripeptides	Carboxylic acids and derivatives	1770.0	2757	EB-MSV000090464-gnps_ms2	transferred	2	417.1778	1.64	417.1775	1.650583	-0.719	0.011	1.0	ms2_winner	assigned
C14H18N2O3	[M + H]+	1-(2-amino-3-phenylpropanoyl)pyrrolidine-2-carboxylic acid	C1CC(N(C1)C(=O)C(CC2=CC=CC=C2)N)C(=O)O	0.998	Amino acids and Peptides	Dipeptides	Carboxylic acids and derivatives		2758	EB-MSV000090464-gnps_ms2	transferred	3	263.1394	1.64							low_cosine
C23H40N6O10	[M + K]+	(2,5-Dioxopyrrol-1-yl) 3-[2-[2-[2-[2-[2-[6-(2,5-dioxopyrrol-1-yl)-4-oxohexoxy]ethoxy]ethoxy]ethoxy]ethoxy]ethoxy]propanoate	C1=CC(=O)N(C1=O)CCC(=O)CCCOCCOCCOCCOCCOCCOCCC(=O)ON2C(=O)C=CC2=O	0.255	Amino acids and Peptides	Aminoglycosides	Carboxylic acids and derivatives	4960.0	2762	EB-MSV000090464-gnps_ms2	transferred	1	599.2423	1.64	599.2422	1.6305	-0.167	-0.009	0.742	unique	assigned
C24H28N8O3	[M + H]+	Z-Gly-Pro-Leu-Gly	CC(C)CC(C(=O)NCC(=O)O)NC(=O)C1CCCN1C(=O)CNC(=O)OCC2=CC=CC=C2	0.405	Amino acids and Peptides	Cyclic peptides	Carboxylic acids and derivatives		2775	EB-MSV000090464-gnps_ms2	transferred	1	477.2391	1.64							low_cosine
C17H23N3O4	[M + H]+	(R)-1-[(S)-2-((S)-2-Amino-3-phenyl-propionylamino)-propionyl]-pyrrolidine-2-carboxylic acid	CC(C(=O)N1CCCC1C(=O)O)NC(=O)C(CC2=CC=CC=C2)N	0.696	Amino acids and Peptides	Dipeptides	Carboxylic acids and derivatives	2550.0	2776	EB-MSV000090464-gnps_ms2	transferred	4	334.1789	1.65	334.179	1.651	0.299	0.001	0.9861	unique	assigned
C22H39N5O6	[M + K]+	6-(8-benzyl-2,5,12-trimethyl-3,6,9,13-tetraoxo-1,4,7,10-tetraazacyclotridecan-11-yl)hex-4-enamide	CC1C(NC(=O)C(NC(=O)C(NC(=O)C(NC1=O)C)C)CC2=CC=CC=C2)CC=CCCC(=O)N	0.266	Amino acids and Peptides	Tripeptides	Carboxylic acids and derivatives	30.0	2781	EB-MSV000090464-gnps_ms2	transferred	1	508.2506	1.65	508.2502	1.644	-0.787	-0.006	1.0	unique	assigned
C14H27N3O4	[M + H]+	Leu-Ala-Val	CC(C)CC(C(=O)NC(C)C(=O)NC(C(C)C)C(=O)O)N	0.604	Amino acids and Peptides	Tripeptides	Carboxylic acids and derivatives	1590.0	2782	EB-MSV000090464-gnps_ms2	transferred	2	302.2084	1.65	302.2085	1.659	0.331	0.009	1.0	unique	assigned
C28H40N4O7S	[M + H]+	H-Pro-Ser-Pro-Ser-Pro-Ser-al	C1CC(NC1)C(=O)NC(CO)C(=O)N2CCCC2C(=O)NC(CO)C(=O)N3CCCC3C(=O)NC(CO)C=O	0.403	Amino acids and Peptides	Cyclic peptides	Carboxylic acids and derivatives	394.0	2789	EB-MSV000090464-gnps_ms2	transferred	5	577.2634	1.65	577.2634	1.6295	0.0	-0.02	0.9999	ms2_winner	assigned
C22H35N5O6	[M + Na]+	(2S)-2-[[(2S)-1-[(2S)-2-[[(2S)-1-acetylpyrrolidine-2-carbonyl]amino]propanoyl]pyrrolidine-2-carbonyl]amino]-3-(4-hydroxyphenyl)propanimidate	CC(C(=O)N1CCCC1C(=O)NC(CC2=CC=C(C=C2)O)C(=O)N)NC(=O)C3CCCN3C(=O)C	0.377	Amino acids and Peptides	Tripeptides	Carboxylic acids and derivatives	4062.0	2790	EB-MSV000090464-gnps_ms2	transferred	2	488.2499	1.65	488.2506	1.438727	1.434	-0.211	0.7893	unique	assigned
C11H22N2O4	[M + K]+	1-(2-amino-3-phenylpropanoyl)pyrrolidine-2-carboxylic acid	C1CC(N(C1)C(=O)C(CC2=CC=CC=C2)N)C(=O)O	0.878	Amino acids and Peptides	Dipeptides	Carboxylic acids and derivatives		2791	EB-MSV000090464-gnps_ms2	transferred	1	285.1207	1.66							low_cosine
C27H45N7O10	[M + H]+	[(2S)-1-[[(1S)-2-[(3S,7R,8aR)-3-[[(4R)-3,4-dihydro-2H-chromen-4-yl]carbamoyl]-7-ethoxy-1,3,4,5,6,7,8,8a-octahydropyrrolo[1,2-a]pyrazin-5-ium-2-yl]-1-(4,4-difluorocyclohexyl)-2-oxoethyl]amino]-1-oxopropan-2-yl]-methylazanium	CCOC1CC2CN(C(CN2C1)C(=O)NC3CCOC4=CC=CC=C34)C(=O)C(C5CCC(CC5)(F)F)NC(=O)C(C)NC	0.099	Amino acids and Peptides	Cyclic peptides	Carboxylic acids and derivatives	2150.0	2797	EB-MSV000090464-gnps_ms2	transferred	2	628.3289	1.65	628.329	1.629	0.159	-0.021	0.9998	unique	assigned
C18H32N4O7S	[M + H]+	Acetyl-Pro-Ala-Pro-Ala-trifluoro methane	CC(C(=O)C(F)(F)F)NC(=O)C1CCCN1C(=O)C(C)NC(=O)C2CCCN2C(=O)C	0.256	Amino acids and Peptides	Tripeptides	Carboxylic acids and derivatives	675.0	2802	EB-MSV000090464-gnps_ms2	transferred	5	449.2053	1.64	449.2059	1.516	1.336	-0.124	0.9999	ms2_tie	assigned
C41H47N9O9	[M + H]+	2-[[(2S)-1-[(2S)-1-[2-[[(2S)-1-[(2S)-1-[2-[[(2S)-1-[(2S)-pyrrolidine-2-carbonyl]pyrrolidine-2-carbonyl]amino]acetyl]pyrrolidine-2-carbonyl]pyrrolidine-2-carbonyl]amino]acetyl]pyrrolidine-2-carbonyl]pyrrolidine-2-carbonyl]amino]acetic acid	C1CC(NC1)C(=O)N2CCCC2C(=O)NCC(=O)N3CCCC3C(=O)N4CCCC4C(=O)NCC(=O)N5CCCC5C(=O)N6CCCC6C(=O)NCC(=O)O	0.374	Amino acids and Peptides	Linear peptides	Carboxylic acids and derivatives	3018.0	2806	EB-MSV000090464-gnps_ms2	transferred	1	810.3593	1.65	810.3608	1.658	1.851	0.008	1.0	unique	assigned
C27H33N3O8	[M + H]+	(4aS,6S,12aR)-4-(dimethylamino)-1,6,10,11,12a-pentahydroxy-6-methyl-3,12-dioxo-N-(pyrrolidin-1-ylmethyl)-4,4a,5,5a-tetrahydrotetracene-2-carboxamide	CC1(C2CC3C(C(=O)C(=C(C3(C(=O)C2=C(C4=C1C=CC=C4O)O)O)O)C(=O)NCN5CCCC5)N(C)C)O	0.142	Amino acids and Peptides	Cyclic peptides	Carboxylic acids and derivatives	2437.0	2807	EB-MSV000090464-gnps_ms2	transferred	2	528.2304	1.66	528.2308	1.657754	0.757	-0.002	1.0	unique	assigned
C21H37N5O6	[M + H]+	gln-leu-val-pro	CC(C)CC(C(=O)NC(C(C)C)C(=O)N1CCCC1C(=O)O)NC(=O)C(CCC(=O)N)N	0.945	Amino acids and Peptides	Tripeptides	Carboxylic acids and derivatives	3240.0	2810	EB-MSV000090464-gnps_ms2	transferred	5	456.2821	1.66	456.2821	1.661286	0.0	0.001	1.0	ms2_winner	assigned
C24H31N7O7	[M + H]+	H-Ala-Tyr-Ala-Ala-Ile-al	CCC(C)C(C=O)NC(=O)C(C)NC(=O)C(C)NC(=O)C(CC1=CC=C(C=C1)O)NC(=O)C(C)N	0.224	Amino acids and Peptides	Cyclic peptides	Carboxylic acids and derivatives	3599.0	2820	EB-MSV000090464-gnps_ms2	transferred	1	530.2347	1.65	530.2345	1.654	-0.377	0.004	0.9999	unique	assigned
C16H28N4O4	[M + H]+	6-amino-2-{[1-(pyrrolidine-2-carbonyl)pyrrolidin-2-yl]formamido}hexanoic acid	C1CC(NC1)C(=O)N2CCCC2C(=O)NC(CCCCN)C(=O)O	0.956	Amino acids and Peptides	Tripeptides	Carboxylic acids and derivatives		2826	EB-MSV000090464-gnps_ms2	transferred	1	341.2179	1.65							low_cosine
C23H37N3O8	[M + K]+	2-[(6-amino-3-{[4-amino-3,5-dihydroxy-6-(hydroxymethyl)oxan-2-yl]oxy}-2-hydroxy-4-(methylamino)cyclohexyl)oxy]-6-(hydroxymethyl)oxane-3,4,5-triol	CNC1CC(C(C(C1OC2C(C(C(C(O2)CO)O)N)O)O)OC3C(C(C(C(O3)CO)O)O)O)N	0.026	Amino acids and Peptides	Linear peptides	Carboxylic acids and derivatives	638.0	2829	EB-MSV000090464-gnps_ms2	transferred	2	522.2196	1.66	522.2194	1.675	-0.383	0.015	0.9999	unique	assigned
C26H43N5O8	[M + K]+	(2R)-2-[[(2S)-2-[[2-[[(2R)-2-[[(2S)-2-amino-3-(4-hydroxy-2,6-ditritiophenyl)propanoyl]amino]propanoyl]amino]acetyl]amino]-3-phenylpropanoyl]amino]-4-methylpentanoic acid	CC(C)CC(C(=O)O)NC(=O)C(CC1=CC=CC=C1)NC(=O)CNC(=O)C(C)NC(=O)C(CC2=CC=C(C=C2)O)N	0.36	Amino acids and Peptides	Cyclic peptides	Carboxylic acids and derivatives	3281.0	2832	EB-MSV000090464-gnps_ms2	transferred	2	592.2728	1.66	592.2759	1.66	5.234	0.0	0.8534	ms2_tie	assigned
C20H33N5O8	[M + H]+	H-Gly-His-Arg-Pro-al	C1CC(N(C1)C(=O)C(CCCN=C(N)N)NC(=O)C(CC2=CN=CN2)NC(=O)CN)C=O	0.295	Amino acids and Peptides	Tripeptides	Carboxylic acids and derivatives	781.0	2835	EB-MSV000090464-gnps_ms2	transferred	2	472.2421	1.67	472.242	1.660319	-0.212	-0.01	0.9999	unique	assigned
C22H33N7O5	[M + H]+	H-Gly-DL-Phe-DL-Arg-DL-Pro-OH	C1CC(N(C1)C(=O)C(CCCN=C(N)N)NC(=O)C(CC2=CC=CC=C2)NC(=O)CN)C(=O)O	0.985	Amino acids and Peptides	Tripeptides	Carboxylic acids and derivatives	8897.0	2844	EB-MSV000090464-gnps_ms2	transferred	1	476.2646	1.66	476.2633	1.66	-2.73	0.0	0.9997	unique	assigned
C23H38N6O5	[M + H]+	H-Ala-Lys-Ala-Ile-Ala-al	CCC(C)C(C(=O)NC(C)C=O)NC(=O)C(C)NC(=O)C(CCCCN)NC(=O)C(C)N	0.461	Amino acids and Peptides	Tripeptides	Carboxylic acids and derivatives	2926.0	2848	EB-MSV000090464-gnps_ms2	transferred	4	479.2989	1.67	479.2987	1.675	-0.417	0.005	0.9778	ms2_winner	assigned
C10H16N2O2	[M + H]+	3-(propan-2-yl)-octahydropyrrolo[1,2-a]pyrazine-1,4-dione	CC(C)C1C(=O)N2CCCC2C(=O)N1	0.946	Amino acids and Peptides	Dipeptides	Carboxylic acids and derivatives	292.0	2865	EB-MSV000090464-gnps_ms2	transferred	1	197.1288	1.67	197.1288	1.531	0.0	-0.139	0.9729	unique	assigned
C17H27N5O4	[M + H]+	H-Leu-His-Pro-OH	CC(C)CC(C(=O)NC(CC1=CN=CN1)C(=O)N2CCCC2C(=O)O)N	0.637	Amino acids and Peptides	Tripeptides	Carboxylic acids and derivatives	4057.0	2868	EB-MSV000090464-gnps_ms2	transferred	1	366.2141	1.67	366.214	1.675	-0.273	0.005	0.9245	unique	assigned
C28H46N8O10	[M + H]+	H-Pro-Leu-Glu-Pro-Ser-Gly-Gly-NH2	CC(C)CC(C(=O)NC(CCC(=O)O)C(=O)N1CCCC1C(=O)NC(CO)C(=O)NCC(=O)NCC(=O)N)NC(=O)C2CCCN2	0.623	Amino acids and Peptides	Cyclic peptides	Carboxylic acids and derivatives	943.0	2881	EB-MSV000090464-gnps_ms2	transferred	3	655.3424	1.69	655.3416	1.600495	-1.221	-0.09	0.8917	ms2_winner	assigned
C4H4N2O3S	[M + Na]+	Imidazol-2-ylidene(methylsulfonyl)oxidanium	CS(=O)(=O)[O+]=C1N=CC=N1	0.12	Alkaloids	Imidazole alkaloids	Heteroaromatic compounds		2883	EB-MSV000090464-gnps_ms2	transferred	0	182.9856	1.66							no_match
C19H34N4O8	[M + H]+	H-DL-xiThr-DL-Asp-DL-Val-DL-Leu-OH	CC(C)CC(C(=O)O)NC(=O)C(C(C)C)NC(=O)C(CC(=O)O)NC(=O)C(C(C)O)N	0.358	Amino acids and Peptides	Tripeptides	Carboxylic acids and derivatives		2884	EB-MSV000090464-gnps_ms2	transferred	5	447.2475	1.69							low_cosine
C15H22N2O4	[M + H]+		CCC(C)C(C(=O)O)NC(=O)C(CC1=CC=C(C=C1)O)N	0.88	Amino acids and Peptides	Dipeptides	Carboxylic acids and derivatives	2600.0	2891	EB-MSV000090464-gnps_ms2	transferred	4	295.1662	1.69	295.1665	1.69	1.016	0.0	1.0	ms2_tie	assigned
C25H44N6O6	[M + H]+	N-Boc-3-(Dimethylamino)-L-Ala-L-Pro-(2-amino* 1-oxo-2,2-ethanoethane-1-yl)-L-Leu-NH2	CC(C)CC(C(=O)N)NC(=O)C1(CC1)NC(=O)C2CCCN2C(=O)C(CN(C)C)NC(=O)OC(C)(C)C	0.38	Amino acids and Peptides	Tripeptides	Carboxylic acids and derivatives	474.0	2898	EB-MSV000090464-gnps_ms2	transferred	2	525.3407	1.67	525.3403	1.579	-0.761	-0.091	0.9994	unique	assigned
C22H36N2O4S	[M + Na]+	2-[[2-[(2-amino-4-carboxybutanoyl)amino]-3-(1H-indol-3-yl)propanoyl]amino]-4-methylpentanoic acid	CC(C)CC(C(=O)O)NC(=O)C(CC1=CNC2=CC=CC=C21)NC(=O)C(CCC(=O)O)N	0.35	Amino acids and Peptides	Tripeptides	Carboxylic acids and derivatives	1559.0	2907	EB-MSV000090464-gnps_ms2	transferred	1	447.224	1.7	447.2235	1.706	-1.118	0.006	1.0	unique	assigned
C11H17FN2O4	[M + H]+	Maculosin	C1CC2C(=O)NC(C(=O)N2C1)CC3=CC=C(C=C3)O	0.998	Amino acids and Peptides	Dipeptides	Carboxylic acids and derivatives	189.0	2908	EB-MSV000090464-gnps_ms2	transferred	2	261.124	1.69	261.1239	1.536915	-0.383	-0.153	0.8155	unique	assigned
C18H31N5O6	[M + H]+	H-DL-Thr-D-Pro-Pro-Thr-NH2	CC(C(C(=O)N1CCCC1C(=O)N2CCCC2C(=O)NC(C(C)O)C(=O)N)N)O	0.27	Amino acids and Peptides	Tripeptides	Carboxylic acids and derivatives	13173.0	2912	EB-MSV000090464-gnps_ms2	transferred	1	414.2355	1.69	414.2355	1.673	0.0	-0.017	0.9216	unique	assigned
C19H33N5O6	[M + H]+	H-DL-Val-DL-Pro-Gly-DL-Val-Gly-OH	CC(C)C(C(=O)N1CCCC1C(=O)NCC(=O)NC(C(C)C)C(=O)NCC(=O)O)N	0.367	Amino acids and Peptides	Tripeptides	Carboxylic acids and derivatives	2857.0	2915	EB-MSV000090464-gnps_ms2	transferred	2	428.2514	1.69	428.251	1.704	-0.934	0.014	1.0	ms2_winner	assigned
C27H45N3O7S	[M + Na]+	4-[[(2S,3R)-1-[(2S)-2-[[(4S,7R)-7-acetyl-2,9-dimethyl-5-oxodecan-4-yl]carbamoyl]pyrrolidin-1-yl]-3-hydroxy-1-oxobutan-2-yl]amino]-4-oxobutanoic acid	CC(C)CC(CC(=O)C(CC(C)C)NC(=O)C1CCCN1C(=O)C(C(C)O)NC(=O)CCC(=O)O)C(=O)C	0.14	Amino acids and Peptides	Tripeptides	Carboxylic acids and derivatives	148.0	2917	EB-MSV000090464-gnps_ms2	transferred	5	578.2835	1.69	578.2836	1.694872	0.173	0.005	1.0	unique	assigned
C11H18N2O4	[M + H]+	3-methyl-2-[(5-oxopyrrolidin-2-yl)formamido]pentanoic acid	CCC(C)C(C(=O)O)NC(=O)C1CCC(=O)N1	0.741	Amino acids and Peptides	Dipeptides	Carboxylic acids and derivatives	1326.0	2918	EB-MSV000090464-gnps_ms2	transferred	2	243.1343	1.7	243.1341	1.878051	-0.823	0.178	0.8339	ms2_winner	assigned
C14H20N2O3	[M + H]+	2-(2-amino-3-methylbutanamido)-3-phenylpropanoic acid	CC(C)C(C(=O)NC(CC1=CC=CC=C1)C(=O)O)N	0.996	Amino acids and Peptides	Dipeptides	Carboxylic acids and derivatives	880.0	2920	EB-MSV000090464-gnps_ms2	transferred	3	265.1543	1.69	265.1543	1.691	0.0	0.001	1.0	ms2_winner	assigned
C12H24N2O3	[M + H]+	Leu-Leu	CC(C)CC(C(=O)NC(CC(C)C)C(=O)O)N	0.722	Amino acids and Peptides	Dipeptides	Carboxylic acids and derivatives	640.0	2930	EB-MSV000090464-gnps_ms2	transferred	4	245.186	1.69	245.186	1.988053	0.0	0.298	0.9966	ms2_tie	assigned
C21H30N2O6S	[M + Na]+	H-DL-Glu-DL-Tyr-DL-Ala-Gly-OH	CC(C(=O)NCC(=O)O)NC(=O)C(CC1=CC=C(C=C1)O)NC(=O)C(CCC(=O)O)N	0.261	Amino acids and Peptides	Tripeptides	Carboxylic acids and derivatives	1500.0	2944	EB-MSV000090464-gnps_ms2	transferred	1	461.1696	1.7	461.1695	1.691	-0.217	-0.009	1.0	unique	assigned
C19H27F3N4O4	[M + H]+	H-DL-Tyr-DL-Pro-Gly-DL-Pro-OH	C1CC(N(C1)C(=O)CNC(=O)C2CCCN2C(=O)C(CC3=CC=C(C=C3)O)N)C(=O)O	0.519	Amino acids and Peptides	Tripeptides	Carboxylic acids and derivatives	4352.0	2948	EB-MSV000090464-gnps_ms2	transferred	4	433.2074	1.71	433.2072	1.6835	-0.462	-0.026	0.9998	ms2_winner	assigned
C15H29N3O5	[M + H]+	2-[[2-[(2-Amino-3-hydroxybutanoyl)amino]-3-methylpentanoyl]amino]-3-methylbutanoic acid	CCC(C)C(C(=O)NC(C(C)C)C(=O)O)NC(=O)C(C(C)O)N	0.547	Amino acids and Peptides	Tripeptides	Carboxylic acids and derivatives		2949	EB-MSV000090464-gnps_ms2	transferred	3	332.2175	1.7							low_cosine
C32H45N7O7	[M + Na]+	N-Ac-Pro-Ala-Pro-Phe-Pro-Ala-NH2	CC(C(=O)N)NC(=O)C1CCCN1C(=O)C(CC2=CC=CC=C2)NC(=O)C3CCCN3C(=O)C(C)NC(=O)C4CCCN4C(=O)C	0.195	Amino acids and Peptides	Cyclic peptides	Carboxylic acids and derivatives	498.0	2954	EB-MSV000090464-gnps_ms2	transferred	4	662.3265	1.7	662.3264	1.771	-0.151	0.071	0.9879	ms2_tie	assigned
C23H40N6O9	[M + H]+	(4R,5S,6S,7R)-4,7-dibenzyl-5,6-dihydroxy-1,3-bis[4-(oxiran-2-yl)butyl]-1,3-diazepan-2-one	C1C(O1)CCCCN2C(C(C(C(N(C2=O)CCCCC3CO3)CC4=CC=CC=C4)O)O)CC5=CC=CC=C5	0.057	Amino acids and Peptides	Open-chain polyketides	Carboxylic acids and derivatives	1826.0	2955	EB-MSV000090464-gnps_ms2	transferred	3	545.2952	1.69	545.2953	1.522083	0.183	-0.168	1.0	ms2_winner	assigned
C15H23N3O5S	[M + H]+	2-[[2-[(2-Amino-3-methylbutanoyl)amino]-3-hydroxypropanoyl]amino]-4-methylsulfanylbutanoic acid	CC(C)C(C(=O)NC(CO)C(=O)NC(CCSC)C(=O)O)N	0.408	Amino acids and Peptides	Dipeptides	Carboxylic acids and derivatives	5857.0	2958	EB-MSV000090464-gnps_ms2	transferred	2	358.1427	1.7	358.1426	1.706	-0.279	0.006	0.9999	ms2_winner	assigned
C20H35N5O8	[M + H]+	gln-asp-val-leu	CC(C)CC(C(=O)O)NC(=O)C(C(C)C)NC(=O)C(CC(=O)O)NC(=O)C(CCC(=O)N)N	0.653	Amino acids and Peptides	Tripeptides	Carboxylic acids and derivatives	519.0	2963	EB-MSV000090464-gnps_ms2	transferred	4	474.2573	1.69	474.2582	1.673605	1.898	-0.016	0.9969	ms2_tie	assigned
C28H38N4O7	[M + H]+	Benzyloxycarbonyl-isoleucyl-alanyl-alpha-aminoisobutyryl-alpha-aminoisobutyrate methyl ester	CCC(C)C(C(=O)NC(C)C(=O)NC(C)(C)C(=O)NC(C)(C)C(=O)OC)NC(=O)OCC1=CC=CC=C1	0.083	Amino acids and Peptides	Tripeptides	Carboxylic acids and derivatives	1338.0	2976	EB-MSV000090464-gnps_ms2	transferred	5	543.2806	1.7	543.2781	1.595	-4.602	-0.105	0.9707	ms2_winner	assigned
C28H42N4O7S	[M + H]+	Ac-Ala-Ala-Ala-Ala-Ala-Ala-Ala-NH2	CC(C(=O)N)NC(=O)C(C)NC(=O)C(C)NC(=O)C(C)NC(=O)C(C)NC(=O)C(C)NC(=O)C(C)NC(=O)C	0.682	Amino acids and Peptides	Linear peptides	Carboxylic acids and derivatives	505.0	2982	EB-MSV000090464-gnps_ms2	transferred	4	579.2875	1.69	579.2874	1.691	-0.173	0.001	1.0	ms2_winner	assigned
C16H27N3O4	[M + H]+	l-Isoleucyl-l-prolyl-l-pro-line	CCC(C)C(C(=O)N1CCCC1C(=O)N2CCCC2C(=O)O)N	0.849	Amino acids and Peptides	Tripeptides	Carboxylic acids and derivatives	1218.0	2983	EB-MSV000090464-gnps_ms2	transferred	1	326.207	1.71	326.2068	1.706	-0.613	-0.004	0.7191	unique	assigned
C19H30N4O7	[M + H]+	H-DL-Asp-DL-Val-DL-Pro-DL-Pro-OH	CC(C)C(C(=O)N1CCCC1C(=O)N2CCCC2C(=O)O)NC(=O)C(CC(=O)O)N	0.251	Amino acids and Peptides	Tripeptides	Carboxylic acids and derivatives	883.0	2986	EB-MSV000090464-gnps_ms2	transferred	2	427.2191	1.71	427.2196	1.706	1.17	-0.004	1.0	unique	assigned
C39H64N10O10S	[M + H]+	H-Arg-Val-Leu-Phe-Glu-Ala-Met-OH	CC(C)CC(C(=O)NC(CC1=CC=CC=C1)C(=O)NC(CCC(=O)O)C(=O)NC(C)C(=O)NC(CCSC)C(=O)O)NC(=O)C(C(C)C)NC(=O)C(CCCN=C(N)N)N		Amino acids and Peptides	Cyclic peptides	Carboxylic acids and derivatives		2997	EB-MSV000090464-gnps_ms2	transferred	1	865.4677	1.71							no_ms2_candidate
C22H40N3O6	[M + Na]+	Leupeptin Acid	CC(C)CC(C(=O)NC(CC(C)C)C(=O)NC(CCCN=C(N)N)C(=O)O)NC(=O)C	0.134	Amino acids and Peptides	Tripeptides	Carboxylic acids and derivatives	7374.0	3004	EB-MSV000090464-gnps_ms2	transferred	2	465.2827	1.7	465.2827	1.686	0.0	-0.014	0.989	unique	assigned
C25H37N5O5	[M + H]+	H-DL-Pro-DL-Phe-DL-Pro-DL-Lys-OH	C1CC(NC1)C(=O)NC(CC2=CC=CC=C2)C(=O)N3CCCC3C(=O)NC(CCCCN)C(=O)O	0.658	Amino acids and Peptides	Tripeptides	Carboxylic acids and derivatives	2028.0	3009	EB-MSV000090464-gnps_ms2	transferred	4	488.2863	1.74	488.2859	1.737	-0.819	-0.003	1.0	ms2_winner	assigned
C24H33N5O6	[M + H]+	(2S)-2-[[(2S)-1-[(2S)-2-[[(2S)-1-acetylpyrrolidine-2-carbonyl]amino]propanoyl]pyrrolidine-2-carbonyl]amino]-3-(4-hydroxyphenyl)propanimidate	CC(C(=O)N1CCCC1C(=O)NC(CC2=CC=C(C=C2)O)C(=O)N)NC(=O)C3CCCN3C(=O)C	0.331	Amino acids and Peptides	Tripeptides	Carboxylic acids and derivatives	4062.0	3015	EB-MSV000090464-gnps_ms2	transferred	2	488.2502	1.71	488.2506	1.438727	0.819	-0.271	0.7988	unique	assigned
C27H45N7O12	[M + H]+	H-Ala-Ala-Asp-Thr-Thr-Thr-Pro-al	CC(C(C(=O)NC(C(C)O)C(=O)NC(C(C)O)C(=O)N1CCCC1C=O)NC(=O)C(CC(=O)O)NC(=O)C(C)NC(=O)C(C)N)O	0.184	Amino acids and Peptides	Tripeptides	Carboxylic acids and derivatives	819.0	3017	EB-MSV000090464-gnps_ms2	transferred	2	660.3179	1.71	660.3182	1.626	0.454	-0.084	0.9565	unique	assigned
C32H55N7O11	[M + H]+	Ahpatinin Pr	CCC(=O)NC(C(C)C)C(=O)NC(C(C)C)C(=O)NC(CC(C)C)C(CC(=O)NC(C)C(=O)NC(CC1=CC=CC=C1)C(CC(=O)O)O)O	0.083	Amino acids and Peptides	Cyclic peptides	Carboxylic acids and derivatives	2614.0	3019	EB-MSV000090464-gnps_ms2	transferred	3	714.4059	1.72	714.4058	1.722	-0.14	0.002	1.0	unique	assigned
C20H33N5O7	[M + H]+	H-Ala-Thr-Pro-Ala-Pro-OH	CC(C(C(=O)N1CCCC1C(=O)NC(C)C(=O)N2CCCC2C(=O)O)NC(=O)C(C)N)O	0.332	Amino acids and Peptides	Tripeptides	Carboxylic acids and derivatives		3020	EB-MSV000090464-gnps_ms2	transferred	2	456.2453	1.7							low_cosine
C34H54N4O6	[M + H]+	3-[dimethyl-[3-[4-[(3R,5S,7R,8R,9S,10S,12S,13R,14S,17R)-3,7,12-trihydroxy-10,13-dimethyl-2,3,4,5,6,7,8,9,11,12,14,15,16,17-tetradecahydro-1H-cyclopenta[a]phenanthren-17-yl]pentanoylamino]propyl]azaniumyl]propane-1-sulfonate	CC(CCC(=O)NCCC[N+](C)(C)CCCS(=O)(=O)O)C1CCC2C1(C(CC3C2C(CC4C3(CCC(C4)O)C)O)O)C	0.023	Amino acids and Peptides	Depsipeptides	Carboxylic acids and derivatives	1793.0	3021	EB-MSV000090464-gnps_ms2	transferred	1	615.4081	1.72	615.4079	1.722	-0.325	0.002	1.0	unique	assigned
C11H18N2O3	[M + H]+	2-[6-(butan-2-yl)-2,5-dioxopiperidin-3-yl]acetamide	CCC(C)C1C(=O)CC(C(=O)N1)CC(=O)N	0.211	Amino acids and Peptides	Dipeptides	Carboxylic acids and derivatives	2604.0	3023	EB-MSV000090464-gnps_ms2	transferred	1	227.1395	1.72	227.1396	1.704	0.44	-0.016	1.0	unique	assigned
C13H25N3O4	[M + H]+	2-[[2-[(2-Amino-3-methylpentanoyl)amino]acetyl]amino]-3-methylbutanoic acid	CCC(C)C(C(=O)NCC(=O)NC(C(C)C)C(=O)O)N	0.865	Amino acids and Peptides	Tripeptides	Carboxylic acids and derivatives	40.0	3030	EB-MSV000090464-gnps_ms2	transferred	2	288.1921	1.75	288.1928	1.738	2.429	-0.012	1.0	unique	assigned
C19H25N3O5	[M + H]+	1-[1-[2-Amino-3-(4-hydroxyphenyl)propanoyl]pyrrolidine-2-carbonyl]pyrrolidine-2-carboxylic acid	C1CC(N(C1)C(=O)C2CCCN2C(=O)C(CC3=CC=C(C=C3)O)N)C(=O)O	0.846	Amino acids and Peptides	Dipeptides	Carboxylic acids and derivatives	5911.0	3031	EB-MSV000090464-gnps_ms2	transferred	2	376.1869	1.71	376.1863	1.69	-1.595	-0.02	1.0	ms2_winner	assigned
C14H18N2O3	[M + H]+	1-(2-amino-3-phenylpropanoyl)pyrrolidine-2-carboxylic acid	C1CC(N(C1)C(=O)C(CC2=CC=CC=C2)N)C(=O)O	0.998	Amino acids and Peptides	Dipeptides	Carboxylic acids and derivatives		3038	EB-MSV000090464-gnps_ms2	transferred	3	263.1389	1.74							low_cosine
C46H51N3O6	[M + H]+	Carmabin A	CC(CCCCC#C)CC(C)C(=O)N(C)C(CC1=CC=CC=C1)C(=O)NC(C)C(=O)N(C)C(C)C(=O)N(C)C(CC2=CC=C(C=C2)OC)C(=O)N	0.514	Amino acids and Peptides	Linear peptides	Carboxylic acids and derivatives	229.0	3055	EB-MSV000090464-gnps_ms2	transferred	1	742.3955	1.73	742.3954	1.724	-0.135	-0.006	1.0	unique	assigned
C56H77N17O13	[M + H]+	N-[9,9-bis[2-(2-ethoxyethoxy)ethyl]fluoren-2-yl]-N-[9-[(2E,4E)-5-[2-(2-ethoxyethoxy)ethoxy]hepta-2,4-dien-6-yn-2-yl]carbazol-3-yl]-9-[4-[2-(2-ethoxyethoxy)ethoxy]phenyl]carbazol-3-amine	CCOCCOCCC1(C2=CC=CC=C2C3=C1C=C(C=C3)N(C4=CC5=C(C=C4)N(C6=CC=CC=C65)C7=CC=C(C=C7)OCCOCCOCC)C8=CC9=C(C=C8)N(C1=CC=CC=C19)C(=CC=C(C#C)OCCOCCOCC)C)CCOCCOCC	0.223	Polyketides	Depsipeptides	Carboxylic acids and derivatives	1672.0	3057	EB-MSV000090464-gnps_ms2	transferred	1	1196.6115	1.73	1196.6112	1.737	-0.251	0.007	0.9986	unique	assigned
C32H58N6O8	[M + H]+	Terminamine C	CC(C)CC(=O)OC1CC2(C(CC(C2C(C)N(C)C)O)C3C1C4(C(CC3)C(C(CC4OC(=O)C)N5CC(C5=O)C(C)C)O)C)C	0.036	Amino acids and Peptides	Microcolins and mirabimids	Carboxylic acids and derivatives	1560.0	3076	EB-MSV000090464-gnps_ms2	transferred	2	655.4369	1.74	655.436	1.6115	-1.373	-0.129	0.8341	unique	assigned
C46H59N3O8	[M + H]+	2-[[2-[[2-[[2-[[5-(diaminomethylideneamino)-2-(trimethylazaniumyl)pentanoyl]amino]-3-methylbutanoyl]amino]-3-methylbutanoyl]amino]-4-hydroxy-5-[(N'-methylcarbamimidoyl)amino]pentanoyl]-methylamino]-5-hydroxy-5-oxopentanoate	CC(C)C(C(=O)NC(C(C)C)C(=O)NC(CC(CNC(=NC)N)O)C(=O)N(C)C(CCC(=O)O)C(=O)O)NC(=O)C(CCCN=C(N)N)[N+](C)(C)C	0.097	Amino acids and Peptides	Tripeptides	Carboxylic acids and derivatives	3156.0	3087	EB-MSV000090464-gnps_ms2	transferred	2	782.4312	1.73	782.431	1.737	-0.256	0.007	0.9999	unique	assigned
C30H46N4O6	[M + H]+		CC(=O)N(CCCCCNC(=O)CCC(=O)N(CCCCCNC(=O)CCC(=O)NCCCCNC=O)O)O	0.278	Amino acids and Peptides	Cyclic peptides	Carboxylic acids and derivatives	4473.0	3088	EB-MSV000090464-gnps_ms2	transferred	1	559.347	1.73	559.3472	1.716478	0.358	-0.014	0.9999	unique	assigned
C10H18N2O3	[M + H]+	3-methyl-2-[(pyrrolidin-2-yl)formamido]butanoic acid	CC(C)C(C(=O)O)NC(=O)C1CCCN1	0.997	Amino acids and Peptides	Dipeptides	Carboxylic acids and derivatives	4434.0	3092	EB-MSV000090464-gnps_ms2	transferred	2	215.1395	1.73	215.1394	1.716356	-0.465	-0.014	0.9985	ms2_tie	assigned
C18H28N4O9	[M + H]+	Ac-Asp-Val-Ala-Asp-al	CC(C)C(C(=O)NC(C)C(=O)NC(CC(=O)O)C=O)NC(=O)C(CC(=O)O)NC(=O)C	0.379	Amino acids and Peptides	Tripeptides	Carboxylic acids and derivatives	1823.0	3095	EB-MSV000090464-gnps_ms2	transferred	3	445.192	1.75	445.1922	1.753	0.449	0.003	0.8476	ms2_winner	assigned
C20H30N4O8	[M + H]+	N-Methyl-ETAV	CC(C)C(C(=O)O)NC(=O)C(C)NC(=O)C(C(C)O)NC(=O)C(CCC(=O)O)NC	0.093	Amino acids and Peptides	Tripeptides	Carboxylic acids and derivatives	146.0	3096	EB-MSV000090464-gnps_ms2	transferred	3	455.2154	1.73	455.2161	1.723	1.538	-0.007	1.0	ms2_winner	assigned
C36H60N8O19	[M + H]+	H-Ala-Ala-Pro-Ser-Asn-Phe-Ala-Thr-Met-OH	CC(C(C(=O)NC(CCSC)C(=O)O)NC(=O)C(C)NC(=O)C(CC1=CC=CC=C1)NC(=O)C(CC(=O)N)NC(=O)C(CO)NC(=O)C2CCCN2C(=O)C(C)NC(=O)C(C)N)O	0.278	Amino acids and Peptides	Cyclic peptides	Carboxylic acids and derivatives	703.0	3097	EB-MSV000090464-gnps_ms2	transferred	1	909.4162	1.73	909.416	1.737	-0.22	0.007	1.0	unique	assigned
C25H41N7O9	[M + H]+	Ac-Ser-Ala-Val-Leu-Phe-al	CC(C)CC(C(=O)NC(CC1=CC=CC=C1)C=O)NC(=O)C(C(C)C)NC(=O)C(C)NC(=O)C(CO)NC(=O)C	0.316	Amino acids and Peptides	Cyclic peptides	Carboxylic acids and derivatives	2570.0	3101	EB-MSV000090464-gnps_ms2	transferred	7	584.302	1.73	584.3055	1.595	5.99	-0.135	0.7712	ms2_winner	assigned
C41H63N7O17	[M + H]+	H-Tyr-Leu-Ala-Pro-Gly-Pro-Val-Thr-Ala-OH	CC(C)CC(C(=O)NC(C)C(=O)N1CCCC1C(=O)NCC(=O)N2CCCC2C(=O)NC(C(C)C)C(=O)NC(C(C)O)C(=O)NC(C)C(=O)O)NC(=O)C(CC3=CC=C(C=C3)O)N	0.188	Amino acids and Peptides	Cyclic peptides	Carboxylic acids and derivatives	2374.0	3107	EB-MSV000090464-gnps_ms2	transferred	2	926.4432	1.74	926.442	1.737	-1.295	-0.003	1.0	unique	assigned
C22H28N4O8	[M + H]+	acetyl-Asp-Val-Ala-Asp fluoromethyl ketone	CC(C)C(C(=O)NC(C)C(=O)NC(CC(=O)O)C(=O)CF)NC(=O)C(CC(=O)O)NC(=O)C	0.928	Amino acids and Peptides	Tripeptides	Carboxylic acids and derivatives	4161.0	3112	EB-MSV000090464-gnps_ms2	transferred	2	477.1966	1.74	477.1963	1.723	-0.629	-0.017	1.0	unique	assigned
C38H49N7O8	[M + H]+	12-benzyl-21-(1-hydroxyethyl)-24-methyl-9-(propan-2-yl)-1,7,10,13,19,22,25-heptaazatetracyclo[25.3.0.0³,⁷.0¹⁵,¹⁹]triacontane-2,8,11,14,20,23,26-heptone	CC1C(=O)NC(C(=O)N2CCCC2C(=O)NC(C(=O)NC(C(=O)N3CCCC3C(=O)N4CCCC4C(=O)N1)C(C)C)CC5=CC=CC=C5)C(C)O	0.855	Amino acids and Peptides	Cyclic peptides	Carboxylic acids and derivatives	2912.0	3114	EB-MSV000090464-gnps_ms2	transferred	2	732.3784	1.74	732.3774	1.738	-1.365	-0.002	0.9928	unique	assigned
C26H41N7O10	[M + H]+	(2S)-N-((1S,2S)-3-{(2S,3R)-2-[N-(tert-butyl)carbamoyl]-3-hydroxypyrrolidinyl}-2-hydroxy-3-oxo-1-benzylpropyl)-3-carbamoyl-2-[(phenylmethoxy)carbonylamino]propanamide	CC(C)(C)NC(=O)C1C(CCN1C(=O)C(C(CC2=CC=CC=C2)NC(=O)C(CC(=O)N)NC(=O)OCC3=CC=CC=C3)O)O	0.189	Amino acids and Peptides	Cyclic peptides	Carboxylic acids and derivatives	3637.0	3124	EB-MSV000090464-gnps_ms2	transferred	5	612.2972	1.74	612.2982	1.738	1.633	-0.002	0.9999	ms2_winner	assigned
C25H42N4O8	[M + K]+	H-Ala-N(Me)Leu-Tyr-Tyr-OH	CC(C)CC(C(=O)NC(CC1=CC=C(C=C1)O)C(=O)NC(CC2=CC=C(C=C2)O)C(=O)O)N(C)C(=O)C(C)N	0.351	Amino acids and Peptides	Cyclic peptides	Carboxylic acids and derivatives	1300.0	3127	EB-MSV000090464-gnps_ms2	transferred	6	565.261	1.76	565.2596	1.754	-2.477	-0.006	0.9998	ms2_winner	assigned
C22H36N2O4S	[M + Na]+	2-[[2-[(2-amino-4-carboxybutanoyl)amino]-3-(1H-indol-3-yl)propanoyl]amino]-4-methylpentanoic acid	CC(C)CC(C(=O)O)NC(=O)C(CC1=CNC2=CC=CC=C21)NC(=O)C(CCC(=O)O)N	0.342	Amino acids and Peptides	Tripeptides	Carboxylic acids and derivatives	1559.0	3129	EB-MSV000090464-gnps_ms2	transferred	1	447.2239	1.73	447.2235	1.706	-0.894	-0.024	0.9212	unique	assigned
C22H39N5O7	[M + H]+	H-Ala-Pro-Thr-Val-Val-OH	CC(C)C(C(=O)NC(C(C)C)C(=O)O)NC(=O)C(C(C)O)NC(=O)C1CCCN1C(=O)C(C)N	0.733	Amino acids and Peptides	Tripeptides	Carboxylic acids and derivatives		3134	EB-MSV000090464-gnps_ms2	transferred	2	486.2917	1.74							low_cosine
C24H43N5O8	[M + H]+	(2S,3S)-2-[[(2S,3S)-2-[[(2S)-3-hydroxy-2-[[(2S,3R)-3-hydroxy-2-[[(2S)-pyrrolidin-1-ium-2-carbonyl]amino]butanoyl]amino]propanoyl]amino]-3-methylpentanoyl]amino]-3-methylpentanoic acid	CCC(C)C(C(=O)NC(C(C)CC)C(=O)O)NC(=O)C(CO)NC(=O)C(C(C)O)NC(=O)C1CCCN1	0.228	Amino acids and Peptides	Tripeptides	Carboxylic acids and derivatives	4116.0	3135	EB-MSV000090464-gnps_ms2	transferred	2	530.3202	1.74	530.3212	1.753	1.886	0.013	1.0	unique	assigned
C21H36N4O9	[M + K]+	Gly-Arg-Gly-Glu-Ser	C(CC(C(=O)NCC(=O)NC(CCC(=O)O)C(=O)NC(CO)C(=O)O)NC(=O)CN)CN=C(N)N	0.412	Amino acids and Peptides	Tripeptides	Carboxylic acids and derivatives	3282.0	3138	EB-MSV000090464-gnps_ms2	transferred	1	527.2131	1.75	527.2125	1.73975	-1.138	-0.01	1.0	unique	assigned
C39H54O12S	[M + H3N + H]+							362.0	3143	EB-MSV000090464-gnps_ms2	transferred	1	764.3674	1.73	764.3677	1.738	0.392	0.008	1.0	unique	assigned
C35H56N10O15	[M + H]+	Substance P (5-11), asp(5,6)-mephe(8)-	CC(C)CC(C(=O)NC(CCSC)C(=O)N)N(C(=O)CNC(=O)C(CC1=CC=CC=C1)NC)C(=O)C(CC2=CC=CC=C2)NC(=O)C(CC(=O)O)NC(=O)C(CC(=O)O)N	0.084	Amino acids and Peptides	Cyclic peptides	Carboxylic acids and derivatives	4041.0	3146	EB-MSV000090464-gnps_ms2	transferred	3	857.3968	1.75	857.3956	1.752	-1.4	0.002	1.0	unique	assigned
C16H29N3O4	[M + H]+	1-[2-[(2-Amino-3-methylpentanoyl)amino]-3-methylbutanoyl]pyrrolidine-2-carboxylic acid	CCC(C)C(C(=O)NC(C(C)C)C(=O)N1CCCC1C(=O)O)N	0.781	Amino acids and Peptides	Dipeptides	Carboxylic acids and derivatives	154.0	3148	EB-MSV000090464-gnps_ms2	transferred	4	328.2233	1.72	328.2224	1.612	-2.742	-0.108	1.0	ms2_winner	assigned
C24H33N5O8	[M + H]+	2-[(4,6-diamino-3-{[3-amino-6-(aminomethyl)-5-hydroxyoxan-2-yl]oxy}-2-hydroxycyclohexyl)oxy]-6-(hydroxymethyl)-4-(methylamino)oxane-3,5-diol	CNC1C(C(OC(C1O)OC2C(CC(C(C2O)OC3C(CC(C(O3)CN)O)N)N)N)CO)O	0.115	Amino acids and Peptides	Linear peptides	Carboxylic acids and derivatives	2122.0	3155	EB-MSV000090464-gnps_ms2	transferred	1	520.2392	1.75	520.2393	1.733	0.192	-0.017	0.9998	unique	assigned
C14H25N3O5	[M + H]+	1-[2-[(2-Amino-3-hydroxypropanoyl)amino]-4-methylpentanoyl]pyrrolidine-2-carboxylic acid	CC(C)CC(C(=O)N1CCCC1C(=O)O)NC(=O)C(CO)N	0.721	Amino acids and Peptides	Dipeptides	Carboxylic acids and derivatives	403.0	3163	EB-MSV000090464-gnps_ms2	transferred	2	316.1869	1.75	316.187	1.736	0.316	-0.014	1.0	unique	assigned
C23H38N6O7	[M + H]+	H-Pro-Phe-Leu-Ile-OH	CCC(C)C(C(=O)O)NC(=O)C(CC(C)C)NC(=O)C(CC1=CC=CC=C1)NC(=O)C2CCCN2	0.173	Amino acids and Peptides	Cyclic peptides	Carboxylic acids and derivatives	3545.0	3165	EB-MSV000090464-gnps_ms2	transferred	5	511.286	1.76	511.2855	1.756023	-0.978	-0.004	0.9995	ms2_tie	assigned
C14H18N2O3	[M + H]+	1-(2-amino-3-phenylpropanoyl)pyrrolidine-2-carboxylic acid	C1CC(N(C1)C(=O)C(CC2=CC=CC=C2)N)C(=O)O	0.998	Amino acids and Peptides	Dipeptides	Carboxylic acids and derivatives		3170	EB-MSV000090464-gnps_ms2	transferred	3	263.1389	1.77							low_cosine
C22H38N6O7	[M + H]+	Val-Gly-Val-Ala-Pro-Gly	CC(C)C(C(=O)NCC(=O)NC(C(C)C)C(=O)NC(C)C(=O)N1CCCC1C(=O)NCC(=O)O)N	0.863	Amino acids and Peptides	Tripeptides	Carboxylic acids and derivatives	2391.0	3171	EB-MSV000090464-gnps_ms2	transferred	3	499.2868	1.76	499.286	1.754	-1.602	-0.006	0.9999	unique	assigned
C23H37N3O8	[M + K]+	2-[(6-amino-3-{[4-amino-3,5-dihydroxy-6-(hydroxymethyl)oxan-2-yl]oxy}-2-hydroxy-4-(methylamino)cyclohexyl)oxy]-6-(hydroxymethyl)oxane-3,4,5-triol	CNC1CC(C(C(C1OC2C(C(C(C(O2)CO)O)N)O)O)OC3C(C(C(C(O3)CO)O)O)O)N	0.023	Amino acids and Peptides	Tripeptides	Carboxylic acids and derivatives		3172	EB-MSV000090464-gnps_ms2	transferred	2	522.22	1.76							low_cosine
C18H30N4O5	[M + H]+	H-DL-Ala-DL-Val-DL-Pro-DL-Pro-OH	CC(C)C(C(=O)N1CCCC1C(=O)N2CCCC2C(=O)O)NC(=O)C(C)N	0.954	Amino acids and Peptides	Tripeptides	Carboxylic acids and derivatives	718.0	3183	EB-MSV000090464-gnps_ms2	transferred	2	383.2277	1.75	383.2278	1.722484	0.261	-0.028	1.0	ms2_winner	assigned
C35H46N6O5	[M + H]+	(2S)-N-(4-amino-1-cyclopropyl-3,4-dioxobutan-2-yl)-1-[2-[[1-(dipropylamino)-3-methyl-1-oxobutan-2-yl]carbamoylamino]-3,3-dimethylbutanoyl]pyrrolidine-2-carboxamide	CCCN(CCC)C(=O)C(C(C)C)NC(=O)NC(C(=O)N1CCCC1C(=O)NC(CC2CC2)C(=O)C(=O)N)C(C)(C)C	0.162	Amino acids and Peptides	Tripeptides	Carboxylic acids and derivatives	4023.0	3185	EB-MSV000090464-gnps_ms2	transferred	1	631.3649	1.74	631.365	1.741	0.158	0.001	1.0	unique	assigned
C25H40NO10P	[M + H]+	2-amino-3-[[2-[(4Z,7Z,10Z,13Z)-hexadeca-4,7,10,13-tetraenoyl]oxy-3-propanoyloxypropoxy]-hydroxyphosphoryl]oxypropanoic acid	CCC=CCC=CCC=CCC=CCCC(=O)OC(COC(=O)CC)COP(=O)(O)OCC(C(=O)O)N		Fatty acids	Oxidized glycerophospholipids	Carboxylic acids and derivatives	3425.0	3186	EB-MSV000090464-gnps_ms2	transferred	3	546.2383	1.76	546.2383	1.76	0.0	0.0	1.0	ms2_winner	assigned
C22H39N5O6	[M + K]+	6-(8-benzyl-2,5,12-trimethyl-3,6,9,13-tetraoxo-1,4,7,10-tetraazacyclotridecan-11-yl)hex-4-enamide	CC1C(NC(=O)C(NC(=O)C(NC(=O)C(NC1=O)C)C)CC2=CC=CC=C2)CC=CCCC(=O)N	0.102	Amino acids and Peptides	Tripeptides	Carboxylic acids and derivatives		3187	EB-MSV000090464-gnps_ms2	transferred	1	508.2504	1.75							low_cosine
C52H74N8O11	[M + K]+	3,24,27-tribenzyl-4,13,21,22,25,28-hexamethyl-12-(2-methylpropyl)-1,4,10,13,19,22,25,28-octaazatetracyclo[28.3.0.0⁶,¹⁰.0¹⁵,¹⁹]tritriacontan-2,5,11,14,20,23,26,29-octone	CC1C(=O)N2CCCC2C(=O)N(C(C(=O)N3CCCC3C(=O)N(C(C(=O)N4CCCC4C(=O)N(C(C(=O)N(C(C(=O)N1C)CC5=CC=CC=C5)C)CC6=CC=CC=C6)C)CC7=CC=CC=C7)C)CC(C)C)C	0.064	Amino acids and Peptides	Cyclic peptides	Carboxylic acids and derivatives	1085.0	3188	EB-MSV000090464-gnps_ms2	transferred	1	1025.5177	1.76	1025.5172	1.762287	-0.488	0.002	1.0	unique	assigned
C11H18N2O4	[M + H]+	3-[5-(2-methylpropyl)-3,6-dioxopiperazin-2-yl]propanoic acid	CC(C)CC1C(=O)NC(C(=O)N1)CCC(=O)O	0.685	Amino acids and Peptides	Dipeptides	Carboxylic acids and derivatives	1326.0	3189	EB-MSV000090464-gnps_ms2	transferred	2	243.1343	1.76	243.1341	1.878051	-0.823	0.118	0.8427	ms2_winner	assigned
C20H28N4O5	[M + H]+	H-DL-Ala-DL-Val-DL-Pro-DL-Pro-OH	CC(C)C(C(=O)N1CCCC1C(=O)N2CCCC2C(=O)O)NC(=O)C(C)N	0.965	Amino acids and Peptides	Tripeptides	Carboxylic acids and derivatives	10146.0	3205	EB-MSV000090464-gnps_ms2	transferred	6	405.2113	1.77	405.2105	1.740167	-1.974	-0.03	0.9862	ms2_tie	assigned
C25H42N6O9	[M + H]+	H-Thr-Thr-Pro-Ala-Pro-Thr-al	CC(C(C=O)NC(=O)C1CCCN1C(=O)C(C)NC(=O)C2CCCN2C(=O)C(C(C)O)NC(=O)C(C(C)O)N)O	0.211	Amino acids and Peptides	Tripeptides	Carboxylic acids and derivatives	223.0	3218	EB-MSV000090464-gnps_ms2	transferred	2	571.3111	1.77	571.3104	1.77	-1.225	0.0	1.0	unique	assigned
C23H37N5O6	[M + H]+	Ala-Leu-Ala-Leu-Ala	CC(C)CC(C(=O)NC(C)C(=O)NC(CC(C)C)C(=O)NC(C)C(=O)O)NC(=O)C(C)N	0.733	Amino acids and Peptides	Tripeptides	Carboxylic acids and derivatives	3256.0	3231	EB-MSV000090464-gnps_ms2	transferred	2	480.2813	1.78	480.2815	1.763	0.416	-0.017	1.0	unique	assigned
C29H46N8O10	[M + H]+	Desferrioxamine X4	C1CCCN(C(=O)CCC(=O)NCCCCCCN(C(=O)CCC(=O)NCCCCCN(C(=O)CCC(=O)NCC1)O)O)O	0.289	Amino acids and Peptides	Cyclic peptides	Carboxylic acids and derivatives	1775.0	3232	EB-MSV000090464-gnps_ms2	transferred	1	667.3422	1.77	667.3416	1.77	-0.899	0.0	0.9999	unique	assigned
C32H45N7O7	[M + Na]+	H-Asp-Thr-Arg-Pro-Ala-Pro-al	CC(C(C(=O)NC(CCCN=C(N)N)C(=O)N1CCCC1C(=O)NC(C)C(=O)N2CCCC2C=O)NC(=O)C(CC(=O)O)N)O	0.214	Amino acids and Peptides	Tripeptides	Carboxylic acids and derivatives	498.0	3234	EB-MSV000090464-gnps_ms2	transferred	5	662.3262	1.78	662.3264	1.771	0.302	-0.009	1.0	ms2_tie	assigned
C16H29N3O6	[M + H]+	2-[[2-[(2-Amino-4-carboxybutanoyl)amino]-3-methylbutanoyl]amino]-4-methylpentanoic acid	CC(C)CC(C(=O)O)NC(=O)C(C(C)C)NC(=O)C(CCC(=O)O)N	0.796	Amino acids and Peptides	Tripeptides	Carboxylic acids and derivatives		3240	EB-MSV000090464-gnps_ms2	transferred	5	360.2127	1.78							low_cosine
C4H4N2O3S	[M + Na]+	4-Methoxy-1,2,5-thiadiazole-3-carboxylic acid	COC1=NSN=C1C(=O)O	0.046	Alkaloids	Imidazole alkaloids	Heteroaromatic compounds		3241	EB-MSV000090464-gnps_ms2	transferred	0	182.9856	1.78							no_match
C25H42N4O8	[M + K]+	H-Ala-N(Me)Leu-Tyr-Tyr-OH	CC(C)CC(C(=O)NC(CC1=CC=C(C=C1)O)C(=O)NC(CC2=CC=C(C=C2)O)C(=O)O)N(C)C(=O)C(C)N	0.519	Amino acids and Peptides	Cyclic peptides	Carboxylic acids and derivatives		3244	EB-MSV000090464-gnps_ms2	transferred	6	565.2617	1.76							low_cosine
C16H25N3O7	[M + H]+	H-Pyr-Glu-Leu-OH	CC(C)CC(C(=O)O)NC(=O)C(CCC(=O)O)NC(=O)C1CCC(=O)N1	0.969	Amino acids and Peptides	Tripeptides	Carboxylic acids and derivatives	2239.0	3248	EB-MSV000090464-gnps_ms2	transferred	2	372.1769	1.78	372.1772	1.77	0.806	-0.01	0.9994	ms2_winner	assigned
C39H54O12S	[M + H3N + H]+							383.0	3249	EB-MSV000090464-gnps_ms2	transferred	3	764.3638	1.77	764.357	1.786	-8.896	0.016	1.0	ms2_tie	assigned
C28H46N8O10	[M + H]+	Ac-Gln-Leu-Ala-Leu-Phe-OH	CC(C)CC(C(=O)NC(CC1=CC=CC=C1)C(=O)O)NC(=O)C(C)NC(=O)C(CC(C)C)NC(=O)C(CCC(=O)N)NC(=O)C	0.191	Amino acids and Peptides	Cyclic peptides	Carboxylic acids and derivatives	762.0	3251	EB-MSV000090464-gnps_ms2	transferred	2	655.3419	1.77	655.3415	1.8335	-0.61	0.063	0.9851	ms2_winner	assigned
C39H52N4O11	[M + H]+	Cyclo(Pro-Leu-D-Phe-Pro-Leu-D-Phe-)	CC(C)CC1C(=O)NC(C(=O)N2CCCC2C(=O)NC(C(=O)NC(C(=O)N3CCCC3C(=O)N1)CC4=CC=CC=C4)CC(C)C)CC5=CC=CC=C5	0.977	Amino acids and Peptides	Cyclic peptides	Carboxylic acids and derivatives	4569.0	3254	EB-MSV000090464-gnps_ms2	transferred	1	753.3752	1.78	753.3745	1.752097	-0.929	-0.028	1.0	unique	assigned
C30H47N3O10S	[M + H]+	H-Ala-Pro-Asp-Cys-Arg-Pro-al	CC(C(=O)N1CCCC1C(=O)NC(CC(=O)O)C(=O)NC(CS)C(=O)NC(CCCN=C(N)N)C(=O)N2CCCC2C=O)N	0.498	Amino acids and Peptides	Cyclic peptides	Carboxylic acids and derivatives		3255	EB-MSV000090464-gnps_ms2	transferred	3	642.3079	1.78							low_cosine
C20H35N5O8	[M + H]+	gln-asp-val-leu	CC(C)CC(C(=O)O)NC(=O)C(C(C)C)NC(=O)C(CC(=O)O)NC(=O)C(CCC(=O)N)N	0.634	Amino acids and Peptides	Tripeptides	Carboxylic acids and derivatives	519.0	3259	EB-MSV000090464-gnps_ms2	transferred	4	474.2564	1.78	474.2582	1.673605	3.795	-0.106	1.0	ms2_tie	assigned
C20H30N2O5	[M + K]+	2-[[1-[2-amino-3-(1H-indol-3-yl)propanoyl]pyrrolidine-2-carbonyl]amino]butanedioic acid	C1CC(N(C1)C(=O)C(CC2=CNC3=CC=CC=C32)N)C(=O)NC(CC(=O)O)C(=O)O	0.544	Amino acids and Peptides	Cyclic peptides	Carboxylic acids and derivatives	6532.0	3264	EB-MSV000090464-gnps_ms2	transferred	3	417.1778	1.77	417.1783	2.067532	1.199	0.298	0.8807	ms2_winner	assigned
C26H33N5O5S	[M + H]+	benzyl N-{1-[2-({1-[(carbamoylmethyl)carbamoyl]-3-methylbutyl}carbamoyl)pyrrolidin-1-yl]-1-oxopropan-2-yl}carbamate	CC(C)CC(C(=O)NCC(=O)N)NC(=O)C1CCCN1C(=O)C(C)NC(=O)OCC2=CC=CC=C2	0.229	Amino acids and Peptides	Cyclic peptides	Carboxylic acids and derivatives	2437.0	3266	EB-MSV000090464-gnps_ms2	transferred	1	528.2288	1.77	528.2308	1.657754	3.786	-0.112	0.9989	unique	assigned
C12H24N2O3	[M + H]+	2-[(2-amino-1-hydroxy-3-methylpentylidene)amino]-4-methylpentanoic acid	CCC(C)C(C(=O)NC(CC(C)C)C(=O)O)N	0.72	Amino acids and Peptides	Dipeptides	Carboxylic acids and derivatives	1222.0	3272	EB-MSV000090464-gnps_ms2	transferred	5	245.186	1.78	245.1858	1.787	-0.816	0.007	0.9999	ms2_tie	assigned
C22H43N3O8	[M + K]+	tert-Butyloxycarbonyl phenylalanyl-leucyl-threonine methyl ester	CC(C)CC(C(=O)NC(C(C)O)C(=O)OC)NC(=O)C(CC1=CC=CC=C1)NC(=O)OC(C)(C)C	0.113	Amino acids and Peptides	Cyclic peptides	Carboxylic acids and derivatives	5045.0	3274	EB-MSV000090464-gnps_ms2	transferred	4	516.2664	1.78	516.2659	1.786	-0.968	0.006	0.9377	ms2_winner	assigned
C19H26N4O5	[M + H]+	Threonylaspartylarginine	CC(C(C(=O)NC(CC(=O)O)C(=O)NC(CCCN=C(N)N)C(=O)O)N)O	0.104	Amino acids and Peptides	Tripeptides	Carboxylic acids and derivatives	3292.0	3284	EB-MSV000090464-gnps_ms2	transferred	4	391.1982	1.79	391.1983	1.786	0.256	-0.004	1.0	unique	assigned
C23H38N6O7	[M + H]+	Prolyl-glycyl-alanyl-isoleucyl-prolyl-glycine	CCC(C)C(C(=O)N1CCCC1C(=O)NCC(=O)O)NC(=O)C(C)NC(=O)CNC(=O)C2CCCN2	0.638	Amino acids and Peptides	Tripeptides	Carboxylic acids and derivatives	5340.0	3289	EB-MSV000090464-gnps_ms2	transferred	5	511.2866	1.79	511.2907	1.748756	8.019	-0.041	0.9983	ms2_tie	assigned
C13H25N3O4	[M + H]+	2-[[2-[(2-Amino-3-methylpentanoyl)amino]acetyl]amino]-3-methylbutanoic acid	CCC(C)C(C(=O)NCC(=O)NC(C(C)C)C(=O)O)N	0.864	Amino acids and Peptides	Tripeptides	Carboxylic acids and derivatives		3290	EB-MSV000090464-gnps_ms2	transferred	2	288.1922	1.79							low_cosine
C45H75N9O17	[M + H]+	H-Ile-Pro-Leu-Thr-Glu-Glu-Ala-Glu-Leu-OH	CCC(C)C(C(=O)N1CCCC1C(=O)NC(CC(C)C)C(=O)NC(C(C)O)C(=O)NC(CCC(=O)O)C(=O)NC(CCC(=O)O)C(=O)NC(C)C(=O)NC(CCC(=O)O)C(=O)NC(CC(C)C)C(=O)O)N	0.696	Amino acids and Peptides	Cyclic peptides	Carboxylic acids and derivatives	3306.0	3298	EB-MSV000090464-gnps_ms2	transferred	2	1014.5367	1.79	1014.534	1.786	-2.661	-0.004	0.9497	unique	assigned
C23H34N6O9	[M + H]+	Endolide B	CC(C)C1C(=O)N(C(C(=O)NC(C(=O)N(C(C(=O)N1)CC2=COC=C2)C)CC3=COC=C3)CC4=COC=C4)C	0.172	Amino acids and Peptides	Cyclic peptides	Carboxylic acids and derivatives	2759.0	3299	EB-MSV000090464-gnps_ms2	transferred	2	539.2456	1.79	539.2469	1.786516	2.411	-0.003	0.9999	unique	assigned
C25H41N5O7	[M + H]+	H-Leu-Pro-Thr-Pro-Pro-OH	CC(C)CC(C(=O)N1CCCC1C(=O)NC(C(C)O)C(=O)N2CCCC2C(=O)N3CCCC3C(=O)O)N	0.531	Amino acids and Peptides	Cyclic peptides	Carboxylic acids and derivatives	1979.0	3301	EB-MSV000090464-gnps_ms2	transferred	2	524.3086	1.79	524.309	1.786881	0.763	-0.003	0.9999	unique	assigned
C12H24N4O3	[M + H]+	(2S)-5-(diaminomethylideneamino)-2-(hexanoylamino)pentanoic acid	CCCCCC(=O)NC(CCCN=C(N)N)C(=O)O	0.901	Amino acids and Peptides	Dipeptides	Carboxylic acids and derivatives	2643.0	3305	EB-MSV000090464-gnps_ms2	transferred	1	273.193	1.8	273.1928	1.802	-0.732	0.002	1.0	unique	assigned
C11H17FN2O4	[M + H]+	Maculosin	C1CC2C(=O)NC(C(=O)N2C1)CC3=CC=C(C=C3)O	0.995	Amino acids and Peptides	Dipeptides	Carboxylic acids and derivatives	189.0	3309	EB-MSV000090464-gnps_ms2	transferred	2	261.1241	1.78	261.1239	1.536915	-0.766	-0.243	0.7979	unique	assigned
C17H27N5O4	[M + H]+	H-His-Leu-Pro-OH	CC(C)CC(C(=O)N1CCCC1C(=O)O)NC(=O)C(CC2=CN=CN2)N	0.64	Amino acids and Peptides	Tripeptides	Carboxylic acids and derivatives	4057.0	3311	EB-MSV000090464-gnps_ms2	transferred	1	366.2141	1.77	366.214	1.675	-0.273	-0.095	0.9349	unique	assigned
C20H36N4O6	[M + H]+	H-DL-Val-DL-Pro-DL-xiThr-DL-xiIle-OH	CCC(C)C(C(=O)O)NC(=O)C(C(C)O)NC(=O)C1CCCN1C(=O)C(C(C)C)N	0.344	Amino acids and Peptides	Tripeptides	Carboxylic acids and derivatives	1660.0	3319	EB-MSV000090464-gnps_ms2	transferred	3	429.2703	1.8	429.27	1.801	-0.699	0.001	1.0	ms2_winner	assigned
C28H42N4O7	[M + H]+	(3S)-4-[[(1S)-1-carboxy-2-(1-deuteriocyclohexyl)ethyl]amino]-3-[[2-[ethyl(4-piperidin-4-ylbutanoyl)amino]acetyl]amino]-4-oxobutanoic acid	CCN(CC(=O)NC(CC(=O)O)C(=O)NC(CC1CCCCC1)C(=O)O)C(=O)CCCC2CCNCC2	0.171	Amino acids and Peptides	Tripeptides	Carboxylic acids and derivatives	2865.0	3322	EB-MSV000090464-gnps_ms2	transferred	1	547.3115	1.81	547.3113	1.80675	-0.365	-0.003	0.9999	unique	assigned
C11H16N4O5	[M + H]+	4-amino-4-{[1-carboxy-2-(1H-imidazol-5-yl)ethyl]carbamoyl}butanoic acid	C1=C(NC=N1)CC(C(=O)O)NC(=O)C(CCC(=O)O)N	0.318	Amino acids and Peptides	Dipeptides	Carboxylic acids and derivatives	2216.0	3324	EB-MSV000090464-gnps_ms2	transferred	2	285.1207	1.79	285.1208	2.049	0.351	0.259	0.8087	unique	assigned
C25H42N4O8	[M + K]+	1,4-Bis((2-ethoxy-4-propylphenoxy)acetyl)piperazine	CCCC1=CC(=C(C=C1)OCC(=O)N2CCN(CC2)C(=O)COC3=C(C=C(C=C3)CCC)OCC)OCC	0.091	Amino acids and Peptides	Dipeptides	Carboxylic acids and derivatives		3325	EB-MSV000090464-gnps_ms2	transferred	6	565.2625	1.81							low_cosine
C14H18N2O3	[M + H]+	1-(2-amino-3-phenylpropanoyl)pyrrolidine-2-carboxylic acid	C1CC(N(C1)C(=O)C(CC2=CC=CC=C2)N)C(=O)O	0.998	Amino acids and Peptides	Dipeptides	Carboxylic acids and derivatives		3329	EB-MSV000090464-gnps_ms2	transferred	3	263.1389	1.8							low_cosine
C24H46N6O13	[M + K]+	6'-N-Acetimidoylamikacin	CC(=NCC1C(C(C(C(O1)OC2C(CC(C(C2O)OC3C(C(C(C(O3)CO)O)N)O)NC(=O)C(CCN)O)N)O)O)O)N	0.309	Amino acids and Peptides	Linear peptides	Carboxylic acids and derivatives	37252.0	3331	EB-MSV000090464-gnps_ms2	transferred	1	665.2785	1.8	665.2786	1.805	0.15	0.005	0.8096	unique	assigned
C14H27N3O4	[M + H]+	2-[[2-[(2-Amino-4-methylpentanoyl)amino]acetyl]amino]-3-methylpentanoic acid	CCC(C)C(C(=O)O)NC(=O)CNC(=O)C(CC(C)C)N	0.338	Amino acids and Peptides	Tripeptides	Carboxylic acids and derivatives		3334	EB-MSV000090464-gnps_ms2	transferred	2	302.2085	1.8							low_cosine
C22H39N5O6	[M + H]+	H-Leu-Gln-Pro-Ile-OH	CCC(C)C(C(=O)O)NC(=O)C1CCCN1C(=O)C(CCC(=O)N)NC(=O)C(CC(C)C)N	0.76	Amino acids and Peptides	Tripeptides	Carboxylic acids and derivatives	352.0	3337	EB-MSV000090464-gnps_ms2	transferred	1	470.2967	1.81	470.2969	1.80225	0.425	-0.008	1.0	unique	assigned
C14H23N3O5	[M + H]+	methyl (2S)-2-[[(2S)-2-[[(2S)-2-(2-methylprop-2-enoylamino)propanoyl]amino]propanoyl]amino]propanoate	CC(C(=O)NC(C)C(=O)OC)NC(=O)C(C)NC(=O)C(=C)C	0.213	Amino acids and Peptides	Tripeptides	Carboxylic acids and derivatives		3338	EB-MSV000090464-gnps_ms2	transferred	4	314.1716	1.81							low_cosine
C34H50N8O9	[M + H]+	H-Gly-Tyr-Lys-Tyr-Gly-Lys-OH	C1=CC(=CC=C1CC(C(=O)NC(CCCCN)C(=O)NC(CC2=CC=C(C=C2)O)C(=O)NCC(=O)NC(CCCCN)C(=O)O)NC(=O)CN)O	0.119	Amino acids and Peptides	Cyclic peptides	Carboxylic acids and derivatives	5145.0	3342	EB-MSV000090464-gnps_ms2	transferred	3	715.3755	1.81	715.3751	1.774	-0.559	-0.036	0.9999	unique	assigned
C23H38N6O5	[M + H]+	H-Ala-Lys-Ala-Ile-Ala-al	CCC(C)C(C(=O)NC(C)C=O)NC(=O)C(C)NC(=O)C(CCCCN)NC(=O)C(C)N	0.369	Amino acids and Peptides	Tripeptides	Carboxylic acids and derivatives	2926.0	3350	EB-MSV000090464-gnps_ms2	transferred	5	479.299	1.79	479.2987	1.675	-0.626	-0.115	0.9416	ms2_winner	assigned
C30H51N5O7	[M + Na]+	Trichodestruxin C	CC1CCN2C1C(=O)NC(C(=O)N(C(C(=O)N(C(C(=O)NCCC(=O)OC(C2=O)CC(C)C)C)C)C(C)C)C)C(C)C	0.463	Amino acids and Peptides	Cyclic peptides	Carboxylic acids and derivatives	2599.0	3357	EB-MSV000090464-gnps_ms2	transferred	2	616.3651	1.81	616.3649	1.7945	-0.324	-0.016	1.0	ms2_winner	assigned
C14H20N2O3	[M + H]+	2-(2-amino-3-methylbutanamido)-3-phenylpropanoic acid	CC(C)C(C(=O)NC(CC1=CC=CC=C1)C(=O)O)N	0.996	Amino acids and Peptides	Dipeptides	Carboxylic acids and derivatives		3359	EB-MSV000090464-gnps_ms2	transferred	3	265.1546	1.82							low_cosine
C34H38N4O11	[M + H]+	Tripeptide-based inhibitor, 14p	CC(C)C(C(=O)C(=O)NCC1=CC=CC=C1)NC(=O)C2CCCN2C(=O)C(C(C)C)NC(=O)CN3C=CC(=O)N(C3=O)CC(=O)O	0.08	Amino acids and Peptides	Tripeptides	Carboxylic acids and derivatives	4958.0	3362	EB-MSV000090464-gnps_ms2	transferred	1	679.2555	1.82	679.2553	1.807	-0.294	-0.013	0.9997	unique	assigned
C26H42N4O5	[M + Na]+	(3S,9S,14Ar)-9-Benzyl-6,6-Dimethyl-3-(6-Oxooctyl)Decahydro-Pyrrolo[1,2-A][1,4,7,10]Tetraazacyclododecine-1,4,7,10-Tetraone	CCC(=O)CCCCCC1C(=O)NC(C(=O)NC(C(=O)N2CCCC2C(=O)N1)CC3=CC=CC=C3)(C)C	0.284	Amino acids and Peptides	Cyclic peptides	Carboxylic acids and derivatives		3364	EB-MSV000090464-gnps_ms2	transferred	3	513.3033	1.83							low_cosine
C34H39N7O8	[M + H]+	Cotteslosin A	CC(C)C1C(=O)NC(C(=O)N(C(C(=O)NC(C(=O)N2CCCC2C(=O)N1)CC3=CC=C(C=C3)O)CC4=CC=C(C=C4)O)C)C(C)C	0.236	Amino acids and Peptides	Cyclic peptides	Carboxylic acids and derivatives	1816.0	3365	EB-MSV000090464-gnps_ms2	transferred	2	674.2953	1.82	674.2959	1.817	0.89	-0.003	0.8784	unique	assigned
C28H39N11O9	[M + H]+	Cotteslosin A	CC(C)C1C(=O)NC(C(=O)N(C(C(=O)NC(C(=O)N2CCCC2C(=O)N1)CC3=CC=C(C=C3)O)CC4=CC=C(C=C4)O)C)C(C)C	0.264	Amino acids and Peptides	Cyclic peptides	Carboxylic acids and derivatives	1816.0	3368	EB-MSV000090464-gnps_ms2	transferred	3	674.2987	1.82	674.2959	1.817	-4.152	-0.003	1.0	ms2_tie	assigned
C32H40N4O11	[M + H]+	Pseudoverticin	CC1CC(C(C(C=C(C(C(C=CC=C(C(=O)NC2=CC3(C(=C(C1)C2=O)OCO3)C(C)(C)O)C)OC)OC(=O)N)C)C)O)OC	0.068	Amino acids and Peptides	Depsipeptides	Carboxylic acids and derivatives	410.0	3371	EB-MSV000090464-gnps_ms2	transferred	1	657.271	1.82	657.2706	1.817	-0.609	-0.003	0.9999	unique	assigned
C46H65N5O16	[M + H]+	H-Leu-Ala-Cys-Phe-Val-Leu-Ala-Ala-Val-OH	CC(C)CC(C(=O)NC(C)C(=O)NC(CS)C(=O)NC(CC1=CC=CC=C1)C(=O)NC(C(C)C)C(=O)NC(CC(C)C)C(=O)NC(C)C(=O)NC(C)C(=O)NC(C(C)C)C(=O)O)N	0.141	Amino acids and Peptides	Cyclic peptides	Carboxylic acids and derivatives	2984.0	3372	EB-MSV000090464-gnps_ms2	transferred	1	944.4605	1.82	944.4602	1.818	-0.318	-0.002	0.9902	unique	assigned
C25H40N6O8	[M + H]+	H-Pro-Ala-Thr-Pro-Ala-Pro-OH	CC(C(C(=O)N1CCCC1C(=O)NC(C)C(=O)N2CCCC2C(=O)O)NC(=O)C(C)NC(=O)C3CCCN3)O	0.881	Amino acids and Peptides	Cyclic peptides	Carboxylic acids and derivatives		3374	EB-MSV000090464-gnps_ms2	transferred	2	553.2991	1.82							low_cosine
C34H54N4O6	[M + H]+	(2S)-2-[[(2S)-1-[(2S)-2-[[(2S)-2-(octadec-9-enoylamino)propanoyl]amino]propanoyl]pyrrolidine-2-carbonyl]amino]propanoic acid	CCCCCCCCC=CCCCCCCCC(=O)NC(C)C(=O)NC(C)C(=O)N1CCCC1C(=O)NC(C)C(=O)O	0.174	Amino acids and Peptides	Tripeptides	Carboxylic acids and derivatives	1793.0	3390	EB-MSV000090464-gnps_ms2	transferred	1	615.4077	1.82	615.4079	1.722	0.325	-0.098	0.9952	unique	assigned
C20H30N4O8	[M + H]+	tert-Butyloxycarbonyl-prolyl-aminosuccinyl-glycyl-alanine methyl ester	CC(C(=O)OC)N(C(=O)CN1C(=O)CCC1=O)N(C(=O)C2CCCN2)C(=O)OC(C)(C)C	0.058	Amino acids and Peptides	Tripeptides	Carboxylic acids and derivatives		3400	EB-MSV000090464-gnps_ms2	transferred	3	455.2155	1.82							low_cosine
C33H61N5O11	[M + K]+	N-[1-[(2,6-dimethyl-3-oxohept-1-en-4-yl)amino]-1-oxo-3-phenylpropan-2-yl]-4-methyl-2-[[2-[(2-morpholin-4-ylacetyl)amino]-4-phenylbutanoyl]amino]pentanamide	CC(C)CC(C(=O)C(=C)C)NC(=O)C(CC1=CC=CC=C1)NC(=O)C(CC(C)C)NC(=O)C(CCC2=CC=CC=C2)NC(=O)CN3CCOCC3	0.174	Amino acids and Peptides	Cyclic peptides	Carboxylic acids and derivatives	229.0	3407	EB-MSV000090464-gnps_ms2	transferred	3	742.3993	1.83	742.3954	1.724	-5.253	-0.106	0.7295	ms2_winner	assigned
C19H34N4O5	[M + H]+	2-[[1-[2-(2-Aminopropanoylamino)-3-methylbutanoyl]pyrrolidine-2-carbonyl]amino]-3-methylpentanoic acid	CCC(C)C(C(=O)O)NC(=O)C1CCCN1C(=O)C(C(C)C)NC(=O)C(C)N	0.765	Amino acids and Peptides	Tripeptides	Carboxylic acids and derivatives	1369.0	3409	EB-MSV000090464-gnps_ms2	transferred	3	399.2613	1.84	399.2615	1.833	0.501	-0.007	0.9088	ms2_winner	assigned
C21H37N5O7	[M + H]+	H-Thr-Val-Val-Pro-Gly-OH	CC(C)C(C(=O)NC(C(C)C)C(=O)N1CCCC1C(=O)NCC(=O)O)NC(=O)C(C(C)O)N	0.457	Amino acids and Peptides	Tripeptides	Carboxylic acids and derivatives	449.0	3412	EB-MSV000090464-gnps_ms2	transferred	6	472.2761	1.83	472.2759	1.833	-0.423	0.003	0.9999	ms2_winner	assigned
C13H25N3O4	[M + H]+	2-[[2-[(2-Amino-3-methylpentanoyl)amino]acetyl]amino]-3-methylbutanoic acid	CCC(C)C(C(=O)NCC(=O)NC(C(C)C)C(=O)O)N	0.824	Amino acids and Peptides	Tripeptides	Carboxylic acids and derivatives		3413	EB-MSV000090464-gnps_ms2	transferred	2	288.1925	1.82							low_cosine
C24H33N5O6	[M + H]+	(2S)-2-[[(2S)-1-[(2S)-2-[[(2S)-1-acetylpyrrolidine-2-carbonyl]amino]propanoyl]pyrrolidine-2-carbonyl]amino]-3-(4-hydroxyphenyl)propanimidate	CC(C(=O)N1CCCC1C(=O)NC(CC2=CC=C(C=C2)O)C(=O)N)NC(=O)C3CCCN3C(=O)C	0.441	Amino acids and Peptides	Tripeptides	Carboxylic acids and derivatives	1325.0	3423	EB-MSV000090464-gnps_ms2	transferred	3	488.2486	1.84	488.2502	2.261452	3.277	0.421	0.8995	ms2_winner	assigned
C24H48N6O9	[M + K]+	Trapoxin A	C1CCN2C(C1)C(=O)NC(C(=O)NC(C(=O)NC(C2=O)CC3=CC=CC=C3)CC4=CC=CC=C4)CCCCCC(=O)C5CO5	0.103	Amino acids and Peptides	Tripeptides	Carboxylic acids and derivatives	441.0	3424	EB-MSV000090464-gnps_ms2	transferred	4	603.3165	1.83	603.3178	1.832	2.155	0.002	1.0	ms2_tie	assigned
C28H46N8O10	[M + H]+	4-(2-amino-3-methylpentanamido)-4-{[1-({1-[(1-carbamoyl-2-hydroxypropyl)carbamoyl]-2-phenylethyl}carbamoyl)-2-phenylethyl]carbamoyl}butanoic acid	CCC(C)C(C(=O)NC(CCC(=O)O)C(=O)NC(CC1=CC=CC=C1)C(=O)NC(CC2=CC=CC=C2)C(=O)NC(C(C)O)C(=O)N)N	0.275	Amino acids and Peptides	Cyclic peptides	Carboxylic acids and derivatives	762.0	3425	EB-MSV000090464-gnps_ms2	transferred	2	655.3418	1.84	655.3415	1.8335	-0.458	-0.007	0.9999	ms2_winner	assigned
C29H42N6O10	[M + H]+	[(1R)-1-[[(2S)-2-[[(2S)-2-[[(2S)-2-[[(2S)-2-amino-4-methylsulfanylbutanoyl]amino]-3-phenylpropanoyl]amino]propanoyl]amino]-4-methylpentanoyl]amino]-2-methylpropyl]-trihydroxyboranuide	[B-](C(C(C)C)NC(=O)C(CC(C)C)NC(=O)C(C)NC(=O)C(CC1=CC=CC=C1)NC(=O)C(CCSC)N)(O)(O)O	0.093	Amino acids and Peptides	RiPPs	Carboxylic acids and derivatives	905.0	3445	EB-MSV000090464-gnps_ms2	transferred	1	635.303	1.85	635.3026	1.848	-0.63	-0.002	1.0	unique	assigned
C16H30N4O5	[M + H]+	2-[[5-Amino-2-[(2-amino-3-methylpentanoyl)amino]-5-oxopentanoyl]amino]-3-methylbutanoic acid	CCC(C)C(C(=O)NC(CCC(=O)N)C(=O)NC(C(C)C)C(=O)O)N	0.599	Amino acids and Peptides	Tripeptides	Carboxylic acids and derivatives	1469.0	3447	EB-MSV000090464-gnps_ms2	transferred	3	359.2286	1.85	359.2284	1.849	-0.557	-0.001	1.0	ms2_winner	assigned
C16H19N3O3	[M + H]+	Prolyltryptophan	C1CC(NC1)C(=O)NC(CC2=CNC3=CC=CC=C32)C(=O)O	0.873	Amino acids and Peptides	Dipeptides	Carboxylic acids and derivatives	1290.0	3449	EB-MSV000090464-gnps_ms2	transferred	4	302.1496	1.84	302.1506	1.83825	3.31	-0.002	1.0	ms2_winner	assigned
C32H50N6O10	[M + Na]+	Tyrosyl-threonyl-glycyl-phenylalanyl-leucyl-threonine	CC(C)CC(C(=O)NC(C(C)O)C(=O)O)NC(=O)C(CC1=CC=CC=C1)NC(=O)CNC(=O)C(C(C)O)NC(=O)C(CC2=CC=C(C=C2)O)N	0.194	Amino acids and Peptides	Lipopeptides	Carboxylic acids and derivatives	1827.0	3455	EB-MSV000090464-gnps_ms2	transferred	2	701.3472	1.85	701.3469	1.849	-0.428	-0.001	1.0	ms2_winner	assigned
C35H44N6O9	[M + H]+	Actinosynneptide A	CC=C1C(=O)NC2CCC(N(C2=O)C(C(=O)N(C(C(=O)NC(C(=O)NC(C(=O)N1)C(C)O)C)CC3=CC=C(C=C3)O)C)CC4=CC=CC=C4)O	0.21	Amino acids and Peptides	Cyclic peptides	Carboxylic acids and derivatives	589.0	3456	EB-MSV000090464-gnps_ms2	transferred	1	693.3221	1.85	693.3226	1.849	0.721	-0.001	1.0	unique	assigned
C25H38N10O8	[M + Na]+	3-(2-{[3-(2-carboxyethyl)-5-[(4-ethyl-3-methyl-5-oxo-2,5-dihydro-1H-pyrrol-2-yl)methyl]-4-methyl-1H-pyrrol-2-yl]methyl}-5-[(4-ethenyl-3-methyl-5-oxo-2,5-dihydro-1H-pyrrol-2-yl)methyl]-4-methyl-1H-pyrrol-3-yl)propanoic acid	CCC1=C(C(NC1=O)CC2=C(C(=C(N2)CC3=C(C(=C(N3)CC4C(=C(C(=O)N4)C=C)C)C)CCC(=O)O)CCC(=O)O)C)C	0.037	Amino acids and Peptides	Cyclic peptides	Carboxylic acids and derivatives	2928.0	3467	EB-MSV000090464-gnps_ms2	transferred	1	629.2764	1.86	629.277	1.849	0.953	-0.011	0.9999	unique	assigned
C29H33FN6O5	[M + H]+	H-Ala-N(Me)Leu-Tyr-Tyr-OH	CC(C)CC(C(=O)NC(CC1=CC=C(C=C1)O)C(=O)NC(CC2=CC=C(C=C2)O)C(=O)O)N(C)C(=O)C(C)N	0.213	Amino acids and Peptides	Tripeptides	Carboxylic acids and derivatives	992.0	3479	EB-MSV000090464-gnps_ms2	transferred	6	565.2599	1.85	565.2595	1.961758	-0.708	0.112	1.0	ms2_tie	assigned
C22H39N5O7	[M + H]+	H-Ala-Pro-Thr-Val-Val-OH	CC(C)C(C(=O)NC(C(C)C)C(=O)O)NC(=O)C(C(C)O)NC(=O)C1CCCN1C(=O)C(C)N	0.77	Amino acids and Peptides	Tripeptides	Carboxylic acids and derivatives		3486	EB-MSV000090464-gnps_ms2	transferred	3	486.2921	1.84							low_cosine
C45H60N6O14	[M + H]+	H-Ala-Ala-Pro-Ser-Asn-Phe-Ala-Thr-Met-OH	CC(C(C(=O)NC(CCSC)C(=O)O)NC(=O)C(C)NC(=O)C(CC1=CC=CC=C1)NC(=O)C(CC(=O)N)NC(=O)C(CO)NC(=O)C2CCCN2C(=O)C(C)NC(=O)C(C)N)O	0.251	Amino acids and Peptides	Cyclic peptides	Carboxylic acids and derivatives		3490	EB-MSV000090464-gnps_ms2	transferred	2	909.4189	1.84							low_cosine
C9H12N2O2	[M + H]+	2-(4,5,6,7-tetrahydro-1H-indazol-3-yl)acetic acid	C1CCC2=C(C1)C(=NN2)CC(=O)O	0.061	Amino acids and Peptides	Dipeptides	Carboxylic acids and derivatives	1851.0	3497	EB-MSV000090464-gnps_ms2	transferred	1	181.0976	1.86	181.0975	1.864	-0.552	0.004	0.9999	unique	assigned
C34H43N7O7	[M + H]+	H-Asp-Thr-Arg-Pro-Ala-Pro-al	CC(C(C(=O)NC(CCCN=C(N)N)C(=O)N1CCCC1C(=O)NC(C)C(=O)N2CCCC2C=O)NC(=O)C(CC(=O)O)N)O	0.165	Amino acids and Peptides	Tripeptides	Carboxylic acids and derivatives	498.0	3498	EB-MSV000090464-gnps_ms2	transferred	5	662.3259	1.84	662.3264	1.771	0.755	-0.069	0.9945	ms2_tie	assigned
C10H16N2O2S	[M + H]+	Cyclo(Pro-Met)	CSCCC1C(=O)N2CCCC2C(=O)N1	0.509	Amino acids and Peptides	Dipeptides	Carboxylic acids and derivatives	1695.0	3499	EB-MSV000090464-gnps_ms2	transferred	2	229.1005	1.86	229.1003	1.864	-0.873	0.004	1.0	unique	assigned
C13H21N3O5	[M + H]+	(2S)-5-oxo-5-[(2-oxopiperidin-3-yl)amino]-2-(propanoylamino)pentanoic acid	CCC(=O)NC(CCC(=O)NC1CCCNC1=O)C(=O)O	0.286	Amino acids and Peptides	Tripeptides	Carboxylic acids and derivatives	3413.0	3513	EB-MSV000090464-gnps_ms2	transferred	3	300.1563	1.87	300.1565	1.866	0.666	-0.004	1.0	ms2_tie	assigned
C18H30N4O5	[M + H]+	H-DL-Ala-DL-Val-DL-Pro-DL-Pro-OH	CC(C)C(C(=O)N1CCCC1C(=O)N2CCCC2C(=O)O)NC(=O)C(C)N	0.881	Amino acids and Peptides	Tripeptides	Carboxylic acids and derivatives	718.0	3516	EB-MSV000090464-gnps_ms2	transferred	2	383.2283	1.85	383.2278	1.722484	-1.305	-0.128	0.9907	ms2_winner	assigned
C48H71N9O15	[M + H]+	Ssa II	CCC(C)C(C(=O)NC(CC1=CN=CN1)C(=O)N(C)CC(=O)NC(CC2=CC=CC=C2)C(=O)O)NC(=O)C(CC3=CC=C(C=C3)O)NC(=O)C(C(C)C)NC(=O)C(CCCN=C(N)N)NC(=O)CNC	0.128	Amino acids and Peptides	Linear peptides	Carboxylic acids and derivatives	2242.0	3518	EB-MSV000090464-gnps_ms2	transferred	1	1014.5019	1.87	1014.502	1.867	0.099	-0.003	1.0	unique	assigned
C48H72N12O14	[M + H]+	H-Glu-Leu-Pro-Pro-Val-Lys-Ile-His-Cys-al	CCC(C)C(C(=O)NC(CC1=CN=CN1)C(=O)NC(CS)C=O)NC(=O)C(CCCCN)NC(=O)C(C(C)C)NC(=O)C2CCCN2C(=O)C3CCCN3C(=O)C(CC(C)C)NC(=O)C(CCC(=O)O)N	0.098	Amino acids and Peptides	Cyclic peptides	Carboxylic acids and derivatives	1106.0	3522	EB-MSV000090464-gnps_ms2	transferred	1	1041.5426	1.87	1041.5398	1.88	-2.688	0.01	1.0	unique	assigned
C18H28N4O9	[M + H]+	Ac-Asp-Val-Ala-Asp-al	CC(C)C(C(=O)NC(C)C(=O)NC(CC(=O)O)C=O)NC(=O)C(CC(=O)O)NC(=O)C	0.233	Amino acids and Peptides	Tripeptides	Carboxylic acids and derivatives	1823.0	3539	EB-MSV000090464-gnps_ms2	transferred	2	445.1916	1.87	445.1922	1.753	1.348	-0.117	0.9921	ms2_winner	assigned
C25H42N6O9	[M + H]+	H-Ala-Ala-Ala-Ala-Ala-Ala-Ala-Ala-al	CC(C=O)NC(=O)C(C)NC(=O)C(C)NC(=O)C(C)NC(=O)C(C)NC(=O)C(C)NC(=O)C(C)NC(=O)C(C)N	0.053	Amino acids and Peptides	Tripeptides	Carboxylic acids and derivatives		3541	EB-MSV000090464-gnps_ms2	transferred	2	571.3114	1.86							low_cosine
C36H55N11O10	[M + H]+	Rolloamide A	CCC(C)C1C(=O)NC(C(=O)N2CCCC2C(=O)NC(C(=O)N3CCCC3C(=O)NC(C(=O)N4CCCC4C(=O)N1)CC(C)C)C(C)C)CC5=CC=CC=C5	0.197	Amino acids and Peptides	Linear peptides	Carboxylic acids and derivatives	3396.0	3548	EB-MSV000090464-gnps_ms2	transferred	1	802.422	1.88	802.421	1.8805	-1.246	0.001	0.9548	unique	assigned
C11H18N2O4	[M + H]+	4-methyl-2-[(5-oxopyrrolidin-2-yl)formamido]pentanoic acid	CC(C)CC(C(=O)O)NC(=O)C1CCC(=O)N1	0.654	Amino acids and Peptides	Dipeptides	Carboxylic acids and derivatives	1326.0	3550	EB-MSV000090464-gnps_ms2	transferred	2	243.1343	1.88	243.1341	1.878051	-0.823	-0.002	0.9999	ms2_tie	assigned
C37H52N6O11	[M + H]+	cyclo[Sar-Phe-Leu-Pro-Tyr-N(Me)Leu]	CC(C)CC1C(=O)N2CCCC2C(=O)NC(C(=O)N(C(C(=O)N(CC(=O)NC(C(=O)N1)CC3=CC=CC=C3)C)CC(C)C)C)CC4=CC=C(C=C4)O	0.94	Amino acids and Peptides	Cyclic peptides	Carboxylic acids and derivatives	644.0	3552	EB-MSV000090464-gnps_ms2	transferred	1	757.3709	1.88	757.3718	1.88	1.188	0.0	1.0	unique	assigned
C49H61N7O10	[M + H]+	L-Phenylalaninamide, L-lysyl-L-threonyl-L-lysylglycyl-L-serylglycyl-L-phenylalanyl-	CC(C(C(=O)NC(CCCCN)C(=O)NCC(=O)NC(CO)C(=O)NCC(=O)NC(CC1=CC=CC=C1)C(=O)NC(CC2=CC=CC=C2)C(=O)N)NC(=O)C(CCCCN)N)O	0.172	Amino acids and Peptides	Cyclic peptides	Carboxylic acids and derivatives		3561	EB-MSV000090464-gnps_ms2	transferred	3	908.4491	1.88							low_cosine
C49H61N7O10	[M + H]+	L-Phenylalaninamide, L-lysyl-L-threonyl-L-lysylglycyl-L-serylglycyl-L-phenylalanyl-	CC(C(C(=O)NC(CCCCN)C(=O)NCC(=O)NC(CO)C(=O)NCC(=O)NC(CC1=CC=CC=C1)C(=O)NC(CC2=CC=CC=C2)C(=O)N)NC(=O)C(CCCCN)N)O	0.189	Amino acids and Peptides	Cyclic peptides	Carboxylic acids and derivatives		3575	EB-MSV000090464-gnps_ms2	transferred	3	908.4472	1.88							low_cosine
C30H40N4O8	[M + H]+	tert-butyl N-[(2S)-1-[[(2S)-1-[[(2S)-1-[[(2S)-1,5-diamino-5-oxo-1-sulfanylpentan-2-yl]amino]-4-methyl-1-oxopentan-2-yl]amino]-3-methyl-1-oxobutan-2-yl]amino]-1-oxopropan-2-yl]carbamate	CC(C)CC(C(=O)NC(CCC(=O)N)C(N)S)NC(=O)C(C(C)C)NC(=O)C(C)NC(=O)OC(C)(C)C	0.266	Amino acids and Peptides	Cyclic peptides	Carboxylic acids and derivatives	2689.0	3577	EB-MSV000090464-gnps_ms2	transferred	3	585.2901	1.89	585.2904	1.884	0.513	-0.006	1.0	unique	assigned
C18H27N5O5	[M + H]+	1-[6-Amino-2-[(2,5-diamino-5-oxopentanoyl)amino]hexanoyl]pyrrolidine-2-carboxylic acid	C1CC(N(C1)C(=O)C(CCCCN)NC(=O)C(CCC(=O)N)N)C(=O)O	0.449	Amino acids and Peptides	Tripeptides	Carboxylic acids and derivatives	4396.0	3585	EB-MSV000090464-gnps_ms2	transferred	3	394.2102	1.89	394.2097	1.896	-1.268	0.006	0.9999	ms2_winner	assigned
C24H42N6O8	[M + H]+	H-Val-Thr-Pro-Leu-Asn-OH	CC(C)CC(C(=O)NC(CC(=O)N)C(=O)O)NC(=O)C1CCCN1C(=O)C(C(C)O)NC(=O)C(C(C)C)N	0.671	Amino acids and Peptides	Tripeptides	Carboxylic acids and derivatives	3689.0	3586	EB-MSV000090464-gnps_ms2	transferred	4	543.314	1.89	543.3147	1.896	1.288	0.006	1.0	unique	assigned
C24H40N6O9S	[M + H]+	2-(1-(2-(2-(1-(2-(((Benzyloxy)carbonyl)amino)acetyl)pyrrolidine-2-carboxamido)acetamido)acetyl)pyrrolidine-2-carboxamido)propanoic acid	CC(C(=O)O)NC(=O)C1CCCN1C(=O)CNC(=O)CNC(=O)C2CCCN2C(=O)CNC(=O)OCC3=CC=CC=C3	0.203	Amino acids and Peptides	Tripeptides	Carboxylic acids and derivatives	3646.0	3587	EB-MSV000090464-gnps_ms2	transferred	2	589.2662	1.9	589.2662	1.897	0.0	-0.003	0.9998	unique	assigned
C29H41N3O8	[M + H]+	H-Ala-Ala-Ser-Lys(Me)-Asp-Ala-al	CC(C=O)NC(=O)C(CC(=O)O)NC(=O)C(CCCCNC)NC(=O)C(CO)NC(=O)C(C)NC(=O)C(C)N	0.16	Amino acids and Peptides	Tripeptides	Carboxylic acids and derivatives	64.0	3588	EB-MSV000090464-gnps_ms2	transferred	2	560.2955	1.89	560.295	1.88	-0.892	-0.01	1.0	unique	assigned
C48H62N14O11	[M + H]+	H-Ala-Pro-Gly-Asn-Phe-Leu-Gln-Ser-Arg-al	CC(C)CC(C(=O)NC(CCC(=O)N)C(=O)NC(CO)C(=O)NC(CCCN=C(N)N)C=O)NC(=O)C(CC1=CC=CC=C1)NC(=O)C(CC(=O)N)NC(=O)CNC(=O)C2CCCN2C(=O)C(C)N	0.117	Amino acids and Peptides	Cyclic peptides	Carboxylic acids and derivatives	2351.0	3597	EB-MSV000090464-gnps_ms2	transferred	1	1011.4743	1.89	1011.4755	1.896	1.186	0.006	0.9999	unique	assigned
C37H56N6O8	[M + H]+	tert-butyl N-[(3S,14S,17S)-14-[2-[[2-[[(1S)-2-(dimethylamino)-2-oxo-1-phenylethyl]amino]-2-oxoethyl]amino]-2-oxoacetyl]-2,16-dioxo-1,15-diazabicyclo[15.3.0]icosan-3-yl]carbamate	CC(C)(C)OC(=O)NC1CCCCCCCCCCC(NC(=O)C2CCCN2C1=O)C(=O)C(=O)NCC(=O)NC(C3=CC=CC=C3)C(=O)N(C)C	0.186	Amino acids and Peptides	Cyclic peptides	Carboxylic acids and derivatives	364.0	3607	EB-MSV000090464-gnps_ms2	transferred	1	713.419	1.9	713.4185	1.8975	-0.701	-0.002	0.9999	unique	assigned
C23H31N5O7	[M + H]+	1-[2-({1-[2-(2-aminoacetamido)-3-phenylpropanoyl]-4-hydroxypyrrolidin-2-yl}formamido)acetyl]pyrrolidine-2-carboxylic acid	C1CC(N(C1)C(=O)CNC(=O)C2CC(CN2C(=O)C(CC3=CC=CC=C3)NC(=O)CN)O)C(=O)O	0.879	Amino acids and Peptides	Tripeptides	Carboxylic acids and derivatives	4897.0	3611	EB-MSV000090464-gnps_ms2	transferred	4	490.2313	1.9	490.2316	1.879	0.612	-0.021	1.0	ms2_winner	assigned
C28H35N5O9	[M + H]+	H-DL-Tyr-DL-Pro-DL-Ser-DL-Tyr-Gly-OH	C1CC(N(C1)C(=O)C(CC2=CC=C(C=C2)O)N)C(=O)NC(CO)C(=O)NC(CC3=CC=C(C=C3)O)C(=O)NCC(=O)O	0.797	Amino acids and Peptides	Linear peptides	Carboxylic acids and derivatives	3847.0	3613	EB-MSV000090464-gnps_ms2	transferred	3	586.2517	1.9	586.2527	1.897	1.706	-0.003	0.9998	unique	assigned
C36H58N4O7	[M + H]+	Fusaristatin A	CCCCCCC(C)CCC=C(C)C=CC(=O)C(C)CCC1C(C(=O)NC(=C)C(=O)NCC(C(=O)NC(C(=O)O1)CCC(=O)N)C)C	0.08	Amino acids and Peptides	Cyclic peptides	Carboxylic acids and derivatives	4393.0	3623	EB-MSV000090464-gnps_ms2	transferred	1	659.4329	1.9	659.4339	1.911	1.516	0.011	1.0	unique	assigned
C15H29N3O5	[M + H]+	2-[[2-[(2-Amino-3-hydroxybutanoyl)amino]-3-methylpentanoyl]amino]-3-methylbutanoic acid	CCC(C)C(C(=O)NC(C(C)C)C(=O)O)NC(=O)C(C(C)O)N	0.358	Amino acids and Peptides	Tripeptides	Carboxylic acids and derivatives	162.0	3627	EB-MSV000090464-gnps_ms2	transferred	3	332.2175	1.91	332.2173	1.911	-0.602	0.001	0.9999	unique	assigned
C21H36N4O9	[M + H]+	H-D-Phe-Phe-Arg-Me	CC(=O)C(CCCN=C(N)N)NC(=O)C(CC1=CC=CC=C1)NC(=O)C(CC2=CC=CC=C2)N	0.247	Amino acids and Peptides	Tripeptides	Carboxylic acids and derivatives	7272.0	3632	EB-MSV000090464-gnps_ms2	transferred	2	489.2546	1.91	489.2537	1.91367	-1.84	0.004	0.9999	unique	assigned
C22H32N4O6	[M + H]+	H-DL-Tyr-DL-Pro-DL-Leu-Gly-OH	CC(C)CC(C(=O)NCC(=O)O)NC(=O)C1CCCN1C(=O)C(CC2=CC=C(C=C2)O)N	0.346	Amino acids and Peptides	Tripeptides	Carboxylic acids and derivatives	435.0	3634	EB-MSV000090464-gnps_ms2	transferred	5	449.2411	1.91	449.2416	1.912	1.113	0.002	1.0	ms2_tie	assigned
C18H32N4O5S	[M + H]+	2-[[1-[3-Phenyl-2-(pyrrolidine-2-carbonylamino)propanoyl]pyrrolidine-2-carbonyl]amino]acetic acid	C1CC(NC1)C(=O)NC(CC2=CC=CC=C2)C(=O)N3CCCC3C(=O)NCC(=O)O	0.764	Amino acids and Peptides	Cyclic peptides	Carboxylic acids and derivatives	6897.0	3635	EB-MSV000090464-gnps_ms2	transferred	4	417.2157	1.9	417.2147	2.04	-2.397	0.14	0.9259	ms2_tie	assigned
C24H40N6O9	[M + H]+	Z-Aib-Aib-Aib-L-Ala-OtBu	CC(C(=O)OC(C)(C)C)NC(=O)C(C)(C)NC(=O)C(C)(C)NC(=O)C(C)(C)NC(=O)OCC1=CC=CC=C1	0.03	Amino acids and Peptides	Cyclic peptides	Carboxylic acids and derivatives	6292.0	3636	EB-MSV000090464-gnps_ms2	transferred	5	557.2948	1.91	557.2955	1.889559	1.256	-0.02	1.0	ms2_tie	assigned
C22H39N5O6	[M + H]+	H-Leu-Gln-Pro-Ile-OH	CCC(C)C(C(=O)O)NC(=O)C1CCCN1C(=O)C(CCC(=O)N)NC(=O)C(CC(C)C)N	0.769	Amino acids and Peptides	Tripeptides	Carboxylic acids and derivatives	352.0	3639	EB-MSV000090464-gnps_ms2	transferred	1	470.2968	1.89	470.2969	1.80225	0.213	-0.088	0.9995	unique	assigned
C18H32N4O5S	[M + H]+	2-[[1-[3-Phenyl-2-(pyrrolidine-2-carbonylamino)propanoyl]pyrrolidine-2-carbonyl]amino]acetic acid	C1CC(NC1)C(=O)NC(CC2=CC=CC=C2)C(=O)N3CCCC3C(=O)NCC(=O)O	0.599	Amino acids and Peptides	Tripeptides	Carboxylic acids and derivatives	1178.0	3645	EB-MSV000090464-gnps_ms2	transferred	4	417.2166	1.91	417.2184	1.898	4.314	-0.012	0.9846	ms2_tie	assigned
C14H27N3O4	[M + H]+	2-[2-[(2-Amino-3-methylbutanoyl)amino]propanoylamino]-4-methylpentanoic acid	CC(C)CC(C(=O)O)NC(=O)C(C)NC(=O)C(C(C)C)N	0.488	Amino acids and Peptides	Tripeptides	Carboxylic acids and derivatives		3646	EB-MSV000090464-gnps_ms2	transferred	3	302.2085	1.91							low_cosine
C40H70N14O18	[M + H]+	GP100 Imdqvpfsv	CCC(C)C(C(=O)NC(CCSC)C(=O)NC(CC(=O)O)C(=O)NC(CCC(=O)N)C(=O)NC(C(C)C)C(=O)N1CCCC1C(=O)NC(CC2=CC=CC=C2)C(=O)NC(CO)C(=O)NC(C(C)C)C(=O)O)N	0.1	Amino acids and Peptides	RiPPs	Carboxylic acids and derivatives	4183.0	3652	EB-MSV000090464-gnps_ms2	transferred	2	1035.5118	1.91	1035.5111	1.912	-0.676	0.002	0.9999	unique	assigned
C13H20N2O7	[M + H]+	2-[(2-Acetamido-4-carboxybutanoyl)amino]-5-oxohexanoic acid	CC(=O)CCC(C(=O)O)NC(=O)C(CCC(=O)O)NC(=O)C	0.306	Amino acids and Peptides	Dipeptides	Carboxylic acids and derivatives	2232.0	3653	EB-MSV000090464-gnps_ms2	transferred	2	317.1354	1.91	317.1354	1.912	0.0	0.002	0.9998	unique	assigned
C4H4N2O3S	[M + Na]+	2-Methoxy-5-nitro-1,3-thiazole	COC1=NC=C(S1)[N+](=O)[O-]	0.137	Alkaloids	Imidazole alkaloids	Heteroaromatic compounds		3664	EB-MSV000090464-gnps_ms2	transferred	0	182.9857	1.92							no_match
C15H27N3O4	[M + H]+	2-[[1-(2-Amino-3-methylbutanoyl)pyrrolidine-2-carbonyl]amino]-3-methylbutanoic acid	CC(C)C(C(=O)N1CCCC1C(=O)NC(C(C)C)C(=O)O)N	0.541	Amino acids and Peptides	Tripeptides	Carboxylic acids and derivatives	1121.0	3665	EB-MSV000090464-gnps_ms2	transferred	2	314.2071	1.91	314.2067	1.919742	-1.273	0.01	1.0	ms2_winner	assigned
C20H34N4O5	[M + H]+	Pro-Val-Val-Pro	CC(C)C(C(=O)NC(C(C)C)C(=O)N1CCCC1C(=O)O)NC(=O)C2CCCN2	0.882	Amino acids and Peptides	Tripeptides	Carboxylic acids and derivatives	6836.0	3666	EB-MSV000090464-gnps_ms2	transferred	5	411.2611	1.9	411.2615	1.893	0.973	-0.007	1.0	ms2_winner	assigned
C48H67N15O12	[M + H]+	H-Gln-Pro-Glu-Pro-Leu-Glu-Lys-Pro-Ser-OH	CC(C)CC(C(=O)NC(CCC(=O)O)C(=O)NC(CCCCN)C(=O)N1CCCC1C(=O)NC(CO)C(=O)O)NC(=O)C2CCCN2C(=O)C(CCC(=O)O)NC(=O)C3CCCN3C(=O)C(CCC(=O)N)N	0.891	Amino acids and Peptides	Linear peptides	Polypeptides		3667	EB-MSV000090464-gnps_ms2	transferred	1	1046.5017	1.92							low_cosine
C16H29N3O6	[M + H]+	2-[[2-[(2-Amino-4-carboxybutanoyl)amino]-3-methylbutanoyl]amino]-4-methylpentanoic acid	CC(C)CC(C(=O)O)NC(=O)C(C(C)C)NC(=O)C(CCC(=O)O)N	0.677	Amino acids and Peptides	Tripeptides	Carboxylic acids and derivatives	1743.0	3677	EB-MSV000090464-gnps_ms2	transferred	6	360.2125	1.93	360.2125	2.041	0.0	0.111	0.8193	ms2_winner	assigned
C16H29N3O4	[M + H]+	Diprotin B	CC(C)CC(C(=O)O)NC(=O)C1CCCN1C(=O)C(C(C)C)N	0.924	Amino acids and Peptides	Tripeptides	Carboxylic acids and derivatives	224.0	3682	EB-MSV000090464-gnps_ms2	transferred	5	328.2235	1.92	328.2247	1.91127	3.656	-0.009	1.0	ms2_winner	assigned
C32H44N4O6S	[M + Na]+	3-[2-amino-3-(4-hydroxyphenyl)propanamido]-3-{[1-({[(1-carbamoyl-3-methylbutyl)carbamoyl]methyl}carbamoyl)-2-phenylethyl]carbamoyl}propanoic acid	CC(C)CC(C(=O)N)NC(=O)CNC(=O)C(CC1=CC=CC=C1)NC(=O)C(CC(=O)O)NC(=O)C(CC2=CC=C(C=C2)O)N	0.194	Amino acids and Peptides	Tripeptides	Carboxylic acids and derivatives	4850.0	3685	EB-MSV000090464-gnps_ms2	transferred	5	635.2866	1.92	635.2872	1.932	0.944	0.012	1.0	ms2_tie	assigned
C11H22N2O4	[M + K]+	6-amino-2-{[(tert-butoxy)carbonyl]amino}hexanoic acid	CC(C)(C)OC(=O)NC(CCCCN)C(=O)O	0.04	Amino acids and Peptides	Dipeptides	Carboxylic acids and derivatives		3691	EB-MSV000090464-gnps_ms2	transferred	2	285.1207	1.93							low_cosine
C20H36N4O6S	[M + H]+	Jm47	CC1C(=O)NC(C(=O)N2CCCC2C(=O)NC(C(=O)N1)C)CCCCCC(=O)C(C)O	0.276	Amino acids and Peptides	Tripeptides	Carboxylic acids and derivatives	3630.0	3693	EB-MSV000090464-gnps_ms2	transferred	4	461.2431	1.92	461.244	1.849	1.951	-0.071	0.9999	ms2_winner	assigned
C24H38N6O9	[M + H]+	H-Pro-Ser-Pro-Ser-Pro-Ser-al	C1CC(NC1)C(=O)NC(CO)C(=O)N2CCCC2C(=O)NC(CO)C(=O)N3CCCC3C(=O)NC(CO)C=O	0.385	Amino acids and Peptides	Cyclic peptides	Carboxylic acids and derivatives	1569.0	3700	EB-MSV000090464-gnps_ms2	transferred	2	555.2789	1.92	555.2792	1.927093	0.54	0.007	1.0	ms2_winner	assigned
C20H35N5O6	[M + H]+	2-[[(2S)-2-[[2-[[(2S)-1-[(2S)-2-amino-4-methylpentanoyl]pyrrolidine-2-carbonyl]amino]acetyl]amino]-3-methylbutanoyl]amino]acetic acid	CC(C)CC(C(=O)N1CCCC1C(=O)NCC(=O)NC(C(C)C)C(=O)NCC(=O)O)N	0.513	Amino acids and Peptides	Tripeptides	Carboxylic acids and derivatives	2699.0	3702	EB-MSV000090464-gnps_ms2	transferred	4	442.2664	1.92	442.2662	1.928	-0.452	0.008	0.9315	unique	assigned
C30H51N5O7	[M + Na]+	3-(butan-2-yl)-1,7,10-trihydroxy-5,9,21-trimethyl-16-(2-methylpropyl)-6-(propan-2-yl)-3H,4H,5H,6H,9H,12H,13H,14H,16H,17H,19H,20H,21H,21aH-pyrrolo[1,2-d]1-oxa-4,7,10,13,16-pentaazacyclononadecane-4,14,17-trione	CCC(C)C1C(=O)N(C(C(=O)NC(C(=O)NCCC(=O)OC(C(=O)N2CCC(C2C(=O)N1)C)CC(C)C)C)C(C)C)C	0.137	Amino acids and Peptides	Linear peptides	Carboxylic acids and derivatives	2079.0	3733	EB-MSV000090464-gnps_ms2	transferred	2	616.3653	1.93	616.3649	1.944	-0.649	0.014	0.9154	ms2_winner	assigned
C11H20N2O3	[M + H]+	4-methyl-2-[(pyrrolidin-2-yl)formamido]pentanoic acid	CC(C)CC(C(=O)O)NC(=O)C1CCCN1	0.855	Amino acids and Peptides	Dipeptides	Carboxylic acids and derivatives		3739	EB-MSV000090464-gnps_ms2	transferred	1	229.1545	1.92							no_ms2_candidate
C25H44N6O6	[M + K]+	N-{7-heptyl-4,9-dimethyl-8-[(3-methylbutanoyl)oxy]-2,6-dioxo-1,5-dioxonan-3-yl}-2-hydroxy-3-[(hydroxymethylidene)amino]benzene-1-carboximidic acid	CCCCCCCC1C(C(OC(=O)C(C(OC1=O)C)NC(=O)C2=C(C(=CC=C2)NC=O)O)C)OC(=O)CC(C)C	0.121	Amino acids and Peptides	Depsipeptides	Carboxylic acids and derivatives	6056.0	3750	EB-MSV000090464-gnps_ms2	transferred	3	563.296	1.94	563.295	1.932	-1.775	-0.008	0.9999	ms2_tie	assigned
C19H30N4O8	[M + H]+	H-Thr-Ile-Thr-Ser-OH	CCC(C)C(C(=O)NC(C(C)O)C(=O)NC(CO)C(=O)O)NC(=O)C(C(C)O)N	0.744	Amino acids and Peptides	Tripeptides	Carboxylic acids and derivatives	2154.0	3753	EB-MSV000090464-gnps_ms2	transferred	2	443.2155	1.95	443.2158	1.950923	0.677	0.001	0.9999	unique	assigned
C23H37N5O7	[M + H]+	Mullinamide A	CCC(C)C1C(=O)NC(C(=O)NC(C(=O)NCC(=O)N2CCCC2C(=O)N1)CCC(=O)O)C(C)C	0.253	Amino acids and Peptides	Tripeptides	Carboxylic acids and derivatives	4793.0	3759	EB-MSV000090464-gnps_ms2	transferred	2	496.2785	1.95	496.2787	1.920143	0.403	-0.03	1.0	unique	assigned
C15H23N3O7	[M + H]+	2-[[2-[(2-Azaniumyl-4-oxopentanoyl)amino]-4-oxopentanoyl]amino]-4-oxopentanoate	CC(=O)CC(C(=O)NC(CC(=O)C)C(=O)NC(CC(=O)C)C(=O)O)N	0.178	Amino acids and Peptides	Tripeptides	Carboxylic acids and derivatives	1392.0	3764	EB-MSV000090464-gnps_ms2	transferred	2	358.1621	1.95	358.1622	1.945	0.279	-0.005	1.0	ms2_winner	assigned
C23H38N6O7	[M + H]+	Prolyl-glycyl-alanyl-isoleucyl-prolyl-glycine	CCC(C)C(C(=O)N1CCCC1C(=O)NCC(=O)O)NC(=O)C(C)NC(=O)CNC(=O)C2CCCN2	0.843	Amino acids and Peptides	Cyclic peptides	Carboxylic acids and derivatives		3773	EB-MSV000090464-gnps_ms2	transferred	5	511.2882	1.96							low_cosine
C24H35N7O7	[M + H]+	Syringolin	CC(C)C1C=CC(=O)NCCCCC(C(=O)N1)NC(=O)C(C(C)C)NC(=O)NC(C(C)C)C(=O)O	0.33	Amino acids and Peptides	Tripeptides	Carboxylic acids and derivatives	1446.0	3775	EB-MSV000090464-gnps_ms2	transferred	6	534.2678	1.95	534.2694	1.936119	2.995	-0.014	1.0	ms2_tie	assigned
C28H46N6O11	[M + Na]+	3-methyl-2-[(1-{2-[(1-{3-phenyl-2-[(pyrrolidin-2-yl)formamido]propanoyl}pyrrolidin-2-yl)formamido]acetyl}pyrrolidin-2-yl)formamido]pentanoic acid	CCC(C)C(C(=O)O)NC(=O)C1CCCN1C(=O)CNC(=O)C2CCCN2C(=O)C(CC3=CC=CC=C3)NC(=O)C4CCCN4	0.753	Amino acids and Peptides	Cyclic peptides	Carboxylic acids and derivatives	906.0	3779	EB-MSV000090464-gnps_ms2	transferred	4	665.315	1.95	665.3188	1.960875	5.712	0.011	1.0	ms2_tie	assigned
C22H39N5O7	[M + H]+	H-Ala-Asp-Ala-Ile-Ile-al	CCC(C)C(C=O)NC(=O)C(C(C)CC)NC(=O)C(C)NC(=O)C(CC(=O)O)NC(=O)C(C)N	0.524	Amino acids and Peptides	Tripeptides	Carboxylic acids and derivatives	1052.0	3781	EB-MSV000090464-gnps_ms2	transferred	3	486.2916	1.96	486.2913	1.964584	-0.617	0.005	1.0	ms2_tie	assigned
C34H50N4O7	[M + H]+	1,4,8-tri-tert-butyl 11-benzoyl-1,4,8,11-tetraazacyclotetradecane-1,4,8-tricarboxylate	CC(C)(C)OC(=O)N1CCCN(CCN(CCCN(CC1)C(=O)OC(C)(C)C)C(=O)OC(C)(C)C)C(=O)C2=CC=CC=C2	0.014	Amino acids and Peptides	Cyclic peptides	Carboxylic acids and derivatives		3787	EB-MSV000090464-gnps_ms2	transferred	1	627.374	1.96							low_cosine
C36H52N6O12	[M + H]+	Cyclo(ile-2,3,4,5-tetrahydro-3-pyridazincecarbonyl-2,3,4,5-tetrahydro-3-pyridazinecarbonyl-N-Me-phe-pro-phe)	CCC(C)C1C(=O)N2C(CCC=N2)C(=O)N3C(CCC=N3)C(=O)N(C(C(=O)N4CCCC4C(=O)NC(C(=O)N1)CC5=CC=CC=C5)CC6=CC=CC=C6)C	0.417	Amino acids and Peptides	Cyclic peptides	Carboxylic acids and derivatives	1463.0	3790	EB-MSV000090464-gnps_ms2	transferred	4	761.3818	1.96	761.3808	1.971111	-1.313	0.011	1.0	ms2_winner	assigned
C13H21N3O5	[M + H]+	(2S)-5-oxo-5-[(2-oxopiperidin-3-yl)amino]-2-(propanoylamino)pentanoic acid	CCC(=O)NC(CCC(=O)NC1CCCNC1=O)C(=O)O	0.42	Amino acids and Peptides	Tripeptides	Carboxylic acids and derivatives	3401.0	3795	EB-MSV000090464-gnps_ms2	transferred	3	300.1563	1.95	300.1564	1.84155	0.333	-0.108	0.9897	ms2_winner	assigned
C25H42N4O8	[M + K]+	[(4S)-4-[[(2S)-2-[[(2R)-2-acetamido-3-phenylpropanoyl]amino]-3-phenylpropanoyl]amino]-5,5-dihydroxyhexyl]-(diaminomethylidene)azanium	CC(=O)NC(CC1=CC=CC=C1)C(=O)NC(CC2=CC=CC=C2)C(=O)NC(CCCN=C(N)N)C(C)(O)O	0.136	Amino acids and Peptides	Cyclic peptides	Carboxylic acids and derivatives	992.0	3798	EB-MSV000090464-gnps_ms2	transferred	6	565.2613	1.96	565.2595	1.961758	-3.184	0.002	0.9997	ms2_tie	assigned
C24H33N5O6	[M + H]+	(2S)-2-[[(2S)-1-[(2S)-2-[[(2S)-1-acetylpyrrolidine-2-carbonyl]amino]propanoyl]pyrrolidine-2-carbonyl]amino]-3-(4-hydroxyphenyl)propanimidate	CC(C(=O)N1CCCC1C(=O)NC(CC2=CC=C(C=C2)O)C(=O)N)NC(=O)C3CCCN3C(=O)C	0.372	Amino acids and Peptides	Tripeptides	Carboxylic acids and derivatives		3802	EB-MSV000090464-gnps_ms2	transferred	2	488.2487	1.97							low_cosine
C12H24N2O3	[M + H]+	Leu-Leu	CC(C)CC(C(=O)NC(CC(C)C)C(=O)O)N	0.705	Amino acids and Peptides	Dipeptides	Carboxylic acids and derivatives	640.0	3803	EB-MSV000090464-gnps_ms2	transferred	6	245.186	1.97	245.186	1.988053	0.0	0.018	1.0	ms2_tie	assigned
C36H44N8O6	[M + H]+	methyl N-[(2S)-1-[(2S)-2-[5-[4-[2-[(2S)-1-[(2S)-2-(methoxycarbonylamino)-3-methylbutanoyl]pyrrolidin-2-yl]-3H-benzimidazol-5-yl]buta-1,3-diynyl]-1H-imidazol-2-yl]pyrrolidin-1-yl]-3-methyl-1-oxobutan-2-yl]carbamate	CC(C)C(C(=O)N1CCCC1C2=NC3=C(N2)C=C(C=C3)C#CC#CC4=CN=C(N4)C5CCCN5C(=O)C(C(C)C)NC(=O)OC)NC(=O)OC	0.061	Amino acids and Peptides	Cyclic peptides	Carboxylic acids and derivatives		3804	EB-MSV000090464-gnps_ms2	transferred	4	685.3484	1.97							low_cosine
C9H12N2O2	[M + H]+	N'-Acetyl-4-(hydroxymethyl)phenylhydrazine	CC(=O)NNC1=CC=C(C=C1)CO	0.031	Alkaloids	Dipeptides			3805	EB-MSV000090464-gnps_ms2	transferred	1	181.0974	1.98							low_cosine
C27H43N7O8	[M + H]+	Boc-Leu-Pro-Lys(Boc)-NH2	CC(C)CC(C(=O)N1CCCC1C(=O)NC(CCCCNC(=O)OC(C)(C)C)C(=O)N)NC(=O)OC(C)(C)C	0.3	Amino acids and Peptides	Tripeptides	Carboxylic acids and derivatives	2695.0	3817	EB-MSV000090464-gnps_ms2	transferred	1	594.327	1.98	594.3255	1.989968	-2.524	0.01	1.0	unique	assigned
C30H49N7O12	[M + H]+	H-Gly-Ala-Glu-Glu-Pro-Val-Val-OH	CC(C)C(C(=O)NC(C(C)C)C(=O)O)NC(=O)C1CCCN1C(=O)C(CCC(=O)O)NC(=O)C(CCC(=O)O)NC(=O)C(C)NC(=O)CN	0.421	Amino acids and Peptides	Tripeptides	Carboxylic acids and derivatives	1253.0	3826	EB-MSV000090464-gnps_ms2	transferred	2	700.3537	1.97	700.3533	1.986679	-0.571	0.017	1.0	unique	assigned
C84H94N6O10	[M + H]+		CC(=O)OC1CCC23C4CC=CC2C5=CNC=C5C(C#CCC3=CC=C4)C(C6=CCNC(=C6)N(C7=CC=C8C(C92CCC3(C9)CCC(C3)CC(CCC3=CC(=CC(=C3)OC3=C(C=C(C=C3OC)C(CC(=O)C1)N1C=C7C8=C1C2)O)O)CO)O)CCC(=O)C1CCCCC1)C1=CC(=CC=C1)O	0.055	Amino acids and Peptides	Cyclic peptides	Carboxylic acids and derivatives	2481.0	3829	EB-MSV000090464-gnps_ms2	transferred	1	1347.6992	1.99	1347.6987	2.009	-0.371	0.019	0.9992	unique	assigned
C19H34N4O5	[M + H]+	2-[[1-[2-(2-Aminopropanoylamino)-3-methylbutanoyl]pyrrolidine-2-carbonyl]amino]-3-methylpentanoic acid	CCC(C)C(C(=O)O)NC(=O)C1CCCN1C(=O)C(C(C)C)NC(=O)C(C)N	0.762	Amino acids and Peptides	Tripeptides	Carboxylic acids and derivatives	1369.0	3832	EB-MSV000090464-gnps_ms2	transferred	3	399.2614	1.96	399.2615	1.833	0.25	-0.127	1.0	ms2_winner	assigned
C21H36N2O4S	[M + Na]+	H-Pro-Gly-Val-Tyr-OH	CC(C)C(C(=O)NC(CC1=CC=C(C=C1)O)C(=O)O)NC(=O)CNC(=O)C2CCCN2	0.095	Amino acids and Peptides	Cyclic peptides	Carboxylic acids and derivatives	1840.0	3839	EB-MSV000090464-gnps_ms2	transferred	3	435.2278	1.98	435.2278	1.989856	0.0	0.01	1.0	unique	assigned
C18H32N4O6	[M + H]+	H-DL-Ala-DL-Leu-DL-xiThr-DL-Pro-OH	CC(C)CC(C(=O)NC(C(C)O)C(=O)N1CCCC1C(=O)O)NC(=O)C(C)N	0.538	Amino acids and Peptides	Cyclic peptides	Carboxylic acids and derivatives	2543.0	3840	EB-MSV000090464-gnps_ms2	transferred	3	401.2398	1.98	401.2397	1.959	-0.249	-0.021	1.0	ms2_winner	assigned
C23H38N6O5	[M + H]+	H-Ala-Lys-Ala-Ile-Ala-al	CCC(C)C(C(=O)NC(C)C=O)NC(=O)C(C)NC(=O)C(CCCCN)NC(=O)C(C)N	0.359	Amino acids and Peptides	Tripeptides	Carboxylic acids and derivatives		3841	EB-MSV000090464-gnps_ms2	transferred	5	479.299	1.98							low_cosine
C16H21N3O4	[M + H]+	2-[[1-(2-Aminoacetyl)pyrrolidine-2-carbonyl]amino]-3-phenylpropanoic acid	C1CC(N(C1)C(=O)CN)C(=O)NC(CC2=CC=CC=C2)C(=O)O	0.955	Amino acids and Peptides	Dipeptides	Carboxylic acids and derivatives	158.0	3847	EB-MSV000090464-gnps_ms2	transferred	1	320.1616	1.97	320.1621	1.969352	1.562	-0.001	0.9998	unique	assigned
C15H29N3O5	[M + H]+	2-[[2-[(2-Amino-3-methylpentanoyl)amino]-3-hydroxybutanoyl]amino]-3-methylbutanoic acid	CCC(C)C(C(=O)NC(C(C)O)C(=O)NC(C(C)C)C(=O)O)N	0.473	Amino acids and Peptides	Tripeptides	Carboxylic acids and derivatives	162.0	3851	EB-MSV000090464-gnps_ms2	transferred	4	332.2175	1.98	332.2173	1.911	-0.602	-0.069	0.7333	unique	assigned
C46H54N8O10	[M + H]+	Boc-Tyr(tBu)-D-Orn(1)-Tyr(Bn)-Pro-Gly-(1)	CC(C)(C)OC1=CC=C(C=C1)CC(C(=O)NC2CCCNC(=O)CNC(=O)C3CCCN3C(=O)C(NC2=O)CC4=CC=C(C=C4)OCC5=CC=CC=C5)NC(=O)OC(C)(C)C	0.92	Amino acids and Peptides	Cyclic peptides	Carboxylic acids and derivatives	3574.0	3860	EB-MSV000090464-gnps_ms2	transferred	1	879.3985	1.99	879.3985	1.978	0.0	-0.012	1.0	unique	assigned
C30H39N5O7	[M + H]+	2-{2-[2-({1-[2-(2-aminoacetamido)propanoyl]pyrrolidin-2-yl}formamido)propanamido]-3-phenylpropanamido}-3-methylbutanamide	CC(C)C(C(=O)N)NC(=O)C(CC1=CC=CC=C1)NC(=O)C(C)NC(=O)C2CCCN2C(=O)C(C)NC(=O)CN	0.819	Amino acids and Peptides	Tripeptides	Carboxylic acids and derivatives	2869.0	3861	EB-MSV000090464-gnps_ms2	transferred	2	582.2947	2.0	582.2944	2.042	-0.515	0.042	0.9949	ms2_tie	assigned
C34H46N6O7	[M + H]+		CC1=C(C(=CC=C1)C)OCC(=O)NC(CC2=CC=CC=C2)C(CC(CC3=CC=CC=C3)NC(=O)C(C(C)C)N4CCCNC4=O)O	0.436	Amino acids and Peptides	Cyclic peptides	Carboxylic acids and derivatives	5339.0	3864	EB-MSV000090464-gnps_ms2	transferred	1	651.3492	1.99	651.3511	1.99435	2.917	0.004	0.9999	unique	assigned
C32H42N6O8	[M + Na]+	6,9-dibenzyl-12-(butan-2-yl)-3,15-bis(hydroxymethyl)-1,4,7,10,13,16-hexaazacyclooctadecane-2,5,8,11,14,17-hexone	CCC(C)C1C(=O)NC(C(=O)NC(C(=O)NC(C(=O)NCC(=O)NC(C(=O)N1)CO)CO)CC2=CC=CC=C2)CC3=CC=CC=C3	0.189	Amino acids and Peptides	Cyclic peptides	Carboxylic acids and derivatives	7405.0	3877	EB-MSV000090464-gnps_ms2	transferred	1	661.293	1.99	661.2932	1.968	0.302	-0.022	1.0	unique	assigned
C16H21N3O4	[M + Na]+	L-isoserine-L-valine-L-valine (16f)	CC(C)C(C(=O)NC(C(C)C)C(=O)O)NC(=O)C(CN)O	0.127	Amino acids and Peptides	Dipeptides	Carboxylic acids and derivatives	2325.0	3878	EB-MSV000090464-gnps_ms2	transferred	1	342.1434	1.99	342.1435	1.972	0.292	-0.018	1.0	unique	assigned
C34H45N7O9	[M + H]+	H-Ala-Thr-Thr-Thr-Thr-Thr-Thr-OH	CC(C(C(=O)NC(C(C)O)C(=O)NC(C(C)O)C(=O)NC(C(C)O)C(=O)NC(C(C)O)C(=O)NC(C(C)O)C(=O)O)NC(=O)C(C)N)O	0.829	Amino acids and Peptides	Linear peptides	Carboxylic acids and derivatives	1732.0	3883	EB-MSV000090464-gnps_ms2	transferred	2	696.3358	1.99	696.3354	2.009	-0.574	0.019	1.0	unique	assigned
C28H45N7O10	[M + H]+	L-Threonylglycyl-L-valyl-L-threonyl-L-alanyl-L-valyl-L-alanine	CC(C)C(C(=O)NC(C(C)O)C(=O)NC(C)C(=O)NC(C(C)C)C(=O)NC(C)C(=O)O)NC(=O)CNC(=O)C(C(C)O)N	0.218	Amino acids and Peptides	Cyclic peptides	Carboxylic acids and derivatives	659.0	3884	EB-MSV000090464-gnps_ms2	transferred	1	640.3291	1.98	640.3296	1.9625	0.781	-0.018	0.9999	unique	assigned
C31H40O5	[M + H3N + H]+	4-(trans-4-Propylcyclohexyl)phenyl 4-((6-(acryloyloxy)hexyl)oxy)benzoate	CCCC1CCC(CC1)C2=CC=C(C=C2)OC(=O)C3=CC=C(C=C3)OCCCCCCOC(=O)C=C	0.163	Terpenoids	Chalcones	Organooxygen compounds	4140.0	3896	EB-MSV000090464-gnps_ms2	transferred	2	510.3282	1.99	510.3282	2.009	0.0	0.019	1.0	unique	assigned
C28H45N7O10	[M + H]+	2-({1-[2-(2-aminoacetamido)propanoyl]pyrrolidin-2-yl}formamido)-N-{1-[(1-carbamoyl-2-methylpropyl)carbamoyl]-2-phenylethyl}-4-methylpentanamide	CC(C)CC(C(=O)NC(CC1=CC=CC=C1)C(=O)NC(C(C)C)C(=O)N)NC(=O)C2CCCN2C(=O)C(C)NC(=O)CN	0.479	Amino acids and Peptides	Cyclic peptides	Carboxylic acids and derivatives	4002.0	3898	EB-MSV000090464-gnps_ms2	transferred	1	640.3225	2.0	640.321	1.96931	-2.343	-0.031	1.0	unique	assigned
C37H42N4O6	[M + H]+	Nocardamin	C1CCNC(=O)CCC(=O)N(CCCCCNC(=O)CCC(=O)N(CCCCCNC(=O)CCC(=O)N(CC1)O)O)O	0.088	Amino acids and Peptides	Tripeptides	Carboxylic acids and derivatives	1797.0	3901	EB-MSV000090464-gnps_ms2	transferred	2	639.3159	1.99	639.3162	1.976	0.469	-0.014	0.9999	unique	assigned
C24H33N5O7	[M + H]+	H-DL-Tyr-DL-Pro-DL-Pro-DL-Gln-OH	C1CC(N(C1)C(=O)C2CCCN2C(=O)C(CC3=CC=C(C=C3)O)N)C(=O)NC(CCC(=O)N)C(=O)O	0.576	Amino acids and Peptides	Tripeptides	Carboxylic acids and derivatives	440.0	3911	EB-MSV000090464-gnps_ms2	transferred	3	504.247	2.0	504.2477	2.01	1.388	0.01	1.0	unique	assigned
C5H6Cl2NO2	[M + H]+	1,1-Dioxo-1,2-thiazole-4-carboxamide	C1=C(C=NS1(=O)=O)C(=O)N	0.081	Alkaloids	Imidazole alkaloids	Azacyclic compounds		3914	EB-MSV000090464-gnps_ms2	transferred	0	182.9856	1.99							no_match
C40H43N5O7	[M + H]+	H-Asn-Phe-Val-Phe-Gly-Thr-OH	CC(C)C(C(=O)NC(CC1=CC=CC=C1)C(=O)NCC(=O)NC(C(C)O)C(=O)O)NC(=O)C(CC2=CC=CC=C2)NC(=O)C(CC(=O)N)N	0.257	Amino acids and Peptides	Linear peptides	Carboxylic acids and derivatives	467.0	3918	EB-MSV000090464-gnps_ms2	transferred	2	706.3242	2.0	706.324	2.00912	-0.283	0.009	0.9999	ms2_tie	assigned
C25H35N5O5S	[M + H]+	2-(1-{[(3-{[1-carbamoyl-2-(4-methoxyphenyl)ethyl]carbamoyl}-5,6-dihydroxycyclohex-2-en-1-yl)carbamoyl]methyl}cyclopentyl)acetic acid	COC1=CC=C(C=C1)CC(C(=O)N)NC(=O)C2=CC(C(C(C2)O)O)NC(=O)CC3(CCCC3)CC(=O)O	0.184	Amino acids and Peptides	Tripeptides	Carboxylic acids and derivatives	1197.0	3919	EB-MSV000090464-gnps_ms2	transferred	2	518.2467	2.0	518.2469	1.999	0.386	-0.001	1.0	unique	assigned
C24H34N4O6S	[M + H]+	Asterriquinone Ct4	CC(=CCC1=C2C(=CC=C1)C(=CN2)C3=C(C(=O)C(=C(C3=O)O)C4=CNC5=C(C=CC=C45)CC=C(C)C)O)C	0.069	Amino acids and Peptides	Dipeptides	Carboxylic acids and derivatives	5233.0	3929	EB-MSV000090464-gnps_ms2	transferred	2	507.2289	1.99	507.2254	1.965	-6.9	-0.025	1.0	ms2_winner	assigned
C13H22FN3O4	[M + H]+	2-[2-amino-3-(1H-indol-3-yl)propanamido]-3-methylbutanoic acid	CC(C)C(C(=O)O)NC(=O)C(CC1=CNC2=CC=CC=C21)N	0.934	Amino acids and Peptides	Dipeptides	Carboxylic acids and derivatives	1614.0	3937	EB-MSV000090464-gnps_ms2	transferred	1	304.1664	2.0	304.1665	2.025	0.329	0.025	1.0	unique	assigned
C21H37N5O6	[M + H]+	gln-leu-val-pro	CC(C)CC(C(=O)NC(C(C)C)C(=O)N1CCCC1C(=O)O)NC(=O)C(CCC(=O)N)N	0.761	Amino acids and Peptides	Tripeptides	Carboxylic acids and derivatives	1296.0	3939	EB-MSV000090464-gnps_ms2	transferred	7	456.282	2.01	456.2817	2.024	-0.657	0.014	1.0	ms2_winner	assigned
C34H43N7O7	[M + H]+	Apicidin	CCC(C)C1C(=O)N2CCCCC2C(=O)NC(C(=O)NC(C(=O)N1)CC3=CN(C4=CC=CC=C43)OC)CCCCCC(=O)CC	0.089	Amino acids and Peptides	Cyclic peptides	Carboxylic acids and derivatives		3941	EB-MSV000090464-gnps_ms2	transferred	5	662.3261	2.0							low_cosine
C21H32N4O10	[M + H]+	Dehydrosinefungin V	CC(C)C(C(=O)O)NC(=O)C(CCC(C=C1C(C(C(O1)N2C=NC3=C(N=CN=C32)N)O)O)N)N	0.104	Amino acids and Peptides	Dipeptides	Carboxylic acids and derivatives	459.0	3952	EB-MSV000090464-gnps_ms2	transferred	2	501.2186	2.0	501.2173	2.009	-2.594	0.009	0.9999	ms2_tie	assigned
C25H42N6O9S	[M + H]+	3-[2-({1-[2-(2-aminoacetamido)-4-methylpentanoyl]pyrrolidin-2-yl}formamido)-3-sulfanylpropanamido]-4-{[(tert-butoxy)carbonyl]oxy}-4-oxobutanamide	CC(C)CC(C(=O)N1CCCC1C(=O)NC(CS)C(=O)NC(CC(=O)N)C(=O)OC(=O)OC(C)(C)C)NC(=O)CN	0.679	Amino acids and Peptides	Tripeptides	Carboxylic acids and derivatives	1529.0	3956	EB-MSV000090464-gnps_ms2	transferred	2	603.281	2.02	603.2808	2.039	-0.332	0.019	0.9771	unique	assigned
C16H29N3O4	[M + H]+	Diprotin B	CC(C)CC(C(=O)O)NC(=O)C1CCCN1C(=O)C(C(C)C)N	0.881	Amino acids and Peptides	Dipeptides	Carboxylic acids and derivatives	357.0	3969	EB-MSV000090464-gnps_ms2	transferred	5	328.2231	1.99	328.2224	2.0095	-2.133	0.02	0.9066	ms2_winner	assigned
C27H32N4O7	[M + H]+	H-DL-Asp-DL-Phe-DL-Pro-DL-Phe-OH	C1CC(N(C1)C(=O)C(CC2=CC=CC=C2)NC(=O)C(CC(=O)O)N)C(=O)NC(CC3=CC=CC=C3)C(=O)O	0.167	Amino acids and Peptides	Tripeptides	Carboxylic acids and derivatives	2223.0	3970	EB-MSV000090464-gnps_ms2	transferred	1	525.2321	2.01	525.2332	2.026	2.094	0.016	0.9608	unique	assigned
C32H47N7O9	[M + H]+	(2S)-N-[(2S,4R)-5-amino-3,3,4-trihydroxy-4-methyl-1-(4-methylcyclohexyl)pentan-2-yl]-3-(4-methoxyphenyl)-2-[[(2S)-2-[(2-morpholin-4-ylacetyl)amino]propanoyl]amino]propanamide	CC1CCC(CC1)CC(C(C(C)(CN)O)(O)O)NC(=O)C(CC2=CC=C(C=C2)OC)NC(=O)C(C)NC(=O)CN3CCOCC3	0.07	Amino acids and Peptides	Tripeptides	Carboxylic acids and derivatives	9.0	3975	EB-MSV000090464-gnps_ms2	transferred	3	674.3542	2.01	674.3536	2.011	-0.89	0.001	1.0	ms2_winner	assigned
C18H32N4O6S	[M + H]+	H-DL-Tyr-DL-Pro-Gly-DL-Pro-OH	C1CC(N(C1)C(=O)CNC(=O)C2CCCN2C(=O)C(CC3=CC=C(C=C3)O)N)C(=O)O	0.419	Amino acids and Peptides	Cyclic peptides	Carboxylic acids and derivatives	338.0	3976	EB-MSV000090464-gnps_ms2	transferred	3	433.2111	2.01	433.2116	1.9942	1.154	-0.016	0.9998	ms2_winner	assigned
C23H26N4O6	[M + H]+	benzyl 2-({1-[(carbamoylmethyl)carbamoyl]-3-methylbutyl}carbamoyl)-5-oxopyrrolidine-1-carboxylate	CC(C)CC(C(=O)NCC(=O)N)NC(=O)C1CCC(=O)N1C(=O)OCC2=CC=CC=C2	0.134	Amino acids and Peptides	Tripeptides	Carboxylic acids and derivatives		3992	EB-MSV000090464-gnps_ms2	transferred	2	455.1933	2.02							low_cosine
C37H49N7O10	[M + H]+	3,18-dibenzyl-6-methyl-15-(2-methylpropyl)-1,4,7,13,16,19,22-heptaazatricyclo[22.3.0.0⁹,¹³]heptacosane-2,5,8,14,17,20,23-heptone	CC1C(=O)NC(C(=O)N2CCCC2C(=O)NCC(=O)NC(C(=O)NC(C(=O)N3CCCC3C(=O)N1)CC(C)C)CC4=CC=CC=C4)CC5=CC=CC=C5	0.53	Amino acids and Peptides	Cyclic peptides	Carboxylic acids and derivatives	4317.0	3993	EB-MSV000090464-gnps_ms2	transferred	2	752.3654	2.01	752.3657	1.992	0.399	-0.018	0.9999	unique	assigned
C50H79N11O14	[M + H]+	H-Val-Val-Arg-Pro-Gly-Ser-Leu-Asp-Leu-Pro-al	CC(C)CC(C(=O)NC(CC(=O)O)C(=O)NC(CC(C)C)C(=O)N1CCCC1C=O)NC(=O)C(CO)NC(=O)CNC(=O)C2CCCN2C(=O)C(CCCN=C(N)N)NC(=O)C(C(C)C)NC(=O)C(C(C)C)N	0.757	Amino acids and Peptides	Cyclic peptides	Carboxylic acids and derivatives	540.0	3997	EB-MSV000090464-gnps_ms2	transferred	2	1058.5869	2.02	1058.5969	2.0385	9.447	0.018	1.0	ms2_tie	assigned
C23H31N5O7	[M + H]+	1-[2-({1-[2-(2-aminoacetamido)-3-phenylpropanoyl]-4-hydroxypyrrolidin-2-yl}formamido)acetyl]pyrrolidine-2-carboxylic acid	C1CC(N(C1)C(=O)CNC(=O)C2CC(CN2C(=O)C(CC3=CC=CC=C3)NC(=O)CN)O)C(=O)O	0.93	Amino acids and Peptides	Tripeptides	Carboxylic acids and derivatives	8068.0	4001	EB-MSV000090464-gnps_ms2	transferred	4	490.2317	2.02	490.2318	1.99375	0.204	-0.026	0.9999	ms2_winner	assigned
C16H29N3O6	[M + H]+	2-[[2-[(2-Amino-4-carboxybutanoyl)amino]-3-methylbutanoyl]amino]-4-methylpentanoic acid	CC(C)CC(C(=O)O)NC(=O)C(C(C)C)NC(=O)C(CCC(=O)O)N	0.678	Amino acids and Peptides	Tripeptides	Carboxylic acids and derivatives	1743.0	4004	EB-MSV000090464-gnps_ms2	transferred	6	360.2124	2.02	360.2125	2.041	0.278	0.021	1.0	ms2_winner	assigned
C10H18N2O3	[M + H]+	3-methyl-2-[(pyrrolidin-2-yl)formamido]butanoic acid	CC(C)C(C(=O)O)NC(=O)C1CCCN1	0.998	Amino acids and Peptides	Dipeptides	Carboxylic acids and derivatives	710.0	4005	EB-MSV000090464-gnps_ms2	transferred	3	215.1396	2.04	215.1397	2.056	0.465	0.016	1.0	ms2_tie	assigned
C31H35N3O7	[M + H]+	(2S)-1-[(2S)-2-amino-3-phenylpropanoyl]-N-[(2S)-1-(cyclohexa-1,5-diene-1-carbonylamino)-5-(diaminomethylideneamino)-1-oxopentan-2-yl]pyrrolidine-2-carboxamide	C1CC(N(C1)C(=O)C(CC2=CC=CC=C2)N)C(=O)NC(CCCN=C(N)N)C(=O)NC(=O)C3=CCCC=C3	0.795	Amino acids and Peptides	Cyclic peptides	Carboxylic acids and derivatives	344.0	4008	EB-MSV000090464-gnps_ms2	transferred	3	562.2566	2.02	562.2562	2.026	-0.711	0.006	0.9999	ms2_tie	assigned
C50H79N11O14	[M + H]+	H-Leu-Leu-Phe-Gly-Nle-Pro-Val-Tyr-Val-OH	CCCCC(C(=O)N1CCCC1C(=O)NC(C(C)C)C(=O)NC(CC2=CC=C(C=C2)O)C(=O)NC(C(C)C)C(=O)O)NC(=O)CNC(=O)C(CC3=CC=CC=C3)NC(=O)C(CC(C)C)NC(=O)C(CC(C)C)N	0.85	Amino acids and Peptides	Cyclic peptides	Carboxylic acids and derivatives	473.0	4017	EB-MSV000090464-gnps_ms2	transferred	1	1058.5839	2.02	1058.5812	2.04	-2.551	0.02	1.0	unique	assigned
C22H42N6O7	[M + Na]+	tert-butyl N-{1-[4-({1-[(4-ethylphenyl)carbamoyl]ethyl}carbamoyl)piperidin-1-yl]-3-methyl-1-oxobutan-2-yl}carbamate	CCC1=CC=C(C=C1)NC(=O)C(C)NC(=O)C2CCN(CC2)C(=O)C(C(C)C)NC(=O)OC(C)(C)C	0.085	Amino acids and Peptides	Cyclic peptides	Carboxylic acids and derivatives	859.0	4019	EB-MSV000090464-gnps_ms2	transferred	3	525.303	2.02	525.3012	2.04	-3.427	0.02	1.0	ms2_winner	assigned
C30H43N7O8	[M + H]+	Destruxin B	CCC(C)C1C(=O)N(C(C(=O)N(C(C(=O)NCCC(=O)OC(C(=O)N2CCCC2C(=O)N1)CC=C)C)C)C(C)CC)C	0.03	Amino acids and Peptides	Tripeptides	Carboxylic acids and derivatives	255.0	4049	EB-MSV000090464-gnps_ms2	transferred	1	630.3277	2.03	630.3271	2.042	-0.952	0.012	1.0	unique	assigned
C21H29F3N4O7	[M + H]+	4-[[(1S,2R)-1-benzyl-2-hydroxy-3-[isobutyl-(4-methoxyphenyl)sulfonyl-amino]propyl]amino]-4-oxo-butanoic acid	CC(C)CN(CC(C(CC1=CC=CC=C1)NC(=O)CCC(=O)O)O)S(=O)(=O)C2=CC=C(C=C2)OC	0.079	Amino acids and Peptides	Tripeptides	Carboxylic acids and derivatives	575.0	4052	EB-MSV000090464-gnps_ms2	transferred	1	507.2135	2.01	507.2146	2.025	2.169	0.015	0.9998	unique	assigned
C44H55N9O11	[M + H]+	2-{[4-({3-[(1,2-dicarboxyethyl)-C-hydroxycarbonimidoyl]-2-[(1,3-dihydroxydodecylidene)amino]-1-hydroxypropylidene}amino)-4-[(1,1-dimethoxy-4-methylpentan-2-yl)-C-hydroxycarbonimidoyl]-1-hydroxybutylidene]amino}pentanedioic acid	CCCCCCCCCC(CC(=O)NC(CC(=O)NC(CC(=O)O)C(=O)O)C(=O)NC(CCC(=O)NC(CCC(=O)O)C(=O)O)C(=O)NC(CC(C)C)C(OC)OC)O	0.135	Amino acids and Peptides	Cyclic peptides	Carboxylic acids and derivatives	276.0	4058	EB-MSV000090464-gnps_ms2	transferred	2	886.4115	2.04	886.4107	2.041	-0.903	0.001	1.0	unique	assigned
C38H60N10O12	[M + K]+		CC1C=CC=C(C(=O)NC2=C(C3=C(C4=C(C(=C3O)C)OC(C4=O)(OC=CC(C(C(C(C(C(C1O)C)O)C)OC(=O)C)C)OC)C)C5=C2NC6(N5)CCN(CC6)CC(C)C)O)C	0.023	Polyketides	Depsipeptides	Peptidomimetics	544.0	4063	EB-MSV000090464-gnps_ms2	transferred	1	887.414	2.03	887.4126	2.041	-1.578	0.011	0.8973	unique	assigned
C40H50N8O9	[M + H]+	Ac-Glu-Val-Ala-Pro-Pro-Val-Pro-NH2	CC(C)C(C(=O)NC(C)C(=O)N1CCCC1C(=O)N2CCCC2C(=O)NC(C(C)C)C(=O)N3CCCC3C(=O)N)NC(=O)C(CCC(=O)O)NC(=O)C	0.485	Amino acids and Peptides	Linear peptides	Carboxylic acids and derivatives	2273.0	4068	EB-MSV000090464-gnps_ms2	transferred	1	787.3844	2.03	787.3844	2.041	0.0	0.011	0.8744	unique	assigned
C32H50N6O8	[M + H]+	H-Ile-Pro-Tyr-Val-Gly-Val-OH	CCC(C)C(C(=O)N1CCCC1C(=O)NC(CC2=CC=C(C=C2)O)C(=O)NC(C(C)C)C(=O)NCC(=O)NC(C(C)C)C(=O)O)N	0.566	Amino acids and Peptides	Cyclic peptides	Carboxylic acids and derivatives	910.0	4069	EB-MSV000090464-gnps_ms2	transferred	1	647.3793	2.03	647.3798	2.053	0.772	0.023	1.0	unique	assigned
C12H21N3O4	[M + H]+	2-[[1-(2-Aminoacetyl)pyrrolidine-2-carbonyl]amino]-3-methylbutanoic acid	CC(C)C(C(=O)O)NC(=O)C1CCCN1C(=O)CN	0.91	Amino acids and Peptides	Tripeptides	Carboxylic acids and derivatives	1051.0	4070	EB-MSV000090464-gnps_ms2	transferred	1	272.1607	2.04	272.1601	2.044	-2.205	0.004	0.9994	unique	assigned
C41H64N6O8	[M + H]+	(2S)-2-[[(2S,3S)-2-[[(2S)-2-[[(2S)-1-[(2S)-6-amino-2-[[(2S)-2,6-diaminohexyl]amino]hexanoyl]pyrrolidine-2-carbonyl]amino]-3-(4-hydroxyphenyl)propanoyl]amino]-3-methylpentanoyl]amino]-4-methylpentanoic acid	CCC(C)C(C(=O)NC(CC(C)C)C(=O)O)NC(=O)C(CC1=CC=C(C=C1)O)NC(=O)C2CCCN2C(=O)C(CCCCN)NCC(CCCCN)N	0.197	Amino acids and Peptides	Linear peptides	Carboxylic acids and derivatives	170.0	4076	EB-MSV000090464-gnps_ms2	transferred	1	769.4849	2.04	769.4848	2.0465	-0.13	0.006	1.0	unique	assigned
C18H32N4O5	[M + Na]+	H-DL-Ala-DL-Val-DL-Pro-DL-Val-OH	CC(C)C(C(=O)N1CCCC1C(=O)NC(C(C)C)C(=O)O)NC(=O)C(C)N	0.355	Amino acids and Peptides	Tripeptides	Carboxylic acids and derivatives	3747.0	4099	EB-MSV000090464-gnps_ms2	transferred	2	407.2262	2.04	407.2254	2.057	-1.965	0.017	1.0	unique	assigned
C40H50N8O9	[M + H]+	Eledoisin C-terminal heptapeptide	CCC(C)C(C(=O)NCC(=O)NC(CC(C)C)C(=O)NC(CCSC)C(=O)N)NC(=O)C(CC1=CC=CC=C1)NC(=O)C(C)NC(=O)C(CC(=O)O)N	0.067	Amino acids and Peptides	Cyclic peptides	Carboxylic acids and derivatives	2273.0	4104	EB-MSV000090464-gnps_ms2	transferred	2	787.387	2.03	787.3844	2.041	-3.302	0.011	1.0	ms2_winner	assigned
C14H18N2O3	[M + H]+	1-(2-amino-3-phenylpropanoyl)pyrrolidine-2-carboxylic acid	C1CC(N(C1)C(=O)C(CC2=CC=CC=C2)N)C(=O)O	0.998	Amino acids and Peptides	Dipeptides	Carboxylic acids and derivatives	111.0	4107	EB-MSV000090464-gnps_ms2	transferred	3	263.1388	2.04	263.1387	2.044	-0.38	0.004	1.0	ms2_winner	assigned
C28H36N4O6	[M + Na]+	L-proline, N2-((1S)-1-carboxy-3-phenylpropyl)-N6-((4-hydroxyphenyl)iminomethyl)-L-lysyl-	C1CC(N(C1)C(=O)C(CCCCN=CNC2=CC=C(C=C2)O)NC(CCC3=CC=CC=C3)C(=O)O)C(=O)O	0.167	Amino acids and Peptides	Tripeptides	Carboxylic acids and derivatives	3311.0	4117	EB-MSV000090464-gnps_ms2	transferred	3	547.2511	2.06	547.2513	2.047262	0.365	-0.013	0.9995	ms2_winner	assigned
C44H58N4O5S2	[M + H]+	H-Gly-Glu-Leu-Gln-Phe-Pro-Pro-OH	CC(C)CC(C(=O)NC(CCC(=O)N)C(=O)NC(CC1=CC=CC=C1)C(=O)N2CCCC2C(=O)N3CCCC3C(=O)O)NC(=O)C(CCC(=O)O)NC(=O)CN	0.727	Amino acids and Peptides	Tripeptides	Carboxylic acids and derivatives	2724.0	4128	EB-MSV000090464-gnps_ms2	transferred	1	787.3936	2.06	787.3942	2.049	0.762	-0.011	1.0	unique	assigned
C16H31N3O4	[M + H]+	Leu-val-val	CC(C)CC(C(=O)NC(C(C)C)C(=O)NC(C(C)C)C(=O)O)N	0.813	Amino acids and Peptides	Tripeptides	Carboxylic acids and derivatives	1079.0	4147	EB-MSV000090464-gnps_ms2	transferred	3	330.2395	2.05	330.2395	2.057	0.0	0.007	0.9999	unique	assigned
C21H41N5O8	[M + Na]+	L-Leucine, N-[(phenylmethoxy)carbonyl]-L-leucyl-L-leucyl-	CC(C)CC(C(=O)NC(CC(C)C)C(=O)O)NC(=O)C(CC(C)C)NC(=O)OCC1=CC=CC=C1	0.426	Amino acids and Peptides	Cyclic peptides	Carboxylic acids and derivatives	993.0	4149	EB-MSV000090464-gnps_ms2	transferred	4	514.2866	2.05	514.2867	2.071	0.194	0.021	1.0	ms2_winner	assigned
C31H44N8O11	[M + H]+	12-benzyl-3,15-bis(1-hydroxyethyl)-6-[(4-hydroxyphenyl)methyl]-9-(2-methylpropyl)-1,4,7,10,13,16-hexaazacyclooctadecane-2,5,8,11,14,17-hexone	CC(C)CC1C(=O)NC(C(=O)NC(C(=O)NCC(=O)NC(C(=O)NC(C(=O)N1)CC2=CC=CC=C2)C(C)O)C(C)O)CC3=CC=C(C=C3)O	0.678	Amino acids and Peptides	Cyclic peptides	Carboxylic acids and derivatives	1027.0	4156	EB-MSV000090464-gnps_ms2	transferred	3	705.3188	2.05	705.32	2.059	1.701	0.009	1.0	ms2_winner	assigned
C30H46N10O5	[M + H]+	benzyl N-[(2S)-1-[[(2S)-1-[[5-cyclopropyl-5-oxo-1-[(3S)-2-oxopyrrolidin-3-yl]pent-2-en-2-yl]amino]-4-methyl-1-oxopentan-2-yl]amino]-3-[(2-methylpropan-2-yl)oxy]-1-oxobutan-2-yl]carbamate	CC(C)CC(C(=O)NC(=CCC(=O)C1CC1)CC2CCNC2=O)NC(=O)C(C(C)OC(C)(C)C)NC(=O)OCC3=CC=CC=C3	0.111	Amino acids and Peptides	Cyclic peptides	Carboxylic acids and derivatives	353.0	4159	EB-MSV000090464-gnps_ms2	transferred	1	627.3739	2.05	627.374	2.071	0.159	0.021	1.0	unique	assigned
C8H10NO3	[M + H]+		COCOC1=C=NC=C[C]1OC		Alkaloids	Pyridine alkaloids	Benzene and substituted derivatives		4161	EB-MSV000090464-gnps_ms2	transferred	1	169.076	2.06							low_cosine
C31H42N6O8S	[M + H]+	Cyclo(glycyl-arginyl-glycyl-aspartyl-seryl-aspartyl-alanyl)	CC(C(=O)NCC(=O)NC(CCCN=C(N)N)C(=O)NCC(=O)NC(CC(=O)O)C(=O)NC(C=O)C(=O)NC(CC(=O)O)C=O)N	0.192	Amino acids and Peptides	Tripeptides	Carboxylic acids and derivatives	2183.0	4163	EB-MSV000090464-gnps_ms2	transferred	2	659.2812	2.05	659.2795	2.066	-2.579	0.016	0.9998	unique	assigned
C32H48N6O8	[M + H]+	H-Ala-Abu-Thr-Ala-Ala-Thr-Ala-Ala-al	CCC(C(=O)NC(C(C)O)C(=O)NC(C)C(=O)NC(C)C(=O)NC(C(C)O)C(=O)NC(C)C(=O)NC(C)C=O)NC(=O)C(C)N	0.056	Amino acids and Peptides	Tripeptides	Carboxylic acids and derivatives	6636.0	4164	EB-MSV000090464-gnps_ms2	transferred	2	645.3613	2.06	645.3607	2.047486	-0.93	-0.013	0.9999	unique	assigned
C25H36N4O7	[M + H]+	Mr 387A	CC(C)C(C(=O)N1CCCC1C(=O)N2CC(CC2C(=O)O)O)NC(=O)C(C(CC3=CC=CC=C3)N)O	0.641	Amino acids and Peptides	Tripeptides	Carboxylic acids and derivatives	1782.0	4166	EB-MSV000090464-gnps_ms2	transferred	4	505.2656	2.05	505.2647	2.0565	-1.781	0.007	1.0	unique	assigned
C30H39N5O7	[M + H]+	H-Gly-Val-Pro-Phe-Tyr-OH	CC(C)C(C(=O)N1CCCC1C(=O)NC(CC2=CC=CC=C2)C(=O)NC(CC3=CC=C(C=C3)O)C(=O)O)NC(=O)CN	0.377	Amino acids and Peptides	Tripeptides	Carboxylic acids and derivatives	2869.0	4173	EB-MSV000090464-gnps_ms2	transferred	2	582.2942	2.06	582.2944	2.042	0.343	-0.018	1.0	ms2_tie	assigned
C18H32N4O5	[M + H]+	H-DL-Leu-Gly-DL-Pro-DL-Val-OH	CC(C)CC(C(=O)NCC(=O)N1CCCC1C(=O)NC(C(C)C)C(=O)O)N	0.27	Amino acids and Peptides	Tripeptides	Carboxylic acids and derivatives	5.0	4174	EB-MSV000090464-gnps_ms2	transferred	2	385.246	2.06	385.2457	2.057	-0.779	-0.003	1.0	ms2_winner	assigned
C18H30N4O5	[M + H]+	H-DL-Ala-DL-Val-DL-Pro-DL-Pro-OH	CC(C)C(C(=O)N1CCCC1C(=O)N2CCCC2C(=O)O)NC(=O)C(C)N	0.962	Amino acids and Peptides	Tripeptides	Carboxylic acids and derivatives	1427.0	4176	EB-MSV000090464-gnps_ms2	transferred	2	383.2282	2.06	383.2279	2.032357	-0.783	-0.028	1.0	ms2_winner	assigned
C11H18N2O4	[M + H]+	4-methyl-2-[(5-oxopyrrolidin-2-yl)formamido]pentanoic acid	CC(C)CC(C(=O)O)NC(=O)C1CCC(=O)N1	0.661	Amino acids and Peptides	Dipeptides	Carboxylic acids and derivatives	484.0	4184	EB-MSV000090464-gnps_ms2	transferred	2	243.1344	2.06	243.1344	2.058628	0.0	-0.001	1.0	ms2_tie	assigned
C30H52N4O15	[M + H]+	H-Pro-Gly-Leu-Trp-Lys-Ala-OH	CC(C)CC(C(=O)NC(CC1=CNC2=CC=CC=C21)C(=O)NC(CCCCN)C(=O)NC(C)C(=O)O)NC(=O)CNC(=O)C3CCCN3	0.366	Amino acids and Peptides	Cyclic peptides	Carboxylic acids and derivatives	1612.0	4191	EB-MSV000090464-gnps_ms2	transferred	3	709.3525	2.05	709.3535	2.072	1.41	0.022	0.7552	ms2_tie	assigned
C41H68N10O13	[M + H]+	13(2)-Hydroxy-(13(2)-R)-phaeophytin b	CCC1=C2C=C3C(=C4C(=N3)C(=C5C(C(C(=CC6=NC(=CC(=N2)C1=CO)C(=C6C)C=C)N5)C)CCC(=O)OC=C(C)CCCC(C)CCCC(C)CCCC(C)C)C(C4=O)(C(=O)OC)O)C	0.004	Amino acids and Peptides	Depsipeptides	Carboxylic acids and derivatives	571.0	4196	EB-MSV000090464-gnps_ms2	transferred	1	909.5075	2.06	909.5075	2.072	0.0	0.012	1.0	unique	assigned
C12H24N2O3	[M + H]+	Leu-Leu	CC(C)CC(C(=O)NC(CC(C)C)C(=O)O)N	0.703	Amino acids and Peptides	Dipeptides	Carboxylic acids and derivatives		4197	EB-MSV000090464-gnps_ms2	transferred	5	245.1861	2.06							low_cosine
C18H28N4O8	[M + H]+	Benzoylarginine leucinamide	CC(C)CC(C(=O)N)NC(=O)C(CCCN=C(N)N)NC(=O)C1=CC=CC=C1	0.178	Amino acids and Peptides	Tripeptides	Carboxylic acids and derivatives		4200	EB-MSV000090464-gnps_ms2	transferred	1	429.1979	2.07							low_cosine
C44H58N8O8	[M + H]+	15-benzyl-21-(butan-2-yl)-18-(hydroxymethyl)-3-[(1H-indol-3-yl)methyl]-12-(propan-2-yl)-1,4,10,13,16,19,22-heptaazatricyclo[22.3.0.0⁶,¹⁰]heptacosane-2,5,11,14,17,20,23-heptone	CCC(C)C1C(=O)NC(C(=O)NC(C(=O)NC(C(=O)N2CCCC2C(=O)NC(C(=O)N3CCCC3C(=O)N1)CC4=CNC5=CC=CC=C54)C(C)C)CC6=CC=CC=C6)CO	0.121	Amino acids and Peptides	Linear peptides	Carboxylic acids and derivatives	2237.0	4202	EB-MSV000090464-gnps_ms2	transferred	1	827.4521	2.08	827.4513	2.088	-0.967	0.008	1.0	unique	assigned
C48H61N9O12	[M + H]+	9-Des-gly-2-tyr(oet)-4-thr-8-orn-oxytocin	CCC(C)C1C(=O)NC(C(=O)NC(C(=O)NC(CCSCC(C(=O)NC(C(=O)N1)CC2=CC=C(C=C2)OCC)N)C(=O)N3CCCC3C(=O)NC(CCCN)C(=O)N)CC(=O)N)C(C)O	0.12	Amino acids and Peptides	Cyclic peptides	Carboxylic acids and derivatives	2864.0	4203	EB-MSV000090464-gnps_ms2	transferred	2	956.4655	2.07	956.4631	2.072	-2.509	0.002	0.9999	unique	assigned
C23H40N6O8	[M + H]+	H-DL-xiIle-DL-Leu-DL-Val-DL-Tyr-OH	CCC(C)C(C(=O)NC(CC(C)C)C(=O)NC(C(C)C)C(=O)NC(CC1=CC=C(C=C1)O)C(=O)O)N	0.075	Amino acids and Peptides	Cyclic peptides	Carboxylic acids and derivatives	1199.0	4208	EB-MSV000090464-gnps_ms2	transferred	4	529.2978	2.07	529.2977	2.074	-0.189	0.004	1.0	unique	assigned
C20H39N5O11	[M + H]+	N(6')-acetylkanamycin B	CC(=O)NCC1C(C(C(C(O1)OC2C(CC(C(C2O)OC3C(C(C(C(O3)CO)O)N)O)N)N)N)O)O	0.026	Amino acids and Peptides	Tripeptides	Carboxylic acids and derivatives		4214	EB-MSV000090464-gnps_ms2	transferred	1	526.2708	2.07							no_ms2_candidate
C23H42N4O7	[M + K]+	1-(1-{2-[(3-amino-1,2-dihydroxy-4-phenylbutylidene)amino]-4-methylpentanoyl}pyrrolidine-2-carbonyl)pyrrolidine-2-carboxylic acid	CC(C)CC(C(=O)N1CCCC1C(=O)N2CCCC2C(=O)O)NC(=O)C(C(CC3=CC=CC=C3)N)O	0.201	Amino acids and Peptides	Tripeptides	Carboxylic acids and derivatives	313.0	4220	EB-MSV000090464-gnps_ms2	transferred	2	525.2667	2.07	525.2662	2.072	-0.952	0.002	1.0	unique	assigned
C11H22N2O4	[M + K]+		CC(CCNC(=O)OC(C)(C)C)C(C(=O)O)N	0.082	Amino acids and Peptides	Dipeptides	Carboxylic acids and derivatives	2216.0	4227	EB-MSV000090464-gnps_ms2	transferred	2	285.1207	2.07	285.1208	2.049	0.351	-0.021	1.0	unique	assigned
C45H72N14O10	[M + H]+	Neuropeptide NPVF	CC(C)CC(C(=O)N1CCCC1C(=O)NC(CCC(=O)N)C(=O)NC(CCCN=C(N)N)C(=O)NC(CC2=CC=CC=C2)C(=O)N)NC(=O)C(CC(=O)N)NC(=O)C3CCCN3C(=O)C(C(C)C)N	0.092	Amino acids and Peptides	Linear peptides	Carboxylic acids and derivatives	1850.0	4229	EB-MSV000090464-gnps_ms2	transferred	1	969.5608	2.07	969.5601	2.085669	-0.722	0.016	0.9975	unique	assigned
C29H42N6O7S	[M + H]+	Casomorphin, trp(3)-	C1CC(N(C1)C(=O)C(CC2=CC=C(C=C2)O)N)C(=O)NC(CC3=CNC4=CC=CC=C43)C(=O)N5CCCC5C(=O)NCC(=O)O	0.483	Amino acids and Peptides	Tripeptides	Carboxylic acids and derivatives		4241	EB-MSV000090464-gnps_ms2	transferred	3	619.2919	2.07							low_cosine
C30H45N5O9	[M + Na]+	H-Ala-Pro-Asp-Cys-Arg-Pro-al	CC(C(=O)N1CCCC1C(=O)NC(CC(=O)O)C(=O)NC(CS)C(=O)NC(CCCN=C(N)N)C(=O)N2CCCC2C=O)N	0.573	Amino acids and Peptides	Cyclic peptides	Carboxylic acids and derivatives	1767.0	4244	EB-MSV000090464-gnps_ms2	transferred	4	642.3095	2.07	642.308	2.06291	-2.335	-0.007	1.0	ms2_tie	assigned
C34H54N6O10	[M + Na]+	H-Val-Glu-Pro-Ala-Arg-Ala-Ser-OH	CC(C)C(C(=O)NC(CCC(=O)O)C(=O)N1CCCC1C(=O)NC(C)C(=O)NC(CCCN=C(N)N)C(=O)NC(C)C(=O)NC(CO)C(=O)O)N	0.83	Amino acids and Peptides	Tripeptides	Carboxylic acids and derivatives		4254	EB-MSV000090464-gnps_ms2	transferred	2	729.3795	2.08							low_cosine
C20H24N4O6	[M + H]+	2-[[1-[2-amino-3-(1H-indol-3-yl)propanoyl]pyrrolidine-2-carbonyl]amino]butanedioic acid	C1CC(N(C1)C(=O)C(CC2=CNC3=CC=CC=C32)N)C(=O)NC(CC(=O)O)C(=O)O	0.828	Amino acids and Peptides	Tripeptides	Carboxylic acids and derivatives	6532.0	4257	EB-MSV000090464-gnps_ms2	transferred	3	417.1781	2.08	417.1783	2.067532	0.479	-0.012	0.9829	ms2_winner	assigned
C28H39N3O6S	[M + H]+	Boc-DL-Met-DL-Leu-DL-Phe-OMe	CC(C)CC(C(=O)NC(CC1=CC=CC=C1)C(=O)OC)NC(=O)C(CCSC)NC(=O)OC(C)(C)C	0.286	Amino acids and Peptides	Depsipeptides	Carboxylic acids and derivatives	509.0	4266	EB-MSV000090464-gnps_ms2	transferred	7	546.2604	2.08	546.2613	2.097277	1.648	0.017	0.9998	ms2_tie	assigned
C15H22N2O3	[M + H]+		CCC(C)C(C(=O)O)NC(=O)C(CC1=CC=CC=C1)N	0.658	Amino acids and Peptides	Dipeptides	Carboxylic acids and derivatives	8444.0	4286	EB-MSV000090464-gnps_ms2	transferred	3	279.1701	2.1	279.1715	2.128506	5.015	0.029	0.9834	ms2_winner	assigned
C25H34N6O8	[M + H]+	2-{[1-(2-{[(tert-butoxy)carbonyl]amino}-3-(1H-indol-3-yl)propanoyl)piperidin-4-yl]formamido}-4-(methylsulfanyl)butanoic acid	CC(C)(C)OC(=O)NC(CC1=CNC2=CC=CC=C21)C(=O)N3CCC(CC3)C(=O)NC(CCSC)C(=O)O	0.203	Amino acids and Peptides	Cyclic peptides	Carboxylic acids and derivatives		4289	EB-MSV000090464-gnps_ms2	transferred	5	547.2524	2.08							low_cosine
C26H44N8O6	[M + Na]+	H-Ala-Thr-Leu-Leu-Asp-Ala-al	CC(C)CC(C(=O)NC(CC(=O)O)C(=O)NC(C)C=O)NC(=O)C(CC(C)C)NC(=O)C(C(C)O)NC(=O)C(C)N	0.351	Amino acids and Peptides	Tripeptides	Carboxylic acids and derivatives		4291	EB-MSV000090464-gnps_ms2	transferred	1	587.3315	2.09							no_ms2_candidate
C31H43N7O8	[M + H]+	15-benzyl-18-(hydroxymethyl)-3-(propan-2-yl)-1,4,10,13,16,19,22-heptaazatricyclo[22.3.0.0⁶,¹⁰]heptacosane-2,5,11,14,17,20,23-heptone	CC(C)C1C(=O)N2CCCC2C(=O)NCC(=O)NC(C(=O)NC(C(=O)NCC(=O)N3CCCC3C(=O)N1)CC4=CC=CC=C4)CO	0.792	Amino acids and Peptides	Cyclic peptides	Carboxylic acids and derivatives	8048.0	4293	EB-MSV000090464-gnps_ms2	transferred	6	642.3215	2.09	642.3234	2.088946	2.958	-0.001	0.9907	ms2_winner	assigned
C55H84N12O16	[M + H]+	Cdc2 peptide (9-19)	CCC(C)C(C(=O)NCC(=O)NC(CCC(=O)O)C(=O)NCC(=O)NC(C(C)O)C(=O)NC(CC1=CC=C(C=C1)O)C(=O)NCC(=O)NC(C(C)C)C(=O)NC(C(C)C)C(=O)NC(CC2=CC=CC=C2)C(=O)O)NC(=O)C(CCCCN)N	0.183	Amino acids and Peptides	Lipopeptides	Carboxylic acids and derivatives		4305	EB-MSV000090464-gnps_ms2	transferred	0	1169.6362	2.1							no_match
C15H25N3O6	[M + H]+	2-[[3-Methyl-2-(pyrrolidine-2-carbonylamino)butanoyl]amino]pentanedioic acid	CC(C)C(C(=O)NC(CCC(=O)O)C(=O)O)NC(=O)C1CCCN1	0.42	Amino acids and Peptides	Tripeptides	Carboxylic acids and derivatives	2407.0	4314	EB-MSV000090464-gnps_ms2	transferred	3	344.1812	2.1	344.1814	2.105904	0.581	0.006	1.0	unique	assigned
C44H62N10O11	[M + H]+	H-Gly-Leu-Leu-Gly-Ser-Pro-Val-Arg-Ala-OH	CC(C)CC(C(=O)NC(CC(C)C)C(=O)NCC(=O)NC(CO)C(=O)N1CCCC1C(=O)NC(C(C)C)C(=O)NC(CCCN=C(N)N)C(=O)NC(C)C(=O)O)NC(=O)CN	0.141	Amino acids and Peptides	Cyclic peptides	Carboxylic acids and derivatives	4481.0	4318	EB-MSV000090464-gnps_ms2	transferred	4	907.4639	2.1	907.4579	2.074	-6.612	-0.026	1.0	ms2_tie	assigned
C52H70N12O11	[M + H]+	H-Ile-Leu-Asp-Gln-Val-Pro-Phe-Ser-Val-OH	CCC(C)C(C(=O)NC(CC(C)C)C(=O)NC(CC(=O)O)C(=O)NC(CCC(=O)N)C(=O)NC(C(C)C)C(=O)N1CCCC1C(=O)NC(CC2=CC=CC=C2)C(=O)NC(CO)C(=O)NC(C(C)C)C(=O)O)N	0.124	Amino acids and Peptides	Linear peptides	Carboxylic acids and derivatives	3739.0	4322	EB-MSV000090464-gnps_ms2	transferred	1	1039.5378	2.1	1039.5354	2.114	-2.309	0.014	0.9955	unique	assigned
C28H38N6O8	[M + H]+	2-(2-{[1-(2-{2-[2-Amino-3-(3H-imidazol-4-yl)-propionylamino]-propionylamino}-acetyl)-pyrrolidine-2-carbonyl]-amino}-3-methyl-pentanoylamino)-propionic acid	CCC(C)C(C(=O)NC(C)C(=O)O)NC(=O)C1CCCN1C(=O)CNC(=O)C(C)NC(=O)C(CC2=CN=CN2)N	0.458	Amino acids and Peptides	Tripeptides	Carboxylic acids and derivatives	2412.0	4328	EB-MSV000090464-gnps_ms2	transferred	2	587.2842	2.1	587.2845	2.118	0.511	0.018	1.0	ms2_winner	assigned
C20H30N8O6	[M + Na]+	Dehydrosinefungin V	CC(C)C(C(=O)O)NC(=O)C(CCC(C=C1C(C(C(O1)N2C=NC3=C(N=CN=C32)N)O)O)N)N	0.311	Amino acids and Peptides	Tripeptides	Carboxylic acids and derivatives	5297.0	4331	EB-MSV000090464-gnps_ms2	transferred	2	501.219	2.11	501.2219	2.118	5.786	0.008	0.9946	ms2_tie	assigned
C26H44N6O9	[M + H]+	Gln-Glu-Pro-Val-Leu	CC(C)CC(C(=O)O)NC(=O)C(C(C)C)NC(=O)C1CCCN1C(=O)C(CCC(=O)O)NC(=O)C(CCC(=O)N)N	0.686	Amino acids and Peptides	Tripeptides	Carboxylic acids and derivatives	41.0	4340	EB-MSV000090464-gnps_ms2	transferred	2	585.3251	2.11	585.3254	2.104	0.513	-0.006	1.0	unique	assigned
C20H30N4O8	[M + H]+	H-DL-Asp-DL-Leu-DL-Val-DL-Ser-OH	CC(C)CC(C(=O)NC(C(C)C)C(=O)NC(CO)C(=O)O)NC(=O)C(CC(=O)O)N	0.427	Amino acids and Peptides	Tripeptides	Carboxylic acids and derivatives	602.0	4351	EB-MSV000090464-gnps_ms2	transferred	3	455.216	2.11	455.216	2.09	0.0	-0.02	0.9869	ms2_tie	assigned
C43H62N6O11	[M + H]+	H-Val-Ser-Pro-Pro-Val-Val-Ala-Asn-Gly-OH	CC(C)C(C(=O)NC(CO)C(=O)N1CCCC1C(=O)N2CCCC2C(=O)NC(C(C)C)C(=O)NC(C(C)C)C(=O)NC(C)C(=O)NC(CC(=O)N)C(=O)NCC(=O)O)N	0.557	Amino acids and Peptides	Linear peptides	Carboxylic acids and derivatives	2730.0	4352	EB-MSV000090464-gnps_ms2	transferred	2	839.4552	2.11	839.4559	2.10725	0.834	-0.003	1.0	unique	assigned
C17H31N3O5	[M + H]+	isovaleryl-Ala-Leu-Ala-OH	CC(C)CC(C(=O)NC(C)C(=O)O)NC(=O)C(C)NC(=O)CC(C)C	0.436	Amino acids and Peptides	Tripeptides	Carboxylic acids and derivatives	4782.0	4354	EB-MSV000090464-gnps_ms2	transferred	2	358.2331	2.11	358.2331	2.088188	0.0	-0.022	1.0	unique	assigned
C31H50N10O9	[M + H]+	Ac-Ala-Pro-Ala-Pro-Ala-Ala-Pro-Ala-OH	CC(C(=O)NC(C)C(=O)N1CCCC1C(=O)NC(C)C(=O)O)NC(=O)C2CCCN2C(=O)C(C)NC(=O)C3CCCN3C(=O)C(C)NC(=O)C	0.693	Amino acids and Peptides	Cyclic peptides	Carboxylic acids and derivatives	6676.0	4355	EB-MSV000090464-gnps_ms2	transferred	1	707.3767	2.1	707.3759	2.076846	-1.131	-0.023	1.0	unique	assigned
C7H17FN4O3S	[M + Na]+	4-amino-N-(4,6-dimethylpyrimidin-2-yl)benzene-1-sulfonamide	CC1=CC(=NC(=N1)NS(=O)(=O)C2=CC=C(C=C2)N)C	0.782	Alkaloids	Pyridine alkaloids	Benzene and substituted derivatives	71.0	4359	EB-MSV000090464-gnps_ms2	transferred	1	279.0914	2.12	279.0923	2.091	3.225	-0.029	1.0	unique	assigned
C20H30N4O8	[M + H]+	(2S)-N-(5-carbamimidamido-1-oxopentan-2-yl)-1-[(2R)-2-(methylamino)-3-phenylpropanoyl]pyrrolidine-2-carboxamide	CNC(CC1=CC=CC=C1)C(=O)N2CCCC2C(=O)NC(CCCN=C(N)N)C=O	0.291	Amino acids and Peptides	Tripeptides	Carboxylic acids and derivatives	602.0	4365	EB-MSV000090464-gnps_ms2	transferred	3	455.2149	2.11	455.216	2.09	2.416	-0.02	0.9615	ms2_tie	assigned
C26H44N6O7	[M + H]+	H-Glu-D-Pro-D-Pro-Lys-D-Val-al	CC(C)C(C=O)NC(=O)C(CCCCN)NC(=O)C1CCCN1C(=O)C2CCCN2C(=O)C(CCC(=O)O)N	0.789	Amino acids and Peptides	Tripeptides	Carboxylic acids and derivatives	69.0	4366	EB-MSV000090464-gnps_ms2	transferred	3	553.3357	2.12	553.3361	2.118971	0.723	-0.001	1.0	ms2_winner	assigned
C8H13FN4O6	[M + H]+							1567.0	4372	EB-MSV000090464-gnps_ms2	transferred	1	281.0851	2.11	281.0851	2.092396	0.0	-0.018	1.0	unique	assigned
C9H17N3O5S	[M + H]+	N-[1,3-dihydroxy-2-(hydroxymethyl)propan-2-yl]-3,5-dimethyl-1H-pyrazole-4-sulfonamide	CC1=C(C(=NN1)C)S(=O)(=O)NC(CO)(CO)CO	0.025	Amino acids and Peptides	Tricyclic guanidine alkaloids	Benzene and substituted derivatives		4374	EB-MSV000090464-gnps_ms2	transferred	1	280.095	2.11							no_ms2_candidate
C31H35N3O7	[M + H]+	2-{[1-(2-{[(tert-butoxy)carbonyl]amino}-3-phenylpropanoyl)piperidin-4-yl]formamido}-3-(4-hydroxyphenyl)propanoic acid	CC(C)(C)OC(=O)NC(CC1=CC=CC=C1)C(=O)N2CCC(CC2)C(=O)NC(CC3=CC=C(C=C3)O)C(=O)O	0.298	Amino acids and Peptides	Cyclic peptides	Carboxylic acids and derivatives	344.0	4376	EB-MSV000090464-gnps_ms2	transferred	3	562.2564	2.1	562.2562	2.026	-0.356	-0.074	0.9975	ms2_tie	assigned
C8H12BN5O5S	[M + H]+	4-amino-N-(4,6-dimethylpyrimidin-2-yl)benzene-1-sulfonamide	CC1=CC(=NC(=N1)NS(=O)(=O)C2=CC=C(C=C2)N)C	0.68	Alkaloids	Pyridine alkaloids	Benzene and substituted derivatives	1213.0	4382	EB-MSV000090464-gnps_ms2	transferred	1	301.0734	2.12	301.0732	2.092542	-0.664	-0.027	1.0	unique	assigned
C23H30O17	[M + H]+	2-{[5-hydroxy-7-(hydroxymethyl)-1-{[3,4,5-trihydroxy-6-(hydroxymethyl)oxan-2-yl]peroxy}-1H,4aH,5H,7aH-cyclopenta[c]pyran-4a-yl]peroxy}-6-(hydroxymethyl)oxane-3,4,5-triol	C1=COC(C2C1(C(C=C2CO)O)OOC3C(C(C(C(O3)CO)O)O)O)OOC4C(C(C(C(O4)CO)O)O)O	0.061	Shikimates and Phenylpropanoids	Anthocyanidins	Flavonoids	1450.0	4383	EB-MSV000090464-gnps_ms2	transferred	2	579.1557	2.12	579.156	2.100857	0.518	-0.019	1.0	unique	assigned
C23H30N6O7S	[M + Na]+	Propoxyphenyl thiohomosildenafil	CCCC1=NN(C2=C1NC(=NC2=S)C3=C(C=CC(=C3)S(=O)(=O)N4CCN(CC4)CC)OCCC)C	0.029	Amino acids and Peptides	Cyclamides	Benzene and substituted derivatives	5376.0	4385	EB-MSV000090464-gnps_ms2	transferred	1	557.1767	2.11	557.1766	2.098857	-0.179	-0.011	0.9983	unique	assigned
C8H10NO3	[M + H]+		COCOC1=C=NC=C[C]1OC		Alkaloids	Pyridine alkaloids	Benzene and substituted derivatives	1250.0	4393	EB-MSV000090464-gnps_ms2	transferred	1	169.0761	2.12	169.076	2.089429	-0.591	-0.031	1.0	unique	assigned
C21H41N5O8	[M + Na]+	L-Leucine, N-[(phenylmethoxy)carbonyl]-L-leucyl-L-leucyl-	CC(C)CC(C(=O)NC(CC(C)C)C(=O)O)NC(=O)C(CC(C)C)NC(=O)OCC1=CC=CC=C1	0.307	Amino acids and Peptides	Cyclic peptides	Carboxylic acids and derivatives	993.0	4400	EB-MSV000090464-gnps_ms2	transferred	4	514.2866	2.12	514.2867	2.071	0.194	-0.049	0.7106	ms2_winner	assigned
C41H64N6O8	[M + H]+	(2S)-2-[[(2S,3S)-2-[[(2S)-2-[[(2S)-1-[(2S)-6-amino-2-[[(2S)-2,6-diaminohexyl]amino]hexanoyl]pyrrolidine-2-carbonyl]amino]-3-(4-hydroxyphenyl)propanoyl]amino]-3-methylpentanoyl]amino]-4-methylpentanoic acid	CCC(C)C(C(=O)NC(CC(C)C)C(=O)O)NC(=O)C(CC1=CC=C(C=C1)O)NC(=O)C2CCCN2C(=O)C(CCCCN)NCC(CCCCN)N	0.181	Amino acids and Peptides	Linear peptides	Carboxylic acids and derivatives	170.0	4403	EB-MSV000090464-gnps_ms2	transferred	1	769.4846	2.13	769.4848	2.0465	0.26	-0.083	0.9856	unique	assigned
C4H10FNO4S	[M + Na]+							2137.0	4404	EB-MSV000090464-gnps_ms2	transferred	2	210.0222	2.12	210.0222	2.0965	0.0	-0.024	1.0	ms2_winner	assigned
C24H33N5O6	[M + H]+	(2S)-2-[[(2S)-1-[(2S)-2-[[(2S)-1-acetylpyrrolidine-2-carbonyl]amino]propanoyl]pyrrolidine-2-carbonyl]amino]-3-(4-hydroxyphenyl)propanimidate	CC(C(=O)N1CCCC1C(=O)NC(CC2=CC=C(C=C2)O)C(=O)N)NC(=O)C3CCCN3C(=O)C	0.439	Amino acids and Peptides	Tripeptides	Carboxylic acids and derivatives	1325.0	4408	EB-MSV000090464-gnps_ms2	transferred	3	488.2492	2.13	488.2502	2.261452	2.048	0.131	0.8449	ms2_tie	assigned
C50H76N12O18	[M + H]+	H-Lys-Gln-Glu-Pro-Gln-Glu-Ile-Asp-Phe-OH	CCC(C)C(C(=O)NC(CC(=O)O)C(=O)NC(CC1=CC=CC=C1)C(=O)O)NC(=O)C(CCC(=O)O)NC(=O)C(CCC(=O)N)NC(=O)C2CCCN2C(=O)C(CCC(=O)O)NC(=O)C(CCC(=O)N)NC(=O)C(CCCCN)N	0.196	Amino acids and Peptides	Cyclic peptides	Polypeptides	4447.0	4409	EB-MSV000090464-gnps_ms2	transferred	2	1133.5579	2.12	1133.5581	2.132937	0.176	0.013	0.9224	unique	assigned
C16H20FN3O4	[M + Na]+		CC(=CC1=CC=CC=C1)C=NNC(=O)C(=O)NC2=CC=CC=C2OC	0.038	Amino acids and Peptides	Dipeptides	Carboxylic acids and derivatives		4411	EB-MSV000090464-gnps_ms2	transferred	4	360.134	2.13							no_ms2_candidate
C20H29N3O5	[M + H]+	2-[[1-(2-Amino-3-methylpentanoyl)pyrrolidine-2-carbonyl]amino]-3-(4-hydroxyphenyl)propanoic acid	CCC(C)C(C(=O)N1CCCC1C(=O)NC(CC2=CC=C(C=C2)O)C(=O)O)N	0.819	Amino acids and Peptides	Tripeptides	Carboxylic acids and derivatives	1229.0	4412	EB-MSV000090464-gnps_ms2	transferred	5	392.2178	2.13	392.2173	2.129	-1.275	-0.001	1.0	ms2_tie	assigned
C24H42N2O4	[M + Na]+	Tert-butyl 6-[[1-(cyclopropylamino)-3,3-dimethyl-1-oxobutan-2-yl]carbamoyl]-8-methylnon-4-enoate	CC(C)CC(C=CCCC(=O)OC(C)(C)C)C(=O)NC(C(=O)NC1CC1)C(C)(C)C	0.382	Amino acids and Peptides	Tripeptides	Carboxylic acids and derivatives	1616.0	4431	EB-MSV000090464-gnps_ms2	transferred	1	445.3032	2.16	445.3038	2.156157	1.347	-0.004	1.0	unique	assigned
C28H34N4O8	[M + H]+	H-DL-Glu-DL-Phe-DL-Pro-DL-Tyr-OH	C1CC(N(C1)C(=O)C(CC2=CC=CC=C2)NC(=O)C(CCC(=O)O)N)C(=O)NC(CC3=CC=C(C=C3)O)C(=O)O	0.097	Amino acids and Peptides	Tripeptides	Carboxylic acids and derivatives	26301.0	4436	EB-MSV000090464-gnps_ms2	transferred	4	555.2472	2.17	555.2418	2.091	-9.725	-0.079	0.9451	ms2_tie	assigned
C24H35N7O7	[M + H]+	Syringolin	CC(C)C1C=CC(=O)NCCCCC(C(=O)N1)NC(=O)C(C(C)C)NC(=O)NC(C(C)C)C(=O)O	0.219	Amino acids and Peptides	Tripeptides	Carboxylic acids and derivatives	1446.0	4441	EB-MSV000090464-gnps_ms2	transferred	4	534.2688	2.13	534.2694	1.936119	1.123	-0.194	0.9521	ms2_tie	assigned
C30H46N10O5	[M + H]+	benzyl N-[(2S)-1-[[(2S)-1-[[5-cyclopropyl-5-oxo-1-[(3S)-2-oxopyrrolidin-3-yl]pent-2-en-2-yl]amino]-4-methyl-1-oxopentan-2-yl]amino]-3-[(2-methylpropan-2-yl)oxy]-1-oxobutan-2-yl]carbamate	CC(C)CC(C(=O)NC(=CCC(=O)C1CC1)CC2CCNC2=O)NC(=O)C(C(C)OC(C)(C)C)NC(=O)OCC3=CC=CC=C3	0.1	Amino acids and Peptides	Cyclic peptides	Carboxylic acids and derivatives		4448	EB-MSV000090464-gnps_ms2	transferred	1	627.3744	2.15							low_cosine
C20H30N4O8	[M + H]+	H-DL-Asp-DL-Leu-DL-Val-DL-Ser-OH	CC(C)CC(C(=O)NC(C(C)C)C(=O)NC(CO)C(=O)O)NC(=O)C(CC(=O)O)N	0.319	Amino acids and Peptides	Tripeptides	Carboxylic acids and derivatives	602.0	4451	EB-MSV000090464-gnps_ms2	transferred	3	455.2142	2.13	455.216	2.09	3.954	-0.04	0.9981	ms2_tie	assigned
C38H48N6O10	[M + H]+	deamino-Dip-Orn(1)-D-Val-D-Ala-Phe-Sar-(1)	CC1C(=O)NC(C(=O)N(CC(=O)NCCCC(C(=O)NC(C(=O)N1)C(C)C)NC(=O)CC(C2=CC=CC=C2)C3=CC=CC=C3)C)CC4=CC=CC=C4	0.179	Amino acids and Peptides	Cyclic peptides	Carboxylic acids and derivatives	5027.0	4452	EB-MSV000090464-gnps_ms2	transferred	2	749.3498	2.15	749.3503	2.122895	0.667	-0.027	0.9999	unique	assigned
C15H23N3O5S	[M + H]+	Mullinamide B	CSCCC1C(=O)NC(C(=O)N2CCCC2C(=O)N1)CCC(=O)O	0.263	Amino acids and Peptides	Dipeptides	Carboxylic acids and derivatives	5595.0	4453	EB-MSV000090464-gnps_ms2	transferred	2	358.1429	2.14	358.1429	2.123676	0.0	-0.016	1.0	ms2_winner	assigned
C23H40N6O9	[M + H]+	(4R)-2,2-difluoro-3-hydroxy-N,6-dimethyl-4-[[(2S)-3-methyl-2-[[(2S)-3-methyl-2-(3-methylbutanoylamino)butanoyl]amino]butanoyl]amino]heptanamide	CC(C)CC(C(C(C(=O)NC)(F)F)O)NC(=O)C(C(C)C)NC(=O)C(C(C)C)NC(=O)CC(C)C	0.114	Amino acids and Peptides	Tripeptides	Carboxylic acids and derivatives		4454	EB-MSV000090464-gnps_ms2	transferred	3	545.2953	2.15							low_cosine
C31H53N11O6	[M + Na]+	N''-[4-(cyclopentyloxy)-3-hydroxy-19-(hydroxymethyl)-6-[5-(hydroxymethyl)-3-oxooct-4-en-1-yl]-18-(methoxymethyl)-15-methyltricyclo[8.7.4.0²,⁷]henicosa-2,4,6-trien-8,12-diyn-21-yl]guanidine	CCCC(=CC(=O)CCC1=CC(=C(C2=C1C#CC3CC#CCC(CCC2C(C(CC3N=C(N)N)CO)COC)C)O)OC4CCCC4)CO	0.007	Amino acids and Peptides	Microcolins and mirabimids	Carboxylic acids and derivatives	378.0	4465	EB-MSV000090464-gnps_ms2	transferred	2	698.4066	2.15	698.4069	2.149989	0.43	-0.0	1.0	unique	assigned
C32H50N6O7	[M + Na]+	2-[18-(1-hydroxyethyl)-12-methyl-6-(2-methylpropyl)-1,4,7,10,13,16,19-heptaoxo-15-(propan-2-yl)-docosahydro-1H-pyrrolo[1,2-a]1,4,7,10,13,16,19-heptaazacyclohenicosan-9-yl]acetamide	CC1C(=O)NC(C(=O)NC(C(=O)N2CCCC2C(=O)NCC(=O)NC(C(=O)NC(C(=O)N1)CC(=O)N)CC(C)C)C(C)O)C(C)C	0.439	Amino acids and Peptides	Cyclic peptides	Carboxylic acids and derivatives	2490.0	4475	EB-MSV000090464-gnps_ms2	transferred	1	653.3649	2.15	653.3651	2.152	0.306	0.002	0.9836	unique	assigned
C14H18N2O3	[M + H]+	1-(2-amino-3-phenylpropanoyl)pyrrolidine-2-carboxylic acid	C1CC(N(C1)C(=O)C(CC2=CC=CC=C2)N)C(=O)O	0.998	Amino acids and Peptides	Dipeptides	Carboxylic acids and derivatives		4476	EB-MSV000090464-gnps_ms2	transferred	2	263.1388	2.14							low_cosine
C24H34N4O6	[M + H]+	H-Asp-Leu-Pro-Phe-al	CC(C)CC(C(=O)N1CCCC1C(=O)NC(CC2=CC=CC=C2)C=O)NC(=O)C(CC(=O)O)N	0.744	Amino acids and Peptides	Tripeptides	Carboxylic acids and derivatives	572.0	4477	EB-MSV000090464-gnps_ms2	transferred	2	475.2547	2.15	475.2544	2.152409	-0.631	0.002	1.0	ms2_winner	assigned
C16H25N3O7	[M + H]+	H-Pyr-Glu-Leu-OH	CC(C)CC(C(=O)O)NC(=O)C(CCC(=O)O)NC(=O)C1CCC(=O)N1	0.995	Amino acids and Peptides	Tripeptides	Carboxylic acids and derivatives	3125.0	4480	EB-MSV000090464-gnps_ms2	transferred	2	372.177	2.15	372.1772	2.15	0.537	0.0	1.0	ms2_winner	assigned
C11H20NO7P	[M + H]+	2-(Diethoxyphosphorylmethoxycarbonylamino)ethyl prop-2-enoate	CCOP(=O)(COC(=O)NCCOC(=O)C=C)OCC	0.172	Alkaloids	Aminoacids	Carboxylic acids and derivatives		4481	EB-MSV000090464-gnps_ms2	transferred	2	310.108	2.16							low_cosine
C41H54N6O9	[M + H]+	2-[21-benzyl-2,5,8,14,17,20,23-heptaoxo-6,15,18-tris(propan-2-yl)-1,4,7,13,16,19,22-heptaazatricyclo[22.3.0.0⁹,¹³]heptacosan-3-yl]acetamide	CC(C)C1C(=O)NC(C(=O)N2CCCC2C(=O)NC(C(=O)NC(C(=O)NC(C(=O)N3CCCC3C(=O)N1)C(C)C)C(C)C)CC4=CC=CC=C4)CC(=O)N	0.16	Amino acids and Peptides	Linear peptides	Carboxylic acids and derivatives	1750.0	4485	EB-MSV000090464-gnps_ms2	transferred	1	775.4028	2.16	775.4014	2.155332	-1.806	-0.005	1.0	unique	assigned
C24H34N4O8S	[M + H]+	[4-[[2-(4-Phenylmethoxyphenoxy)propanoylhydrazinylidene]methyl]phenyl] 4-ethoxybenzoate	CCOC1=CC=C(C=C1)C(=O)OC2=CC=C(C=C2)C=NNC(=O)C(C)OC3=CC=C(C=C3)OCC4=CC=CC=C4	0.02	Amino acids and Peptides	Linear peptides	Carboxylic acids and derivatives	4202.0	4496	EB-MSV000090464-gnps_ms2	transferred	1	539.2174	2.16	539.2173	2.133912	-0.185	-0.026	1.0	unique	assigned
C19H34N4O5	[M + H]+	2-[[1-[2-(2-Aminopropanoylamino)-3-methylbutanoyl]pyrrolidine-2-carbonyl]amino]-3-methylpentanoic acid	CCC(C)C(C(=O)O)NC(=O)C1CCCN1C(=O)C(C(C)C)NC(=O)C(C)N	0.817	Amino acids and Peptides	Tripeptides	Carboxylic acids and derivatives	375.0	4502	EB-MSV000090464-gnps_ms2	transferred	5	399.2614	2.16	399.2616	2.167	0.501	0.007	1.0	ms2_winner	assigned
C22H31N7O4	[M + H]+	3-Methylcyclo(Ala-Phe-D-Pro-3-guanidino-Ala-)	CCC1C(=O)NC(C(=O)N2CCCC2C(=O)NC(C(=O)N1)CN=C(N)N)CC3=CC=CC=C3	0.748	Amino acids and Peptides	Cyclic peptides	Carboxylic acids and derivatives	9305.0	4505	EB-MSV000090464-gnps_ms2	transferred	1	458.2524	2.17	458.2522	2.153247	-0.436	-0.017	0.9999	unique	assigned
C27H40N8O6	[M + H]+	H-DL-Arg-DL-Pro-DL-Pro-Gly-DL-Phe-OH	C1CC(N(C1)C(=O)C2CCCN2C(=O)C(CCCN=C(N)N)N)C(=O)NCC(=O)NC(CC3=CC=CC=C3)C(=O)O	0.476	Amino acids and Peptides	Tripeptides	Carboxylic acids and derivatives	4137.0	4511	EB-MSV000090464-gnps_ms2	transferred	2	573.3173	2.16	573.3173	2.137	0.0	-0.023	1.0	unique	assigned
C20H36N4O5	[M + H]+	tert-butyl N-(1-{4-[(1-carbamoylethyl)carbamoyl]piperidin-1-yl}-4-methyl-1-oxopentan-2-yl)carbamate	CC(C)CC(C(=O)N1CCC(CC1)C(=O)NC(C)C(=O)N)NC(=O)OC(C)(C)C	0.463	Amino acids and Peptides	Tripeptides	Carboxylic acids and derivatives	3523.0	4519	EB-MSV000090464-gnps_ms2	transferred	1	413.2766	2.16	413.2774	2.165	1.936	0.005	1.0	unique	assigned
C11H20N2O3	[M + H]+	4-methyl-2-[(pyrrolidin-2-yl)formamido]pentanoic acid	CC(C)CC(C(=O)O)NC(=O)C1CCCN1	0.769	Amino acids and Peptides	Dipeptides	Carboxylic acids and derivatives		4523	EB-MSV000090464-gnps_ms2	transferred	3	229.1545	2.16							low_cosine
C26H40N6O10	[M + H]+	(R)-2-((((9H-Fluoren-9-yl)methoxy)carbonyl)amino)-6-((1-(4,4-dimethyl-2,6-dioxocyclohexylidene)-3-methylbutyl)amino)hexanoic acid	CC(C)CC(=NCCCCC(C(=O)O)NC(=O)OCC1C2=CC=CC=C2C3=CC=CC=C13)C4=C(CC(CC4=O)(C)C)O	0.326	Amino acids and Peptides	Depsipeptides	Carboxylic acids and derivatives	1124.0	4524	EB-MSV000090464-gnps_ms2	transferred	1	597.2908	2.13	597.2916	2.126844	1.339	-0.003	1.0	unique	assigned
C50H80N8O20S	[M + H]+	Sialokinin II	CC(C)CC(C(=O)NC(CCSC)C(=O)N)NC(=O)CNC(=O)C(CC1=CC=C(C=C1)O)NC(=O)C(CC2=CC=CC=C2)NC(=O)C(CCCCN)NC(=O)C(CC(=O)O)NC(=O)CNC(=O)C(C(C)O)NC(=O)C(CC(=O)O)N		Amino acids and Peptides	Cyclic peptides	Polypeptides	2200.0	4532	EB-MSV000090464-gnps_ms2	transferred	1	1145.5205	2.17	1145.5221	2.166	1.397	-0.004	0.9998	unique	assigned
C21H36N8O9	[M + H]+	(2S)-2-[[(2S)-4-methyl-2-[[(2S)-3-phenyl-2-[[(2S)-pyrrolidin-1-ium-2-carbonyl]amino]propanoyl]amino]pentanoyl]amino]-3-phenylpropanoic acid	CC(C)CC(C(=O)NC(CC1=CC=CC=C1)C(=O)O)NC(=O)C(CC2=CC=CC=C2)NC(=O)C3CCCN3	0.589	Amino acids and Peptides	Tripeptides	Carboxylic acids and derivatives		4540	EB-MSV000090464-gnps_ms2	transferred	4	545.273	2.15							low_cosine
C16H29N3O4S	[M + H]+	2-[[1-(2-Amino-4-methylsulfanylbutanoyl)pyrrolidine-2-carbonyl]amino]-4-methylpentanoic acid	CC(C)CC(C(=O)O)NC(=O)C1CCCN1C(=O)C(CCSC)N	0.809	Amino acids and Peptides	Tripeptides	Carboxylic acids and derivatives	103.0	4571	EB-MSV000090464-gnps_ms2	transferred	3	360.1955	2.18	360.1958	2.181	0.833	0.001	1.0	ms2_winner	assigned
C25H34N6O8	[M + H]+	2-{[1-(2-{[(tert-butoxy)carbonyl]amino}-3-(1H-indol-3-yl)propanoyl)piperidin-4-yl]formamido}-4-(methylsulfanyl)butanoic acid	CC(C)(C)OC(=O)NC(CC1=CNC2=CC=CC=C21)C(=O)N3CCC(CC3)C(=O)NC(CCSC)C(=O)O	0.19	Amino acids and Peptides	Cyclic peptides	Carboxylic acids and derivatives		4580	EB-MSV000090464-gnps_ms2	transferred	4	547.2515	2.17							low_cosine
C48H64NO10P	[M + H]+	[O-[1-O,2-O-Bis[8-(1,1'-biphenyl-4-yloxy)octanoyl]-L-glycero-3-phospho]choline]anion	C[N+](C)(C)CCO[P+](O)([O-])OCC(COC(=O)CCCCCCCOC1=CC=C(C=C1)C2=CC=CC=C2)OC(=O)CCCCCCCOC3=CC=C(C=C3)C4=CC=CC=C4		Fatty acids	Oxidized glycerophospholipids	Glycerophospholipids		4581	EB-MSV000090464-gnps_ms2	transferred	1	846.4268	2.18							no_ms2_candidate
C24H41N7O11	[M + Na]+	Erythrochelin	CC(=O)NC(CCCN(C(=O)C)O)C(=O)NC(CO)C(=O)N(CCCC1C(=O)NC(C(=O)N1)CCCN(C(=O)C)O)O	0.289	Amino acids and Peptides	Cyclic peptides	Carboxylic acids and derivatives	5902.0	4587	EB-MSV000090464-gnps_ms2	transferred	2	626.2795	2.17	626.2796	2.181	0.16	0.011	0.9999	ms2_winner	assigned
C4H4N2O3S	[M + Na]+	4-Methoxy-1,2,5-thiadiazole-3-carboxylic acid	COC1=NSN=C1C(=O)O	0.04	Alkaloids	Imidazole alkaloids	Heteroaromatic compounds		4599	EB-MSV000090464-gnps_ms2	transferred	0	182.9856	2.17							no_match
C30H46N6O6S	[M + H]+	Cycloamanide A	CC1C(=O)NCC(=O)N2CCCC2C(=O)NC(C(=O)NC(C(=O)NC(C(=O)N1)CC3=CC=CC=C3)CC4=CC=CC=C4)C(C)C	0.78	Amino acids and Peptides	Tripeptides	Carboxylic acids and derivatives	415.0	4600	EB-MSV000090464-gnps_ms2	transferred	2	619.3309	2.18	619.3292	2.183356	-2.745	0.003	0.9999	unique	assigned
C25H37N5O5	[M + H]+	H-DL-Pro-DL-Phe-DL-Pro-DL-Lys-OH	C1CC(NC1)C(=O)NC(CC2=CC=CC=C2)C(=O)N3CCCC3C(=O)NC(CCCCN)C(=O)O	0.498	Amino acids and Peptides	Tripeptides	Carboxylic acids and derivatives	895.0	4601	EB-MSV000090464-gnps_ms2	transferred	4	488.2863	2.18	488.2864	2.184	0.205	0.004	1.0	ms2_winner	assigned
C35H43N7O10	[M + H]+	N-[(3R,6S,9S,12S,19S)-3-benzyl-9-ethyl-6-[(1R)-1-hydroxyethyl]-2,5,8,11,18-pentaoxo-1,4,7,10,17-pentazabicyclo[17.3.0]docosan-12-yl]-2-(2-oxopyrrolidin-1-yl)acetamide	CCC1C(=O)NC(C(=O)NC(C(=O)N2CCCC2C(=O)NCCCCC(C(=O)N1)NC(=O)CN3CCCC3=O)CC4=CC=CC=C4)C(C)O	0.43	Amino acids and Peptides	Cyclic peptides	Carboxylic acids and derivatives	990.0	4611	EB-MSV000090464-gnps_ms2	transferred	1	722.3204	2.18	722.3203	2.31922	-0.138	0.139	0.9661	unique	assigned
C27H46N4O7	[M + K]+	Pf1070B	CCC(C)C1C(=O)N2CCCC2C(=O)NC(C(=O)NC(C(=O)N1)CC3=CC=CC=C3)CCCCCC(=O)C4CO4	0.771	Amino acids and Peptides	Cyclic peptides	Carboxylic acids and derivatives	1475.0	4620	EB-MSV000090464-gnps_ms2	transferred	2	577.3008	2.18	577.298	2.184	-4.85	0.004	0.9122	unique	assigned
C29H49N13O7S	[M + Na]+	N,N-Diallyl-tyrosyl-leucyl-glycyl-tyrosyl-leucine	CC(C)CC(C(=O)NCC(=O)NC(CC1=CC=C(C=C1)O)C(=O)NC(CC(C)C)C(=O)O)NC(=O)C(CC2=CC=C(C=C2)O)N(CC=C)CC=C	0.073	Amino acids and Peptides	Cyclic peptides	Carboxylic acids and derivatives	99.0	4639	EB-MSV000090464-gnps_ms2	transferred	3	746.3519	2.19	746.3528	2.1955	1.206	0.006	0.9999	unique	assigned
C17H20N4O6	[M + H]+	Vitamin G	CC1=CC2=C(C=C1C)N(C3=NC(=O)NC(=O)C3=N2)CC(C(C(CO)O)O)O	0.92	Alkaloids	Phenazine alkaloids	Pteridines and derivatives	3202.0	4640	EB-MSV000090464-gnps_ms2	transferred	2	377.1464	2.19	377.1467	2.164419	0.795	-0.026	1.0	unique	assigned
C11H18N2O4	[M + H]+	4-methyl-2-[(5-oxopyrrolidin-2-yl)formamido]pentanoic acid	CC(C)CC(C(=O)O)NC(=O)C1CCC(=O)N1	0.648	Amino acids and Peptides	Dipeptides	Carboxylic acids and derivatives	1326.0	4644	EB-MSV000090464-gnps_ms2	transferred	2	243.1343	2.19	243.1341	1.878051	-0.823	-0.312	0.9063	ms2_tie	assigned
C11H18N2O2	[M + H]+	Gancidin W	CC(C)CC1C(=O)N2CCCC2C(=O)N1	0.891	Amino acids and Peptides	Dipeptides	Carboxylic acids and derivatives	479.0	4645	EB-MSV000090464-gnps_ms2	transferred	2	211.1439	2.19	211.144	2.196	0.474	0.006	1.0	ms2_tie	assigned
C30H33N3O6	[M + H]+	Z-Pro-Leu-Gly-OBzl	CC(C)CC(C(=O)NCC(=O)OCC1=CC=CC=C1)NC(=O)C2CCCN2C(=O)OCC3=CC=CC=C3	0.247	Amino acids and Peptides	Cyclic peptides	Carboxylic acids and derivatives	1913.0	4651	EB-MSV000090464-gnps_ms2	transferred	2	532.2427	2.2	532.2423	2.199	-0.752	-0.001	1.0	unique	assigned
C22H39N5O7S	[M + H]+	2-hydroxy-N-(1-{2-[3-methoxy-5-oxo-2-(propan-2-yl)-2,5-dihydro-1H-pyrrole-1-carbonyl]pyrrolidin-1-yl}-3-methyl-1-oxobutan-2-yl)-N,3-dimethylpentanamide	CCC(C)C(C(=O)N(C)C(C(C)C)C(=O)N1CCCC1C(=O)N2C(C(=CC2=O)OC)C(C)C)O	0.329	Amino acids and Peptides	Cyclic peptides	Carboxylic acids and derivatives	1947.0	4677	EB-MSV000090464-gnps_ms2	transferred	2	518.2637	2.2	518.2626	2.207	-2.122	0.007	0.9961	ms2_winner	assigned
C27H45N3O7	[M + K]+	H-Val-Pro-Pro-Leu-Asp-OH	CC(C)CC(C(=O)NC(CC(=O)O)C(=O)O)NC(=O)C1CCCN1C(=O)C2CCCN2C(=O)C(C(C)C)N	0.84	Amino acids and Peptides	Tripeptides	Carboxylic acids and derivatives	11098.0	4689	EB-MSV000090464-gnps_ms2	transferred	5	562.2905	2.21	562.2944	2.199	6.936	-0.011	0.986	ms2_winner	assigned
C37H53N7O10	[M + H]+	H-Pro-Pro-Gly-Pro-Pro-Gly-Pro-Pro-Gly-al	C1CC(NC1)C(=O)N2CCCC2C(=O)NCC(=O)N3CCCC3C(=O)N4CCCC4C(=O)NCC(=O)N5CCCC5C(=O)N6CCCC6C(=O)NCC=O	0.146	Amino acids and Peptides	Linear peptides	Carboxylic acids and derivatives	2504.0	4691	EB-MSV000090464-gnps_ms2	transferred	1	756.3927	2.21	756.3932	2.213008	0.661	0.003	0.9699	unique	assigned
C15H27N3O4	[M + H]+	2-acetamido-3-methyl-N-[1-[(3-methyl-1-oxobutan-2-yl)amino]-1-oxopropan-2-yl]butanamide	CC(C)C(C=O)NC(=O)C(C)NC(=O)C(C(C)C)NC(=O)C	0.61	Amino acids and Peptides	Tripeptides	Carboxylic acids and derivatives	1081.0	4696	EB-MSV000090464-gnps_ms2	transferred	2	314.2071	2.21	314.2069	2.207146	-0.637	-0.003	1.0	ms2_winner	assigned
C25H40N6O8	[M + Na]+	H-Pro-Ala-Thr-Pro-Ala-Pro-OH	CC(C(C(=O)N1CCCC1C(=O)NC(C)C(=O)N2CCCC2C(=O)O)NC(=O)C(C)NC(=O)C3CCCN3)O	0.848	Amino acids and Peptides	Tripeptides	Carboxylic acids and derivatives	689.0	4700	EB-MSV000090464-gnps_ms2	transferred	3	575.2817	2.21	575.2824	2.212	1.217	0.002	1.0	ms2_winner	assigned
C46H69N5O14	[M + K]+	H-Gly-Leu-Cys-Pro-Leu-Val-Ala-Met-Leu-OH	CC(C)CC(C(=O)NC(CS)C(=O)N1CCCC1C(=O)NC(CC(C)C)C(=O)NC(C(C)C)C(=O)NC(C)C(=O)NC(CCSC)C(=O)NC(CC(C)C)C(=O)O)NC(=O)CN	0.103	Amino acids and Peptides	Cyclic peptides	Carboxylic acids and derivatives	2940.0	4715	EB-MSV000090464-gnps_ms2	transferred	2	954.4476	2.2	954.449	2.199	1.467	-0.001	1.0	unique	assigned
C56H62N4O10	[M + H]+	Aclerastide	CCCCC(C(=O)NC(CC1=CC=C(C=C1)O)C(=O)NC(C(C)CC)C(=O)NC(CC2=CN=CN2)C(=O)N3CCCC3C(=O)O)NC(=O)C(CCCN=C(N)N)NC(=O)C(CC(=O)O)N	0.117	Amino acids and Peptides	Cyclic peptides	Carboxylic acids and derivatives	1520.0	4724	EB-MSV000090464-gnps_ms2	transferred	2	951.4482	2.22	951.4482	2.215	0.0	-0.005	1.0	ms2_winner	assigned
C23H38N6O5	[M + H]+	H-Ala-Lys-Ala-Ile-Ala-al	CCC(C)C(C(=O)NC(C)C=O)NC(=O)C(C)NC(=O)C(CCCCN)NC(=O)C(C)N	0.436	Amino acids and Peptides	Tripeptides	Carboxylic acids and derivatives	1241.0	4732	EB-MSV000090464-gnps_ms2	transferred	4	479.2992	2.22	479.2994	2.229	0.417	0.009	0.9999	ms2_tie	assigned
C17H26N4O4	[M + H]+	H-Ala-Leu-Ala-Ala-al	CC(C)CC(C(=O)NC(C)C(=O)NC(C)C=O)NC(=O)C(C)N	0.712	Amino acids and Peptides	Tripeptides	Carboxylic acids and derivatives	4426.0	4738	EB-MSV000090464-gnps_ms2	transferred	3	351.203	2.22	351.2028	2.2145	-0.569	-0.006	0.9999	ms2_winner	assigned
C18H28N4O6	[M + H]+	Boc-Leu-D-aIle-OMe	CCC(C)C(C(=O)OC)NC(=O)C(CC(C)C)NC(=O)OC(C)(C)C	0.466	Amino acids and Peptides	Dipeptides	Carboxylic acids and derivatives	294.0	4739	EB-MSV000090464-gnps_ms2	transferred	2	397.2076	2.22	397.2079	2.214	0.755	-0.006	0.9999	ms2_winner	assigned
C27H45N7O10	[M + H]+	Leukotriene C3	CCCCCCCCC=CC=CC=CC(C(CCCC(=O)O)O)SCC(C(=O)NCC(=O)O)NC(=O)CCC(C(=O)O)N	0.086	Amino acids and Peptides	Depsipeptides	Carboxylic acids and derivatives	326.0	4743	EB-MSV000090464-gnps_ms2	transferred	3	628.3287	2.22	628.328	2.215034	-1.114	-0.005	0.9999	unique	assigned
C20H34N4O5	[M + H]+	Pro-Val-Val-Pro	CC(C)C(C(=O)NC(C(C)C)C(=O)N1CCCC1C(=O)O)NC(=O)C2CCCN2	0.901	Amino acids and Peptides	Cyclic peptides	Carboxylic acids and derivatives	585.0	4760	EB-MSV000090464-gnps_ms2	transferred	5	411.2612	2.22	411.2614	2.294354	0.486	0.074	0.999	ms2_tie	assigned
C21H37N5O6	[M + H]+	gln-leu-val-pro	CC(C)CC(C(=O)NC(C(C)C)C(=O)N1CCCC1C(=O)O)NC(=O)C(CCC(=O)N)N	0.76	Amino acids and Peptides	Tripeptides	Carboxylic acids and derivatives		4771	EB-MSV000090464-gnps_ms2	transferred	7	456.2822	2.23							low_cosine
C24H33N5O6	[M + H]+	H-DL-Phe-DL-Pro-DL-Pro-DL-Gln-OH	C1CC(N(C1)C(=O)C2CCCN2C(=O)C(CC3=CC=CC=C3)N)C(=O)NC(CCC(=O)N)C(=O)O	0.732	Amino acids and Peptides	Tripeptides	Carboxylic acids and derivatives	1325.0	4778	EB-MSV000090464-gnps_ms2	transferred	3	488.2503	2.23	488.2502	2.261452	-0.205	0.031	0.9976	ms2_tie	assigned
C11H19FN2O5	[M + H]+		C1CC(NC1)C(=O)NC(CC2=CC=C(C=C2)O)C(=O)O	0.973	Amino acids and Peptides	Dipeptides	Carboxylic acids and derivatives		4787	EB-MSV000090464-gnps_ms2	transferred	4	279.1343	2.24							low_cosine
C34H57N11O13	[M + H]+	Albuminamide	CCC(C)C(C(=O)N)NC(=O)C(CCC(=O)O)NC(=O)C(CO)NC(=O)C(CCCCN)NC(=O)C(CC1C=NC=N1)NC(=O)C(C(C)O)NC(=O)C(CC(=O)O)N	0.086	Amino acids and Peptides	Cyclic peptides	Carboxylic acids and derivatives	2564.0	4789	EB-MSV000090464-gnps_ms2	transferred	1	828.4113	2.24	828.4119	2.232165	0.724	-0.008	1.0	unique	assigned
C30H36N6O5	[M + H]+	(4R)-2,2-difluoro-3,3-dihydroxy-N,6-dimethyl-4-[[(2S)-3-methyl-2-[[(2S)-3-methyl-2-(3-methylbutanoylamino)butanoyl]amino]butanoyl]amino]heptanamide	CC(C)CC(C(C(C(=O)NC)(F)F)(O)O)NC(=O)C(C(C)C)NC(=O)C(C(C)C)NC(=O)CC(C)C	0.556	Amino acids and Peptides	Tripeptides	Carboxylic acids and derivatives	1619.0	4797	EB-MSV000090464-gnps_ms2	transferred	2	561.2846	2.24	561.2847	2.242309	0.178	0.002	1.0	ms2_tie	assigned
C53H63N9O9	[M + H]+	dPLOT	CCC(C)C1C(=O)NC(C(=O)NC(C(=O)NC(C(=O)NC(CSSC(CC(=O)N1)(C)C)C(=O)N2CCCC2C(=O)NC(C(C)CC)C(=O)NCC(=O)N)CC(=O)N)CCC(=O)N)C(C)CC	0.94	Amino acids and Peptides	Cyclic peptides	Carboxylic acids and derivatives	3362.0	4798	EB-MSV000090464-gnps_ms2	transferred	2	970.4914	2.24	970.4902	2.244	-1.236	0.004	1.0	unique	assigned
C27H44N2O7S	[M + K]+	2-[(2R,3S)-3-[[2-[(2R,3S)-3-[[2-[(2R,3S)-3-[[2-[(2R,3S)-3-amino-5-oxopyrrolidin-2-yl]acetyl]amino]-5-oxopyrrolidin-2-yl]acetyl]amino]-5-oxopyrrolidin-2-yl]acetyl]amino]-5-oxopyrrolidin-2-yl]acetic acid	C1C(C(NC1=O)CC(=O)NC2CC(=O)NC2CC(=O)NC3CC(=O)NC3CC(=O)NC4CC(=O)NC4CC(=O)O)N	0.314	Amino acids and Peptides	Cyclic peptides	Carboxylic acids and derivatives		4804	EB-MSV000090464-gnps_ms2	transferred	2	579.2544	2.24							low_cosine
C15H22N2O3	[M + H]+	2-(2-amino-4-methylpentanamido)-3-phenylpropanoic acid	CC(C)CC(C(=O)NC(CC1=CC=CC=C1)C(=O)O)N	0.721	Amino acids and Peptides	Dipeptides	Carboxylic acids and derivatives	2326.0	4807	EB-MSV000090464-gnps_ms2	transferred	3	279.1704	2.24	279.1716	2.247346	4.298	0.007	0.991	ms2_winner	assigned
C20H36N4O6	[M + H]+	H-DL-Val-DL-Pro-DL-xiThr-DL-xiIle-OH	CCC(C)C(C(=O)O)NC(=O)C(C(C)O)NC(=O)C1CCCN1C(=O)C(C(C)C)N	0.272	Amino acids and Peptides	Tripeptides	Carboxylic acids and derivatives	2863.0	4808	EB-MSV000090464-gnps_ms2	transferred	3	429.2705	2.24	429.2703	2.243207	-0.466	0.003	1.0	ms2_winner	assigned
C36H61N9O12	[M + H]+	H-Ala-Leu-Gly-Ser-Thr-Ala-Pro-Pro-Val-OH	CC(C)CC(C(=O)NCC(=O)NC(CO)C(=O)NC(C(C)O)C(=O)NC(C)C(=O)N1CCCC1C(=O)N2CCCC2C(=O)NC(C(C)C)C(=O)O)NC(=O)C(C)N	0.551	Amino acids and Peptides	Cyclic peptides	Carboxylic acids and derivatives	620.0	4811	EB-MSV000090464-gnps_ms2	transferred	2	812.4536	2.24	812.4528	2.24134	-0.985	0.001	1.0	unique	assigned
C28H39N3O8S	[M + H]+	H-Val-Ala-His-Ser-Gly-Ala-NH2	CC(C)C(C(=O)NC(C)C(=O)NC(CC1=CN=CN1)C(=O)NC(CO)C(=O)NCC(=O)NC(C)C(=O)N)N	0.069	Amino acids and Peptides	Tripeptides	Carboxylic acids and derivatives		4814	EB-MSV000090464-gnps_ms2	transferred	3	578.251	2.24							low_cosine
C22H32N4O6	[M + H]+	H-DL-Tyr-DL-Pro-DL-Leu-Gly-OH	CC(C)CC(C(=O)NCC(=O)O)NC(=O)C1CCCN1C(=O)C(CC2=CC=C(C=C2)O)N	0.641	Amino acids and Peptides	Tripeptides	Carboxylic acids and derivatives	727.0	4820	EB-MSV000090464-gnps_ms2	transferred	4	449.2416	2.25	449.2422	2.216651	1.336	-0.033	1.0	ms2_tie	assigned
C19H30N6O8	[M + H]+	Ac-Ile-Ala-Thr-Unk	CCC(C)C(C(=O)NC(C)C(=O)NC(C(C)O)C(=O)NC(C)C(C)(O)O)NC(=O)C	0.165	Amino acids and Peptides	Tripeptides	Carboxylic acids and derivatives	7664.0	4823	EB-MSV000090464-gnps_ms2	transferred	1	471.222	2.25	471.222	2.217055	0.0	-0.033	1.0	unique	assigned
C7H17FN4O3S	[M + Na]+	4-amino-N-(4,6-dimethylpyrimidin-2-yl)benzene-1-sulfonamide	CC1=CC(=NC(=N1)NS(=O)(=O)C2=CC=C(C=C2)N)C	0.82	Alkaloids	Pyridine alkaloids	Benzene and substituted derivatives		4828	EB-MSV000090464-gnps_ms2	transferred	1	279.0914	2.27							low_cosine
C30H44N6O9	[M + H]+	Cbz-Leu-D-Leu-Glu-NA	CC(C)CC(C(=O)NC(CCC(=O)O)C(=O)NC1=CC2=CC=CC=C2C=C1)NC(=O)C(CC(C)C)NC(=O)OCC3=CC=CC=C3	0.542	Amino acids and Peptides	Cyclic peptides	Carboxylic acids and derivatives	2162.0	4836	EB-MSV000090464-gnps_ms2	transferred	3	633.3267	2.25	633.3257	2.244577	-1.579	-0.005	0.9999	unique	assigned
C11H20NO7P	[M + H]+	[(5-[(Ethoxycarbonyloxy)methyl]-4,5-dihydroisoxazol)-3-yl]phosphonic acid diethyl ester	CCOC(=O)OCC1CC(=NO1)[P+]([O-])(OCC)OCC	0.155	Amino acids and Peptides	Aminoacids	Organic phosphonic acids and derivatives	10010.0	4844	EB-MSV000090464-gnps_ms2	transferred	2	310.1083	2.26	310.1082	2.24664	-0.322	-0.013	0.999	ms2_tie	assigned
C32H47N7O9	[M + H]+	Boc-Pro-Ile-Leu-Pro-Pro-OH	CCC(C)C(C(=O)NC(CC(C)C)C(=O)N1CCCC1C(=O)N2CCCC2C(=O)O)NC(=O)C3CCCN3C(=O)OC(C)(C)C	0.298	Amino acids and Peptides	Tripeptides	Carboxylic acids and derivatives	9.0	4845	EB-MSV000090464-gnps_ms2	transferred	3	674.3542	2.26	674.3536	2.011	-0.89	-0.249	0.9789	ms2_winner	assigned
C59H75N3O7	[M + K]+	(3R,4R,7R,9R,11R,15S,16R,18S,34R,36S,37R,38S)-34-[(3R,4R,5R,6S)-4-amino-3,5-dihydroxy-6-methyloxan-2-yl]oxy-1,3,4,7,9,11,17,38-octahydroxy-15,16,18-trimethyl-13-oxo-14,41-dioxabicyclo[34.4.1]hentetraconta-19,21,25,28,30,32-hexaene-37-carbaldehyde	CC1C=CC=CCCC=CCC=CC=CC=CC(CC2C(C(CCC(O2)(CC(C(CCC(CC(CC(CC(=O)OC(C(C1O)C)C)O)O)O)O)O)O)O)C=O)OC3C(C(C(C(O3)C)O)N)O	0.106	Polyketides	Open-chain polyketides	Carboxylic acids and derivatives	3025.0	4849	EB-MSV000090464-gnps_ms2	transferred	1	976.5156	2.26	976.5145	2.257913	-1.126	-0.002	1.0	unique	assigned
C9H17N3O5S	[M + H]+	N-[1,3-dihydroxy-2-(hydroxymethyl)propan-2-yl]-3,5-dimethyl-1H-pyrazole-4-sulfonamide	CC1=C(C(=NN1)C)S(=O)(=O)NC(CO)(CO)CO	0.042	Amino acids and Peptides	Tricyclic guanidine alkaloids	Benzene and substituted derivatives		4853	EB-MSV000090464-gnps_ms2	transferred	1	280.095	2.27							no_ms2_candidate
C26H41N3O6	[M + Na]+	L-Leucine, N-[(phenylmethoxy)carbonyl]-L-leucyl-L-leucyl-	CC(C)CC(C(=O)NC(CC(C)C)C(=O)O)NC(=O)C(CC(C)C)NC(=O)OCC1=CC=CC=C1	0.396	Amino acids and Peptides	Cyclic peptides	Carboxylic acids and derivatives	1171.0	4856	EB-MSV000090464-gnps_ms2	transferred	4	514.2865	2.26	514.2869	2.26215	0.778	0.002	0.9999	ms2_tie	assigned
C24H33N5O6	[M + H]+	H-DL-Phe-DL-Pro-DL-Pro-DL-Gln-OH	C1CC(N(C1)C(=O)C2CCCN2C(=O)C(CC3=CC=CC=C3)N)C(=O)NC(CCC(=O)N)C(=O)O	0.671	Amino acids and Peptides	Tripeptides	Carboxylic acids and derivatives	1325.0	4860	EB-MSV000090464-gnps_ms2	transferred	3	488.2502	2.26	488.2502	2.261452	0.0	0.001	1.0	ms2_tie	assigned
C23H31N5O7	[M + H]+	1-[2-({1-[2-(2-aminoacetamido)-3-phenylpropanoyl]-4-hydroxypyrrolidin-2-yl}formamido)acetyl]pyrrolidine-2-carboxylic acid	C1CC(N(C1)C(=O)CNC(=O)C2CC(CN2C(=O)C(CC3=CC=CC=C3)NC(=O)CN)O)C(=O)O	0.738	Amino acids and Peptides	Cyclic peptides	Carboxylic acids and derivatives	1579.0	4865	EB-MSV000090464-gnps_ms2	transferred	3	490.2308	2.26	490.2309	2.259667	0.204	-0.0	1.0	ms2_winner	assigned
C16H29N3O4S	[M + H]+	2-[[1-(2-Amino-4-methylsulfanylbutanoyl)pyrrolidine-2-carbonyl]amino]-4-methylpentanoic acid	CC(C)CC(C(=O)O)NC(=O)C1CCCN1C(=O)C(CCSC)N	0.814	Amino acids and Peptides	Tripeptides	Carboxylic acids and derivatives	103.0	4871	EB-MSV000090464-gnps_ms2	transferred	4	360.1957	2.25	360.1958	2.181	0.278	-0.069	0.9919	ms2_winner	assigned
C35H43N7O10	[M + H]+	N-[(3R,6S,9S,12S,19S)-3-benzyl-9-ethyl-6-[(1R)-1-hydroxyethyl]-2,5,8,11,18-pentaoxo-1,4,7,10,17-pentazabicyclo[17.3.0]docosan-12-yl]-2-(2-oxopyrrolidin-1-yl)acetamide	CCC1C(=O)NC(C(=O)NC(C(=O)N2CCCC2C(=O)NCCCCC(C(=O)N1)NC(=O)CN3CCCC3=O)CC4=CC=CC=C4)C(C)O	0.385	Amino acids and Peptides	Cyclic peptides	Carboxylic acids and derivatives	990.0	4874	EB-MSV000090464-gnps_ms2	transferred	2	722.3196	2.27	722.3203	2.31922	0.969	0.049	0.9609	unique	assigned
C13H20FN3O4	[M + H]+	1-[2-azaniumyl-3-(1H-indol-3-yl)propanoyl]pyrrolidine-2-carboxylate	C1CC(N(C1)C(=O)C(CC2=CNC3=CC=CC=C32)N)C(=O)O	0.997	Amino acids and Peptides	Dipeptides	Carboxylic acids and derivatives	3037.0	4885	EB-MSV000090464-gnps_ms2	transferred	4	302.1504	2.26	302.1492	2.261168	-3.972	0.001	1.0	ms2_tie	assigned
C29H46N6O12	[M + H]+	(3S)-3-[[(2S)-1-[(2S)-2-aminopropanoyl]pyrrolidine-2-carbonyl]amino]-4-[[(2R,3R)-1-[[(2S)-1-[(2S)-2-carbamoylpyrrolidin-1-yl]-5-(diaminomethylideneamino)-1-oxopentan-2-yl]amino]-1-oxo-3-sulfanylbutan-2-yl]amino]-4-oxobutanoic acid	CC(C(C(=O)NC(CCCN=C(N)N)C(=O)N1CCCC1C(=O)N)NC(=O)C(CC(=O)O)NC(=O)C2CCCN2C(=O)C(C)N)S	0.634	Amino acids and Peptides	Tripeptides	Carboxylic acids and derivatives	3624.0	4890	EB-MSV000090464-gnps_ms2	transferred	1	671.3246	2.27	671.3243	2.271323	-0.447	0.001	0.9999	unique	assigned
C8H12BN5O5S	[M + H]+	4-amino-N-(4,6-dimethylpyrimidin-2-yl)benzene-1-sulfonamide	CC1=CC(=NC(=N1)NS(=O)(=O)C2=CC=C(C=C2)N)C	0.694	Alkaloids	Purine alkaloids	Benzene and substituted derivatives	1213.0	4894	EB-MSV000090464-gnps_ms2	transferred	1	301.0733	2.27	301.0732	2.092542	-0.332	-0.177	0.976	unique	assigned
C37H55N7O9	[M + H]+	Unk-DL-hPhe-Leu-DL-Phe-Leu-Unk	CC(C)CC(C(=O)C1(CO1)C)NC(=O)C(CC2=CC=CC=C2)NC(=O)C(CC(C)C)NC(=O)C(CCC3=CC=CC=C3)NC(=O)CN4CCOCC4	0.106	Amino acids and Peptides	Cyclic peptides	Carboxylic acids and derivatives	366.0	4899	EB-MSV000090464-gnps_ms2	transferred	2	742.4043	2.28	742.4036	2.270405	-0.943	-0.01	0.9999	ms2_winner	assigned
C31H35N3O6	[M + H]+	deamino-Tyr-DL-Pro-DL-Pro-Gly-DL-Ala-Gly-OH	CC(C(=O)NCC(=O)O)NC(=O)CNC(=O)C1CCCN1C(=O)C2CCCN2C(=O)CCC3=CC=C(C=C3)O	0.76	Amino acids and Peptides	Cyclic peptides	Carboxylic acids and derivatives	785.0	4905	EB-MSV000090464-gnps_ms2	transferred	7	546.259	2.28	546.2618	2.277979	5.126	-0.002	0.9932	ms2_winner	assigned
C22H20F4N2O10	[M + Na]+	5,5',6,6'-TF-Bapta	C1=CC(=C(C(=C1N(CC(=O)O)CC(=O)O)OCCOC2=C(C=CC(=C2F)F)N(CC(=O)O)CC(=O)O)F)F	0.062	Amino acids and Peptides	Simple coumarins	Phenol ethers	8350.0	4908	EB-MSV000090464-gnps_ms2	transferred	1	571.0975	2.28	571.0981	2.250862	1.051	-0.029	0.9993	unique	assigned
C20H26N4O7	[M + H]+	(2S)-2-[((2S)-2-{[(benzyloxy)carbonyl]amino}-3-methylpentanoyl)amino]-3-phenylpropanoic acid	CCC(C)C(C(=O)NC(CC1=CC=CC=C1)C(=O)O)NC(=O)OCC2=CC=CC=C2	0.449	Amino acids and Peptides	Dipeptides	Carboxylic acids and derivatives	7214.0	4913	EB-MSV000090464-gnps_ms2	transferred	2	435.1893	2.27	435.1898	2.241217	1.149	-0.029	0.9984	unique	assigned
C27H35FN4O7	[M + H]+	Cbz-Gly(tBu)-Ala(cPr)-Ala((S)-2-oxopyrrolidin-3-yl)-SH	CC(C)(C)C(C(=O)NC(CC1CC1)C(=O)NC(CC2CCNC2=O)C(=O)S)NC(=O)OCC3=CC=CC=C3	0.2	Amino acids and Peptides	Cyclic peptides	Carboxylic acids and derivatives		4915	EB-MSV000090464-gnps_ms2	transferred	6	547.2589	2.28							low_cosine
C43H60N6O8	[M + H]+	(2S)-2-[[(2S)-2-[[(2S)-2-[[(2S)-2-[[(2S)-2-[(4-tert-butylbenzoyl)amino]-3-phenylpropanoyl]amino]propanoyl]amino]-4-methylpentanoyl]amino]-6-[ethyl(methyl)amino]hexanoyl]amino]-3-hydroxypropanoic acid	CCN(C)CCCCC(C(=O)NC(CO)C(=O)O)NC(=O)C(CC(C)C)NC(=O)C(C)NC(=O)C(CC1=CC=CC=C1)NC(=O)C2=CC=C(C=C2)C(C)(C)C	0.046	Amino acids and Peptides	Cyclic peptides	Carboxylic acids and derivatives	7686.0	4916	EB-MSV000090464-gnps_ms2	transferred	1	789.4633	2.29	789.4674	2.279416	5.193	-0.011	0.9999	unique	assigned
C16H21N3O4	[M + H]+	2-[[1-(2-Aminoacetyl)pyrrolidine-2-carbonyl]amino]-3-phenylpropanoic acid	C1CC(N(C1)C(=O)CN)C(=O)NC(CC2=CC=CC=C2)C(=O)O	0.918	Amino acids and Peptides	Tripeptides	Carboxylic acids and derivatives		4917	EB-MSV000090464-gnps_ms2	transferred	1	320.1618	2.27							low_cosine
C11H18N2O2	[M + H]+	Gancidin W	CC(C)CC1C(=O)N2CCCC2C(=O)N1	0.842	Amino acids and Peptides	Dipeptides	Carboxylic acids and derivatives		4920	EB-MSV000090464-gnps_ms2	transferred	2	211.144	2.27							low_cosine
C20H33N5O6	[M + H]+	H-DL-Asn-DL-Pro-DL-Leu-DL-Pro-OH	CC(C)CC(C(=O)N1CCCC1C(=O)O)NC(=O)C2CCCN2C(=O)C(CC(=O)N)N	0.322	Amino acids and Peptides	Tripeptides	Carboxylic acids and derivatives		4922	EB-MSV000090464-gnps_ms2	transferred	1	440.2512	2.28							low_cosine
C9H10N4O2S2	[M + H]+	4-amino-N-(5-methyl-1,3,4-thiadiazol-2-yl)benzene-1-sulfonamide	CC1=NN=C(S1)NS(=O)(=O)C2=CC=C(C=C2)N	0.831	Amino acids and Peptides	Tantazoles and mirabazoles	Benzene and substituted derivatives	230.0	4923	EB-MSV000090464-gnps_ms2	transferred	1	271.0325	2.28	271.0324	2.253526	-0.369	-0.026	1.0	unique	assigned
C8H8N4O5S	[M + H]+	2-(2-Methyl-5-Nitro-1h-Imidazol-1-Yl)ethyl Sulfamate	CC1=NC=C(N1CCOS(=O)(=O)N)[N+](=O)[O-]	0.086	Amino acids and Peptides	Aminoacids	Carboxylic acids and derivatives	2243.0	4924	EB-MSV000090464-gnps_ms2	transferred	1	273.0278	2.28	273.0276	2.25716	-0.733	-0.023	1.0	unique	assigned
C13H18ClN3O2S	[M + H]+	4-amino-2-chloro-N-(2-cyanoethyl)-N-(2-methylpropyl)benzenesulfonamide	CC(C)CN(CCC#N)S(=O)(=O)C1=C(C=C(C=C1)N)Cl	0.319	Alkaloids	Polyamines	Benzene and substituted derivatives	4932.0	4926	EB-MSV000090464-gnps_ms2	transferred	1	316.0907	2.29	316.0908	2.257576	0.316	-0.032	1.0	unique	assigned
C24H20N4O3S4	[M + H]+	2,4-dichloro-N-[2-[4-[(5-methyl-1,2-oxazol-3-yl)sulfamoyl]phenyl]-3H-isoindol-1-ylidene]benzamide	CC1=CC(=NO1)NS(=O)(=O)C2=CC=C(C=C2)N3CC4=CC=CC=C4C3=NC(=O)C5=C(C=C(C=C5)Cl)Cl	0.339	Alkaloids	Carboline alkaloids	Benzene and substituted derivatives	2680.0	4930	EB-MSV000090464-gnps_ms2	transferred	1	541.0567	2.28	541.057	2.253287	0.554	-0.027	1.0	unique	assigned
C26H35N5O6	[M + H]+	H-DL-Lys-DL-Phe-DL-xiThr-DL-Pro-OH	CC(C(C(=O)N1CCCC1C(=O)O)NC(=O)C(CC2=CC=CC=C2)NC(=O)C(CCCCN)N)O	0.203	Amino acids and Peptides	Tripeptides	Carboxylic acids and derivatives		4934	EB-MSV000090464-gnps_ms2	transferred	3	514.2643	2.28							low_cosine
C40H43N5O7	[M + H]+	H-Asn-Phe-Val-Phe-Gly-Thr-OH	CC(C)C(C(=O)NC(CC1=CC=CC=C1)C(=O)NCC(=O)NC(C(C)O)C(=O)O)NC(=O)C(CC2=CC=CC=C2)NC(=O)C(CC(=O)N)N	0.277	Amino acids and Peptides	Linear peptides	Carboxylic acids and derivatives	467.0	4935	EB-MSV000090464-gnps_ms2	transferred	2	706.3239	2.29	706.324	2.00912	0.142	-0.281	0.9771	ms2_tie	assigned
C16H18O22	[M + H]+		C1C2C(C(C(C(O2)O)O)OC(=O)C3=CC(=C(C(=C3C4=C(C(=C(C=C4C(=O)O1)O)O)O)O)O)O)OS(=O)(=O)O	0.134	Shikimates and Phenylpropanoids	Flavonols	Benzene and substituted derivatives	5855.0	4936	EB-MSV000090464-gnps_ms2	transferred	2	563.0383	2.29	563.0417	2.252165	6.039	-0.038	1.0	ms2_tie	assigned
C9H8O11	[M + H]+	4-isothiocyanato-N-pyrimidin-2-ylbenzenesulfonamide	C1=CN=C(N=C1)NS(=O)(=O)C2=CC=C(C=C2)N=C=S	0.047	Amino acids and Peptides	Cyclamides	Azoles	2283.0	4939	EB-MSV000090464-gnps_ms2	transferred	1	293.0138	2.29	293.0139	2.255253	0.341	-0.035	0.9987	unique	assigned
C23H38N6O5	[M + H]+	H-Ala-Lys-Ala-Ile-Ala-al	CCC(C)C(C(=O)NC(C)C=O)NC(=O)C(C)NC(=O)C(CCCCN)NC(=O)C(C)N	0.478	Amino acids and Peptides	Tripeptides	Carboxylic acids and derivatives	2292.0	4941	EB-MSV000090464-gnps_ms2	transferred	4	479.2992	2.29	479.2991	2.111175	-0.209	-0.179	0.994	ms2_tie	assigned
C24H42N4O8	[M + K]+	(2R,3R,4R,5R)-3,4-dihydroxy-N,N'-bis[(2S)-3-methyl-1-(methylamino)-1-oxobutan-2-yl]-2,5-bis(prop-2-enoxy)hexanediamide	CC(C)C(C(=O)NC)NC(=O)C(C(C(C(C(=O)NC(C(C)C)C(=O)NC)OCC=C)O)O)OCC=C	0.645	Amino acids and Peptides	Cyclic peptides	Carboxylic acids and derivatives	981.0	4959	EB-MSV000090464-gnps_ms2	transferred	2	553.2614	2.29	553.2619	2.285065	0.904	-0.005	0.9999	unique	assigned
C20H34N4O5	[M + H]+	Pro-Val-Val-Pro	CC(C)C(C(=O)NC(C(C)C)C(=O)N1CCCC1C(=O)O)NC(=O)C2CCCN2	0.869	Amino acids and Peptides	Cyclic peptides	Carboxylic acids and derivatives	585.0	4963	EB-MSV000090464-gnps_ms2	transferred	4	411.2612	2.3	411.2614	2.294354	0.486	-0.006	0.9992	ms2_winner	assigned
C28H40N4O5	[M + H]+	(3S,9S,14Ar)-9-Benzyl-6,6-Dimethyl-3-(6-Oxooctyl)Decahydro-Pyrrolo[1,2-A][1,4,7,10]Tetraazacyclododecine-1,4,7,10-Tetraone	CCC(=O)CCCCCC1C(=O)NC(C(=O)NC(C(=O)N2CCCC2C(=O)N1)CC3=CC=CC=C3)(C)C	0.165	Amino acids and Peptides	Cyclic peptides	Carboxylic acids and derivatives	613.0	4969	EB-MSV000090464-gnps_ms2	transferred	2	513.3041	2.3	513.3032	2.299286	-1.753	-0.001	0.9112	unique	assigned
C21H37N5O6	[M + H]+	gln-leu-val-pro	CC(C)CC(C(=O)NC(C(C)C)C(=O)N1CCCC1C(=O)O)NC(=O)C(CCC(=O)N)N	0.936	Amino acids and Peptides	Tripeptides	Carboxylic acids and derivatives	3953.0	4973	EB-MSV000090464-gnps_ms2	transferred	7	456.282	2.31	456.2818	2.319219	-0.438	0.009	0.991	ms2_tie	assigned
C27H39N5O7	[M + H]+	H-DL-Ala-DL-Val-DL-Pro-DL-Tyr-DL-Pro-OH	CC(C)C(C(=O)N1CCCC1C(=O)NC(CC2=CC=C(C=C2)O)C(=O)N3CCCC3C(=O)O)NC(=O)C(C)N	0.821	Amino acids and Peptides	Cyclic peptides	Carboxylic acids and derivatives	2281.0	4974	EB-MSV000090464-gnps_ms2	transferred	4	546.2932	2.32	546.2925	2.577245	-1.281	0.257	0.9403	ms2_winner	assigned
C21H28N4O5	[M + H]+	2-[[1-[3-Phenyl-2-(pyrrolidine-2-carbonylamino)propanoyl]pyrrolidine-2-carbonyl]amino]acetic acid	C1CC(NC1)C(=O)NC(CC2=CC=CC=C2)C(=O)N3CCCC3C(=O)NCC(=O)O	0.983	Amino acids and Peptides	Tripeptides	Carboxylic acids and derivatives	228.0	4986	EB-MSV000090464-gnps_ms2	transferred	5	417.214	2.31	417.2147	2.291164	1.678	-0.019	1.0	ms2_winner	assigned
C19H27N3O5	[M + H]+	1-[2-[[2-Amino-3-(4-hydroxyphenyl)propanoyl]amino]-3-methylbutanoyl]pyrrolidine-2-carboxylic acid	CC(C)C(C(=O)N1CCCC1C(=O)O)NC(=O)C(CC2=CC=C(C=C2)O)N	0.69	Amino acids and Peptides	Tripeptides	Carboxylic acids and derivatives	5639.0	4988	EB-MSV000090464-gnps_ms2	transferred	3	378.2029	2.31	378.2013	2.269741	-4.231	-0.04	0.9943	ms2_winner	assigned
C26H35N5O8	[M + H]+	deamino-Tyr-DL-Pro-DL-Pro-Gly-DL-Ala-Gly-OH	CC(C(=O)NCC(=O)O)NC(=O)CNC(=O)C1CCCN1C(=O)C2CCCN2C(=O)CCC3=CC=C(C=C3)O	0.587	Amino acids and Peptides	Cyclic peptides	Carboxylic acids and derivatives	835.0	4989	EB-MSV000090464-gnps_ms2	transferred	7	546.2567	2.3	546.256	2.281531	-1.281	-0.018	0.9939	ms2_winner	assigned
C29H42N6O7S	[M + H]+	Casomorphin, trp(3)-	C1CC(N(C1)C(=O)C(CC2=CC=C(C=C2)O)N)C(=O)NC(CC3=CNC4=CC=CC=C43)C(=O)N5CCCC5C(=O)NCC(=O)O	0.41	Amino acids and Peptides	Tripeptides	Carboxylic acids and derivatives		4991	EB-MSV000090464-gnps_ms2	transferred	2	619.2889	2.31							low_cosine
C27H37N5O8	[M + H]+	3-{[(1R,2S,5S)-3-[(2S)-2-{[(tert-butoxy)carbonyl]amino}-2-cyclohexylacetyl]-6,6-dimethyl-3-azabicyclo[3.1.0]hexan-2-yl]formamido}-2-oxohexanoic acid	CCCC(C(=O)C(=O)O)NC(=O)C1C2C(C2(C)C)CN1C(=O)C(C3CCCCC3)NC(=O)OC(C)(C)C	0.249	Amino acids and Peptides	Tripeptides	Carboxylic acids and derivatives	477.0	4992	EB-MSV000090464-gnps_ms2	transferred	2	560.2695	2.31	560.2707	2.308291	2.142	-0.002	0.9999	unique	assigned
C31H53N9O11	[M + H]+	Citrusin Iii	CC(C)CC1C(=O)NC(C(=O)N2CCCC2C(=O)NC(C(=O)NCC(=O)NC(C(=O)N3CCCC3C(=O)N1)CO)CC4=CC=C(C=C4)O)CC(C)C	0.414	Amino acids and Peptides	Cyclic peptides	Carboxylic acids and derivatives	1342.0	4996	EB-MSV000090464-gnps_ms2	transferred	4	728.3957	2.31	728.3986	2.309574	3.981	-0.0	0.9999	ms2_tie	assigned
C26H43N3O6	[M + K]+	Ac-L-Pro-N-Methyl-L-Ala-L-Pro-L-Leu-Gly-OH	CC(C)CC(C(=O)NCC(=O)O)NC(=O)C1CCCN1C(=O)C(C)N(C)C(=O)C2CCCN2C(=O)C	0.323	Amino acids and Peptides	Tripeptides	Carboxylic acids and derivatives	3031.0	5000	EB-MSV000090464-gnps_ms2	transferred	4	532.2789	2.31	532.2783	2.311845	-1.127	0.002	1.0	unique	assigned
C23H40N6O10	[M + H]+	(4R)-2,2-difluoro-3,3-dihydroxy-N,6-dimethyl-4-[[(2S)-3-methyl-2-[[(2S)-3-methyl-2-(3-methylbutanoylamino)butanoyl]amino]butanoyl]amino]heptanamide	CC(C)CC(C(C(C(=O)NC)(F)F)(O)O)NC(=O)C(C(C)C)NC(=O)C(C(C)C)NC(=O)CC(C)C	0.17	Amino acids and Peptides	Tripeptides	Carboxylic acids and derivatives	1862.0	5011	EB-MSV000090464-gnps_ms2	transferred	2	561.2846	2.31	561.2849	2.312226	0.534	0.002	1.0	ms2_tie	assigned
C33H47N5O5	[M + K]+	Glaucacyclopeptide A	CCC(C)C1C(=O)N2CCCC2C(=O)NCC(=O)NC(C(=O)NCC(=O)NC(C(=O)NC(C(=O)N1)C(C)C)C(C)C)C	0.183	Amino acids and Peptides	Tripeptides	Carboxylic acids and derivatives	1028.0	5018	EB-MSV000090464-gnps_ms2	transferred	2	632.3212	2.32	632.3212	2.324	0.0	0.004	1.0	ms2_winner	assigned
C39H58N6O8	[M + H]+	tert-butyl N-[(1S)-1-[(1S,4S,5R)-4-[[1-(2-cyclopropylethyl)-3-[[2-[[(1S)-2-(dimethylamino)-2-oxo-1-phenyl-ethyl]amino]-2-oxo-ethyl]amino]-2,3-dioxo-propyl]carbamoyl]-6,6-dimethyl-3-azabicyclo[3.1.0]hexane-3-carbonyl]-2,2-dimethyl-propyl]carbamate	CC1(C2C1C(N(C2)C(=O)C(C(C)(C)C)NC(=O)OC(C)(C)C)C(=O)NC(CCC3CC3)C(=O)C(=O)NCC(=O)NC(C4=CC=CC=C4)C(=O)N(C)C)C	0.068	Amino acids and Peptides	Cyclic peptides	Carboxylic acids and derivatives	2164.0	5024	EB-MSV000090464-gnps_ms2	transferred	2	739.4386	2.33	739.439	2.327	0.541	-0.003	1.0	ms2_winner	assigned
C21H28N4O5	[M + Na]+	2-[[1-[3-Phenyl-2-(pyrrolidine-2-carbonylamino)propanoyl]pyrrolidine-2-carbonyl]amino]acetic acid	C1CC(NC1)C(=O)NC(CC2=CC=CC=C2)C(=O)N3CCCC3C(=O)NCC(=O)O	0.527	Amino acids and Peptides	Tripeptides	Carboxylic acids and derivatives	3925.0	5026	EB-MSV000090464-gnps_ms2	transferred	3	439.1951	2.33	439.1954	2.293143	0.683	-0.037	1.0	ms2_winner	assigned
C14H32N6O7	[M + Na]+	2-[[(2S,4S)-4-(4-acetamidopyrazol-1-yl)-1-[(3-fluoropyridin-4-yl)methyl]pyrrolidin-2-yl]methoxy]-N,N-dimethylacetamide	CC(=O)NC1=CN(N=C1)C2CC(N(C2)CC3=C(C=NC=C3)F)COCC(=O)N(C)C	0.036	Amino acids and Peptides	Tripeptides	Carboxylic acids and derivatives	4808.0	5027	EB-MSV000090464-gnps_ms2	transferred	4	419.2182	2.32	419.2183	2.291939	0.239	-0.028	1.0	ms2_winner	assigned
C11H20N2O3	[M + H]+	4-methyl-2-[(pyrrolidin-2-yl)formamido]pentanoic acid	CC(C)CC(C(=O)O)NC(=O)C1CCCN1	0.843	Amino acids and Peptides	Dipeptides	Carboxylic acids and derivatives	27606.0	5039	EB-MSV000090464-gnps_ms2	transferred	3	229.1545	2.33	229.1542	2.442654	-1.309	0.113	0.798	unique	assigned
C17H31N3O4	[M + H]+	Diprotin A	CCC(C)C(C(=O)N1CCCC1C(=O)NC(C(C)CC)C(=O)O)N	0.862	Amino acids and Peptides	Dipeptides	Carboxylic acids and derivatives	108.0	5040	EB-MSV000090464-gnps_ms2	transferred	3	342.2395	2.34	342.2396	2.326	0.292	-0.014	1.0	ms2_winner	assigned
C47H62N10O11	[M + H]+	(3S)-4-[[(2S)-1-[[(2S)-1-[[1-[[(3S)-1-[(2S)-1-[[(2S)-1-amino-4-methylsulfanyl-1-oxobutan-2-yl]amino]-4-methyl-1-oxopentan-2-yl]-2-oxopyrrolidin-3-yl]amino]-3-methyl-1-oxobutan-2-yl]amino]-1-oxo-3-phenylpropan-2-yl]amino]-3-hydroxy-1-oxopropan-2-yl]amino]-3-[[(2S)-2,6-diaminohexanoyl]amino]-4-oxobutanoic acid	CC(C)CC(C(=O)NC(CCSC)C(=O)N)N1CCC(C1=O)NC(=O)C(C(C)C)NC(=O)C(CC2=CC=CC=C2)NC(=O)C(CO)NC(=O)C(CC(=O)O)NC(=O)C(CCCCN)N	0.21	Amino acids and Peptides	Cyclic peptides	Carboxylic acids and derivatives	941.0	5043	EB-MSV000090464-gnps_ms2	transferred	2	943.4698	2.33	943.4691	2.326	-0.742	-0.004	0.9999	unique	assigned
C8H10FN2O2	[M + K]+	(3-Amino-3-fluoro-6-methylcyclohexa-1,5-dien-1-yl) hydrogen sulfate	CC1=CCC(C=C1OS(=O)(=O)O)(N)F	0.004	Amino acids and Peptides	Aminoacids	Carboxylic acids and derivatives	5366.0	5046	EB-MSV000090464-gnps_ms2	transferred	1	224.0385	2.34	224.0384	2.292019	-0.446	-0.048	1.0	unique	assigned
C26H35N5O8	[M + H]+	deamino-Tyr-DL-Pro-DL-Pro-Gly-DL-Ala-Gly-OH	CC(C(=O)NCC(=O)O)NC(=O)CNC(=O)C1CCCN1C(=O)C2CCCN2C(=O)CCC3=CC=C(C=C3)O	0.724	Amino acids and Peptides	Cyclic peptides	Carboxylic acids and derivatives	835.0	5050	EB-MSV000090464-gnps_ms2	transferred	6	546.2561	2.33	546.256	2.281531	-0.183	-0.048	0.9521	ms2_winner	assigned
C10H18N2O3S	[M + H]+	4-methylsulfanyl-2-[[(2R)-pyrrolidine-2-carbonyl]amino]butanoic acid	CSCCC(C(=O)O)NC(=O)C1CCCN1	1.0	Amino acids and Peptides	Dipeptides	Carboxylic acids and derivatives	2143.0	5058	EB-MSV000090464-gnps_ms2	transferred	1	247.1108	2.34	247.1108	2.341	0.0	0.001	0.9997	unique	assigned
C20H34N4O6	[M + H]+	L-Prolyl-L-threonyl-L-leucyl-L-proline	CC(C)CC(C(=O)N1CCCC1C(=O)O)NC(=O)C(C(C)O)NC(=O)C2CCCN2	0.238	Amino acids and Peptides	Cyclic peptides	Carboxylic acids and derivatives		5063	EB-MSV000090464-gnps_ms2	transferred	6	427.2569	2.33							low_cosine
C19H34N4O5S	[M + H]+	H-DL-Pro-DL-Leu-DL-Met-DL-Ala-OH	CC(C)CC(C(=O)NC(CCSC)C(=O)NC(C)C(=O)O)NC(=O)C1CCCN1	0.411	Amino acids and Peptides	Tripeptides	Carboxylic acids and derivatives	181.0	5064	EB-MSV000090464-gnps_ms2	transferred	5	431.2331	2.34	431.2336	2.341	1.159	0.001	1.0	ms2_winner	assigned
C23H37N5O6	[M + Na]+	H-Ala-Pro-Val-Pro-Pro-OH	CC(C)C(C(=O)N1CCCC1C(=O)N2CCCC2C(=O)O)NC(=O)C3CCCN3C(=O)C(C)N	0.988	Amino acids and Peptides	Tripeptides	Carboxylic acids and derivatives	6679.0	5073	EB-MSV000090464-gnps_ms2	transferred	4	502.2641	2.35	502.262	2.309219	-4.181	-0.041	1.0	ms2_winner	assigned
C33H50N4O8S	[M + H]+	ethyl (E,4S)-4-[[(2R,5S)-5-[[(2S)-3-hydroxy-2-[(2-methylpropan-2-yl)oxycarbonylamino]propanoyl]amino]-6-methyl-2-(2-methylpropyl)-4-oxoheptanoyl]amino]-5-[(3S)-5-oxopyrrolidin-3-yl]pent-2-enoate	CCOC(=O)C=CC(CC1CC(=O)NC1)NC(=O)C(CC(C)C)CC(=O)C(C(C)C)NC(=O)C(CO)NC(=O)OC(C)(C)C	0.09	Amino acids and Peptides	Linear peptides	Carboxylic acids and derivatives	4339.0	5078	EB-MSV000090464-gnps_ms2	transferred	2	663.3386	2.34	663.3397	2.341	1.658	0.001	1.0	unique	assigned
C23H37N5O6	[M + H]+	Ala-Leu-Ala-Leu-Ala	CC(C)CC(C(=O)NC(C)C(=O)NC(CC(C)C)C(=O)NC(C)C(=O)O)NC(=O)C(C)N	0.718	Amino acids and Peptides	Tripeptides	Carboxylic acids and derivatives	623.0	5085	EB-MSV000090464-gnps_ms2	transferred	2	480.2809	2.34	480.2811	2.310204	0.416	-0.03	0.9998	unique	assigned
C16H19N3O3	[M + H]+	1-[2-azaniumyl-3-(1H-indol-3-yl)propanoyl]pyrrolidine-2-carboxylate	C1CC(N(C1)C(=O)C(CC2=CNC3=CC=CC=C32)N)C(=O)O	0.998	Amino acids and Peptides	Dipeptides	Carboxylic acids and derivatives	6775.0	5088	EB-MSV000090464-gnps_ms2	transferred	4	302.1504	2.32	302.1492	2.210349	-3.972	-0.11	0.9962	ms2_tie	assigned
C25H35N5O6	[M + H]+	3-[(4-hydroxyphenyl)methyl]-9-methyl-6-(2-methylpropyl)-hexadecahydro-1H-pyrrolo[1,2-a]1,4,7,10,13-pentaazacyclopentadecane-1,4,7,10,13-pentone	CC1C(=O)NCC(=O)N2CCCC2C(=O)NC(C(=O)NC(C(=O)N1)CC(C)C)CC3=CC=C(C=C3)O	0.198	Amino acids and Peptides	Tripeptides	Carboxylic acids and derivatives	5774.0	5105	EB-MSV000090464-gnps_ms2	transferred	4	502.2648	2.35	502.2671	2.32475	4.579	-0.025	0.9999	ms2_winner	assigned
C21H38N8O4	[M + Na]+	N-(2,6-dimethylphenyl)-1-{2-acetamido-N-[2-(1H-indol-3-yl)ethyl]acetamido}cyclohexane-1-carboxamide	CC1=C(C(=CC=C1)C)NC(=O)C2(CCCCC2)N(CCC3=CNC4=CC=CC=C43)C(=O)CNC(=O)C	0.603	Amino acids and Peptides	Dipeptides	Carboxylic acids and derivatives	1039.0	5107	EB-MSV000090464-gnps_ms2	transferred	2	489.2908	2.36	489.2902	2.358	-1.226	-0.002	0.9023	unique	assigned
C34H54NO7P	[M + Na]+	N,N,N-Trimethyl-2-[[[(R)-3-[[11-[4-(4-methylbenzoyl)benzyl]undecyl]oxy]-2-hydroxypropoxy]oxylato(oxo)phosphoranyl]oxy]ethanaminium	CC1=CC=C(C=C1)C(=O)C2=CC=C(C=C2)CCCCCCCCCCCCOCC(CO[P+](O)([O-])OCC[N+](C)(C)C)O		Fatty acids	Glycerophosphocholines	Organonitrogen compounds	205.0	5109	EB-MSV000090464-gnps_ms2	transferred	2	642.3473	2.36	642.3466	2.35	-1.09	-0.01	0.9999	unique	assigned
C12H10N2	[M + H]+	Harman	CC1=NC=CC2=C1NC3=CC=CC=C23	0.753	Alkaloids	Carboline alkaloids	Harmala alkaloids	845.0	5111	EB-MSV000090464-gnps_ms2	transferred	1	183.0916	2.36	183.0917	2.342	0.546	-0.018	1.0	unique	assigned
C25H37N5O5	[M + H]+	H-DL-Pro-DL-Phe-DL-Pro-DL-Lys-OH	C1CC(NC1)C(=O)NC(CC2=CC=CC=C2)C(=O)N3CCCC3C(=O)NC(CCCCN)C(=O)O	0.244	Amino acids and Peptides	Tripeptides	Carboxylic acids and derivatives	330.0	5120	EB-MSV000090464-gnps_ms2	transferred	2	488.2862	2.36	488.2859	2.3595	-0.614	-0.0	1.0	ms2_winner	assigned
C20H30N4O4	[M + H]+	6-amino-2-{[1-(2-amino-3-phenylpropanoyl)pyrrolidin-2-yl]formamido}hexanoic acid	C1CC(N(C1)C(=O)C(CC2=CC=CC=C2)N)C(=O)NC(CCCCN)C(=O)O	0.965	Amino acids and Peptides	Tripeptides	Carboxylic acids and derivatives	2133.0	5121	EB-MSV000090464-gnps_ms2	transferred	2	391.2351	2.36	391.2353	2.358	0.511	-0.002	0.9998	unique	assigned
C9H16N2O3S	[M + H]+	2-[(cyclopropylcarbamoyl)amino]-4-(methylsulfanyl)butanoic acid	CSCCC(C(=O)O)NC(=O)NC1CC1	0.218	Amino acids and Peptides	Dipeptides	Carboxylic acids and derivatives	1396.0	5123	EB-MSV000090464-gnps_ms2	transferred	1	233.0952	2.36	233.095	2.358	-0.858	-0.002	1.0	unique	assigned
C27H41N5O7	[M + H]+	(2S)-N-[(2S,3R)-1-amino-3-hydroxy-1-oxobutan-2-yl]-1-[(2S)-1-[(2S,3R)-2-(2,4-dimethylpentanoylamino)-3-hydroxybutanoyl]pyrrolidine-2-carbonyl]pyrrolidine-2-carboxamide	CC(C)CC(C)C(=O)NC(C(C)O)C(=O)N1CCCC1C(=O)N2CCCC2C(=O)NC(C(C)O)C(=O)N	0.316	Amino acids and Peptides	Cyclic peptides	Carboxylic acids and derivatives	854.0	5126	EB-MSV000090464-gnps_ms2	transferred	2	548.3087	2.36	548.3087	2.358	0.0	-0.002	1.0	ms2_winner	assigned
C30H46N6O6S	[M + H]+	H-Val-Ala-Leu-Thr-Pro-Pro-al	CC(C)CC(C(=O)NC(C(C)O)C(=O)N1CCCC1C(=O)N2CCCC2C=O)NC(=O)C(C)NC(=O)C(C(C)C)N	0.502	Amino acids and Peptides	Tripeptides	Carboxylic acids and derivatives		5130	EB-MSV000090464-gnps_ms2	transferred	1	619.3205	2.37							no_ms2_candidate
C11H18N2O2	[M + H]+	Gancidin W	CC(C)CC1C(=O)N2CCCC2C(=O)N1	0.866	Amino acids and Peptides	Dipeptides	Carboxylic acids and derivatives	1002.0	5136	EB-MSV000090464-gnps_ms2	transferred	2	211.1439	2.36	211.1438	2.359	-0.474	-0.001	0.9715	ms2_tie	assigned
C37H57N5O7S2	[M + H]+	Phe-Tyr-Thr-Pro-Lys-Ala	CC(C(C(=O)N1CCCC1C(=O)NC(CCCCN)C(=O)NC(C)C(=O)O)NC(=O)C(CC2=CC=C(C=C2)O)NC(=O)C(CC3=CC=CC=C3)N)O	0.726	Amino acids and Peptides	Tripeptides	Carboxylic acids and derivatives	74.0	5140	EB-MSV000090464-gnps_ms2	transferred	2	748.3686	2.36	748.3691	2.36	0.668	0.0	1.0	ms2_tie	assigned
C52H75N13O11S3	[M + H]+	2-{2-[2-(2-{2-[2-(2-{2-[2-(2-amino-3-hydroxypropanamido)-3-phenylpropanamido]-3-carbamoylpropanamido}-3-hydroxypropanamido)-3-(4-hydroxyphenyl)propanamido]-4-carboxybutanamido}-4-methylpentanamido)acetamido]-3-hydroxypropanamido}-4-methylpentanoic acid	CC(C)CC(C(=O)NCC(=O)NC(CO)C(=O)NC(CC(C)C)C(=O)O)NC(=O)C(CCC(=O)O)NC(=O)C(CC1=CC=C(C=C1)O)NC(=O)C(CO)NC(=O)C(CC(=O)N)NC(=O)C(CC2=CC=CC=C2)NC(=O)C(CO)N	0.188	Amino acids and Peptides	Cyclic peptides	Carboxylic acids and derivatives	1322.0	5159	EB-MSV000090464-gnps_ms2	transferred	1	1154.493	2.37	1154.493	2.317167	0.0	-0.053	1.0	unique	assigned
C14H27N3O4	[M + H]+		CC(C)CC(C(=O)NCC(=O)NC(CC(C)C)C(=O)O)N	0.799	Amino acids and Peptides	Tripeptides	Carboxylic acids and derivatives	2332.0	5163	EB-MSV000090464-gnps_ms2	transferred	2	302.2081	2.36	302.2086	2.352	1.654	-0.008	1.0	unique	assigned
C30H46N6O6S	[M + H]+	H-Val-Ala-Leu-Thr-Pro-Pro-al	CC(C)CC(C(=O)NC(C(C)O)C(=O)N1CCCC1C(=O)N2CCCC2C=O)NC(=O)C(C)NC(=O)C(C(C)C)N	0.639	Amino acids and Peptides	Tripeptides	Carboxylic acids and derivatives		5165	EB-MSV000090464-gnps_ms2	transferred	1	619.3184	2.37							no_ms2_candidate
C35H60N10O10S	[M + H]+	Segetalin E	CCC(C)C1C(=O)NC(C(=O)N2CCCC2C(=O)NCC(=O)NC(C(=O)NC(C(=O)N3CCCC3C(=O)N1)C(C)C)CC4=CC=C(C=C4)O)CC5=CNC6=CC=CC=C65	0.123	Amino acids and Peptides	Cyclic peptides	Carboxylic acids and derivatives	184.0	5168	EB-MSV000090464-gnps_ms2	transferred	5	813.4327	2.37	813.4314	2.358836	-1.598	-0.011	0.9997	ms2_tie	assigned
C32H47N7O9	[M + H]+	Boc-Pro-Ile-Leu-Pro-Pro-OH	CCC(C)C(C(=O)NC(CC(C)C)C(=O)N1CCCC1C(=O)N2CCCC2C(=O)O)NC(=O)C3CCCN3C(=O)OC(C)(C)C	0.584	Amino acids and Peptides	Cyclic peptides	Carboxylic acids and derivatives		5170	EB-MSV000090464-gnps_ms2	transferred	3	674.3555	2.36							low_cosine
C32H44N4O6S	[M + Na]+	3-[2-amino-3-(4-hydroxyphenyl)propanamido]-3-{[1-({[(1-carbamoyl-3-methylbutyl)carbamoyl]methyl}carbamoyl)-2-phenylethyl]carbamoyl}propanoic acid	CC(C)CC(C(=O)N)NC(=O)CNC(=O)C(CC1=CC=CC=C1)NC(=O)C(CC(=O)O)NC(=O)C(CC2=CC=C(C=C2)O)N	0.323	Amino acids and Peptides	Cyclic peptides	Carboxylic acids and derivatives	1848.0	5173	EB-MSV000090464-gnps_ms2	transferred	4	635.2874	2.37	635.2874	2.36	0.0	-0.01	0.9744	ms2_tie	assigned
C30H52N4O15	[M + H]+	H-Pro-Gly-Leu-Trp-Lys-Ala-OH	CC(C)CC(C(=O)NC(CC1=CNC2=CC=CC=C21)C(=O)NC(CCCCN)C(=O)NC(C)C(=O)O)NC(=O)CNC(=O)C3CCCN3	0.646	Amino acids and Peptides	Cyclic peptides	Carboxylic acids and derivatives	1176.0	5174	EB-MSV000090464-gnps_ms2	transferred	2	709.3527	2.37	709.3527	2.3665	0.0	-0.004	1.0	ms2_tie	assigned
C30H49N5O7	[M + Na]+	Roseotoxin B	CCC(C)C1C(=O)N(C(C(=O)N(C(C(=O)NCCC(=O)OC(C(=O)N2CCC(C2C(=O)N1)C)CC=C)C)C)C(C)C)C	0.35	Amino acids and Peptides	Cyclic peptides	Carboxylic acids and derivatives	497.0	5182	EB-MSV000090464-gnps_ms2	transferred	2	614.3526	2.38	614.353	2.360508	0.651	-0.019	0.9999	unique	assigned
C19H34N4O5S	[M + H]+	Netropsin	CN1C=C(C=C1C(=O)NC2=CN(C(=C2)C(=O)NCCC(=N)N)C)NC(=O)CN=C(N)N	0.072	Amino acids and Peptides	Tripeptides	Carboxylic acids and derivatives	181.0	5192	EB-MSV000090464-gnps_ms2	transferred	5	431.2324	2.38	431.2336	2.341	2.783	-0.039	0.9987	ms2_winner	assigned
C28H47N3O7	[M + Na]+	H-DL-Glu-DL-Leu-DL-Val-DL-xiIle-DL-Ser-OH	CCC(C)C(C(=O)NC(CO)C(=O)O)NC(=O)C(C(C)C)NC(=O)C(CC(C)C)NC(=O)C(CCC(=O)O)N	0.336	Amino acids and Peptides	Tripeptides	Carboxylic acids and derivatives	1208.0	5193	EB-MSV000090464-gnps_ms2	transferred	1	560.3283	2.38	560.3275	2.373	-1.428	-0.007	1.0	unique	assigned
C57H68N12O10	[M + H]+	H-Val-Leu-Arg-Asp-Asp-Leu-Leu-Glu-Ala-OH	CC(C)CC(C(=O)NC(CCC(=O)O)C(=O)NC(C)C(=O)O)NC(=O)C(CC(C)C)NC(=O)C(CC(=O)O)NC(=O)C(CC(=O)O)NC(=O)C(CCCN=C(N)N)NC(=O)C(CC(C)C)NC(=O)C(C(C)C)N	0.5	Amino acids and Peptides	Cyclic peptides	Carboxylic acids and derivatives	3170.0	5209	EB-MSV000090464-gnps_ms2	transferred	1	1081.5191	2.38	1081.5204	2.375	1.202	-0.005	1.0	unique	assigned
C16H29N3O4S	[M + H]+	2-[[1-(2-Amino-4-methylsulfanylbutanoyl)pyrrolidine-2-carbonyl]amino]-4-methylpentanoic acid	CC(C)CC(C(=O)O)NC(=O)C1CCCN1C(=O)C(CCSC)N	0.664	Amino acids and Peptides	Tripeptides	Carboxylic acids and derivatives	4240.0	5213	EB-MSV000090464-gnps_ms2	transferred	4	360.1934	2.39	360.1927	2.681	-1.943	0.291	0.7673	ms2_tie	assigned
C30H50N6O7	[M + H]+	H-DL-Pro-DL-Val-DL-Val-DL-Val-DL-Pro-DL-Pro-OH	CC(C)C(C(=O)NC(C(C)C)C(=O)NC(C(C)C)C(=O)N1CCCC1C(=O)N2CCCC2C(=O)O)NC(=O)C3CCCN3	0.885	Amino acids and Peptides	Cyclic peptides	Carboxylic acids and derivatives	3270.0	5224	EB-MSV000090464-gnps_ms2	transferred	1	607.3814	2.39	607.3795	2.388804	-3.128	-0.001	1.0	unique	assigned
C29H45N5O8	[M + H]+	Dusquetide	CCC(C)C(C(=O)NC(C(C)C)C(=O)N1CCCC1C(=O)NC(C)C(=O)N)NC(=O)C(CCCN=C(N)N)N	0.55	Amino acids and Peptides	Tripeptides	Carboxylic acids and derivatives	2582.0	5225	EB-MSV000090464-gnps_ms2	transferred	1	592.336	2.39	592.3345	2.38934	-2.532	-0.001	1.0	unique	assigned
C23H41N5O6	[M + H]+	H-Val-Leu-Gly-Pro-Val-OH	CC(C)CC(C(=O)NCC(=O)N1CCCC1C(=O)NC(C(C)C)C(=O)O)NC(=O)C(C(C)C)N	0.803	Amino acids and Peptides	Cyclic peptides	Carboxylic acids and derivatives	256.0	5226	EB-MSV000090464-gnps_ms2	transferred	2	484.3146	2.39	484.3147	2.388	0.206	-0.002	1.0	ms2_winner	assigned
C25H44N2O5	[M + K]+	2-[(1-{2-[2-amino-3-(4-hydroxyphenyl)propanamido]-3-methylbutanoyl}pyrrolidin-2-yl)formamido]-4-methylpentanoic acid	CC(C)CC(C(=O)O)NC(=O)C1CCCN1C(=O)C(C(C)C)NC(=O)C(CC2=CC=C(C=C2)O)N	0.812	Amino acids and Peptides	Cyclic peptides	Carboxylic acids and derivatives		5241	EB-MSV000090464-gnps_ms2	transferred	2	491.2881	2.4							low_cosine
C25H35N5O7	[M + H]+	Ac-Glu-Pro-Phe-Ala-NHMe	CC(C(=O)NC)NC(=O)C(CC1=CC=CC=C1)NC(=O)C2CCCN2C(=O)C(CCC(=O)O)NC(=O)C	0.593	Amino acids and Peptides	Cyclic peptides	Carboxylic acids and derivatives		5248	EB-MSV000090464-gnps_ms2	transferred	5	518.2626	2.41							low_cosine
C28H39N3O6	[M + H]+	L-Leucine, N-[(phenylmethoxy)carbonyl]-L-leucyl-L-leucyl-	CC(C)CC(C(=O)NC(CC(C)C)C(=O)O)NC(=O)C(CC(C)C)NC(=O)OCC1=CC=CC=C1	0.269	Amino acids and Peptides	Cyclic peptides	Carboxylic acids and derivatives		5252	EB-MSV000090464-gnps_ms2	transferred	4	514.2867	2.4							low_cosine
C33H47N5O9	[M + H]+	Hikiamide A	CC(C)CC1C(=O)NC(C(=O)NC(C(=O)NC(C(=O)NC(C(=O)N1)CC2=CC=CC=C2)CC3=CC=CC=C3)CC(C)C)C(C)C	0.437	Amino acids and Peptides	Cyclic peptides	Carboxylic acids and derivatives	1094.0	5273	EB-MSV000090464-gnps_ms2	transferred	1	658.342	2.4	658.3434	2.392344	2.127	-0.008	1.0	unique	assigned
C21H36N4O4	[M + H]+	[1-[2-[[1-(2-Acetylpyrrolidin-1-yl)-3-methyl-1-oxobutan-2-yl]carbamoyl]pyrrolidin-1-yl]-3-methyl-1-oxobutan-2-yl]azanium	CC(C)C(C(=O)N1CCCC1C(=O)NC(C(C)C)C(=O)N2CCCC2C(=O)C)N	0.246	Amino acids and Peptides	Cyclic peptides	Carboxylic acids and derivatives	965.0	5274	EB-MSV000090464-gnps_ms2	transferred	1	409.282	2.41	409.2828	2.405	1.955	-0.005	1.0	unique	assigned
C65H108N12O14	[M + Na]+	2-[(1-hydroxy-2-{[hydroxy({1-[12,15,24-tris(butan-2-yl)-11,14,17,20,29,32-hexahydroxy-9,30-bis(2-methylpropyl)-2,8,23-trioxo-1,7,10,13,16,22,25,28,31-nonaazatetracyclo[31.3.0.0³,⁷.0¹⁸,²²]hexatriaconta-10,13,16,26,28,31-hexaene-27-carbonyl]pyrrolidin-2-yl})methylidene]amino}-3-methylpentylidene)amino]-3-methylpentanoic acid	CCC(C)C1C(=O)NC(C(=O)NC(C(=O)N2CCCC2C(=O)N3CCCC3C(=O)NC(C(=O)NC(=CNC(C(=O)N4CC(CC4C(=O)N1)O)C(C)CC)C(=O)N5CCCC5C(=O)NC(C(C)CC)C(=O)NC(C(C)CC)C(=O)O)CC(C)C)CC(C)C)C(C)CC	1.0	Amino acids and Peptides	Cyclic peptides	Polypeptides	685.0	5282	EB-MSV000090464-gnps_ms2	transferred	1	1303.7994	2.41	1303.7988	2.405	-0.46	-0.005	1.0	unique	assigned
C26H44N6O7	[M + H]+	H-Glu-D-Pro-D-Pro-Lys-D-Val-al	CC(C)C(C=O)NC(=O)C(CCCCN)NC(=O)C1CCCN1C(=O)C2CCCN2C(=O)C(CCC(=O)O)N	0.865	Amino acids and Peptides	Tripeptides	Carboxylic acids and derivatives		5286	EB-MSV000090464-gnps_ms2	transferred	4	553.3355	2.41							low_cosine
C10H17N3O4	[M + H]+		C1CC(NC1)C(=O)NC(CCC(=O)N)C(=O)O	0.997	Amino acids and Peptides	Dipeptides	Carboxylic acids and derivatives		5293	EB-MSV000090464-gnps_ms2	transferred	2	244.1297	2.41							low_cosine
C54H85N11O14	[M + H]+	H-Leu-Pro-Lys-Pro-Pro-Lys-Pro-Val-Ser-Unk	CC(C)CC(C(=O)N1CCCC1C(=O)NC(CCCCN)C(=O)N2CCCC2C(=O)N3CCCC3C(=O)NC(CCCCN)C(=O)N4CCCC4C(=O)NC(C(C)C)C(=O)NC(CO)C(=O)NCCCNC(=O)C=O)N	0.935	Amino acids and Peptides	Cyclic peptides	Carboxylic acids and derivatives	884.0	5294	EB-MSV000090464-gnps_ms2	transferred	1	1112.6379	2.41	1112.6367	2.412	-1.079	0.002	1.0	unique	assigned
C37H55N3O7	[M + H]+	H-Arg-Oic-Pro-D-Ala-Phe(4-Me)-NH2	CC1=CC=C(C=C1)CC(C(=O)N)NC(=O)C(C)NC(=O)C2CCCN2C(=O)C3CC4CCCCC4N3C(=O)C(CCCN=C(N)N)N	0.144	Amino acids and Peptides	Tripeptides	Carboxylic acids and derivatives	156.0	5299	EB-MSV000090464-gnps_ms2	transferred	1	654.4118	2.42	654.4108	2.405	-1.528	-0.015	1.0	unique	assigned
C11H17FN2O5	[M + H]+	2-[(5-oxopyrrolidin-2-yl)formamido]-3-phenylpropanoic acid	C1CC(=O)NC1C(=O)NC(CC2=CC=CC=C2)C(=O)O	0.998	Amino acids and Peptides	Dipeptides	Carboxylic acids and derivatives	1294.0	5309	EB-MSV000090464-gnps_ms2	transferred	2	277.1192	2.41	277.1192	2.409	0.0	-0.001	0.9997	ms2_tie	assigned
C28H38N6O8	[M + H]+	Tyr-Pro-Phe-Phe-OCH3	COC(=O)C(CC1=CC=CC=C1)NC(=O)C(CC2=CC=CC=C2)NC(=O)C3CCCN3C(=O)C(CC4=CC=C(C=C4)O)N	0.639	Amino acids and Peptides	Cyclic peptides	Carboxylic acids and derivatives		5318	EB-MSV000090464-gnps_ms2	transferred	2	587.2838	2.41							low_cosine
C33H51N7O8	[M + H]+	2-({1-[2-({1-[2-(2-amino-3-methylbutanamido)-4-methylpentanoyl]pyrrolidin-2-yl}formamido)-3-methylbutanoyl]pyrrolidin-2-yl}formamido)-4-carbamoylbutanoic acid	CC(C)CC(C(=O)N1CCCC1C(=O)NC(C(C)C)C(=O)N2CCCC2C(=O)NC(CCC(=O)N)C(=O)O)NC(=O)C(C(C)C)N	0.513	Amino acids and Peptides	Tripeptides	Carboxylic acids and derivatives	1802.0	5319	EB-MSV000090464-gnps_ms2	transferred	1	674.3899	2.41	674.3912	2.407696	1.928	-0.002	0.8183	unique	assigned
C42H61N7O12	[M + H]+	H-Asn(OH)-Ala-Pro-Val-Ser-Ile-Pro-Gln-NHOH	CCC(C)C(C(=O)N1CCCC1C(=O)NC(CCC(=O)N)C(=O)NO)NC(=O)C(CO)NC(=O)C(C(C)C)NC(=O)C2CCCN2C(=O)C(C)NC(=O)C(CC(=O)NO)N	0.443	Amino acids and Peptides	Linear peptides	Carboxylic acids and derivatives	220.0	5324	EB-MSV000090464-gnps_ms2	transferred	3	856.4443	2.42	856.4435	2.404964	-0.934	-0.015	0.9999	ms2_winner	assigned
C20H36N4O6S	[M + H]+	H-DL-xiThr-DL-Met-DL-xiIle-DL-Pro-OH	CCC(C)C(C(=O)N1CCCC1C(=O)O)NC(=O)C(CCSC)NC(=O)C(C(C)O)N	0.879	Amino acids and Peptides	Tripeptides	Carboxylic acids and derivatives	84.0	5342	EB-MSV000090464-gnps_ms2	transferred	5	461.2445	2.42	461.2442	2.414	-0.65	-0.006	1.0	ms2_winner	assigned
C15H22N2O3	[M + H]+	2-(2-amino-4-methylpentanamido)-3-phenylpropanoic acid	CC(C)CC(C(=O)NC(CC1=CC=CC=C1)C(=O)O)N	0.918	Amino acids and Peptides	Dipeptides	Carboxylic acids and derivatives	1353.0	5351	EB-MSV000090464-gnps_ms2	transferred	3	279.1699	2.42	279.1697	2.425	-0.716	0.005	1.0	ms2_winner	assigned
C20H33N5O6	[M + H]+		CC(C(=O)OC)NC(=O)C1CN(CCN1C(=O)N2CCOCC2)C(=O)C3CCNCC3	0.061	Amino acids and Peptides	Tripeptides	Carboxylic acids and derivatives	409.0	5352	EB-MSV000090464-gnps_ms2	transferred	2	440.2494	2.41	440.2486	2.405	-1.817	-0.005	1.0	ms2_winner	assigned
C31H53N7O8	[M + H]+	2-({1-[2-({1-[2-(2-amino-3-methylbutanamido)-4-methylpentanoyl]pyrrolidin-2-yl}formamido)-3-methylbutanoyl]pyrrolidin-2-yl}formamido)-4-carbamoylbutanoic acid	CC(C)CC(C(=O)N1CCCC1C(=O)NC(C(C)C)C(=O)N2CCCC2C(=O)NC(CCC(=O)N)C(=O)O)NC(=O)C(C(C)C)N	0.794	Amino acids and Peptides	Tripeptides	Carboxylic acids and derivatives	4.0	5360	EB-MSV000090464-gnps_ms2	transferred	3	652.4032	2.43	652.4002	2.405	-4.598	-0.025	1.0	ms2_tie	assigned
C36H58N6O7	[M + Na]+	(2S)-N-[1-cyclobutyl-3,4-dioxo-4-(prop-2-enylamino)butan-2-yl]-1-[(2S)-2-[[(2S)-1-(4,4-dimethyl-2,6-dioxopiperidin-1-yl)-3,3-dimethylbutan-2-yl]carbamoylamino]-3,3-dimethylbutanoyl]pyrrolidine-2-carboxamide	CC1(CC(=O)N(C(=O)C1)CC(C(C)(C)C)NC(=O)NC(C(=O)N2CCCC2C(=O)NC(CC3CCC3)C(=O)C(=O)NCC=C)C(C)(C)C)C	0.184	Amino acids and Peptides	Cyclic peptides	Carboxylic acids and derivatives	1095.0	5368	EB-MSV000090464-gnps_ms2	transferred	2	709.4247	2.43	709.4238	2.425	-1.269	-0.005	1.0	unique	assigned
C21H28N4O5	[M + H]+	2-[[1-[3-Phenyl-2-(pyrrolidine-2-carbonylamino)propanoyl]pyrrolidine-2-carbonyl]amino]acetic acid	C1CC(NC1)C(=O)NC(CC2=CC=CC=C2)C(=O)N3CCCC3C(=O)NCC(=O)O	0.921	Amino acids and Peptides	Tripeptides	Carboxylic acids and derivatives	335.0	5379	EB-MSV000090464-gnps_ms2	transferred	4	417.2143	2.43	417.2144	2.431	0.24	0.001	1.0	ms2_winner	assigned
C31H39N5O9	[M + H]+	Neocasomorphin (1-5)	CC(C)C(C(=O)NC(CCC(=O)O)C(=O)N1CCCC1C(=O)O)NC(=O)C2CCCN2C(=O)C(CC3=CC=C(C=C3)O)N	0.825	Amino acids and Peptides	Tripeptides	Carboxylic acids and derivatives	2305.0	5383	EB-MSV000090464-gnps_ms2	transferred	3	626.2799	2.44	626.2792	2.43	-1.118	-0.01	0.9984	ms2_winner	assigned
C32H54N8O12	[M + H]+	Dstbulet	CC(C)CC(C(=O)NC(C(C)O)C(=O)O)NC(=O)C(CC1=CC=CC=C1)NC(=O)CNC(=O)C(COC(C)(C)C)NC(=O)C(CC2=CC=C(C=C2)O)N	0.076	Amino acids and Peptides	Cyclic peptides	Carboxylic acids and derivatives		5385	EB-MSV000090464-gnps_ms2	transferred	5	743.3962	2.43							low_cosine
C32H54N8O12	[M + H]+	H-Gly(Unk)-Cit-Leu-Ile-Phe(4-F)-NH2	CCC(C)C(C(=O)NC(CC1=CC=C(C=C1)F)C(=O)N)NC(=O)C(CC(C)C)NC(=O)C(CCCNC(=O)N)NC(=O)C(C=CCNC(=O)N)N	0.174	Amino acids and Peptides	Cyclic peptides	Carboxylic acids and derivatives		5389	EB-MSV000090464-gnps_ms2	transferred	4	743.394	2.44							low_cosine
C28H48N6O10S	[M + H]+	6,6'-dithiodi[1-(2-acetamido-4-amino-2,4-dideoxy-alpha-D-fucopyranosyloxy)hexane]	CC1C(C(C(C(O1)OCCCCCCSSCCCCCCOC2C(C(C(C(O2)C)N)O)NC(=O)C)NC(=O)C)O)N	0.049	Amino acids and Peptides	Depsipeptides	Carboxylic acids and derivatives	1217.0	5390	EB-MSV000090464-gnps_ms2	transferred	2	661.3233	2.44	661.3245	2.43	1.815	-0.01	0.9999	ms2_winner	assigned
C25H40N6O8	[M + H]+	H-Pro-Ala-Thr-Pro-Ala-Pro-OH	CC(C(C(=O)N1CCCC1C(=O)NC(C)C(=O)N2CCCC2C(=O)O)NC(=O)C(C)NC(=O)C3CCCN3)O	0.816	Amino acids and Peptides	Cyclic peptides	Carboxylic acids and derivatives	1194.0	5392	EB-MSV000090464-gnps_ms2	transferred	2	553.2988	2.43	553.2988	2.435	0.0	0.005	1.0	ms2_winner	assigned
C21H38N4O5	[M + H]+	H-DL-Leu-DL-Val-DL-Pro-DL-Val-OH	CC(C)CC(C(=O)NC(C(C)C)C(=O)N1CCCC1C(=O)NC(C(C)C)C(=O)O)N	0.464	Amino acids and Peptides	Tripeptides	Carboxylic acids and derivatives	91.0	5400	EB-MSV000090464-gnps_ms2	transferred	2	427.2907	2.44	427.2903	2.438	-0.936	-0.002	1.0	unique	assigned
C31H53N7O8	[M + H]+	2-({1-[2-({1-[2-(2-amino-3-methylbutanamido)-4-methylpentanoyl]pyrrolidin-2-yl}formamido)-3-methylbutanoyl]pyrrolidin-2-yl}formamido)-4-carbamoylbutanoic acid	CC(C)CC(C(=O)N1CCCC1C(=O)NC(C(C)C)C(=O)N2CCCC2C(=O)NC(CCC(=O)N)C(=O)O)NC(=O)C(C(C)C)N	0.798	Amino acids and Peptides	Tripeptides	Carboxylic acids and derivatives	3.0	5401	EB-MSV000090464-gnps_ms2	transferred	4	652.4046	2.44	652.4069	2.4085	3.525	-0.031	1.0	ms2_tie	assigned
C15H31N3O9	[M + H]+	(2S)-1-[(2S)-1-[(2S)-2-(3-phenylprop-1-ynylamino)propanoyl]pyrrolidine-2-carbonyl]pyrrolidine-2-carboxylic acid	CC(C(=O)N1CCCC1C(=O)N2CCCC2C(=O)O)NC#CCC3=CC=CC=C3	0.318	Amino acids and Peptides	Dipeptides	Carboxylic acids and derivatives	3961.0	5402	EB-MSV000090464-gnps_ms2	transferred	2	398.2117	2.43	398.2118	2.4015	0.251	-0.029	1.0	unique	assigned
C18H28N4O6	[M + H]+	H-DL-Ser-DL-Pro-DL-Pro-DL-Pro-OH	C1CC(N(C1)C(=O)C2CCCN2C(=O)C(CO)N)C(=O)N3CCCC3C(=O)O	0.629	Amino acids and Peptides	Tripeptides	Carboxylic acids and derivatives	927.0	5403	EB-MSV000090464-gnps_ms2	transferred	2	397.2077	2.44	397.2077	2.401	0.0	-0.039	1.0	ms2_winner	assigned
C22H32N4O5	[M + H]+	Pro-Val-Val-Pro	CC(C)C(C(=O)NC(C(C)C)C(=O)N1CCCC1C(=O)O)NC(=O)C2CCCN2	0.467	Amino acids and Peptides	Tripeptides	Carboxylic acids and derivatives	340.0	5409	EB-MSV000090464-gnps_ms2	transferred	3	433.2457	2.44	433.2453	2.444792	-0.923	0.005	0.9998	ms2_winner	assigned
C69H83N5O9	[M + H]+	cyclo[Leu-N(Me)Val(3-OH)-D-OxiIle-N(Me)Val-Phe-N(Me)Phe-Pro-aIle-OVal]	CCC(C)C1C(=O)OC(C(=O)NC(C(=O)N(C(C(=O)OC(C(=O)N(C(C(=O)NC(C(=O)N(C(C(=O)N2CCCC2C(=O)N1)CC3=CC=CC=C3)C)CC4=CC=CC=C4)C(C)C)C)C(C)CC)C(C)(C)O)C)CC(C)C)C(C)C	0.116	Amino acids and Peptides	Cyclic peptides	Carboxylic acids and derivatives	1655.0	5422	EB-MSV000090464-gnps_ms2	transferred	1	1126.6207	2.44	1126.6173	2.445	-3.018	0.005	0.9899	unique	assigned
C28H30N2O5	[M + H]+	benzyl (2S)-2-[[(2R)-4-methyl-1-oxo-1-phenylmethoxypentan-2-yl]carbamoyl]pyrrolidine-1-carboxylate	CC(C)CC(C(=O)OCC1=CC=CC=C1)NC(=O)C2CCCN2C(=O)OCC3=CC=CC=C3	0.382	Amino acids and Peptides	Dipeptides	Carboxylic acids and derivatives	22.0	5427	EB-MSV000090464-gnps_ms2	transferred	4	475.2231	2.47	475.2247	2.452337	3.367	-0.018	1.0	ms2_tie	assigned
C37H57N5O7S2	[M + H]+	Phe-Tyr-Thr-Pro-Lys-Ala	CC(C(C(=O)N1CCCC1C(=O)NC(CCCCN)C(=O)NC(C)C(=O)O)NC(=O)C(CC2=CC=C(C=C2)O)NC(=O)C(CC3=CC=CC=C3)N)O	0.771	Amino acids and Peptides	Tripeptides	Carboxylic acids and derivatives	74.0	5429	EB-MSV000090464-gnps_ms2	transferred	2	748.3686	2.43	748.3691	2.36	0.668	-0.07	0.9712	ms2_tie	assigned
C11H20N2O3	[M + H]+	3-methyl-2-[(pyrrolidin-2-yl)formamido]pentanoic acid	CCC(C)C(C(=O)O)NC(=O)C1CCCN1	0.626	Amino acids and Peptides	Dipeptides	Carboxylic acids and derivatives		5447	EB-MSV000090464-gnps_ms2	transferred	4	229.1542	2.45							low_cosine
C50H68N4O10S2	[M + H]+	H-Asp-Arg-Unk-Tyr-xiIle-His-Pro-OH	CCC(C)C(C(=O)NC(CC1=CN=CN1)C(=O)N2CCCC2C(=O)O)NC(=O)C(CC3=CC=C(C=C3)O)NC(=O)C4CC(C4)CNC(=O)C(CCCN=C(N)N)NC(=O)C(CC(=O)O)N	0.238	Amino acids and Peptides	Cyclic peptides	Carboxylic acids and derivatives	655.0	5454	EB-MSV000090464-gnps_ms2	transferred	2	949.4343	2.46	949.4354	2.455	1.159	-0.005	1.0	unique	assigned
C9H10N4O2S2	[M + H]+	4-amino-N-(5-methyl-1,3,4-thiadiazol-2-yl)benzene-1-sulfonamide	CC1=NN=C(S1)NS(=O)(=O)C2=CC=C(C=C2)N	0.831	Amino acids and Peptides	Tantazoles and mirabazoles	Benzene and substituted derivatives		5457	EB-MSV000090464-gnps_ms2	transferred	1	271.0325	2.46							low_cosine
C22H39N5O7S	[M + H]+	2-hydroxy-N-(1-{2-[3-methoxy-5-oxo-2-(propan-2-yl)-2,5-dihydro-1H-pyrrole-1-carbonyl]pyrrolidin-1-yl}-3-methyl-1-oxobutan-2-yl)-N,3-dimethylpentanamide	CCC(C)C(C(=O)N(C)C(C(C)C)C(=O)N1CCCC1C(=O)N2C(C(=CC2=O)OC)C(C)C)O	0.146	Amino acids and Peptides	Cyclic peptides	Carboxylic acids and derivatives	2349.0	5459	EB-MSV000090464-gnps_ms2	transferred	2	518.2638	2.46	518.2646	2.466211	1.544	0.006	0.9978	ms2_winner	assigned
C18H34N4O5S	[M + H]+	2-[[6-amino-2-[[2-amino-3-(1H-imidazol-5-yl)propanoyl]amino]hexanoyl]amino]-3-methylpentanoic acid	CCC(C)C(C(=O)O)NC(=O)C(CCCCN)NC(=O)C(CC1=CN=CN1)N	0.408	Amino acids and Peptides	Tripeptides	Carboxylic acids and derivatives	792.0	5463	EB-MSV000090464-gnps_ms2	transferred	2	419.2335	2.44	419.2342	2.444833	1.67	0.005	1.0	unique	assigned
C36H56N10O9	[M + H]+	tert-butyl N-[(3S,14S,17S)-14-[2-[[2-[[(1S)-2-(dimethylamino)-2-oxo-1-phenylethyl]amino]-2-oxoethyl]amino]-2-oxoacetyl]-19,19-dimethyl-2,16-dioxo-1,15-diazatricyclo[15.4.0.018,20]henicos-8-en-3-yl]carbamate	CC1(C2C1C3C(=O)NC(CCCCC=CCCCCC(C(=O)N3C2)NC(=O)OC(C)(C)C)C(=O)C(=O)NCC(=O)NC(C4=CC=CC=C4)C(=O)N(C)C)C	0.157	Amino acids and Peptides	Cyclic peptides	Carboxylic acids and derivatives	3700.0	5472	EB-MSV000090464-gnps_ms2	transferred	3	773.4213	2.46	773.4215	2.463605	0.259	0.004	1.0	ms2_winner	assigned
C25H28N4O7	[M + H]+	methyl 4-[[(2S)-1-[[(2S)-1-[(2S)-2-[[(2S)-3,3-dihydroxybutan-2-yl]carbamoyl]pyrrolidin-1-yl]-1-oxopropan-2-yl]amino]-1-oxopropan-2-yl]amino]-4-oxobutanoate	CC(C(=O)NC(C)C(=O)N1CCCC1C(=O)NC(C)C(C)(O)O)NC(=O)CCC(=O)OC	0.175	Amino acids and Peptides	Tripeptides	Carboxylic acids and derivatives	4032.0	5479	EB-MSV000090464-gnps_ms2	transferred	2	497.2027	2.46	497.2024	2.454	-0.603	-0.006	1.0	unique	assigned
C24H38N6O9	[M + H]+	H-Pro-Ser-Pro-Ser-Pro-Ser-al	C1CC(NC1)C(=O)NC(CO)C(=O)N2CCCC2C(=O)NC(CO)C(=O)N3CCCC3C(=O)NC(CO)C=O	0.042	Amino acids and Peptides	Aminoglycosides	Carboxylic acids and derivatives		5491	EB-MSV000090464-gnps_ms2	transferred	2	555.2796	2.46							low_cosine
C14H18N2O3	[M + H]+	3-phenyl-2-[(pyrrolidin-2-yl)formamido]propanoic acid	C1CC(NC1)C(=O)NC(CC2=CC=CC=C2)C(=O)O	0.998	Amino acids and Peptides	Dipeptides	Carboxylic acids and derivatives	2690.0	5496	EB-MSV000090464-gnps_ms2	transferred	2	263.1386	2.47	263.1386	2.461	0.0	-0.009	1.0	ms2_winner	assigned
C40H68N8O19	[M + H]+	H-Val-Pro-Gly-Tyr-Gly-Val-Pro-Gly-Tyr-Gly-OH	CC(C)C(C(=O)N1CCCC1C(=O)NCC(=O)NC(CC2=CC=C(C=C2)O)C(=O)NCC(=O)NC(C(C)C)C(=O)N3CCCC3C(=O)NCC(=O)NC(CC4=CC=C(C=C4)O)C(=O)NCC(=O)O)N	0.713	Amino acids and Peptides	Cyclic peptides	Carboxylic acids and derivatives	3367.0	5501	EB-MSV000090464-gnps_ms2	transferred	1	965.464	2.47	965.4615	2.469491	-2.589	-0.001	0.9797	unique	assigned
C38H51N5O5	[M + H]+	Dragonamide C	CC(C)C(C(=O)N)N(C)C(=O)C(C(C)C)N(C)C(=O)C(C(C)C)N(C)C(=O)C(C(C)C)N(C)C(=O)C=C(CCCC#C)OC	0.172	Amino acids and Peptides	Cyclic peptides	Carboxylic acids and derivatives	8290.0	5515	EB-MSV000090464-gnps_ms2	transferred	1	658.391	2.47	658.3907	2.436541	-0.456	-0.033	0.9998	unique	assigned
C50H72N14O15	[M + H]+	H-Lys-Leu-Thr-Pro-Glu-Glu-Glu-Glu-Ile-OH	CCC(C)C(C(=O)O)NC(=O)C(CCC(=O)O)NC(=O)C(CCC(=O)O)NC(=O)C(CCC(=O)O)NC(=O)C(CCC(=O)O)NC(=O)C1CCCN1C(=O)C(C(C)O)NC(=O)C(CC(C)C)NC(=O)C(CCCCN)N	0.205	Amino acids and Peptides	Cyclic peptides	Carboxylic acids and derivatives	4392.0	5517	EB-MSV000090464-gnps_ms2	transferred	1	1109.5491	2.47	1109.5508	2.470625	1.532	0.001	1.0	unique	assigned
C44H67N15O10	[M + Na]+	(2S)-N-[1-[(2-amino-2-oxoethyl)amino]-4-methyl-1-oxopentan-2-yl]-1-[6-(2-amino-2-oxoethyl)-9-(3-amino-3-oxopropyl)-12-[(2S)-butan-2-yl]-15-[(4-methoxyphenyl)methyl]-5,8,11,14,17-pentaoxo-1-thia-4,7,10,13,16-pentazacycloicosane-3-carbonyl]pyrrolidine-2-carboxamide	CCC(C)C1C(=O)NC(C(=O)NC(C(=O)NC(CSCCCC(=O)NC(C(=O)N1)CC2=CC=C(C=C2)OC)C(=O)N3CCCC3C(=O)NC(CC(C)C)C(=O)NCC(=O)N)CC(=O)N)CCC(=O)N	0.072	Amino acids and Peptides	RiPPs	Carboxylic acids and derivatives	3145.0	5522	EB-MSV000090464-gnps_ms2	transferred	1	988.5039	2.48	988.5032	2.478368	-0.708	-0.002	0.9994	unique	assigned
C21H28N4O5	[M + Na]+	H-DL-Ala-DL-Leu-DL-xiThr-DL-Pro-OH	CC(C)CC(C(=O)NC(C(C)O)C(=O)N1CCCC1C(=O)O)NC(=O)C(C)N	0.714	Amino acids and Peptides	Tripeptides	Carboxylic acids and derivatives	3224.0	5528	EB-MSV000090464-gnps_ms2	transferred	3	439.1949	2.48	439.195	2.443865	0.228	-0.036	0.9999	ms2_winner	assigned
C28H39N3O6	[M + H]+	L-Leucine, N-[(phenylmethoxy)carbonyl]-L-leucyl-L-leucyl-	CC(C)CC(C(=O)NC(CC(C)C)C(=O)O)NC(=O)C(CC(C)C)NC(=O)OCC1=CC=CC=C1	0.133	Amino acids and Peptides	Cyclic peptides	Carboxylic acids and derivatives	207.0	5537	EB-MSV000090464-gnps_ms2	transferred	4	514.2868	2.48	514.2861	2.471	-1.361	-0.009	1.0	ms2_tie	assigned
C25H44N6O8	[M + H]+	H-DL-Leu-Gly-DL-xiThr-DL-xiIle-DL-Pro-Gly-OH	CCC(C)C(C(=O)N1CCCC1C(=O)NCC(=O)O)NC(=O)C(C(C)O)NC(=O)CNC(=O)C(CC(C)C)N	0.776	Amino acids and Peptides	Tripeptides	Carboxylic acids and derivatives	2078.0	5551	EB-MSV000090464-gnps_ms2	transferred	7	557.3309	2.49	557.3318	2.491235	1.615	0.001	1.0	ms2_winner	assigned
C24H40N2O6	[M + K]+	(3S)-3-azaniumyl-4-[[(2S,3S)-1-[(2S)-2-[[(1S)-1-carboxylato-2-phenylethyl]carbamoyl]pyrrolidin-1-yl]-3-methyl-1-oxopentan-2-yl]amino]-4-oxobutanoate	CCC(C)C(C(=O)N1CCCC1C(=O)NC(CC2=CC=CC=C2)C(=O)O)NC(=O)C(CC(=O)O)N	0.898	Amino acids and Peptides	Tripeptides	Carboxylic acids and derivatives	231.0	5555	EB-MSV000090464-gnps_ms2	transferred	3	491.2522	2.49	491.2521	2.492	-0.204	0.002	1.0	ms2_winner	assigned
C28H45N7O6	[M + H]+	H-His-Leu-Pro-Leu-Pro-OH	CC(C)CC(C(=O)N1CCCC1C(=O)O)NC(=O)C2CCCN2C(=O)C(CC(C)C)NC(=O)C(CC3=CN=CN3)N	0.706	Amino acids and Peptides	Tripeptides	Carboxylic acids and derivatives	19.0	5557	EB-MSV000090464-gnps_ms2	transferred	1	576.3497	2.48	576.3499	2.634656	0.347	0.155	0.9882	unique	assigned
C40H43N5O7	[M + H]+	H-Asn-Phe-Val-Phe-Gly-Thr-OH	CC(C)C(C(=O)NC(CC1=CC=CC=C1)C(=O)NCC(=O)NC(C(C)O)C(=O)O)NC(=O)C(CC2=CC=CC=C2)NC(=O)C(CC(=O)N)N	0.249	Amino acids and Peptides	Linear peptides	Carboxylic acids and derivatives	250.0	5566	EB-MSV000090464-gnps_ms2	transferred	4	706.3243	2.49	706.3248	2.491289	0.708	0.001	0.9999	ms2_tie	assigned
C30H43N5O9	[M + Na]+	H-DL-Ala-DL-Leu-DL-xiThr-DL-Asn-DL-Glu-DL-Ala-OH	CC(C)CC(C(=O)NC(C(C)O)C(=O)NC(CC(=O)N)C(=O)NC(CCC(=O)O)C(=O)NC(C)C(=O)O)NC(=O)C(C)N	0.286	Amino acids and Peptides	Linear peptides	Carboxylic acids and derivatives	569.0	5572	EB-MSV000090464-gnps_ms2	transferred	1	640.2975	2.49	640.2982	2.405	1.093	-0.085	0.7647	unique	assigned
C11H18N2O2	[M + H]+	Gancidin W	CC(C)CC1C(=O)N2CCCC2C(=O)N1	0.842	Amino acids and Peptides	Dipeptides	Carboxylic acids and derivatives	1002.0	5577	EB-MSV000090464-gnps_ms2	transferred	2	211.1439	2.5	211.1438	2.359	-0.474	-0.141	0.9999	ms2_tie	assigned
C25H37N3O5S	[M + H]+	H-Ala-Val-Pro-Ile-Ala-al	CCC(C)C(C(=O)NC(C)C=O)NC(=O)C1CCCN1C(=O)C(C(C)C)NC(=O)C(C)N	0.867	Amino acids and Peptides	Tripeptides	Carboxylic acids and derivatives	771.0	5585	EB-MSV000090464-gnps_ms2	transferred	2	492.2555	2.49	492.2554	2.490546	-0.203	0.001	1.0	unique	assigned
C49H65N7O12	[M + H]+	H-Hyp-Gly-Gln-Asp(Me)-Val-Leu-Ala-Gly-Pro-azetidino	CC(C)CC(C(=O)NC(C)C(=O)NCC(=O)N1CCCC1C(=O)N2CCC2)NC(=O)C(C(C)C)NC(=O)C(CC(=O)C)NC(=O)C(CCC(=O)N)NC(=O)CNC(=O)C3CC(CN3)O	0.599	Amino acids and Peptides	Cyclic peptides	Carboxylic acids and derivatives	6145.0	5589	EB-MSV000090464-gnps_ms2	transferred	2	944.4637	2.49	944.4583	2.476613	-5.718	-0.013	1.0	unique	assigned
C37H56N10O12	[M + H]+	H-Thr-Pro-Val-Cys-Thr-Thr-Glu-Val-al	CC(C)C(C=O)NC(=O)C(CCC(=O)O)NC(=O)C(C(C)O)NC(=O)C(C(C)O)NC(=O)C(CS)NC(=O)C(C(C)C)NC(=O)C1CCCN1C(=O)C(C(C)O)N	0.274	Amino acids and Peptides	Cyclic peptides	Carboxylic acids and derivatives	1098.0	5606	EB-MSV000090464-gnps_ms2	transferred	3	833.409	2.51	833.4095	2.470216	0.6	-0.04	0.9997	ms2_winner	assigned
C19H38N4O5	[M + Na]+	methyl 1-[1-(3,3-dimethylbutanoyl)-4-{[(propan-2-yl)carbamoyl]amino}pyrrolidine-2-carbonyl]pyrrolidine-2-carboxylate	CC(C)NC(=O)NC1CC(N(C1)C(=O)CC(C)(C)C)C(=O)N2CCCC2C(=O)OC	0.485	Amino acids and Peptides	Tripeptides	Carboxylic acids and derivatives	235.0	5608	EB-MSV000090464-gnps_ms2	transferred	3	425.275	2.51	425.2748	2.501582	-0.47	-0.008	1.0	ms2_tie	assigned
C27H45N3O6S	[M + Na]+	H-Asn-Ser-Thr-Leu-Unk	CC(C)CC(C(=O)NC(CCC(=O)N)C1OO1)NC(=O)C(C(C)O)NC(=O)C(CO)NC(=O)C(CC(=O)N)N	0.298	Amino acids and Peptides	Linear peptides	Carboxylic acids and derivatives	2458.0	5609	EB-MSV000090464-gnps_ms2	transferred	5	562.2878	2.5	562.2891	2.738	2.312	0.238	0.9923	ms2_winner	assigned
C26H39N5O7	[M + H]+	Substance P (1-4)	C1CC(N(C1)C(=O)C(CCCN=C(N)N)N)C(=O)NC(CCCCN)C(=O)N2CCCC2C(=O)N	0.903	Amino acids and Peptides	Cyclic peptides	Carboxylic acids and derivatives	1774.0	5613	EB-MSV000090464-gnps_ms2	transferred	2	534.2929	2.51	534.2934	2.477082	0.936	-0.033	1.0	unique	assigned
C28H37N5O7	[M + H]+	Val-Ala-Phe-Thr-Pro	CC(C)C(C(=O)NC(C)C(=O)NC(CC1=CC=CC=C1)C(=O)NC(C(C)O)C(=O)N2CCCC2C(=O)O)N	0.347	Amino acids and Peptides	Tripeptides	Carboxylic acids and derivatives	6785.0	5624	EB-MSV000090464-gnps_ms2	transferred	3	556.2783	2.5	556.2738	2.472258	-8.089	-0.028	0.9999	unique	assigned
C40H60N6O8	[M + H]+	12-{[4-(dimethylamino)-3-hydroxy-6-methyloxan-2-yl]oxy}-6-ethyl-4,5-dihydroxy-10-[(5-hydroxy-4-methoxy-4,6-dimethyloxan-2-yl)oxy]-3,5,9,11,13,15-hexamethyl-7,16-dioxa-2-azabicyclo[11.2.1]hexadec-1-en-8-one	CCC1C(C(C(N=C2C(CC(O2)(C(C(C(C(C(=O)O1)C)OC3CC(C(C(O3)C)O)(C)OC)C)OC4C(C(CC(O4)C)N(C)C)O)C)C)C)O)(C)O	0.12	Amino acids and Peptides	Microcolins and mirabimids	Carboxylic acids and derivatives	1285.0	5626	EB-MSV000090464-gnps_ms2	transferred	2	753.4526	2.52	753.4518	2.523	-1.062	0.003	1.0	ms2_winner	assigned
C30H46N6O9	[M + H]+	H-Ala-Pro-Leu-Leu-Glu-Ser-al	CC(C)CC(C(=O)NC(CC(C)C)C(=O)NC(CCC(=O)O)C(=O)NC(CO)C=O)NC(=O)C1CCCN1C(=O)C(C)N	0.838	Amino acids and Peptides	Cyclic peptides	Carboxylic acids and derivatives	919.0	5627	EB-MSV000090464-gnps_ms2	transferred	2	635.3406	2.52	635.3408	2.5172	0.315	-0.003	1.0	ms2_tie	assigned
C34H52N4O14	[M + Na]+	N-[(2S)-1-[[(2S,3R)-4-[(4R)-2-(tert-butylcarbamoyl)-4-(pyridin-3-ylmethylsulfanyl)piperidin-1-yl]-3-hydroxy-1-phenylbutan-2-yl]amino]-3-methyl-1-oxobutan-2-yl]quinoline-2-carboxamide	CC(C)C(C(=O)NC(CC1=CC=CC=C1)C(CN2CCC(CC2C(=O)NC(C)(C)C)SCC3=CN=CC=C3)O)NC(=O)C4=NC5=CC=CC=C5C=C4	0.052	Amino acids and Peptides	RiPPs	Carboxylic acids and derivatives	2091.0	5631	EB-MSV000090464-gnps_ms2	transferred	1	763.3352	2.52	763.3365	2.523918	1.703	0.004	1.0	unique	assigned
C27H44N8O11	[M + H]+	Cbz-aIle-Glu(OtBu)-Ala-Leu-al	CCC(C)C(C(=O)NC(CCC(=O)OC(C)(C)C)C(=O)NC(C)C(=O)NC(CC(C)C)C=O)NC(=O)OCC1=CC=CC=C1	0.703	Amino acids and Peptides	Cyclic peptides	Carboxylic acids and derivatives	6229.0	5632	EB-MSV000090464-gnps_ms2	transferred	4	657.3233	2.53	657.3264	2.54	4.716	0.01	0.9999	ms2_winner	assigned
C45H54O6	[M + H3N + H]+	5-hydroxy-6-{3-hydroxy-6-[4-(2-pentylphenyl)butyl]cyclohexa-2,4-dien-1-yl}-1-{3-[(6-hydroxynaphthalen-2-yl)methoxy]-4-methoxyphenyl}hexan-3-one	CCCCCC1=CC=CC=C1CCCCC2C=CC(=CC2CC(CC(=O)CCC3=CC(=C(C=C3)OC)OCC4=CC5=C(C=C4)C=C(C=C5)O)O)O	0.025	Terpenoids	Carotenoids (C40, β-β)	Prenol lipids	1497.0	5634	EB-MSV000090464-gnps_ms2	transferred	3	708.4289	2.52	708.4301	2.522568	1.694	0.003	1.0	unique	assigned
C17H31N3O4	[M + H]+	Diprotin A	CCC(C)C(C(=O)N1CCCC1C(=O)NC(C(C)CC)C(=O)O)N	0.819	Amino acids and Peptides	Dipeptides	Carboxylic acids and derivatives	717.0	5645	EB-MSV000090464-gnps_ms2	transferred	3	342.2393	2.53	342.2395	2.509156	0.584	-0.021	1.0	ms2_winner	assigned
C27H44N8O11	[M + H]+	L-Phenylalanine, N-(N-(N-(N,O-bis(1,1-dimethylethoxy)carbonyl)-L-tyrosyl)-D-alanylglycyl)-	CC(C(=O)NCC(=O)NC(CC1=CC=CC=C1)C(=O)O)NC(=O)C(CC2=CC=C(C=C2)OC(=O)OC(C)(C)C)NC(=O)OC(C)(C)C	0.104	Amino acids and Peptides	Linear peptides	Carboxylic acids and derivatives	6661.0	5649	EB-MSV000090464-gnps_ms2	transferred	4	657.322	2.53	657.3188	2.54	-4.868	0.01	1.0	ms2_winner	assigned
C25H36N4O6	[M + H]+	1-(2-{[1-(2-amino-4-methylpentanoyl)pyrrolidin-2-yl]formamido}-3-(4-hydroxyphenyl)propanoyl)pyrrolidine-2-carboxylic acid	CC(C)CC(C(=O)N1CCCC1C(=O)NC(CC2=CC=C(C=C2)O)C(=O)N3CCCC3C(=O)O)N	0.976	Amino acids and Peptides	Tripeptides	Carboxylic acids and derivatives	101.0	5657	EB-MSV000090464-gnps_ms2	transferred	1	489.2702	2.54	489.2704	2.54	0.409	0.0	1.0	unique	assigned
C20H36N4O6S	[M + H]+	H-DL-xiThr-DL-Met-DL-xiIle-DL-Pro-OH	CCC(C)C(C(=O)N1CCCC1C(=O)O)NC(=O)C(CCSC)NC(=O)C(C(C)O)N	0.251	Amino acids and Peptides	Tripeptides	Carboxylic acids and derivatives	84.0	5660	EB-MSV000090464-gnps_ms2	transferred	5	461.244	2.51	461.2442	2.414	0.434	-0.096	0.9894	ms2_winner	assigned
C44H66N8O11	[M + H]+	2-[(2S,5S,8S,11S,14S,17S,20S,23S)-20-(2-amino-2-oxoethyl)-11-(4-azaniumylbutyl)-14-[(2S)-butan-2-yl]-17-(carboxylatomethyl)-5-methyl-8,23-bis(2-methylpropyl)-3,6,9,12,15,18,21,24-octaoxo-1,4,7,10,13,16,19,22-octazacyclotetracos-2-yl]acetate	CCC(C)C1C(=O)NC(C(=O)NC(C(=O)NC(C(=O)NC(C(=O)NC(C(=O)NC(C(=O)NC(C(=O)N1)CCCCN)CC(C)C)C)CC(=O)O)CC(C)C)CC(=O)N)CC(=O)O	0.168	Amino acids and Peptides	Linear peptides	Carboxylic acids and derivatives	3322.0	5666	EB-MSV000090464-gnps_ms2	transferred	2	883.4925	2.54	883.4932	2.54	0.792	0.0	1.0	unique	assigned
C18H34N4O5S	[M + H]+	H-Gly-DL-Leu-DL-Val-DL-Met-OH	CC(C)CC(C(=O)NC(C(C)C)C(=O)NC(CCSC)C(=O)O)NC(=O)CN	0.454	Amino acids and Peptides	Tripeptides	Carboxylic acids and derivatives		5667	EB-MSV000090464-gnps_ms2	transferred	3	419.2329	2.54							low_cosine
C14H16N2O2	[M + H]+	3-benzyl-octahydropyrrolo[1,2-a]pyrazine-1,4-dione	C1CC2C(=O)NC(C(=O)N2C1)CC3=CC=CC=C3	0.997	Amino acids and Peptides	Dipeptides	Carboxylic acids and derivatives	1204.0	5672	EB-MSV000090464-gnps_ms2	transferred	2	245.1292	2.54	245.1293	2.54	0.408	0.0	1.0	ms2_tie	assigned
C21H38N4O5	[M + H]+	Val-pro-val-leu	CC(C)CC(C(=O)O)NC(=O)C(C(C)C)NC(=O)C1CCCN1C(=O)C(C(C)C)N	0.59	Amino acids and Peptides	Tripeptides	Carboxylic acids and derivatives	91.0	5682	EB-MSV000090464-gnps_ms2	transferred	2	427.2907	2.54	427.2903	2.438	-0.936	-0.102	0.9467	unique	assigned
C26H45N5O7	[M + H]+	Ile-Pro-Pro-Leu-Thr	CCC(C)C(C(=O)N1CCCC1C(=O)N2CCCC2C(=O)NC(CC(C)C)C(=O)NC(C(C)O)C(=O)O)N	0.789	Amino acids and Peptides	Cyclic peptides	Carboxylic acids and derivatives	843.0	5685	EB-MSV000090464-gnps_ms2	transferred	2	540.3413	2.54	540.3412	2.539444	-0.185	-0.001	1.0	unique	assigned
C19H25N3O4	[M + H]+	(R)-1-[(S)-1-((S)-2-Amino-3-phenyl-propionyl)-pyrrolidine-2-carbonyl]-pyrrolidine-2-carboxylic acid	C1CC(N(C1)C(=O)C2CCCN2C(=O)C(CC3=CC=CC=C3)N)C(=O)O	0.904	Amino acids and Peptides	Dipeptides	Carboxylic acids and derivatives	1809.0	5687	EB-MSV000090464-gnps_ms2	transferred	4	360.1941	2.55	360.1931	2.518736	-2.776	-0.031	1.0	ms2_tie	assigned
C19H34N4O5	[M + H]+	2-[[1-[2-(2-Aminopropanoylamino)-3-methylbutanoyl]pyrrolidine-2-carbonyl]amino]-3-methylpentanoic acid	CCC(C)C(C(=O)O)NC(=O)C1CCCN1C(=O)C(C(C)C)NC(=O)C(C)N	0.277	Amino acids and Peptides	Tripeptides	Carboxylic acids and derivatives	5889.0	5689	EB-MSV000090464-gnps_ms2	transferred	5	399.2614	2.55	399.2617	2.508537	0.751	-0.041	1.0	ms2_winner	assigned
C29H42N6O7S	[M + H]+	Casomorphin, trp(3)-	C1CC(N(C1)C(=O)C(CC2=CC=C(C=C2)O)N)C(=O)NC(CC3=CNC4=CC=CC=C43)C(=O)N5CCCC5C(=O)NCC(=O)O	0.737	Amino acids and Peptides	Tripeptides	Carboxylic acids and derivatives	801.0	5696	EB-MSV000090464-gnps_ms2	transferred	2	619.2913	2.55	619.2925	2.556	1.938	0.006	0.9999	ms2_winner	assigned
C27H41N5O7	[M + H]+	H-Leu-Ser-Ile-Pro-Pro-OH	CCC(C)C(C(=O)N1CCCC1C(=O)N2CCCC2C(=O)O)NC(=O)C(CO)NC(=O)C(CC(C)C)N	0.445	Amino acids and Peptides	Tripeptides	Carboxylic acids and derivatives	5534.0	5697	EB-MSV000090464-gnps_ms2	transferred	2	548.3091	2.54	548.3084	2.556	-1.277	0.016	0.9849	ms2_winner	assigned
C28H34N4O8	[M + H]+	(S)-2-((((9H-Fluoren-9-yl)methoxy)carbonyl)amino)-3-((1-(4,4-dimethyl-2,6-dioxocyclohexylidene)-3-methylbutyl)amino)propanoic acid	CC(C)CC(=NCC(C(=O)O)NC(=O)OCC1C2=CC=CC=C2C3=CC=CC=C13)C4=C(CC(CC4=O)(C)C)O	0.095	Amino acids and Peptides	Depsipeptides	Carboxylic acids and derivatives	26301.0	5700	EB-MSV000090464-gnps_ms2	transferred	5	555.2452	2.56	555.2418	2.091	-6.123	-0.469	0.84	ms2_tie	assigned
C28H30N2O5	[M + H]+	benzyl (2S)-2-[[(2R)-4-methyl-1-oxo-1-phenylmethoxypentan-2-yl]carbamoyl]pyrrolidine-1-carboxylate	CC(C)CC(C(=O)OCC1=CC=CC=C1)NC(=O)C2CCCN2C(=O)OCC3=CC=CC=C3	0.453	Amino acids and Peptides	Dipeptides	Carboxylic acids and derivatives	178.0	5705	EB-MSV000090464-gnps_ms2	transferred	4	475.2232	2.55	475.2246	2.549778	2.946	-0.0	0.9999	ms2_tie	assigned
C51H71N11O9S	[M + Na]+	H-Thr-Tyr-Phe-Ala-Val-Leu-Met-Val-Ser-al	CC(C)CC(C(=O)NC(CCSC)C(=O)NC(C(C)C)C(=O)NC(CO)C=O)NC(=O)C(C(C)C)NC(=O)C(C)NC(=O)C(CC1=CC=CC=C1)NC(=O)C(CC2=CC=C(C=C2)O)NC(=O)C(C(C)O)N	0.12	Amino acids and Peptides	RiPPs	Carboxylic acids and derivatives	3097.0	5708	EB-MSV000090464-gnps_ms2	transferred	1	1036.5056	2.56	1036.505	2.571	-0.579	0.011	0.9917	unique	assigned
C23H41N5O6	[M + H]+	H-Val-Leu-Gly-Pro-Val-OH	CC(C)CC(C(=O)NCC(=O)N1CCCC1C(=O)NC(C(C)C)C(=O)O)NC(=O)C(C(C)C)N	0.994	Amino acids and Peptides	Tripeptides	Carboxylic acids and derivatives	3615.0	5711	EB-MSV000090464-gnps_ms2	transferred	2	484.3144	2.56	484.314	2.57	-0.826	0.01	0.9926	ms2_winner	assigned
C35H59N7O14	[M + H]+		CC(C)CC1C(=O)N2CCCC2C(=O)N3CCCC3C(=O)N4CCCC4C(=O)NC(C(=O)NC(C(=O)NC(C(=O)N1)C(C)C)CC5=CC=CC=C5)CC(=O)OC	0.918	Amino acids and Peptides	Cyclic peptides	Carboxylic acids and derivatives	2596.0	5712	EB-MSV000090464-gnps_ms2	transferred	2	802.4111	2.56	802.412	2.557	1.122	-0.003	1.0	unique	assigned
C37H38N4O6	[M + H]+	3-[2-amino-3-(4-hydroxyphenyl)propanamido]-3-{[1-({[(1-carbamoyl-3-methylbutyl)carbamoyl]methyl}carbamoyl)-2-phenylethyl]carbamoyl}propanoic acid	CC(C)CC(C(=O)N)NC(=O)CNC(=O)C(CC1=CC=CC=C1)NC(=O)C(CC(=O)O)NC(=O)C(CC2=CC=C(C=C2)O)N	0.318	Amino acids and Peptides	Cyclic peptides	Carboxylic acids and derivatives	4210.0	5717	EB-MSV000090464-gnps_ms2	transferred	3	635.2876	2.56	635.2876	2.531	0.0	-0.029	1.0	ms2_tie	assigned
C42H67N7O9	[M + Na]+	(2S)-2-[[(2S,3R)-2-[[(2S)-2-[[(2S,3S)-2-[[2-[[(2S,3S)-2-[[2-[[(2S)-2-[[(2S)-2-azaniumylpropanoyl]amino]propanoyl]amino]acetyl]amino]-3-methylpentanoyl]amino]acetyl]amino]-3-methylpentanoyl]amino]-4-methylpentanoyl]amino]-3-hydroxybutanoyl]amino]-3-methylbutanoate	CCC(C)C(C(=O)NCC(=O)NC(C(C)CC)C(=O)NC(CC(C)C)C(=O)NC(C(C)O)C(=O)NC(C(C)C)C(=O)O)NC(=O)CNC(=O)C(C)NC(=O)C(C)N	0.769	Amino acids and Peptides	Linear peptides	Carboxylic acids and derivatives	1343.0	5719	EB-MSV000090464-gnps_ms2	transferred	1	836.4872	2.56	836.4871	2.556	-0.12	-0.004	0.9999	unique	assigned
C49H84N10O16S	[M + Na]+	Boc-Gly-Pro-Pro-Gly-Pro-Pro-Gly-Pro-Pro-Gly-Pro-Pro-OH	CC(C)(C)OC(=O)NCC(=O)N1CCCC1C(=O)N2CCCC2C(=O)NCC(=O)N3CCCC3C(=O)N4CCCC4C(=O)NCC(=O)N5CCCC5C(=O)N6CCCC6C(=O)NCC(=O)N7CCCC7C(=O)N8CCCC8C(=O)O	0.223	Amino acids and Peptides	Lipopeptides	Peptidomimetics	1914.0	5723	EB-MSV000090464-gnps_ms2	transferred	1	1123.5781	2.57	1123.5759	2.571	-1.958	0.001	0.9997	unique	assigned
C17H23N3O4	[M + H]+	2-[[1-(2-Aminopropanoyl)pyrrolidine-2-carbonyl]amino]-3-phenylpropanoic acid	CC(C(=O)N1CCCC1C(=O)NC(CC2=CC=CC=C2)C(=O)O)N	0.511	Amino acids and Peptides	Dipeptides	Carboxylic acids and derivatives	8380.0	5725	EB-MSV000090464-gnps_ms2	transferred	2	334.1759	2.57	334.1761	2.538516	0.598	-0.031	1.0	unique	assigned
C25H45N3O9S	[M + H]+	N-(carbamoylmethyl)-4-methyl-2-({1-[1-(4-methylbenzenesulfonamido)cyclohexanecarbonyl]pyrrolidin-2-yl}formamido)pentanamide	CC1=CC=C(C=C1)S(=O)(=O)NC2(CCCCC2)C(=O)N3CCCC3C(=O)NC(CC(C)C)C(=O)NCC(=O)N	0.189	Amino acids and Peptides	Cyclic peptides	Carboxylic acids and derivatives		5726	EB-MSV000090464-gnps_ms2	transferred	2	564.2917	2.57							no_ms2_candidate
C48H51N3O6	[M + H]+	Miporamicin	CCC1C(C2C(O2)C=CC(=O)C(CC(C(C(C=CC(=O)O1)C)OC3C(C(CC(O3)C)N(C)C)O)C)C)(COC4C(C(C(C(O4)C)O)OC)OC)O	0.324	Polyketides	Open-chain polyketides	Organooxygen compounds	1274.0	5727	EB-MSV000090464-gnps_ms2	transferred	1	766.3761	2.57	766.376	2.571	-0.13	0.001	1.0	unique	assigned
C28H39N3O6	[M + H]+	L-Leucine, N-[(phenylmethoxy)carbonyl]-L-leucyl-L-leucyl-	CC(C)CC(C(=O)NC(CC(C)C)C(=O)O)NC(=O)C(CC(C)C)NC(=O)OCC1=CC=CC=C1	0.156	Amino acids and Peptides	Cyclic peptides	Carboxylic acids and derivatives		5728	EB-MSV000090464-gnps_ms2	transferred	3	514.2871	2.56							low_cosine
C53H73N13O10	[M + H]+	[Asp3, Admadda5, Dhb7] Microcystin Rr	CC=C1C(=O)NC(C(=O)NC(C(=O)NC(CC(=O)NC(C(=O)NC(C(C(=O)NC(CCC(=O)N1)C(=O)O)C)C=CC(=CC(C)C(CC2=CC=CC=C2)OC(=O)C)C)CCCN=C(N)N)C(=O)O)CCCN=C(N)N)C	0.123	Amino acids and Peptides	RiPPs	Carboxylic acids and derivatives		5757	EB-MSV000090464-gnps_ms2	transferred	0	1052.5652	2.59							no_match
C27H45N3O6S	[M + Na]+	N~2~-Acetyl-N-[(2s,3r)-3-Hydroxy-4-{[(4-Methoxyphenyl)sulfonyl](2-Methylpropyl)amino}-1-Phenylbutan-2-Yl]-L-Isoleucinamide	CCC(C)C(C(=O)NC(CC1=CC=CC=C1)C(CN(CC(C)C)S(=O)(=O)C2=CC=C(C=C2)OC)O)NC(=O)C	0.051	Amino acids and Peptides	Depsipeptides	Carboxylic acids and derivatives	46.0	5759	EB-MSV000090464-gnps_ms2	transferred	5	562.2893	2.59	562.2884	2.572	-1.601	-0.018	1.0	ms2_tie	assigned
C21H28N4O5	[M + H]+	2-[[1-[3-Phenyl-2-(pyrrolidine-2-carbonylamino)propanoyl]pyrrolidine-2-carbonyl]amino]acetic acid	C1CC(NC1)C(=O)NC(CC2=CC=CC=C2)C(=O)N3CCCC3C(=O)NCC(=O)O	0.877	Amino acids and Peptides	Tripeptides	Carboxylic acids and derivatives	995.0	5763	EB-MSV000090464-gnps_ms2	transferred	3	417.2143	2.58	417.2145	2.572	0.479	-0.008	0.999	ms2_winner	assigned
C24H33N5O6	[M + H]+	(2S)-2-[[(2S)-1-[(2S)-2-[[(2S)-1-acetylpyrrolidine-2-carbonyl]amino]propanoyl]pyrrolidine-2-carbonyl]amino]-3-(4-hydroxyphenyl)propanimidate	CC(C(=O)N1CCCC1C(=O)NC(CC2=CC=C(C=C2)O)C(=O)N)NC(=O)C3CCCN3C(=O)C	0.634	Amino acids and Peptides	Tripeptides	Carboxylic acids and derivatives	3851.0	5765	EB-MSV000090464-gnps_ms2	transferred	5	488.2514	2.58	488.2503	2.564399	-2.253	-0.016	0.9999	ms2_tie	assigned
C17H23N3O3	[M + H]+	2-(2-amino-4-methylpentanamido)-3-(1H-indol-3-yl)propanoic acid	CC(C)CC(C(=O)NC(CC1=CNC2=CC=CC=C21)C(=O)O)N	0.897	Amino acids and Peptides	Dipeptides	Carboxylic acids and derivatives	3648.0	5767	EB-MSV000090464-gnps_ms2	transferred	3	318.182	2.59	318.1824	2.603	1.257	0.013	1.0	unique	assigned
C37H54N6O9	[M + H]+	Veraguamide C	CCC(C)C1C(=O)N2CCCC2C(=O)N(C(C(=O)OC(C(C(=O)NC(C(=O)N(C(C(=O)O1)C(C)C)C)C(C)C)C)CCCC#C)C(C)C)C	0.178	Amino acids and Peptides	Cyclic peptides	Carboxylic acids and derivatives	611.0	5777	EB-MSV000090464-gnps_ms2	transferred	1	727.4018	2.59	727.4024	2.587	0.825	-0.003	1.0	unique	assigned
C26H44N6O7	[M + H]+	H-Glu-D-Pro-D-Pro-Lys-D-Val-al	CC(C)C(C=O)NC(=O)C(CCCCN)NC(=O)C1CCCN1C(=O)C2CCCN2C(=O)C(CCC(=O)O)N	0.831	Amino acids and Peptides	Tripeptides	Carboxylic acids and derivatives	210.0	5787	EB-MSV000090464-gnps_ms2	transferred	4	553.3357	2.59	553.3361	2.589011	0.723	-0.001	0.9999	ms2_winner	assigned
C40H66N10O15	[M + H]+	H-Thr-Pro-Pro-Ser-Thr-Ala-Leu-Ser-Pro-Gly-OH	CC(C)CC(C(=O)NC(CO)C(=O)N1CCCC1C(=O)NCC(=O)O)NC(=O)C(C)NC(=O)C(C(C)O)NC(=O)C(CO)NC(=O)C2CCCN2C(=O)C3CCCN3C(=O)C(C(C)O)N	0.657	Amino acids and Peptides	Cyclic peptides	Carboxylic acids and derivatives		5792	EB-MSV000090464-gnps_ms2	transferred	2	927.4814	2.58							low_cosine
C21H39N7O5	[M + Na]+	Methymycin	CCC1C(C=CC(=O)C(CC(C(C(C(=O)O1)C)OC2C(C(CC(O2)C)N(C)C)O)C)C)(C)O	0.15	Amino acids and Peptides	Aminoacids	Carboxylic acids and derivatives		5793	EB-MSV000090464-gnps_ms2	transferred	5	492.2915	2.6							low_cosine
C46H72N14O10	[M + H]+	Ac-Pro-Pro-Pro-Val-N(iPr)Gly-Pro-Arg-Arg-OH	CC(C)C(C(=O)N(CC(=O)N1CCCC1C(=O)NC(CCCN=C(N)N)C(=O)NC(CCCN=C(N)N)C(=O)O)C(C)C)NC(=O)C2CCCN2C(=O)C3CCCN3C(=O)C4CCCN4C(=O)C	0.423	Amino acids and Peptides	Cyclic peptides	Carboxylic acids and derivatives	5787.0	5804	EB-MSV000090464-gnps_ms2	transferred	1	981.5687	2.6	981.572	2.587	3.362	-0.013	1.0	unique	assigned
C11H20N2O3	[M + H]+	4-methyl-2-[(pyrrolidin-2-yl)formamido]pentanoic acid	CC(C)CC(C(=O)O)NC(=O)C1CCCN1	0.803	Amino acids and Peptides	Dipeptides	Carboxylic acids and derivatives	27606.0	5805	EB-MSV000090464-gnps_ms2	transferred	4	229.1541	2.6	229.1542	2.442654	0.436	-0.157	0.808	unique	assigned
C17H33N3O4	[M + H]+	Leu-Val-Leu	CC(C)CC(C(=O)NC(C(C)C)C(=O)NC(CC(C)C)C(=O)O)N	0.776	Amino acids and Peptides	Tripeptides	Carboxylic acids and derivatives	1136.0	5808	EB-MSV000090464-gnps_ms2	transferred	3	344.2541	2.6	344.254	2.603	-0.29	0.003	0.9999	ms2_tie	assigned
C33H49N5O10	[M + H]+	H-Phe-Val-Tyr-Leu-Ile-OH	CCC(C)C(C(=O)O)NC(=O)C(CC(C)C)NC(=O)C(CC1=CC=C(C=C1)O)NC(=O)C(C(C)C)NC(=O)C(CC2=CC=CC=C2)N	0.273	Amino acids and Peptides	Tripeptides	Carboxylic acids and derivatives		5809	EB-MSV000090464-gnps_ms2	transferred	2	676.3648	2.6							no_ms2_candidate
C27H39N5O7	[M + H]+	H-DL-Ala-DL-Val-DL-Pro-DL-Tyr-DL-Pro-OH	CC(C)C(C(=O)N1CCCC1C(=O)NC(CC2=CC=C(C=C2)O)C(=O)N3CCCC3C(=O)O)NC(=O)C(C)N	0.841	Amino acids and Peptides	Tripeptides	Carboxylic acids and derivatives	2281.0	5813	EB-MSV000090464-gnps_ms2	transferred	5	546.2927	2.6	546.2925	2.577245	-0.366	-0.023	1.0	ms2_winner	assigned
C66H85N5O5	[M + K]+	Neocopiamycin	CC1CCC(C(C(CC(C(C=CC(=O)OC(C(C=CC(C(C(CC(CC(CC2CC(C(C(O2)(CC1O)O)O)O)OC(=O)CC(=O)O)O)O)C)O)C)C(C)CC(C)CCCC=CCCCN=C(N)N)C)O)O)C)O		Polyketides	Depsipeptides	Peptidomimetics	3686.0	5829	EB-MSV000090464-gnps_ms2	transferred	1	1066.6305	2.61	1066.6268	2.619	-3.469	0.009	0.9999	unique	assigned
C35H51N5O7	[M + H]+	tert-butyl N-[(2S)-1-[(2S)-2-[[4-[[2-(benzylamino)-2-oxoethyl]amino]-1-cyclopropyl-3,4-dioxobutan-2-yl]carbamoyl]-6,6-dimethyl-3-azabicyclo[3.1.0]hexan-3-yl]-3,3-dimethyl-1-oxobutan-2-yl]carbamate	CC1(C2C1C(N(C2)C(=O)C(C(C)(C)C)NC(=O)OC(C)(C)C)C(=O)NC(CC3CC3)C(=O)C(=O)NCC(=O)NCC4=CC=CC=C4)C	0.086	Amino acids and Peptides	Depsipeptides	Carboxylic acids and derivatives	275.0	5830	EB-MSV000090464-gnps_ms2	transferred	4	654.382	2.59	654.3793	2.587758	-4.126	-0.002	1.0	ms2_tie	assigned
C18H32N4O6	[M + K]+	H-DL-Ala-DL-Leu-DL-xiThr-DL-Pro-OH	CC(C)CC(C(=O)NC(C(C)O)C(=O)N1CCCC1C(=O)O)NC(=O)C(C)N	0.646	Amino acids and Peptides	Tripeptides	Carboxylic acids and derivatives	3224.0	5831	EB-MSV000090464-gnps_ms2	transferred	3	439.1951	2.6	439.195	2.443865	-0.228	-0.156	0.998	ms2_winner	assigned
C43H72N10O13	[M + H]+	2-{2-[2-(2-{2-[2-(2-{2-[2-(2-aminoacetamido)-4-methylpentanamido]-4-methylpentanamido}-3-hydroxypropanamido)-3-methylbutanamido]-4-methylpentanamido}acetamido)-3-hydroxypropanamido]-3-methylbutanamido}propanoic acid	CC(C)CC(C(=O)NC(CC(C)C)C(=O)NC(CO)C(=O)NC(C(C)C)C(=O)NC(CC(C)C)C(=O)NCC(=O)NC(CO)C(=O)NC(C(C)C)C(=O)NC(C)C(=O)O)NC(=O)CN	0.749	Amino acids and Peptides	Linear peptides	Carboxylic acids and derivatives	2608.0	5834	EB-MSV000090464-gnps_ms2	transferred	1	937.5336	2.61	937.5337	2.605	0.107	-0.005	0.8559	unique	assigned
C72H84N4O9	[M + H]+	H-Leu-Leu-Phe-Gly-Tyr-Pro-Arg-Tyr-Val-OH	CC(C)CC(C(=O)NC(CC(C)C)C(=O)NC(CC1=CC=CC=C1)C(=O)NCC(=O)NC(CC2=CC=C(C=C2)O)C(=O)N3CCCC3C(=O)NC(CCCN=C(N)N)C(=O)NC(CC4=CC=C(C=C4)O)C(=O)NC(C(C)C)C(=O)O)N	0.334	Amino acids and Peptides	Cyclic peptides	Carboxylic acids and derivatives	2757.0	5843	EB-MSV000090464-gnps_ms2	transferred	1	1149.6171	2.61	1149.6151	2.618	-1.74	0.008	1.0	unique	assigned
C41H54N8O7	[M + H]+	13'-cyclopentyl-12'-hydroxy-19'-{2-[6-(imidazolidin-4-yl)hexyl]furan-3-yl}-9',9',20'-trimethyl-4',8',15',18'-tetraoxaspiro[cyclopentane-1,6'-hexacyclo[11.9.0.0²,⁷.0²,¹⁰.0¹⁴,¹⁶.0¹⁴,²⁰]docosane]-5',11',17'-trione	CC1(C2C(=O)C(C3(C(C24COC(=O)C5(C4O1)CCCC5)CCC6(C37C(O7)C(=O)OC6C8=C(OC=C8)CCCCCCC9CNCN9)C)C1CCCC1)O)C	0.041	Amino acids and Peptides	Depsipeptides	Carboxylic acids and derivatives	3356.0	5844	EB-MSV000090464-gnps_ms2	transferred	1	771.423	2.61	771.4226	2.618	-0.519	0.008	1.0	unique	assigned
C34H49N5O8	[M + Na]+	Ncp-E4-L	CCC(C)C(C(=O)NC(CO)C(=O)N1CCC(C1C(=O)O)C)NC(=O)C(CCC(=O)N)NC(=O)CNC(=O)C(CC2=CC=C(C=C2)O)N	0.255	Amino acids and Peptides	Tripeptides	Carboxylic acids and derivatives	1599.0	5847	EB-MSV000090464-gnps_ms2	transferred	1	678.3481	2.62	678.3491	2.630687	1.474	0.011	0.9954	unique	assigned
C29H50N14O10	[M + H]+	Phepropeptin B	CC(C)CC1C(=O)NC(C(=O)NC(C(=O)NC(C(=O)N2CCCC2C(=O)NC(C(=O)N1)CC3=CC=CC=C3)CC4=CC=CC=C4)CC(C)C)C(C)C	0.623	Amino acids and Peptides	Cyclic peptides	Carboxylic acids and derivatives	2533.0	5855	EB-MSV000090464-gnps_ms2	transferred	3	755.3958	2.63	755.3945	2.618	-1.721	-0.012	0.9116	ms2_winner	assigned
C25H38N4O6	[M + H]+	2-[(1-{2-[2-amino-3-(4-hydroxyphenyl)propanamido]-3-methylbutanoyl}pyrrolidin-2-yl)formamido]-4-methylpentanoic acid	CC(C)CC(C(=O)O)NC(=O)C1CCCN1C(=O)C(C(C)C)NC(=O)C(CC2=CC=C(C=C2)O)N	0.794	Amino acids and Peptides	Tripeptides	Carboxylic acids and derivatives	31.0	5857	EB-MSV000090464-gnps_ms2	transferred	3	491.2881	2.62	491.288	2.617738	-0.204	-0.002	1.0	ms2_winner	assigned
C31H43N7O8	[M + H]+	15-benzyl-18-(hydroxymethyl)-3-(propan-2-yl)-1,4,10,13,16,19,22-heptaazatricyclo[22.3.0.0⁶,¹⁰]heptacosane-2,5,11,14,17,20,23-heptone	CC(C)C1C(=O)N2CCCC2C(=O)NCC(=O)NC(C(=O)NC(C(=O)NCC(=O)N3CCCC3C(=O)N1)CC4=CC=CC=C4)CO	0.708	Amino acids and Peptides	Cyclic peptides	Carboxylic acids and derivatives	6456.0	5862	EB-MSV000090464-gnps_ms2	transferred	3	642.3234	2.62	642.3235	2.602	0.156	-0.018	1.0	ms2_winner	assigned
C29H47N5O7	[M + H]+	Destruxin A	CCC(C)C1C(=O)N(C(C(=O)N(C(C(=O)NCCC(=O)OC(C(=O)N2CCCC2C(=O)N1)CC=C)C)C)C(C)C)C	0.563	Amino acids and Peptides	Cyclic peptides	Carboxylic acids and derivatives		5869	EB-MSV000090464-gnps_ms2	transferred	1	578.3567	2.63							low_cosine
C42H55N11O8	[M + H]+	Tubulysin G	CCC(C)C(C(=O)N(COC(=O)C=C(C)C)C(CC(C1=NC(=CS1)C(=O)NC(CC2=CC=C(C=C2)O)CC(C)C(=O)O)OC(=O)C)C(C)C)NC(=O)C3CCCCN3C	0.123	Amino acids and Peptides	Cyclic peptides	Carboxylic acids and derivatives	1963.0	5872	EB-MSV000090464-gnps_ms2	transferred	1	842.426	2.62	842.4249	2.621031	-1.306	0.001	1.0	unique	assigned
C31H47N7O10	[M + H]+	Ncp-E4-L	CCC(C)C(C(=O)NC(CO)C(=O)N1CCC(C1C(=O)O)C)NC(=O)C(CCC(=O)N)NC(=O)CNC(=O)C(CC2=CC=C(C=C2)O)N	0.17	Amino acids and Peptides	RiPPs	Carboxylic acids and derivatives	1599.0	5880	EB-MSV000090464-gnps_ms2	transferred	1	678.3492	2.62	678.3491	2.630687	-0.147	0.011	0.9999	unique	assigned
C32H47N7O9	[M + H]+	Boc-Pro-Ile-Leu-Pro-Pro-OH	CCC(C)C(C(=O)NC(CC(C)C)C(=O)N1CCCC1C(=O)N2CCCC2C(=O)O)NC(=O)C3CCCN3C(=O)OC(C)(C)C	0.316	Amino acids and Peptides	Tripeptides	Carboxylic acids and derivatives	4357.0	5892	EB-MSV000090464-gnps_ms2	transferred	4	674.3533	2.63	674.3547	2.982853	2.076	0.353	0.9037	ms2_tie	assigned
C23H36N6O4	[M + H]+	2-[[(2R)-1-[(2S)-2-[(5-carbamimidoyl-1-methylpyrrol-2-yl)methylcarbamoyl]pyrrolidin-1-yl]-3-cyclohexyl-1-oxopropan-2-yl]amino]acetic acid	CN1C(=CC=C1C(=N)N)CNC(=O)C2CCCN2C(=O)C(CC3CCCCC3)NCC(=O)O	0.128	Amino acids and Peptides	Tripeptides	Carboxylic acids and derivatives	336.0	5893	EB-MSV000090464-gnps_ms2	transferred	1	461.2871	2.63	461.2867	2.634	-0.867	0.004	1.0	unique	assigned
C32H48N6O9	[M + H]+		CC(C)CC(C(=O)NC(C(C)C)C(=O)OC)NC(=O)C(CC1=CC=CC=C1)NC(=O)C(CC2=CC=CC=C2)NC(=O)OC(C)(C)C	0.085	Amino acids and Peptides	Linear peptides	Carboxylic acids and derivatives		5911	EB-MSV000090464-gnps_ms2	transferred	2	661.3494	2.63							low_cosine
C29H49N5O12	[M + H]+	His-Pro-Phe-Leu-Phe	CC(C)CC(C(=O)NC(CC1=CC=CC=C1)C(=O)O)NC(=O)C(CC2=CC=CC=C2)NC(=O)C3CCCN3C(=O)C(CC4=CN=CN4)N	0.347	Amino acids and Peptides	Cyclic peptides	Carboxylic acids and derivatives		5928	EB-MSV000090464-gnps_ms2	transferred	4	660.3423	2.64							low_cosine
C40H49N5O11	[M + H]+	H-Thr-Asn-Leu-Tyr-Met-Leu-al	CC(C)CC(C=O)NC(=O)C(CCSC)NC(=O)C(CC1=CC=C(C=C1)O)NC(=O)C(CC(C)C)NC(=O)C(CC(=O)N)NC(=O)C(C(C)O)N	0.308	Amino acids and Peptides	Cyclic peptides	Carboxylic acids and derivatives	299.0	5934	EB-MSV000090464-gnps_ms2	transferred	2	776.3425	2.64	776.3425	2.713	0.0	0.073	0.9591	ms2_winner	assigned
C32H46N6O9	[M + H]+	L-Valyl-L-alanyl-L-prolyl-L-phenylalanyl-L-prolyl-L-glutamic acid	CC(C)C(C(=O)NC(C)C(=O)N1CCCC1C(=O)NC(CC2=CC=CC=C2)C(=O)N3CCCC3C(=O)NC(CCC(=O)O)C(=O)O)N	0.752	Amino acids and Peptides	Cyclic peptides	Carboxylic acids and derivatives	54.0	5948	EB-MSV000090464-gnps_ms2	transferred	3	659.3377	2.65	659.3375	2.634608	-0.303	-0.015	0.9999	ms2_winner	assigned
C37H53N5O12	[M + H]+	cyclo[Asp-Gly-Tyr-Ile-Thr-Pro-Leu]	CCC(C)C1C(=O)NC(C(=O)N2CCCC2C(=O)NC(C(=O)NC(C(=O)NCC(=O)NC(C(=O)N1)CC3=CC=C(C=C3)O)CC(=O)O)CC(C)C)C(C)O	0.466	Amino acids and Peptides	Linear peptides	Carboxylic acids and derivatives		5955	EB-MSV000090464-gnps_ms2	transferred	2	760.3856	2.65							low_cosine
C43H63N11O15	[M + H]+	cyclo(L-alpha-glutamyl-L-threonyl-L-tyrosyl-L-threonyl-L-lysyl-D-leucyl-L-leucyl-L-seryl)	CC(C)CC1C(=O)NC(C(=O)NC(C(=O)NC(C(=O)NC(C(=O)NC(C(=O)NC(C(=O)NC(C(=O)N1)CCCCN)C(C)O)CC2=CC=C(C=C2)O)C(C)O)CCC(=O)O)CO)CC(C)C	0.174	Amino acids and Peptides	Cyclic peptides	Carboxylic acids and derivatives	3242.0	5958	EB-MSV000090464-gnps_ms2	transferred	2	974.4596	2.64	974.4594	2.649	-0.205	0.009	0.9964	unique	assigned
C29H42N6O7S	[M + H]+	Casomorphin, trp(3)-	C1CC(N(C1)C(=O)C(CC2=CC=C(C=C2)O)N)C(=O)NC(CC3=CNC4=CC=CC=C43)C(=O)N5CCCC5C(=O)NCC(=O)O	0.727	Amino acids and Peptides	Cyclic peptides	Carboxylic acids and derivatives		5965	EB-MSV000090464-gnps_ms2	transferred	1	619.2918	2.64							low_cosine
C51H74N4O16	[M + H]+	H-Ser-Leu-Phe-Asn-Thr-Ile-Ala-Val-Leu-al	CCC(C)C(C(=O)NC(C)C(=O)NC(C(C)C)C(=O)NC(CC(C)C)C=O)NC(=O)C(C(C)O)NC(=O)C(CC(=O)N)NC(=O)C(CC1=CC=CC=C1)NC(=O)C(CC(C)C)NC(=O)C(CO)N	0.027	Amino acids and Peptides	Linear peptides	Carboxylic acids and derivatives	1372.0	5971	EB-MSV000090464-gnps_ms2	transferred	2	999.5156	2.65	999.515	2.649	-0.6	-0.001	1.0	ms2_winner	assigned
C34H44N6O9	[M + H]+	DDIVP-Aminopentyl alcohol	CCCC(CO)NC(=O)C1CCCN1C(=O)C(C(C)C)NC(=O)C(C(C)CC)NC(=O)C(CC(=O)O)NC(=O)C(CC(=O)O)N	0.346	Amino acids and Peptides	Tripeptides	Carboxylic acids and derivatives	3714.0	5972	EB-MSV000090464-gnps_ms2	transferred	4	681.3246	2.65	681.325	2.64307	0.587	-0.007	0.9364	unique	assigned
C34H44N6O9	[M + H]+	[(4Z,6E,8S,9S,10E,12S,13R,14S,16R)-13-hydroxy-8,14-dimethoxy-4,10,12,16-tetramethyl-3,20,22-trioxo-19-(2-pyrrolidin-1-ylethylamino)-2-azabicyclo[16.3.1]docosa-1(21),4,6,10,18-pentaen-9-yl] carbamate	CC1CC(C(C(C=C(C(C(C=CC=C(C(=O)NC2=CC(=O)C(=C(C1)C2=O)NCCN3CCCC3)C)OC)OC(=O)N)C)C)O)OC	0.125	Amino acids and Peptides	Linear peptides	Carboxylic acids and derivatives	3714.0	5988	EB-MSV000090464-gnps_ms2	transferred	4	681.3236	2.65	681.325	2.64307	2.055	-0.007	0.9215	unique	assigned
C37H56N8O10S	[M + H]+	2-[15-benzyl-21-(2-methylpropyl)-2,5,8,14,17,20,23-heptaoxo-3,18-bis(propan-2-yl)-1,4,7,13,16,19,22-heptaazatricyclo[22.3.0.0⁹,¹³]heptacosan-6-yl]acetamide	CC(C)CC1C(=O)NC(C(=O)NC(C(=O)N2CCCC2C(=O)NC(C(=O)NC(C(=O)N3CCCC3C(=O)N1)C(C)C)CC(=O)N)CC4=CC=CC=C4)C(C)C	0.169	Amino acids and Peptides	Linear peptides	Carboxylic acids and derivatives	616.0	5991	EB-MSV000090464-gnps_ms2	transferred	2	805.3943	2.65	805.3936	2.654826	-0.869	0.005	1.0	ms2_tie	assigned
C28H45N7O6	[M + H]+	(3S)-3-[[(2R)-2-[5-tert-butyl-3-[(4-methyl-1,2,5-oxadiazol-3-yl)methylamino]-2-oxopyrazin-1-yl]butanoyl]amino]-5-[hexyl(methyl)amino]-4-oxopentanoate	CCCCCCN(C)CC(=O)C(CC(=O)O)NC(=O)C(CC)N1C=C(N=C(C1=O)NCC2=NON=C2C)C(C)(C)C	0.044	Amino acids and Peptides	Tripeptides	Carboxylic acids and derivatives	19.0	5993	EB-MSV000090464-gnps_ms2	transferred	1	576.3501	2.66	576.3499	2.634656	-0.347	-0.025	0.9999	unique	assigned
C36H55N5O6S	[M + H]+	2-[[5-(2,6-Dimethoxyphenyl)-1-[4-[3-(dimethylamino)propyl-methylcarbamoyl]-2-propan-2-ylphenyl]pyrazole-3-carbonyl]amino]adamantane-2-carboxylic acid	CC(C)C1=C(C=CC(=C1)C(=O)N(C)CCCN(C)C)N2C(=CC(=N2)C(=O)NC3(C4CC5CC(C4)CC3C5)C(=O)O)C6=C(C=CC=C6OC)OC	0.042	Amino acids and Peptides	Cyclic peptides	Carboxylic acids and derivatives		5994	EB-MSV000090464-gnps_ms2	transferred	2	686.3974	2.65							low_cosine
C36H53N5O8	[M + H]+	cyclopentyl N-[(2S)-1-[(2S,4R)-2-[[(2S)-4-amino-1-cyclopropyl-3,4-dioxobutan-2-yl]carbamoyl]-4-[(E)-1-(4-methoxy-3,5-dimethylphenyl)ethylideneamino]oxy-4-methylpyrrolidin-1-yl]-3,3-dimethyl-1-oxobutan-2-yl]carbamate	CC1=CC(=CC(=C1OC)C)C(=NOC2(CC(N(C2)C(=O)C(C(C)(C)C)NC(=O)OC3CCCC3)C(=O)NC(CC4CC4)C(=O)C(=O)N)C)C	0.059	Amino acids and Peptides	Cyclic peptides	Carboxylic acids and derivatives	35.0	6003	EB-MSV000090464-gnps_ms2	transferred	5	684.3951	2.66	684.3967	2.649	2.338	-0.011	1.0	ms2_tie	assigned
C33H55FN10O7	[M + H]+		CC(C)CC1C(=O)NC(C(=O)NC(C(=O)NC(C(=O)NC(C(=O)NC(C(=O)N1)CC(C)C)C(C)C)CC2=CC=C(C=C2)O)C(C)C)CC(C)C	0.088	Amino acids and Peptides	Cyclic peptides	Carboxylic acids and derivatives	2705.0	6007	EB-MSV000090464-gnps_ms2	transferred	5	723.439	2.66	723.4362	2.665348	-3.87	0.005	1.0	ms2_tie	assigned
C38H51N5O8	[M + H]+	Boc-N(allyl)Gly-Leu-Pro-Phe-N(allyl)Gly-OMe	CC(C)CC(C(=O)N1CCCC1C(=O)NC(CC2=CC=CC=C2)C(=O)N(CC=C)CC(=O)OC)NC(=O)CN(CC=C)C(=O)OC(C)(C)C	0.382	Amino acids and Peptides	Tripeptides	Carboxylic acids and derivatives		6008	EB-MSV000090464-gnps_ms2	transferred	2	706.3775	2.65							low_cosine
C14H19N3O4	[M + Na]+	3-(1H-indol-3-yl)-2-[(5-oxopyrrolidin-2-yl)formamido]propanoic acid	C1CC(=O)NC1C(=O)NC(CC2=CNC3=CC=CC=C32)C(=O)O	0.998	Amino acids and Peptides	Dipeptides	Carboxylic acids and derivatives	605.0	6020	EB-MSV000090464-gnps_ms2	transferred	1	316.1297	2.64	316.1282	2.633	-4.745	-0.007	0.9999	unique	assigned
C36H53N7O11	[M + H]+	cyclo[Asp-Gly-Tyr-Ile-Thr-Pro-Leu]	CCC(C)C1C(=O)NC(C(=O)N2CCCC2C(=O)NC(C(=O)NC(C(=O)NCC(=O)NC(C(=O)N1)CC3=CC=C(C=C3)O)CC(=O)O)CC(C)C)C(C)O	0.477	Amino acids and Peptides	Linear peptides	Carboxylic acids and derivatives		6035	EB-MSV000090464-gnps_ms2	transferred	2	760.3867	2.66							low_cosine
C24H40N2O4	[M + K]+	H-DL-Pro-DL-Val-DL-Pro-DL-Phe-OH	CC(C)C(C(=O)N1CCCC1C(=O)NC(CC2=CC=CC=C2)C(=O)O)NC(=O)C3CCCN3	0.68	Amino acids and Peptides	Tripeptides	Carboxylic acids and derivatives	342.0	6037	EB-MSV000090464-gnps_ms2	transferred	1	459.2609	2.66	459.2596	2.715	-2.831	0.055	1.0	unique	assigned
C35H56N4O16	[M + H]+	L-Iditol, 1,2,5,6-tetradeoxy-2,5-bis(((2S)-3-methyl-1-oxo-2-(((phenylmethoxy)carbonyl)amino)butyl)amino)-1,6-diphenyl-	CC(C)C(C(=O)NC(CC1=CC=CC=C1)C(C(C(CC2=CC=CC=C2)NC(=O)C(C(C)C)NC(=O)OCC3=CC=CC=C3)O)O)NC(=O)OCC4=CC=CC=C4	0.221	Amino acids and Peptides	Cyclic peptides	Carboxylic acids and derivatives	2454.0	6039	EB-MSV000090464-gnps_ms2	transferred	2	789.3773	2.67	789.3782	2.664229	1.14	-0.006	1.0	unique	assigned
C23H39N5O6	[M + H]+	actinomycin x0	CC1C(C(=O)NC(C(=O)N2CCCC2C(=O)N(CC(=O)N(C(C(=O)O1)C(C)C)C)C)C(C)C)N	0.791	Amino acids and Peptides	Cyclic peptides	Carboxylic acids and derivatives	10774.0	6044	EB-MSV000090464-gnps_ms2	transferred	2	482.2992	2.67	482.2992	2.651	0.0	-0.019	1.0	unique	assigned
C30H41N7O9	[M + H]+	propan-2-yl N-[(2R)-3-methyl-1-[[(1S)-1-[3-[2-[[(2R)-3-methyl-1-oxo-1-phenylbutan-2-yl]amino]-2-oxoethyl]oxiran-2-yl]-2-phenylethyl]amino]-3-methylsulfonyl-1-oxobutan-2-yl]carbamate	CC(C)C(C(=O)C1=CC=CC=C1)NC(=O)CC2C(O2)C(CC3=CC=CC=C3)NC(=O)C(C(C)(C)S(=O)(=O)C)NC(=O)OC(C)C	0.081	Amino acids and Peptides	Cyclic peptides	Carboxylic acids and derivatives	514.0	6054	EB-MSV000090464-gnps_ms2	transferred	2	644.3038	2.67	644.3043	2.586	0.776	-0.084	0.9648	ms2_winner	assigned
C26H31N9O7	[M + Na]+	5-acetyl-8-{3-methoxy-2-[2-(4-methoxyphenyl)ethoxy]phenyl}-11-(propan-2-yl)-2,5,11-triazatetracyclo[7.6.1.0³,⁷.0¹²,¹⁶]hexadeca-1(16),3(7),9,12,14-pentaen-6-one	CC(C)N1C=C2C(C3=C(CN(C3=O)C(=O)C)NC4=C2C1=CC=C4)C5=C(C(=CC=C5)OC)OCCC6=CC=C(C=C6)OC	0.02	Amino acids and Peptides	Cyclic peptides	Carboxylic acids and derivatives	2904.0	6057	EB-MSV000090464-gnps_ms2	transferred	2	604.2255	2.67	604.2252	2.670587	-0.497	0.001	1.0	unique	assigned
C36H38N4O7	[M + H]+	Ac-Gln-Leu-Asp-Leu-Ala-OH	CC(C)CC(C(=O)NC(CC(=O)O)C(=O)NC(CC(C)C)C(=O)NC(C)C(=O)O)NC(=O)C(CCC(=O)N)NC(=O)C	0.48	Amino acids and Peptides	Tripeptides	Carboxylic acids and derivatives	5272.0	6058	EB-MSV000090464-gnps_ms2	transferred	3	639.2803	2.68	639.2773	2.6585	-4.693	-0.022	1.0	ms2_winner	assigned
C20H25N3O4	[M + H]+	1-[5-Amino-2-[(2,5-diamino-5-oxopentanoyl)amino]-5-oxopentanoyl]pyrrolidine-2-carboxylic acid	C1CC(N(C1)C(=O)C(CCC(=O)N)NC(=O)C(CCC(=O)N)N)C(=O)O	0.405	Amino acids and Peptides	Dipeptides	Carboxylic acids and derivatives	4192.0	6059	EB-MSV000090464-gnps_ms2	transferred	2	372.1912	2.67	372.1909	2.661214	-0.806	-0.009	0.9999	unique	assigned
C22H38N4O5	[M + H]+	H-DL-Leu-DL-Pro-DL-xiIle-DL-Pro-OH	CCC(C)C(C(=O)N1CCCC1C(=O)O)NC(=O)C2CCCN2C(=O)C(CC(C)C)N	0.208	Amino acids and Peptides	Tripeptides	Carboxylic acids and derivatives	429.0	6063	EB-MSV000090464-gnps_ms2	transferred	2	439.291	2.68	439.2911	2.681	0.228	0.001	0.9999	ms2_winner	assigned
C39H63N17O13	[M + H]+	H-Ser-Met-Pro-Glu-Leu-Ser-Pro-Val-Leu-al	CC(C)CC(C=O)NC(=O)C(C(C)C)NC(=O)C1CCCN1C(=O)C(CO)NC(=O)C(CC(C)C)NC(=O)C(CCC(=O)O)NC(=O)C2CCCN2C(=O)C(CCSC)NC(=O)C(CO)N	0.274	Amino acids and Peptides	Cyclic peptides	Carboxylic acids and derivatives	1424.0	6077	EB-MSV000090464-gnps_ms2	transferred	3	978.4835	2.68	978.4833	2.681	-0.204	0.001	1.0	ms2_tie	assigned
C24H37N5O6	[M + Na]+	H-DL-Lys-DL-Phe-DL-xiThr-DL-Pro-OH	CC(C(C(=O)N1CCCC1C(=O)O)NC(=O)C(CC2=CC=CC=C2)NC(=O)C(CCCCN)N)O	0.119	Amino acids and Peptides	Tripeptides	Carboxylic acids and derivatives	202.0	6082	EB-MSV000090464-gnps_ms2	transferred	3	514.264	2.71	514.2644	2.69	0.778	-0.02	1.0	ms2_winner	assigned
C26H44N6O7	[M + H]+	H-Glu-D-Pro-D-Pro-Lys-D-Val-al	CC(C)C(C=O)NC(=O)C(CCCCN)NC(=O)C1CCCN1C(=O)C2CCCN2C(=O)C(CCC(=O)O)N	0.706	Amino acids and Peptides	Tripeptides	Carboxylic acids and derivatives	210.0	6091	EB-MSV000090464-gnps_ms2	transferred	4	553.3357	2.67	553.3361	2.589011	0.723	-0.081	0.9815	ms2_winner	assigned
C20H32N4O8	[M + H]+	Cyclo-(L-Val-L-Glu-L-Val-L-Glu)	CC(C)C1C(=O)NC(C(=O)NC(C(=O)NC(C(=O)N1)CCC(=O)O)C(C)C)CCC(=O)O	0.743	Amino acids and Peptides	Tripeptides	Carboxylic acids and derivatives	3820.0	6096	EB-MSV000090464-gnps_ms2	transferred	1	457.2307	2.7	457.2309	2.68	0.437	-0.02	1.0	unique	assigned
C31H56N12O11	[M + H]+	tert-butyl N-[(3S,14S,17S)-14-[2-[[2-[[(1S)-2-(dimethylamino)-2-oxo-1-phenylethyl]amino]-2-oxoethyl]amino]-2-oxoacetyl]-19,19-dimethyl-2,16-dioxo-1,15-diazatricyclo[15.4.0.018,20]henicos-8-en-3-yl]carbamate	CC1(C2C1C3C(=O)NC(CCCCC=CCCCCC(C(=O)N3C2)NC(=O)OC(C)(C)C)C(=O)C(=O)NCC(=O)NC(C4=CC=CC=C4)C(=O)N(C)C)C	0.123	Amino acids and Peptides	Cyclic peptides	Carboxylic acids and derivatives		6101	EB-MSV000090464-gnps_ms2	transferred	4	773.4267	2.69							low_cosine
C8H9N5O3S2	[M + H]+	N4-(2-Hydrazino-2-oxoethyl)-2,1,3-benzothiadiazole-4-sulfonamide	C1=CC2=NSN=C2C(=C1)S(=O)(=O)NCC(=O)NN	0.057	Amino acids and Peptides	Cyclamides	Benzene and substituted derivatives	5519.0	6116	EB-MSV000090464-gnps_ms2	transferred	1	288.0215	2.7	288.0199	2.672742	-5.555	-0.027	1.0	unique	assigned
C11H10O8	[M + K]+							7171.0	6117	EB-MSV000090464-gnps_ms2	transferred	1	309.0005	2.7	309.0005	2.674173	0.0	-0.026	0.9868	unique	assigned
C10H10N2O4S2	[M + H]+	Nitrososulfadiazine	C1=CN=C(N=C1)NS(=O)(=O)C2=CC=C(C=C2)N=O	0.865	Amino acids and Peptides	Cyclamides	Benzene and substituted derivatives	688.0	6119	EB-MSV000090464-gnps_ms2	transferred	1	287.0181	2.7	287.0182	2.677346	0.348	-0.023	1.0	unique	assigned
C19H25N3O4	[M + H]+	(R)-1-[(S)-1-((S)-2-Amino-3-phenyl-propionyl)-pyrrolidine-2-carbonyl]-pyrrolidine-2-carboxylic acid	C1CC(N(C1)C(=O)C2CCCN2C(=O)C(CC3=CC=CC=C3)N)C(=O)O	0.911	Amino acids and Peptides	Dipeptides	Carboxylic acids and derivatives	4240.0	6120	EB-MSV000090464-gnps_ms2	transferred	4	360.1932	2.7	360.1927	2.681	-1.388	-0.019	1.0	ms2_tie	assigned
C51H83N11O19	[M + H]+	Tripropeptin C	CC(C)CCCCCCCCCC1CC(=O)NC(C(=O)N2CCCC2C(=O)N3CCCC3C(=O)NC(C(=O)NC(C(=O)NC(C(=O)N4CCC(C4C(=O)NC(C(=O)O1)C(C(=O)O)O)O)CO)C(C(=O)O)O)CCCN=C(N)N)C(C)O	0.105	Amino acids and Peptides	Cyclic peptides	Carboxylic acids and derivatives	2344.0	6128	EB-MSV000090464-gnps_ms2	transferred	1	1154.6049	2.71	1154.6025	2.711544	-2.079	0.002	0.9988	unique	assigned
C50H82N14O12	[M + H]+	Ib-01212	CC(C)CC1C(=O)N(C(C(=O)OCC(C(=O)N(C(C(=O)N(C(C(=O)OCC(C(=O)N1C)NC(=O)C(CC(C)C)N(C)C)CC2=CC=CC=C2)C)CC(C)C)C)NC(=O)C(CC(C)C)N(C)C)CC3=CC=CC=C3)C	0.101	Amino acids and Peptides	Cyclic peptides	Carboxylic acids and derivatives	2025.0	6129	EB-MSV000090464-gnps_ms2	transferred	1	1071.6205	2.7	1071.6183	2.701143	-2.053	0.001	0.9999	unique	assigned
C37H59N9O10	[M + Na]+	Pullularin B	CCC1C(=O)OC(C(=O)N2CCCC2C(=O)NC(C(=O)N(C(C(=O)NC(C(=O)N1C)CC3=CC=C(C=C3)OCC=C(C)C)C(C)CC)C)CO)CC4=CC=CC=C4	0.202	Amino acids and Peptides	Cyclic peptides	Carboxylic acids and derivatives	2629.0	6130	EB-MSV000090464-gnps_ms2	transferred	2	812.4162	2.71	812.4187	2.703	3.077	-0.007	0.9999	ms2_tie	assigned
C51H55N3O11	[M + H]+	2-{[4-({3-[(1,2-dicarboxyethyl)-C-hydroxycarbonimidoyl]-2-[(1,3-dihydroxydodecylidene)amino]-1-hydroxypropylidene}amino)-4-[(1,1-dimethoxy-4-methylpentan-2-yl)-C-hydroxycarbonimidoyl]-1-hydroxybutylidene]amino}pentanedioic acid	CCCCCCCCCC(CC(=O)NC(CC(=O)NC(CC(=O)O)C(=O)O)C(=O)NC(CCC(=O)NC(CCC(=O)O)C(=O)O)C(=O)NC(CC(C)C)C(OC)OC)O	0.089	Carbohydrates	Linear peptides	Carboxylic acids and derivatives	2839.0	6133	EB-MSV000090464-gnps_ms2	transferred	2	886.3983	2.71	886.3972	2.713	-1.241	0.003	1.0	unique	assigned
C34H50N6O14S	[M + H]+		C1CCC2(C(C1)CNC3=CC=CC=C32)CC4C(N(C5=CC(=C(C=C45)O)OC6(C(C(C(C(O6)CO)O)O)O)O)C(=O)C=CC7=CC(=C(C=C7)O)CC8=NCN=C8)C(=O)O	0.03	Amino acids and Peptides	Pyrimidine nucleosides	Carboxylic acids and derivatives	1603.0	6138	EB-MSV000090464-gnps_ms2	transferred	2	799.3262	2.71	799.3265	2.69825	0.375	-0.012	1.0	unique	assigned
C76H86N6O6	[M + H]+	9,27-bis(3-aminopropyl)-3,21-dibenzyl-5,8,11,14,23,26,29,32-octahydroxy-6,24-bis(2-methylpropyl)-12,30-bis(propan-2-yl)-1,4,7,10,13,19,22,25,28,31-decaazatricyclo[31.3.0.0¹⁵,¹⁹]hexatriaconta-4,7,10,13,22,25,28,31-octaene-2,20-dione	CC(C)CC1C(=O)NC(C(=O)N2CCCC2C(=O)NC(C(=O)NC(C(=O)NC(C(=O)NC(C(=O)N3CCCC3C(=O)NC(C(=O)NC(C(=O)N1)CCCN)C(C)C)CC4=CC=CC=C4)CC(C)C)CCCN)C(C)C)CC5=CC=CC=C5	0.091	Amino acids and Peptides	Linear peptides	Polypeptides	3320.0	6140	EB-MSV000090464-gnps_ms2	transferred	1	1179.6581	2.71	1179.6571	2.702729	-0.848	-0.007	0.9904	unique	assigned
C23H37N5O7	[M + H]+	methyl 2-[2-(2-{[(tert-butoxy)carbonyl]amino}-4-methylpentanamido)-4-methylpentanamido]-3-methylbutanoate	CC(C)CC(C(=O)NC(C(C)C)C(=O)OC)NC(=O)C(CC(C)C)NC(=O)OC(C)(C)C	0.379	Amino acids and Peptides	Dipeptides	Carboxylic acids and derivatives	133.0	6142	EB-MSV000090464-gnps_ms2	transferred	2	496.2784	2.71	496.2782	2.6985	-0.403	-0.011	1.0	ms2_tie	assigned
C11H17FN2O3	[M + H]+	3-benzyl-octahydropyrrolo[1,2-a]pyrazine-1,4-dione	C1CC2C(=O)NC(C(=O)N2C1)CC3=CC=CC=C3	0.998	Amino acids and Peptides	Dipeptides	Carboxylic acids and derivatives	293.0	6144	EB-MSV000090464-gnps_ms2	transferred	2	245.1291	2.71	245.1293	2.701718	0.816	-0.008	1.0	ms2_tie	assigned
C32H52N8O11	[M + H]+	Glycinamide, N-acetyl-L-tyrosylglycyl-L-leucyl-L-arginyl-L-prolyl-	CC(C)CC(C(=O)NC(CCCN=C(N)N)C(=O)N1CCCC1C(=O)NCC(=O)N)NC(=O)CNC(=O)C(CC2=CC=C(C=C2)O)NC(=O)C	0.173	Amino acids and Peptides	Linear peptides	Carboxylic acids and derivatives	2428.0	6147	EB-MSV000090464-gnps_ms2	transferred	1	725.3787	2.71	725.3773	2.7145	-1.93	0.005	0.8963	unique	assigned
C42H59N7O7	[M + K]+	Pullularin B	CCC1C(=O)OC(C(=O)N2CCCC2C(=O)NC(C(=O)N(C(C(=O)NC(C(=O)N1C)CC3=CC=C(C=C3)OCC=C(C)C)C(C)CC)C)CO)CC4=CC=CC=C4	0.125	Amino acids and Peptides	Cyclic peptides	Carboxylic acids and derivatives	2629.0	6150	EB-MSV000090464-gnps_ms2	transferred	2	812.415	2.71	812.4187	2.703	4.554	-0.007	0.9449	ms2_tie	assigned
C23H37N5O7	[M + Na]+	Ym-51084	CC(C)CC(=O)NC(CC1=CC=C(C=C1)O)C(=O)NC(C(C)C)C(=O)NC(CC2=CC=CC=C2)C=O	0.371	Amino acids and Peptides	Cyclic peptides	Carboxylic acids and derivatives	2992.0	6151	EB-MSV000090464-gnps_ms2	transferred	2	518.2576	2.71	518.258	2.699	0.772	-0.011	1.0	unique	assigned
C23H39N5O7	[M + K]+	Dianthin I	C1CC2C(=O)NC(C(=O)NC(C(=O)NCC(=O)NC(C(=O)N2C1)CC3=CC=CC=C3)CC4=CC=CC=C4)CO	0.46	Amino acids and Peptides	Tripeptides	Carboxylic acids and derivatives	2671.0	6152	EB-MSV000090464-gnps_ms2	transferred	2	536.2488	2.71	536.2487	2.689	-0.186	-0.021	1.0	unique	assigned
C40H49N5O11	[M + H]+	H-Thr-Asn-Leu-Tyr-Met-Leu-al	CC(C)CC(C=O)NC(=O)C(CCSC)NC(=O)C(CC1=CC=C(C=C1)O)NC(=O)C(CC(C)C)NC(=O)C(CC(=O)N)NC(=O)C(C(C)O)N	0.322	Amino acids and Peptides	Cyclic peptides	Carboxylic acids and derivatives	299.0	6158	EB-MSV000090464-gnps_ms2	transferred	2	776.3427	2.72	776.3425	2.713	-0.258	-0.007	1.0	ms2_winner	assigned
C32H52N8O11	[M + H]+	(E)-Pseudoxylallemycin F	CC=CCOC1=CC(=C(C=C1)CC2C(=O)N(C(C(=O)NC(C(=O)N(C(C(=O)N2)CC(C)C)C)CC3=CC=C(C=C3)OCC=C=C)CC(C)C)C)O	0.123	Amino acids and Peptides	Cyclic peptides	Carboxylic acids and derivatives	2121.0	6162	EB-MSV000090464-gnps_ms2	transferred	1	725.3858	2.72	725.3871	2.714313	1.792	-0.006	0.9747	unique	assigned
C32H52N8O11	[M + H]+	(E)-Pseudoxylallemycin F	CC=CCOC1=CC(=C(C=C1)CC2C(=O)N(C(C(=O)NC(C(=O)N(C(C(=O)N2)CC(C)C)C)CC3=CC=C(C=C3)OCC=C=C)CC(C)C)C)O	0.109	Amino acids and Peptides	Cyclic peptides	Carboxylic acids and derivatives	2121.0	6167	EB-MSV000090464-gnps_ms2	transferred	2	725.3837	2.72	725.3871	2.714313	4.687	-0.006	1.0	ms2_tie	assigned
C24H34N4O7	[M + H]+	(3S)-3-azaniumyl-4-[[(2S,3S)-1-[(2S)-2-[[(1S)-1-carboxylato-2-phenylethyl]carbamoyl]pyrrolidin-1-yl]-3-methyl-1-oxopentan-2-yl]amino]-4-oxobutanoate	CCC(C)C(C(=O)N1CCCC1C(=O)NC(CC2=CC=CC=C2)C(=O)O)NC(=O)C(CC(=O)O)N	0.975	Amino acids and Peptides	Tripeptides	Carboxylic acids and derivatives		6168	EB-MSV000090464-gnps_ms2	transferred	3	491.2519	2.72							low_cosine
C33H49N11O10	[M + K]+	Conoideocrellide B	CC(C(=O)NCC(=O)NC(CC1=CC=C(C=C1)O)C(=O)NC(CO)C(=O)NC(CC2=CC=C(C=C2)OCC=C(C)C)C(=O)O)NC(=O)C(CC3=CC=CC=C3)O	0.4	Amino acids and Peptides	Linear peptides	Carboxylic acids and derivatives	4874.0	6179	EB-MSV000090464-gnps_ms2	transferred	1	798.331	2.72	798.3319	2.705299	1.127	-0.015	1.0	unique	assigned
C48H48N4O7	[M + H]+	Fmoc-DL-xiThr(tBu)-DL-Phe-Unk	CCOC(=O)CCC(CC1CCNC1=O)NC(=O)C(CC2=CC=CC=C2)NC(=O)C(C(C)OC(C)(C)C)NC(=O)OCC3C4=CC=CC=C4C5=CC=CC=C35	0.065	Amino acids and Peptides	Linear peptides	Carboxylic acids and derivatives	1412.0	6182	EB-MSV000090464-gnps_ms2	transferred	2	793.3692	2.72	793.3695	2.714	0.378	-0.006	1.0	unique	assigned
C20H28FN3O6	[M + H]+	2-({1-[2-amino-3-(4-hydroxyphenyl)propanoyl]pyrrolidin-2-yl}formamido)-3-phenylpropanoic acid	C1CC(N(C1)C(=O)C(CC2=CC=C(C=C2)O)N)C(=O)NC(CC3=CC=CC=C3)C(=O)O	0.935	Amino acids and Peptides	Tripeptides	Carboxylic acids and derivatives	1093.0	6185	EB-MSV000090464-gnps_ms2	transferred	3	426.2035	2.72	426.2038	2.713	0.704	-0.007	1.0	ms2_winner	assigned
C21H28N4O5	[M + H]+	2-[[1-[3-Phenyl-2-(pyrrolidine-2-carbonylamino)propanoyl]pyrrolidine-2-carbonyl]amino]acetic acid	C1CC(NC1)C(=O)NC(CC2=CC=CC=C2)C(=O)N3CCCC3C(=O)NCC(=O)O	0.906	Amino acids and Peptides	Tripeptides	Carboxylic acids and derivatives	335.0	6190	EB-MSV000090464-gnps_ms2	transferred	3	417.2141	2.7	417.2144	2.431	0.719	-0.269	0.8568	ms2_winner	assigned
C47H50N4O13	[M + H]+	(2S)-2-[[2-[[2-[[(E)-4-[[(2S)-1-[[(2S)-1-[[(2S)-1-[[(2S)-1-amino-3-methyl-1-oxobutan-2-yl]amino]-1-oxopropan-2-yl]amino]-1-oxo-3-phenylpropan-2-yl]amino]-1-oxo-3-phenylpropan-2-yl]amino]-4-oxobut-2-enoyl]amino]acetyl]amino]acetyl]amino]-3-phenylpropanoic acid	CC(C)C(C(=O)N)NC(=O)C(C)NC(=O)C(CC1=CC=CC=C1)NC(=O)C(CC2=CC=CC=C2)NC(=O)C=CC(=O)NCC(=O)NCC(=O)NC(CC3=CC=CC=C3)C(=O)O	0.122	Amino acids and Peptides	Cyclic peptides	Carboxylic acids and derivatives	2477.0	6198	EB-MSV000090464-gnps_ms2	transferred	1	879.3462	2.73	879.3453	2.73	-1.023	0.0	1.0	unique	assigned
C25H38N4O6	[M + H]+	2-[(1-{2-[2-amino-3-(4-hydroxyphenyl)propanamido]-3-methylbutanoyl}pyrrolidin-2-yl)formamido]-4-methylpentanoic acid	CC(C)CC(C(=O)O)NC(=O)C1CCCN1C(=O)C(C(C)C)NC(=O)C(CC2=CC=C(C=C2)O)N	0.867	Amino acids and Peptides	Tripeptides	Carboxylic acids and derivatives	31.0	6199	EB-MSV000090464-gnps_ms2	transferred	3	491.288	2.71	491.288	2.617738	0.0	-0.092	0.9997	ms2_winner	assigned
C36H53N7O11	[M + H]+	[(5S)-6-[[(2S,3R)-1-[[(1S)-3-amino-1-carboxy-3-oxopropyl]amino]-3-hydroxy-1-oxobutan-2-yl]amino]-5-[[(2S)-6-azaniumyl-2-[[(2S)-2-[[(2S,3R)-2-azaniumyl-3-hydroxybutanoyl]amino]-3-phenylpropanoyl]amino]hexanoyl]amino]-6-oxohexyl]azanium	CC(C(C(=O)NC(CC1=CC=CC=C1)C(=O)NC(CCCCN)C(=O)NC(CCCCN)C(=O)NC(C(C)O)C(=O)NC(CC(=O)N)C(=O)O)N)O	0.222	Amino acids and Peptides	Linear peptides	Carboxylic acids and derivatives	1878.0	6210	EB-MSV000090464-gnps_ms2	transferred	2	760.3859	2.73	760.3839	2.73	-2.63	0.0	1.0	unique	assigned
C35H51N7O10	[M + H]+	Ahpatinin Pr	CCC(=O)NC(C(C)C)C(=O)NC(C(C)C)C(=O)NC(CC(C)C)C(CC(=O)NC(C)C(=O)NC(CC1=CC=CC=C1)C(CC(=O)O)O)O	0.381	Amino acids and Peptides	Cyclic peptides	Carboxylic acids and derivatives	1845.0	6222	EB-MSV000090464-gnps_ms2	transferred	1	730.3791	2.74	730.3793	2.731	0.274	-0.009	0.8803	unique	assigned
C29H41N5O8	[M + H]+	benzyl 2-[(1-{[1-(tert-butoxy)-4-methyl-1-oxopentan-2-yl]carbamoyl}-2-phenylethyl)carbamoyl]pyrrolidine-1-carboxylate	CC(C)CC(C(=O)OC(C)(C)C)NC(=O)C(CC1=CC=CC=C1)NC(=O)C2CCCN2C(=O)OCC3=CC=CC=C3	0.468	Amino acids and Peptides	Tripeptides	Carboxylic acids and derivatives	122.0	6227	EB-MSV000090464-gnps_ms2	transferred	2	588.3047	2.74	588.3052	2.7425	0.85	0.002	1.0	ms2_winner	assigned
C38H58N8O10	[M + H]+	H-Leu-Asn-Phe-Pro-Ile-Ser-Pro-OH	CCC(C)C(C(=O)NC(CO)C(=O)N1CCCC1C(=O)O)NC(=O)C2CCCN2C(=O)C(CC3=CC=CC=C3)NC(=O)C(CC(=O)N)NC(=O)C(CC(C)C)N	0.335	Amino acids and Peptides	Cyclic peptides	Carboxylic acids and derivatives	2032.0	6234	EB-MSV000090464-gnps_ms2	transferred	2	787.4392	2.75	787.4379	2.745	-1.651	-0.005	1.0	ms2_winner	assigned
C32H48N6O8	[M + H]+	H-Ala-Abu-Thr-Ala-Ala-Thr-Ala-Ala-al	CCC(C(=O)NC(C(C)O)C(=O)NC(C)C(=O)NC(C)C(=O)NC(C(C)O)C(=O)NC(C)C(=O)NC(C)C=O)NC(=O)C(C)N	0.107	Amino acids and Peptides	Tripeptides	Carboxylic acids and derivatives		6235	EB-MSV000090464-gnps_ms2	transferred	2	645.3616	2.75							low_cosine
C40H60N6O8	[M + H]+	tert-butyl N-[(3S,14S,17S,18S,20R)-14-[2-[[2-[[(1S)-2-(dimethylamino)-2-oxo-1-phenylethyl]amino]-2-oxoethyl]amino]-2-oxoacetyl]-19,19-dimethyl-2,16-dioxo-1,15-diazatricyclo[15.4.0.018,20]henicosan-3-yl]carbamate	CC1(C2C1C3C(=O)NC(CCCCCCCCCCC(C(=O)N3C2)NC(=O)OC(C)(C)C)C(=O)C(=O)NCC(=O)NC(C4=CC=CC=C4)C(=O)N(C)C)C	0.149	Amino acids and Peptides	Cyclic peptides	Carboxylic acids and derivatives	767.0	6237	EB-MSV000090464-gnps_ms2	transferred	2	753.4526	2.75	753.4522	2.744	-0.531	-0.006	1.0	ms2_winner	assigned
C25H44N6O8	[M + H]+	H-DL-Leu-Gly-DL-xiThr-DL-xiIle-DL-Pro-Gly-OH	CCC(C)C(C(=O)N1CCCC1C(=O)NCC(=O)O)NC(=O)C(C(C)O)NC(=O)CNC(=O)C(CC(C)C)N	0.87	Amino acids and Peptides	Linear peptides	Carboxylic acids and derivatives	8650.0	6247	EB-MSV000090464-gnps_ms2	transferred	5	557.3319	2.75	557.3322	2.727	0.538	-0.023	0.9999	ms2_winner	assigned
C41H60N4O11	[M + H]+	13'-cyclohexyl-12'-hydroxy-19'-{2-[6-(imidazolidin-4-yl)hexyl]furan-3-yl}-9',9',20'-trimethyl-4',8',15',18'-tetraoxaspiro[cyclopentane-1,6'-hexacyclo[11.9.0.0²,⁷.0²,¹⁰.0¹⁴,¹⁶.0¹⁴,²⁰]docosane]-5',11',17'-trione	CC1(C2C(=O)C(C3(C(C24COC(=O)C5(C4O1)CCCC5)CCC6(C37C(O7)C(=O)OC6C8=C(OC=C8)CCCCCCC9CNCN9)C)C1CCCCC1)O)C	0.03	Amino acids and Peptides	Depsipeptides	Peptidomimetics		6249	EB-MSV000090464-gnps_ms2	transferred	3	785.4405	2.75							low_cosine
C26H43N3O5	[M + K]+	Mullinamide A	CCC(C)C1C(=O)NC(C(=O)NC(C(=C)NCC(=O)N2CCCC2C(=O)N1)CCC(=O)O)C(C)C	0.481	Amino acids and Peptides	Cyclic peptides	Carboxylic acids and derivatives	1761.0	6251	EB-MSV000090464-gnps_ms2	transferred	4	516.2835	2.75	516.2835	2.746	0.0	-0.004	1.0	unique	assigned
C40H59N7O8	[M + H]+	H-Gly-Pro-Val-Leu-Val-Gln-Pro-Gly-OH	CC(C)CC(C(=O)NC(C(C)C)C(=O)NC(CCC(=O)N)C(=O)N1CCCC1C(=O)NCC(=O)O)NC(=O)C(C(C)C)NC(=O)C2CCCN2C(=O)CN	0.583	Amino acids and Peptides	Tripeptides	Carboxylic acids and derivatives	2779.0	6252	EB-MSV000090464-gnps_ms2	transferred	1	766.4475	2.75	766.4467	2.746	-1.044	-0.004	0.9251	unique	assigned
C37H60N6O7	[M + Na]+		CC(C)CC1C(=O)NC(C(=O)NC(C(=O)NC(C(=O)NC(C(=O)NC(C(=O)N1)CC(C)C)C(C)C)CC2=CC=C(C=C2)O)C(C)C)CC(C)C	0.182	Amino acids and Peptides	Cyclic peptides	Carboxylic acids and derivatives	957.0	6256	EB-MSV000090464-gnps_ms2	transferred	5	723.4404	2.76	723.4364	2.75575	-5.529	-0.004	0.9876	ms2_tie	assigned
C29H43N3O6S	[M + H]+	H-Ala-Asp-Leu-Pro-Phe-OH	CC(C)CC(C(=O)N1CCCC1C(=O)NC(CC2=CC=CC=C2)C(=O)O)NC(=O)C(CC(=O)O)NC(=O)C(C)N	0.1	Amino acids and Peptides	Linear peptides	Carboxylic acids and derivatives	46.0	6258	EB-MSV000090464-gnps_ms2	transferred	2	562.2888	2.76	562.2884	2.572	-0.711	-0.188	0.9996	ms2_winner	assigned
C37H60N6O7	[M + Na]+		CC(C)CC1C(=O)NC(C(=O)NC(C(=O)NC(C(=O)NC(C(=O)NC(C(=O)N1)CC(C)C)C(C)C)CC2=CC=C(C=C2)O)C(C)C)CC(C)C	0.224	Amino acids and Peptides	Cyclic peptides	Carboxylic acids and derivatives	929.0	6259	EB-MSV000090464-gnps_ms2	transferred	5	723.4395	2.75	723.445	2.747	7.603	-0.003	0.9992	ms2_tie	assigned
C41H59N7O11	[M + H]+	Boc-D-Phe-D-Phe-D-Ala(Unk)-D-Lys(Boc)-OMe	CC(C)(C)OC(=O)NCCCCC(C(=O)OC)NC(=O)C(CC#CC1=CC=CC=C1)NC(=O)C(CC2=CC=CC=C2)NC(=O)C(CC3=CC=CC=C3)NC(=O)OC(C)(C)C	0.263	Amino acids and Peptides	Cyclic peptides	Carboxylic acids and derivatives	3451.0	6264	EB-MSV000090464-gnps_ms2	transferred	4	826.4316	2.76	826.4348	2.759	3.872	-0.001	0.9928	ms2_tie	assigned
C31H56N12O11	[M + H]+	H-DL-Tyr-DL-xiIle-DL-Phe-DL-Pro-DL-Leu-DL-Val-OH	CCC(C)C(C(=O)NC(CC1=CC=CC=C1)C(=O)N2CCCC2C(=O)NC(CC(C)C)C(=O)NC(C(C)C)C(=O)O)NC(=O)C(CC3=CC=C(C=C3)O)N	0.751	Amino acids and Peptides	Cyclic peptides	Carboxylic acids and derivatives	2745.0	6280	EB-MSV000090464-gnps_ms2	transferred	4	773.4222	2.77	773.4277	2.571	7.111	-0.199	0.8641	ms2_winner	assigned
C41H59N7O11	[M + H]+	Boc-D-Phe-D-Phe-D-Ala(Unk)-D-Lys(Boc)-OMe	CC(C)(C)OC(=O)NCCCCC(C(=O)OC)NC(=O)C(CC#CC1=CC=CC=C1)NC(=O)C(CC2=CC=CC=C2)NC(=O)C(CC3=CC=CC=C3)NC(=O)OC(C)(C)C	0.419	Amino acids and Peptides	Cyclic peptides	Carboxylic acids and derivatives	3682.0	6281	EB-MSV000090464-gnps_ms2	transferred	4	826.4272	2.76	826.4259	2.751538	-1.573	-0.008	1.0	ms2_tie	assigned
C22H40N4O5	[M + H]+	H-DL-Leu-DL-Val-DL-Pro-DL-Leu-OH	CC(C)CC(C(=O)NC(C(C)C)C(=O)N1CCCC1C(=O)NC(CC(C)C)C(=O)O)N	0.59	Amino acids and Peptides	Tripeptides	Carboxylic acids and derivatives		6295	EB-MSV000090464-gnps_ms2	transferred	2	441.3068	2.77							low_cosine
C26H41N7O5	[M + H]+	H-Leu(2,3-dehydro)-Val-Arg-Tyr-al	CC(C)C=C(C(=O)NC(C(C)C)C(=O)NC(CCCN=C(N)N)C(=O)NC(CC1=CC=C(C=C1)O)C=O)N	0.322	Amino acids and Peptides	Cyclic peptides	Carboxylic acids and derivatives	4452.0	6299	EB-MSV000090464-gnps_ms2	transferred	1	532.3249	2.77	532.324	2.777	-1.691	0.007	1.0	unique	assigned
C31H50N8O7	[M + H]+	Ovolin	CC(C)CC(C(=O)N1CCCC1C(=O)NC(CCCN=C(N)N)C(=O)O)NC(=O)C(CC2=CC=C(C=C2)O)NC(=O)C(C(C)C)N	0.125	Amino acids and Peptides	Cyclic peptides	Carboxylic acids and derivatives	2846.0	6300	EB-MSV000090464-gnps_ms2	transferred	1	647.3878	2.77	647.388	2.776	0.309	0.006	0.9998	unique	assigned
C39H58N6O8	[M + H]+	H-Pro-D-Val-D-Thr-Lys-Pro-Gln-D-Ala-NH2	CC(C)C(C(=O)NC(C(C)O)C(=O)NC(CCCCN)C(=O)N1CCCC1C(=O)NC(CCC(=O)N)C(=O)NC(C)C(=O)N)NC(=O)C2CCCN2	0.322	Amino acids and Peptides	Linear peptides	Carboxylic acids and derivatives	2371.0	6301	EB-MSV000090464-gnps_ms2	transferred	2	739.4406	2.77	739.4396	2.776	-1.352	0.006	0.9999	ms2_winner	assigned
C16H29N3O4	[M + H]+	1-[2-[(2-Amino-3-methylpentanoyl)amino]-3-methylbutanoyl]pyrrolidine-2-carboxylic acid	CCC(C)C(C(=O)NC(C(C)C)C(=O)N1CCCC1C(=O)O)N	0.818	Amino acids and Peptides	Dipeptides	Carboxylic acids and derivatives	2858.0	6305	EB-MSV000090464-gnps_ms2	transferred	2	328.2235	2.77	328.2225	2.757959	-3.047	-0.012	1.0	unique	assigned
C39H58N6O8	[M + H]+	2-methylpropyl N-[(1S)-1-cyclohexyl-2-[(1R,2S,5S)-2-({1-[({[(S)-(dimethylcarbamoyl)(phenyl)methyl]carbamoyl}methyl)carbamoyl]-1-oxopentan-2-yl}carbamoyl)-6,6-dimethyl-3-azabicyclo[3.1.0]hexan-3-yl]-2-oxoethyl]carbamate	CCCC(C(=O)C(=O)NCC(=O)NC(C1=CC=CC=C1)C(=O)N(C)C)NC(=O)C2C3C(C3(C)C)CN2C(=O)C(C4CCCCC4)NC(=O)OCC(C)C	0.107	Amino acids and Peptides	Cyclic peptides	Carboxylic acids and derivatives	2371.0	6308	EB-MSV000090464-gnps_ms2	transferred	2	739.439	2.77	739.4396	2.776	0.811	0.006	0.9624	ms2_winner	assigned
C39H58N6O8	[M + H]+	tert-butyl N-[(1S)-1-[(1S,4S,5R)-4-[[1-(2-cyclopropylethyl)-3-[[2-[[(1S)-2-(dimethylamino)-2-oxo-1-phenyl-ethyl]amino]-2-oxo-ethyl]amino]-2,3-dioxo-propyl]carbamoyl]-6,6-dimethyl-3-azabicyclo[3.1.0]hexane-3-carbonyl]-2,2-dimethyl-propyl]carbamate	CC1(C2C1C(N(C2)C(=O)C(C(C)(C)C)NC(=O)OC(C)(C)C)C(=O)NC(CCC3CC3)C(=O)C(=O)NCC(=O)NC(C4=CC=CC=C4)C(=O)N(C)C)C	0.139	Amino acids and Peptides	Cyclic peptides	Carboxylic acids and derivatives	2371.0	6314	EB-MSV000090464-gnps_ms2	transferred	2	739.4417	2.77	739.4396	2.776	-2.84	0.006	0.9915	ms2_winner	assigned
C32H52N8O8	[M + H]+	11-(butan-2-yl)-17,21-dimethyl-14,20-bis(2-methylpropyl)-1,9,12,15,18,21-hexaazatricyclo[21.4.0.0³,⁸]heptacosa-3,5,7-triene-2,10,13,16,19,22-hexone	CCC(C)C1C(=O)NC2=CC=CC=C2C(=O)N3CCCCC3C(=O)N(C(C(=O)NC(C(=O)NC(C(=O)N1)CC(C)C)C)CC(C)C)C	0.073	Amino acids and Peptides	Cyclic peptides	Carboxylic acids and derivatives	3302.0	6315	EB-MSV000090464-gnps_ms2	transferred	1	677.3996	2.78	677.3966	2.777	-4.429	-0.003	0.9999	unique	assigned
C14H19N3O4	[M + Na]+	3-(1H-indol-3-yl)-2-[(5-oxopyrrolidin-2-yl)formamido]propanoic acid	C1CC(=O)NC1C(=O)NC(CC2=CNC3=CC=CC=C32)C(=O)O	0.998	Amino acids and Peptides	Dipeptides	Carboxylic acids and derivatives	605.0	6317	EB-MSV000090464-gnps_ms2	transferred	1	316.1299	2.78	316.1282	2.633	-5.378	-0.147	0.984	unique	assigned
C37H53N7O10	[M + H]+	H-Pro-Pro-Gly-Pro-Pro-Gly-Pro-Pro-Gly-al	C1CC(NC1)C(=O)N2CCCC2C(=O)NCC(=O)N3CCCC3C(=O)N4CCCC4C(=O)NCC(=O)N5CCCC5C(=O)N6CCCC6C(=O)NCC=O	0.168	Amino acids and Peptides	Cyclic peptides	Carboxylic acids and derivatives	196.0	6334	EB-MSV000090464-gnps_ms2	transferred	1	756.3938	2.79	756.3937	2.786	-0.132	-0.004	0.9181	unique	assigned
C28H48N6O7	[M + H]+	H-Val-Ala-Leu-Thr-Pro-Pro-al	CC(C)CC(C(=O)NC(C(C)O)C(=O)N1CCCC1C(=O)N2CCCC2C=O)NC(=O)C(C)NC(=O)C(C(C)C)N	0.961	Amino acids and Peptides	Tripeptides	Carboxylic acids and derivatives	3238.0	6345	EB-MSV000090464-gnps_ms2	transferred	1	581.3678	2.79	581.3684	2.793	1.032	0.003	0.9824	unique	assigned
C20H33N5O6	[M + H]+	H-DL-Pro-DL-Asn-DL-Pro-DL-Leu-OH	CC(C)CC(C(=O)O)NC(=O)C1CCCN1C(=O)C(CC(=O)N)NC(=O)C2CCCN2	0.33	Amino acids and Peptides	Tripeptides	Carboxylic acids and derivatives	2043.0	6351	EB-MSV000090464-gnps_ms2	transferred	3	440.2504	2.8	440.2492	2.796	-2.726	-0.004	0.7071	ms2_winner	assigned
C31H50N8O7	[M + Na]+	H-Leu-Val-Tyr-Gln-Phe-OH	CC(C)CC(C(=O)NC(C(C)C)C(=O)NC(CC1=CC=C(C=C1)O)C(=O)NC(CCC(=O)N)C(=O)NC(CC2=CC=CC=C2)C(=O)O)N	0.647	Amino acids and Peptides	Cyclic peptides	Carboxylic acids and derivatives		6354	EB-MSV000090464-gnps_ms2	transferred	1	669.3662	2.81							no_ms2_candidate
C28H48N6O7	[M + H]+	H-Val-Ala-Leu-Thr-Pro-Pro-al	CC(C)CC(C(=O)NC(C(C)O)C(=O)N1CCCC1C(=O)N2CCCC2C=O)NC(=O)C(C)NC(=O)C(C(C)C)N	0.932	Amino acids and Peptides	Tripeptides	Carboxylic acids and derivatives	3238.0	6356	EB-MSV000090464-gnps_ms2	transferred	2	581.3667	2.79	581.3684	2.793	2.924	0.003	0.7751	unique	assigned
C43H54N4O8	[M + H]+	Phepropeptin B	CC(C)CC1C(=O)NC(C(=O)NC(C(=O)NC(C(=O)N2CCCC2C(=O)NC(C(=O)N1)CC3=CC=CC=C3)CC4=CC=CC=C4)CC(C)C)C(C)C	0.563	Amino acids and Peptides	Cyclic peptides	Carboxylic acids and derivatives	73.0	6361	EB-MSV000090464-gnps_ms2	transferred	3	755.3974	2.8	755.3981	2.786	0.927	-0.014	1.0	ms2_winner	assigned
C22H40N4O7	[M + H]+	H-DL-Arg-DL-Arg-DL-Ala-DL-Ala-OH	CC(C(=O)NC(C)C(=O)O)NC(=O)C(CCCN=C(N)N)NC(=O)C(CCCN=C(N)N)N	0.113	Amino acids and Peptides	Tripeptides	Carboxylic acids and derivatives	672.0	6363	EB-MSV000090464-gnps_ms2	transferred	1	473.2967	2.81	473.2957	2.809	-2.113	-0.001	1.0	unique	assigned
C24H34N4O6S	[M + H]+	Hydroxyglimepiride	CCC1=C(CN(C1=O)C(=O)NCCC2=CC=C(C=C2)S(=O)(=O)NC(=O)NC3CCC(CC3)CO)C	0.028	Amino acids and Peptides	Dipeptides	Carboxylic acids and derivatives	1608.0	6371	EB-MSV000090464-gnps_ms2	transferred	3	507.2276	2.81	507.2256	2.7885	-3.943	-0.022	1.0	ms2_tie	assigned
C22H36N2O4	[M + K]+	H-DL-Pro-DL-Val-DL-Pro-DL-Pro-OH	CC(C)C(C(=O)N1CCCC1C(=O)N2CCCC2C(=O)O)NC(=O)C3CCCN3	0.369	Amino acids and Peptides	Tripeptides	Carboxylic acids and derivatives	7111.0	6373	EB-MSV000090464-gnps_ms2	transferred	5	431.2296	2.8	431.2298	2.781	0.464	-0.019	1.0	ms2_winner	assigned
C32H47N7O10	[M + H]+	H-Ala-Ala-Pro-Val-Val-Pro-Asp-OH	CC(C)C(C(=O)NC(C(C)C)C(=O)N1CCCC1C(=O)NC(CC(=O)O)C(=O)O)NC(=O)C2CCCN2C(=O)C(C)NC(=O)C(C)N	0.318	Amino acids and Peptides	Tripeptides	Carboxylic acids and derivatives	2566.0	6376	EB-MSV000090464-gnps_ms2	transferred	3	690.345	2.8	690.345	2.796	0.0	-0.004	0.7947	unique	assigned
C30H49N7O10	[M + H]+	H-Ala-Ala-Pro-Val-Val-Pro-Asp-OH	CC(C)C(C(=O)NC(C(C)C)C(=O)N1CCCC1C(=O)NC(CC(=O)O)C(=O)O)NC(=O)C2CCCN2C(=O)C(C)NC(=O)C(C)N	0.445	Amino acids and Peptides	Cyclic peptides	Carboxylic acids and derivatives	56.0	6381	EB-MSV000090464-gnps_ms2	transferred	1	668.3652	2.81	668.3644	2.795	-1.197	-0.015	1.0	unique	assigned
C53H77N11O14	[M + H]+	H-Ala-Pro-Gly-Asn-Phe-Leu-Gln-Ser-Arg-Pro-al	CC(C)CC(C(=O)NC(CCC(=O)N)C(=O)NC(CO)C(=O)NC(CCCN=C(N)N)C(=O)N1CCCC1C=O)NC(=O)C(CC2=CC=CC=C2)NC(=O)C(CC(=O)N)NC(=O)CNC(=O)C3CCCN3C(=O)C(C)N	0.098	Amino acids and Peptides	Cyclic peptides	Carboxylic acids and derivatives	2265.0	6385	EB-MSV000090464-gnps_ms2	transferred	1	1092.5701	2.81	1092.5663	2.809	-3.478	-0.001	1.0	unique	assigned
C32H47N7O9	[M + H]+	Boc-Pro-Ile-Leu-Pro-Pro-OH	CCC(C)C(C(=O)NC(CC(C)C)C(=O)N1CCCC1C(=O)N2CCCC2C(=O)O)NC(=O)C3CCCN3C(=O)OC(C)(C)C	0.36	Amino acids and Peptides	Cyclic peptides	Carboxylic acids and derivatives	476.0	6387	EB-MSV000090464-gnps_ms2	transferred	3	674.3532	2.81	674.3538	2.81093	0.89	0.001	0.9996	ms2_winner	assigned
C36H46N6O7	[M + H]+	1-[(2S)-2-[[(2S)-1-[(2S)-2-[[(2S)-2-[(2-imino-3-phenylpropanoyl)amino]-3-methylbutanoyl]amino]propanoyl]pyrrolidine-2-carbonyl]amino]-3-phenylpropanoyl]pyrrolidine-2-carboxylic acid	CC(C)C(C(=O)NC(C)C(=O)N1CCCC1C(=O)NC(CC2=CC=CC=C2)C(=O)N3CCCC3C(=O)O)NC(=O)C(=N)CC4=CC=CC=C4	0.695	Amino acids and Peptides	Tripeptides	Carboxylic acids and derivatives	1128.0	6389	EB-MSV000090464-gnps_ms2	transferred	2	675.3522	2.82	675.3522	2.81	0.0	-0.01	0.9486	ms2_winner	assigned
C30H52N12O10	[M + H]+	cyclo[Sar-Phe-Leu-Pro-Tyr-N(Me)Leu]	CC(C)CC1C(=O)N2CCCC2C(=O)NC(C(=O)N(C(C(=O)N(CC(=O)NC(C(=O)N1)CC3=CC=CC=C3)C)CC(C)C)C)CC4=CC=C(C=C4)O	0.682	Amino acids and Peptides	Cyclic peptides	Carboxylic acids and derivatives	1267.0	6390	EB-MSV000090464-gnps_ms2	transferred	2	741.3967	2.81	741.3985	3.035543	2.428	0.226	0.9735	ms2_tie	assigned
C33H48N4O7S	[M + H]+	Unk-DL-Arg-DL-Val-DL-Arg-al	CC(C)C(C(=O)NC(CCCN=C(N)N)C=O)NC(=O)C(CCCN=C(N)N)NC(=O)NCCC1(CC=CC=C1)C(=O)O	0.077	Amino acids and Peptides	Linear peptides	Carboxylic acids and derivatives	411.0	6393	EB-MSV000090464-gnps_ms2	transferred	2	645.3282	2.82	645.3287	2.816268	0.775	-0.004	0.9999	unique	assigned
C26H36N6O6	[M + H]+	H-Gly-Pro-Pro-Pro-Tyr-NH2	C1CC(N(C1)C(=O)CN)C(=O)N2CCCC2C(=O)N3CCCC3C(=O)NC(CC4=CC=C(C=C4)O)C(=O)N	0.405	Amino acids and Peptides	Cyclic peptides	Carboxylic acids and derivatives	3090.0	6400	EB-MSV000090464-gnps_ms2	transferred	1	529.2792	2.83	529.2792	2.82575	0.0	-0.004	1.0	unique	assigned
C24H34N4O5S	[M + H]+	4-amino-2-[(4,6-diamino-3-{[3-amino-5-hydroxy-6-(hydroxymethyl)oxan-2-yl]oxy}-2-hydroxycyclohexyl)oxy]-6-(hydroxymethyl)oxane-3,5-diol	C1C(C(C(C(C1N)OC2C(C(C(C(O2)CO)O)N)O)O)OC3C(CC(C(O3)CO)O)N)N	0.051	Amino acids and Peptides	Tripeptides	Carboxylic acids and derivatives	1414.0	6411	EB-MSV000090464-gnps_ms2	transferred	2	491.2315	2.83	491.2314	2.802	-0.204	-0.028	1.0	ms2_winner	assigned
C23H37N5O7	[M + H]+	methyl 2-[2-(2-{[(tert-butoxy)carbonyl]amino}-4-methylpentanamido)-4-methylpentanamido]-3-methylbutanoate	CC(C)CC(C(=O)NC(C(C)C)C(=O)OC)NC(=O)C(CC(C)C)NC(=O)OC(C)(C)C	0.552	Amino acids and Peptides	Tripeptides	Carboxylic acids and derivatives	133.0	6414	EB-MSV000090464-gnps_ms2	transferred	2	496.2784	2.82	496.2782	2.6985	-0.403	-0.121	0.997	ms2_tie	assigned
C26H45N5O6	[M + H]+	Val-Leu-Pro-Val-Pro	CC(C)CC(C(=O)N1CCCC1C(=O)NC(C(C)C)C(=O)N2CCCC2C(=O)O)NC(=O)C(C(C)C)N	0.985	Amino acids and Peptides	Tripeptides	Carboxylic acids and derivatives	836.0	6416	EB-MSV000090464-gnps_ms2	transferred	1	524.343	2.83	524.3432	2.826719	0.381	-0.003	1.0	unique	assigned
C38H55N7O10	[M + H]+	2-[15-(butan-2-yl)-6-[(4-hydroxyphenyl)methyl]-18-methyl-21-(2-methylpropyl)-2,5,8,14,17,20,23-heptaoxo-1,4,7,13,16,19,22-heptaazatricyclo[22.3.0.0⁹,¹³]heptacosan-3-yl]acetic acid	CCC(C)C1C(=O)N2CCCC2C(=O)NC(C(=O)NC(C(=O)N3CCCC3C(=O)NC(C(=O)NC(C(=O)N1)C)CC(C)C)CC(=O)O)CC4=CC=C(C=C4)O	0.744	Amino acids and Peptides	Cyclic peptides	Carboxylic acids and derivatives	5547.0	6417	EB-MSV000090464-gnps_ms2	transferred	3	770.4084	2.82	770.4083	2.82229	-0.13	0.002	0.9998	unique	assigned
C30H43N5O5	[M + H]+	Ac-DL-Val-DL-Ala-DL-Pro-Gly-DL-Val-Gly-NHMe	CC(C)C(C(=O)NC(C)C(=O)N1CCCC1C(=O)NCC(=O)NC(C(C)C)C(=O)NCC(=O)NC)NC(=O)C	0.443	Amino acids and Peptides	Cyclic peptides	Carboxylic acids and derivatives		6421	EB-MSV000090464-gnps_ms2	transferred	3	554.3375	2.84							low_cosine
C40H49N5O11	[M + H]+	H-Thr-Asn-Leu-Tyr-Met-Leu-al	CC(C)CC(C=O)NC(=O)C(CCSC)NC(=O)C(CC1=CC=C(C=C1)O)NC(=O)C(CC(C)C)NC(=O)C(CC(=O)N)NC(=O)C(C(C)O)N	0.574	Amino acids and Peptides	Cyclic peptides	Carboxylic acids and derivatives	2788.0	6425	EB-MSV000090464-gnps_ms2	transferred	2	776.3419	2.82	776.346	2.809	5.281	-0.011	0.938	ms2_winner	assigned
C40H49N5O11	[M + H]+	H-Thr-Asn-Leu-Tyr-Met-Leu-al	CC(C)CC(C=O)NC(=O)C(CCSC)NC(=O)C(CC1=CC=C(C=C1)O)NC(=O)C(CC(C)C)NC(=O)C(CC(=O)N)NC(=O)C(C(C)O)N	0.287	Amino acids and Peptides	Cyclic peptides	Carboxylic acids and derivatives	2788.0	6426	EB-MSV000090464-gnps_ms2	transferred	2	776.3436	2.82	776.346	2.809	3.091	-0.011	0.9502	ms2_winner	assigned
C26H44N6O7	[M + H]+	H-Glu-D-Pro-D-Pro-Lys-D-Val-al	CC(C)C(C=O)NC(=O)C(CCCCN)NC(=O)C1CCCN1C(=O)C2CCCN2C(=O)C(CCC(=O)O)N	0.665	Amino acids and Peptides	Linear peptides	Carboxylic acids and derivatives	247.0	6433	EB-MSV000090464-gnps_ms2	transferred	4	553.3357	2.84	553.3356	2.84	-0.181	0.0	1.0	ms2_tie	assigned
C22H40N4O5	[M + H]+	H-DL-Val-DL-Pro-DL-xiIle-DL-Leu-OH	CCC(C)C(C(=O)NC(CC(C)C)C(=O)O)NC(=O)C1CCCN1C(=O)C(C(C)C)N	0.424	Amino acids and Peptides	Tripeptides	Carboxylic acids and derivatives		6435	EB-MSV000090464-gnps_ms2	transferred	2	441.306	2.84							low_cosine
C24H43N5O6	[M + H]+	H-Ile-Val-Pro-Val-Ala-OH	CCC(C)C(C(=O)NC(C(C)C)C(=O)N1CCCC1C(=O)NC(C(C)C)C(=O)NC(C)C(=O)O)N	0.8	Amino acids and Peptides	Tripeptides	Carboxylic acids and derivatives	3530.0	6440	EB-MSV000090464-gnps_ms2	transferred	4	498.3293	2.85	498.3297	2.856418	0.803	0.006	0.9942	ms2_winner	assigned
C38H48N8O10	[M + H]+	H-Pro-Asp-Thr-Arg-Pro-Ala-Pro-ol	CC(C(C(=O)NC(CCCN=C(N)N)C(=O)N1CCCC1C(=O)NC(C)C(=O)N2CCCC2CO)NC(=O)C(CC(=O)O)NC(=O)C3CCCN3)O	0.687	Amino acids and Peptides	Cyclic peptides	Carboxylic acids and derivatives	3763.0	6441	EB-MSV000090464-gnps_ms2	transferred	1	777.357	2.84	777.3599	2.840269	3.731	0.0	0.9998	unique	assigned
C16H27N3O4	[M + H]+	1-[4-Methyl-2-(pyrrolidine-2-carbonylamino)pentanoyl]pyrrolidine-2-carboxylic acid	CC(C)CC(C(=O)N1CCCC1C(=O)O)NC(=O)C2CCCN2	0.687	Amino acids and Peptides	Dipeptides	Carboxylic acids and derivatives		6442	EB-MSV000090464-gnps_ms2	transferred	2	326.2073	2.84							low_cosine
C20H28FN3O6	[M + H]+	1-[2-[(2-Amino-3-phenylpropanoyl)amino]-3-(4-hydroxyphenyl)propanoyl]pyrrolidine-2-carboxylic acid	C1CC(N(C1)C(=O)C(CC2=CC=C(C=C2)O)NC(=O)C(CC3=CC=CC=C3)N)C(=O)O	0.722	Amino acids and Peptides	Dipeptides	Carboxylic acids and derivatives	7824.0	6445	EB-MSV000090464-gnps_ms2	transferred	3	426.2036	2.84	426.2036	2.828824	0.0	-0.011	0.9998	ms2_winner	assigned
C26H40FN5O9S	[M + H]+	(2S)-2-[[(2S)-2-[[(2S,3S)-2-[[(2S)-1-[(2S)-2-amino-3-(4-hydroxyphenyl)propanoyl]pyrrolidine-2-carbonyl]amino]-3-hydroxybutanoyl]amino]-3-hydroxypropanoyl]amino]-4-methylpentanoic acid	CC(C)CC(C(=O)O)NC(=O)C(CO)NC(=O)C(C(C)O)NC(=O)C1CCCN1C(=O)C(CC2=CC=C(C=C2)O)N	0.256	Amino acids and Peptides	Tripeptides	Carboxylic acids and derivatives	2095.0	6451	EB-MSV000090464-gnps_ms2	transferred	3	618.2617	2.85	618.2626	2.849863	1.456	-0.0	1.0	unique	assigned
C35H49N7O5	[M + Na]+	cyclo[Asp-Gly-Leu-Leu-Gly-Ile-Thr]	CCC(C)C1C(=O)NC(C(=O)NC(C(=O)NCC(=O)NC(C(=O)NC(C(=O)NCC(=O)N1)CC(C)C)CC(C)C)CC(=O)O)C(C)O	0.167	Amino acids and Peptides	Cyclic peptides	Carboxylic acids and derivatives		6453	EB-MSV000090464-gnps_ms2	transferred	2	670.3697	2.86							no_ms2_candidate
C11H17FN2O3	[M + H]+	3-benzyl-octahydropyrrolo[1,2-a]pyrazine-1,4-dione	C1CC2C(=O)NC(C(=O)N2C1)CC3=CC=CC=C3	0.997	Amino acids and Peptides	Dipeptides	Carboxylic acids and derivatives	1204.0	6457	EB-MSV000090464-gnps_ms2	transferred	2	245.1292	2.85	245.1293	2.54	0.408	-0.31	0.761	ms2_tie	assigned
C31H51N5O10	[M + H]+	Pyloricidin A	CC(C)CC(C(=O)NC(CO)C(C(C(C(=O)NC(CC(=O)O)C1=CC=CC=C1)O)O)O)NC(=O)C(C(C)C)NC(=O)C(C(C)C)N	0.12	Amino acids and Peptides	Linear peptides	Carboxylic acids and derivatives	433.0	6470	EB-MSV000090464-gnps_ms2	transferred	2	654.3806	2.86	654.3804	2.858383	-0.306	-0.002	1.0	ms2_tie	assigned
C39H63N17O13	[M + H]+	H-Ser-Met-Pro-Glu-Leu-Ser-Pro-Val-Leu-al	CC(C)CC(C=O)NC(=O)C(C(C)C)NC(=O)C1CCCN1C(=O)C(CO)NC(=O)C(CC(C)C)NC(=O)C(CCC(=O)O)NC(=O)C2CCCN2C(=O)C(CCSC)NC(=O)C(CO)N	0.282	Amino acids and Peptides	Cyclic peptides	Carboxylic acids and derivatives	1424.0	6479	EB-MSV000090464-gnps_ms2	transferred	3	978.4834	2.87	978.4833	2.681	-0.102	-0.189	0.9764	ms2_tie	assigned
C20H29N3O4	[M + H]+	Phe-Pro-Leu	CC(C)CC(C(=O)O)NC(=O)C1CCCN1C(=O)C(CC2=CC=CC=C2)N	0.844	Amino acids and Peptides	Dipeptides	Carboxylic acids and derivatives	721.0	6480	EB-MSV000090464-gnps_ms2	transferred	2	376.224	2.87	376.2243	2.86593	0.797	-0.004	0.9999	unique	assigned
C20H36N4O6	[M + H]+	Ypaoamide B	CC(C)CC1C=CC(=O)N1C(=O)C=C(CCNC(=O)CCCCC(C)(C)C)OC	0.332	Amino acids and Peptides	Dipeptides	Carboxylic acids and derivatives	6542.0	6485	EB-MSV000090464-gnps_ms2	transferred	2	429.2707	2.87	429.2706	2.846	-0.233	-0.024	1.0	unique	assigned
C27H39N5O7	[M + H]+	H-Leu-Pro-Thr-Pro-Pro-OH	CC(C)CC(C(=O)N1CCCC1C(=O)NC(C(C)O)C(=O)N2CCCC2C(=O)N3CCCC3C(=O)O)N	0.451	Amino acids and Peptides	Cyclic peptides	Carboxylic acids and derivatives	21846.0	6486	EB-MSV000090464-gnps_ms2	transferred	4	546.2933	2.87	546.2928	2.848704	-0.915	-0.021	0.7136	ms2_winner	assigned
C13H22N2O8	[M + H]+	2-amino-6-[5-(1,2-dithiolan-3-yl)pentanamido]hexanoic acid	C1CSSC1CCCCC(=O)NCCCCC(C(=O)O)N	0.512	Amino acids and Peptides	Dipeptides	Carboxylic acids and derivatives	8863.0	6491	EB-MSV000090464-gnps_ms2	transferred	1	335.1457	2.88	335.1458	2.853303	0.298	-0.027	1.0	unique	assigned
C35H51N7O9	[M + H]+	cyclo[Ala-Ser-Pro-D-Thr-Pro-Phe-Ile]	CCC(C)C1C(=O)NC(C(=O)NC(C(=O)N2CCCC2C(=O)NC(C(=O)N3CCCC3C(=O)NC(C(=O)N1)CC4=CC=CC=C4)C(C)O)CO)C	0.413	Amino acids and Peptides	Cyclic peptides	Carboxylic acids and derivatives	2144.0	6492	EB-MSV000090464-gnps_ms2	transferred	5	714.3846	2.88	714.3854	2.881562	1.12	0.002	0.9999	ms2_tie	assigned
C29H45N7O10	[M + H]+	H-Leu-Pro-Phe-Glu-Phe-OH	CC(C)CC(C(=O)N1CCCC1C(=O)NC(CC2=CC=CC=C2)C(=O)NC(CCC(=O)O)C(=O)NC(CC3=CC=CC=C3)C(=O)O)N	0.202	Amino acids and Peptides	Cyclic peptides	Carboxylic acids and derivatives	1212.0	6498	EB-MSV000090464-gnps_ms2	transferred	5	652.3259	2.89	652.3278	2.89034	2.913	0.0	0.9824	ms2_winner	assigned
C22H40N4O7	[M + H]+	H-DL-Arg-DL-Arg-DL-Ala-DL-Ala-OH	CC(C(=O)NC(C)C(=O)O)NC(=O)C(CCCN=C(N)N)NC(=O)C(CCCN=C(N)N)N	0.696	Amino acids and Peptides	Tripeptides	Carboxylic acids and derivatives		6499	EB-MSV000090464-gnps_ms2	transferred	1	473.2977	2.89							low_cosine
C39H65N11O7	[M + K]+	H-Pro-Pro-Pro-Val-Pro-Pro-Arg-NHiPr	CC(C)C(C(=O)N1CCCC1C(=O)N2CCCC2C(=O)NC(CCCN=C(N)N)C(=O)NC(C)C)NC(=O)C3CCCN3C(=O)C4CCCN4C(=O)C5CCCN5	0.416	Amino acids and Peptides	Cyclic peptides	Carboxylic acids and derivatives	700.0	6502	EB-MSV000090464-gnps_ms2	transferred	2	838.4646	2.89	838.4634	3.323	-1.431	0.433	0.8171	ms2_winner	assigned
C43H65N9O10	[M + K]+	Cycloleonuripeptide E	CCC(C)C1C(=O)NC(C(=O)NC(C(=O)NC(C(=O)NC(C(=O)NC(C(=O)N2CCCC2C(=O)NC(C(=O)N3CCCC3C(=O)N1)C)C(C)O)CC4=CC=CC=C4)C)C)C(C)C	0.828	Amino acids and Peptides	Cyclic peptides	Carboxylic acids and derivatives	10825.0	6514	EB-MSV000090464-gnps_ms2	transferred	3	906.445	2.9	906.4481	2.9035	3.42	0.004	0.9999	unique	assigned
C26H35N5O6	[M + H]+	Benzyl n-[(2s)-4-methyl-1-[[(2r)-4-methyl-1-[[(2s)-4-methyl-1-oxopentan-2-yl]amino]-1-oxopentan-2-yl]amino]-1-oxopentan-2-yl]carbamate	CC(C)CC(C=O)NC(=O)C(CC(C)C)NC(=O)C(CC(C)C)NC(=O)OCC1=CC=CC=C1	0.084	Amino acids and Peptides	Tripeptides	Carboxylic acids and derivatives		6517	EB-MSV000090464-gnps_ms2	transferred	2	514.2649	2.87							low_cosine
C36H52N8O9	[M + H]+	cyclo[Sar-Phe-Leu-Pro-Tyr-N(Me)Leu]	CC(C)CC1C(=O)N2CCCC2C(=O)NC(C(=O)N(C(C(=O)N(CC(=O)NC(C(=O)N1)CC3=CC=CC=C3)C)CC(C)C)C)CC4=CC=C(C=C4)O	0.456	Amino acids and Peptides	Cyclic peptides	Carboxylic acids and derivatives		6519	EB-MSV000090464-gnps_ms2	transferred	2	741.397	2.88							low_cosine
C28H49N3O14	[M + H]+	H-Leu-Pro-Phe-Glu-Phe-OH	CC(C)CC(C(=O)N1CCCC1C(=O)NC(CC2=CC=CC=C2)C(=O)NC(CCC(=O)O)C(=O)NC(CC3=CC=CC=C3)C(=O)O)N	0.235	Amino acids and Peptides	Cyclic peptides	Carboxylic acids and derivatives	1212.0	6520	EB-MSV000090464-gnps_ms2	transferred	5	652.3267	2.89	652.3278	2.89034	1.686	0.0	1.0	ms2_winner	assigned
C30H46N6O9	[M + H]+	H-Ala-Pro-Leu-Leu-Glu-Ser-al	CC(C)CC(C(=O)NC(CC(C)C)C(=O)NC(CCC(=O)O)C(=O)NC(CO)C=O)NC(=O)C1CCCN1C(=O)C(C)N	0.922	Amino acids and Peptides	Cyclic peptides	Carboxylic acids and derivatives	3543.0	6524	EB-MSV000090464-gnps_ms2	transferred	2	635.3405	2.89	635.3403	2.891229	-0.315	0.001	0.9867	ms2_tie	assigned
C42H68N8O15	[M + H]+	6-benzyl-21-(butan-2-yl)-9-(1-hydroxyethyl)-3-[(4-hydroxyphenyl)methyl]-18-methyl-24-(2-methylpropyl)-1,4,7,10,16,19,22,25-octaazatricyclo[25.3.0.0¹²,¹⁶]triacontan-2,5,8,11,17,20,23,26-octone	CCC(C)C1C(=O)NC(C(=O)N2CCCC2C(=O)NC(C(=O)NC(C(=O)NC(C(=O)N3CCCC3C(=O)NC(C(=O)N1)CC(C)C)CC4=CC=C(C=C4)O)CC5=CC=CC=C5)C(C)O)C	0.606	Amino acids and Peptides	Cyclic peptides	Carboxylic acids and derivatives	2679.0	6527	EB-MSV000090464-gnps_ms2	transferred	1	925.4801	2.9	925.4803	2.899847	0.216	-0.0	0.9999	unique	assigned
C30H49N7O10	[M + H]+	H-Ala-Ala-Pro-Val-Val-Pro-Asp-OH	CC(C)C(C(=O)NC(C(C)C)C(=O)N1CCCC1C(=O)NC(CC(=O)O)C(=O)O)NC(=O)C2CCCN2C(=O)C(C)NC(=O)C(C)N	0.249	Amino acids and Peptides	Cyclic peptides	Carboxylic acids and derivatives	56.0	6530	EB-MSV000090464-gnps_ms2	transferred	1	668.3654	2.89	668.3644	2.795	-1.496	-0.095	0.9965	unique	assigned
C44H76N8O10	[M + H]+	H-Arg-Lys-Arg-Lys-Arg-Lys-al	C(CCN)CC(C=O)NC(=O)C(CCCN=C(N)N)NC(=O)C(CCCCN)NC(=O)C(CCCN=C(N)N)NC(=O)C(CCCCN)NC(=O)C(CCCN=C(N)N)N		Amino acids and Peptides	Cyclic peptides	Carboxylic acids and derivatives	2053.0	6531	EB-MSV000090464-gnps_ms2	transferred	1	877.5808	2.9	877.5809	2.901271	0.114	0.001	1.0	unique	assigned
C22H38N4O5	[M + H]+	H-DL-Leu-DL-Pro-DL-xiIle-DL-Pro-OH	CCC(C)C(C(=O)N1CCCC1C(=O)O)NC(=O)C2CCCN2C(=O)C(CC(C)C)N	0.737	Amino acids and Peptides	Tripeptides	Carboxylic acids and derivatives	67.0	6533	EB-MSV000090464-gnps_ms2	transferred	3	439.291	2.91	439.2912	2.904	0.455	-0.006	0.9999	ms2_winner	assigned
C49H55N9O7	[M + H]+	Nostocyclopeptide	CC1CC2C(=O)NC(C=NC(C(=O)NC(C(=O)NC(C(=O)N3CCCC3C(=O)NC(C(=O)N2C1)C(C)C)CCO)CC4=CC=C(C=C4)O)CC5=CC=C(C=C5)O)CC6=CC=C(C=C6)O	0.263	Amino acids and Peptides	Depsipeptides	Carboxylic acids and derivatives	4864.0	6563	EB-MSV000090464-gnps_ms2	transferred	1	882.4331	2.92	882.4349	2.923498	2.04	0.003	1.0	unique	assigned
C28H39N5O8S	[M + H]+	H-Ser-Ala-Ser-Gly-Thr-Pro-Ser-OH	CC(C(C(=O)N1CCCC1C(=O)NC(CO)C(=O)O)NC(=O)CNC(=O)C(CO)NC(=O)C(C)NC(=O)C(CO)N)O	0.352	Amino acids and Peptides	Tripeptides	Carboxylic acids and derivatives	4602.0	6565	EB-MSV000090464-gnps_ms2	transferred	2	606.2649	2.92	606.2664	2.922323	2.474	0.002	0.997	unique	assigned
C33H49N9O9	[M + H]+	Cbz-Lys(Cbz)-Val-Pro-Val-al	CC(C)C(C=O)NC(=O)C1CCCN1C(=O)C(C(C)C)NC(=O)C(CCCCNC(=O)OCC2=CC=CC=C2)NC(=O)OCC3=CC=CC=C3	0.272	Amino acids and Peptides	Cyclic peptides	Carboxylic acids and derivatives	1281.0	6568	EB-MSV000090464-gnps_ms2	transferred	4	716.3641	2.92	716.3651	2.907472	1.396	-0.013	1.0	unique	assigned
C37H47N5O6	[M + H]+	Unk-D-Lys-Lys-D-Arg-OH	C1=CC(=CC=C1CC(=O)NC(CCCCN)C(=O)NC(CCCCN)C(=O)NC(CCCN=C(N)N)C(=O)O)CN=C(N)N	0.077	Amino acids and Peptides	Cyclic peptides	Carboxylic acids and derivatives		6570	EB-MSV000090464-gnps_ms2	transferred	2	658.358	2.92							low_cosine
C39H60N10O13	[M + H]+	Cyclotheonamide E4	CCC(C)CC(=O)NC(C)C(=O)NC1CNC(=O)C=CC(NC(=O)C(NC(=O)C(=O)C(NC(=O)C2CCCN2C1=O)CCCN=C(N)N)C(C)CC)CC3=CC=C(C=C3)O	0.257	Amino acids and Peptides	Cyclic peptides	Carboxylic acids and derivatives	1074.0	6583	EB-MSV000090464-gnps_ms2	transferred	3	877.4428	2.93	877.445	2.921431	2.507	-0.009	1.0	ms2_winner	assigned
C41H62N6O7	[M + H]+	H-Ile-Ile-Lys-Val-Ile-Lys-OH	CCC(C)C(C(=O)NC(C(C)CC)C(=O)NC(CCCCN)C(=O)NC(C(C)C)C(=O)NC(C(C)CC)C(=O)NC(CCCCN)C(=O)O)N	0.131	Amino acids and Peptides	Linear peptides	Carboxylic acids and derivatives	1837.0	6594	EB-MSV000090464-gnps_ms2	transferred	2	751.4759	2.94	751.4754	2.94	-0.665	0.0	1.0	unique	assigned
C21H35N3O8	[M + H]+	Tryptophylprolylarginine	C1CC(N(C1)C(=O)C(CC2=CNC3=CC=CC=C32)N)C(=O)NC(CCCN=C(N)N)C(=O)O	0.341	Amino acids and Peptides	Tripeptides	Carboxylic acids and derivatives	1356.0	6597	EB-MSV000090464-gnps_ms2	transferred	2	458.2525	2.94	458.2525	2.94	0.0	0.0	1.0	unique	assigned
C39H60N10O13	[M + H]+	Cyclotheonamide E4	CCC(C)CC(=O)NC(C)C(=O)NC1CNC(=O)C=CC(NC(=O)C(NC(=O)C(=O)C(NC(=O)C2CCCN2C1=O)CCCN=C(N)N)C(C)CC)CC3=CC=C(C=C3)O	0.217	Amino acids and Peptides	Cyclic peptides	Carboxylic acids and derivatives	1074.0	6598	EB-MSV000090464-gnps_ms2	transferred	3	877.445	2.93	877.445	2.921431	0.0	-0.009	0.9689	ms2_winner	assigned
C11H20N2O3	[M + H]+	4-methyl-2-[(pyrrolidin-2-yl)formamido]pentanoic acid	CC(C)CC(C(=O)O)NC(=O)C1CCCN1	0.853	Amino acids and Peptides	Dipeptides	Carboxylic acids and derivatives	27606.0	6599	EB-MSV000090464-gnps_ms2	transferred	4	229.1543	2.94	229.1542	2.442654	-0.436	-0.497	0.9839	unique	assigned
C26H40N4O6	[M + H]+	2-(2-{[1-(2-amino-3-methylpentanoyl)pyrrolidin-2-yl]formamido}-3-(4-hydroxyphenyl)propanamido)-3-methylpentanoic acid	CCC(C)C(C(=O)N1CCCC1C(=O)NC(CC2=CC=C(C=C2)O)C(=O)NC(C(C)CC)C(=O)O)N	0.968	Amino acids and Peptides	Tripeptides	Carboxylic acids and derivatives	117.0	6603	EB-MSV000090464-gnps_ms2	transferred	2	505.3022	2.94	505.3018	2.94	-0.792	0.0	1.0	ms2_winner	assigned
C37H55N3O9	[M + H]+	2-[[5-(2,6-Dimethoxyphenyl)-1-[4-[3-(dimethylamino)propyl-methylcarbamoyl]-2-propan-2-ylphenyl]pyrazole-3-carbonyl]amino]adamantane-2-carboxylic acid	CC(C)C1=C(C=CC(=C1)C(=O)N(C)CCCN(C)C)N2C(=CC(=N2)C(=O)NC3(C4CC5CC(C4)CC3C5)C(=O)O)C6=C(C=CC=C6OC)OC	0.058	Amino acids and Peptides	Cyclic peptides	Carboxylic acids and derivatives	490.0	6606	EB-MSV000090464-gnps_ms2	transferred	2	686.3978	2.94	686.3969	2.9535	-1.311	0.014	1.0	unique	assigned
C57H89N11O13	[M + H]+	3-[21-benzyl-3,24-bis(butan-2-yl)-27-(2-carbamoylethyl)-7,10,28-trimethyl-2,5,8,11,14,20,23,26,29,32-decaoxo-9,30-bis(propan-2-yl)-25-oxa-1,4,7,10,13,19,22,28,31-nonaazatricyclo[31.4.0.0¹⁵,¹⁹]heptatriacontan-6-yl]propanamide	CCC(C)C1C(=O)N2CCCCC2C(=O)NC(C(=O)N(C(C(=O)OC(C(=O)NC(C(=O)N3CCCC3C(=O)NCC(=O)N(C(C(=O)N(C(C(=O)N1)CCC(=O)N)C)C(C)C)C)CC4=CC=CC=C4)C(C)CC)CCC(=O)N)C)C(C)C	0.091	Amino acids and Peptides	Cyclic peptides	Carboxylic acids and derivatives	661.0	6611	EB-MSV000090464-gnps_ms2	transferred	1	1136.673	2.94	1136.674	2.954554	0.88	0.015	0.9999	unique	assigned
C35H52N10O8	[M + H]+	(2S,9S,12S,15R,18S,21S)-9-(tert-Butyloxycarbonylamino)-10,13,16,19,22-pentaoxo-14,15:17,18-dipropano-12,21-hexano-1,11,14,17,20-pentaazacyclodocosane-2-carboxylic acid methyl ester	CC(C)(C)OC(=O)NC1CCCCCCC(NC(=O)C2CCCCCCC(C(=O)N3CCCC3C(=O)N4CCCC4C(=O)N2)NC1=O)C(=O)OC	0.088	Amino acids and Peptides	Cyclic peptides	Carboxylic acids and derivatives	6354.0	6620	EB-MSV000090464-gnps_ms2	transferred	3	741.4067	2.94	741.4085	2.94	2.428	0.0	0.9286	ms2_tie	assigned
C43H47N5O6	[M + H]+	methyl 4-amino-1-[(2R)-6-amino-2-[[(2R)-1-[(2R)-2-[[(2R)-2-amino-4-phenylbutanoyl]amino]-3-phenylpropanoyl]pyrrolidine-2-carbonyl]amino]hexanoyl]piperidine-4-carboxylate	COC(=O)C1(CCN(CC1)C(=O)C(CCCCN)NC(=O)C2CCCN2C(=O)C(CC3=CC=CC=C3)NC(=O)C(CCC4=CC=CC=C4)N)N	0.204	Amino acids and Peptides	Tripeptides	Carboxylic acids and derivatives	23.0	6625	EB-MSV000090464-gnps_ms2	transferred	2	730.3604	2.95	730.3605	2.946	0.137	-0.004	0.9999	ms2_winner	assigned
C29H41N5O8	[M + H]+	benzyl 2-[(1-{[1-(tert-butoxy)-4-methyl-1-oxopentan-2-yl]carbamoyl}-2-phenylethyl)carbamoyl]pyrrolidine-1-carboxylate	CC(C)CC(C(=O)OC(C)(C)C)NC(=O)C(CC1=CC=CC=C1)NC(=O)C2CCCN2C(=O)OCC3=CC=CC=C3	0.591	Amino acids and Peptides	Tripeptides	Carboxylic acids and derivatives	1977.0	6632	EB-MSV000090464-gnps_ms2	transferred	4	588.3047	2.96	588.3044	2.957	-0.51	-0.003	0.9893	ms2_tie	assigned
C27H39N5O6	[M + H]+	H-Gly-DL-Pro-DL-Phe-DL-Pro-DL-Leu-OH	CC(C)CC(C(=O)O)NC(=O)C1CCCN1C(=O)C(CC2=CC=CC=C2)NC(=O)C3CCCN3C(=O)CN	0.889	Amino acids and Peptides	Tripeptides	Carboxylic acids and derivatives	4918.0	6633	EB-MSV000090464-gnps_ms2	transferred	2	530.2979	2.95	530.2971	2.954	-1.509	0.004	0.9045	ms2_winner	assigned
C47H68N14O12	[M + H]+	H-Ser-Pro-Ser-Ile-Pro-Leu-Ser-Ser-Ala-Tyr-OH	CCC(C)C(C(=O)N1CCCC1C(=O)NC(CC(C)C)C(=O)NC(CO)C(=O)NC(CO)C(=O)NC(C)C(=O)NC(CC2=CC=C(C=C2)O)C(=O)O)NC(=O)C(CO)NC(=O)C3CCCN3C(=O)C(CO)N	0.721	Amino acids and Peptides	Cyclic peptides	Carboxylic acids and derivatives	6036.0	6643	EB-MSV000090464-gnps_ms2	transferred	1	1021.5271	2.95	1021.5277	2.953	0.587	0.003	0.9999	unique	assigned
C25H44N8O10	[M + H]+	H-D-Lys-Gln-Ala-Gly-Asp-D-Val-OH	CC(C)C(C(=O)O)NC(=O)C(CC(=O)O)NC(=O)CNC(=O)C(C)NC(=O)C(CCC(=O)N)NC(=O)C(CCCCN)N	0.446	Amino acids and Peptides	Cyclic peptides	Carboxylic acids and derivatives	267.0	6646	EB-MSV000090464-gnps_ms2	transferred	1	617.3313	2.96	617.3307	2.963718	-0.972	0.004	0.9999	unique	assigned
C9H15N3O4	[M + H]+	3-carbamoyl-2-[(pyrrolidin-2-yl)formamido]propanoic acid	C1CC(NC1)C(=O)NC(CC(=O)N)C(=O)O	0.932	Amino acids and Peptides	Dipeptides	Carboxylic acids and derivatives	2951.0	6660	EB-MSV000090464-gnps_ms2	transferred	3	230.1133	2.97	230.1135	2.972	0.869	0.002	0.9448	ms2_tie	assigned
C41H59N9O10	[M + H]+	cyclo[Ala-Leu-D-N(Me)Phe-Pro-Sar-Phe-N(Me)Tyr]	CC1C(=O)NC(C(=O)N(C(C(=O)N2CCCC2C(=O)N(CC(=O)NC(C(=O)N(C(C(=O)N1)CC3=CC=C(C=C3)O)C)CC4=CC=CC=C4)C)CC5=CC=CC=C5)C)CC(C)C	0.314	Amino acids and Peptides	Cyclic peptides	Carboxylic acids and derivatives	93.0	6673	EB-MSV000090464-gnps_ms2	transferred	2	838.4422	2.97	838.4416	2.971096	-0.716	0.001	0.9703	ms2_tie	assigned
C37H44N4O4	[M + H]+	pivaloyl-Pro-Leu-Phe-Ala-tBu	CC(C)CC(C(=O)NC(CC1=CC=CC=C1)C(=O)NC(C)C(=O)C(C)(C)C)NC(=O)C2CCCN2C(=O)C(C)(C)C	0.36	Amino acids and Peptides	Cyclic peptides	Carboxylic acids and derivatives	1627.0	6674	EB-MSV000090464-gnps_ms2	transferred	2	609.341	2.97	609.343	2.974015	3.282	0.004	1.0	ms2_tie	assigned
C23H43N3O6	[M + K]+	Mullinamide A	CCC(C)C1C(=O)NC(C(=O)NC(C(=O)NCC(=O)N2CCCC2C(=O)N1)CCC(=O)O)C(C)C	0.639	Amino acids and Peptides	Tripeptides	Carboxylic acids and derivatives		6677	EB-MSV000090464-gnps_ms2	transferred	2	496.2798	2.98							low_cosine
C41H59N9O10	[M + H]+	cyclo[Ala-Leu-D-N(Me)Phe-Pro-Sar-Phe-N(Me)Tyr]	CC1C(=O)NC(C(=O)N(C(C(=O)N2CCCC2C(=O)N(CC(=O)NC(C(=O)N(C(C(=O)N1)CC3=CC=C(C=C3)O)C)CC4=CC=CC=C4)C)CC5=CC=CC=C5)C)CC(C)C	0.32	Amino acids and Peptides	Cyclic peptides	Carboxylic acids and derivatives	82.0	6683	EB-MSV000090464-gnps_ms2	transferred	4	838.4479	2.98	838.4522	2.982	5.129	0.002	0.9999	ms2_tie	assigned
C41H61N7O11S	[M + H]+	Cherimolacyclopeptide A	CCC(C)C1C(=O)N2CCCC2C(=O)NC(C(=O)NC(C(=O)NCC(=O)NC(C(=O)NC(C(=O)N3CCCC3C(=O)N1)C(C)CC)CCSC)C(C)O)CCC(=O)N	0.153	Amino acids and Peptides	RiPPs	Carboxylic acids and derivatives	3308.0	6690	EB-MSV000090464-gnps_ms2	transferred	3	860.4272	2.98	860.4271	2.980281	-0.116	0.0	0.9999	unique	assigned
C39H62N8O11	[M + H]+	9-benzyl-12-(butan-2-yl)-27-(2-methylpropyl)-1,7,10,13,19,25,28,31-octaazapentacyclo[31.3.0.0³,⁷.0¹⁵,¹⁹.0²¹,²⁵]hexatriacontan-2,8,11,14,20,26,29,32-octone	CCC(C)C1C(=O)NC(C(=O)N2CCCC2C(=O)N3CCCC3C(=O)NCC(=O)NC(C(=O)N4CCCC4C(=O)N5CCCC5C(=O)N1)CC(C)C)CC6=CC=CC=C6	0.717	Amino acids and Peptides	Cyclic peptides	Carboxylic acids and derivatives	6651.0	6698	EB-MSV000090464-gnps_ms2	transferred	3	819.4652	2.98	819.4641	2.983556	-1.342	0.004	0.9927	unique	assigned
C45H68N12O12	[M + H]+	cyclo[Ile-Pro-Pro-Ile-D-Pro-Pro-Thr-Lys-Ser]	CCC(C)C1C(=O)N2CCCC2C(=O)N3CCCC3C(=O)NC(C(=O)NC(C(=O)NC(C(=O)NC(C(=O)N4CCCC4C(=O)N5CCCC5C(=O)N1)C(C)CC)CO)CCCCN)C(C)O	0.908	Amino acids and Peptides	Cyclic peptides	Carboxylic acids and derivatives	5462.0	6700	EB-MSV000090464-gnps_ms2	transferred	3	969.5295	2.99	969.5325	2.9865	3.094	-0.004	1.0	unique	assigned
C28H46N6O7	[M + H]+	H-Lys-Pro-Ser-Leu-Leu-OH	CC(C)CC(C(=O)NC(CC(C)C)C(=O)O)NC(=O)C(CO)NC(=O)C1CCCN1C(=O)C(CCCCN)N	0.836	Amino acids and Peptides	Cyclic peptides	Carboxylic acids and derivatives	7443.0	6711	EB-MSV000090464-gnps_ms2	transferred	2	579.3527	2.99	579.3538	2.975351	1.899	-0.015	0.9998	ms2_tie	assigned
C24H43N5O6	[M + H]+	H-Ile-Pro-Val-Gly-Leu-OH	CCC(C)C(C(=O)N1CCCC1C(=O)NC(C(C)C)C(=O)NCC(=O)NC(CC(C)C)C(=O)O)N	0.624	Amino acids and Peptides	Tripeptides	Carboxylic acids and derivatives	1565.0	6716	EB-MSV000090464-gnps_ms2	transferred	4	498.3293	2.99	498.3297	3.000724	0.803	0.011	1.0	ms2_tie	assigned
C62H93N7O12	[M + K]+	23-({3-[4-amino-4-hydroxy-1-(1H-imidazol-4-yl)butyl]-1-oxo-2-azaspiro[4.4]nonan-4-yl}methyl)-22-cyclopentyl-24-hydroxy-15,26-bis(hydroxymethyl)-15,26,30-trimethyl-25-[(3,4,5-trihydroxyoxan-2-yl)oxy]-5,7,9-triazaoctacyclo[19.9.3.0¹,¹⁸.0²,¹¹.0⁴,⁸.0¹²,¹⁷.0²¹,³⁰.0²²,²⁷]tritriaconta-4(8),6,18-triene-12-carboxylic acid	CC1(CCC2(C(C1)C3=CCC45CCCC3(C4(CCC6C5(C(C(C(C6(C)CO)OC7C(C(C(CO7)O)O)O)O)CC8C(NC(=O)C89CCCC9)C(CCC(N)O)C1=CN=CN1)C1CCCC1)C)C1C2CNC2=C(C1)NC=N2)C(=O)O)CO		Amino acids and Peptides	Depsipeptides	Peptidomimetics		6717	EB-MSV000090464-gnps_ms2	transferred	3	1166.6432	2.99							low_cosine
C40H61N15O15	[M + H]+	H-Cys(1)-Tyr-Ile-Leu-Asn-Cys(1)-Pro-Leu-Gly-NH2	CCC(C)C1C(=O)NC(C(=O)NC(C(=O)NC(CSSCC(C(=O)NC(C(=O)N1)CC2=CC=C(C=C2)O)N)C(=O)N3CCCC3C(=O)NC(CC(C)C)C(=O)NCC(=O)N)CC(=O)N)CC(C)C	0.843	Amino acids and Peptides	Cyclic peptides	Carboxylic acids and derivatives	1640.0	6722	EB-MSV000090464-gnps_ms2	transferred	1	992.464	3.0	992.4642	2.998703	0.202	-0.001	0.9999	unique	assigned
C32H44N6O11	[M + H]+	Glp-Asn-Pro-d-Tyr-d-Trp-NH2	C1CC(N(C1)C(=O)C(CC(=O)N)NC(=O)C2CCC(=O)N2)C(=O)NC(CC3=CC=C(C=C3)O)C(=O)NC(CC4=CNC5=CC=CC=C54)C(=O)N	0.219	Amino acids and Peptides	Tripeptides	Carboxylic acids and derivatives	5470.0	6725	EB-MSV000090464-gnps_ms2	transferred	1	689.3141	3.0	689.3144	2.974547	0.435	-0.025	0.9998	unique	assigned
C32H47N7O9	[M + H]+	Boc-Pro-Ile-Leu-Pro-Pro-OH	CCC(C)C(C(=O)NC(CC(C)C)C(=O)N1CCCC1C(=O)N2CCCC2C(=O)O)NC(=O)C3CCCN3C(=O)OC(C)(C)C	0.87	Amino acids and Peptides	Cyclic peptides	Carboxylic acids and derivatives	4357.0	6729	EB-MSV000090464-gnps_ms2	transferred	3	674.3535	2.98	674.3547	2.982853	1.779	0.003	0.9459	ms2_tie	assigned
C31H46N6O8	[M + H]+	Unk-DL-Val-Pro-DL-Nva-Unk-Gly-DL-Phg-NH2	CCCC(C(=O)C(=O)NCC(=O)NC(C1=CC=CC=C1)C(=O)N)NC(=O)C2CCCN2C(=O)C(C(C)C)NC(=O)OCC(C)C	0.602	Amino acids and Peptides	Cyclic peptides	Carboxylic acids and derivatives	551.0	6736	EB-MSV000090464-gnps_ms2	transferred	2	631.3448	3.01	631.3422	3.01324	-4.118	0.003	0.9999	ms2_tie	assigned
C31H46N6O8	[M + H]+	Unk-DL-Val-Pro-DL-Nva-Unk-Gly-DL-Phg-NH2	CCCC(C(=O)C(=O)NCC(=O)NC(C1=CC=CC=C1)C(=O)N)NC(=O)C2CCCN2C(=O)C(C(C)C)NC(=O)OCC(C)C	0.312	Amino acids and Peptides	Cyclic peptides	Carboxylic acids and derivatives	489.0	6740	EB-MSV000090464-gnps_ms2	transferred	2	631.3459	3.01	631.3492	3.01038	5.227	0.0	0.9999	ms2_tie	assigned
C25H35FN4O7	[M + H]+	Tyrosyl-prolyl-phenylalanyl-proline	C1CC(N(C1)C(=O)C(CC2=CC=C(C=C2)O)N)C(=O)NC(CC3=CC=CC=C3)C(=O)N4CCCC4C(=O)O	0.992	Amino acids and Peptides	Tripeptides	Carboxylic acids and derivatives	1120.0	6742	EB-MSV000090464-gnps_ms2	transferred	2	523.2571	3.01	523.2568	3.010573	-0.573	0.001	1.0	ms2_tie	assigned
C31H50N4O8	[M + K]+	H-Thr-Pro-Pro-Ser-Pro-Phe-OH	CC(C(C(=O)N1CCCC1C(=O)N2CCCC2C(=O)NC(CO)C(=O)N3CCCC3C(=O)NC(CC4=CC=CC=C4)C(=O)O)N)O	0.758	Amino acids and Peptides	Cyclic peptides	Carboxylic acids and derivatives		6747	EB-MSV000090464-gnps_ms2	transferred	5	645.3262	3.01							low_cosine
C31H48N6O8	[M + H]+	Ac-Gln-Leu-Ala-Leu-Phe-OH	CC(C)CC(C(=O)NC(CC1=CC=CC=C1)C(=O)O)NC(=O)C(C)NC(=O)C(CC(C)C)NC(=O)C(CCC(=O)N)NC(=O)C	0.194	Amino acids and Peptides	Cyclic peptides	Carboxylic acids and derivatives	4450.0	6755	EB-MSV000090464-gnps_ms2	transferred	1	633.3531	3.01	633.3494	3.003146	-5.842	-0.007	0.9999	unique	assigned
C47H72N12O10	[M + H]+	5,26-bis({1-[(2-methylbut-3-en-2-yl)oxy]ethyl})-2,23-bis(2-methylpropyl)-14-(propan-2-yl)-31-thia-3,6,12,15,21,24,27,32-octaazatetracyclo[27.2.1.0⁸,¹².0¹⁷,²¹]dotriacont-1(32)-ene-4,7,13,16,22,25,28-heptone	CC(C)CC1C2=NC(CS2)C(=O)NC(C(=O)NC(C(=O)N3CCCC3C(=O)NC(C(=O)N4CCCC4C(=O)NC(C(=O)N1)C(C)OC(C)(C)C=C)C(C)C)CC(C)C)C(C)OC(C)(C)C=C	0.938	Amino acids and Peptides	Cyclic peptides	Carboxylic acids and derivatives	1007.0	6765	EB-MSV000090464-gnps_ms2	transferred	1	965.5639	3.02	965.563	3.029242	-0.932	0.009	1.0	unique	assigned
C37H56N8O10S	[M + H]+	2-[15-benzyl-21-(2-methylpropyl)-2,5,8,14,17,20,23-heptaoxo-3,18-bis(propan-2-yl)-1,4,7,13,16,19,22-heptaazatricyclo[22.3.0.0⁹,¹³]heptacosan-6-yl]acetamide	CC(C)CC1C(=O)NC(C(=O)NC(C(=O)N2CCCC2C(=O)NC(C(=O)NC(C(=O)N3CCCC3C(=O)N1)C(C)C)CC(=O)N)CC4=CC=CC=C4)C(C)C	0.197	Amino acids and Peptides	Cyclic peptides	Carboxylic acids and derivatives	212.0	6766	EB-MSV000090464-gnps_ms2	transferred	2	805.3941	3.02	805.3936	3.023207	-0.621	0.003	1.0	ms2_tie	assigned
C24H34N4O5S	[M + H]+	H-DL-Met-DL-Pro-DL-Phe-DL-Pro-OH	CSCCC(C(=O)N1CCCC1C(=O)NC(CC2=CC=CC=C2)C(=O)N3CCCC3C(=O)O)N	0.802	Amino acids and Peptides	Tripeptides	Carboxylic acids and derivatives	566.0	6767	EB-MSV000090464-gnps_ms2	transferred	2	491.2315	3.01	491.2316	3.026827	0.204	0.017	1.0	ms2_winner	assigned
C29H38N4O6	[M + H]+	(3S,9S,14aR)-9-benzyl-3-(6,7-dihydroxyheptyl)-6,6-dimethyl-tetradecahydropyrrolo[1,2-a][,,,]cyclododecane-1,4,7,10-tetrone	CC1(C(=O)NC(C(=O)N2CCCC2C(=O)NC(C(=O)N1)CCCCCC(CO)O)CC3=CC=CC=C3)C	0.238	Amino acids and Peptides	Tripeptides	Carboxylic acids and derivatives	2859.0	6769	EB-MSV000090464-gnps_ms2	transferred	3	539.2854	3.03	539.2889	3.02003	6.49	-0.01	0.9998	unique	assigned
C44H60N8O10	[M + H]+	Pseudostellarin H	CCC(C)C1C(=O)NC(C(=O)NC(C(=O)NCC(=O)NC(C(=O)N2CCCC2C(=O)NC(C(=O)N3CCCC3C(=O)N1)C(C)O)C(C)O)CC4=CC=CC=C4)CC5=CC=CC=C5	0.288	Amino acids and Peptides	Cyclic peptides	Carboxylic acids and derivatives	4840.0	6771	EB-MSV000090464-gnps_ms2	transferred	1	861.4488	3.02	861.4497	3.022834	1.045	0.003	0.9998	unique	assigned
C27H42N6O10	[M + H]+	2-({1-[2-amino-3-(4-hydroxyphenyl)propanoyl]pyrrolidin-2-yl}formamido)-N-(1-carbamoyl-2-phenylethyl)-3-(1H-indol-3-yl)propanamide	C1CC(N(C1)C(=O)C(CC2=CC=C(C=C2)O)N)C(=O)NC(CC3=CNC4=CC=CC=C43)C(=O)NC(CC5=CC=CC=C5)C(=O)N	0.588	Amino acids and Peptides	Cyclic peptides	Carboxylic acids and derivatives	3626.0	6781	EB-MSV000090464-gnps_ms2	transferred	1	611.3016	3.03	611.3025	3.026622	1.472	-0.003	0.9946	unique	assigned
C32H48N6O9	[M + H]+	1-Aza-2-oxobicyclo[5.3.0]decane scaffold, 38b	CCC(C(=O)NC1C(CCC2CCC(N2C1=O)C(=O)NC(C3=CC=CC=C3)C4=CC=CC=C4)CNC(=O)NCC5=CC=CC=C5)NC	0.201	Amino acids and Peptides	Cyclic peptides	Carboxylic acids and derivatives	4353.0	6783	EB-MSV000090464-gnps_ms2	transferred	3	661.3515	3.04	661.358	3.018404	9.828	-0.022	0.9999	ms2_winner	assigned
C36H52N8O9	[M + H]+	cyclo[Sar-Phe-Leu-Pro-Tyr-N(Me)Leu]	CC(C)CC1C(=O)N2CCCC2C(=O)NC(C(=O)N(C(C(=O)N(CC(=O)NC(C(=O)N1)CC3=CC=CC=C3)C)CC(C)C)C)CC4=CC=C(C=C4)O	0.534	Amino acids and Peptides	Cyclic peptides	Carboxylic acids and derivatives	1267.0	6787	EB-MSV000090464-gnps_ms2	transferred	2	741.3966	3.03	741.3985	3.035543	2.563	0.006	0.972	ms2_tie	assigned
C35H52N10O8	[M + H]+	cyclo[Sar-Phe-Leu-Pro-Tyr-N(Me)Leu]	CC(C)CC1C(=O)N2CCCC2C(=O)NC(C(=O)N(C(C(=O)N(CC(=O)NC(C(=O)N1)CC3=CC=CC=C3)C)CC(C)C)C)CC4=CC=C(C=C4)O	0.747	Amino acids and Peptides	Cyclic peptides	Carboxylic acids and derivatives	1267.0	6792	EB-MSV000090464-gnps_ms2	transferred	2	741.3981	3.03	741.3985	3.035543	0.54	0.006	0.9788	ms2_tie	assigned
C30H45N9O8	[M + H]+	His-Pro-Phe-Leu-Phe	CC(C)CC(C(=O)NC(CC1=CC=CC=C1)C(=O)O)NC(=O)C(CC2=CC=CC=C2)NC(=O)C3CCCN3C(=O)C(CC4=CN=CN4)N	0.514	Amino acids and Peptides	Cyclic peptides	Carboxylic acids and derivatives	331.0	6800	EB-MSV000090464-gnps_ms2	transferred	4	660.3416	3.05	660.3423	3.04961	1.06	-0.0	0.9999	unique	assigned
C26H43N5O8	[M + H]+	N-[5-[[4-[5-[acetyl(hydroxy)amino]pentylamino]-4-oxobutanoyl]-hydroxyamino]pentyl]-N'-butyl-N'-hydroxybutanediamide	CCCCN(C(=O)CCC(=O)NCCCCCN(C(=O)CCC(=O)NCCCCCN(C(=O)C)O)O)O	0.512	Amino acids and Peptides	Linear peptides	Carboxylic acids and derivatives	5170.0	6802	EB-MSV000090464-gnps_ms2	transferred	1	554.3178	3.03	554.3154	3.013683	-4.33	-0.016	1.0	unique	assigned
C43H47N5O6	[M + H]+		CCCCC(C(=O)NC(CC(=O)O)C(=O)NC(C(C)C)C(=O)N1CCCC1C(=O)N)NC(=O)CC2=CC=C(C=C2)NC(=O)NC3=CC=CC=C3C	0.099	Amino acids and Peptides	Tripeptides	Carboxylic acids and derivatives	23.0	6818	EB-MSV000090464-gnps_ms2	transferred	2	730.3602	3.03	730.3605	2.946	0.411	-0.084	0.9983	ms2_winner	assigned
C56H80N10O13	[M + H]+	N-[4-amino-1-oxo-1-[[6,9,18-tris(2-aminoethyl)-15-benzyl-3-(1-hydroxyethyl)-12-(2-methylpropyl)-2,5,8,11,14,17,20-heptaoxo-1,4,7,10,13,16,19-heptazacyclotricos-21-yl]amino]butan-2-yl]-2-(2,4-diaminobutanoylamino)-3-hydroxybutanamide	CC(C)CC1C(=O)NC(C(=O)NC(C(=O)NC(C(=O)NCCC(C(=O)NC(C(=O)NC(C(=O)N1)CC2=CC=CC=C2)CCN)NC(=O)C(CCN)NC(=O)C(C(C)O)NC(=O)C(CCN)N)C(C)O)CCN)CCN	0.454	Amino acids and Peptides	Linear peptides	Polypeptides		6820	EB-MSV000090464-gnps_ms2	transferred	1	1101.6024	3.05							low_cosine
C30H48N6O9	[M + Na]+	15G256Δ	CCCCCCCCC1COC(=O)C(NC(=O)C(NC(=O)C(NC(=O)C(C1O)C)CCC(=O)O)C(=O)C2=CNC3=CC=CC=C32)CO	0.081	Amino acids and Peptides	Depsipeptides	Carboxylic acids and derivatives	114.0	6824	EB-MSV000090464-gnps_ms2	transferred	3	659.3379	3.05	659.3378	3.049408	-0.152	-0.001	1.0	ms2_winner	assigned
C35H44N6O8	[M + H]+	2-Arg-5-leu-enkephalin	CC(C)CC(C(=O)O)NC(=O)C(CC1=CC=CC=C1)NC(=O)CNC(=O)C(CCCN=C(N)N)NC(=O)C(CC2=CC=C(C=C2)O)N	0.556	Amino acids and Peptides	Tripeptides	Carboxylic acids and derivatives	3726.0	6836	EB-MSV000090464-gnps_ms2	transferred	2	677.3288	3.05	677.3293	3.041667	0.738	-0.008	1.0	unique	assigned
C26H40N4O6	[M + H]+	2-(2-{[1-(2-amino-3-methylpentanoyl)pyrrolidin-2-yl]formamido}-3-(4-hydroxyphenyl)propanamido)-3-methylpentanoic acid	CCC(C)C(C(=O)N1CCCC1C(=O)NC(CC2=CC=C(C=C2)O)C(=O)NC(C(C)CC)C(=O)O)N	0.97	Amino acids and Peptides	Tripeptides	Carboxylic acids and derivatives	117.0	6838	EB-MSV000090464-gnps_ms2	transferred	2	505.3023	3.04	505.3018	2.94	-0.99	-0.1	0.9999	ms2_winner	assigned
C57H84N8O11	[M + Na]+	Circulin	CCC(C)C1C(=O)NC(C(=O)NC(C(=O)NC(C(=O)NCCC(C(=O)NC(C(=O)NC(C(=O)N1)CC(C)C)CCN)NC(=O)C(CCN)NC(=O)C(C(C)O)NC(=O)C(CCN)NC=O)C(C)O)CCN)CCN	0.89	Amino acids and Peptides	Linear peptides	Polypeptides	169.0	6846	EB-MSV000090464-gnps_ms2	transferred	2	1079.6156	3.05	1079.6146	3.049984	-0.926	-0.0	1.0	ms2_tie	assigned
C36H65N9O13	[M + Na]+	(3S,6S,9S,17S,20S)-N,N,3-trimethyl-6-(2-methylpropyl)-2,5,8,19-tetraoxo-9-[[(2S)-3-phenyl-2-(3-phenylpropanoylamino)propanoyl]amino]-1,4,7,18-tetrazabicyclo[18.3.0]tricosane-17-carboxamide	CC1C(=O)N2CCCC2C(=O)NC(CCCCCCCC(C(=O)NC(C(=O)N1)CC(C)C)NC(=O)C(CC3=CC=CC=C3)NC(=O)CCC4=CC=CC=C4)C(=O)N(C)C	0.906	Amino acids and Peptides	Cyclic peptides	Carboxylic acids and derivatives	2965.0	6850	EB-MSV000090464-gnps_ms2	transferred	1	854.4637	3.05	854.463	3.052667	-0.819	0.003	0.8504	unique	assigned
C61H77N5O7	[M + H]+	L-Argininamide, L-arginyl-L-arginyl-L-arginyl-L-arginyl-L-arginyl-	C(CC(C(=O)NC(CCCN=C(N)N)C(=O)NC(CCCN=C(N)N)C(=O)NC(CCCN=C(N)N)C(=O)NC(CCCN=C(N)N)C(=O)NC(CCCN=C(N)N)C(=O)N)N)CN=C(N)N	0.258	Amino acids and Peptides	Linear peptides	Polypeptides	4269.0	6871	EB-MSV000090464-gnps_ms2	transferred	1	992.583	3.06	992.5832	3.056197	0.201	-0.004	1.0	unique	assigned
C35H51N7O8	[M + H]+	H-Tyr-Pro-Lys-Abu-Ile-Ala-OH	CCC(C)C(C(=O)NC(C)C(=O)O)NC(=O)C(CC)NC(=O)C(CCCCN)NC(=O)C1CCCN1C(=O)C(CC2=CC=C(C=C2)O)N	0.688	Amino acids and Peptides	Linear peptides	Carboxylic acids and derivatives		6874	EB-MSV000090464-gnps_ms2	transferred	1	698.3887	3.06							low_cosine
C19H25N3O4	[M + H]+	(R)-1-[(S)-1-((S)-2-Amino-3-phenyl-propionyl)-pyrrolidine-2-carbonyl]-pyrrolidine-2-carboxylic acid	C1CC(N(C1)C(=O)C2CCCN2C(=O)C(CC3=CC=CC=C3)N)C(=O)O	0.672	Amino acids and Peptides	Dipeptides	Carboxylic acids and derivatives	647.0	6880	EB-MSV000090464-gnps_ms2	transferred	2	360.1924	3.06	360.1926	3.065828	0.555	0.006	1.0	ms2_winner	assigned
C29H43N5O6	[M + H]+	H-Val-Val-Pro-Pro-Phe-OH	CC(C)C(C(=O)NC(C(C)C)C(=O)N1CCCC1C(=O)N2CCCC2C(=O)NC(CC3=CC=CC=C3)C(=O)O)N	0.951	Amino acids and Peptides	Cyclic peptides	Carboxylic acids and derivatives	33.0	6882	EB-MSV000090464-gnps_ms2	transferred	4	558.3303	3.07	558.3322	3.064669	3.403	-0.005	1.0	ms2_tie	assigned
C62H94N6O8S2	[M + H]+	Isopedopeptin E	CC=C1C(=O)NC(C(=O)NC(C(=O)NC(C(=O)NC(C(=O)NC(C(=O)OC(CC(=O)NC(C(=O)NC(C(=O)NC(C(=O)N1)CCN)CC(C)C)CN)CCCCCC(C)C)CC(=O)O)C(C)C)CC2=CC=CC=C2)CN)C(C)O	0.175	Amino acids and Peptides	Depsipeptides	Peptidomimetics	1633.0	6883	EB-MSV000090464-gnps_ms2	transferred	1	1115.6548	3.06	1115.6538	3.058565	-0.896	-0.001	1.0	unique	assigned
C26H41N7O8	[M + H]+	Poststatin	CCC(C(=O)C(=O)NC(CC(C)C)C(=O)NC(C(C)C)C(=O)O)NC(=O)C(C(C)C)NC(=O)C(C(C)C)N	0.66	Amino acids and Peptides	Tripeptides	Carboxylic acids and derivatives	3699.0	6886	EB-MSV000090464-gnps_ms2	transferred	2	580.3102	3.06	580.3134	3.066211	5.514	0.006	1.0	unique	assigned
C26H41N7O8	[M + H]+	Poststatin	CCC(C(=O)C(=O)NC(CC(C)C)C(=O)NC(C(C)C)C(=O)O)NC(=O)C(C(C)C)NC(=O)C(C(C)C)N	0.487	Amino acids and Peptides	Tripeptides	Carboxylic acids and derivatives	3699.0	6895	EB-MSV000090464-gnps_ms2	transferred	2	580.3111	3.07	580.3134	3.066211	3.963	-0.004	0.7482	unique	assigned
C22H40N4O5	[M + H]+	H-DL-Leu-DL-Val-DL-Pro-DL-Leu-OH	CC(C)CC(C(=O)NC(C(C)C)C(=O)N1CCCC1C(=O)NC(CC(C)C)C(=O)O)N	0.602	Amino acids and Peptides	Tripeptides	Carboxylic acids and derivatives	1924.0	6905	EB-MSV000090464-gnps_ms2	transferred	3	441.3068	3.08	441.3075	2.986	1.586	-0.094	0.9105	unique	assigned
C23H40N4O5	[M + H]+	(2S)-2-[[(2S)-3-methyl-2-[[1-[(E,2S,5S)-2-methyl-5-(methylamino)hex-3-enoyl]pyrrolidine-2-carbonyl]amino]butanoyl]amino]pentanoic acid	CCCC(C(=O)O)NC(=O)C(C(C)C)NC(=O)C1CCCN1C(=O)C(C)C=CC(C)NC	0.889	Amino acids and Peptides	Cyclic peptides	Carboxylic acids and derivatives	3258.0	6913	EB-MSV000090464-gnps_ms2	transferred	3	453.306	3.08	453.3057	3.081502	-0.662	0.002	1.0	ms2_tie	assigned
C31H53N7O8	[M + H]+	2-({1-[2-({1-[2-(2-amino-3-methylbutanamido)-4-methylpentanoyl]pyrrolidin-2-yl}formamido)-3-methylbutanoyl]pyrrolidin-2-yl}formamido)-4-carbamoylbutanoic acid	CC(C)CC(C(=O)N1CCCC1C(=O)NC(C(C)C)C(=O)N2CCCC2C(=O)NC(CCC(=O)N)C(=O)O)NC(=O)C(C(C)C)N	0.8	Amino acids and Peptides	Tripeptides	Carboxylic acids and derivatives	3144.0	6916	EB-MSV000090464-gnps_ms2	transferred	4	652.4046	3.07	652.407	3.067332	3.679	-0.003	0.9994	ms2_tie	assigned
C36H54N12O7	[M + H]+	cyclo[His-D-N(Me)Phe-Pro-D-Phe-Ile-D-Pip]	CCC(C)C1C(=O)N2CCCCC2C(=O)NC(C(=O)N(C(C(=O)N3CCCC3C(=O)NC(C(=O)N1)CC4=CC=CC=C4)CC5=CC=CC=C5)C)CC6=CN=CN6	0.488	Amino acids and Peptides	Cyclic peptides	Carboxylic acids and derivatives	2161.0	6917	EB-MSV000090464-gnps_ms2	transferred	1	767.4332	3.08	767.4313	3.083111	-2.476	0.003	0.9998	unique	assigned
C25H38N4O6	[M + H]+	2-[(1-{2-[2-amino-3-(4-hydroxyphenyl)propanamido]-3-methylbutanoyl}pyrrolidin-2-yl)formamido]-4-methylpentanoic acid	CC(C)CC(C(=O)O)NC(=O)C1CCCN1C(=O)C(C(C)C)NC(=O)C(CC2=CC=C(C=C2)O)N	0.882	Amino acids and Peptides	Tripeptides	Carboxylic acids and derivatives		6919	EB-MSV000090464-gnps_ms2	transferred	2	491.2873	3.09							low_cosine
C49H76N6O11	[M + H]+	Isv-spm II	CC1CC=CC=CC(C(CC(C(CC(CC(=O)O1)OC(=O)C)OC2C(C(C(C(O2)C)OC3CC(C(CO3)OC(=O)CC(C)C)(C)O)N(C)C)O)CC=O)C)OC4CCC(C(O4)C)N(C)C	0.033	Amino acids and Peptides	Lipopeptides	Carboxylic acids and derivatives	2457.0	6923	EB-MSV000090464-gnps_ms2	transferred	1	925.5727	3.09	925.5727	3.097	0.0	0.007	1.0	unique	assigned
C26H47N7O8	[M + Na]+	H-Ala-Thr-Ala-Val-Pro-Lys-OH	CC(C)C(C(=O)N1CCCC1C(=O)NC(CCCCN)C(=O)O)NC(=O)C(C)NC(=O)C(C(C)O)NC(=O)C(C)N	0.666	Amino acids and Peptides	Tripeptides	Carboxylic acids and derivatives	3742.0	6928	EB-MSV000090464-gnps_ms2	transferred	1	608.3389	3.09	608.338	3.083129	-1.479	-0.007	1.0	unique	assigned
C26H44N6O7	[M + H]+	H-Glu-D-Pro-D-Pro-Lys-D-Val-al	CC(C)C(C=O)NC(=O)C(CCCCN)NC(=O)C1CCCN1C(=O)C2CCCN2C(=O)C(CCC(=O)O)N	0.692	Amino acids and Peptides	Linear peptides	Carboxylic acids and derivatives	543.0	6933	EB-MSV000090464-gnps_ms2	transferred	3	553.3357	3.09	553.3357	3.096576	0.0	0.007	1.0	ms2_tie	assigned
C42H61N7O12	[M + H]+	H-Asn(OH)-Ala-Pro-Val-Ser-Ile-Pro-Gln-NHOH	CCC(C)C(C(=O)N1CCCC1C(=O)NC(CCC(=O)N)C(=O)NO)NC(=O)C(CO)NC(=O)C(C(C)C)NC(=O)C2CCCN2C(=O)C(C)NC(=O)C(CC(=O)NO)N	0.354	Amino acids and Peptides	Cyclic peptides	Carboxylic acids and derivatives	5060.0	6948	EB-MSV000090464-gnps_ms2	transferred	3	856.4427	3.1	856.4424	3.093863	-0.35	-0.006	0.9852	ms2_winner	assigned
C55H64N4O8	[M + H]+	Microtoenin A	CC1C(=O)NC(C(=O)N2CCCC2C(=O)NC(C(=O)NC(C(=O)NC(C(=O)N3CCCC3C(=O)NC(C(=O)N1)C(C)C)CC4=CC=C(C=C4)O)CC(C)C)C(C)C)CC5=CC=CC=C5	0.549	Amino acids and Peptides	Cyclic peptides	Carboxylic acids and derivatives		6953	EB-MSV000090464-gnps_ms2	transferred	1	909.4817	3.1							low_cosine
C32H30N2O5	[M + H]+	4-carbamoyl-4-[2-(2-{[3-acetamido-2,5-dihydroxy-6-(hydroxymethyl)oxan-4-yl]oxy}propanamido)-3-hydroxybutanamido]butanoic acid	CC(C(C(=O)NC(CCC(=O)O)C(=O)N)NC(=O)C(C)OC1C(C(OC(C1O)CO)O)NC(=O)C)O	0.04	Amino acids and Peptides	Dipeptides	Carboxylic acids and derivatives	6369.0	6959	EB-MSV000090464-gnps_ms2	transferred	3	523.2231	3.11	523.2238	3.088153	1.338	-0.022	1.0	ms2_tie	assigned
C42H58N2O14	[M + H]+		CCC1=CC2CC(C3=C(CCN(C2)C1)C4=CC=CC=C4N3)(C5=C(C=C6C(=C5)C78CCN9C7C(C=CC9)(C(C(C8N6C)(C(=O)OC)O)OC(=O)C)CC)OC)C(=O)OC	0.031	Amino acids and Peptides	Depsipeptides	Carboxylic acids and derivatives	2135.0	6960	EB-MSV000090464-gnps_ms2	transferred	2	815.3919	3.11	815.3932	3.101778	1.594	-0.008	1.0	ms2_tie	assigned
C29H42N6O7	[M + H]+	Cyclo(Pro-Ala-Thr-Leu-Phe-Gly-)	CC1C(=O)NC(C(=O)NC(C(=O)NC(C(=O)NCC(=O)N2CCCC2C(=O)N1)CC3=CC=CC=C3)CC(C)C)C(C)O	0.379	Amino acids and Peptides	Cyclic peptides	Carboxylic acids and derivatives	579.0	6968	EB-MSV000090464-gnps_ms2	transferred	3	587.3181	3.11	587.3182	3.113916	0.17	0.004	1.0	unique	assigned
C39H60N10O13	[M + H]+	Cyclotheonamide E4	CCC(C)CC(=O)NC(C)C(=O)NC1CNC(=O)C=CC(NC(=O)C(NC(=O)C(=O)C(NC(=O)C2CCCN2C1=O)CCCN=C(N)N)C(C)CC)CC3=CC=C(C=C3)O	0.196	Amino acids and Peptides	Linear peptides	Carboxylic acids and derivatives	1074.0	6970	EB-MSV000090464-gnps_ms2	transferred	3	877.4434	3.12	877.445	2.921431	1.823	-0.199	0.9543	ms2_winner	assigned
C33H60N6O6	[M + K]+	1-[(3R,9S,10S)-9-[[cyclohexylmethyl(methyl)amino]methyl]-12-[(2R)-1-hydroxypropan-2-yl]-3,10-dimethyl-13-oxo-2,8-dioxa-12-azabicyclo[12.4.0]octadeca-1(14),15,17-trien-16-yl]-3-(4-methoxyphenyl)urea	CC1CCCCOC(C(CN(C(=O)C2=C(O1)C=CC(=C2)NC(=O)NC3=CC=C(C=C3)OC)C(C)CO)C)CN(C)CC4CCCCC4	0.014	Amino acids and Peptides	Cyclic peptides	Carboxylic acids and derivatives	5077.0	6973	EB-MSV000090464-gnps_ms2	transferred	1	675.4188	3.12	675.4183	3.115882	-0.74	-0.004	0.9998	unique	assigned
C48H68N14O10	[M + H]+		CCC(C)C1C(=O)NC(C(=O)NC(C(=O)NC(C(=O)NC(C(=O)NC(C(=O)NC(C(=O)NC(C(=O)N1)C(C(C)C)O)CC2=CC=C(C=C2)O)C(C)O)C)CC(C)C)CC3=CC=C(C=C3)O)CC4=CC=CC=C4	0.381	Amino acids and Peptides	Cyclic peptides	Carboxylic acids and derivatives	454.0	6998	EB-MSV000090464-gnps_ms2	transferred	1	1001.5258	3.13	1001.5247	3.131	-1.098	0.001	1.0	unique	assigned
C26H39N5O7	[M + H]+	Substance P (1-4)	C1CC(N(C1)C(=O)C(CCCN=C(N)N)N)C(=O)NC(CCCCN)C(=O)N2CCCC2C(=O)N	0.956	Amino acids and Peptides	Cyclic peptides	Carboxylic acids and derivatives		7005	EB-MSV000090464-gnps_ms2	transferred	3	534.2933	3.11							no_ms2_candidate
C46H67N11O14	[M + H]+	H-Tyr-Leu-Ser-Pro-Ile-Ala-Ser-Pro-Leu-OH	CCC(C)C(C(=O)NC(C)C(=O)NC(CO)C(=O)N1CCCC1C(=O)NC(CC(C)C)C(=O)O)NC(=O)C2CCCN2C(=O)C(CO)NC(=O)C(CC(C)C)NC(=O)C(CC3=CC=C(C=C3)O)N	0.176	Amino acids and Peptides	Cyclic peptides	Carboxylic acids and derivatives		7012	EB-MSV000090464-gnps_ms2	transferred	2	998.4931	3.14							low_cosine
C49H58N4O5	[M + H]+	3-[12,18-bis(butan-2-yl)-3-[(4-hydroxyphenyl)methyl]-21-methyl-2,5,11,14,17,20,23-heptaoxo-1,4,10,13,16,19,22-heptaazatricyclo[22.3.0.0⁶,¹⁰]heptacosan-15-yl]propanamide	CCC(C)C1C(=O)NC(C(=O)NC(C(=O)N2CCCC2C(=O)NC(C(=O)N3CCCC3C(=O)NC(C(=O)N1)C)CC4=CC=C(C=C4)O)C(C)CC)CCC(=O)N	0.181	Amino acids and Peptides	Linear peptides	Carboxylic acids and derivatives	2267.0	7015	EB-MSV000090464-gnps_ms2	transferred	1	783.4478	3.13	783.4473	3.124	-0.638	-0.006	1.0	unique	assigned
C14H28N2O3	[M + H]+	2-amino-6-octanamidohexanoic acid	CCCCCCCC(=O)NCCCCC(C(=O)O)N	0.853	Fatty acids	N-acyl amines	Carboxylic acids and derivatives	3108.0	7018	EB-MSV000090464-gnps_ms2	transferred	1	273.2169	3.14	273.2166	3.147	-1.098	0.007	0.9999	unique	assigned
C59H69N5O8	[M + H]+	H-Ala-Pro-Ser-Pro-Leu-Val-Glu-Leu-Ile-OH	CCC(C)C(C(=O)O)NC(=O)C(CC(C)C)NC(=O)C(CCC(=O)O)NC(=O)C(C(C)C)NC(=O)C(CC(C)C)NC(=O)C1CCCN1C(=O)C(CO)NC(=O)C2CCCN2C(=O)C(C)N	0.965	Amino acids and Peptides	Linear peptides	Carboxylic acids and derivatives	693.0	7027	EB-MSV000090464-gnps_ms2	transferred	3	976.5118	3.14	976.5127	3.146	0.922	0.006	1.0	ms2_winner	assigned
C23H40N8O12	[M + H]+	Val-Pro-Asp-Pro-Arg	CC(C)C(C(=O)N1CCCC1C(=O)NC(CC(=O)O)C(=O)N2CCCC2C(=O)NC(CCCN=C(N)N)C(=O)O)N	0.687	Amino acids and Peptides	Tripeptides	Carboxylic acids and derivatives		7028	EB-MSV000090464-gnps_ms2	transferred	1	621.278	3.15							no_ms2_candidate
C23H43N5O13	[M + Na]+	4-amino-N-(5-amino-4-{[6-(aminomethyl)-3-acetamido-4,5-dihydroxyoxan-2-yl]oxy}-3-{[3,4-dihydroxy-5-(hydroxymethyl)oxolan-2-yl]oxy}-2-hydroxycyclohexyl)-2-hydroxybutanamide	CC(=O)NC1C(C(C(OC1OC2C(CC(C(C2OC3C(C(C(O3)CO)O)O)O)NC(=O)C(CCN)O)N)CN)O)O	0.325	Amino acids and Peptides	Tripeptides	Carboxylic acids and derivatives	281.0	7035	EB-MSV000090464-gnps_ms2	transferred	3	620.2732	3.15	620.2727	3.147	-0.806	-0.003	1.0	ms2_winner	assigned
C29H48N6O7	[M + H]+	[(2S)-1-[[(2S)-1-[[(2S)-1-[[(2S)-1-[[(2S)-1-[[(1S)-1-carboxy-3-methylbutyl]amino]-4-methyl-1-oxopentan-2-yl]amino]-1-oxopropan-2-yl]amino]-4-methyl-1-oxopentan-2-yl]amino]-1-oxopropan-2-yl]amino]-1-oxopropan-2-yl]azanium	CC(C)CC(C(=O)NC(C)C(=O)NC(CC(C)C)C(=O)NC(CC(C)C)C(=O)O)NC(=O)C(C)NC(=O)C(C)N	0.582	Amino acids and Peptides	Cyclic peptides	Carboxylic acids and derivatives	2782.0	7036	EB-MSV000090464-gnps_ms2	transferred	1	593.3652	3.15	593.3653	3.122676	0.169	-0.027	1.0	unique	assigned
C30H44N6O7	[M + H]+	Dianthin E	CCC(C)C1C(=O)N2CCCC2C(=O)NCC(=O)NC(C(=O)NC(C(=O)NC(C(=O)N1)CO)CC3=CC=CC=C3)C(C)C	0.661	Amino acids and Peptides	Cyclic peptides	Carboxylic acids and derivatives	480.0	7041	EB-MSV000090464-gnps_ms2	transferred	3	601.3338	3.15	601.3339	3.147	0.166	-0.003	1.0	unique	assigned
C37H64N8O9	[M + H]+	cyclo[Gly-Ile-Leu-Unk-Ser-Ile-Ile-Leu]	CCC(C)C1C(=O)NC(C(=O)N=CC(=O)NC(C(=O)NC(C(=O)NC(C(=O)NC(C(=O)NCC(=O)N1)CC(C)C)C(C)CC)C(C)CC)CO)CC(C)C	0.082	Amino acids and Peptides	Tripeptides	Carboxylic acids and derivatives	627.0	7054	EB-MSV000090464-gnps_ms2	transferred	3	765.4912	3.16	765.4919	3.246	0.914	0.086	0.965	ms2_winner	assigned
C41H59N7O6	[M + H]+	Ac-Tyr-Gly-Pro-Ile-Lys-Lys-NH2	CCC(C)C(C(=O)NC(CCCCN)C(=O)NC(CCCCN)C(=O)N)NC(=O)C1CCCN1C(=O)CNC(=O)C(CC2=CC=C(C=C2)O)NC(=O)C	0.435	Amino acids and Peptides	Cyclic peptides	Carboxylic acids and derivatives	3162.0	7063	EB-MSV000090464-gnps_ms2	transferred	1	746.4607	3.16	746.4606	3.162	-0.134	0.002	0.9999	unique	assigned
C41H59N9O10	[M + H]+	cyclo[Ala-Leu-D-N(Me)Phe-Pro-Sar-Phe-N(Me)Tyr]	CC1C(=O)NC(C(=O)N(C(C(=O)N2CCCC2C(=O)N(CC(=O)NC(C(=O)N(C(C(=O)N1)CC3=CC=C(C=C3)O)C)CC4=CC=CC=C4)C)CC5=CC=CC=C5)C)CC(C)C	0.29	Amino acids and Peptides	Cyclic peptides	Carboxylic acids and derivatives	93.0	7075	EB-MSV000090464-gnps_ms2	transferred	6	838.4449	3.16	838.4416	2.971096	-3.936	-0.189	0.9975	ms2_tie	assigned
C38H57N7O10	[M + H]+	(2S)-1-[(2S)-2-[[(2S)-2-[[(2S)-2-[[(2S)-2-[[(2S)-2,6-diaminohexanoyl]amino]-4-methyl-pentanoyl]amino]-3-phenyl-propanoyl]amino]-3-methyl-butanoyl]amino]-3-phenyl-propanoyl]pyrrolidine-2-carboxylic acid	CC(C)CC(C(=O)NC(CC1=CC=CC=C1)C(=O)NC(C(C)C)C(=O)NC(CC2=CC=CC=C2)C(=O)N3CCCC3C(=O)O)NC(=O)C(CCCCN)N	0.416	Amino acids and Peptides	Cyclic peptides	Carboxylic acids and derivatives	2111.0	7077	EB-MSV000090464-gnps_ms2	transferred	2	772.4279	3.16	772.429	3.162	1.424	0.002	1.0	ms2_winner	assigned
C25H36N4O5	[M + H]+	Ile-Phe-Pro-Pro	CCC(C)C(C(=O)NC(CC1=CC=CC=C1)C(=O)N2CCCC2C(=O)N3CCCC3C(=O)O)N	0.858	Amino acids and Peptides	Tripeptides	Carboxylic acids and derivatives	246.0	7109	EB-MSV000090464-gnps_ms2	transferred	2	473.2757	3.17	473.2753	3.173312	-0.845	0.003	0.9999	ms2_winner	assigned
C51H62N10O9	[M + H]+	(4R)-4-[[(2S)-2-acetamido-3-carboxypropanoyl]amino]-5-[[(2S,3S)-3-methyl-1-[[(2S)-3-methyl-1-[(2S,4R)-2-[[2-methylpropyl-[[(1S)-1-phenylethyl]carbamoyl]amino]carbamoyl]-4-phenylmethoxypyrrolidin-1-yl]-1-oxobutan-2-yl]amino]-1-oxopentan-2-yl]amino]-5-oxopentanoic acid	CCC(C)C(C(=O)NC(C(C)C)C(=O)N1CC(CC1C(=O)NN(CC(C)C)C(=O)NC(C)C2=CC=CC=C2)OCC3=CC=CC=C3)NC(=O)C(CCC(=O)O)NC(=O)C(CC(=O)O)NC(=O)C	0.059	Amino acids and Peptides	Cyclic peptides	Carboxylic acids and derivatives	4518.0	7110	EB-MSV000090464-gnps_ms2	transferred	2	959.486	3.17	959.4874	3.148	1.459	-0.022	1.0	unique	assigned
C33H60N4O11	[M + H]+	H-Lys-Pro-Val-Lys-Pro-Val-OH	CC(C)C(C(=O)NC(CCCCN)C(=O)N1CCCC1C(=O)NC(C(C)C)C(=O)O)NC(=O)C2CCCN2C(=O)C(CCCCN)N	0.979	Amino acids and Peptides	Tripeptides	Carboxylic acids and derivatives	150.0	7136	EB-MSV000090464-gnps_ms2	transferred	1	689.4349	3.18	689.4341	3.371	-1.16	0.191	0.9492	unique	assigned
C37H59N11O12	[M + H]+	24-benzyl-21-(butan-2-yl)-12-[(4-hydroxyphenyl)methyl]-3-(2-methylpropyl)-1,4,10,13,19,22,25-heptaazatetracyclo[25.3.0.0⁶,¹⁰.0¹⁵,¹⁹]triacontane-2,5,11,14,20,23,26-heptone	CCC(C)C1C(=O)N2CCCC2C(=O)NC(C(=O)N3CCCC3C(=O)NC(C(=O)N4CCCC4C(=O)NC(C(=O)N1)CC5=CC=CC=C5)CC(C)C)CC6=CC=C(C=C6)O	0.274	Amino acids and Peptides	Cyclic peptides	Carboxylic acids and derivatives	1099.0	7147	EB-MSV000090464-gnps_ms2	transferred	1	850.4494	3.18	850.4497	3.177382	0.353	-0.003	1.0	unique	assigned
C39H58N8O9	[M + H]+	3-[12,18-bis(butan-2-yl)-3-[(4-hydroxyphenyl)methyl]-21-methyl-2,5,11,14,17,20,23-heptaoxo-1,4,10,13,16,19,22-heptaazatricyclo[22.3.0.0⁶,¹⁰]heptacosan-15-yl]propanamide	CCC(C)C1C(=O)NC(C(=O)NC(C(=O)N2CCCC2C(=O)NC(C(=O)N3CCCC3C(=O)NC(C(=O)N1)C)CC4=CC=C(C=C4)O)C(C)CC)CCC(=O)N	0.156	Amino acids and Peptides	Cyclic peptides	Carboxylic acids and derivatives	2267.0	7153	EB-MSV000090464-gnps_ms2	transferred	1	783.4481	3.19	783.4473	3.124	-1.021	-0.066	0.9994	unique	assigned
C31H45N7O7	[M + H]+	H-Pro-Ala-Pro-Phe-Ala-Ala-Ala-al	CC(C=O)NC(=O)C(C)NC(=O)C(C)NC(=O)C(CC1=CC=CC=C1)NC(=O)C2CCCN2C(=O)C(C)NC(=O)C3CCCN3	0.847	Amino acids and Peptides	Cyclic peptides	Carboxylic acids and derivatives	354.0	7158	EB-MSV000090464-gnps_ms2	transferred	2	628.3513	3.19	628.3507	3.181048	-0.955	-0.009	0.8658	unique	assigned
C13H10N2O5S2	[M + H]+	Alanine,3,3'-[1,2-ethanediylbis(sulfinyl)]bis-	C(CS(=O)CC(C(=O)O)N)S(=O)CC(C(=O)O)N	0.322	Amino acids and Peptides	Aminoacids	Carboxylic acids and derivatives	8405.0	7159	EB-MSV000090464-gnps_ms2	transferred	2	339.0109	3.19	339.0108	3.169345	-0.295	-0.021	1.0	unique	assigned
C57H84N8O11	[M + Na]+	Circulin	CCC(C)C1C(=O)NC(C(=O)NC(C(=O)NC(C(=O)NCCC(C(=O)NC(C(=O)NC(C(=O)N1)CC(C)C)CCN)NC(=O)C(CCN)NC(=O)C(C(C)O)NC(=O)C(CCN)NC=O)C(C)O)CCN)CCN	0.898	Amino acids and Peptides	Linear peptides	Polypeptides	434.0	7161	EB-MSV000090464-gnps_ms2	transferred	2	1079.6157	3.18	1079.6157	3.173757	0.0	-0.006	0.9017	ms2_tie	assigned
C27H39N5O6	[M + H]+	H-Gly-DL-Pro-DL-Phe-DL-Pro-DL-Leu-OH	CC(C)CC(C(=O)O)NC(=O)C1CCCN1C(=O)C(CC2=CC=CC=C2)NC(=O)C3CCCN3C(=O)CN	0.823	Amino acids and Peptides	Tripeptides	Carboxylic acids and derivatives	4918.0	7164	EB-MSV000090464-gnps_ms2	transferred	2	530.298	3.18	530.2971	2.954	-1.697	-0.226	0.896	ms2_winner	assigned
C32H46N6O7	[M + H]+	3-methyl-2-[(1-{2-[(1-{3-phenyl-2-[(pyrrolidin-2-yl)formamido]propanoyl}pyrrolidin-2-yl)formamido]acetyl}pyrrolidin-2-yl)formamido]pentanoic acid	CCC(C)C(C(=O)O)NC(=O)C1CCCN1C(=O)CNC(=O)C2CCCN2C(=O)C(CC3=CC=CC=C3)NC(=O)C4CCCN4	0.63	Amino acids and Peptides	Tripeptides	Carboxylic acids and derivatives	121.0	7166	EB-MSV000090464-gnps_ms2	transferred	2	627.3513	3.2	627.3511	3.19	-0.319	-0.01	1.0	ms2_tie	assigned
C47H72N12O10	[M + H]+	5,26-bis({1-[(2-methylbut-3-en-2-yl)oxy]ethyl})-2,23-bis(2-methylpropyl)-14-(propan-2-yl)-31-thia-3,6,12,15,21,24,27,32-octaazatetracyclo[27.2.1.0⁸,¹².0¹⁷,²¹]dotriacont-1(32)-ene-4,7,13,16,22,25,28-heptone	CC(C)CC1C2=NC(CS2)C(=O)NC(C(=O)NC(C(=O)N3CCCC3C(=O)NC(C(=O)N4CCCC4C(=O)NC(C(=O)N1)C(C)OC(C)(C)C=C)C(C)C)CC(C)C)C(C)OC(C)(C)C=C	0.941	Amino acids and Peptides	Cyclic peptides	Carboxylic acids and derivatives	1007.0	7170	EB-MSV000090464-gnps_ms2	transferred	1	965.5645	3.18	965.563	3.029242	-1.553	-0.151	0.9674	unique	assigned
C28H48N4O13	[M + H]+	3-methyl-2-[(1-{2-[(1-{3-phenyl-2-[(pyrrolidin-2-yl)formamido]propanoyl}pyrrolidin-2-yl)formamido]acetyl}pyrrolidin-2-yl)formamido]pentanoic acid	CCC(C)C(C(=O)O)NC(=O)C1CCCN1C(=O)CNC(=O)C2CCCN2C(=O)C(CC3=CC=CC=C3)NC(=O)C4CCCN4	0.335	Amino acids and Peptides	Tripeptides	Carboxylic acids and derivatives	5873.0	7177	EB-MSV000090464-gnps_ms2	transferred	2	649.3339	3.2	649.3356	3.195446	2.618	-0.005	0.9999	ms2_tie	assigned
C21H38N4O5	[M + H]+	H-DL-Pro-DL-Val-DL-Leu-DL-Val-OH	CC(C)CC(C(=O)NC(C(C)C)C(=O)O)NC(=O)C(C(C)C)NC(=O)C1CCCN1	0.337	Amino acids and Peptides	Tripeptides	Carboxylic acids and derivatives	4224.0	7178	EB-MSV000090464-gnps_ms2	transferred	1	427.2909	3.2	427.291	3.18931	0.234	-0.011	1.0	unique	assigned
C35H57N5O8	[M + Na]+	N-Benzoyl-L-norleucyl-L-lysyl-L-arginyl-L-arginine	CCCCC(C(=O)NC(CCCCN)C(=O)NC(CCCN=C(N)N)C(=O)NC(CCCN=C(N)N)C(=O)O)NC(=O)C1=CC=CC=C1	0.258	Amino acids and Peptides	Tripeptides	Carboxylic acids and derivatives	1371.0	7181	EB-MSV000090464-gnps_ms2	transferred	2	698.4084	3.21	698.4073	3.202078	-1.575	-0.008	0.9639	unique	assigned
C39H67N13O14	[M + H]+	H-Thr-Pro-Ile-Ser-Pro-Gly-Arg-Ala-Ser-Gly-OH	CCC(C)C(C(=O)NC(CO)C(=O)N1CCCC1C(=O)NCC(=O)NC(CCCN=C(N)N)C(=O)NC(C)C(=O)NC(CO)C(=O)NCC(=O)O)NC(=O)C2CCCN2C(=O)C(C(C)O)N	0.803	Amino acids and Peptides	Cyclic peptides	Polypeptides	2516.0	7184	EB-MSV000090464-gnps_ms2	transferred	2	942.51	3.21	942.5081	3.211	-2.016	0.001	0.9251	unique	assigned
C49H67N9O10	[M + H]+	2-[27-benzyl-12-(butan-2-yl)-21-[(4-hydroxyphenyl)methyl]-3-(2-methylpropyl)-2,5,11,14,20,23,26,29-octaoxo-1,4,10,13,19,22,25,28-octaazatetracyclo[28.3.0.0⁶,¹⁰.0¹⁵,¹⁹]tritriacontan-24-yl]acetamide	CCC(C)C1C(=O)N2CCCC2C(=O)NC(C(=O)N3CCCC3C(=O)NC(C(=O)NC(C(=O)NC(C(=O)N4CCCC4C(=O)N1)CC5=CC=C(C=C5)O)CC(=O)N)CC6=CC=CC=C6)CC(C)C	0.09	Amino acids and Peptides	Cyclic peptides	Carboxylic acids and derivatives	2516.0	7185	EB-MSV000090464-gnps_ms2	transferred	4	942.5147	3.21	942.5081	3.211	-7.003	0.001	1.0	ms2_winner	assigned
C50H58N6O8	[M + H]+	Ac-Pro-Val-Gln-Glu-Thr-Leu-His-al	CC(C)CC(C(=O)NC(CC1=CN=CN1)C=O)NC(=O)C(C(C)O)NC(=O)C(CCC(=O)O)NC(=O)C(CCC(=O)N)NC(=O)C(C(C)C)NC(=O)C2CCCN2C(=O)C	0.242	Amino acids and Peptides	Cyclic peptides	Carboxylic acids and derivatives		7188	EB-MSV000090464-gnps_ms2	transferred	2	871.4336	3.21							low_cosine
C29H42N6O7	[M + H]+	tert-butyl N-{1-[4-({2-methyl-1-[(4-methylphenyl)carbamoyl]propyl}carbamoyl)piperidin-1-yl]-1-oxo-3-phenylpropan-2-yl}carbamate	CC1=CC=C(C=C1)NC(=O)C(C(C)C)NC(=O)C2CCN(CC2)C(=O)C(CC3=CC=CC=C3)NC(=O)OC(C)(C)C	0.127	Amino acids and Peptides	Cyclic peptides	Carboxylic acids and derivatives		7192	EB-MSV000090464-gnps_ms2	transferred	3	587.3184	3.2							low_cosine
C41H56N8O10	[M + H]+	15-(butan-2-yl)-12,21-bis(1-hydroxyethyl)-9-(hydroxymethyl)-6,18-bis(2-methylpropyl)-hexacosahydropyrrolo[1,2-a]1,4,7,10,13,16,19,22-octaazacyclotetracosan-1,4,7,10,13,16,19,22-octone	CCC(C)C1C(=O)NC(C(=O)NC(C(=O)N2CCCC2C(=O)NCC(=O)NC(C(=O)NC(C(=O)NC(C(=O)N1)C(C)O)CO)CC(C)C)C(C)O)CC(C)C	0.109	Amino acids and Peptides	Cyclic peptides	Carboxylic acids and derivatives		7196	EB-MSV000090464-gnps_ms2	transferred	1	821.423	3.21							low_cosine
C48H68N14O10	[M + H]+	H-xiThr-Dab-Dab(1)-Dab-D-Phe-Leu-Dab-Dab-xiThr-(1)	CC(C)CC1C(=O)NC(C(=O)NC(C(=O)NC(C(=O)NCCC(C(=O)NC(C(=O)NC(C(=O)N1)CC2=CC=CC=C2)CCN)NC(=O)C(CCN)NC(=O)C(C(C)O)N)C(C)O)CCN)CCN	0.145	Amino acids and Peptides	RiPPs	Polypeptides	454.0	7199	EB-MSV000090464-gnps_ms2	transferred	1	1001.5248	3.21	1001.5247	3.131	-0.1	-0.079	0.9311	unique	assigned
C27H41N5O6	[M + H]+	H-Leu-Pro-Pro-Ile-Ala-OH	CCC(C)C(C(=O)NC(C)C(=O)O)NC(=O)C1CCCN1C(=O)C2CCCN2C(=O)C(CC(C)C)N	0.689	Amino acids and Peptides	Tripeptides	Carboxylic acids and derivatives	2003.0	7203	EB-MSV000090464-gnps_ms2	transferred	2	532.3131	3.22	532.3132	3.218198	0.188	-0.002	0.9926	unique	assigned
C50H68N8O12	[M + H]+	3-amino-3-({1-[(1-{[1-({1-[2-({4-carbamimidamido-1-[(1-carbamoyl-3-methylbutyl)carbamoyl]butyl}carbamoyl)pyrrolidin-1-yl]-3-hydroxy-1-oxopropan-2-yl}carbamoyl)-2-phenylethyl]carbamoyl}ethyl)carbamoyl]-2-phenylethyl}carbamoyl)propanoic acid	CC(C)CC(C(=O)N)NC(=O)C(CCCN=C(N)N)NC(=O)C1CCCN1C(=O)C(CO)NC(=O)C(CC2=CC=CC=C2)NC(=O)C(C)NC(=O)C(CC3=CC=CC=C3)NC(=O)C(CC(=O)O)N	0.398	Amino acids and Peptides	Cyclic peptides	Carboxylic acids and derivatives	7717.0	7204	EB-MSV000090464-gnps_ms2	transferred	3	973.4956	3.22	973.4935	3.203802	-2.157	-0.016	0.9999	unique	assigned
C18H33N3O4	[M + H]+	2-{[1-(2-amino-4-methylpentanoyl)piperidin-4-yl]formamido}-4-methylpentanoic acid	CC(C)CC(C(=O)N1CCC(CC1)C(=O)NC(CC(C)C)C(=O)O)N	0.73	Amino acids and Peptides	Tripeptides	Carboxylic acids and derivatives	3901.0	7210	EB-MSV000090464-gnps_ms2	transferred	3	356.2541	3.23	356.2543	3.228988	0.561	-0.001	0.9497	unique	assigned
C27H46N10O6	[M + Na]+	Unk-DL-Arg-DL-Val-DL-Arg-al	CC(C)C(C(=O)NC(CCCN=C(N)N)C=O)NC(=O)C(CCCN=C(N)N)NC(=O)NCCC1(CC=CC=C1)C(=O)O	0.089	Amino acids and Peptides	Cyclic peptides	Carboxylic acids and derivatives		7213	EB-MSV000090464-gnps_ms2	transferred	3	629.3555	3.21							no_ms2_candidate
C23H40N4O5	[M + H]+	(2S)-2-[[(2S)-3-methyl-2-[[1-[(E,2S,5S)-2-methyl-5-(methylamino)hex-3-enoyl]pyrrolidine-2-carbonyl]amino]butanoyl]amino]pentanoic acid	CCCC(C(=O)O)NC(=O)C(C(C)C)NC(=O)C1CCCN1C(=O)C(C)C=CC(C)NC	0.854	Amino acids and Peptides	Cyclic peptides	Carboxylic acids and derivatives	3804.0	7214	EB-MSV000090464-gnps_ms2	transferred	4	453.3061	3.23	453.3058	3.218938	-0.662	-0.011	0.9965	ms2_tie	assigned
C41H58N6O8	[M + H]+	(2S)-3-methyl-N-[(2S)-4-[3-[(3S)-3-[[(2S)-3-methyl-2-[(2-methylpropan-2-yl)oxyamino]butanoyl]amino]-2-oxo-4-phenylbutanoyl]-1,2-dihydroimidazol-5-yl]-3,4-dioxo-1-phenylbutan-2-yl]-2-[(2-methylpropan-2-yl)oxyamino]butanamide	CC(C)C(C(=O)NC(CC1=CC=CC=C1)C(=O)C(=O)C2=CN(CN2)C(=O)C(=O)C(CC3=CC=CC=C3)NC(=O)C(C(C)C)NOC(C)(C)C)NOC(C)(C)C	0.024	Amino acids and Peptides	Cyclic peptides	Carboxylic acids and derivatives	4986.0	7215	EB-MSV000090464-gnps_ms2	transferred	1	763.4369	3.23	763.4374	3.217148	0.655	-0.013	1.0	unique	assigned
C30H35N5O7	[M + H]+	Enkephalin L	CC(C)CC(C(=O)O)NC(=O)C(CC1=CC=CC=C1)NC(=O)CNC(=O)CNC(=O)C(CC2=CC=C(C=C2)O)N	0.264	Amino acids and Peptides	Tripeptides	Carboxylic acids and derivatives	10664.0	7232	EB-MSV000090464-gnps_ms2	transferred	1	578.2643	3.24	578.264	3.224496	-0.519	-0.016	1.0	unique	assigned
C34H45N5O7	[M + H]+	2-({1-[2-({1-[2-amino-3-(4-hydroxyphenyl)propanoyl]pyrrolidin-2-yl}formamido)-3-methylpentanoyl]pyrrolidin-2-yl}formamido)-3-phenylpropanoic acid	CCC(C)C(C(=O)N1CCCC1C(=O)NC(CC2=CC=CC=C2)C(=O)O)NC(=O)C3CCCN3C(=O)C(CC4=CC=C(C=C4)O)N	0.85	Amino acids and Peptides	Tripeptides	Carboxylic acids and derivatives	79.0	7238	EB-MSV000090464-gnps_ms2	transferred	3	636.337	3.24	636.337	3.231893	0.0	-0.008	0.9999	ms2_winner	assigned
C37H64N8O9	[M + H]+	Almiramide A	CC(C)C(C(=O)N(C)C(C)C(=O)N(C)C(CC1=CC=CC=C1)C(=O)N)NC(=O)C(C(C)C)N(C)C(=O)C(C(C)C)N(C)C(=O)C(C)CCCCC(=O)C	0.076	Amino acids and Peptides	Cyclic peptides	Carboxylic acids and derivatives	627.0	7245	EB-MSV000090464-gnps_ms2	transferred	3	765.4907	3.24	765.4919	3.246	1.568	0.006	1.0	ms2_winner	assigned
C64H100N18O15S	[M + H]+	H-Arg-Pro-Lys-Pro-Gln-Gln-Phe-Phe-DL-Ala-Leu-Met(O2)-NH2	CC(C)CC(C(=O)NC(CCS(=O)(=O)C)C(=O)N)NC(=O)C(C)NC(=O)C(CC1=CC=CC=C1)NC(=O)C(CC2=CC=CC=C2)NC(=O)C(CCC(=O)N)NC(=O)C(CCC(=O)N)NC(=O)C3CCCN3C(=O)C(CCCCN)NC(=O)C4CCCN4C(=O)C(CCCN=C(N)N)N		Amino acids and Peptides	RiPPs	Polypeptides		7254	EB-MSV000090464-gnps_ms2	transferred	0	1393.7343	3.25							no_match
C37H64N8O9	[M + H]+	Almiramide A	CC(C)C(C(=O)N(C)C(C)C(=O)N(C)C(CC1=CC=CC=C1)C(=O)N)NC(=O)C(C(C)C)N(C)C(=O)C(C(C)C)N(C)C(=O)C(C)CCCCC(=O)C	0.085	Amino acids and Peptides	Cyclic peptides	Carboxylic acids and derivatives	539.0	7256	EB-MSV000090464-gnps_ms2	transferred	4	765.4897	3.25	765.4826	3.245	-9.275	-0.005	1.0	ms2_tie	assigned
C49H65N7O7	[M + K]+	N-(3-{19-benzyl-22-[(1H-indol-3-yl)methyl]-2,8,11,17,20,23,26-heptaoxo-10-(propan-2-yl)-3,9,12,18,21,24,27-heptaazatetracyclo[25.3.0.0³,⁷.0¹²,¹⁶]triacontan-25-yl}propyl)guanidine	CC(C)C1C(=O)N2CCCC2C(=O)NC(C(=O)NC(C(=O)NC(C(=O)N3CCCC3C(=O)N4CCCC4C(=O)N1)CCCN=C(N)N)CC5=CNC6=CC=CC=C65)CC7=CC=CC=C7	0.451	Amino acids and Peptides	Cyclic peptides	Carboxylic acids and derivatives	237.0	7259	EB-MSV000090464-gnps_ms2	transferred	3	902.4591	3.25	902.4595	3.246	0.443	-0.004	1.0	unique	assigned
C45H67N9O12	[M + H]+	H-Val-Pro-Pro-Phe-Ile-Gln-Pro-Glu-OH	CCC(C)C(C(=O)NC(CCC(=O)N)C(=O)N1CCCC1C(=O)NC(CCC(=O)O)C(=O)O)NC(=O)C(CC2=CC=CC=C2)NC(=O)C3CCCN3C(=O)C4CCCN4C(=O)C(C(C)C)N	0.968	Amino acids and Peptides	Cyclic peptides	Carboxylic acids and derivatives	628.0	7265	EB-MSV000090464-gnps_ms2	transferred	1	926.4955	3.25	926.4958	3.247	0.324	-0.003	0.9999	unique	assigned
C35H57N5O8	[M + Na]+	Glycine, N-(2-((acetylthio)methyl)-1-oxo-3-phenylpropyl)-, 2-((1-oxodecyl)amino)-1-(((1-oxodecyl)amino)methyl)ethyl ester, (+-)-	CCCCCCCCCC(=O)NCC(CNC(=O)CCCCCCCCC)OC(=O)CNC(=O)C(CC1=CC=CC=C1)CSC(=O)C	0.045	Amino acids and Peptides	Cyclic peptides	Carboxylic acids and derivatives		7272	EB-MSV000090464-gnps_ms2	transferred	2	698.4072	3.27							low_cosine
C29H42N6O7S	[M + H]+	Casomorphin, trp(3)-	C1CC(N(C1)C(=O)C(CC2=CC=C(C=C2)O)N)C(=O)NC(CC3=CNC4=CC=CC=C43)C(=O)N5CCCC5C(=O)NCC(=O)O	0.763	Amino acids and Peptides	Tripeptides	Carboxylic acids and derivatives	6319.0	7279	EB-MSV000090464-gnps_ms2	transferred	2	619.2928	3.25	619.2925	3.2485	-0.484	-0.002	0.9999	unique	assigned
C12H27NO2	[M + H]+	Ethanol, 2,2'-(octylimino)bis-	CCCCCCCCN(CCO)CCO	0.915	Fatty acids	Sphingoid bases	Organonitrogen compounds	249.0	7281	EB-MSV000090464-gnps_ms2	transferred	1	218.2118	3.26	218.2119	3.265	0.458	0.005	1.0	unique	assigned
C32H48N6O8	[M + H]+	DES(2-oxo-tetrahydropyrimidinyl)-2-oxo-4-hydroxy-tetrahydropyrimidinyl lopinavir	CC1=C(C(=CC=C1)C)OCC(=O)NC(CC2=CC=CC=C2)C(CC(CC3=CC=CC=C3)NC(=O)C(C(C)C)N4CCC(NC4=O)O)O	0.409	Amino acids and Peptides	Cyclic peptides	Carboxylic acids and derivatives	4527.0	7301	EB-MSV000090464-gnps_ms2	transferred	3	645.3573	3.28	645.3618	3.203802	6.973	-0.076	1.0	ms2_tie	assigned
C32H57N7O15	[M + H]+	5-[4-hydroxy-3-(2-hydroxyethoxy)-5-(3-hydroxypropyl)phenyl]-11-(hydroxymethyl)-21-[(1H-indol-5-yl)methyl]-4-[(methylamino)methoxy]-4-[(methylamino)methyl]-6,12-dioxapentacyclo[12.8.0.0²,⁷.0⁸,¹³.0¹⁵,²⁰]docosa-1(14),2(7),8(13),15,17,19-hexaen-18-ol	CNCC1(CC2=C3CC(C4=C(C3=C5C(=C2OC1C6=CC(=C(C(=C6)OCCO)O)CCCO)CCC(O5)CO)C=CC(=C4)O)CC7=CC8=C(C=C7)NC=C8)OCNC	0.021	Amino acids and Peptides	Depsipeptides	Carboxylic acids and derivatives	1280.0	7305	EB-MSV000090464-gnps_ms2	transferred	2	780.3898	3.26	780.3893	3.261279	-0.641	0.001	1.0	ms2_winner	assigned
C35H43N3O5	[M + H]+	5,8,9-trimethyl-16-(prop-2-en-1-yl)-3,6-bis(propan-2-yl)-icosahydropyrrolo[1,2-d]1-oxa-4,7,10,13,16-pentaazacyclononadecane-1,4,7,10,14,17-hexone	CC1C(=O)NCCC(=O)OC(C(=O)N2CCCC2C(=O)NC(C(=O)N(C(C(=O)N1C)C(C)C)C)C(C)C)CC=C	0.3	Amino acids and Peptides	Cyclic peptides	Carboxylic acids and derivatives	7154.0	7321	EB-MSV000090464-gnps_ms2	transferred	2	586.3272	3.28	586.3269	3.266762	-0.512	-0.013	1.0	unique	assigned
C29H47N3O6S	[M + Na]+	benzyl 2-[(1-{[1-(tert-butoxy)-4-methyl-1-oxopentan-2-yl]carbamoyl}-2-phenylethyl)carbamoyl]pyrrolidine-1-carboxylate	CC(C)CC(C(=O)OC(C)(C)C)NC(=O)C(CC1=CC=CC=C1)NC(=O)C2CCCN2C(=O)OCC3=CC=CC=C3	0.382	Amino acids and Peptides	Tripeptides	Carboxylic acids and derivatives	1791.0	7328	EB-MSV000090464-gnps_ms2	transferred	4	588.3044	3.28	588.3046	3.276	0.34	-0.004	0.9999	ms2_tie	assigned
C37H61N5O9	[M + K]+	benzyl (3R)-4-[[(2S)-1-[(2S)-2-[[(2S)-1-amino-6-[(2-methylpropan-2-yl)oxycarbonylamino]-1-oxohexan-2-yl]carbamoyl]pyrrolidin-1-yl]-4-methyl-1-oxopentan-2-yl]amino]-3-benzyl-4-oxobutanoate	CC(C)CC(C(=O)N1CCCC1C(=O)NC(CCCCNC(=O)OC(C)(C)C)C(=O)N)NC(=O)C(CC2=CC=CC=C2)CC(=O)OCC3=CC=CC=C3	0.22	Amino acids and Peptides	Depsipeptides	Carboxylic acids and derivatives	12.0	7342	EB-MSV000090464-gnps_ms2	transferred	3	758.4102	3.28	758.4107	3.272686	0.659	-0.007	1.0	ms2_winner	assigned
C31H52N8O8	[M + Na]+	1-[(1-{2-[3-methoxy-5-oxo-2-(propan-2-yl)-2,5-dihydro-1H-pyrrole-1-carbonyl]pyrrolidin-1-yl}-3-methyl-1-oxobutan-2-yl)(methyl)carbamoyl]-2-methylbutyl 4-methyl-2-(N-methylacetamido)pentanoate	CCC(C)C(C(=O)N(C)C(C(C)C)C(=O)N1CCCC1C(=O)N2C(C(=CC2=O)OC)C(C)C)OC(=O)C(CC(C)C)N(C)C(=O)C	0.869	Amino acids and Peptides	Cyclic peptides	Carboxylic acids and derivatives	2681.0	7348	EB-MSV000090464-gnps_ms2	transferred	4	687.3815	3.28	687.3803	3.261966	-1.746	-0.018	0.9999	ms2_tie	assigned
C23H42N4O5	[M + H]+	Ile-Ile-Ile-Pro	CCC(C)C(C(=O)NC(C(C)CC)C(=O)NC(C(C)CC)C(=O)N1CCCC1C(=O)O)N	0.311	Amino acids and Peptides	Tripeptides	Carboxylic acids and derivatives	3183.0	7349	EB-MSV000090464-gnps_ms2	transferred	2	455.3221	3.29	455.3214	3.276	-1.537	-0.014	0.9999	unique	assigned
C25H38N4O5	[M + H]+	H-DL-Phe-DL-Val-DL-Pro-DL-Leu-OH	CC(C)CC(C(=O)O)NC(=O)C1CCCN1C(=O)C(C(C)C)NC(=O)C(CC2=CC=CC=C2)N	0.724	Amino acids and Peptides	Tripeptides	Carboxylic acids and derivatives	2027.0	7354	EB-MSV000090464-gnps_ms2	transferred	1	475.2912	3.28	475.2939	3.276	5.681	-0.004	0.9999	unique	assigned
C28H43N7O9	[M + H]+	Ac-L-Val-L-Val-[(3S)-2-Oxo-3-amino*pentanoyl]-D-Leu-L-Val-OH	CCC(C(=O)C(=O)NC(CC(C)C)C(=O)NC(C(C)C)C(=O)O)NC(=O)C(C(C)C)NC(=O)C(C(C)C)NC(=O)C	0.188	Amino acids and Peptides	Tripeptides	Carboxylic acids and derivatives	1727.0	7356	EB-MSV000090464-gnps_ms2	transferred	1	622.3225	3.28	622.3218	3.275	-1.125	-0.005	1.0	unique	assigned
C42H70N10O11	[M + H]+	H-Leu-Pro-Gln-Asn-Ile-Pro-Pro-Leu-OH	CCC(C)C(C(=O)N1CCCC1C(=O)N2CCCC2C(=O)NC(CC(C)C)C(=O)O)NC(=O)C(CC(=O)N)NC(=O)C(CCC(=O)N)NC(=O)C3CCCN3C(=O)C(CC(C)C)N	0.477	Amino acids and Peptides	Cyclic peptides	Carboxylic acids and derivatives	2309.0	7357	EB-MSV000090464-gnps_ms2	transferred	1	891.5293	3.28	891.5302	3.2695	1.01	-0.01	1.0	unique	assigned
C14H28N4O3	[M + H]+	(2S)-2-(8-deuteriooctanoylamino)-5-(diaminomethylideneamino)pentanoic acid	CCCCCCCC(=O)NC(CCCN=C(N)N)C(=O)O	0.637	Amino acids and Peptides	N-acyl amines	Carboxylic acids and derivatives	2193.0	7359	EB-MSV000090464-gnps_ms2	transferred	1	301.2243	3.29	301.2246	3.2765	0.996	-0.014	1.0	unique	assigned
C58H94N16O15S	[M + H]+	Calophycin	CCCCCCCCCCCCC(C)C1C(C(=O)NC(C(=O)NC(C(=O)NC(C(=O)NC(C(=O)NC(C(=O)NCC(=O)NC(C(=O)N(C(C(=O)N2CCCC2C(=O)N1)CC(=O)N)C)CCCN=C(N)N)CCC(=O)N)CC(=O)N)CC(=O)O)C)C(C)C)O		Amino acids and Peptides	Cyclic peptides	Carboxylic acids and derivatives	487.0	7371	EB-MSV000090464-gnps_ms2	transferred	1	1287.6973	3.29	1287.6956	3.276176	-1.32	-0.014	1.0	unique	assigned
C42H57N13O8	[M + H]+	H-Thr-Val-Pro-Thr-Ala-Pro-Pro-Pro-Ala-OH	CC(C)C(C(=O)N1CCCC1C(=O)NC(C(C)O)C(=O)NC(C)C(=O)N2CCCC2C(=O)N3CCCC3C(=O)N4CCCC4C(=O)NC(C)C(=O)O)NC(=O)C(C(C)O)N	0.879	Amino acids and Peptides	Linear peptides	Carboxylic acids and derivatives		7392	EB-MSV000090464-gnps_ms2	transferred	2	872.4547	3.31							low_cosine
C50H74N16O10	[M + H]+	Bradykininamide	C1CC(N(C1)C(=O)C2CCCN2C(=O)C(CCCN=C(N)N)N)C(=O)NCC(=O)NC(CC3=CC=CC=C3)C(=O)NC(CO)C(=O)N4CCCC4C(=O)NC(CC5=CC=CC=C5)C(=O)NC(CCCN=C(N)N)C(=O)N	0.702	Amino acids and Peptides	Cyclic peptides	Carboxylic acids and derivatives	282.0	7406	EB-MSV000090464-gnps_ms2	transferred	1	1059.5938	3.3	1059.5944	3.292	0.566	-0.008	1.0	unique	assigned
C30H53N11O13	[M + H]+	3-[9-benzyl-12,18-bis(butan-2-yl)-2,8,11,14,17,20,23-heptaoxo-1,7,10,13,16,19,22-heptaazatricyclo[22.3.0.0³,⁷]heptacosan-21-yl]propanoic acid	CCC(C)C1C(=O)NC(C(=O)N2CCCC2C(=O)N3CCCC3C(=O)NC(C(=O)NC(C(=O)NCC(=O)N1)C(C)CC)CCC(=O)O)CC4=CC=CC=C4	0.805	Amino acids and Peptides	Tripeptides	Carboxylic acids and derivatives	3991.0	7414	EB-MSV000090464-gnps_ms2	transferred	2	776.3949	3.3	776.3958	3.275	1.159	-0.025	1.0	ms2_tie	assigned
C24H43N5O7	[M + K]+	H-Ala-Phe-Ala-Phe-Pro-OH	CC(C(=O)NC(CC1=CC=CC=C1)C(=O)NC(C)C(=O)NC(CC2=CC=CC=C2)C(=O)N3CCCC3C(=O)O)N	0.803	Amino acids and Peptides	Tripeptides	Carboxylic acids and derivatives	1895.0	7415	EB-MSV000090464-gnps_ms2	transferred	2	552.2808	3.31	552.2806	3.308533	-0.362	-0.001	1.0	ms2_tie	assigned
C27H39N5O6	[M + H]+	benzyl 4-[2-({1-[(carbamoylmethyl)carbamoyl]-3-methylbutyl}carbamoyl)pyrrolidine-1-carbonyl]piperidine-1-carboxylate	CC(C)CC(C(=O)NCC(=O)N)NC(=O)C1CCCN1C(=O)C2CCN(CC2)C(=O)OCC3=CC=CC=C3	0.379	Amino acids and Peptides	Tripeptides	Carboxylic acids and derivatives	6.0	7445	EB-MSV000090464-gnps_ms2	transferred	2	530.2978	3.32	530.298	3.307	0.377	-0.013	1.0	ms2_winner	assigned
C46H60N4O11	[M + H]+	3-[2-(2-{[6-tert-butyl-14,14-dimethyl-1,4,10-trioxo-3-(propan-2-yl)-tetradecahydropyrrolo[1,2-a]1,4,7,10-tetraazacyclododecan-7-ylidene]amino}-3,3-dimethylbutanamido)-3-phenylbutanamido]-3-(1,3-thiazol-2-yl)propanoic acid	CC(C)C1C(=O)NC(C(=NCC(=O)N2CCC(C2C(=O)N1)(C)C)NC(C(=O)NC(C(C)C3=CC=CC=C3)C(=O)NC(CC(=O)O)C4=NC=CS4)C(C)(C)C)C(C)(C)C	0.094	Amino acids and Peptides	Cyclic peptides	Carboxylic acids and derivatives		7455	EB-MSV000090464-gnps_ms2	transferred	1	845.4375	3.32							low_cosine
C78H103N5O11S2	[M + H]+	4-(15'-{3-[3-(3-cyano-1H-pyrrol-1-yl)-4-hydroxy-2-(methoxymethyl)butyl]-4-(prop-2-en-1-yl)phenoxy}-3'-(2-{7-cyclopentyl-3-hydroxy-5-azatetracyclo[6.6.2.0⁴,¹⁶.0¹¹,¹⁵]hexadeca-1(15),8(16),9,11,13-pentaen-6-yl}ethyl)-7',7a,16',17'-tetrahydroxy-12'-(3-hydroxypropyl)-1,2,3,3a,4,5,6,6a,7,7a,8,10,11,11a-tetradecahydro-2',11',14'-trioxaspiro[cyclopenta[f]fluorene-9,5'-tricyclo[11.2.2.1¹,⁶]octadecan]-3'-en-9'-yn-6-yl)benzoic acid	COCC(CC1=C(C=CC(=C1)OC2C34CC(C(CC#COC(C(O2)C(C3O)O)CCCO)O)C5(CCC6C78CCCC7CCC(C8CC6(C5)O)C9=CC=C(C=C9)C(=O)O)C=C(O4)CCC1C(C2=C3C(N1)C(CC1=CC=CC(=C13)C=C2)O)C1CCCC1)CC=C)C(CO)N1C=CC(=C1)C#N	0.016	Polyketides	Depsipeptides	Carboxylic acids and derivatives	621.0	7461	EB-MSV000090464-gnps_ms2	transferred	1	1350.7306	3.33	1350.7302	3.321	-0.296	-0.009	0.9995	unique	assigned
C35H55N7O8	[M + Na]+	H-Pro-Val-Lys-Val-Tyr-Pro-OH	CC(C)C(C(=O)NC(CCCCN)C(=O)NC(C(C)C)C(=O)NC(CC1=CC=C(C=C1)O)C(=O)N2CCCC2C(=O)O)NC(=O)C3CCCN3	0.366	Amino acids and Peptides	Cyclic peptides	Carboxylic acids and derivatives	603.0	7469	EB-MSV000090464-gnps_ms2	transferred	3	724.4062	3.33	724.4064	3.3085	0.276	-0.022	1.0	ms2_tie	assigned
C41H62N6O10	[M + Na]+	Tyr-D-Ser(OtBu)-Gly-Phe-Leu-Thr(OtBu)	CC(C)CC(C(=O)NC(C(C)OC(C)(C)C)C(=O)O)NC(=O)C(CC1=CC=CC=C1)NC(=O)CNC(=O)C(COC(C)(C)C)NC(=O)C(CC2=CC=C(C=C2)O)N	0.08	Amino acids and Peptides	Cyclic peptides	Carboxylic acids and derivatives	285.0	7472	EB-MSV000090464-gnps_ms2	transferred	1	821.4447	3.33	821.4453	3.322	0.73	-0.008	0.9999	unique	assigned
C29H58N10O9	[M + H]+	Unk-D-Pro-Lys-OcHex	CC(C)CC(C=CC(CC1=CC=CC=C1)C(=O)N2CCCC2C(=O)NC(CCCCN)C(=O)OC3CCCCC3)NC(=O)OC(C)(C)C	0.163	Amino acids and Peptides	Cyclic peptides	Carboxylic acids and derivatives		7475	EB-MSV000090464-gnps_ms2	transferred	1	691.4391	3.35							low_cosine
C50H58N4O8	[M + H]+	H-Ser-Met-Pro-Glu-Leu-Ser-Pro-Val-al	CC(C)CC(C(=O)NC(CO)C(=O)N1CCCC1C(=O)NC(C=O)C(C)C)NC(=O)C(CCC(=O)O)NC(=O)C2CCCN2C(=O)C(CCSC)NC(=O)C(CO)N	0.334	Amino acids and Peptides	RiPPs	Carboxylic acids and derivatives	1543.0	7476	EB-MSV000090464-gnps_ms2	transferred	2	843.4232	3.33	843.4251	3.323	2.253	-0.007	0.8433	unique	assigned
C49H65N7O7	[M + K]+	N-(3-{19-benzyl-22-[(1H-indol-3-yl)methyl]-2,8,11,17,20,23,26-heptaoxo-10-(propan-2-yl)-3,9,12,18,21,24,27-heptaazatetracyclo[25.3.0.0³,⁷.0¹²,¹⁶]triacontan-25-yl}propyl)guanidine	CC(C)C1C(=O)N2CCCC2C(=O)NC(C(=O)NC(C(=O)NC(C(=O)N3CCCC3C(=O)N4CCCC4C(=O)N1)CCCN=C(N)N)CC5=CNC6=CC=CC=C65)CC7=CC=CC=C7	0.498	Amino acids and Peptides	Cyclic peptides	Carboxylic acids and derivatives	237.0	7480	EB-MSV000090464-gnps_ms2	transferred	3	902.4592	3.33	902.4595	3.246	0.332	-0.084	0.975	unique	assigned
C36H65N9O12	[M + Na]+	H-Pro-Pro-Pro-Val-Pro-Pro-Arg-NHiPr	CC(C)C(C(=O)N1CCCC1C(=O)N2CCCC2C(=O)NC(CCCN=C(N)N)C(=O)NC(C)C)NC(=O)C3CCCN3C(=O)C4CCCN4C(=O)C5CCCN5	0.7	Amino acids and Peptides	Cyclic peptides	Carboxylic acids and derivatives	700.0	7483	EB-MSV000090464-gnps_ms2	transferred	3	838.4643	3.33	838.4634	3.323	-1.073	-0.007	0.9999	ms2_tie	assigned
C11H20N2O3	[M + H]+	4-methyl-2-[(pyrrolidin-2-yl)formamido]pentanoic acid	CC(C)CC(C(=O)O)NC(=O)C1CCCN1	0.743	Amino acids and Peptides	Dipeptides	Carboxylic acids and derivatives		7485	EB-MSV000090464-gnps_ms2	transferred	2	229.1543	3.33							no_ms2_candidate
C29H45N7O7	[M + H]+	H-Ala-Val-Pro-Ile-Ala-Gln-al	CCC(C)C(C(=O)NC(C)C(=O)NC(CCC(=O)N)C=O)NC(=O)C1CCCN1C(=O)C(C(C)C)NC(=O)C(C)N	0.944	Amino acids and Peptides	Tripeptides	Carboxylic acids and derivatives	3330.0	7490	EB-MSV000090464-gnps_ms2	transferred	1	604.3442	3.33	604.3439	3.3225	-0.496	-0.008	0.8296	unique	assigned
C40H60N8O11	[M + H]+	Microphycin Al828	CCC(C)C1C(=O)NCC(=O)NC(C(=O)NC(C(=O)NCC(=O)NC(C(=O)N2CCCC2C(=O)NC(C(=O)N1)CCC(=O)O)CC(C)C)CC3=CC=C(C=C3)O)C(C)C	0.347	Amino acids and Peptides	Cyclic peptides	Carboxylic acids and derivatives	1484.0	7506	EB-MSV000090464-gnps_ms2	transferred	2	829.4425	3.34	829.4409	3.337	-1.929	-0.003	1.0	unique	assigned
C35H62N12O13	[M + H]+	Psammosilenin B	CCC(C)C1C(=O)N2CCCC2C(=O)NCC(=O)NC(C(=O)NC(C(=O)N3CCCC3C(=O)NC(C(=O)NC(C(=O)N1)C(C)O)CC4=CC=CC=C4)C(C)C)CC5=CC=CC=C5	0.491	Amino acids and Peptides	Cyclic peptides	Carboxylic acids and derivatives	1733.0	7510	EB-MSV000090464-gnps_ms2	transferred	2	859.4597	3.34	859.4608	3.339	1.28	-0.001	0.9999	unique	assigned
C46H58N4O8	[M + H]+	Ac-Val-Thr-Pro-Val-Ser(PrOH)-Thr-Ala-NH2	CC(C)C(C(=O)NC(C(C)O)C(=O)N1CCCC1C(=O)NC(C(C)C)C(=O)NC(COCCCO)C(=O)NC(C(C)O)C(=O)NC(C)C(=O)N)NC(=O)C	0.18	Amino acids and Peptides	Linear peptides	Carboxylic acids and derivatives	1090.0	7515	EB-MSV000090464-gnps_ms2	transferred	1	795.4311	3.35	795.43	3.338	-1.383	-0.012	1.0	unique	assigned
C34H45N5O7	[M + H]+	2-({1-[2-({1-[2-amino-3-(4-hydroxyphenyl)propanoyl]pyrrolidin-2-yl}formamido)-3-methylpentanoyl]pyrrolidin-2-yl}formamido)-3-phenylpropanoic acid	CCC(C)C(C(=O)N1CCCC1C(=O)NC(CC2=CC=CC=C2)C(=O)O)NC(=O)C3CCCN3C(=O)C(CC4=CC=C(C=C4)O)N	0.892	Amino acids and Peptides	Anabaenopeptins	Carboxylic acids and derivatives	701.0	7520	EB-MSV000090464-gnps_ms2	transferred	3	636.3373	3.33	636.3433	3.266	9.429	-0.064	0.9856	ms2_winner	assigned
C42H73N9O10	[M + H]+	3,15-bis(butan-2-yl)-24-(hydroxymethyl)-6,9,18-tris(2-methylpropyl)-octacosahydro-1H-pyrrolo[1,2-a]1,4,7,10,13,16,19,22,25-nonaazacycloheptacosane-1,4,7,10,13,16,19,22,25-nonone	CCC(C)C1C(=O)NC(C(=O)NCC(=O)NC(C(=O)N2CCCC2C(=O)NC(C(=O)NC(C(=O)NC(C(=O)NCC(=O)N1)CC(C)C)CC(C)C)C(C)CC)CO)CC(C)C		Amino acids and Peptides	Cyclic peptides	Carboxylic acids and derivatives		7532	EB-MSV000090464-gnps_ms2	transferred	2	864.5584	3.35							low_cosine
C32H52N8O10	[M + K]+	Tunicyclin B	CC(C)CC1C(=O)NC(C(=O)NCC(=O)NC(C(=O)N2CCCC2C(=O)NC(C(=O)NC(=CC3=CNC4=CC=CC=C43)C(=O)N1)CO)CO)C(C)C	0.122	Amino acids and Peptides	Cyclic peptides	Carboxylic acids and derivatives	1541.0	7546	EB-MSV000090464-gnps_ms2	transferred	1	747.3397	3.36	747.3393	3.355	-0.535	-0.005	0.9999	unique	assigned
C23H36N6O4	[M + H]+	2-[[(2R)-1-[(2S)-2-[(5-carbamimidoyl-1-methylpyrrol-2-yl)methylcarbamoyl]pyrrolidin-1-yl]-3-cyclohexyl-1-oxopropan-2-yl]amino]acetic acid	CN1C(=CC=C1C(=N)N)CNC(=O)C2CCCN2C(=O)C(CC3CCCCC3)NCC(=O)O	0.127	Amino acids and Peptides	Tripeptides	Carboxylic acids and derivatives	516.0	7550	EB-MSV000090464-gnps_ms2	transferred	1	461.287	3.36	461.2866	3.356	-0.867	-0.004	0.9999	unique	assigned
C32H58N8O7	[M + Na]+	H-Lys-Pro-Val-Lys-Pro-Val-OH	CC(C)C(C(=O)NC(CCCCN)C(=O)N1CCCC1C(=O)NC(C(C)C)C(=O)O)NC(=O)C2CCCN2C(=O)C(CCCCN)N	0.928	Amino acids and Peptides	Tripeptides	Carboxylic acids and derivatives	150.0	7560	EB-MSV000090464-gnps_ms2	transferred	1	689.4344	3.37	689.4341	3.371	-0.435	0.001	1.0	unique	assigned
C39H53N7O10	[M + H]+	Ac-TPAAFAY-NH2	CC(C(C(=O)N1CCCC1C(=O)NC(C)C(=O)NC(C)C(=O)NC(CC2=CC=CC=C2)C(=O)NC(C)C(=O)NC(CC3=CC=C(C=C3)O)C(=O)C)NC(=O)C)O	0.481	Amino acids and Peptides	Linear peptides	Carboxylic acids and derivatives	6805.0	7569	EB-MSV000090464-gnps_ms2	transferred	2	780.3888	3.37	780.3895	3.372	0.897	0.002	0.8548	ms2_winner	assigned
C50H68N10O12	[M + H]+	Tyr-Pro-Phe-Pro-Gly-Pro-Ile-Pro-Asn	CCC(C)C(C(=O)N1CCCC1C(=O)NC(CC(=O)N)C(=O)O)NC(=O)C2CCCN2C(=O)CNC(=O)C3CCCN3C(=O)C(CC4=CC=CC=C4)NC(=O)C5CCCN5C(=O)C(CC6=CC=C(C=C6)O)N	0.78	Amino acids and Peptides	Cyclic peptides	Carboxylic acids and derivatives	333.0	7575	EB-MSV000090464-gnps_ms2	transferred	2	1001.5096	3.37	1001.5106	3.364506	0.998	-0.005	0.9999	unique	assigned
C45H75N11O13	[M + H]+	H-Leu-Leu-Phe-Gly-Tyr-Pro-Val-Ala-Val-OH	CC(C)CC(C(=O)NC(CC(C)C)C(=O)NC(CC1=CC=CC=C1)C(=O)NCC(=O)NC(CC2=CC=C(C=C2)O)C(=O)N3CCCC3C(=O)NC(C(C)C)C(=O)NC(C)C(=O)NC(C(C)C)C(=O)O)N	0.196	Amino acids and Peptides	Cyclic peptides	Carboxylic acids and derivatives	1687.0	7582	EB-MSV000090464-gnps_ms2	transferred	3	978.5641	3.37	978.5569	3.345	-7.358	-0.025	0.9938	ms2_tie	assigned
C50H75N9O11	[M + H]+	H-Leu-Leu-Phe-Gly-Tyr-Pro-Val-Ala-Val-OH	CC(C)CC(C(=O)NC(CC(C)C)C(=O)NC(CC1=CC=CC=C1)C(=O)NCC(=O)NC(CC2=CC=C(C=C2)O)C(=O)N3CCCC3C(=O)NC(C(C)C)C(=O)NC(C)C(=O)NC(C(C)C)C(=O)O)N	0.199	Amino acids and Peptides	Cyclic peptides	Carboxylic acids and derivatives	1421.0	7583	EB-MSV000090464-gnps_ms2	transferred	2	978.5667	3.37	978.5688	3.371	2.146	0.001	0.9999	ms2_tie	assigned
C40H66N6O9	[M + Na]+	H-Gly-Lys-Val-Leu-Val-Gln-Pro-Gly-OH	CC(C)CC(C(=O)NC(C(C)C)C(=O)NC(CCC(=O)N)C(=O)N1CCCC1C(=O)NCC(=O)O)NC(=O)C(C(C)C)NC(=O)C(CCCCN)NC(=O)CN	0.099	Amino acids and Peptides	Cyclic peptides	Carboxylic acids and derivatives	559.0	7586	EB-MSV000090464-gnps_ms2	transferred	2	797.4767	3.38	797.4753	3.373	-1.756	-0.007	0.8927	unique	assigned
C40H60N8O11	[M + H]+	Microphycin Al828	CCC(C)C1C(=O)NCC(=O)NC(C(=O)NC(C(=O)NCC(=O)NC(C(=O)N2CCCC2C(=O)NC(C(=O)N1)CCC(=O)O)CC(C)C)CC3=CC=C(C=C3)O)C(C)C	0.382	Amino acids and Peptides	Cyclic peptides	Carboxylic acids and derivatives	1484.0	7595	EB-MSV000090464-gnps_ms2	transferred	3	829.4438	3.36	829.4409	3.337	-3.496	-0.023	0.9513	unique	assigned
C12H27NO2	[M + H]+	Ethanol, 2,2'-(octylimino)bis-	CCCCCCCCN(CCO)CCO	0.925	Fatty acids	Sphingoid bases	Organonitrogen compounds		7597	EB-MSV000090464-gnps_ms2	transferred	1	218.2117	3.37							low_cosine
C36H65N9O12	[M + Na]+	H-Pro-Pro-Pro-Val-Pro-Pro-Arg-NHiPr	CC(C)C(C(=O)N1CCCC1C(=O)N2CCCC2C(=O)NC(CCCN=C(N)N)C(=O)NC(C)C)NC(=O)C3CCCN3C(=O)C4CCCN4C(=O)C5CCCN5	0.284	Amino acids and Peptides	Cyclic peptides	Carboxylic acids and derivatives	5940.0	7600	EB-MSV000090464-gnps_ms2	transferred	3	838.4659	3.39	838.4686	3.420629	3.22	0.031	0.9994	ms2_tie	assigned
C32H46N6O7	[M + H]+	3-methyl-2-[(1-{2-[(1-{3-phenyl-2-[(pyrrolidin-2-yl)formamido]propanoyl}pyrrolidin-2-yl)formamido]acetyl}pyrrolidin-2-yl)formamido]pentanoic acid	CCC(C)C(C(=O)O)NC(=O)C1CCCN1C(=O)CNC(=O)C2CCCN2C(=O)C(CC3=CC=CC=C3)NC(=O)C4CCCN4	0.926	Amino acids and Peptides	Tripeptides	Carboxylic acids and derivatives	663.0	7603	EB-MSV000090464-gnps_ms2	transferred	3	627.3512	3.38	627.3511	3.382377	-0.159	0.002	0.9854	ms2_tie	assigned
C44H66N6O5	[M + K]+	H-Arg-Orn-Pro-Tyr-Ile-Leu-OH	CCC(C)C(C(=O)NC(CC(C)C)C(=O)O)NC(=O)C(CC1=CC=C(C=C1)O)NC(=O)C2CCCN2C(=O)C(CCCN)NC(=O)C(CCCN=C(N)N)N	0.084	Amino acids and Peptides	Tripeptides	Carboxylic acids and derivatives	728.0	7607	EB-MSV000090464-gnps_ms2	transferred	3	797.4746	3.38	797.4668	3.389943	-9.781	0.01	0.9999	ms2_tie	assigned
C40H60N8O8	[M + H]+	2-[21-benzyl-18-(butan-2-yl)-15-(2-methylpropyl)-2,5,8,14,17,20,23-heptaoxo-6-(propan-2-yl)-1,4,7,13,16,19,22-heptaazatricyclo[22.3.0.0⁹,¹³]heptacosan-3-yl]acetamide	CCC(C)C1C(=O)NC(C(=O)N2CCCC2C(=O)NC(C(=O)NC(C(=O)N3CCCC3C(=O)NC(C(=O)N1)CC4=CC=CC=C4)CC(=O)N)C(C)C)CC(C)C	0.373	Amino acids and Peptides	Cyclic peptides	Carboxylic acids and derivatives		7611	EB-MSV000090464-gnps_ms2	transferred	2	781.4498	3.39							low_cosine
C27H39N5O6	[M + H]+	benzyl 4-[2-({1-[(carbamoylmethyl)carbamoyl]-3-methylbutyl}carbamoyl)pyrrolidine-1-carbonyl]piperidine-1-carboxylate	CC(C)CC(C(=O)NCC(=O)N)NC(=O)C1CCCN1C(=O)C2CCN(CC2)C(=O)OCC3=CC=CC=C3	0.453	Amino acids and Peptides	Tripeptides	Carboxylic acids and derivatives	6.0	7615	EB-MSV000090464-gnps_ms2	transferred	2	530.2977	3.38	530.298	3.307	0.566	-0.073	0.9526	ms2_winner	assigned
C34H61N5O8	[M + Na]+	Sf-1902-A4B	CCCCCCCCC1C(C(=O)N(C(C(=O)NC(C(=O)NC(C(=O)NC(C(=O)CNC(=O)O1)C(C)C)CO)C(C)C)C(C)CC)C)C	0.1	Amino acids and Peptides	Cyclic peptides	Carboxylic acids and derivatives		7620	EB-MSV000090464-gnps_ms2	transferred	1	690.4399	3.38							low_cosine
C34H60N8O12	[M + Na]+	H-Ile-Gly-Glu-Leu-Ser-Leu-Ala-Ala-OH	CCC(C)C(C(=O)NCC(=O)NC(CCC(=O)O)C(=O)NC(CC(C)C)C(=O)NC(CO)C(=O)NC(CC(C)C)C(=O)NC(C)C(=O)NC(C)C(=O)O)N	0.272	Amino acids and Peptides	Tripeptides	Carboxylic acids and derivatives	1090.0	7631	EB-MSV000090464-gnps_ms2	transferred	1	795.4286	3.41	795.43	3.338	1.76	-0.072	0.9994	unique	assigned
C75H116N12O20	[M + H]+	Bactenecin	CCC(C)C1C(=O)NC(C(=O)NC(C(=O)NC(C(=O)NC(C(=O)NC(C(=O)NC(CSSCC(C(=O)NC(C(=O)N1)CCCN=C(N)N)NC(=O)C(CC(C)C)NC(=O)C(CCCN=C(N)N)N)C(=O)NC(CCCN=C(N)N)C(=O)O)C(C)C)CCCN=C(N)N)C(C)CC)C(C)C)C(C)C	0.089	Amino acids and Peptides	Cyclic peptides	Polypeptides	2619.0	7637	EB-MSV000090464-gnps_ms2	transferred	1	1505.8498	3.4	1505.8463	3.394638	-2.324	-0.005	1.0	unique	assigned
C11H20N2O3	[M + H]+	4-methyl-2-[(pyrrolidin-2-yl)formamido]pentanoic acid	CC(C)CC(C(=O)O)NC(=O)C1CCCN1	0.757	Amino acids and Peptides	Dipeptides	Carboxylic acids and derivatives		7643	EB-MSV000090464-gnps_ms2	transferred	2	229.1544	3.39							no_ms2_candidate
C73H119N13O18	[M + K]+	Omphalotin D	CCC(C)C1C(=O)N(C(C(=O)N(C(C(=O)N(CC(=O)N(C(C(=O)N(C(C(=O)N(C(C(=O)NC(C(=O)N(C(C(=O)N(CC(=O)N2C(CC3(C2NC4=CC=CC=C43)O)C(=O)N(C(C(=O)N1)C(C)C)C)C)C(C)CC)C)C(C)C)OC(=O)C)C)C(C)C(C)OC(=O)C)C)C(C)(C)O)C)C)C(C)C)C)C(C)C)C		Amino acids and Peptides	Cyclic peptides	Polypeptides	2519.0	7646	EB-MSV000090464-gnps_ms2	transferred	1	1504.832	3.4	1504.8311	3.392193	-0.598	-0.008	0.9542	unique	assigned
C47H78N6O16	[M + H]+	H-Ser-Leu-Phe-Asn-Thr-Ile-Ala-Val-Leu-al	CCC(C)C(C(=O)NC(C)C(=O)NC(C(C)C)C(=O)NC(CC(C)C)C=O)NC(=O)C(C(C)O)NC(=O)C(CC(=O)N)NC(=O)C(CC1=CC=CC=C1)NC(=O)C(CC(C)C)NC(=O)C(CO)N	0.28	Amino acids and Peptides	Linear peptides	Polypeptides	4306.0	7647	EB-MSV000090464-gnps_ms2	transferred	2	983.5602	3.41	983.5585	3.408481	-1.728	-0.002	0.8816	ms2_winner	assigned
C25H36N4O5	[M + H]+	Ile-Phe-Pro-Pro	CCC(C)C(C(=O)NC(CC1=CC=CC=C1)C(=O)N2CCCC2C(=O)N3CCCC3C(=O)O)N	0.968	Amino acids and Peptides	Tripeptides	Carboxylic acids and derivatives		7648	EB-MSV000090464-gnps_ms2	transferred	3	473.2755	3.41							low_cosine
C24H43N5O7	[M + K]+	H-Ala-Phe-Ala-Phe-Pro-OH	CC(C(=O)NC(CC1=CC=CC=C1)C(=O)NC(C)C(=O)NC(CC2=CC=CC=C2)C(=O)N3CCCC3C(=O)O)N	0.797	Amino acids and Peptides	Tripeptides	Carboxylic acids and derivatives	4458.0	7656	EB-MSV000090464-gnps_ms2	transferred	2	552.2807	3.41	552.2806	3.405611	-0.181	-0.004	0.9733	ms2_tie	assigned
C50H74N16O10	[M + H]+	Bradykininamide	C1CC(N(C1)C(=O)C2CCCN2C(=O)C(CCCN=C(N)N)N)C(=O)NCC(=O)NC(CC3=CC=CC=C3)C(=O)NC(CO)C(=O)N4CCCC4C(=O)NC(CC5=CC=CC=C5)C(=O)NC(CCCN=C(N)N)C(=O)N	0.643	Amino acids and Peptides	Cyclic peptides	Carboxylic acids and derivatives	5874.0	7660	EB-MSV000090464-gnps_ms2	transferred	2	1059.5868	3.42	1059.5811	3.421708	-5.379	0.002	0.9894	ms2_winner	assigned
C41H62N6O10	[M + Na]+	but-2-enoyl-DL-Ser(tBu)-DL-Tyr(tBu)-Gly-DL-Ala-DL-Pro-DL-Ala(Unk)-OMe	CC=CCC(C(=O)OC)NC(=O)C1CCCN1C(=O)C(C)NC(=O)CNC(=O)C(CC2=CC=C(C=C2)OC(C)(C)C)NC(=O)C(COC(C)(C)C)NC(=O)C=CC	0.711	Amino acids and Peptides	Cyclic peptides	Carboxylic acids and derivatives	285.0	7674	EB-MSV000090464-gnps_ms2	transferred	1	821.4447	3.42	821.4453	3.322	0.73	-0.098	0.9956	unique	assigned
C50H75N13O11	[M + Na]+	H-Asn-Ser-Arg-Phe-Pro-Thr-Ser-Ile-Ile-OH	CCC(C)C(C(=O)NC(C(C)CC)C(=O)O)NC(=O)C(CO)NC(=O)C(C(C)O)NC(=O)C1CCCN1C(=O)C(CC2=CC=CC=C2)NC(=O)C(CCCN=C(N)N)NC(=O)C(CO)NC(=O)C(CC(=O)N)N	0.228	Amino acids and Peptides	Cyclic peptides	Carboxylic acids and derivatives	699.0	7679	EB-MSV000090464-gnps_ms2	transferred	1	1056.5582	3.42	1056.5582	3.425677	0.0	0.006	1.0	unique	assigned
C38H66N14O16	[M + H]+	(2S)-2-[[(2R)-2-[[(2S)-2-[[(2R)-2-amino-3-hydroxypropanoyl]amino]-5-(diaminomethylideneamino)pent-4-enoyl]amino]-3-hydroxypropanoyl]amino]-5-[formyl(hydroxy)amino]-N-[(3S,6S,9S,12S)-9-[3-[formyl(hydroxy)amino]propyl]-3,6-bis[(1R)-1-hydroxyethyl]-2,5,8,11-tetraoxo-1,4,7,10-tetrazacyclohexadec-12-yl]pentanamide	CC(C1C(=O)NC(C(=O)NCCCCC(C(=O)NC(C(=O)N1)CCCN(C=O)O)NC(=O)C(CCCN(C=O)O)NC(=O)C(CO)NC(=O)C(CC=CN=C(N)N)NC(=O)C(CO)N)C(C)O)O	0.092	Amino acids and Peptides	Cyclic peptides	Carboxylic acids and derivatives	4445.0	7680	EB-MSV000090464-gnps_ms2	transferred	1	975.483	3.42	975.4849	3.423762	1.948	0.004	1.0	unique	assigned
C34H52N6O7	[M + H]+	H-Val-Val-Val-Pro-Pro-Phe-OH	CC(C)C(C(=O)NC(C(C)C)C(=O)NC(C(C)C)C(=O)N1CCCC1C(=O)N2CCCC2C(=O)NC(CC3=CC=CC=C3)C(=O)O)N	0.761	Amino acids and Peptides	Cyclic peptides	Carboxylic acids and derivatives	1344.0	7685	EB-MSV000090464-gnps_ms2	transferred	1	657.399	3.43	657.399	3.425341	0.0	-0.005	0.9968	unique	assigned
C36H65N9O12	[M + Na]+	H-Pro-Pro-Pro-Val-Pro-Pro-Arg-NHiPr	CC(C)C(C(=O)N1CCCC1C(=O)N2CCCC2C(=O)NC(CCCN=C(N)N)C(=O)NC(C)C)NC(=O)C3CCCN3C(=O)C4CCCN4C(=O)C5CCCN5	0.948	Amino acids and Peptides	Cyclic peptides	Carboxylic acids and derivatives	5940.0	7690	EB-MSV000090464-gnps_ms2	transferred	2	838.4661	3.42	838.4686	3.420629	2.982	0.001	0.9975	ms2_tie	assigned
C31H44N6O9	[M + H]+	H-Thr-Pro-Pro-Ser-Pro-Phe-OH	CC(C(C(=O)N1CCCC1C(=O)N2CCCC2C(=O)NC(CO)C(=O)N3CCCC3C(=O)NC(CC4=CC=CC=C4)C(=O)O)N)O	0.837	Amino acids and Peptides	Tripeptides	Carboxylic acids and derivatives	4815.0	7692	EB-MSV000090464-gnps_ms2	transferred	3	645.3199	3.44	645.3204	3.459007	0.775	0.019	0.9893	ms2_tie	assigned
C27H39N5O6	[M + H]+	benzyl 4-[2-({1-[(carbamoylmethyl)carbamoyl]-3-methylbutyl}carbamoyl)pyrrolidine-1-carbonyl]piperidine-1-carboxylate	CC(C)CC(C(=O)NCC(=O)N)NC(=O)C1CCCN1C(=O)C2CCN(CC2)C(=O)OCC3=CC=CC=C3	0.403	Amino acids and Peptides	Cyclic peptides	Carboxylic acids and derivatives	6.0	7698	EB-MSV000090464-gnps_ms2	transferred	2	530.2977	3.41	530.298	3.307	0.566	-0.103	0.9999	ms2_winner	assigned
C18H24FN3O6	[M + H]+	(S)-benzyl 2-((S)-2-(isoxazole-3-carbonyl)pyrrolidine-1-carbonyl)pyrrolidine-1-carboxylate	C1CC(N(C1)C(=O)C2CCCN2C(=O)OCC3=CC=CC=C3)C(=O)C4=NOC=C4	0.103	Amino acids and Peptides	Carboline alkaloids	Carboxylic acids and derivatives	4312.0	7709	EB-MSV000090464-gnps_ms2	transferred	1	398.1706	3.44	398.1707	3.431409	0.251	-0.009	1.0	unique	assigned
C45H67N11O13	[M + H]+	H-DL-Asp-DL-Arg-DL-Val-DL-Tyr-DL-xiIle-DL-His-DL-Pro-DL-Ala-OH	CCC(C)C(C(=O)NC(CC1=CN=CN1)C(=O)N2CCCC2C(=O)NC(C)C(=O)O)NC(=O)C(CC3=CC=C(C=C3)O)NC(=O)C(C(C)C)NC(=O)C(CCCN=C(N)N)NC(=O)C(CC(=O)O)N	0.138	Amino acids and Peptides	Cyclic peptides	Carboxylic acids and derivatives	1623.0	7710	EB-MSV000090464-gnps_ms2	transferred	2	970.5034	3.45	970.5043	3.456991	0.927	0.007	1.0	ms2_winner	assigned
C14H31NO3	[M + H]+	PEG-3 caprylamine	CCCCCCCCN(CCO)CCOCCO	0.922	Fatty acids	Sphingoid bases	Organonitrogen compounds	2270.0	7718	EB-MSV000090464-gnps_ms2	transferred	1	262.2382	3.45	262.2383	3.445452	0.381	-0.005	0.9999	unique	assigned
C31H44N6O9	[M + H]+	H-Thr-Pro-Pro-Ser-Pro-Phe-OH	CC(C(C(=O)N1CCCC1C(=O)N2CCCC2C(=O)NC(CO)C(=O)N3CCCC3C(=O)NC(CC4=CC=CC=C4)C(=O)O)N)O	0.786	Amino acids and Peptides	Tripeptides	Carboxylic acids and derivatives	4815.0	7722	EB-MSV000090464-gnps_ms2	transferred	3	645.3206	3.45	645.3204	3.459007	-0.31	0.009	1.0	ms2_tie	assigned
C28H50N10O11	[M + H]+	(3S,6S,9S,15S,18R,21S)-3,18-dibenzyl-15-[(2S)-butan-2-yl]-16-deuterio-4-(deuteriomethyl)-6-(hydroxymethyl)-1,4,7,13,16,19-hexazatricyclo[19.3.0.09,13]tetracosane-2,5,8,14,17,20-hexone	CCC(C)C1C(=O)N2CCCC2C(=O)NC(C(=O)N(C(C(=O)N3CCCC3C(=O)NC(C(=O)N1)CC4=CC=CC=C4)CC5=CC=CC=C5)C)CO	0.685	Amino acids and Peptides	Cyclic peptides	Carboxylic acids and derivatives	9557.0	7724	EB-MSV000090464-gnps_ms2	transferred	1	703.3781	3.43	703.3787	3.420794	0.853	-0.009	1.0	unique	assigned
C16H35NO3	[M + H]+	1-[Bis(2-hydroxyethyl)amino]dodecan-2-ol	CCCCCCCCCCC(CN(CCO)CCO)O	0.404	Fatty acids	Sphingoid bases	Organonitrogen compounds	1304.0	7727	EB-MSV000090464-gnps_ms2	transferred	2	290.2692	3.45	290.2694	3.5455	0.689	0.095	0.9984	unique	assigned
C43H71N9O16	[M + H]+	H-DL-Asp-DL-Arg-DL-Val-DL-Tyr-DL-xiIle-DL-His-DL-Pro-DL-Ala-OH	CCC(C)C(C(=O)NC(CC1=CN=CN1)C(=O)N2CCCC2C(=O)NC(C)C(=O)O)NC(=O)C(CC3=CC=C(C=C3)O)NC(=O)C(C(C)C)NC(=O)C(CCCN=C(N)N)NC(=O)C(CC(=O)O)N	0.135	Amino acids and Peptides	Cyclic peptides	Carboxylic acids and derivatives		7737	EB-MSV000090464-gnps_ms2	transferred	1	970.5063	3.45							low_cosine
C27H49N5O6	[M + H]+	Val-Leu-Ile-Val-Pro	CCC(C)C(C(=O)NC(C(C)C)C(=O)N1CCCC1C(=O)O)NC(=O)C(CC(C)C)NC(=O)C(C(C)C)N	0.95	Amino acids and Peptides	Tripeptides	Carboxylic acids and derivatives	2059.0	7748	EB-MSV000090464-gnps_ms2	transferred	2	540.3765	3.47	540.376	3.471105	-0.925	0.001	1.0	unique	assigned
C36H48N6O8	[M + H]+	Tyrosyl-glycyl-prolyl-leucyl-phenylalanyl-proline	CC(C)CC(C(=O)NC(CC1=CC=CC=C1)C(=O)N2CCCC2C(=O)O)NC(=O)C3CCCN3C(=O)CNC(=O)C(CC4=CC=C(C=C4)O)N	0.466	Amino acids and Peptides	Cyclic peptides	Carboxylic acids and derivatives		7749	EB-MSV000090464-gnps_ms2	transferred	3	693.3592	3.48							low_cosine
C33H46N6O7	[M + H]+	N-Methylsansalvamide	CC(C)CC1C(=O)OC(C(=O)NC(C(=O)N(C(C(=O)NC(C(=O)N1)CC2=CC=CC=C2)CC(C)C)C)C(C)C)CC(C)C	0.321	Amino acids and Peptides	Cyclic peptides	Carboxylic acids and derivatives	1444.0	7753	EB-MSV000090464-gnps_ms2	transferred	4	639.3537	3.47	639.3532	3.474324	-0.782	0.004	1.0	unique	assigned
C50H75N9O11	[M + H]+	H-Leu-Leu-Phe-Gly-Tyr-Pro-Val-Ala-Val-OH	CC(C)CC(C(=O)NC(CC(C)C)C(=O)NC(CC1=CC=CC=C1)C(=O)NCC(=O)NC(CC2=CC=C(C=C2)O)C(=O)N3CCCC3C(=O)NC(C(C)C)C(=O)NC(C)C(=O)NC(C(C)C)C(=O)O)N	0.229	Amino acids and Peptides	Cyclic peptides	Carboxylic acids and derivatives	1421.0	7759	EB-MSV000090464-gnps_ms2	transferred	2	978.5671	3.46	978.5688	3.371	1.737	-0.089	0.9216	ms2_tie	assigned
C40H62N10O10	[M + Na]+	H-Leu-Pro-Ala-Cys-Val-Leu-Glu-Val-OH	CC(C)CC(C(=O)N1CCCC1C(=O)NC(C)C(=O)NC(CS)C(=O)NC(C(C)C)C(=O)NC(CC(C)C)C(=O)NC(CCC(=O)O)C(=O)NC(C(C)C)C(=O)O)N	0.656	Amino acids and Peptides	Cyclic peptides	Carboxylic acids and derivatives	7583.0	7760	EB-MSV000090464-gnps_ms2	transferred	2	865.454	3.46	865.455	3.465169	1.155	0.005	1.0	unique	assigned
C44H54N12O8	[M + H]+	2-[(2S,5S,8S,11S,14S,17S,20S,23S)-20-(2-amino-2-oxoethyl)-11-(4-azaniumylbutyl)-14-[(2S)-butan-2-yl]-17-(carboxylatomethyl)-5-(hydroxymethyl)-8-methyl-23-(2-methylpropyl)-3,6,9,12,15,18,21,24-octaoxo-1,4,7,10,13,16,19,22-octazacyclotetracos-2-yl]acetate	CCC(C)C1C(=O)NC(C(=O)NC(C(=O)NC(C(=O)NC(C(=O)NC(C(=O)NC(C(=O)NC(C(=O)N1)CCCCN)C)CO)CC(=O)O)CC(C)C)CC(=O)N)CC(=O)O	0.161	Amino acids and Peptides	Cyclic peptides	Carboxylic acids and derivatives		7762	EB-MSV000090464-gnps_ms2	transferred	2	879.4296	3.48							low_cosine
C47H64N6O9	[M + H]+	L-Arginine, L-phenylalanyl-L-leucyl-L-phenylalanyl-L-arginyl-L-prolyl-	CC(C)CC(C(=O)NC(CC1=CC=CC=C1)C(=O)NC(CCCN=C(N)N)C(=O)N2CCCC2C(=O)NC(CCCN=C(N)N)C(=O)O)NC(=O)C(CC3=CC=CC=C3)N	0.932	Amino acids and Peptides	Cyclic peptides	Carboxylic acids and derivatives	2376.0	7773	EB-MSV000090464-gnps_ms2	transferred	1	857.4797	3.48	857.4783	3.48563	-1.633	0.006	1.0	unique	assigned
C40H56N6O5	[M + H]+	(2S)-6-[ethyl(propan-2-yl)amino]-N-methyl-2-[[(2S)-2-[[(2S)-2-[[(2S)-2-(3-methylbutanoylamino)-3-phenylpropanoyl]amino]propanoyl]amino]-3-phenylpropanoyl]amino]hexanamide	CCN(CCCCC(C(=O)NC)NC(=O)C(CC1=CC=CC=C1)NC(=O)C(C)NC(=O)C(CC2=CC=CC=C2)NC(=O)CC(C)C)C(C)C	0.204	Amino acids and Peptides	Cyclic peptides	Carboxylic acids and derivatives	6821.0	7775	EB-MSV000090464-gnps_ms2	transferred	1	701.4386	3.49	701.4345	3.498858	-5.845	0.009	0.9999	unique	assigned
C12H27NO3	[M + H]+	2-(Hydroxymethyl)-2-(octylamino)propane-1,3-diol	CCCCCCCCNC(CO)(CO)CO	0.709	Fatty acids	Sphingoid bases	Organonitrogen compounds	3278.0	7792	EB-MSV000090464-gnps_ms2	transferred	1	234.2062	3.49	234.2062	3.497201	0.0	0.007	0.9978	unique	assigned
C35H55N7O8	[M + Na]+	H-Pro-Val-Lys-Val-Tyr-Pro-OH	CC(C)C(C(=O)NC(CCCCN)C(=O)NC(C(C)C)C(=O)NC(CC1=CC=C(C=C1)O)C(=O)N2CCCC2C(=O)O)NC(=O)C3CCCN3	0.272	Amino acids and Peptides	Cyclic peptides	Carboxylic acids and derivatives	1191.0	7796	EB-MSV000090464-gnps_ms2	transferred	2	724.4069	3.49	724.4059	3.499107	-1.38	0.009	0.9999	ms2_tie	assigned
C9H21ClN2O2	[M + H]+	[2-Chloroethyl(methyl)amino]methyl-bis(2-hydroxyethyl)-methylazanium	CN(CCCl)C[N+](C)(CCO)CCO		Fatty acids	Polyamines	Carboxylic acids and derivatives	9218.0	7798	EB-MSV000090464-gnps_ms2	transferred	1	225.1395	3.49	225.1395	3.473583	0.0	-0.016	1.0	unique	assigned
C45H62N6O7	[M + H]+	H-Gly-Gly-Asp-Leu-Gly-Ile-Arg-Lys-al	CCC(C)C(C(=O)NC(CCCN=C(N)N)C(=O)NC(CCCCN)C=O)NC(=O)CNC(=O)C(CC(C)C)NC(=O)C(CC(=O)O)NC(=O)CNC(=O)CN	0.07	Amino acids and Peptides	Tripeptides	Carboxylic acids and derivatives	3250.0	7817	EB-MSV000090464-gnps_ms2	transferred	4	799.4754	3.5	799.4753	3.516446	-0.125	0.016	1.0	ms2_winner	assigned
C40H60N8O8	[M + H]+	2-[21-benzyl-18-(butan-2-yl)-15-(2-methylpropyl)-2,5,8,14,17,20,23-heptaoxo-6-(propan-2-yl)-1,4,7,13,16,19,22-heptaazatricyclo[22.3.0.0⁹,¹³]heptacosan-3-yl]acetamide	CCC(C)C1C(=O)NC(C(=O)N2CCCC2C(=O)NC(C(=O)NC(C(=O)N3CCCC3C(=O)NC(C(=O)N1)CC4=CC=CC=C4)CC(=O)N)C(C)C)CC(C)C	0.587	Amino acids and Peptides	Cyclic peptides	Carboxylic acids and derivatives	1964.0	7828	EB-MSV000090464-gnps_ms2	transferred	5	781.4625	3.51	781.4662	3.521	4.735	0.011	0.9999	ms2_tie	assigned
C10H16N2O5	[M + H]+	2-[(pyrrolidin-2-yl)formamido]pentanedioic acid	C1CC(NC1)C(=O)NC(CCC(=O)O)C(=O)O	0.986	Amino acids and Peptides	Dipeptides	Carboxylic acids and derivatives	2284.0	7833	EB-MSV000090464-gnps_ms2	transferred	2	245.1132	3.51	245.1129	3.522	-1.224	0.012	1.0	unique	assigned
C40H60N8O8	[M + H]+	2-[21-benzyl-18-(butan-2-yl)-15-(2-methylpropyl)-2,5,8,14,17,20,23-heptaoxo-6-(propan-2-yl)-1,4,7,13,16,19,22-heptaazatricyclo[22.3.0.0⁹,¹³]heptacosan-3-yl]acetamide	CCC(C)C1C(=O)NC(C(=O)N2CCCC2C(=O)NC(C(=O)NC(C(=O)N3CCCC3C(=O)NC(C(=O)N1)CC4=CC=CC=C4)CC(=O)N)C(C)C)CC(C)C	0.456	Amino acids and Peptides	Cyclic peptides	Carboxylic acids and derivatives	1526.0	7835	EB-MSV000090464-gnps_ms2	transferred	3	781.457	3.51	781.4559	3.517	-1.408	0.007	0.8667	ms2_tie	assigned
C45H62N6O7	[M + H]+	L-Alanyl-L-leucyl-L-leucyl-N~5~-(diaminomethylidene)-L-ornithyl-L-glutaminyl-L-glutaminyl-L-alanine	CC(C)CC(C(=O)NC(CC(C)C)C(=O)NC(CCCN=C(N)N)C(=O)NC(CCC(=O)N)C(=O)NC(CCC(=O)N)C(=O)NC(C)C(=O)O)NC(=O)C(C)N	0.561	Amino acids and Peptides	Tripeptides	Carboxylic acids and derivatives	3608.0	7837	EB-MSV000090464-gnps_ms2	transferred	5	799.4728	3.51	799.467	3.523	-7.255	0.013	1.0	ms2_tie	assigned
C40H58N8O11	[M + H]+	2-[9-(butan-2-yl)-21-[(4-hydroxyphenyl)methyl]-24-methyl-15-(2-methylpropyl)-2,8,11,14,17,20,23,26-octaoxo-1,7,10,13,16,19,22,25-octaazatricyclo[25.3.0.0³,⁷]triacontan-18-yl]acetic acid	CCC(C)C1C(=O)N2CCCC2C(=O)N3CCCC3C(=O)NC(C(=O)NC(C(=O)NC(C(=O)NC(C(=O)NCC(=O)N1)CC(C)C)CC(=O)O)CC4=CC=C(C=C4)O)C	0.769	Amino acids and Peptides	Cyclic peptides	Carboxylic acids and derivatives	1899.0	7840	EB-MSV000090464-gnps_ms2	transferred	1	827.4275	3.51	827.4287	3.5215	1.45	0.012	0.9999	unique	assigned
C23H30N4O4	[M + H]+	N,N',N'',N'''-(1,5-Pentanediylidene)tetrakismethacrylamide	CC(=C)C(=O)NC(CCCC(NC(=O)C(=C)C)NC(=O)C(=C)C)NC(=O)C(=C)C	0.103	Amino acids and Peptides	Cyclic peptides	Carboxylic acids and derivatives	4486.0	7854	EB-MSV000090464-gnps_ms2	transferred	2	427.2358	3.51	427.2359	3.51119	0.234	0.001	0.9998	ms2_tie	assigned
C63H72N4O8	[M + H]+	H-Gly-Ala-Thr-Pro-Gln-Asp-Leu-Asn-Thr-Nle-al	CCCCC(C=O)NC(=O)C(C(C)O)NC(=O)C(CC(=O)N)NC(=O)C(CC(C)C)NC(=O)C(CC(=O)O)NC(=O)C(CCC(=O)N)NC(=O)C1CCCN1C(=O)C(C(C)O)NC(=O)C(C)NC(=O)CN	0.072	Amino acids and Peptides	Cyclic peptides	Carboxylic acids and derivatives	1584.0	7874	EB-MSV000090464-gnps_ms2	transferred	2	1013.5376	3.52	1013.5358	3.525	-1.776	0.005	1.0	ms2_winner	assigned
C59H69N5O8	[M + H]+	H-Ala-Pro-Ser-Pro-Leu-Val-Glu-Leu-Ile-OH	CCC(C)C(C(=O)O)NC(=O)C(CC(C)C)NC(=O)C(CCC(=O)O)NC(=O)C(C(C)C)NC(=O)C(CC(C)C)NC(=O)C1CCCN1C(=O)C(CO)NC(=O)C2CCCN2C(=O)C(C)N	0.545	Amino acids and Peptides	Cyclic peptides	Carboxylic acids and derivatives	1667.0	7887	EB-MSV000090464-gnps_ms2	transferred	3	976.5139	3.53	976.5126	3.54	-1.331	0.01	1.0	ms2_winner	assigned
C26H36N4O5	[M + H]+	6-[(3S,9S,14aR)-9-benzyl-6,6-dimethyl-1,4,7,10-tetraoxo-tetradecahydropyrrolo[1,2-a][,,,]cyclododecan-3-yl]hexanal	CC1(C(=O)NC(C(=O)N2CCCC2C(=O)NC(C(=O)N1)CCCCCC=O)CC3=CC=CC=C3)C	0.305	Amino acids and Peptides	Tripeptides	Carboxylic acids and derivatives	3968.0	7888	EB-MSV000090464-gnps_ms2	transferred	1	485.2763	3.52	485.2759	3.5365	-0.824	0.017	0.9939	unique	assigned
C29H43N5O8S	[M + H]+	H-DL-Phe-DL-Asp-DL-Pro-DL-Pro-DL-Phe-OH	C1CC(N(C1)C(=O)C2CCCN2C(=O)C(CC(=O)O)NC(=O)C(CC3=CC=CC=C3)N)C(=O)NC(CC4=CC=CC=C4)C(=O)O	0.472	Amino acids and Peptides	Cyclic peptides	Carboxylic acids and derivatives	4011.0	7893	EB-MSV000090464-gnps_ms2	transferred	2	622.2906	3.53	622.2913	3.54	1.125	0.01	0.9999	unique	assigned
C71H82N4O9	[M + Na]+	30-[2-(2-{1H,2H,3H,6aH,7H,8H,9H,10H,10aH,10bH-imidazo[4,3-a]isoquinolin-8-yl}-3,4-dihydroxybutyl)furan-3-yl]-36-(3-benzylcyclohexyl)-37-hydroxy-29-methyl-3,7,31,34-tetraoxadodecacyclo[25.12.1.0¹,⁶.0⁵,²⁵.0⁶,¹⁹.0⁸,¹⁷.0⁸,³⁹.0⁹,¹⁴.0²¹,²⁵.0²⁹,³⁵.0³³,³⁵.0³⁶,⁴⁰]tetracont-18-ene-4,32,38-trione	CC12CC3CC45CCCC4CC6=CC7CCC8CCCCC8C79C4C(=O)C(C(C3C43C6(C5C(=O)OC3)O9)(C11C(O1)C(=O)OC2C1=C(OC=C1)CC(C1CCC2C(C1)C=CN1C2CNC1)C(CO)O)C1CCCC(C1)CC1=CC=CC=C1)O		Amino acids and Peptides	Lipopeptides	Peptidomimetics	1227.0	7894	EB-MSV000090464-gnps_ms2	transferred	1	1157.5866	3.53	1157.5859	3.54	-0.605	0.01	1.0	unique	assigned
C32H55N7O8	[M + H]+	L-Proline, glycyl-L-valyl-L-leucyl-L-prolyl-L-alanyl-L-leucyl-	CC(C)CC(C(=O)N1CCCC1C(=O)O)NC(=O)C(C)NC(=O)C2CCCN2C(=O)C(CC(C)C)NC(=O)C(C(C)C)NC(=O)CN	0.589	Amino acids and Peptides	Tripeptides	Carboxylic acids and derivatives	4296.0	7896	EB-MSV000090464-gnps_ms2	transferred	2	666.4189	3.53	666.4194	3.5405	0.75	0.011	1.0	unique	assigned
C37H64N8O9	[M + H]+	Almiramide A	CC(C)C(C(=O)N(C)C(C)C(=O)N(C)C(CC1=CC=CC=C1)C(=O)N)NC(=O)C(C(C)C)N(C)C(=O)C(C(C)C)N(C)C(=O)C(C)CCCCC(=O)C	0.1	Amino acids and Peptides	Cyclic peptides	Carboxylic acids and derivatives	2795.0	7902	EB-MSV000090464-gnps_ms2	transferred	3	765.4904	3.53	765.4901	3.54	-0.392	0.01	0.9999	ms2_tie	assigned
C59H84N12O15	[M + H]+		CCC(C)C(C(=O)N1CCCC1C(=O)NC(CC(=O)N)C(=O)NC(CO)C(=O)NC(CC(C)C)C(=O)O)NC(=O)C2CCCN2C(=O)CNC(=O)C3CCCN3C(=O)C(CC4=CC=CC=C4)NC(=O)C5CCCN5C(=O)C(CC6=CC=C(C=C6)O)N	0.415	Amino acids and Peptides	Cyclic peptides	Carboxylic acids and derivatives	1906.0	7904	EB-MSV000090464-gnps_ms2	transferred	1	1201.6316	3.54	1201.6331	3.546746	1.248	0.007	1.0	unique	assigned
C31H49N5O7	[M + H]+	H-Nva-Pro-Tyr-Ile-Leu-OH	CCCC(C(=O)N1CCCC1C(=O)NC(CC2=CC=C(C=C2)O)C(=O)NC(C(C)CC)C(=O)NC(CC(C)C)C(=O)O)N	0.788	Amino acids and Peptides	Tripeptides	Carboxylic acids and derivatives	4104.0	7908	EB-MSV000090464-gnps_ms2	transferred	1	604.3731	3.54	604.3725	3.555	-0.993	0.015	0.9999	unique	assigned
C53H59N3O9	[M + H]+	Nostocyclopeptide	CC1CC2C(=O)NC(C=NC(C(=O)NC(C(=O)NC(C(=O)N3CCCC3C(=O)NC(C(=O)N2C1)C(C)C)CCO)CC4=CC=C(C=C4)O)CC5=CC=C(C=C5)O)CC6=CC=C(C=C6)O	0.307	Amino acids and Peptides	Depsipeptides	Peptidomimetics	892.0	7916	EB-MSV000090464-gnps_ms2	transferred	2	882.433	3.54	882.4327	3.551	-0.34	0.011	1.0	ms2_tie	assigned
C24H32N4O6S	[M + H]+	1-{1-[2-(2-hydroxy-4-oxo-3,4-dihydroquinazolin-3-yl)-3-phenylpropanoyl]pyrrolidine-2-carbonyl}pyrrolidine-2-carboxylic acid	C1CC(N(C1)C(=O)C2CCCN2C(=O)C(CC3=CC=CC=C3)N4C(=O)C5=CC=CC=C5NC4=O)C(=O)O	0.758	Amino acids and Peptides	Tripeptides	Carboxylic acids and derivatives	2969.0	7921	EB-MSV000090464-gnps_ms2	transferred	1	505.2102	3.55	505.2108	3.555	1.188	0.005	1.0	unique	assigned
C71H78N8O9	[M + H]+	H-Arg-Glu-Val-Asp-Glu-Gln-Leu-Leu-Ser-Val-OH	CC(C)CC(C(=O)NC(CC(C)C)C(=O)NC(CO)C(=O)NC(C(C)C)C(=O)O)NC(=O)C(CCC(=O)N)NC(=O)C(CCC(=O)O)NC(=O)C(CC(=O)O)NC(=O)C(C(C)C)NC(=O)C(CCC(=O)O)NC(=O)C(CCCN=C(N)N)N	0.11	Amino acids and Peptides	Cyclic peptides	Carboxylic acids and derivatives	4022.0	7933	EB-MSV000090464-gnps_ms2	transferred	4	1187.6114	3.54	1187.6136	3.555	1.852	0.015	0.8953	ms2_tie	assigned
C16H35NO3	[M + H]+	3-((2-Hydroxydodecyl)methylamino)propane-1,2-diol	CCCCCCCCCCC(CN(C)CC(CO)O)O	0.114	Fatty acids	Sphingoid bases	Organonitrogen compounds	1304.0	7935	EB-MSV000090464-gnps_ms2	transferred	3	290.2693	3.54	290.2694	3.5455	0.345	0.006	1.0	unique	assigned
C26H32N4O5S	[M + H]+	Glu-Thr-Thr-Tyr	CC(C(C(=O)NC(C(C)O)C(=O)NC(CC1=CC=C(C=C1)O)C(=O)O)NC(=O)C(CCC(=O)O)N)O	0.476	Amino acids and Peptides	Tripeptides	Carboxylic acids and derivatives	6230.0	7941	EB-MSV000090464-gnps_ms2	transferred	1	513.2153	3.55	513.2151	3.556167	-0.39	0.006	1.0	unique	assigned
C54H77N13O12	[M + H]+	2-(2-{2-[2-(2-{[1-(2-{2-[2-(2-aminoacetamido)-3-(4-hydroxyphenyl)propanamido]-3-(1H-imidazol-4-yl)propanamido}-3-methylbutanoyl)pyrrolidin-2-yl]formamido}-3-methylbutanamido)propanamido]-3-methylbutanamido}-3-sulfanylpropanamido)-5-carbamimidamidopentanoic acid	CC(C)C(C(=O)NC(C)C(=O)NC(C(C)C)C(=O)NC(CS)C(=O)NC(CCCN=C(N)N)C(=O)O)NC(=O)C1CCCN1C(=O)C(C(C)C)NC(=O)C(CC2=CN=CN2)NC(=O)C(CC3=CC=C(C=C3)O)NC(=O)CN	0.129	Amino acids and Peptides	Cyclic peptides	Carboxylic acids and derivatives	81.0	7947	EB-MSV000090464-gnps_ms2	transferred	1	1100.5743	3.55	1100.5753	3.56	0.909	0.01	0.9999	unique	assigned
C24H34N4O5S	[M + H]+	H-DL-Met-DL-Pro-DL-Phe-DL-Pro-OH	CSCCC(C(=O)N1CCCC1C(=O)NC(CC2=CC=CC=C2)C(=O)N3CCCC3C(=O)O)N	0.457	Amino acids and Peptides	Tripeptides	Carboxylic acids and derivatives	654.0	7949	EB-MSV000090464-gnps_ms2	transferred	1	491.2314	3.55	491.2315	3.5535	0.204	0.004	1.0	unique	assigned
C20H31N3O7S	[M + H]+	Oa-6129 A	CCC1C2CC(=C(N2C1=O)C(=O)O)SCCNC(=O)CCNC(=O)C(C(C)(C)CO)O	0.069	Amino acids and Peptides	Tripeptides	Carboxylic acids and derivatives	1456.0	7953	EB-MSV000090464-gnps_ms2	transferred	2	458.1967	3.56	458.1968	3.5705	0.218	0.01	1.0	unique	assigned
C35H50N4O5	[M + Na]+	Fusahexin	CC1C2C(=O)N3C(CCC3O1)C(=O)NC(C(=O)NC(C(=O)NC(C(=O)NC(C(=O)N2)CC(C)C)C)CC(C)C)CC(C)C	0.515	Amino acids and Peptides	Cyclic peptides	Carboxylic acids and derivatives	578.0	7976	EB-MSV000090464-gnps_ms2	transferred	2	629.3681	3.58	629.3682	3.5935	0.159	0.014	0.9999	unique	assigned
C25H36N4O5	[M + H]+	Ile-Phe-Pro-Pro	CCC(C)C(C(=O)NC(CC1=CC=CC=C1)C(=O)N2CCCC2C(=O)N3CCCC3C(=O)O)N	0.875	Amino acids and Peptides	Tripeptides	Carboxylic acids and derivatives	5608.0	7996	EB-MSV000090464-gnps_ms2	transferred	3	473.2749	3.6	473.2756	3.590913	1.479	-0.009	0.9275	ms2_tie	assigned
C38H57N7O10	[M + H]+	4-[2-(3-Benzyloxycarbonylamino-4-cyclohexyl-1-hydroxy-2-oxo-butylamino)-5-guanidino-pentanoylamino]-4-(1-carboxy-2-cyclohexyl-ethylcarbamoyl)-butyric acid	C1CCC(CC1)CC(C(=O)C(=O)NC(CCCN=C(N)N)C(=O)NC(CCC(=O)O)C(=O)NC(CC2CCCCC2)C(=O)O)NC(=O)OCC3=CC=CC=C3	0.216	Amino acids and Peptides	Cyclic peptides	Carboxylic acids and derivatives	5548.0	7997	EB-MSV000090464-gnps_ms2	transferred	6	772.4255	3.59	772.4302	3.668298	6.085	0.078	0.9334	ms2_tie	assigned
C23H30N4O4	[M + H]+	N,N',N'',N'''-(1,5-Pentanediylidene)tetrakismethacrylamide	CC(=C)C(=O)NC(CCCC(NC(=O)C(=C)C)NC(=O)C(=C)C)NC(=O)C(=C)C	0.143	Amino acids and Peptides	Cyclic peptides	Carboxylic acids and derivatives	1820.0	8002	EB-MSV000090464-gnps_ms2	transferred	2	427.2357	3.6	427.2356	3.604	-0.234	0.004	0.9951	ms2_tie	assigned
C19H21N3O3	[M + H]+	5-N-cyclopropyl-3-N-methyl-2-oxo-1-[(1S)-1-phenylethyl]pyridine-3,5-dicarboxamide	CC(C1=CC=CC=C1)N2C=C(C=C(C2=O)C(=O)NC)C(=O)NC3CC3	0.079	Amino acids and Peptides	Dipeptides	Carboxylic acids and derivatives	4308.0	8013	EB-MSV000090464-gnps_ms2	transferred	1	340.1652	3.61	340.1648	3.620453	-1.176	0.01	0.9994	unique	assigned
C44H75N7O18	[M + H]+	Angiotensin II, sar(1)-phe(4)-ile(8)-	CCC(C)C(C(=O)NC(CC1=CN=CN1)C(=O)N2CCCC2C(=O)NC(C(C)CC)C(=O)O)NC(=O)C(CC3=CC=CC=C3)NC(=O)C(C(C)C)NC(=O)C(CCCN=C(N)N)NC(=O)CNC	0.262	Amino acids and Peptides	Cyclic peptides	Carboxylic acids and derivatives		8021	EB-MSV000090464-gnps_ms2	transferred	3	990.5265	3.6							low_cosine
C12H17F2N3O2	[M + Na]+	N-Acetyl-L-alanyl-D-alanyl-D-alanine	CC(C(=O)NC(C)C(=O)NC(C)C(=O)O)NC(=O)C	0.387	Amino acids and Peptides	Dipeptides	Carboxylic acids and derivatives	8020.0	8024	EB-MSV000090464-gnps_ms2	transferred	1	296.1188	3.6	296.1188	3.605	0.0	0.005	1.0	unique	assigned
C45H64N10O13	[M + Na]+	3-[13,19-bis(carboxymethyl)-6-(1-hydroxyethyl)-16-[(4-hydroxyphenyl)methyl]-3-methyl-9-octyl-1,4,7,11,14,17,20,23-octaoxo-hexacosahydro-1H-pyrrolo[2,1-i]1,4,7,10,13,16,19,22-octaazacyclopentacosan-22-yl]propanoic acid	CCCCCCCCC1CC(=O)NC(C(=O)NC(C(=O)NC(C(=O)NC(C(=O)N2CCCC2C(=O)NC(C(=O)NC(C(=O)N1)C(C)O)C)CCC(=O)O)CC(=O)O)CC3=CC=C(C=C3)O)CC(=O)O	0.207	Amino acids and Peptides	Cyclic peptides	Carboxylic acids and derivatives	4545.0	8040	EB-MSV000090464-gnps_ms2	transferred	1	975.4536	3.62	975.4564	3.629687	2.87	0.01	0.9996	unique	assigned
C34H62N12O10	[M + H]+	H-Gly-Gly-Asp-Leu-Gly-Ile-Arg-Lys-al	CCC(C)C(C(=O)NC(CCCN=C(N)N)C(=O)NC(CCCCN)C=O)NC(=O)CNC(=O)C(CC(C)C)NC(=O)C(CC(=O)O)NC(=O)CNC(=O)CN	0.117	Amino acids and Peptides	Tripeptides	Carboxylic acids and derivatives	2887.0	8042	EB-MSV000090464-gnps_ms2	transferred	5	799.4757	3.62	799.4763	3.632963	0.75	0.013	0.9998	ms2_winner	assigned
C41H55N7O9	[M + Na]+	15,21-dibenzyl-18-(butan-2-yl)-3-(1-hydroxyethyl)-12-(hydroxymethyl)-1,4,10,13,16,19,22-heptaazatricyclo[22.3.0.0⁶,¹⁰]heptacosane-2,5,11,14,17,20,23-heptone	CCC(C)C1C(=O)NC(C(=O)NC(C(=O)N2CCCC2C(=O)NC(C(=O)N3CCCC3C(=O)NC(C(=O)N1)CC4=CC=CC=C4)C(C)O)CO)CC5=CC=CC=C5	0.423	Amino acids and Peptides	Cyclic peptides	Carboxylic acids and derivatives	4698.0	8050	EB-MSV000090464-gnps_ms2	transferred	1	812.3982	3.63	812.3977	3.638283	-0.615	0.008	0.9567	unique	assigned
C49H66N4O10	[M + H]+	H-His-Arg-Phe-Leu-Arg-His-al	CC(C)CC(C(=O)NC(CCCN=C(N)N)C(=O)NC(CC1=CN=CN1)C=O)NC(=O)C(CC2=CC=CC=C2)NC(=O)C(CCCN=C(N)N)NC(=O)C(CC3=CN=CN3)N	0.254	Amino acids and Peptides	Linear peptides	Carboxylic acids and derivatives	4990.0	8051	EB-MSV000090464-gnps_ms2	transferred	3	871.4884	3.63	871.4872	3.636844	-1.377	0.007	0.9081	ms2_winner	assigned
C49H55N9O7	[M + H]+	Nostocyclopeptide	CC1CC2C(=O)NC(C=NC(C(=O)NC(C(=O)NC(C(=O)N3CCCC3C(=O)NC(C(=O)N2C1)C(C)C)CCO)CC4=CC=C(C=C4)O)CC5=CC=C(C=C5)O)CC6=CC=C(C=C6)O	0.328	Amino acids and Peptides	Cyclic peptides	Carboxylic acids and derivatives	6892.0	8055	EB-MSV000090464-gnps_ms2	transferred	2	882.4315	3.63	882.4325	3.824	1.133	0.194	0.9919	ms2_tie	assigned
C41H54N6O9	[M + Na]+	H-Val-Tyr-Ile-His-Pro-Phe-al	CCC(C)C(C(=O)NC(CC1=CN=CN1)C(=O)N2CCCC2C(=O)NC(CC3=CC=CC=C3)C=O)NC(=O)C(CC4=CC=C(C=C4)O)NC(=O)C(C(C)C)N	0.196	Amino acids and Peptides	Cyclic peptides	Carboxylic acids and derivatives	4377.0	8056	EB-MSV000090464-gnps_ms2	transferred	1	797.379	3.63	797.3788	3.635693	-0.251	0.006	0.9999	unique	assigned
C43H73N7O13	[M + H]+	H-Val-Ile-Phe-Pro-Ala-Lys-Ser-Leu-OH	CCC(C)C(C(=O)NC(CC1=CC=CC=C1)C(=O)N2CCCC2C(=O)NC(C)C(=O)NC(CCCCN)C(=O)NC(CO)C(=O)NC(CC(C)C)C(=O)O)NC(=O)C(C(C)C)N	0.895	Amino acids and Peptides	Cyclic peptides	Carboxylic acids and derivatives	1140.0	8059	EB-MSV000090464-gnps_ms2	transferred	3	896.5242	3.63	896.5233	3.63748	-1.004	0.007	1.0	unique	assigned
C40H44N4O5	[M + H]+	Stephanotic Acid	CCC(C)C1C(=O)NC(C(=O)NC(CC2=CNC3=C2C=CC(=C3)C(C(C(=O)N1)NC(=O)C4CCC(=O)N4)C(C)C)C(=O)O)C(C)C	0.127	Amino acids and Peptides	Cyclic peptides	Carboxylic acids and derivatives	2093.0	8062	EB-MSV000090464-gnps_ms2	transferred	3	661.3416	3.63	661.3406	3.642726	-1.512	0.013	1.0	ms2_winner	assigned
C55H76N8O13	[M + H]+	H-Pro-Leu-Gln-Pro-Gln-Gln-Pro-Phe-Pro-al	CC(C)CC(C(=O)NC(CCC(=O)N)C(=O)N1CCCC1C(=O)NC(CCC(=O)N)C(=O)NC(CCC(=O)N)C(=O)N2CCCC2C(=O)NC(CC3=CC=CC=C3)C(=O)N4CCCC4C=O)NC(=O)C5CCCN5	0.236	Amino acids and Peptides	Linear peptides	Polypeptides	9300.0	8071	EB-MSV000090464-gnps_ms2	transferred	4	1057.551	3.63	1057.5481	3.654425	-2.742	0.024	1.0	unique	assigned
C45H72N12O14	[M + H]+	H-Ala-Pro-Ala-Tyr-Pro-Pro-Pro-Pro-Val-Pro-OH	CC(C)C(C(=O)N1CCCC1C(=O)O)NC(=O)C2CCCN2C(=O)C3CCCN3C(=O)C4CCCN4C(=O)C5CCCN5C(=O)C(CC6=CC=C(C=C6)O)NC(=O)C(C)NC(=O)C7CCCN7C(=O)C(C)N	0.343	Amino acids and Peptides	Cyclic peptides	Carboxylic acids and derivatives		8079	EB-MSV000090464-gnps_ms2	transferred	1	1005.5389	3.65							low_cosine
C47H78N6O16	[M + H]+	H-Ser-Leu-Phe-Asn-Thr-Ile-Ala-Val-Leu-al	CCC(C)C(C(=O)NC(C)C(=O)NC(C(C)C)C(=O)NC(CC(C)C)C=O)NC(=O)C(C(C)O)NC(=O)C(CC(=O)N)NC(=O)C(CC1=CC=CC=C1)NC(=O)C(CC(C)C)NC(=O)C(CO)N	0.382	Amino acids and Peptides	Cyclic peptides	Carboxylic acids and derivatives	430.0	8084	EB-MSV000090464-gnps_ms2	transferred	3	983.5567	3.65	983.5547	3.650196	-2.033	0.0	1.0	ms2_tie	assigned
C41H55N7O9	[M + H]+	Tyrosyl-prolyl-glycyl-prolyl-phenylalanyl-prolyl-isoleucine	CCC(C)C(C(=O)O)NC(=O)C1CCCN1C(=O)C(CC2=CC=CC=C2)NC(=O)C3CCCN3C(=O)CNC(=O)C4CCCN4C(=O)C(CC5=CC=C(C=C5)O)N	0.356	Amino acids and Peptides	Tripeptides	Carboxylic acids and derivatives	315.0	8085	EB-MSV000090464-gnps_ms2	transferred	1	790.4109	3.64	790.411	3.650827	0.127	0.011	0.9998	unique	assigned
C47H71N5O15	[M + H]+	GP100 Peptide Melanoma Vaccine YLEPGPVTA	CC(C)CC(C(=O)NC(CCC(=O)O)C(=O)N1CCCC1C(=O)NCC(=O)N2CCCC2C(=O)NC(C(C)C)C(=O)NC(C(C)O)C(=O)NC(C)C(=O)O)NC(=O)C(CC3=CC=C(C=C3)O)N	0.221	Amino acids and Peptides	Cyclic peptides	Carboxylic acids and derivatives	5732.0	8094	EB-MSV000090464-gnps_ms2	transferred	2	946.5006	3.65	946.4992	3.658848	-1.479	0.009	0.9999	unique	assigned
C49H83N13O12	[M + K]+	H-Ile-His-Ile-Pro-Ile-Asn-Asn-Ile-Ile-OH	CCC(C)C(C(=O)NC(CC1=CN=CN1)C(=O)NC(C(C)CC)C(=O)N2CCCC2C(=O)NC(C(C)CC)C(=O)NC(CC(=O)N)C(=O)NC(CC(=O)N)C(=O)NC(C(C)CC)C(=O)NC(C(C)CC)C(=O)O)N	0.398	Amino acids and Peptides	Linear peptides	Carboxylic acids and derivatives	829.0	8098	EB-MSV000090464-gnps_ms2	transferred	2	1084.5997	3.65	1084.5968	3.657937	-2.674	0.008	1.0	unique	assigned
C44H59N5O6	[M + H]+	(S)-2-amino-3-methyl-N-((5S,8S,11S,14S,17S)-5,8,11,14-tetraisopropyl-18-methyl-4,7,10,13,16-pentaoxo-1-phenyl-3,6,9,12,15-pentaazanonadecan-17-yl)butanamide	CC(C)C(C(=O)NC(C(C)C)C(=O)NC(C(C)C)C(=O)NC(C(C)C)C(=O)NC(C(C)C)C(=O)NC(C(C)C)C(=O)NCCC1=CC=CC=C1)N	0.85	Amino acids and Peptides	Cyclic peptides	Carboxylic acids and derivatives	1202.0	8099	EB-MSV000090464-gnps_ms2	transferred	1	754.4546	3.65	754.4542	3.657089	-0.53	0.007	1.0	unique	assigned
C27H45N5O9	[M + H]+	2-[[3-Carboxy-2-[[2-[2-(2-ethylbutanoylamino)propanoylamino]-4-oxo-4-pyrrolidin-1-ylbutanoyl]amino]propanoyl]amino]-4-methylpentanoic acid	CCC(CC)C(=O)NC(C)C(=O)NC(CC(=O)N1CCCC1)C(=O)NC(CC(=O)O)C(=O)NC(CC(C)C)C(=O)O	0.35	Amino acids and Peptides	Cyclic peptides	Carboxylic acids and derivatives	4663.0	8104	EB-MSV000090464-gnps_ms2	transferred	2	584.3324	3.65	584.3318	3.664231	-1.027	0.014	0.9631	unique	assigned
C55H85N7O15	[M + H]+	H-Ile-His-Ile-Pro-Ile-Asn-Asn-Ile-Ile-OH	CCC(C)C(C(=O)NC(CC1=CN=CN1)C(=O)NC(C(C)CC)C(=O)N2CCCC2C(=O)NC(C(C)CC)C(=O)NC(CC(=O)N)C(=O)NC(CC(=O)N)C(=O)NC(C(C)CC)C(=O)NC(C(C)CC)C(=O)O)N	0.421	Amino acids and Peptides	Cyclic peptides	Carboxylic acids and derivatives	779.0	8105	EB-MSV000090464-gnps_ms2	transferred	3	1084.6042	3.65	1084.6116	3.654538	6.823	0.005	1.0	ms2_tie	assigned
C41H70N6O13	[M + H]+	6-amino-2-[2-(2-{2-[2-(2-{[1-(2-aminoacetyl)pyrrolidin-2-yl]formamido}-3-phenylpropanamido)acetamido]-3-hydroxybutanamido}-3-(1H-imidazol-4-yl)propanamido)-3-methylpentanamido]hexanamide	CCC(C)C(C(=O)NC(CCCCN)C(=O)N)NC(=O)C(CC1=CN=CN1)NC(=O)C(C(C)O)NC(=O)CNC(=O)C(CC2=CC=CC=C2)NC(=O)C3CCCN3C(=O)CN	0.197	Amino acids and Peptides	Cyclic peptides	Carboxylic acids and derivatives	323.0	8110	EB-MSV000090464-gnps_ms2	transferred	1	855.4963	3.66	855.4949	3.665506	-1.636	0.006	1.0	unique	assigned
C38H57N7O10	[M + H]+	(2S)-1-[(2S)-2-[[(2S)-2-[[(2S)-2-[[(2S)-2-[[(2S)-2,6-diaminohexanoyl]amino]-4-methyl-pentanoyl]amino]-3-phenyl-propanoyl]amino]-3-methyl-butanoyl]amino]-3-phenyl-propanoyl]pyrrolidine-2-carboxylic acid	CC(C)CC(C(=O)NC(CC1=CC=CC=C1)C(=O)NC(C(C)C)C(=O)NC(CC2=CC=CC=C2)C(=O)N3CCCC3C(=O)O)NC(=O)C(CCCCN)N	0.401	Amino acids and Peptides	Cyclic peptides	Carboxylic acids and derivatives	5359.0	8118	EB-MSV000090464-gnps_ms2	transferred	5	772.4286	3.66	772.4239	3.589	-6.085	-0.071	0.7754	ms2_winner	assigned
C12H17ClN2O3	[M + H]+		C1=CC=C2C=C(C(=O)C=CC2=C1)C3=NC4=CC=CC=C4N3	0.246	Alkaloids	Acridone alkaloids	Diazanaphthalenes	6232.0	8124	EB-MSV000090464-gnps_ms2	transferred	2	273.1031	3.66	273.1034	3.657751	1.098	-0.002	1.0	unique	assigned
C45H64N8O10	[M + H]+	H-Leu-Val-Val-Tyr-D-Pro-Trp-Thr-OH	CC(C)CC(C(=O)NC(C(C)C)C(=O)NC(C(C)C)C(=O)NC(CC1=CC=C(C=C1)O)C(=O)N2CCCC2C(=O)NC(CC3=CNC4=CC=CC=C43)C(=O)NC(C(C)O)C(=O)O)N	0.392	Amino acids and Peptides	Cyclic peptides	Carboxylic acids and derivatives		8125	EB-MSV000090464-gnps_ms2	transferred	1	877.4829	3.66							low_cosine
C24H34N4O5S	[M + H]+	5-amino-6-[(6-amino-2-{[3,4-dihydroxy-5-(hydroxymethyl)oxolan-2-yl]oxy}-3-hydroxy-4-(methylamino)cyclohexyl)oxy]-2-(aminomethyl)oxane-3,4-diol	CNC1CC(C(C(C1O)OC2C(C(C(O2)CO)O)O)OC3C(C(C(C(O3)CN)O)O)N)N	0.039	Amino acids and Peptides	Dipeptides	Carboxylic acids and derivatives	654.0	8127	EB-MSV000090464-gnps_ms2	transferred	1	491.2317	3.65	491.2315	3.5535	-0.407	-0.096	0.9996	unique	assigned
C29H39N5O7S	[M + H]+	1,2,4,5,6-pentahydroxyhexan-3-yl 1-{2-[N-methyl-3-phenyl-2-(phenylformamido)propanamido]acetyl}pyrrolidine-2-carboxylate	CN(CC(=O)N1CCCC1C(=O)OC(C(CO)O)C(C(CO)O)O)C(=O)C(CC2=CC=CC=C2)NC(=O)C3=CC=CC=C3	0.658	Amino acids and Peptides	Tripeptides	Carboxylic acids and derivatives	669.0	8130	EB-MSV000090464-gnps_ms2	transferred	1	602.2647	3.67	602.2642	3.678488	-0.83	0.008	0.9999	unique	assigned
C51H68N4O7	[M + Na]+		CCNC1CC2C=CCCC2CC1COC(=O)C34C(=O)C5=C(C=CC=C5C(=O)C3(O4)CC(=C(C)CCC6=CCNC7=C6CCC(N7)NC)CO)CC(C)(C)CC8=CNC(C=C8)N	0.031	Amino acids and Peptides	Cyclic peptides	Carboxylic acids and derivatives	2562.0	8136	EB-MSV000090464-gnps_ms2	transferred	3	871.4975	3.69	871.4982	3.819905	0.803	0.13	0.9307	ms2_tie	assigned
C48H72N4O8	[M + K]+		CC1=CC(=CC(=C1)CC2=C3C(=CC=N3)[N+](=C2)CC4C(C5C(CCC6C5(CC(C(=O)C6(C)C7CCCC7)CCCO)C)(C8(C4=C(C(=O)C8)C(C)CC(C9C(O9)(C)C)O)C)C)O)C	0.052	Polyketides	Depsipeptides	Peptidomimetics	2562.0	8140	EB-MSV000090464-gnps_ms2	transferred	4	871.4962	3.69	871.4982	3.819905	2.295	0.13	0.9265	ms2_tie	assigned
C37H48N4O5	[M + H]+	Fusahexin	CC1C2C(=O)N3C(CCC3O1)C(=O)NC(C(=O)NC(C(=O)NC(C(=O)NC(C(=O)N2)CC(C)C)C)CC(C)C)CC(C)C	0.65	Amino acids and Peptides	Cyclic peptides	Carboxylic acids and derivatives	578.0	8143	EB-MSV000090464-gnps_ms2	transferred	1	629.3688	3.69	629.3682	3.5935	-0.953	-0.096	0.9914	unique	assigned
C24H38N4O8	[M + H]+	6-{[(tert-butoxy)carbonyl](propan-2-yl)amino}-2-({[(9H-fluoren-9-yl)methoxy]carbonyl}amino)hexanoic acid	CC(C)N(CCCCC(C(=O)O)NC(=O)OCC1C2=CC=CC=C2C3=CC=CC=C13)C(=O)OC(C)(C)C	0.102	Amino acids and Peptides	Dipeptides	Carboxylic acids and derivatives	6745.0	8144	EB-MSV000090464-gnps_ms2	transferred	2	511.278	3.7	511.2779	3.717504	-0.196	0.018	1.0	unique	assigned
C28H49N5O6	[M + H]+	Leu-Pro-Leu-Pro-Leu	CC(C)CC(C(=O)N1CCCC1C(=O)NC(CC(C)C)C(=O)N2CCCC2C(=O)NC(CC(C)C)C(=O)O)N	0.811	Amino acids and Peptides	Cyclic peptides	Carboxylic acids and derivatives	546.0	8150	EB-MSV000090464-gnps_ms2	transferred	1	552.3743	3.71	552.3741	3.721	-0.362	0.011	0.9999	unique	assigned
C43H69N13O12	[M + H]+	H-Arg-Arg-Thr-Gly-Ala-Pro-Pro-Ala-Leu-al	CC(C)CC(C=O)NC(=O)C(C)NC(=O)C1CCCN1C(=O)C2CCCN2C(=O)C(C)NC(=O)CNC(=O)C(C(C)O)NC(=O)C(CCCN=C(N)N)NC(=O)C(CCCN=C(N)N)N	0.211	Amino acids and Peptides	Cyclic peptides	Carboxylic acids and derivatives	3589.0	8152	EB-MSV000090464-gnps_ms2	transferred	3	960.5193	3.71	960.518	3.718189	-1.353	0.008	1.0	ms2_winner	assigned
C11H13ClF4N2O3	[M + H]+	2,5-Bis(2,2,2-trifluoroethoxy)benzoic acid hydrazide	C1=CC(=C(C=C1OCC(F)(F)F)C(=O)NN)OCC(F)(F)F	0.117	Alkaloids	Pyridine alkaloids	Phenol ethers	1159.0	8153	EB-MSV000090464-gnps_ms2	transferred	1	333.0633	3.71	333.0633	3.71103	0.0	0.001	1.0	unique	assigned
C30H26O16	[M + H]+							3564.0	8154	EB-MSV000090464-gnps_ms2	transferred	1	643.1354	3.71	643.1354	3.709592	0.0	-0.0	1.0	unique	assigned
C12H14N3O5S	[M + H]+	N-(4,6-Dimethyl-2-pyrimidinyl)-4-(methyleneamino)benzenesulphonamide	CC1=CC(=NC(=N1)NS(=O)(=O)C2=CC=C(C=C2)N=C)C	0.144	Alkaloids	Pyridine alkaloids	Benzene and substituted derivatives	2700.0	8155	EB-MSV000090464-gnps_ms2	transferred	1	313.0748	3.71	313.0745	3.71103	-0.958	0.001	1.0	unique	assigned
C18H10O8	[M + H]+							9334.0	8156	EB-MSV000090464-gnps_ms2	transferred	1	355.0453	3.71	355.0453	3.707311	0.0	-0.003	0.9985	unique	assigned
C12H14N4O4S	[M + H]+	4-amino-N-(2,6-dimethoxypyrimidin-4-yl)benzene-1-sulfonamide	COC1=NC(=NC(=C1)NS(=O)(=O)C2=CC=C(C=C2)N)OC	0.773	Alkaloids	Pyridine alkaloids	Benzene and substituted derivatives	123.0	8158	EB-MSV000090464-gnps_ms2	transferred	1	311.0819	3.71	311.082	3.71103	0.321	0.001	1.0	unique	assigned
C35H54N6O7	[M + H]+	L-Valine, L-phenylalanyl-L-leucyl-L-valyl-L-prolyl-L-prolyl-	CC(C)CC(C(=O)NC(C(C)C)C(=O)N1CCCC1C(=O)N2CCCC2C(=O)NC(C(C)C)C(=O)O)NC(=O)C(CC3=CC=CC=C3)N	0.511	Amino acids and Peptides	Cyclic peptides	Carboxylic acids and derivatives	2426.0	8159	EB-MSV000090464-gnps_ms2	transferred	2	671.4166	3.72	671.416	3.798724	-0.894	0.079	1.0	unique	assigned
C30H46N6O10	[M + H]+	benzyl 2-[[3-[[2-[(2R)-3,3-dimethyl-2-[(2-methylpropan-2-yl)oxycarbonylamino]butanoyl]-2-azabicyclo[2.2.1]heptane-3-carbonyl]amino]-2-oxohexanoyl]amino]acetate	CCCC(C(=O)C(=O)NCC(=O)OCC1=CC=CC=C1)NC(=O)C2C3CCC(C3)N2C(=O)C(C(C)(C)C)NC(=O)OC(C)(C)C	0.128	Amino acids and Peptides	Cyclic peptides	Carboxylic acids and derivatives	2796.0	8161	EB-MSV000090464-gnps_ms2	transferred	1	651.3331	3.72	651.3342	3.722269	1.689	0.002	1.0	unique	assigned
C26H41N5O7	[M + H]+	(2S)-2-[[(2S)-1-[[(4R,5S,8S)-4-hydroxy-2,7-dioxo-5-propan-2-yl-1,6-diazacyclododec-8-yl]amino]-3-methyl-1-oxobutan-2-yl]carbamoylamino]-3-methylbutanoic acid	CC(C)C1C(CC(=O)NCCCCC(C(=O)N1)NC(=O)C(C(C)C)NC(=O)NC(C(C)C)C(=O)O)O	0.5	Amino acids and Peptides	Cyclic peptides	Carboxylic acids and derivatives	2236.0	8170	EB-MSV000090464-gnps_ms2	transferred	3	536.3075	3.73	536.3077	3.734891	0.373	0.005	1.0	unique	assigned
C64H73N3O8	[M + H]+	33-benzyl-9-(butan-2-yl)-27-(hydroxymethyl)-30-[(4-hydroxyphenyl)methyl]-18-(2-methylpropyl)-1,7,10,16,19,25,28,31,34-nonaazapentacyclo[34.3.0.0³,⁷.0¹²,¹⁶.0²¹,²⁵]nonatriacontane-2,8,11,17,20,26,29,32,35-nonone	CCC(C)C1C(=O)N2CCCC2C(=O)N3CCCC3C(=O)NC(C(=O)NC(C(=O)NC(C(=O)N4CCCC4C(=O)NC(C(=O)N5CCCC5C(=O)N1)CC(C)C)CO)CC6=CC=C(C=C6)O)CC7=CC=CC=C7	0.118	Amino acids and Peptides	Tripeptides	Carboxylic acids and derivatives	8122.0	8173	EB-MSV000090464-gnps_ms2	transferred	2	1012.5444	3.73	1012.5452	3.736946	0.79	0.007	0.9999	unique	assigned
C31H49N7O6	[M + Na]+	Boc-Val-Leu-Lys-MCA	CC1=CC(=O)OC2=C1C=CC(=C2)NC(=O)C(CCCCN)NC(=O)C(CC(C)C)NC(=O)C(C(C)C)NC(=O)OC(C)(C)C	0.331	Amino acids and Peptides	Tripeptides	Carboxylic acids and derivatives	4638.0	8178	EB-MSV000090464-gnps_ms2	transferred	3	638.3588	3.74	638.3586	3.74487	-0.313	0.005	0.9866	unique	assigned
C30H47N5O6	[M + H]+	Leu-Pro-Leu-Pro-Leu	CC(C)CC(C(=O)N1CCCC1C(=O)NC(CC(C)C)C(=O)N2CCCC2C(=O)NC(CC(C)C)C(=O)O)N	0.623	Amino acids and Peptides	Tripeptides	Carboxylic acids and derivatives	9977.0	8179	EB-MSV000090464-gnps_ms2	transferred	1	574.3603	3.74	574.3606	3.74345	0.522	0.003	1.0	unique	assigned
C28H37N5O5	[M + H]+	Ac-Leu-Pro-Phe-Ala-NHMe	CC(C)CC(C(=O)N1CCCC1C(=O)NC(CC2=CC=CC=C2)C(=O)NC(C)C(=O)NC)NC(=O)C	0.294	Amino acids and Peptides	Cyclic peptides	Carboxylic acids and derivatives	1713.0	8181	EB-MSV000090464-gnps_ms2	transferred	2	524.286	3.74	524.2863	3.745163	0.572	0.005	1.0	unique	assigned
C35H44N6O7	[M + H]+	Stephanotic Acid	CCC(C)C1C(=O)NC(C(=O)NC(CC2=CNC3=C2C=CC(=C3)C(C(C(=O)N1)NC(=O)C4CCC(=O)N4)C(C)C)C(=O)O)C(C)C	0.118	Amino acids and Peptides	Tripeptides	Carboxylic acids and derivatives	12987.0	8182	EB-MSV000090464-gnps_ms2	transferred	3	661.3419	3.74	661.3405	3.753633	-2.117	0.014	0.905	ms2_tie	assigned
C5H8Cl2N2	[M + H]+	Bis(2-chloroethyl)cyanamide	C(CCl)N(CCCl)C#N	0.013	Alkaloids	Pyrazine and Piperazine alkaloids	Aryl halides		8183	EB-MSV000090464-gnps_ms2	transferred	0	167.0131	3.74							no_match
C33H57N11O11	[M + Na]+	18-benzyl-3,15-bis(butan-2-yl)-21-(hydroxymethyl)-12-(2-methylpropyl)-1,4,10,13,16,19,22-heptaazatricyclo[22.3.0.0⁶,¹⁰]heptacosane-2,5,11,14,17,20,23-heptone	CCC(C)C1C(=O)NC(C(=O)N2CCCC2C(=O)NC(C(=O)N3CCCC3C(=O)NC(C(=O)NC(C(=O)N1)CC4=CC=CC=C4)CO)C(C)CC)CC(C)C	0.218	Amino acids and Peptides	Linear peptides	Carboxylic acids and derivatives	8950.0	8184	EB-MSV000090464-gnps_ms2	transferred	2	806.4121	3.75	806.4131	3.752469	1.24	0.002	1.0	unique	assigned
C25H34N4O6	[M + H]+	Cereusitin A	CC(C)CC1C(=O)N2CC(CC2C(=O)NC(C(=O)N3CC(CC3C(=O)N1)O)CC4=CC=CC=C4)O	0.806	Amino acids and Peptides	Tripeptides	Carboxylic acids and derivatives	3740.0	8186	EB-MSV000090464-gnps_ms2	transferred	3	487.2549	3.76	487.2547	3.759	-0.41	-0.001	1.0	unique	assigned
C69H82N4O7	[M + H]+	Circulin	CCC(C)C1C(=O)NC(C(=O)NC(C(=O)NC(C(=O)NCCC(C(=O)NC(C(=O)NC(C(=O)N1)CC(C)C)CCN)NC(=O)C(CCN)NC(=O)C(C(C)O)NC(=O)C(CCN)NC=O)C(C)O)CCN)CCN	0.843	Amino acids and Peptides	Linear peptides	Polypeptides	4619.0	8191	EB-MSV000090464-gnps_ms2	transferred	1	1079.6155	3.76	1079.6163	3.76675	0.741	0.007	0.9599	unique	assigned
C35H53N7O8	[M + H]+	20-(butan-2-yl)-6,18-dihydroxy-10-methyl-11-(2-methylpropyl)-23-(propan-2-yl)-22-oxa-3,4,10,13,19,25,26-heptaazatetracyclo[23.4.0.0³,⁸.0¹³,¹⁷]nonacos-18-ene-2,9,12,21,24-pentone	CCC(C)C1C(=O)OC(C(=O)N2C(CCCN2)C(=O)N3C(CC(CN3)O)C(=O)N(C(C(=O)N4CCCC4C(=O)N1)CC(C)C)C)C(C)C	0.146	Amino acids and Peptides	Cyclic peptides	Carboxylic acids and derivatives	8579.0	8193	EB-MSV000090464-gnps_ms2	transferred	1	700.4076	3.76	700.4071	3.767983	-0.714	0.008	0.8427	unique	assigned
C16H33NO3	[M + H]+	N,N-Bis(2-Hydroxyethyl)Dodecanamide	CCCCCCCCCCCC(=O)N(CCO)CCO	0.121	Fatty acids	N-acyl amines	Fatty Acyls	13097.0	8196	EB-MSV000090464-gnps_ms2	transferred	2	288.2538	3.78	288.2527	3.596994	-3.816	-0.183	1.0	ms2_tie	assigned
C28H46N4O6	[M + K]+	(2S)-2-[[(2S)-1-[(2S)-4-methyl-2-[[(2S)-1-[2-[[(2S)-pyrrolidin-1-ium-2-carbonyl]amino]acetyl]pyrrolidine-2-carbonyl]amino]pentanoyl]pyrrolidine-2-carbonyl]amino]propanoate	CC(C)CC(C(=O)N1CCCC1C(=O)NC(C)C(=O)O)NC(=O)C2CCCN2C(=O)CNC(=O)C3CCCN3	0.841	Amino acids and Peptides	Tripeptides	Carboxylic acids and derivatives	6175.0	8198	EB-MSV000090464-gnps_ms2	transferred	1	573.304	3.78	573.3043	3.781332	0.523	0.001	1.0	unique	assigned
C35H54N6O7	[M + H]+	L-Valine, L-phenylalanyl-L-leucyl-L-valyl-L-prolyl-L-prolyl-	CC(C)CC(C(=O)NC(C(C)C)C(=O)N1CCCC1C(=O)N2CCCC2C(=O)NC(C(C)C)C(=O)O)NC(=O)C(CC3=CC=CC=C3)N	0.516	Amino acids and Peptides	Cyclic peptides	Carboxylic acids and derivatives	2426.0	8202	EB-MSV000090464-gnps_ms2	transferred	2	671.4152	3.79	671.416	3.798724	1.192	0.009	0.9812	unique	assigned
C44H75N7O18	[M + H]+	Angiotensin II, sar(1)-phe(4)-ile(8)-	CCC(C)C(C(=O)NC(CC1=CN=CN1)C(=O)N2CCCC2C(=O)NC(C(C)CC)C(=O)O)NC(=O)C(CC3=CC=CC=C3)NC(=O)C(C(C)C)NC(=O)C(CCCN=C(N)N)NC(=O)CNC	0.264	Amino acids and Peptides	Cyclic peptides	Carboxylic acids and derivatives	3583.0	8213	EB-MSV000090464-gnps_ms2	transferred	4	990.5259	3.81	990.5247	3.804895	-1.211	-0.005	1.0	ms2_tie	assigned
C44H61N7O11	[M + H]+	H-Tyr-Pro-Phe-Val-Glu-Pro-Ile-OH	CCC(C)C(C(=O)O)NC(=O)C1CCCN1C(=O)C(CCC(=O)O)NC(=O)C(C(C)C)NC(=O)C(CC2=CC=CC=C2)NC(=O)C3CCCN3C(=O)C(CC4=CC=C(C=C4)O)N	0.938	Amino acids and Peptides	Tripeptides	Carboxylic acids and derivatives	7732.0	8220	EB-MSV000090464-gnps_ms2	transferred	2	864.4523	3.81	864.4522	3.818	-0.116	0.008	0.9343	unique	assigned
C41H63N9O12	[M + H]+	H-Ala-Leu-Gly-Ser-Tyr-Ala-Pro-Pro-Val-OH	CC(C)CC(C(=O)NCC(=O)NC(CO)C(=O)NC(CC1=CC=C(C=C1)O)C(=O)NC(C)C(=O)N2CCCC2C(=O)N3CCCC3C(=O)NC(C(C)C)C(=O)O)NC(=O)C(C)N	0.846	Amino acids and Peptides	Cyclic peptides	Carboxylic acids and derivatives	6723.0	8223	EB-MSV000090464-gnps_ms2	transferred	2	874.4702	3.81	874.4718	3.816863	1.83	0.007	0.8907	unique	assigned
C13H20N2S	[M + Na]+	4-(9H-carbazol-9-ium-9-yl)aniline	C1=CC=C2C(=C1)C3=CC=CC=C3N2C4=CC=C(C=C4)N	0.268	Alkaloids	Carboline alkaloids	Benzene and substituted derivatives	2158.0	8226	EB-MSV000090464-gnps_ms2	transferred	1	259.1228	3.8	259.1228	3.809218	0.0	0.009	1.0	unique	assigned
C55H88N16O15	[M + H]+	H-Ala-Asn-Ser-Arg-Trp-Pro-Lys(Ac)-Ser-Ile-Ile-OH	CCC(C)C(C(=O)NC(C(C)CC)C(=O)O)NC(=O)C(CO)NC(=O)C(CCCCNC(=O)C)NC(=O)C1CCCN1C(=O)C(CC2=CNC3=CC=CC=C32)NC(=O)C(CCCN=C(N)N)NC(=O)C(CO)NC(=O)C(CC(=O)N)NC(=O)C(C)N		Amino acids and Peptides	Cyclic peptides	Carboxylic acids and derivatives	1650.0	8234	EB-MSV000090464-gnps_ms2	transferred	3	1213.6596	3.82	1213.652	3.824011	-6.262	0.004	1.0	unique	assigned
C43H69N13O12	[M + H]+	H-Arg-Arg-Thr-Gly-Ala-Pro-Pro-Ala-Leu-al	CC(C)CC(C=O)NC(=O)C(C)NC(=O)C1CCCN1C(=O)C2CCCN2C(=O)C(C)NC(=O)CNC(=O)C(C(C)O)NC(=O)C(CCCN=C(N)N)NC(=O)C(CCCN=C(N)N)N	0.215	Amino acids and Peptides	Cyclic peptides	Carboxylic acids and derivatives		8237	EB-MSV000090464-gnps_ms2	transferred	3	960.5183	3.82							low_cosine
C15H25N3O6	[M + H]+	5-[(1-Carboxy-2-methylpropyl)amino]-5-oxo-4-(pyrrolidine-2-carbonylamino)pentanoic acid	CC(C)C(C(=O)O)NC(=O)C(CCC(=O)O)NC(=O)C1CCCN1	0.537	Amino acids and Peptides	Dipeptides	Carboxylic acids and derivatives	2331.0	8242	EB-MSV000090464-gnps_ms2	transferred	2	344.1813	3.83	344.1813	3.831033	0.0	0.001	0.9985	unique	assigned
C40H60N8O8	[M + H]+	2-[21-benzyl-18-(butan-2-yl)-15-(2-methylpropyl)-2,5,8,14,17,20,23-heptaoxo-6-(propan-2-yl)-1,4,7,13,16,19,22-heptaazatricyclo[22.3.0.0⁹,¹³]heptacosan-3-yl]acetamide	CCC(C)C1C(=O)NC(C(=O)N2CCCC2C(=O)NC(C(=O)NC(C(=O)N3CCCC3C(=O)NC(C(=O)N1)CC4=CC=CC=C4)CC(=O)N)C(C)C)CC(C)C	0.513	Amino acids and Peptides	Cyclic peptides	Carboxylic acids and derivatives	2210.0	8245	EB-MSV000090464-gnps_ms2	transferred	3	781.4655	3.82	781.4653	3.833	-0.256	0.013	0.982	ms2_tie	assigned
C45H67N9O12	[M + H]+	H-Val-Pro-Pro-Phe-Ile-Gln-Pro-Glu-OH	CCC(C)C(C(=O)NC(CCC(=O)N)C(=O)N1CCCC1C(=O)NC(CCC(=O)O)C(=O)O)NC(=O)C(CC2=CC=CC=C2)NC(=O)C3CCCN3C(=O)C4CCCN4C(=O)C(C(C)C)N	0.965	Amino acids and Peptides	Cyclic peptides	Carboxylic acids and derivatives	3357.0	8246	EB-MSV000090464-gnps_ms2	transferred	2	926.4939	3.83	926.4962	3.829	2.482	-0.001	0.9528	unique	assigned
C40H60N8O8	[M + H]+	2-[21-benzyl-18-(butan-2-yl)-15-(2-methylpropyl)-2,5,8,14,17,20,23-heptaoxo-6-(propan-2-yl)-1,4,7,13,16,19,22-heptaazatricyclo[22.3.0.0⁹,¹³]heptacosan-3-yl]acetamide	CCC(C)C1C(=O)NC(C(=O)N2CCCC2C(=O)NC(C(=O)NC(C(=O)N3CCCC3C(=O)NC(C(=O)N1)CC4=CC=CC=C4)CC(=O)N)C(C)C)CC(C)C	0.61	Amino acids and Peptides	Cyclic peptides	Carboxylic acids and derivatives	2210.0	8250	EB-MSV000090464-gnps_ms2	transferred	5	781.4635	3.83	781.4653	3.833	2.303	0.003	0.9798	ms2_tie	assigned
C71H85N3O8	[M + K]+	H-Gln-Pro-Pro-Val-Pro-Pro-Gln-Arg-Pro-Met-OH	CC(C)C(C(=O)N1CCCC1C(=O)N2CCCC2C(=O)NC(CCC(=O)N)C(=O)NC(CCCN=C(N)N)C(=O)N3CCCC3C(=O)NC(CCSC)C(=O)O)NC(=O)C4CCCN4C(=O)C5CCCN5C(=O)C(CCC(=O)N)N	0.063	Amino acids and Peptides	RiPPs	Carboxylic acids and derivatives	2089.0	8258	EB-MSV000090464-gnps_ms2	transferred	1	1146.6101	3.83	1146.611	3.835	0.785	0.005	1.0	unique	assigned
C55H82F3N11O12	[M + H]+	H-Gln-Pro-Pro-Val-Pro-Pro-Gln-Arg-Pro-Met-OH	CC(C)C(C(=O)N1CCCC1C(=O)N2CCCC2C(=O)NC(CCC(=O)N)C(=O)NC(CCCN=C(N)N)C(=O)N3CCCC3C(=O)NC(CCSC)C(=O)O)NC(=O)C4CCCN4C(=O)C5CCCN5C(=O)C(CCC(=O)N)N		Amino acids and Peptides	Linear peptides	Carboxylic acids and derivatives	2202.0	8270	EB-MSV000090464-gnps_ms2	transferred	2	1146.6178	3.83	1146.6268	3.834775	7.849	0.005	0.9999	ms2_winner	assigned
C67H83BN4O12	[M + H]+	N''-(2-{31'-amino-4-[7-(ethylamino)-1-hydroxy-10-methyl-6-methylideneundeca-2,4,9-trien-2-yl]-5,10',15',36'-tetrahydroxy-6',10'-dimethyl-5',33'-dioxo-24',25'-dithia-32',34'-diazaspiro[cyclopentane-1,11'-hexacyclo[20.11.4.1¹⁷,²¹.0²,³⁰.0³,²⁷.0⁷,¹²]octatriacontane]-2'(30'),3'(27'),6',17'(38'),18',20',28'-heptaen-37'-yl}-2-(4-hydroxyphenyl)ethyl)guanidine	CCNC(CC=C(C)C)C(=C)C=CC=C(CO)C1CCC2(C1O)C3CCC(CC4=CC(=CC=C4)C5CSSCC6=C(CC(=O)C(=C3CCC2(C)O)C)C7=C(C=C6)C(NC(=O)C7NCC(C5C(CN=C(N)N)C8=CC=C(C=C8)O)O)N)O		Amino acids and Peptides	Cyclic peptides	Carboxylic acids and derivatives		8274	EB-MSV000090464-gnps_ms2	transferred	1	1146.6266	3.83							low_cosine
C56H85N9O15	[M + H]+	3-[3-benzyl-6,21-bis(butan-2-yl)-9-(2-carboxyethyl)-10,25,28-trimethyl-2,5,8,11,14,20,23,26,29,32-decaoxo-12,27-bis(propan-2-yl)-7-oxa-1,4,10,13,19,22,25,28,31-nonaazatricyclo[31.3.0.0¹⁵,¹⁹]hexatriacontan-24-yl]propanoic acid	CCC(C)C1C(=O)N2CCCC2C(=O)NC(C(=O)N(C(C(=O)OC(C(=O)NC(C(=O)N3CCCC3C(=O)NCC(=O)N(C(C(=O)N(C(C(=O)N1)CCC(=O)O)C)C(C)C)C)CC4=CC=CC=C4)C(C)CC)CCC(=O)O)C)C(C)C	0.637	Amino acids and Peptides	Cyclic peptides	Carboxylic acids and derivatives	20.0	8283	EB-MSV000090464-gnps_ms2	transferred	3	1124.6315	3.83	1124.6323	3.834204	0.711	0.004	0.9999	ms2_winner	assigned
C53H59N3O9	[M + H]+	Ac-Thr-Thr-Pro-Ala-Ala-Phe-Ala-Tyr-NH2	CC(C(C(=O)NC(C(C)O)C(=O)N1CCCC1C(=O)NC(C)C(=O)NC(C)C(=O)NC(CC2=CC=CC=C2)C(=O)NC(C)C(=O)NC(CC3=CC=C(C=C3)O)C(=O)N)NC(=O)C)O	0.73	Amino acids and Peptides	Linear peptides	Carboxylic acids and derivatives	6892.0	8286	EB-MSV000090464-gnps_ms2	transferred	2	882.4331	3.83	882.4325	3.824	-0.68	-0.006	0.9931	ms2_tie	assigned
C28H39N5O5	[M + H]+	H-DL-Phe-DL-Lys-DL-Pro-DL-Leu-OH	CC(C)CC(C(=O)O)NC(=O)C1CCCN1C(=O)C(CCCCN)NC(=O)C(CC2=CC=CC=C2)N	0.096	Amino acids and Peptides	Cyclic peptides	Carboxylic acids and derivatives	1751.0	8305	EB-MSV000090464-gnps_ms2	transferred	2	526.3012	3.85	526.3007	3.849	-0.95	-0.001	0.9898	unique	assigned
C46H64N8O10	[M + H]+	Val-Tyr-Pro-Phe-Pro-Gly-Pro-Ile	CCC(C)C(C(=O)O)NC(=O)C1CCCN1C(=O)CNC(=O)C2CCCN2C(=O)C(CC3=CC=CC=C3)NC(=O)C4CCCN4C(=O)C(CC5=CC=C(C=C5)O)NC(=O)C(C(C)C)N	0.589	Amino acids and Peptides	Cyclic peptides	Carboxylic acids and derivatives	86.0	8308	EB-MSV000090464-gnps_ms2	transferred	1	889.4865	3.85	889.4871	3.853	0.675	0.003	1.0	unique	assigned
C43H62N10O12	[M + H]+	Nostophycin	CCC(C)C1C(=O)N2CCCC2C(=O)NC(C(C(=O)NC(C(=O)NCC(=O)N3CCCC3C(=O)NC(C(=O)N1)CC4=CC=CC=C4)CCC(=O)N)O)CC(CCCC5=CC=CC=C5)O	0.115	Amino acids and Peptides	Linear peptides	Carboxylic acids and derivatives	1387.0	8318	EB-MSV000090464-gnps_ms2	transferred	2	911.4616	3.86	911.4619	3.865	0.329	0.005	0.7678	unique	assigned
C48H67N9O12	[M + H]+	H-Phe-Pro-Pro-Thr-Ser-Phe-Gly-Pro-Leu-OH	CC(C)CC(C(=O)O)NC(=O)C1CCCN1C(=O)CNC(=O)C(CC2=CC=CC=C2)NC(=O)C(CO)NC(=O)C(C(C)O)NC(=O)C3CCCN3C(=O)C4CCCN4C(=O)C(CC5=CC=CC=C5)N	0.368	Amino acids and Peptides	Cyclic peptides	Carboxylic acids and derivatives	4505.0	8325	EB-MSV000090464-gnps_ms2	transferred	1	962.4964	3.88	962.4944	3.881	-2.078	0.001	1.0	unique	assigned
C37H62N8O14	[M + H]+	H-Pro-Ala-Pro-Lys-Pro-Ala-Pro-Lys-OH	CC(C(=O)N1CCCC1C(=O)NC(CCCCN)C(=O)N2CCCC2C(=O)NC(C)C(=O)N3CCCC3C(=O)NC(CCCCN)C(=O)O)NC(=O)C4CCCN4	0.528	Amino acids and Peptides	Linear peptides	Carboxylic acids and derivatives	5735.0	8328	EB-MSV000090464-gnps_ms2	transferred	2	843.4476	3.88	843.4458	3.882	-2.134	0.002	1.0	unique	assigned
C25H36N4O5	[M + H]+	Ile-Phe-Pro-Pro	CCC(C)C(C(=O)NC(CC1=CC=CC=C1)C(=O)N2CCCC2C(=O)N3CCCC3C(=O)O)N	0.789	Amino acids and Peptides	Cyclic peptides	Carboxylic acids and derivatives	3186.0	8332	EB-MSV000090464-gnps_ms2	transferred	3	473.2754	3.89	473.2756	3.894	0.423	0.004	0.9981	ms2_tie	assigned
C34H45N5O7	[M + H]+	2-({1-[2-({1-[2-amino-3-(4-hydroxyphenyl)propanoyl]pyrrolidin-2-yl}formamido)-3-methylpentanoyl]pyrrolidin-2-yl}formamido)-3-phenylpropanoic acid	CCC(C)C(C(=O)N1CCCC1C(=O)NC(CC2=CC=CC=C2)C(=O)O)NC(=O)C3CCCN3C(=O)C(CC4=CC=C(C=C4)O)N	0.871	Amino acids and Peptides	Anabaenopeptins	Carboxylic acids and derivatives	7523.0	8333	EB-MSV000090464-gnps_ms2	transferred	4	636.3393	3.9	636.3438	3.880533	7.072	-0.019	0.9941	ms2_tie	assigned
C34H45N5O7	[M + H]+	2-({1-[2-({1-[2-amino-3-(4-hydroxyphenyl)propanoyl]pyrrolidin-2-yl}formamido)-3-methylpentanoyl]pyrrolidin-2-yl}formamido)-3-phenylpropanoic acid	CCC(C)C(C(=O)N1CCCC1C(=O)NC(CC2=CC=CC=C2)C(=O)O)NC(=O)C3CCCN3C(=O)C(CC4=CC=C(C=C4)O)N	0.943	Amino acids and Peptides	Tripeptides	Carboxylic acids and derivatives	7523.0	8337	EB-MSV000090464-gnps_ms2	transferred	3	636.3384	3.9	636.3438	3.880533	8.486	-0.019	0.9977	ms2_tie	assigned
C12H14N4O4S	[M + H]+	4-amino-N-(2,6-dimethoxypyrimidin-4-yl)benzene-1-sulfonamide	COC1=NC(=NC(=C1)NS(=O)(=O)C2=CC=C(C=C2)N)OC	0.77	Alkaloids	Pyridine alkaloids	Benzene and substituted derivatives	123.0	8338	EB-MSV000090464-gnps_ms2	transferred	1	311.0821	3.9	311.082	3.71103	-0.321	-0.189	0.8982	unique	assigned
C48H69N11O13	[M + H]+	H-Leu-Gln-Leu-Pro-Gln-Gly-Thr-Thr-Leu-OH	CC(C)CC(C(=O)NC(CCC(=O)N)C(=O)NC(CC(C)C)C(=O)N1CCCC1C(=O)NC(CCC(=O)N)C(=O)NCC(=O)NC(C(C)O)C(=O)NC(C(C)O)C(=O)NC(CC(C)C)C(=O)O)N	0.169	Amino acids and Peptides	Linear peptides	Carboxylic acids and derivatives		8341	EB-MSV000090464-gnps_ms2	transferred	2	1008.5202	3.91							low_cosine
C44H73N11O13	[M + Na]+	H-Ser-Leu-Phe-Leu-Gly-Ile-Leu-Ser-Val-OH	CCC(C)C(C(=O)NC(CC(C)C)C(=O)NC(CO)C(=O)NC(C(C)C)C(=O)O)NC(=O)CNC(=O)C(CC(C)C)NC(=O)C(CC1=CC=CC=C1)NC(=O)C(CC(C)C)NC(=O)C(CO)N	0.146	Amino acids and Peptides	Cyclic peptides	Carboxylic acids and derivatives	345.0	8343	EB-MSV000090464-gnps_ms2	transferred	1	986.5331	3.91	986.5312	3.909353	-1.926	-0.001	1.0	unique	assigned
C15H31N3O11	[M + H]+	12Β-Hydroxyverruculogen Tr-2	CC(C)(CC1C2=C(C(C3(N1C(=O)C4CCCN4C3=O)O)O)C5=C(N2)C=C(C=C5)OC)O	0.343	Amino acids and Peptides	Dipeptides	Carboxylic acids and derivatives	3448.0	8344	EB-MSV000090464-gnps_ms2	transferred	2	430.1998	3.91	430.1999	3.914	0.232	0.004	0.9984	unique	assigned
C61H73N5O7	[M + H]+	Angiotensin II, sar(1)-val(5)-	CC(C)C(C(=O)NC(CC1=CC=C(C=C1)O)C(=O)NC(C(C)C)C(=O)NC(CC2=CN=CN2)C(=O)N3CCCC3C(=O)NC(CC4=CC=CC=C4)C(=O)O)NC(=O)C(CCCN=C(N)N)NC(=O)CNC	0.228	Amino acids and Peptides	Cyclic peptides	Carboxylic acids and derivatives	1196.0	8346	EB-MSV000090464-gnps_ms2	transferred	2	988.5487	3.92	988.5466	3.921	-2.124	0.001	1.0	ms2_winner	assigned
C37H63N9O9	[M + Na]+	fur-2-oyl-DL-Leu-DL-xiIle-Gly-DL-Arg-DL-Leu-DL-Orn-NH2	CCC(C)C(C(=O)NCC(=O)NC(CCCN=C(N)N)C(=O)NC(CC(C)C)C(=O)NC(CCCN)C(=O)N)NC(=O)C(CC(C)C)NC(=O)C1=CC=CO1	0.12	Amino acids and Peptides	Tripeptides	Carboxylic acids and derivatives	5968.0	8348	EB-MSV000090464-gnps_ms2	transferred	4	800.4671	3.93	800.4706	4.009038	4.372	0.079	0.9781	ms2_winner	assigned
C34H56N10O9	[M + H]+	Ac-Glu-Val-Ala-Pro-Pro-Val-Pro-NH2	CC(C)C(C(=O)NC(C)C(=O)N1CCCC1C(=O)N2CCCC2C(=O)NC(C(C)C)C(=O)N3CCCC3C(=O)N)NC(=O)C(CCC(=O)O)NC(=O)C	0.185	Amino acids and Peptides	Cyclic peptides	Carboxylic acids and derivatives	9436.0	8349	EB-MSV000090464-gnps_ms2	transferred	2	749.4285	3.93	749.4272	3.936	-1.735	0.006	0.9394	unique	assigned
C18H29N3O6	[M + H]+	Citrocarbonate	CC(C)(C)OC(=O)N1CCCC1C(=O)N2CCCC2C(=O)NCCC(=O)O	0.27	Amino acids and Peptides	Tripeptides	Carboxylic acids and derivatives	3415.0	8353	EB-MSV000090464-gnps_ms2	transferred	3	384.2128	3.92	384.2147	3.924	4.945	0.004	1.0	unique	assigned
C36H63N11O8	[M + Na]+	fur-2-oyl-DL-Leu-DL-xiIle-Gly-DL-Arg-DL-Leu-DL-Orn-NH2	CCC(C)C(C(=O)NCC(=O)NC(CCCN=C(N)N)C(=O)NC(CC(C)C)C(=O)NC(CCCN)C(=O)N)NC(=O)C(CC(C)C)NC(=O)C1=CC=CO1	0.081	Amino acids and Peptides	Cyclic peptides	Carboxylic acids and derivatives	5968.0	8355	EB-MSV000090464-gnps_ms2	transferred	4	800.4683	3.93	800.4706	4.009038	2.873	0.079	0.9999	ms2_tie	assigned
C77H76N6O8	[M + H]+	cyclo[Phe-D-Phe-Val-DL-Pro-Pro-Phe-D-Phe-Val-DL-Pro-Pro]	CC(C)C1C(=O)N2CCCC2C(=O)N3CCCC3C(=O)NC(C(=O)NC(C(=O)NC(C(=O)N4CCCC4C(=O)N5CCCC5C(=O)NC(C(=O)NC(C(=O)N1)CC6=CC=CC=C6)CC7=CC=CC=C7)C(C)C)CC8=CC=CC=C8)CC9=CC=CC=C9	0.936	Amino acids and Peptides	Cyclic peptides	Carboxylic acids and derivatives	2953.0	8362	EB-MSV000090464-gnps_ms2	transferred	2	1213.5824	3.93	1213.5822	3.929	-0.165	-0.001	1.0	unique	assigned
C38H52N6O7	[M + H]+	Et-Phe-Val-Ala-Pro-Phe-Pro-OH	CCNC(CC1=CC=CC=C1)C(=O)NC(C(C)C)C(=O)NC(C)C(=O)N2CCCC2C(=O)NC(CC3=CC=CC=C3)C(=O)N4CCCC4C(=O)O	0.828	Amino acids and Peptides	Tripeptides	Carboxylic acids and derivatives	7783.0	8363	EB-MSV000090464-gnps_ms2	transferred	3	705.4009	3.94	705.4001	3.939	-1.134	-0.001	0.964	ms2_winner	assigned
C47H61N9O13	[M + H]+	H-Pro-Pro-Ala-Leu-Pro-Ser-Ser-Ala-Pro-Ser-NH2	CC(C)CC(C(=O)N1CCCC1C(=O)NC(CO)C(=O)NC(CO)C(=O)NC(C)C(=O)N2CCCC2C(=O)NC(CO)C(=O)N)NC(=O)C(C)NC(=O)C3CCCN3C(=O)C4CCCN4	0.408	Amino acids and Peptides	Anabaenopeptins	Carboxylic acids and derivatives	592.0	8365	EB-MSV000090464-gnps_ms2	transferred	1	960.4465	3.93	960.447	3.931	0.521	0.001	1.0	unique	assigned
C40H67N9O8	[M + H]+	H-Leu-His-Leu-Pro-Leu-Pro-Leu-OH	CC(C)CC(C(=O)NC(CC1=CN=CN1)C(=O)NC(CC(C)C)C(=O)N2CCCC2C(=O)NC(CC(C)C)C(=O)N3CCCC3C(=O)NC(CC(C)C)C(=O)O)N	0.237	Amino acids and Peptides	Tripeptides	Carboxylic acids and derivatives	6037.0	8367	EB-MSV000090464-gnps_ms2	transferred	2	802.5231	3.94	802.5197	3.931	-4.237	-0.009	0.9999	unique	assigned
C29H46N6O9	[M + H]+	Nocardamin	C1CCNC(=O)CCC(=O)N(CCCCCNC(=O)CCC(=O)N(CCCCCNC(=O)CCC(=O)N(CC1)O)O)O	0.028	Amino acids and Peptides	Tripeptides	Carboxylic acids and derivatives	6048.0	8374	EB-MSV000090464-gnps_ms2	transferred	2	623.3398	3.94	623.3401	3.946	0.481	0.006	1.0	unique	assigned
C26H38N4O5	[M + H]+	H-Ala-Gly-Leu-Leu-Gly-Gly-OH	CC(C)CC(C(=O)NC(CC(C)C)C(=O)NCC(=O)NCC(=O)O)NC(=O)CNC(=O)C(C)N	0.137	Amino acids and Peptides	Tripeptides	Carboxylic acids and derivatives	2304.0	8384	EB-MSV000090464-gnps_ms2	transferred	2	487.2908	3.96	487.2898	3.962	-2.052	0.002	1.0	unique	assigned
C20H29N3O4	[M + H]+	2-{[1-(2-amino-3-phenylpropanoyl)piperidin-4-yl]formamido}-3-methylbutanoic acid	CC(C)C(C(=O)O)NC(=O)C1CCN(CC1)C(=O)C(CC2=CC=CC=C2)N	0.364	Amino acids and Peptides	Dipeptides	Carboxylic acids and derivatives	5352.0	8389	EB-MSV000090464-gnps_ms2	transferred	3	376.2239	3.97	376.2239	3.780514	0.0	-0.189	0.9975	unique	assigned
C57H90N14O14	[M + H]+	H-Arg-Arg-Leu-Pro-Ile-Phe-Ser-Arg-Leu-OH	CCC(C)C(C(=O)NC(CC1=CC=CC=C1)C(=O)NC(CO)C(=O)NC(CCCN=C(N)N)C(=O)NC(CC(C)C)C(=O)O)NC(=O)C2CCCN2C(=O)C(CC(C)C)NC(=O)C(CCCN=C(N)N)NC(=O)C(CCCN=C(N)N)N	0.298	Amino acids and Peptides	Linear peptides	Polypeptides	5883.0	8403	EB-MSV000090464-gnps_ms2	transferred	4	1195.6746	3.97	1195.6735	3.973617	-0.92	0.004	1.0	unique	assigned
C19H35NO4	[M + H]+	11-Dodecenoylcarnitine	C[N+](C)(C)CC(CC(=O)O)OC(=O)CCCCCCCCCC=C	0.074	Alkaloids	Piperidine alkaloids	Carboxylic acids and derivatives	3983.0	8414	EB-MSV000090464-gnps_ms2	transferred	1	342.2635	3.97	342.2635	3.967781	0.0	-0.002	1.0	unique	assigned
C41H64N10O13	[M + H]+	H-Val-Glu-Val-Phe-Ala-Pro-Pro-Phe-OH	CC(C)C(C(=O)NC(CCC(=O)O)C(=O)NC(C(C)C)C(=O)NC(CC1=CC=CC=C1)C(=O)NC(C)C(=O)N2CCCC2C(=O)N3CCCC3C(=O)NC(CC4=CC=CC=C4)C(=O)O)N	0.518	Amino acids and Peptides	Cyclic peptides	Carboxylic acids and derivatives	4798.0	8415	EB-MSV000090464-gnps_ms2	transferred	4	905.4752	3.98	905.4763	3.979	1.215	-0.001	1.0	ms2_tie	assigned
C32H45N5O8	[M + Na]+	Ac-Pro-Leu-Pro-Pro-Tyr-OH	CC(C)CC(C(=O)N1CCCC1C(=O)N2CCCC2C(=O)NC(CC3=CC=C(C=C3)O)C(=O)O)NC(=O)C4CCCN4C(=O)C	0.918	Amino acids and Peptides	Tripeptides	Carboxylic acids and derivatives	1293.0	8433	EB-MSV000090464-gnps_ms2	transferred	2	650.3178	4.01	650.3185	4.010874	1.076	0.001	0.9999	unique	assigned
C37H63N9O9	[M + Na]+	fur-2-oyl-DL-Leu-DL-xiIle-Gly-DL-Arg-DL-Leu-DL-Orn-NH2	CCC(C)C(C(=O)NCC(=O)NC(CCCN=C(N)N)C(=O)NC(CC(C)C)C(=O)NC(CCCN)C(=O)N)NC(=O)C(CC(C)C)NC(=O)C1=CC=CO1	0.114	Amino acids and Peptides	Tripeptides	Carboxylic acids and derivatives	5968.0	8435	EB-MSV000090464-gnps_ms2	transferred	2	800.4644	4.01	800.4706	4.009038	7.746	-0.001	0.9692	ms2_tie	assigned
C37H63N9O9	[M + Na]+	fur-2-oyl-DL-Leu-DL-xiIle-Gly-DL-Arg-DL-Leu-DL-Orn-NH2	CCC(C)C(C(=O)NCC(=O)NC(CCCN=C(N)N)C(=O)NC(CC(C)C)C(=O)NC(CCCN)C(=O)N)NC(=O)C(CC(C)C)NC(=O)C1=CC=CO1	0.038	Amino acids and Peptides	Tripeptides	Carboxylic acids and derivatives	5968.0	8437	EB-MSV000090464-gnps_ms2	transferred	4	800.4696	4.02	800.4706	4.009038	1.249	-0.011	0.9802	ms2_tie	assigned
C47H61N9O13	[M + H]+	Glycoprotein B (485-492)	CCC(C)C(C(=O)NC(CCC(=O)O)C(=O)NC(CC1=CC=CC=C1)C(=O)NC(C)C(=O)NC(CCCN=C(N)N)C(=O)NC(CC(C)C)C(=O)O)NC(=O)C(CO)NC(=O)C(CO)N	0.205	Amino acids and Peptides	Cyclic peptides	Carboxylic acids and derivatives	592.0	8445	EB-MSV000090464-gnps_ms2	transferred	1	960.4442	4.03	960.447	3.931	2.915	-0.099	0.9873	unique	assigned
C52H73N7O12	[M + H]+	Angiotensin II, sar(1)-val(5)-	CC(C)C(C(=O)NC(CC1=CC=C(C=C1)O)C(=O)NC(C(C)C)C(=O)NC(CC2=CN=CN2)C(=O)N3CCCC3C(=O)NC(CC4=CC=CC=C4)C(=O)O)NC(=O)C(CCCN=C(N)N)NC(=O)CNC	0.309	Amino acids and Peptides	Cyclic peptides	Carboxylic acids and derivatives	5556.0	8450	EB-MSV000090464-gnps_ms2	transferred	2	988.5489	4.05	988.5482	4.05769	-0.708	0.008	0.9999	ms2_winner	assigned
C48H71N9O12	[M + H]+	6-benzyl-21-(butan-2-yl)-9-(1-hydroxyethyl)-3-[(4-hydroxyphenyl)methyl]-18,24-bis(2-methylpropyl)-1,4,7,10,16,19,22-heptaazatricyclo[25.3.0.0¹²,¹⁶]triacontan-2,5,8,11,17,20,23,26-octone	CCC(C)C1C(=O)NC(C(=O)N2CCCC2C(=O)NC(C(=O)NC(C(=O)NC(C(=O)N3CCCC3C(=O)CC(C(=O)N1)CC(C)C)CC4=CC=C(C=C4)O)CC5=CC=CC=C5)C(C)O)CC(C)C	0.267	Amino acids and Peptides	Cyclic peptides	Carboxylic acids and derivatives	1953.0	8456	EB-MSV000090464-gnps_ms2	transferred	1	966.5325	4.06	966.5309	4.068	-1.655	0.008	1.0	unique	assigned
C11H20FN3O2	[M + K]+	2,6-Dimethyl-4-(hexahydro-1H-azepin-1-yl)-3-pyridinecarbonitrile 1-oxide	CC1=CC(=C(C(=[N+]1[O-])C)C#N)N2CCCCCC2	0.063	Alkaloids	Pyridine alkaloids	Heteroaromatic compounds	4174.0	8457	EB-MSV000090464-gnps_ms2	transferred	1	284.1188	4.07	284.119	4.056657	0.704	-0.013	1.0	unique	assigned
C47H78N6O16	[M + H]+	H-Ser-His-Pro-Arg-Pro-Ile-Arg-Unk	CCC(C)C(C(=O)NC(CCCN=C(N)N)C(=O)NC(C1OO1)C(C)C)NC(=O)C2CCCN2C(=O)C(CCCN=C(N)N)NC(=O)C3CCCN3C(=O)C(CC4=CN=CN4)NC(=O)C(CO)N	0.093	Amino acids and Peptides	Linear peptides	Carboxylic acids and derivatives	18930.0	8458	EB-MSV000090464-gnps_ms2	transferred	2	983.5556	4.07	983.555	4.070648	-0.61	0.001	0.9956	ms2_tie	assigned
C44H59N3O7	[M + H]+		CCC1CCCCC(C2C(CC3C(=CC2C#C1)CCC4=CC(=C(C=C34)OC5C(CCC(C5O)O)C(CC6=CC=CN6)C7=CCNC(=C7)N)O)O)OCCO	0.027	Amino acids and Peptides	Cyclic peptides	Carboxylic acids and derivatives	2394.0	8467	EB-MSV000090464-gnps_ms2	transferred	2	742.4528	4.09	742.4528	4.09275	0.0	0.003	0.9941	unique	assigned
C36H48N6O7	[M + H]+	Dianthin C	CCC(C)C1C(=O)NC(C(=O)NC(C(=O)NC(C(=O)N2CCCC2C(=O)NCC(=O)N1)CC3=CC=CC=C3)CC4=CC=C(C=C4)O)C(C)C	0.346	Amino acids and Peptides	Cyclic peptides	Carboxylic acids and derivatives	1888.0	8474	EB-MSV000090464-gnps_ms2	transferred	4	677.368	4.1	677.3693	4.105339	1.919	0.005	0.9999	ms2_tie	assigned
C49H71N13O10	[M + H]+	H-Ala-Arg-Val-Tyr-aIle-His-Pro-Phe-OH	CCC(C)C(C(=O)NC(CC1=CN=CN1)C(=O)N2CCCC2C(=O)NC(CC3=CC=CC=C3)C(=O)O)NC(=O)C(CC4=CC=C(C=C4)O)NC(=O)C(C(C)C)NC(=O)C(CCCN=C(N)N)NC(=O)C(C)N	0.271	Amino acids and Peptides	Cyclic peptides	Carboxylic acids and derivatives	1339.0	8480	EB-MSV000090464-gnps_ms2	transferred	3	1002.564	4.12	1002.5645	4.121	0.499	0.001	0.9251	ms2_winner	assigned
C40H70N10O11	[M + H]+	H-Lys-Gly-Pro-Pro-Ala-Ala-Leu-Thr-Leu-OH	CC(C)CC(C(=O)NC(C(C)O)C(=O)NC(CC(C)C)C(=O)O)NC(=O)C(C)NC(=O)C(C)NC(=O)C1CCCN1C(=O)C2CCCN2C(=O)CNC(=O)C(CCCCN)N		Amino acids and Peptides	Cyclic peptides	Carboxylic acids and derivatives	9519.0	8481	EB-MSV000090464-gnps_ms2	transferred	1	867.5363	4.11	867.5361	4.111	-0.231	0.001	0.913	unique	assigned
C40H47N7O9	[M + H]+	H-Ser-Pro-Ser-Val-Val-Pro-Phe-OH	CC(C)C(C(=O)NC(C(C)C)C(=O)N1CCCC1C(=O)NC(CC2=CC=CC=C2)C(=O)O)NC(=O)C(CO)NC(=O)C3CCCN3C(=O)C(CO)N	0.761	Amino acids and Peptides	Linear peptides	Carboxylic acids and derivatives		8482	EB-MSV000090464-gnps_ms2	transferred	2	770.3549	4.12							no_ms2_candidate
C39H50N6O9	[M + H]+	3,18-bis(hydroxymethyl)-6-[(1H-indol-3-yl)methylidene]-1-methyl-9-(2-methylpropyl)-12-(propan-2-yl)-docosahydro-1H-pyrrolo[1,2-a]1,4,7,10,13,16,19-heptaazacyclohenicosane-4,7,10,13,16,19-hexone	CC1C2CCCN2C(=O)C(NC(=O)CNC(=O)C(NC(=O)C(NC(=O)C(=CC3=CNC4=CC=CC=C43)NC(=O)C(N1)CO)CC(C)C)C(C)C)CO	0.738	Amino acids and Peptides	Cyclic peptides	Carboxylic acids and derivatives	283.0	8487	EB-MSV000090464-gnps_ms2	transferred	2	747.3696	4.12	747.3699	4.121641	0.401	0.002	1.0	ms2_tie	assigned
C35H52N4O15	[M + H]+	Bz(4-OH)-D-Leu-D-Val-D-Tyr-D-Tyr-D-Ala-NH2	CC(C)CC(C(=O)NC(C(C)C)C(=O)NC(CC1=CC=C(C=C1)O)C(=O)NC(CC2=CC=C(C=C2)O)C(=O)NC(C)C(=O)N)NC(=O)C3=CC=C(C=C3)O	0.064	Amino acids and Peptides	Tripeptides	Carboxylic acids and derivatives	2019.0	8488	EB-MSV000090464-gnps_ms2	transferred	2	769.3519	4.12	769.3525	4.123	0.78	0.003	1.0	ms2_tie	assigned
C39H43N3O6	[M + H]+	H-Val-Pro-Tyr-Leu-His-OH	CC(C)CC(C(=O)NC(CC1=CN=CN1)C(=O)O)NC(=O)C(CC2=CC=C(C=C2)O)NC(=O)C3CCCN3C(=O)C(C(C)C)N	0.523	Amino acids and Peptides	Tripeptides	Carboxylic acids and derivatives		8489	EB-MSV000090464-gnps_ms2	transferred	3	650.3185	4.12							low_cosine
C39H53N7O9	[M + H]+	13-(butan-2-yl)-16-(1-hydroxyethyl)-22-[(4-hydroxyphenyl)methyl]-19-methyl-4-(propan-2-yl)-3,6,12,15,18,21,24-heptaazatricyclo[23.4.0.0⁶,¹⁰]nonacosa-1(29),25,27-triene-2,5,11,14,17,20,23-heptone	CCC(C)C1C(=O)NC(C(=O)NC(C(=O)NC(C(=O)NC2=CC=CC=C2C(=O)NC(C(=O)N3CCCC3C(=O)N1)C(C)C)CC4=CC=C(C=C4)O)C)C(C)O	0.31	Amino acids and Peptides	Cyclic peptides	Carboxylic acids and derivatives	2842.0	8491	EB-MSV000090464-gnps_ms2	transferred	3	764.3964	4.12	764.3961	4.123	-0.392	0.003	0.9998	unique	assigned
C23H32N4O4	[M + H]+	2-({1-[2-amino-3-(1H-indol-3-yl)propanoyl]piperidin-4-yl}formamido)-3-methylpentanoic acid	CCC(C)C(C(=O)O)NC(=O)C1CCN(CC1)C(=O)C(CC2=CNC3=CC=CC=C32)N	0.4	Amino acids and Peptides	Cyclic peptides	Carboxylic acids and derivatives	5680.0	8498	EB-MSV000090464-gnps_ms2	transferred	2	429.2497	4.12	429.2495	4.128	-0.466	0.008	0.9969	ms2_winner	assigned
C51H69N5O9	[M + H]+	H-Val-Ile-Phe-Pro-Ala-Lys-Ser-Leu-OH	CCC(C)C(C(=O)NC(CC1=CC=CC=C1)C(=O)N2CCCC2C(=O)NC(C)C(=O)NC(CCCCN)C(=O)NC(CO)C(=O)NC(CC(C)C)C(=O)O)NC(=O)C(C(C)C)N	0.523	Amino acids and Peptides	Cyclic peptides	Carboxylic acids and derivatives	5353.0	8499	EB-MSV000090464-gnps_ms2	transferred	5	896.5243	4.13	896.5237	4.139	-0.669	0.009	0.9547	ms2_winner	assigned
C51H87ClN10O14	[M + H]+	N-(12-amino-16-{2-[5-(2-{4-hydroxy-3-[2-hydroxy-2-(4-{4-hydroxy-1-[(2-hydroxypropyl)amino]butyl}-1,4,4a,5,6,7,7a,9-octahydrospiro[azuleno[6,5-b]pyrrole-8,1'-cyclopentan]-2-yl)ethoxy]phenyl}ethyl)-3-(hydroxymethyl)furan-2-yl]ethyl}-5-methyl-8,9-dithiatricyclo[9.7.0.0²,¹⁴]octadecan-6-yl)-N'-methylguanidine	CC1CCC2C3CCC(CC2CC(C3CSSCC1NC(=NC)N)N)CCC4=C(C=C(O4)CCC5=CC(=C(C=C5)O)OCC(C6=CC7=C(N6)CC8(CCCC8)C9CCCC9C7C(CCCO)NCC(C)O)O)CO	0.051	Amino acids and Peptides	Cyclic peptides	Carboxylic acids and derivatives	6167.0	8502	EB-MSV000090464-gnps_ms2	transferred	3	1099.6248	4.14	1099.624	4.144	-0.728	0.004	0.9183	unique	assigned
C43H65N3O5	[M + K]+	Tris[5-tert-butyl-2-(4,4-dimethyl-4,5-dihydro-1,3-oxazol-2-yl)phenyl]methanol	CC1(COC(=N1)C2=C(C=C(C=C2)C(C)(C)C)C(C3=C(C=CC(=C3)C(C)(C)C)C4=NC(CO4)(C)C)(C5=C(C=CC(=C5)C(C)(C)C)C6=NC(CO6)(C)C)O)C	0.133	Amino acids and Peptides	Cyclic peptides	Carboxylic acids and derivatives	2394.0	8504	EB-MSV000090464-gnps_ms2	transferred	1	742.4539	4.18	742.4528	4.09275	-1.482	-0.087	0.9566	unique	assigned
C74H129N15O24	[M + K]+		CC(C)CC1C(=O)N(C(C(=O)NC(C(=O)NC(C(=O)N2CCCCC2C(=O)OC(C(C(=O)NC(C(=O)NC(C(=O)N1)CCCN)CO)NC(=O)C(C(C)C(C)C(=O)N)NC(=O)C(C(C(CCC(=O)O)NC(=O)C(CCCN)NC(=O)C(C)C(C(C)C(C)CC(C)C)O)O)O)C(C)C(C)C)CC(=O)O)C(C)OC)CCC(=O)N)C		Amino acids and Peptides	Cyclic peptides	Carboxylic acids and derivatives		8511	EB-MSV000090464-gnps_ms2	transferred	1	1650.9019	4.19							low_cosine
C74H116N16O20	[M + H]+	Bergofungin C	CC(C)CC(C(=O)NC(C)(C)C(=O)NC(C)(C)C(=O)N1CC(CC1C(=O)NC(CCC(=O)N)C(=O)NC(C)(C)C(=O)N2CC(CC2C(=O)NC(C)(C)C(=O)NC(CC3=CC=CC=C3)CO)O)O)NC(=O)CNC(=O)C(C(C)C)NC(=O)C(C)(C)NC(=O)C(C)(C)NC(=O)C(C)(C)NC(=O)C(C(C)C)NC(=O)C		Amino acids and Peptides	Linear peptides	Carboxylic acids and derivatives	1858.0	8514	EB-MSV000090464-gnps_ms2	transferred	3	1549.8569	4.2	1549.8557	4.206	-0.774	0.006	1.0	ms2_winner	assigned
C77H123N19O21	[M + H]+	(2R,3R)-2-[[2-[[(2S,3R)-5-amino-2-[[(2S,3S)-1-[(2S,3R)-2-[[(2R,3R)-2-[[(2S,4R)-1-[(2S)-2-[[(2S)-2-[[(2R)-2-[[(2R,3R)-2-[[(3R)-3-[[(2S)-2-amino-5-[(2-methylpropan-2-yl)oxycarbonylamino]pentanoyl]amino]hexadecanoyl]amino]-3-hydroxybutanoyl]amino]propanoyl]amino]-3-(4-hydroxyphenyl)propanoyl]amino]-3-methylbutanoyl]-4-hydroxypyrrolidine-2-carbonyl]amino]-3-hydroxybutanoyl]amino]-3-hydroxybutanoyl]-3-hydroxypyrrolidine-2-carbonyl]amino]-3-hydroxy-5-oxopentanoyl]amino]acetyl]amino]-3-hydroxybutanoic acid	CCCCCCCCCCCCCC(CC(=O)NC(C(C)O)C(=O)NC(C)C(=O)NC(CC1=CC=C(C=C1)O)C(=O)NC(C(C)C)C(=O)N2CC(CC2C(=O)NC(C(C)O)C(=O)NC(C(C)O)C(=O)N3CCC(C3C(=O)NC(C(CC(=O)N)O)C(=O)NCC(=O)NC(C(C)O)C(=O)O)O)O)NC(=O)C(CCCNC(=O)OC(C)(C)C)N		Amino acids and Peptides	Lipopeptides	Peptidomimetics		8525	EB-MSV000090464-gnps_ms2	transferred	1	1650.925	4.2							low_cosine
C52H90N16O14	[M + H]+	9,27-bis(3-aminopropyl)-3,21-dibenzyl-5,8,11,14,23,26,29,32-octahydroxy-6,24-bis(2-methylpropyl)-12,30-bis(propan-2-yl)-1,4,7,10,13,19,22,25,28,31-decaazatricyclo[31.3.0.0¹⁵,¹⁹]hexatriaconta-4,7,10,13,22,25,28,31-octaene-2,20-dione	CC(C)CC1C(=O)NC(C(=O)N2CCCC2C(=O)NC(C(=O)NC(C(=O)NC(C(=O)NC(C(=O)N3CCCC3C(=O)NC(C(=O)NC(C(=O)N1)CCCN)C(C)C)CC4=CC=CC=C4)CC(C)C)CCCN)C(C)C)CC5=CC=CC=C5	0.249	Amino acids and Peptides	Cyclic peptides	Carboxylic acids and derivatives	3973.0	8536	EB-MSV000090464-gnps_ms2	transferred	1	1163.6803	4.21	1163.6801	4.214	-0.172	0.004	1.0	unique	assigned
C62H75N5O7	[M + H]+	H-Ala-Arg-Val-Tyr-aIle-His-Pro-Phe-OH	CCC(C)C(C(=O)NC(CC1=CN=CN1)C(=O)N2CCCC2C(=O)NC(CC3=CC=CC=C3)C(=O)O)NC(=O)C(CC4=CC=C(C=C4)O)NC(=O)C(C(C)C)NC(=O)C(CCCN=C(N)N)NC(=O)C(C)N	0.221	Amino acids and Peptides	Cyclic peptides	Carboxylic acids and derivatives	1339.0	8540	EB-MSV000090464-gnps_ms2	transferred	3	1002.566	4.21	1002.5645	4.121	-1.496	-0.089	0.8898	ms2_winner	assigned
C34H50N8O11	[M + H]+	tert-butyl N-[(2S)-1-[[(3S,9S,13S,15R,19S,22S)-15,19-dimethyl-2,8,12,18,21-pentaoxo-11-oxa-1,7,17,20-tetrazatetracyclo[20.4.0.03,7.013,17]hexacosan-9-yl]amino]-1-oxo-3-phenylpropan-2-yl]carbamate	CC1CC2C(=O)OCC(C(=O)N3CCCC3C(=O)N4CCCCC4C(=O)NC(C(=O)N2C1)C)NC(=O)C(CC5=CC=CC=C5)NC(=O)OC(C)(C)C	0.184	Amino acids and Peptides	Cyclic peptides	Carboxylic acids and derivatives	283.0	8566	EB-MSV000090464-gnps_ms2	transferred	2	747.3691	4.24	747.3699	4.121641	1.07	-0.118	0.9991	ms2_tie	assigned
C24H40N4O8	[M + K]+	Glu-Phe-Gln-Gln	C1=CC=C(C=C1)CC(C(=O)NC(CCC(=O)N)C(=O)NC(CCC(=O)N)C(=O)O)NC(=O)C(CCC(=O)O)N	0.552	Amino acids and Peptides	Cyclic peptides	Carboxylic acids and derivatives	3174.0	8585	EB-MSV000090464-gnps_ms2	transferred	1	551.2489	4.3	551.249	4.308376	0.181	0.008	0.9999	unique	assigned
C27H39N5O7	[M + H]+	H-Leu-Pro-Thr-Pro-Pro-OH	CC(C)CC(C(=O)N1CCCC1C(=O)NC(C(C)O)C(=O)N2CCCC2C(=O)N3CCCC3C(=O)O)N	0.266	Amino acids and Peptides	Tripeptides	Carboxylic acids and derivatives	5277.0	8587	EB-MSV000090464-gnps_ms2	transferred	2	546.2925	4.31	546.293	4.306527	0.915	-0.003	0.9988	unique	assigned
C27H36N4O7	[M + H]+	benzyl N-[(2S)-1-[[(2S)-3-(furan-2-yl)-1-[[(2S)-1-hydroxy-3-[(3S)-2-oxopyrrolidin-3-yl]propan-2-yl]amino]-1-oxopropan-2-yl]amino]-3-methyl-1-oxobutan-2-yl]carbamate	CC(C)C(C(=O)NC(CC1=CC=CO1)C(=O)NC(CC2CCNC2=O)CO)NC(=O)OCC3=CC=CC=C3	0.05	Amino acids and Peptides	Cyclic peptides	Carboxylic acids and derivatives	1832.0	8588	EB-MSV000090464-gnps_ms2	transferred	3	529.2681	4.3	529.2682	4.307434	0.189	0.007	1.0	unique	assigned
C27H34N4O6	[M + H]+	1-(2-{[1-(2-amino-4-methylpentanoyl)pyrrolidin-2-yl]formamido}-3-(4-hydroxyphenyl)propanoyl)pyrrolidine-2-carboxylic acid	CC(C)CC(C(=O)N1CCCC1C(=O)NC(CC2=CC=C(C=C2)O)C(=O)N3CCCC3C(=O)O)N	0.764	Amino acids and Peptides	Cyclic peptides	Carboxylic acids and derivatives	583.0	8589	EB-MSV000090464-gnps_ms2	transferred	3	511.2575	4.3	511.2576	4.306503	0.196	0.007	1.0	ms2_tie	assigned
C21H31N3O4	[M + H]+	2-{[1-(2-amino-3-phenylpropanoyl)piperidin-4-yl]formamido}-3-methylpentanoic acid	CCC(C)C(C(=O)O)NC(=O)C1CCN(CC1)C(=O)C(CC2=CC=CC=C2)N	0.468	Amino acids and Peptides	Tripeptides	Carboxylic acids and derivatives	6455.0	8621	EB-MSV000090464-gnps_ms2	transferred	3	390.2388	4.34	390.239	4.340931	0.513	0.001	0.9999	ms2_tie	assigned
C16H32N2O3	[M + H]+	N2-(1-Oxodecyl)-L-lysine	CCCCCCCCCC(=O)NC(CCCCN)C(=O)O	1.0	Fatty acids	N-acyl amines	Carboxylic acids and derivatives	1776.0	8624	EB-MSV000090464-gnps_ms2	transferred	1	301.2493	4.34	301.249	4.34797	-0.996	0.008	0.9974	unique	assigned
C20H23N	[M + H]+	dimethyl(3-{tricyclo[9.4.0.0³,⁸]pentadeca-1(15),3,5,7,11,13-hexaen-2-ylidene}propyl)amine	CN(C)CCC=C1C2=CC=CC=C2CCC3=CC=CC=C31	0.952	Alkaloids	Polyamines	Dibenzocycloheptenes	7.0	8625	EB-MSV000090464-gnps_ms2	transferred	1	278.1904	4.35	278.1901	4.662415	-1.078	0.312	0.9998	unique	assigned
C50H79N7O14	[M + H]+	tert-butyl N-[5-[[4-oxo-4-[5-[[4-oxo-4-[phenylmethoxy(5-phenylmethoxypentyl)amino]butanoyl]amino]pentyl-phenylmethoxyamino]butanoyl]amino]pentyl]-N-phenylmethoxycarbamate	CC(C)(C)OC(=O)N(CCCCCNC(=O)CCC(=O)N(CCCCCNC(=O)CCC(=O)N(CCCCCOCC1=CC=CC=C1)OCC2=CC=CC=C2)OCC3=CC=CC=C3)OCC4=CC=CC=C4	0.133	Amino acids and Peptides	Cyclic peptides	Carboxylic acids and derivatives	9144.0	8652	EB-MSV000090464-gnps_ms2	transferred	3	1002.5677	4.45	1002.5655	4.464516	-2.194	0.015	0.8943	ms2_tie	assigned
C27H34N4O6	[M + H]+	1-(2-{[1-(2-amino-4-methylpentanoyl)pyrrolidin-2-yl]formamido}-3-(4-hydroxyphenyl)propanoyl)pyrrolidine-2-carboxylic acid	CC(C)CC(C(=O)N1CCCC1C(=O)NC(CC2=CC=C(C=C2)O)C(=O)N3CCCC3C(=O)O)N	0.812	Amino acids and Peptides	Tripeptides	Carboxylic acids and derivatives	26967.0	8656	EB-MSV000090464-gnps_ms2	transferred	3	511.257	4.44	511.256	4.570142	-1.956	0.13	0.9987	ms2_tie	assigned
C37H47N3O9	[M + H]+	H-Glu-Ser-Glu-Ser-Lys-Val-OH	CC(C)C(C(=O)O)NC(=O)C(CCCCN)NC(=O)C(CO)NC(=O)C(CCC(=O)O)NC(=O)C(CO)NC(=O)C(CCC(=O)O)N	0.101	Amino acids and Peptides	Cyclic peptides	Carboxylic acids and derivatives	5466.0	8657	EB-MSV000090464-gnps_ms2	transferred	2	678.3358	4.44	678.3332	4.44778	-3.833	0.008	1.0	ms2_tie	assigned
C47H70N14O10	[M + H]+	H-Leu-Leu-Ala-Gly-Ile-Gly-Thr-Val-Pro-Ile-OH	CCC(C)C(C(=O)NCC(=O)NC(C(C)O)C(=O)NC(C(C)C)C(=O)N1CCCC1C(=O)NC(C(C)CC)C(=O)O)NC(=O)CNC(=O)C(C)NC(=O)C(CC(C)C)NC(=O)C(CC(C)C)N	0.53	Amino acids and Peptides	Cyclic peptides	Carboxylic acids and derivatives	9715.0	8664	EB-MSV000090464-gnps_ms2	transferred	2	991.5465	4.46	991.5453	4.463577	-1.21	0.004	0.7198	ms2_tie	assigned
C16H32N4O3	[M + H]+	(2S)-2-(decanoylamino)-5-(diaminomethylideneamino)pentanoic acid	CCCCCCCCCC(=O)NC(CCCN=C(N)N)C(=O)O	0.997	Fatty acids	N-acyl amines	Carboxylic acids and derivatives	1897.0	8670	EB-MSV000090464-gnps_ms2	transferred	2	329.2552	4.46	329.2564	4.462074	3.645	0.002	1.0	unique	assigned
C38H60N8O10S	[M + Na]+	methyl 4-[11-(acetyloxy)-12-ethyl-10-hydroxy-5-methoxy-10-(methoxycarbonyl)-8-methyl-8,16-diazapentacyclo[10.6.1.0¹,⁹.0²,⁷.0¹⁶,¹⁹]nonadeca-2(7),3,5,13-tetraen-4-yl]-1-ethyl-2-oxa-6,16-diazahexacyclo[16.2.1.0³,¹⁹.0⁵,¹³.0⁷,¹².0¹⁶,¹⁹]henicosa-5(13),7,9,11-tetraene-4-carboxylate	CCC12CC3CN4C3(C1)C(O2)C(C5=C(CC4)C6=CC=CC=C6N5)(C7=C(C=C8C(=C7)C91CCN2C9C(C=CC2)(C(C(C1N8C)(C(=O)OC)O)OC(=O)C)CC)OC)C(=O)OC	0.017	Amino acids and Peptides	Depsipeptides	Carboxylic acids and derivatives	9220.0	8672	EB-MSV000090464-gnps_ms2	transferred	2	843.4002	4.5	843.3987	4.516296	-1.779	0.016	0.8171	unique	assigned
C51H56N4O6	[M + H]+	15-(butan-2-yl)-12,21-bis(1-hydroxyethyl)-9-(hydroxymethyl)-6,18-bis(2-methylpropyl)-hexacosahydropyrrolo[1,2-a]1,4,7,10,13,16,19,22-octaazacyclotetracosan-1,4,7,10,13,16,19,22-octone	CCC(C)C1C(=O)NC(C(=O)NC(C(=O)N2CCCC2C(=O)NCC(=O)NC(C(=O)NC(C(=O)NC(C(=O)N1)C(C)O)CO)CC(C)C)C(C)O)CC(C)C	0.316	Amino acids and Peptides	Cyclic peptides	Carboxylic acids and derivatives		8673	EB-MSV000090464-gnps_ms2	transferred	2	821.4204	4.51							low_cosine
C13H25NO2	[M + H]+	1-Aminocyclododecane-1-carboxylic acid	C1CCCCCC(CCCCC1)(C(=O)O)N	0.546	Amino acids and Peptides	Aminoacids	Carboxylic acids and derivatives		8674	EB-MSV000090464-gnps_ms2	transferred	0	228.1966	4.51							no_match
C15H32N2O2	[M + H]+	tert-Butyl (10-aminodecyl)carbamate	CC(C)(C)OC(=O)NCCCCCCCCCCN	0.051	Fatty acids	N-acyl ethanolamines (endocannabinoids)	Fatty Acyls		8675	EB-MSV000090464-gnps_ms2	transferred	0	273.2533	4.51							no_match
C46H59N7O8	[M + H]+	Cherimolacyclopeptide A	CCC(C)C1C(=O)N2CCCC2C(=O)NC(C(=O)NC(C(=O)NCC(=O)NC(C(=O)NC(C(=O)N3CCCC3C(=O)N1)C(C)CC)CCSC)C(C)O)CCC(=O)N	0.195	Amino acids and Peptides	Cyclic peptides	Carboxylic acids and derivatives	7319.0	8676	EB-MSV000090464-gnps_ms2	transferred	4	838.4493	4.51	838.4464	4.383	-3.459	-0.127	0.966	ms2_tie	assigned
C14H31NO2	[M + H]+	(2S)-1-[[(2R)-2-hydroxypropyl]-octylamino]propan-2-ol	CCCCCCCCN(CC(C)O)CC(C)O	0.519	Fatty acids	Sphingoid bases	Organonitrogen compounds	215.0	8678	EB-MSV000090464-gnps_ms2	transferred	1	246.2436	4.54	246.2437	4.542603	0.406	0.003	1.0	unique	assigned
C12H27NO	[M + H]+	2-(Decylamino)ethanol	CCCCCCCCCCNCCO	0.795	Fatty acids	Sphingoid bases	Organonitrogen compounds	2214.0	8689	EB-MSV000090464-gnps_ms2	transferred	1	202.217	4.55	202.217	4.556315	0.0	0.006	1.0	unique	assigned
C18H39NO3	[M + H]+	Phytosphingosine	CCCCCCCCCCCCCCC(C(C(CO)N)O)O	0.186	Fatty acids	Sphingoid bases	Sphingolipids	3441.0	8734	EB-MSV000090464-gnps_ms2	transferred	3	318.3008	4.59	318.3004	4.597314	-1.257	0.007	1.0	ms2_tie	assigned
C13H25NO2	[M + H]+	1-Aminocyclododecane-1-carboxylic acid	C1CCCCCC(CCCCC1)(C(=O)O)N	0.537	Amino acids and Peptides	Aminoacids	Carboxylic acids and derivatives		8744	EB-MSV000090464-gnps_ms2	transferred	0	228.1961	4.63							no_match
C15H23NO2	[M + H]+	Metazine	CC(C)NC1=NC(=NC(=N1)N(C)C#N)NC(C)C	0.375	Alkaloids	Tricyclic guanidine alkaloids	Heteroaromatic compounds		8745	EB-MSV000090464-gnps_ms2	transferred	0	250.1788	4.63							no_match
C16H35NO3	[M + H]+	Peg-3 capramine	CCCCCCCCCCN(CCO)CCOCCO	0.911	Fatty acids	Sphingoid bases	Organonitrogen compounds	1571.0	8747	EB-MSV000090464-gnps_ms2	transferred	2	290.2694	4.63	290.2693	4.641293	-0.345	0.011	1.0	unique	assigned
C16H19	[M + Na]+		CC1=C(C=CC(=C2[CH]C=C(C(=C2)C)C)C1)C	0.036	Terpenoids	Bisabolane sesquiterpenoids	Prenol lipids	2460.0	8748	EB-MSV000090464-gnps_ms2	transferred	1	234.1364	4.66	234.1365	4.662205	0.427	0.002	1.0	unique	assigned
C15H22O4	[M + H]+	Artapshinin	CC1C2CCC(=C)C(CC(C(=CC2OC1=O)C)O)O	0.218	Terpenoids	Lactarane sesquiterpenoids	Prenol lipids	6924.0	8751	EB-MSV000090464-gnps_ms2	transferred	1	267.1597	4.64	267.1597	4.650038	0.0	0.01	1.0	unique	assigned
C13H27N3O2	[M + Na]+	Tert-butyl 4-(2-amino-2-methylpropyl)piperazine-1-carboxylate	CC(C)(C)OC(=O)N1CCN(CC1)CC(C)(C)N	0.083	Alkaloids	Polyamines	Carboxylic acids and derivatives	831.0	8758	EB-MSV000090464-gnps_ms2	transferred	1	280.197	4.66	280.1969	4.661804	-0.357	0.002	0.9995	unique	assigned
C4H9N7	[M + Na]+							5779.0	8761	EB-MSV000090464-gnps_ms2	transferred	1	178.078	4.66	178.078	4.662597	0.0	0.003	0.9995	unique	assigned
C18H16	[M + H]+	5,6,11,12-Tetrahydrochrysene	C1CC2=C(CCC3=CC=CC=C32)C4=CC=CC=C41	0.22	Shikimates and Phenylpropanoids	Carotenoids (C40, π-Χ)	Benzene and substituted derivatives	558.0	8762	EB-MSV000090464-gnps_ms2	transferred	1	233.1324	4.66	233.1324	4.661635	0.0	0.002	1.0	unique	assigned
C20H23N	[M + H]+	dimethyl(3-{tricyclo[9.4.0.0³,⁸]pentadeca-1(15),3,5,7,11,13-hexaen-2-ylidene}propyl)amine	CN(C)CCC=C1C2=CC=CC=C2CCC3=CC=CC=C31	0.949	Alkaloids	Polyamines	Dibenzocycloheptenes	7.0	8763	EB-MSV000090464-gnps_ms2	transferred	1	278.1903	4.66	278.1901	4.662415	-0.719	0.002	1.0	unique	assigned
C4H14N3O4	[M + Na]+	propyl N-(methylcarbamoyloxy)ethanimidothioate	CCCSC(=NOC(=O)NC)C	0.213	Amino acids and Peptides	Aminoacids	Sulfenyl compounds	1828.0	8764	EB-MSV000090464-gnps_ms2	transferred	1	191.0855	4.66	191.0855	4.662397	0.0	0.002	1.0	unique	assigned
C6H17N3O4	[M + Na]+		CC1=CC=C(C=C1)[CH]C2=CC=C(C=C2)C	0.183	Terpenoids	Carotenoids (C40, Χ-Χ)		4691.0	8765	EB-MSV000090464-gnps_ms2	transferred	1	218.1096	4.66	218.1096	4.661458	0.0	0.001	0.9987	unique	assigned
C31H44N4O7	[M + Na]+		CC1=CC=CCCC(C(C=CC(CCCC=CC(=O)OC(C1)C(C)C=C(C)C=CNC(=O)C=C(C)C)O)O)C(=O)N	0.127	Amino acids and Peptides	Open-chain polyketides	Carboxylic acids and derivatives	3475.0	8766	EB-MSV000090464-gnps_ms2	transferred	2	607.3148	4.66	607.3143	4.658438	-0.823	-0.002	1.0	ms2_tie	assigned
C14H21N5O2	[M + K]+	3-methyl-8-piperidin-1-yl-7-propyl-3,7-dihydro-1H-purine-2,6-dione	CCCN1C2=C(N=C1N3CCCCC3)N(C(=O)NC2=O)C	0.326	Alkaloids	Purine alkaloids	Organonitrogen compounds	6714.0	8768	EB-MSV000090464-gnps_ms2	transferred	2	330.1339	4.67	330.134	4.660555	0.303	-0.009	1.0	ms2_tie	assigned
C13H23NO2	[M + H]+	1,2-Dioxa-3-azacyclohexadec-15-yne	C1CCCCCC#COONCCCCC1	0.043	Fatty acids	Primary amides		7847.0	8769	EB-MSV000090464-gnps_ms2	transferred	2	226.1799	4.67	226.1795	4.67216	-1.769	0.002	0.9998	unique	assigned
C16H12	[M + H]+		C1=CC=C(C=C1)C2=CC=CC3=CC=CC=C32	0.359	Polyketides	Bisnaphthalenes	Phenanthrenes and derivatives	5897.0	8770	EB-MSV000090464-gnps_ms2	transferred	1	205.1018	4.66	205.1019	4.662859	0.488	0.003	0.9978	unique	assigned
C14H31NO2	[M + H]+	(2S)-1-[[(2R)-2-hydroxypropyl]-octylamino]propan-2-ol	CCCCCCCCN(CC(C)O)CC(C)O	0.493	Fatty acids	Sphingoid bases	Organonitrogen compounds	215.0	8771	EB-MSV000090464-gnps_ms2	transferred	1	246.2436	4.67	246.2437	4.542603	0.406	-0.127	1.0	unique	assigned
C13H25NO3	[M + H]+	2-undecanamidoacetic acid	CCCCCCCCCCC(=O)NCC(=O)O	0.526	Fatty acids	Nitro fatty acids	Fatty Acyls	5882.0	8772	EB-MSV000090464-gnps_ms2	transferred	1	244.1914	4.67	244.191	4.673874	-1.638	0.004	1.0	unique	assigned
C4H6N3OS	[M + Na]+	Bis-1-aziridinylphosphinyl chloride	C1CN1P(=O)(N2CC2)Cl	0.098	Alkaloids	Pyridine alkaloids	Organic phosphoric acids and derivatives		8773	EB-MSV000090464-gnps_ms2	transferred	0	167.0131	4.67							no_match
C14H31NO3	[M + H]+	PEG-3 caprylamine	CCCCCCCCN(CCO)CCOCCO	0.593	Fatty acids	Sphingoid bases	Organonitrogen compounds	1915.0	8774	EB-MSV000090464-gnps_ms2	transferred	1	262.2384	4.68	262.2384	4.684859	0.0	0.005	0.9994	unique	assigned
C13H25NO2	[M + H]+	1-Aminocyclododecane-1-carboxylic acid	C1CCCCCC(CCCCC1)(C(=O)O)N	0.544	Amino acids and Peptides	Aminoacids	Carboxylic acids and derivatives		8775	EB-MSV000090464-gnps_ms2	transferred	0	228.1964	4.69							no_match
C10H23N3O4	[M + H]+	1-[[3-(2-Hydroxypropylamino)-2-methyl-2-nitropropyl]amino]propan-2-ol	CC(CNCC(C)(CNCC(C)O)[N+](=O)[O-])O	0.022	Amino acids and Peptides	Tripeptides	Carboxylic acids and derivatives		8776	EB-MSV000090464-gnps_ms2	transferred	0	250.1787	4.69							no_match
C31H44N2O10	[M + H]+	3-Ethyl-2-[[3-[3-[3-[(3-ethylbenzothiazol-2(3H)-ylidene)methyl]-5,5-dimethyl-2-cyclohexen-1-ylidene]-1-propenyl]-5,5-dimethyl-2-cyclohexen-1-ylidene]methyl]benzothiazol-3-ium	CCN1C2=CC=CC=C2SC1=CC3=CC(=CC=CC4=CC(=CC5=[N+](C6=CC=CC=C6S5)CC)CC(C4)(C)C)CC(C3)(C)C	0.538	Alkaloids	Hapalindole alkaloids	Organonitrogen compounds	6295.0	8778	EB-MSV000090464-gnps_ms2	transferred	1	605.303	4.71	605.3036	4.704448	0.991	-0.006	1.0	unique	assigned
C18H14F3NO3	[M + H]+	H-gGlu-DL-Cys(Ac)-Gly-OH	CC(=O)SCC(C(=O)NCC(=O)O)NC(=O)CCC(C(=O)O)N	0.024	Amino acids and Peptides	Aminoacids	Carboxylic acids and derivatives	6468.0	8779	EB-MSV000090464-gnps_ms2	transferred	3	350.1007	4.71	350.1003	4.710541	-1.143	0.001	0.9974	ms2_tie	assigned
C17H15N5O	[M + Na]+	3-[4-(morpholin-4-yl)-7H-pyrrolo[2,3-d]pyrimidin-5-yl]benzonitrile	C1COCCN1C2=NC=NC3=C2C(=CN3)C4=CC=CC(=C4)C#N	0.22	Alkaloids	Purine alkaloids	Diazines	5805.0	8780	EB-MSV000090464-gnps_ms2	transferred	4	328.1179	4.71	328.118	4.712303	0.305	0.002	1.0	ms2_tie	assigned
C60H80N6O10	[M + K]+	(3S)-4-amino-3-[[(2S)-2-[[(2S)-2-[[(2S)-1-[(2S)-2-[[4-(2,5-dioxopyrrolidin-1-yl)oxycarbonyl-2-ethyl-7-(2-hydroxypropylamino)-2,4,6,6-tetramethyl-7-oxoheptanoyl]amino]-4-methylpentanoyl]pyrrolidine-2-carbonyl]amino]-3-phenylpropanoyl]amino]-3-phenylpropanoyl]amino]-4-oxobutanoic acid	CCC(C)(CC(C)(CC(C)(C)C(=O)NCC(C)O)C(=O)ON1C(=O)CCC1=O)C(=O)NC(CC(C)C)C(=O)N2CCCC2C(=O)NC(CC3=CC=CC=C3)C(=O)NC(CC4=CC=CC=C4)C(=O)NC(CC(=O)O)C(=O)N	0.835	Amino acids and Peptides	Cyclic peptides	Carboxylic acids and derivatives	25477.0	8782	EB-MSV000090464-gnps_ms2	transferred	1	1083.5456	4.73	1083.5452	4.723944	-0.369	-0.006	0.9999	unique	assigned
C11H16ClFN2O3	[M + H]+	1-[(2-Fluoro-3,6-dimethylphenyl)methyl]-3-(2-hydroxyethyl)thiourea	CC1=C(C(=C(C=C1)C)F)CNC(=S)NCCO	0.082	Alkaloids	Phenylalanine-derived alkaloids	Benzene and substituted derivatives		8785	EB-MSV000090464-gnps_ms2	transferred	1	279.0939	4.79							low_cosine
C5H8Cl2N2	[M + H]+	Bis(2-chloroethyl)cyanamide	C(CCl)N(CCCl)C#N	0.012	Alkaloids	Pyridine alkaloids	Pyridines and derivatives		8786	EB-MSV000090464-gnps_ms2	transferred	0	167.0131	4.81							no_match
C18H16	[M + H]+	5,6,11,12-Tetrahydrochrysene	C1CC2=C(CCC3=CC=CC=C32)C4=CC=CC=C41	0.265	Shikimates and Phenylpropanoids	Carotenoids (C40, π-Χ)		558.0	8787	EB-MSV000090464-gnps_ms2	transferred	1	233.1323	4.81	233.1324	4.661635	0.429	-0.148	0.9888	unique	assigned
C20H23N	[M + H]+	dimethyl(3-{tricyclo[9.4.0.0³,⁸]pentadeca-1(15),3,5,7,11,13-hexaen-2-ylidene}propyl)amine	CN(C)CCC=C1C2=CC=CC=C2CCC3=CC=CC=C31	0.952	Alkaloids	Polyamines	Dibenzocycloheptenes	7.0	8788	EB-MSV000090464-gnps_ms2	transferred	1	278.1903	4.82	278.1901	4.662415	-0.719	-0.158	0.9978	unique	assigned
C5H8Cl2N2	[M + H]+	Bis-1-aziridinylphosphinyl chloride	C1CN1P(=O)(N2CC2)Cl	0.169	Alkaloids	Pyridine alkaloids	Organic phosphoric acids and derivatives		8789	EB-MSV000090464-gnps_ms2	transferred	0	167.0131	4.86							no_match
C6H14ClFN2O2	[M + Na]+							8887.0	8790	EB-MSV000090464-gnps_ms2	transferred	2	223.0637	4.91	223.0637	4.906	0.0	-0.004	0.9999	ms2_winner	assigned
C16H35NO2	[M + H]+		CCCCCCCCCCCCN(CCO)CCO	0.086	Fatty acids	Sphingoid bases	Organonitrogen compounds		8791	EB-MSV000090464-gnps_ms2	transferred	0	274.2736	4.91							no_match
C15H21NO3	[M + H]+	N-(4-Methylpentanoyl)-L-Phenylalanine	CC(C)CCC(=O)NC(CC1=CC=CC=C1)C(=O)O	0.905	Fatty acids	N-acyl amines	Carboxylic acids and derivatives	7958.0	8793	EB-MSV000090464-gnps_ms2	transferred	1	264.1599	4.98	264.16	4.977617	0.379	-0.002	1.0	unique	assigned
C15H13N3O3	[M + H]+	2-[[2-(2-Aminopropanoylamino)acetyl]amino]-3-methylbutanoic acid	CC(C)C(C(=O)O)NC(=O)CNC(=O)C(C)N	0.347	Amino acids and Peptides	Dipeptides	Carboxylic acids and derivatives	6143.0	8794	EB-MSV000090464-gnps_ms2	transferred	1	284.1029	4.99	284.1028	4.993892	-0.352	0.004	1.0	unique	assigned
C13H25NO2	[M + H]+	1-Aminocyclododecane-1-carboxylic acid	C1CCCCCC(CCCCC1)(C(=O)O)N	0.539	Amino acids and Peptides	Aminoacids	Carboxylic acids and derivatives		8795	EB-MSV000090464-gnps_ms2	transferred	0	228.1966	5.1							no_match
C15H23NO2	[M + H]+	Metazine	CC(C)NC1=NC(=NC(=N1)N(C)C#N)NC(C)C	0.704	Alkaloids	Imidazole alkaloids	Organonitrogen compounds		8796	EB-MSV000090464-gnps_ms2	transferred	0	250.1787	5.09							no_match
C6H14ClFN2O2	[M + Na]+	1-(Difluoromethyl)-2-[1-(methoxymethoxy)propyl]hydrazine	CCC(NNC(F)F)OCOC		Fatty acids	Halogenated fatty acids	Alkyl halides	5770.0	8797	EB-MSV000090464-gnps_ms2	transferred	2	223.0636	5.08	223.0635	5.081617	-0.448	0.002	0.9998	ms2_winner	assigned
C17H34N2O3	[M + H]+	N~5~-dodecanoyl-L-ornithine	CCCCCCCCCCCC(=O)NCCCC(C(=O)O)N	0.545	Fatty acids	N-acyl amines	Carboxylic acids and derivatives		8799	EB-MSV000090464-gnps_ms2	transferred	1	315.2647	5.17							low_cosine
C15H23NO2	[M + H]+								8800	EB-MSV000090464-gnps_ms2	transferred	0	250.1786	5.22							no_match
C13H25NO2	[M + H]+	1-Aminocyclododecane-1-carboxylic acid	C1CCCCCC(CCCCC1)(C(=O)O)N	0.505	Amino acids and Peptides	Aminoacids	Carboxylic acids and derivatives		8802	EB-MSV000090464-gnps_ms2	transferred	0	228.1967	5.22							no_match
C16H35NO2	[M + H]+		CCCCCCCCCCCCN(CCO)CCO	0.544	Fatty acids	Sphingoid bases	Organonitrogen compounds	13.0	8803	EB-MSV000090464-gnps_ms2	transferred	1	274.2736	5.25	274.2736	5.52534	0.0	0.275	0.9999	unique	assigned
C18H36N4O3	[M + H]+	5-carbamimidamido-2-[(1-hydroxydodecylidene)amino]pentanoic acid	CCCCCCCCCCCC(=O)NC(CCCN=C(N)N)C(=O)O	0.984	Fatty acids	N-acyl amines	Carboxylic acids and derivatives	9027.0	8804	EB-MSV000090464-gnps_ms2	transferred	2	357.2863	5.38	357.286	5.385304	-0.84	0.005	1.0	unique	assigned
C16H15NO4	[M + H]+	4-oxo-3-oxa-13-azatetracyclo[7.7.1.0²,⁷.0¹³,¹⁷]heptadeca-1,5,7,9(17)-tetraene-5-carboxylic acid	C1CC2=C3C(=C4C(=C2)C=C(C(=O)O4)C(=O)O)CCCN3C1	0.933	Shikimates and Phenylpropanoids	Simple coumarins	Carboxylic acids and derivatives		8806	EB-MSV000090464-gnps_ms2	transferred	2	286.1073	5.46							no_ms2_candidate
C11H16FNO4	[M + Na]+	7-(diethylamino)-2-oxo-2H-chromene-3-carbaldehyde	CCN(CC)C1=CC2=C(C=C1)C=C(C(=O)O2)C=O	0.449	Shikimates and Phenylpropanoids	Simple coumarins	Coumarins and derivatives	971.0	8807	EB-MSV000090464-gnps_ms2	transferred	2	268.0964	5.46	268.0964	5.452691	0.0	-0.007	0.9985	ms2_tie	assigned
C14H16ClN5O2	[M + H]+	4-Phenyl-3,5-di(2-pyridyl)-4H-1,2,4-triazole	C1=CC=C(C=C1)N2C(=NN=C2C3=CC=CC=N3)C4=CC=CC=N4	0.368	Alkaloids	Carboline alkaloids	Benzene and substituted derivatives	1152.0	8808	EB-MSV000090464-gnps_ms2	transferred	1	322.1051	5.46	322.1053	5.462507	0.621	0.003	1.0	unique	assigned
C17H26N2O4	[M + Na]+	Acetylalanyl-alanyl-alanyl-alanine	CC(C(=O)NC(C)C(=O)NC(C)C(=O)NC(C)C(=O)O)NC(=O)C	0.013	Alkaloids	Pyrimidine nucleosides		4957.0	8810	EB-MSV000090464-gnps_ms2	transferred	1	345.1807	5.46	345.1796	5.457118	-3.187	-0.003	1.0	unique	assigned
C13H19N5O	[M + K]+	6-(2-cyclohexylethoxy)-7H-purin-1-ium-2-amine	C1CCC(CC1)CCOC2=NC(=NC3=C2NC=N3)N	0.015	Alkaloids	Purine alkaloids	Diazines	448.0	8811	EB-MSV000090464-gnps_ms2	transferred	2	300.1238	5.46	300.1244	5.458133	1.999	-0.002	1.0	unique	assigned
C17H37NO2	[M + H]+	2-[2-Hydroxyethyl(tridecyl)amino]ethanol	CCCCCCCCCCCCCN(CCO)CCO	0.165	Fatty acids	N-acyl ethanolamines (endocannabinoids)	Organonitrogen compounds	32125.0	8812	EB-MSV000090464-gnps_ms2	transferred	2	288.2908	5.47	288.2908	5.659784	0.0	0.19	1.0	unique	assigned
C18H30O3	[M + H]+	9-Oxo-11,13-octadecadienoic acid	CCCCC=CC=CCC(=O)CCCCCCCC(=O)O	0.339	Fatty acids	Other Octadecanoids	Fatty Acyls		8813	EB-MSV000090464-gnps_ms2	transferred	3	295.2267	5.47							no_ms2_candidate
C18H34O5	[M + H]+	Tianshic Acid	CCCCCCC(C(C=CC(CCCCCCC(=O)O)O)O)O	0.396	Fatty acids	Other Octadecanoids	Fatty Acyls		8815	EB-MSV000090464-gnps_ms2	transferred	3	331.249	5.49							no_ms2_candidate
C34H67FN2O2	[M + H]+	1,3-Dihydroxypropan-2-yl dotriacontanoate	CCCCCCCCCCCCCCCCCCCCCCCCCCCCCCCC(=O)OC(CO)CO	0.15	Fatty acids	Cholane steroids	Steroids and steroid derivatives	7023.0	8817	EB-MSV000090464-gnps_ms2	transferred	2	555.5274	5.52	555.527	5.514973	-0.72	-0.005	0.9966	ms2_tie	assigned
C16H35NO2	[M + Na]+							3606.0	8818	EB-MSV000090464-gnps_ms2	transferred	3	296.2563	5.52	296.256	5.524661	-1.013	0.005	1.0	unique	assigned
C15H35N2O2	[M + H]+							1461.0	8819	EB-MSV000090464-gnps_ms2	transferred	1	276.2808	5.52	276.2795	5.524951	-4.705	0.005	1.0	unique	assigned
C16H33NO	[M + H]+	Dimethyl(tetradecanoyl)azanium	CCCCCCCCCCCCCC(=O)N(C)C	0.592	Fatty acids	Primary amides	Fatty Acyls	7703.0	8820	EB-MSV000090464-gnps_ms2	transferred	2	256.2643	5.52	256.2643	5.524436	0.0	0.004	0.9995	unique	assigned
C16H36NO2	[M + H]+							166.0	8823	EB-MSV000090464-gnps_ms2	transferred	1	275.278	5.52	275.278	5.525477	0.0	0.005	1.0	unique	assigned
C16H35NO2	[M + H]+		CCCCCCCCCCCCN(CCO)CCO	0.696	Fatty acids	Sphingoid bases	Organonitrogen compounds	13.0	8825	EB-MSV000090464-gnps_ms2	transferred	1	274.2738	5.52	274.2736	5.52534	-0.729	0.005	1.0	unique	assigned
C4H6N3OS	[M + Na]+								8827	EB-MSV000090464-gnps_ms2	transferred	0	167.0131	5.53							no_match
C24H40O5	[M + H3N + H]+	Cholate	CC(CCC(=O)O)C1CCC2C1(C(CC3C2C(CC4C3(CCC(C4)O)C)O)O)C	0.927	Terpenoids	Cholane steroids	Steroids and steroid derivatives	7871.0	8828	EB-MSV000090464-gnps_ms2	transferred	1	426.3207	5.54	426.3209	5.544611	0.469	0.005	0.9984	unique	assigned
C14H31NO	[M + H]+	Lauramine oxide	CCCCCCCCCCCC[N+](C)(C)[O-]	0.154	Fatty acids	Sphingoid bases	Organonitrogen compounds	360.0	8831	EB-MSV000090464-gnps_ms2	transferred	1	230.2478	5.55	230.2475	5.558673	-1.303	0.009	1.0	unique	assigned
C18H39NO3	[M + Na]+							9528.0	8833	EB-MSV000090464-gnps_ms2	transferred	1	340.2817	5.59	340.2812	5.596206	-1.469	0.006	0.9995	unique	assigned
C18H39NO3	[M + H]+	PEG-3 lauramine	CCCCCCCCCCCCN(CCO)CCOCCO	0.816	Fatty acids	Sphingoid bases	Organonitrogen compounds	455.0	8834	EB-MSV000090464-gnps_ms2	transferred	2	318.301	5.59	318.301	5.596406	0.0	0.006	1.0	unique	assigned
C17H17NO4	[M + H]+	ethyl (3S)-3-hydroxy-5-[(2-methylpropan-2-yl)oxycarbonylamino]pentanoate	CCOC(=O)CC(CCNC(=O)OC(C)(C)C)O	0.055	Amino acids and Peptides	Dipeptides	Carboxylic acids and derivatives		8835	EB-MSV000090464-gnps_ms2	transferred	2	300.1243	5.67							low_cosine
C16H35NO3	[M + H]+	Peg-3 capramine	CCCCCCCCCCN(CCO)CCOCCO	0.567	Fatty acids	Sphingoid bases	Organonitrogen compounds	298.0	8836	EB-MSV000090464-gnps_ms2	transferred	1	290.2694	5.64	290.2694	5.64396	0.0	0.004	1.0	unique	assigned
C18H39NO4	[M + H]+	3,3'-(Dodecylimino)bispropane-1,2-diol	CCCCCCCCCCCCN(CC(CO)O)CC(CO)O	0.251	Fatty acids	Sphingoid bases	Organonitrogen compounds	3665.0	8837	EB-MSV000090464-gnps_ms2	transferred	1	334.2947	5.64	334.2948	5.646327	0.299	0.006	1.0	unique	assigned
C11H18FNO5	[M + Na]+	3-Methyl-1-(3,3,3-trifluoropropyl)-2,8,9-trioxa-5-aza-1-silabicyclo(3.3.3)undecane	CC1CN2CCO[Si](O1)(OCC2)CCC(F)(F)F	0.08	Alkaloids	Phenylalanine-derived alkaloids	Organooxygen compounds		8838	EB-MSV000090464-gnps_ms2	transferred	3	286.1073	5.67							low_cosine
C17H28O5	[M + H]+	7-(8-Hydroxy-2-methylideneoctanoyl)oxy-2-methylideneheptanoic acid	C=C(CCCCCOC(=O)C(=C)CCCCCCO)C(=O)O	0.09	Fatty acids	Macrolide lactones	Carboxylic acids and derivatives	9483.0	8839	EB-MSV000090464-gnps_ms2	transferred	2	313.2005	5.66	313.2006	5.657402	0.319	-0.003	0.9942	ms2_tie	assigned
C17H26O4	[M + H]+	2,2,10,10-Tetramethylundecanedioic acid	CC(C)(CCCCCCCC(C)(C)C(=O)O)C(=O)O	0.231	Fatty acids	Dicarboxylic acids	Fatty Acyls	3384.0	8840	EB-MSV000090464-gnps_ms2	transferred	1	295.1905	5.66	295.1904	5.660731	-0.339	0.001	0.9999	unique	assigned
C17H24O3	[M + H]+	2,6,10-trimethyldodeca-3,7,11-triene-2,6,10-triol	CC(C)(C=CCC(C)(C=CCC(C)(C=C)O)O)O	0.029	Terpenoids	Caryophyllane sesquiterpenoids			8841	EB-MSV000090464-gnps_ms2	transferred	1	277.1804	5.66							low_cosine
C17H28O5	[M + Na]+	[(2R)-2,3-Dihydroxypropyl] (2E,4E,8E,13S)-13-Hydroxytetradeca-2,4,8-Trienoate	CC(CCCC=CCCC=CC=CC(=O)OCC(CO)O)O	0.054	Polyketides	Macrolide lactones	Fatty Acyls	8974.0	8842	EB-MSV000090464-gnps_ms2	transferred	1	335.1834	5.66	335.1833	5.664273	-0.298	0.004	0.9999	unique	assigned
C16H36NO2	[M + H]+							166.0	8845	EB-MSV000090464-gnps_ms2	transferred	1	275.278	5.67	275.278	5.525477	0.0	-0.145	0.9998	unique	assigned
C4H6N3OS	[M + Na]+	(2S)-2-amino-3-(sulfonylamino)propanoic acid	C(C(C(=O)O)N)N=S(=O)=O	0.014	Amino acids and Peptides	Aminoacids	Organic sulfonic acids and derivatives		8846	EB-MSV000090464-gnps_ms2	transferred	0	167.0131	5.68							no_match
C16H35NO2	[M + H]+		CCCCCCCCCCCCN(CCO)CCO	0.739	Fatty acids	Sphingoid bases	Organonitrogen compounds	13.0	8847	EB-MSV000090464-gnps_ms2	transferred	1	274.274	5.68	274.2736	5.52534	-1.458	-0.155	1.0	unique	assigned
C15H33NO	[M + H]+	N,N-dimethyltridecan-1-amine Oxide	CCCCCCCCCCCCC[N+](C)(C)[O-]	0.267	Fatty acids	Sphingoid bases	Organonitrogen compounds	6303.0	8848	EB-MSV000090464-gnps_ms2	transferred	2	244.2637	5.69	244.2636	5.689275	-0.409	-0.001	1.0	unique	assigned
C14H31NO	[M + H]+	2-(Dodecylamino)ethanol	CCCCCCCCCCCCNCCO	0.311	Fatty acids	Sphingoid bases	Organonitrogen compounds	360.0	8849	EB-MSV000090464-gnps_ms2	transferred	1	230.2478	5.71	230.2475	5.558673	-1.303	-0.151	0.9992	unique	assigned
C16H31NO	[M + H]+	Pentadecyl isocyanate	CCCCCCCCCCCCCCCN=C=O	0.357	Alkaloids	Pyrrolizidine alkaloids	Oxazinanes	1918.0	8851	EB-MSV000090464-gnps_ms2	transferred	1	254.2475	5.72	254.2473	5.719322	-0.787	-0.001	1.0	unique	assigned
C16H33NO2	[M + H]+	Carboxymethyl-dodecyl-dimethylazanium	CCCCCCCCCCCC[N+](C)(C)CC(=O)O	0.465	Fatty acids	Aminoacids	Organonitrogen compounds	570.0	8852	EB-MSV000090464-gnps_ms2	transferred	2	272.259	5.71	272.2578	5.717298	-4.408	0.007	1.0	unique	assigned
C28H47N5O4	[M + H]+	Rhodopeptin C3	CC(C)CCCCCCCCC1CC(=O)NCC(=O)NC(C(=O)NC(C(=O)N1)C(C)C)CCCN	0.023	Amino acids and Peptides	Tripeptides	Carboxylic acids and derivatives		8853	EB-MSV000090464-gnps_ms2	transferred	0	518.3703	5.73							no_match
C18H39NO3	[M + H]+	PEG-3 lauramine	CCCCCCCCCCCCN(CCO)CCOCCO	0.767	Fatty acids	Sphingoid bases	Organonitrogen compounds	455.0	8854	EB-MSV000090464-gnps_ms2	transferred	2	318.301	5.74	318.301	5.596406	0.0	-0.144	1.0	unique	assigned
C5H8Cl2N2	[M + H]+	Bis-1-aziridinylphosphinyl chloride	C1CN1P(=O)(N2CC2)Cl	0.142	Alkaloids	Pyridine alkaloids	Organic phosphoric acids and derivatives		8855	EB-MSV000090464-gnps_ms2	transferred	0	167.0131	5.74							no_match
C17H37NO2	[M + H]+	2-[2-Hydroxyethyl(tridecyl)amino]ethanol	CCCCCCCCCCCCCN(CCO)CCO	0.065	Fatty acids	Sphingoid bases	Fatty Acyls	32125.0	8856	EB-MSV000090464-gnps_ms2	transferred	3	288.2908	5.76	288.2908	5.659784	0.0	-0.1	0.9875	unique	assigned
C16H35NO3	[M + H]+	Peg-3 capramine	CCCCCCCCCCN(CCO)CCOCCO	0.686	Fatty acids	Sphingoid bases	Organonitrogen compounds		8857	EB-MSV000090464-gnps_ms2	transferred	1	290.2694	5.8							low_cosine
C21H38NO7P	[M + H]+		CCC=CC=CC=CCCCCCCCC(=O)OCC(COP(=O)(O)OCCN)O	0.744	Fatty acids	Glycerophosphoethanolamines	Carboxylic acids and derivatives	9029.0	8858	EB-MSV000090464-gnps_ms2	transferred	2	448.2456	5.8	448.2456	5.795705	0.0	-0.004	1.0	unique	assigned
C22H45NO3	[M + H]+	N,N-Bis(2-hydroxyethyl)stearamide	CCCCCCCCCCCCCCCCCC(=O)N(CCO)CCO	0.151	Fatty acids	N-acyl amines	Sphingolipids	4800.0	8859	EB-MSV000090464-gnps_ms2	transferred	2	372.3474	5.88	372.3472	5.881386	-0.537	0.001	1.0	unique	assigned
C16H33NO2	[M + H]+	Carboxymethyl-dodecyl-dimethylazanium	CCCCCCCCCCCC[N+](C)(C)CC(=O)O	0.5	Fatty acids	N-acyl ethanolamines (endocannabinoids)	Carboxylic acids and derivatives		8860	EB-MSV000090464-gnps_ms2	transferred	2	272.2591	5.88							low_cosine
C16H35NO	[M + H]+	2-(Tetradecylamino)ethanol	CCCCCCCCCCCCCCNCCO	0.197	Fatty acids	Sphingoid bases	Organonitrogen compounds	5613.0	8861	EB-MSV000090464-gnps_ms2	transferred	1	258.28	5.89	258.28	5.891696	0.0	0.002	1.0	unique	assigned
C34H49N5O10	[M + H]+	methyl N-[(2S)-1-[(2S)-2-[[4-[4-[2-[(2S)-1-[2-(methoxycarbonylamino)acetyl]pyrrolidin-2-yl]-1H-imidazol-5-yl]phenyl]phenyl]methylcarbamoyl]pyrrolidin-1-yl]-3-methyl-1-oxobutan-2-yl]carbamate	CC(C)C(C(=O)N1CCCC1C(=O)NCC2=CC=C(C=C2)C3=CC=C(C=C3)C4=CN=C(N4)C5CCCN5C(=O)CNC(=O)OC)NC(=O)OC	0.08	Amino acids and Peptides	Cyclic peptides	Carboxylic acids and derivatives	10713.0	8862	EB-MSV000090464-gnps_ms2	transferred	2	688.3454	5.93	688.3457	5.931988	0.436	0.002	0.9968	unique	assigned
C14H31N	[M + H]+	Tetradecylamine	CCCCCCCCCCCCCCN	0.529	Alkaloids	Polyamines	Organonitrogen compounds	4363.0	8865	EB-MSV000090464-gnps_ms2	transferred	1	214.2535	5.95	214.2534	5.950994	-0.467	0.001	1.0	unique	assigned
C18H35N3O4	[M + H]+	(2S)-5-(carbamoylamino)-2-(dodecanoylamino)pentanoic acid	CCCCCCCCCCCC(=O)NC(CCCNC(=O)N)C(=O)O	0.999	Fatty acids	N-acyl amines	Carboxylic acids and derivatives	5026.0	8866	EB-MSV000090464-gnps_ms2	transferred	2	358.2715	5.96	358.2711	5.965744	-1.116	0.006	1.0	ms2_tie	assigned
C17H17N3O3	[M + H]+		CC(C)C(C(=O)NCC(=O)NC(C(C)C)C(=O)O)N	0.544	Amino acids and Peptides	Dipeptides	Carboxylic acids and derivatives	6188.0	8868	EB-MSV000090464-gnps_ms2	transferred	1	312.135	6.02	312.1356	6.021529	1.922	0.002	1.0	unique	assigned
C18H28N2O4	[M + Na]+	Acetamide, 2,2'-(1,4-phenylenebis(oxy))bis(N-(1,1-dimethylethyl)-	CC(C)(C)NC(=O)COC1=CC=C(C=C1)OCC(=O)NC(C)(C)C	0.339	Terpenoids	Phenylethylamines	Carboxylic acids and derivatives	2009.0	8870	EB-MSV000090464-gnps_ms2	transferred	1	359.1963	6.05	359.1963	6.048503	0.0	-0.001	1.0	unique	assigned
C18H19NO4	[M + K]+							7113.0	8871	EB-MSV000090464-gnps_ms2	transferred	1	352.0946	6.04	352.0945	6.042491	-0.284	0.002	0.9998	unique	assigned
C8H19NO	[M + K]+	8-Amino-1-octanol	C(CCCCO)CCCN	0.151	Fatty acids	Acetate-derived alkaloids	Organonitrogen compounds	2719.0	8873	EB-MSV000090464-gnps_ms2	transferred	1	184.1121	6.04	184.1121	6.04099	0.0	0.001	0.9985	unique	assigned
C11H14FNO2	[M + H]+	Tert-butyl 2-(1,1,1,3,3,3-hexadeuteriopropan-2-ylamino)acetate	CC(C)NCC(=O)OC(C)(C)C	0.031	Alkaloids	Phenylalanine-derived alkaloids	Organooxygen compounds	3059.0	8875	EB-MSV000090464-gnps_ms2	transferred	1	212.1074	6.04	212.1075	6.043326	0.471	0.003	0.9999	unique	assigned
C16H15NO4	[M + H]+	4-oxo-3-oxa-13-azatetracyclo[7.7.1.0²,⁷.0¹³,¹⁷]heptadeca-1,5,7,9(17)-tetraene-5-carboxylic acid	C1CC2=C3C(=C4C(=C2)C=C(C(=O)O4)C(=O)O)CCCN3C1	0.829	Shikimates and Phenylpropanoids	Simple coumarins	Coumarins and derivatives	102.0	8877	EB-MSV000090464-gnps_ms2	transferred	1	286.1073	6.05	286.1073	6.047658	0.0	-0.002	0.9999	unique	assigned
C10H15F2NO5	[M + H]+		CC1CC(CN(C1)C(=O)CSCC(=O)O)C	0.474	Amino acids and Peptides	Primary amides	Carboxylic acids and derivatives	59.0	8878	EB-MSV000090464-gnps_ms2	transferred	1	268.0965	6.04	268.0964	6.044937	-0.373	0.005	1.0	unique	assigned
C15H22O7	[M + H]+	2-(hydroxymethyl)-6-[4-(3-hydroxypropyl)phenoxy]oxane-3,4,5-triol	C1=CC(=CC=C1CCCO)OC2C(C(C(C(O2)CO)O)O)O	0.084	Shikimates and Phenylpropanoids	Cinnamic acids and derivatives	Fatty Acyls	206.0	8879	EB-MSV000090464-gnps_ms2	transferred	1	315.1416	6.05	315.1416	6.045997	0.0	-0.004	1.0	unique	assigned
C30H45NO14	[M + H]+	5-[2-[5-Cyclohexyloxycarbonyl-3-ethenyl-4-hydroxy-2-[3,4,4,5-tetrahydroxy-6-(hydroxymethyl)oxan-2-yl]oxy-2,3-dihydropyran-4-yl]ethenyl]-1-(2-hydroxyethyl)piperidin-1-ium-3-carboxylate	C=CC1C(OC=C(C1(C=CC2CC(CN(C2)CCO)C(=O)O)O)C(=O)OC3CCCCC3)OC4C(C(C(C(O4)CO)O)(O)O)O	0.123	Carbohydrates	Aminoglycosides	Organooxygen compounds	213.0	8880	EB-MSV000090464-gnps_ms2	transferred	1	644.2971	6.05	644.2969	6.045227	-0.31	-0.005	1.0	unique	assigned
C30H42O14	[M + H]+	2-[(2-{4-[(1,3-dihydroxypropan-2-yl)oxy]-3,5-dimethoxyphenyl}-5-(3-hydroxypropyl)-7-methoxy-2,3-dihydro-1-benzofuran-3-yl)methoxy]-6-(hydroxymethyl)oxane-3,4,5-triol	COC1=CC(=CC2=C1OC(C2COC3C(C(C(C(O3)CO)O)O)O)C4=CC(=C(C(=C4)OC)OC(CO)CO)OC)CCCO	0.283	Shikimates and Phenylpropanoids	Arylnaphthalene and aryltetralin lignans	Organooxygen compounds	1064.0	8882	EB-MSV000090464-gnps_ms2	transferred	1	627.2695	6.05	627.2695	6.046223	0.0	-0.004	1.0	unique	assigned
C15H17N3O6	[M + H]+	2,4(1H,3H)-Pyrimidinedione, 6-ethoxy-1-((4-methoxy-3-nitrophenyl)methyl)-3-methyl-	CCOC1=CC(=O)N(C(=O)N1CC2=CC(=C(C=C2)OC)[N+](=O)[O-])C	0.06	Alkaloids	Simple coumarins		243.0	8883	EB-MSV000090464-gnps_ms2	transferred	2	336.1205	6.05	336.1197	6.050628	-2.38	0.001	1.0	ms2_winner	assigned
C18H19NO4	[M + H]+	ethyl 4-oxo-3-oxa-13-azatetracyclo[7.7.1.0²,⁷.0¹³,¹⁷]heptadeca-1,5,7,9(17)-tetraene-5-carboxylate	CCOC(=O)C1=CC2=CC3=C4C(=C2OC1=O)CCCN4CCC3	0.727	Shikimates and Phenylpropanoids	Simple coumarins	Coumarins and derivatives	26.0	8884	EB-MSV000090464-gnps_ms2	transferred	1	314.1385	6.05	314.1385	6.048503	0.0	-0.001	1.0	unique	assigned
C30H42O14	[M + Na]+							214.0	8886	EB-MSV000090464-gnps_ms2	transferred	1	649.2504	6.05	649.2507	6.050999	0.462	0.001	1.0	unique	assigned
C38H45N3O8	[M + H]+	2-[2-(2-Methoxypropoxy)propoxy]propyl 3-[3-[3-[2-[2-(2-methoxypropoxy)propoxy]propoxy]-3-oxopropyl]-2,4,6-trioxo-1,3,5-triazinan-1-yl]propanoate	CC(COC(C)COC(C)COC(=O)CCN1C(=O)NC(=O)N(C1=O)CCC(=O)OCC(C)OCC(C)OCC(C)OC)OC	0.087	Amino acids and Peptides	Depsipeptides	Carboxylic acids and derivatives	774.0	8888	EB-MSV000090464-gnps_ms2	transferred	2	672.3271	6.05	672.3244	6.052026	-4.016	0.002	0.9998	ms2_winner	assigned
C13H21BO8	[M + H]+	N-[2-[2-[2-[(2-aminooxyacetyl)amino]ethoxy]ethoxy]ethyl]-2-methoxyacetamide	COCC(=O)NCCOCCOCCNC(=O)CON	0.095	Amino acids and Peptides	Dipeptides	Carboxylic acids and derivatives	1351.0	8889	EB-MSV000090464-gnps_ms2	transferred	1	316.1443	6.05	316.1443	6.044739	0.0	-0.005	1.0	unique	assigned
C18H19NO5	[M + H]+	3-methyl-8-piperidin-1-yl-7-propyl-3,7-dihydro-1H-purine-2,6-dione	CCCN1C2=C(N=C1N3CCCCC3)N(C(=O)NC2=O)C	0.302	Alkaloids	Purine alkaloids	Organonitrogen compounds	6761.0	8898	EB-MSV000090464-gnps_ms2	transferred	1	330.134	6.06	330.1338	6.05756	-0.606	-0.002	1.0	unique	assigned
C19H29NO4	[M + H]+	2-decanamido-3-(4-hydroxyphenyl)propanoic acid	CCCCCCCCCC(=O)NC(CC1=CC=C(C=C1)O)C(=O)O	0.995	Fatty acids	N-acyl amines	Carboxylic acids and derivatives	7684.0	8901	EB-MSV000090464-gnps_ms2	transferred	2	336.218	6.07	336.2185	6.072421	1.487	0.002	0.9999	unique	assigned
C17H25NO3	[M + H]+	2-(Octanoylamino)-3-phenylpropanoic acid	CCCCCCCC(=O)NC(CC1=CC=CC=C1)C(=O)O	0.935	Fatty acids	N-acyl amines	Carboxylic acids and derivatives	6248.0	8904	EB-MSV000090464-gnps_ms2	transferred	2	292.1907	6.14	292.1903	6.138812	-1.369	-0.001	1.0	unique	assigned
C21H32O3	[M + H]+	2-[Bis(4-hydroxycyclohexyl)methyl]cyclohexan-1-ol	C1CCC(C(C1)C(C2CCC(CC2)O)C3CCC(CC3)O)O	0.06	Fatty acids	Other Octadecanoids	Fatty Acyls	7141.0	8905	EB-MSV000090464-gnps_ms2	transferred	2	333.2422	6.14	333.2422	6.150158	0.0	0.01	0.8834	unique	assigned
C23H40NO7P	[M + Na]+	(2-aminoethoxy)[2-hydroxy-3-(octadeca-6,9,12,15-tetraenoyloxy)propoxy]phosphinic acid	CCC=CCC=CCC=CCC=CCCCCC(=O)OCC(COP(=O)(O)OCCN)O	0.478	Fatty acids	Glycerophosphoethanolamines	Carboxylic acids and derivatives	5673.0	8908	EB-MSV000090464-gnps_ms2	transferred	3	496.242	6.14	496.2421	6.148926	0.202	0.009	1.0	ms2_winner	assigned
C23H40NO7P	[M + H]+	(2-aminoethoxy)[2-hydroxy-3-(octadeca-6,9,12,15-tetraenoyloxy)propoxy]phosphinic acid	CCC=CCC=CCC=CCC=CCCCCC(=O)OCC(COP(=O)(O)OCCN)O	0.481	Fatty acids	Glycerophosphoethanolamines	Carboxylic acids and derivatives	824.0	8909	EB-MSV000090464-gnps_ms2	transferred	2	474.2636	6.15	474.2638	6.147482	0.422	-0.003	1.0	ms2_tie	assigned
C23H43NO6	[M + H]+	1-(acetyloxy)-2-acetamido-3-hydroxy-15-methylhexadecan-4-yl acetate	CC(C)CCCCCCCCCCC(C(C(COC(=O)C)NC(=O)C)O)OC(=O)C	0.066	Fatty acids	Open-chain polyketides	Fatty Acyls		8910	EB-MSV000090464-gnps_ms2	transferred	0	430.3181	6.16							no_match
C11H19NO4	[M + K]+	beta-Alanine, N-acetyl-, 2-(dimethoxyphosphinyl)ethyl ester	CC(=O)NCCC(=O)OCCP(=O)(OC)OC	0.547	Amino acids and Peptides	Aminoacids	Carboxylic acids and derivatives		8911	EB-MSV000090464-gnps_ms2	transferred	1	268.0964	6.16							low_cosine
C16H15NO4	[M + H]+	4-oxo-3-oxa-13-azatetracyclo[7.7.1.0²,⁷.0¹³,¹⁷]heptadeca-1,5,7,9(17)-tetraene-5-carboxylic acid	C1CC2=C3C(=C4C(=C2)C=C(C(=O)O4)C(=O)O)CCCN3C1	0.702	Shikimates and Phenylpropanoids	Simple coumarins	Coumarins and derivatives	102.0	8912	EB-MSV000090464-gnps_ms2	transferred	1	286.1073	6.17	286.1073	6.047658	0.0	-0.122	0.9839	unique	assigned
C18H19NO4	[M + H]+	ethyl 4-oxo-3-oxa-13-azatetracyclo[7.7.1.0²,⁷.0¹³,¹⁷]heptadeca-1,5,7,9(17)-tetraene-5-carboxylate	CCOC(=O)C1=CC2=CC3=C4C(=C2OC1=O)CCCN4CCC3	0.844	Shikimates and Phenylpropanoids	Simple coumarins	Carboxylic acids and derivatives	26.0	8913	EB-MSV000090464-gnps_ms2	transferred	1	314.1384	6.18	314.1385	6.048503	0.318	-0.131	0.9971	unique	assigned
C21H40NO7P	[M + H]+	[3-[2-aminoethoxy(hydroxy)phosphoryl]oxy-2-hydroxypropyl] (9Z,12Z)-hexadeca-9,12-dienoate	CCCC=CCC=CCCCCCCCC(=O)OCC(COP(=O)(O)OCCN)O	0.653	Fatty acids	Glycerophosphoethanolamines	Carboxylic acids and derivatives	3679.0	8914	EB-MSV000090464-gnps_ms2	transferred	3	450.2633	6.2	450.2644	6.208732	2.443	0.009	1.0	ms2_tie	assigned
C20H26N2O4	[M + H]+	Acetamide, 2,2'-(1,4-phenylenebis(oxy))bis(N-(1,1-dimethylethyl)-	CC(C)(C)NC(=O)COC1=CC=C(C=C1)OCC(=O)NC(C)(C)C	0.258	Terpenoids	Phenylethylamines	Carboxylic acids and derivatives		8916	EB-MSV000090464-gnps_ms2	transferred	1	359.1963	6.21							low_cosine
C21H43N7O5	[M + H]+	2-[2-[2-[2-[2-[2-(2-Ethoxypropoxy)propoxy]propoxy]propoxy]propoxy]propoxy]propan-1-amine	CCOC(C)COC(C)COC(C)COC(C)COC(C)COC(C)COC(C)CN	0.167	Fatty acids	Open-chain polyketides	Fatty Acyls		8917	EB-MSV000090464-gnps_ms2	transferred	0	474.3422	6.22							no_match
C26H45NO6	[M + H]+	spirotoamide b	CCC(=CC(CC(C)CC(C)C1CC(C(C2(O1)CC(C(C(O2)C)C)O)C)O)O)C=CC(=O)N	0.046	Fatty acids	Sphingoid bases	Carboxylic acids and derivatives	1509.0	8919	EB-MSV000090464-gnps_ms2	transferred	3	468.3343	6.23	468.3343	6.228949	0.0	-0.001	1.0	ms2_tie	assigned
C28H47N5O4	[M + H]+	Rhodopeptin C3	CC(C)CCCCCCCCC1CC(=O)NCC(=O)NC(C(=O)NC(C(=O)N1)C(C)C)CCCN	0.015	Alkaloids	Isoquinoline alkaloids	Phenol ethers	2488.0	8920	EB-MSV000090464-gnps_ms2	transferred	1	518.3703	6.24	518.3701	6.250821	-0.386	0.011	1.0	unique	assigned
C32H55N5O6	[M + H]+	[(2R)-3-[2-aminoethoxy(hydroxy)phosphoryl]oxy-2-nonanoyloxypropyl] (E)-heptadec-9-enoate	CCCCCCCCC(=O)OC(COC(=O)CCCCCCCC=CCCCCCCC)COP(=O)(O)OCCN	0.385	Fatty acids	Glycerophosphoethanolamines	Carboxylic acids and derivatives	3453.0	8922	EB-MSV000090464-gnps_ms2	transferred	1	606.4218	6.25	606.4219	6.25041	0.165	0.0	0.9999	unique	assigned
C30H51N5O5	[M + H]+	[(2R,3S)-2-hydroxy-3-[[(1R,3S)-3-[2-(2-oxopiperidin-1-yl)propan-2-yl]cyclohexanecarbonyl]amino]-4-phenylbutyl]-[(3-propan-2-ylphenyl)methyl]azanium	CC(C)C1=CC=CC(=C1)CNCC(C(CC2=CC=CC=C2)NC(=O)C3CCCC(C3)C(C)(C)N4CCCCC4=O)O	0.043	Alkaloids	Isoquinoline alkaloids	Phenol ethers	2652.0	8923	EB-MSV000090464-gnps_ms2	transferred	1	562.3961	6.25	562.3961	6.25041	0.0	0.0	1.0	unique	assigned
C11H20NO4	[M + K]+	1-ethyl-6-(pyridin-4-yl)-1H-pyrazolo[3,4-b]pyridine-4-carboxylic acid	CCN1C2=C(C=N1)C(=CC(=N2)C3=CC=NC=C3)C(=O)O	0.205	Alkaloids	Pyrroloquinoline alkaloids		376.0	8924	EB-MSV000090464-gnps_ms2	transferred	1	269.1005	6.26	269.1006	6.045997	0.372	-0.214	0.9987	unique	assigned
C16H15NO4	[M + H]+	4-oxo-3-oxa-13-azatetracyclo[7.7.1.0²,⁷.0¹³,¹⁷]heptadeca-1,5,7,9(17)-tetraene-5-carboxylic acid	C1CC2=C3C(=C4C(=C2)C=C(C(=O)O4)C(=O)O)CCCN3C1	0.914	Shikimates and Phenylpropanoids	Simple coumarins	Coumarins and derivatives	102.0	8925	EB-MSV000090464-gnps_ms2	transferred	1	286.1073	6.26	286.1073	6.047658	0.0	-0.212	0.9661	unique	assigned
C18H19NO4	[M + Na]+							243.0	8927	EB-MSV000090464-gnps_ms2	transferred	2	336.1203	6.27	336.1197	6.050628	-1.785	-0.219	0.9999	ms2_winner	assigned
C23H40NO7P	[M + Na]+	(2-aminoethoxy)[2-hydroxy-3-(octadeca-6,9,12,15-tetraenoyloxy)propoxy]phosphinic acid	CCC=CCC=CCC=CCC=CCCCCC(=O)OCC(COP(=O)(O)OCCN)O	0.409	Fatty acids	Glycerophosphoethanolamines	Carboxylic acids and derivatives	6809.0	8928	EB-MSV000090464-gnps_ms2	transferred	4	496.242	6.27	496.2422	6.274279	0.403	0.004	1.0	ms2_winner	assigned
C13H14FNO4	[M + H]+	2-{[(tert-butoxy)carbonyl]amino}-2-cyclobutylacetic acid	CC(C)(C)OC(=O)NC(C1CCC1)C(=O)O	0.219	Amino acids and Peptides	Dipeptides	Carboxylic acids and derivatives	59.0	8929	EB-MSV000090464-gnps_ms2	transferred	1	268.0964	6.27	268.0964	6.044937	0.0	-0.225	0.9872	unique	assigned
C30H45NO14	[M + H]+	5-[2-[5-Cyclohexyloxycarbonyl-3-ethenyl-4-hydroxy-2-[3,4,4,5-tetrahydroxy-6-(hydroxymethyl)oxan-2-yl]oxy-2,3-dihydropyran-4-yl]ethenyl]-1-(2-hydroxyethyl)piperidin-1-ium-3-carboxylate	C=CC1C(OC=C(C1(C=CC2CC(CN(C2)CCO)C(=O)O)O)C(=O)OC3CCCCC3)OC4C(C(C(C(O4)CO)O)(O)O)O	0.54	Carbohydrates	Spirotetronate macrolides	Organooxygen compounds		8930	EB-MSV000090464-gnps_ms2	transferred	1	644.2969	6.27							low_cosine
C30H42O14	[M + Na]+								8931	EB-MSV000090464-gnps_ms2	transferred	1	649.2502	6.28							low_cosine
C23H40NO7P	[M + H]+	(2-aminoethoxy)[2-hydroxy-3-(octadeca-6,9,12,15-tetraenoyloxy)propoxy]phosphinic acid	CCC=CCC=CCC=CCC=CCCCCC(=O)OCC(COP(=O)(O)OCCN)O	0.498	Fatty acids	Glycerophosphoethanolamines	Carboxylic acids and derivatives	876.0	8932	EB-MSV000090464-gnps_ms2	transferred	2	474.2636	6.27	474.2639	6.275607	0.633	0.006	1.0	ms2_tie	assigned
C18H19NO4	[M + H]+	ethyl 4-oxo-3-oxa-13-azatetracyclo[7.7.1.0²,⁷.0¹³,¹⁷]heptadeca-1,5,7,9(17)-tetraene-5-carboxylate	CCOC(=O)C1=CC2=CC3=C4C(=C2OC1=O)CCCN4CCC3	0.682	Shikimates and Phenylpropanoids	Simple coumarins	Coumarins and derivatives	26.0	8933	EB-MSV000090464-gnps_ms2	transferred	1	314.1384	6.27	314.1385	6.048503	0.318	-0.221	0.9979	unique	assigned
C15H32N2O5	[M + K]+	Acetamide, 2,2'-(1,4-phenylenebis(oxy))bis(N-(1,1-dimethylethyl)-	CC(C)(C)NC(=O)COC1=CC=C(C=C1)OCC(=O)NC(C)(C)C	0.344	Terpenoids	Phenylethylamines	Carboxylic acids and derivatives		8934	EB-MSV000090464-gnps_ms2	transferred	1	359.1963	6.28							low_cosine
C5H8Cl2N2	[M + H]+	2-(Cyanatoamino)ethanesulfonic acid	C(CS(=O)(=O)O)NOC#N	0.066	Amino acids and Peptides	Aminoacids	Organic sulfonic acids and derivatives		8937	EB-MSV000090464-gnps_ms2	transferred	0	167.0131	6.28							no_match
C16H15NO4	[M + H]+	4-oxo-3-oxa-13-azatetracyclo[7.7.1.0²,⁷.0¹³,¹⁷]heptadeca-1,5,7,9(17)-tetraene-5-carboxylic acid	C1CC2=C3C(=C4C(=C2)C=C(C(=O)O4)C(=O)O)CCCN3C1	0.891	Shikimates and Phenylpropanoids	Simple coumarins	Carboxylic acids and derivatives	102.0	8938	EB-MSV000090464-gnps_ms2	transferred	1	286.1073	6.3	286.1073	6.047658	0.0	-0.252	0.9542	unique	assigned
C13H18O7	[M + H]+	2-N-(3-carbamoyl-2-methylphenyl)-1H-pyrrole-2,4-dicarboxamide	CC1=C(C=CC=C1NC(=O)C2=CC(=CN2)C(=O)N)C(=O)N	0.217	Amino acids and Peptides	Aminoacids	Carboxylic acids and derivatives		8939	EB-MSV000090464-gnps_ms2	transferred	1	287.1106	6.31							no_ms2_candidate
C21H40NO7P	[M + H]+	[3-[2-aminoethoxy(hydroxy)phosphoryl]oxy-2-hydroxypropyl] (9Z,12Z)-hexadeca-9,12-dienoate	CCCC=CCC=CCCCCCCCC(=O)OCC(COP(=O)(O)OCCN)O	0.874	Fatty acids	Glycerophosphoethanolamines	Carboxylic acids and derivatives	7507.0	8940	EB-MSV000090464-gnps_ms2	transferred	3	450.2634	6.34	450.2639	6.345886	1.11	0.006	0.9829	ms2_tie	assigned
C21H43N7O5	[M + H]+	2-[2-[2-[2-[2-[2-(2-Ethoxypropoxy)propoxy]propoxy]propoxy]propoxy]propoxy]propan-1-amine	CCOC(C)COC(C)COC(C)COC(C)COC(C)COC(C)COC(C)CN	0.132	Fatty acids	Sphingoid bases			8941	EB-MSV000090464-gnps_ms2	transferred	0	474.342	6.37							no_match
C26H45NO6	[M + H]+	N-(2,2-dihydroxyethyl)-4-(3,7,12-trihydroxy-10,13-dimethyl-2,3,4,5,6,7,8,9,11,12,14,15,16,17-tetradecahydro-1H-cyclopenta[a]phenanthren-17-yl)pentanamide	CC(CCC(=O)NCC(O)O)C1CCC2C1(C(CC3C2C(CC4C3(CCC(C4)O)C)O)O)C	0.62	Terpenoids	Cholane steroids	Steroids and steroid derivatives	3498.0	8942	EB-MSV000090464-gnps_ms2	transferred	4	468.3338	6.37	468.3339	6.369605	0.214	-0.0	1.0	ms2_tie	assigned
C26H37NO6	[M + H]+	2-[2-[2-[2-[2-[2-[4-[(2-Methylpropan-2-yl)oxy]pent-4-enoxy]ethoxy]ethoxy]ethoxy]ethoxy]ethoxy]ethanamine	CC(C)(C)OC(=C)CCCOCCOCCOCCOCCOCCOCCN	0.046	Amino acids and Peptides	Labdane diterpenoids	Carboxylic acids and derivatives	8860.0	8943	EB-MSV000090464-gnps_ms2	transferred	3	460.269	6.38	460.2691	6.385897	0.217	0.006	1.0	unique	assigned
C19H30N2O8	[M + H]+	(2R,3S,5R)-2-[(2S)-3-[(1R,2S)-1-butoxy-2,3-dihydroxypropoxy]-4-hydroxybutan-2-yl]oxy-6-(hydroxymethyl)oxane-3,4,5-triol	CCCCOC(C(CO)O)OC(CO)C(C)OC1C(C(C(C(O1)CO)O)O)O	0.139	Terpenoids	Iridoids monoterpenoids	Organooxygen compounds	8637.0	8944	EB-MSV000090464-gnps_ms2	transferred	5	415.213	6.39	415.2132	6.387434	0.482	-0.003	1.0	ms2_tie	assigned
C12H17F2N3O3	[M + Na]+	N-[2-[ethyl(methyl)amino]ethoxy]-2,6-difluoro-N-methyl-4-nitroaniline	CCN(C)CCON(C)C1=C(C=C(C=C1F)[N+](=O)[O-])F	0.015	Amino acids and Peptides	Dipeptides	Carboxylic acids and derivatives	5871.0	8945	EB-MSV000090464-gnps_ms2	transferred	2	312.1125	6.39	312.1123	6.391642	-0.641	0.002	1.0	unique	assigned
C23H40NO7P	[M + H]+	(2-aminoethoxy)[2-hydroxy-3-(octadeca-6,9,12,15-tetraenoyloxy)propoxy]phosphinic acid	CCC=CCC=CCC=CCC=CCCCCC(=O)OCC(COP(=O)(O)OCCN)O	0.496	Fatty acids	Glycerophosphoethanolamines	Carboxylic acids and derivatives	876.0	8946	EB-MSV000090464-gnps_ms2	transferred	2	474.2635	6.4	474.2639	6.275607	0.843	-0.124	0.9838	ms2_tie	assigned
C24H33NO6	[M + H]+	N-(2-butoxyethyl)-2-[2-[2-[2-(2-propan-2-yloxyethoxy)ethoxy]ethoxy]ethoxy]acetamide	CCCCOCCNC(=O)COCCOCCOCCOCCOC(C)C	0.014	Amino acids and Peptides	Amino cyclitols	Organooxygen compounds	10701.0	8947	EB-MSV000090464-gnps_ms2	transferred	3	432.238	6.39	432.2376	6.387487	-0.925	-0.003	0.9993	unique	assigned
C28H47N5O4	[M + H]+	Rhodopeptin C3	CC(C)CCCCCCCCC1CC(=O)NCC(=O)NC(C(=O)NC(C(=O)N1)C(C)C)CCCN	0.014	Alkaloids	Phenylethylamines	Phenol ethers	2488.0	8948	EB-MSV000090464-gnps_ms2	transferred	1	518.3702	6.4	518.3701	6.250821	-0.193	-0.149	0.7126	unique	assigned
C30H51N5O5	[M + H]+	(1r,2s,5s)-N-[(2s,3r)-4-Amino-1-Cyclobutyl-3-Hydroxy-4-Oxobutan-2-Yl]-6,6-Dimethyl-3-{3-Methyl-N-[(1-Methylcyclohexyl)carbamoyl]-L-Valyl}-3-Azabicyclo[3.1.0]hexane-2-Carboxamide	CC1(C2C1C(N(C2)C(=O)C(C(C)(C)C)NC(=O)NC3(CCCCC3)C)C(=O)NC(CC4CCC4)C(C(=O)N)O)C	0.049	Amino acids and Peptides	Linear peptides	Carboxylic acids and derivatives	2652.0	8949	EB-MSV000090464-gnps_ms2	transferred	1	562.3961	6.4	562.3961	6.25041	0.0	-0.15	0.8494	unique	assigned
C17H39N2O2	[M + H]+		CCCCCCCCCCCCCCCCC1=C([CH]C=C1)C		Fatty acids	Hydrocarbons	Unsaturated hydrocarbons	2908.0	8950	EB-MSV000090464-gnps_ms2	transferred	1	304.3126	6.4	304.3127	6.408307	0.329	0.008	1.0	unique	assigned
C18H39NO2	[M + Na]+							6720.0	8951	EB-MSV000090464-gnps_ms2	transferred	1	324.2874	6.4	324.2871	6.408307	-0.925	0.008	1.0	unique	assigned
C18H39NO2	[M + H]+		CCCCCCCCCCCCCCN(CCO)CCO	0.753	Fatty acids	Sphingoid bases	Organonitrogen compounds	66.0	8952	EB-MSV000090464-gnps_ms2	transferred	1	302.306	6.41	302.306	6.409288	0.0	-0.001	1.0	unique	assigned
C5H8Cl2N2	[M + H]+	Bis-1-aziridinylphosphinyl chloride	C1CN1P(=O)(N2CC2)Cl	0.25	Alkaloids	Pyridine alkaloids	Organic phosphoric acids and derivatives		8956	EB-MSV000090464-gnps_ms2	transferred	0	167.0131	6.42							no_match
C16H15NO4	[M + H]+	1-(2-aminoethyl)-N-(3-fluoro-5-methylphenyl)triazole-4-carboxamide	CC1=CC(=CC(=C1)F)NC(=O)C2=CN(N=N2)CCN	0.089	Alkaloids	Tropane alkaloids	Benzene and substituted derivatives		8957	EB-MSV000090464-gnps_ms2	transferred	1	286.1073	6.41							low_cosine
C16H35NO	[M + H]+	2-(Tetradecylamino)ethanol	CCCCCCCCCCCCCCNCCO	0.728	Fatty acids	Sphingoid bases	Organonitrogen compounds	1210.0	8958	EB-MSV000090464-gnps_ms2	transferred	1	258.28	6.45	258.28	6.448063	0.0	-0.002	1.0	unique	assigned
C20H43NO3	[M + H]+	Peg-3 myristamine	CCCCCCCCCCCCCCN(CCO)CCOCCO	0.812	Fatty acids	Sphingoid bases	Organonitrogen compounds	924.0	8959	EB-MSV000090464-gnps_ms2	transferred	2	346.3322	6.46	346.3323	6.463312	0.289	0.003	1.0	unique	assigned
C18H39NO3	[M + H]+	Phytosphingosine	CCCCCCCCCCCCCCC(C(C(CO)N)O)O	0.612	Fatty acids	Sphingoid bases	Organonitrogen compounds	1303.0	8960	EB-MSV000090464-gnps_ms2	transferred	1	318.301	6.5	318.3011	6.505041	0.314	0.005	1.0	unique	assigned
C53H78N2O12	[M + K]+		CC=CCC(C)C(C1C(=O)NC(C(=O)CC(=O)N(C(C(=O)NC(C(=O)N(C(C(=O)NC(C(=O)NC(C(=O)N(C(C(=O)NC(C(=O)N(C(C(=O)N1C)C)C)C)C)C)C)C)C)C)C)C)C)C(C)O)O	0.176	Amino acids and Peptides	Cyclic peptides	Carboxylic acids and derivatives	3765.0	8965	EB-MSV000090464-gnps_ms2	transferred	2	973.5236	6.54	973.5223	6.54044	-1.335	0.0	1.0	ms2_winner	assigned
C23H42NO7P	[M + H]+	(2-aminoethoxy)[2-hydroxy-3-(octadeca-9,12,15-trienoyloxy)propoxy]phosphinic acid	CCC=CCC=CCC=CCCCCCCCC(=O)OCC(COP(=O)(O)OCCN)O	0.34	Fatty acids	Glycerophosphoethanolamines	Carboxylic acids and derivatives	70.0	8966	EB-MSV000090464-gnps_ms2	transferred	2	476.2782	6.54	476.2779	6.53743	-0.63	-0.003	1.0	ms2_tie	assigned
C23H42NO7P	[M + Na]+	(2-aminoethoxy)[2-hydroxy-3-(octadeca-9,12,15-trienoyloxy)propoxy]phosphinic acid	CCC=CCC=CCC=CCCCCCCCC(=O)OCC(COP(=O)(O)OCCN)O	0.439	Fatty acids	Glycerophosphoethanolamines	Carboxylic acids and derivatives	1187.0	8967	EB-MSV000090464-gnps_ms2	transferred	2	498.2609	6.54	498.2605	6.537416	-0.803	-0.003	1.0	ms2_winner	assigned
C21H34O3	[M + H]+		CCCCCC=CCC1C(O1)CC2C(O2)CC3C(O3)CCCC=C	0.034	Fatty acids	Monoacylglycerols	Glycerolipids	844.0	8968	EB-MSV000090464-gnps_ms2	transferred	2	335.259	6.54	335.2589	6.532178	-0.298	-0.008	1.0	ms2_winner	assigned
C27H35N5O3	[M + H]+		CCC1CN(CCC1CC(=O)N(CC)C(=O)NCCCN(C)C)C(=O)N2CCOCC2	0.065	Amino acids and Peptides	Dipeptides	Fatty Acyls		8969	EB-MSV000090464-gnps_ms2	transferred	2	478.2827	6.54							no_ms2_candidate
C47H82O19	[M + H]+	6-hydroxy-2,5-dimethylhexa-2,4-dien-1-yl 2-hydroxy-3-(5-hydroxy-8-{4-[8'-hydroxy-6'-(1-hydroxy-3-{3-methyl-1,7-dioxaspiro[5.5]undecan-2-yl}butyl)-7'-methylidene-hexahydro-3'H-spiro[oxolane-2,2'-pyrano[3,2-b]pyran]-5-yl]but-3-en-2-yl}-10-methyl-1,7-dioxaspiro[5.5]undec-10-en-2-yl)-2-methylpropanoate	CC1CCC2(CCCCO2)OC1C(C)CC(C3C(=C)C(C4C(O3)CCC5(O4)CCC(O5)C=CC(C)C6CC(=CC7(O6)C(CCC(O7)CC(C)(C(=O)OCC(=CC=C(C)CO)C)O)O)C)O)O	0.05	Fatty acids	Farnesane sesquiterpenoids	Fatty Acyls	646.0	8970	EB-MSV000090464-gnps_ms2	transferred	2	951.5462	6.54	951.5455	6.538556	-0.736	-0.001	1.0	ms2_tie	assigned
C24H33ClN2O3	[M + K]+	[(1R)-1-[[(2R)-2-[3-[[amino(nitramido)methylidene]amino]propyl]-5-ethylsulfanyl-4-oxopentanoyl]amino]-3-methylbutyl]boronic acid	B(C(CC(C)C)NC(=O)C(CCCN=C(N)N[N+](=O)[O-])CC(=O)CSCC)(O)O	0.086	Amino acids and Peptides	Tripeptides	Carboxylic acids and derivatives		8971	EB-MSV000090464-gnps_ms2	transferred	2	471.1832	6.54							low_cosine
C25H40NO7P	[M + Na]+	4-[3-[(E)-[2-[(E)-oct-2-enyl]-5-oxocyclopent-3-en-1-ylidene]methyl]oxiran-2-yl]butanoyl 2-(trimethylazaniumyl)ethyl phosphate	CCCCCC=CCC1C=CC(=O)C1=CC2C(O2)CCCC(=O)OP(=O)(O)OCC[N+](C)(C)C		Fatty acids	Glycerophosphoethanolamines	Glycerophospholipids	7632.0	8972	EB-MSV000090464-gnps_ms2	transferred	2	520.2389	6.54	520.2383	6.535612	-1.153	-0.004	0.9999	ms2_tie	assigned
C15H20FN3O4	[M + H]+	2-[[2-[(2-Amino-3-methylbutanoyl)amino]acetyl]amino]-4-methylpentanoic acid	CC(C)CC(C(=O)O)NC(=O)CNC(=O)C(C(C)C)N	0.443	Amino acids and Peptides	Tripeptides	Carboxylic acids and derivatives	8357.0	8973	EB-MSV000090464-gnps_ms2	transferred	1	326.1507	6.54	326.1505	6.542085	-0.613	0.002	0.9999	unique	assigned
C16H38N4O	[M + H]+	2-[3-[Bis[3-(dimethylamino)propyl]amino]propyl-methylamino]ethanol	CN(C)CCCN(CCCN(C)C)CCCN(C)CCO	0.083	Fatty acids	Sphingoid bases	Organonitrogen compounds		8974	EB-MSV000090464-gnps_ms2	transferred	1	303.3084	6.55							no_ms2_candidate
C18H39NO2	[M + H]+		CCCCCCCCCCCCCCN(CCO)CCO	0.806	Fatty acids	Sphingoid bases	Organonitrogen compounds	66.0	8975	EB-MSV000090464-gnps_ms2	transferred	1	302.306	6.54	302.306	6.409288	0.0	-0.131	0.9999	unique	assigned
C21H42NO7P	[M + H]+	(2-aminoethoxy)[3-(hexadec-9-enoyloxy)-2-hydroxypropoxy]phosphinic acid	CCCCCCC=CCCCCCCCC(=O)OCC(COP(=O)(O)OCCN)O	0.402	Fatty acids	Glycerophosphoethanolamines	Carboxylic acids and derivatives	532.0	8977	EB-MSV000090464-gnps_ms2	transferred	2	452.2781	6.57	452.278	6.564928	-0.221	-0.005	1.0	ms2_tie	assigned
C32H55NO7	[M + H]+	[(3~{Z},5~{S},6~{S},7~{S},8~{R},9~{S},11~{Z},13~{S},14~{S},15~{S},16~{Z},18~{S})-5,7,9,11,13,15-hexamethyl-19-[(2~{S},3~{R})-3-methyl-6-oxidanylidene-oxan-2-yl]-8,14,18-tris(oxidanyl)nonadeca-3,11,16-trien-6-yl] carbamate	CCC=CC(C)C(C(C)C(C(C)CC(=CC(C)C(C(C)C=CC(CC1C(CCC(=O)O1)C)O)O)C)O)OC(=O)N	0.108	Polyketides	Erythromycins	Carboxylic acids and derivatives	3141.0	8980	EB-MSV000090464-gnps_ms2	transferred	4	566.4064	6.57	566.4023	6.571721	-7.239	0.002	0.9972	ms2_tie	assigned
C47H84O15	[M + K]+	2-(tetradecanoyloxy)-3-{[3,4,5-trihydroxy-6-({[3,4,5-trihydroxy-6-(hydroxymethyl)oxan-2-yl]oxy}methyl)oxan-2-yl]oxy}propyl octadeca-9,12-dienoate	CCCCCCCCCCCCCC(=O)OC(COC1C(C(C(C(O1)COC2C(C(C(C(O2)CO)O)O)O)O)O)O)COC(=O)CCCCCCCC=CCC=CCCCCC	0.325	Fatty acids	Glycosyldiacylglycerols	Glycerolipids		8981	EB-MSV000090464-gnps_ms2	transferred	2	927.5522	6.57							low_cosine
C19H34O3	[M + H]+	[(2S)-oxiran-2-yl]methyl (Z)-hexadec-9-enoate	CCCCCCC=CCCCCCCCC(=O)OCC1CO1	0.469	Fatty acids	Monoacylglycerols	Glycerolipids	3723.0	8983	EB-MSV000090464-gnps_ms2	transferred	2	311.259	6.57	311.2591	6.566649	0.321	-0.003	0.9905	unique	assigned
C18H39NO2	[M + H]+		CCCCCCCCCCCCCCN(CCO)CCO	0.771	Fatty acids	Sphingoid bases	Organonitrogen compounds	66.0	8984	EB-MSV000090464-gnps_ms2	transferred	1	302.306	6.58	302.306	6.409288	0.0	-0.171	1.0	unique	assigned
C22H42NO7P	[M + H]+	[3-[2-aminoethoxy(hydroxy)phosphoryl]oxy-2-hydroxypropyl] (9Z,12Z)-heptadeca-9,12-dienoate	CCCCC=CCC=CCCCCCCCC(=O)OCC(COP(=O)(O)OCCN)O	0.986	Fatty acids	Glycerophosphoethanolamines	Carboxylic acids and derivatives	9252.0	8985	EB-MSV000090464-gnps_ms2	transferred	2	464.276	6.6	464.2761	6.610917	0.215	0.011	1.0	ms2_tie	assigned
C26H41N7O4	[M + H]+	3-(azepan-1-ium-1-yl)-N-[6-[3-(azepan-1-ium-1-yl)propanoylamino]acridin-10-ium-3-yl]propanamide	C1CCCN(CC1)CCC(=O)NC2=CC3=C(C=C2)C=C4C=CC(=CC4=N3)NC(=O)CCN5CCCCCC5	0.102	Alkaloids	Pyrroloindole alkaloids	Carboxylic acids and derivatives	1071.0	8986	EB-MSV000090464-gnps_ms2	transferred	2	516.3279	6.58	516.3278	6.581529	-0.194	0.002	1.0	ms2_tie	assigned
C28H47NO6	[M + H]+		CC(CCC(=O)NC(C(C)O)C(=O)O)C1CCC2C1(CCC3C2C(CC4C3(CCC(C4)O)C)O)C	0.129	Polyketides	Open-chain polyketides		37.0	8987	EB-MSV000090464-gnps_ms2	transferred	2	494.3494	6.58	494.3493	6.581529	-0.202	0.002	1.0	ms2_tie	assigned
C16H35NO	[M + H]+	2-(Tetradecylamino)ethanol	CCCCCCCCCCCCCCNCCO	0.716	Fatty acids	Sphingoid bases	Organonitrogen compounds		8990	EB-MSV000090464-gnps_ms2	transferred	1	258.28	6.59							low_cosine
C49H98N2O17	[M + Na]+	4,5-dihydroxy-4a-(1-hydroxy-4-methyl-7-phenylheptyl)-3,8-dimethyl-4-[2-(5-oxo-2,5-dihydrofuran-3-yl)ethyl]-8-{16-[(1-phenylcyclohexyl)methyl]trispiro[4.1.1.5⁹.2⁷.2⁵]octadecan-12-yl}-decahydronaphthalen-1-yl acetate	CC1CC(C2C(CCC(C2(C1(CCC3=CC(=O)OC3)O)C(CCC(C)CCCC4=CC=CC=C4)O)O)(C)C5CCC6(CC5)CC(C7(C6)CCC8(C7)CCCC8)CC9(CCCCC9)C1=CC=CC=C1)OC(=O)C	0.052	Fatty acids	Triacylglycerols	Steroids and steroid derivatives	2425.0	8993	EB-MSV000090464-gnps_ms2	transferred	2	1009.676	6.59	1009.6767	6.589456	0.693	-0.001	1.0	ms2_winner	assigned
C18H37NO2	[M + H]+	Sphingoid	CCCCCCCCCCCCCC=CC(C(CO)N)O	0.744	Fatty acids	Sphingoid bases	Organonitrogen compounds	1390.0	8995	EB-MSV000090464-gnps_ms2	transferred	1	300.2897	6.61	300.2898	6.613645	0.333	0.004	1.0	unique	assigned
C26H47NO6	[M + H]+	1-O-[4-(2-hydroxyethyl)-3,3,6,6-tetramethylcycloheptyl] 4-O-(1-hydroxy-2,2,6,6-tetramethylpiperidin-4-yl) butanedioate	CC1(CC(CC(C(C1)CCO)(C)C)OC(=O)CCC(=O)OC2CC(N(C(C2)(C)C)O)(C)C)C	0.173	Polyketides	Open-chain polyketides	Carboxylic acids and derivatives	1941.0	8997	EB-MSV000090464-gnps_ms2	transferred	5	470.3495	6.61	470.3499	6.596052	0.85	-0.014	0.9982	ms2_tie	assigned
C27H47NO6	[M + H]+	(2R,3R,4R,5R,6S)-2-[[(3S,8R,9S,10S,13R,14S,17S)-14-amino-17-[(1S)-1-hydroxyethyl]-10,13-dimethyl-1,2,3,4,5,6,7,8,9,11,12,15,16,17-tetradecahydrocyclopenta[a]phenanthren-3-yl]oxy]-6-methyloxane-3,4,5-triol	CC1C(C(C(C(O1)OC2CCC3(C(C2)CCC4C3CCC5(C4(CCC5C(C)O)N)C)C)O)O)O	0.08	Polyketides	Open-chain polyketides		3916.0	8998	EB-MSV000090464-gnps_ms2	transferred	5	482.3493	6.61	482.3494	6.622884	0.207	0.013	1.0	ms2_tie	assigned
C20H43NO3	[M + H]+	Peg-3 myristamine	CCCCCCCCCCCCCCN(CCO)CCOCCO	0.807	Fatty acids	Sphingoid bases	Organonitrogen compounds	924.0	8999	EB-MSV000090464-gnps_ms2	transferred	3	346.3321	6.64	346.3323	6.463312	0.577	-0.177	0.9998	ms2_tie	assigned
C45H80N6O13	[M + K]+		CC=CCC(C)C(C1C(=O)NC(C(=O)CC(=O)N(C(C(=O)NC(C(=O)N(C(C(=O)NC(C(=O)NC(C(=O)N(C(C(=O)NC(C(=O)N(C(C(=O)N1C)C)C)C)C)C)C)C)C)C)C)C)C)C(C)O)O	0.045	Amino acids and Peptides	Lipopeptides	Carboxylic acids and derivatives	1803.0	9000	EB-MSV000090464-gnps_ms2	transferred	2	951.5462	6.64	951.5461	6.657609	-0.105	0.018	1.0	ms2_tie	assigned
C26H47NO6	[M + H]+	1-O-[4-(2-hydroxyethyl)-3,3,6,6-tetramethylcycloheptyl] 4-O-(1-hydroxy-2,2,6,6-tetramethylpiperidin-4-yl) butanedioate	CC1(CC(CC(C(C1)CCO)(C)C)OC(=O)CCC(=O)OC2CC(N(C(C2)(C)C)O)(C)C)C	0.209	Polyketides	Open-chain polyketides	Carboxylic acids and derivatives	1941.0	9001	EB-MSV000090464-gnps_ms2	transferred	5	470.3496	6.64	470.3499	6.596052	0.638	-0.044	0.9998	ms2_tie	assigned
C23H42NO7P	[M + H]+	(2-aminoethoxy)[2-hydroxy-3-(octadeca-6,9,12-trienoyloxy)propoxy]phosphinic acid	CCCCCC=CCC=CCC=CCCCCC(=O)OCC(COP(=O)(O)OCCN)O	0.37	Fatty acids	Glycerophosphoethanolamines	Carboxylic acids and derivatives	144.0	9002	EB-MSV000090464-gnps_ms2	transferred	2	476.2782	6.65	476.278	6.656283	-0.42	0.006	1.0	ms2_tie	assigned
C23H42NO7P	[M + Na]+	(2-aminoethoxy)[2-hydroxy-3-(octadeca-9,12,15-trienoyloxy)propoxy]phosphinic acid	CCC=CCC=CCC=CCCCCCCCC(=O)OCC(COP(=O)(O)OCCN)O	0.447	Fatty acids	Glycerophosphoethanolamines	Carboxylic acids and derivatives	1624.0	9003	EB-MSV000090464-gnps_ms2	transferred	2	498.2609	6.65	498.2608	6.65342	-0.201	0.003	0.9999	ms2_winner	assigned
C56H74N2O11	[M + Na]+		CC=CCC(C)C(C1C(=O)NC(C(=O)CC(=O)N(C(C(=O)NC(C(=O)N(C(C(=O)NC(C(=O)NC(C(=O)N(C(C(=O)NC(C(=O)N(C(C(=O)N1C)C)C)C)C)C)C)C)C)C)C)C)C)C(C)O)O	0.321	Amino acids and Peptides	Cyclic peptides	Carboxylic acids and derivatives	8117.0	9004	EB-MSV000090464-gnps_ms2	transferred	2	973.5236	6.66	973.5238	6.65748	0.205	-0.003	1.0	ms2_winner	assigned
C23H45N3O8	[M + H]+	2-[4,8-Bis(2-amino-2-oxoethyl)-11-(3,3-dimethyl-2-oxobutyl)-1,4,8,11-tetrazacyclotetradec-1-yl]acetamide	CC(C)(C)C(=O)CN1CCCN(CCN(CCCN(CC1)CC(=O)N)CC(=O)N)CC(=O)N	0.107	Amino acids and Peptides	Tripeptides	Carboxylic acids and derivatives	3627.0	9005	EB-MSV000090464-gnps_ms2	transferred	3	492.328	6.66	492.3279	6.665084	-0.203	0.005	1.0	unique	assigned
C24H41NO7S2	[M + H]+	Z-Leu-Abu-CONH-CH2-CHOH-Ph	CCC(C(=O)C(=O)NCC(C1=CC=CC=C1)O)NC(=O)C(CC(C)C)NC(=O)OCC2=CC=CC=C2	0.019	Alkaloids	Anthraquinones and anthrones	Organonitrogen compounds	6791.0	9006	EB-MSV000090464-gnps_ms2	transferred	2	520.239	6.66	520.2387	6.651453	-0.577	-0.009	0.9928	ms2_tie	assigned
C28H41N5O6	[M + H]+	Syringolin F	CCC(C)C(C(=O)NC1C=CCCNC(=O)C=CC(NC1=O)C(C)C)NC(=O)NC(C(C)CC)C(=O)O	0.14	Amino acids and Peptides	Tripeptides	Carboxylic acids and derivatives	4694.0	9007	EB-MSV000090464-gnps_ms2	transferred	2	544.3123	6.65	544.313	6.651986	1.286	0.002	1.0	ms2_tie	assigned
C27H35N5O3	[M + H]+	2-{5-[(1S)-1-(2-amino-2-methylpropanamido)-2-(benzyloxy)ethyl]-1H-1,2,3,4-tetrazol-1-yl}ethyl N-(4-hydroxybutyl)-N-methylcarbamate	CC(C)(C(=O)NC(COCC1=CC=CC=C1)C2=NN=NN2CCOC(=O)N(C)CCCCO)N	0.109	Amino acids and Peptides	Purine nucleosides	Carboxylic acids and derivatives		9008	EB-MSV000090464-gnps_ms2	transferred	2	478.2826	6.66							no_ms2_candidate
C21H34O3	[M + H]+	methyl 8-(3-octyloxiran-2-yl)octanoate	CCCCCCCCC1C(O1)CCCCCCCC(=O)OC	0.04	Fatty acids	Monoacylglycerols	Glycerolipids	11812.0	9009	EB-MSV000090464-gnps_ms2	transferred	2	335.259	6.66	335.2592	6.647905	0.597	-0.012	0.8979	ms2_tie	assigned
C32H55NO7	[M + H]+	[(3~{Z},5~{S},6~{S},7~{S},8~{R},9~{S},11~{Z},13~{S},14~{S},15~{S},16~{Z},18~{S})-5,7,9,11,13,15-hexamethyl-19-[(2~{S},3~{R})-3-methyl-6-oxidanylidene-oxan-2-yl]-8,14,18-tris(oxidanyl)nonadeca-3,11,16-trien-6-yl] carbamate	CCC=CC(C)C(C(C)C(C(C)CC(=CC(C)C(C(C)C=CC(CC1C(CCC(=O)O1)C)O)O)C)O)OC(=O)N	0.1	Polyketides	Erythromycins	Carboxylic acids and derivatives	3832.0	9010	EB-MSV000090464-gnps_ms2	transferred	3	566.4064	6.68	566.408	6.683536	2.825	0.004	1.0	ms2_tie	assigned
C18H39NO3	[M + H]+	Phytosphingosine	CCCCCCCCCCCCCCC(C(C(CO)N)O)O	0.387	Fatty acids	Sphingoid bases	Organonitrogen compounds	1303.0	9012	EB-MSV000090464-gnps_ms2	transferred	1	318.301	6.67	318.3011	6.505041	0.314	-0.165	0.9777	unique	assigned
C21H42NO7P	[M + H]+	(2-aminoethoxy)[3-(hexadec-9-enoyloxy)-2-hydroxypropoxy]phosphinic acid	CCCCCCC=CCCCCCCCC(=O)OCC(COP(=O)(O)OCCN)O	0.45	Fatty acids	Glycerophosphoethanolamines	Carboxylic acids and derivatives	1030.0	9016	EB-MSV000090464-gnps_ms2	transferred	2	452.2781	6.69	452.278	6.700105	-0.221	0.01	1.0	ms2_tie	assigned
C28H47NO6	[M + H]+		CC(CCC(=O)NC(C(C)O)C(=O)O)C1CCC2C1(CCC3C2C(CC4C3(CCC(C4)O)C)O)C	0.18	Fatty acids	Open-chain polyketides	Steroids and steroid derivatives	62.0	9017	EB-MSV000090464-gnps_ms2	transferred	3	494.3494	6.7	494.3492	6.697852	-0.405	-0.002	1.0	ms2_tie	assigned
C49H98N2O17	[M + Na]+	12-({2-[4-amino-1-(1H-imidazol-4-yl)butyl]-5-oxopyrrolidin-3-yl}methyl)-12a-cyclohexyl-11-hydroxy-2,9-bis(hydroxymethyl)-2,6a,6b,9-tetramethyl-6-pentyl-10-[(3,4,5-trihydroxyoxan-2-yl)oxy]-1,2,3,4,4a,5,6,6a,6b,7,8,8a,9,10,11,12,12a,12b,13,14b-icosahydropicene-4a-carboxylic acid	CCCCCC1CC2(CCC(CC2C3=CCC4C(C13C)(CCC5C4(C(C(C(C5(C)CO)OC6C(C(C(CO6)O)O)O)O)CC7CC(=O)NC7C(CCCN)C8=CN=CN8)C9CCCCC9)C)(C)CO)C(=O)O	0.039	Amino acids and Peptides	Microcolins and mirabimids	Peptidomimetics	2425.0	9019	EB-MSV000090464-gnps_ms2	transferred	2	1009.6743	6.71	1009.6767	6.589456	2.377	-0.121	0.9924	ms2_winner	assigned
C18H18O5	[M + H]+	2-[2-(benzoyloxy)ethoxy]ethyl benzoate	C1=CC=C(C=C1)C(=O)OCCOCCOC(=O)C2=CC=CC=C2	0.447	Shikimates and Phenylpropanoids	Simple phenolic acids	Benzene and substituted derivatives		9020	EB-MSV000090464-gnps_ms2	transferred	1	315.123	6.7							low_cosine
C20H25NO5	[M + H]+	7-Butyl-8-(hexylamino)-3-methyl-1H-purine-2,6(3H,7H)-dione	CCCCCCNC1=NC2=C(N1CCCC)C(=O)NC(=O)N2C	0.128	Alkaloids	Purine alkaloids	Imidolactams		9021	EB-MSV000090464-gnps_ms2	transferred	1	360.1798	6.7							low_cosine
C28H47NO6	[M + Na]+	Ethyl 2-[[(4R)-4-[(3R,5S,7R,8R,9S,12S,13R,14S,17R)-3,7,12-trihydroxy-10,13-dimethyl-2,3,4,5,6,7,8,9,11,12,14,15,16,17-tetradecahydro-1H-cyclopenta[a]phenanthren-17-yl]pentanoyl]amino]acetate	CCOC(=O)CNC(=O)CCC(C)C1CCC2C1(C(CC3C2C(CC4C3(CCC(C4)O)C)O)O)C	0.047	Fatty acids	Fatty acyl carnitines	Fatty Acyls	1157.0	9022	EB-MSV000090464-gnps_ms2	transferred	2	516.328	6.7	516.3278	6.701469	-0.387	0.001	1.0	ms2_tie	assigned
C12H22BrFN4O	[M + H]+		CC1=CC(=CC=C1)N=NC2=C3NC(=O)C=C(N3N=C2N)C(F)(F)F	0.093	Alkaloids	Purine alkaloids	Organooxygen compounds	979.0	9023	EB-MSV000090464-gnps_ms2	transferred	2	337.1053	6.71	337.1035	6.705	-5.34	-0.005	0.9999	ms2_winner	assigned
C36H36O10	[M + Na]+	1,3-Bis[3-(3,5-dimethyl-4-oxo-2,5-cyclohexadien-1-ylideneaminooxycarbonylamino)-4-methylphenyl]-1,3-diazetidine-2,4-dione	CC1=C(C=C(C=C1)N2C(=O)N(C2=O)C3=CC(=C(C=C3)C)NC(=O)ON=C4C=C(C(=O)C(=C4)C)C)NC(=O)ON=C5C=C(C(=O)C(=C5)C)C	0.019	Carbohydrates	Purine nucleosides	Purine nucleosides	7512.0	9024	EB-MSV000090464-gnps_ms2	transferred	1	651.2236	6.71	651.2236	6.70736	0.0	-0.003	1.0	unique	assigned
C18H21NO5	[M + H]+	8-Ethylamino-7-(4-fluoro-benzyl)-1,3-dimethyl-3,7-dihydro-purine-2,6-dione	CCNC1=NC2=C(N1CC3=CC=C(C=C3)F)C(=O)N(C(=O)N2C)C	0.01	Alkaloids	Purine alkaloids	Benzene and substituted derivatives	3217.0	9025	EB-MSV000090464-gnps_ms2	transferred	1	332.1488	6.7	332.1483	6.707378	-1.505	0.007	1.0	unique	assigned
C49H98N2O17	[M + Na]+							6586.0	9028	EB-MSV000090464-gnps_ms2	transferred	2	1009.6764	6.71	1009.6762	6.710118	-0.198	0.0	1.0	ms2_winner	assigned
C26H53N3O2	[M + H]+	[3-Acetyloxy-3-(3-azaniumylpropylazaniumyl)propyl]-octadec-1-enylazanium	CCCCCCCCCCCCCCCCC=CNCCC(NCCCN)OC(=O)C	0.057	Fatty acids	N-acyl amines	Carboxylic acids and derivatives	4744.0	9029	EB-MSV000090464-gnps_ms2	transferred	1	440.42	6.74	440.42	6.823779	0.0	0.084	1.0	unique	assigned
C18H39NO2	[M + H]+		CCCCCCCCCCCCCCN(CCO)CCO	0.693	Fatty acids	Sphingoid bases	Organonitrogen compounds	66.0	9030	EB-MSV000090464-gnps_ms2	transferred	1	302.306	6.7	302.306	6.409288	0.0	-0.291	0.9981	unique	assigned
C23H42NO7P	[M + Na]+	(2-aminoethoxy)[2-hydroxy-3-(octadeca-9,12,15-trienoyloxy)propoxy]phosphinic acid	CCC=CCC=CCC=CCCCCCCCC(=O)OCC(COP(=O)(O)OCCN)O	0.435	Fatty acids	Glycerophosphoethanolamines	Carboxylic acids and derivatives	1624.0	9031	EB-MSV000090464-gnps_ms2	transferred	2	498.2608	6.73	498.2608	6.65342	0.0	-0.077	0.9821	ms2_winner	assigned
C26H47NO6	[M + H]+	1-Amino-1-deoxyhexitol 6-stearate	CCCCCCCCCCCCCCCCCC(=O)OCC(C(C(C(CN)O)O)O)O	0.078	Fatty acids	Sphingoid bases	Carboxylic acids and derivatives	27661.0	9033	EB-MSV000090464-gnps_ms2	transferred	6	470.3497	6.74	470.3494	6.85167	-0.638	0.112	0.9973	ms2_tie	assigned
C25H44NO7P	[M + H]+	1-Arachidonoyl-Sn-Glycero-3-Phosphoethanolamine	CCCCCC=CCC=CCC=CCC=CCCCC(=O)OCC(COP(=O)(O)OCCN)O	0.122	Fatty acids	Glycerophosphoethanolamines	Carboxylic acids and derivatives	5755.0	9034	EB-MSV000090464-gnps_ms2	transferred	5	502.2939	6.76	502.2938	6.751272	-0.199	-0.009	1.0	ms2_tie	assigned
C6H14ClFN2O2	[M + Na]+	3-((2-Amino-4-fluorophenyl)amino)propan-1-ol	C1=CC(=C(C=C1F)N)NCCCO	0.046	Alkaloids	Phenylalanine-derived alkaloids	Benzene and substituted derivatives	6365.0	9035	EB-MSV000090464-gnps_ms2	transferred	1	223.0636	6.77	223.0635	6.772791	-0.448	0.003	0.9999	unique	assigned
C2H4BNO4	[M + K]+								9037	EB-MSV000090464-gnps_ms2	transferred	0	154.9902	6.79							no_match
C26H47NO6	[M + Na]+	1H-Indazole-3-carboxamide, 1-(1-methylethyl)-N-(2-(4-((tricyclo(3.3.1.13,7)dec-1-ylcarbonyl)amino)-1-piperidinyl)ethyl)-	CC(C)N1C2=CC=CC=C2C(=N1)C(=O)NCCN3CCC(CC3)NC(=O)C45CC6CC(C4)CC(C6)C5	0.153	Alkaloids	Pyrroloindole alkaloids	Carboxylic acids and derivatives	3627.0	9038	EB-MSV000090464-gnps_ms2	transferred	3	492.3281	6.77	492.3279	6.665084	-0.406	-0.105	0.9967	unique	assigned
C11H18N2O5	[M + K]+	5-amino-1-[(3R,4S,5R)-3,4-dihydroxy-5-(hydroxymethyl)oxolan-2-yl]oxyimidazole-4-carboxamide	C1=NC(=C(N1OC2C(C(C(O2)CO)O)O)N)C(=O)N	0.279	Carbohydrates	Purine nucleosides	Imidazole ribonucleosides and ribonucleotides	9742.0	9039	EB-MSV000090464-gnps_ms2	transferred	1	297.0828	6.77	297.0826	6.771445	-0.673	0.001	0.9866	unique	assigned
C23H42NO7P	[M + H]+	(2-aminoethoxy)[2-hydroxy-3-(octadeca-6,9,12-trienoyloxy)propoxy]phosphinic acid	CCCCCC=CCC=CCC=CCCCCC(=O)OCC(COP(=O)(O)OCCN)O	0.403	Fatty acids	Glycerophosphoethanolamines	Carboxylic acids and derivatives		9040	EB-MSV000090464-gnps_ms2	transferred	2	476.2782	6.77							low_cosine
C27H45NO10	[M + H]+	Syringolin F	CCC(C)C(C(=O)NC1C=CCCNC(=O)C=CC(NC1=O)C(C)C)NC(=O)NC(C(C)CC)C(=O)O	0.431	Amino acids and Peptides	Cyclic peptides	Carboxylic acids and derivatives	4694.0	9043	EB-MSV000090464-gnps_ms2	transferred	2	544.3121	6.8	544.313	6.651986	1.653	-0.148	0.9654	ms2_tie	assigned
C23H44NO7P	[M + Na]+	1-Linoleoyl-Sn-Glycero-3-Phosphoethanolamine	CCCCCC=CCC=CCCCCCCCC(=O)OCC(COP(=O)(O)OCCN)O	0.49	Fatty acids	Glycerophosphoethanolamines	Carboxylic acids and derivatives	6906.0	9044	EB-MSV000090464-gnps_ms2	transferred	3	500.2765	6.82	500.2765	6.819207	0.0	-0.001	0.9999	unique	assigned
C28H47NO6	[M + Na]+	3-(azepan-1-ium-1-yl)-N-[6-[3-(azepan-1-ium-1-yl)propanoylamino]acridin-10-ium-3-yl]propanamide	C1CCCN(CC1)CCC(=O)NC2=CC3=C(C=C2)C=C4C=CC(=CC4=N3)NC(=O)CCN5CCCCCC5	0.126	Alkaloids	Pyrroloindole alkaloids	Carboxylic acids and derivatives	1157.0	9045	EB-MSV000090464-gnps_ms2	transferred	2	516.328	6.8	516.3278	6.701469	-0.387	-0.099	0.9986	ms2_tie	assigned
C16H35N	[M + H]+	dioctylamine	CCCCCCCCNCCCCCCCC	0.646	Fatty acids	Polyamines	Organonitrogen compounds	9244.0	9046	EB-MSV000090464-gnps_ms2	transferred	1	242.2843	6.82	242.2844	6.82678	0.413	0.007	0.9992	unique	assigned
C24H46N2O2	[M + H]+	N-(6-amino-6-oxohexyl)octadec-9-enamide	CCCCCCCCC=CCCCCCCCC(=O)NCCCCCC(=O)N	0.298	Fatty acids	N-acyl amines	Fatty Acyls	869.0	9047	EB-MSV000090464-gnps_ms2	transferred	1	395.3632	6.82	395.3635	6.823154	0.759	0.003	1.0	unique	assigned
C28H47NO6	[M + H]+		CC(CCC(=O)NC(C(C)O)C(=O)O)C1CCC2C1(CCC3C2C(CC4C3(CCC(C4)O)C)O)C	0.088	Polyketides	Open-chain polyketides	Carboxylic acids and derivatives	62.0	9049	EB-MSV000090464-gnps_ms2	transferred	3	494.3494	6.79	494.3492	6.697852	-0.405	-0.092	0.9941	ms2_tie	assigned
C24H47NO6	[M + H]+		CCCCCCCCCCCCCC(=O)OCC(COCCC(C(=O)O)[N+](C)(C)C)O	0.097	Fatty acids	Fatty acyl carnitines	Carboxylic acids and derivatives	2575.0	9051	EB-MSV000090464-gnps_ms2	transferred	2	446.3479	6.81	446.3476	6.9037	-0.672	0.094	1.0	ms2_tie	assigned
C18H39NO2	[M + H]+		CCCCCCCCCCCCCCN(CCO)CCO	0.475	Fatty acids	Sphingoid bases	Organonitrogen compounds		9053	EB-MSV000090464-gnps_ms2	transferred	1	302.3059	6.82							low_cosine
C2H4BNO4	[M + K]+								9054	EB-MSV000090464-gnps_ms2	transferred	0	154.9903	6.87							no_match
C23H46NO7P	[M + Na]+	1-Oleoyl-Sn-Glycero-3-Phosphoethanolamine	CCCCCCCCC=CCCCCCCCC(=O)OCC(COP(=O)(O)OCCN)O	0.646	Fatty acids	Glycerophosphoethanolamines	Carboxylic acids and derivatives	5596.0	9055	EB-MSV000090464-gnps_ms2	transferred	5	502.2939	6.84	502.2939	6.843775	0.0	0.004	0.9999	ms2_tie	assigned
C23H44NO7P	[M + H]+	1-Linoleoyl-Sn-Glycero-3-Phosphoethanolamine	CCCCCC=CCC=CCCCCCCCC(=O)OCC(COP(=O)(O)OCCN)O	0.537	Fatty acids	Glycerophosphoethanolamines	Carboxylic acids and derivatives	1061.0	9056	EB-MSV000090464-gnps_ms2	transferred	4	478.2925	6.82	478.2907	6.822774	-3.763	0.003	1.0	ms2_tie	assigned
C12H26O6S	[M + K]+	Heptyl 1-Seleno-Beta-D-Glucopyranoside	CCCCCCC[Se]C1C(C(C(C(O1)CO)O)O)O	0.028	Terpenoids	Menthane monoterpenoids	Carboxylic acids and derivatives	17373.0	9057	EB-MSV000090464-gnps_ms2	transferred	2	337.1059	6.88	337.1037	6.91559	-6.526	0.036	0.9726	ms2_winner	assigned
C2H4BNO4	[M + K]+	5-methoxy-1,3,4-thiadiazol-2(3H)-one	COC1=NNC(=O)S1	0.039	Alkaloids	Imidazole alkaloids	Azacyclic compounds		9058	EB-MSV000090464-gnps_ms2	transferred	0	154.9903	6.91							no_match
C22H44NO7P	[M + H]+	[3-[2-aminoethoxy(hydroxy)phosphoryl]oxy-2-hydroxypropyl] (Z)-heptadec-9-enoate	CCCCCCCC=CCCCCCCCC(=O)OCC(COP(=O)(O)OCCN)O	0.458	Fatty acids	Glycerophosphoethanolamines	Carboxylic acids and derivatives	3473.0	9059	EB-MSV000090464-gnps_ms2	transferred	2	466.2933	6.88	466.2927	6.886112	-1.287	0.006	1.0	ms2_winner	assigned
C27H49NO6	[M + H]+	1-O-(4-methoxy-3,3,7,7-tetramethylcyclooctyl) 4-O-(1-methoxy-2,2,6,6-tetramethylpiperidin-4-yl) butanedioate	CC1(CCC(C(CC(C1)OC(=O)CCC(=O)OC2CC(N(C(C2)(C)C)OC)(C)C)(C)C)OC)C	0.05	Polyketides	Open-chain polyketides	Carboxylic acids and derivatives	1549.0	9060	EB-MSV000090464-gnps_ms2	transferred	3	484.3646	6.9	484.365	6.90449	0.826	0.004	1.0	ms2_tie	assigned
C24H47NO6	[M + H]+		CCCCCCCCCCCCCC(=O)OCC(COCCC(C(=O)O)[N+](C)(C)C)O	0.111	Fatty acids	Fatty acyl carnitines	Fatty Acyls	2575.0	9064	EB-MSV000090464-gnps_ms2	transferred	2	446.3475	6.9	446.3476	6.9037	0.224	0.004	0.9959	ms2_tie	assigned
C26H50ClN5O6	[M + Na]+	4-cyclobutyl-3-{[(1R,2S,5S)-3-[(2S)-2-({[(2R)-3,3-dimethylbutan-2-yl]carbamoyl}amino)-3,3-dimethylbutanoyl]-6,6-dimethyl-3-azabicyclo[3.1.0]hexan-2-yl]formamido}-2-oxobutanamide	CC(C(C)(C)C)NC(=O)NC(C(=O)N1CC2C(C1C(=O)NC(CC3CCC3)C(=O)C(=O)N)C2(C)C)C(C)(C)C	0.102	Amino acids and Peptides	Cyclic peptides	Carboxylic acids and derivatives	8220.0	9074	EB-MSV000090464-gnps_ms2	transferred	2	586.3345	6.92	586.3337	6.916529	-1.364	-0.003	0.9799	unique	assigned
C26H53NO6	[M + Na]+	Unk-Gly(tBu)-Ala(tBu)-Ala((S)-2-oxopyrrolidin-3-yl)-ol	CC(C)(C)CC(C(=O)NC(CC1CCNC1=O)CO)NC(=O)C(C(C)(C)C)NC(=O)NC(C)(C)C	0.101	Amino acids and Peptides	Linear peptides	Carboxylic acids and derivatives	444.0	9076	EB-MSV000090464-gnps_ms2	transferred	3	498.3711	6.91	498.3715	6.995709	0.803	0.086	0.8044	ms2_winner	assigned
C28H49NO6	[M + H]+		CCCCCCCCCCCCCCCC(=O)OCC(COCCC(C(=O)O)[N+](C)(C)C)O	0.277	Fatty acids	N-acyl amines	Fatty Acyls	2.0	9077	EB-MSV000090464-gnps_ms2	transferred	3	496.3624	6.91	496.3623	6.914613	-0.201	0.005	1.0	ms2_tie	assigned
C49H92N10O12	[M + H]+	Ac-Val-Leu-Leu-Leu-Arg-Val-Lys-NHBn(4-amidino)	CC(C)CC(C(=O)NC(CCCN=C(N)N)C(=O)NC(C(C)C)C(=O)NC(CCCCN)C(=O)NCC1=CC=C(C=C1)C(=N)N)NC(=O)C(CC(C)C)NC(=O)C(CC(C)C)NC(=O)C(C(C)C)NC(=O)C	0.023	Amino acids and Peptides	Linear peptides	Carboxylic acids and derivatives	714.0	9079	EB-MSV000090464-gnps_ms2	transferred	2	1013.7046	6.91	1013.7046	6.913578	0.0	0.004	1.0	ms2_tie	assigned
C56H98N2O12	[M + H]+	NH2Bu-N(tBu)Gly-N(BuNH2)Gly-N(Unk)Gly-N(Unk)Gly-N(BuNH2)Gly-N(Unk)Gly-tBu	CC(C1=CC=CC=C1)N(CC(=O)C(C)(C)C)C(=O)CN(CCCCN)C(=O)CN(C(C)C2=CC=CC=C2)C(=O)CN(CCCCN=C(N)N)C(=O)CN(CCCCN)C(=O)CN(CCCCN)C(C)(C)C		Amino acids and Peptides	Lipopeptides	Carboxylic acids and derivatives	334.0	9082	EB-MSV000090464-gnps_ms2	transferred	3	991.7221	6.91	991.7229	6.913396	0.807	0.003	1.0	ms2_tie	assigned
C25H53NO7	[M + K]+		CC1=CC(=CC=C1)CNC(=O)N2CCC(CC2)N3CCCC(C3)C(=O)N4CCN(CC4)C5=CC=CC=C5C	0.041	Alkaloids	Pyrroloindole alkaloids	Carboxylic acids and derivatives	563.0	9083	EB-MSV000090464-gnps_ms2	transferred	2	518.3451	6.91	518.3473	6.9152	4.244	0.005	1.0	ms2_tie	assigned
C4H6Cl2NO	[M + H]+	5-methoxy-1,3,4-thiadiazol-2(3H)-one	COC1=NNC(=O)S1	0.052	Alkaloids	Imidazole alkaloids	Azacyclic compounds		9085	EB-MSV000090464-gnps_ms2	transferred	0	154.9904	6.96							no_match
C23H44NO7P	[M + H]+	1-Linoleoyl-Sn-Glycero-3-Phosphoethanolamine	CCCCCC=CCC=CCCCCCCCC(=O)OCC(COP(=O)(O)OCCN)O	0.511	Fatty acids	Glycerophosphoethanolamines	Carboxylic acids and derivatives	1224.0	9086	EB-MSV000090464-gnps_ms2	transferred	4	478.2922	6.91	478.2906	6.910298	-3.345	0.0	0.9846	ms2_tie	assigned
C24H46N2O2	[M + H]+	N-ethyl-N'-[(Z)-octadec-9-enyl]butanediamide	CCCCCCCCC=CCCCCCCCCNC(=O)CCC(=O)NCC	0.176	Fatty acids	N-acyl amines	Fatty Acyls	869.0	9087	EB-MSV000090464-gnps_ms2	transferred	1	395.3635	6.94	395.3635	6.823154	0.0	-0.117	0.999	unique	assigned
C25H38N6O8	[M + H]+	udfoa2[101]	CC(=O)N(CC=CCNC(=O)CCC(=O)N(CCCCCNC(=O)CCC(=O)N(CC=CCN)O)O)O	0.143	Amino acids and Peptides	Cyclic peptides	Carboxylic acids and derivatives	7532.0	9090	EB-MSV000090464-gnps_ms2	transferred	3	551.2821	6.97	551.2855	6.960866	6.167	-0.009	0.9993	ms2_tie	assigned
C48H96N8O11Si	[M + H]+	(S)-2,2-Dimethyl-3-[[(S)-2,2-dimethyl-3-[[(S)-2,2-dimethyl-3-[[(S)-2,2-dimethyl-3-[[(S)-2,2-dimethyl-3-[[(S)-2,2-dimethyl-3-[(tert-butyloxycarbonyl)amino]-4-methylpentanoyl]amino]butanoyl]amino]-5-methylhexanoyl]amino]-4-methylpentanoyl]amino]butanoyl]amino]-5-methylhexanoic acid methyl ester	CC(C)CC(C(C)(C)C(=O)NC(C(C)C)C(C)(C)C(=O)NC(C)C(C)(C)C(=O)NC(CC(C)C)C(C)(C)C(=O)OC)NC(=O)C(C)(C)C(C)NC(=O)C(C)(C)C(C(C)C)NC(=O)OC(C)(C)C		Amino acids and Peptides	Lipopeptides	Carboxylic acids and derivatives	2675.0	9091	EB-MSV000090464-gnps_ms2	transferred	3	989.6981	6.96	989.6967	6.956537	-1.415	-0.003	1.0	ms2_tie	assigned
C24H48BFN2O5	[M + H]+	2-N-[2-methyl-1-(octylamino)-1-oxopropan-2-yl]-1-N-octylbenzene-1,2-dicarboxamide	CCCCCCCCNC(=O)C1=CC=CC=C1C(=O)NC(C)(C)C(=O)NCCCCCCCC	0.113	Fatty acids	Open-chain polyketides	Carboxylic acids and derivatives		9093	EB-MSV000090464-gnps_ms2	transferred	2	474.3714	6.96							no_ms2_candidate
C27H49NO6	[M + H]+	1-O-(4-methoxy-3,3,7,7-tetramethylcyclooctyl) 4-O-(1-methoxy-2,2,6,6-tetramethylpiperidin-4-yl) butanedioate	CC1(CCC(C(CC(C1)OC(=O)CCC(=O)OC2CC(N(C(C2)(C)C)OC)(C)C)(C)C)OC)C	0.03	Fatty acids	Open-chain polyketides	Carboxylic acids and derivatives	557.0	9094	EB-MSV000090464-gnps_ms2	transferred	3	484.365	6.96	484.3653	6.967508	0.619	0.008	1.0	ms2_tie	assigned
C47H94N10O9	[M + Na]+	Ac-alpha-Methyl-L-Val-alpha-methyl-L-Val-alpha-methyl-L-Val-alpha-methyl-L-Val-alpha-methyl-L-Val-alpha-methyl-L-Val-alpha-methyl-L-Val-alpha-methyl-L-Val-OH	CC(C)C(C)(C(=O)NC(C)(C(C)C)C(=O)NC(C)(C(C)C)C(=O)NC(C)(C(C)C)C(=O)NC(C)(C(C)C)C(=O)NC(C)(C(C)C)C(=O)NC(C)(C(C)C)C(=O)NC(C)(C(C)C)C(=O)O)NC(=O)C		Amino acids and Peptides	Linear peptides	Carboxylic acids and derivatives	2321.0	9095	EB-MSV000090464-gnps_ms2	transferred	1	965.7039	6.96	965.7051	6.962375	1.243	0.002	0.9999	unique	assigned
C50H94N8O10	[M + H]+	2-[4,6-bis[2-(cyclohexylamino)-1-hydroxy-2-oxo-1-(3,3,5,5-tetramethylpiperazin-1-yl)ethyl]-1,3,5-triazin-2-yl]-N-cyclohexyl-2-hydroxy-2-(3,3,5,5-tetramethylpiperazin-1-yl)acetamide	CC1(CN(CC(N1)(C)C)C(C2=NC(=NC(=N2)C(C(=O)NC3CCCCC3)(N4CC(NC(C4)(C)C)(C)C)O)C(C(=O)NC5CCCCC5)(N6CC(NC(C6)(C)C)(C)C)O)(C(=O)NC7CCCCC7)O)C		Amino acids and Peptides	Linear peptides	Carboxylic acids and derivatives	4031.0	9097	EB-MSV000090464-gnps_ms2	transferred	1	967.7165	6.96	967.7164	6.960866	-0.103	0.001	1.0	unique	assigned
C24H51NO6	[M + Na]+	Car(DC19:0)	C[N+](C)(C)CC(CC(=O)O)OC(=O)CCCCCCCCCCCCCCCCCC(=O)O	0.106	Fatty acids	Sphingoid bases	Carboxylic acids and derivatives	39.0	9099	EB-MSV000090464-gnps_ms2	transferred	3	472.3641	6.96	472.3637	6.963863	-0.847	0.004	1.0	ms2_tie	assigned
C27H42O9	[M + H]+		CCCCCC=CCC=CCCCCCC(=O)OCC(COC1C(C(C(C(O1)CO)O)O)O)O	0.843	Fatty acids	Monoacylglycerols	Glycerolipids	6510.0	9101	EB-MSV000090464-gnps_ms2	transferred	2	511.291	6.97	511.2908	6.973411	-0.391	0.003	0.9999	unique	assigned
C29H48N2O3	[M + H]+	Terminamine D	CC(C1C(CC2C1(CCC3C2CCC4C3(CCC(C4O)N5CC(=C(C)C)C5=O)C)C)O)N(C)C	0.045	Fatty acids	Sphingoid bases	Fatty Acyls		9103	EB-MSV000090464-gnps_ms2	transferred	4	473.3685	6.96							no_ms2_candidate
C22H44NO7P	[M + H]+	[3-[2-aminoethoxy(hydroxy)phosphoryl]oxy-2-hydroxypropyl] (Z)-heptadec-9-enoate	CCCCCCCC=CCCCCCCCC(=O)OCC(COP(=O)(O)OCCN)O	0.462	Fatty acids	Glycerophosphoethanolamines	Carboxylic acids and derivatives	6985.0	9104	EB-MSV000090464-gnps_ms2	transferred	2	466.2932	6.97	466.2929	6.972649	-0.643	0.003	1.0	ms2_winner	assigned
C23H47N3O8	[M + H]+	Ethyl 2-[[(4R)-4-[(3R,5S,7R,8R,9S,12S,13R,14S,17R)-3,7,12-trihydroxy-10,13-dimethyl-2,3,4,5,6,7,8,9,11,12,14,15,16,17-tetradecahydro-1H-cyclopenta[a]phenanthren-17-yl]pentanoyl]amino]acetate	CCOC(=O)CNC(=O)CCC(C)C1CCC2C1(C(CC3C2C(CC4C3(CCC(C4)O)C)O)O)C	0.051	Polyketides	Erythromycins			9105	EB-MSV000090464-gnps_ms2	transferred	4	494.3445	6.96							low_cosine
C27H47NO10	[M + H]+	Val-Leu-Pro-Val-Pro	CC(C)CC(C(=O)N1CCCC1C(=O)NC(C(C)C)C(=O)N2CCCC2C(=O)O)NC(=O)C(C(C)C)N	0.051	Fatty acids	N-acyl amines	Carboxylic acids and derivatives	1583.0	9106	EB-MSV000090464-gnps_ms2	transferred	2	546.3292	6.97	546.329	6.973714	-0.366	0.004	1.0	ms2_tie	assigned
C49H92N10O12	[M + H]+							714.0	9107	EB-MSV000090464-gnps_ms2	transferred	2	1013.7053	6.97	1013.7046	6.913578	-0.691	-0.056	0.9992	ms2_tie	assigned
C24H47N3O8	[M + H]+	methyl (4R)-4-[(3S,7R,8R,9S,10S,12S,13R,14S,17R)-7,12-diacetyloxy-3-amino-10,13-dimethyl-2,3,4,5,6,7,8,9,11,12,14,15,16,17-tetradecahydro-1H-cyclopenta[a]phenanthren-17-yl]pentanoate	CC(CCC(=O)OC)C1CCC2C1(C(CC3C2C(CC4C3(CCC(C4)N)C)OC(=O)C)OC(=O)C)C	0.047	Amino acids and Peptides	Open-chain polyketides	Carboxylic acids and derivatives	8254.0	9110	EB-MSV000090464-gnps_ms2	transferred	3	506.3437	6.97	506.3438	6.959871	0.197	-0.01	1.0	unique	assigned
C56H98N2O12	[M + H]+	NH2Bu-N(tBu)Gly-N(BuNH2)Gly-N(Unk)Gly-N(Unk)Gly-N(BuNH2)Gly-N(Unk)Gly-tBu	CC(C1=CC=CC=C1)N(CC(=O)C(C)(C)C)C(=O)CN(CCCCN)C(=O)CN(C(C)C2=CC=CC=C2)C(=O)CN(CCCCN=C(N)N)C(=O)CN(CCCCN)C(=O)CN(CCCCN)C(C)(C)C		Amino acids and Peptides	Lipopeptides	Carboxylic acids and derivatives	334.0	9111	EB-MSV000090464-gnps_ms2	transferred	3	991.7219	6.98	991.7229	6.913396	1.008	-0.067	0.9985	ms2_tie	assigned
C36H57N3O5	[M + K]+	2-(dimethylamino)-N-{1-[16-methoxy-10-(2-methylpropyl)-8,11-dioxo-2-oxa-6,9,12-triazatricyclo[13.3.1.0³,⁷]nonadeca-1(18),13,15(19),16-tetraen-6-yl]-4-methyl-1-oxopentan-2-yl}-4-methylpentanamide	CC(C)CC1C(=O)NC=CC2=C(C=CC(=C2)OC3CCN(C3C(=O)N1)C(=O)C(CC(C)C)NC(=O)C(CC(C)C)N(C)C)OC	0.295	Amino acids and Peptides	Lipopeptides	Carboxylic acids and derivatives	3898.0	9115	EB-MSV000090464-gnps_ms2	transferred	1	650.397	6.98	650.3967	6.986349	-0.461	0.006	0.9998	unique	assigned
C23H44NO7P	[M + H]+	1-Linoleoyl-Sn-Glycero-3-Phosphoethanolamine	CCCCCC=CCC=CCCCCCCCC(=O)OCC(COP(=O)(O)OCCN)O	0.598	Fatty acids	Glycerophosphoethanolamines	Carboxylic acids and derivatives	1410.0	9116	EB-MSV000090464-gnps_ms2	transferred	4	478.292	6.97	478.2906	6.989721	-2.927	0.02	0.9999	ms2_tie	assigned
C16H31NO3	[M + H]+	Myristoylglycine	CCCCCCCCCCCCCC(=O)NCC(=O)O	0.559	Fatty acids	N-acyl amines	Carboxylic acids and derivatives	7448.0	9119	EB-MSV000090464-gnps_ms2	transferred	2	286.2381	6.99	286.2379	6.98989	-0.699	-0.0	0.9993	ms2_winner	assigned
C26H53NO6	[M + Na]+	N-(Carboxylatomethyl)-N,N-dimethyl-2-[2-[2-[2-(myristyloxy)ethoxy]ethoxy]ethoxy]ethanaminium	CCCCCCCCCCCCCCOCCOCCOCCOCC[N+](C)(C)CC(=O)O	0.163	Fatty acids	Fatty acyl carnitines	Carboxylic acids and derivatives	444.0	9120	EB-MSV000090464-gnps_ms2	transferred	3	498.3713	6.99	498.3715	6.995709	0.401	0.006	0.7864	ms2_winner	assigned
C28H49NO6	[M + H]+		CCCCCCCCCCCCCCCC(=O)OCC(COCCC(C(=O)O)[N+](C)(C)C)O	0.235	Fatty acids	Fatty acyl carnitines	Carboxylic acids and derivatives	10.0	9122	EB-MSV000090464-gnps_ms2	transferred	3	496.3624	6.99	496.3625	6.994863	0.201	0.005	1.0	ms2_tie	assigned
C30H47NO6	[M + H]+	4-{5-[(4-{[4-(2-methoxyethyl)piperazin-1-yl]methyl}-2-methyl-5-(propan-2-yl)cyclohex-2-en-1-yl)methyl]-1,3,4-oxadiazol-2-yl}-N,N-dimethylaniline	CC1=CC(C(CC1CC2=NN=C(O2)C3=CC=C(C=C3)N(C)C)C(C)C)CN4CCN(CC4)CCOC	0.029	Alkaloids	Pyrroloindole alkaloids	Carboxylic acids and derivatives	622.0	9123	EB-MSV000090464-gnps_ms2	transferred	2	518.3461	6.99	518.3477	6.993231	3.087	0.003	0.9998	ms2_tie	assigned
C23H38O5	[M + K]+	1-Linolenoyl-sn-glycero-3-phosphate(2-)	CCC=CCC=CCC=CCCCCCCCC(=O)OCC(COP(=O)(O)O)O	0.449	Fatty acids	Glycerophosphates	Glycerophospholipids	3440.0	9124	EB-MSV000090464-gnps_ms2	transferred	1	433.2365	7.01	433.2371	7.063457	1.385	0.053	0.8972	unique	assigned
C4H6Cl2NO	[M + H]+		CN(C)C(=O)[C](Cl)Cl		Fatty acids	Halogenated fatty acids	Carboxylic acids and derivatives		9125	EB-MSV000090464-gnps_ms2	transferred	0	154.9902	7.03							no_match
C21H34O3	[M + H]+		CCCCCC=CCC1C(O1)CC2C(O2)CC3C(O3)CCCC=C	0.086	Fatty acids	Monoacylglycerols	Glycerolipids		9126	EB-MSV000090464-gnps_ms2	transferred	2	335.259	7.01							low_cosine
C49H92N10O12	[M + H]+	3-[2,4,6-Tris[3-(6-ethyl-3,4,5-trimethyloxan-2-yl)oxypropoxy]-3,5-bis(3-hydroxypropoxy)cyclohexyl]oxypropan-1-ol	CCC1C(C(C(C(O1)OCCCOC2C(C(C(C(C2OCCCO)OCCCOC3C(C(C(C(O3)CC)C)C)C)OCCCO)OCCCOC4C(C(C(C(O4)CC)C)C)C)OCCCO)C)C)C	0.021	Polyketides	Open-chain polyketides	Macrolides and analogues	1070.0	9128	EB-MSV000090464-gnps_ms2	transferred	2	1013.7053	6.99	1013.7056	6.994787	0.296	0.005	0.9917	ms2_tie	assigned
C26H37NO4	[M + Na]+	3-Hydroxyhexadecadienoylcarnitine	CCCC=CCC=CCCCCCC(CC(=O)OC(CCC(=O)O)[N+](C)(C)C)O	0.373	Fatty acids	N-acyl amines	Carboxylic acids and derivatives	4827.0	9129	EB-MSV000090464-gnps_ms2	transferred	1	450.262	7.03	450.2597	7.02984	-5.108	-0.0	0.8504	unique	assigned
C20H43NO	[M + H]+							7494.0	9130	EB-MSV000090464-gnps_ms2	transferred	3	314.3417	7.03	314.3415	7.039374	-0.636	0.009	1.0	unique	assigned
C48H92N2O8	[M + H]+	tert-butyl N-[2-[2-[2-[2-[2,3-bis[(Z)-hexadec-9-enoxy]propanoylamino]ethoxy]ethoxy]ethoxy]ethyl]carbamate	CCCCCCC=CCCCCCCCCOCC(C(=O)NCCOCCOCCOCCNC(=O)OC(C)(C)C)OCCCCCCCCC=CCCCCCC	0.027	Fatty acids	Neutral glycosphingolipids	Sphingolipids	2100.0	9132	EB-MSV000090464-gnps_ms2	transferred	1	825.6932	7.03	825.6931	7.034258	-0.121	0.004	0.9999	unique	assigned
C20H44NO2	[M + H]+							1063.0	9133	EB-MSV000090464-gnps_ms2	transferred	1	331.3405	7.05	331.3404	7.051183	-0.302	0.001	0.9994	unique	assigned
C25H46NO7P	[M + H]+	(2-aminoethoxy)[2-hydroxy-3-(icosa-11,14,17-trienoyloxy)propoxy]phosphinic acid	CCC=CCC=CCC=CCCCCCCCCCC(=O)OCC(COP(=O)(O)OCCN)O	0.161	Fatty acids	Glycerophosphoethanolamines	Carboxylic acids and derivatives	1272.0	9134	EB-MSV000090464-gnps_ms2	transferred	3	504.3071	7.03	504.3074	7.028617	0.595	-0.001	1.0	ms2_tie	assigned
C23H41NO5	[M + K]+	3-Hydroxyhexadecadienoylcarnitine	CCCC=CCC=CCCCCCC(CC(=O)OC(CCC(=O)O)[N+](C)(C)C)O	0.302	Fatty acids	N-acyl amines	Carboxylic acids and derivatives	4827.0	9135	EB-MSV000090464-gnps_ms2	transferred	1	450.2615	7.03	450.2597	7.02984	-3.998	-0.0	0.9653	unique	assigned
C19H29NO3	[M + H]+	n-Decanoyl-l-phenylalanine	CCCCCCCCCC(=O)NC(CC1=CC=CC=C1)C(=O)O	0.99	Fatty acids	N-acyl amines	Carboxylic acids and derivatives	1789.0	9137	EB-MSV000090464-gnps_ms2	transferred	1	320.2218	7.04	320.2217	7.036574	-0.312	-0.003	0.9999	unique	assigned
C29H52O10	[M + K]+	[(2S)-2-octanoyloxy-3-[(2R,3R,4S,5R,6R)-3,4,5-trihydroxy-6-(hydroxymethyl)oxan-2-yl]oxypropyl] (E)-dodec-9-enoate	CCCCCCCC(=O)OC(COC1C(C(C(C(O1)CO)O)O)O)COC(=O)CCCCCCCC=CCC	0.499	Fatty acids	Wax monoesters	Glycerolipids	5109.0	9138	EB-MSV000090464-gnps_ms2	transferred	2	599.3182	7.04	599.3184	7.039415	0.334	-0.001	1.0	ms2_tie	assigned
C6H7ClNO	[M + K]+	4-Methoxy-1,2,5-thiadiazole-3-carboxylic acid	COC1=NSN=C1C(=O)O	0.033	Alkaloids	Imidazole alkaloids	Azacyclic compounds		9140	EB-MSV000090464-gnps_ms2	transferred	0	182.9853	7.06							no_match
C27H49NO6	[M + H]+	N,N-Bis(carboxymethyl)-N-(carboxylatomethyl)-14-henicosen-1-aminium	CCCCCCC=CCCCCCCCCCCCCC[N+](CC(=O)O)(CC(=O)O)CC(=O)O	0.031	Fatty acids	Fatty acyl carnitines	Fatty Acyls	1282.0	9141	EB-MSV000090464-gnps_ms2	transferred	3	484.3649	7.04	484.3649	7.052818	0.0	0.013	1.0	ms2_tie	assigned
C24H48BFN2O5	[M + H]+	N-[1-cyclohexyl-3-(methylamino)propan-2-yl]-3-(1-hydroxy-5-methoxy-1-phenylpentyl)piperidine-1-carboxamide	CNCC(CC1CCCCC1)NC(=O)N2CCCC(C2)C(CCCCOC)(C3=CC=CC=C3)O	0.05	Fatty acids	Open-chain polyketides	Fatty Acyls		9142	EB-MSV000090464-gnps_ms2	transferred	2	474.3713	7.04							no_ms2_candidate
C18H39NO	[M + H]+	2-(Hexadecylamino)ethan-1-ol	CCCCCCCCCCCCCCCCNCCO	0.592	Fatty acids	Sphingoid bases	Organonitrogen compounds	3358.0	9144	EB-MSV000090464-gnps_ms2	transferred	2	286.3114	7.08	286.3116	7.078	0.699	-0.002	1.0	ms2_tie	assigned
C24H51NO6	[M + Na]+	Car(DC19:0)	C[N+](C)(C)CC(CC(=O)O)OC(=O)CCCCCCCCCCCCCCCCCC(=O)O	0.2	Fatty acids	Fatty acyl carnitines	Fatty Acyls	201.0	9147	EB-MSV000090464-gnps_ms2	transferred	3	472.364	7.05	472.3642	7.049158	0.423	-0.001	0.9974	ms2_tie	assigned
C20H43NO2	[M + H]+	Bis(2-hydroxyethyl)hexadecylammonium	CCCCCCCCCCCCCCCCN(CCO)CCO	0.664	Fatty acids	Sphingoid bases	Organonitrogen compounds	270.0	9148	EB-MSV000090464-gnps_ms2	transferred	2	330.3362	7.05	330.3359	7.049693	-0.908	-0.0	1.0	unique	assigned
C64H105N11O19	[M + H]+		C[N+]12CC=C3C=CC4=C5C3C1C6=C(C5=CC(=C4O)OCC7CCCC7)C(=C(C=C6CC2O)OC)OCC89C=CC1C8C(CC9CC2=CC=C(C=C2)C23CCC(C2CCC2=CC=CC=C32)CC2=CC=CC=C2)CC2=CC=CC(=C2)CC2=CC(=CC=C2)C23C4CCCC2C(CC4)CC2=C3C=C1C=C2		Fatty acids	Neutral glycosphingolipids	Sphingolipids		9149	EB-MSV000090464-gnps_ms2	transferred	0	1332.76	7.06							no_match
C23H41NO5	[M + K]+	3-Hydroxyhexadecadienoylcarnitine	CCCC=CCC=CCCCCCC(CC(=O)OC(CCC(=O)O)[N+](C)(C)C)O	0.284	Fatty acids	Monoacylglycerols	Carboxylic acids and derivatives	4827.0	9151	EB-MSV000090464-gnps_ms2	transferred	1	450.2617	7.07	450.2597	7.02984	-4.442	-0.04	1.0	unique	assigned
C23H38O5	[M + K]+	1-Linolenoyl-sn-glycero-3-phosphate(2-)	CCC=CCC=CCC=CCCCCCCCC(=O)OCC(COP(=O)(O)O)O	0.509	Fatty acids	Glycerophosphates	Glycerophospholipids	3440.0	9152	EB-MSV000090464-gnps_ms2	transferred	1	433.2367	7.06	433.2371	7.063457	0.923	0.003	0.9998	unique	assigned
C23H36O4	[M + K]+	6-[({4-[4-hydroxy-6-(hydroxymethyl)-2,2-dimethylcyclohexyl]butan-2-yl}oxy)methyl]oxane-2,3,4,5-tetrol	CC(CCC1C(CC(CC1(C)C)O)CO)OCC2C(C(C(C(O2)O)O)O)O	0.08	Fatty acids	Fatty acyl glycosides of mono- and disaccharides	Fatty Acyls	8796.0	9154	EB-MSV000090464-gnps_ms2	transferred	1	415.2255	7.08	415.2254	7.086488	-0.241	0.006	0.9998	unique	assigned
C21H37O7P	[M + Na]+	1-Linolenoyl-sn-glycero-3-phosphate(2-)	CCC=CCC=CCC=CCCCCCCCC(=O)OCC(COP(=O)(O)O)O	0.603	Fatty acids	Glycerophosphates	Glycerophospholipids		9155	EB-MSV000090464-gnps_ms2	transferred	2	455.2164	7.07							low_cosine
C30H51NO6	[M + Na]+	4-(2-azaniumylethyl)-3,7-bis(2-phenylethyl)hexadec-9-enoate	CCCCCCC=CCC(CCC1=CC=CC=C1)CCC(CCN)C(CCC2=CC=CC=C2)CC(=O)O	0.031	Alkaloids	Steroidal alkaloids		1766.0	9156	EB-MSV000090464-gnps_ms2	transferred	2	544.3603	7.07	544.3601	7.063009	-0.367	-0.007	0.999	ms2_tie	assigned
C30H51NO6	[M + H]+	[(2R)-2-acetyloxy-4-(3-octadeca-6,9,12-trienoyloxypropoxy)-4-oxobutyl]-trimethylazanium	CCCCCC=CCC=CCC=CCCCCC(=O)OCCCOC(=O)CC(C[N+](C)(C)C)OC(=O)C	0.558	Fatty acids	Fatty acyl carnitines	Fatty Acyls	78.0	9157	EB-MSV000090464-gnps_ms2	transferred	4	522.3785	7.07	522.3785	7.069415	0.0	-0.001	1.0	ms2_tie	assigned
C22H47NO3	[M + H]+	Peg-3 palmitamine	CCCCCCCCCCCCCCCCN(CCO)CCOCCO	0.764	Fatty acids	Sphingoid bases	Organonitrogen compounds	1971.0	9158	EB-MSV000090464-gnps_ms2	transferred	2	374.3624	7.07	374.3625	7.070375	0.267	0.0	1.0	unique	assigned
C28H43N5O6	[M + H]+	Syringolin G	CCC(C)C(C(=O)NC1CCCCNC(=O)C=CC(NC1=O)C(C)C)NC(=O)NC(C(C)CC)C(=O)O	0.069	Fatty acids	N-acyl amines	Carboxylic acids and derivatives	3998.0	9159	EB-MSV000090464-gnps_ms2	transferred	2	546.3291	7.07	546.3292	7.071083	0.183	0.001	1.0	ms2_tie	assigned
C23H48NO7P	[M + Na]+	1-Stearoyl-Sn-Glycero-3-Phosphoethanolamine	CCCCCCCCCCCCCCCCCC(=O)OCC(COP(=O)(O)OCCN)O	0.566	Fatty acids	Glycerophosphoethanolamines	Carboxylic acids and derivatives	947.0	9161	EB-MSV000090464-gnps_ms2	transferred	3	504.3072	7.08	504.3076	7.093115	0.793	0.013	1.0	ms2_tie	assigned
C20H43NO3	[M + H]+	2-aminoicosane-1,3,4-triol	CCCCCCCCCCCCCCCCC(C(C(CO)N)O)O	0.261	Fatty acids	Sphingoid bases	Organonitrogen compounds	4774.0	9165	EB-MSV000090464-gnps_ms2	transferred	1	346.3321	7.09	346.3322	7.091576	0.289	0.002	1.0	unique	assigned
C4H6Cl2NO	[M + H]+	5-methoxy-1,3,4-thiadiazol-2(3H)-one	COC1=NNC(=O)S1	0.053	Alkaloids	Imidazole alkaloids	Azacyclic compounds		9167	EB-MSV000090464-gnps_ms2	transferred	0	154.9904	7.11							no_match
C51H92BN13O9	[M + H]+	N-(1-{[6-({[3-acetamido-4,5-dihydroxy-6-(hydroxymethyl)oxan-2-yl]oxy}methyl)-3,4,5-trihydroxyoxan-2-yl]oxy}-3,4-dihydroxyoctadec-6-en-2-yl)-2-hydroxydocosanamide	CCCCCCCCCCCCCCCCCCCCC(C(=O)NC(COC1C(C(C(C(O1)COC2C(C(C(C(O2)CO)O)O)NC(=O)C)O)O)O)C(C(CC=CCCCCCCCCCCC)O)O)O	0.171	Fatty acids	Neutral glycosphingolipids	Sphingolipids	3643.0	9169	EB-MSV000090464-gnps_ms2	transferred	1	1041.7323	7.13	1041.7307	7.13066	-1.536	0.001	1.0	unique	assigned
C45H90N18O7	[M + Na]+	2-(2-amino-5-carbamimidamidopentanamido)-N-[1-({1-[(1-{[1-({1-[(4-aminobutyl)carbamoyl]-4-carbamimidamidobutyl}carbamoyl)-4-carbamimidamidobutyl]carbamoyl}-2-methylbutyl)carbamoyl]-2-methylpropyl}carbamoyl)-3-methylbutyl]-3-methylpentanamide	CCC(C)C(C(=O)NC(CC(C)C)C(=O)NC(C(C)C)C(=O)NC(C(C)CC)C(=O)NC(CCCN=C(N)N)C(=O)NC(CCCN=C(N)N)C(=O)NCCCCN)NC(=O)C(CCCN=C(N)N)N		Amino acids and Peptides	Lipopeptides	Carboxylic acids and derivatives	2018.0	9170	EB-MSV000090464-gnps_ms2	transferred	3	1017.7276	7.13	1017.7281	7.135615	0.491	0.006	0.9999	ms2_tie	assigned
C52H98N8O10	[M + H]+	Bis[2-(cyclohexylmethoxy)-5-(4-pentylcyclohexyl)cyclohexyl] 2-methyl-2-(4-prop-2-enoyloxybutyl)-1,3-dioxolane-4,5-dicarboxylate	CCCCCC1CCC(CC1)C2CCC(C(C2)OC(=O)C3C(OC(O3)(C)CCCCOC(=O)C=C)C(=O)OC4CC(CCC4OCC5CCCCC5)C6CCC(CC6)CCCCC)OCC7CCCCC7	0.443	Terpenoids	Open-chain polyketides	Prenol lipids	2686.0	9172	EB-MSV000090464-gnps_ms2	transferred	3	995.7481	7.13	995.7493	7.138599	1.205	0.009	1.0	ms2_tie	assigned
C21H38O3	[M + H]+	Glycidyl oleate, (R)-	CCCCCCCCC=CCCCCCCCC(=O)OCC1CO1	0.597	Fatty acids	Monoacylglycerols	Glycerolipids	1527.0	9174	EB-MSV000090464-gnps_ms2	transferred	2	339.289	7.12	339.2889	7.126592	-0.295	0.007	0.9949	ms2_tie	assigned
C23H40N6O5	[M + H]+	1-(acetyloxy)-3-hydroxypropan-2-yl 3-(acetyloxy)octadecanoate	CCCCCCCCCCCCCCCC(CC(=O)OC(CO)COC(=O)C)OC(=O)C	0.189	Fatty acids	Monoacylglycerols	Glycerolipids		9175	EB-MSV000090464-gnps_ms2	transferred	2	481.311	7.12							no_ms2_candidate
C23H46NO7P	[M + Na]+	1-Oleoyl-Sn-Glycero-3-Phosphoethanolamine	CCCCCCCCC=CCCCCCCCC(=O)OCC(COP(=O)(O)OCCN)O	0.402	Fatty acids	Glycerophosphoethanolamines	Carboxylic acids and derivatives	2294.0	9176	EB-MSV000090464-gnps_ms2	transferred	3	502.2881	7.12	502.2878	7.126522	-0.597	0.007	1.0	ms2_tie	assigned
C49H88N6O10	[M + K]+	[4-[[1-[(2S,5S)-2-Benzyl-5-(tert-butyloxycarbonylamino)-7-methyl-3-octenoyl]-L-Pro-L-Val-N5-Cbz-L-Orn-]amino]-2,2,6,6-tetramethyl-1-piperidinyloxy]radical	CC(C)CC(C=CC(CC1=CC=CC=C1)C(=O)N2CCCC2C(=O)NC(C(C)C)C(=O)NC(CCCNC(=O)OCC3=CC=CC=C3)C(=O)NC4CC(N(C(C4)(C)C)[O])(C)C)NC(=O)OC(C)(C)C	0.082	Amino acids and Peptides	Lipopeptides	Peptidomimetics	2583.0	9178	EB-MSV000090464-gnps_ms2	transferred	2	959.614	7.13	959.614	7.129116	0.0	-0.001	1.0	ms2_tie	assigned
C30H51NO6	[M + Na]+	3-(2-Ethyl-piperidin-1-yl)-N-{6-[3-(2-ethyl-piperidin-1-yl)-propionylamino]-acridin-3-yl}-propionamide	CCC1CCCCN1CCC(=O)NC2=CC3=C(C=C2)C=C4C=CC(=CC4=N3)NC(=O)CCN5CCCCC5CC	0.33	Alkaloids	Pyrroloindole alkaloids	Carboxylic acids and derivatives	2571.0	9179	EB-MSV000090464-gnps_ms2	transferred	2	544.3602	7.13	544.3602	7.136723	0.0	0.007	1.0	ms2_tie	assigned
C30H51NO6	[M + H]+	[(2R)-2-acetyloxy-4-(3-octadeca-6,9,12-trienoyloxypropoxy)-4-oxobutyl]-trimethylazanium	CCCCCC=CCC=CCC=CCCCCC(=O)OCCCOC(=O)CC(C[N+](C)(C)C)OC(=O)C	0.598	Fatty acids	Fatty acyl carnitines	Fatty Acyls	78.0	9181	EB-MSV000090464-gnps_ms2	transferred	4	522.3785	7.13	522.3785	7.069415	0.0	-0.061	0.9996	ms2_tie	assigned
C25H49N3O8	[M + H]+	[2-(2-amino-1,4,5,6-tetrahydropyrimidin-6-yl)-1-carboxy-6-(2-phenylethenyl)tetradec-1-en-3-yl]-(1H-pyrrol-2-yl)azanide	CCCCCCCCC(CCC(C(=CC(=O)O)C1CCN=C(N1)N)[N-]C2=CC=CN2)C=CC3=CC=CC=C3	0.023	Alkaloids	Pyrroloindole alkaloids	Carboxylic acids and derivatives	1177.0	9182	EB-MSV000090464-gnps_ms2	transferred	2	520.3626	7.13	520.3624	7.13734	-0.384	0.007	1.0	ms2_tie	assigned
C26H53NO6	[M + Na]+	N-Icosyl-D-gluconamide	CCCCCCCCCCCCCCCCCCCCNC(=O)C(C(C(C(CO)O)O)O)O	0.141	Fatty acids	Fatty acyl carnitines	Fatty Acyls	28.0	9184	EB-MSV000090464-gnps_ms2	transferred	3	498.3777	7.13	498.3768	7.135654	-1.806	0.006	0.9819	ms2_tie	assigned
C23H46NO7P	[M + H]+	1-Oleoyl-Sn-Glycero-3-Phosphoethanolamine	CCCCCCCCC=CCCCCCCCC(=O)OCC(COP(=O)(O)OCCN)O	0.429	Fatty acids	Glycerophosphoethanolamines	Carboxylic acids and derivatives	186.0	9186	EB-MSV000090464-gnps_ms2	transferred	2	480.3105	7.14	480.3059	7.126273	-9.577	-0.014	1.0	ms2_tie	assigned
C23H39NO2S	[M + H]+	(E,E,E)-geranylgeranylcysteine	CC(=CCCC(=CCCC(=CCCC(=CCSCC(C(=O)O)N)C)C)C)C	0.78	Fatty acids	Leukotrienes	Prenol lipids	2840.0	9188	EB-MSV000090464-gnps_ms2	transferred	1	394.2768	7.14	394.2769	7.143872	0.254	0.004	0.9999	unique	assigned
C12H20N2O4S	[M + K]+	3-[(5-Benzyl-1,3,4-oxadiazol-2-yl)sulfanylmethyl]benzoate	C1=CC=C(C=C1)CC2=NN=C(O2)SCC3=CC(=CC=C3)C(=O)O	0.166	Shikimates and Phenylpropanoids	Simple coumarins	Benzene and substituted derivatives	9737.0	9189	EB-MSV000090464-gnps_ms2	transferred	2	327.0775	7.15	327.0775	7.147789	0.0	-0.002	0.9999	unique	assigned
C25H49NO6	[M + H]+	N-[2-[2-[2-[2-(2-prop-2-enoxyethoxy)ethoxy]ethoxy]ethoxy]ethyl]dodecanamide	CCCCCCCCCCCC(=O)NCCOCCOCCOCCOCCOCC=C	0.052	Fatty acids	Sphingoid bases	Carboxylic acids and derivatives	1548.0	9192	EB-MSV000090464-gnps_ms2	transferred	3	460.363	7.16	460.3628	7.159124	-0.434	-0.001	1.0	unique	assigned
C29H52N2O3	[M + Na]+	3-Hydroxy-6-methyl-4-[3-methyl-2-(3-methyl-butyrylamino)-butyrylamino]-heptanoic acid [1-(3-methyl-butylcarbamoyl)-ethyl]-amide	CC(C)CCNC(=O)C(C)NC(=O)CC(C(CC(C)C)NC(=O)C(C(C)C)NC(=O)CC(C)C)O	0.428	Amino acids and Peptides	Lipopeptides	Carboxylic acids and derivatives		9195	EB-MSV000090464-gnps_ms2	transferred	2	499.3811	7.14							no_ms2_candidate
C20H43NO2	[M + H]+	Bis(2-hydroxyethyl)hexadecylammonium	CCCCCCCCCCCCCCCCN(CCO)CCO	0.261	Fatty acids	Sphingoid bases	Organonitrogen compounds	270.0	9196	EB-MSV000090464-gnps_ms2	transferred	2	330.3364	7.13	330.3359	7.049693	-1.514	-0.08	0.9999	unique	assigned
C22H45NO2	[M + H]+	Ethanol, 2,2'-(9-octadecen-1-ylimino)bis-	CCCCCCCCC=CCCCCCCCCN(CCO)CCO	0.178	Fatty acids	Sphingoid bases	Organonitrogen compounds	1119.0	9197	EB-MSV000090464-gnps_ms2	transferred	2	356.3529	7.17	356.353	7.176677	0.281	0.007	1.0	ms2_winner	assigned
C23H46NO7P	[M + H]+	1-Oleoyl-Sn-Glycero-3-Phosphoethanolamine	CCCCCCCCC=CCCCCCCCC(=O)OCC(COP(=O)(O)OCCN)O	0.633	Fatty acids	Glycerophosphoethanolamines	Carboxylic acids and derivatives	361.0	9198	EB-MSV000090464-gnps_ms2	transferred	2	480.3104	7.17	480.3109	7.201058	1.041	0.031	0.9983	ms2_tie	assigned
C2H5ClN3OS	[M + H]+	2,4-Thiazolidinedione, 4-oxime	C1C(=NO)NC(=O)S1	0.036	Alkaloids	Imidazole alkaloids	Azacyclic compounds		9199	EB-MSV000090464-gnps_ms2	transferred	0	154.9904	7.18							no_match
C60H92BN7O6	[M + H]+	2-(2-amino-5-carbamimidamidopentanamido)-N-[1-({1-[(1-{[1-({1-[(4-aminobutyl)carbamoyl]-4-carbamimidamidobutyl}carbamoyl)-4-carbamimidamidobutyl]carbamoyl}-2-methylbutyl)carbamoyl]-2-methylpropyl}carbamoyl)-3-methylbutyl]-3-methylpentanamide	CCC(C)C(C(=O)NC(CC(C)C)C(=O)NC(C(C)C)C(=O)NC(C(C)CC)C(=O)NC(CCCN=C(N)N)C(=O)NC(CCCN=C(N)N)C(=O)NCCCCN)NC(=O)C(CCCN=C(N)N)N		Amino acids and Peptides	Lipopeptides	Carboxylic acids and derivatives	2018.0	9200	EB-MSV000090464-gnps_ms2	transferred	3	1017.7277	7.17	1017.7281	7.135615	0.393	-0.034	0.9959	ms2_tie	assigned
C24H49NO3	[M + H]+	PEG-3 oleamine	CCCCCCCCC=CCCCCCCCCN(CCO)CCOCCO	0.57	Fatty acids	Sphingoid bases	Organonitrogen compounds	9084.0	9202	EB-MSV000090464-gnps_ms2	transferred	2	400.3799	7.18	400.38	7.183594	0.25	0.004	1.0	unique	assigned
C20H41NO3	[M + H]+	N,N-Bis(2-hydroxyethyl)hexadecanamide	CCCCCCCCCCCCCCCC(=O)N(CCO)CCO	0.423	Fatty acids	N-acyl ethanolamines (endocannabinoids)	Fatty Acyls	9380.0	9205	EB-MSV000090464-gnps_ms2	transferred	2	344.3171	7.19	344.3174	7.191737	0.871	0.002	1.0	unique	assigned
C28H41N5O5	[M + H]+	[(1R)-5-amino-1-[[(2S)-3-methyl-2-[[(2S)-2-[(2-methylpropan-2-yl)oxycarbonylamino]propanoyl]amino]butanoyl]amino]pentyl]-diethoxy-hydroxyboranuide	[B-](C(CCCCN)NC(=O)C(C(C)C)NC(=O)C(C)NC(=O)OC(C)(C)C)(O)(OCC)OCC	0.224	Carbohydrates	Tripeptides	Carboxylic acids and derivatives	4901.0	9206	EB-MSV000090464-gnps_ms2	transferred	1	528.317	7.19	528.317	7.193124	0.0	0.003	0.9998	unique	assigned
C27H49NO10	[M + H]+	2-[[(2S)-2-ethoxy-3-hexadecoxypropoxy]-hydroxyphosphoryl]oxyethyl-trimethylazanium	CCCCCCCCCCCCCCCCOCC(COP(=O)(O)OCC[N+](C)(C)C)OCC	0.169	Fatty acids	Glycerophosphoethanolamines	Glycerophospholipids	2936.0	9207	EB-MSV000090464-gnps_ms2	transferred	3	548.345	7.19	548.3449	7.188739	-0.182	-0.001	0.9998	ms2_tie	assigned
C26H45N7O5	[M + H]+	3a-[(hydroxyimino)methyl]-5a,5b,8,8,11a-pentamethyl-1-(prop-1-en-2-yl)-icosahydro-1H-cyclopenta[a]chrysen-9-yl acetate	CC(=C)C1CCC2(C1C3CCC4C5(CCC(C(C5CCC4(C3(CC2)C)C)(C)C)OC(=O)C)C)C=NO	0.104	Fatty acids	Open-chain polyketides	Fatty Acyls	7446.0	9209	EB-MSV000090464-gnps_ms2	transferred	2	536.3508	7.19	536.3491	7.192582	-3.17	0.003	0.9999	ms2_tie	assigned
C32H55NO7	[M + H]+	[(3~{Z},5~{S},6~{S},7~{S},8~{R},9~{S},11~{Z},13~{S},14~{S},15~{S},16~{Z},18~{S})-5,7,9,11,13,15-hexamethyl-19-[(2~{S},3~{R})-3-methyl-6-oxidanylidene-oxan-2-yl]-8,14,18-tris(oxidanyl)nonadeca-3,11,16-trien-6-yl] carbamate	CCC=CC(C)C(C(C)C(C(C)CC(=CC(C)C(C(C)C=CC(CC1C(CCC(=O)O1)C)O)O)C)O)OC(=O)N	0.078	Polyketides	Erythromycins	Carboxylic acids and derivatives	6449.0	9210	EB-MSV000090464-gnps_ms2	transferred	4	566.4078	7.2	566.4086	7.196102	1.412	-0.004	1.0	ms2_tie	assigned
C26H53NO6	[M + Na]+	N-Icosyl-D-gluconamide	CCCCCCCCCCCCCCCCCCCCNC(=O)C(C(C(C(CO)O)O)O)O	0.148	Fatty acids	Sphingoid bases	Carboxylic acids and derivatives	68.0	9212	EB-MSV000090464-gnps_ms2	transferred	3	498.3784	7.21	498.3769	7.209558	-3.01	-0.0	1.0	ms2_tie	assigned
C23H46NO7P	[M + Na]+	1-Oleoyl-Sn-Glycero-3-Phosphoethanolamine	CCCCCCCCC=CCCCCCCCC(=O)OCC(COP(=O)(O)OCCN)O	0.382	Fatty acids	Glycerophosphoethanolamines	Carboxylic acids and derivatives	3344.0	9213	EB-MSV000090464-gnps_ms2	transferred	3	502.2884	7.2	502.2877	7.203493	-1.394	0.003	0.9999	ms2_tie	assigned
C27H39N5O3	[M + H]+	2-[(2-amino-3-hydroxyoctadeca-5,12-dien-1-yl)oxy]-6-(hydroxymethyl)oxane-3,4,5-triol	CCCCCC=CCCCCCC=CCC(C(COC1C(C(C(C(O1)CO)O)O)O)N)O	0.13	Fatty acids	Sphingoid bases	Carboxylic acids and derivatives		9214	EB-MSV000090464-gnps_ms2	transferred	2	482.3141	7.2							no_ms2_candidate
C27H51NO6	[M + H]+	Car(DC20:0)	C[N+](C)(C)CC(CC(=O)O)OC(=O)CCCCCCCCCCCCCCCCCCC(=O)O	0.085	Fatty acids	Sphingoid bases	Carboxylic acids and derivatives	254.0	9216	EB-MSV000090464-gnps_ms2	transferred	5	486.3784	7.2	486.3784	7.202069	0.0	0.002	1.0	ms2_tie	assigned
C23H46NO7P	[M + H]+	1-Oleoyl-Sn-Glycero-3-Phosphoethanolamine	CCCCCCCCC=CCCCCCCCC(=O)OCC(COP(=O)(O)OCCN)O	0.705	Fatty acids	Glycerophosphoethanolamines	Carboxylic acids and derivatives	361.0	9217	EB-MSV000090464-gnps_ms2	transferred	2	480.3107	7.2	480.3109	7.201058	0.416	0.001	1.0	ms2_tie	assigned
C6H4ClFNO	[M + Na]+	4-Methoxy-1,2,5-thiadiazole-3-carboxylic acid	COC1=NSN=C1C(=O)O	0.048	Alkaloids	Imidazole alkaloids	Heteroaromatic compounds		9218	EB-MSV000090464-gnps_ms2	transferred	0	182.9856	7.21							no_match
C21H38O3	[M + H]+	Glycidyl oleate, (R)-	CCCCCCCCC=CCCCCCCCC(=O)OCC1CO1	0.674	Fatty acids	Monoacylglycerols	Fatty Acyls	15393.0	9219	EB-MSV000090464-gnps_ms2	transferred	2	339.2891	7.2	339.2885	7.035321	-1.768	-0.165	0.9887	ms2_tie	assigned
C21H34O3	[M + H]+	Z,Z,Z-8,9-Epoxyeicosa-5,11,14-trienoic acid, methyl ester	CCCCCC=CCC=CCC1C(O1)CC=CCCCC(=O)OC	0.163	Fatty acids	Monoacylglycerols	Fatty Acyls		9221	EB-MSV000090464-gnps_ms2	transferred	1	335.259	7.22							no_ms2_candidate
C25H49N3O8	[M + H]+	[2-(2-amino-1,4,5,6-tetrahydropyrimidin-6-yl)-1-carboxy-6-(2-phenylethenyl)tetradec-1-en-3-yl]-(1H-pyrrol-2-yl)azanide	CCCCCCCCC(CCC(C(=CC(=O)O)C1CCN=C(N1)N)[N-]C2=CC=CN2)C=CC3=CC=CC=C3	0.022	Alkaloids	Pyrroloindole alkaloids	Carboxylic acids and derivatives	1177.0	9223	EB-MSV000090464-gnps_ms2	transferred	2	520.3627	7.21	520.3624	7.13734	-0.577	-0.073	0.9974	ms2_tie	assigned
C27H51NO6	[M + Na]+	Car(DC20:0)	C[N+](C)(C)CC(CC(=O)O)OC(=O)CCCCCCCCCCCCCCCCCCC(=O)O	0.026	Fatty acids	Open-chain polyketides	Carboxylic acids and derivatives	8132.0	9224	EB-MSV000090464-gnps_ms2	transferred	2	508.3593	7.21	508.3593	7.27726	0.0	0.067	0.9691	ms2_winner	assigned
C24H43NO5	[M + K]+	2-[(4,6-diamino-3-{[3-amino-6-(aminomethyl)-3,4-dihydro-2H-pyran-2-yl]oxy}-2-hydroxycyclohexyl)oxy]-6-(hydroxymethyl)-4-(methylamino)oxane-3,5-diol	CNC1C(C(OC(C1O)OC2C(CC(C(C2O)OC3C(CC=C(O3)CN)N)N)N)CO)O	0.027	Fatty acids	N-acyl amines	Carboxylic acids and derivatives	11598.0	9226	EB-MSV000090464-gnps_ms2	transferred	2	464.276	7.24	464.2756	7.235598	-0.862	-0.004	0.976	ms2_tie	assigned
C2H5ClN3OS	[M + H]+	5-methoxy-1,3,4-thiadiazol-2(3H)-one	COC1=NNC(=O)S1	0.065	Alkaloids	Imidazole alkaloids	Azacyclic compounds		9227	EB-MSV000090464-gnps_ms2	transferred	0	154.9905	7.25							no_match
C18H35CaNO	[M + H]+	10-Hydroxy Spilanthol Isovalerate	CC(C)CC(=O)OCC=CC=CCCC=CC(=O)NCC(C)C	0.229	Fatty acids	Open-chain polyketides	Fatty Acyls	9211.0	9228	EB-MSV000090464-gnps_ms2	transferred	1	322.238	7.25	322.2394	7.260015	4.345	0.01	0.9928	unique	assigned
C20H32O3	[M + H]+	12-hydroxy-3,7,11,15-tetramethylhexadeca-2,6,10,14-tetraenoic acid	CC(=CCC(C(=CCCC(=CCCC(=CC(=O)O)C)C)C)O)C	0.066	Fatty acids	Hydroxy-hydroperoxyeicosatetraenoic acids	Fatty Acyls	6384.0	9229	EB-MSV000090464-gnps_ms2	transferred	2	321.2432	7.25	321.243	7.253017	-0.623	0.003	1.0	unique	assigned
C25H47NO6	[M + H]+	3,6-dihydroxy-2-(2-hydroxydodecanamido)undec-4-en-1-yl acetate	CCCCCCCCCCC(C(=O)NC(COC(=O)C)C(C=CC(CCCCC)O)O)O	0.239	Fatty acids	N-acyl amines	Carboxylic acids and derivatives	7149.0	9230	EB-MSV000090464-gnps_ms2	transferred	5	458.347	7.27	458.346	7.270168	-2.182	0.0	0.9999	ms2_tie	assigned
C27H51NO6	[M + H]+	Car(DC20:0)	C[N+](C)(C)CC(CC(=O)O)OC(=O)CCCCCCCCCCCCCCCCCCC(=O)O	0.349	Fatty acids	Fatty acyl carnitines	Fatty Acyls	542.0	9232	EB-MSV000090464-gnps_ms2	transferred	5	486.3784	7.28	486.3783	7.277742	-0.206	-0.002	0.9999	ms2_tie	assigned
C28H45N5O6	[M + H]+	Aal Toxin Td1	CCC(C)C(C(CC(C)CCCCCCC(CC(CNC(=O)C)O)O)OC(=O)CC(CC(=O)O)C(=O)O)O	0.146	Fatty acids	Sphingoid bases	Carboxylic acids and derivatives	6501.0	9233	EB-MSV000090464-gnps_ms2	transferred	3	548.3453	7.29	548.3452	7.29146	-0.182	0.001	0.988	ms2_tie	assigned
C2H3FN2O3S	[M + H]+	5-methoxy-1,3,4-thiadiazol-2(3H)-one	COC1=NNC(=O)S1	0.041	Alkaloids	Imidazole alkaloids	Azacyclic compounds		9237	EB-MSV000090464-gnps_ms2	transferred	0	154.9904	7.3							no_match
C28H55NO6	[M + Na]+	[2-Acetyloxy-4-(3-hexadecoxy-2-hydroxypropoxy)-4-oxobutyl]-trimethylazanium	CCCCCCCCCCCCCCCCOCC(COC(=O)CC(C[N+](C)(C)C)OC(=O)C)O	0.673	Fatty acids	Fatty acyl carnitines	Fatty Acyls	53.0	9240	EB-MSV000090464-gnps_ms2	transferred	4	524.3942	7.3	524.394	7.300478	-0.381	0.0	1.0	ms2_tie	assigned
C32H51NO6	[M + H]+	2-[[(7E,9E)-2-[bis(2-hydroxyethyl)amino]-7-methyl-4,10-di(piperidin-1-yl)-5,6-dihydropyrimido[4,5-c]azocin-8-yl]-(2-hydroxyethyl)amino]ethanol	CC1=C(N=C(C2=C(CC1)C(=NC(=N2)N(CCO)CCO)N3CCCCC3)N4CCCCC4)N(CCO)CCO	0.135	Amino acids and Peptides	Tripeptides	Carboxylic acids and derivatives	1237.0	9241	EB-MSV000090464-gnps_ms2	transferred	3	546.3775	7.3	546.3776	7.298436	0.183	-0.002	1.0	ms2_tie	assigned
C26H51NO6	[M + H]+		CCCCCCCCCCCCCCCC(=O)OCC(COCCC(C(=O)O)[N+](C)(C)C)O	0.138	Fatty acids	N-acyl amines	Fatty Acyls	50.0	9242	EB-MSV000090464-gnps_ms2	transferred	2	474.3811	7.31	474.381	7.392348	-0.211	0.082	0.9392	ms2_winner	assigned
C24H41NO2S	[M + H]+	1,3-Bis(2-ethylhexyl)hexahydro-5-methyl-5-nitropyrimidine	CCCCC(CC)CN1CC(CN(C1)CC(CC)CCCC)(C)[N+](=O)[O-]	0.287	Terpenoids	Menthane monoterpenoids	Prenol lipids	4510.0	9243	EB-MSV000090464-gnps_ms2	transferred	2	408.2947	7.32	408.2949	7.325145	0.49	0.005	0.9948	unique	assigned
C23H36O4	[M + Na]+	tris(2-butoxyethyl) phosphate	CCCCOCCOP(=O)(OCCOCCCC)OCCOCCCC	0.779	Fatty acids	Glycerophosphates	Organic phosphoric acids and derivatives	713.0	9244	EB-MSV000090464-gnps_ms2	transferred	1	399.2502	7.34	399.2505	7.337364	0.751	-0.003	1.0	unique	assigned
C22H38O5	[M + K]+	tris(2-butoxyethyl) phosphate	CCCCOCCOP(=O)(OCCOCCCC)OCCOCCCC	0.802	Fatty acids	Glycerophosphates	Organic phosphoric acids and derivatives	3986.0	9245	EB-MSV000090464-gnps_ms2	transferred	1	421.2323	7.34	421.2323	7.33689	0.0	-0.003	0.9999	unique	assigned
C22H47NO5	[M + K]+	(4R)-N-methyl-4-[(3R,5S,7R,8R,10S,12S,13R,14S,17R)-3,7,12-trihydroxy-10,13-dimethyl-2,3,4,5,6,7,8,9,11,12,14,15,16,17-tetradecahydro-1H-cyclopenta[a]phenanthren-17-yl]pentanamide	CC(CCC(=O)NC)C1CCC2C1(C(CC3C2C(CC4C3(CCC(C4)O)C)O)O)C	0.097	Alkaloids	Isoquinoline alkaloids	Benzene and substituted derivatives	1869.0	9246	EB-MSV000090464-gnps_ms2	transferred	1	444.3071	7.34	444.3072	7.337429	0.225	-0.003	1.0	unique	assigned
C29H53NO6	[M + H]+	N,N-Bis(1-carboxyethyl)-N-(1-carboxylatoethyl)-3-icosen-1-aminium	CCCCCCCCCCCCCCCCC=CCC[N+](C(C)C(=O)O)(C(C)C(=O)O)C(C)C(=O)O	0.001	Fatty acids	Neutral glycosphingolipids	Fatty Acyls	4685.0	9247	EB-MSV000090464-gnps_ms2	transferred	2	512.3945	7.35	512.3947	7.349129	0.39	-0.001	1.0	unique	assigned
C6H7ClNO	[M + K]+	4-Methoxy-1,2,5-thiadiazole-3-carboxylic acid	COC1=NSN=C1C(=O)O	0.037	Alkaloids	Imidazole alkaloids	Azacyclic compounds		9248	EB-MSV000090464-gnps_ms2	transferred	0	182.9856	7.36							no_match
C2H4BNO4	[M + K]+	(Carbonofluoridoylamino)sulfanylcarbamic acid	C(=O)(NSNC(=O)F)O		Alkaloids	Halogenated fatty acids	Organic sulfonic acids and derivatives		9249	EB-MSV000090464-gnps_ms2	transferred	0	154.9904	7.36							no_match
C28H55NO6	[M + Na]+	[2-Acetyloxy-4-(3-hexadecoxy-2-hydroxypropoxy)-4-oxobutyl]-trimethylazanium	CCCCCCCCCCCCCCCCOCC(COC(=O)CC(C[N+](C)(C)C)OC(=O)C)O	0.346	Fatty acids	Fatty acyl carnitines	Fatty Acyls	106.0	9250	EB-MSV000090464-gnps_ms2	transferred	5	524.3942	7.36	524.3942	7.363514	0.0	0.004	1.0	ms2_tie	assigned
C31H49N5O2	[M + Na]+	2-[[(7E,9E)-2-[bis(2-hydroxyethyl)amino]-7-methyl-4,10-di(piperidin-1-yl)-5,6-dihydropyrimido[4,5-c]azocin-8-yl]-(2-hydroxyethyl)amino]ethanol	CC1=C(N=C(C2=C(CC1)C(=NC(=N2)N(CCO)CCO)N3CCCCC3)N4CCCCC4)N(CCO)CCO	0.06	Amino acids and Peptides	Tripeptides	Carboxylic acids and derivatives	1502.0	9251	EB-MSV000090464-gnps_ms2	transferred	3	546.3775	7.36	546.3775	7.361127	0.0	0.001	1.0	ms2_tie	assigned
C25H47NO6	[M + H]+	3,6-dihydroxy-2-(2-hydroxydodecanamido)undec-4-en-1-yl acetate	CCCCCCCCCCC(C(=O)NC(COC(=O)C)C(C=CC(CCCCC)O)O)O	0.267	Fatty acids	Fatty acyl homoserine lactones	Carboxylic acids and derivatives	9773.0	9253	EB-MSV000090464-gnps_ms2	transferred	4	458.3472	7.37	458.3465	7.380933	-1.527	0.011	1.0	ms2_tie	assigned
C15H25O8P	[M + H]+	3,5-Dimethoxy-8,8-Dimethyl-2-Phenyl-4H,8H-Benzo[1,2-B:3,4-B']Dipyran-4-One	CC1(C=CC2=C3C(=C(C=C2O1)OC)C(=O)C(=C(O3)C4=CC=CC=C4)OC)C	0.344	Shikimates and Phenylpropanoids	Rotenoids	Isoflavonoids	2402.0	9255	EB-MSV000090464-gnps_ms2	transferred	2	365.1363	7.37	365.1352	7.382831	-3.013	0.013	1.0	ms2_tie	assigned
C65H94B2N2O6	[M + H]+	N-(1-{[6-({[3-acetamido-4,5-dihydroxy-6-(hydroxymethyl)oxan-2-yl]oxy}methyl)-3,4,5-trihydroxyoxan-2-yl]oxy}-3,4-dihydroxyoctadec-6-en-2-yl)-2-hydroxydocosanamide	CCCCCCCCCCCCCCCCCCCCC(C(=O)NC(COC1C(C(C(C(O1)COC2C(C(C(C(O2)CO)O)O)NC(=O)C)O)O)O)C(C(CC=CCCCCCCCCCCC)O)O)O		Fatty acids	Neutral glycosphingolipids	Fatty Acyls	4626.0	9257	EB-MSV000090464-gnps_ms2	transferred	4	1019.7471	7.38	1019.748	7.378116	0.883	-0.002	1.0	unique	assigned
C18H25N7O3	[M + H]+	2,4,6-Trimorpholinopyrimido(5,4-d)pyrimidine	C1COCCN1C2=NC(=NC3=CN=C(N=C32)N4CCOCC4)N5CCOCC5	0.038	Amino acids and Peptides	Dipeptides	Carboxylic acids and derivatives	3163.0	9260	EB-MSV000090464-gnps_ms2	transferred	1	388.2122	7.38	388.2108	7.38049	-3.606	0.0	0.9998	unique	assigned
C53H96N12O6	[M + H]+	[3-[2-[[5-(decylamino)-5-oxopentanoyl]amino]ethoxy-hydroxyphosphoryl]oxy-2-[(Z)-octadec-9-enoyl]oxypropyl] (Z)-octadec-9-enoate	CCCCCCCCCCNC(=O)CCCC(=O)NCCOP(=O)(O)OCC(COC(=O)CCCCCCCC=CCCCCCCCC)OC(=O)CCCCCCCC=CCCCCCCCC		Fatty acids	Phosphosphingolipids	Sphingolipids		9261	EB-MSV000090464-gnps_ms2	transferred	1	997.7644	7.4							low_cosine
C50H96N8O10	[M + H]+	2,3-bis[[(4Z,7Z,10Z,13Z)-hexadeca-4,7,10,13-tetraenoyl]oxy]propyl hexacosanoate	CCCCCCCCCCCCCCCCCCCCCCCCCC(=O)OCC(COC(=O)CCC=CCC=CCC=CCC=CCC)OC(=O)CCC=CCC=CCC=CCC=CCC	0.106	Fatty acids	Triacylglycerols	Glycerolipids	1957.0	9263	EB-MSV000090464-gnps_ms2	transferred	2	969.732	7.39	969.7318	7.386387	-0.206	-0.004	0.9935	unique	assigned
C62H100O5	[M + Na]+							2910.0	9264	EB-MSV000090464-gnps_ms2	transferred	1	947.745	7.39	947.7437	7.385275	-1.372	-0.005	1.0	unique	assigned
C24H45N7O4	[M + H]+		CCCCCCCCCCCCCCCC(=O)OCC(COCCC(C(=O)O)[N+](C)(C)C)O	0.127	Fatty acids	Open-chain polyketides	Fatty Acyls	13455.0	9266	EB-MSV000090464-gnps_ms2	transferred	3	496.3622	7.39	496.3622	7.395011	0.0	0.005	0.9929	ms2_winner	assigned
C4H6Cl2NO	[M + H]+		CN(C)C(=O)[C](Cl)Cl		Fatty acids	Halogenated fatty acids	Carboxylic acids and derivatives		9267	EB-MSV000090464-gnps_ms2	transferred	0	154.9904	7.39							no_match
C26H51NO6	[M + H]+		CCCCCCCCCCCCCCCC(=O)OCC(COCCC(C(=O)O)[N+](C)(C)C)O	0.159	Fatty acids	N-acyl amines	Fatty Acyls	50.0	9268	EB-MSV000090464-gnps_ms2	transferred	2	474.3811	7.39	474.381	7.392348	-0.211	0.002	1.0	ms2_tie	assigned
C20H22O5	[M + H]+	1-(1-Benzoyloxypropoxy)propyl benzoate	CCC(OC(CC)OC(=O)C1=CC=CC=C1)OC(=O)C2=CC=CC=C2	0.066	Shikimates and Phenylpropanoids	Dibenzylbutane lignans	Benzene and substituted derivatives	9241.0	9269	EB-MSV000090464-gnps_ms2	transferred	1	343.154	7.38	343.1541	7.380635	0.291	0.001	1.0	unique	assigned
C64H105N11O19	[M + H]+								9270	EB-MSV000090464-gnps_ms2	transferred	0	1332.7598	7.4							no_match
C60H100N4O6	[M + H]+	[3-(1,3-dihydroxypropan-2-yloxy)-2-(1,3-dihydroxypropan-2-yloxymethyl)propyl] N-[2-[[2-[[2-(dioctadecylamino)-2-oxoethyl]amino]-2-oxoethyl]amino]-2-oxoethyl]carbamate	CCCCCCCCCCCCCCCCCCN(CCCCCCCCCCCCCCCCCC)C(=O)CNC(=O)CNC(=O)CNC(=O)OCC(COC(CO)CO)COC(CO)CO	0.014	Amino acids and Peptides	Lipopeptides	Peptidomimetics	1718.0	9271	EB-MSV000090464-gnps_ms2	transferred	2	973.7684	7.41	973.7682	7.406775	-0.205	-0.003	0.9999	ms2_tie	assigned
C28H49N3O3	[M + H]+	octadecyl-(2-(N-methylpiperidino)ethyl)phosphate	CCCCCCCCCCCCCCCCCCOP(=O)(O)OCC[N+]1(CCCCC1)C	0.072	Fatty acids	Sphingoid bases	Fatty Acyls	1000.0	9272	EB-MSV000090464-gnps_ms2	transferred	3	476.3866	7.39	476.3867	7.391035	0.21	0.001	0.8657	unique	assigned
C87H160N2O18	[M + H]+								9279	EB-MSV000090464-gnps_ms2	transferred	2	1522.1644	7.42							no_ms2_candidate
C28H53NO6	[M + H]+		CCCCCCCCC=CCCCCCCCC(=O)OCC(COCCC(C(=O)O)[N+](C)(C)C)O	0.251	Fatty acids	Fatty acyl carnitines	Fatty Acyls	1.0	9280	EB-MSV000090464-gnps_ms2	transferred	3	500.3935	7.42	500.3936	7.416574	0.2	-0.003	1.0	ms2_winner	assigned
C46H96N18O9	[M + H]+	[1-(diethylamino)-3-[4-[2-[4-[3-(diethylamino)-2-[[4-[(4-isocyanatocyclohexyl)methyl]cyclohexyl]carbamoyloxy]propoxy]cyclohexyl]propan-2-yl]cyclohexyl]oxypropan-2-yl] N-[4-[(4-isocyanatocyclohexyl)methyl]cyclohexyl]carbamate	CCN(CC)CC(COC1CCC(CC1)C(C)(C)C2CCC(CC2)OCC(CN(CC)CC)OC(=O)NC3CCC(CC3)CC4CCC(CC4)N=C=O)OC(=O)NC5CCC(CC5)CC6CCC(CC6)N=C=O	0.011	Alkaloids	Steroidal alkaloids	Carboxylic acids and derivatives	8511.0	9281	EB-MSV000090464-gnps_ms2	transferred	1	1045.764	7.4	1045.7603	7.411458	-3.538	0.011	0.9328	unique	assigned
C56H106N2O12	[M + H]+	Bis(1-acetyloxy-2,2,6,6-tetramethylpiperidin-4-yl) 9,10-di(nonyl)octadecanedioate	CCCCCCCCCC(CCCCCCCC(=O)OC1CC(N(C(C1)(C)C)OC(=O)C)(C)C)C(CCCCCCCCC)CCCCCCCC(=O)OC2CC(N(C(C2)(C)C)OC(=O)C)(C)C	0.011	Fatty acids	Neutral glycosphingolipids	Sphingolipids	268.0	9284	EB-MSV000090464-gnps_ms2	transferred	2	999.7844	7.42	999.7851	7.41887	0.7	-0.001	1.0	ms2_tie	assigned
C30H51NO6	[M + H]+	N-{3-[(3-{[3-({4-[(3-aminopropyl)amino]butyl}amino)propyl](hydroxy)amino}propyl)(hydroxy)amino]propyl}-2-(4-hydroxy-1H-indol-2-yl)acetamide	C1=CC2=C(C=C(N2)CC(=O)NCCCN(CCCN(CCCNCCCCNCCCN)O)O)C(=C1)O	0.029	Alkaloids	Purine alkaloids	Carboxylic acids and derivatives	499.0	9286	EB-MSV000090464-gnps_ms2	transferred	5	522.3782	7.42	522.3777	7.41728	-0.957	-0.003	0.998	ms2_tie	assigned
C56H106N2O12	[M + Na]+	Ac-aMeVal-aMeVal-aMeVal-aMeVal-aMeVal-aMeVal-aMeVal-aMeVal-OtBu	CC(C)C(C)(C(=O)NC(C)(C(C)C)C(=O)NC(C)(C(C)C)C(=O)NC(C)(C(C)C)C(=O)NC(C)(C(C)C)C(=O)NC(C)(C(C)C)C(=O)NC(C)(C(C)C)C(=O)NC(C)(C(C)C)C(=O)OC(C)(C)C)NC(=O)C		Amino acids and Peptides	Lipopeptides	Carboxylic acids and derivatives	694.0	9288	EB-MSV000090464-gnps_ms2	transferred	2	1021.7591	7.42	1021.7577	7.420796	-1.37	0.001	1.0	ms2_tie	assigned
C57H98N6O8	[M + H]+	3-[2-[2-[(3R,40S)-13-hydroxy-3,28,40-trimethyl-18-[5-[2-(methylamino)-2-oxoethoxy]pentyl]-29-oxo-11,31,34-trioxa-6,14,18,23,28,37-hexazapentacyclo[35.3.1.12,6.015,20.021,26]dotetracontan-23-yl]ethoxy]ethoxy]-N-methylpropanamide	CC1CCN2CCCCOCC(NC3CCN(CC3C4CN(CCC4CN(C(=O)COCCOCCN5CCC(C(C5)C1C2)C)C)CCOCCOCCC(=O)NC)CCCCCOCC(=O)NC)O	0.015	Amino acids and Peptides	Linear peptides	Carboxylic acids and derivatives	2195.0	9289	EB-MSV000090464-gnps_ms2	transferred	3	995.7496	7.42	995.7497	7.407316	0.1	-0.013	0.9999	ms2_winner	assigned
C68H48O41	[M + H]+							5282.0	9290	EB-MSV000090464-gnps_ms2	transferred	2	1521.1566	7.43	1521.1545	7.476377	-1.381	0.046	0.9998	ms2_tie	assigned
C28H53N3O3	[M + Na]+	1,1,1-Tris(pivalamidomethyl)-9-decene	CC(C)(C)C(=O)NCC(CCCCCCCC=C)(CNC(=O)C(C)(C)C)CNC(=O)C(C)(C)C	0.044	Fatty acids	N-acyl ethanolamines (endocannabinoids)	Carboxylic acids and derivatives		9293	EB-MSV000090464-gnps_ms2	transferred	2	502.4006	7.42							no_ms2_candidate
C22H47NO2	[M + H]+	Stearylbis(2-hydroxyethyl)aminium	CCCCCCCCCCCCCCCCCCN(CCO)CCO	0.474	Fatty acids	Sphingoid bases	Organonitrogen compounds	1613.0	9296	EB-MSV000090464-gnps_ms2	transferred	1	358.368	7.44	358.3679	7.442045	-0.279	0.002	1.0	unique	assigned
C27H51NO6	[M + H]+	(2R)-2-[[(3R)-3-decanoyloxytetradecanoyl]amino]-3-hydroxypropanoic acid	CCCCCCCCCCCC(CC(=O)NC(CO)C(=O)O)OC(=O)CCCCCCCCC	0.17	Fatty acids	N-acyl amines	Carboxylic acids and derivatives	2943.0	9297	EB-MSV000090464-gnps_ms2	transferred	5	486.3788	7.45	486.3785	7.446013	-0.617	-0.004	1.0	ms2_winner	assigned
C32H51NO6	[M + H]+	2-({9a,11a-dimethyl-1-[1-(5-methyl-3,4-dihydro-2H-pyrrol-2-yl)ethyl]-1H,2H,3H,3aH,3bH,4H,6H,7H,8H,9H,9aH,9bH,10H,11H,11aH-cyclopenta[a]phenanthren-7-yl}oxy)-6-(hydroxymethyl)oxane-3,4,5-triol	CC1=NC(CC1)C(C)C2CCC3C2(CCC4C3CC=C5C4(CCC(C5)OC6C(C(C(C(O6)CO)O)O)O)C)C	0.067	Polyketides	Isoquinoline alkaloids	Carboxylic acids and derivatives	1502.0	9298	EB-MSV000090464-gnps_ms2	transferred	3	546.378	7.44	546.3775	7.361127	-0.915	-0.079	0.8982	ms2_tie	assigned
C31H55NO7	[M + H]+	6-{[3-(dimethylamino)-2-hydroxy-5-methylcyclohexyl]oxy}-16-ethyl-4-hydroxy-15-(hydroxymethyl)-5,7,9,13-tetramethyl-1-oxacyclohexadec-11-ene-2,10-dione	CCC1C(CC(C=CC(=O)C(CC(C(C(C(CC(=O)O1)O)C)OC2CC(CC(C2O)N(C)C)C)C)C)C)CO	0.179	Alkaloids	Steroidal alkaloids	Carboxylic acids and derivatives	1419.0	9301	EB-MSV000090464-gnps_ms2	transferred	2	554.4055	7.45	554.4054	7.440322	-0.18	-0.01	1.0	ms2_tie	assigned
C26H52N4O5	[M + H]+	5,13-Docosadienamidopropyl betaine	CCCCCCCCC=CCCCCCCC=CCCCC(=O)NCCC[N+](C)(C)CC(=O)O	0.303	Fatty acids	Ceramides	Fatty Acyls		9302	EB-MSV000090464-gnps_ms2	transferred	2	501.3982	7.44							no_ms2_candidate
C2H5ClN3OS	[M + H]+	(Carbonofluoridoylamino)sulfanylcarbamic acid	C(=O)(NSNC(=O)F)O		Alkaloids	Halogenated fatty acids	Organic sulfonic acids and derivatives		9304	EB-MSV000090464-gnps_ms2	transferred	0	154.9904	7.47							no_match
C40H77NO7	[M + Na]+		CC(C)CCCCCCCCCCCC(=O)OCC(COCC(C[N+](C)(C)C)C(=O)[O-])OC(=O)CCCCCCCCCCCC(C)C	0.112	Fatty acids	N-acyl amines	Fatty Acyls		9305	EB-MSV000090464-gnps_ms2	transferred	0	706.5646	7.5							no_match
C30H51NO6	[M + H]+	Car(DC21:0)	C[N+](C)(C)CC(CC(=O)O)OC(=O)CCCCCCCCCCCCCCCCCCCC(=O)O	0.095	Fatty acids	Fatty acyl carnitines	Fatty Acyls	1123.0	9306	EB-MSV000090464-gnps_ms2	transferred	6	522.3782	7.47	522.3779	7.489317	-0.574	0.019	0.9998	ms2_tie	assigned
C18H17FN4O3S	[M + H]+	1-(3-Methylsulfanylphenyl)-3-[2-[(3-methylsulfanylphenyl)carbamoylamino]ethenyl]urea	CSC1=CC=CC(=C1)NC(=O)NC=CNC(=O)NC2=CC(=CC=C2)SC	0.049	Amino acids and Peptides	Cyclamides	Thioethers	5497.0	9307	EB-MSV000090464-gnps_ms2	transferred	1	389.1118	7.47	389.1117	7.472761	-0.257	0.003	1.0	unique	assigned
C6H4ClFNO	[M + Na]+	2,3-Dihydro-[1,2]thiazolo[4,5-d][1,3]oxazole 1,1-dioxide	C1C2=C(OC=N2)S(=O)(=O)N1	0.093	Alkaloids	Imidazole alkaloids	Heteroaromatic compounds		9308	EB-MSV000090464-gnps_ms2	transferred	0	182.9856	7.48							no_match
C16H22O4	[M + H]+	Diisobutyl Phthalate	CC(C)COC(=O)C1=CC=CC=C1C(=O)OCC(C)C	0.724	Polyketides	Simple phenolic acids	Benzene and substituted derivatives	4975.0	9311	EB-MSV000090464-gnps_ms2	transferred	2	279.1588	7.48	279.1588	7.485982	0.0	0.006	1.0	ms2_winner	assigned
C17H41N4O3	[M + H]+								9312	EB-MSV000090464-gnps_ms2	transferred	2	350.3277	7.48							low_cosine
C46H71NO8	[M + H]+	21-(1-cyclopentylethyl)-16,17,25,28-tetrahydroxy-12-{[(3-methoxypropyl)amino]methyl}-5-methyl-9-oxo-26-pentyl-10-oxaheptacyclo[17.8.1.0²,¹⁷.0⁵,¹⁶.0⁶,¹⁴.0⁷,¹¹.0²⁴,²⁸]octacosa-7,12-diene-1-carbaldehyde	CCCCCC1CC2(C3CCC4(C5C(CC4(C3(CC6C2(C(C1O)CCC(C6)C(C)C7CCCC7)O)O)O)C=C(C8C5=CC(=O)O8)CNCCCOC)C)C=O	0.044	Polyketides	Open-chain polyketides	Benzene and substituted derivatives	3329.0	9313	EB-MSV000090464-gnps_ms2	transferred	1	766.5277	7.48	766.5272	7.485766	-0.652	0.006	1.0	unique	assigned
C28H53NO6	[M + H]+		CCCCCCCCC=CCCCCCCCC(=O)OCC(COCCC(C(=O)O)[N+](C)(C)C)O	0.212	Fatty acids	Fatty acyl carnitines	Fatty Acyls	8.0	9314	EB-MSV000090464-gnps_ms2	transferred	3	500.3935	7.49	500.3934	7.488278	-0.2	-0.002	1.0	ms2_winner	assigned
C56H106N2O12	[M + H]+	2-[5-[2-[2-(2-aminoethoxy)ethoxy]ethylamino]-2-[[2-[2-(2-aminoethoxy)ethoxy]ethylamino]-hydroxymethyl]-4-methylpentyl]-4-(dihydroxymethyl)-8-methyl-6-[(1R,6S,9S,14R)-14-(1,1,7-trihydroxy-2,6-dimethylheptan-4-yl)-6-tricyclo[10.4.0.04,9]hexadec-4-enyl]nonanal	CC(C)CC(CC(CC(CC(CC(C)CNCCOCCOCCN)C(NCCOCCOCCN)O)C=O)C(O)O)C1CCC2CCC3CC(CCC3CCC2=C1)C(CC(C)CO)CC(C)C(O)O		Amino acids and Peptides	Lipopeptides	Peptidomimetics	642.0	9316	EB-MSV000090464-gnps_ms2	transferred	2	999.784	7.49	999.7849	7.47396	0.9	-0.016	1.0	ms2_tie	assigned
C65H100N2O7	[M + H]+	Ac-aMeVal-aMeVal-aMeVal-aMeVal-aMeVal-aMeVal-aMeVal-aMeVal-OtBu	CC(C)C(C)(C(=O)NC(C)(C(C)C)C(=O)NC(C)(C(C)C)C(=O)NC(C)(C(C)C)C(=O)NC(C)(C(C)C)C(=O)NC(C)(C(C)C)C(=O)NC(C)(C(C)C)C(=O)NC(C)(C(C)C)C(=O)OC(C)(C)C)NC(=O)C		Amino acids and Peptides	Microcolins and mirabimids	Carboxylic acids and derivatives	1259.0	9318	EB-MSV000090464-gnps_ms2	transferred	2	1021.7592	7.49	1021.7594	7.492698	0.196	0.003	0.9992	ms2_tie	assigned
C43H67N3O6	[M + H]+	[(2R)-1-[2-aminoethoxy(hydroxy)phosphoryl]oxy-3-[(E)-hexadec-1-enoxy]propan-2-yl] (2E,4E)-octadeca-2,4-dienoate	CCCCCCCCCCCCCCC=COCC(COP(=O)(O)OCCN)OC(=O)C=CC=CCCCCCCCCCCCCC	0.511	Fatty acids	Glycerophosphoethanolamines	Carboxylic acids and derivatives	1327.0	9319	EB-MSV000090464-gnps_ms2	transferred	1	722.5055	7.5	722.5052	7.498125	-0.415	-0.002	0.9999	unique	assigned
C46H63NO3	[M + H]+	4-(azaniumylmethyl)-5-(7-cyclohexyl-2-{2-[3-(hydroxymethyl)phenyl]ethyl}hept-4-en-1-yl)-8-(1-phenylcyclohexyl)-1,4,4a,5,8,8a-hexahydronaphthalene-1-carboxylate	C1CCC(CC1)CCC=CCC(CCC2=CC(=CC=C2)CO)CC3C=CC(C4C3C(C=CC4C(=O)O)CN)C5(CCCCC5)C6=CC=CC=C6	0.065	Terpenoids	Isoquinoline alkaloids	Benzene and substituted derivatives	2031.0	9320	EB-MSV000090464-gnps_ms2	transferred	4	678.4811	7.5	678.4837	7.49625	3.832	-0.004	0.9999	ms2_tie	assigned
C26H51NO6	[M + H]+		CCCCCCCCCCCCCCCC(=O)OCC(COCCC(C(=O)O)[N+](C)(C)C)O	0.145	Fatty acids	N-acyl amines	Fatty Acyls	50.0	9322	EB-MSV000090464-gnps_ms2	transferred	2	474.3811	7.49	474.381	7.392348	-0.211	-0.098	0.9995	ms2_tie	assigned
C41H63N3O5	[M + H]+	1-(2-methoxy-7Z,21Z-octacosadienyl)-sn-glycero-3-phosphoserine	CCCCCCC=CCCCCCCCCCCCCC=CCCCCC(COCC(COP(=O)(O)OCC(C(=O)O)N)O)OC	0.062	Fatty acids	Glycerophosphoethanolamines	Carboxylic acids and derivatives	849.0	9324	EB-MSV000090464-gnps_ms2	transferred	2	678.4768	7.51	678.4756	7.515492	-1.769	0.005	1.0	unique	assigned
C31H55NO7	[M + H]+	6-{[3-(dimethylamino)-2-hydroxy-5-methylcyclohexyl]oxy}-16-ethyl-4-hydroxy-15-(hydroxymethyl)-5,7,9,13-tetramethyl-1-oxacyclohexadec-11-ene-2,10-dione	CCC1C(CC(C=CC(=O)C(CC(C(C(C(CC(=O)O1)O)C)OC2CC(CC(C2O)N(C)C)C)C)C)C)CO	0.122	Polyketides	Erythromycins	Carboxylic acids and derivatives	4406.0	9325	EB-MSV000090464-gnps_ms2	transferred	2	554.4055	7.52	554.4053	7.522902	-0.361	0.003	1.0	ms2_tie	assigned
C28H47N5O6	[M + H]+	(1R,2S,5S)-N-[(2S,3R)-4-amino-3-hydroxy-4-oxo-1-[(3S)-2-oxopyrrolidin-3-yl]butan-2-yl]-3-[(2S)-2-(3,3-dimethylbutanoylamino)-3,3-dimethylbutanoyl]-6,6-dimethyl-3-azabicyclo[3.1.0]hexane-2-carboxamide	CC1(C2C1C(N(C2)C(=O)C(C(C)(C)C)NC(=O)CC(C)(C)C)C(=O)NC(CC3CCNC3=O)C(C(=O)N)O)C	0.03	Fatty acids	N-acyl amines	Carboxylic acids and derivatives	7681.0	9326	EB-MSV000090464-gnps_ms2	transferred	2	550.36	7.52	550.36	7.472734	0.0	-0.047	0.9801	ms2_tie	assigned
C34H59N5O6	[M + H]+	(2-aminoethoxy)[3-(heptadecanoyloxy)-2-(undec-9-enoyloxy)propoxy]phosphinic acid	CCCCCCCCCCCCCCCCC(=O)OCC(COP(=O)(O)OCCN)OC(=O)CCCCCCCC=CC	0.391	Fatty acids	Glycerophosphoethanolamines	Carboxylic acids and derivatives	463.0	9327	EB-MSV000090464-gnps_ms2	transferred	1	634.4529	7.53	634.4527	7.528102	-0.315	-0.002	1.0	unique	assigned
C33H60O10	[M + H]+	Vaucheriaxanthin	CC(=CC=CC=C(C)C=CC=C(CO)C=CC12C(CC(CC1(O2)C)O)(C)C)C=CC=C(C)C=C=C3C(CC(CC3(C)O)O)(C)C	0.067	Terpenoids	Carotenoids (C40, β-β)	Organooxygen compounds	6649.0	9328	EB-MSV000090464-gnps_ms2	transferred	1	617.4259	7.53	617.4263	7.532579	0.648	0.003	0.9999	unique	assigned
C28H57NO6	[M + Na]+	N-Docosyl-D-gluconamide	CCCCCCCCCCCCCCCCCCCCCCNC(=O)C(C(C(C(CO)O)O)O)O	0.041	Fatty acids	Cholane steroids	Steroids and steroid derivatives	5235.0	9329	EB-MSV000090464-gnps_ms2	transferred	2	526.4102	7.53	526.4104	7.535062	0.38	0.005	1.0	ms2_tie	assigned
C35H58O10	[M + H]+							7844.0	9330	EB-MSV000090464-gnps_ms2	transferred	1	639.4079	7.53	639.4081	7.531641	0.313	0.002	0.9999	unique	assigned
C2H5ClN3OS	[M + H]+		CN(C)C(=O)[C](Cl)Cl		Fatty acids	Halogenated fatty acids	Carboxylic acids and derivatives		9331	EB-MSV000090464-gnps_ms2	transferred	0	154.9903	7.54							no_match
C31H59NO9	[M + H]+	9-[1-(2-Aminoethoxy)-3-heptadecanoyloxy-1,2-dihydroxypropan-2-yl]oxy-9-oxononanoic acid	CCCCCCCCCCCCCCCCC(=O)OCC(C(O)OCCN)(O)OC(=O)CCCCCCCC(=O)O	0.093	Polyketides	Open-chain polyketides	Benzene and substituted derivatives	355.0	9333	EB-MSV000090464-gnps_ms2	transferred	1	590.4284	7.54	590.4283	7.543327	-0.169	0.003	0.9999	unique	assigned
C31H56O9	[M + H]+	N-[5-[[4-[5-[[4-[5-aminopentyl(hydroxy)amino]-4-oxobutanoyl]amino]pentyl-hydroxyamino]-4-oxobutanoyl]amino]pentyl]butan-1-imine oxide	CCCC=[N+](CCCCCNC(=O)CCC(=O)N(CCCCCNC(=O)CCC(=O)N(CCCCCN)O)O)[O-]	0.053	Amino acids and Peptides	Cyclic peptides	Carboxylic acids and derivatives	4556.0	9334	EB-MSV000090464-gnps_ms2	transferred	1	573.402	7.54	573.4025	7.548014	0.872	0.008	0.9999	unique	assigned
C23H39N3O4	[M + Na]+	2-[1-cyclopropanecarbonyl-3-(2-{[2-(morpholin-4-yl)ethyl](phenyl)amino}ethyl)piperidin-4-yl]acetic acid	C1CC1C(=O)N2CCC(C(C2)CCN(CCN3CCOCC3)C4=CC=CC=C4)CC(=O)O	0.023	Amino acids and Peptides	Dipeptides	Carboxylic acids and derivatives	6491.0	9335	EB-MSV000090464-gnps_ms2	transferred	1	444.2846	7.55	444.2848	7.557301	0.45	0.007	0.8085	unique	assigned
C40H50O4	[M + H]+							5764.0	9336	EB-MSV000090464-gnps_ms2	transferred	3	595.3811	7.54	595.3789	7.555051	-3.695	0.015	1.0	ms2_tie	assigned
C23H33N3O4	[M + H]+	2-[N-[2-(butylcarbamoyloxy)ethyl]-3-methylanilino]ethyl N-butylcarbamate	CCCCNC(=O)OCCN(CCOC(=O)NCCCC)C1=CC=CC(=C1)C	0.151	Amino acids and Peptides	Aminoacids	Carboxylic acids and derivatives	3338.0	9337	EB-MSV000090464-gnps_ms2	transferred	2	416.2543	7.55	416.254	7.555042	-0.721	0.005	1.0	unique	assigned
C23H30N2O4	[M + H]+	4,4'-Methylenebis(butyl N-phenylcarbamate)	CCCCOC(=O)NC1=CC=C(C=C1)CC2=CC=C(C=C2)NC(=O)OCCCC	0.199	Alkaloids	Aminoacids	Carboxylic acids and derivatives	6410.0	9338	EB-MSV000090464-gnps_ms2	transferred	1	399.2275	7.55	399.2275	7.555803	0.0	0.006	1.0	unique	assigned
C32H57NO7	[M + H]+	(2S,3R,4E)-2-(Hexylamino)-3-hydroxy-4-octadecen-1-yl beta-D-glucopyranoside	CCCCCCCCCCCCCC=CC(C(COC1C(C(C(C(O1)CO)O)O)O)NCCCCCC)O	0.043	Fatty acids	Fatty acyl carnitines	Fatty Acyls	370.0	9339	EB-MSV000090464-gnps_ms2	transferred	2	568.4212	7.56	568.4214	7.562606	0.352	0.003	1.0	ms2_tie	assigned
C28H53N5O4	[M + Na]+	Rhodopeptin B5	CC(C)CCCCCCCCCC1CC(=O)NCC(=O)NC(C(=O)NC(C(=O)N1)C(C)C)CCCCN	0.021	Amino acids and Peptides	Linear peptides	Phenol ethers	381.0	9340	EB-MSV000090464-gnps_ms2	transferred	2	546.4018	7.56	546.4017	7.555614	-0.183	-0.004	0.9999	ms2_tie	assigned
C29H52O8	[M + Na]+		CCCCCCCC(=O)OCC(CO)OC(=O)CCCC(C(C=CC=CC=CC=CC(CC=CCC)O)O)O	0.219	Fatty acids	Wax monoesters	Fatty Acyls	3781.0	9341	EB-MSV000090464-gnps_ms2	transferred	1	551.3535	7.56	551.3538	7.565608	0.544	0.006	1.0	unique	assigned
C27H55N7O6	[M + H]+	(2R,3S,4R,5S)-N-[2-[[1,8-diamino-8-[2-(butan-2-ylamino)ethylimino]octylidene]amino]ethyl]-2,3,4,5-tetrahydroxy-N'-(2-methylbutan-2-yl)hexanediamide	CCC(C)NCCN=C(CCCCCCC(=NCCNC(=O)C(C(C(C(C(=O)NC(C)(C)CC)O)O)O)O)N)N		Amino acids and Peptides	Cyclic peptides	Carboxylic acids and derivatives	4204.0	9344	EB-MSV000090464-gnps_ms2	transferred	1	574.4366	7.56	574.4352	7.562826	-2.437	0.003	0.9998	unique	assigned
C29H52O8	[M + H]+	20-(4-Nonylphenoxy)-3,6,9,12,15,18-hexaoxaicosan-1-ol	CCCCCCCCCC1=CC=C(C=C1)OCCOCCOCCOCCOCCOCCOCCO	0.401	Terpenoids	Dibenzylbutane lignans	Organooxygen compounds	4743.0	9345	EB-MSV000090464-gnps_ms2	transferred	1	529.3725	7.56	529.3723	7.563009	-0.378	0.003	1.0	unique	assigned
C4H4N2O3S	[M + Na]+	4-Methoxy-1,2,5-thiadiazole-3-carboxylic acid	COC1=NSN=C1C(=O)O	0.035	Alkaloids	Imidazole alkaloids	Azacyclic compounds		9346	EB-MSV000090464-gnps_ms2	transferred	0	182.9856	7.57							no_match
C25H47B6N3O7Si	[M + H]+	9-[1-(1,5-dimethylpiperidin-2-yl)ethyl]-10,11b-dimethyl-3-{[3,4,5-trihydroxy-6-(hydroxymethyl)oxan-2-yl]oxy}-1H,2H,3H,4H,4aH,5H,6H,6aH,6bH,7H,8H,9H,11H,11aH,11bH-cyclohexa[a]fluoren-5-one	CC1CCC(N(C1)C)C(C)C2CCC3C4CC(=O)C5CC(CCC5(C4CC3=C2C)C)OC6C(C(C(C(O6)CO)O)O)O	0.075	Amino acids and Peptides	Open-chain polyketides	Carboxylic acids and derivatives	4758.0	9347	EB-MSV000090464-gnps_ms2	transferred	3	590.4007	7.57	590.4008	7.567934	0.169	-0.002	0.9648	ms2_tie	assigned
C27H48O7	[M + Na]+							2181.0	9348	EB-MSV000090464-gnps_ms2	transferred	1	507.3282	7.57	507.3282	7.576933	0.0	0.007	1.0	unique	assigned
C28H47N5O3	[M + H]+	2-[4-[[1-[[4-[3-(dimethylamino)propoxy]phenyl]methyl]piperidin-4-yl]methoxyamino]piperidin-1-yl]-N-prop-2-enylacetamide	CN(C)CCCOC1=CC=C(C=C1)CN2CCC(CC2)CONC3CCN(CC3)CC(=O)NCC=C	0.01	Alkaloids	Isoquinoline alkaloids	Phenol ethers	568.0	9350	EB-MSV000090464-gnps_ms2	transferred	1	502.3738	7.57	502.374	7.572638	0.398	0.003	1.0	unique	assigned
C31H57NO10	[M + H]+	(3-Decoxy-2-dodecoxypropyl) 2-(trimethylazaniumyl)ethyl phosphate	CCCCCCCCCCCCOC(COCCCCCCCCCC)COP(=O)(O)OCC[N+](C)(C)C	0.858	Fatty acids	Prenyl quinone meroterpenoids	Organooxygen compounds	5585.0	9351	EB-MSV000090464-gnps_ms2	transferred	1	604.4083	7.57	604.408	7.568023	-0.496	-0.002	1.0	unique	assigned
C29H55NO7	[M + H]+	4-(2-Decanoyloxy-3-nonanoyloxypropoxy)-2-(trimethylazaniumyl)butanoate	CCCCCCCCCC(=O)OC(COCCC(C(=O)O)[N+](C)(C)C)COC(=O)CCCCCCCC	0.004	Alkaloids	Isoquinoline alkaloids	Phenol ethers	4998.0	9352	EB-MSV000090464-gnps_ms2	transferred	2	530.409	7.58	530.4089	7.571007	-0.189	-0.009	0.9999	unique	assigned
C27H48O7	[M + H]+	2-[2-[2-[2-[2-[2-(4-Nonylphenoxy)ethoxy]ethoxy]ethoxy]ethoxy]ethoxy]ethanol	CCCCCCCCCC1=CC=C(C=C1)OCCOCCOCCOCCOCCOCCO	0.457	Terpenoids	Dibenzylbutane lignans	Organooxygen compounds	4478.0	9353	EB-MSV000090464-gnps_ms2	transferred	1	485.3472	7.58	485.3474	7.575787	0.412	-0.004	0.9998	unique	assigned
C29H53NO9	[M + H]+	[5-[2-[2-[2-(3-Methoxyphenyl)ethyl]phenoxy]ethyl]-1-methylpyrrolidin-3-yl] dodecanoate	CCCCCCCCCCCC(=O)OC1CC(N(C1)C)CCOC2=CC=CC=C2CCC3=CC(=CC=C3)OC	0.24	Alkaloids	Isoquinoline alkaloids	Phenol ethers	3938.0	9354	EB-MSV000090464-gnps_ms2	transferred	1	560.3777	7.58	560.3777	7.575507	0.0	-0.004	1.0	unique	assigned
C27H51NO6	[M + H]+	Car(DC20:0)	C[N+](C)(C)CC(CC(=O)O)OC(=O)CCCCCCCCCCCCCCCCCCC(=O)O	0.049	Fatty acids	Open-chain polyketides	Carboxylic acids and derivatives		9355	EB-MSV000090464-gnps_ms2	transferred	5	486.3788	7.58							low_cosine
C25H47NO6	[M + H]+	O-(17-carboxyheptadecanoyl)carnitine	C[N+](C)(C)CC(CC(=O)O)OC(=O)CCCCCCCCCCCCCCCCC(=O)O	0.031	Alkaloids	Phenylethylamines	Organooxygen compounds	1232.0	9356	EB-MSV000090464-gnps_ms2	transferred	5	458.3471	7.59	458.3459	7.590875	-2.618	0.001	1.0	ms2_tie	assigned
C27H42O6	[M + H]+	3,14,22,25-Tetrahydroxycholest-7-ene-2,6-dione	CC(C1CCC2(C1(CCC3C2=CC(=O)C4C3(CC(=O)C(C4)O)C)C)O)C(CCC(C)(C)O)O	0.057	Terpenoids	Open-chain polyketides		3524.0	9358	EB-MSV000090464-gnps_ms2	transferred	1	463.3044	7.59	463.3047	7.591244	0.648	0.001	1.0	unique	assigned
C30H55NO6	[M + H]+	N-Docosyl-D-gluconamide	CCCCCCCCCCCCCCCCCCCCCCNC(=O)C(C(C(C(CO)O)O)O)O	0.057	Fatty acids	Cholane steroids	Steroids and steroid derivatives	5235.0	9359	EB-MSV000090464-gnps_ms2	transferred	2	526.4103	7.59	526.4104	7.535062	0.19	-0.055	0.9953	ms2_tie	assigned
C23H43NO5	[M + H]+	(R)-3-oxopalmitoylcarnitine	CCCCCCCCCCCCCC(=O)CC(=O)OC(CC(=O)O)C[N+](C)(C)C	0.128	Fatty acids	Open-chain polyketides	Fatty Acyls	2204.0	9360	EB-MSV000090464-gnps_ms2	transferred	2	414.3213	7.6	414.3199	7.598012	-3.379	-0.002	1.0	unique	assigned
C27H49NO8	[M + H]+	N-methyl-3-[2-(methylaminomethyl)-4,5,6-tris[3-(methylamino)propoxy]oxan-3-yl]oxypropan-1-amine	CNCCCOC1C(OC(C(C1OCCCNC)OCCCNC)OCCCNC)CNC	0.122	Amino acids and Peptides	Aminoglycosides	Fatty Acyls	5358.0	9361	EB-MSV000090464-gnps_ms2	transferred	1	516.3552	7.58	516.3553	7.590437	0.194	0.01	0.9999	unique	assigned
C18H34O2	[M + H]+	octadec-10-enoic acid	CCCCCCCC=CCCCCCCCCC(=O)O	0.596	Fatty acids	Unsaturated fatty acids	Fatty Acyls	3817.0	9362	EB-MSV000090464-gnps_ms2	transferred	1	283.2642	7.6	283.2641	7.576638	-0.353	-0.023	0.9997	unique	assigned
C25H44O6	[M + H]+	2-[2-[2-(2-Pentadecoxyethoxy)ethoxy]ethoxy]acetic acid	CCCCCCCCCCCCCCCOCCOCCOCCOCC(=O)O	0.311	Fatty acids	Wax diesters	Organooxygen compounds	6643.0	9364	EB-MSV000090464-gnps_ms2	transferred	1	441.3198	7.59	441.3201	7.585511	0.68	-0.004	0.9997	unique	assigned
C34H57N3O3	[M + H]+	Didodecyl 1,4-dihydro-2,6-dimethylpyridine-3,5-dicarboxylate	CCCCCCCCCCCCOC(=O)C1=C(NC(=C(C1)C(=O)OCCCCCCCCCCCC)C)C	0.108	Fatty acids	Pyridine alkaloids	Organooxygen compounds	2706.0	9365	EB-MSV000090464-gnps_ms2	transferred	1	556.4415	7.6	556.4415	7.603998	0.0	0.004	1.0	unique	assigned
C25H45NO7	[M + H]+	(10E,15Z)-9,12,13-Trihydroxyoctadeca-10,15-dienoylcarnitine	CCC=CCC(C(C=CC(CCCCCCCC(=O)OC(CC(=O)O)C[N+](C)(C)C)O)O)O	0.07	Fatty acids	Open-chain polyketides	Carboxylic acids and derivatives	7942.0	9366	EB-MSV000090464-gnps_ms2	transferred	1	472.3251	7.61	472.3247	7.603078	-0.847	-0.007	0.9999	unique	assigned
C25H47NO5	[M + H]+	Diethyl 2-(hexadecanoylamino)pentanedioate	CCCCCCCCCCCCCCCC(=O)NC(CCC(=O)OCC)C(=O)OCC	0.039	Alkaloids	Phenylethylamines	Benzene and substituted derivatives	3080.0	9368	EB-MSV000090464-gnps_ms2	transferred	1	442.3543	7.6	442.3544	7.597482	0.226	-0.003	1.0	unique	assigned
C23H43NO4	[M + H]+	Tert-butyl 3-(2-oxohexadecanoylamino)propanoate	CCCCCCCCCCCCCCC(=O)C(=O)NCCC(=O)OC(C)(C)C	0.057	Fatty acids	Sphingoid bases	Fatty Acyls	3698.0	9370	EB-MSV000090464-gnps_ms2	transferred	1	398.3268	7.61	398.3286	7.603878	4.519	-0.006	0.9999	unique	assigned
C27H53NO6	[M + H]+	(3-Hexadecoxy-2-hydroxypropyl) 3-acetyloxy-4-(dimethylamino)butanoate	CCCCCCCCCCCCCCCCOCC(COC(=O)CC(CN(C)C)OC(=O)C)O	0.246	Fatty acids	Sphingoid bases	Carboxylic acids and derivatives	1711.0	9372	EB-MSV000090464-gnps_ms2	transferred	2	488.3941	7.61	488.3939	7.614852	-0.41	0.005	1.0	unique	assigned
C21H34N6O3	[M + H]+	(2S)-2-[[(2S)-2-amino-2-[(6R)-2-amino-1,4,5,6-tetrahydropyrimidin-6-yl]acetyl]amino]-N-[(2S)-1-hydroxy-3-phenylpropan-2-yl]-4-methylpentanamide	CC(C)CC(C(=O)NC(CC1=CC=CC=C1)CO)NC(=O)C(C2CCN=C(N2)N)N	0.049	Amino acids and Peptides	Purine nucleosides	Phenol ethers	2845.0	9373	EB-MSV000090464-gnps_ms2	transferred	2	419.2769	7.6	419.2753	7.596843	-3.816	-0.003	1.0	unique	assigned
C29H57N5O4	[M + H]+	(S)-2-((S)-N,3-dimethyl-2-((S)-3-methyl-2-(methylamino)butanamido)butanamido)-N-((S)-1-(hexylamino)-3-methyl-1-oxobutan-2-yl)-N,3-dimethylbutanamide	CCCCCCNC(=O)C(C(C)C)N(C)C(=O)C(C(C)C)N(C)C(=O)C(C(C)C)NC(=O)C(C(C)C)NC	0.013	Alkaloids	Purine alkaloids		9993.0	9375	EB-MSV000090464-gnps_ms2	transferred	2	540.4495	7.61	540.4497	7.623478	0.37	0.013	1.0	ms2_tie	assigned
C2H5ClN3OS	[M + H]+								9376	EB-MSV000090464-gnps_ms2	transferred	0	154.9903	7.62							no_match
C27H53N5O4	[M + H]+	2-[2-[4-[2-[4-[[5-(4-Methoxycyclohexyl)-1,3-diazinan-2-yl]amino]cyclohexyl]oxyethyl]piperazin-1-yl]ethoxy]ethanol	COC1CCC(CC1)C2CNC(NC2)NC3CCC(CC3)OCCN4CCN(CC4)CCOCCO	0.173	Alkaloids	Purine alkaloids	Organooxygen compounds	1146.0	9377	EB-MSV000090464-gnps_ms2	transferred	1	512.4165	7.62	512.4169	7.614264	0.781	-0.006	1.0	unique	assigned
C21H39NO4	[M + H]+	N-[(Dodecyloxy)methyl]-2-hydroxy-N,N-bis(2-hydroxyethyl)ethanaminium	CCCCCCCCCCCCOC[N+](CCO)(CCO)CCO	0.173	Fatty acids	Sphingoid bases	Organooxygen compounds	4557.0	9379	EB-MSV000090464-gnps_ms2	transferred	2	370.2945	7.62	370.2947	7.601929	0.54	-0.018	1.0	unique	assigned
C19H30N6O2	[M + H]+	N-[2-(Carboxymethoxy)ethyl]-N-[2-(decanoylamino)ethyl]glycine	CCCCCCCCCC(=O)NCCN(CCOCC(=O)O)CC(=O)O	0.061	Fatty acids	Dipeptides	Carboxylic acids and derivatives	4288.0	9381	EB-MSV000090464-gnps_ms2	transferred	1	375.2502	7.61	375.2505	7.600487	0.799	-0.01	1.0	unique	assigned
C24H50O7	[M + Na]+							6095.0	9384	EB-MSV000090464-gnps_ms2	transferred	2	473.3445	7.63	473.3445	7.639273	0.0	0.009	1.0	unique	assigned
C22H53N7O5	[M + H]+	Disiquonium	CCCCCCCCCC[N+](C)(CCCCCCCCCC)CCC[Si](OC)(OC)OC	0.081	Fatty acids	Sphingoid bases	Organooxygen compounds	2356.0	9385	EB-MSV000090464-gnps_ms2	transferred	2	496.4206	7.63	496.4207	7.630078	0.201	0.0	0.9999	ms2_tie	assigned
C32H57NO7	[M + H]+	(2S,3R,4E)-2-(Hexylamino)-3-hydroxy-4-octadecen-1-yl beta-D-glucopyranoside	CCCCCCCCCCCCCC=CC(C(COC1C(C(C(C(O1)CO)O)O)O)NCCCCCC)O	0.037	Fatty acids	Neutral glycosphingolipids	Fatty Acyls	944.0	9386	EB-MSV000090464-gnps_ms2	transferred	2	568.421	7.62	568.4209	7.618393	-0.176	-0.002	0.9975	ms2_tie	assigned
C29H55NO6	[M + H]+	Car(DC22:0)	C[N+](C)(C)CC(CC(=O)O)OC(=O)CCCCCCCCCCCCCCCCCCCCC(=O)O	0.089	Fatty acids	Cholane steroids	Steroids and steroid derivatives	1675.0	9387	EB-MSV000090464-gnps_ms2	transferred	2	514.4095	7.63	514.4083	7.6304	-2.333	0.0	1.0	ms2_tie	assigned
C18H41B6NO4Si	[M + H]+	N'-[2-[bis[2-(2-aminoethylamino)ethoxy]-[2-(propylamino)ethoxy]methoxy]ethyl]ethane-1,2-diamine	CCCNCCOC(OCCNCCN)(OCCNCCN)OCCNCCN	0.682	Alkaloids	Purine nucleosides	Organonitrogen compounds	855.0	9389	EB-MSV000090464-gnps_ms2	transferred	1	424.3651	7.65	424.3655	7.651935	0.943	0.002	1.0	unique	assigned
C20H49N7O4	[M + H]+	N4-[2-[2-(2-aminoethoxy)ethoxy]ethyl]-5-hexyl-6-methyl-N2-octyl-pyrimidine-2,4-diamine	CCCCCCCCNC1=NC(=C(C(=N1)NCCOCCOCCN)CCCCCC)C	0.029	Alkaloids	N-acyl ethanolamines (endocannabinoids)	Triazines	1485.0	9391	EB-MSV000090464-gnps_ms2	transferred	2	452.3964	7.64	452.3968	7.647056	0.884	0.007	1.0	ms2_tie	assigned
C22H36O3	[M + H]+	(2E,19R)-19-hydroxyicos-2-enoic acid	CC(CCCCCCCCCCCCCCCC=CC(=O)O)O	0.139	Fatty acids	Fatty alcohols	Fatty Acyls	3269.0	9393	EB-MSV000090464-gnps_ms2	transferred	1	349.2734	7.64	349.2728	7.64269	-1.718	0.003	1.0	unique	assigned
C27H51N2O4	[M + H]+							741.0	9394	EB-MSV000090464-gnps_ms2	transferred	2	468.3915	7.64	468.3878	7.637022	-7.899	-0.003	1.0	unique	assigned
C22H46O6	[M + Na]+	rickiol a2	CC(CC1CC(CCCCCCCCCCCCC(CC(C=CC(=O)O1)O)O)O)O	0.053	Fatty acids	Wax monoesters	Fatty Acyls	2141.0	9395	EB-MSV000090464-gnps_ms2	transferred	2	429.3195	7.65	429.317	7.651423	-5.823	0.001	1.0	unique	assigned
C20H42O5	[M + H]+		CCCCCCCCCCCCOCCOCCOCCOCCO	0.562	Fatty acids	Fatty alcohols	Organooxygen compounds	3560.0	9398	EB-MSV000090464-gnps_ms2	transferred	2	363.3117	7.65	363.312	7.656014	0.826	0.006	1.0	unique	assigned
C22H40O5	[M + H]+		CC(=O)OCC(C(C)(CCC1C2(CCCC(C2CCC1(C)O)(C)C)C)O)O	0.071	Terpenoids	Labdane diterpenoids	Prenol lipids	2834.0	9399	EB-MSV000090464-gnps_ms2	transferred	2	385.2928	7.65	385.2928	7.666227	0.0	0.016	1.0	unique	assigned
C39H76NO8P	[M + Na]+		CCCCCCCCCCCCC=CCCCCCCCCCC(=O)OC(COC(=O)CCCCCCCCC)COP(=O)(O)OCCN	0.208	Fatty acids	Glycerophosphoethanolamines	Glycerophospholipids		9402	EB-MSV000090464-gnps_ms2	transferred	0	740.5273	7.67							no_match
C67H103N11O17	[M + H]+	N-[(2R)-1-[[(2R)-1-[[(2R)-1-[[(2R)-1-[[(2R)-1-[[(2R)-1-amino-5-(diaminomethylideneamino)-1-oxopentan-2-yl]amino]-5-(diaminomethylideneamino)-1-oxopentan-2-yl]amino]-5-(diaminomethylideneamino)-1-oxopentan-2-yl]amino]-5-(diaminomethylideneamino)-1-oxopentan-2-yl]amino]-5-(diaminomethylideneamino)-1-oxopentan-2-yl]amino]-5-(diaminomethylideneamino)-1-oxopentan-2-yl]-8-oxo-8-[4-(7H-purin-6-yl)piperazin-1-yl]octanamide	C1CN(CCN1C2=NC=NC3=C2NC=N3)C(=O)CCCCCCC(=O)NC(CCCN=C(N)N)C(=O)NC(CCCN=C(N)N)C(=O)NC(CCCN=C(N)N)C(=O)NC(CCCN=C(N)N)C(=O)NC(CCCN=C(N)N)C(=O)NC(CCCN=C(N)N)C(=O)N		Fatty acids	Neutral glycosphingolipids	Sphingolipids		9403	EB-MSV000090464-gnps_ms2	transferred	0	1334.7697	7.65							no_match
C16H37B6NO2Si	[M + H]+							1634.0	9404	EB-MSV000090464-gnps_ms2	transferred	3	364.342	7.67	364.3422	7.672075	0.549	0.002	1.0	ms2_winner	assigned
C25H47N2O2	[M + H]+							1016.0	9405	EB-MSV000090464-gnps_ms2	transferred	2	408.3694	7.67	408.3698	7.662828	0.98	-0.007	1.0	ms2_tie	assigned
C18H43N4O4	[M + H]+	3-amino-N-octadecyl-1,2,4-triazole-1-carboxamide	CCCCCCCCCCCCCCCCCCNC(=O)N1C=NC(=N1)N	0.328	Alkaloids	Imidazole alkaloids	Azoles	984.0	9406	EB-MSV000090464-gnps_ms2	transferred	1	380.3377	7.67	380.3379	7.666917	0.526	-0.003	1.0	unique	assigned
C4H4N2O3S	[M + Na]+	4-Methoxy-1,2,5-thiadiazole-3-carboxylic acid	COC1=NSN=C1C(=O)O	0.04	Alkaloids	Imidazole alkaloids	Heteroaromatic compounds		9407	EB-MSV000090464-gnps_ms2	transferred	0	182.9856	7.66							no_match
C34H69N11O6	[M + H]+	N-[(2S)-1-[[(2S)-1-[[(2S)-6-amino-1-[[(3S)-6-(diaminomethylideneamino)-2,2-dihydroxyhexan-3-yl]amino]-1-oxohexan-2-yl]amino]-3-methyl-1-oxobutan-2-yl]amino]-5-(diaminomethylideneamino)-1-oxopentan-2-yl]decanamide	CCCCCCCCCC(=O)NC(CCCN=C(N)N)C(=O)NC(C(C)C)C(=O)NC(CCCCN)C(=O)NC(CCCN=C(N)N)C(C)(O)O	0.05	Amino acids and Peptides	Tripeptides	Carboxylic acids and derivatives		9410	EB-MSV000090464-gnps_ms2	transferred	2	728.5471	7.68							low_cosine
C41H71N9O4	[M + H]+	Norbatzelladine A	CCCCCCCCC1CC2CCC3N2C(=NC(C3C(=O)OCCCCCCCCCC4C(=C5CCCN5C(=N4)N)C(=O)OCCCCN=C(N)N)C)N1	0.078	Amino acids and Peptides	Lipopeptides	Carboxylic acids and derivatives	5775.0	9411	EB-MSV000090464-gnps_ms2	transferred	4	754.5619	7.68	754.5619	7.680516	0.0	0.001	0.9999	ms2_winner	assigned
C41H79N3O9	[M + H]+	1-hexadecanoyl-2-(9Z,12Z-octadecadienoyl)-3-O-[(N,N,N-trimethyl) homoserine]-glycerol	CCCCCCCCCCCCCCCC(=O)OCC(COCCC(C(=O)O)[N+](C)(C)C)OC(=O)CCCCCCCC=CCC=CCCCCC	0.083	Fatty acids	Ceramides	Fatty Acyls	38004.0	9413	EB-MSV000090464-gnps_ms2	transferred	2	758.5926	7.7	758.5916	7.727378	-1.318	0.027	0.8417	ms2_winner	assigned
C44H73N7O5	[M + H]+	(2R)-N'-[(3S,5S)-1-[(2S)-3,3-dimethyl-2-[[(2S)-2-(methylamino)propanoyl]amino]butanoyl]-5-[[(2R)-3-methylbutan-2-yl]carbamoyl]pyrrolidin-3-yl]-N-[(2S)-3-methylbutan-2-yl]-2-[[(2R)-3-methyl-2-[[(2R)-2-(methylamino)propanoyl]amino]butanoyl]amino]pentanediamide	CC(C)C(C)NC(=O)C1CC(CN1C(=O)C(C(C)(C)C)NC(=O)C(C)NC)NC(=O)CCC(C(=O)NC(C)C(C)C)NC(=O)C(C(C)C)NC(=O)C(C)NC	0.069	Amino acids and Peptides	Linear peptides	Carboxylic acids and derivatives	10126.0	9414	EB-MSV000090464-gnps_ms2	transferred	3	780.5751	7.68	780.5746	7.680516	-0.641	0.001	0.9998	ms2_winner	assigned
C29H55NO6	[M + H]+	Car(DC22:0)	C[N+](C)(C)CC(CC(=O)O)OC(=O)CCCCCCCCCCCCCCCCCCCCC(=O)O	0.09	Fatty acids	Ceramides	Fatty Acyls	1675.0	9415	EB-MSV000090464-gnps_ms2	transferred	2	514.4095	7.68	514.4083	7.6304	-2.333	-0.05	0.9979	ms2_tie	assigned
C84H99N5O9	[M + H]+	2-{[2-({6-[(2-dodecanamido-3-hydroxyoctadec-4-en-1-yl)oxy]-4,5-dihydroxy-2-(hydroxymethyl)oxan-3-yl}oxy)-5-{[3-acetamido-4,5-dihydroxy-6-(hydroxymethyl)oxan-2-yl]oxy}-3-hydroxy-6-(hydroxymethyl)oxan-4-yl]oxy}-5-acetamido-4-hydroxy-6-(1,2,3-trihydroxypropyl)oxane-2-carboxylic acid	CCCCCCCCCCCCCC=CC(C(COC1C(C(C(C(O1)CO)OC2C(C(C(C(O2)CO)OC3C(C(C(C(O3)CO)O)O)NC(=O)C)OC4(CC(C(C(O4)C(C(CO)O)O)NC(=O)C)O)C(=O)O)O)O)O)NC(=O)CCCCCCCCCCC)O	0.91	Fatty acids	Neutral glycosphingolipids	Sphingolipids	720.0	9416	EB-MSV000090464-gnps_ms2	transferred	1	1322.7338	7.69	1322.733	7.696095	-0.605	0.006	1.0	unique	assigned
C62H98N16O17	[M + H]+	N-[3-(3-{[13-(dihydroxymethyl)-3,38-dihydroxy-32-[({1-[(2-hydroxypropyl)amino]propyl}amino)methyl]-18-methoxy-6-methyl-34-(3-{2-[3-(methylamino)propoxy]ethyl}phenyl)-24-oxo-16,37-dioxaheptacyclo[24.8.3.2²⁸,³¹.1¹⁷,²¹.0²,¹¹.0⁵,¹⁰.0⁹,¹⁴]tetraconta-2(11),3,5(10),7,9(14),12,17(40),18,20,30,38-undecaen-35-yn-29-yl]methyl}-4-hydroxybutyl)-2-pentylphenyl]-N'-methylguanidine	CCCCCC1=C(C=CC=C1NC(=NC)N)CCC(CC2C=C3C(CC(C4C#COC(CC2C=C3O)CC(=O)CCC5=CC(=C(C=C5)OC)OCC6=C(C=C7C4=C(C=C8C7=C6C=CC8C)O)C(O)O)C9=CC=CC(=C9)CCOCCCNC)CNC(CC)NCC(C)O)CO		Fatty acids	Neutral glycosphingolipids	Sphingolipids	2522.0	9417	EB-MSV000090464-gnps_ms2	transferred	2	1339.756	7.69	1339.7551	7.687463	-0.672	-0.003	0.9999	unique	assigned
C44H79NO7	[M + H]+	[3-Hexadecanoyloxy-2-[2-(2-methoxypropoxy)propanoylamino]propyl] hexadecanoate	CCCCCCCCCCCCCCCC(=O)OCC(COC(=O)CCCCCCCCCCCCCCC)NC(=O)C(C)OCC(C)OC	0.346	Fatty acids	Ceramides	Fatty Acyls		9419	EB-MSV000090464-gnps_ms2	transferred	0	734.5909	7.72							no_match
C42H79NO7	[M + H]+	2-[(2-Dodecanoyloxyacetyl)-(2-dodecanoyloxyethyl)amino]ethyl dodecanoate	CCCCCCCCCCCC(=O)OCCN(CCOC(=O)CCCCCCCCCCC)C(=O)COC(=O)CCCCCCCCCCC	0.028	Fatty acids	Ceramides	Fatty Acyls		9422	EB-MSV000090464-gnps_ms2	transferred	0	710.59	7.71							no_match
C44H81NO7	[M + H]+	1-hexadecanoyl-2-(9Z,12Z-octadecadienoyl)-3-O-[(N,N,N-trimethyl) homoserine]-glycerol	CCCCCCCCCCCCCCCC(=O)OCC(COCCC(C(=O)O)[N+](C)(C)C)OC(=O)CCCCCCCC=CCC=CCCCCC	0.112	Fatty acids	Neutral glycosphingolipids	Fatty Acyls		9423	EB-MSV000090464-gnps_ms2	transferred	0	736.606	7.72							no_match
C4H6Cl2NO	[M + H]+		CN(C)C(=O)[C](Cl)Cl		Fatty acids	Halogenated fatty acids	Carboxylic acids and derivatives		9426	EB-MSV000090464-gnps_ms2	transferred	0	154.9904	7.7							no_match
C29H55NO6	[M + Na]+	Car(DC22:0)	C[N+](C)(C)CC(CC(=O)O)OC(=O)CCCCCCCCCCCCCCCCCCCCC(=O)O	0.175	Fatty acids	Fatty acyl carnitines	Fatty Acyls	2513.0	9428	EB-MSV000090464-gnps_ms2	transferred	3	536.3902	7.72	536.3905	7.714781	0.559	-0.005	1.0	unique	assigned
C30H51NO6	[M + H]+	N-[[[1-[(4-cyano-1-propylpiperidin-4-yl)amino]-4,4-dimethyl-1-oxopentan-2-yl]amino]-morpholin-4-ylmethyl]morpholine-4-carboxamide	CCCN1CCC(CC1)(C#N)NC(=O)C(CC(C)(C)C)NC(NC(=O)N2CCOCC2)N3CCOCC3	0.209	Alkaloids	Purine alkaloids	Carboxylic acids and derivatives	875.0	9429	EB-MSV000090464-gnps_ms2	transferred	4	522.3782	7.71	522.3787	7.685106	0.957	-0.025	1.0	ms2_tie	assigned
C25H47NO6	[M + H]+	O-(17-carboxyheptadecanoyl)carnitine	C[N+](C)(C)CC(CC(=O)O)OC(=O)CCCCCCCCCCCCCCCCC(=O)O	0.025	Alkaloids	Open-chain polyketides		1232.0	9431	EB-MSV000090464-gnps_ms2	transferred	5	458.3469	7.69	458.3459	7.590875	-2.182	-0.099	0.9752	ms2_tie	assigned
C34H55NO7	[M + H]+	9-[1-(1,5-dimethylpiperidin-2-yl)ethyl]-10,11b-dimethyl-3-{[3,4,5-trihydroxy-6-(hydroxymethyl)oxan-2-yl]oxy}-1H,2H,3H,4H,4aH,5H,6H,6aH,6bH,7H,8H,9H,11H,11aH,11bH-cyclohexa[a]fluoren-5-one	CC1CCC(N(C1)C)C(C)C2CCC3C4CC(=O)C5CC(CCC5(C4CC3=C2C)C)OC6C(C(C(C(O6)CO)O)O)O	0.065	Polyketides	Open-chain polyketides		3027.0	9432	EB-MSV000090464-gnps_ms2	transferred	3	590.4011	7.72	590.3992	7.722154	-3.218	0.002	1.0	ms2_tie	assigned
C67H97N15O14	[M + H]+	Arborcandin E	CCCCCCCCCCC(CCC1C(=O)NCC(=O)NCCC(=O)NC(C(=O)NC(C(=O)NC(C(=O)NC(C(=O)NC(C(=O)NC(C(=O)NC(C(=O)N1)C(C)O)C(C)O)CC(C(=O)N)O)C)CC(=O)N)CC(=O)N)CCCCCCCC(CCCCCC)O)O	0.342	Fatty acids	Neutral glycosphingolipids	Sphingolipids	4547.0	9433	EB-MSV000090464-gnps_ms2	transferred	3	1336.7596	7.72	1336.7592	7.708087	-0.299	-0.012	0.9999	ms2_tie	assigned
C43H73F2N7O2	[M + H]+								9434	EB-MSV000090464-gnps_ms2	transferred	2	758.5887	7.73							low_cosine
C40H77NO7	[M + Na]+	[3-Hexadecanoyloxy-2-[[2-(2-methoxyethoxy)acetyl]amino]propyl] hexadecanoate	CCCCCCCCCCCCCCCC(=O)OCC(COC(=O)CCCCCCCCCCCCCCC)NC(=O)COCCOC	0.345	Fatty acids	N-acyl amines	Fatty Acyls		9436	EB-MSV000090464-gnps_ms2	transferred	0	706.5646	7.74							no_match
C20H36O4	[M + H]+	Bis(2-ethylhexyl) 2-butenedioate	CCCCC(CC)COC(=O)C=CC(=O)OCC(CC)CCCC	0.073	Fatty acids	Fatty alcohols	Fatty Acyls	5236.0	9438	EB-MSV000090464-gnps_ms2	transferred	3	341.2659	7.73	341.2657	7.74976	-0.586	0.02	1.0	ms2_tie	assigned
C20H42O5	[M + H]+		CCCCCCCCCCCCOCCOCCOCCOCCO	0.583	Fatty acids	Fatty alcohols	Organooxygen compounds	3560.0	9439	EB-MSV000090464-gnps_ms2	transferred	2	363.3119	7.73	363.312	7.656014	0.275	-0.074	0.9512	unique	assigned
C67H97N15O14	[M + H]+	Arborcandin E	CCCCCCCCCCC(CCC1C(=O)NCC(=O)NCCC(=O)NC(C(=O)NC(C(=O)NC(C(=O)NC(C(=O)NC(C(=O)NC(C(=O)NC(C(=O)N1)C(C)O)C(C)O)CC(C(=O)N)O)C)CC(=O)N)CC(=O)N)CCCCCCCC(CCCCCC)O)O	0.269	Fatty acids	Lipopeptides	Sphingolipids	9054.0	9440	EB-MSV000090464-gnps_ms2	transferred	3	1336.752	7.72	1336.7596	7.741928	5.685	0.022	1.0	ms2_tie	assigned
C2H5ClN3OS	[M + H]+		CN(C)C(=O)[C](Cl)Cl		Fatty acids	Halogenated fatty acids	Carboxylic acids and derivatives		9442	EB-MSV000090464-gnps_ms2	transferred	0	154.9904	7.74							no_match
C6H7ClNO	[M + K]+	4-Methoxy-1,2,5-thiadiazole-3-carboxylic acid	COC1=NSN=C1C(=O)O	0.035	Alkaloids	Imidazole alkaloids	Azacyclic compounds		9443	EB-MSV000090464-gnps_ms2	transferred	0	182.9857	7.73							no_match
C43H77NO7	[M + H]+	[(5E)-5-[3-[5-(dioctylamino)pyrazin-2-yl]-2-hydroxy-4-oxocyclobut-2-en-1-ylidene]-4-methyl-1,3-oxazol-2-ylidene]-dioctylazanium	CCCCCCCCN(CCCCCCCC)C1=NC=C(N=C1)C2=C(C(=C3C(=NC(=[N+](CCCCCCCC)CCCCCCCC)O3)C)C2=O)O	0.195	Alkaloids	Steroidal alkaloids	Steroids and steroid derivatives		9444	EB-MSV000090464-gnps_ms2	transferred	0	720.575	7.79							no_match
C42H79NO7	[M + Na]+	2-[(2-Dodecanoyloxyacetyl)-(2-dodecanoyloxyethyl)amino]ethyl dodecanoate	CCCCCCCCCCCC(=O)OCCN(CCOC(=O)CCCCCCCCCCC)C(=O)COC(=O)CCCCCCCCCCC	0.085	Fatty acids	Neutral glycosphingolipids	Fatty Acyls	23348.0	9445	EB-MSV000090464-gnps_ms2	transferred	2	732.5745	7.8	732.5732	8.093964	-1.775	0.294	0.9008	ms2_winner	assigned
C65H101N11O18	[M + H]+		CCCNCC1=CC2=CC(=C1)CCNCC3=CC(=CC=C3)C4=C(C=C(C=C4)O)C5=C6C(=O)OC(=CC(CCO)CC7=CC=CC=C7)C68CCC5C9C8C1=C(OC(=C1CC9)C(=O)CC1(CC3CC(C#CC(C(CNC2C3C1)(C)O)CC=O)C1(CCCC1)O)C1CCNC(C1)NC)O		Fatty acids	Neutral glycosphingolipids	Sphingolipids	2151.0	9449	EB-MSV000090464-gnps_ms2	transferred	2	1324.7445	7.78	1324.7427	7.779998	-1.359	-0.0	0.9999	unique	assigned
C28H41N	[M + H]+	dimethyl(1-{7,7,12,16-tetramethylpentacyclo[9.7.0.0¹,³.0³,⁸.0¹²,¹⁶]octadec-9-en-15-yl}ethyl)amine	CC(C1CCC2(C1(CCC34C2C=CC5C3(C4)CCCC5(C)C)C)C)N(C)C	0.119	Alkaloids	Steroidal alkaloids	Steroids and steroid derivatives	4100.0	9450	EB-MSV000090464-gnps_ms2	transferred	1	392.3313	7.78	392.3311	7.780564	-0.51	0.001	1.0	unique	assigned
C37H71NO6S	[M + H]+	{[3-hydroxy-2-(N-methyloctadecanamido)octadeca-4,8-dien-1-yl]oxy}sulfonic acid	CCCCCCCCCCCCCCCCCC(=O)N(C)C(COS(=O)(=O)O)C(C=CCCC=CCCCCCCCCC)O	0.024	Alkaloids	Tetracyclic diterpenoids	Carboxylic acids and derivatives	8705.0	9451	EB-MSV000090464-gnps_ms2	transferred	1	658.5115	7.79	658.5115	7.803539	0.0	0.014	0.9999	unique	assigned
C84H99N5O9	[M + H]+	2-{[2-({6-[(2-dodecanamido-3-hydroxyoctadec-4-en-1-yl)oxy]-4,5-dihydroxy-2-(hydroxymethyl)oxan-3-yl}oxy)-5-{[3-acetamido-4,5-dihydroxy-6-(hydroxymethyl)oxan-2-yl]oxy}-3-hydroxy-6-(hydroxymethyl)oxan-4-yl]oxy}-5-acetamido-4-hydroxy-6-(1,2,3-trihydroxypropyl)oxane-2-carboxylic acid	CCCCCCCCCCCCCC=CC(C(COC1C(C(C(C(O1)CO)OC2C(C(C(C(O2)CO)OC3C(C(C(C(O3)CO)O)O)NC(=O)C)OC4(CC(C(C(O4)C(C(CO)O)O)NC(=O)C)O)C(=O)O)O)O)O)NC(=O)CCCCCCCCCCC)O	0.973	Fatty acids	Neutral glycosphingolipids	Sphingolipids	720.0	9452	EB-MSV000090464-gnps_ms2	transferred	1	1322.7337	7.79	1322.733	7.696095	-0.529	-0.094	0.9734	unique	assigned
C30H57NO6	[M + H]+	1-[(N-Acetyl-L-alanyl)oxy]-2,3-propanediol 3-docosanoate	CCCCCCCCCCCCCCCCCCCCCC(=O)OCC(COC(=O)C(C)NC(=O)C)O	0.008	Fatty acids	Ceramides	Sphingolipids	10597.0	9453	EB-MSV000090464-gnps_ms2	transferred	3	528.4264	7.81	528.4265	7.803567	0.189	-0.006	0.9255	unique	assigned
C39H79N3O9	[M + H]+	1,2-dihexadecanoyl-sn-glycero-3-O-(N,N,N-trimethyl)-homoserine	CCCCCCCCCCCCCCCC(=O)OCC(COCCC(C(=O)O)[N+](C)(C)C)OC(=O)CCCCCCCCCCCCCCC	0.112	Fatty acids	Ceramides	Fatty Acyls		9454	EB-MSV000090464-gnps_ms2	transferred	0	734.591	7.82							no_match
C36H65NO5	[M + Na]+		CCCCCCCCCCCC=CC(C(CO)NC(=O)CCCC(C(CC=CCC=CCC=CCCCCC)O)O)O	0.013	Alkaloids	Pyridine alkaloids		4659.0	9455	EB-MSV000090464-gnps_ms2	transferred	1	614.4827	7.83	614.483	7.839241	0.488	0.009	1.0	unique	assigned
C18H33NO	[M + H]+	Linoleamide	CCCCCC=CCC=CCCCCCCCC(=O)N	0.976	Fatty acids	Primary amides	Fatty Acyls	3830.0	9456	EB-MSV000090464-gnps_ms2	transferred	2	280.2635	7.82	280.2632	7.821757	-1.07	0.002	0.9999	unique	assigned
C28H55NO6	[M + H]+	[2-Acetyloxy-4-(3-hexadecoxy-2-hydroxypropoxy)-4-oxobutyl]-trimethylazanium	CCCCCCCCCCCCCCCCOCC(COC(=O)CC(C[N+](C)(C)C)OC(=O)C)O	0.485	Fatty acids	Fatty acyl carnitines	Fatty Acyls	1243.0	9457	EB-MSV000090464-gnps_ms2	transferred	3	502.4112	7.82	502.4113	7.817723	0.199	-0.002	1.0	unique	assigned
C25H59N7O7	[M + H]+	6-[6-hydroxy-4-methyl-5-(methylamino)hexyl]-23-methyl-11-[(methylamino)methyl]-10-azaheptacyclo[19.3.1.0²,¹⁶.0⁴,⁸.0⁴,¹⁶.0⁹,¹⁴.0¹⁸,²³]pentacos-19-ene-1,17-diol	CC(CCCC1CC2C3C(CCC(N3)CNC)CC45C2(C1)CC4C6(CC7CC(C6)(C(C5O)C=C7)C)O)C(CO)NC	0.043	Alkaloids	Terpenoid alkaloids	Organonitrogen compounds	2709.0	9460	EB-MSV000090464-gnps_ms2	transferred	1	570.4574	7.85	570.4573	7.846632	-0.175	-0.003	0.9999	unique	assigned
C2H5ClN3OS	[M + H]+	2-Chloroethyl 2-fluoro-2-oxoacetate	C(CCl)OC(=O)C(=O)F	0.116	Fatty acids	Halogenated fatty acids	Fatty Acyls		9461	EB-MSV000090464-gnps_ms2	transferred	0	154.9904	7.85							no_match
C23H55N7O5	[M + H]+	4-(2-azaniumylethyl)-3-({2-phenylspiro[4.4]nonan-2-yl}methyl)hexadec-9-enoate	CCCCCCC=CCCCCC(CCN)C(CC(=O)O)CC1(CCC2(C1)CCCC2)C3=CC=CC=C3	0.027	Terpenoids	Isoquinoline alkaloids	Organooxygen compounds	4373.0	9462	EB-MSV000090464-gnps_ms2	transferred	1	510.4369	7.87	510.437	7.882705	0.196	0.013	1.0	unique	assigned
C41H74NO8P	[M + H]+	1,2-Bis-[(9Z,11Z)-Octadecadienoyl]-Sn-Glycero-3-Phosphoethanolamine	CCCCCCC=CC=CCCCCCCCC(=O)OCC(COP(=O)(O)OCCN)OC(=O)CCCCCCCC=CC=CCCCCCC	0.703	Fatty acids	Glycerophosphoethanolamines	Glycerophospholipids	37974.0	9463	EB-MSV000090464-gnps_ms2	transferred	1	740.5276	7.88	740.5291	8.300044	2.026	0.42	0.8179	unique	assigned
C22H55N9O5	[M + H]+							1656.0	9464	EB-MSV000090464-gnps_ms2	transferred	1	526.433	7.87	526.4333	7.886418	0.57	0.016	1.0	unique	assigned
C2H5ClN3OS	[M + H]+								9465	EB-MSV000090464-gnps_ms2	transferred	0	154.9903	7.88							no_match
C37H63N7O8	[M + H]+	(2-aminoethoxy)[3-(octadeca-6,9,12,15-tetraenoyloxy)-2-(octadeca-6,9,12-trienoyloxy)propoxy]phosphinic acid	CCCCCC=CCC=CCC=CCCCCC(=O)OC(COC(=O)CCCCC=CCC=CCC=CCC=CCC)COP(=O)(O)OCCN	0.107	Fatty acids	Glycerophosphoethanolamines	Glycerophospholipids	5278.0	9466	EB-MSV000090464-gnps_ms2	transferred	2	734.4777	7.88	734.4775	7.875309	-0.272	-0.005	0.9999	ms2_winner	assigned
C21H44O5	[M + H]+	3,6,9,12-Tetraoxapentacosan-1-ol	CCCCCCCCCCCCCOCCOCCOCCOCCO	0.594	Fatty acids	Fatty alcohols	Organooxygen compounds	2341.0	9467	EB-MSV000090464-gnps_ms2	transferred	1	377.3273	7.89	377.327	7.914486	-0.795	0.024	1.0	unique	assigned
C26H51N5O2	[M + H]+	N-(5-carbamimidamidopentyl)-N-[3-(3-methylbut-2-enamido)propyl]dodecanamide	CCCCCCCCCCCC(=O)N(CCCCCN=C(N)N)CCCNC(=O)C=C(C)C	0.041	Alkaloids	Purine alkaloids	Organonitrogen compounds	1193.0	9470	EB-MSV000090464-gnps_ms2	transferred	1	466.412	7.9	466.4083	7.904708	-7.933	0.005	1.0	unique	assigned
C26H55N2O4	[M + Na]+	(3-(Trimethoxysilyl)propyl)octadecyldimethylammonium	CCCCCCCCCCCCCCCCCC[N+](C)(C)CCC[Si](OC)(OC)OC	0.026	Fatty acids	Sphingoid bases	Organooxygen compounds	1223.0	9471	EB-MSV000090464-gnps_ms2	transferred	1	482.4046	7.89	482.4047	7.898234	0.207	0.008	0.9981	unique	assigned
C21H44O5	[M + Na]+	3,6,9,12-Tetraoxapentacosan-1-ol	CCCCCCCCCCCCCOCCOCCOCCOCCO	0.043	Fatty acids	Fatty alcohols	Fatty Acyls	1717.0	9473	EB-MSV000090464-gnps_ms2	transferred	1	399.3072	7.91	399.3071	7.916181	-0.25	0.006	1.0	unique	assigned
C62H101N11O19	[M + Na]+	4-(acetyloxy)-12,25,32-trihydroxy-16-[1-(hydroxymethyl)cyclopentyl]-33-[({2-[(4-hydroxyphenyl)methyl]-5-(piperazin-1-yl)-1,2,4a,5,8,8a-hexahydronaphthalen-2-yl}methyl)amino]-25-methyl-14-oxa-27,28-dithiaspiro[hexacyclo[27.2.2.1⁹,¹³.0³,²³.0⁸,¹⁹.0¹⁷,³⁴]tetratriacontane-7,4'-piperidine]-9,11,13(34),30-tetraen-20-yn-6-yl 2-oxo-decahydroquinoline-8a-carboxylate	CC(=O)OC1CC(C2(CCNCC2)C3C(CC4C(COC5=C(C=CC3=C45)O)C6(CCCC6)CO)C#CCC7C1CC8C=CC(C(C8O)NCC9(CC1CC=CC(C1C=C9)N1CCNCC1)CC1=CC=C(C=C1)O)SSCC(C7)(C)O)OC(=O)C12CCCCC1CCC(=O)N2		Amino acids and Peptides	Lipopeptides	Peptidomimetics	5442.0	9475	EB-MSV000090464-gnps_ms2	transferred	1	1326.7099	7.9	1326.7087	7.900445	-0.904	0.0	1.0	unique	assigned
C25H46O6	[M + H]+							1545.0	9476	EB-MSV000090464-gnps_ms2	transferred	1	443.3357	7.9	443.3356	7.903389	-0.226	0.003	1.0	unique	assigned
C65H112N2O25	[M + H]+		CCCCC(C(CCCCCCCC(=O)CCCCCCCCCCCCCC(=O)NCCCCCN(C)C)O)OC1C(C(C(CO1)O)OC2C(C(C(CO2)OC3C(C(C(CO3)OC(=O)C)OC(=O)C)OC(=O)C)O)O)OC4C(C(C(CO4)OC(=O)C)OC(=O)C)O		Fatty acids	Neutral glycosphingolipids	Sphingolipids	5390.0	9477	EB-MSV000090464-gnps_ms2	transferred	2	1321.7532	7.9	1321.752	7.9034	-0.908	0.003	1.0	unique	assigned
C66H97N9O18	[M + H]+	3-cyclohexyl-2-({2-[(5-{[2-(2,5,8,11,14,17,20,23,26,29,32,35-dodecaoxaoctatriacontan-38-amido)ethyl]carbamoyl}-3-ethyl-2-[(3,4,5-trihydroxy-6-methyloxan-2-yl)oxy]cyclohexyl)oxy]-3-acetamido-5-hydroxy-6-(hydroxymethyl)oxan-4-yl}oxy)propanoic acid	CCC1CC(CC(C1OC2C(C(C(C(O2)C)O)O)O)OC3C(C(C(C(O3)CO)O)OC(CC4CCCCC4)C(=O)O)NC(=O)C)C(=O)NCCNC(=O)CCOCCOCCOCCOCCOCCOCCOCCOCCOCCOCCOCCOC	0.559	Fatty acids	Neutral glycosphingolipids	Sphingolipids	955.0	9478	EB-MSV000090464-gnps_ms2	transferred	1	1304.715	7.9	1304.7148	7.901133	-0.153	0.001	0.9999	unique	assigned
C19H43B6NO4Si	[M + H]+	4-[2-(3-decyl-2-oxoimidazolidin-1-yl)ethyl]-N,N-diethylpiperazine-1-carboxamide	CCCCCCCCCCN1CCN(C1=O)CCN2CCN(CC2)C(=O)N(CC)CC	0.073	Alkaloids	Purine alkaloids	Azoles	740.0	9480	EB-MSV000090464-gnps_ms2	transferred	2	438.3798	7.9	438.3798	7.901995	0.0	0.002	0.9999	unique	assigned
C15H26O16	[M + Na]+	(3R,6S)-3-[[(2R,5R)-5-[[(2R,5S)-5,6-dihydroxy-3-(hydroxymethyl)-1,4-dioxan-2-yl]oxy]-6-hydroxy-3-(hydroxymethyl)-1,4-dioxan-2-yl]oxy]-5-(hydroxymethyl)-1,4-dioxane-2,6-diol	C(C1C(OC(C(O1)OC2C(OC(C(O2)O)OC3C(OC(C(O3)O)O)CO)CO)O)O)O	0.457	Carbohydrates	Polysaccharides	Organooxygen compounds	8557.0	9481	EB-MSV000090464-gnps_ms2	transferred	1	485.114	7.92	485.1136	7.916848	-0.825	-0.003	1.0	unique	assigned
C19H40O4	[M + H]+	Triethylene glycol monotridecyl ether	CCCCCCCCCCCCCOCCOCCOCCO	0.546	Fatty acids	Fatty alcohols	Organooxygen compounds	6080.0	9482	EB-MSV000090464-gnps_ms2	transferred	1	333.3	7.91	333.3	7.929866	0.0	0.02	1.0	unique	assigned
C17H44N7O2	[M + H]+	1,3-Propanediamine, N-[3-(hexadecyloxy)propyl]-	CCCCCCCCCCCCCCCCOCCCNCCCN	0.032	Fatty acids	N-acyl amines	Fatty Acyls	4612.0	9483	EB-MSV000090464-gnps_ms2	transferred	1	379.3617	7.91	379.3618	7.922492	0.264	0.012	1.0	unique	assigned
C22H43N5O	[M + H]+	1-[3-(Butylamino)-2,2-bis(butylaminomethyl)propyl]-3-ethylurea	CCCCNCC(CNCCCC)(CNCCCC)CNC(=O)NCC	0.345	Alkaloids	Imidazole alkaloids	Azoles	686.0	9486	EB-MSV000090464-gnps_ms2	transferred	1	394.3542	7.92	394.3513	7.91255	-7.354	-0.007	1.0	unique	assigned
C26H49N2O2	[M + H]+	Tetradecanamide, N-[2-[[2-[[2-[(2-aminoethyl)amino]ethyl]amino]ethyl]amino]ethyl]-	CCCCCCCCCCCCCC(=O)NCCNCCNCCNCCN	0.041	Alkaloids	Tropane alkaloids	Azoles	734.0	9487	EB-MSV000090464-gnps_ms2	transferred	1	422.3846	7.92	422.3825	7.909511	-4.972	-0.01	0.9999	unique	assigned
C20H25FN2O7	[M + K]+	N-[[(5S)-3-[3-fluoro-4-[6-[(4-methyltriazol-1-yl)methyl]pyridin-3-yl]phenyl]-2-oxo-1,3-oxazolidin-5-yl]methyl]acetamide	CC1=CN(N=N1)CC2=NC=C(C=C2)C3=C(C=C(C=C3)N4CC(OC4=O)CNC(=O)C)F	0.183	Alkaloids	Cyclamides	Carboxylic acids and derivatives	5557.0	9489	EB-MSV000090464-gnps_ms2	transferred	1	463.1296	7.92	463.1293	7.917042	-0.648	-0.003	1.0	unique	assigned
C17H39B6NO2Si	[M + H]+							1165.0	9493	EB-MSV000090464-gnps_ms2	transferred	1	378.3579	7.93	378.3581	7.920107	0.529	-0.01	0.8104	unique	assigned
C21H38O4	[M + H]+	Triethylene glycol monotridecyl ether	CCCCCCCCCCCCCOCCOCCOCCO	0.165	Fatty acids	Fatty alcohols	Fatty Acyls	972.0	9494	EB-MSV000090464-gnps_ms2	transferred	3	355.2833	7.93	355.2836	7.925796	0.844	-0.004	1.0	unique	assigned
C17H41N4O3	[M + H]+	6-Heptadecyl-1,3,5-triazine-2,4-diamine	CCCCCCCCCCCCCCCCCC1=NC(=NC(=N1)N)N	0.196	Alkaloids	Tricyclic guanidine alkaloids	Heteroaromatic compounds	1513.0	9497	EB-MSV000090464-gnps_ms2	transferred	3	350.3276	7.93	350.3279	7.933927	0.856	0.004	0.9935	unique	assigned
C28H42O5	[M + Na]+	1,3,27-Trihydroxywitha-5,24-Dienolide; (1&#945;,3&#946;)-Form	CC1=C(C(=O)OC(C1)C(C)C2CCC3C2(CCC4C3CC=C5C4(C(CC(C5)O)O)C)C)CO	0.055	Terpenoids	Open-chain polyketides		3172.0	9498	EB-MSV000090464-gnps_ms2	transferred	2	481.291	7.93	481.2913	7.931377	0.623	0.001	1.0	unique	assigned
C41H81N3O6	[M + Na]+		CCCCCCCCCCCCCCCC(=O)OCC(COCCC(C(=O)[O-])[N+](C)(C)C)OC(=O)CCCC=CCCC=CCC=CCCCCC	0.142	Fatty acids	Triacylglycerols	Glycerolipids		9500	EB-MSV000090464-gnps_ms2	transferred	0	734.591	7.96							no_match
C21H24FNO4	[M + H]+	5-[2-(4-Fluorophenyl)-2-hydroxyethyl]-4-methoxy-6,6-dimethyl-5,6,7,8-tetrahydro[1,3]dioxolo[4,5-g]isoquinolin-6-ium	C[N+]1(CCC2=CC3=C(C(=C2C1CC(C4=CC=C(C=C4)F)O)OC)OCO3)C	0.06	Alkaloids	Isoquinoline alkaloids	Organooxygen compounds	4738.0	9503	EB-MSV000090464-gnps_ms2	transferred	1	374.177	7.94	374.1768	7.943282	-0.535	0.003	1.0	unique	assigned
C42H79NO7	[M + Na]+		CCCCCCCCCCCCCCCC(=O)OCC(COCCC(C(=O)[O-])[N+](C)(C)C)OC(=O)CCCC=CCCC=CCC=CCC=CCC	0.15	Fatty acids	Diacylglycerols	Fatty Acyls		9504	EB-MSV000090464-gnps_ms2	transferred	2	732.5745	7.96							low_cosine
C40H75NO7	[M + H]+	Succinimidyl-1,2-di-O-hexadecyl-rac-glyceryl carbonate	CCCCCCCCCCCCCCCCOCC(COC(=O)ON1C(=O)CCC1=O)OCCCCCCCCCCCCCCCC	0.051	Fatty acids	Neutral glycosphingolipids	Sphingolipids	31885.0	9506	EB-MSV000090464-gnps_ms2	transferred	1	682.5585	7.97	682.564	8.386108	8.058	0.416	0.9423	unique	assigned
C42H77NO7	[M + H]+	Bathymodiolamide B	CCCCCCCCCCCCCC(=O)OCC(C(C(CO)NC(=O)CCCCCCCCCCC)O)OC(=O)CCC=CCC=CCCC	0.093	Fatty acids	Fatty acyl carnitines	Fatty Acyls		9507	EB-MSV000090464-gnps_ms2	transferred	0	708.5755	7.97							no_match
C43H77NO7	[M + H]+	[2-[[2-(3-Methoxy-3-methylbutoxy)-2-methylpropanoyl]amino]-3-tetradecanoyloxypropyl] tetradecanoate	CCCCCCCCCCCCCC(=O)OCC(COC(=O)CCCCCCCCCCCCC)NC(=O)C(C)(C)OCCC(C)(C)OC	0.047	Fatty acids	Fatty acyl carnitines	Fatty Acyls		9509	EB-MSV000090464-gnps_ms2	transferred	0	720.5754	7.97							no_match
C37H75N9O7	[M + H]+	1-hexadecanoyl-2-(9Z,12Z-octadecadienoyl)-3-O-[(N,N,N-trimethyl) homoserine]-glycerol	CCCCCCCCCCCCCCCC(=O)OCC(COCCC(C(=O)O)[N+](C)(C)C)OC(=O)CCCCCCCC=CCC=CCCCCC	0.114	Fatty acids	Fatty acyl carnitines	Fatty Acyls	38004.0	9510	EB-MSV000090464-gnps_ms2	transferred	2	758.5899	7.97	758.5916	7.727378	2.241	-0.243	0.873	ms2_winner	assigned
C38H69N13O3	[M + H]+	4-[1-[[4-[(4-Carboxy-2,4-dimethylpentan-2-yl)-(2-carboxy-2-methylpropyl)amino]-2,4-dimethylpentan-2-yl]-(2-methyl-4-oxopentan-2-yl)amino]propan-2-yl-(2-carboxypropyl)amino]-2,2,4-trimethylpentanoic acid	CC(CN(C(C)CN(C(C)(C)CC(=O)C)C(C)(C)CC(C)(C)N(CC(C)(C)C(=O)O)C(C)(C)CC(C)(C)C(=O)O)C(C)(C)CC(C)(C)C(=O)O)C(=O)O	0.009	Amino acids and Peptides	Lipopeptides	Carboxylic acids and derivatives	29635.0	9511	EB-MSV000090464-gnps_ms2	transferred	4	756.5714	7.95	756.572	8.110214	0.793	0.16	0.8091	ms2_winner	assigned
C44H83NO7	[M + Na]+	4-[3-hexadecanoyloxy-2-[(5E,8E,11E,14E)-icosa-5,8,11,14-tetraenoyl]oxypropoxy]-2-(trimethylazaniumyl)butanoate	CCCCCCCCCCCCCCCC(=O)OCC(COCCC(C(=O)O)[N+](C)(C)C)OC(=O)CCCC=CCC=CCC=CCC=CCCCCC	0.078	Polyketides	Open-chain polyketides	Carboxylic acids and derivatives	17744.0	9512	EB-MSV000090464-gnps_ms2	transferred	4	760.6043	7.95	760.6044	7.953376	0.131	0.003	1.0	ms2_winner	assigned
C28H55NO6	[M + Na]+	2-cyclohexyl-7-methoxy-N-[1-(propan-2-yl)piperidin-4-yl]-8-[3-(pyrrolidin-1-yl)propoxy]-3H-1,4-benzodiazepin-5-amine	CC(C)N1CCC(CC1)NC2=NCC(=NC3=CC(=C(C=C32)OC)OCCCN4CCCC4)C5CCCCC5	0.057	Alkaloids	Pyrroloindole alkaloids	Carboxylic acids and derivatives	8261.0	9513	EB-MSV000090464-gnps_ms2	transferred	5	524.3941	7.95	524.3941	7.957236	0.0	0.007	0.9924	ms2_tie	assigned
C40H77NO7	[M + Na]+		CC(C)CCCCCCCCCCCC(=O)OCC(COCC(C[N+](C)(C)C)C(=O)[O-])OC(=O)CCCCCCCCCCCC(C)C	0.171	Fatty acids	Fatty acyl carnitines	Fatty Acyls		9514	EB-MSV000090464-gnps_ms2	transferred	0	706.5644	7.96							no_match
C28H55NO6	[M + H]+	[2-Acetyloxy-4-(3-hexadecoxy-2-hydroxypropoxy)-4-oxobutyl]-trimethylazanium	CCCCCCCCCCCCCCCCOCC(COC(=O)CC(C[N+](C)(C)C)OC(=O)C)O	0.369	Fatty acids	Fatty acyl carnitines	Fatty Acyls	1243.0	9517	EB-MSV000090464-gnps_ms2	transferred	3	502.4113	7.95	502.4113	7.817723	0.0	-0.132	0.9979	unique	assigned
C35H67B10NO7	[M + Na]+		CC(=CCCC(=CCCC(=CCCC(=CCCC(=CCCC(=CCCC(=CCCC(=CCCC(=CCOC(=O)C1=CN=CC=C1)C)C)C)C)C)C)C)C)C	0.04	Terpenoids	Lupane triterpenoids	Prenol lipids		9518	EB-MSV000090464-gnps_ms2	transferred	0	736.6061	7.98							no_match
C41H74NO8P	[M + H]+	1,2-Bis-[(9Z,11Z)-Octadecadienoyl]-Sn-Glycero-3-Phosphoethanolamine	CCCCCCC=CC=CCCCCCCCC(=O)OCC(COP(=O)(O)OCCN)OC(=O)CCCCCCCC=CC=CCCCCCC	0.705	Fatty acids	Glycerophosphoethanolamines	Glycerophospholipids	31725.0	9519	EB-MSV000090464-gnps_ms2	transferred	2	740.5274	7.97	740.5266	8.43642	-1.08	0.466	0.8286	ms2_tie	assigned
C6H7ClNO	[M + K]+	4-Methoxy-1,2,5-thiadiazole-3-carboxylic acid	COC1=NSN=C1C(=O)O	0.04	Alkaloids	Imidazole alkaloids	Heteroaromatic compounds		9520	EB-MSV000090464-gnps_ms2	transferred	0	182.9856	7.95							no_match
C41H76NO8P	[M + H]+	[3-[2-aminoethoxy(hydroxy)phosphoryl]oxy-2-[(9Z,12Z)-heptadeca-9,12-dienoyl]oxypropyl] (Z)-nonadec-9-enoate	CCCCCCCCCC=CCCCCCCCC(=O)OCC(COP(=O)(O)OCCN)OC(=O)CCCCCCCC=CCC=CCCCC	0.111	Fatty acids	Glycerophosphoethanolamines	Glycerophospholipids		9521	EB-MSV000090464-gnps_ms2	transferred	0	742.5382	7.96							no_match
C42H77NO7	[M + Na]+	Bathymodiolamide B	CCCCCCCCCCCCCC(=O)OCC(C(C(CO)NC(=O)CCCCCCCCCCC)O)OC(=O)CCC=CCC=CCCC	0.04	Polyketides	Steroidal alkaloids		1972.0	9523	EB-MSV000090464-gnps_ms2	transferred	4	730.5572	7.94	730.5561	8.10711	-1.506	0.167	0.8842	ms2_tie	assigned
C37H79N3O9S	[M + H]+	4-[3-[(9E,11E,13E,15E)-henicosa-9,11,13,15-tetraenoyl]oxy-2-[(7E,9E)-tetradeca-7,9-dienoyl]oxypropoxy]-2-(trimethylazaniumyl)butanoate	CCCCCC=CC=CC=CC=CCCCCCCCC(=O)OCC(COCCC(C(=O)O)[N+](C)(C)C)OC(=O)CCCCCC=CC=CCCCC	0.016	Fatty acids	Fatty acyl carnitines	Carboxylic acids and derivatives		9524	EB-MSV000090464-gnps_ms2	transferred	3	742.5581	7.96							low_cosine
C39H75N9O7	[M + H]+	palmitoyl-Ser-Gly-Arg-Val-Leu-NHMe	CCCCCCCCCCCCCCCC(=O)NC(CO)C(=O)NCC(=O)NC(CCCN=C(N)N)C(=O)NC(C(C)C)C(=O)NC(CC(C)C)C(=O)NC	0.027	Amino acids and Peptides	Linear peptides	Carboxylic acids and derivatives		9526	EB-MSV000090464-gnps_ms2	transferred	0	782.5864	7.94							no_match
C46H83NO7	[M + H]+	[(2S)-2-octadec-9-enoyloxy-3-[4-oxo-4-(propylamino)butanoyl]oxypropyl] octadec-9-enoate	CCCCCCCCC=CCCCCCCCC(=O)OCC(COC(=O)CCC(=O)NCCC)OC(=O)CCCCCCCC=CCCCCCCCC	0.02	Fatty acids	Ceramides	Fatty Acyls		9527	EB-MSV000090464-gnps_ms2	transferred	0	762.6268	7.98							no_match
C44H83NO7	[M + H]+	4-[3-hexadecanoyloxy-2-[(Z)-octadec-9-enoyl]oxypropoxy]-2-(trimethylazaniumyl)butanoate	CCCCCCCCCCCCCCCC(=O)OCC(COCCC(C(=O)O)[N+](C)(C)C)OC(=O)CCCCCCCC=CCCCCCCCC	0.089	Fatty acids	Neutral glycosphingolipids	Fatty Acyls		9529	EB-MSV000090464-gnps_ms2	transferred	0	738.6197	7.98							no_match
C75H113N15O18	[M + H]+	6-(2-{[2-carboxy-5-acetamido-4-hydroxy-6-(1,2,3-trihydroxypropyl)oxan-2-yl]oxy}-1,3-dihydroxypropyl)-2-{[2-({4,5-dihydroxy-6-[(3-hydroxy-2-octadecanamidooctadecyl)oxy]-2-(hydroxymethyl)oxan-3-yl}oxy)-3,5-dihydroxy-6-(hydroxymethyl)oxan-4-yl]oxy}-5-acetamido-4-hydroxyoxane-2-carboxylic acid	CCCCCCCCCCCCCCCCCC(=O)NC(COC1C(C(C(C(O1)CO)OC2C(C(C(C(O2)CO)O)OC3(CC(C(C(O3)C(C(CO)OC4(CC(C(C(O4)C(C(CO)O)O)NC(=O)C)O)C(=O)O)O)NC(=O)C)O)C(=O)O)O)O)O)C(CCCCCCCCCCCCCCC)O		Fatty acids	Neutral glycosphingolipids	Sphingolipids		9530	EB-MSV000090464-gnps_ms2	transferred	3	1512.8292	7.96							no_ms2_candidate
C42H79NO7	[M + H]+	2-[(2-Dodecanoyloxyacetyl)-(2-dodecanoyloxyethyl)amino]ethyl dodecanoate	CCCCCCCCCCCC(=O)OCCN(CCOC(=O)CCCCCCCCCCC)C(=O)COC(=O)CCCCCCCCCCC	0.111	Fatty acids	Fatty acyl carnitines	Fatty Acyls		9532	EB-MSV000090464-gnps_ms2	transferred	0	710.59	7.98							no_match
C29H60N10O6S	[M + H]+	3-({[(1-{[4-(N'-aminomethanimidamido)butyl]carbamoyl}-3-methylbutyl)carbamoyl]methyl}(sulfo)amino)-N-[5-(N'-aminomethanimidamido)pentyl]decanamide	CCCCCCCC(CC(=O)NCCCCCN=CNN)N(CC(=O)NC(CC(C)C)C(=O)NCCCCN=CNN)S(=O)(=O)O	0.086	Fatty acids	Leukotrienes	Carboxylic acids and derivatives		9534	EB-MSV000090464-gnps_ms2	transferred	3	677.4541	7.96							low_cosine
C40H77N5O8	[M + H]+	4-[2,3-bis[[(9Z,12Z,15Z)-octadeca-9,12,15-trienoyl]oxy]propoxy]-2-(trimethylazaniumyl)butanoate	CCC=CCC=CCC=CCCCCCCCC(=O)OCC(COCCC(C(=O)O)[N+](C)(C)C)OC(=O)CCCCCCCC=CCC=CCC=CCC	0.137	Fatty acids	Fatty acyl carnitines	Fatty Acyls		9536	EB-MSV000090464-gnps_ms2	transferred	1	756.581	7.98							low_cosine
C25H46N2O6	[M + H]+	(9E)-10-Nitrooctadec-9-enoylcarnitine	CCCCCCCCC(=CCCCCCCCC(=O)OC(CC(=O)O)C[N+](C)(C)C)[N+](=O)[O-]	0.037	Amino acids and Peptides	Open-chain polyketides	Carboxylic acids and derivatives	7823.0	9537	EB-MSV000090464-gnps_ms2	transferred	2	471.3432	7.97	471.3433	7.9691	0.212	-0.001	1.0	unique	assigned
C25H52N2O6	[M + Na]+	1-[3-[1-(2-Aminopiperidin-1-ium-4-yl)-3-hydroxypropyl]-4-hydroxy-5-methoxycyclohexyl]-3,5-dioxododecan-4-olate	CCCCCCCC(=O)C(C(=O)CCC1CC(C(C(C1)OC)O)C(CCO)C2CC[NH2+]C(C2)N)[O-]	0.03	Amino acids and Peptides	Aminoacids	Carboxylic acids and derivatives	5832.0	9538	EB-MSV000090464-gnps_ms2	transferred	1	499.3756	7.97	499.3755	7.965633	-0.2	-0.004	0.9999	unique	assigned
C2H5ClN3OS	[M + H]+	(Carbonofluoridoylamino)sulfanylcarbamic acid	C(=O)(NSNC(=O)F)O		Alkaloids	Halogenated fatty acids	Organic sulfonic acids and derivatives		9539	EB-MSV000090464-gnps_ms2	transferred	0	154.9903	7.97							no_match
C44H83NO7	[M + H]+	4-[3-hexadecanoyloxy-2-[(Z)-octadec-9-enoyl]oxypropoxy]-2-(trimethylazaniumyl)butanoate	CCCCCCCCCCCCCCCC(=O)OCC(COCCC(C(=O)O)[N+](C)(C)C)OC(=O)CCCCCCCC=CCCCCCCCC	0.086	Fatty acids	Ceramides	Fatty Acyls		9540	EB-MSV000090464-gnps_ms2	transferred	0	738.6234	8.01							no_match
C40H77NO7	[M + Na]+		CC(C)CCCCCCCCCCCC(=O)OCC(COCC(C[N+](C)(C)C)C(=O)[O-])OC(=O)CCCCCCCCCCCC(C)C	0.174	Fatty acids	Fatty acyl carnitines	Fatty Acyls		9543	EB-MSV000090464-gnps_ms2	transferred	0	706.5647	8.02							no_match
C41H72NO8P	[M + H]+	2-[[1-O-(1-Oxo-9,10-octadecadien-1-yl)-2-O-(1-oxo-9,10,15-octadecatrien-1-yl)-L-glycero-3-phospho]oxy]ethanamine	CCCCCCCC=C=CCCCCCCCC(=O)OCC(COP(=O)(O)OCCN)OC(=O)CCCCCCCC=C=CCCCC=CCC	0.836	Fatty acids	Glycerophosphoethanolamines	Glycerophospholipids		9544	EB-MSV000090464-gnps_ms2	transferred	6	738.5073	8.01							low_cosine
C43H74NO8P	[M + H]+	(2-aminoethoxy)[2-(icosa-8,11,14-trienoyloxy)-3-(octadeca-6,9,12-trienoyloxy)propoxy]phosphinic acid	CCCCCC=CCC=CCC=CCCCCCCC(=O)OC(COC(=O)CCCCC=CCC=CCC=CCCCCC)COP(=O)(O)OCCN	0.159	Fatty acids	Glycerophosphoethanolamines	Glycerophospholipids	35958.0	9549	EB-MSV000090464-gnps_ms2	transferred	2	764.519	8.03	764.5189	8.323585	-0.131	0.294	0.855	ms2_tie	assigned
C93H95NO5	[M + H]+		C[N+]12CC=C3CCC4=C5C3C1C6=C(C5=CC(=C4O)OCC7CCCC7)C(=C(C=C6CC2O)OC)OCC8C(CC9C8CC1=CC2=C(CCC3C2(CCCC3)C2=CC=CC(=C2)CC2=CC(=CC=C2)C9)C=C1)CC1=CC=C(C=C1)C12CCC(C1CCC1=CC=CC=C21)CC1=CC=CC=C1	0.005	Fatty acids	Neutral glycosphingolipids	Sphingolipids	1510.0	9554	EB-MSV000090464-gnps_ms2	transferred	2	1306.729	8.02	1306.7275	8.01036	-1.148	-0.01	1.0	ms2_winner	assigned
C70H123N3O29	[M + Na]+	6-(2-{[2-carboxy-5-acetamido-4-hydroxy-6-(1,2,3-trihydroxypropyl)oxan-2-yl]oxy}-1,3-dihydroxypropyl)-2-({2-[(4,5-dihydroxy-6-{[3-hydroxy-2-(octadec-9-enamido)octadec-4-en-1-yl]oxy}-2-(hydroxymethyl)oxan-3-yl)oxy]-3,5-dihydroxy-6-(hydroxymethyl)oxan-4-yl}oxy)-5-acetamido-4-hydroxyoxane-2-carboxylic acid	CCCCCCCCCCCCCC=CC(C(COC1C(C(C(C(O1)CO)OC2C(C(C(C(O2)CO)O)OC3(CC(C(C(O3)C(C(CO)OC4(CC(C(C(O4)C(C(CO)O)O)NC(=O)C)O)C(=O)O)O)NC(=O)C)O)C(=O)O)O)O)O)NC(=O)CCCCCCCC=CCCCCCCCC)O		Fatty acids	Neutral glycosphingolipids	Sphingolipids	482.0	9557	EB-MSV000090464-gnps_ms2	transferred	1	1492.8011	8.02	1492.8011	8.007961	0.0	-0.012	0.9999	unique	assigned
C35H79N7O10	[M + H]+	1-hexadecanoyl-2-(9Z,12Z-octadecadienoyl)-3-O-[(N,N,N-trimethyl) homoserine]-glycerol	CCCCCCCCCCCCCCCC(=O)OCC(COCCC(C(=O)O)[N+](C)(C)C)OC(=O)CCCCCCCC=CCC=CCCCCC	0.116	Fatty acids	Fatty acyl carnitines	Fatty Acyls		9562	EB-MSV000090464-gnps_ms2	transferred	2	758.5886	8.03							low_cosine
C41H74NO8P	[M + H]+	1,2-Bis-[(9Z,11Z)-Octadecadienoyl]-Sn-Glycero-3-Phosphoethanolamine	CCCCCCC=CC=CCCCCCCCC(=O)OCC(COP(=O)(O)OCCN)OC(=O)CCCCCCCC=CC=CCCCCCC	0.563	Fatty acids	Glycerophosphoserines	Glycerophospholipids	15920.0	9563	EB-MSV000090464-gnps_ms2	transferred	3	740.5184	8.04	740.5181	8.470057	-0.405	0.43	0.9205	ms2_tie	assigned
C32H65NO3	[M + H]+	N-(1,3-dihydroxyoctadecan-2-yl)tetradecanamide	CCCCCCCCCCCCCCCC(C(CO)NC(=O)CCCCCCCCCCCCC)O	0.164	Fatty acids	N-acyl amines	Fatty Acyls		9567	EB-MSV000090464-gnps_ms2	transferred	0	512.5043	8.03							no_match
C16H33NO	[M + H]+	Palmitamide	CCCCCCCCCCCCCCCC(=O)N	0.826	Fatty acids	Primary amides	Fatty Acyls	4459.0	9569	EB-MSV000090464-gnps_ms2	transferred	1	256.2643	8.04	256.2644	8.036605	0.39	-0.003	0.9999	unique	assigned
C42H77NO7	[M + Na]+	Bathymodiolamide B	CCCCCCCCCCCCCC(=O)OCC(C(C(CO)NC(=O)CCCCCCCCCCC)O)OC(=O)CCC=CCC=CCCC	0.058	Fatty acids	Fatty acyl carnitines	Fatty Acyls	1972.0	9570	EB-MSV000090464-gnps_ms2	transferred	4	730.5574	8.05	730.5561	8.10711	-1.779	0.057	0.9184	ms2_tie	assigned
C41H71N9O4	[M + H]+	Norbatzelladine A	CCCCCCCCC1CC2CCC3N2C(=NC(C3C(=O)OCCCCCCCCCC4C(=C5CCCN5C(=N4)N)C(=O)OCCCCN=C(N)N)C)N1	0.759	Amino acids and Peptides	Tripeptides	Carboxylic acids and derivatives		9573	EB-MSV000090464-gnps_ms2	transferred	5	754.5613	8.04							low_cosine
C23H34O6	[M + H]+	Tri(2-methyl-2,4-pentanediol)biborate	B1(OC(CC(O1)(C)C)C)OC(C)CC(C)(C)OB2OC(CC(O2)(C)C)C	0.05	Terpenoids	Pinane monoterpenoids	Organooxygen compounds	2456.0	9574	EB-MSV000090464-gnps_ms2	transferred	1	407.2409	8.04	407.2406	8.04051	-0.737	0.001	1.0	unique	assigned
C40H75NO7	[M + Na]+	4-[3-hexadecanoyloxy-2-[(7E,9E,11E,13E)-hexadeca-7,9,11,13-tetraenoyl]oxypropoxy]-2-(trimethylazaniumyl)butanoate	CCCCCCCCCCCCCCCC(=O)OCC(COCCC(C(=O)O)[N+](C)(C)C)OC(=O)CCCCCC=CC=CC=CC=CCC	0.01	Polyketides	Erythromycins	Carboxylic acids and derivatives		9576	EB-MSV000090464-gnps_ms2	transferred	3	704.5469	8.05							low_cosine
C36H71N9O7	[M + H]+	[(5E)-5-[3-[5-(dioctylamino)pyrazin-2-yl]-2-hydroxy-4-oxocyclobut-2-en-1-ylidene]-4-methyl-1,3-oxazol-2-ylidene]-dioctylazanium	CCCCCCCCN(CCCCCCCC)C1=NC=C(N=C1)C2=C(C(=C3C(=NC(=[N+](CCCCCCCC)CCCCCCCC)O3)C)C2=O)O	0.013	Alkaloids	Pyrroloindole alkaloids	Carboxylic acids and derivatives		9577	EB-MSV000090464-gnps_ms2	transferred	3	742.5578	8.04							low_cosine
C21H45NO6	[M + Na]+	4-[[[[[1-(dimethylcarbamoyl)cyclopentyl]methylamino]-(ethylamino)methylidene]amino]methyl]-N,N-diethylbenzamide	CCNC(=NCC1=CC=C(C=C1)C(=O)N(CC)CC)NCC2(CCCC2)C(=O)N(C)C	0.041	Alkaloids	Pyrrole alkaloids	Benzene and substituted derivatives	1949.0	9579	EB-MSV000090464-gnps_ms2	transferred	2	430.3181	8.04	430.3179	8.060253	-0.465	0.02	0.9999	ms2_tie	assigned
C21H36O6	[M + H]+	1-(acetyloxy)-3-(5-decyl-2-oxooxolan-3-yl)propan-2-yl acetate	CCCCCCCCCCC1CC(C(=O)O1)CC(COC(=O)C)OC(=O)C	0.264	Polyketides	Azaphilones	Benzene and substituted derivatives	9035.0	9581	EB-MSV000090464-gnps_ms2	transferred	1	385.2598	8.04	385.2599	8.04051	0.26	0.001	1.0	unique	assigned
C36H77N5O11	[M + H]+		CCCCCCCCCCCCCCCC(=O)OCC(COCCC(C(=O)[O-])[N+](C)(C)C)OC(=O)CCCCC=CCC=CCC=CCCCCC	0.077	Fatty acids	Steroidal alkaloids	Carboxylic acids and derivatives	29635.0	9583	EB-MSV000090464-gnps_ms2	transferred	4	756.5713	8.06	756.572	8.110214	0.925	0.05	0.8905	ms2_winner	assigned
C42H79NO7	[M + Na]+	2-[(2-Dodecanoyloxyacetyl)-(2-dodecanoyloxyethyl)amino]ethyl dodecanoate	CCCCCCCCCCCC(=O)OCCN(CCOC(=O)CCCCCCCCCCC)C(=O)COC(=O)CCCCCCCCCCC	0.077	Fatty acids	Fatty acyl carnitines	Fatty Acyls	23348.0	9584	EB-MSV000090464-gnps_ms2	transferred	2	732.5744	8.07	732.5732	8.093964	-1.638	0.024	0.9822	ms2_winner	assigned
C74H105N19O13	[M + K]+	2-[[1-[6-amino-2-[[1-[2-amino-5-(diaminomethylideneamino)pentanoyl]pyrrolidine-2-carbonyl]amino]hexanoyl]pyrrolidine-2-carbonyl]amino]-N-[5-amino-1-[[1-[[1-[7-[1-[[1-amino-3-(1H-indol-3-yl)-1-oxopropan-2-yl]amino]-4-methyl-1-oxopentan-2-yl]-6-oxo-1,7-diazaspiro[4.4]nonan-1-yl]-1-oxo-3-phenylpropan-2-yl]amino]-1-oxo-3-phenylpropan-2-yl]amino]-1,5-dioxopentan-2-yl]pentanediamide	CC(C)CC(C(=O)NC(CC1=CNC2=CC=CC=C21)C(=O)N)N3CCC4(C3=O)CCCN4C(=O)C(CC5=CC=CC=C5)NC(=O)C(CC6=CC=CC=C6)NC(=O)C(CCC(=O)N)NC(=O)C(CCC(=O)N)NC(=O)C7CCCN7C(=O)C(CCCCN)NC(=O)C8CCCN8C(=O)C(CCCN=C(N)N)N		Amino acids and Peptides	Lipopeptides	Carboxylic acids and derivatives	8617.0	9585	EB-MSV000090464-gnps_ms2	transferred	2	1506.795	8.05	1506.796	8.05111	0.664	0.001	0.948	ms2_winner	assigned
C35H63NO4	[M + Na]+		CCCCCCCCCCCCC=CC(C(CO)NC(=O)CCCCCCCC=CC=CC(CC=CCC)O)O	0.034	Fatty acids	Pyridine alkaloids		5216.0	9586	EB-MSV000090464-gnps_ms2	transferred	2	584.4731	8.07	584.4733	8.073814	0.342	0.004	0.9999	unique	assigned
C4H6Cl2NO	[M + H]+	2-Chloroethyl 2-fluoro-2-oxoacetate	C(CCl)OC(=O)C(=O)F	0.051	Fatty acids	Halogenated fatty acids	Fatty Acyls		9590	EB-MSV000090464-gnps_ms2	transferred	0	154.9903	8.05							no_match
C41H74NO8P	[M + Na]+	1,2-Bis-[(9Z,11Z)-Octadecadienoyl]-Sn-Glycero-3-Phosphoethanolamine	CCCCCCC=CC=CCCCCCCCC(=O)OCC(COP(=O)(O)OCCN)OC(=O)CCCCCCCC=CC=CCCCCCC	0.554	Fatty acids	Glycerophosphoethanolamines	Glycerophospholipids	15489.0	9591	EB-MSV000090464-gnps_ms2	transferred	3	762.5081	8.07	762.509	8.081575	1.18	0.012	0.9866	ms2_winner	assigned
C28H50N2O6	[M + H]+	1-O-[3,3,4,5,5-pentadeuterio-1-oxido-2,2,6,6-tetrakis(trideuteriomethyl)piperidin-4-yl] 10-O-[3,3,4,5,5-pentadeuterio-1-oxo-2,2,6,6-tetrakis(trideuteriomethyl)piperidin-1-ium-4-yl] decanedioate	CC1(CC(CC(N1[O])(C)C)OC(=O)CCCCCCCCC(=O)OC2CC(N(C(C2)(C)C)[O])(C)C)C	0.079	Amino acids and Peptides	Open-chain polyketides	Carboxylic acids and derivatives	6824.0	9592	EB-MSV000090464-gnps_ms2	transferred	4	511.3732	8.06	511.3726	8.053712	-1.173	-0.006	0.8351	ms2_tie	assigned
C43H85NO8	[M + K]+	4-[3-hexadecanoyloxy-2-[(5E,8E,11E,14E)-icosa-5,8,11,14-tetraenoyl]oxypropoxy]-2-(trimethylazaniumyl)butanoate	CCCCCCCCCCCCCCCC(=O)OCC(COCCC(C(=O)O)[N+](C)(C)C)OC(=O)CCCC=CCC=CCC=CCC=CCCCCC	0.158	Fatty acids	Fatty acyl carnitines	Glycerolipids		9594	EB-MSV000090464-gnps_ms2	transferred	2	782.5967	8.08							low_cosine
C23H41N3O8	[M + H]+	Glycocholate	CC(CCC(=O)NCC(=O)O)C1CCC2C1(C(CC3C2C(CC4C3(CCC(C4)O)C)O)O)C	0.054	Amino acids and Peptides	Aminoacids	Carboxylic acids and derivatives	9755.0	9596	EB-MSV000090464-gnps_ms2	transferred	2	488.2975	8.08	488.297	8.085425	-1.024	0.005	0.9946	ms2_tie	assigned
C37H77BN4O12	[M + H]+	N-[(E)-3-hydroxy-1-[3,4,5-trihydroxy-6-(hydroxymethyl)oxan-2-yl]oxypentadec-4-en-2-yl]docosanamide	CCCCCCCCCCCCCCCCCCCCCC(=O)NC(COC1C(C(C(C(O1)CO)O)O)O)C(C=CCCCCCCCCCC)O	0.021	Fatty acids	Neutral glycosphingolipids	Sphingolipids		9597	EB-MSV000090464-gnps_ms2	transferred	3	780.5759	8.08							low_cosine
C43H85NO8	[M + K]+	N-(3-hydroxy-1-{[3,4,5-trihydroxy-6-(hydroxymethyl)oxan-2-yl]oxy}nonadecan-2-yl)octadecanamide	CCCCCCCCCCCCCCCCCC(=O)NC(COC1C(C(C(C(O1)CO)O)O)O)C(CCCCCCCCCCCCCCCC)O	0.104	Fatty acids	Neutral glycosphingolipids	Sphingolipids		9598	EB-MSV000090464-gnps_ms2	transferred	0	782.5868	8.09							no_match
C62H113N9O19Si3	[M + H]+								9602	EB-MSV000090464-gnps_ms2	transferred	1	1372.7476	8.09							low_cosine
C46H83NO7	[M + H]+	Tris[1-ethyl-2,6-di(propan-2-yl)piperidin-4-yl] propane-1,1,3-tricarboxylate	CCN1C(CC(CC1C(C)C)OC(=O)CCC(C(=O)OC2CC(N(C(C2)C(C)C)CC)C(C)C)C(=O)OC3CC(N(C(C3)C(C)C)CC)C(C)C)C(C)C	0.008	Fatty acids	Neutral glycosphingolipids	Carboxylic acids and derivatives		9603	EB-MSV000090464-gnps_ms2	transferred	0	762.6269	8.1							no_match
C57H110N18O16S2	[M + H]+	1-[[2-[2-[4-[Bis(2-hydroxypropyl)amino]-4-oxobutanoyl]oxypropyl-[2-[4-[2-hydroxypropyl(2-methoxypropyl)amino]-4-oxobutanoyl]oxypropyl]carbamoyl]cyclohexanecarbonyl]-[2-[2-[2-[bis(2-hydroxypropyl)carbamoyl]cyclohexyl]-2-oxoethoxy]propyl]amino]propan-2-yl 4-[bis(2-hydroxypropyl)amino]-4-oxobutanoate	CC(CN(CC(C)O)C(=O)CCC(=O)OC(C)CN(CC(C)OCC(=O)C1CCCCC1C(=O)N(CC(C)O)CC(C)O)C(=O)C2CCCCC2C(=O)N(CC(C)OC(=O)CCC(=O)N(CC(C)O)CC(C)O)CC(C)OC(=O)CCC(=O)N(CC(C)O)CC(C)OC)O		Fatty acids	Neutral glycosphingolipids	Sphingolipids	4763.0	9604	EB-MSV000090464-gnps_ms2	transferred	2	1367.7931	8.09	1367.7932	8.086313	0.073	-0.004	1.0	unique	assigned
C43H81NO8	[M + K]+	N-[(2S,3R,4E,6E)-3-hydroxy-1-[(2S,5R,6S)-3,4,5-trihydroxy-6-(hydroxymethyl)oxan-2-yl]oxypentadeca-4,6-dien-2-yl]docosanamide	CCCCCCCCCCCCCCCCCCCCCC(=O)NC(COC1C(C(C(C(O1)CO)O)O)O)C(C=CC=CCCCCCCCC)O	0.033	Fatty acids	Erythromycins	Fatty Acyls		9605	EB-MSV000090464-gnps_ms2	transferred	2	778.5632	8.09							low_cosine
C37H74NO8P	[M + Na]+	1-Nonadecanoyl-2-tridecanoyl-glycero-3-phosphoethanolamine	CCCCCCCCCCCCCCCCCCC(=O)OCC(COP(=O)(O)OCCN)OC(=O)CCCCCCCCCCCC	0.136	Fatty acids	Glycerophosphoethanolamines	Glycerophospholipids		9609	EB-MSV000090464-gnps_ms2	transferred	0	714.5047	8.09							no_match
C91H99NO9	[M + H]+	Arborcandin F	CCCCCCCCCCCC(CCC1C(=O)NCC(=O)NCCC(=O)NC(C(=O)NC(C(=O)NC(C(=O)NC(C(=O)NC(C(=O)NC(C(=O)NC(C(=O)N1)C(C)O)C(C)O)CC(C(=O)N)O)C)CC(=O)N)CC(=O)N)CCCCCCCC(CCCCCC)O)O	0.184	Fatty acids	Neutral glycosphingolipids	Sphingolipids	744.0	9612	EB-MSV000090464-gnps_ms2	transferred	2	1350.7545	8.09	1350.7524	8.091747	-1.555	0.002	1.0	unique	assigned
C43H72O5	[M + Na]+	1-hydroxy-3-(octadecanoyloxy)propan-2-yl docosa-4,7,10,13,16,19-hexaenoate	CCCCCCCCCCCCCCCCCC(=O)OCC(CO)OC(=O)CCC=CCC=CCC=CCC=CCC=CCC=CCC	0.09	Fatty acids	Triacylglycerols	Glycerolipids		9613	EB-MSV000090464-gnps_ms2	transferred	3	691.5315	8.1							low_cosine
C24H57N7O6	[M + H]+	2-[3-(2-azaniumylethyl)-1'-phenyl-4-(undec-4-en-1-yl)-[1,1'-bi(cyclohexane)]-2-yl]-3-hydroxybutanoate	CCCCCCC=CCCCC1CCC(C(C1CCN)C(C(C)O)C(=O)O)C2(CCCCC2)C3=CC=CC=C3	0.034	Fatty acids	Terpenoid alkaloids	Benzene and substituted derivatives	4189.0	9614	EB-MSV000090464-gnps_ms2	transferred	2	540.4483	8.09	540.4481	8.101384	-0.37	0.011	0.9999	ms2_tie	assigned
C41H72NO8P	[M + H]+	2-[[1-O-(1-Oxo-9,10-octadecadien-1-yl)-2-O-(1-oxo-9,10,15-octadecatrien-1-yl)-L-glycero-3-phospho]oxy]ethanamine	CCCCCCCC=C=CCCCCCCCC(=O)OCC(COP(=O)(O)OCCN)OC(=O)CCCCCCCC=C=CCCCC=CCC	0.787	Fatty acids	Glycerophosphoethanolamines	Glycerophospholipids	13417.0	9617	EB-MSV000090464-gnps_ms2	transferred	6	738.5075	8.09	738.5054	8.285253	-2.844	0.195	0.7202	ms2_winner	assigned
C21H36O4	[M + H]+	(3R)-3,19-dihydroxynonadecanoic acid	C(CCCCCCCCO)CCCCCCCC(CC(=O)O)O	0.1	Fatty acids	Fatty alcohols	Fatty Acyls	5741.0	9619	EB-MSV000090464-gnps_ms2	transferred	1	353.2656	8.1	353.2657	8.09584	0.283	-0.004	0.9996	unique	assigned
C91H99NO9	[M + H]+	Arborcandin F	CCCCCCCCCCCC(CCC1C(=O)NCC(=O)NCCC(=O)NC(C(=O)NC(C(=O)NC(C(=O)NC(C(=O)NC(C(=O)NC(C(=O)NC(C(=O)N1)C(C)O)C(C)O)CC(C(=O)N)O)C)CC(=O)N)CC(=O)N)CCCCCCCC(CCCCCC)O)O	0.127	Fatty acids	Neutral glycosphingolipids	Sphingolipids	744.0	9621	EB-MSV000090464-gnps_ms2	transferred	2	1350.756	8.09	1350.7524	8.091747	-2.665	0.002	0.981	unique	assigned
C34H73N5O11	[M + H]+	N-[(2S)-1-[[(2S)-1-[[(2S)-6-amino-1-[[(3S)-6-(diaminomethylideneamino)-2,2-dihydroxyhexan-3-yl]amino]-1-oxohexan-2-yl]amino]-3-methyl-1-oxobutan-2-yl]amino]-5-(diaminomethylideneamino)-1-oxopentan-2-yl]decanamide	CCCCCCCCCC(=O)NC(CCCN=C(N)N)C(=O)NC(C(C)C)C(=O)NC(CCCCN)C(=O)NC(CCCN=C(N)N)C(C)(O)O	0.069	Amino acids and Peptides	Linear peptides	Carboxylic acids and derivatives	10078.0	9622	EB-MSV000090464-gnps_ms2	transferred	2	728.5474	8.09	728.548	8.038482	0.824	-0.052	0.9999	ms2_winner	assigned
C41H71N9O4	[M + H]+	2-[2-Ethyl-4-methyl-4-[2-[2-methyl-5-(2-methylaziridin-1-yl)-3-oxopentan-2-yl]oxyethoxy]-2-[2-[2-[2-methyl-5-(2-methylaziridin-1-yl)-3-oxopentan-2-yl]oxyethoxy]propyl]pentoxy]ethyl 3-(2-methylaziridin-1-yl)propanoate	CCC(CC(C)OCCOC(C)(C)C(=O)CCN1CC1C)(CC(C)(C)OCCOC(C)(C)C(=O)CCN2CC2C)COCCOC(=O)CCN3CC3C	0.561	Polyketides	Erythromycins	Carboxylic acids and derivatives	8509.0	9623	EB-MSV000090464-gnps_ms2	transferred	5	754.562	8.09	754.5615	8.031498	-0.663	-0.059	0.9999	ms2_winner	assigned
C38H76O8	[M + Na]+							3587.0	9624	EB-MSV000090464-gnps_ms2	transferred	1	683.5409	8.1	683.5402	8.095846	-1.024	-0.004	1.0	unique	assigned
C19H38O4	[M + H]+	Glyceryl Palmitate	CCCCCCCCCCCCCCCC(=O)OCC(CO)O	0.761	Fatty acids	Monoacylglycerols	Glycerolipids	6270.0	9625	EB-MSV000090464-gnps_ms2	transferred	5	331.2837	8.09	331.2856	8.08166	5.735	-0.008	0.9929	ms2_tie	assigned
C40H77NO7	[M + Na]+		CC(C)CCCCCCCCCCCC(=O)OCC(COCC(C[N+](C)(C)C)C(=O)[O-])OC(=O)CCCCCCCCCCCC(C)C	0.207	Fatty acids	Fatty acyl carnitines	Fatty Acyls		9626	EB-MSV000090464-gnps_ms2	transferred	0	706.5644	8.09							no_match
C19H41NO4	[M + H]+	2-[2-[2-(2-Undecoxyethoxy)ethoxy]ethoxy]ethanamine	CCCCCCCCCCCOCCOCCOCCOCCN	0.148	Fatty acids	Sphingoid bases	Fatty Acyls	4543.0	9627	EB-MSV000090464-gnps_ms2	transferred	1	348.3119	8.1	348.3118	8.096075	-0.287	-0.004	0.9999	unique	assigned
C44H83NO7	[M + Na]+	4-[3-hexadecanoyloxy-2-[(Z)-octadec-9-enoyl]oxypropoxy]-2-(trimethylazaniumyl)butanoate	CCCCCCCCCCCCCCCC(=O)OCC(COCCC(C(=O)O)[N+](C)(C)C)OC(=O)CCCCCCCC=CCCCCCCCC	0.081	Fatty acids	Fatty acyl carnitines	Fatty Acyls	31116.0	9628	EB-MSV000090464-gnps_ms2	transferred	4	760.6043	8.1	760.6049	8.06629	0.789	-0.034	0.8058	ms2_winner	assigned
C57H101N25O11	[M + K]+	Arborcandin F	CCCCCCCCCCCC(CCC1C(=O)NCC(=O)NCCC(=O)NC(C(=O)NC(C(=O)NC(C(=O)NC(C(=O)NC(C(=O)NC(C(=O)NC(C(=O)N1)C(C)O)C(C)O)CC(C(=O)N)O)C)CC(=O)N)CC(=O)N)CCCCCCCC(CCCCCC)O)O		Fatty acids	Neutral glycosphingolipids	Sphingolipids	1806.0	9631	EB-MSV000090464-gnps_ms2	transferred	2	1350.775	8.09	1350.775	8.107412	0.0	0.017	0.9661	unique	assigned
C43H72O5	[M + Na]+	1-hydroxy-3-(octadecanoyloxy)propan-2-yl docosa-4,7,10,13,16,19-hexaenoate	CCCCCCCCCCCCCCCCCC(=O)OCC(CO)OC(=O)CCC=CCC=CCC=CCC=CCC=CCC=CCC	0.201	Fatty acids	Diacylglycerols	Glycerolipids	1948.0	9632	EB-MSV000090464-gnps_ms2	transferred	2	691.5334	8.1	691.5341	8.101071	1.012	0.001	1.0	unique	assigned
C42H79NO7	[M + H]+	2-[(2-Dodecanoyloxyacetyl)-(2-dodecanoyloxyethyl)amino]ethyl dodecanoate	CCCCCCCCCCCC(=O)OCCN(CCOC(=O)CCCCCCCCCCC)C(=O)COC(=O)CCCCCCCCCCC	0.084	Fatty acids	Fatty acyl carnitines	Fatty Acyls		9635	EB-MSV000090464-gnps_ms2	transferred	0	710.5902	8.12							no_match
C73H105N9O16	[M + H]+	Tert-butyl 2-[[2-[1-benzyl-5-[3,4-bis[[bis[2-[(2-methylpropan-2-yl)oxy]-2-oxoethyl]amino]methyl]pyridin-2-yl]-1,2,4-triazol-3-yl]-3-[[bis[2-[(2-methylpropan-2-yl)oxy]-2-oxoethyl]amino]methyl]pyridin-4-yl]methyl-[2-[(2-methylpropan-2-yl)oxy]-2-oxoethyl]amino]acetate	CC(C)(C)OC(=O)CN(CC1=C(C(=NC=C1)C2=NN(C(=N2)C3=NC=CC(=C3CN(CC(=O)OC(C)(C)C)CC(=O)OC(C)(C)C)CN(CC(=O)OC(C)(C)C)CC(=O)OC(C)(C)C)CC4=CC=CC=C4)CN(CC(=O)OC(C)(C)C)CC(=O)OC(C)(C)C)CC(=O)OC(C)(C)C		Fatty acids	Neutral glycosphingolipids	Sphingolipids	3435.0	9637	EB-MSV000090464-gnps_ms2	transferred	1	1364.7757	8.11	1364.775	8.109106	-0.513	-0.001	1.0	unique	assigned
C44H83NO7	[M + H]+	1-O-[(2R)-3-[(E,1S)-1-hydroxyhexadec-2-enoxy]-2-(octadecanoylamino)propyl] 4-O-propan-2-yl butanedioate	CCCCCCCCCCCCCCCCCC(=O)NC(COC(C=CCCCCCCCCCCCCC)O)COC(=O)CCC(=O)OC(C)C	0.216	Fatty acids	Ceramides	Fatty Acyls		9643	EB-MSV000090464-gnps_ms2	transferred	0	738.6211	8.11							no_match
C42H79NO7	[M + Na]+	4-[2-henicosanoyloxy-3-[(E)-undec-4-enoyl]oxypropoxy]-2-(trimethylazaniumyl)butanoate	CCCCCCCCCCCCCCCCCCCCC(=O)OC(COCCC(C(=O)O)[N+](C)(C)C)COC(=O)CCC=CCCCCCC	0.031	Fatty acids	Fatty acyl carnitines	Fatty Acyls	23348.0	9644	EB-MSV000090464-gnps_ms2	transferred	2	732.5745	8.1	732.5732	8.093964	-1.775	-0.006	0.9819	ms2_winner	assigned
C45H72O6	[M + H]+		CCCCCCCCCCCCCCCCCCCC(=O)OCC(CO)OC(=O)CCCC=CCC=CC=CC(CC=CCC=CCC)O	0.203	Fatty acids	Diacylglycerols	Glycerolipids	2711.0	9645	EB-MSV000090464-gnps_ms2	transferred	2	709.5397	8.1	709.5405	8.097569	1.127	-0.002	0.9954	unique	assigned
C43H74NO8P	[M + H]+	(2-aminoethoxy)[2-(icosa-8,11,14-trienoyloxy)-3-(octadeca-6,9,12-trienoyloxy)propoxy]phosphinic acid	CCCCCC=CCC=CCC=CCCCCCCC(=O)OC(COC(=O)CCCCC=CCC=CCC=CCCCCC)COP(=O)(O)OCCN	0.146	Fatty acids	Glycerophosphoethanolamines	Glycerophospholipids	35958.0	9646	EB-MSV000090464-gnps_ms2	transferred	2	764.5194	8.12	764.5189	8.323585	-0.654	0.204	0.7704	ms2_tie	assigned
C44H79NO7	[M + H]+	1,2-dihexadecanoyl-sn-glycero-3-O-(N,N,N-trimethyl)-homoserine	CCCCCCCCCCCCCCCC(=O)OCC(COCCC(C(=O)O)[N+](C)(C)C)OC(=O)CCCCCCCCCCCCCCC	0.168	Fatty acids	N-acyl amines	Fatty Acyls		9649	EB-MSV000090464-gnps_ms2	transferred	0	734.5911	8.12							no_match
C46H79NO7	[M + H]+	1-hexadecanoyl-2-(9Z,12Z-octadecadienoyl)-3-O-[(N,N,N-trimethyl) homoserine]-glycerol	CCCCCCCCCCCCCCCC(=O)OCC(COCCC(C(=O)O)[N+](C)(C)C)OC(=O)CCCCCCCC=CCC=CCCCCC	0.068	Fatty acids	Neutral glycosphingolipids	Sphingolipids	38004.0	9650	EB-MSV000090464-gnps_ms2	transferred	2	758.5887	8.11	758.5916	7.727378	3.823	-0.383	0.8836	ms2_winner	assigned
C37H71F2N11O3	[M + H]+	4-[1-[[4-[(4-Carboxy-2,4-dimethylpentan-2-yl)-(2-carboxy-2-methylpropyl)amino]-2,4-dimethylpentan-2-yl]-(2-methyl-4-oxopentan-2-yl)amino]propan-2-yl-(2-carboxypropyl)amino]-2,2,4-trimethylpentanoic acid	CC(CN(C(C)CN(C(C)(C)CC(=O)C)C(C)(C)CC(C)(C)N(CC(C)(C)C(=O)O)C(C)(C)CC(C)(C)C(=O)O)C(C)(C)CC(C)(C)C(=O)O)C(=O)O	0.007	Polyketides	Depsipeptides	Carboxylic acids and derivatives	29635.0	9651	EB-MSV000090464-gnps_ms2	transferred	5	756.5715	8.11	756.572	8.110214	0.661	0.0	0.8064	ms2_winner	assigned
C27H59NO3Si	[M + Na]+	Disiquonium	CCCCCCCCCC[N+](C)(CCCCCCCCCC)CCC[Si](OC)(OC)OC	0.04	Fatty acids	Sphingoid bases	Organooxygen compounds	2873.0	9654	EB-MSV000090464-gnps_ms2	transferred	2	496.4201	8.11	496.4202	8.101	0.201	-0.009	1.0	ms2_tie	assigned
C41H78NO8P	[M + H]+	1,2-Di-[(9E)-Octadecenoyl]-Sn-Glycero-3-Phosphoethanolamine	CCCCCCCCC=CCCCCCCCC(=O)OCC(COP(=O)(O)OCCN)OC(=O)CCCCCCCC=CCCCCCCCC	0.692	Fatty acids	Glycerophosphoethanolamines	Glycerophospholipids	30441.0	9655	EB-MSV000090464-gnps_ms2	transferred	2	744.5572	8.11	744.5581	8.425025	1.209	0.315	0.9168	unique	assigned
C41H76NO8P	[M + H]+	[3-[2-aminoethoxy(hydroxy)phosphoryl]oxy-2-[(9Z,12Z)-heptadeca-9,12-dienoyl]oxypropyl] (Z)-nonadec-9-enoate	CCCCCCCCCC=CCCCCCCCC(=O)OCC(COP(=O)(O)OCCN)OC(=O)CCCCCCCC=CCC=CCCCC	0.097	Fatty acids	Glycerophosphoethanolamines	Glycerophospholipids		9656	EB-MSV000090464-gnps_ms2	transferred	0	742.5382	8.12							no_match
C40H75NO7	[M + Na]+	9-[[2,2-dimethylpropyl-[hydroxy-[2-(1-hydroxyethoxy)ethoxy]methyl]amino]methyl]-2-(1-hydroxyethyl)-3,4a,5a,10,12,12a-hexamethyl-7-propan-2-yl-2,3,4,5,6,6a,7,8,9,10,10a,11,11a,12-tetradecahydro-1H-tetracene-1,11-diol	CC1CC2(CC3(CC4C(CC(C(C4C(C3C(C2(C(C1C(C)O)O)C)C)O)C)CN(CC(C)(C)C)C(O)OCCOC(C)O)C(C)C)C)C	0.02	Fatty acids	Steroidal alkaloids	Organooxygen compounds		9659	EB-MSV000090464-gnps_ms2	transferred	3	704.5458	8.11							low_cosine
C18H35NO	[M + H]+	Oleamide	CCCCCCCCC=CCCCCCCCC(=O)N	0.849	Fatty acids	Primary amides	Fatty Acyls	731.0	9660	EB-MSV000090464-gnps_ms2	transferred	1	282.2791	8.11	282.279	8.116533	-0.354	0.007	0.9316	unique	assigned
C44H79NO7	[M + Na]+		CCCCCCCCCCCCCCCC(=O)OCC(COCCC(C(=O)[O-])[N+](C)(C)C)OC(=O)CCCC=CCCC=CCC=CCCCCC	0.084	Fatty acids	Neutral glycosphingolipids	Fatty Acyls	38025.0	9661	EB-MSV000090464-gnps_ms2	transferred	2	756.5808	8.11	756.5778	8.5838	-3.965	0.474	0.7418	ms2_winner	assigned
C42H77NO7	[M + Na]+	Bathymodiolamide B	CCCCCCCCCCCCCC(=O)OCC(C(C(CO)NC(=O)CCCCCCCCCCC)O)OC(=O)CCC=CCC=CCCC	0.059	Polyketides	Open-chain polyketides	Fatty Acyls	1972.0	9662	EB-MSV000090464-gnps_ms2	transferred	4	730.5575	8.11	730.5561	8.10711	-1.916	-0.003	1.0	ms2_tie	assigned
C46H85NO7	[M + H]+	2-[2-[3-[[[(5R)-5-[3-[bis[2-(dimethylamino)ethyl]amino]propoxymethylamino]-5-[(pentylamino)methoxy]pentyl]amino]methoxy]propyl-[2-(dimethylamino)ethyl]amino]ethyl-(carboxymethyl)amino]acetic acid	CCCCCNCOC(CCCCNCOCCCN(CCN(C)C)CCN(CC(=O)O)CC(=O)O)NCOCCCN(CCN(C)C)CCN(C)C	0.005	Amino acids and Peptides	Lipopeptides	Fatty Acyls		9665	EB-MSV000090464-gnps_ms2	transferred	0	764.6382	8.13							no_match
C40H75NO7	[M + H]+	Succinimidyl-1,2-di-O-hexadecyl-rac-glyceryl carbonate	CCCCCCCCCCCCCCCCOCC(COC(=O)ON1C(=O)CCC1=O)OCCCCCCCCCCCCCCCC	0.009	Fatty acids	Fatty acyl carnitines	Fatty Acyls		9666	EB-MSV000090464-gnps_ms2	transferred	1	682.5586	8.13							low_cosine
C39H73N9O7	[M + H]+	Glycine, N-((phenylmethoxy)carbonyl)-, 2-((1-oxohexadecyl)amino)-1-(((1-oxohexadecyl)amino)methyl)ethyl ester	CCCCCCCCCCCCCCCC(=O)NCC(CNC(=O)CCCCCCCCCCCCCCC)OC(=O)CNC(=O)OCC1=CC=CC=C1	0.065	Amino acids and Peptides	Microcolins and mirabimids	Carboxylic acids and derivatives		9667	EB-MSV000090464-gnps_ms2	transferred	3	780.576	8.1							low_cosine
C44H81NO7	[M + H]+	1-hexadecanoyl-2-(9Z,12Z-octadecadienoyl)-3-O-[(N,N,N-trimethyl) homoserine]-glycerol	CCCCCCCCCCCCCCCC(=O)OCC(COCCC(C(=O)O)[N+](C)(C)C)OC(=O)CCCCCCCC=CCC=CCCCCC	0.125	Fatty acids	Fatty acyl carnitines	Fatty Acyls		9668	EB-MSV000090464-gnps_ms2	transferred	0	736.6063	8.13							no_match
C93H97NO5	[M + H]+		CCOC1=C(C=C2C3C=CC[N+]4(C3C5=C(C2=C1)C(=C(C=C5CC4O)OC)OCC6C(CC7C6CC8=CC9=C(CC1CCC2C9(C1CCC2)C1=CC=CC(=C1)CC1=CC(=CC=C1)C7)C=C8)CC1=CC=C(C=C1)C12CCC(C1CCC1=C2C=CC(=C1)CC(C)C)CC1=CC=CC=C1)C)O	0.003	Fatty acids	Ceramides	Sphingolipids	3920.0	9669	EB-MSV000090464-gnps_ms2	transferred	3	1308.7462	8.13	1308.7458	8.126973	-0.306	-0.003	0.9999	unique	assigned
C27H51N2O3	[M + H]+							7416.0	9670	EB-MSV000090464-gnps_ms2	transferred	2	452.3964	8.13	452.3965	8.12515	0.221	-0.005	0.9984	ms2_tie	assigned
C20H42O4	[M + Na]+	Dinonyl but-2-enedioate	CCCCCCCCCOC(=O)C=CC(=O)OCCCCCCCCC	0.092	Fatty acids	Fatty acid estolides	Fatty Acyls	2108.0	9673	EB-MSV000090464-gnps_ms2	transferred	1	369.2978	8.15	369.2964	8.14943	-3.791	-0.001	1.0	unique	assigned
C44H83NO7	[M + H]+	1-O-[(2R)-3-[(E,1S)-1-hydroxyhexadec-2-enoxy]-2-(octadecanoylamino)propyl] 4-O-propan-2-yl butanedioate	CCCCCCCCCCCCCCCCCC(=O)NC(COC(C=CCCCCCCCCCCCCC)O)COC(=O)CCC(=O)OC(C)C	0.542	Fatty acids	Ceramides	Fatty Acyls		9675	EB-MSV000090464-gnps_ms2	transferred	0	738.6234	8.15							no_match
C90H101NO6	[M + K]+	H-Val-Lys-Ser-Leu-Lys-Arg-Arg-Arg-Cys-Tyr-OH	CC(C)CC(C(=O)NC(CCCCN)C(=O)NC(CCCN=C(N)N)C(=O)NC(CCCN=C(N)N)C(=O)NC(CCCN=C(N)N)C(=O)NC(CS)C(=O)NC(CC1=CC=C(C=C1)O)C(=O)O)NC(=O)C(CO)NC(=O)C(CCCCN)NC(=O)C(C(C)C)N	0.011	Fatty acids	Lipopeptides	Carboxylic acids and derivatives	6345.0	9676	EB-MSV000090464-gnps_ms2	transferred	2	1330.7322	8.14	1330.7332	8.145412	0.751	0.005	0.9999	unique	assigned
C45H79N3O6	[M + H]+	4-[3-[(9E,12E)-octadeca-9,12-dienoyl]oxy-2-[(9E,12E,15E)-octadeca-9,12,15-trienoyl]oxypropoxy]-2-(trimethylazaniumyl)butanoate	CCCCCC=CCC=CCCCCCCCC(=O)OCC(COCCC(C(=O)O)[N+](C)(C)C)OC(=O)CCCCCCCC=CCC=CCC=CCC	0.11	Fatty acids	Fatty acyl carnitines	Fatty Acyls	38004.0	9677	EB-MSV000090464-gnps_ms2	transferred	1	758.598	8.15	758.5916	7.727378	-8.437	-0.423	0.8326	unique	assigned
C43H77NO7	[M + H]+	[2-[[2-(3-Methoxy-3-methylbutoxy)-2-methylpropanoyl]amino]-3-tetradecanoyloxypropyl] tetradecanoate	CCCCCCCCCCCCCC(=O)OCC(COC(=O)CCCCCCCCCCCCC)NC(=O)C(C)(C)OCCC(C)(C)OC	0.262	Fatty acids	N-acyl amines	Fatty Acyls		9678	EB-MSV000090464-gnps_ms2	transferred	0	720.5752	8.14							no_match
C20H46FN5O2	[M + H]+							1598.0	9680	EB-MSV000090464-gnps_ms2	transferred	2	408.3696	8.14	408.3697	8.144	0.245	0.004	1.0	ms2_tie	assigned
C27H44O7	[M + H]+	Ecdysterone	CC12CCC3C(=CC(=O)C4C3(CC(C(C4)O)O)C)C1(CCC2C(C)(C(CCC(C)(C)O)O)O)O	0.064	Terpenoids	Pimarane and Isopimarane diterpenoids	Steroids and steroid derivatives	2187.0	9681	EB-MSV000090464-gnps_ms2	transferred	1	481.3158	8.14	481.3158	8.138743	0.0	-0.001	1.0	unique	assigned
C44H83NO7	[M + H]+	4-[3-hexadecanoyloxy-2-[(Z)-octadec-9-enoyl]oxypropoxy]-2-(trimethylazaniumyl)butanoate	CCCCCCCCCCCCCCCC(=O)OCC(COCCC(C(=O)O)[N+](C)(C)C)OC(=O)CCCCCCCC=CCCCCCCCC	0.154	Fatty acids	Diacylglycerols	Fatty Acyls		9685	EB-MSV000090464-gnps_ms2	transferred	0	738.6202	8.15							no_match
C18H43N4O3	[M + H]+							2010.0	9686	EB-MSV000090464-gnps_ms2	transferred	3	364.3421	8.15	364.3422	8.150167	0.274	0.0	1.0	ms2_winner	assigned
C22H36O3	[M + H]+	5-(5,5,8a-trimethyl-2-methylidene-7-oxo-decahydronaphthalen-1-yl)-3-methylpentyl acetate	CC(CCC1C(=C)CCC2C1(CC(=O)CC2(C)C)C)CCOC(=O)C	0.117	Terpenoids	Labdane diterpenoids	Prenol lipids	4203.0	9687	EB-MSV000090464-gnps_ms2	transferred	1	349.2731	8.15	349.2729	8.156972	-0.573	0.007	1.0	unique	assigned
C18H41B6NO2Si	[M + H]+	2-[2-[2-[2-[2-Aminoethyl-[2-(methylamino)ethyl]amino]ethylamino]ethyl-(2-hydroxyethyl)amino]ethyl-[2-(methylamino)ethyl]amino]ethanol	CNCCN(CCN)CCNCCN(CCN(CCNC)CCO)CCO		Alkaloids	Polyamines	Triazines	1642.0	9691	EB-MSV000090464-gnps_ms2	transferred	1	392.3746	8.15	392.3717	8.151505	-7.391	0.002	1.0	unique	assigned
C44H81NO7	[M + H]+	[3-(2-ethoxyethoxycarbonylamino)-2-[(Z)-octadec-9-enoyl]oxypropyl] (Z)-octadec-9-enoate	CCCCCCCCC=CCCCCCCCC(=O)OCC(CNC(=O)OCCOCC)OC(=O)CCCCCCCC=CCCCCCCCC	0.206	Fatty acids	Fatty acyl carnitines	Fatty Acyls		9696	EB-MSV000090464-gnps_ms2	transferred	0	736.6063	8.2							no_match
C43H74NO8P	[M + H]+	(2-aminoethoxy)[2-(icosa-8,11,14,17-tetraenoyloxy)-3-(octadeca-9,12-dienoyloxy)propoxy]phosphinic acid	CCCCCC=CCC=CCCCCCCCC(=O)OCC(COP(=O)(O)OCCN)OC(=O)CCCCCCC=CCC=CCC=CCC=CCC	0.201	Fatty acids	Glycerophosphoethanolamines	Glycerophospholipids	7469.0	9698	EB-MSV000090464-gnps_ms2	transferred	3	764.5207	8.18	764.5182	8.233216	-3.27	0.053	0.9373	ms2_tie	assigned
C4H4ClFO3	[M + H]+	5-methoxy-1,3,4-thiadiazol-2(3H)-one	COC1=NNC(=O)S1	0.042	Alkaloids	Imidazole alkaloids	Azacyclic compounds		9699	EB-MSV000090464-gnps_ms2	transferred	0	154.9902	8.17							no_match
C34H69N11O6	[M + H]+	(2S)-N-[3-[3-[[(2S)-2,6-bis[[2-(dimethylamino)acetyl]amino]hexanoyl]amino]propylamino]propyl]-2,6-bis[[2-(dimethylamino)acetyl]amino]hexanamide	CN(C)CC(=O)NCCCCC(C(=O)NCCCNCCCNC(=O)C(CCCCNC(=O)CN(C)C)NC(=O)CN(C)C)NC(=O)CN(C)C	0.611	Amino acids and Peptides	Linear peptides	Carboxylic acids and derivatives	10078.0	9700	EB-MSV000090464-gnps_ms2	transferred	2	728.5482	8.18	728.548	8.038482	-0.275	-0.142	0.7372	ms2_winner	assigned
C22H43NO	[M + H]+	docos-13-enamide	CCCCCCCCC=CCCCCCCCCCCCC(=O)N	0.369	Fatty acids	Primary amides	Fatty Acyls		9701	EB-MSV000090464-gnps_ms2	transferred	0	338.3427	8.21							no_match
C44H83NO7	[M + Na]+	4-[3-hexadecanoyloxy-2-[(Z)-octadec-9-enoyl]oxypropoxy]-2-(trimethylazaniumyl)butanoate	CCCCCCCCCCCCCCCC(=O)OCC(COCCC(C(=O)O)[N+](C)(C)C)OC(=O)CCCCCCCC=CCCCCCCCC	0.127	Fatty acids	Fatty acyl carnitines	Fatty Acyls		9703	EB-MSV000090464-gnps_ms2	transferred	3	760.607	8.2							low_cosine
C41H75N3O9	[M + H]+	5-[4-[5-[3-(1,3,5-Dioxazinan-5-yl)-2,3-dimethylbutoxy]-3-[1-[3-(1,3,5-dioxazinan-5-yl)-2,3-dimethylbutoxy]-2-methylpropan-2-yl]-2,5-dimethylhexan-2-yl]oxy-2,3-dimethylbutan-2-yl]-1,3,5-dioxazinane	CC(COCC(C)(C)C(CC(C)(C)OCC(C)C(C)(C)N1COCOC1)C(C)(C)OCC(C)C(C)(C)N2COCOC2)C(C)(C)N3COCOC3	0.002	Polyketides	Depsipeptides	Carboxylic acids and derivatives		9705	EB-MSV000090464-gnps_ms2	transferred	4	754.5615	8.19							low_cosine
C39H76NO8P	[M + Na]+		CCCCC1CC1CCCCCCCC(=O)OC(COC(=O)CCCCCCCCCCCCCCCC(C)C)COP(=O)(O)OCCN	0.5	Fatty acids	Glycerophosphoethanolamines	Glycerophospholipids	15920.0	9706	EB-MSV000090464-gnps_ms2	transferred	4	740.5186	8.22	740.5181	8.470057	-0.675	0.25	0.9359	ms2_tie	assigned
C42H81NO7	[M + Na]+	[3-Hexadecanoyloxy-2-[2-(2-methoxypropoxy)propanoylamino]propyl] hexadecanoate	CCCCCCCCCCCCCCCC(=O)OCC(COC(=O)CCCCCCCCCCCCCCC)NC(=O)C(C)OCC(C)OC	0.319	Fatty acids	N-acyl amines	Fatty Acyls		9708	EB-MSV000090464-gnps_ms2	transferred	0	734.5911	8.22							no_match
C42H81N7O5	[M + H]+	[(7R,9Z,26Z,29R)-29-acetyloxy-18-[4-(dimethylamino)butoxycarbonyloxy]pentatriaconta-9,26-dien-7-yl] acetate	CCCCCCC(CC=CCCCCCCCC(CCCCCCCC=CCC(CCCCCC)OC(=O)C)OC(=O)OCCCCN(C)C)OC(=O)C	0.018	Fatty acids	Sphingoid bases	Fatty Acyls		9709	EB-MSV000090464-gnps_ms2	transferred	0	764.6381	8.21							no_match
C42H79NO7	[M + H]+	4-[2-henicosanoyloxy-3-[(E)-undec-4-enoyl]oxypropoxy]-2-(trimethylazaniumyl)butanoate	CCCCCCCCCCCCCCCCCCCCC(=O)OC(COCCC(C(=O)O)[N+](C)(C)C)COC(=O)CCC=CCCCCCC	0.06	Fatty acids	Triacylglycerols	Glycerolipids		9711	EB-MSV000090464-gnps_ms2	transferred	0	710.5903	8.21							no_match
C72H111N7O16	[M + Na]+		CCC1=C(C2=NC1=CC3=C(C(=C(N3)C=C4C(=C(C(=CC5=C(C(=C(N5)C=C6C(=C(C2=N6)C)CC)C)CCCOC(=O)N(CCOCCOCCOC)CCOCCOCCOC)N4)CC)CC)CCCOC(=O)N(CCOCCOCCOC)CCOCCOCCOC)C)C		Fatty acids	Lipopeptides	Sphingolipids	2179.0	9714	EB-MSV000090464-gnps_ms2	transferred	2	1352.7829	8.21	1352.7793	8.086313	-2.661	-0.124	0.8713	unique	assigned
C41H74NO8P	[M + H]+	1,2-Bis-[(9Z,11Z)-Octadecadienoyl]-Sn-Glycero-3-Phosphoethanolamine	CCCCCCC=CC=CCCCCCCCC(=O)OCC(COP(=O)(O)OCCN)OC(=O)CCCCCCCC=CC=CCCCCCC	0.67	Fatty acids	Glycerophosphoethanolamines	Glycerophospholipids	31725.0	9716	EB-MSV000090464-gnps_ms2	transferred	3	740.5264	8.22	740.5266	8.43642	0.27	0.216	0.9674	ms2_tie	assigned
C44H83NO7	[M + Na]+	4-[3-hexadecanoyloxy-2-[(Z)-octadec-9-enoyl]oxypropoxy]-2-(trimethylazaniumyl)butanoate	CCCCCCCCCCCCCCCC(=O)OCC(COCCC(C(=O)O)[N+](C)(C)C)OC(=O)CCCCCCCC=CCCCCCCCC	0.131	Fatty acids	Fatty acyl carnitines	Carboxylic acids and derivatives	19265.0	9717	EB-MSV000090464-gnps_ms2	transferred	3	760.6055	8.22	760.6041	8.124143	-1.841	-0.096	0.752	ms2_winner	assigned
C37H74NO8P	[M + Na]+	1-Nonadecanoyl-2-tridecanoyl-glycero-3-phosphoethanolamine	CCCCCCCCCCCCCCCCCCC(=O)OCC(COP(=O)(O)OCCN)OC(=O)CCCCCCCCCCCC	0.129	Fatty acids	Glycerophosphoethanolamines	Glycerophospholipids		9718	EB-MSV000090464-gnps_ms2	transferred	0	714.5047	8.21							no_match
C44H83NO7	[M + H]+	1-O-[(2R)-3-[(E,1S)-1-hydroxyhexadec-2-enoxy]-2-(octadecanoylamino)propyl] 4-O-propan-2-yl butanedioate	CCCCCCCCCCCCCCCCCC(=O)NC(COC(C=CCCCCCCCCCCCCC)O)COC(=O)CCC(=O)OC(C)C	0.358	Fatty acids	Ceramides	Fatty Acyls		9721	EB-MSV000090464-gnps_ms2	transferred	0	738.624	8.22							no_match
C45H69N11O	[M + H]+	4-[[[2,6-Bis[(3,5-ditert-butyl-4-hydroxyphenyl)methylamino]pyrimidin-4-yl]amino]methyl]-2,6-ditert-butylphenol	CC(C)(C)C1=CC(=CC(=C1O)C(C)(C)C)CNC2=CC(=NC(=N2)NCC3=CC(=C(C(=C3)C(C)(C)C)O)C(C)(C)C)NCC4=CC(=C(C(=C4)C(C)(C)C)O)C(C)(C)C	0.005	Alkaloids	Steroidal alkaloids	Carboxylic acids and derivatives		9723	EB-MSV000090464-gnps_ms2	transferred	2	780.5761	8.21							low_cosine
C40H75NO7	[M + H]+	4-[2-nonadecanoyloxy-3-[(E)-undec-4-enoyl]oxypropoxy]-2-(trimethylazaniumyl)butanoate	CCCCCCCCCCCCCCCCCCC(=O)OC(COCCC(C(=O)O)[N+](C)(C)C)COC(=O)CCC=CCCCCCC	0.049	Fatty acids	Fatty acyl carnitines	Fatty Acyls	31885.0	9726	EB-MSV000090464-gnps_ms2	transferred	1	682.5587	8.22	682.564	8.386108	7.765	0.166	0.8673	unique	assigned
C40H77NO7	[M + Na]+		CC(C)CCCCCCCCCCCC(=O)OCC(COCC(C[N+](C)(C)C)C(=O)[O-])OC(=O)CCCCCCCCCCCC(C)C	0.191	Fatty acids	Fatty acyl carnitines	Fatty Acyls		9727	EB-MSV000090464-gnps_ms2	transferred	0	706.5648	8.23							no_match
C4H4N2O3S	[M + Na]+	4-Ethenylsulfonyloxadiazole	C=CS(=O)(=O)C1=CON=N1	0.093	Alkaloids	Imidazole alkaloids	Azoles		9728	EB-MSV000090464-gnps_ms2	transferred	0	182.9855	8.23							no_match
C42H79NO7	[M + Na]+	2-[(2-Dodecanoyloxyacetyl)-(2-dodecanoyloxyethyl)amino]ethyl dodecanoate	CCCCCCCCCCCC(=O)OCCN(CCOC(=O)CCCCCCCCCCC)C(=O)COC(=O)CCCCCCCCCCC	0.131	Fatty acids	Fatty acyl carnitines	Fatty Acyls	23348.0	9729	EB-MSV000090464-gnps_ms2	transferred	2	732.5745	8.23	732.5732	8.093964	-1.775	-0.136	0.9934	ms2_winner	assigned
C33H73F2N9O9	[M + H]+	4-[(2-amino-3,3-dimethylbutanoyl)-methylamino]-N-[4-[3-[2-[2-[2-[2-[2-[2-[2-(2-aminoethoxy)ethoxy]ethoxy]ethoxy]ethoxy]ethoxy]ethoxy]ethoxy]propanoylamino]butyl]-2,5-dimethylhex-2-enamide	CC(C)C(C=C(C)C(=O)NCCCCNC(=O)CCOCCOCCOCCOCCOCCOCCOCCOCCN)N(C)C(=O)C(C(C)(C)C)N	0.35	Amino acids and Peptides	Microcolins and mirabimids	Peptidomimetics		9733	EB-MSV000090464-gnps_ms2	transferred	1	778.5633	8.21							low_cosine
C77H91N5O7	[M + H]+	Lobocyclamide A	CCCCCC1CC(=O)NC(C(=O)NC(=CC)C(=O)N2CC(CC2C(=O)NC(C(=O)NC(C(=O)NC(C(=O)NC(C(=O)NC(C(=O)NC(C(=O)NCC(=O)N1)C(C)CC)C(C)CC)C(C)CC)C(C)CC)CC3=CC=C(C=C3)O)CCO)O)CO	0.01	Fatty acids	Neutral glycosphingolipids	Sphingolipids	2697.0	9734	EB-MSV000090464-gnps_ms2	transferred	1	1198.6941	8.23	1198.6937	8.221585	-0.334	-0.008	1.0	unique	assigned
C46H83NO7	[M + H]+	[2-[[2-(2-Methoxyethoxy)acetyl]amino]-3-octadecanoyloxypropyl] octadecanoate	CCCCCCCCCCCCCCCCCC(=O)OCC(COC(=O)CCCCCCCCCCCCCCCCC)NC(=O)COCCOC	0.062	Fatty acids	Fatty acyl carnitines	Fatty Acyls		9735	EB-MSV000090464-gnps_ms2	transferred	0	762.6267	8.24							no_match
C41H74NO8P	[M + H]+	1,2-Bis-[(9Z,11Z)-Octadecadienoyl]-Sn-Glycero-3-Phosphoethanolamine	CCCCCCC=CC=CCCCCCCCC(=O)OCC(COP(=O)(O)OCCN)OC(=O)CCCCCCCC=CC=CCCCCCC	0.677	Fatty acids	Glycerophosphoethanolamines	Glycerophospholipids	37974.0	9736	EB-MSV000090464-gnps_ms2	transferred	7	740.5243	8.24	740.5291	8.300044	6.482	0.06	0.9999	ms2_tie	assigned
C35H71N9O7	[M + H]+	Bathymodiolamide B	CCCCCCCCCCCCCC(=O)OCC(C(C(CO)NC(=O)CCCCCCCCCCC)O)OC(=O)CCC=CCC=CCCC	0.044	Polyketides	Open-chain polyketides		1972.0	9737	EB-MSV000090464-gnps_ms2	transferred	3	730.5571	8.23	730.5561	8.10711	-1.369	-0.123	0.7959	ms2_winner	assigned
C42H77NO7	[M + H]+	Bathymodiolamide B	CCCCCCCCCCCCCC(=O)OCC(C(C(CO)NC(=O)CCCCCCCCCCC)O)OC(=O)CCC=CCC=CCCC	0.216	Fatty acids	Neutral glycosphingolipids	Fatty Acyls		9739	EB-MSV000090464-gnps_ms2	transferred	0	708.5768	8.25							no_match
C45H79N3O6	[M + H]+	Glycine, N-((phenylmethoxy)carbonyl)-, 2-((1-oxohexadecyl)amino)-1-(((1-oxohexadecyl)amino)methyl)ethyl ester	CCCCCCCCCCCCCCCC(=O)NCC(CNC(=O)CCCCCCCCCCCCCCC)OC(=O)CNC(=O)OCC1=CC=CC=C1	0.073	Fatty acids	Ceramides	Sphingolipids		9740	EB-MSV000090464-gnps_ms2	transferred	1	758.5892	8.23							low_cosine
C44H83NO7	[M + H]+	4-[3-hexadecanoyloxy-2-[(Z)-octadec-9-enoyl]oxypropoxy]-2-(trimethylazaniumyl)butanoate	CCCCCCCCCCCCCCCC(=O)OCC(COCCC(C(=O)O)[N+](C)(C)C)OC(=O)CCCCCCCC=CCCCCCCCC	0.099	Fatty acids	Ceramides	Fatty Acyls		9741	EB-MSV000090464-gnps_ms2	transferred	0	738.6212	8.24							no_match
C34H77N9O7S	[M + H]+	4-[1-[[4-[(4-Carboxy-2,4-dimethylpentan-2-yl)-(2-carboxy-2-methylpropyl)amino]-2,4-dimethylpentan-2-yl]-(2-methyl-4-oxopentan-2-yl)amino]propan-2-yl-(2-carboxypropyl)amino]-2,2,4-trimethylpentanoic acid	CC(CN(C(C)CN(C(C)(C)CC(=O)C)C(C)(C)CC(C)(C)N(CC(C)(C)C(=O)O)C(C)(C)CC(C)(C)C(=O)O)C(C)(C)CC(C)(C)C(=O)O)C(=O)O	0.039	Polyketides	Erythromycins	Carboxylic acids and derivatives	29635.0	9742	EB-MSV000090464-gnps_ms2	transferred	4	756.5715	8.23	756.572	8.110214	0.661	-0.12	0.8384	ms2_winner	assigned
C41H74NO8P	[M + Na]+	1,2-Bis-[(9Z,11Z)-Octadecadienoyl]-Sn-Glycero-3-Phosphoethanolamine	CCCCCCC=CC=CCCCCCCCC(=O)OCC(COP(=O)(O)OCCN)OC(=O)CCCCCCCC=CC=CCCCCCC	0.613	Fatty acids	Glycerophosphoethanolamines	Glycerophospholipids	15489.0	9743	EB-MSV000090464-gnps_ms2	transferred	3	762.508	8.24	762.509	8.081575	1.311	-0.158	0.9824	ms2_winner	assigned
C44H83NO7	[M + Na]+	4-[3-hexadecanoyloxy-2-[(Z)-octadec-9-enoyl]oxypropoxy]-2-(trimethylazaniumyl)butanoate	CCCCCCCCCCCCCCCC(=O)OCC(COCCC(C(=O)O)[N+](C)(C)C)OC(=O)CCCCCCCC=CCCCCCCCC	0.19	Fatty acids	Fatty acyl carnitines	Fatty Acyls	19265.0	9745	EB-MSV000090464-gnps_ms2	transferred	3	760.6041	8.24	760.6041	8.124143	0.0	-0.116	0.9714	ms2_winner	assigned
C20H47N4O3	[M + H]+	2-[2-[2-[2-[2-Aminoethyl-[2-(methylamino)ethyl]amino]ethylamino]ethyl-(2-hydroxyethyl)amino]ethyl-[2-(methylamino)ethyl]amino]ethanol	CNCCN(CCN)CCNCCN(CCN(CCNC)CCO)CCO		Alkaloids	Sphingoid bases	Triazines	1642.0	9747	EB-MSV000090464-gnps_ms2	transferred	1	392.3727	8.24	392.3717	8.151505	-2.549	-0.088	0.9796	unique	assigned
C25H47N2O2	[M + H]+							1598.0	9748	EB-MSV000090464-gnps_ms2	transferred	1	408.3695	8.23	408.3697	8.144	0.49	-0.086	0.8001	unique	assigned
C44H81NO7	[M + H]+	1-hexadecanoyl-2-(9Z,12Z-octadecadienoyl)-3-O-[(N,N,N-trimethyl) homoserine]-glycerol	CCCCCCCCCCCCCCCC(=O)OCC(COCCC(C(=O)O)[N+](C)(C)C)OC(=O)CCCCCCCC=CCC=CCCCCC	0.091	Fatty acids	Fatty acyl carnitines	Fatty Acyls		9751	EB-MSV000090464-gnps_ms2	transferred	0	736.606	8.25							no_match
C46H77NO7	[M + H]+		CCCCCCCCCCCCCCCC(=O)OCC(COCCC(C(=O)[O-])[N+](C)(C)C)OC(=O)CCCC=CCCC=CCC=CCCCCC	0.074	Fatty acids	Fatty acyl carnitines	Fatty Acyls	38025.0	9755	EB-MSV000090464-gnps_ms2	transferred	2	756.581	8.23	756.5778	8.5838	-4.23	0.354	0.7434	ms2_winner	assigned
C41H74NO8P	[M + H]+	1,2-Bis-[(9Z,11Z)-Octadecadienoyl]-Sn-Glycero-3-Phosphoethanolamine	CCCCCCC=CC=CCCCCCCCC(=O)OCC(COP(=O)(O)OCCN)OC(=O)CCCCCCCC=CC=CCCCCCC	0.673	Fatty acids	Glycerophosphoethanolamines	Glycerophospholipids	31725.0	9758	EB-MSV000090464-gnps_ms2	transferred	7	740.5224	8.25	740.5266	8.43642	5.672	0.186	0.9704	ms2_tie	assigned
C41H76NO8P	[M + H]+	[3-[2-aminoethoxy(hydroxy)phosphoryl]oxy-2-[(9Z,12Z)-heptadeca-9,12-dienoyl]oxypropyl] (Z)-nonadec-9-enoate	CCCCCCCCCC=CCCCCCCCC(=O)OCC(COP(=O)(O)OCCN)OC(=O)CCCCCCCC=CCC=CCCCC	0.072	Fatty acids	Glycerophosphoethanolamines	Glycerophospholipids		9759	EB-MSV000090464-gnps_ms2	transferred	0	742.5384	8.25							no_match
C41H72NO8P	[M + H]+	2-[[1-O-(1-Oxo-9,10-octadecadien-1-yl)-2-O-(1-oxo-9,10,15-octadecatrien-1-yl)-L-glycero-3-phospho]oxy]ethanamine	CCCCCCCC=C=CCCCCCCCC(=O)OCC(COP(=O)(O)OCCN)OC(=O)CCCCCCCC=C=CCCCC=CCC	0.837	Fatty acids	Glycerophosphoethanolamines	Glycerophospholipids	13417.0	9760	EB-MSV000090464-gnps_ms2	transferred	6	738.5077	8.25	738.5054	8.285253	-3.114	0.035	0.7327	ms2_winner	assigned
C44H83NO7	[M + H]+	4-[3-hexadecanoyloxy-2-[(Z)-octadec-9-enoyl]oxypropoxy]-2-(trimethylazaniumyl)butanoate	CCCCCCCCCCCCCCCC(=O)OCC(COCCC(C(=O)O)[N+](C)(C)C)OC(=O)CCCCCCCC=CCCCCCCCC	0.144	Fatty acids	Fatty acyl carnitines	Fatty Acyls		9761	EB-MSV000090464-gnps_ms2	transferred	0	738.6204	8.26							no_match
C60H97N11O14	[M + K]+	6-amino-2-{[1-(2-{2-[2-(2-{[1-(2-amino-5-carbamimidamidopentanoyl)pyrrolidin-2-yl]formamido}propanamido)-3-phenylpropanamido]-3-methylpentanamido}-5-carbamimidamidopentanoyl)pyrrolidin-2-yl]formamido}-N-{[(4-carbamimidamido-1-carbamoylbutyl)carbamoyl]methyl}hexanamide	CCC(C)C(C(=O)NC(CCCN=C(N)N)C(=O)N1CCCC1C(=O)NC(CCCCN)C(=O)NCC(=O)NC(CCCN=C(N)N)C(=O)N)NC(=O)C(CC2=CC=CC=C2)NC(=O)C(C)NC(=O)C3CCCN3C(=O)C(CCCN=C(N)N)N	0.217	Amino acids and Peptides	Linear peptides	Polypeptides	9666.0	9762	EB-MSV000090464-gnps_ms2	transferred	1	1234.6938	8.26	1234.6929	8.265367	-0.729	0.005	0.9999	unique	assigned
C10H30O5Si5	[M + H]+	decamethyl-1,3,5,7,9,2,4,6,8,10-pentaoxapentasilecane	C[Si]1(O[Si](O[Si](O[Si](O[Si](O1)(C)C)(C)C)(C)C)(C)C)C	0.532	Fatty acids	Halogenated fatty acids	Organic metal salts	4674.0	9763	EB-MSV000090464-gnps_ms2	transferred	3	371.1013	8.25	371.1001	8.250862	-3.234	0.001	0.9999	unique	assigned
C41H70NO8P	[M + H]+	(2-aminoethoxy)[2,3-bis(octadeca-6,9,12-trienoyloxy)propoxy]phosphinic acid	CCCCCC=CCC=CCC=CCCCCC(=O)OCC(COP(=O)(O)OCCN)OC(=O)CCCCC=CCC=CCC=CCCCCC	0.16	Fatty acids	Glycerophosphoethanolamines	Glycerophospholipids	6383.0	9765	EB-MSV000090464-gnps_ms2	transferred	2	736.4954	8.26	736.4924	8.339179	-4.073	0.079	0.7742	ms2_tie	assigned
C44H78O5	[M + Na]+	1-nonadecanoyl-2-(7Z,10Z,13Z,16Z-docosatetraenoyl)-sn-glycerol	CCCCCCCCCCCCCCCCCCC(=O)OCC(CO)OC(=O)CCCCCC=CCC=CCC=CCC=CCCCCC	0.112	Fatty acids	Diacylglycerols	Glycerolipids		9767	EB-MSV000090464-gnps_ms2	transferred	0	709.5837	8.26							no_match
C42H81N5O8	[M + H]+	N-Stearoyldesferrioxamine	CCCCCCCCCCCCCCCCCC(=O)NCCCCCN(C(=O)CCC(=O)NCCCCCN(C(=O)CCCCCCCN(C(=O)C)O)O)O	0.029	Amino acids and Peptides	Lipopeptides	Carboxylic acids and derivatives	37061.0	9769	EB-MSV000090464-gnps_ms2	transferred	2	784.6043	8.27	784.6063	8.106063	2.549	-0.164	1.0	ms2_winner	assigned
C44H79NO7	[M + H]+	1,2-dihexadecanoyl-sn-glycero-3-O-(N,N,N-trimethyl)-homoserine	CCCCCCCCCCCCCCCC(=O)OCC(COCCC(C(=O)O)[N+](C)(C)C)OC(=O)CCCCCCCCCCCCCCC	0.189	Fatty acids	N-acyl amines	Fatty Acyls		9772	EB-MSV000090464-gnps_ms2	transferred	0	734.591	8.28							no_match
C73H93N7O9	[M + H]+	deamino-Orn(diMe)-Dab-Thr-Dab-Dab(1)-Dab-D-Phe-Leu-Dab-Dab-Thr-(1)	CC(C)CC1C(=O)NC(C(=O)NC(C(=O)NC(C(=O)NCCC(C(=O)NC(C(=O)NC(C(=O)N1)CC2=CC=CC=C2)CCN)NC(=O)C(CCN)NC(=O)C(C(C)O)NC(=O)C(CCN)NC(=O)CCCCN(C)C)C(C)O)CCN)CCN	0.033	Fatty acids	Lipopeptides	Fatty Acyls	2532.0	9773	EB-MSV000090464-gnps_ms2	transferred	1	1212.7109	8.27	1212.7109	8.268816	0.0	-0.001	0.9999	unique	assigned
C43H81NO7	[M + H]+	lauroyl-bAla(3-BuNH2)-bAla(3-Pr)-bAla(3-iBu)-bAla(3-BuNH2)-NH2	CCCCCCCCCCCC(=O)NC(CCCCN)CC(=O)NC(CCC)CC(=O)NC(CC(C)C)CC(=O)NC(CCCCN)CC(=O)N	0.049	Amino acids and Peptides	Lipopeptides	Carboxylic acids and derivatives		9774	EB-MSV000090464-gnps_ms2	transferred	0	724.6098	8.29							no_match
C22H43NO	[M + H]+	docos-13-enamide	CCCCCCCCC=CCCCCCCCCCCCC(=O)N	0.432	Fatty acids	Primary amides	Fatty Acyls	1195.0	9776	EB-MSV000090464-gnps_ms2	transferred	1	338.3426	8.28	338.3427	8.752794	0.296	0.473	0.9512	unique	assigned
C37H74NO8P	[M + Na]+	1-Nonadecanoyl-2-tridecanoyl-glycero-3-phosphoethanolamine	CCCCCCCCCCCCCCCCCCC(=O)OCC(COP(=O)(O)OCCN)OC(=O)CCCCCCCCCCCC	0.138	Fatty acids	Glycerophosphoethanolamines	Glycerophospholipids		9778	EB-MSV000090464-gnps_ms2	transferred	0	714.5047	8.26							no_match
C40H77NO7	[M + Na]+		CC(C)CCCCCCCCCCCC(=O)OCC(COCC(C[N+](C)(C)C)C(=O)[O-])OC(=O)CCCCCCCCCCCC(C)C	0.133	Fatty acids	N-acyl amines	Fatty Acyls		9779	EB-MSV000090464-gnps_ms2	transferred	0	706.5648	8.29							no_match
C46H85NO7	[M + H]+	2-[2-[3-[[[(5R)-5-[3-[bis[2-(dimethylamino)ethyl]amino]propoxymethylamino]-5-[(pentylamino)methoxy]pentyl]amino]methoxy]propyl-[2-(dimethylamino)ethyl]amino]ethyl-(carboxymethyl)amino]acetic acid	CCCCCNCOC(CCCCNCOCCCN(CCN(C)C)CCN(CC(=O)O)CC(=O)O)NCOCCCN(CCN(C)C)CCN(C)C	0.012	Amino acids and Peptides	Lipopeptides	Carboxylic acids and derivatives		9782	EB-MSV000090464-gnps_ms2	transferred	0	764.6376	8.3							no_match
C30H58N8O6	[M + H]+	5-hydroxy-5-methyl-3-{2,6,13-trihydroxy-13-[5-(1-hydroxytridecyl)oxolan-2-yl]-8-oxotridecyl}-2,5-dihydrofuran-2-one	CCCCCCCCCCCCC(C1CCC(O1)C(CCCCC(=O)CC(CCCC(CC2=CC(OC2=O)(C)O)O)O)O)O	0.267	Terpenoids	Tetracyclic diterpenoids	Fatty Acyls	2692.0	9786	EB-MSV000090464-gnps_ms2	transferred	4	627.4559	8.29	627.456	8.265657	0.159	-0.024	1.0	ms2_tie	assigned
C44H83NO7	[M + H]+	4-[3-hexadecanoyloxy-2-[(Z)-octadec-9-enoyl]oxypropoxy]-2-(trimethylazaniumyl)butanoate	CCCCCCCCCCCCCCCC(=O)OCC(COCCC(C(=O)O)[N+](C)(C)C)OC(=O)CCCCCCCC=CCCCCCCCC	0.125	Fatty acids	Fatty acyl carnitines	Fatty Acyls		9791	EB-MSV000090464-gnps_ms2	transferred	0	738.6225	8.31							no_match
C45H79NO7	[M + H]+	Lauric acid,N-bis(2-hydroxyethyl)lactamide	CCCCCCCCCCCC(=O)OCCN(CCOC(=O)CCCCCCCCCCC)C(=O)C(C)OC(=O)CCCCCCCCCCC	0.058	Fatty acids	Fatty acyl carnitines	Fatty Acyls		9793	EB-MSV000090464-gnps_ms2	transferred	3	746.5953	8.3							low_cosine
C28H44O2	[M + H]+	Ercalcidiol	CC(C=CC(C)C(C)(C)O)C1CCC2C1(CCCC2=CC=C3CC(CCC3=C)O)C	0.482	Terpenoids	Ergostane steroids	Prenol lipids	4141.0	9794	EB-MSV000090464-gnps_ms2	transferred	3	413.3419	8.3	413.3416	8.305589	-0.726	0.006	0.9999	unique	assigned
C23H42N2O3	[M + H]+	Ergosta-5,7,22,24(28)-Tetraen-3Beta-Ol	CC(C)C(=C)C=CC(C)C1CCC2C1(CCC3C2=CC=C4C3(CCC(C4)O)C)C	0.344	Terpenoids	Ergostane steroids	Prenol lipids	8479.0	9796	EB-MSV000090464-gnps_ms2	transferred	3	395.3301	8.3	395.3297	8.305589	-1.012	0.006	0.9998	ms2_winner	assigned
C82H156N8O12	[M + Na]+								9797	EB-MSV000090464-gnps_ms2	transferred	1	1468.1741	8.32							low_cosine
C4H4ClFO3	[M + H]+	2-Chloroethyl 2-fluoro-2-oxoacetate	C(CCl)OC(=O)C(=O)F	0.101	Fatty acids	Halogenated fatty acids	Fatty Acyls		9802	EB-MSV000090464-gnps_ms2	transferred	0	154.9902	8.3							no_match
C42H79NO7	[M + H]+	2-[(2-Dodecanoyloxyacetyl)-(2-dodecanoyloxyethyl)amino]ethyl dodecanoate	CCCCCCCCCCCC(=O)OCCN(CCOC(=O)CCCCCCCCCCC)C(=O)COC(=O)CCCCCCCCCCC	0.28	Fatty acids	N-acyl amines	Fatty Acyls		9803	EB-MSV000090464-gnps_ms2	transferred	0	710.5899	8.33							no_match
C43H85NO8	[M + K]+	4-[3-hexadecanoyloxy-2-[(5E,8E,11E,14E)-icosa-5,8,11,14-tetraenoyl]oxypropoxy]-2-(trimethylazaniumyl)butanoate	CCCCCCCCCCCCCCCC(=O)OCC(COCCC(C(=O)O)[N+](C)(C)C)OC(=O)CCCC=CCC=CCC=CCC=CCCCCC	0.179	Fatty acids	Fatty acyl carnitines	Glycerolipids		9805	EB-MSV000090464-gnps_ms2	transferred	2	782.5961	8.33							low_cosine
C44H81NO7	[M + H]+	1-hexadecanoyl-2-(9Z,12Z-octadecadienoyl)-3-O-[(N,N,N-trimethyl) homoserine]-glycerol	CCCCCCCCCCCCCCCC(=O)OCC(COCCC(C(=O)O)[N+](C)(C)C)OC(=O)CCCCCCCC=CCC=CCCCCC	0.11	Fatty acids	Fatty acyl carnitines	Fatty Acyls		9807	EB-MSV000090464-gnps_ms2	transferred	0	736.6059	8.34							no_match
C43H77NO7	[M + H]+	[2-[[2-(3-Methoxy-3-methylbutoxy)-2-methylpropanoyl]amino]-3-tetradecanoyloxypropyl] tetradecanoate	CCCCCCCCCCCCCC(=O)OCC(COC(=O)CCCCCCCCCCCCC)NC(=O)C(C)(C)OCCC(C)(C)OC	0.259	Fatty acids	Fatty acyl carnitines	Fatty Acyls		9809	EB-MSV000090464-gnps_ms2	transferred	0	720.5753	8.32							no_match
C42H80NO5P	[M + H]+								9811	EB-MSV000090464-gnps_ms2	transferred	0	710.5856	8.34							no_match
C41H74NO8P	[M + H]+	1,2-Bis-[(9Z,11Z)-Octadecadienoyl]-Sn-Glycero-3-Phosphoethanolamine	CCCCCCC=CC=CCCCCCCCC(=O)OCC(COP(=O)(O)OCCN)OC(=O)CCCCCCCC=CC=CCCCCCC	0.673	Fatty acids	Glycerophosphoethanolamines	Glycerophospholipids	33972.0	9812	EB-MSV000090464-gnps_ms2	transferred	7	740.5227	8.32	740.5178	8.396521	-6.617	0.077	0.9999	ms2_tie	assigned
C44H79NO10	[M + H]+	tert-butyl N-[5-amino-10-(dibenzylamino)-5,6-bis[3-[(2-methylpropan-2-yl)oxycarbonylamino]propyl]decyl]carbamate	CC(C)(C)OC(=O)NCCCCC(CCCNC(=O)OC(C)(C)C)(C(CCCCN(CC1=CC=CC=C1)CC2=CC=CC=C2)CCCNC(=O)OC(C)(C)C)N	0.108	Amino acids and Peptides	Cyclic peptides	Carboxylic acids and derivatives		9813	EB-MSV000090464-gnps_ms2	transferred	0	782.5862	8.34							no_match
C46H83NO7	[M + H]+	[(2S,5S)-5-[3-(dimethylamino)propanoyloxymethyl]-2-[(Z)-octadec-9-enoyl]oxyoxolan-3-yl] (Z)-octadec-9-enoate	CCCCCCCCC=CCCCCCCCC(=O)OC1CC(OC1OC(=O)CCCCCCCC=CCCCCCCCC)COC(=O)CCN(C)C	0.032	Fatty acids	Diacylglycerols	Fatty Acyls		9817	EB-MSV000090464-gnps_ms2	transferred	0	762.6268	8.35							no_match
C42H79NO7	[M + Na]+	4-[2-henicosanoyloxy-3-[(E)-undec-4-enoyl]oxypropoxy]-2-(trimethylazaniumyl)butanoate	CCCCCCCCCCCCCCCCCCCCC(=O)OC(COCCC(C(=O)O)[N+](C)(C)C)COC(=O)CCC=CCCCCCC	0.05	Fatty acids	Fatty acyl carnitines	Fatty Acyls	23348.0	9818	EB-MSV000090464-gnps_ms2	transferred	2	732.5746	8.34	732.5732	8.093964	-1.911	-0.246	0.9371	ms2_winner	assigned
C41H81N3O6	[M + Na]+	1,2-dihexadecanoyl-sn-glycero-3-O-(N,N,N-trimethyl)-homoserine	CCCCCCCCCCCCCCCC(=O)OCC(COCCC(C(=O)O)[N+](C)(C)C)OC(=O)CCCCCCCCCCCCCCC	0.097	Fatty acids	Fatty acyl carnitines	Fatty Acyls		9819	EB-MSV000090464-gnps_ms2	transferred	0	734.591	8.34							no_match
C44H83NO7	[M + Na]+	4-[3-hexadecanoyloxy-2-[(Z)-octadec-9-enoyl]oxypropoxy]-2-(trimethylazaniumyl)butanoate	CCCCCCCCCCCCCCCC(=O)OCC(COCCC(C(=O)O)[N+](C)(C)C)OC(=O)CCCCCCCC=CCCCCCCCC	0.17	Fatty acids	Fatty acyl carnitines	Fatty Acyls	19265.0	9822	EB-MSV000090464-gnps_ms2	transferred	3	760.6042	8.35	760.6041	8.124143	-0.131	-0.226	0.9823	ms2_winner	assigned
C46H87NO7	[M + Na]+	[3-[Butyl-(1-cyclohexyloxy-2,2,6,6-tetramethylpiperidin-4-yl)amino]-5-(2-hydroxyethylamino)phenyl]-butylidene-(1-cyclohexyloxy-2-ethyl-2,6,6-trimethylpiperidin-4-yl)azanium	CCCCN(C1CC(N(C(C1)(C)C)OC2CCCCC2)(C)C)C3=CC(=CC(=C3)NCCO)[N+](=CCCC)C4CC(N(C(C4)(C)CC)OC5CCCCC5)(C)C	0.114	Alkaloids	Open-chain polyketides			9824	EB-MSV000090464-gnps_ms2	transferred	0	788.6422	8.34							no_match
C46H77NO7	[M + H]+	4-[1-[[4-[(4-Carboxy-2,4-dimethylpentan-2-yl)-(2-carboxy-2-methylpropyl)amino]-2,4-dimethylpentan-2-yl]-(2-methyl-4-oxopentan-2-yl)amino]propan-2-yl-(2-carboxypropyl)amino]-2,2,4-trimethylpentanoic acid	CC(CN(C(C)CN(C(C)(C)CC(=O)C)C(C)(C)CC(C)(C)N(CC(C)(C)C(=O)O)C(C)(C)CC(C)(C)C(=O)O)C(C)(C)CC(C)(C)C(=O)O)C(=O)O	0.144	Polyketides	Erythromycins	Carboxylic acids and derivatives	29635.0	9826	EB-MSV000090464-gnps_ms2	transferred	4	756.5714	8.35	756.572	8.110214	0.793	-0.24	0.8889	ms2_winner	assigned
C41H74NO8P	[M + H]+	1,2-Bis-[(9Z,11Z)-Octadecadienoyl]-Sn-Glycero-3-Phosphoethanolamine	CCCCCCC=CC=CCCCCCCCC(=O)OCC(COP(=O)(O)OCCN)OC(=O)CCCCCCCC=CC=CCCCCCC	0.64	Fatty acids	Glycerophosphoethanolamines	Glycerophospholipids	31725.0	9827	EB-MSV000090464-gnps_ms2	transferred	7	740.5219	8.33	740.5266	8.43642	6.347	0.106	0.9999	ms2_tie	assigned
C44H83NO7	[M + H]+	4-[3-hexadecanoyloxy-2-[(Z)-octadec-9-enoyl]oxypropoxy]-2-(trimethylazaniumyl)butanoate	CCCCCCCCCCCCCCCC(=O)OCC(COCCC(C(=O)O)[N+](C)(C)C)OC(=O)CCCCCCCC=CCCCCCCCC	0.113	Fatty acids	Fatty acyl carnitines	Fatty Acyls		9828	EB-MSV000090464-gnps_ms2	transferred	0	738.6203	8.35							no_match
C44H83NO7	[M + Na]+	4-[3-hexadecanoyloxy-2-[(Z)-octadec-9-enoyl]oxypropoxy]-2-(trimethylazaniumyl)butanoate	CCCCCCCCCCCCCCCC(=O)OCC(COCCC(C(=O)O)[N+](C)(C)C)OC(=O)CCCCCCCC=CCCCCCCCC	0.127	Fatty acids	Fatty acyl carnitines	Fatty Acyls	19265.0	9829	EB-MSV000090464-gnps_ms2	transferred	3	760.6058	8.35	760.6041	8.124143	-2.235	-0.226	0.9109	ms2_winner	assigned
C40H81N3O9	[M + H]+	[2-[[3-(3-Methoxy-3-methylbutoxy)-3-methylpentanoyl]amino]-3-tetradecanoyloxypropyl] tetradecanoate	CCCCCCCCCCCCCC(=O)OCC(COC(=O)CCCCCCCCCCCCC)NC(=O)CC(C)(CC)OCCC(C)(C)OC	0.17	Fatty acids	N-acyl amines	Fatty Acyls		9831	EB-MSV000090464-gnps_ms2	transferred	1	748.6114	8.35							low_cosine
C46H79NO7	[M + H]+	1-hexadecanoyl-2-(9Z,12Z-octadecadienoyl)-3-O-[(N,N,N-trimethyl) homoserine]-glycerol	CCCCCCCCCCCCCCCC(=O)OCC(COCCC(C(=O)O)[N+](C)(C)C)OC(=O)CCCCCCCC=CCC=CCCCCC	0.13	Fatty acids	Fatty acyl carnitines	Fatty Acyls		9832	EB-MSV000090464-gnps_ms2	transferred	1	758.5887	8.35							low_cosine
C34H62N4O7	[M + H]+	[4-[4-[(6-isocyanato-3,3,5-trimethylhexyl)carbamoyloxy]-4-methylpentan-2-yl]oxy-4-methylpentan-2-yl] N-(6-isocyanato-2,4,4-trimethylhexyl)carbamate	CC(CC(C)(C)CCN=C=O)CNC(=O)OC(C)CC(C)(C)OC(C)CC(C)(C)OC(=O)NCCC(C)(C)CC(C)CN=C=O	0.042	Amino acids and Peptides	Cyclic peptides	Carboxylic acids and derivatives	2384.0	9833	EB-MSV000090464-gnps_ms2	transferred	2	639.4611	8.35	639.4607	8.330077	-0.626	-0.02	1.0	ms2_tie	assigned
C43H72NO8P	[M + H]+	(2-aminoethoxy)[2-(icosa-8,11,14-trienoyloxy)-3-(octadeca-6,9,12,15-tetraenoyloxy)propoxy]phosphinic acid	CCCCCC=CCC=CCC=CCCCCCCC(=O)OC(COC(=O)CCCCC=CCC=CCC=CCC=CCC)COP(=O)(O)OCCN	0.118	Fatty acids	Glycerophosphoethanolamines	Glycerophospholipids	2467.0	9834	EB-MSV000090464-gnps_ms2	transferred	3	762.5097	8.34	762.5057	8.408427	-5.246	0.068	0.9999	ms2_winner	assigned
C40H75NO7	[M + H]+	4-[2-nonadecanoyloxy-3-[(E)-undec-4-enoyl]oxypropoxy]-2-(trimethylazaniumyl)butanoate	CCCCCCCCCCCCCCCCCCC(=O)OC(COCCC(C(=O)O)[N+](C)(C)C)COC(=O)CCC=CCCCCCC	0.051	Fatty acids	Fatty acyl carnitines	Fatty Acyls	31885.0	9835	EB-MSV000090464-gnps_ms2	transferred	1	682.5593	8.34	682.564	8.386108	6.886	0.046	0.9772	unique	assigned
C26H53NO8	[M + Na]+	2-[(19-amino-3,18-dihydroxyicosan-2-yl)oxy]-6-(hydroxymethyl)oxane-3,4,5-triol	CC(C(CCCCCCCCCCCCCCC(C(C)OC1C(C(C(C(O1)CO)O)O)O)O)O)N	0.046	Polyketides	Depsides and depsidones		1126.0	9839	EB-MSV000090464-gnps_ms2	transferred	2	530.3674	8.36	530.3663	8.384161	-2.074	0.024	1.0	ms2_tie	assigned
C40H77NO7	[M + Na]+		CC(C)CCCCCCCCCCCC(=O)OCC(COCC(C[N+](C)(C)C)C(=O)[O-])OC(=O)CCCCCCCCCCCC(C)C	0.124	Fatty acids	N-acyl amines	Fatty Acyls		9840	EB-MSV000090464-gnps_ms2	transferred	0	706.5647	8.35							no_match
C25H52O9	[M + K]+	Isovaleryl-valyl-3-oxo-4-amino-6-methylheptanoyl-alanyl-isoamylamide	CC(C)CCN(C(=O)C(C)N)C(=O)C(C(=O)CC(C)C)C(=O)C(CC(C)CC(=O)C(C(C)C)N)N	0.028	Amino acids and Peptides	Carboline alkaloids	Carboxylic acids and derivatives	1132.0	9841	EB-MSV000090464-gnps_ms2	transferred	2	535.3251	8.36	535.3252	8.38322	0.187	0.023	1.0	ms2_tie	assigned
C44H83NO7	[M + H]+	4-[3-hexadecanoyloxy-2-[(Z)-octadec-9-enoyl]oxypropoxy]-2-(trimethylazaniumyl)butanoate	CCCCCCCCCCCCCCCC(=O)OCC(COCCC(C(=O)O)[N+](C)(C)C)OC(=O)CCCCCCCC=CCCCCCCCC	0.107	Fatty acids	Ceramides	Fatty Acyls		9842	EB-MSV000090464-gnps_ms2	transferred	0	738.6217	8.36							no_match
C40H63N5O3	[M + H]+	Adenosylhopane	CC(CCC1C(C(C(O1)N2C=NC3=C(N=CN=C32)N)O)O)C4CCC5(C4CCC6(C5CCC7C6(CCC8C7(CCCC8(C)C)C)C)C)C	0.03	Alkaloids	Steroidal alkaloids	Organonitrogen compounds	4477.0	9843	EB-MSV000090464-gnps_ms2	transferred	1	662.496	8.37	662.496	8.36113	0.0	-0.009	0.9999	unique	assigned
C37H74NO8P	[M + Na]+	1-Nonadecanoyl-2-tridecanoyl-glycero-3-phosphoethanolamine	CCCCCCCCCCCCCCCCCCC(=O)OCC(COP(=O)(O)OCCN)OC(=O)CCCCCCCCCCCC	0.14	Fatty acids	Glycerophosphoethanolamines	Glycerophospholipids		9844	EB-MSV000090464-gnps_ms2	transferred	0	714.5042	8.35							no_match
C28H57NO8	[M + Na]+	2-[(21-amino-3,20-dihydroxydocosan-2-yl)oxy]-6-(hydroxymethyl)oxane-3,4,5-triol	CC(C(CCCCCCCCCCCCCCCCC(C(C)OC1C(C(C(C(O1)CO)O)O)O)O)O)N	0.059	Polyketides	Erythromycins	Fatty Acyls	439.0	9845	EB-MSV000090464-gnps_ms2	transferred	1	558.4011	8.36	558.4011	8.369232	0.0	0.009	0.9954	unique	assigned
C42H77NO7	[M + H]+	Bathymodiolamide B	CCCCCCCCCCCCCC(=O)OCC(C(C(CO)NC(=O)CCCCCCCCCCC)O)OC(=O)CCC=CCC=CCCC	0.116	Fatty acids	Fatty acyl carnitines	Fatty Acyls		9846	EB-MSV000090464-gnps_ms2	transferred	0	708.5755	8.37							no_match
C4H4N2O3S	[M + Na]+	4-Methoxy-1,2,5-thiadiazole-3-carboxylic acid	COC1=NSN=C1C(=O)O	0.046	Alkaloids	Imidazole alkaloids	Azoles		9847	EB-MSV000090464-gnps_ms2	transferred	0	182.9854	8.36							no_match
C21H42O2	[M + K]+	Octadecyl propionate	CCCCCCCCCCCCCCCCCCOC(=O)CC	0.571	Fatty acids	Wax monoesters	Organooxygen compounds	4536.0	9848	EB-MSV000090464-gnps_ms2	transferred	1	365.2806	8.38	365.2801	8.387982	-1.369	0.008	1.0	unique	assigned
C26H45NO	[M + Na]+	Diethoxymethyl(octadecyl)azanium	CCCCCCCCCCCCCCCCCCNC(OCC)OCC	0.148	Fatty acids	Sphingoid bases	Carboxylic acids and derivatives	5122.0	9849	EB-MSV000090464-gnps_ms2	transferred	2	410.3409	8.38	410.3415	8.403367	1.462	0.023	1.0	ms2_tie	assigned
C28H48O8	[M + H]+	2-[2-[2-[2-[2-(2-Ethylhexanoyloxy)ethoxy]ethoxy]ethoxy]ethoxy]ethyl 2-ethylhexanoate	CCCCC(CC)C(=O)OCCOCCOCCOCCOCCOC(=O)C(CC)CCCC	0.058	Polyketides	Open-chain polyketides	Phenol ethers	3884.0	9851	EB-MSV000090464-gnps_ms2	transferred	2	513.3419	8.36	513.3418	8.383773	-0.195	0.024	1.0	ms2_tie	assigned
C43H74NO8P	[M + H]+	(2-aminoethoxy)[2-(icosa-8,11,14-trienoyloxy)-3-(octadeca-6,9,12-trienoyloxy)propoxy]phosphinic acid	CCCCCC=CCC=CCC=CCCCCCCC(=O)OC(COC(=O)CCCCC=CCC=CCC=CCCCCC)COP(=O)(O)OCCN	0.142	Fatty acids	Glycerophosphoethanolamines	Glycerophospholipids	35958.0	9854	EB-MSV000090464-gnps_ms2	transferred	2	764.5194	8.36	764.5189	8.323585	-0.654	-0.036	0.9999	ms2_tie	assigned
C22H43NO	[M + H]+	docos-13-enamide	CCCCCCCCC=CCCCCCCCCCCCC(=O)N	0.458	Fatty acids	Primary amides	Fatty Acyls	1195.0	9858	EB-MSV000090464-gnps_ms2	transferred	2	338.3426	8.36	338.3427	8.752794	0.296	0.393	0.9538	ms2_tie	assigned
C44H83NO7	[M + Na]+	4-[3-hexadecanoyloxy-2-[(Z)-octadec-9-enoyl]oxypropoxy]-2-(trimethylazaniumyl)butanoate	CCCCCCCCCCCCCCCC(=O)OCC(COCCC(C(=O)O)[N+](C)(C)C)OC(=O)CCCCCCCC=CCCCCCCCC	0.148	Fatty acids	Fatty acyl carnitines	Fatty Acyls	19265.0	9863	EB-MSV000090464-gnps_ms2	transferred	3	760.6042	8.38	760.6041	8.124143	-0.131	-0.256	0.9846	ms2_winner	assigned
C41H75F2N5O5	[M + H]+	H-Lys(Boc)-Lys(Boc)-DL-Nle(octyl)-OtBu	CCCCCCCCCCCCC(C(=O)OC(C)(C)C)NC(=O)C(CCCCNC(=O)OC(C)(C)C)NC(=O)C(CCCCNC(=O)OC(C)(C)C)N	0.042	Amino acids and Peptides	Lipopeptides	Peptidomimetics	38025.0	9866	EB-MSV000090464-gnps_ms2	transferred	2	756.5805	8.37	756.5778	8.5838	-3.569	0.214	0.7531	ms2_winner	assigned
C40H63N5O3	[M + H]+	Adenosylhopane	CC(CCC1C(C(C(O1)N2C=NC3=C(N=CN=C32)N)O)O)C4CCC5(C4CCC6(C5CCC7C6(CCC8C7(CCCC8(C)C)C)C)C)C	0.025	Amino acids and Peptides	Open-chain polyketides	Carboxylic acids and derivatives	4477.0	9868	EB-MSV000090464-gnps_ms2	transferred	1	662.4975	8.37	662.496	8.36113	-2.264	-0.009	0.9738	unique	assigned
C46H85NO7	[M + H]+	[(7R,9Z,26Z,29R)-29-acetyloxy-18-[4-(dimethylamino)butoxycarbonyloxy]pentatriaconta-9,26-dien-7-yl] acetate	CCCCCCC(CC=CCCCCCCCC(CCCCCCCC=CCC(CCCCCC)OC(=O)C)OC(=O)OCCCCN(C)C)OC(=O)C	0.081	Fatty acids	Neutral glycosphingolipids	Carboxylic acids and derivatives		9869	EB-MSV000090464-gnps_ms2	transferred	0	764.6378	8.39							no_match
C40H77NO7	[M + Na]+		CC(C)CCCCCCCCCCCC(=O)OCC(COCC(C[N+](C)(C)C)C(=O)[O-])OC(=O)CCCCCCCCCCCC(C)C	0.239	Fatty acids	Fatty acyl carnitines	Fatty Acyls		9872	EB-MSV000090464-gnps_ms2	transferred	0	706.5647	8.38							no_match
C27H48O8	[M + H]+	3,6,9,12,15,18-Hexaoxahentriacontan-1-oic acid	CCCCCCCCCCCCCOCCOCCOCCOCCOCCOCC(=O)O	0.047	Fatty acids	Monoacylglycerols	Glycerolipids	2784.0	9874	EB-MSV000090464-gnps_ms2	transferred	2	501.3446	8.4	501.3446	8.39786	0.0	-0.002	1.0	unique	assigned
C44H81NO7	[M + H]+	[3-(2-ethoxyethoxycarbonylamino)-2-[(Z)-octadec-9-enoyl]oxypropyl] (Z)-octadec-9-enoate	CCCCCCCCC=CCCCCCCCC(=O)OCC(CNC(=O)OCCOCC)OC(=O)CCCCCCCC=CCCCCCCCC	0.289	Fatty acids	Triacylglycerols	Glycerolipids		9876	EB-MSV000090464-gnps_ms2	transferred	0	736.6059	8.39							no_match
C42H77NO7	[M + H]+	Bathymodiolamide B	CCCCCCCCCCCCCC(=O)OCC(C(C(CO)NC(=O)CCCCCCCCCCC)O)OC(=O)CCC=CCC=CCCC	0.097	Fatty acids	Fatty acyl carnitines	Fatty Acyls		9878	EB-MSV000090464-gnps_ms2	transferred	0	708.5803	8.39							no_match
C23H40O4	[M + H]+	2,3-dihydroxypropyl icosa-5,8,11-trienoate	CCCCCCCCC=CCC=CCC=CCCCC(=O)OCC(CO)O	0.212	Fatty acids	Monoacylglycerols	Glycerolipids	1712.0	9880	EB-MSV000090464-gnps_ms2	transferred	3	381.2996	8.41	381.2996	8.403623	0.0	-0.006	0.9997	unique	assigned
C28H47N5O4	[M + H]+	6-(3-aminopropyl)-13-(6-ethylnonyl)-3-(propan-2-yl)-1,4,7,10-tetraazacyclotrideca-1,4,7,10-tetraene-2,5,8,11-tetrol	CCCC(CC)CCCCCC1CC(=O)NCC(=O)NC(C(=O)NC(C(=O)N1)C(C)C)CCCN	0.036	Fatty acids	N-acyl amines	Carboxylic acids and derivatives	204.0	9882	EB-MSV000090464-gnps_ms2	transferred	4	518.37	8.41	518.3698	8.405863	-0.386	-0.004	1.0	unique	assigned
C29H46O8	[M + H]+	12-(Acetoxy)stearic acid, 2,3-bis(acetoxy)propyl ester	CCCCCCC(CCCCCCCCCCC(=O)OCC(COC(=O)C)OC(=O)C)OC(=O)C	0.094	Fatty acids	Fatty alcohols	Fatty Acyls	368.0	9884	EB-MSV000090464-gnps_ms2	transferred	2	523.3249	8.41	523.3247	8.390417	-0.382	-0.02	1.0	unique	assigned
C30H51N5O4	[M + H]+		CCCCCCCCCCCCCCCCC=CC(C(COC1C(C(C(C(O1)CO)O)O)O)NC(=O)C)O	0.156	Fatty acids	Neutral glycosphingolipids	Sphingolipids	248.0	9885	EB-MSV000090464-gnps_ms2	transferred	1	546.4015	8.41	546.4012	8.30267	-0.549	-0.107	1.0	unique	assigned
C31H53N3O5	[M + H]+	[(2S)-1-[(3S)-3-hexyl-4-oxooxetan-2-yl]pentadecan-2-yl] (2S)-2-formamido-3-(1H-imidazol-5-yl)propanoate	CCCCCCCCCCCCCC(CC1C(C(=O)O1)CCCCCC)OC(=O)C(CC2=CN=CN2)NC=O	0.029	Amino acids and Peptides	Microcolins and mirabimids	Carboxylic acids and derivatives		9886	EB-MSV000090464-gnps_ms2	transferred	1	548.4058	8.41							no_ms2_candidate
C46H79NO7	[M + H]+	1-hexadecanoyl-2-(9Z,12Z-octadecadienoyl)-3-O-[(N,N,N-trimethyl) homoserine]-glycerol	CCCCCCCCCCCCCCCC(=O)OCC(COCCC(C(=O)O)[N+](C)(C)C)OC(=O)CCCCCCCC=CCC=CCCCCC	0.109	Fatty acids	Fatty acyl carnitines	Fatty Acyls		9887	EB-MSV000090464-gnps_ms2	transferred	1	758.5887	8.4							low_cosine
C43H77NO7	[M + H]+	[2-[[2-(3-Methoxy-3-methylbutoxy)-2-methylpropanoyl]amino]-3-tetradecanoyloxypropyl] tetradecanoate	CCCCCCCCCCCCCC(=O)OCC(COC(=O)CCCCCCCCCCCCC)NC(=O)C(C)(C)OCCC(C)(C)OC	0.225	Fatty acids	N-acyl amines	Fatty Acyls		9888	EB-MSV000090464-gnps_ms2	transferred	0	720.5752	8.4							no_match
C42H81N5O8	[M + H]+	N-Stearoyldesferrioxamine	CCCCCCCCCCCCCCCCCC(=O)NCCCCCN(C(=O)CCC(=O)NCCCCCN(C(=O)CCCCCCCN(C(=O)C)O)O)O	0.058	Amino acids and Peptides	Lipopeptides	Carboxylic acids and derivatives		9889	EB-MSV000090464-gnps_ms2	transferred	2	784.6041	8.42							low_cosine
C44H83NO7	[M + Na]+	1-O-[(2R)-3-[(E,1S)-1-hydroxyhexadec-2-enoxy]-2-(octadecanoylamino)propyl] 4-O-propan-2-yl butanedioate	CCCCCCCCCCCCCCCCCC(=O)NC(COC(C=CCCCCCCCCCCCCC)O)COC(=O)CCC(=O)OC(C)C	0.155	Fatty acids	Neutral glycosphingolipids	Sphingolipids	19265.0	9891	EB-MSV000090464-gnps_ms2	transferred	3	760.6055	8.41	760.6041	8.124143	-1.841	-0.286	0.9685	ms2_winner	assigned
C44H83NO7	[M + H]+	4-[3-hexadecanoyloxy-2-[(Z)-octadec-9-enoyl]oxypropoxy]-2-(trimethylazaniumyl)butanoate	CCCCCCCCCCCCCCCC(=O)OCC(COCCC(C(=O)O)[N+](C)(C)C)OC(=O)CCCCCCCC=CCCCCCCCC	0.14	Fatty acids	Fatty acyl carnitines	Fatty Acyls		9892	EB-MSV000090464-gnps_ms2	transferred	0	738.6209	8.4							no_match
C42H79NO7	[M + H]+	2-[(2-Dodecanoyloxyacetyl)-(2-dodecanoyloxyethyl)amino]ethyl dodecanoate	CCCCCCCCCCCC(=O)OCCN(CCOC(=O)CCCCCCCCCCC)C(=O)COC(=O)CCCCCCCCCCC	0.115	Fatty acids	Fatty acyl carnitines	Fatty Acyls		9893	EB-MSV000090464-gnps_ms2	transferred	0	710.59	8.41							no_match
C44H81NO7	[M + H]+		CC(=CCCC(=CCCC(=CCCC(=CCCC(=CCCC(=CCCC(=CCCC(=CCCC(=CCOC(=O)C1=CN=CC=C1)C)C)C)C)C)C)C)C)C	0.05	Fatty acids	Steroidal alkaloids			9897	EB-MSV000090464-gnps_ms2	transferred	0	736.6059	8.42							no_match
C44H83NO7	[M + H]+	1-O-[(2R)-3-[(E,1S)-1-hydroxyhexadec-2-enoxy]-2-(octadecanoylamino)propyl] 4-O-propan-2-yl butanedioate	CCCCCCCCCCCCCCCCCC(=O)NC(COC(C=CCCCCCCCCCCCCC)O)COC(=O)CCC(=O)OC(C)C	0.451	Fatty acids	Ceramides	Fatty Acyls		9898	EB-MSV000090464-gnps_ms2	transferred	0	738.6242	8.42							no_match
C42H79NO7	[M + Na]+	2-[(2-Dodecanoyloxyacetyl)-(2-dodecanoyloxyethyl)amino]ethyl dodecanoate	CCCCCCCCCCCC(=O)OCCN(CCOC(=O)CCCCCCCCCCC)C(=O)COC(=O)CCCCCCCCCCC	0.045	Fatty acids	Fatty acyl carnitines	Fatty Acyls	23348.0	9900	EB-MSV000090464-gnps_ms2	transferred	2	732.5746	8.42	732.5732	8.093964	-1.911	-0.326	0.9961	ms2_winner	assigned
C42H81NO7	[M + Na]+	[3-Hexadecanoyloxy-2-[2-(2-methoxypropoxy)propanoylamino]propyl] hexadecanoate	CCCCCCCCCCCCCCCC(=O)OCC(COC(=O)CCCCCCCCCCCCCCC)NC(=O)C(C)OCC(C)OC	0.28	Fatty acids	N-acyl amines	Fatty Acyls		9902	EB-MSV000090464-gnps_ms2	transferred	0	734.591	8.42							no_match
C41H77N3O9	[M + H]+	4-[1-[[4-[(4-Carboxy-2,4-dimethylpentan-2-yl)-(2-carboxy-2-methylpropyl)amino]-2,4-dimethylpentan-2-yl]-(2-methyl-4-oxopentan-2-yl)amino]propan-2-yl-(2-carboxypropyl)amino]-2,2,4-trimethylpentanoic acid	CC(CN(C(C)CN(C(C)(C)CC(=O)C)C(C)(C)CC(C)(C)N(CC(C)(C)C(=O)O)C(C)(C)CC(C)(C)C(=O)O)C(C)(C)CC(C)(C)C(=O)O)C(=O)O	0.086	Polyketides	Erythromycins	Carboxylic acids and derivatives	29635.0	9903	EB-MSV000090464-gnps_ms2	transferred	3	756.5714	8.43	756.572	8.110214	0.793	-0.32	0.9011	ms2_winner	assigned
C46H83NO7	[M + H]+	[2-[[2-(2-Methoxyethoxy)acetyl]amino]-3-octadecanoyloxypropyl] octadecanoate	CCCCCCCCCCCCCCCCCC(=O)OCC(COC(=O)CCCCCCCCCCCCCCCCC)NC(=O)COCCOC	0.053	Fatty acids	Fatty acyl carnitines	Fatty Acyls		9905	EB-MSV000090464-gnps_ms2	transferred	1	762.6236	8.43							no_ms2_candidate
C40H75BN6O6	[M + H]+	lauroyl-bAla(3-BuNH2)-bAla(3-Pr)-bAla(3-iBu)-bAla(3-BuNH2)-NH2	CCCCCCCCCCCC(=O)NC(CCCCN)CC(=O)NC(CCC)CC(=O)NC(CC(C)C)CC(=O)NC(CCCCN)CC(=O)N	0.188	Amino acids and Peptides	Linear peptides	Carboxylic acids and derivatives	19323.0	9909	EB-MSV000090464-gnps_ms2	transferred	3	746.5952	8.44	746.5939	8.452	-1.741	0.012	0.9999	ms2_winner	assigned
C34H74N12O6	[M + H]+	bis[(N'-octadecylcarbamimidoyl)amino] oxalate	CCCCCCCCCCCCCCCCCCN=C(N)NOC(=O)C(=O)ONC(=NCCCCCCCCCCCCCCCCCC)N	0.016	Amino acids and Peptides	Linear peptides	Carboxylic acids and derivatives	5877.0	9910	EB-MSV000090464-gnps_ms2	transferred	3	747.5923	8.44	747.5911	8.461253	-1.605	0.021	0.9998	ms2_winner	assigned
C40H84NO5PS2	[M + H]+	2-[2-Ethyl-4-methyl-4-[2-[2-methyl-5-(2-methylaziridin-1-yl)-3-oxopentan-2-yl]oxyethoxy]-2-[2-[2-[2-methyl-5-(2-methylaziridin-1-yl)-3-oxopentan-2-yl]oxyethoxy]propyl]pentoxy]ethyl 3-(2-methylaziridin-1-yl)propanoate	CCC(CC(C)OCCOC(C)(C)C(=O)CCN1CC1C)(CC(C)(C)OCCOC(C)(C)C(=O)CCN2CC2C)COCCOC(=O)CCN3CC3C	0.178	Amino acids and Peptides	Lipopeptides	Fatty Acyls	29267.0	9911	EB-MSV000090464-gnps_ms2	transferred	3	754.5619	8.45	754.5614	8.401833	-0.663	-0.048	0.9998	ms2_winner	assigned
C44H73N7O5	[M + H]+	(2R)-N'-[(3S,5S)-1-[(2S)-3,3-dimethyl-2-[[(2S)-2-(methylamino)propanoyl]amino]butanoyl]-5-[[(2R)-3-methylbutan-2-yl]carbamoyl]pyrrolidin-3-yl]-N-[(2S)-3-methylbutan-2-yl]-2-[[(2R)-3-methyl-2-[[(2R)-2-(methylamino)propanoyl]amino]butanoyl]amino]pentanediamide	CC(C)C(C)NC(=O)C1CC(CN1C(=O)C(C(C)(C)C)NC(=O)C(C)NC)NC(=O)CCC(C(=O)NC(C)C(C)C)NC(=O)C(C(C)C)NC(=O)C(C)NC	0.089	Amino acids and Peptides	Linear peptides	Carboxylic acids and derivatives		9912	EB-MSV000090464-gnps_ms2	transferred	1	780.5758	8.46							low_cosine
C28H37NO2	[M + H]+	Pyridin-3-ylmethyl docosa-4,7,10,13,16,19-hexaenoate	CCC=CCC=CCC=CCC=CCC=CCC=CCCC(=O)OCC1=CN=CC=C1	0.155	Alkaloids	Terpenoid alkaloids	Indoles and derivatives	8724.0	9914	EB-MSV000090464-gnps_ms2	transferred	1	420.2905	8.45	420.2904	8.413082	-0.238	-0.037	0.9985	unique	assigned
C42H77NO7	[M + Na]+	Bathymodiolamide B	CCCCCCCCCCCCCC(=O)OCC(C(C(CO)NC(=O)CCCCCCCCCCC)O)OC(=O)CCC=CCC=CCCC	0.045	Fatty acids	N-acyl amines	Carboxylic acids and derivatives	3514.0	9915	EB-MSV000090464-gnps_ms2	transferred	3	730.5568	8.44	730.5561	8.207174	-0.958	-0.233	0.759	ms2_tie	assigned
C20H39NO	[M + H]+	trans-11-icosenamide	CCCCCCCCC=CCCCCCCCCCC(=O)N	0.476	Fatty acids	Primary amides	Fatty Acyls	1292.0	9919	EB-MSV000090464-gnps_ms2	transferred	1	310.3108	8.45	310.3108	8.461194	0.0	0.011	0.821	unique	assigned
C28H47N5O4	[M + H]+	6-(3-aminopropyl)-13-(6-ethylnonyl)-3-(propan-2-yl)-1,4,7,10-tetraazacyclotrideca-1,4,7,10-tetraene-2,5,8,11-tetrol	CCCC(CC)CCCCCC1CC(=O)NCC(=O)NC(C(=O)NC(C(=O)N1)C(C)C)CCCN	0.046	Fatty acids	N-acyl amines	Carboxylic acids and derivatives	204.0	9922	EB-MSV000090464-gnps_ms2	transferred	4	518.37	8.46	518.3698	8.405863	-0.386	-0.054	0.9997	unique	assigned
C44H83NO7	[M + H]+	4-[3-hexadecanoyloxy-2-[(Z)-octadec-9-enoyl]oxypropoxy]-2-(trimethylazaniumyl)butanoate	CCCCCCCCCCCCCCCC(=O)OCC(COCCC(C(=O)O)[N+](C)(C)C)OC(=O)CCCCCCCC=CCCCCCCCC	0.122	Fatty acids	Fatty acyl carnitines	Fatty Acyls		9924	EB-MSV000090464-gnps_ms2	transferred	0	738.622	8.45							no_match
C41H74NO8P	[M + H]+	1,2-Bis-[(9Z,11Z)-Octadecadienoyl]-Sn-Glycero-3-Phosphoethanolamine	CCCCCCC=CC=CCCCCCCCC(=O)OCC(COP(=O)(O)OCCN)OC(=O)CCCCCCCC=CC=CCCCCCC	0.679	Fatty acids	Glycerophosphoethanolamines	Glycerophospholipids		9925	EB-MSV000090464-gnps_ms2	transferred	3	740.527	8.44							low_cosine
C42H77NO7	[M + H]+	Bathymodiolamide B	CCCCCCCCCCCCCC(=O)OCC(C(C(CO)NC(=O)CCCCCCCCCCC)O)OC(=O)CCC=CCC=CCCC	0.114	Fatty acids	Fatty acyl carnitines	Fatty Acyls		9927	EB-MSV000090464-gnps_ms2	transferred	0	708.5765	8.46							no_match
C46H83NO7	[M + H]+	[(2S,5S)-5-[3-(dimethylamino)propanoyloxymethyl]-2-[(Z)-octadec-9-enoyl]oxyoxolan-3-yl] (Z)-octadec-9-enoate	CCCCCCCCC=CCCCCCCCC(=O)OC1CC(OC1OC(=O)CCCCCCCC=CCCCCCCCC)COC(=O)CCN(C)C	0.007	Fatty acids	Neutral glycosphingolipids	Fatty Acyls		9928	EB-MSV000090464-gnps_ms2	transferred	0	762.6268	8.46							no_match
C40H75NO7	[M + H]+	4-[2-nonadecanoyloxy-3-[(E)-undec-4-enoyl]oxypropoxy]-2-(trimethylazaniumyl)butanoate	CCCCCCCCCCCCCCCCCCC(=O)OC(COCCC(C(=O)O)[N+](C)(C)C)COC(=O)CCC=CCCCCCC	0.028	Fatty acids	Fatty acyl carnitines	Fatty Acyls	31885.0	9929	EB-MSV000090464-gnps_ms2	transferred	2	682.5612	8.47	682.564	8.386108	4.102	-0.084	0.9513	ms2_winner	assigned
C41H74NO8P	[M + H]+	1,2-Bis-[(9Z,11Z)-Octadecadienoyl]-Sn-Glycero-3-Phosphoethanolamine	CCCCCCC=CC=CCCCCCCCC(=O)OCC(COP(=O)(O)OCCN)OC(=O)CCCCCCCC=CC=CCCCCCC	0.714	Fatty acids	Glycerophosphoethanolamines	Glycerophospholipids	15920.0	9933	EB-MSV000090464-gnps_ms2	transferred	5	740.5196	8.45	740.5181	8.470057	-2.026	0.02	0.9228	ms2_tie	assigned
C92H157NO12	[M + H]+								9934	EB-MSV000090464-gnps_ms2	transferred	0	1469.1782	8.5							no_match
C28H57NO8	[M + Na]+	2-[(21-amino-3,20-dihydroxydocosan-2-yl)oxy]-6-(hydroxymethyl)oxane-3,4,5-triol	CC(C(CCCCCCCCCCCCCCCCC(C(C)OC1C(C(C(C(O1)CO)O)O)O)O)O)N	0.048	Polyketides	Open-chain polyketides	Carboxylic acids and derivatives	439.0	9935	EB-MSV000090464-gnps_ms2	transferred	1	558.401	8.45	558.4011	8.369232	0.179	-0.081	0.9875	unique	assigned
C38H69NO8	[M + O + H]+	(E)-N-[(2S,3R,4E,6E)-3-hydroxy-1-[(2S,5R,6S)-3,4,5-trihydroxy-6-(hydroxymethyl)oxan-2-yl]oxytetradeca-4,6-dien-2-yl]octadec-9-enamide	CCCCCCCCC=CCCCCCCCC(=O)NC(COC1C(C(C(C(O1)CO)O)O)O)C(C=CC=CCCCCCCC)O	0.404	Fatty acids	Neutral glycosphingolipids	Sphingolipids	2096.0	9938	EB-MSV000090464-gnps_ms2	transferred	2	684.5074	8.48	684.5064	8.496109	-1.461	0.016	1.0	ms2_tie	assigned
C39H78O13	[M + H]+							2856.0	9939	EB-MSV000090464-gnps_ms2	transferred	3	755.5452	8.49	755.5454	8.461802	0.265	-0.028	0.9071	ms2_tie	assigned
C42H81N5O8	[M + H]+	N-Stearoyldesferrioxamine	CCCCCCCCCCCCCCCCCC(=O)NCCCCCN(C(=O)CCC(=O)NCCCCCN(C(=O)CCCCCCCN(C(=O)C)O)O)O	0.025	Amino acids and Peptides	Microcolins and mirabimids	Carboxylic acids and derivatives	37061.0	9941	EB-MSV000090464-gnps_ms2	transferred	2	784.6045	8.46	784.6063	8.106063	2.294	-0.354	0.864	ms2_winner	assigned
C42H79NO7	[M + H]+	2-[(2-Dodecanoyloxyacetyl)-(2-dodecanoyloxyethyl)amino]ethyl dodecanoate	CCCCCCCCCCCC(=O)OCCN(CCOC(=O)CCCCCCCCCCC)C(=O)COC(=O)CCCCCCCCCCC	0.03	Fatty acids	Ceramides	Fatty Acyls		9943	EB-MSV000090464-gnps_ms2	transferred	0	710.5899	8.47							no_match
C42H77NO7	[M + H]+	Bathymodiolamide B	CCCCCCCCCCCCCC(=O)OCC(C(C(CO)NC(=O)CCCCCCCCCCC)O)OC(=O)CCC=CCC=CCCC	0.116	Fatty acids	Fatty acyl carnitines	Fatty Acyls	36848.0	9945	EB-MSV000090464-gnps_ms2	transferred	1	708.5767	8.49	708.5816	8.974753	6.915	0.485	0.7908	unique	assigned
C30H57N3O3	[M + K]+	rhabdopeptide k	CC(C)C(C(=O)NC(C(C)C)C(=O)NC(C(C)C)C(=O)N(C)C(C(C)C)C(=O)NCCC1=CC=CC=C1)NC	0.094	Amino acids and Peptides	Linear peptides	Carboxylic acids and derivatives	248.0	9949	EB-MSV000090464-gnps_ms2	transferred	1	546.4014	8.5	546.4012	8.30267	-0.366	-0.197	0.9443	unique	assigned
C4H4N2O3S	[M + Na]+	4-Methoxy-1,2,5-thiadiazole-3-carboxylic acid	COC1=NSN=C1C(=O)O	0.054	Alkaloids	Imidazole alkaloids	Azoles		9950	EB-MSV000090464-gnps_ms2	transferred	0	182.9855	8.5							no_match
C41H79N3O9	[M + H]+	1-hexadecanoyl-2-(9Z,12Z-octadecadienoyl)-3-O-[(N,N,N-trimethyl) homoserine]-glycerol	CCCCCCCCCCCCCCCC(=O)OCC(COCCC(C(=O)O)[N+](C)(C)C)OC(=O)CCCCCCCC=CCC=CCCCCC	0.059	Fatty acids	Ceramides	Fatty Acyls		9951	EB-MSV000090464-gnps_ms2	transferred	0	758.5883	8.48							no_match
C44H83NO7	[M + H]+	4-[3-hexadecanoyloxy-2-[(Z)-octadec-9-enoyl]oxypropoxy]-2-(trimethylazaniumyl)butanoate	CCCCCCCCCCCCCCCC(=O)OCC(COCCC(C(=O)O)[N+](C)(C)C)OC(=O)CCCCCCCC=CCCCCCCCC	0.111	Fatty acids	Ceramides	Fatty Acyls		9954	EB-MSV000090464-gnps_ms2	transferred	0	738.6209	8.5							no_match
C44H81NO7	[M + H]+	1-hexadecanoyl-2-(9Z,12Z-octadecadienoyl)-3-O-[(N,N,N-trimethyl) homoserine]-glycerol	CCCCCCCCCCCCCCCC(=O)OCC(COCCC(C(=O)O)[N+](C)(C)C)OC(=O)CCCCCCCC=CCC=CCCCCC	0.124	Fatty acids	Fatty acyl carnitines	Fatty Acyls		9956	EB-MSV000090464-gnps_ms2	transferred	0	736.6058	8.5							no_match
C22H41NO	[M + H]+	N-(2-methylpropyl)octadeca-9,12-dienamide	CCCCCC=CCC=CCCCCCCCC(=O)NCC(C)C	0.164	Fatty acids	Primary amides	Fatty Acyls	6564.0	9957	EB-MSV000090464-gnps_ms2	transferred	2	336.3269	8.51	336.3273	8.515132	1.189	0.005	0.9093	unique	assigned
C44H83NO7	[M + Na]+	4-[3-hexadecanoyloxy-2-[(Z)-octadec-9-enoyl]oxypropoxy]-2-(trimethylazaniumyl)butanoate	CCCCCCCCCCCCCCCC(=O)OCC(COCCC(C(=O)O)[N+](C)(C)C)OC(=O)CCCCCCCC=CCCCCCCCC	0.134	Fatty acids	Fatty acyl carnitines	Fatty Acyls	19265.0	9959	EB-MSV000090464-gnps_ms2	transferred	3	760.6065	8.5	760.6041	8.124143	-3.155	-0.376	0.9853	ms2_tie	assigned
C44H83NO7	[M + Na]+	4-[3-hexadecanoyloxy-2-[(Z)-octadec-9-enoyl]oxypropoxy]-2-(trimethylazaniumyl)butanoate	CCCCCCCCCCCCCCCC(=O)OCC(COCCC(C(=O)O)[N+](C)(C)C)OC(=O)CCCCCCCC=CCCCCCCCC	0.136	Fatty acids	Fatty acyl carnitines	Fatty Acyls	19265.0	9960	EB-MSV000090464-gnps_ms2	transferred	3	760.6056	8.51	760.6041	8.124143	-1.972	-0.386	0.9906	ms2_tie	assigned
C43H81NO7	[M + H]+	lauroyl-bAla(3-BuNH2)-bAla(3-Pr)-bAla(3-iBu)-bAla(3-BuNH2)-NH2	CCCCCCCCCCCC(=O)NC(CCCCN)CC(=O)NC(CCC)CC(=O)NC(CC(C)C)CC(=O)NC(CCCCN)CC(=O)N	0.135	Amino acids and Peptides	Tripeptides	Carboxylic acids and derivatives		9964	EB-MSV000090464-gnps_ms2	transferred	0	724.6098	8.51							no_match
C37H67NO10	[M + H]+	[36-(Hydroxyamino)-36-oxohexatriacontyl] dihydrogen phosphate	C(CCCCCCCCCCCCCCCCCC(=O)NO)CCCCCCCCCCCCCCCCCOP(=O)(O)O	0.019	Amino acids and Peptides	Open-chain polyketides		782.0	9965	EB-MSV000090464-gnps_ms2	transferred	3	686.4824	8.54	686.4826	8.541508	0.291	0.002	0.8509	ms2_tie	assigned
C42H79NO7	[M + Na]+	2-[(2-Dodecanoyloxyacetyl)-(2-dodecanoyloxyethyl)amino]ethyl dodecanoate	CCCCCCCCCCCC(=O)OCCN(CCOC(=O)CCCCCCCCCCC)C(=O)COC(=O)CCCCCCCCCCC	0.081	Fatty acids	Fatty acyl carnitines	Fatty Acyls	23348.0	9966	EB-MSV000090464-gnps_ms2	transferred	1	732.575	8.51	732.5732	8.093964	-2.457	-0.416	0.9688	unique	assigned
C39H78O13	[M + H]+							4566.0	9968	EB-MSV000090464-gnps_ms2	transferred	3	755.5452	8.53	755.546	8.532	1.059	0.002	0.9998	ms2_tie	assigned
C42H74N2O10	[M + H]+	2-[2-(2-{3,6-dimethyl-4-azabicyclo[9.3.1]pentadeca-1(15),6,11,13-tetraen-9-yl}-7-hydroxydodeca-1,3,5-trien-6-yl)-1,10-dihydroxy-6-(3-hydroxypropyl)-10-[2-(methylamino)ethyl]spiro[4.5]decan-7-ylidene]propanal	CCCCCC(C(=CC=CC(=C)C1CC=C(CNC(CC2=CC(=CC=C2)C1)C)C)C3CCC4(C3O)C(C(=C(C)C=O)CCC4(CCNC)O)CCCO)O	0.047	Alkaloids	Cytochalasan alkaloids		4870.0	9969	EB-MSV000090464-gnps_ms2	transferred	3	767.5443	8.56	767.5443	8.510001	0.0	-0.05	0.9999	ms2_tie	assigned
C44H83NO7	[M + H]+	1-O-[(2R)-3-[(E,1S)-1-hydroxyhexadec-2-enoxy]-2-(octadecanoylamino)propyl] 4-O-propan-2-yl butanedioate	CCCCCCCCCCCCCCCCCC(=O)NC(COC(C=CCCCCCCCCCCCCC)O)COC(=O)CCC(=O)OC(C)C	0.371	Fatty acids	Ceramides	Fatty Acyls		9973	EB-MSV000090464-gnps_ms2	transferred	0	738.6227	8.54							no_match
C42H79N7O5	[M + H]+								9974	EB-MSV000090464-gnps_ms2	transferred	0	762.6267	8.54							no_match
C41H79NO8	[M + K]+	2-[3-[2-(1,2,2,5,5-Pentamethylpyrrolidine-3-carbonyl)oxyethoxy]-5-[2-(2,2,5,5-tetramethylpyrrolidine-3-carbonyl)oxyethoxy]cyclohexyl]oxyethyl 1,2,2,5,5-pentamethylpyrrolidine-3-carboxylate	CC1(CC(C(N1)(C)C)C(=O)OCCOC2CC(CC(C2)OCCOC(=O)C3CC(N(C3(C)C)C)(C)C)OCCOC(=O)C4CC(N(C4(C)C)C)(C)C)C	0.043	Polyketides	Depsipeptides	Carboxylic acids and derivatives	21970.0	9975	EB-MSV000090464-gnps_ms2	transferred	1	752.548	8.57	752.5418	8.616297	-8.239	0.046	0.7162	unique	assigned
C42H79N5O4	[M + K]+	(2,2-Dihexadecyl-1,3-dioxolan-4-yl)methyl 2-(trimethylazaniumyl)ethyl phosphate	CCCCCCCCCCCCCCCCC1(OCC(O1)COP(=O)(O)OCC[N+](C)(C)C)CCCCCCCCCCCCCCCC	0.06	Fatty acids	Glycerophosphoethanolamines	Glycerophospholipids		9978	EB-MSV000090464-gnps_ms2	transferred	2	756.5718	8.54							low_cosine
C42H82NO5P	[M + Na]+	1,2-dihexadecanoyl-sn-glycero-3-O-(N,N,N-trimethyl)-homoserine	CCCCCCCCCCCCCCCC(=O)OCC(COCCC(C(=O)O)[N+](C)(C)C)OC(=O)CCCCCCCCCCCCCCC	0.081	Fatty acids	Fatty acyl carnitines	Fatty Acyls		9980	EB-MSV000090464-gnps_ms2	transferred	0	734.5908	8.55							no_match
C42H79NO7	[M + H]+	2-[(2-Dodecanoyloxyacetyl)-(2-dodecanoyloxyethyl)amino]ethyl dodecanoate	CCCCCCCCCCCC(=O)OCCN(CCOC(=O)CCCCCCCCCCC)C(=O)COC(=O)CCCCCCCCCCC	0.028	Fatty acids	Fatty acyl carnitines	Fatty Acyls		9982	EB-MSV000090464-gnps_ms2	transferred	0	710.5898	8.57							no_match
C44H81NO7	[M + H]+	1-hexadecanoyl-2-(9Z,12Z-octadecadienoyl)-3-O-[(N,N,N-trimethyl) homoserine]-glycerol	CCCCCCCCCCCCCCCC(=O)OCC(COCCC(C(=O)O)[N+](C)(C)C)OC(=O)CCCCCCCC=CCC=CCCCCC	0.092	Fatty acids	Fatty acyl carnitines	Fatty Acyls		9984	EB-MSV000090464-gnps_ms2	transferred	0	736.6059	8.57							no_match
C46H79NO7	[M + H]+	1-hexadecanoyl-2-(9Z,12Z-octadecadienoyl)-3-O-[(N,N,N-trimethyl) homoserine]-glycerol	CCCCCCCCCCCCCCCC(=O)OCC(COCCC(C(=O)O)[N+](C)(C)C)OC(=O)CCCCCCCC=CCC=CCCCCC	0.064	Fatty acids	Ceramides	Sphingolipids		9986	EB-MSV000090464-gnps_ms2	transferred	0	758.5892	8.58							no_match
C33H60N4O7	[M + K]+	Cimigenol 3-(3-O-acetyl-beta-D-xyloside)	CC1CC2C(OC3(C1C4(CCC56CC57CCC(C(C7CCC6C4(C3O)C)(C)C)OC8C(C(C(CO8)O)OC(=O)C)O)C)O2)C(C)(C)O	0.138	Terpenoids	Cucurbitane triterpenoids	Prenol lipids	5917.0	9987	EB-MSV000090464-gnps_ms2	transferred	3	663.4102	8.6	663.4095	8.600602	-1.055	0.001	0.9996	ms2_winner	assigned
C40H78N14O8	[M + H]+	(9Z,11E,13E)-9,11,13-Octadecatrienoic acid 1-[[[(8Z,10E,12E)-1-oxo-8,10,12-heptadecatrienyl]oxy]methyl]-2-[[(8Z,10E,12E)-1-oxo-8,10,12-heptadecatrienyl]oxy]ethyl ester	CCCCC=CC=CC=CCCCCCCCC(=O)OC(COC(=O)CCCCCCC=CC=CC=CCCCC)COC(=O)CCCCCCC=CC=CC=CCCCC	0.036	Terpenoids	Prenyl quinone meroterpenoids			9989	EB-MSV000090464-gnps_ms2	transferred	4	883.6278	8.61							low_cosine
C37H67NO10	[M + H]+	(2S,4S)-N-[1-cyclopropyl-3,4-dioxo-4-(prop-2-enylamino)butan-2-yl]-1-[(2S)-2-[[(2S)-2-(2,2-dimethylpropanoylamino)-2-(1-methylcyclohexyl)acetyl]amino]-3,3-dimethylbutanoyl]-4-propan-2-ylpyrrolidine-2-carboxamide	CC(C)C1CC(N(C1)C(=O)C(C(C)(C)C)NC(=O)C(C2(CCCCC2)C)NC(=O)C(C)(C)C)C(=O)NC(CC3CC3)C(=O)C(=O)NCC=C	0.018	Amino acids and Peptides	Depsipeptides	Carboxylic acids and derivatives	782.0	9990	EB-MSV000090464-gnps_ms2	transferred	3	686.4824	8.59	686.4826	8.541508	0.291	-0.048	0.9773	ms2_tie	assigned
C42H79NO7	[M + Na]+	2-[(2-Dodecanoyloxyacetyl)-(2-dodecanoyloxyethyl)amino]ethyl dodecanoate	CCCCCCCCCCCC(=O)OCCN(CCOC(=O)CCCCCCCCCCC)C(=O)COC(=O)CCCCCCCCCCC	0.043	Fatty acids	Fatty acyl carnitines	Fatty Acyls	23348.0	9991	EB-MSV000090464-gnps_ms2	transferred	1	732.5745	8.59	732.5732	8.093964	-1.775	-0.496	0.9825	unique	assigned
C39H77N7O5	[M + H]+	lauroyl-bAla(3-BuNH2)-bAla(3-Pr)-bAla(3-iBu)-bAla(3-BuNH2)-NH2	CCCCCCCCCCCC(=O)NC(CCCCN)CC(=O)NC(CCC)CC(=O)NC(CC(C)C)CC(=O)NC(CCCCN)CC(=O)N	0.147	Amino acids and Peptides	Cyclic peptides	Carboxylic acids and derivatives		9992	EB-MSV000090464-gnps_ms2	transferred	0	724.6093	8.6							no_match
C44H83NO7	[M + Na]+	4-[3-hexadecanoyloxy-2-[(Z)-octadec-9-enoyl]oxypropoxy]-2-(trimethylazaniumyl)butanoate	CCCCCCCCCCCCCCCC(=O)OCC(COCCC(C(=O)O)[N+](C)(C)C)OC(=O)CCCCCCCC=CCCCCCCCC	0.099	Fatty acids	Fatty acyl carnitines	Fatty Acyls	24091.0	9993	EB-MSV000090464-gnps_ms2	transferred	1	760.6122	8.6	760.6127	8.947911	0.657	0.348	0.8757	unique	assigned
C44H81NO7	[M + H]+	1-hexadecanoyl-2-(9Z,12Z-octadecadienoyl)-3-O-[(N,N,N-trimethyl) homoserine]-glycerol	CCCCCCCCCCCCCCCC(=O)OCC(COCCC(C(=O)O)[N+](C)(C)C)OC(=O)CCCCCCCC=CCC=CCCCCC	0.118	Fatty acids	Ceramides	Fatty Acyls		9996	EB-MSV000090464-gnps_ms2	transferred	0	736.6059	8.6							no_match
C69H48O37	[M + H]+								9997	EB-MSV000090464-gnps_ms2	transferred	0	1469.1781	8.62							no_match
C47H79N5O3	[M + H]+	[2-[[2-(2-Methoxyethoxy)acetyl]amino]-3-octadecanoyloxypropyl] octadecanoate	CCCCCCCCCCCCCCCCCC(=O)OCC(COC(=O)CCCCCCCCCCCCCCCCC)NC(=O)COCCOC	0.121	Fatty acids	N-acyl amines	Fatty Acyls		9998	EB-MSV000090464-gnps_ms2	transferred	0	762.6262	8.61							no_match
C32H65O13	[M + H]+	H-Leu-Lys-Ser-Lys(Me)-Lys-Gly-al	CC(C)CC(C(=O)NC(CCCCN)C(=O)NC(CO)C(=O)NC(CCCCNC)C(=O)NC(CCCCN)C(=O)NCC=O)N	0.137	Amino acids and Peptides	Linear peptides	Carboxylic acids and derivatives	3261.0	9999	EB-MSV000090464-gnps_ms2	transferred	2	658.4547	8.61	658.454	8.61993	-1.063	0.01	1.0	ms2_tie	assigned
C49H76BFO4	[M + H]+	1-hexadecanoyl-2-(9Z,12Z-octadecadienoyl)-3-O-[(N,N,N-trimethyl) homoserine]-glycerol	CCCCCCCCCCCCCCCC(=O)OCC(COCCC(C(=O)O)[N+](C)(C)C)OC(=O)CCCCCCCC=CCC=CCCCCC	0.052	Fatty acids	Fatty acyl carnitines	Fatty Acyls		10002	EB-MSV000090464-gnps_ms2	transferred	0	758.5896	8.61							no_match
C44H73B2N7O4	[M + H]+	N-Stearoyldesferrioxamine	CCCCCCCCCCCCCCCCCC(=O)NCCCCCN(C(=O)CCC(=O)NCCCCCN(C(=O)CCCCCCCN(C(=O)C)O)O)O		Amino acids and Peptides	Lipopeptides	Peptidomimetics	37061.0	10005	EB-MSV000090464-gnps_ms2	transferred	1	784.6041	8.6	784.6063	8.106063	2.804	-0.494	0.7732	unique	assigned
C40H75N7O5	[M + H]+		CCCCCCCCCCCCCCCC(=O)OCC(COCCC(C(=O)[O-])[N+](C)(C)C)OC(=O)CCCC=CCCC=CCC=CCCCCC	0.111	Fatty acids	Diacylglycerols	Fatty Acyls		10008	EB-MSV000090464-gnps_ms2	transferred	0	734.5907	8.63							no_match
C42H77NO7	[M + H]+	Bathymodiolamide B	CCCCCCCCCCCCCC(=O)OCC(C(C(CO)NC(=O)CCCCCCCCCCC)O)OC(=O)CCC=CCC=CCCC	0.114	Fatty acids	Fatty acyl carnitines	Fatty Acyls	36848.0	10011	EB-MSV000090464-gnps_ms2	transferred	1	708.5778	8.64	708.5816	8.974753	5.363	0.335	0.8073	unique	assigned
C38H71NO8	[M + O + H]+		CCCCCCCCCC=CC(C(COC1C(C(C(C(O1)CO)O)O)O)NC(=O)CCCCCCCC=CCCCCCCCC)O	0.309	Fatty acids	Neutral glycosphingolipids	Sphingolipids	21238.0	10016	EB-MSV000090464-gnps_ms2	transferred	1	686.5203	8.65	686.5228	8.658977	3.642	0.009	1.0	unique	assigned
C44H83NO7	[M + H]+	1-O-[(2R)-3-[(E,1S)-1-hydroxyhexadec-2-enoxy]-2-(octadecanoylamino)propyl] 4-O-propan-2-yl butanedioate	CCCCCCCCCCCCCCCCCC(=O)NC(COC(C=CCCCCCCCCCCCCC)O)COC(=O)CCC(=O)OC(C)C	0.287	Fatty acids	Ceramides	Fatty Acyls		10017	EB-MSV000090464-gnps_ms2	transferred	0	738.6202	8.66							no_match
C42H79NO7	[M + H]+	2-[(2-Dodecanoyloxyacetyl)-(2-dodecanoyloxyethyl)amino]ethyl dodecanoate	CCCCCCCCCCCC(=O)OCCN(CCOC(=O)CCCCCCCCCCC)C(=O)COC(=O)CCCCCCCCCCC	0.091	Fatty acids	Ceramides	Fatty Acyls		10018	EB-MSV000090464-gnps_ms2	transferred	0	710.5902	8.65							no_match
C44H83NO7	[M + Na]+	4-[3-hexadecanoyloxy-2-[(Z)-octadec-9-enoyl]oxypropoxy]-2-(trimethylazaniumyl)butanoate	CCCCCCCCCCCCCCCC(=O)OCC(COCCC(C(=O)O)[N+](C)(C)C)OC(=O)CCCCCCCC=CCCCCCCCC	0.141	Fatty acids	Fatty acyl carnitines	Fatty Acyls	24091.0	10019	EB-MSV000090464-gnps_ms2	transferred	1	760.6064	8.66	760.6127	8.947911	8.283	0.288	0.9787	unique	assigned
C45H78O7	[M + H]+	methyl 2-hexadecyl-4-{5-hexadecyl-5-hydroxy-2-oxo-hexahydrofuro[3,2-b]furan-3a-yl}-5-oxocyclopent-1-ene-1-carboxylate	CCCCCCCCCCCCCCCCC1=C(C(=O)C(C1)C23CC(=O)OC2CC(O3)(CCCCCCCCCCCCCCCC)O)C(=O)OC	0.037	Terpenoids	Oleanane triterpenoids	Prenol lipids	11281.0	10020	EB-MSV000090464-gnps_ms2	transferred	1	731.5788	8.65	731.578	8.650339	-1.094	0.0	0.9579	unique	assigned
C29H47BN2O3	[M + Na]+	N~1~-(1-naphthyl)docosanamide	CCCCCCCCCCCCCCCCCCCCCC(=O)NC1=CC=CC2=CC=CC=C21	0.016	Fatty acids	Steroidal alkaloids	Benzene and substituted derivatives	4906.0	10021	EB-MSV000090464-gnps_ms2	transferred	2	504.3605	8.67	504.3604	8.672035	-0.198	0.002	1.0	ms2_tie	assigned
C44H83NO7	[M + Na]+	4-[3-hexadecanoyloxy-2-[(Z)-octadec-9-enoyl]oxypropoxy]-2-(trimethylazaniumyl)butanoate	CCCCCCCCCCCCCCCC(=O)OCC(COCCC(C(=O)O)[N+](C)(C)C)OC(=O)CCCCCCCC=CCCCCCCCC	0.094	Fatty acids	Ceramides	Fatty Acyls	24091.0	10027	EB-MSV000090464-gnps_ms2	transferred	1	760.6051	8.68	760.6127	8.947911	9.992	0.268	0.9781	unique	assigned
C46H83NO7	[M + H]+	1,3-Bis(pentadecylcarbamoylamino)propan-2-yl 2-(trimethylazaniumyl)ethyl phosphate	CCCCCCCCCCCCCCCNC(=O)NCC(CNC(=O)NCCCCCCCCCCCCCCC)OP(=O)(O)OCC[N+](C)(C)C	0.016	Fatty acids	Ceramides	Sphingolipids		10029	EB-MSV000090464-gnps_ms2	transferred	0	762.6263	8.69							no_match
C37H67NO10	[M + H]+	(2S,3R)-N-[1-cyclopropyl-3,4-dioxo-4-(prop-2-enylamino)butan-2-yl]-1-[(2S)-2-[[(2S)-2-(2,2-dimethylpropanoylamino)-2-(1-methylcyclohexyl)acetyl]amino]-3,3-dimethylbutanoyl]-3-propan-2-ylpyrrolidine-2-carboxamide	CC(C)C1CCN(C1C(=O)NC(CC2CC2)C(=O)C(=O)NCC=C)C(=O)C(C(C)(C)C)NC(=O)C(C3(CCCCC3)C)NC(=O)C(C)(C)C	0.032	Polyketides	Depsipeptides	Carboxylic acids and derivatives	782.0	10030	EB-MSV000090464-gnps_ms2	transferred	3	686.4823	8.65	686.4826	8.541508	0.437	-0.108	0.8643	ms2_tie	assigned
C38H71NO9	[M + H]+	2-Amino-4,8-Octadecadiene-1,3-Diol; (2S,3R,4E,8E)-Form, N-(2R-Hydroxytetradecanoyl), 1-O-&#946;-D-Glucopyranoside	CCCCCCCCCCCCC(C(=O)NC(COC1C(C(C(C(O1)CO)O)O)O)C(C=CCCC=CCCCCCCCCC)O)O	0.314	Fatty acids	Neutral glycosphingolipids	Sphingolipids	21238.0	10031	EB-MSV000090464-gnps_ms2	transferred	1	686.523	8.67	686.5228	8.658977	-0.291	-0.011	0.937	unique	assigned
C40H78N14O8	[M + H]+	Nls (pkkkrkv)	CC(C)C(C(=O)O)NC(=O)C(CCCCN)NC(=O)C(CCCN=C(N)N)NC(=O)C(CCCCN)NC(=O)C(CCCCN)NC(=O)C(CCCCN)NC(=O)C1CCCN1	0.044	Amino acids and Peptides	Cyclic peptides	Carboxylic acids and derivatives		10033	EB-MSV000090464-gnps_ms2	transferred	4	883.6276	8.7							low_cosine
C48H77N3O6	[M + Na]+	(2-Docosa-4,7,10,13,16,19-hexaenoyloxy-3-hexadecoxypropyl) 2-(trimethylazaniumyl)ethyl phosphate	CCCCCCCCCCCCCCCCOCC(COP(=O)(O)OCC[N+](C)(C)C)OC(=O)CCC=CCC=CCC=CCC=CCC=CCC=CCC	0.03	Terpenoids	Prenyl quinone meroterpenoids	Benzene and substituted derivatives	1927.0	10037	EB-MSV000090464-gnps_ms2	transferred	2	814.5663	8.71	814.5654	8.717097	-1.105	0.007	0.95	ms2_tie	assigned
C44H83NO7	[M + Na]+	4-[3-hexadecanoyloxy-2-[(Z)-octadec-9-enoyl]oxypropoxy]-2-(trimethylazaniumyl)butanoate	CCCCCCCCCCCCCCCC(=O)OCC(COCCC(C(=O)O)[N+](C)(C)C)OC(=O)CCCCCCCC=CCCCCCCCC	0.137	Fatty acids	Fatty acyl carnitines	Fatty Acyls	24091.0	10040	EB-MSV000090464-gnps_ms2	transferred	1	760.6069	8.71	760.6127	8.947911	7.625	0.238	0.9818	unique	assigned
C44H79NO7	[M + H]+	1,2-dihexadecanoyl-sn-glycero-3-O-(N,N,N-trimethyl)-homoserine	CCCCCCCCCCCCCCCC(=O)OCC(COCCC(C(=O)O)[N+](C)(C)C)OC(=O)CCCCCCCCCCCCCCC	0.075	Fatty acids	Fatty acyl carnitines	Fatty Acyls		10041	EB-MSV000090464-gnps_ms2	transferred	0	734.5907	8.72							no_match
C44H81NO7	[M + H]+		CCCCCCCCCCCCCCCCCCCCCCCCCCCCCCCC(=O)OCC(COC(C(=O)O)OCC[N+](C)(C)C)O	0.262	Fatty acids	Fatty acyl carnitines	Fatty Acyls		10042	EB-MSV000090464-gnps_ms2	transferred	0	736.6058	8.73							no_match
C42H77NO7	[M + H]+	Bathymodiolamide B	CCCCCCCCCCCCCC(=O)OCC(C(C(CO)NC(=O)CCCCCCCCCCC)O)OC(=O)CCC=CCC=CCCC	0.182	Fatty acids	Fatty acyl carnitines	Fatty Acyls	36848.0	10045	EB-MSV000090464-gnps_ms2	transferred	1	708.5779	8.73	708.5816	8.974753	5.222	0.245	0.7721	unique	assigned
C40H73NO9	[M + H]+	Chrysogeside A	CCCCCCCCCCCCCCC=CC(C(=O)NC(COC1C(C(C(C(O1)CO)O)O)O)C(C=CCCC=CCCCCCCC)O)O	0.231	Fatty acids	Neutral glycosphingolipids	Sphingolipids	29756.0	10048	EB-MSV000090464-gnps_ms2	transferred	1	712.5343	8.77	712.5339	8.799149	-0.561	0.029	0.9913	unique	assigned
C44H83NO7	[M + H]+	4-[3-hexadecanoyloxy-2-[(Z)-octadec-9-enoyl]oxypropoxy]-2-(trimethylazaniumyl)butanoate	CCCCCCCCCCCCCCCC(=O)OCC(COCCC(C(=O)O)[N+](C)(C)C)OC(=O)CCCCCCCC=CCCCCCCCC	0.098	Fatty acids	Ceramides	Fatty Acyls		10049	EB-MSV000090464-gnps_ms2	transferred	0	738.6203	8.75							no_match
C42H79N7O5	[M + H]+	1,3-Bis(pentadecylcarbamoylamino)propan-2-yl 2-(trimethylazaniumyl)ethyl phosphate	CCCCCCCCCCCCCCCNC(=O)NCC(CNC(=O)NCCCCCCCCCCCCCCC)OP(=O)(O)OCC[N+](C)(C)C	0.009	Fatty acids	Phosphosphingolipids	Sphingolipids		10051	EB-MSV000090464-gnps_ms2	transferred	0	762.6266	8.75							no_match
C22H43NO	[M + H]+	docos-13-enamide	CCCCCCCCC=CCCCCCCCCCCCC(=O)N	0.684	Fatty acids	Primary amides	Fatty Acyls	1195.0	10052	EB-MSV000090464-gnps_ms2	transferred	2	338.3426	8.79	338.3427	8.752794	0.296	-0.037	0.8554	ms2_tie	assigned
C42H79NO7	[M + H]+	2-[(2-Dodecanoyloxyacetyl)-(2-dodecanoyloxyethyl)amino]ethyl dodecanoate	CCCCCCCCCCCC(=O)OCCN(CCOC(=O)CCCCCCCCCCC)C(=O)COC(=O)CCCCCCCCCCC	0.059	Fatty acids	Fatty acyl carnitines	Fatty Acyls		10053	EB-MSV000090464-gnps_ms2	transferred	0	710.5897	8.76							no_match
C44H83NO7	[M + H]+	1-O-[(2R)-3-[(E,1S)-1-hydroxyhexadec-2-enoxy]-2-(octadecanoylamino)propyl] 4-O-propan-2-yl butanedioate	CCCCCCCCCCCCCCCCCC(=O)NC(COC(C=CCCCCCCCCCCCCC)O)COC(=O)CCC(=O)OC(C)C	0.679	Fatty acids	Ceramides	Fatty Acyls		10056	EB-MSV000090464-gnps_ms2	transferred	0	738.6219	8.77							no_match
C45H66N4O8	[M + H]+	(2S)-2-[[2-[butanoyl(methyl)amino]acetyl]-methylamino]-4-hydroxy-4-methyl-N-[(2S)-3-methyl-1-[methyl-[(2S)-4-methyl-1-[[(2S)-1-[[(2R)-1-[methyl-[(2S)-1-(methylamino)-1-oxopropan-2-yl]amino]-1-oxopropan-2-yl]amino]-1-oxopropan-2-yl]amino]-1-oxopentan-2-yl]amino]-1-oxobutan-2-yl]pentanamide	CCCC(=O)N(C)CC(=O)N(C)C(CC(C)(C)O)C(=O)NC(C(C)C)C(=O)N(C)C(CC(C)C)C(=O)NC(C)C(=O)NC(C)C(=O)N(C)C(C)C(=O)NC	0.272	Amino acids and Peptides	Linear peptides	Carboxylic acids and derivatives	5397.0	10057	EB-MSV000090464-gnps_ms2	transferred	5	791.4936	8.78	791.4861	8.756855	-9.476	-0.023	0.9999	ms2_winner	assigned
C42H76NO10P	[M + H]+	[3-[2-Aminoethoxy(hydroxy)phosphoryl]oxy-2-pentadecanoyloxypropyl] henicosanoate	CCCCCCCCCCCCCCCCCCCCC(=O)OCC(COP(=O)(O)OCCN)OC(=O)CCCCCCCCCCCCCC	0.005	Fatty acids	Open-chain polyketides	Benzene and substituted derivatives	9112.0	10058	EB-MSV000090464-gnps_ms2	transferred	2	786.5353	8.8	786.5356	8.804683	0.381	0.005	0.9999	ms2_tie	assigned
C44H83NO7	[M + Na]+	4-[3-hexadecanoyloxy-2-[(5E,8E,11E,14E)-icosa-5,8,11,14-tetraenoyl]oxypropoxy]-2-(trimethylazaniumyl)butanoate	CCCCCCCCCCCCCCCC(=O)OCC(COCCC(C(=O)O)[N+](C)(C)C)OC(=O)CCCC=CCC=CCC=CCC=CCCCCC	0.138	Fatty acids	Fatty acyl carnitines	Fatty Acyls	24091.0	10059	EB-MSV000090464-gnps_ms2	transferred	1	760.6063	8.78	760.6127	8.947911	8.414	0.168	0.9812	unique	assigned
C47H80O7	[M + H]+	2-[[2-[[2,2-Dimethyl-3-(2-methylpropyl)cyclobutyl]methoxymethyl]-2-[[3,3-dimethyl-4-(2-methylpropyl)oxetan-2-yl]methoxymethyl]-3-[[3-methylidene-4-(2-methylpropyl)oxetan-2-yl]methoxy]propoxy]methyl]-3,3-dimethyl-4-(2-methylpropyl)oxetane	CC(C)CC1CC(C1(C)C)COCC(COCC2C(=C)C(O2)CC(C)C)(COCC3C(C(O3)CC(C)C)(C)C)COCC4C(C(O4)CC(C)C)(C)C	0.077	Terpenoids	Ursane and Taraxastane triterpenoids	Prenol lipids	10002.0	10061	EB-MSV000090464-gnps_ms2	transferred	2	757.5942	8.79	757.5885	8.733579	-7.524	-0.056	0.9726	ms2_tie	assigned
C35H75N9O7	[M + H]+	[3-Hexadecanoyloxy-2-[2-(2-methoxypropoxy)propanoylamino]propyl] hexadecanoate	CCCCCCCCCCCCCCCC(=O)OCC(COC(=O)CCCCCCCCCCCCCCC)NC(=O)C(C)OCC(C)OC	0.292	Fatty acids	Ceramides	Fatty Acyls		10064	EB-MSV000090464-gnps_ms2	transferred	0	734.5907	8.79							no_match
C42H77NO7	[M + H]+	Bathymodiolamide B	CCCCCCCCCCCCCC(=O)OCC(C(C(CO)NC(=O)CCCCCCCCCCC)O)OC(=O)CCC=CCC=CCCC	0.098	Fatty acids	Fatty acyl carnitines	Fatty Acyls	36848.0	10065	EB-MSV000090464-gnps_ms2	transferred	1	708.5777	8.79	708.5816	8.974753	5.504	0.185	0.8029	unique	assigned
C44H86N2O2	[M + H]+	2-[(Z)-icos-11-enyl]-3-icosylbutanediamide	CCCCCCCCCCCCCCCCCCCCC(C(CCCCCCCCCCC=CCCCCCCCC)C(=O)N)C(=O)N	0.349	Fatty acids	Primary amides	Fatty Acyls	2774.0	10067	EB-MSV000090464-gnps_ms2	transferred	2	675.6762	8.79	675.6765	8.805094	0.444	0.015	1.0	ms2_tie	assigned
C40H73NO8	[M + O + H]+		CCCCCCCCCCCCCCCCCCCC=CCCC=CCCC=CC(C(COC1C(C(C(C(O1)CO)O)O)O)NC(=O)C)O	0.389	Fatty acids	Neutral glycosphingolipids	Sphingolipids	29756.0	10068	EB-MSV000090464-gnps_ms2	transferred	1	712.5344	8.79	712.5339	8.799149	-0.702	0.009	0.9924	unique	assigned
C39H81N3O9	[M + H]+	1-hexadecanoyl-2-(9Z,12Z-octadecadienoyl)-3-O-[(N,N,N-trimethyl) homoserine]-glycerol	CCCCCCCCCCCCCCCC(=O)OCC(COCCC(C(=O)O)[N+](C)(C)C)OC(=O)CCCCCCCC=CCC=CCCCCC	0.1	Fatty acids	Fatty acyl carnitines	Fatty Acyls		10070	EB-MSV000090464-gnps_ms2	transferred	0	736.6057	8.8							no_match
C44H83NO7	[M + H]+	1-O-[(2R)-3-[(E,1S)-1-hydroxyhexadec-2-enoxy]-2-(octadecanoylamino)propyl] 4-O-propan-2-yl butanedioate	CCCCCCCCCCCCCCCCCC(=O)NC(COC(C=CCCCCCCCCCCCCC)O)COC(=O)CCC(=O)OC(C)C	0.305	Fatty acids	Ceramides	Fatty Acyls		10073	EB-MSV000090464-gnps_ms2	transferred	0	738.6202	8.81							no_match
C46H82NO7P	[M + Na]+	(2-Docosa-4,7,10,13,16,19-hexaenoyloxy-3-hexadecoxypropyl) 2-(trimethylazaniumyl)ethyl phosphate	CCCCCCCCCCCCCCCCOCC(COP(=O)(O)OCC[N+](C)(C)C)OC(=O)CCC=CCC=CCC=CCC=CCC=CCC=CCC	0.04	Amino acids and Peptides	Chalcones	Phenol ethers	1927.0	10074	EB-MSV000090464-gnps_ms2	transferred	2	814.5658	8.82	814.5654	8.717097	-0.491	-0.103	0.8737	ms2_tie	assigned
C44H83NO7	[M + H]+	1-O-[(2R)-3-[(E,1S)-1-hydroxyhexadec-2-enoxy]-2-(octadecanoylamino)propyl] 4-O-propan-2-yl butanedioate	CCCCCCCCCCCCCCCCCC(=O)NC(COC(C=CCCCCCCCCCCCCC)O)COC(=O)CCC(=O)OC(C)C	0.351	Fatty acids	Ceramides	Fatty Acyls		10076	EB-MSV000090464-gnps_ms2	transferred	0	738.6215	8.83							no_match
C44H81NO7	[M + H]+	1-hexadecanoyl-2-(9Z,12Z-octadecadienoyl)-3-O-[(N,N,N-trimethyl) homoserine]-glycerol	CCCCCCCCCCCCCCCC(=O)OCC(COCCC(C(=O)O)[N+](C)(C)C)OC(=O)CCCCCCCC=CCC=CCCCCC	0.097	Fatty acids	Ceramides	Fatty Acyls		10087	EB-MSV000090464-gnps_ms2	transferred	0	736.6056	8.85							no_match
C44H83NO7	[M + Na]+	4-[3-hexadecanoyloxy-2-[(5E,8E,11E,14E)-icosa-5,8,11,14-tetraenoyl]oxypropoxy]-2-(trimethylazaniumyl)butanoate	CCCCCCCCCCCCCCCC(=O)OCC(COCCC(C(=O)O)[N+](C)(C)C)OC(=O)CCCC=CCC=CCC=CCC=CCCCCC	0.116	Fatty acids	Fatty acyl carnitines	Fatty Acyls	24091.0	10088	EB-MSV000090464-gnps_ms2	transferred	1	760.606	8.86	760.6127	8.947911	8.809	0.088	0.9553	unique	assigned
C44H83NO7	[M + Na]+	4-[3-hexadecanoyloxy-2-[(Z)-octadec-9-enoyl]oxypropoxy]-2-(trimethylazaniumyl)butanoate	CCCCCCCCCCCCCCCC(=O)OCC(COCCC(C(=O)O)[N+](C)(C)C)OC(=O)CCCCCCCC=CCCCCCCCC	0.085	Fatty acids	Neutral glycosphingolipids	Fatty Acyls	24091.0	10091	EB-MSV000090464-gnps_ms2	transferred	1	760.6074	8.86	760.6127	8.947911	6.968	0.088	0.9465	unique	assigned
C42H82NO5P	[M + Na]+	1,2-dihexadecanoyl-sn-glycero-3-O-(N,N,N-trimethyl)-homoserine	CCCCCCCCCCCCCCCC(=O)OCC(COCCC(C(=O)O)[N+](C)(C)C)OC(=O)CCCCCCCCCCCCCCC	0.089	Fatty acids	Fatty acyl carnitines	Fatty Acyls		10092	EB-MSV000090464-gnps_ms2	transferred	0	734.5907	8.86							no_match
C41H75NO9	[M + H]+	2-hydroxy-N-(3-hydroxy-9-methyl-1-{[3,4,5-trihydroxy-6-(hydroxymethyl)oxan-2-yl]oxy}octadeca-4,8,10-trien-2-yl)hexadecanamide	CCCCCCCCCCCCCCC(C(=O)NC(COC1C(C(C(C(O1)CO)O)O)O)C(C=CCCC=C(C)C=CCCCCCCC)O)O	0.142	Fatty acids	Neutral glycosphingolipids	Sphingolipids	9575.0	10093	EB-MSV000090464-gnps_ms2	transferred	1	726.5547	8.89	726.5555	8.873471	1.101	-0.017	0.9687	unique	assigned
C45H87NO4Si2	[M + H]+	3,5-diacetamido-N,N-bis[6-[4-(cyclohexylmethyl)piperidin-1-yl]hexyl]benzamide	CC(=O)NC1=CC(=CC(=C1)C(=O)N(CCCCCCN2CCC(CC2)CC3CCCCC3)CCCCCCN4CCC(CC4)CC5CCCCC5)NC(=O)C	0.012	Amino acids and Peptides	Open-chain polyketides	Carboxylic acids and derivatives		10094	EB-MSV000090464-gnps_ms2	transferred	0	762.6264	8.88							no_match
C42H81N7O5	[M + H]+	[2-[4-[2-Hydroxyethyl(methyl)amino]butanoyloxy]-3-octadec-9-enoyloxypropyl] octadec-9-enoate	CCCCCCCCC=CCCCCCCCC(=O)OCC(COC(=O)CCCCCCCC=CCCCCCCCC)OC(=O)CCCN(C)CCO	0.038	Fatty acids	Fatty acyl carnitines	Fatty Acyls		10096	EB-MSV000090464-gnps_ms2	transferred	0	764.638	8.87							no_match
C44H83NO7	[M + H]+	1-O-[(2R)-3-[(E,1S)-1-hydroxyhexadec-2-enoxy]-2-(octadecanoylamino)propyl] 4-O-propan-2-yl butanedioate	CCCCCCCCCCCCCCCCCC(=O)NC(COC(C=CCCCCCCCCCCCCC)O)COC(=O)CCC(=O)OC(C)C	0.52	Fatty acids	Ceramides	Fatty Acyls		10101	EB-MSV000090464-gnps_ms2	transferred	0	738.622	8.88							no_match
C44H83NO7	[M + H]+	1-O-[(2R)-3-[(E,1S)-1-hydroxyhexadec-2-enoxy]-2-(octadecanoylamino)propyl] 4-O-propan-2-yl butanedioate	CCCCCCCCCCCCCCCCCC(=O)NC(COC(C=CCCCCCCCCCCCCC)O)COC(=O)CCC(=O)OC(C)C	0.472	Fatty acids	Ceramides	Fatty Acyls		10102	EB-MSV000090464-gnps_ms2	transferred	0	738.6204	8.89							no_match
C42H79NO7	[M + H]+	N,N-bis[3-[[(2R)-2-[[(2R)-2-amino-4-methylpentanoyl]amino]-4-methylpentanoyl]amino]propyl]octanamide	CCCCCCCC(=O)N(CCCNC(=O)C(CC(C)C)NC(=O)C(CC(C)C)N)CCCNC(=O)C(CC(C)C)NC(=O)C(CC(C)C)N	0.23	Amino acids and Peptides	Linear peptides	Carboxylic acids and derivatives		10103	EB-MSV000090464-gnps_ms2	transferred	0	710.5901	8.89							no_match
C44H83NO7	[M + H]+	4-[3-hexadecanoyloxy-2-[(Z)-octadec-9-enoyl]oxypropoxy]-2-(trimethylazaniumyl)butanoate	CCCCCCCCCCCCCCCC(=O)OCC(COCCC(C(=O)O)[N+](C)(C)C)OC(=O)CCCCCCCC=CCCCCCCCC	0.112	Fatty acids	Ceramides	Fatty Acyls		10107	EB-MSV000090464-gnps_ms2	transferred	0	738.6217	8.91							no_match
C40H81NO10	[M + H]+	1-hexadecanoyl-2-(9Z,12Z-octadecadienoyl)-3-O-[(N,N,N-trimethyl) homoserine]-glycerol	CCCCCCCCCCCCCCCC(=O)OCC(COCCC(C(=O)O)[N+](C)(C)C)OC(=O)CCCCCCCC=CCC=CCCCCC	0.098	Fatty acids	Neutral glycosphingolipids	Fatty Acyls		10110	EB-MSV000090464-gnps_ms2	transferred	0	736.5987	8.93							no_match
C41H75NO9	[M + H]+	2-hydroxy-N-(3-hydroxy-9-methyl-1-{[3,4,5-trihydroxy-6-(hydroxymethyl)oxan-2-yl]oxy}octadeca-4,8,10-trien-2-yl)hexadecanamide	CCCCCCCCCCCCCCC(C(=O)NC(COC1C(C(C(C(O1)CO)O)O)O)C(C=CCCC=C(C)C=CCCCCCCC)O)O	0.23	Fatty acids	Neutral glycosphingolipids	Sphingolipids	9575.0	10112	EB-MSV000090464-gnps_ms2	transferred	1	726.555	8.91	726.5555	8.873471	0.688	-0.037	0.9653	unique	assigned
C22H43NO	[M + H]+	docos-13-enamide	CCCCCCCCC=CCCCCCCCCCCCC(=O)N	0.511	Fatty acids	Primary amides	Fatty Acyls	1195.0	10114	EB-MSV000090464-gnps_ms2	transferred	2	338.3425	8.91	338.3427	8.752794	0.591	-0.157	0.9151	ms2_tie	assigned
C46H85NO7	[M + H]+	[(7R,9Z,26Z,29R)-29-acetyloxy-18-[4-(dimethylamino)butoxycarbonyloxy]pentatriaconta-9,26-dien-7-yl] acetate	CCCCCCC(CC=CCCCCCCCC(CCCCCCCC=CCC(CCCCCC)OC(=O)C)OC(=O)OCCCCN(C)C)OC(=O)C	0.008	Fatty acids	Ceramides	Fatty Acyls		10116	EB-MSV000090464-gnps_ms2	transferred	0	764.6386	8.94							no_match
C44H81NO7	[M + H]+	1-hexadecanoyl-2-(9Z,12Z-octadecadienoyl)-3-O-[(N,N,N-trimethyl) homoserine]-glycerol	CCCCCCCCCCCCCCCC(=O)OCC(COCCC(C(=O)O)[N+](C)(C)C)OC(=O)CCCCCCCC=CCC=CCCCCC	0.087	Fatty acids	Ceramides	Fatty Acyls		10117	EB-MSV000090464-gnps_ms2	transferred	0	736.6052	8.93							no_match
C44H83NO7	[M + Na]+	4-[3-hexadecanoyloxy-2-[(Z)-octadec-9-enoyl]oxypropoxy]-2-(trimethylazaniumyl)butanoate	CCCCCCCCCCCCCCCC(=O)OCC(COCCC(C(=O)O)[N+](C)(C)C)OC(=O)CCCCCCCC=CCCCCCCCC	0.163	Fatty acids	Fatty acyl carnitines	Fatty Acyls	24091.0	10118	EB-MSV000090464-gnps_ms2	transferred	1	760.6073	8.94	760.6127	8.947911	7.1	0.008	1.0	unique	assigned
C41H77N3O9	[M + H]+	4-[1-[[4-[(4-Carboxy-2,4-dimethylpentan-2-yl)-(2-carboxy-2-methylpropyl)amino]-2,4-dimethylpentan-2-yl]-(2-methyl-4-oxopentan-2-yl)amino]propan-2-yl-(2-carboxypropyl)amino]-2,2,4-trimethylpentanoic acid	CC(CN(C(C)CN(C(C)(C)CC(=O)C)C(C)(C)CC(C)(C)N(CC(C)(C)C(=O)O)C(C)(C)CC(C)(C)C(=O)O)C(C)(C)CC(C)(C)C(=O)O)C(=O)O	0.006	Amino acids and Peptides	Microcolins and mirabimids	Carboxylic acids and derivatives		10120	EB-MSV000090464-gnps_ms2	transferred	1	756.5707	8.96							low_cosine
C42H77NO7	[M + H]+	Bathymodiolamide B	CCCCCCCCCCCCCC(=O)OCC(C(C(CO)NC(=O)CCCCCCCCCCC)O)OC(=O)CCC=CCC=CCCC	0.245	Fatty acids	Neutral glycosphingolipids	Sphingolipids	36848.0	10121	EB-MSV000090464-gnps_ms2	transferred	1	708.5788	8.96	708.5816	8.974753	3.952	0.015	0.7445	unique	assigned
C43H79BF2O5	[M + H]+	lauroyl-bAla(3-BuNH2)-bAla(3-Pr)-bAla(3-iBu)-bAla(3-BuNH2)-NH2	CCCCCCCCCCCC(=O)NC(CCCCN)CC(=O)NC(CCC)CC(=O)NC(CC(C)C)CC(=O)NC(CCCCN)CC(=O)N	0.448	Amino acids and Peptides	Tripeptides	Carboxylic acids and derivatives		10123	EB-MSV000090464-gnps_ms2	transferred	0	724.6094	8.95							no_match
C44H79NO7	[M + H]+	1,2-dihexadecanoyl-sn-glycero-3-O-(N,N,N-trimethyl)-homoserine	CCCCCCCCCCCCCCCC(=O)OCC(COCCC(C(=O)O)[N+](C)(C)C)OC(=O)CCCCCCCCCCCCCCC	0.128	Fatty acids	Fatty acyl carnitines	Fatty Acyls		10124	EB-MSV000090464-gnps_ms2	transferred	0	734.5907	8.96							no_match
C46H83NO7	[M + H]+	2-[1,3-Di(octadecanoyloxy)propan-2-yloxy]-2-(trimethylazaniumyl)acetate	CCCCCCCCCCCCCCCCCC(=O)OCC(COC(=O)CCCCCCCCCCCCCCCCC)OC(C(=O)O)[N+](C)(C)C	0.007	Fatty acids	Fatty acyl carnitines	Fatty Acyls		10127	EB-MSV000090464-gnps_ms2	transferred	0	762.6264	8.96							no_match
C44H83NO7	[M + Na]+	4-[3-hexadecanoyloxy-2-[(Z)-octadec-9-enoyl]oxypropoxy]-2-(trimethylazaniumyl)butanoate	CCCCCCCCCCCCCCCC(=O)OCC(COCCC(C(=O)O)[N+](C)(C)C)OC(=O)CCCCCCCC=CCCCCCCCC	0.109	Fatty acids	Fatty acyl carnitines	Fatty Acyls	24091.0	10131	EB-MSV000090464-gnps_ms2	transferred	1	760.6081	8.97	760.6127	8.947911	6.048	-0.022	0.889	unique	assigned
C44H83NO7	[M + Na]+	4-[3-hexadecanoyloxy-2-[(5E,8E,11E,14E)-icosa-5,8,11,14-tetraenoyl]oxypropoxy]-2-(trimethylazaniumyl)butanoate	CCCCCCCCCCCCCCCC(=O)OCC(COCCC(C(=O)O)[N+](C)(C)C)OC(=O)CCCC=CCC=CCC=CCC=CCCCCC	0.101	Fatty acids	Fatty acyl carnitines	Fatty Acyls	24091.0	10138	EB-MSV000090464-gnps_ms2	transferred	1	760.6064	9.0	760.6127	8.947911	8.283	-0.052	0.9534	unique	assigned
C41H71N9O4	[M + H]+	Norbatzelladine A	CCCCCCCCC1CC2CCC3N2C(=NC(C3C(=O)OCCCCCCCCCC4C(=C5CCCN5C(=N4)N)C(=O)OCCCCN=C(N)N)C)N1	0.052	Amino acids and Peptides	Linear peptides	Carboxylic acids and derivatives		10139	EB-MSV000090464-gnps_ms2	transferred	0	754.5598	8.99							no_match
C44H83NO7	[M + Na]+	1-O-[(2R)-3-[(E,1S)-1-hydroxyhexadec-2-enoxy]-2-(octadecanoylamino)propyl] 4-O-propan-2-yl butanedioate	CCCCCCCCCCCCCCCCCC(=O)NC(COC(C=CCCCCCCCCCCCCC)O)COC(=O)CCC(=O)OC(C)C	0.16	Fatty acids	Ceramides	Fatty Acyls		10140	EB-MSV000090464-gnps_ms2	transferred	1	760.6118	8.99							low_cosine
C41H83N3O9	[M + H]+	1,3-Bis(pentadecylcarbamoylamino)propan-2-yl 2-(trimethylazaniumyl)ethyl phosphate	CCCCCCCCCCCCCCCNC(=O)NCC(CNC(=O)NCCCCCCCCCCCCCCC)OP(=O)(O)OCC[N+](C)(C)C	0.014	Fatty acids	Sphingoid bases	Carboxylic acids and derivatives		10141	EB-MSV000090464-gnps_ms2	transferred	0	762.6262	9.0							no_match
C42H79NO7	[M + H]+	N,N-bis[3-[[(2R)-2-[[(2R)-2-amino-4-methylpentanoyl]amino]-4-methylpentanoyl]amino]propyl]octanamide	CCCCCCCC(=O)N(CCCNC(=O)C(CC(C)C)NC(=O)C(CC(C)C)N)CCCNC(=O)C(CC(C)C)NC(=O)C(CC(C)C)N	0.139	Amino acids and Peptides	Linear peptides	Carboxylic acids and derivatives		10147	EB-MSV000090464-gnps_ms2	transferred	0	710.59	9.01							no_match
C40H75NO8	[M + O + H]+	(Z)-N-[(E)-3-hydroxy-1-[3,4,5-trihydroxy-6-(hydroxymethyl)oxan-2-yl]oxyoctadec-4-en-2-yl]hexadec-7-enamide	CCCCCCCCCCCCCC=CC(C(COC1C(C(C(C(O1)CO)O)O)O)NC(=O)CCCCCC=CCCCCCCCC)O	0.617	Fatty acids	Neutral glycosphingolipids	Sphingolipids	14195.0	10148	EB-MSV000090464-gnps_ms2	transferred	1	714.5499	9.01	714.5489	9.037868	-1.399	0.028	1.0	unique	assigned
C40H77N7O5	[M + H]+	1-hexadecanoyl-2-(9Z,12Z-octadecadienoyl)-3-O-[(N,N,N-trimethyl) homoserine]-glycerol	CCCCCCCCCCCCCCCC(=O)OCC(COCCC(C(=O)O)[N+](C)(C)C)OC(=O)CCCCCCCC=CCC=CCCCCC	0.089	Fatty acids	Fatty acyl carnitines	Fatty Acyls		10149	EB-MSV000090464-gnps_ms2	transferred	0	736.6056	9.01							no_match
C22H43NO	[M + H]+	docos-13-enamide	CCCCCCCCC=CCCCCCCCCCCCC(=O)N	0.52	Fatty acids	Primary amides	Fatty Acyls	1195.0	10152	EB-MSV000090464-gnps_ms2	transferred	2	338.3425	9.02	338.3427	8.752794	0.591	-0.267	0.8851	ms2_tie	assigned
C44H83NO7	[M + H]+	4-[3-hexadecanoyloxy-2-[(Z)-octadec-9-enoyl]oxypropoxy]-2-(trimethylazaniumyl)butanoate	CCCCCCCCCCCCCCCC(=O)OCC(COCCC(C(=O)O)[N+](C)(C)C)OC(=O)CCCCCCCC=CCCCCCCCC	0.093	Fatty acids	Ceramides	Fatty Acyls		10154	EB-MSV000090464-gnps_ms2	transferred	0	738.6206	9.03							no_match
C44H83NO7	[M + H]+	1-O-[(2R)-3-[(E,1S)-1-hydroxyhexadec-2-enoxy]-2-(octadecanoylamino)propyl] 4-O-propan-2-yl butanedioate	CCCCCCCCCCCCCCCCCC(=O)NC(COC(C=CCCCCCCCCCCCCC)O)COC(=O)CCC(=O)OC(C)C	0.172	Fatty acids	Neutral glycosphingolipids	Fatty Acyls		10155	EB-MSV000090464-gnps_ms2	transferred	0	738.622	9.03							no_match
C42H73N7O5	[M + H]+	4-[1-[[4-[(4-Carboxy-2,4-dimethylpentan-2-yl)-(2-carboxy-2-methylpropyl)amino]-2,4-dimethylpentan-2-yl]-(2-methyl-4-oxopentan-2-yl)amino]propan-2-yl-(2-carboxypropyl)amino]-2,2,4-trimethylpentanoic acid	CC(CN(C(C)CN(C(C)(C)CC(=O)C)C(C)(C)CC(C)(C)N(CC(C)(C)C(=O)O)C(C)(C)CC(C)(C)C(=O)O)C(C)(C)CC(C)(C)C(=O)O)C(=O)O	0.006	Polyketides	Microcolins and mirabimids	Carboxylic acids and derivatives		10156	EB-MSV000090464-gnps_ms2	transferred	1	756.5712	9.04							low_cosine
C42H79NO7	[M + H]+	2-[(2-Dodecanoyloxyacetyl)-(2-dodecanoyloxyethyl)amino]ethyl dodecanoate	CCCCCCCCCCCC(=O)OCCN(CCOC(=O)CCCCCCCCCCC)C(=O)COC(=O)CCCCCCCCCCC	0.11	Fatty acids	Fatty acyl carnitines	Fatty Acyls		10158	EB-MSV000090464-gnps_ms2	transferred	0	710.5902	9.05							no_match
C44H83NO7	[M + Na]+	4-[3-hexadecanoyloxy-2-[(Z)-octadec-9-enoyl]oxypropoxy]-2-(trimethylazaniumyl)butanoate	CCCCCCCCCCCCCCCC(=O)OCC(COCCC(C(=O)O)[N+](C)(C)C)OC(=O)CCCCCCCC=CCCCCCCCC	0.117	Fatty acids	Fatty acyl carnitines	Fatty Acyls	24091.0	10161	EB-MSV000090464-gnps_ms2	transferred	1	760.6067	9.06	760.6127	8.947911	7.888	-0.112	0.9412	unique	assigned
C42H82NO5P	[M + Na]+	1,2-dihexadecanoyl-sn-glycero-3-O-(N,N,N-trimethyl)-homoserine	CCCCCCCCCCCCCCCC(=O)OCC(COCCC(C(=O)O)[N+](C)(C)C)OC(=O)CCCCCCCCCCCCCCC	0.142	Fatty acids	Fatty acyl carnitines	Fatty Acyls		10164	EB-MSV000090464-gnps_ms2	transferred	0	734.5907	9.06							no_match
C44H83NO7	[M + Na]+	4-[3-hexadecanoyloxy-2-[(Z)-octadec-9-enoyl]oxypropoxy]-2-(trimethylazaniumyl)butanoate	CCCCCCCCCCCCCCCC(=O)OCC(COCCC(C(=O)O)[N+](C)(C)C)OC(=O)CCCCCCCC=CCCCCCCCC	0.085	Fatty acids	N-acyl amines	Fatty Acyls	24091.0	10166	EB-MSV000090464-gnps_ms2	transferred	2	760.6071	9.09	760.6127	8.947911	7.363	-0.142	0.8927	ms2_tie	assigned
C42H77NO7	[M + H]+	Bathymodiolamide B	CCCCCCCCCCCCCC(=O)OCC(C(C(CO)NC(=O)CCCCCCCCCCC)O)OC(=O)CCC=CCC=CCCC	0.134	Fatty acids	Neutral glycosphingolipids	Fatty Acyls		10167	EB-MSV000090464-gnps_ms2	transferred	1	708.5783	9.1							low_cosine
C44H83NO7	[M + H]+	1-O-[(2R)-3-[(E,1S)-1-hydroxyhexadec-2-enoxy]-2-(octadecanoylamino)propyl] 4-O-propan-2-yl butanedioate	CCCCCCCCCCCCCCCCCC(=O)NC(COC(C=CCCCCCCCCCCCCC)O)COC(=O)CCC(=O)OC(C)C	0.457	Fatty acids	Ceramides	Fatty Acyls		10169	EB-MSV000090464-gnps_ms2	transferred	0	738.6213	9.11							no_match
C40H77N7O5	[M + H]+	1-hexadecanoyl-2-(9Z,12Z-octadecadienoyl)-3-O-[(N,N,N-trimethyl) homoserine]-glycerol	CCCCCCCCCCCCCCCC(=O)OCC(COCCC(C(=O)O)[N+](C)(C)C)OC(=O)CCCCCCCC=CCC=CCCCCC	0.091	Fatty acids	Ceramides	Fatty Acyls		10170	EB-MSV000090464-gnps_ms2	transferred	0	736.6055	9.14							no_match
C42H81NO7	[M + Na]+	[2-Carboxy-3-[2,3-di(hexadecanoyloxy)propoxy]propyl]-trimethylazanium	CCCCCCCCCCCCCCCC(=O)OCC(COCC(C[N+](C)(C)C)C(=O)O)OC(=O)CCCCCCCCCCCCCCC	0.493	Fatty acids	Fatty acyl carnitines	Fatty Acyls		10172	EB-MSV000090464-gnps_ms2	transferred	0	734.5907	9.14							no_match
C44H83NO7	[M + H]+	1-O-[(2R)-3-[(E,1S)-1-hydroxyhexadec-2-enoxy]-2-(octadecanoylamino)propyl] 4-O-propan-2-yl butanedioate	CCCCCCCCCCCCCCCCCC(=O)NC(COC(C=CCCCCCCCCCCCCC)O)COC(=O)CCC(=O)OC(C)C	0.419	Fatty acids	Ceramides	Fatty Acyls		10174	EB-MSV000090464-gnps_ms2	transferred	0	738.6203	9.14							no_match
C37H73N9O7	[M + H]+								10176	EB-MSV000090464-gnps_ms2	transferred	0	756.5708	9.15							no_match
C42H79NO7	[M + H]+	2-[(2-Dodecanoyloxyacetyl)-(2-dodecanoyloxyethyl)amino]ethyl dodecanoate	CCCCCCCCCCCC(=O)OCCN(CCOC(=O)CCCCCCCCCCC)C(=O)COC(=O)CCCCCCCCCCC	0.102	Fatty acids	Ceramides	Fatty Acyls		10178	EB-MSV000090464-gnps_ms2	transferred	0	710.5898	9.16							no_match
C44H83NO7	[M + Na]+	4-[3-hexadecanoyloxy-2-[(Z)-octadec-9-enoyl]oxypropoxy]-2-(trimethylazaniumyl)butanoate	CCCCCCCCCCCCCCCC(=O)OCC(COCCC(C(=O)O)[N+](C)(C)C)OC(=O)CCCCCCCC=CCCCCCCCC	0.095	Fatty acids	Ceramides	Fatty Acyls	28423.0	10180	EB-MSV000090464-gnps_ms2	transferred	2	760.6064	9.15	760.6041	9.565827	-3.024	0.416	0.9691	ms2_tie	assigned
C44H83NO7	[M + Na]+	1-O-[(2R)-3-[(E,1S)-1-hydroxyhexadec-2-enoxy]-2-(octadecanoylamino)propyl] 4-O-propan-2-yl butanedioate	CCCCCCCCCCCCCCCCCC(=O)NC(COC(C=CCCCCCCCCCCCCC)O)COC(=O)CCC(=O)OC(C)C	0.191	Fatty acids	Fatty acyl carnitines	Fatty Acyls	28423.0	10183	EB-MSV000090464-gnps_ms2	transferred	2	760.6055	9.17	760.6041	9.565827	-1.841	0.396	0.9464	ms2_tie	assigned
C46H83NO7	[M + H]+	[2-[[2-(2-Methoxyethoxy)acetyl]amino]-3-octadecanoyloxypropyl] octadecanoate	CCCCCCCCCCCCCCCCCC(=O)OCC(COC(=O)CCCCCCCCCCCCCCCCC)NC(=O)COCCOC	0.093	Fatty acids	Ceramides	Fatty Acyls		10188	EB-MSV000090464-gnps_ms2	transferred	0	762.6264	9.2							no_match
C49H85NO3Si	[M + H]+	(Z)-N'-[2-[(6Z,9E,27Z,30Z)-18-ethoxyhexatriaconta-6,9,27,30-tetraen-18-yl]oxyethyl]-N,N'-dimethyl-2-(methylideneamino)but-1-ene-1,4-diamine	CCCCCC=CCC=CCCCCCCCCC(CCCCCCCC=CCC=CCCCCC)(OCC)OCCN(C)CCC(=CNC)N=C	0.018	Fatty acids	N-acyl amines	Fatty Acyls		10190	EB-MSV000090464-gnps_ms2	transferred	0	764.638	9.21							no_match
C42H79NO7	[M + H]+	N,N-bis[3-[[(2R)-2-[[(2R)-2-amino-4-methylpentanoyl]amino]-4-methylpentanoyl]amino]propyl]octanamide	CCCCCCCC(=O)N(CCCNC(=O)C(CC(C)C)NC(=O)C(CC(C)C)N)CCCNC(=O)C(CC(C)C)NC(=O)C(CC(C)C)N	0.042	Amino acids and Peptides	Linear peptides	Carboxylic acids and derivatives		10191	EB-MSV000090464-gnps_ms2	transferred	0	710.5899	9.21							no_match
C44H79NO7	[M + H]+	[3-Hexadecanoyloxy-2-[2-(2-methoxypropoxy)propanoylamino]propyl] hexadecanoate	CCCCCCCCCCCCCCCC(=O)OCC(COC(=O)CCCCCCCCCCCCCCC)NC(=O)C(C)OCC(C)OC	0.287	Fatty acids	Ceramides	Fatty Acyls		10192	EB-MSV000090464-gnps_ms2	transferred	0	734.5907	9.21							no_match
C44H81NO7	[M + H]+		CCCCCCCCCCCCCCCCCCCCCCCCCCCCCCCC(=O)OCC(COC(C(=O)O)OCC[N+](C)(C)C)O	0.446	Fatty acids	Fatty acyl carnitines	Fatty Acyls		10193	EB-MSV000090464-gnps_ms2	transferred	0	736.6057	9.21							no_match
C44H83NO7	[M + H]+	1-O-[(2R)-3-[(E,1S)-1-hydroxyhexadec-2-enoxy]-2-(octadecanoylamino)propyl] 4-O-propan-2-yl butanedioate	CCCCCCCCCCCCCCCCCC(=O)NC(COC(C=CCCCCCCCCCCCCC)O)COC(=O)CCC(=O)OC(C)C	0.449	Fatty acids	Ceramides	Fatty Acyls		10199	EB-MSV000090464-gnps_ms2	transferred	0	738.6203	9.23							no_match
C44H79NO7	[M + H]+	1,2-dihexadecanoyl-sn-glycero-3-O-(N,N,N-trimethyl)-homoserine	CCCCCCCCCCCCCCCC(=O)OCC(COCCC(C(=O)O)[N+](C)(C)C)OC(=O)CCCCCCCCCCCCCCC	0.114	Fatty acids	Fatty acyl carnitines	Fatty Acyls		10200	EB-MSV000090464-gnps_ms2	transferred	0	734.5908	9.24							no_match
C44H83NO7	[M + Na]+	4-[3-hexadecanoyloxy-2-[(Z)-octadec-9-enoyl]oxypropoxy]-2-(trimethylazaniumyl)butanoate	CCCCCCCCCCCCCCCC(=O)OCC(COCCC(C(=O)O)[N+](C)(C)C)OC(=O)CCCCCCCC=CCCCCCCCC	0.121	Fatty acids	Fatty acyl carnitines	Fatty Acyls	28423.0	10203	EB-MSV000090464-gnps_ms2	transferred	2	760.6053	9.25	760.6041	9.565827	-1.578	0.316	0.9653	ms2_tie	assigned
C37H73N9O7	[M + H]+	2-[[N-(diaminomethylidene)carbamimidoyl]-(2-octadec-9-enoyloxyethyl)amino]ethyl octadec-9-enoate	CCCCCCCCC=CCCCCCCCC(=O)OCCN(CCOC(=O)CCCCCCCC=CCCCCCCCC)C(=N)N=C(N)N		Amino acids and Peptides	Tripeptides	Carboxylic acids and derivatives		10204	EB-MSV000090464-gnps_ms2	transferred	1	756.571	9.27							low_cosine
C47H81N5O3	[M + H]+	[2-[4-[2-Hydroxyethyl(methyl)amino]butanoyloxy]-3-octadec-9-enoyloxypropyl] octadec-9-enoate	CCCCCCCCC=CCCCCCCCC(=O)OCC(COC(=O)CCCCCCCC=CCCCCCCCC)OC(=O)CCCN(C)CCO	0.017	Fatty acids	Fatty acyl carnitines	Fatty Acyls		10206	EB-MSV000090464-gnps_ms2	transferred	0	764.6381	9.26							no_match
C44H83NO7	[M + Na]+	4-[3-hexadecanoyloxy-2-[(Z)-octadec-9-enoyl]oxypropoxy]-2-(trimethylazaniumyl)butanoate	CCCCCCCCCCCCCCCC(=O)OCC(COCCC(C(=O)O)[N+](C)(C)C)OC(=O)CCCCCCCC=CCCCCCCCC	0.08	Fatty acids	Fatty acyl carnitines	Fatty Acyls	28423.0	10208	EB-MSV000090464-gnps_ms2	transferred	2	760.6051	9.28	760.6041	9.565827	-1.315	0.286	0.9142	ms2_tie	assigned
C42H79NO7	[M + H]+	2-[(2-Dodecanoyloxyacetyl)-(2-dodecanoyloxyethyl)amino]ethyl dodecanoate	CCCCCCCCCCCC(=O)OCCN(CCOC(=O)CCCCCCCCCCC)C(=O)COC(=O)CCCCCCCCCCC	0.087	Fatty acids	Ceramides	Fatty Acyls		10209	EB-MSV000090464-gnps_ms2	transferred	0	710.5897	9.28							no_match
C44H81NO7	[M + H]+	1-hexadecanoyl-2-(9Z,12Z-octadecadienoyl)-3-O-[(N,N,N-trimethyl) homoserine]-glycerol	CCCCCCCCCCCCCCCC(=O)OCC(COCCC(C(=O)O)[N+](C)(C)C)OC(=O)CCCCCCCC=CCC=CCCCCC	0.089	Fatty acids	Neutral glycosphingolipids	Fatty Acyls		10210	EB-MSV000090464-gnps_ms2	transferred	0	736.6059	9.28							no_match
C46H77NO7	[M + H]+		CCCCCCCCCCCCCCCC(=O)OCC(COCCC(C(=O)[O-])[N+](C)(C)C)OC(=O)CCCC=CCCC=CCC=CCCCCC	0.056	Fatty acids	Neutral glycosphingolipids	Sphingolipids		10211	EB-MSV000090464-gnps_ms2	transferred	1	756.5707	9.29							low_cosine
C44H83NO7	[M + Na]+	1-O-[(2R)-3-[(E,1S)-1-hydroxyhexadec-2-enoxy]-2-(octadecanoylamino)propyl] 4-O-propan-2-yl butanedioate	CCCCCCCCCCCCCCCCCC(=O)NC(COC(C=CCCCCCCCCCCCCC)O)COC(=O)CCC(=O)OC(C)C	0.313	Fatty acids	Ceramides	Fatty Acyls	28423.0	10214	EB-MSV000090464-gnps_ms2	transferred	2	760.6059	9.29	760.6041	9.565827	-2.367	0.276	0.8527	ms2_tie	assigned
C42H81NO7	[M + Na]+	[3-Hexadecanoyloxy-2-[2-(2-methoxypropoxy)propanoylamino]propyl] hexadecanoate	CCCCCCCCCCCCCCCC(=O)OCC(COC(=O)CCCCCCCCCCCCCCC)NC(=O)C(C)OCC(C)OC	0.348	Fatty acids	N-acyl amines	Fatty Acyls		10215	EB-MSV000090464-gnps_ms2	transferred	0	734.5907	9.3							no_match
C42H79NO7	[M + H]+	2-[(2-Dodecanoyloxyacetyl)-(2-dodecanoyloxyethyl)amino]ethyl dodecanoate	CCCCCCCCCCCC(=O)OCCN(CCOC(=O)CCCCCCCCCCC)C(=O)COC(=O)CCCCCCCCCCC	0.074	Fatty acids	Fatty acyl carnitines	Fatty Acyls		10219	EB-MSV000090464-gnps_ms2	transferred	0	710.5898	9.32							no_match
C44H83NO7	[M + H]+	1-O-[(2R)-3-[(E,1S)-1-hydroxyhexadec-2-enoxy]-2-(octadecanoylamino)propyl] 4-O-propan-2-yl butanedioate	CCCCCCCCCCCCCCCCCC(=O)NC(COC(C=CCCCCCCCCCCCCC)O)COC(=O)CCC(=O)OC(C)C	0.343	Fatty acids	Ceramides	Fatty Acyls		10220	EB-MSV000090464-gnps_ms2	transferred	0	738.6203	9.34							no_match
C44H79NO7	[M + H]+	1,2-dihexadecanoyl-sn-glycero-3-O-(N,N,N-trimethyl)-homoserine	CCCCCCCCCCCCCCCC(=O)OCC(COCCC(C(=O)O)[N+](C)(C)C)OC(=O)CCCCCCCCCCCCCCC	0.191	Fatty acids	Fatty acyl carnitines	Fatty Acyls		10225	EB-MSV000090464-gnps_ms2	transferred	0	734.5907	9.35							no_match
C42H79NO7	[M + H]+	2-[(2-Dodecanoyloxyacetyl)-(2-dodecanoyloxyethyl)amino]ethyl dodecanoate	CCCCCCCCCCCC(=O)OCCN(CCOC(=O)CCCCCCCCCCC)C(=O)COC(=O)CCCCCCCCCCC	0.095	Fatty acids	Fatty acyl carnitines	Fatty Acyls		10234	EB-MSV000090464-gnps_ms2	transferred	0	710.5897	9.4							no_match
C44H83NO7	[M + Na]+	4-[3-hexadecanoyloxy-2-[(5E,8E,11E,14E)-icosa-5,8,11,14-tetraenoyl]oxypropoxy]-2-(trimethylazaniumyl)butanoate	CCCCCCCCCCCCCCCC(=O)OCC(COCCC(C(=O)O)[N+](C)(C)C)OC(=O)CCCC=CCC=CCC=CCC=CCCCCC	0.083	Fatty acids	Neutral glycosphingolipids	Sphingolipids	24091.0	10235	EB-MSV000090464-gnps_ms2	transferred	2	760.6055	9.41	760.6127	8.947911	9.466	-0.462	0.8757	ms2_tie	assigned
C37H73N9O7	[M + H]+	4-[1-[[4-[(4-Carboxy-2,4-dimethylpentan-2-yl)-(2-carboxy-2-methylpropyl)amino]-2,4-dimethylpentan-2-yl]-(2-methyl-4-oxopentan-2-yl)amino]propan-2-yl-(2-carboxypropyl)amino]-2,2,4-trimethylpentanoic acid	CC(CN(C(C)CN(C(C)(C)CC(=O)C)C(C)(C)CC(C)(C)N(CC(C)(C)C(=O)O)C(C)(C)CC(C)(C)C(=O)O)C(C)(C)CC(C)(C)C(=O)O)C(=O)O	0.294	Amino acids and Peptides	Lipopeptides	Carboxylic acids and derivatives		10236	EB-MSV000090464-gnps_ms2	transferred	1	756.5712	9.42							low_cosine
C44H81NO7	[M + H]+	[3-(2-ethoxyethoxycarbonylamino)-2-[(Z)-octadec-9-enoyl]oxypropyl] (Z)-octadec-9-enoate	CCCCCCCCC=CCCCCCCCC(=O)OCC(CNC(=O)OCCOCC)OC(=O)CCCCCCCC=CCCCCCCCC	0.256	Fatty acids	Ceramides	Fatty Acyls		10237	EB-MSV000090464-gnps_ms2	transferred	0	736.6058	9.42							no_match
C46H85NO7	[M + H]+	[2-[4-[2-Hydroxyethyl(methyl)amino]butanoyloxy]-3-octadec-9-enoyloxypropyl] octadec-9-enoate	CCCCCCCCC=CCCCCCCCC(=O)OCC(COC(=O)CCCCCCCC=CCCCCCCCC)OC(=O)CCCN(C)CCO	0.018	Fatty acids	Fatty acyl carnitines	Fatty Acyls		10238	EB-MSV000090464-gnps_ms2	transferred	0	764.6381	9.43							no_match
C44H83NO7	[M + H]+	4-[3-hexadecanoyloxy-2-[(Z)-octadec-9-enoyl]oxypropoxy]-2-(trimethylazaniumyl)butanoate	CCCCCCCCCCCCCCCC(=O)OCC(COCCC(C(=O)O)[N+](C)(C)C)OC(=O)CCCCCCCC=CCCCCCCCC	0.123	Fatty acids	Fatty acyl carnitines	Fatty Acyls		10241	EB-MSV000090464-gnps_ms2	transferred	0	738.6203	9.42							no_match
C46H77NO7	[M + H]+		CCCCCCCCCCCCCCCC(=O)OCC(COCCC(C(=O)[O-])[N+](C)(C)C)OC(=O)CCCC=CCCC=CCC=CCCCCC	0.083	Fatty acids	Fatty acyl carnitines	Fatty Acyls		10245	EB-MSV000090464-gnps_ms2	transferred	1	756.5784	9.45							low_cosine
C44H79NO7	[M + H]+	[3-Hexadecanoyloxy-2-[2-(2-methoxypropoxy)propanoylamino]propyl] hexadecanoate	CCCCCCCCCCCCCCCC(=O)OCC(COC(=O)CCCCCCCCCCCCCCC)NC(=O)C(C)OCC(C)OC	0.317	Fatty acids	N-acyl amines	Fatty Acyls		10246	EB-MSV000090464-gnps_ms2	transferred	0	734.5907	9.44							no_match
C42H79NO7	[M + H]+	2-[(2-Dodecanoyloxyacetyl)-(2-dodecanoyloxyethyl)amino]ethyl dodecanoate	CCCCCCCCCCCC(=O)OCCN(CCOC(=O)CCCCCCCCCCC)C(=O)COC(=O)CCCCCCCCCCC	0.071	Fatty acids	Ceramides	Fatty Acyls		10251	EB-MSV000090464-gnps_ms2	transferred	0	710.59	9.46							no_match
C44H81NO7	[M + H]+	1-hexadecanoyl-2-(9Z,12Z-octadecadienoyl)-3-O-[(N,N,N-trimethyl) homoserine]-glycerol	CCCCCCCCCCCCCCCC(=O)OCC(COCCC(C(=O)O)[N+](C)(C)C)OC(=O)CCCCCCCC=CCC=CCCCCC	0.099	Fatty acids	Ceramides	Fatty Acyls		10254	EB-MSV000090464-gnps_ms2	transferred	0	736.6058	9.48							no_match
C46H83NO7	[M + H]+	1,3-Bis(pentadecylcarbamoylamino)propan-2-yl 2-(trimethylazaniumyl)ethyl phosphate	CCCCCCCCCCCCCCCNC(=O)NCC(CNC(=O)NCCCCCCCCCCCCCCC)OP(=O)(O)OCC[N+](C)(C)C	0.01	Fatty acids	Phosphosphingolipids	Carboxylic acids and derivatives		10255	EB-MSV000090464-gnps_ms2	transferred	0	762.6263	9.48							no_match
C44H83NO7	[M + Na]+	4-[3-hexadecanoyloxy-2-[(Z)-octadec-9-enoyl]oxypropoxy]-2-(trimethylazaniumyl)butanoate	CCCCCCCCCCCCCCCC(=O)OCC(COCCC(C(=O)O)[N+](C)(C)C)OC(=O)CCCCCCCC=CCCCCCCCC	0.103	Fatty acids	Neutral glycosphingolipids	Fatty Acyls	28423.0	10257	EB-MSV000090464-gnps_ms2	transferred	1	760.6065	9.49	760.6041	9.565827	-3.155	0.076	1.0	unique	assigned
C42H79NO7	[M + H]+	2-[(2-Dodecanoyloxyacetyl)-(2-dodecanoyloxyethyl)amino]ethyl dodecanoate	CCCCCCCCCCCC(=O)OCCN(CCOC(=O)CCCCCCCCCCC)C(=O)COC(=O)CCCCCCCCCCC	0.095	Fatty acids	Ceramides	Fatty Acyls		10258	EB-MSV000090464-gnps_ms2	transferred	0	710.5898	9.5							no_match
C42H79NO7	[M + Na]+	Tris[2,6-bis(2-methylbutan-2-yl)phenyl] borate	B(OC1=C(C=CC=C1C(C)(C)CC)C(C)(C)CC)(OC2=C(C=CC=C2C(C)(C)CC)C(C)(C)CC)OC3=C(C=CC=C3C(C)(C)CC)C(C)(C)CC	0.004	Terpenoids	Carotenoids (C40, β-β)	Steroids and steroid derivatives		10259	EB-MSV000090464-gnps_ms2	transferred	1	732.5735	9.52							no_ms2_candidate
C37H73N9O7	[M + H]+								10260	EB-MSV000090464-gnps_ms2	transferred	1	756.5712	9.52							low_cosine
C44H74FN5O4	[M + H]+	4-[3-[(E)-dodec-5-enoyl]oxy-2-[(6E,9E,12E,15E,18E)-tetracosa-6,9,12,15,18-pentaenoyl]oxypropoxy]-2-(trimethylazaniumyl)butanoate	CCCCCCC=CCCCC(=O)OCC(COCCC(C(=O)O)[N+](C)(C)C)OC(=O)CCCCC=CCC=CCC=CCC=CCC=CCCCCC	0.014	Fatty acids	Neutral glycosphingolipids	Fatty Acyls		10261	EB-MSV000090464-gnps_ms2	transferred	1	756.5748	9.53							low_cosine
C44H83NO7	[M + Na]+	4-[3-hexadecanoyloxy-2-[(Z)-octadec-9-enoyl]oxypropoxy]-2-(trimethylazaniumyl)butanoate	CCCCCCCCCCCCCCCC(=O)OCC(COCCC(C(=O)O)[N+](C)(C)C)OC(=O)CCCCCCCC=CCCCCCCCC	0.1	Fatty acids	Fatty acyl carnitines	Fatty Acyls	28423.0	10265	EB-MSV000090464-gnps_ms2	transferred	1	760.6051	9.53	760.6041	9.565827	-1.315	0.036	0.8621	unique	assigned
C44H83NO7	[M + H]+	4-[3-hexadecanoyloxy-2-[(Z)-octadec-9-enoyl]oxypropoxy]-2-(trimethylazaniumyl)butanoate	CCCCCCCCCCCCCCCC(=O)OCC(COCCC(C(=O)O)[N+](C)(C)C)OC(=O)CCCCCCCC=CCCCCCCCC	0.133	Fatty acids	Fatty acyl carnitines	Fatty Acyls		10266	EB-MSV000090464-gnps_ms2	transferred	0	738.6204	9.54							no_match
C44H80O5	[M + Na]+		CCCCCCCCC=CCCCCCCCCCCCC(=O)OCC(CO)OC(=O)CCCCCCCCC=CCC=CCCCCC	0.126	Fatty acids	Triacylglycerols	Glycerolipids		10271	EB-MSV000090464-gnps_ms2	transferred	0	711.5963	9.56							no_match
C44H79NO7	[M + H]+	1,2-dihexadecanoyl-sn-glycero-3-O-(N,N,N-trimethyl)-homoserine	CCCCCCCCCCCCCCCC(=O)OCC(COCCC(C(=O)O)[N+](C)(C)C)OC(=O)CCCCCCCCCCCCCCC	0.15	Fatty acids	N-acyl amines	Fatty Acyls		10272	EB-MSV000090464-gnps_ms2	transferred	0	734.5907	9.55							no_match
C36H77N5O11	[M + H]+	4-[1-[[4-[(4-Carboxy-2,4-dimethylpentan-2-yl)-(2-carboxy-2-methylpropyl)amino]-2,4-dimethylpentan-2-yl]-(2-methyl-4-oxopentan-2-yl)amino]propan-2-yl-(2-carboxypropyl)amino]-2,2,4-trimethylpentanoic acid	CC(CN(C(C)CN(C(C)(C)CC(=O)C)C(C)(C)CC(C)(C)N(CC(C)(C)C(=O)O)C(C)(C)CC(C)(C)C(=O)O)C(C)(C)CC(C)(C)C(=O)O)C(=O)O	0.003	Amino acids and Peptides	Lipopeptides	Peptidomimetics		10276	EB-MSV000090464-gnps_ms2	transferred	1	756.5709	9.59							low_cosine
C46H75NO7	[M + H]+		CCCCCCCCCCCCCCCC(=O)OCC(COCCC(C(=O)[O-])[N+](C)(C)C)OC(=O)CCCC=CCCC=CCC=CCC=CCC	0.142	Fatty acids	Fatty acyl carnitines	Fatty Acyls		10277	EB-MSV000090464-gnps_ms2	transferred	0	754.5617	9.61							no_match
C46H83NO7	[M + H]+	4-[3-[(Z)-heptadec-9-enoyl]oxy-2-[(9Z,12Z)-nonadeca-9,12-dienoyl]oxypropoxy]-2-(trimethylazaniumyl)butanoate	CCCCCCCC=CCCCCCCCC(=O)OCC(COCCC(C(=O)O)[N+](C)(C)C)OC(=O)CCCCCCCC=CCC=CCCCCCC	0.012	Fatty acids	Ceramides	Fatty Acyls		10279	EB-MSV000090464-gnps_ms2	transferred	0	762.6265	9.62							no_match
C39H77N7O5S	[M + H]+	4-[2,3-bis[[(9Z,12Z,15Z)-octadeca-9,12,15-trienoyl]oxy]propoxy]-2-(trimethylazaniumyl)butanoate	CCC=CCC=CCC=CCCCCCCCC(=O)OCC(COCCC(C(=O)O)[N+](C)(C)C)OC(=O)CCCCCCCC=CCC=CCC=CCC	0.108	Fatty acids	Fatty acyl carnitines	Fatty Acyls		10282	EB-MSV000090464-gnps_ms2	transferred	1	756.5767	9.64							low_cosine
C44H79NO7	[M + H]+	1,2-dihexadecanoyl-sn-glycero-3-O-(N,N,N-trimethyl)-homoserine	CCCCCCCCCCCCCCCC(=O)OCC(COCCC(C(=O)O)[N+](C)(C)C)OC(=O)CCCCCCCCCCCCCCC	0.199	Fatty acids	Fatty acyl carnitines	Fatty Acyls		10284	EB-MSV000090464-gnps_ms2	transferred	0	734.5908	9.64							no_match
C44H83NO7	[M + Na]+	4-[3-hexadecanoyloxy-2-[(Z)-octadec-9-enoyl]oxypropoxy]-2-(trimethylazaniumyl)butanoate	CCCCCCCCCCCCCCCC(=O)OCC(COCCC(C(=O)O)[N+](C)(C)C)OC(=O)CCCCCCCC=CCCCCCCCC	0.119	Fatty acids	Ceramides	Fatty Acyls	28423.0	10286	EB-MSV000090464-gnps_ms2	transferred	1	760.6047	9.65	760.6041	9.565827	-0.789	-0.084	0.899	unique	assigned
C41H79N3O9	[M + H]+	3-[4-[2-[2-[3-[(2-amino-2,4,4-trimethylpentyl)amino]-3-oxopropyl]-2-methyl-1,3-dioxolan-4-yl]-1-hydroxy-3-(3-hydroxy-3-methylbutoxy)-3-methylbutyl]-2-methyl-1,3-dioxolan-2-yl]-N-(2,2,4,4-tetramethylpentyl)propanamide	CC1(OCC(O1)C(C(C2COC(O2)(C)CCC(=O)NCC(C)(C)CC(C)(C)C)O)C(C)(C)OCCC(C)(C)O)CCC(=O)NCC(C)(CC(C)(C)C)N		Amino acids and Peptides	Lipopeptides	Carboxylic acids and derivatives		10287	EB-MSV000090464-gnps_ms2	transferred	0	758.5878	9.66							no_match
C42H79NO7	[M + H]+	4-[2-henicosanoyloxy-3-[(E)-undec-4-enoyl]oxypropoxy]-2-(trimethylazaniumyl)butanoate	CCCCCCCCCCCCCCCCCCCCC(=O)OC(COCCC(C(=O)O)[N+](C)(C)C)COC(=O)CCC=CCCCCCC	0.045	Fatty acids	Triacylglycerols	Fatty Acyls		10288	EB-MSV000090464-gnps_ms2	transferred	0	710.5899	9.67							no_match
C39H76N8O6S2	[M + H]+		CC(C)(C)C1=CC2=C3C(=C1)CN(CCN(CCN(CC4=CC(=CC(=C4SCCS3)CN(CCN(CCN(C2)CCO)C)CCO)C(C)(C)C)CCO)C)CCO		Amino acids and Peptides	Cyclamides	Carboxylic acids and derivatives		10289	EB-MSV000090464-gnps_ms2	transferred	1	817.5399	9.65							no_ms2_candidate
C44H83NO7	[M + H]+	4-[3-hexadecanoyloxy-2-[(Z)-octadec-9-enoyl]oxypropoxy]-2-(trimethylazaniumyl)butanoate	CCCCCCCCCCCCCCCC(=O)OCC(COCCC(C(=O)O)[N+](C)(C)C)OC(=O)CCCCCCCC=CCCCCCCCC	0.155	Fatty acids	Fatty acyl carnitines	Fatty Acyls		10290	EB-MSV000090464-gnps_ms2	transferred	1	738.6203	9.66							low_cosine
C44H81NO7	[M + H]+	1-hexadecanoyl-2-(9Z,12Z-octadecadienoyl)-3-O-[(N,N,N-trimethyl) homoserine]-glycerol	CCCCCCCCCCCCCCCC(=O)OCC(COCCC(C(=O)O)[N+](C)(C)C)OC(=O)CCCCCCCC=CCC=CCCCCC	0.082	Fatty acids	Neutral glycosphingolipids	Fatty Acyls		10291	EB-MSV000090464-gnps_ms2	transferred	0	736.6058	9.66							no_match
C44H77BN4O7	[M + H]+	N-Stearoyldesferrioxamine	CCCCCCCCCCCCCCCCCC(=O)NCCCCCN(C(=O)CCC(=O)NCCCCCN(C(=O)CCCCCCCN(C(=O)C)O)O)O		Amino acids and Peptides	Microcolins and mirabimids	Carboxylic acids and derivatives		10296	EB-MSV000090464-gnps_ms2	transferred	2	784.6042	9.68							low_cosine
C39H77N5O7Si	[M + H]+								10298	EB-MSV000090464-gnps_ms2	transferred	1	756.5711	9.67							low_cosine
C40H77N5O8	[M + H]+		CCCCCCCCCCCCCCCC(=O)OCC(COCCC(C(=O)[O-])[N+](C)(C)C)OC(=O)CCCC=CCCC=CCC=CCCCCC	0.09	Fatty acids	Fatty acyl carnitines	Fatty Acyls	9509.0	10299	EB-MSV000090464-gnps_ms2	transferred	1	756.5776	9.67	756.5714	9.67345	-8.195	0.003	0.7706	unique	assigned
C42H73N5O8	[M + H]+	Norbatzelladine A	CCCCCCCCC1CC2CCC3N2C(=NC(C3C(=O)OCCCCCCCCCC4C(=C5CCCN5C(=N4)N)C(=O)OCCCCN=C(N)N)C)N1	0.042	Alkaloids	Linear peptides	Carboxylic acids and derivatives	24337.0	10300	EB-MSV000090464-gnps_ms2	transferred	1	776.5473	9.67	776.5456	9.667678	-2.189	-0.002	0.9999	unique	assigned
C44H83NO7	[M + Na]+	4-[3-hexadecanoyloxy-2-[(Z)-octadec-9-enoyl]oxypropoxy]-2-(trimethylazaniumyl)butanoate	CCCCCCCCCCCCCCCC(=O)OCC(COCCC(C(=O)O)[N+](C)(C)C)OC(=O)CCCCCCCC=CCCCCCCCC	0.107	Fatty acids	Fatty acyl carnitines	Fatty Acyls	28423.0	10301	EB-MSV000090464-gnps_ms2	transferred	1	760.6043	9.7	760.6041	9.565827	-0.263	-0.134	0.9363	unique	assigned
C35H75N7O10	[M + H]+		CCCCCCCCCCCCCCCC(=O)OCC(COCCC(C(=O)[O-])[N+](C)(C)C)OC(=O)CCCC=CCCC=CCC=CCC=CCC	0.138	Fatty acids	Neutral glycosphingolipids	Fatty Acyls		10303	EB-MSV000090464-gnps_ms2	transferred	0	754.5617	9.68							no_match
C42H79NO7	[M + Na]+	[(3S,4S,5R)-5-[3-(dimethylamino)propanoyloxymethyl]-4-(2-hexyldecanoyloxy)oxolan-3-yl] 2-hexyldecanoate	CCCCCCCCC(CCCCCC)C(=O)OC1COC(C1OC(=O)C(CCCCCC)CCCCCCCC)COC(=O)CCN(C)C	0.107	Fatty acids	Fatty acyl carnitines	Carboxylic acids and derivatives		10304	EB-MSV000090464-gnps_ms2	transferred	1	732.5738	9.7							no_ms2_candidate
C42H79NO7	[M + H]+	2-[(2-Dodecanoyloxyacetyl)-(2-dodecanoyloxyethyl)amino]ethyl dodecanoate	CCCCCCCCCCCC(=O)OCCN(CCOC(=O)CCCCCCCCCCC)C(=O)COC(=O)CCCCCCCCCCC	0.025	Fatty acids	Fatty acyl carnitines	Fatty Acyls		10305	EB-MSV000090464-gnps_ms2	transferred	0	710.5897	9.7							no_match
C44H82FN5O4	[M + H]+	(Z)-N'-[2-[(6Z,9E,27Z,30Z)-18-ethoxyhexatriaconta-6,9,27,30-tetraen-18-yl]oxyethyl]-N,N'-dimethyl-2-(methylideneamino)but-1-ene-1,4-diamine	CCCCCC=CCC=CCCCCCCCCC(CCCCCCCC=CCC=CCCCCC)(OCC)OCCN(C)CCC(=CNC)N=C	0.011	Fatty acids	Ceramides	Fatty Acyls		10307	EB-MSV000090464-gnps_ms2	transferred	0	764.638	9.71							no_match
C35H75N9O7	[M + H]+	1,2-dihexadecanoyl-sn-glycero-3-O-(N,N,N-trimethyl)-homoserine	CCCCCCCCCCCCCCCC(=O)OCC(COCCC(C(=O)O)[N+](C)(C)C)OC(=O)CCCCCCCCCCCCCCC	0.158	Fatty acids	N-acyl amines	Fatty Acyls		10309	EB-MSV000090464-gnps_ms2	transferred	0	734.5908	9.73							no_match
C44H83NO7	[M + H]+	4-[3-hexadecanoyloxy-2-[(Z)-octadec-9-enoyl]oxypropoxy]-2-(trimethylazaniumyl)butanoate	CCCCCCCCCCCCCCCC(=O)OCC(COCCC(C(=O)O)[N+](C)(C)C)OC(=O)CCCCCCCC=CCCCCCCCC	0.123	Fatty acids	Fatty acyl carnitines	Fatty Acyls		10310	EB-MSV000090464-gnps_ms2	transferred	1	738.6205	9.74							low_cosine
C40H77N7O5	[M + H]+	1-hexadecanoyl-2-(9Z,12Z-octadecadienoyl)-3-O-[(N,N,N-trimethyl) homoserine]-glycerol	CCCCCCCCCCCCCCCC(=O)OCC(COCCC(C(=O)O)[N+](C)(C)C)OC(=O)CCCCCCCC=CCC=CCCCCC	0.094	Fatty acids	Ceramides	Fatty Acyls		10311	EB-MSV000090464-gnps_ms2	transferred	0	736.6059	9.74							no_match
C44H83NO7	[M + Na]+	4-[3-hexadecanoyloxy-2-[(Z)-octadec-9-enoyl]oxypropoxy]-2-(trimethylazaniumyl)butanoate	CCCCCCCCCCCCCCCC(=O)OCC(COCCC(C(=O)O)[N+](C)(C)C)OC(=O)CCCCCCCC=CCCCCCCCC	0.048	Fatty acids	Neutral glycosphingolipids	Fatty Acyls	28423.0	10312	EB-MSV000090464-gnps_ms2	transferred	1	760.6044	9.73	760.6041	9.565827	-0.394	-0.164	0.8435	unique	assigned
C41H77N3O9	[M + H]+	2,2,3-Tris(3,5-ditert-butyl-4-hydroxyphenyl)-1-(1,3,5-triazinan-1-yl)propan-1-one	CC(C)(C)C1=CC(=CC(=C1O)C(C)(C)C)CC(C2=CC(=C(C(=C2)C(C)(C)C)O)C(C)(C)C)(C3=CC(=C(C(=C3)C(C)(C)C)O)C(C)(C)C)C(=O)N4CNCNC4	0.01	Alkaloids	Chalcones	Carboxylic acids and derivatives		10317	EB-MSV000090464-gnps_ms2	transferred	1	756.5717	9.76							low_cosine
C42H73N7O5	[M + H]+	4-[1-[[4-[(4-Carboxy-2,4-dimethylpentan-2-yl)-(2-carboxy-2-methylpropyl)amino]-2,4-dimethylpentan-2-yl]-(2-methyl-4-oxopentan-2-yl)amino]propan-2-yl-(2-carboxypropyl)amino]-2,2,4-trimethylpentanoic acid	CC(CN(C(C)CN(C(C)(C)CC(=O)C)C(C)(C)CC(C)(C)N(CC(C)(C)C(=O)O)C(C)(C)CC(C)(C)C(=O)O)C(C)(C)CC(C)(C)C(=O)O)C(=O)O	0.003	Polyketides	Microcolins and mirabimids	Peptidomimetics		10322	EB-MSV000090464-gnps_ms2	transferred	1	756.5719	9.8							low_cosine
C44H83NO7	[M + H]+	1-O-[(2R)-3-[(E,1S)-1-hydroxyhexadec-2-enoxy]-2-(octadecanoylamino)propyl] 4-O-propan-2-yl butanedioate	CCCCCCCCCCCCCCCCCC(=O)NC(COC(C=CCCCCCCCCCCCCC)O)COC(=O)CCC(=O)OC(C)C	0.356	Fatty acids	Ceramides	Fatty Acyls		10324	EB-MSV000090464-gnps_ms2	transferred	1	738.6205	9.81							low_cosine
C41H77N3O9	[M + H]+		CCCCCCCCCCCCCCCC(=O)OCC(COCCC(C(=O)[O-])[N+](C)(C)C)OC(=O)CCCC=CCCC=CCC=CCCCCC	0.105	Fatty acids	Fatty acyl carnitines	Fatty Acyls		10325	EB-MSV000090464-gnps_ms2	transferred	0	756.5797	9.8							no_match
C40H73BN4O7	[M + H]+								10326	EB-MSV000090464-gnps_ms2	transferred	1	732.5735	9.84							no_ms2_candidate
C41H75BN6O6	[M + H]+	3-[4-[2-[2-[3-[(2-amino-2,4,4-trimethylpentyl)amino]-3-oxopropyl]-2-methyl-1,3-dioxolan-4-yl]-1-hydroxy-3-(3-hydroxy-3-methylbutoxy)-3-methylbutyl]-2-methyl-1,3-dioxolan-2-yl]-N-(2,2,4,4-tetramethylpentyl)propanamide	CC1(OCC(O1)C(C(C2COC(O2)(C)CCC(=O)NCC(C)(C)CC(C)(C)C)O)C(C)(C)OCCC(C)(C)O)CCC(=O)NCC(C)(CC(C)(C)C)N	0.039	Amino acids and Peptides	Microcolins and mirabimids	Peptidomimetics		10329	EB-MSV000090464-gnps_ms2	transferred	0	758.5874	9.84							no_match
C44H79NO7	[M + H]+	[3-Hexadecanoyloxy-2-[2-(2-methoxypropoxy)propanoylamino]propyl] hexadecanoate	CCCCCCCCCCCCCCCC(=O)OCC(COC(=O)CCCCCCCCCCCCCCC)NC(=O)C(C)OCC(C)OC	0.329	Fatty acids	N-acyl amines	Fatty Acyls		10333	EB-MSV000090464-gnps_ms2	transferred	0	734.5908	9.85							no_match
C42H79NO7	[M + H]+	2-[(2-Dodecanoyloxyacetyl)-(2-dodecanoyloxyethyl)amino]ethyl dodecanoate	CCCCCCCCCCCC(=O)OCCN(CCOC(=O)CCCCCCCCCCC)C(=O)COC(=O)CCCCCCCCCCC	0.141	Fatty acids	Fatty acyl carnitines	Fatty Acyls		10336	EB-MSV000090464-gnps_ms2	transferred	0	710.5901	9.84							no_match
C44H83NO7	[M + Na]+	1-O-[(2R)-3-[(E,1S)-1-hydroxyhexadec-2-enoxy]-2-(octadecanoylamino)propyl] 4-O-propan-2-yl butanedioate	CCCCCCCCCCCCCCCCCC(=O)NC(COC(C=CCCCCCCCCCCCCC)O)COC(=O)CCC(=O)OC(C)C	0.243	Fatty acids	Ceramides	Fatty Acyls		10338	EB-MSV000090464-gnps_ms2	transferred	1	760.6041	9.87							low_cosine
C42H79NO7	[M + Na]+								10342	EB-MSV000090464-gnps_ms2	transferred	1	732.5736	9.89							no_ms2_candidate
C44H81NO7	[M + H]+	1-hexadecanoyl-2-(9Z,12Z-octadecadienoyl)-3-O-[(N,N,N-trimethyl) homoserine]-glycerol	CCCCCCCCCCCCCCCC(=O)OCC(COCCC(C(=O)O)[N+](C)(C)C)OC(=O)CCCCCCCC=CCC=CCCCCC	0.127	Fatty acids	Triacylglycerols	Glycerolipids		10343	EB-MSV000090464-gnps_ms2	transferred	0	736.6058	9.9							no_match
C38H63B9N2O6	[M + H]+	[3-Hexadecanoyloxy-2-[2-(2-methoxypropoxy)propanoylamino]propyl] hexadecanoate	CCCCCCCCCCCCCCCC(=O)OCC(COC(=O)CCCCCCCCCCCCCCC)NC(=O)C(C)OCC(C)OC	0.423	Fatty acids	Ceramides	Fatty Acyls		10346	EB-MSV000090464-gnps_ms2	transferred	0	734.5907	9.9							no_match
C44H83NO7	[M + H]+	4-[3-hexadecanoyloxy-2-[(Z)-octadec-9-enoyl]oxypropoxy]-2-(trimethylazaniumyl)butanoate	CCCCCCCCCCCCCCCC(=O)OCC(COCCC(C(=O)O)[N+](C)(C)C)OC(=O)CCCCCCCC=CCCCCCCCC	0.082	Fatty acids	Fatty acyl carnitines	Fatty Acyls		10353	EB-MSV000090464-gnps_ms2	transferred	1	738.6216	9.91							low_cosine
C44H83NO7	[M + H]+	1-O-[(2R)-3-[(E,1S)-1-hydroxyhexadec-2-enoxy]-2-(octadecanoylamino)propyl] 4-O-propan-2-yl butanedioate	CCCCCCCCCCCCCCCCCC(=O)NC(COC(C=CCCCCCCCCCCCCC)O)COC(=O)CCC(=O)OC(C)C	0.222	Fatty acids	Ceramides	Fatty Acyls		10354	EB-MSV000090464-gnps_ms2	transferred	1	738.6203	9.92							low_cosine
C42H79NO7	[M + H]+	2-[(2-Dodecanoyloxyacetyl)-(2-dodecanoyloxyethyl)amino]ethyl dodecanoate	CCCCCCCCCCCC(=O)OCCN(CCOC(=O)CCCCCCCCCCC)C(=O)COC(=O)CCCCCCCCCCC	0.152	Fatty acids	Fatty acyl carnitines	Fatty Acyls		10356	EB-MSV000090464-gnps_ms2	transferred	0	710.5903	9.92							no_match
C41H77N3O9	[M + H]+		CCCCCCCCCCCCCCCC(=O)OCC(COCCC(C(=O)[O-])[N+](C)(C)C)OC(=O)CCCC=CCCC=CCC=CCCCCC	0.085	Fatty acids	Neutral glycosphingolipids	Fatty Acyls		10357	EB-MSV000090464-gnps_ms2	transferred	0	756.5797	9.94							no_match
C44H79NO7	[M + H]+	[3-Hexadecanoyloxy-2-[2-(2-methoxypropoxy)propanoylamino]propyl] hexadecanoate	CCCCCCCCCCCCCCCC(=O)OCC(COC(=O)CCCCCCCCCCCCCCC)NC(=O)C(C)OCC(C)OC	0.305	Fatty acids	N-acyl amines	Fatty Acyls		10359	EB-MSV000090464-gnps_ms2	transferred	0	734.5907	9.94							no_match
C44H83NO7	[M + H]+	1-O-[(2R)-3-[(E,1S)-1-hydroxyhexadec-2-enoxy]-2-(octadecanoylamino)propyl] 4-O-propan-2-yl butanedioate	CCCCCCCCCCCCCCCCCC(=O)NC(COC(C=CCCCCCCCCCCCCC)O)COC(=O)CCC(=O)OC(C)C	0.552	Fatty acids	Ceramides	Fatty Acyls		10362	EB-MSV000090464-gnps_ms2	transferred	1	738.6218	9.95							low_cosine
C40H73N7O5	[M + H]+	4-[(1S)-1-[3,5-bis(diethylaminomethyl)-4-hydroxyphenyl]-1-[3-(diethylaminomethyl)-5-(ethylaminomethyl)-4-hydroxyphenyl]ethyl]-2-(diethylaminomethyl)-6-ethylphenol	CCC1=C(C(=CC(=C1)C(C)(C2=CC(=C(C(=C2)CN(CC)CC)O)CNCC)C3=CC(=C(C(=C3)CN(CC)CC)O)CN(CC)CC)CN(CC)CC)O	0.003	Alkaloids	Steroidal alkaloids	Carboxylic acids and derivatives		10364	EB-MSV000090464-gnps_ms2	transferred	1	732.5736	9.95							no_ms2_candidate
