row ID,row m/z,row retention time,source_file,source_scan
17,604.2952,2.18,A1_liq.mzML,853.0
18,653.4039,2.406,X2_liq.mzML,1000.0
27,1025.5631,3.521,E3C_liq.mzML,1347.0
32,558.3264,3.060625,V2_liq.mzML,1179.0
44,684.3896,2.652,D1_liq.mzML,1031.0
61,386.2483,2.057,D1_spore.mzML,768.0
76,751.3671,3.162684,A1C_liq.mzML,1215.0
94,755.3889,2.809771,D1_liq.mzML,1087.0
96,1124.632,0.737,IS_7.mzML,296.0
104,384.537,1.611,C3C_liq.mzML,670.0
107,310.1683,2.184,A3_liq.mzML,848.0
113,562.2946,2.584451,Y2_liq.mzML,999.0
119,1008.5665,3.160623,X3C_liq.mzML,1217.0
120,679.356,0.8855,E3C_liq.mzML,356.0
125,555.2476,2.175,A1_liq.mzML,859.0
126,1025.5641,0.737,IS_7.mzML,301.0
128,578.2506,2.1685,F2C_liq.mzML,852.0
135,652.4076,2.523,W2_liq.mzML,968.0
141,522.3781,7.139167,W3_spores.mzML,2634.0
142,231.1712,0.8514,C2C_liq.mzML,349.0
143,576.8031,1.581,E3_liq.mzML,763.0
145,685.3927,2.651099,E3C_liq.mzML,1032.0
168,384.8699,1.607277,Y1C_liq.mzML,734.0
172,586.3273,2.104424,V1_liq.mzML,815.0
177,890.4824,3.8525,B3C_liq.mzML,1571.0
188,839.444,2.970537,W2C_liq.mzML,1146.0
191,1100.5753,0.737,IS_7.mzML,303.0
197,563.295,2.572252,D1C_liq.mzML,962.0
216,498.3716,6.914607,B3_spore.mzML,2500.0
218,264.1355,0.622,E3_liq.mzML,269.0
221,679.3486,0.811,W1_liq.mzML,327.0
241,1009.571,3.158579,C2_liq.mzML,1280.0
252,561.2965,1.881,C3C_liq.mzML,827.0
253,554.3378,2.119137,C2C_liq.mzML,852.0
259,604.3021,2.231832,Y2_liq.mzML,883.0
263,606.2592,1.691,A1_liq.mzML,661.0
277,724.3141,2.057,A1_liq.mzML,799.0
287,532.3017,3.304,D3C_liq.mzML,1239.0
288,384.8698,1.659,C2_liq.mzML,626.0
290,154.99,10.896505,X2_spores.mzML,3940.0
304,620.279,0.587,Z3C_liq.mzML,248.0
305,167.0899,0.5775,C1_spore.mzML,283.0
319,440.2929,2.903858,A1_liq.mzML,1101.0
321,732.3585,2.946,F3_liq.mzML,1132.0
327,398.7212,1.479491,Y3_spores.mzML,608.0
337,428.2175,1.881,C2C_liq.mzML,725.0
346,1373.6639,3.598,A2C_liq.mzML,1382.0
358,849.3452,1.515958,A1C_liq.mzML,595.0
369,690.4396,3.3595,B3_liq.mzML,1234.0
392,838.441,3.149,C3C_liq.mzML,1235.0
399,887.465,3.740481,C3_liq.mzML,1419.0
400,540.3108,3.067332,A2C_liq.mzML,1180.0
401,838.4512,3.162,Y2C_liq.mzML,1279.0
402,577.303,1.581,F3_liq.mzML,767.0
406,732.3667,2.945977,Y2_liq.mzML,1124.0
407,556.2479,2.168,W1_liq.mzML,964.0
408,652.9059,2.406,B1_liq.mzML,930.0
419,644.3518,3.276,A1_liq.mzML,1273.0
427,378.5326,1.612,C3C_liq.mzML,664.0
428,576.3054,1.992138,C3C_liq.mzML,795.0
431,684.3975,2.73,F2_liq.mzML,1054.0
446,1374.6549,3.599,Z1_liq.mzML,1447.0
447,385.2067,1.611,D1C_liq.mzML,742.0
451,384.5372,2.023,Z1C_liq.mzML,774.0
457,338.3427,8.818051,Z3C_liq.mzML,3282.0
465,903.4631,3.245,C2_liq.mzML,1316.0
466,579.2542,2.168,E1_liq.mzML,842.0
470,993.4705,3.454485,A2C_liq.mzML,1334.0
481,900.4573,2.840972,X3C_liq.mzML,1102.0
493,637.2818,2.309491,Z2_liq.mzML,902.0
496,550.7952,0.737,IS_7.mzML,313.0
501,578.3564,2.634,Y3_spores.mzML,1015.0
506,501.5792,2.285701,X3C_liq.mzML,892.0
507,606.266,1.707138,Y2C_liq.mzML,665.0
513,445.25,0.610038,Z3_liq.mzML,311.0
515,399.2202,1.490937,Y2_spores.mzML,544.0
526,506.9103,1.912,Y2C_liq.mzML,750.0
528,644.8561,3.276,F3_liq.mzML,1338.0
553,361.2001,2.1805,V3_liq.mzML,792.0
556,822.4401,3.323,E2C_liq.mzML,1283.0
560,666.8351,1.495455,X3C_liq.mzML,578.0
564,461.244,2.639434,E3_liq.mzML,989.0
565,456.2173,1.723,V3C_liq.mzML,659.0
577,546.2436,0.747,Z3C_liq.mzML,299.0
582,646.6605,1.0,IS_7.mzML,422.0
586,443.2695,0.737976,W3_liq.mzML,337.0
593,707.3231,2.491603,E1C_liq.mzML,837.0
599,554.3377,2.588754,F2C_liq.mzML,1003.0
607,330.1735,2.641805,C3C_liq.mzML,1042.0
614,810.3164,1.929556,V3_liq.mzML,762.0
624,546.2382,0.588,F1C_liq.mzML,274.0
625,378.868,1.613,C1C_liq.mzML,738.0
631,445.2454,3.846,A1_liq.mzML,1481.0
637,425.2748,2.521,Z3_liq.mzML,976.0
648,547.2499,2.182516,A1C_liq.mzML,881.0
649,777.3484,2.713,C2C_liq.mzML,1103.0
651,562.2689,1.579,F3C_liq.mzML,607.0
662,247.1661,10.64957,E3_liq.mzML,3908.0
666,411.2611,2.217458,Y3C_liq.mzML,870.0
673,526.2614,0.811411,A3C_liq.mzML,337.0
677,994.4675,3.45622,Y3C_liq.mzML,1327.0
692,1136.5291,3.15665,X1_liq.mzML,1203.0
697,620.2731,3.238239,A2C_liq.mzML,1251.0
702,336.1197,6.270184,QC_7.mzML,2369.0
722,821.3879,2.893152,A1_liq.mzML,1119.0
723,997.509,2.216204,Y2C_liq.mzML,872.0
742,747.3309,1.849,V2_liq.mzML,723.0
756,268.0965,5.465698,QC_8.mzML,2020.0
757,546.2923,2.315988,F3C_liq.mzML,890.0
763,606.2593,1.507713,A3_liq.mzML,587.0
770,984.5632,3.65151,F2_liq.mzML,1406.0
773,555.2795,2.459651,Y1_liq.mzML,895.0
778,631.2969,1.515242,F3C_liq.mzML,579.0
796,742.3943,2.279832,C3_liq.mzML,895.0
804,167.0131,10.913499,QC_11.mzML,4100.0
806,227.1021,0.575986,E3_spore.mzML,249.0
814,540.3057,3.169439,C1C_liq.mzML,1209.0
822,606.2655,1.500456,E2_liq.mzML,587.0
823,718.3602,2.057,A1_liq.mzML,801.0
825,576.299,2.057,B3C_liq.mzML,766.0
826,686.4826,8.622761,W2_spores.mzML,3173.0
827,660.3423,1.468,X1C_liq.mzML,627.0
874,576.3051,2.095153,Z2C_liq.mzML,824.0
885,847.2835,0.589,X2C_liq.mzML,247.0
888,540.3114,3.185174,X2_liq.mzML,1231.0
889,665.3117,1.960505,D4C_liq.mzML,759.0
893,534.2571,1.9785,Y3_spores.mzML,773.0
894,553.2311,0.925516,V3_liq.mzML,438.0
896,690.3635,0.759926,V1C_liq.mzML,308.0
901,850.3554,1.515654,V2C_liq.mzML,557.0
913,433.5497,1.675,F2C_liq.mzML,660.0
921,590.2108,1.658,B3_liq.mzML,645.0
926,868.4073,2.372789,E1_liq.mzML,920.0
931,659.3449,3.100032,E2_liq.mzML,1184.0
933,730.0146,1.628,Z3C_liq.mzML,628.0
938,1096.4985,2.1055,A1_liq.mzML,829.0
939,839.4431,3.147,B2C_liq.mzML,1143.0
942,991.7229,6.975083,V3_spores.mzML,2578.0
949,675.3338,0.581497,F1C_liq.mzML,323.0
953,629.3298,2.215,D1_liq.mzML,830.0
958,1096.4833,2.122857,A3_liq.mzML,823.0
962,770.3464,1.014936,W2_liq.mzML,405.0
963,672.3323,6.034457,QC_1.mzML,2267.0
966,785.3654,1.833,D3C_liq.mzML,720.0
968,428.5504,1.928,Z1_liq.mzML,653.0
970,821.4344,3.3044,C2C_liq.mzML,1290.0
980,488.2345,1.067536,Y2C_liq.mzML,418.0
988,686.4823,8.616046,V2_liq.mzML,3190.0
997,733.3636,2.949,D3_liq.mzML,1122.0
1001,711.2636,1.358378,Z1_liq.mzML,543.0
1019,244.1297,2.405,C3C_liq.mzML,1012.0
1022,890.2822,2.024,E2_liq.mzML,783.0
1032,546.2937,0.940135,F3C_liq.mzML,429.0
1033,608.5582,2.0245,X2_liq.mzML,785.0
1038,788.3591,1.801,X2C_liq.mzML,700.0
1040,679.684,1.016,IS_7.mzML,406.0
1042,182.9858,10.905051,D1C_liq.mzML,4188.0
1043,494.344,6.963542,W3_spores.mzML,2531.0
1049,553.2987,2.392906,B3_liq.mzML,946.0
1056,956.4517,2.440789,X2_liq.mzML,959.0
1057,620.3321,2.183,X3_liq.mzML,851.0
1065,747.3395,1.864,Y3_liq.mzML,728.0
1069,758.3507,2.819587,A1_liq.mzML,1100.0
1072,772.4184,2.571,W2C_liq.mzML,1003.0
1080,501.2596,3.349,V3_liq.mzML,1298.0
1087,545.2348,1.516,D1_liq.mzML,588.0
1097,562.3012,1.88,Y2_spores.mzML,757.0
1101,601.7949,2.259493,W2C_liq.mzML,895.0
1104,636.3431,3.369397,F2C_liq.mzML,1293.0
1105,540.8069,3.174593,E3_liq.mzML,1260.0
1107,767.3228,0.589,B2_liq.mzML,265.0
1108,646.3326,2.812771,Y1C_liq.mzML,1111.0
1110,636.2676,2.486324,Y2C_liq.mzML,959.0
1130,545.2764,2.057,Y2C_liq.mzML,805.0
1133,569.3354,3.052,B1_liq.mzML,1209.0
1134,246.1443,0.576283,F3C_liq.mzML,269.0
1137,1097.4814,2.1025,D4_liq.mzML,819.0
1148,428.2177,1.963752,X3_liq.mzML,748.0
1156,460.2646,2.6655,A3_liq.mzML,1142.0
1164,740.5268,10.666296,Z3C_liq.mzML,3933.0
1168,712.3628,0.978261,X3C_liq.mzML,378.0
1172,551.2921,1.437515,B3C_liq.mzML,512.0
1179,766.4868,3.245,B2_liq.mzML,1242.0
1181,617.6505,1.0,IS_7.mzML,407.0
1183,619.2921,2.087,B1C_liq.mzML,922.0
1192,446.2216,0.643831,W3_liq.mzML,329.0
1201,695.2926,1.598,Z3_liq.mzML,629.0
1203,483.2896,3.01475,Y2C_liq.mzML,1151.0
1207,798.4797,3.371,D3C_liq.mzML,1341.0
1219,520.3629,7.211894,Z3_spores.mzML,2702.0
1238,661.3491,3.049586,F2C_liq.mzML,1171.0
1240,624.3371,1.861033,Y3_spores.mzML,731.0
1249,433.8831,1.675,B3_liq.mzML,694.0
1256,428.218,2.222,A1C_liq.mzML,866.0
1257,632.3508,3.009506,W3C_liq.mzML,1164.0
1258,663.3301,1.77,D4_liq.mzML,749.0
1262,344.2541,2.503512,E3_liq.mzML,1016.0
1266,401.7625,3.938645,D1_liq.mzML,1524.0
1269,618.329,1.309632,X1C_liq.mzML,400.0
1275,619.255,0.795925,F2C_liq.mzML,335.0
1277,490.5812,1.691,V2_liq.mzML,670.0
1286,1052.0945,4.430708,F1C_liq.mzML,1658.0
1305,244.1659,2.358,F2C_liq.mzML,994.0
1307,706.3429,1.355,W3C_liq.mzML,542.0
1323,707.3228,2.009,A1C_liq.mzML,771.0
1324,324.6639,1.802,C3C_liq.mzML,744.0
1331,726.3802,1.786,V3_liq.mzML,704.0
1333,1223.6996,4.123,A3C_liq.mzML,1572.0
1347,1000.5031,2.212,C3_liq.mzML,865.0
1348,330.6749,2.634516,F1_liq.mzML,1012.0
1349,549.7786,1.485,X1C_liq.mzML,561.0
1354,403.1987,2.649,A1_liq.mzML,1025.0
1374,338.1688,0.591,C3C_liq.mzML,297.0
1375,769.4125,2.681,C2C_liq.mzML,1041.0
1377,879.4083,1.989514,W3_liq.mzML,765.0
1394,526.3412,1.578,W2C_liq.mzML,552.0
1395,600.3,0.563715,C3C_liq.mzML,263.0
1397,277.1721,2.125357,V3_liq.mzML,828.0
1401,1160.3933,1.35308,Z3_liq.mzML,536.0
1404,829.4305,2.1845,Y3_liq.mzML,873.0
1405,628.3578,3.373,B3_liq.mzML,1317.0
1406,632.3138,2.54,A1_liq.mzML,986.0
1413,643.3824,3.9365,D1_liq.mzML,1514.0
1416,1078.6915,2.429,Z1_liq.mzML,956.0
1428,439.2509,3.276,F3C_liq.mzML,1268.0
1431,1002.5153,0.752,IS_7.mzML,321.0
1436,209.0922,0.589,D4_spore.mzML,249.0
1439,244.6477,2.358,A2_liq.mzML,925.0
1440,740.5182,10.655801,QC_8.mzML,4018.0
1442,578.2504,0.72316,Y2C_liq.mzML,295.0
1447,240.1523,1.675,C3C_liq.mzML,705.0
1454,1072.4838,2.742,X3_liq.mzML,1059.0
1457,419.7194,1.595,C3C_liq.mzML,675.0
1462,691.4391,3.356,Z2_liq.mzML,1323.0
1467,553.231,1.116949,Z1C_liq.mzML,461.0
1476,1003.4521,1.499956,X2C_liq.mzML,591.0
1477,679.3219,1.387,C3C_liq.mzML,617.0
1482,646.9965,3.091917,D1_liq.mzML,1190.0
1489,618.322,1.305333,V2_liq.mzML,524.0
1490,766.9197,4.545663,F3_liq.mzML,1713.0
1493,872.4505,3.034,X3C_liq.mzML,1156.0
1495,1174.5618,2.01,F2_liq.mzML,783.0
1496,530.3676,8.336372,W3_liq.mzML,3115.0
1504,588.3514,2.745,Y2_liq.mzML,1065.0
1518,614.3165,1.626,Y3_liq.mzML,637.0
1521,910.4187,1.737,E3C_liq.mzML,684.0
1528,1152.5959,1.627,F1_liq.mzML,702.0
1533,839.4661,3.323,E2C_liq.mzML,1277.0
1539,890.2916,1.982808,F1C_liq.mzML,771.0
1540,762.5073,10.658,Z3C_liq.mzML,3934.0
1544,533.3049,3.292,Y2_liq.mzML,1239.0
1546,626.8679,3.323,W2C_liq.mzML,1344.0
1555,1112.6001,3.446379,E2_liq.mzML,1333.0
1561,446.5715,1.929957,A1_liq.mzML,747.0
1568,742.3761,1.498,Z3_liq.mzML,586.0
1570,879.3707,1.034867,F1C_liq.mzML,408.0
1577,547.2635,2.088,Z3C_liq.mzML,853.0
1578,608.5591,2.079259,Z1C_liq.mzML,795.0
1580,604.5624,2.118,Z3C_liq.mzML,820.0
1585,374.2281,2.52419,C1C_liq.mzML,987.0
1591,254.1608,0.574048,E3C_liq.mzML,268.0
1593,334.1821,2.460355,X3C_liq.mzML,957.0
1597,1072.4677,2.729,V3_liq.mzML,1058.0
1600,375.2225,1.058944,C2C_liq.mzML,440.0
1601,545.2949,2.1525,A3_liq.mzML,818.0
1606,215.1398,2.435,A1C_liq.mzML,950.0
1607,498.3291,2.987988,C3C_liq.mzML,1171.0
1610,1149.5601,1.722,Y1C_liq.mzML,691.0
1611,437.2485,0.58375,C2C_liq.mzML,260.0
1620,523.7513,1.914,A1C_liq.mzML,746.0
1626,951.4624,3.613548,Z2_liq.mzML,1388.0
1628,390.7509,1.945,E3_liq.mzML,769.0
1636,181.0147,10.790999,IS_7.mzML,4091.0
1638,712.3629,1.023,V2C_liq.mzML,383.0
1643,263.1428,0.953779,A3C_liq.mzML,343.0
1649,728.3897,2.308581,V2_liq.mzML,904.0
1652,554.1767,8.248662,IS_8.mzML,3094.0
1657,318.164,1.515483,A3_liq.mzML,582.0
1659,588.3254,3.115,F1C_liq.mzML,1265.0
1663,671.2975,0.60675,Z1C_liq.mzML,270.0
1669,994.4518,3.44608,Y2_liq.mzML,1328.0
1670,1213.6724,3.822231,W2_liq.mzML,1493.0
1678,659.336,1.567004,X2_liq.mzML,620.0
1679,1234.4686,2.308145,Z3_liq.mzML,909.0
1681,647.3249,1.738,C2C_liq.mzML,688.0
1682,547.2579,2.091227,F2_liq.mzML,814.0
1689,857.5045,3.659196,Y2_liq.mzML,1478.0
1696,644.3436,2.858,E3_liq.mzML,1092.0
1699,849.3458,1.238627,C3C_liq.mzML,578.0
1700,438.2062,0.58375,A1C_liq.mzML,257.0
1701,535.3251,8.336651,W3_liq.mzML,3117.0
1703,800.3782,1.3325,X3_liq.mzML,530.0
1707,573.8126,3.833182,X3C_liq.mzML,1469.0
1709,414.2195,3.521,A2C_liq.mzML,1356.0
1715,1162.5529,3.307,X3C_liq.mzML,1283.0
1721,754.4542,2.745,E2_liq.mzML,1017.0
1723,405.7255,1.651258,Z3C_liq.mzML,647.0
1729,597.2845,2.118603,A3_liq.mzML,830.0
1745,637.2665,2.346,Z2_spores.mzML,916.0
1746,769.4042,2.680888,C3C_liq.mzML,1067.0
1749,598.3593,2.698,Y1C_liq.mzML,1045.0
1752,1093.5256,1.532,Z3C_liq.mzML,604.0
1753,660.8174,2.199,W1C_liq.mzML,861.0
1757,428.5505,2.230358,C1C_liq.mzML,864.0
1763,615.3074,1.324,V2_liq.mzML,513.0
1765,994.1571,2.664,Z1_liq.mzML,1029.0
1768,492.2349,3.019251,F3C_liq.mzML,1082.0
1773,609.3367,2.983556,C3C_liq.mzML,1167.0
1779,942.521,3.212179,Y2C_liq.mzML,1241.0
1792,493.7715,3.904,A3_liq.mzML,1487.0
1794,385.2069,1.991154,E2_liq.mzML,735.0
1796,658.3572,2.922741,D3_liq.mzML,1161.0
1798,1450.7937,3.976336,E3_liq.mzML,1530.0
1800,869.4404,2.088897,V3_liq.mzML,811.0
1801,277.1193,2.3665,B3_liq.mzML,934.0
1804,1022.4846,3.082274,A3_liq.mzML,1189.0
1811,542.8041,3.656677,V3_liq.mzML,1397.0
1813,1090.397,2.341,X1_liq.mzML,909.0
1835,550.2624,1.786543,C3_spore.mzML,669.0
1842,376.1532,0.578009,F3_liq.mzML,308.0
1847,491.2578,0.599,Z3_liq.mzML,273.0
1860,1106.5526,3.583,B3C_liq.mzML,1383.0
1864,726.3795,1.945,X2_liq.mzML,759.0
1866,1026.5616,3.587,X3_liq.mzML,1379.0
1867,669.348,0.943307,F3_liq.mzML,399.0
1868,379.204,1.597,D4C_liq.mzML,643.0
1870,629.2927,0.666729,W1C_liq.mzML,265.0
1871,359.2283,1.499909,C2C_liq.mzML,649.0
1877,775.2565,1.666165,A3_liq.mzML,653.0
1879,620.2944,2.556,F3C_liq.mzML,921.0
1881,1113.5171,2.113156,B3_liq.mzML,820.0
1882,729.3401,1.597,W3C_liq.mzML,568.0
1886,957.449,2.444,X3_liq.mzML,974.0
1887,711.9037,4.228,F3_liq.mzML,1624.0
1892,575.2812,1.518,Y3C_liq.mzML,682.0
1894,742.3959,2.809603,Z3_liq.mzML,1126.0
1900,1403.7258,3.115,X1_liq.mzML,1187.0
1901,724.4432,2.755333,A1C_liq.mzML,1052.0
1902,819.0829,2.507,Z3C_liq.mzML,979.0
1912,690.3232,0.958,V2_liq.mzML,337.0
1917,443.7435,1.737,Y2C_liq.mzML,622.0
1922,373.7313,3.162,A1_liq.mzML,1221.0
1929,1303.5977,2.199,W1C_liq.mzML,862.0
1930,378.5334,2.026,A1C_liq.mzML,755.0
1931,646.6602,3.086834,F2C_liq.mzML,1192.0
1939,548.253,2.18,W2C_liq.mzML,861.0
1940,851.9103,2.04,W3_spores.mzML,777.0
1945,854.4401,1.628,Y1C_liq.mzML,639.0
1954,908.4427,1.895,X1_liq.mzML,681.0
1958,1515.8247,3.247838,D4_liq.mzML,1259.0
1960,448.7681,3.639,F3_liq.mzML,1400.0
1961,483.7889,3.008671,D4C_liq.mzML,1150.0
1965,736.4982,8.271949,IS_10.mzML,3105.0
1973,830.8821,2.681,V1C_liq.mzML,1039.0
1985,1030.423,3.190392,X1C_liq.mzML,1224.0
1986,489.7834,3.358,A1_liq.mzML,1305.0
1988,667.3267,3.276,E2_liq.mzML,1268.0
1990,994.1721,2.665,X2_liq.mzML,1029.0
1991,715.3116,1.673,W3_spores.mzML,650.0
1994,650.3173,1.675,W2C_liq.mzML,662.0
1998,373.6793,2.1975,Y1C_liq.mzML,861.0
2001,1354.7389,10.725702,B1_spore.mzML,4005.0
2004,546.2565,2.168,V1C_liq.mzML,835.0
2023,1037.4569,0.7665,X1_liq.mzML,293.0
2024,491.283,2.497043,C2C_liq.mzML,939.0
2026,946.4877,2.04,D3C_liq.mzML,796.0
2038,648.3022,2.001,V3_liq.mzML,786.0
2041,776.364,1.855204,V3_liq.mzML,728.0
2044,562.8199,1.035,IS_7.mzML,417.0
2045,612.5591,1.942,X3C_liq.mzML,754.0
2046,871.4974,3.701356,F2C_liq.mzML,1421.0
2049,742.3953,3.034146,W3_liq.mzML,1128.0
2051,625.8342,2.152056,V2_liq.mzML,832.0
2052,960.5175,3.823,Y2C_liq.mzML,1508.0
2055,417.5579,2.151,V2_liq.mzML,838.0
2057,281.6573,1.032,Z2_spores.mzML,442.0
2064,821.4114,1.8335,X2_liq.mzML,723.0
2068,717.294,2.3575,F3_liq.mzML,919.0
2071,613.3556,2.45575,Y3_liq.mzML,963.0
2073,718.8262,0.856,W3C_liq.mzML,361.0
2075,646.9958,3.3425,X3C_liq.mzML,1269.0
2081,730.3328,1.405261,W2C_liq.mzML,548.0
2085,1354.7391,10.69587,F3_spore.mzML,3991.0
2101,589.274,0.872246,Y3_spores.mzML,379.0
2103,443.7564,2.589,D1_liq.mzML,1002.0
2107,975.3388,0.65525,F3_liq.mzML,279.0
2116,456.2168,2.11479,B2_liq.mzML,790.0
2119,854.4011,1.482,X1_liq.mzML,573.0
2123,1516.8082,3.259,E1C_liq.mzML,1257.0
2124,418.1819,1.928,A1_liq.mzML,752.0
2128,646.6617,3.292,E2_liq.mzML,1280.0
2136,586.3214,2.024265,Y2_liq.mzML,793.0
2139,1320.7499,4.248,A1_liq.mzML,1625.0
2146,790.4193,3.714785,Y1C_liq.mzML,1395.0
2152,566.4081,6.570444,Z3_spores.mzML,2453.0
2153,1430.6439,2.6825,X1_liq.mzML,1027.0
2156,674.3032,1.809,C2_liq.mzML,717.0
2157,1214.6582,3.819633,D4_liq.mzML,1454.0
2166,796.4297,3.338,X1_liq.mzML,1259.0
2167,1262.6448,2.63025,Z2C_liq.mzML,1021.0
2174,854.4013,3.1755,X3C_liq.mzML,1227.0
2191,552.2783,1.42,B3_liq.mzML,570.0
2192,755.2511,1.451435,X1_liq.mzML,566.0
2197,754.5615,7.936001,X2_spores.mzML,2915.0
2203,413.7566,2.953,C3C_liq.mzML,1146.0
2205,714.3782,2.863234,A1C_liq.mzML,1099.0
2212,730.341,1.402148,Z3C_liq.mzML,556.0
2218,848.2897,0.6205,A1C_liq.mzML,323.0
2221,851.417,2.025,X1_liq.mzML,779.0
2226,1448.75,4.32906,Z1_liq.mzML,1646.0
2233,378.704,1.274486,X3_liq.mzML,586.0
2235,557.257,1.35316,Z2_liq.mzML,538.0
2247,743.3923,2.429,V3C_liq.mzML,888.0
2250,474.2984,2.809,C2C_liq.mzML,1039.0
2253,941.0127,3.323,C2C_liq.mzML,1289.0
2255,376.1534,0.6045,B3_liq.mzML,301.0
2256,499.3709,6.992887,F1_spore.mzML,2721.0
2257,495.9112,1.514769,Z3C_liq.mzML,596.0
2258,897.4409,2.764,X1_liq.mzML,1061.0
2262,543.9145,1.942,W2C_liq.mzML,758.0
2264,184.9858,10.796817,QC_10.mzML,4031.0
2268,576.2883,1.434,W3C_liq.mzML,598.0
2269,909.0006,3.2915,A2_liq.mzML,1267.0
2271,636.3445,2.517785,Y1_liq.mzML,976.0
2274,498.2821,2.71183,V3_liq.mzML,1076.0
2275,848.2908,0.585,D1_liq.mzML,306.0
2279,577.335,3.116,E3C_liq.mzML,1200.0
2287,616.292,1.42438,Y3_spores.mzML,570.0
2295,735.5925,10.666731,D3_liq.mzML,3945.0
2296,741.3972,2.809448,F3_liq.mzML,1094.0
2299,440.2487,0.8575,Y3_spores.mzML,378.0
2311,772.3881,2.3255,Y3_liq.mzML,906.0
2316,1010.437,2.357,A2_liq.mzML,923.0
2319,1184.5515,3.016066,Z2_liq.mzML,1165.0
2333,365.6818,2.950486,C2C_liq.mzML,1142.0
2335,329.699,2.405,A1_liq.mzML,933.0
2340,957.4904,2.485706,C3C_liq.mzML,988.0
2346,877.4811,3.664155,Y2_liq.mzML,1412.0
2347,736.4258,3.541,C1C_liq.mzML,1353.0
2348,226.9513,10.709594,Y1_spores.mzML,4061.0
2350,857.4297,2.597,Y1C_liq.mzML,1011.0
2355,1105.556,3.524,V1C_liq.mzML,1349.0
2357,821.3884,2.246846,Y1C_liq.mzML,871.0
2359,548.7477,2.109737,F2C_liq.mzML,835.0
2360,332.1946,2.665,A1_liq.mzML,1046.0
2361,940.5092,3.308,V2C_liq.mzML,1283.0
2367,547.2928,2.323901,B2C_liq.mzML,850.0
2378,486.2919,1.738,D3_liq.mzML,763.0
2379,931.4506,2.665,X2C_liq.mzML,1034.0
2383,524.2574,1.9275,A3_liq.mzML,747.0
2386,813.4407,2.344,D4_liq.mzML,898.0
2389,1200.5457,2.860644,X3C_liq.mzML,1116.0
2390,500.9089,1.706,V2_liq.mzML,676.0
2398,549.3086,2.358,D1_liq.mzML,989.0
2405,889.4384,2.48079,Z3_liq.mzML,966.0
2409,712.4635,2.025,D4_liq.mzML,800.0
2411,764.5192,10.658247,A3_spore.mzML,3935.0
2418,888.483,0.845,A2_liq.mzML,336.0
2421,717.2932,2.309112,B3_liq.mzML,919.0
2422,761.4301,3.413321,E1_liq.mzML,1299.0
2431,221.0924,0.56,B2_spore.mzML,265.0
2434,809.4205,1.27632,W3C_liq.mzML,518.0
2435,299.701,0.864,C1C_liq.mzML,379.0
2448,1082.5118,3.131,Y1_liq.mzML,1204.0
2451,658.3435,0.767,IS_7.mzML,325.0
2452,1048.5427,2.181,W3C_liq.mzML,847.0
2463,1007.0665,3.831056,D1_liq.mzML,1473.0
2465,718.8251,0.6895,X1_liq.mzML,275.0
2469,814.5664,8.81861,W2_liq.mzML,3312.0
2470,390.7509,2.199,F2C_liq.mzML,854.0
2480,1262.627,2.639672,W1_liq.mzML,1021.0
2483,1019.4226,3.106635,A3_liq.mzML,1196.0
2494,645.3602,3.2765,X3_liq.mzML,1244.0
2500,578.3167,2.229,Y1C_liq.mzML,885.0
2509,647.3322,3.091235,E3C_liq.mzML,1189.0
2520,644.3274,1.9615,V3_liq.mzML,763.0
2521,414.2155,0.578,C3C_liq.mzML,309.0
2524,1430.6681,2.6805,Z2C_liq.mzML,1043.0
2526,915.4939,3.162,C3C_liq.mzML,1236.0
2529,810.3164,2.039,D1_liq.mzML,764.0
2531,428.2517,3.662817,V3_liq.mzML,1400.0
2544,181.0144,10.886589,Y2C_liq.mzML,4087.0
2546,383.2463,3.245,A1C_liq.mzML,1252.0
2551,1019.0212,1.0,IS_7.mzML,408.0
2552,485.2624,2.071,F1_liq.mzML,807.0
2553,1001.4957,2.199,Z3_liq.mzML,864.0
2560,838.4636,2.890449,X3_liq.mzML,1149.0
2563,376.1861,3.162,C3C_liq.mzML,1233.0
2567,1221.693,3.995,X1_liq.mzML,1521.0
2572,1060.462,1.707,B3_liq.mzML,673.0
2574,550.7696,1.461989,Y2C_liq.mzML,551.0
2578,492.2818,3.652341,V3_liq.mzML,1398.0
2584,714.3413,1.290695,Y2_liq.mzML,488.0
2587,677.363,4.117588,D1_liq.mzML,1574.0
2589,529.2045,0.905604,X1_liq.mzML,363.0
2591,736.9288,3.543,A2C_liq.mzML,1366.0
2592,736.4352,3.551,A1C_liq.mzML,1364.0
2601,430.9153,10.679081,B1_liq.mzML,4098.0
2603,497.2383,3.458479,B3C_liq.mzML,1340.0
2606,1069.7582,7.291365,V3_spores.mzML,2692.0
2607,1279.584,2.263127,Z2_liq.mzML,884.0
2611,437.2329,0.844,D1C_liq.mzML,277.0
2616,184.9856,10.867518,IS_8.mzML,4045.0
2617,1085.6127,3.741321,B1C_liq.mzML,1406.0
2621,436.4018,8.141155,IS_7.mzML,3053.0
2622,319.1703,0.936566,Y3_liq.mzML,417.0
2623,245.1862,1.724167,V1C_liq.mzML,701.0
2625,501.2691,3.131,W2C_liq.mzML,1213.0
2627,427.2569,2.318929,B3C_liq.mzML,860.0
2628,640.2879,2.261575,W1_liq.mzML,880.0
2631,514.4083,7.711183,Y3_spores.mzML,2855.0
2634,561.7629,1.468746,X3C_liq.mzML,609.0
2635,1047.5443,3.518,C2C_liq.mzML,1361.0
2637,723.4376,2.655428,B2_liq.mzML,1037.0
2642,558.1685,1.802,D3_liq.mzML,709.0
2644,908.4543,1.884,X1C_liq.mzML,677.0
2646,318.2037,1.613,F3_liq.mzML,614.0
2647,439.7535,3.274,W2_liq.mzML,1272.0
2653,772.4196,3.164168,Z3_liq.mzML,1199.0
2657,652.4006,3.065656,C3C_liq.mzML,1197.0
2658,938.4181,1.483734,V3_liq.mzML,583.0
2663,794.9399,3.292,C2C_liq.mzML,1284.0
2665,1207.5861,2.168,X1_liq.mzML,839.0
2666,631.8235,2.633319,X3C_liq.mzML,983.0
2676,527.2619,0.831746,B2_spore.mzML,309.0
2678,1107.5466,3.587,Y2C_liq.mzML,1394.0
2685,845.4382,3.315,V1C_liq.mzML,1277.0
2687,647.3249,1.570996,Z3_liq.mzML,622.0
2691,607.3148,4.672758,QC_0.mzML,1794.0
2693,580.2416,2.417,W3_spores.mzML,917.0
2694,373.6794,1.738,Y2C_liq.mzML,682.0
2696,732.5739,7.920424,F2_spore.mzML,2881.0
2702,581.8152,2.118,Y2C_liq.mzML,834.0
2704,719.3474,2.196,X3C_liq.mzML,849.0
2707,233.1442,0.925079,C3C_liq.mzML,474.0
2712,665.3024,1.118003,Y2_liq.mzML,435.0
2714,872.4615,3.041281,Y1C_liq.mzML,1154.0
2716,328.1888,2.042,C3_liq.mzML,773.0
2717,552.2817,1.434848,Z3_liq.mzML,495.0
2718,1321.7524,4.248,E1_liq.mzML,1629.0
2726,642.3149,2.0505,Z2_spores.mzML,803.0
2727,407.2408,2.304379,D1_liq.mzML,902.0
2728,541.3079,3.164,D1_liq.mzML,1255.0
2733,328.6938,1.597,X2_liq.mzML,633.0
2738,535.2599,1.979,X3_spores.mzML,732.0
2739,407.2412,2.498544,Y2C_liq.mzML,971.0
2740,1126.6188,3.517,F1C_liq.mzML,1344.0
2741,1058.9075,3.004139,C3_liq.mzML,1175.0
2746,970.4492,1.9774,V3_liq.mzML,812.0
2747,549.2469,1.6035,Y3C_liq.mzML,630.0
2749,341.266,7.661293,IS_7.mzML,2888.0
2750,384.2332,1.737,D3_spore.mzML,679.0
2752,680.0201,3.388104,A1_liq.mzML,1317.0
2763,803.3818,0.614,E2C_liq.mzML,284.0
2766,960.4769,2.603,W2_liq.mzML,1020.0
2768,573.2916,1.427619,B3_liq.mzML,560.0
2775,685.3497,1.853602,V2_liq.mzML,727.0
2776,943.4814,3.868,D1_liq.mzML,1486.0
2783,871.4343,2.984322,B2_liq.mzML,1157.0
2789,558.3327,4.099459,Z2_liq.mzML,1583.0
2790,693.2966,1.07785,X3C_liq.mzML,408.0
2792,813.4415,2.298469,Z2_liq.mzML,907.0
2800,462.5674,1.532,Z3_liq.mzML,614.0
2803,735.328,2.358,Y2_liq.mzML,902.0
2806,300.1566,0.936819,A3C_liq.mzML,380.0
2807,1149.5575,1.977,Z3C_liq.mzML,772.0
2809,810.963,4.305017,Z3_liq.mzML,1612.0
2811,399.2324,3.400912,A3_liq.mzML,1309.0
2812,410.3406,8.368139,B3_spore.mzML,3051.0
2813,691.3521,2.793,B3_liq.mzML,1125.0
2814,997.5099,2.619,F3_liq.mzML,1015.0
2816,554.2634,2.289755,V2_liq.mzML,883.0
2819,645.857,3.276,X2C_liq.mzML,1305.0
2823,1306.7278,7.897146,E2_spore.mzML,2917.0
2826,499.2589,2.2265,A1_liq.mzML,879.0
2829,457.2174,1.722516,X3_spores.mzML,689.0
2830,782.4634,3.5215,Z3C_liq.mzML,1362.0
2832,613.2832,2.008,F3_liq.mzML,787.0
2835,637.2734,2.490411,Y2_liq.mzML,970.0
2836,577.2832,0.81,Y1_liq.mzML,365.0
2837,276.4799,0.5865,C3C_liq.mzML,274.0
2841,812.4093,2.713,V3_liq.mzML,1046.0
2843,523.263,1.724,A2C_liq.mzML,670.0
2848,1142.512,2.388,X1_liq.mzML,922.0
2849,798.4582,3.423392,D4_liq.mzML,1312.0
2851,578.2657,0.893396,Y1C_liq.mzML,372.0
2852,562.2561,2.125068,F3_liq.mzML,837.0
2861,403.7018,2.65,X3C_liq.mzML,1023.0
2876,237.1231,0.585,E3_spore.mzML,277.0
2879,247.1109,0.78,Z3_liq.mzML,339.0
2882,791.4966,8.747747,V1C_liq.mzML,3277.0
2889,501.2935,3.227365,A1C_liq.mzML,1240.0
2893,450.2326,1.003938,W3C_liq.mzML,387.0
2897,286.1645,0.759312,W2_spores.mzML,314.0
2898,1062.5779,3.786198,B2_liq.mzML,1440.0
2903,549.2961,1.635,Z3_liq.mzML,648.0
2923,430.3176,8.032845,Y3C_liq.mzML,3011.0
2925,472.228,0.826,Z3C_liq.mzML,325.0
2929,1088.5374,2.118,Y2_liq.mzML,826.0
2932,576.2977,2.1825,A2_liq.mzML,824.0
2934,1122.5581,3.556,C1_liq.mzML,1373.0
2935,1421.8064,4.232,D3_liq.mzML,1609.0
2939,1096.6029,3.571,A1_liq.mzML,1376.0
2942,781.393,3.261,B3_liq.mzML,1302.0
2944,809.4097,1.288988,Z1C_liq.mzML,505.0
2947,632.3213,2.628594,W2C_liq.mzML,985.0
2948,1030.4243,2.68,V1C_liq.mzML,1033.0
2962,739.4507,2.792,F3C_liq.mzML,1090.0
2973,428.723,2.4075,E2_liq.mzML,900.0
2980,579.2936,3.5485,F2_liq.mzML,1360.0
2981,754.4551,2.523397,A2C_liq.mzML,1023.0
2989,457.3516,8.125,IS_7.mzML,3057.0
2995,1024.5375,2.215,B3_liq.mzML,871.0
3001,1349.6697,4.056361,X3C_liq.mzML,1553.0
3002,427.2569,2.382652,A2_liq.mzML,900.0
3006,979.5582,3.417215,W1_liq.mzML,1341.0
3012,940.5209,3.3175,X2C_liq.mzML,1284.0
3016,781.9003,2.713017,V3C_liq.mzML,1047.0
3022,547.7665,0.926,Z3_liq.mzML,389.0
3024,1322.7332,3.984,E1_liq.mzML,1521.0
3026,649.3371,0.975167,C1C_liq.mzML,420.0
3030,1171.6088,3.564,C3C_liq.mzML,1372.0
3036,338.2125,2.54,D3C_liq.mzML,979.0
3038,939.4967,3.012331,A1_liq.mzML,1164.0
3046,583.8033,1.72557,X1C_liq.mzML,679.0
3048,786.421,4.2,A3_liq.mzML,1603.0
3052,838.4511,4.508383,Y3C_liq.mzML,1682.0
3053,644.3033,2.272294,Y3_spores.mzML,880.0
3054,754.3752,3.162,B3C_liq.mzML,1257.0
3055,498.8994,10.68089,IS_1.mzML,4017.0
3058,963.4898,2.18,B3_liq.mzML,850.0
3060,962.4509,3.931,W2_liq.mzML,1497.0
3061,495.5816,1.833,X2_liq.mzML,725.0
3067,645.3618,2.746,C3C_liq.mzML,1097.0
3069,685.3815,2.796,Y2_liq.mzML,1097.0
3072,523.2232,2.923666,W3_liq.mzML,1132.0
3073,992.4929,3.371,Z3C_liq.mzML,1308.0
3075,1147.6195,3.832,Y1C_liq.mzML,1469.0
3079,626.3406,2.152638,W3_liq.mzML,857.0
3089,542.7863,1.706,Z3C_liq.mzML,670.0
3092,401.7284,1.594,D1_liq.mzML,620.0
3094,993.4733,2.999237,Z2_liq.mzML,1131.0
3095,575.2675,1.163261,E3_liq.mzML,456.0
3098,1150.5599,1.737,Y1_liq.mzML,691.0
3103,923.1118,2.029,X3C_liq.mzML,786.0
3105,992.4812,3.371,X2C_liq.mzML,1298.0
3107,618.3278,1.024355,B2C_liq.mzML,407.0
3110,607.3355,3.829,Z2_liq.mzML,1466.0
3111,1201.5524,2.860174,W3C_liq.mzML,1111.0
3113,989.4891,3.355,D1C_liq.mzML,1296.0
3114,990.5234,3.608849,E3C_liq.mzML,1455.0
3115,544.3178,4.2025,E2_liq.mzML,1599.0
3116,640.2861,2.260722,W2C_liq.mzML,881.0
3117,791.4952,8.814559,Y2C_liq.mzML,3293.0
3118,378.7034,1.143494,X2_liq.mzML,413.0
3119,490.2873,3.358,E2_liq.mzML,1295.0
3124,619.3315,2.957494,C2C_liq.mzML,1160.0
3130,508.2672,2.214,C3_liq.mzML,867.0
3132,687.3879,3.278,Y2_liq.mzML,1260.0
3137,776.3517,2.793,E1C_liq.mzML,1095.0
3139,333.1554,0.701,Y1C_liq.mzML,291.0
3142,568.9415,1.706,Y1C_liq.mzML,678.0
3146,612.2997,2.181,W3_liq.mzML,839.0
3147,647.3317,3.34,D1_liq.mzML,1280.0
3148,683.5611,8.10711,E3_liq.mzML,3018.0
3151,786.9234,4.203,F2_liq.mzML,1615.0
3152,701.348,1.971392,F2C_liq.mzML,776.0
3154,807.3921,2.635979,D1C_liq.mzML,920.0
3168,367.1985,0.574,Y2_spores.mzML,364.0
3169,887.4013,1.99225,Y3_liq.mzML,783.0
3178,466.2029,1.546135,B3_spore.mzML,581.0
3179,584.2713,2.581285,V2C_liq.mzML,993.0
3184,446.2625,1.931,X2C_liq.mzML,758.0
3187,489.6767,6.050023,QC_8.mzML,2250.0
3194,546.256,2.340448,Y2_spores.mzML,905.0
3196,336.2626,6.535611,F2_spore.mzML,2458.0
3201,679.6841,3.392714,F3C_liq.mzML,1316.0
3203,763.5068,10.658515,IS_4.mzML,4021.0
3204,1549.8589,4.543999,B3_liq.mzML,1708.0
3205,718.8807,1.722,Z3C_liq.mzML,680.0
3207,302.1715,0.58,C2C_liq.mzML,316.0
3210,320.6738,1.651258,W2C_liq.mzML,660.0
3213,602.8052,1.658,Z3_liq.mzML,652.0
3220,151.0354,10.882961,W3_spores.mzML,4040.0
3225,729.379,2.087729,E1C_liq.mzML,814.0
3231,431.2302,3.391142,Z3C_liq.mzML,1314.0
3232,986.5444,3.969294,C2_liq.mzML,1523.0
3243,1187.6082,3.467286,D1C_liq.mzML,1326.0
3244,494.344,7.048391,D4_spore.mzML,2608.0
3245,388.2003,3.825,Y2C_liq.mzML,1472.0
3247,1305.7396,4.58485,A1_liq.mzML,1751.0
3248,648.8102,2.26272,X2C_liq.mzML,879.0
3249,553.2989,1.796,Y3_spores.mzML,789.0
3251,773.405,0.939903,A3_liq.mzML,377.0
3255,283.2825,8.116033,IS_11.mzML,3073.0
3259,381.71,0.603,C3C_liq.mzML,328.0
3263,972.4448,1.723,Y2C_liq.mzML,683.0
3265,353.6656,2.009,A2C_liq.mzML,772.0
3268,503.2726,2.315813,A3_liq.mzML,912.0
3271,365.1382,7.354722,QC_1.mzML,2761.0
3272,262.1181,1.626,A3_liq.mzML,672.0
3274,457.236,1.675,X3C_liq.mzML,654.0
3276,286.1646,0.628657,Z2_spores.mzML,276.0
3277,879.4313,3.481724,Y1C_liq.mzML,1336.0
3280,391.7126,0.748525,Y3_spores.mzML,320.0
3283,756.5813,10.685177,E2_spore.mzML,3958.0
3287,1288.6407,2.712,D4_liq.mzML,1058.0
3294,313.1559,2.665,Y3_liq.mzML,1042.0
3298,263.1407,1.6125,E1_liq.mzML,616.0
3301,1105.5791,1.579,X2C_liq.mzML,621.0
3307,809.388,2.36,V3_liq.mzML,930.0
3310,330.2024,2.421,F3_spore.mzML,909.0
3312,765.9044,3.339,A3_liq.mzML,1265.0
3317,745.2618,1.289047,D4_liq.mzML,514.0
3318,544.2632,1.849,C1_liq.mzML,734.0
3323,629.8035,0.849952,W2C_liq.mzML,285.0
3337,410.2858,2.409,Y2_liq.mzML,889.0
3345,961.5215,3.822778,W1_liq.mzML,1501.0
3348,456.2819,2.259244,Y3_spores.mzML,885.0
3350,532.2659,0.795,W2_liq.mzML,357.0
3353,482.3825,7.416336,B3_spore.mzML,2726.0
3354,446.7319,2.294278,C3_liq.mzML,903.0
3355,442.2182,2.243286,D1_liq.mzML,879.0
3363,454.2142,0.79742,Z2_spores.mzML,401.0
3364,462.3365,0.6495,F1_liq.mzML,288.0
3371,756.3602,0.943275,V2C_liq.mzML,386.0
3372,1521.1501,7.421329,Y3_spores.mzML,2762.0
3374,784.4892,10.658126,IS_10.mzML,3979.0
3379,561.7819,3.5555,B3C_liq.mzML,1367.0
3383,785.4401,2.746,V3C_liq.mzML,1052.0
3385,855.3854,1.548,Y2C_liq.mzML,607.0
3387,989.5517,3.917,D4C_liq.mzML,1458.0
3393,855.4582,2.328,Y1C_liq.mzML,912.0
3394,278.1662,0.561556,V3_spores.mzML,258.0
3397,697.2697,1.267875,X3_liq.mzML,454.0
3405,792.3116,2.199,E2C_liq.mzML,863.0
3409,927.4714,2.587,F3_liq.mzML,1010.0
3410,688.8327,3.603,X2C_liq.mzML,1388.0
3416,511.2853,1.969127,,
3428,534.2572,1.605894,Y3C_liq.mzML,628.0
3433,629.3779,2.057,A3_liq.mzML,798.0
3436,336.3098,7.677521,IS_7.mzML,2889.0
3442,577.8359,3.115,E1C_liq.mzML,1209.0
3449,230.1217,0.958831,V3_liq.mzML,467.0
3457,425.6864,0.708067,Z2C_liq.mzML,288.0
3458,725.9064,4.046838,A3_liq.mzML,1550.0
3464,1171.6099,3.634792,B1C_liq.mzML,1399.0
3467,848.3837,0.778,B3C_liq.mzML,329.0
3469,927.4857,2.587,D4_liq.mzML,1012.0
3472,367.1613,0.701345,W2_liq.mzML,335.0
3476,714.378,2.957,A2C_liq.mzML,1113.0
3480,671.2531,2.4045,X3_liq.mzML,938.0
3481,891.5037,1.897,D3_liq.mzML,749.0
3487,709.8715,2.401,Z1C_liq.mzML,917.0
3489,988.5334,2.165,A3C_liq.mzML,843.0
3491,602.2783,1.063692,Y1C_liq.mzML,434.0
3492,528.2479,2.698,X1_liq.mzML,1039.0
3495,748.3581,1.7075,C2C_liq.mzML,682.0
3497,927.5522,6.566649,E3_spore.mzML,2407.0
3501,592.2697,1.673629,V1C_liq.mzML,653.0
3509,1226.5651,3.5175,X3_liq.mzML,1348.0
3510,791.4965,8.781869,V2C_liq.mzML,3291.0
3532,562.3269,2.476,V3C_liq.mzML,993.0
3538,626.8674,3.437476,W1_liq.mzML,1346.0
3539,781.4462,2.500316,F3_liq.mzML,979.0
3540,388.2507,2.057,A1_spore.mzML,810.0
3541,528.3397,2.824,A2C_liq.mzML,1104.0
3546,593.2553,0.92838,W3_spores.mzML,385.0
3548,989.6987,6.976402,B3_spore.mzML,2562.0
3550,454.7289,1.895,V3C_liq.mzML,744.0
3555,1129.4908,3.599,X1_liq.mzML,1374.0
3557,767.3534,2.230717,F3_liq.mzML,873.0
3565,630.3258,3.875,W2C_liq.mzML,1480.0
3567,554.3021,2.4365,C2C_liq.mzML,927.0
3571,860.4647,3.338,Z3_liq.mzML,1314.0
3573,610.3445,2.982871,V2C_liq.mzML,1116.0
3575,1181.541,2.168,D1C_liq.mzML,841.0
3576,395.7429,3.437019,A1C_liq.mzML,1316.0
3578,306.6439,1.684228,B2_liq.mzML,671.0
3580,811.0732,2.026,V1C_liq.mzML,761.0
3581,683.328,2.503394,V1C_liq.mzML,970.0
3584,1504.8516,3.410701,B1_liq.mzML,1290.0
3585,429.1984,2.061405,E2C_liq.mzML,854.0
3595,719.3275,0.703,W3_liq.mzML,316.0
3596,736.4991,10.658389,D3_liq.mzML,3939.0
3598,438.7365,1.975613,A2_liq.mzML,762.0
3607,312.9428,10.908985,QC_0.mzML,4189.0
3612,892.4255,2.777,D1C_liq.mzML,1023.0
3616,1010.6658,6.587479,W3_spores.mzML,2448.0
3617,278.1659,4.656834,QC_9.mzML,1833.0
3619,1138.6582,4.088624,Y2C_liq.mzML,1558.0
3620,392.184,2.026,Y3_liq.mzML,840.0
3621,263.173,0.580017,B3_spore.mzML,267.0
3631,523.7564,1.864,F3_liq.mzML,732.0
3635,1155.6063,2.706,F2_liq.mzML,1051.0
3638,487.2956,1.966333,C2C_liq.mzML,779.0
3644,1422.7976,4.2285,D4C_liq.mzML,1614.0
3647,523.751,1.848,C2_liq.mzML,722.0
3649,310.1088,2.143684,QC_11.mzML,817.0
3650,585.2515,1.61,V2C_liq.mzML,623.0
3651,1136.6588,3.003328,D1_liq.mzML,1155.0
3654,602.2927,2.309,X1C_liq.mzML,975.0
3655,479.2392,1.532,E1_liq.mzML,651.0
3657,447.248,1.484,Y2_liq.mzML,590.0
3661,1515.7642,10.711209,X3_spores.mzML,3947.0
3662,480.9101,1.356348,Z3C_liq.mzML,517.0
3663,423.2646,3.555,D1_liq.mzML,1369.0
3667,529.3373,0.8485,D4_liq.mzML,371.0
3668,1200.5646,2.922625,X1_liq.mzML,1134.0
3671,486.3788,7.602965,A2C_liq.mzML,2861.0
3674,230.1129,0.729832,V3_liq.mzML,249.0
3680,653.3318,2.89034,V1C_liq.mzML,1172.0
3691,328.3209,7.163617,B2_spore.mzML,2665.0
3692,879.42,3.480143,Y3C_liq.mzML,1334.0
3693,579.3002,3.54,A1_liq.mzML,1370.0
3697,656.4394,1.6115,E3_liq.mzML,633.0
3710,612.559,1.986615,X1C_liq.mzML,773.0
3716,366.1972,1.611,F3C_liq.mzML,650.0
3718,1062.5914,3.753819,Y2C_liq.mzML,1437.0
3724,1023.4786,3.083111,E3_liq.mzML,1199.0
3729,363.2003,1.549,V3_liq.mzML,608.0
3737,999.5159,2.222192,Y2_liq.mzML,863.0
3743,1158.5417,2.168,C1_liq.mzML,839.0
3745,978.5594,3.499031,W3_liq.mzML,1294.0
3748,601.3206,3.551,D1_liq.mzML,1370.0
3753,826.312,1.079367,Y2C_liq.mzML,428.0
3754,1007.0516,3.831,C1C_liq.mzML,1478.0
3756,565.2655,1.967716,W2_liq.mzML,771.0
3758,319.7166,1.8165,C2C_liq.mzML,707.0
3767,343.1601,0.617,D4_spore.mzML,267.0
3769,1047.7859,7.298497,V3_spores.mzML,2695.0
3771,871.4364,3.197092,V3_liq.mzML,1233.0
3773,829.4522,3.324,X1C_liq.mzML,1285.0
3779,566.2617,1.754,E2_liq.mzML,689.0
3787,639.4598,8.378422,X2C_liq.mzML,3166.0
3788,1007.5198,2.094281,Z2C_liq.mzML,818.0
3790,491.3086,0.652,E2C_liq.mzML,280.0
3792,376.1551,1.710143,Y3_spores.mzML,684.0
3795,1450.793,4.316898,D4_liq.mzML,1635.0
3798,1185.5568,3.012786,W2_liq.mzML,1170.0
3799,683.3727,2.152028,V3_liq.mzML,846.0
3802,693.2524,1.753,C1_liq.mzML,689.0
3810,820.407,0.866821,F3C_liq.mzML,356.0
3819,491.287,3.085827,A3_spore.mzML,1084.0
3822,752.4708,2.939056,E1_liq.mzML,1135.0
3823,878.4453,3.408271,E2_liq.mzML,1353.0
3826,1133.4812,1.833,W3C_liq.mzML,733.0
3827,1216.5447,2.758,W1_liq.mzML,1070.0
3829,391.2535,1.945,A2C_liq.mzML,763.0
3838,360.1799,6.70895,X1_liq.mzML,2538.0
3840,1213.7131,8.268453,X2_spores.mzML,3032.0
3850,691.5262,8.092131,B1C_liq.mzML,3069.0
3856,547.2994,0.905805,Y2C_liq.mzML,367.0
3862,605.3752,3.636048,F3C_liq.mzML,1393.0
3863,698.388,3.057922,F2C_liq.mzML,1249.0
3869,1172.6171,3.565,D1C_liq.mzML,1380.0
3871,388.7365,3.3485,E3C_liq.mzML,1304.0
3872,716.52,10.658,Z3C_liq.mzML,3935.0
3874,334.1617,0.764451,E3_spore.mzML,326.0
3877,1184.5693,3.000679,Y2_liq.mzML,1161.0
3886,745.2704,1.272151,Y1C_liq.mzML,511.0
3888,761.381,2.136,A1_liq.mzML,837.0
3889,558.8395,4.099817,W2_liq.mzML,1557.0
3890,608.3377,2.072,Y2_spores.mzML,817.0
3891,360.6887,1.437,B2C_liq.mzML,635.0
3892,354.2027,0.591,C3C_liq.mzML,280.0
3894,836.9577,4.203,E1_liq.mzML,1599.0
3897,547.3782,7.361657,W3_spores.mzML,2733.0
3899,943.4941,3.8735,E1_liq.mzML,1480.0
3903,675.3513,2.248979,F1C_liq.mzML,896.0
3910,885.4359,2.331,E1C_liq.mzML,924.0
3915,1013.5209,3.190392,X3C_liq.mzML,1241.0
3921,850.3548,1.211656,X3_liq.mzML,431.0
3924,461.3343,0.801,A3C_liq.mzML,340.0
3930,1008.5201,3.911821,A3_liq.mzML,1480.0
3932,603.2806,0.992002,Y1C_liq.mzML,380.0
3940,781.4577,3.8345,Y1_liq.mzML,1453.0
3941,776.3946,3.32,A3_liq.mzML,1287.0
3946,721.3546,3.645549,W1_liq.mzML,1395.0
3947,813.752,2.6105,Z3C_liq.mzML,999.0
3949,274.2732,10.681329,B2C_liq.mzML,3971.0
3954,550.3602,7.568875,Y3_spores.mzML,2807.0
3957,440.2088,2.901,B2C_liq.mzML,1094.0
3958,422.2123,1.876102,C3C_liq.mzML,786.0
3963,909.4825,3.100463,D3C_liq.mzML,1273.0
3965,521.2668,1.420727,Z3_liq.mzML,556.0
3970,479.2647,3.026719,B3C_liq.mzML,1174.0
3971,786.5049,10.654595,Z2_spores.mzML,3917.0
3974,586.3131,3.630084,A2C_liq.mzML,1390.0
3976,1160.4091,1.369807,Z2C_liq.mzML,521.0
3977,943.7166,6.962375,F3_spore.mzML,2574.0
3978,587.2841,2.445,W3_spores.mzML,925.0
3980,438.7459,2.555242,A2_liq.mzML,1027.0
3985,787.4158,2.587,V1C_liq.mzML,1004.0
3987,848.3939,0.757884,B1_liq.mzML,332.0
4009,877.4327,2.95547,Z2C_liq.mzML,1133.0
4013,977.4375,0.698,X1_liq.mzML,284.0
4014,906.434,1.474091,Z2_liq.mzML,577.0
4015,743.4041,2.321208,W1_liq.mzML,891.0
4025,464.2522,3.835,A3_liq.mzML,1483.0
4028,427.2069,2.688556,B3_spore.mzML,1003.0
4030,1160.3938,1.063444,A2_liq.mzML,417.0
4033,863.5027,2.886859,W3_liq.mzML,1115.0
4040,513.2298,0.5895,V2_liq.mzML,347.0
4055,647.3328,0.782,IS_7.mzML,328.0
4058,563.2568,1.642,D4_liq.mzML,611.0
4059,160.0758,0.998,E2_liq.mzML,499.0
4061,818.983,4.2445,V2_liq.mzML,1626.0
4063,845.3788,1.5975,W2C_liq.mzML,630.0
4066,280.1297,0.848,V3_liq.mzML,350.0
4068,467.2215,0.780769,W2_spores.mzML,319.0
4071,244.6479,0.949907,C2_spore.mzML,427.0
4073,362.9277,10.679713,V3C_liq.mzML,4112.0
4089,480.4261,8.134699,IS_7.mzML,3058.0
4091,395.7105,3.635693,D1_liq.mzML,1422.0
4094,1424.6835,3.65039,X3C_liq.mzML,1402.0
4095,486.3785,7.569948,C3C_liq.mzML,2858.0
4096,428.8869,2.230717,E3_liq.mzML,875.0
4097,563.809,3.517,Y1C_liq.mzML,1348.0
4098,825.3782,1.252611,Z3C_liq.mzML,500.0
4105,907.4688,2.118,F1C_liq.mzML,824.0
4115,276.1788,1.675238,C1C_liq.mzML,648.0
4117,697.2611,1.215251,Y3_liq.mzML,490.0
4122,395.2365,2.293814,F2_liq.mzML,888.0
4127,576.3491,1.0,IS_7.mzML,404.0
4131,1441.7166,3.650143,X1_liq.mzML,1390.0
4132,343.7033,2.491419,E2_liq.mzML,1008.0
4136,314.1779,0.702,IS_7.mzML,290.0
4138,569.296,1.370823,Z3_spores.mzML,536.0
4142,775.8586,1.675,W3_liq.mzML,725.0
4151,1198.6946,10.694323,V3_spores.mzML,3981.0
4159,424.2239,3.049099,E2_liq.mzML,1175.0
4164,1394.7457,3.2425,Z2_liq.mzML,1264.0
4169,183.0095,10.789935,IS_7.mzML,4121.0
4170,526.4104,7.601651,Y3_spores.mzML,2792.0
4172,648.317,1.802,C3C_liq.mzML,728.0
4173,1199.6412,3.644669,Z1C_liq.mzML,1387.0
4178,747.3793,2.506712,B1_liq.mzML,979.0
4182,587.296,1.5805,D1C_liq.mzML,615.0
4188,679.3485,2.633192,F2_liq.mzML,1021.0
4195,830.4278,2.198,Z3_liq.mzML,860.0
4197,590.2994,1.88,Y1C_liq.mzML,738.0
4199,227.0793,1.019982,C1_spore.mzML,410.0
4213,231.1129,1.306441,A1C_liq.mzML,445.0
4223,782.4611,3.8355,B2_liq.mzML,1468.0
4227,1426.8265,6.543893,D4_spore.mzML,2414.0
4229,471.7944,3.629687,A2C_liq.mzML,1389.0
4231,506.2621,0.699,Y3_liq.mzML,307.0
4241,511.2744,2.7435,C2_liq.mzML,1070.0
4242,579.2415,1.627,W3C_liq.mzML,640.0
4256,513.7733,3.131,A1_liq.mzML,1212.0
4257,504.9204,2.637545,E2_liq.mzML,1014.0
4258,302.161,1.644,D3C_liq.mzML,648.0
4266,207.0181,10.781841,Y3_liq.mzML,3998.0
4270,610.3569,2.49451,C3_liq.mzML,970.0
4271,281.1129,1.063692,W2_spores.mzML,465.0
4273,824.345,2.102348,B3_liq.mzML,817.0
4277,618.3273,3.051,F3C_liq.mzML,1209.0
4282,746.374,1.375336,A1C_liq.mzML,545.0
4287,594.3098,3.458511,C1C_liq.mzML,1329.0
4292,318.6677,1.518,B3_liq.mzML,595.0
4299,1338.6886,3.099997,Y3C_liq.mzML,1206.0
4304,825.4126,3.041544,X1_liq.mzML,1158.0
4311,1305.7211,4.632459,D1_liq.mzML,1746.0
4318,374.2282,2.603,V1C_liq.mzML,994.0
4320,297.1267,1.88,X3_liq.mzML,731.0
4322,729.0792,4.561312,F3C_liq.mzML,1733.0
4323,1015.4988,1.6425,C1_liq.mzML,644.0
4324,523.2569,3.108595,B3_liq.mzML,1188.0
4328,589.796,0.944308,Y2C_liq.mzML,386.0
4330,288.1123,6.047332,QC_2.mzML,2320.0
4331,755.5448,8.449034,X3C_liq.mzML,3170.0
4334,991.53,3.605,F1C_liq.mzML,1387.0
4335,620.3298,2.373634,Y1C_liq.mzML,929.0
4337,444.2445,1.737,C1C_liq.mzML,692.0
4340,1350.775,10.711038,C2_spore.mzML,3893.0
4342,783.4397,3.131,W1_liq.mzML,1204.0
4347,413.322,8.137542,IS_7.mzML,3055.0
4356,362.214,3.622174,C1C_liq.mzML,1394.0
4365,682.854,2.957,B3_liq.mzML,1156.0
4372,678.366,4.107,B1C_liq.mzML,1575.0
4381,755.5366,8.523186,V2_liq.mzML,3158.0
4390,895.4037,1.459327,Y3_liq.mzML,586.0
4408,675.3732,3.067353,A2C_liq.mzML,1192.0
4409,706.3774,2.65,D3_spore.mzML,996.0
4411,365.8344,0.578009,Y3_spores.mzML,325.0
4412,738.5045,10.659784,E3_liq.mzML,3903.0
4417,602.293,2.523,V2C_liq.mzML,969.0
4419,577.2238,1.4445,Z2_liq.mzML,561.0
4423,304.134,0.5625,Y3_spores.mzML,279.0
4432,1097.4803,2.1915,Z1C_liq.mzML,823.0
4433,461.2398,2.995506,D3_liq.mzML,1150.0
4442,455.2151,2.199,E3_liq.mzML,843.0
4443,720.3364,2.153277,X2_liq.mzML,848.0
4444,987.6918,6.589456,V3_spores.mzML,2442.0
4449,1030.55,3.156,V2C_liq.mzML,1233.0
4462,254.1223,0.811,E3C_liq.mzML,308.0
4464,1080.438,1.184628,B3C_liq.mzML,497.0
4468,1551.8538,3.972,F3_liq.mzML,1516.0
4472,389.203,0.758,X2_liq.mzML,376.0
4476,358.1592,1.402253,C3C_liq.mzML,594.0
4492,589.306,3.269532,F1C_liq.mzML,1277.0
4494,880.4482,2.9375,Y3C_liq.mzML,1128.0
4496,1022.4879,1.428568,Z1C_liq.mzML,564.0
4502,546.2376,1.516,Z3C_liq.mzML,608.0
4503,648.27,2.326,F3_liq.mzML,912.0
4512,410.2071,2.46,V1C_liq.mzML,943.0
4514,905.4753,3.8245,Y1_liq.mzML,1511.0
4517,508.2838,3.046526,B3C_liq.mzML,1179.0
4520,310.2129,2.008,Z2C_liq.mzML,782.0
4523,545.2591,1.106395,Y2_liq.mzML,319.0
4550,909.4566,1.88,W2_liq.mzML,690.0
4555,314.1724,1.813909,Y3_liq.mzML,758.0
4563,459.2544,1.374184,Z3C_liq.mzML,545.0
4568,1350.7524,10.720927,E2_spore.mzML,3964.0
4572,617.3168,1.802,C2C_liq.mzML,717.0
4581,1237.723,4.232,B1C_liq.mzML,1623.0
4586,500.3034,2.743,C2_liq.mzML,1071.0
4587,456.222,2.858377,D1_liq.mzML,1122.0
4588,1237.7231,4.33277,A2C_liq.mzML,1659.0
4589,673.3593,2.009,E2C_liq.mzML,715.0
4592,401.7283,2.06922,E3_spore.mzML,777.0
4596,432.2425,1.66,Y3_spores.mzML,665.0
4598,713.8344,1.338,W3C_liq.mzML,549.0
4599,906.2755,1.056151,Y2C_liq.mzML,421.0
4600,385.2437,1.673,IS_9.mzML,656.0
4609,1045.1058,4.577932,D3C_liq.mzML,1737.0
4610,992.4791,2.906789,V3_liq.mzML,1125.0
4611,914.3391,3.081577,W3C_liq.mzML,1190.0
4616,449.2419,2.362027,Y3_spores.mzML,900.0
4620,712.8419,3.620142,V3_liq.mzML,1403.0
4623,741.4119,2.921871,F2C_liq.mzML,1132.0
4624,684.3611,2.16,Z3_liq.mzML,848.0
4635,240.6544,1.674388,F3_liq.mzML,667.0
4636,767.3622,2.240995,C2_liq.mzML,879.0
4641,560.3109,2.94,D1C_liq.mzML,1128.0
4644,714.5051,10.690132,Z2_liq.mzML,4045.0
4662,818.483,4.235,D1C_liq.mzML,1600.0
4665,294.938,10.707962,D1C_liq.mzML,4113.0
4666,575.7984,2.921862,V3C_liq.mzML,1133.0
4667,369.1487,0.608,Y3_spores.mzML,271.0
4670,1129.4917,3.116417,W1C_liq.mzML,1207.0
4671,1305.7411,4.613628,A2C_liq.mzML,1748.0
4672,1109.568,2.469481,V3C_liq.mzML,962.0
4678,1081.5193,1.69,Y3C_liq.mzML,663.0
4683,360.193,2.366,Y3_spores.mzML,916.0
4692,349.7068,2.152,Y1C_liq.mzML,849.0
4697,443.2518,1.196998,A1C_liq.mzML,535.0
4703,769.3533,1.165505,Y2_liq.mzML,443.0
4704,550.2986,2.813865,B3C_liq.mzML,1098.0
4706,989.4877,3.073479,Z2_liq.mzML,1192.0
4712,311.8171,0.698015,W2_spores.mzML,328.0
4714,906.4338,1.598,Z3_liq.mzML,624.0
4716,909.5074,2.905329,F3_liq.mzML,1135.0
4722,338.1687,1.735,Y3_spores.mzML,681.0
4725,675.391,2.40802,D4_liq.mzML,944.0
4740,1305.7211,4.560858,F2_liq.mzML,1740.0
4742,746.3712,2.714,F3C_liq.mzML,1053.0
4748,765.5219,10.657791,Z2_spores.mzML,3916.0
4751,518.2301,1.468875,D1_liq.mzML,590.0
4754,397.1925,1.4335,A1_liq.mzML,561.0
4755,855.4713,3.052615,B3_liq.mzML,1186.0
4766,819.4158,0.862493,C2_liq.mzML,353.0
4784,366.2089,2.191865,Y3_liq.mzML,853.0
4789,279.135,2.3945,D4C_liq.mzML,926.0
4802,941.5189,3.3185,Y1C_liq.mzML,1242.0
4810,346.1918,2.937,F2_liq.mzML,1127.0
4814,1017.7324,7.212792,V3_spores.mzML,2662.0
4819,942.4523,1.855788,W3_liq.mzML,731.0
4820,605.3207,1.833,E3C_liq.mzML,666.0
4824,546.4019,7.65895,D4C_liq.mzML,2884.0
4825,601.8157,3.549,C1C_liq.mzML,1371.0
4834,1216.6677,3.049364,W3_liq.mzML,1177.0
4835,1240.3717,0.849467,D3_liq.mzML,335.0
4837,1336.7373,7.723774,A3_spore.mzML,2839.0
4845,619.2929,1.737,X1_liq.mzML,665.0
4853,708.5104,10.031917,V3_spores.mzML,3703.0
4857,736.8902,3.974462,E3_liq.mzML,1532.0
4861,1188.6033,3.539,Y2_liq.mzML,1368.0
4863,172.9566,10.773159,Y1C_liq.mzML,4112.0
4867,277.1373,1.305333,F3_spore.mzML,546.0
4868,399.7328,3.398531,E3_liq.mzML,1325.0
4876,826.3121,1.271033,Y3C_liq.mzML,513.0
4879,360.2118,2.412,Y3_liq.mzML,924.0
4882,713.3457,1.195678,V3_liq.mzML,423.0
4883,497.7332,3.473878,Y2C_liq.mzML,1337.0
4884,464.2184,3.86,F3C_liq.mzML,1493.0
4887,320.1241,2.181,W3_spores.mzML,857.0
4888,1100.5757,4.73906,B3_liq.mzML,1766.0
4889,470.2967,1.197773,Y3_spores.mzML,476.0
4891,419.1894,2.2125,E3_spore.mzML,824.0
4892,1552.8413,3.971,X1_liq.mzML,1511.0
4896,860.4129,4.034914,C1C_liq.mzML,1561.0
4902,578.8259,3.2865,A1_liq.mzML,1278.0
4904,674.3475,2.502949,Z3_liq.mzML,970.0
4908,1302.5951,2.745,Y1_liq.mzML,1060.0
4911,292.8263,1.968666,A3_liq.mzML,769.0
4920,851.7104,7.054754,Z3_spores.mzML,2632.0
4928,1031.4286,2.681,V2C_liq.mzML,1033.0
4930,909.4257,2.088468,Y2_liq.mzML,808.0
4935,326.2064,2.84011,F2C_liq.mzML,1015.0
4936,391.2536,2.199,B3C_liq.mzML,848.0
4939,1196.6302,2.5555,E3C_liq.mzML,998.0
4943,778.5632,8.099153,D4C_liq.mzML,3020.0
4949,397.7604,2.23,A2C_liq.mzML,922.0
4950,524.3942,7.808216,Y3_spores.mzML,2895.0
4963,1372.7468,8.085529,A1_spore.mzML,3013.0
4965,604.2808,0.940687,Y3_liq.mzML,381.0
4969,1082.5111,3.496968,W3_liq.mzML,1337.0
4972,1101.6,3.052,C2_liq.mzML,1176.0
4973,265.1423,1.548,E1C_liq.mzML,656.0
4976,1514.7833,8.016765,X3_spores.mzML,2913.0
4984,748.3894,2.7765,Y3_liq.mzML,1071.0
4996,781.4489,3.38538,B2C_liq.mzML,1353.0
5002,183.1127,0.958428,Y2C_liq.mzML,382.0
5006,880.9556,2.938,X2C_liq.mzML,1130.0
5010,714.5042,10.65254,C2_liq.mzML,4011.0
5012,592.2679,0.937236,V3_liq.mzML,333.0
5013,983.4502,2.497043,Z1C_liq.mzML,962.0
5016,804.3784,2.0245,Z2_liq.mzML,783.0
5019,1509.047,6.900997,C3_spore.mzML,2561.0
5028,1510.767,4.122,B3_liq.mzML,1565.0
5035,289.1442,1.699982,F3C_liq.mzML,746.0
5048,838.4401,4.54256,F2_liq.mzML,1717.0
5050,891.4791,2.634,D4_liq.mzML,1031.0
5051,587.7975,1.595,A3_liq.mzML,619.0
5064,430.248,1.412352,V1_liq.mzML,513.0
5065,1127.6085,3.524,E3_liq.mzML,1354.0
5067,758.5885,7.931979,Z1_spores.mzML,2971.0
5068,366.5348,1.643,V3_liq.mzML,639.0
5078,208.0398,10.910047,Y3_liq.mzML,4006.0
5082,1077.6339,3.414908,Y1_liq.mzML,1311.0
5086,186.9815,10.798273,B3C_liq.mzML,4130.0
5087,675.3467,2.475314,E1C_liq.mzML,907.0
5089,419.1898,2.401,B3_spore.mzML,906.0
5092,719.9167,4.235,C2C_liq.mzML,1621.0
5093,645.318,3.390669,A3_liq.mzML,1322.0
5094,797.4542,3.523,F3_liq.mzML,1308.0
5097,428.5538,2.299968,E1_liq.mzML,879.0
5104,752.9423,4.262484,Y2_liq.mzML,1621.0
5108,1063.5826,3.779666,Y1_liq.mzML,1433.0
5114,470.35,6.663731,B2_spore.mzML,2479.0
5115,415.2573,2.429,E3_spore.mzML,900.0
5116,1079.4988,2.841653,X3_liq.mzML,1103.0
5118,629.3135,2.461,Y3_spores.mzML,947.0
5126,1097.6061,3.571,E2_liq.mzML,1380.0
5128,813.7501,2.5675,W1C_liq.mzML,990.0
5129,500.335,7.486384,Z3_spores.mzML,2855.0
5137,664.3287,1.771,C3C_liq.mzML,753.0
5139,719.3849,2.181,Z3_liq.mzML,849.0
5151,1108.5436,3.599,Z2C_liq.mzML,1446.0
5155,672.3576,0.939293,V2_liq.mzML,383.0
5164,991.5338,3.809443,D3C_liq.mzML,1454.0
5169,579.7983,3.54,C1C_liq.mzML,1365.0
5173,1137.6606,3.038563,C2C_liq.mzML,1135.0
5181,1212.7113,10.697724,V3_spores.mzML,3984.0
5182,970.4882,3.248833,F2C_liq.mzML,1290.0
5183,1180.5398,2.541865,W3_liq.mzML,985.0
5186,752.3248,1.927021,E2C_liq.mzML,752.0
5191,385.6798,0.995512,W2C_liq.mzML,386.0
5198,513.3417,8.335268,W3_liq.mzML,3123.0
5199,511.2586,1.644,B2_spore.mzML,678.0
5201,478.3552,6.910393,A3_spore.mzML,2578.0
5202,560.3207,3.830742,E2_liq.mzML,1484.0
5203,1171.6257,3.5625,C2_liq.mzML,1396.0
5207,627.4555,8.301587,V2_liq.mzML,3086.0
5212,614.8448,3.162,Y1C_liq.mzML,1231.0
5213,948.4511,2.459677,Z1C_liq.mzML,946.0
5225,562.288,2.226924,Y3_spores.mzML,847.0
5228,508.7673,2.214,E3_liq.mzML,876.0
5229,1060.4775,1.714728,B2C_liq.mzML,673.0
5230,220.1176,0.585,X2C_liq.mzML,260.0
5237,1036.6025,4.598947,B2C_liq.mzML,1741.0
5239,402.2364,0.573041,E3_spore.mzML,264.0
5240,508.3589,7.201573,Y3_spores.mzML,2689.0
5248,977.6841,7.127335,C3_spore.mzML,2640.0
5249,706.3238,0.58,C3C_liq.mzML,276.0
5251,767.5443,8.602923,Y2_liq.mzML,3216.0
5253,1171.627,3.623684,F1C_liq.mzML,1396.0
5258,902.3935,1.99301,Y3C_liq.mzML,778.0
5264,398.6807,3.26,E3_liq.mzML,1314.0
5269,582.2081,8.249655,IS_3.mzML,3157.0
5270,478.3491,6.914267,X3_spores.mzML,2498.0
5276,551.2987,3.065559,F1_liq.mzML,1264.0
5295,970.4938,3.555,W2_liq.mzML,1341.0
5296,248.1324,0.663937,B2_spore.mzML,272.0
5298,1044.5959,3.173885,A3C_liq.mzML,1227.0
5299,1370.964,10.021025,Z2_liq.mzML,3773.0
5300,211.1076,0.8705,B3_liq.mzML,352.0
5303,454.2417,0.561916,B3_spore.mzML,264.0
5321,393.2211,2.130874,D4_spore.mzML,788.0
5328,1044.6101,4.59673,Y3C_liq.mzML,1724.0
5337,490.2943,2.357,F2C_liq.mzML,936.0
5346,944.4872,3.871,E1C_liq.mzML,1473.0
5347,563.0357,2.254437,QC_6.mzML,885.0
5357,407.2194,2.374392,F2_liq.mzML,974.0
5360,555.3172,1.831597,W2_spores.mzML,714.0
5362,359.2667,0.5845,X1C_liq.mzML,308.0
5364,872.4975,3.825522,Y1C_liq.mzML,1442.0
5365,763.5053,8.386108,Y1C_liq.mzML,3180.0
5368,726.4167,3.505775,Z2C_liq.mzML,1348.0
5369,740.8716,2.73,W3_liq.mzML,1093.0
5378,1425.6793,3.650586,V3C_liq.mzML,1392.0
5381,474.2582,1.776667,A1C_liq.mzML,704.0
5383,813.4214,2.702294,C3_liq.mzML,1082.0
5387,553.798,3.033045,D4_liq.mzML,1225.0
5389,780.5766,8.095082,C2C_liq.mzML,3003.0
5395,514.3246,2.073,A1_liq.mzML,806.0
5396,969.4824,3.338,F1_liq.mzML,1309.0
5400,548.2844,1.96656,B2C_liq.mzML,713.0
5403,600.4677,7.583013,IS_7.mzML,2863.0
5409,379.1899,1.88,A3_liq.mzML,761.0
5411,1324.7247,3.339,D4C_liq.mzML,1295.0
5412,1082.0424,3.614879,Z1_liq.mzML,1348.0
5413,747.5916,8.445618,E1_liq.mzML,3198.0
5414,1032.4854,1.707,F2_liq.mzML,669.0
5415,1010.6662,6.696873,W3_spores.mzML,2483.0
5417,164.0667,10.878103,V2_spores.mzML,3965.0
5418,615.3378,3.28,Y3_liq.mzML,1229.0
5420,1009.4501,2.121,F3C_liq.mzML,830.0
5421,1033.4911,1.707,Y2C_liq.mzML,680.0
5424,759.3606,4.246,A3C_liq.mzML,1620.0
5429,997.7649,7.391762,Z3_spores.mzML,2752.0
5430,431.7305,3.391673,B3C_liq.mzML,1312.0
5434,810.4594,4.325079,Y3_liq.mzML,1633.0
5439,467.2318,1.337782,E2_spore.mzML,541.0
5443,461.2709,2.907552,F3_liq.mzML,1163.0
5449,409.7427,3.147,E2_liq.mzML,1212.0
5452,328.9167,10.892946,B3_liq.mzML,4132.0
5458,352.7276,2.3245,C3C_liq.mzML,924.0
5460,315.2105,2.214,Y3_spores.mzML,822.0
5461,384.8732,2.2135,X3_liq.mzML,879.0
5465,911.4877,0.763,C3C_liq.mzML,372.0
5472,433.2417,1.435,D1_liq.mzML,486.0
5474,990.5402,3.638283,Z2C_liq.mzML,1374.0
5482,937.5178,3.533,F2_liq.mzML,1348.0
5486,787.4407,3.116,C2C_liq.mzML,1205.0
5487,795.6411,6.58898,V3_spores.mzML,2436.0
5488,438.2531,3.571,V3_liq.mzML,1373.0
5492,574.8124,3.83179,E3C_liq.mzML,1481.0
5501,707.3936,3.823248,W2C_liq.mzML,1456.0
5504,721.3638,3.648658,W1C_liq.mzML,1390.0
5506,581.7954,3.8375,Y1C_liq.mzML,1478.0
5507,645.3285,3.467502,Y1C_liq.mzML,1337.0
5520,443.2821,3.6514,F3_liq.mzML,1409.0
5521,564.7941,1.833,B1_liq.mzML,690.0
5526,988.5109,4.074,Y3_liq.mzML,1570.0
5537,639.2839,2.661333,F3_spore.mzML,969.0
5539,527.2819,1.377,Y2_spores.mzML,543.0
5540,427.2569,1.245823,B3C_liq.mzML,458.0
5543,548.241,0.68,W2_spores.mzML,277.0
5545,333.112,6.048226,QC_7.mzML,2289.0
5551,562.3329,2.777,Y1C_liq.mzML,1025.0
5558,1371.9523,10.021486,X1C_liq.mzML,3830.0
5573,313.2737,8.095722,B1_spore.mzML,3014.0
5576,654.3156,2.54,Y2_liq.mzML,993.0
5578,1514.7852,8.073905,V3_spores.mzML,2965.0
5579,664.3372,1.77,A1C_liq.mzML,766.0
5581,821.4204,4.512299,C1C_liq.mzML,1651.0
5590,395.7467,3.099766,D4C_liq.mzML,1204.0
5592,345.722,1.016,IS_7.mzML,402.0
5600,611.8543,4.002,D1C_liq.mzML,1534.0
5601,587.2438,2.48079,Z3_liq.mzML,972.0
5605,1036.094,4.607676,Y1C_liq.mzML,1722.0
5609,776.3724,1.864,Y2_liq.mzML,731.0
5611,302.1767,0.812468,B3C_liq.mzML,320.0
5624,744.3346,1.00784,Z3_liq.mzML,414.0
5626,770.353,2.918738,Y3_liq.mzML,1134.0
5632,563.2443,0.741168,Y3_spores.mzML,330.0
5634,1353.7711,8.085825,E3_spore.mzML,2987.0
5651,436.2294,1.448779,Y3_spores.mzML,562.0
5652,669.8588,1.9935,Z2C_liq.mzML,759.0
5659,1050.4437,3.212674,X3_liq.mzML,1240.0
5660,704.5473,8.099699,E3_liq.mzML,3002.0
5667,251.1366,0.958,Y2_spores.mzML,380.0
5668,826.3589,2.812517,A3_liq.mzML,1071.0
5669,560.3141,3.862,A1C_liq.mzML,1484.0
5670,723.418,3.63111,E1_liq.mzML,1397.0
5681,1218.728,3.321,C1_liq.mzML,1288.0
5682,154.0047,10.910005,IS_7.mzML,4172.0
5683,550.7634,1.322,Z1C_liq.mzML,531.0
5694,764.4101,3.438627,V1C_liq.mzML,1319.0
5698,662.3181,0.979832,X1_liq.mzML,401.0
5699,380.1791,3.552,W2_liq.mzML,1307.0
5700,976.5139,3.817858,V2_liq.mzML,1461.0
5707,637.2972,0.98925,B2_liq.mzML,422.0
5710,909.454,3.727527,C3_liq.mzML,1412.0
5712,822.3929,2.243919,A2_liq.mzML,888.0
5727,685.4337,10.47624,D3C_liq.mzML,4004.0
5738,1372.7469,10.699209,F3_spore.mzML,3987.0
5742,315.1228,6.709721,QC_10.mzML,2498.0
5743,630.3588,3.162,A2C_liq.mzML,1166.0
5749,660.8245,1.786,Y3_liq.mzML,704.0
5756,684.3888,2.840269,Z1C_liq.mzML,1088.0
5757,1220.6798,10.695629,Z2_spores.mzML,3919.0
5758,482.3491,6.59426,A1_spore.mzML,2506.0
5771,738.4028,2.927112,E1_liq.mzML,1134.0
5776,1005.537,3.652438,X3_liq.mzML,1402.0
5791,754.5515,10.651772,C2_spore.mzML,3881.0
5796,959.0254,3.035859,D3C_liq.mzML,1174.0
5797,385.242,2.3545,F3C_liq.mzML,898.0
5799,630.3669,3.210168,D1C_liq.mzML,1190.0
5804,961.6074,3.634298,E2C_liq.mzML,1395.0
5808,838.14,4.435726,D4_liq.mzML,1673.0
5811,475.3722,6.961419,F3_spore.mzML,2527.0
5816,737.4334,3.555,,
5821,402.7344,3.61,V3_liq.mzML,1381.0
5822,587.2909,1.628,D3C_liq.mzML,628.0
5825,961.5214,3.718375,W1_liq.mzML,1413.0
5827,310.2121,2.408,C3_liq.mzML,930.0
5831,158.9866,10.803173,IS_7.mzML,4078.0
5836,548.2657,0.924223,X3C_liq.mzML,330.0
5838,409.2207,1.833,Y3_spores.mzML,725.0
5856,969.9897,3.377,V2C_liq.mzML,1424.0
5860,712.4887,10.659818,E3_spore.mzML,3855.0
5866,880.347,2.729,V3C_liq.mzML,1055.0
5876,532.7667,0.6835,V2C_liq.mzML,314.0
5879,627.4556,8.320148,V2_spores.mzML,3040.0
5893,636.3369,3.90461,B3C_liq.mzML,1496.0
5894,658.4547,8.541508,W1C_liq.mzML,3230.0
5895,680.3557,3.556,B1C_liq.mzML,1415.0
5900,677.4543,7.94997,Z3_spores.mzML,2948.0
5903,1166.6416,2.994753,A1C_liq.mzML,1160.0
5908,402.2862,8.042676,W3_liq.mzML,3006.0
5913,618.3221,1.419,W3C_liq.mzML,547.0
5914,683.548,8.076569,F1_liq.mzML,3083.0
5919,767.5447,8.582129,W3_liq.mzML,3197.0
5924,697.3577,1.614,W2_liq.mzML,641.0
5926,789.3983,0.979358,D1C_liq.mzML,344.0
5937,886.4268,2.369,D1C_liq.mzML,928.0
5941,1099.3822,2.946738,W1_liq.mzML,1125.0
5945,590.4019,7.666796,Y3_spores.mzML,2857.0
5958,768.3038,3.087556,Z2_spores.mzML,1150.0
5969,663.3873,2.680367,F1_liq.mzML,1037.0
5971,1088.5498,4.028167,F2C_liq.mzML,1550.0
5978,448.2307,1.694658,B3_spore.mzML,590.0
5984,576.2977,2.921,W1_liq.mzML,1098.0
5986,1506.7931,10.710983,X3_spores.mzML,3951.0
5994,859.5303,10.689968,X3C_liq.mzML,4081.0
5996,331.2829,8.106642,W1_spores.mzML,3012.0
6003,742.4036,2.376935,F3_liq.mzML,895.0
6006,682.3641,0.842,V3_liq.mzML,389.0
6007,295.1303,1.532,A1_liq.mzML,555.0
6011,524.8162,3.896363,F3C_liq.mzML,1498.0
6024,928.4753,2.587,B3_liq.mzML,999.0
6027,1513.8088,7.943336,X3_spores.mzML,2898.0
6028,740.4421,2.777,V3_liq.mzML,1083.0
6029,303.1531,1.833,C2C_liq.mzML,757.0
6031,987.0148,2.507672,X3_liq.mzML,992.0
6034,582.2147,1.083142,F3_liq.mzML,433.0
6046,153.9938,10.816067,IS_7.mzML,4105.0
6052,763.917,3.417053,D1_liq.mzML,1332.0
6053,1156.6149,3.8905,A3_liq.mzML,1489.0
6059,180.0448,10.912018,V2_liq.mzML,4078.0
6060,766.538,10.663883,D4C_liq.mzML,3930.0
6061,437.2116,0.791,C3C_liq.mzML,371.0
6063,592.7819,3.01739,Z3C_liq.mzML,1180.0
6065,675.6775,8.757603,V3_liq.mzML,3252.0
6069,495.7336,1.22572,W2_liq.mzML,485.0
6072,604.2816,1.015451,B2_liq.mzML,421.0
6073,693.3657,3.48563,F1_liq.mzML,1331.0
6078,1039.712,7.0513,W3_spores.mzML,2608.0
6079,1026.4341,1.769,Y2_liq.mzML,701.0
6081,229.0639,1.832,Z1_liq.mzML,761.0
6084,490.2873,3.466421,E2_liq.mzML,1331.0
6094,849.3906,0.769923,Z3C_liq.mzML,322.0
6097,1045.1068,4.650348,V1C_liq.mzML,1741.0
6101,791.4863,8.80791,V2_liq.mzML,3268.0
6107,821.4236,3.212,D4C_liq.mzML,1283.0
6121,741.4183,2.167571,Y3_liq.mzML,890.0
6126,590.2936,0.947608,V1_liq.mzML,376.0
6127,986.5604,4.410168,Y2C_liq.mzML,1668.0
6128,646.8414,2.891333,Y2C_liq.mzML,1114.0
6139,739.3917,2.762,E3C_liq.mzML,1076.0
6142,738.3536,1.658,Z2C_liq.mzML,657.0
6148,602.7977,2.54,Z1_liq.mzML,983.0
6151,810.4149,1.276476,X2C_liq.mzML,485.0
6153,1080.5955,3.305,Y3C_liq.mzML,1269.0
6154,183.0103,10.883271,V1_spores.mzML,4117.0
6156,884.3993,1.88,Z1_liq.mzML,737.0
6161,590.3547,1.626,Y3_liq.mzML,646.0
6173,568.2996,2.91526,Y3_liq.mzML,1133.0
6178,511.3731,8.074412,Y3C_liq.mzML,3025.0
6189,1164.6788,4.2105,B1C_liq.mzML,1627.0
6192,619.3578,3.227832,X3_liq.mzML,1304.0
6193,418.2263,2.165,Z2_liq.mzML,835.0
6196,766.4882,3.5395,D4C_liq.mzML,1350.0
6197,971.4827,2.23,C3_liq.mzML,891.0
6198,656.8705,3.927205,F3C_liq.mzML,1505.0
6202,358.2424,8.071847,D1_liq.mzML,3063.0
6204,693.2518,1.676,V3C_liq.mzML,668.0
6208,559.1334,8.251458,IS_2.mzML,3173.0
6209,1238.7147,4.335318,F2_liq.mzML,1657.0
6215,440.2346,2.557,Z2C_liq.mzML,936.0
6216,910.4858,3.113,A1_liq.mzML,1275.0
6223,696.0582,4.388959,B3C_liq.mzML,1670.0
6224,738.4773,1.6105,X1_liq.mzML,629.0
6227,1172.6178,3.637855,E1C_liq.mzML,1402.0
6242,555.5948,2.255,W1C_liq.mzML,883.0
6247,773.4193,2.777,D1C_liq.mzML,1037.0
6252,812.4623,2.750465,V1_liq.mzML,1072.0
6253,857.5143,10.687388,A1_liq.mzML,4075.0
6256,775.3692,1.595,X2C_liq.mzML,629.0
6260,734.5148,10.65078,Z2_spores.mzML,3907.0
6262,662.8197,2.242996,B3_liq.mzML,889.0
6272,688.525,8.097572,A3_liq.mzML,3000.0
6277,230.1135,2.6495,D3C_liq.mzML,1000.0
6278,684.3701,3.00053,B1_liq.mzML,1093.0
6279,1103.1262,4.652762,B3_liq.mzML,1717.0
6287,998.4927,3.132,W3_liq.mzML,1212.0
6290,651.8074,2.738258,Y2C_liq.mzML,1012.0
6293,224.0112,10.902916,E1_liq.mzML,4193.0
6297,350.206,1.612,V3C_liq.mzML,631.0
6299,583.3234,3.8255,X3C_liq.mzML,1479.0
6308,358.2451,8.092277,V2C_liq.mzML,3036.0
6309,556.261,1.662908,B3_liq.mzML,660.0
6310,949.5453,3.736142,E2_liq.mzML,1436.0
6320,731.3365,1.403418,Y1_liq.mzML,551.0
6323,744.5571,10.665086,Y1C_liq.mzML,4015.0
6331,226.2168,10.661118,X2C_liq.mzML,4085.0
6332,884.489,2.54,X1_liq.mzML,923.0
6349,396.2244,1.992114,B3_spore.mzML,755.0
6352,559.309,3.555,V2_liq.mzML,1340.0
6355,597.8124,3.810045,Z3C_liq.mzML,1452.0
6366,507.2253,2.344,Z3_liq.mzML,873.0
6379,754.5421,10.685905,Z3C_liq.mzML,3936.0
6388,871.4963,4.590287,W1C_liq.mzML,1737.0
6399,359.3706,7.44487,IS_7.mzML,2781.0
6406,683.5487,8.102674,V3C_liq.mzML,3042.0
6407,501.7868,4.121,A1C_liq.mzML,1574.0
6414,514.2646,2.248984,E2_spore.mzML,897.0
6417,672.3743,3.1764,Z2_liq.mzML,1233.0
6427,710.5451,8.097903,A2_liq.mzML,3043.0
6433,680.3218,1.387,C1C_liq.mzML,504.0
6437,407.7415,2.502525,F3_liq.mzML,978.0
6438,912.4026,1.117464,Z1C_liq.mzML,468.0
6440,359.7004,1.818,D1_liq.mzML,729.0
6444,818.4736,4.244992,B1C_liq.mzML,1630.0
6445,612.2838,1.6815,A2C_liq.mzML,661.0
6459,158.9639,10.711123,E3_liq.mzML,3917.0
6464,688.518,8.095655,C1C_liq.mzML,3066.0
6467,612.3569,2.911796,F2C_liq.mzML,1130.0
6476,363.2006,1.003229,W3_spores.mzML,382.0
6483,619.3647,4.235,C2C_liq.mzML,1627.0
6485,695.4055,2.244155,A2C_liq.mzML,880.0
6496,713.3577,1.063747,Z3_liq.mzML,466.0
6525,756.3256,1.03827,D3C_liq.mzML,411.0
6526,982.4269,3.932,Y3_liq.mzML,1501.0
6527,441.2357,2.3545,V3C_liq.mzML,941.0
6536,433.2417,1.548,D4_liq.mzML,610.0
6539,969.5196,3.003174,V3_liq.mzML,1154.0
6546,692.4409,3.356,E2C_liq.mzML,1338.0
6548,1238.7156,4.238,V1C_liq.mzML,1608.0
6550,588.2906,2.118,Y2_spores.mzML,834.0
6551,849.451,0.992555,Z3C_liq.mzML,472.0
6560,753.4421,4.255495,A2_liq.mzML,1636.0
6573,186.9812,10.869038,QC_7.mzML,4140.0
6592,618.2844,1.435,W2_liq.mzML,530.0
6599,658.3022,1.320896,V2C_liq.mzML,502.0
6615,279.1343,2.216,D4_spore.mzML,799.0
6617,509.2896,3.097932,F3_liq.mzML,1208.0
6628,729.3979,2.978718,E1C_liq.mzML,1212.0
6629,600.3279,3.957,A1_liq.mzML,1523.0
6631,280.175,2.428,C2C_liq.mzML,879.0
6637,222.6269,0.861447,F3C_liq.mzML,353.0
6640,763.8943,3.804698,C3C_liq.mzML,1458.0
6647,662.3108,1.964,Y3_spores.mzML,750.0
6652,780.5751,7.926552,X2_spores.mzML,2906.0
6653,1651.9155,4.202,D1C_liq.mzML,1594.0
6659,588.3788,3.834,D1C_liq.mzML,1474.0
6664,664.3046,0.6765,W3_liq.mzML,284.0
6673,551.2663,1.309036,Z3C_liq.mzML,457.0
6674,471.1832,6.53264,A3_spore.mzML,2439.0
6686,408.2258,2.135234,C3C_liq.mzML,922.0
6689,1234.6935,10.66925,Z2_spores.mzML,3922.0
6691,649.3292,3.197325,Z2_liq.mzML,1243.0
6695,529.2669,0.646833,B2C_liq.mzML,326.0
6699,458.2988,0.698937,D4C_liq.mzML,281.0
6700,959.6161,7.203056,D4_spore.mzML,2645.0
6707,487.3616,7.89333,IS_7.mzML,2954.0
6726,763.9055,3.8695,A1_liq.mzML,1460.0
6727,701.3367,3.00526,Y1_liq.mzML,1165.0
6729,992.4908,3.469046,X3C_liq.mzML,1310.0
6752,701.3501,0.924873,V2_liq.mzML,375.0
6754,871.9648,3.26,Y3_liq.mzML,1259.0
6758,1328.7092,8.025783,D4_spore.mzML,2908.0
6759,345.2226,2.73,E3C_liq.mzML,1010.0
6768,618.8462,3.694693,D1C_liq.mzML,1404.0
6774,653.2622,1.658,Y3_spores.mzML,659.0
6780,567.2724,0.908335,B3_liq.mzML,374.0
6788,332.3438,7.049763,A1_spore.mzML,2659.0
6790,733.3566,3.011319,D1_liq.mzML,1133.0
6794,949.0452,3.737188,B3C_liq.mzML,1445.0
6796,693.2953,0.754,F1C_liq.mzML,303.0
6800,450.2907,3.782219,X3C_liq.mzML,1444.0
6801,511.1804,0.826344,C3_liq.mzML,324.0
6802,1046.499,1.927165,D1C_liq.mzML,757.0
6812,618.8459,3.671302,A2C_liq.mzML,1408.0
6813,243.1544,1.20691,,
6815,772.4304,3.683147,D4C_liq.mzML,1411.0
6816,837.9589,4.203,Y2_liq.mzML,1624.0
6819,976.4823,3.419913,W3_liq.mzML,1353.0
6823,375.2297,2.5248,V2_liq.mzML,1024.0
6825,699.3386,0.84822,W3_liq.mzML,317.0
6828,1230.6089,3.929,X3_liq.mzML,1493.0
6833,551.2799,6.975989,Z2_spores.mzML,2572.0
6838,358.2427,8.112793,Z3_spores.mzML,3007.0
6841,1058.5032,2.172667,A1_liq.mzML,789.0
6845,487.2556,0.84011,Z3_liq.mzML,362.0
6847,734.3193,0.794285,C1C_liq.mzML,354.0
6851,441.2572,1.619,Z2_spores.mzML,626.0
6858,731.8409,2.298124,W3C_liq.mzML,901.0
6863,617.9874,3.259,A2_liq.mzML,1252.0
6865,691.379,2.936504,E2C_liq.mzML,1136.0
6875,678.3411,4.456907,Y3C_liq.mzML,1666.0
6877,659.3453,3.174969,A2C_liq.mzML,1183.0
6878,978.4843,2.874523,W2_liq.mzML,1116.0
6894,442.2443,2.299968,A1_liq.mzML,878.0
6907,334.1408,0.96463,C3C_liq.mzML,435.0
6909,861.4578,3.345222,V3_liq.mzML,1353.0
6913,860.4024,4.033,A3C_liq.mzML,1538.0
6921,877.3713,1.341192,A3C_liq.mzML,536.0
6922,757.4229,3.407217,E1_liq.mzML,1325.0
6926,243.1704,1.989,Y3_spores.mzML,775.0
6934,1098.8824,2.954,W3C_liq.mzML,1132.0
6936,519.2927,0.929785,C2_liq.mzML,335.0
6946,295.1658,1.324,F3C_liq.mzML,551.0
6951,472.2959,3.629065,Y1C_liq.mzML,1305.0
6957,556.2729,0.587,Z1C_liq.mzML,312.0
6959,663.41,8.620913,W2_spores.mzML,3177.0
6980,624.2478,3.682151,X3_liq.mzML,1405.0
6982,329.1653,2.009,D3C_liq.mzML,765.0
6984,399.2165,2.215,X2_liq.mzML,838.0
6988,504.7585,0.783,D3C_liq.mzML,280.0
6989,991.7105,6.985234,D4_spore.mzML,2566.0
6994,710.4115,2.880306,F3_liq.mzML,1127.0
6997,397.2941,7.603602,F2_spore.mzML,2771.0
7001,336.3094,7.757245,IS_7.mzML,2924.0
7004,654.3875,2.866125,F3C_liq.mzML,1111.0
7011,972.5311,0.899259,E1_liq.mzML,380.0
7017,1043.7448,7.289974,V3_spores.mzML,2689.0
7024,701.3313,0.841072,X1_liq.mzML,311.0
7027,675.3775,3.438,W1C_liq.mzML,1325.0
7029,689.35,0.955207,D3_liq.mzML,380.0
7033,501.3874,7.207824,Z3_spores.mzML,2674.0
7035,911.4474,2.458,Y3_spores.mzML,965.0
7041,264.1642,0.601,D4_spore.mzML,252.0
7042,773.3452,3.169345,A3C_liq.mzML,1224.0
7048,327.2122,1.520915,C2_spore.mzML,654.0
7051,315.2108,1.927,Y3_spores.mzML,780.0
7061,598.394,0.871,A2_liq.mzML,348.0
7072,1075.4677,3.017646,Y1C_liq.mzML,1170.0
7077,301.6685,1.675,Z2C_liq.mzML,654.0
7085,747.3711,2.507273,V2_liq.mzML,1004.0
7089,575.793,2.856108,E3_liq.mzML,1094.0
7096,402.2286,1.594,F2_liq.mzML,614.0
7099,513.3419,1.802,A1_liq.mzML,726.0
7103,383.6972,0.85,A1_liq.mzML,327.0
7105,491.2473,2.778516,V2_liq.mzML,1088.0
7107,600.7821,2.873496,X3C_liq.mzML,1127.0
7120,972.4313,1.785,Y3_liq.mzML,702.0
7124,348.1996,0.846,C3C_liq.mzML,366.0
7126,399.7423,3.373828,Y1C_liq.mzML,1307.0
7134,504.2473,1.393,E3_spore.mzML,545.0
7138,463.2428,2.891327,D3C_liq.mzML,1123.0
7142,656.8638,3.914,F2_liq.mzML,1500.0
7143,246.1446,0.956168,X3_liq.mzML,343.0
7146,785.4907,10.657958,X2_spores.mzML,3815.0
7147,557.334,2.906262,B2C_liq.mzML,1173.0
7153,800.4736,4.036251,F3C_liq.mzML,1541.0
7165,604.3013,0.988,IS_7.mzML,386.0
7177,396.2473,3.439914,A1_liq.mzML,1332.0
7183,598.282,0.606,W3_spores.mzML,266.0
7187,870.8256,4.590503,F3C_liq.mzML,1744.0
7193,217.9796,10.773191,C1C_liq.mzML,4110.0
7208,245.1133,2.644548,Y3C_liq.mzML,1056.0
7212,700.3015,1.397405,E2_spore.mzML,540.0
7221,829.4769,1.001878,A2_liq.mzML,384.0
7224,584.2051,1.44335,A3_spore.mzML,559.0
7225,583.8213,3.000483,C2C_liq.mzML,1157.0
7227,378.5331,2.100459,F2_liq.mzML,786.0
7243,569.2911,2.923664,X3_liq.mzML,1135.0
7251,432.2254,0.987749,E3_liq.mzML,477.0
7286,560.8179,3.850129,B3C_liq.mzML,1466.0
7290,653.3633,3.437551,D4_liq.mzML,1186.0
7292,883.6282,8.702322,Y1C_liq.mzML,3243.0
7293,608.8427,3.75498,W2C_liq.mzML,1457.0
7295,319.1403,1.609,D4_spore.mzML,626.0
7307,445.2273,1.403,F2C_liq.mzML,520.0
7321,792.4902,8.773041,W1C_liq.mzML,3308.0
7329,644.2887,0.918374,Z2_liq.mzML,370.0
7331,615.3281,3.383585,F2C_liq.mzML,1282.0
7336,808.4913,3.055943,Z2C_liq.mzML,1194.0
7342,429.2487,3.868,E1_liq.mzML,1491.0
7354,982.426,1.388337,Y1C_liq.mzML,555.0
7357,524.2737,7.124868,C3_spore.mzML,2641.0
7360,167.0838,0.583,Z2C_liq.mzML,321.0
7364,1105.5743,4.034298,E1_liq.mzML,1539.0
7366,435.2622,1.030229,C1C_liq.mzML,433.0
7367,511.2522,0.5765,Z3_spores.mzML,264.0
7368,588.3728,3.8435,C1C_liq.mzML,1482.0
7371,529.3029,6.97868,X3_spores.mzML,2555.0
7386,213.0878,1.125673,F1C_liq.mzML,441.0
7392,1160.4091,0.937783,F2C_liq.mzML,434.0
7396,658.3331,2.373,D3_liq.mzML,931.0
7397,1240.371,1.167442,C3C_liq.mzML,486.0
7401,392.2135,0.750236,Z3_spores.mzML,297.0
7408,849.2976,0.5905,Z2C_liq.mzML,324.0
7409,455.5749,1.864,E2C_liq.mzML,755.0
7410,508.7735,2.214,D4_liq.mzML,866.0
7418,368.2285,1.243627,B1_liq.mzML,521.0
7422,1031.587,4.33003,Z2_liq.mzML,1629.0
7423,344.1476,0.732155,B3_spore.mzML,285.0
7424,440.7086,2.9025,X3C_liq.mzML,1113.0
7428,956.4958,2.626,W3_liq.mzML,976.0
7433,204.0443,2.102,QC_7.mzML,828.0
7437,822.4065,3.116293,C1C_liq.mzML,1278.0
7440,470.3501,6.7472,A1_spore.mzML,2560.0
7444,245.1128,2.181,X3C_liq.mzML,768.0
7451,642.332,3.261,V2C_liq.mzML,1230.0
7453,589.273,0.93836,Y2_spores.mzML,347.0
7454,1096.4916,2.184,X2_liq.mzML,829.0
7461,714.386,2.970186,V2C_liq.mzML,1101.0
7470,631.2695,3.064882,D3_liq.mzML,1194.0
7478,210.0222,2.163787,Z3_spores.mzML,845.0
7487,690.5352,8.103179,Y1_spores.mzML,3050.0
7504,612.8526,2.920481,B1C_liq.mzML,1127.0
7514,992.4773,3.630555,F1_liq.mzML,1387.0
7518,488.2559,2.354,B1C_liq.mzML,878.0
7522,1650.901,4.2025,B1C_liq.mzML,1608.0
7533,815.4271,3.6246,X3_liq.mzML,1381.0
7549,678.4002,2.777,F3C_liq.mzML,1027.0
7551,439.2684,8.383,Y3C_liq.mzML,3147.0
7559,1199.6394,3.963,D3C_liq.mzML,1517.0
7561,528.3345,4.104898,D1_liq.mzML,1570.0
7565,433.2923,2.634,E1_liq.mzML,1020.0
7566,909.4431,3.704505,Y3_liq.mzML,1429.0
7568,763.3497,2.024,Y3_liq.mzML,792.0
7577,791.9538,4.1885,F3C_liq.mzML,1599.0
7578,546.2444,0.887916,D3_liq.mzML,333.0
7594,443.3233,2.874355,C1C_liq.mzML,1123.0
7595,332.6948,2.6655,F2_liq.mzML,1039.0
7611,1318.7286,7.920424,D4_spore.mzML,2888.0
7612,442.5528,2.093237,D3C_liq.mzML,753.0
7617,223.9891,10.727094,QC_0.mzML,4193.0
7622,513.3031,7.194329,V2_spores.mzML,2666.0
7644,557.8387,3.749808,B2_liq.mzML,1438.0
7648,243.1703,2.069484,Z2_spores.mzML,810.0
7653,515.0895,2.0546,Z2_spores.mzML,854.0
7658,665.2271,6.041491,QC_2.mzML,2306.0
7669,500.8035,2.73,A3C_liq.mzML,1067.0
7672,530.2825,2.146,Y3_spores.mzML,841.0
7675,884.4482,2.902448,E3_liq.mzML,1143.0
7679,551.264,1.744431,Y2_spores.mzML,683.0
7706,378.3304,7.916439,C3C_liq.mzML,2964.0
7712,1172.6322,4.2,C2C_liq.mzML,1605.0
7721,431.2127,1.788094,D4_spore.mzML,687.0
7725,353.6245,6.048996,QC_11.mzML,2239.0
7729,641.2946,2.269633,Z2C_liq.mzML,877.0
7735,962.4748,0.8275,E3C_liq.mzML,354.0
7745,385.2105,2.172527,D3_liq.mzML,892.0
7758,366.7022,1.61,E2_liq.mzML,653.0
7764,1101.5763,4.744274,F3_liq.mzML,1784.0
7772,359.2278,2.326,B1_liq.mzML,922.0
7779,464.2757,6.713693,Y3_spores.mzML,2509.0
7780,1650.9304,4.202,X3C_liq.mzML,1600.0
7787,657.3671,3.922,E2C_liq.mzML,1492.0
7805,1080.6091,3.76434,E2C_liq.mzML,1443.0
7807,359.1645,1.945,C1_liq.mzML,731.0
7808,582.348,4.214,Z3C_liq.mzML,1616.0
7818,276.5122,1.628,A3_spore.mzML,595.0
7850,1066.5286,4.081,E1_liq.mzML,1556.0
7852,292.6645,1.982303,C2_spore.mzML,736.0
7855,428.2507,1.376722,Y3_spores.mzML,552.0
7863,281.14,0.667125,W2_spores.mzML,280.0
7864,439.2693,8.335681,W1C_liq.mzML,3162.0
7865,713.4229,2.78,W1_liq.mzML,1108.0
7884,342.204,2.54,X3_liq.mzML,980.0
7886,226.0119,10.79997,V2_spores.mzML,3966.0
7894,318.3011,4.499518,Z1_liq.mzML,1706.0
7896,292.1095,3.799384,Y3C_liq.mzML,1454.0
7898,747.5922,8.405413,F2_liq.mzML,3132.0
7907,358.1364,0.781051,Y3_spores.mzML,307.0
7910,649.3043,1.371646,D4C_liq.mzML,495.0
7927,284.2956,8.425978,D4_spore.mzML,3049.0
7956,1196.672,3.9715,B2C_liq.mzML,1526.0
7960,363.713,1.254,Y1C_liq.mzML,513.0
7964,777.9144,4.543498,B3_liq.mzML,1711.0
7967,482.2588,1.485258,W3_spores.mzML,586.0
7972,839.5026,4.219,E1C_liq.mzML,1605.0
7975,1271.6974,4.345847,D1_liq.mzML,1659.0
7981,526.1981,1.8845,E3_spore.mzML,708.0
7982,1184.5647,3.057239,V3C_liq.mzML,1151.0
8000,1031.1003,4.321131,Y2_liq.mzML,1626.0
8001,390.2065,1.753,A3_liq.mzML,704.0
8010,264.1313,1.196266,Y3_liq.mzML,525.0
8018,685.4343,10.369157,W1_liq.mzML,3876.0
8028,742.4024,2.930281,W2_liq.mzML,1132.0
8032,583.3369,2.907062,Y1C_liq.mzML,1128.0
8037,476.2975,7.970562,X2_spores.mzML,2921.0
8041,295.1301,1.114089,C3C_liq.mzML,582.0
8045,390.2391,3.979,Z3_liq.mzML,1522.0
8050,630.3284,3.986,W1C_liq.mzML,1525.0
8063,877.4431,3.345423,Y3_liq.mzML,1277.0
8066,973.7677,7.477374,W3_spores.mzML,2760.0
8074,525.3403,0.573,A3_spore.mzML,265.0
8081,338.7155,2.54,Y1C_liq.mzML,990.0
8082,428.8851,2.057,D4C_liq.mzML,857.0
8093,879.4446,3.405967,X1C_liq.mzML,1310.0
8094,488.2963,8.06801,Y2_liq.mzML,3031.0
8100,436.3413,8.633704,IS_7.mzML,3239.0
8107,310.1732,1.738,D3_spore.mzML,677.0
8112,501.3769,8.112583,IS_7.mzML,3049.0
8123,1069.7589,7.353649,Z3_spores.mzML,2741.0
8137,511.291,1.813,Z2_spores.mzML,705.0
8141,487.2953,1.753,A2_liq.mzML,669.0
8147,872.4897,0.920847,B1_liq.mzML,376.0
8149,455.9083,1.88,C2C_liq.mzML,748.0
8152,604.2974,2.64876,B2C_liq.mzML,926.0
8153,251.1005,0.957333,Z2_spores.mzML,384.0
8166,678.5925,8.094367,B1_liq.mzML,3054.0
8175,883.6271,8.626634,V1C_liq.mzML,3232.0
8186,827.4301,2.760877,E2C_liq.mzML,1067.0
8200,887.4897,1.345858,C3_spore.mzML,527.0
8207,628.501,8.058572,IS_7.mzML,3022.0
8211,737.5065,10.656255,E3_liq.mzML,3921.0
8217,558.2885,0.862561,Y3_spores.mzML,357.0
8235,524.3938,7.931426,Y2_spores.mzML,2969.0
8238,1307.667,3.688397,W3_liq.mzML,1412.0
8246,238.0869,6.05872,QC_11.mzML,2242.0
8259,710.5983,10.671486,QC_1.mzML,3997.0
8268,553.2985,7.194878,V2_spores.mzML,2663.0
8269,988.4691,3.766439,C2_liq.mzML,1444.0
8285,487.1786,1.547424,Z3_spores.mzML,579.0
8299,336.3125,7.152348,IS_7.mzML,2705.0
8300,319.2835,7.749751,IS_7.mzML,2925.0
8305,600.8307,3.962,W2C_liq.mzML,1535.0
8313,895.6193,8.654069,W3C_liq.mzML,3215.0
8314,757.4307,3.403862,Y2C_liq.mzML,1353.0
8323,1018.6365,3.5784,E1C_liq.mzML,1409.0
8325,644.3411,4.033,Z2_liq.mzML,1539.0
8327,737.2405,1.675492,B3_liq.mzML,661.0
8330,320.1239,1.754,A1_liq.mzML,711.0
8332,1017.5416,3.522,F3_liq.mzML,1325.0
8333,519.2362,0.6285,X2_liq.mzML,297.0
8337,754.5421,10.656534,D3_liq.mzML,3940.0
8340,1031.0846,4.326047,V2_liq.mzML,1630.0
8351,1020.5197,4.047187,F2C_liq.mzML,1552.0
8353,445.1938,1.339,B1C_liq.mzML,517.0
8361,378.7178,1.533,C2_liq.mzML,619.0
8363,1096.6056,3.688748,D1_liq.mzML,1418.0
8365,602.3288,1.678097,Y3C_liq.mzML,643.0
8372,724.8792,3.665515,V1C_liq.mzML,1403.0
8376,476.3573,8.148748,F1_liq.mzML,3102.0
8382,570.2971,1.36554,B2C_liq.mzML,482.0
8394,1225.6938,3.977168,F1C_liq.mzML,1525.0
8399,756.5804,8.371239,B2_spore.mzML,3056.0
8429,604.3798,8.291608,V2_spores.mzML,3042.0
8431,653.403,3.065669,E1C_liq.mzML,1179.0
8440,618.4656,7.551369,C3C_liq.mzML,2850.0
8447,750.3821,4.123,W3_liq.mzML,1567.0
8448,796.3763,1.337714,W2_spores.mzML,537.0
8449,311.2566,7.942949,IS_7.mzML,2975.0
8455,721.3638,0.859928,F1C_liq.mzML,345.0
8461,579.2885,1.985,Y3_spores.mzML,777.0
8462,396.2108,3.624792,C3_liq.mzML,1403.0
8463,746.2669,1.289885,E1_liq.mzML,519.0
8466,302.1774,0.723,E2_liq.mzML,297.0
8473,926.401,0.7545,B3_liq.mzML,316.0
8474,388.7184,2.906,V2_liq.mzML,1127.0
8475,338.1362,1.139426,Y3_spores.mzML,464.0
8481,498.3189,7.212792,C3_spore.mzML,2696.0
8487,702.8469,8.079827,E3_spore.mzML,2945.0
8505,437.4025,8.140171,IS_7.mzML,3021.0
8506,176.9529,10.773742,B3_spore.mzML,3963.0
8508,838.1301,4.424,C2_liq.mzML,1674.0
8515,396.3306,7.164854,IS_7.mzML,2720.0
8520,389.2322,1.601882,X3_spores.mzML,616.0
8533,574.2896,1.421119,A1_liq.mzML,578.0
8537,487.2607,1.3535,C2C_liq.mzML,579.0
8539,503.251,1.119457,B3_liq.mzML,421.0
8542,806.4349,4.450707,A1_liq.mzML,1700.0
8543,579.3476,2.971353,E2_spore.mzML,1065.0
8550,455.2166,7.068256,A3_spore.mzML,2607.0
8551,293.1618,1.976835,E2_spore.mzML,731.0
8553,374.3037,7.95165,A1_liq.mzML,3005.0
8558,377.1472,6.046962,QC_7.mzML,2279.0
8565,525.3141,3.897,Y2C_liq.mzML,1485.0
8567,704.5296,8.480992,A3_spore.mzML,3088.0
8589,299.2584,6.89971,IS_7.mzML,2601.0
8595,407.7404,2.298531,A1_liq.mzML,903.0
8596,653.4046,3.821496,D1_liq.mzML,1480.0
8602,1271.6954,4.457984,D4C_liq.mzML,1690.0
8603,360.2318,1.499909,A1_liq.mzML,631.0
8605,169.097,0.584,B1_spore.mzML,304.0
8609,652.4101,2.92658,E2C_liq.mzML,1130.0
8614,576.3038,2.91942,F2_liq.mzML,1102.0
8618,446.3479,6.793168,C3_spore.mzML,2513.0
8635,688.3903,1.579,B3_liq.mzML,622.0
8643,959.5172,3.805125,B2C_liq.mzML,1471.0
8657,619.347,3.67848,B1C_liq.mzML,1422.0
8660,282.91,10.784447,IS_7.mzML,4111.0
8665,500.2715,2.036,B3_spore.mzML,775.0
8677,775.9423,4.301883,B2_liq.mzML,1643.0
8689,415.2174,1.895039,Y3_spores.mzML,742.0
8693,639.4543,8.373,IS_7.mzML,3144.0
8700,277.1806,5.665231,Y3_spores.mzML,2122.0
8726,715.3869,3.010926,Z2C_liq.mzML,1160.0
8730,555.527,5.52691,D3C_liq.mzML,2091.0
8739,297.083,7.467353,IS_7.mzML,2835.0
8745,800.4751,3.517,V2C_liq.mzML,1383.0
8746,447.2525,7.271511,A3_spore.mzML,2666.0
8753,1007.5535,2.906125,X3_liq.mzML,1100.0
8757,688.3219,6.049334,QC_3.mzML,2317.0
8765,1025.5785,3.863135,V2C_liq.mzML,1488.0
8767,1271.7167,4.347029,C2_liq.mzML,1652.0
8775,453.265,3.147,B2C_liq.mzML,1190.0
8778,1424.0713,8.81547,V2_spores.mzML,3218.0
8786,229.6521,0.582517,W3_spores.mzML,269.0
8794,421.2114,7.559559,W3C_liq.mzML,2826.0
8797,802.4111,1.930927,B3C_liq.mzML,746.0
8814,728.5473,8.088601,F1_liq.mzML,3074.0
8816,459.2681,3.769278,A3_liq.mzML,1444.0
8822,223.0637,7.467353,QC_7.mzML,2799.0
8838,317.6639,1.271107,Y3_spores.mzML,491.0
8844,989.5488,4.058623,D3_liq.mzML,1559.0
8857,988.5618,4.082593,B3C_liq.mzML,1553.0
8866,713.5364,10.646068,V3_spores.mzML,3961.0
8874,711.3639,3.8445,W3C_liq.mzML,1479.0
8881,1532.8419,4.545323,C3_liq.mzML,1717.0
8884,1332.7581,10.790892,C2_spore.mzML,3918.0
8888,544.312,6.794401,X3_spores.mzML,2488.0
8894,313.2003,5.67128,C3_spore.mzML,2109.0
8898,429.2333,1.450682,C1C_liq.mzML,503.0
8900,1069.6104,4.640306,V3_liq.mzML,1739.0
8909,1002.5147,3.5925,Y3_liq.mzML,1392.0
8913,450.287,3.829668,Y3C_liq.mzML,1457.0
8918,646.3182,1.861033,Y3_spores.mzML,723.0
8923,680.4819,10.47624,Z1C_liq.mzML,4022.0
8925,392.3275,7.187804,Z2_spores.mzML,2644.0
8936,761.4006,0.937942,D1C_liq.mzML,376.0
8940,286.1373,0.845,F2C_liq.mzML,383.0
8944,576.2788,1.175031,E1C_liq.mzML,495.0
8961,604.8528,2.62025,A1C_liq.mzML,999.0
8962,1036.553,4.248,Y3_liq.mzML,1605.0
8963,607.2977,3.929,X2_liq.mzML,1518.0
8965,996.0767,4.416205,W2C_liq.mzML,1687.0
8966,440.249,0.587,V3_liq.mzML,486.0
8968,318.1293,1.012797,Z2_liq.mzML,442.0
8987,315.266,5.178446,Y2C_liq.mzML,1937.0
9005,812.4537,2.74917,B2_liq.mzML,1049.0
9024,342.3742,7.393912,C3_spore.mzML,2734.0
9026,555.3158,7.564254,W3_spores.mzML,2790.0
9030,1276.6617,2.890633,X1_liq.mzML,1108.0
9038,616.3794,8.372613,Y2C_liq.mzML,3137.0
9047,288.2542,3.783025,Z3_liq.mzML,1451.0
9059,654.3307,3.693687,V3_liq.mzML,1413.0
9063,1160.4092,1.313108,V3C_liq.mzML,506.0
9064,857.4982,3.930339,E1_liq.mzML,1496.0
9075,619.8636,4.241,E2C_liq.mzML,1623.0
9076,352.3074,7.17235,IS_7.mzML,2719.0
9077,1269.6974,4.453652,D3C_liq.mzML,1705.0
9078,815.394,3.210168,W1_liq.mzML,1202.0
9080,618.3658,3.374796,C2C_liq.mzML,1315.0
9081,757.3628,0.952987,V1_liq.mzML,382.0
9089,361.1896,1.435,E2C_liq.mzML,638.0
9094,756.5405,8.5321,Y2C_liq.mzML,3189.0
9102,254.6454,8.104137,IS_7.mzML,3008.0
9113,1079.6,3.834773,F2_liq.mzML,1443.0
9119,837.8065,4.426059,Y2_liq.mzML,1689.0
9120,713.5088,8.090607,C2_liq.mzML,3075.0
9121,358.2458,8.0275,A3_liq.mzML,2987.0
9123,458.4016,8.305589,Z3_spores.mzML,3065.0
9132,690.3352,2.905,D4C_liq.mzML,1096.0
9151,730.3637,3.185812,E2C_liq.mzML,1209.0
9157,329.0273,1.6815,Z3_spores.mzML,654.0
9164,735.8657,4.336866,X3C_liq.mzML,1651.0
9174,1013.5374,3.197737,V1_liq.mzML,1243.0
9175,366.7088,2.195,Y3_spores.mzML,838.0
9188,625.3022,2.595989,Y3_spores.mzML,1007.0
9196,588.3517,3.040414,A2C_liq.mzML,1141.0
9201,487.6055,2.1975,A1C_liq.mzML,879.0
9204,674.4868,8.554,Y3C_liq.mzML,3206.0
9224,319.1512,0.58825,A3C_liq.mzML,314.0
9226,229.652,0.567079,V2_spores.mzML,287.0
9231,1512.804,7.942401,V2_spores.mzML,2907.0
9232,669.399,4.248,B3_liq.mzML,1605.0
9233,448.2909,7.794054,IS_7.mzML,2933.0
9236,719.2305,0.686,V3_liq.mzML,309.0
9247,872.4877,3.818485,E3_liq.mzML,1517.0
9255,503.2826,1.788,W2_spores.mzML,701.0
9256,502.2939,6.776638,V3_spores.mzML,2504.0
9260,1366.7108,4.059,X1_liq.mzML,1543.0
9274,764.5292,10.688513,QC_1.mzML,4001.0
9278,555.2364,2.555,V2_liq.mzML,964.0
9289,436.2198,1.1,B1_liq.mzML,466.0
9309,599.3184,7.151791,Y3_spores.mzML,2669.0
9311,260.15,0.930423,C2C_liq.mzML,347.0
9312,526.2901,7.091741,X3_spores.mzML,2595.0
9315,308.679,0.714,W2C_liq.mzML,384.0
9320,554.3189,2.249221,Y2_spores.mzML,875.0
9323,357.6744,0.582,C3C_liq.mzML,308.0
9324,563.2936,2.199,E1_liq.mzML,859.0
9325,286.3115,6.764104,F3_spore.mzML,2497.0
9327,1272.7078,4.346366,C1_liq.mzML,1656.0
9330,282.2791,6.623718,Z2_spores.mzML,2449.0
9336,344.6888,1.644,B3_liq.mzML,670.0
9345,331.2717,0.567287,Z3_spores.mzML,277.0
9348,1106.5701,4.039549,F1_liq.mzML,1583.0
9354,698.2659,1.194682,A2C_liq.mzML,474.0
9370,582.848,4.214,C1C_liq.mzML,1640.0
9382,471.256,0.794392,Y1C_liq.mzML,348.0
9387,529.2112,2.789,Y3_spores.mzML,1065.0
9398,747.3795,0.766,B3_liq.mzML,315.0
9399,532.3484,7.722196,Y3_spores.mzML,2862.0
9409,778.5007,8.284858,D3_spore.mzML,3008.0
9421,606.3079,1.5155,D4C_liq.mzML,577.0
9426,335.1509,7.942112,V2_spores.mzML,2908.0
9428,639.3075,0.585,W3_spores.mzML,275.0
9430,926.4553,2.990128,Y3_liq.mzML,1161.0
9433,1079.5132,4.298022,Y3_liq.mzML,1628.0
9437,688.8257,7.707142,E2_spore.mzML,2807.0
9440,810.5567,7.467038,B3_liq.mzML,2779.0
9441,972.527,4.276939,E2C_liq.mzML,1629.0
9442,969.4863,3.651567,F1_liq.mzML,1427.0
9461,698.337,1.632,Y3_spores.mzML,639.0
9462,378.7565,8.096063,IS_7.mzML,3037.0
9464,402.2063,1.274759,B3_liq.mzML,471.0
9469,711.3578,3.869,A1_liq.mzML,1546.0
9474,608.3385,3.822231,C1_liq.mzML,1441.0
9489,312.1335,3.93,F3_liq.mzML,1508.0
9494,600.3008,1.303306,Y3_spores.mzML,516.0
9496,611.4298,8.378078,W2_spores.mzML,3087.0
9505,296.9655,10.892089,E1C_liq.mzML,4207.0
9506,430.2755,2.24265,F3_liq.mzML,920.0
9521,799.4781,4.051483,A1_liq.mzML,1520.0
9534,620.2715,0.627,B2C_liq.mzML,284.0
9541,430.3304,8.300276,C3_spore.mzML,3043.0
9555,318.2013,0.778638,D4C_liq.mzML,356.0
9564,1089.5491,4.033173,E2_liq.mzML,1562.0
9567,205.0433,2.169,Z3_spores.mzML,826.0
9568,424.2198,0.579,Z2_spores.mzML,294.0
9581,345.1856,3.8275,F2C_liq.mzML,1427.0
9609,346.2337,1.289771,A1C_liq.mzML,527.0
9632,1422.722,10.693107,D3_spore.mzML,3911.0
9640,313.2742,8.028826,B2_liq.mzML,3000.0
9650,426.2998,7.931674,B3_spore.mzML,2916.0
9655,674.3386,1.675,A2_liq.mzML,594.0
9656,440.2633,1.574776,W2_spores.mzML,649.0
9675,408.244,8.041647,X1_liq.mzML,3073.0
9677,342.2637,1.083,IS_7.mzML,430.0
9678,1045.7749,7.414748,W3_spores.mzML,2740.0
9679,430.331,8.279745,D4_spore.mzML,3001.0
9686,1166.6433,2.857,E1C_liq.mzML,1120.0
9691,583.7975,1.977008,V2C_liq.mzML,677.0
9698,661.4541,7.519094,A3_liq.mzML,2815.0
9703,398.0917,6.049171,QC_1.mzML,2269.0
9704,587.2507,1.446048,W3_spores.mzML,570.0
9706,229.1391,0.699705,B2_spore.mzML,318.0
9713,451.2986,3.979,A1_liq.mzML,1544.0
9714,209.0128,10.784282,V2_liq.mzML,4072.0
9726,950.0447,3.742792,Y2C_liq.mzML,1443.0
9738,366.1895,1.743714,Y3_spores.mzML,674.0
9745,697.3746,4.473647,Y3_liq.mzML,1682.0
9757,271.917,10.91093,W2_spores.mzML,4057.0
9762,689.3491,1.219033,C3C_liq.mzML,515.0
9763,685.4343,10.031917,Z2_liq.mzML,3780.0
9765,544.3845,8.308206,X1_liq.mzML,3125.0
9771,1180.5374,2.474597,Z1_liq.mzML,1000.0
9778,1269.6785,4.462905,X3_liq.mzML,1670.0
9780,411.2019,2.240429,Y1C_liq.mzML,893.0
9784,979.488,2.874657,V2_liq.mzML,1114.0
9785,326.17,2.799,C3C_liq.mzML,1116.0
9788,620.2726,3.429385,X1C_liq.mzML,1277.0
9789,455.2156,0.988,IS_7.mzML,398.0
9797,1157.604,3.892,E3_liq.mzML,1502.0
9798,457.2265,1.896,W2_liq.mzML,788.0
9803,1032.0896,4.333095,Z2_liq.mzML,1659.0
9811,995.7531,7.205894,Y3_spores.mzML,2691.0
9819,1200.6498,3.962,F3C_liq.mzML,1523.0
9821,488.2728,0.68889,B1_liq.mzML,340.0
9827,320.2162,1.818,A2C_liq.mzML,727.0
9833,582.2948,1.969993,E2_spore.mzML,732.0
9836,420.278,8.846135,X3C_liq.mzML,3328.0
9842,263.127,1.548,D4_liq.mzML,622.0
9844,656.3679,2.778,Y3_liq.mzML,1115.0
9852,678.5848,8.097903,D1_liq.mzML,3086.0
9858,165.1134,10.639007,IS_9.mzML,4067.0
9862,509.7919,3.814876,E2_liq.mzML,1468.0
9868,782.4515,3.387,E2_liq.mzML,1358.0
9870,525.3011,1.52583,E1_liq.mzML,545.0
9873,482.2943,7.932174,F3_spore.mzML,2886.0
9887,1101.6344,4.228,Z3C_liq.mzML,1624.0
9899,379.1999,2.20866,Y2_spores.mzML,883.0
9902,706.4834,8.497308,V2_spores.mzML,3086.0
9903,348.2533,7.534955,F3C_liq.mzML,2868.0
9906,888.4822,1.342147,A3_spore.mzML,523.0
9922,734.8747,2.144574,X3_liq.mzML,920.0
9950,295.1662,1.730429,E3_spore.mzML,659.0
9952,717.43,3.995,Y1C_liq.mzML,1531.0
9954,463.1062,1.053948,Z3_spores.mzML,422.0
9959,550.4824,9.243405,V2_spores.mzML,3374.0
9961,864.5593,3.663882,C2C_liq.mzML,1469.0
9966,300.0876,4.710541,IS_9.mzML,1733.0
9972,692.3494,3.244446,C2_liq.mzML,1194.0
9976,461.2773,2.901553,D4_liq.mzML,1159.0
9979,646.8265,1.786,Y2_liq.mzML,679.0
9980,718.8411,2.0335,V2_liq.mzML,812.0
9983,233.6465,0.864571,A1_liq.mzML,351.0
9994,772.4172,3.789873,C3C_liq.mzML,1414.0
9996,1089.535,4.048,A3_liq.mzML,1546.0
9997,406.0977,0.68717,A3_spore.mzML,276.0
9999,740.3956,2.699,A3_liq.mzML,1086.0
10013,284.9111,10.779698,C3C_liq.mzML,4095.0
10016,1320.7523,4.337375,C1C_liq.mzML,1669.0
10027,518.2702,1.36978,Z3_liq.mzML,465.0
10037,417.3441,6.824427,IS_7.mzML,2574.0
10042,332.1458,1.196285,D1C_liq.mzML,377.0
10047,510.3764,7.727758,X3_spores.mzML,2820.0
10065,586.249,1.17779,V2_liq.mzML,472.0
10079,723.9103,4.414525,Z3C_liq.mzML,1678.0
10087,768.5536,10.657354,A1_liq.mzML,4076.0
10093,555.3288,1.553998,X3_spores.mzML,602.0
10112,472.2765,1.584815,W3_spores.mzML,617.0
10116,747.3782,2.714,V3C_liq.mzML,1016.0
10118,748.3777,1.083,IS_7.mzML,391.0
10120,674.4867,8.485649,W1C_liq.mzML,3210.0
10122,887.4772,1.342197,D4_spore.mzML,516.0
10123,754.5619,8.088601,Z1_liq.mzML,3042.0
10125,650.4446,6.25,A3_liq.mzML,2356.0
10127,708.5095,10.47677,A3_spore.mzML,3853.0
10130,788.5172,10.660064,Z1_liq.mzML,3963.0
10131,805.4598,3.276,E1C_liq.mzML,1236.0
10135,784.4235,3.597,Y2C_liq.mzML,1431.0
10139,654.8551,4.16,A2_liq.mzML,1593.0
10152,596.3643,4.103846,E3_liq.mzML,1571.0
10155,329.1493,1.802,Y3_liq.mzML,744.0
10156,581.3579,4.349116,B3C_liq.mzML,1659.0
10157,398.1555,0.878456,D3C_liq.mzML,324.0
10158,518.2475,1.138156,C3C_liq.mzML,471.0
10159,257.6476,2.24634,A1C_liq.mzML,880.0
10166,1315.6437,3.702,F1C_liq.mzML,1418.0
10171,659.3447,2.653758,C3_spore.mzML,961.0
10174,361.1837,8.222867,X3_spores.mzML,2986.0
10179,837.7955,4.438124,Y2C_liq.mzML,1695.0
10183,391.7128,0.584702,X3_spores.mzML,275.0
10188,488.2657,0.669,C3C_liq.mzML,330.0
10191,1347.8848,10.023187,X2_liq.mzML,3785.0
10193,603.2733,1.781224,Y3_spores.mzML,701.0
10199,764.9114,3.382165,W3C_liq.mzML,1356.0
10205,611.3529,4.09,Y1C_liq.mzML,1564.0
10218,669.9005,4.248,C3_liq.mzML,1617.0
10236,1465.7662,4.332885,X1C_liq.mzML,1636.0
10248,1220.679,8.221238,Y2_spores.mzML,3065.0
10249,405.2104,2.069,B2_spore.mzML,775.0
10252,678.3084,2.224489,Y3_spores.mzML,854.0
10257,685.3714,2.985562,A3_liq.mzML,1095.0
10258,1108.605,3.785172,V3_liq.mzML,1449.0
10259,680.4827,10.015352,E1_spore.mzML,3875.0
10267,1247.6544,3.948,D1C_liq.mzML,1512.0
10273,1026.5679,3.867583,C2C_liq.mzML,1444.0
10275,827.7115,7.138873,X3_spores.mzML,2611.0
10294,362.1392,1.377179,A3_spore.mzML,536.0
10297,804.4095,2.571,W1_liq.mzML,1020.0
10298,596.3578,4.121401,F3_liq.mzML,1572.0
10301,282.0901,2.097735,QC_3.mzML,849.0
10304,352.3197,7.952458,Z1_spores.mzML,2977.0
10318,772.9181,3.801448,F1_liq.mzML,1412.0
10319,1123.5958,2.54,Z1_liq.mzML,1010.0
10321,699.3964,3.068459,Y1C_liq.mzML,1237.0
10324,334.1989,0.889404,B3_spore.mzML,330.0
10328,600.8589,4.597,F3C_liq.mzML,1745.0
10337,530.3375,0.821,A2C_liq.mzML,316.0
10340,354.3358,7.255961,A2_spore.mzML,2667.0
10351,222.6269,1.335926,E3_spore.mzML,528.0
10354,679.4078,3.54,E2C_liq.mzML,1436.0
10355,229.0805,3.5275,A3_spore.mzML,1285.0
10357,977.511,3.822231,X3_liq.mzML,1462.0
10371,515.3335,6.918135,W2_spores.mzML,2551.0
10381,510.3769,7.09794,X3_spores.mzML,2608.0
10382,990.5388,3.822,X3C_liq.mzML,1456.0
10392,703.5209,8.100294,V1_spores.mzML,3032.0
10396,678.4161,3.099978,Y3_liq.mzML,1206.0
10405,524.3432,3.45874,E3_spore.mzML,1243.0
10410,830.4106,3.391955,W3C_liq.mzML,1292.0
10415,861.4088,4.030767,E1C_liq.mzML,1539.0
10417,475.2544,2.04,B2_spore.mzML,776.0
10420,360.1798,7.360106,QC_0.mzML,2769.0
10429,360.1797,7.382831,QC_1.mzML,2736.0
10435,327.2516,7.474673,IS_7.mzML,2813.0
10441,599.4283,8.299056,W2_spores.mzML,3064.0
10450,479.2849,0.932036,Z2_spores.mzML,374.0
10456,522.2657,1.104407,V3_liq.mzML,429.0
10460,504.3879,8.148748,F1_liq.mzML,3103.0
10465,970.521,2.988722,E3_liq.mzML,1170.0
10484,575.8263,3.055904,A1_liq.mzML,1139.0
10493,1024.5524,4.121,W3_liq.mzML,1560.0
10494,801.4766,4.014364,,
10515,505.3026,3.364651,Y3_spores.mzML,1275.0
10525,467.2547,3.669634,F3_liq.mzML,1414.0
10527,366.1758,0.657838,Y1C_liq.mzML,327.0
10533,868.4075,2.326,D3_spore.mzML,878.0
10537,1330.7328,10.69772,Z2_spores.mzML,3935.0
10543,524.2741,7.19806,C3_spore.mzML,2674.0
10549,586.8187,4.198,D1_liq.mzML,1607.0
10563,408.3105,8.330141,IS_7.mzML,3127.0
10565,909.4415,3.654141,W3_liq.mzML,1414.0
10568,904.4555,3.407787,E1_liq.mzML,1310.0
10576,890.4317,2.359214,Y2_spores.mzML,916.0
10578,464.2756,7.273764,A3_spore.mzML,2686.0
10581,243.1703,2.09,W2_spores.mzML,814.0
10582,605.3109,1.595,E3_liq.mzML,595.0
10583,457.2077,2.888658,Y3_spores.mzML,1112.0
10589,595.3856,7.551854,E2_liq.mzML,2838.0
10590,688.3215,6.07266,QC_6.mzML,2277.0
10595,403.2183,1.483703,Y2_spores.mzML,598.0
10625,879.4944,10.664986,A1_liq.mzML,4078.0
10626,757.4196,3.552,Z1_liq.mzML,1335.0
10635,263.1488,0.652,A3C_liq.mzML,268.0
10646,673.3755,3.051932,V3_liq.mzML,1172.0
10649,343.187,1.151495,D4_spore.mzML,450.0
10652,1189.6138,3.555,C3C_liq.mzML,1439.0
10656,759.5903,7.947545,B1_spore.mzML,2990.0
10671,307.0855,2.092396,QC_6.mzML,821.0
10682,471.1831,6.651724,A3_spore.mzML,2471.0
10686,165.9831,10.789831,D3_liq.mzML,3967.0
10692,691.404,4.580601,F2_liq.mzML,1739.0
10697,665.2953,1.395675,C3C_liq.mzML,550.0
10700,758.4711,10.658251,X2_spores.mzML,3867.0
10706,352.1177,4.668149,IS_8.mzML,1733.0
10710,1255.677,4.248,A1_liq.mzML,1632.0
10716,1019.0219,3.718842,B1_liq.mzML,1447.0
10726,1346.7346,7.773125,E3_spore.mzML,2827.0
10734,458.2296,7.178874,W2_liq.mzML,2719.0
10737,396.2481,3.100425,E2_liq.mzML,1206.0
10766,329.1912,2.057,F3_liq.mzML,785.0
10776,479.8068,4.062,A2C_liq.mzML,1554.0
10777,347.1923,1.419,B2C_liq.mzML,508.0
10778,264.1519,0.6375,D3C_liq.mzML,247.0
10779,801.6894,7.045999,A3_spore.mzML,2601.0
10785,663.4103,8.553623,V3_liq.mzML,3175.0
10790,683.4309,7.519058,C2C_liq.mzML,2814.0
10796,672.2999,4.011,Z3_liq.mzML,1537.0
10816,653.0117,2.6895,Y3_liq.mzML,998.0
10818,435.3232,8.299382,W3_spores.mzML,3033.0
10843,734.4823,10.665874,F1_liq.mzML,4019.0
10850,800.4847,3.849019,Y1C_liq.mzML,1498.0
10855,689.8826,3.649373,W2C_liq.mzML,1373.0
10857,233.6467,0.925793,Z3C_liq.mzML,370.0
10858,609.3408,3.750685,B2C_liq.mzML,1440.0
10859,662.3585,3.021727,A1_liq.mzML,1167.0
10861,257.6157,6.64501,Z3_spores.mzML,2497.0
10869,1231.6111,3.766289,D3_liq.mzML,1443.0
10874,529.3406,2.824,B2_liq.mzML,1135.0
10882,617.2798,1.7095,F3_spore.mzML,652.0
10896,658.5276,8.120493,Y3_spores.mzML,3001.0
10898,881.5142,10.686,X3C_liq.mzML,4065.0
10900,518.2461,0.940687,X2_liq.mzML,332.0
10910,818.4737,4.343814,D3C_liq.mzML,1611.0
10917,802.5291,8.422257,V3_spores.mzML,3058.0
10919,286.3113,6.407056,C3_spore.mzML,2384.0
10928,332.1805,0.968,D4C_liq.mzML,375.0
10932,527.2819,1.628,Z3_spores.mzML,588.0
10935,723.917,4.423901,A1_liq.mzML,1689.0
10944,429.2196,2.248016,C3_liq.mzML,869.0
10946,612.3798,4.382859,A1C_liq.mzML,1675.0
10949,1426.8041,6.543082,B3_spore.mzML,2423.0
10950,928.5038,3.829,D1_liq.mzML,1445.0
10964,857.0037,3.847,Y2_liq.mzML,1496.0
10971,991.5005,3.344,F1C_liq.mzML,1303.0
11011,204.0444,2.08995,QC_6.mzML,822.0
11013,359.267,0.998435,W3_liq.mzML,484.0
11020,634.3241,1.269915,Y3_spores.mzML,510.0
11024,674.8079,1.960508,X3_liq.mzML,713.0
11025,739.3344,2.199,D1C_liq.mzML,913.0
11034,378.7295,2.1545,E2C_liq.mzML,833.0
11041,1342.924,10.021552,A2C_liq.mzML,3818.0
11046,575.3389,0.96031,Y2C_liq.mzML,456.0
11047,571.3474,0.992,Y3_spores.mzML,403.0
11053,616.3438,7.039278,Z2_spores.mzML,2595.0
11058,537.1509,8.248923,IS_8.mzML,3090.0
11065,499.3916,7.427848,W3_spores.mzML,2825.0
11068,977.4959,3.981,Y2_liq.mzML,1503.0
11072,684.3517,2.389,X3_liq.mzML,905.0
11089,716.3743,4.151,C2C_liq.mzML,1595.0
11091,831.4648,3.738894,F3C_liq.mzML,1445.0
11110,748.5911,8.449067,F1_liq.mzML,3206.0
11111,499.8261,4.137,C2C_liq.mzML,1593.0
11113,319.2837,7.67801,IS_7.mzML,2891.0
11121,654.3322,2.888,C3C_liq.mzML,1125.0
11137,625.2708,2.328489,Y3_spores.mzML,908.0
11139,418.754,4.057874,B3C_liq.mzML,1555.0
11147,275.2587,7.781284,IS_7.mzML,2918.0
11157,359.1673,8.028269,Z3_spores.mzML,2981.0
11159,928.5186,3.766289,B2_liq.mzML,1450.0
11169,586.3605,3.9785,V3_liq.mzML,1525.0
11171,717.4221,4.554545,A1C_liq.mzML,1732.0
11175,852.476,10.658778,QC_10.mzML,3977.0
11180,444.7468,1.7375,D1C_liq.mzML,680.0
11182,784.4287,3.717504,C3_liq.mzML,1429.0
11183,428.2138,1.46973,Y2C_liq.mzML,503.0
11185,621.1536,3.711608,QC_3.mzML,1450.0
11191,358.7449,8.087266,A1_liq.mzML,3066.0
11221,666.3201,1.781,Y3_spores.mzML,707.0
11226,515.3226,7.574621,Z3_spores.mzML,2822.0
11230,856.4435,2.785,B1_liq.mzML,1032.0
11234,431.2302,2.706,Y3_spores.mzML,1045.0
11237,1302.7045,7.736866,D4_spore.mzML,2831.0
11239,343.1992,0.85547,Y3_spores.mzML,367.0
11245,724.3851,3.752453,Y1C_liq.mzML,1414.0
11248,498.8145,3.917,V3_liq.mzML,1501.0
11252,1057.5779,3.882,D4_liq.mzML,1478.0
11253,972.0116,4.248,V2_liq.mzML,1616.0
11257,772.4287,4.024643,C1C_liq.mzML,1554.0
11259,538.3516,7.426295,V3_spores.mzML,2736.0
11261,321.2431,7.837539,C2_spore.mzML,2857.0
11262,611.4299,8.328125,W3_liq.mzML,3120.0
11263,482.3495,6.725749,X3_spores.mzML,2469.0
11277,333.6492,0.571048,W2_spores.mzML,272.0
11292,558.3171,0.743,A3_liq.mzML,319.0
11300,326.1029,4.677005,IS_6.mzML,1768.0
11306,443.7127,0.5785,Z2_spores.mzML,342.0
11308,492.2036,3.400172,F3_spore.mzML,1232.0
11323,490.7866,2.731,A1_liq.mzML,1086.0
11325,1108.6211,3.79247,D4_liq.mzML,1444.0
11326,528.3057,1.783724,Y3_spores.mzML,705.0
11332,236.1488,0.578024,D4_spore.mzML,251.0
11333,738.3447,2.911712,Y3_spores.mzML,1111.0
11334,666.4911,8.48933,A3_spore.mzML,3094.0
11342,545.2524,0.994633,W3_liq.mzML,443.0
11344,309.243,7.159946,E2_spore.mzML,2617.0
11351,514.2249,6.537423,C3_spore.mzML,2432.0
11358,618.2488,1.373471,Z1_liq.mzML,529.0
11359,329.2792,5.271312,A1_liq.mzML,1991.0
11376,340.1862,2.551778,Y2_spores.mzML,973.0
11379,614.8458,3.080437,A3_liq.mzML,1238.0
11380,646.8218,1.722,W3_liq.mzML,683.0
11386,439.268,8.347378,V2C_liq.mzML,3126.0
11406,990.5454,3.90825,E3_liq.mzML,1458.0
11407,544.3175,1.896,D3C_liq.mzML,835.0
11410,423.2236,2.405,Y3_spores.mzML,911.0
11422,384.2473,2.057,Y1C_liq.mzML,774.0
11431,646.3569,3.272,F3C_liq.mzML,1272.0
11440,496.7507,2.226408,W3_spores.mzML,849.0
11441,592.2625,2.759232,F3_spore.mzML,1001.0
11444,394.2587,7.701051,IS_7.mzML,2910.0
11447,545.2462,0.578,Y3_liq.mzML,284.0
11448,301.1202,1.489078,D4_spore.mzML,538.0
11469,990.5571,3.911676,F2C_liq.mzML,1464.0
11473,367.1516,0.916458,V2C_liq.mzML,356.0
11476,651.3738,4.440713,Y3_liq.mzML,1664.0
11477,534.322,6.915622,C3_spore.mzML,2560.0
11478,769.351,4.242,D3_liq.mzML,1578.0
11493,584.3386,2.14819,A2C_liq.mzML,886.0
11494,317.1888,2.662,C2C_liq.mzML,1013.0
11502,821.9584,4.244992,B2C_liq.mzML,1714.0
11514,662.4854,7.539835,C3C_liq.mzML,2840.0
11522,1433.7793,4.318913,A3_liq.mzML,1646.0
11525,420.3234,6.948951,E3_spore.mzML,2551.0
11534,686.5245,10.653242,B3_spore.mzML,3905.0
11535,606.4002,6.666837,Z3_spores.mzML,2503.0
11542,303.0974,0.795406,A1_liq.mzML,287.0
11557,739.5062,10.662786,X2C_liq.mzML,4048.0
11573,308.2808,7.161,IS_7.mzML,2708.0
11576,597.3463,1.466493,X2_spores.mzML,644.0
11579,1018.6363,3.756128,A2_liq.mzML,1440.0
11587,1021.5255,4.048438,F3C_liq.mzML,1555.0
11592,1236.7153,10.664478,X3_spores.mzML,3932.0
11594,565.4307,8.45266,IS_7.mzML,3164.0
11596,1448.8009,6.543893,C3_spore.mzML,2439.0
11597,857.4064,1.66,W3_liq.mzML,656.0
11605,265.2523,7.585746,A1_liq.mzML,2883.0
11608,1307.7369,7.890096,C3_spore.mzML,2922.0
11618,1089.7482,7.427295,C3_spore.mzML,2747.0
11624,550.4818,9.648318,F3_spore.mzML,3576.0
11629,380.1936,1.63,B3_spore.mzML,631.0
11659,300.1564,1.675254,Y3_spores.mzML,737.0
11669,831.4943,10.6734,QC_10.mzML,3983.0
11673,323.0556,2.100857,QC_2.mzML,829.0
11675,481.2412,1.534451,F3_spore.mzML,582.0
11677,294.1852,4.834339,IS_10.mzML,1815.0
11686,792.4902,8.821835,Y1_liq.mzML,3323.0
11687,450.7896,3.790033,E2_liq.mzML,1452.0
11688,986.4968,4.232,D4C_liq.mzML,1623.0
11694,644.3181,2.024,W3_liq.mzML,761.0
11702,714.5501,10.660909,F1_spore.mzML,4132.0
11706,390.3122,6.982582,Y2_spores.mzML,2641.0
11715,533.3338,7.574602,Z3_spores.mzML,2823.0
11718,1084.5714,3.77699,Y3C_liq.mzML,1400.0
11738,262.1797,10.621131,X1C_liq.mzML,4101.0
11741,1020.0256,3.902,X1C_liq.mzML,1495.0
11744,548.766,0.936819,X1C_liq.mzML,370.0
11745,1170.6168,4.14097,Z1_liq.mzML,1587.0
11763,617.331,1.232289,F3C_liq.mzML,407.0
11766,618.307,2.027,F2C_liq.mzML,824.0
11771,729.5649,8.486998,D3_spore.mzML,3081.0
11780,318.2037,1.289,D1_liq.mzML,440.0
11782,724.4175,4.415238,Y2C_liq.mzML,1673.0
11787,525.7794,1.549,E2C_liq.mzML,536.0
11788,445.2315,1.6573,E2_liq.mzML,619.0
11790,873.4369,3.359,X3_liq.mzML,1277.0
11792,1117.5981,3.975,E3C_liq.mzML,1523.0
11793,546.2811,0.58325,E1C_liq.mzML,272.0
11802,327.2399,3.970942,C1C_liq.mzML,1532.0
11811,760.4955,8.122374,D4C_liq.mzML,3026.0
11818,445.2455,1.051,IS_7.mzML,420.0
11821,387.2292,6.043326,QC_4.mzML,2298.0
11829,560.4152,7.724188,B2C_liq.mzML,2905.0
11848,368.3125,6.463961,X3_spores.mzML,2378.0
11856,277.2159,7.726386,W3_spores.mzML,2841.0
11870,730.3984,4.128679,Z2_liq.mzML,1581.0
11882,541.4504,8.095655,B3_spore.mzML,2976.0
11884,748.8616,2.525,Z3_liq.mzML,993.0
11888,269.1109,0.650673,V3_spores.mzML,283.0
11889,1247.6344,3.94,V2_liq.mzML,1515.0
11892,277.1194,1.107024,E3_spore.mzML,437.0
11899,1037.5516,4.248,D4C_liq.mzML,1628.0
11905,344.2174,1.462955,Z3_spores.mzML,585.0
11907,1018.5435,3.517,W3_liq.mzML,1368.0
11910,536.3553,7.193648,C3_spore.mzML,2663.0
11914,431.3827,8.297534,W1_spores.mzML,3087.0
11932,588.3077,3.323,V3_liq.mzML,1263.0
11940,703.847,8.077496,E3_spore.mzML,2920.0
11946,657.3185,2.4515,Y3_spores.mzML,956.0
11958,483.3456,8.076152,X1_liq.mzML,3058.0
11964,552.4235,7.658044,Y3_spores.mzML,2841.0
11978,386.2771,8.403039,B2_liq.mzML,3138.0
11981,714.5495,10.641062,B3_spore.mzML,3906.0
11982,753.3837,1.774,Z3_spores.mzML,693.0
11987,680.4827,10.031917,A2C_liq.mzML,3815.0
11988,927.5524,6.690982,D4_spore.mzML,2425.0
11994,428.1844,3.034976,Y3_spores.mzML,1161.0
11995,372.347,7.551915,A2_spore.mzML,2768.0
11998,617.3257,1.209279,X3C_liq.mzML,477.0
12012,302.1512,1.547,D1C_liq.mzML,645.0
12028,717.9232,4.559908,A1_liq.mzML,1746.0
12032,240.1806,0.578957,IS_0.mzML,267.0
12033,849.4392,1.193153,W2C_liq.mzML,464.0
12034,703.3427,8.085338,A3_liq.mzML,3011.0
12038,1073.567,4.137,Z3C_liq.mzML,1595.0
12042,260.1501,0.875,E1_liq.mzML,349.0
12045,515.3223,2.842597,F1C_liq.mzML,1073.0
12049,1100.384,2.94,W2C_liq.mzML,1124.0
12053,383.2917,7.570033,V1C_liq.mzML,2861.0
12064,232.1198,0.82292,D3C_liq.mzML,339.0
12065,371.2147,1.413,E3_liq.mzML,564.0
12078,776.8237,2.7435,D4_liq.mzML,1059.0
12089,801.4526,4.776799,Y3_liq.mzML,1772.0
12094,399.1661,5.026975,Y1C_liq.mzML,1885.0
12103,1270.6888,4.462484,W2_liq.mzML,1693.0
12104,877.9605,4.192,V1C_liq.mzML,1583.0
12125,528.2643,1.86425,Y3_spores.mzML,727.0
12140,652.3284,3.26,E3_liq.mzML,1194.0
12143,760.4858,10.657791,Z1_spores.mzML,3993.0
12161,691.0676,4.563132,Y2C_liq.mzML,1719.0
12163,234.6333,8.032122,Z3C_liq.mzML,2994.0
12165,442.8841,2.244999,E3_liq.mzML,879.0
12168,459.1986,0.627,C3_spore.mzML,266.0
12169,878.4696,4.1895,E2C_liq.mzML,1597.0
12176,803.3931,2.723,Y3_spores.mzML,1046.0
12186,596.3438,1.656,A3_spore.mzML,641.0
12199,384.3477,7.69783,IS_7.mzML,2904.0
12212,386.1942,0.78227,X2_spores.mzML,339.0
12216,489.2024,1.131,F2C_liq.mzML,512.0
12217,330.239,4.974124,X3C_liq.mzML,1873.0
12239,895.6196,8.683697,W1C_liq.mzML,3286.0
12241,487.2606,1.895,E2_liq.mzML,724.0
12242,477.2806,7.603918,A3_liq.mzML,2844.0
12244,658.3602,3.115,W2_liq.mzML,1208.0
12245,358.7449,8.112658,E3C_liq.mzML,3015.0
12249,270.146,0.957981,E3_spore.mzML,429.0
12257,573.2771,1.444,F3_spore.mzML,578.0
12260,871.4987,3.91934,E1_liq.mzML,1460.0
12261,732.8872,6.55037,D4_spore.mzML,2416.0
12265,776.5174,10.652986,X1_spores.mzML,4102.0
12307,601.3615,4.577853,D3C_liq.mzML,1735.0
12311,833.4207,2.445,B2_spore.mzML,921.0
12321,378.2286,8.53339,X3C_liq.mzML,3203.0
12329,403.2178,1.3875,C1C_liq.mzML,475.0
12331,285.1706,4.653914,D4_spore.mzML,1704.0
12338,721.3185,1.627,Y2C_liq.mzML,586.0
12340,683.3622,4.2195,Y3_liq.mzML,1594.0
12351,686.5769,8.105919,X1_liq.mzML,3070.0
12352,411.2611,1.7995,Y2_spores.mzML,707.0
12368,155.0851,4.657795,V3_liq.mzML,1757.0
12373,372.1633,7.71838,W3_spores.mzML,2843.0
12379,446.2268,1.865,F3C_liq.mzML,665.0
12387,500.2713,1.722484,W1C_liq.mzML,687.0
12390,282.1175,1.206,Y3_spores.mzML,420.0
12392,590.3672,7.413286,A3_spore.mzML,2741.0
12397,490.2593,1.3865,D3C_liq.mzML,615.0
12398,1220.6765,10.680655,W3_spores.mzML,3982.0
12400,620.3096,3.623977,Y3_spores.mzML,1355.0
12413,658.3109,6.043994,QC_0.mzML,2306.0
12417,476.308,2.41625,IS_11.mzML,899.0
12425,259.1443,0.674025,B3_spore.mzML,277.0
12426,678.5342,10.645731,E2_spore.mzML,3943.0
12429,508.3646,6.838527,X3_spores.mzML,2506.0
12430,708.5005,10.643726,A2_spore.mzML,3940.0
12438,1554.8145,4.555819,E3_liq.mzML,1729.0
12439,317.2695,6.899816,IS_7.mzML,2602.0
12441,1372.674,3.801549,D4_liq.mzML,1439.0
12445,679.3489,1.059255,B3_spore.mzML,396.0
12451,467.2842,4.043662,C2C_liq.mzML,1547.0
12453,537.2687,1.121494,Z3_spores.mzML,431.0
12454,555.2797,2.107537,B3_spore.mzML,805.0
12461,492.2886,3.086595,Y1C_liq.mzML,1191.0
12466,884.6259,8.701823,Y1_liq.mzML,3273.0
12467,798.3779,0.7675,Y2_liq.mzML,346.0
12469,581.7968,3.914,Z1_liq.mzML,1483.0
12473,591.3485,4.667864,QC_11.mzML,1733.0
12486,392.2313,0.974847,Z2C_liq.mzML,291.0
12497,560.3331,0.959704,C1C_liq.mzML,408.0
12498,337.2731,6.913396,Y3_spores.mzML,2578.0
12499,829.9655,4.229,E3_liq.mzML,1615.0
12506,279.1386,1.485036,F3_spore.mzML,567.0
12511,418.7545,4.129132,B1C_liq.mzML,1556.0
12519,597.3046,6.666732,V3_spores.mzML,2470.0
12524,534.2633,2.04,Z3_spores.mzML,743.0
12529,1214.7153,10.667769,X3_spores.mzML,3930.0
12531,387.1893,1.254755,C3C_liq.mzML,609.0
12533,777.3732,2.787105,D3_spore.mzML,1042.0
12538,822.3851,2.230717,E1C_liq.mzML,874.0
12540,498.293,2.013,Y3_spores.mzML,798.0
12546,423.1201,7.939097,V2_spores.mzML,2896.0
12548,601.3337,3.95552,E2_liq.mzML,1489.0
12559,390.1331,1.095888,V3_liq.mzML,386.0
12560,716.3827,4.150909,F1_liq.mzML,1584.0
12563,690.5082,10.658909,C2_spore.mzML,3889.0
12575,195.993,10.880929,V2_spores.mzML,4051.0
12576,438.2093,0.722629,A3C_liq.mzML,286.0
12587,748.369,2.664,W1_liq.mzML,997.0
12595,520.2676,6.436279,W2_spores.mzML,2413.0
12601,338.3424,10.66215,V3C_liq.mzML,4097.0
12603,808.4825,10.657938,B1C_liq.mzML,4041.0
12604,440.2662,7.507433,E1C_liq.mzML,2841.0
12612,621.3007,7.043691,Y3_spores.mzML,2636.0
12644,386.3027,6.852863,Y3_spores.mzML,2560.0
12657,402.3932,7.45188,A1_spore.mzML,2803.0
12664,556.3389,2.82425,V3C_liq.mzML,1121.0
12668,335.2794,7.155809,F3_spore.mzML,2649.0
12669,1073.5802,4.147833,X2_liq.mzML,1592.0
12671,433.2458,2.765787,Y3_spores.mzML,1060.0
12675,833.0674,2.251695,QC_4.mzML,906.0
12682,330.2274,5.668292,C3_spore.mzML,2110.0
12683,1323.7617,8.008481,C3_spore.mzML,2929.0
12708,211.1276,1.030971,C2_spore.mzML,421.0
12734,1146.5892,3.781229,Z3_liq.mzML,1459.0
12743,871.4886,3.9075,C3_liq.mzML,1461.0
12744,410.3493,7.468494,IS_7.mzML,2818.0
12759,583.3268,0.935557,V3_liq.mzML,331.0
12802,724.8887,3.746581,A3_liq.mzML,1446.0
12805,432.2807,2.264744,IS_0.mzML,931.0
12806,198.0177,10.800987,A3_liq.mzML,4048.0
12807,488.2712,1.643,Z3_spores.mzML,638.0
12815,653.3328,3.001854,Z1_liq.mzML,1164.0
12820,461.2218,1.695333,C1_liq.mzML,674.0
12831,157.9884,10.881397,D3C_liq.mzML,4125.0
12836,769.3737,2.087188,Z3_spores.mzML,794.0
12837,242.2487,5.644489,D4_liq.mzML,2126.0
12840,947.4926,4.036144,X3_liq.mzML,1536.0
12841,291.2523,7.1616,IS_7.mzML,2712.0
12871,364.187,7.035448,D4C_liq.mzML,2641.0
12874,354.3359,6.959871,V3_spores.mzML,2539.0
12878,644.3438,3.826,X1_liq.mzML,1455.0
12885,278.1287,6.560669,W3_spores.mzML,2433.0
12891,358.6998,1.388576,V2_liq.mzML,596.0
12901,305.1811,0.905133,,
12906,504.371,7.931377,B2_spore.mzML,2922.0
12913,244.1914,1.067,IS_7.mzML,425.0
12915,373.2072,1.311345,Y2_spores.mzML,523.0
12935,405.2098,1.7505,F3_spore.mzML,658.0
12938,782.5848,9.036121,B2C_liq.mzML,3365.0
12939,459.3109,7.955954,A2_spore.mzML,2911.0
12967,531.7948,3.761245,Y2C_liq.mzML,1446.0
12974,753.5312,8.467072,X3_spores.mzML,3106.0
12984,395.3333,8.437767,A2_spore.mzML,3085.0
12988,457.2456,2.763979,B2_spore.mzML,1006.0
12992,506.2296,1.953532,B3_spore.mzML,744.0
12996,806.4692,10.663248,B2C_liq.mzML,3976.0
13010,244.6483,1.7755,E2C_liq.mzML,670.0
13015,316.3202,6.795044,X3_spores.mzML,2489.0
13016,322.2944,7.473821,IS_7.mzML,2819.0
13017,1019.6382,3.581,F1_liq.mzML,1405.0
13023,678.4033,4.05769,W2_liq.mzML,1553.0
13039,814.9411,4.462582,A2_liq.mzML,1695.0
13053,289.154,2.796,Y1_liq.mzML,1072.0
13054,322.6927,1.788094,D4_spore.mzML,683.0
13063,305.1541,0.89437,Y3_spores.mzML,314.0
13067,601.3611,4.626832,A2C_liq.mzML,1754.0
13069,230.1131,3.162,B2_liq.mzML,1281.0
13072,1327.6746,3.963,W3_liq.mzML,1511.0
13075,353.2693,7.642698,V3_spores.mzML,2807.0
13080,407.1942,1.617,W3_spores.mzML,627.0
13081,530.3116,1.4605,E1C_liq.mzML,532.0
13082,474.3811,7.685077,W3_spores.mzML,2817.0
13084,705.3248,1.929508,Y1C_liq.mzML,769.0
13088,343.1606,0.905805,Y3_spores.mzML,376.0
13102,895.6324,8.659074,X1C_liq.mzML,3278.0
13111,574.3603,7.351079,X3_spores.mzML,2701.0
13113,366.3718,9.277867,A1_liq.mzML,3515.0
13123,500.6966,1.290324,Y2_liq.mzML,554.0
13128,394.3065,6.793168,D4_spore.mzML,2488.0
13135,279.2318,7.937921,W3_spores.mzML,2921.0
13138,691.3529,1.619,B3_spore.mzML,625.0
13142,656.3604,2.70098,Y3_spores.mzML,1041.0
13155,565.4308,8.441105,V2_liq.mzML,3133.0
13171,618.3879,3.73461,D1C_liq.mzML,1443.0
13174,357.2992,7.571457,Z3_spores.mzML,2826.0
13175,286.2381,7.375399,Y3_spores.mzML,2746.0
13185,358.2719,5.711,IS_7.mzML,2196.0
13194,277.6406,1.735,C2_spore.mzML,653.0
13195,604.4439,7.691948,B2C_liq.mzML,2903.0
13196,474.2585,0.657599,W2_spores.mzML,320.0
13210,561.2855,1.394118,E2_liq.mzML,612.0
13212,1083.5789,3.695548,B2C_liq.mzML,1443.0
13220,977.4687,3.9385,X3_liq.mzML,1505.0
13237,173.0797,1.009031,C3_spore.mzML,376.0
13247,684.312,1.627876,C3_spore.mzML,617.0
13270,765.3863,3.496286,A1C_liq.mzML,1363.0
13274,1506.7964,8.107122,Y3_spores.mzML,3006.0
13279,437.2675,7.721583,D4_spore.mzML,2829.0
13281,411.7202,2.361969,Y3_liq.mzML,900.0
13287,755.5582,10.657958,X2_spores.mzML,3868.0
13296,404.318,8.242591,D4_spore.mzML,2985.0
13301,386.2737,8.447,C3C_liq.mzML,3163.0
13316,364.154,1.034403,Z3_spores.mzML,416.0
13324,658.3752,4.456779,C1C_liq.mzML,1711.0
13326,607.3436,7.711752,W3_spores.mzML,2844.0
13327,292.1763,0.987293,Y3_spores.mzML,409.0
13334,527.2646,0.960275,A3_spore.mzML,361.0
13337,658.2227,8.512,X2C_liq.mzML,3249.0
13342,736.6042,10.644101,Y3_liq.mzML,3919.0
13347,323.196,7.931674,X3_spores.mzML,2893.0
13352,526.2886,7.024509,Y3_spores.mzML,2627.0
13356,587.3253,4.197,W2C_liq.mzML,1604.0
13357,243.1701,1.722484,C1C_liq.mzML,741.0
13370,831.4945,10.707354,IS_10.mzML,3987.0
13371,284.6389,1.48457,Y2_spores.mzML,658.0
13395,795.9507,4.296985,C1C_liq.mzML,1658.0
13400,598.4898,8.324665,V3_spores.mzML,3040.0
13402,400.2398,1.753246,Y1C_liq.mzML,722.0
13403,321.1805,7.698664,W3_spores.mzML,2848.0
13408,1044.5784,4.455376,A3_liq.mzML,1700.0
13413,695.3452,2.056,Z2_spores.mzML,792.0
13414,554.2136,4.153261,A2_liq.mzML,1594.0
13423,489.2756,2.6575,F3_spore.mzML,982.0
13430,684.3037,1.614,B3_spore.mzML,624.0
13436,357.1488,0.787543,W3_liq.mzML,308.0
13443,596.8067,1.49377,D4_spore.mzML,564.0
13449,403.7231,2.850791,W2C_liq.mzML,1104.0
13450,735.5165,10.652583,Z2_spores.mzML,3925.0
13460,782.5961,8.371239,B2_spore.mzML,3059.0
13463,879.5243,4.567593,E3_liq.mzML,1741.0
13464,491.2885,2.402469,D3_spore.mzML,911.0
13469,878.4653,3.601,Y2C_liq.mzML,1340.0
13473,647.3279,3.865533,A3C_liq.mzML,1435.0
13487,328.1174,4.621126,QC_1.mzML,1744.0
13510,1088.5461,4.171,A1C_liq.mzML,1603.0
13518,469.2345,7.246357,A3_spore.mzML,2674.0
13532,814.9503,4.445328,B3_liq.mzML,1677.0
13535,707.3405,1.364741,Z3_spores.mzML,550.0
13538,560.2335,6.55037,C3_spore.mzML,2435.0
13548,669.891,4.427679,A1C_liq.mzML,1685.0
13552,674.8302,1.45,X3C_liq.mzML,548.0
13555,314.9955,2.258508,QC_5.mzML,890.0
13560,493.2459,4.30786,Y3_liq.mzML,1632.0
13578,287.8892,10.893988,B3_spore.mzML,3985.0
13579,1328.731,8.011132,B2_spore.mzML,2948.0
13592,454.3748,7.3631,IS_7.mzML,2790.0
13595,673.3748,2.661113,A1_liq.mzML,987.0
13597,731.3359,2.200645,W3_spores.mzML,838.0
13599,376.3178,8.175301,IS_7.mzML,3074.0
13602,334.1986,0.793622,E3_spore.mzML,336.0
13605,326.2152,5.968517,Y3_spores.mzML,2239.0
13607,607.3355,4.206,A1C_liq.mzML,1607.0
13611,411.0954,7.466471,IS_1.mzML,2873.0
13624,305.269,7.480842,IS_7.mzML,2824.0
13631,634.3539,3.017646,C1_liq.mzML,1119.0
13635,230.1762,5.573692,E3_liq.mzML,2135.0
13641,469.3312,7.72913,V3_spores.mzML,2841.0
13655,644.3431,3.772075,W2C_liq.mzML,1448.0
13679,1052.5457,4.006865,C1C_liq.mzML,1553.0
13687,565.4313,8.406195,X3C_liq.mzML,3152.0
13698,757.3793,4.680359,C3_liq.mzML,1760.0
13715,228.6632,1.629,F3C_liq.mzML,537.0
13718,302.6627,1.818,Y2C_liq.mzML,704.0
13726,608.3742,1.901,Y3_spores.mzML,744.0
13727,1105.5699,4.165,D1C_liq.mzML,1551.0
13732,307.1515,4.647328,A3_spore.mzML,1711.0
13746,578.5151,8.233445,Z2_spores.mzML,3007.0
13754,336.1665,2.672212,D4_spore.mzML,986.0
13757,858.4973,3.93,E3C_liq.mzML,1508.0
13759,680.35,1.259274,F3_liq.mzML,462.0
13768,572.2758,1.376497,W3_liq.mzML,470.0
13775,544.3481,5.248505,Z3_spores.mzML,1983.0
13781,739.6235,8.45065,W1_liq.mzML,3112.0
13787,454.2918,7.078095,E3_spore.mzML,2599.0
13788,711.2195,6.048996,QC_11.mzML,2235.0
13795,621.2196,5.456508,QC_9.mzML,2049.0
13811,1003.5302,3.819,B3_liq.mzML,1458.0
13837,458.0158,2.810131,Z3_spores.mzML,1048.0
13857,385.2139,1.736937,X3_spores.mzML,677.0
13865,638.8407,4.100661,B3C_liq.mzML,1568.0
13868,786.5353,8.730942,X2_liq.mzML,3247.0
13873,706.5645,10.648895,Y2_spores.mzML,4017.0
13892,833.4155,2.295921,Y3_spores.mzML,894.0
13899,224.0384,1.778,Z3_spores.mzML,690.0
13900,690.3798,3.637257,E3C_liq.mzML,1393.0
13904,394.2504,3.52,E2_liq.mzML,1332.0
13920,395.2702,4.669157,QC_4.mzML,1790.0
13936,411.7284,1.77,C1C_liq.mzML,672.0
13944,1346.7607,10.689912,C3_spore.mzML,3988.0
13947,446.2628,1.71,X2_spores.mzML,654.0
13955,619.2422,4.178381,C1C_liq.mzML,1673.0
13966,806.5887,8.102897,Y3_liq.mzML,2991.0
13971,353.2687,7.483734,E3_spore.mzML,2725.0
13986,734.4785,8.006617,D4C_liq.mzML,2975.0
13993,200.2016,6.895835,IS_7.mzML,2597.0
14005,652.6605,3.147,X2_liq.mzML,1186.0
14016,344.2299,1.843633,A1_spore.mzML,718.0
14020,530.3326,4.522494,Y3_spores.mzML,1702.0
14021,766.5366,7.462386,E2_liq.mzML,2816.0
14023,429.2407,7.285835,B3_spore.mzML,2667.0
14031,328.118,4.431,IS_7.mzML,1759.0
14034,378.1278,0.781754,E3_spore.mzML,337.0
14039,267.1869,1.410119,Z2_spores.mzML,567.0
14077,519.2281,2.897339,Y3_spores.mzML,1107.0
14081,606.301,4.705875,QC_8.mzML,1753.0
14105,820.431,3.131,V2C_liq.mzML,1237.0
14107,680.6853,3.867,A2_liq.mzML,1490.0
14121,525.312,2.250065,C2_spore.mzML,815.0
14132,226.1799,1.067,IS_7.mzML,428.0
14133,559.3285,3.328,X2C_liq.mzML,1262.0
14137,771.7584,3.602662,D1_liq.mzML,1413.0
14141,766.3956,4.38403,Y3_liq.mzML,1649.0
14144,942.5099,3.968,A3C_liq.mzML,1479.0
14147,770.6695,8.449388,A3_spore.mzML,3042.0
14149,362.3257,5.650695,V1_liq.mzML,2111.0
14155,372.3474,7.3,IS_7.mzML,2762.0
14158,526.2263,1.16,V2C_liq.mzML,371.0
14165,355.2642,5.54512,A1_liq.mzML,2099.0
14177,634.3555,2.930353,F1C_liq.mzML,1112.0
14184,476.2332,0.712783,D3_liq.mzML,311.0
14202,411.5583,2.167224,A3_liq.mzML,872.0
14205,261.2423,7.508208,IS_7.mzML,2830.0
14209,441.2083,2.890316,B1C_liq.mzML,1189.0
14226,314.1144,4.566703,Y3_liq.mzML,1715.0
14233,1101.6427,5.015062,E1_liq.mzML,1879.0
14238,418.2754,8.224144,Y2_spores.mzML,3071.0
14239,449.2248,1.322,Z3C_liq.mzML,464.0
14242,674.4859,8.512656,W3_liq.mzML,3186.0
14246,1036.5527,4.477944,Z1C_liq.mzML,1718.0
14253,162.1123,3.709016,QC_8.mzML,1387.0
14255,282.2792,6.594225,A1_spore.mzML,2501.0
14261,317.1835,1.865,A3_spore.mzML,756.0
14267,616.2924,1.402,Z2_spores.mzML,559.0
14279,323.1964,7.969048,A2_spore.mzML,2916.0
14290,293.0926,3.844,Y3_liq.mzML,1473.0
14291,611.3743,7.941286,W3_spores.mzML,2925.0
14298,371.1816,7.703,IS_7.mzML,2905.0
14301,244.1374,1.85795,B2_spore.mzML,683.0
14312,230.2472,10.644401,E3_liq.mzML,3905.0
14317,445.2528,1.459057,C2_liq.mzML,615.0
14343,372.1363,7.148,IS_7.mzML,2709.0
14345,810.5667,9.321803,B1_spore.mzML,3456.0
14354,249.1851,5.662919,B3_spore.mzML,2099.0
14355,736.5307,10.648487,E1_spore.mzML,4140.0
14364,341.3045,8.451283,B1_spore.mzML,3139.0
14370,213.113,2.099713,QC_7.mzML,824.0
14373,714.9151,4.374177,D4C_liq.mzML,1671.0
14381,529.793,3.663882,A2C_liq.mzML,1368.0
14390,371.2288,2.085626,D4_spore.mzML,783.0
14392,450.2639,6.135574,A2_spore.mzML,2270.0
14398,962.5118,3.836579,Y3C_liq.mzML,1491.0
14400,725.4619,8.09628,D1_liq.mzML,3088.0
14403,510.2936,4.035583,Y3_liq.mzML,1533.0
14411,663.4506,10.4773,Y2C_liq.mzML,3974.0
14421,345.6635,1.3875,X2C_liq.mzML,508.0
14426,425.2206,2.230556,E3_spore.mzML,831.0
14430,283.2239,7.492576,IS_7.mzML,2829.0
14437,456.2447,1.849635,Z3_spores.mzML,697.0
14446,604.2743,2.0522,Z2_spores.mzML,793.0
14448,454.2916,7.660332,C3_spore.mzML,2816.0
14459,437.1937,6.38685,Z3_liq.mzML,2405.0
14471,651.3724,8.125,Z3C_liq.mzML,3030.0
14472,802.4545,2.068,C3_spore.mzML,779.0
14478,229.1659,2.603,F3C_liq.mzML,1006.0
14481,619.3521,3.371,E1C_liq.mzML,1295.0
14482,356.1042,6.451002,Y1C_liq.mzML,2426.0
14492,313.6976,1.848,F2C_liq.mzML,758.0
14515,835.5345,10.713344,X3C_liq.mzML,4063.0
14524,282.0766,0.554353,QC_0.mzML,251.0
14527,440.2042,2.295761,A3_spore.mzML,862.0
14529,308.2956,8.198931,D4_spore.mzML,2971.0
14534,726.5559,10.638768,V3_spores.mzML,3971.0
14536,1147.1025,3.75725,X3_liq.mzML,1440.0
14541,614.8795,4.520255,A1_liq.mzML,1717.0
14547,1185.6334,3.772148,X1_liq.mzML,1438.0
14551,438.2711,2.65994,B3_spore.mzML,991.0
14554,628.4767,8.00897,C3_spore.mzML,2937.0
14560,280.1769,1.793,W2_spores.mzML,703.0
14565,281.1554,0.944274,Z2_spores.mzML,373.0
14566,451.2719,2.954,W2C_liq.mzML,1106.0
14604,357.2508,0.59225,E3_spore.mzML,267.0
14613,774.3343,0.901376,F1_liq.mzML,390.0
14616,167.9989,10.867288,D3_liq.mzML,4025.0
14632,1147.0845,3.809,W3_liq.mzML,1449.0
14635,869.3915,1.039981,F1C_liq.mzML,372.0
14637,502.2714,1.403,Z1_liq.mzML,559.0
14655,1089.53,4.161682,C3_liq.mzML,1533.0
14657,411.8904,2.153922,X2_liq.mzML,875.0
14666,712.3898,2.5635,B2_spore.mzML,959.0
14676,284.296,6.408465,E3_spore.mzML,2354.0
14680,352.3202,7.049691,A2_spore.mzML,2595.0
14682,334.04,2.258108,QC_0.mzML,892.0
14692,543.765,1.5645,Y2_spores.mzML,606.0
14697,679.3717,4.105833,D1C_liq.mzML,1564.0
14698,928.0062,4.358967,A1_liq.mzML,1665.0
14704,359.2345,6.908816,A1C_liq.mzML,2626.0
14707,279.0947,5.257779,QC_2.mzML,1962.0
14708,1368.7502,10.677613,C3_spore.mzML,3989.0
14709,913.5567,4.529089,A2_liq.mzML,1732.0
14715,847.4326,4.22,A3C_liq.mzML,1613.0
14734,1221.6953,4.094241,V1_liq.mzML,1532.0
14739,431.1712,1.055683,Z3_spores.mzML,429.0
14742,1115.1079,4.561644,Z1C_liq.mzML,1716.0
14747,460.2594,2.978516,C3_liq.mzML,1165.0
14753,420.1677,5.01421,Y2C_liq.mzML,1883.0
14761,415.213,6.238,IS_7.mzML,2391.0
14772,470.9263,2.208148,E3_spore.mzML,815.0
14780,334.04,2.24857,QC_3.mzML,904.0
14784,300.2894,7.817723,E3_spore.mzML,2841.0
14785,541.3016,1.50383,B2_spore.mzML,579.0
14791,641.3273,4.222,Y2C_liq.mzML,1616.0
14794,341.2445,5.965855,X3C_liq.mzML,2244.0
14801,995.5101,6.540256,F3_spore.mzML,2436.0
14806,781.3459,2.492506,Y2C_liq.mzML,899.0
14815,557.3266,3.049539,X3_liq.mzML,1173.0
14817,415.2574,1.855,Z2_spores.mzML,725.0
14822,383.7447,1.865,E3_liq.mzML,764.0
14829,446.2595,1.8005,B3C_liq.mzML,674.0
14833,500.3255,4.144,C3C_liq.mzML,1573.0
14841,1027.5328,2.681,Y3_spores.mzML,1042.0
14849,258.2073,6.000724,A3_liq.mzML,2247.0
14868,665.3279,1.078829,W3_spores.mzML,417.0
14882,546.2928,3.091704,Y2_spores.mzML,1161.0
14885,753.5298,8.545697,W2_spores.mzML,3169.0
14894,549.2661,6.646178,X3_spores.mzML,2448.0
14896,450.0634,6.965447,F3_spore.mzML,2584.0
14899,848.9927,4.68344,D3C_liq.mzML,1770.0
14902,234.0975,10.674908,X1C_liq.mzML,4107.0
14904,606.2585,3.304,A3_spore.mzML,1209.0
14916,314.0799,3.710475,QC_7.mzML,1421.0
14935,726.5486,10.642402,Z2_spores.mzML,3901.0
14952,581.3307,2.014456,Y3_spores.mzML,801.0
14957,431.3826,8.268691,IS_3.mzML,3165.0
14960,592.8436,4.12,A2C_liq.mzML,1584.0
14961,263.0853,1.126802,C1C_liq.mzML,524.0
14967,743.3948,2.227907,C2_liq.mzML,889.0
14969,773.4165,3.817812,C2_liq.mzML,1415.0
14986,582.326,1.060072,V3C_liq.mzML,362.0
14998,431.7097,2.2375,B2_liq.mzML,923.0
15003,690.3878,3.66458,D1C_liq.mzML,1439.0
15006,312.157,2.225013,B3_spore.mzML,847.0
15021,404.0715,2.099114,QC_5.mzML,825.0
15022,1084.5623,3.819,X2C_liq.mzML,1419.0
15026,1112.0897,4.543,C1C_liq.mzML,1764.0
15036,606.4005,6.571349,V3_spores.mzML,2426.0
15037,512.7476,3.912411,C3_liq.mzML,1440.0
15038,970.533,3.000669,C1C_liq.mzML,1162.0
15039,626.8491,3.64,Y2C_liq.mzML,1373.0
15048,437.3373,7.869419,Y3_spores.mzML,2911.0
15058,479.2843,6.663928,C2_spore.mzML,2506.0
15065,768.4141,4.993766,IS_8.mzML,1860.0
15068,163.0756,7.382472,QC_8.mzML,2734.0
15070,387.7137,1.57,C3C_liq.mzML,648.0
15074,562.1741,1.656,D3_spore.mzML,643.0
15077,345.7218,3.825,A1C_liq.mzML,1444.0
15084,610.3596,3.604,Z2_liq.mzML,1453.0
15101,443.5614,1.515166,V1_liq.mzML,616.0
15103,257.1754,7.473925,V2_liq.mzML,2789.0
15106,458.3504,7.76208,B2C_liq.mzML,2907.0
15111,300.1906,2.1135,W3_spores.mzML,742.0
15116,365.2705,7.311754,B3_spore.mzML,2683.0
15119,638.847,4.069432,A1_liq.mzML,1563.0
15149,523.2167,1.430284,B3_spore.mzML,565.0
15150,680.8825,3.894452,X2C_liq.mzML,1454.0
15176,408.3109,8.281808,V3_liq.mzML,3063.0
15186,318.2066,6.65193,A1_liq.mzML,2527.0
15192,383.2029,7.5,IS_7.mzML,2837.0
15196,626.8745,3.5285,B2C_liq.mzML,1358.0
15217,689.3741,3.622178,X1C_liq.mzML,1440.0
15221,289.049,1.047721,W3_spores.mzML,386.0
15222,356.3525,7.539414,C2_spore.mzML,2750.0
15223,557.2951,1.896311,W3_spores.mzML,727.0
15239,152.5325,1.968,Y2_spores.mzML,781.0
15241,648.4666,7.684526,B3_liq.mzML,2858.0
15248,771.393,2.303422,Y3_liq.mzML,874.0
15268,651.3734,8.098023,W2C_liq.mzML,3041.0
15286,815.4275,3.018725,W3C_liq.mzML,1205.0
15299,425.2747,2.292674,Y2_spores.mzML,893.0
15307,700.8821,4.729423,E3_liq.mzML,1784.0
15325,511.2575,4.448909,F2_liq.mzML,1697.0
15332,301.1599,1.864,F3_liq.mzML,729.0
15338,402.2405,2.954583,A1_liq.mzML,1128.0
15343,943.4952,3.957,V2_liq.mzML,1484.0
15344,378.1696,1.864,D3C_liq.mzML,763.0
15351,282.9099,8.280256,F2_liq.mzML,3066.0
15352,725.4695,8.092,D4C_liq.mzML,3060.0
15354,778.9136,4.551499,C3_liq.mzML,1714.0
15357,545.4036,8.096,IS_7.mzML,3045.0
15358,250.1074,1.643,Z3_spores.mzML,642.0
15362,244.1914,8.334348,IS_7.mzML,3124.0
15365,920.4665,10.656,W1_liq.mzML,3988.0
15370,215.1039,0.5855,V2C_liq.mzML,251.0
15374,987.6919,6.712711,V3_spores.mzML,2483.0
15383,760.5046,8.098743,C1C_liq.mzML,3062.0
15389,563.2604,1.289499,A3_liq.mzML,522.0
15413,804.3984,2.626,Z3_liq.mzML,1041.0
15418,213.1228,3.5545,B3_spore.mzML,1298.0
15428,742.5584,8.099699,E3_liq.mzML,3023.0
15429,512.3784,8.06751,Y3C_liq.mzML,3029.0
15432,905.4865,3.867,W2_liq.mzML,1521.0
15442,760.4995,10.673223,B2C_liq.mzML,3940.0
15450,229.1662,2.446,W3C_liq.mzML,951.0
15466,553.2987,7.291499,Z2_spores.mzML,2678.0
15470,301.274,7.580257,A1_liq.mzML,2884.0
15487,258.1819,1.348145,E3_spore.mzML,523.0
15488,325.2701,8.158861,IS_7.mzML,3065.0
15491,351.2903,8.385937,X3_spores.mzML,3052.0
15497,791.4431,4.083925,Y3_liq.mzML,1549.0
15517,411.2616,2.718,E3_spore.mzML,997.0
15522,519.2947,0.99815,X3C_liq.mzML,384.0
15524,1074.5483,4.302016,Y3_liq.mzML,1627.0
15532,530.3329,4.642996,Y3_spores.mzML,1751.0
15534,299.0862,2.592636,Y3_spores.mzML,1009.0
15538,650.4597,8.0294,D4_spore.mzML,2913.0
15541,1018.529,3.816122,B2C_liq.mzML,1454.0
15556,367.138,0.799,D3C_liq.mzML,325.0
15558,462.2323,2.25051,C3_spore.mzML,846.0
15568,522.2654,2.095,C3_spore.mzML,787.0
15570,501.2227,0.737,D3C_liq.mzML,260.0
15573,576.7966,3.000769,D1_liq.mzML,1124.0
15580,359.1711,2.185676,E3_spore.mzML,814.0
15589,838.8083,4.441402,A1_liq.mzML,1729.0
15606,732.4702,8.532,Z3C_liq.mzML,3195.0
15617,518.2249,6.149657,V3_spores.mzML,2279.0
15621,975.6288,3.765723,X1C_liq.mzML,1457.0
15627,211.0873,4.885398,A2C_liq.mzML,1845.0
15658,195.0315,10.909971,QC_8.mzML,4068.0
15672,675.3353,1.446923,X2C_liq.mzML,565.0
15682,384.3477,8.371141,IS_7.mzML,3140.0
15683,748.5917,8.410388,D4_liq.mzML,3144.0
15687,254.249,10.638174,QC_6.mzML,4085.0
15689,708.7072,4.389352,A1_liq.mzML,1690.0
15692,272.2957,6.595022,C3_spore.mzML,2455.0
15726,537.3048,1.984,B2_spore.mzML,751.0
15740,627.876,3.430407,A3C_liq.mzML,1344.0
15744,838.452,3.544,Z1_liq.mzML,1321.0
15755,325.9385,10.780896,D1_spore.mzML,4016.0
15771,614.3314,6.67681,V3_spores.mzML,2468.0
15787,658.2229,8.448974,V1_liq.mzML,3176.0
15822,711.3614,4.011,X2_liq.mzML,1550.0
15823,340.149,0.941189,Z1_liq.mzML,413.0
15830,363.0658,2.049,B2_spore.mzML,780.0
15843,397.2439,1.565056,E3_spore.mzML,599.0
15848,839.4394,4.371153,B3_liq.mzML,1649.0
15858,440.3585,7.160137,IS_7.mzML,2718.0
15859,395.3335,7.842927,Z3_spores.mzML,2918.0
15860,635.348,4.461878,V2_liq.mzML,1688.0
15870,437.2107,1.441097,C3_spore.mzML,569.0
15871,397.2449,2.5385,D3_spore.mzML,967.0
15874,779.3688,0.751419,Y3C_liq.mzML,394.0
15876,1328.7079,7.912708,F3_spore.mzML,2929.0
15879,652.325,2.970288,V3C_liq.mzML,1168.0
15893,529.3044,7.071756,E3_spore.mzML,2563.0
15906,448.2003,1.689735,W3_liq.mzML,674.0
15911,886.0006,4.397664,A1C_liq.mzML,1681.0
15922,290.1871,4.723351,Z1_liq.mzML,1756.0
15931,707.2872,7.379152,IS_7.mzML,2794.0
15959,592.2828,3.29,E3_spore.mzML,1191.0
15965,242.2111,5.965933,QC_0.mzML,2273.0
15968,350.1002,4.620271,QC_3.mzML,1791.0
15993,301.1999,1.845882,Z2_spores.mzML,723.0
15994,259.1444,0.628,D4_spore.mzML,276.0
16008,249.0619,1.053032,V3_spores.mzML,414.0
16028,765.377,3.483778,V2_liq.mzML,1362.0
16051,544.3181,1.390205,F1_liq.mzML,495.0
16072,697.3191,0.746,Y1_liq.mzML,353.0
16075,617.3282,1.514479,X3_liq.mzML,535.0
16076,520.2675,6.576579,V1_liq.mzML,2473.0
16087,842.9747,4.65632,D3_liq.mzML,1764.0
16112,742.6354,8.441083,X1_liq.mzML,3173.0
16122,583.2222,1.072269,D4_spore.mzML,364.0
16134,626.3311,4.724281,Y2C_liq.mzML,1786.0
16137,653.4125,2.937,B1_liq.mzML,1099.0
16181,531.4067,7.585475,F2_liq.mzML,2843.0
16186,757.3714,4.690795,D1_liq.mzML,1778.0
16192,444.2447,1.786,X3_spores.mzML,685.0
16197,211.0042,10.891988,QC_0.mzML,4182.0
16201,744.5878,8.447247,V1C_liq.mzML,3156.0
16205,777.924,4.277439,F1C_liq.mzML,1629.0
16240,362.3256,6.489013,D4_liq.mzML,2440.0
16245,326.8781,10.683903,X1_liq.mzML,4079.0
16254,765.4887,3.637319,B1C_liq.mzML,1364.0
16273,749.4201,3.9394,F2_liq.mzML,1516.0
16275,942.6444,9.110514,V2_spores.mzML,3327.0
16286,653.3226,3.017795,E2C_liq.mzML,1183.0
16290,296.0919,1.618091,QC_0.mzML,654.0
16294,325.237,7.048694,B2_spore.mzML,2614.0
16297,768.4229,5.005715,IS_6.mzML,1896.0
16302,635.8816,3.475655,Y2C_liq.mzML,1290.0
16311,346.1274,3.724033,QC_10.mzML,1413.0
16315,586.327,4.028,Y3_liq.mzML,1534.0
16316,228.2327,7.562005,IS_7.mzML,2852.0
16319,507.7614,1.675477,C2C_liq.mzML,724.0
16332,341.1313,1.307501,E3_spore.mzML,488.0
16392,477.2504,8.096889,IS_7.mzML,3046.0
16395,374.5304,1.7065,A1_liq.mzML,635.0
16409,998.4716,2.714,W3_liq.mzML,1013.0
16415,546.2789,1.691,B3_liq.mzML,691.0
16421,1112.0945,4.572856,D1C_liq.mzML,1731.0
16422,335.1306,7.719195,W3_spores.mzML,2845.0
16427,337.2736,7.561897,D4_spore.mzML,2766.0
16437,790.5356,10.652435,A1_liq.mzML,4079.0
16438,249.1494,4.649281,D4_spore.mzML,1706.0
16444,378.216,1.666176,B3_spore.mzML,648.0
16450,392.1836,1.1848,F3_liq.mzML,513.0
16454,838.6013,9.191843,Z3_spores.mzML,3408.0
16459,431.2516,2.293,Y3_spores.mzML,898.0
16462,680.4075,3.517,C1C_liq.mzML,1349.0
16494,401.2414,1.481514,X2C_liq.mzML,500.0
16495,308.1855,4.972637,A1_liq.mzML,1884.0
16507,411.2338,2.332,Z3C_liq.mzML,869.0
16524,1106.5477,4.15,D3C_liq.mzML,1547.0
16535,280.6693,1.185005,C3C_liq.mzML,539.0
16541,300.6475,1.436363,F3_spore.mzML,551.0
16545,540.3107,1.797,Y2_spores.mzML,713.0
16547,475.122,0.916328,Z2_spores.mzML,445.0
16550,603.3376,4.413551,X3C_liq.mzML,1685.0
16559,486.348,7.574979,Z3_spores.mzML,2815.0
16563,577.3094,2.937,D4C_liq.mzML,1124.0
16564,373.1735,0.783581,Y3_spores.mzML,394.0
16569,392.2173,2.432,W3_spores.mzML,922.0
16584,764.397,1.991324,Y2_spores.mzML,778.0
16587,646.3575,3.002354,F2_liq.mzML,1188.0
16615,444.3334,6.281601,D4_spore.mzML,2318.0
16617,287.161,0.759185,Y1_liq.mzML,313.0
16619,296.1356,0.977,Z2_spores.mzML,396.0
16640,451.7992,3.970883,E3C_liq.mzML,1544.0
16668,228.0074,10.797688,X3_spores.mzML,3978.0
16678,291.1552,1.749286,Z3_spores.mzML,682.0
16687,336.3273,7.825542,V3_liq.mzML,2937.0
16707,524.4676,9.066968,E3_spore.mzML,3294.0
16710,516.3885,7.72587,F3_spore.mzML,2842.0
16719,260.2597,5.055804,V1_liq.mzML,1897.0
16742,340.186,2.214,Y3_spores.mzML,865.0
16746,331.2007,6.002239,A3_liq.mzML,2248.0
16772,469.1915,1.255953,E3_spore.mzML,496.0
16773,762.3885,1.329209,E3_spore.mzML,522.0
16778,977.9901,3.321,Z1_liq.mzML,1293.0
16781,474.7294,2.539,Z3_liq.mzML,958.0
16783,288.1817,0.968449,Z2_spores.mzML,378.0
16786,305.1933,0.651,B3_spore.mzML,279.0
16789,514.2866,0.966989,IS_7.mzML,416.0
16797,705.3359,1.897,Y3C_liq.mzML,765.0
16800,449.2051,1.66,A3_spore.mzML,645.0
16819,784.4956,8.386108,Y3_liq.mzML,3088.0
16821,183.1493,3.257091,W2_spores.mzML,1214.0
16823,522.9558,2.088,E3_spore.mzML,781.0
16825,1043.585,4.805956,Y1_liq.mzML,1807.0
16828,740.6326,10.650885,Y1C_liq.mzML,4036.0
16835,203.9338,10.684424,B3_spore.mzML,3918.0
16844,991.5452,4.515921,C1C_liq.mzML,1703.0
16858,597.8105,3.898,X3C_liq.mzML,1457.0
16863,746.5952,8.413725,B3_liq.mzML,3115.0
16883,341.3039,8.403746,X3C_liq.mzML,3153.0
16888,199.1233,4.721727,F2C_liq.mzML,1796.0
16893,514.3254,4.164228,A1_spore.mzML,1581.0
16905,588.3458,7.141089,Y2_spores.mzML,2693.0
16909,316.2851,5.971088,C3_spore.mzML,2212.0
16913,637.4266,3.605,Y3_liq.mzML,1377.0
16938,484.4713,8.234228,A2_spore.mzML,3023.0
16947,557.2955,5.290184,V3_liq.mzML,1986.0
16951,576.3109,2.939,C3_liq.mzML,1153.0
16955,706.4066,3.958549,A2C_liq.mzML,1488.0
16956,717.4303,4.578357,D3C_liq.mzML,1741.0
16966,682.5662,8.240184,Z3C_liq.mzML,3039.0
16967,301.2146,7.936459,Z3_spores.mzML,2955.0
16977,394.2102,2.119,B3_spore.mzML,804.0
17013,575.2202,0.920549,D3_liq.mzML,430.0
17016,485.7578,1.469,W3_liq.mzML,541.0
17018,326.8557,2.6275,E3_spore.mzML,956.0
17019,206.0271,2.293203,Z3_spores.mzML,877.0
17022,944.4846,4.006331,W1C_liq.mzML,1480.0
17044,406.7305,2.21412,E3_liq.mzML,909.0
17045,745.0871,8.44439,Y1C_liq.mzML,3107.0
17049,378.3023,7.83158,Z3_spores.mzML,2911.0
17060,419.2579,4.068814,E3C_liq.mzML,1553.0
17067,670.3965,4.426713,C2C_liq.mzML,1686.0
17068,711.8652,4.017177,F2C_liq.mzML,1558.0
17071,466.3176,7.815,IS_7.mzML,2942.0
17076,212.2011,10.624888,X1C_liq.mzML,4102.0
17077,347.0912,2.053253,A2_spore.mzML,762.0
17083,373.6899,2.523,X3C_liq.mzML,998.0
17094,245.0932,1.23207,A3_liq.mzML,493.0
17111,379.2601,8.097098,E3C_liq.mzML,3035.0
17116,521.3096,7.587496,A3_liq.mzML,2841.0
17129,415.2133,6.501325,C2C_liq.mzML,2451.0
17133,1080.426,1.155706,C1C_liq.mzML,495.0
17138,495.2938,2.846581,A2C_liq.mzML,1123.0
17142,490.252,1.4265,D4C_liq.mzML,612.0
17156,652.6606,3.212,X2C_liq.mzML,1197.0
17166,341.2656,7.694853,E3_liq.mzML,2879.0
17169,525.8152,3.896795,Z3C_liq.mzML,1511.0
17182,425.1996,0.627539,W2_spores.mzML,284.0
17185,701.3835,4.728582,V1C_liq.mzML,1774.0
17191,376.3418,8.408075,C1_liq.mzML,3180.0
17208,765.4115,3.392915,D1_liq.mzML,1368.0
17221,246.2436,10.638467,Z2_liq.mzML,4065.0
17224,765.6008,8.440632,A1C_liq.mzML,3151.0
17229,358.745,8.024864,A1_liq.mzML,3034.0
17236,501.7867,2.145331,E3_spore.mzML,806.0
17264,586.4345,7.727068,D4_spore.mzML,2825.0
17294,639.3452,4.096094,A2C_liq.mzML,1566.0
17321,302.1013,4.65957,IS_5.mzML,1786.0
17325,269.2471,7.426599,IS_7.mzML,2801.0
17331,529.7657,3.112529,X2_liq.mzML,1166.0
17340,304.3003,6.915402,IS_7.mzML,2627.0
17353,784.4988,8.369095,Y3_liq.mzML,3056.0
17358,287.2329,4.244,Y3_liq.mzML,1609.0
17385,524.7725,1.299392,W3_liq.mzML,479.0
17398,584.3182,6.700733,V3_spores.mzML,2484.0
17401,444.1786,2.390876,Y3_spores.mzML,935.0
17431,801.4092,3.799,Y2_liq.mzML,1488.0
17440,560.2268,6.558971,A2_spore.mzML,2416.0
17442,475.7365,1.296,Y2_spores.mzML,525.0
17444,711.3979,4.535915,A1_liq.mzML,1735.0
17450,487.2897,1.468,A2C_liq.mzML,589.0
17456,649.3658,4.368058,W2_liq.mzML,1661.0
17464,229.1659,3.337,F2C_liq.mzML,1279.0
17494,307.1037,2.054327,A2_spore.mzML,755.0
17506,649.3375,0.692,IS_7.mzML,285.0
17507,942.5227,3.961,C2_liq.mzML,1488.0
17513,383.7515,1.969873,A1C_liq.mzML,752.0
17537,1084.6162,5.00283,B3C_liq.mzML,1890.0
17561,684.3116,1.785,C3_spore.mzML,683.0
17572,647.3322,3.493959,C2_liq.mzML,1446.0
17575,456.2357,3.907,Y2C_liq.mzML,1488.0
17582,516.3893,7.762004,Z3_spores.mzML,2905.0
17600,664.0272,1.051,IS_7.mzML,436.0
17606,898.0286,4.834728,A2C_liq.mzML,1823.0
17625,255.1202,0.775,C3_liq.mzML,345.0
17629,370.2002,7.171,IS_7.mzML,2728.0
17630,531.3182,7.286016,Z2_spores.mzML,2679.0
17653,724.9177,4.417303,D4_liq.mzML,1636.0
17659,372.3474,7.398,IS_7.mzML,2798.0
17663,728.3763,4.314891,E3_liq.mzML,1647.0
17679,466.2497,2.14833,E3_spore.mzML,807.0
17686,485.3065,0.891629,F3_liq.mzML,428.0
17687,458.0159,2.434,Z3_spores.mzML,928.0
17700,574.3209,1.120051,W2_liq.mzML,573.0
17702,371.1003,7.468578,IS_8.mzML,2805.0
17703,740.6332,8.34144,A2_spore.mzML,3014.0
17710,294.1854,4.44435,QC_9.mzML,1690.0
17719,522.2595,6.819369,A3_spore.mzML,2517.0
17724,228.0072,10.867124,QC_5.mzML,4109.0
17734,368.1616,2.357123,Z2_spores.mzML,913.0
17735,862.4302,8.279335,A1C_liq.mzML,3123.0
17766,472.2427,6.208926,A3_spore.mzML,2301.0
17792,765.4212,3.437442,E1C_liq.mzML,1355.0
17807,374.1974,1.699071,B3C_liq.mzML,647.0
17820,577.2306,2.181758,V2C_liq.mzML,893.0
17835,354.3359,8.193874,IS_7.mzML,3075.0
17838,580.2474,2.42975,Y3_spores.mzML,951.0
17850,778.4284,4.268012,E2C_liq.mzML,1628.0
17875,680.0198,3.874,A2C_liq.mzML,1441.0
17887,412.2243,2.165,V2_liq.mzML,875.0
17903,580.2809,3.121216,Y3_spores.mzML,1191.0
17928,273.1846,7.474,IS_7.mzML,2821.0
17957,378.1683,2.136578,B3_spore.mzML,767.0
17961,343.296,5.997777,Y3_spores.mzML,2253.0
17967,283.106,1.527483,B3_spore.mzML,585.0
17981,195.1228,7.901428,IS_7.mzML,2944.0
18005,297.0829,7.916697,IS_7.mzML,2928.0
18018,635.8497,4.462693,E2_liq.mzML,1704.0
18046,838.5998,9.317832,A2_spore.mzML,3396.0
18058,411.2094,1.833,Y2C_liq.mzML,670.0
18068,326.1709,1.605504,W2_spores.mzML,634.0
18076,410.3494,7.379228,IS_7.mzML,2788.0
18102,248.0587,7.466573,IS_8.mzML,2810.0
18123,332.1774,1.441516,F2_liq.mzML,602.0
18131,732.4734,8.470907,V1C_liq.mzML,3172.0
18149,416.2588,2.421,A3_spore.mzML,922.0
18156,822.4172,4.528354,C3_liq.mzML,1689.0
18184,219.9759,10.775932,IS_7.mzML,4079.0
18196,642.8496,3.888654,V2_liq.mzML,1460.0
18206,423.1867,1.274682,A3_spore.mzML,582.0
18224,618.6576,3.499085,B3C_liq.mzML,1316.0
18230,526.2308,1.165044,B2_liq.mzML,514.0
18234,342.11,4.468377,Y1C_liq.mzML,1702.0
18263,942.6578,8.915757,X1C_liq.mzML,3378.0
18274,486.7463,1.500918,W2C_liq.mzML,524.0
18292,820.4517,4.392944,C2_liq.mzML,1700.0
18293,264.1741,4.588464,QC_10.mzML,1731.0
18299,279.1589,6.986,IS_7.mzML,2662.0
18312,378.204,1.985608,Z2_liq.mzML,782.0
18331,266.012,0.562078,B2_spore.mzML,268.0
18347,711.8929,4.578357,A2C_liq.mzML,1732.0
18366,230.1133,3.571,F3C_liq.mzML,1307.0
18369,784.925,4.471967,C3_liq.mzML,1713.0
18391,401.148,4.127,F3C_liq.mzML,1564.0
18396,380.2535,5.965732,X1_liq.mzML,2250.0
18411,255.1123,4.303923,Y3_liq.mzML,1625.0
18420,837.9594,4.414588,B3_liq.mzML,1670.0
18424,603.2025,1.131606,Z3_liq.mzML,459.0
18464,203.9338,10.639825,IS_3.mzML,4080.0
18467,707.4909,8.486998,E3_spore.mzML,3069.0
18490,684.3799,3.04775,B3_liq.mzML,1100.0
18494,983.4366,3.946,X3_liq.mzML,1531.0
18537,526.2609,0.968,B2_spore.mzML,277.0
18540,185.0075,10.791889,IS_10.mzML,4021.0
18550,392.184,1.122447,X1C_liq.mzML,460.0
18567,753.5439,8.563959,V2_spores.mzML,3133.0
18585,619.8481,3.384688,F3C_liq.mzML,1319.0
18590,785.6095,8.350936,B2C_liq.mzML,3149.0
18594,518.3872,6.918836,Z2_spores.mzML,2562.0
18604,756.5713,8.01036,A3_liq.mzML,3004.0
18615,1372.0262,8.665312,D4_spore.mzML,3147.0
18637,284.2073,6.608303,X3_spores.mzML,2414.0
18640,359.2673,1.30448,X3_liq.mzML,443.0
18646,706.5177,7.523578,C2C_liq.mzML,2839.0
18667,1031.0867,4.373056,B1_liq.mzML,1637.0
18669,420.1924,2.19027,Z3_spores.mzML,842.0
18672,654.3239,2.953922,Y2_liq.mzML,1099.0
18675,1089.5404,4.185629,X1C_liq.mzML,1540.0
18682,289.273,7.916,IS_7.mzML,2980.0
18708,187.1439,1.562,D3C_liq.mzML,531.0
18716,663.3228,1.6919,X3_liq.mzML,695.0
18738,838.9467,1.0,IS_7.mzML,429.0
18744,1272.1917,4.59646,X1_liq.mzML,1734.0
18766,546.2559,1.050772,Y1_liq.mzML,476.0
18771,402.2636,1.0132,D4C_liq.mzML,462.0
18777,694.8488,7.70794,C2C_liq.mzML,2873.0
18784,223.0635,7.916697,IS_11.mzML,2950.0
18792,194.1651,1.306063,W2_spores.mzML,548.0
18838,500.2344,1.64494,B1_liq.mzML,691.0
18845,686.5073,8.502562,A1_spore.mzML,3211.0
18854,758.4776,8.242,Y3_liq.mzML,3039.0
18882,690.3421,3.630379,E3C_liq.mzML,1460.0
18893,350.6419,1.609,E3_spore.mzML,628.0
18913,798.9529,4.771309,F3C_liq.mzML,1807.0
18917,197.0206,10.893579,A1_liq.mzML,4235.0
18918,228.2332,4.53168,X3_liq.mzML,1698.0
18933,400.2318,7.558782,IS_7.mzML,2833.0
18938,838.4508,4.614891,F2C_liq.mzML,1719.0
18981,182.0173,10.791887,Z1_spores.mzML,4068.0
18983,717.3755,4.14824,V2C_liq.mzML,1639.0
18984,609.8439,3.751,W1_liq.mzML,1442.0
19016,443.8979,1.517,X3C_liq.mzML,542.0
19043,523.7958,4.163,F3C_liq.mzML,1608.0
19055,497.3603,7.977527,W1C_liq.mzML,3073.0
19065,440.7614,2.986529,A1_liq.mzML,1199.0
19094,231.1248,0.97,A1C_liq.mzML,411.0
19107,680.8793,3.93749,V1_liq.mzML,1453.0
19121,462.851,10.68003,C3C_liq.mzML,4054.0
19132,192.0621,10.880134,IS_8.mzML,4064.0
19147,679.2979,1.22774,B2_liq.mzML,463.0
19151,759.4818,10.654999,F2_spore.mzML,3859.0
19154,553.2923,3.686,V3C_liq.mzML,1417.0
19179,411.7002,2.215,Y2C_liq.mzML,870.0
19190,837.1171,4.591107,Z3C_liq.mzML,1748.0
19202,1105.5614,4.1885,B1C_liq.mzML,1547.0
19211,1468.1659,8.446107,F3_liq.mzML,3120.0
19232,799.4008,3.515946,C1C_liq.mzML,1352.0
19240,328.2447,1.737,Y3_liq.mzML,673.0
19262,561.2529,1.137782,C1C_liq.mzML,505.0
19277,488.2101,1.348145,B2_spore.mzML,492.0
19291,842.4514,3.654813,F2C_liq.mzML,1305.0
19348,728.7899,10.674778,D3_spore.mzML,3899.0
19352,163.0759,7.358393,QC_7.mzML,2766.0
19353,392.2021,1.264024,X2_liq.mzML,455.0
19368,764.4332,4.084316,W1_liq.mzML,1570.0
19391,360.2154,3.065684,V3_liq.mzML,1164.0
19393,327.6955,2.573,C3_liq.mzML,1015.0
19409,440.2577,0.888088,V2_spores.mzML,364.0
19427,318.1661,1.280417,W2_spores.mzML,523.0
19444,962.5111,3.908848,Y2_liq.mzML,1484.0
19456,819.5615,10.244149,X3_spores.mzML,3771.0
19463,1237.7334,4.424164,D1C_liq.mzML,1647.0
19466,467.2264,1.837,Y3_spores.mzML,807.0
19514,761.4911,10.656852,C2_spore.mzML,3839.0
19535,977.9745,2.833191,V3_liq.mzML,1116.0
19556,991.5012,3.08725,W2_liq.mzML,1173.0
19560,287.2073,1.202039,Z2_liq.mzML,460.0
19605,574.9875,2.505111,Y3_spores.mzML,984.0
19636,436.2631,1.016138,F2C_liq.mzML,347.0
19673,166.0976,10.633866,F1_spore.mzML,4136.0
19716,512.3611,5.89449,C3_spore.mzML,2178.0
19750,756.4628,10.663278,X3_spores.mzML,3914.0
19751,155.9745,0.500972,IS_0.mzML,250.0
19764,286.9075,10.781772,W3_spores.mzML,4051.0
19768,374.171,2.672212,D3_liq.mzML,1027.0
19784,1035.0671,4.843196,D1_liq.mzML,1821.0
19811,195.123,7.653,IS_7.mzML,2842.0
19834,519.3682,7.422137,Z2_spores.mzML,2689.0
19851,485.271,1.515826,F3_liq.mzML,542.0
19860,1148.0967,3.77942,X3_liq.mzML,1486.0
19866,255.1472,8.095021,D1_liq.mzML,3131.0
19869,571.2855,2.7915,B2_spore.mzML,1000.0
19882,719.9164,4.302514,V2C_liq.mzML,1622.0
19893,475.2462,2.845875,Y1C_liq.mzML,1038.0
19914,680.483,10.096581,D1C_liq.mzML,3896.0
19931,983.012,4.248,Z2_liq.mzML,1584.0
19943,538.3508,7.508671,Z3_spores.mzML,2791.0
19958,431.2086,8.095805,Z2C_liq.mzML,3109.0
19961,332.6599,1.628,Y2C_liq.mzML,614.0
19972,415.1612,0.841373,Y3_spores.mzML,407.0
19980,691.7331,4.597703,Y3C_liq.mzML,1734.0
20029,1087.1058,4.33241,D3C_liq.mzML,1656.0
20038,165.991,10.783118,B2C_liq.mzML,3972.0
20050,652.6622,2.920705,Z3C_liq.mzML,1011.0
20069,427.2568,2.696,B3_liq.mzML,1009.0
20077,155.0852,4.686417,QC_6.mzML,1743.0
20080,257.1106,6.63127,E3_spore.mzML,2435.0
20153,1029.5155,2.714,V1_liq.mzML,1036.0
20180,558.8404,4.17519,F3_liq.mzML,1604.0
20229,289.1774,1.052546,C1C_liq.mzML,441.0
20265,204.1235,1.223437,A1_liq.mzML,497.0
20271,556.3162,7.567934,Y3_spores.mzML,2824.0
20278,329.0273,1.896176,Z3_spores.mzML,778.0
20300,263.6355,0.958,Y2_spores.mzML,357.0
20332,821.9467,4.352406,Y3_liq.mzML,1677.0
20352,771.92,3.7838,E1_liq.mzML,1418.0
20374,386.7777,8.449921,V3_liq.mzML,3127.0
20388,485.3069,0.842,E3_liq.mzML,416.0
20404,476.2379,1.311737,W2_spores.mzML,501.0
20442,245.1861,2.372056,Y3_spores.mzML,973.0
20443,318.6758,1.268892,A1C_liq.mzML,449.0
20473,330.6918,1.53,A3_liq.mzML,546.0
20477,618.3152,2.664,Z2_spores.mzML,988.0
20483,340.359,9.313429,IS_7.mzML,3502.0
20492,716.8808,4.453704,B1C_liq.mzML,1649.0
20508,732.2266,8.347835,IS_4.mzML,3180.0
20513,361.2719,7.703,IS_7.mzML,2917.0
20547,185.9828,10.882961,X1_spores.mzML,4144.0
20548,704.3436,8.067585,E3_spore.mzML,2961.0
20554,182.0819,0.610654,V3_spores.mzML,288.0
20569,679.4153,0.951678,V1C_liq.mzML,353.0
20589,1030.6011,4.397864,D1_liq.mzML,1643.0
20638,902.4748,3.64,Y3_liq.mzML,1367.0
20639,502.2884,2.146356,A3_spore.mzML,874.0
20648,466.3171,8.064666,IS_7.mzML,3025.0
20680,765.4206,3.533,E1_liq.mzML,1362.0
20687,366.1664,0.873,B2C_liq.mzML,371.0
20718,315.1736,2.203819,Y3_spores.mzML,861.0
20723,764.3879,4.179339,W1_liq.mzML,1566.0
20762,411.1982,1.774287,Y2_liq.mzML,667.0
20808,983.424,3.9245,Y3_liq.mzML,1557.0
20817,651.989,3.162,D1_liq.mzML,1209.0
20827,678.4002,4.167,V3_liq.mzML,1549.0
20831,800.467,4.117355,B2_liq.mzML,1541.0
20833,182.0819,0.575,W3_spores.mzML,274.0
20866,392.3461,8.133217,E2_spore.mzML,2968.0
20947,532.2607,1.444716,D3_liq.mzML,530.0
20958,738.6205,10.130598,Y2_liq.mzML,3803.0
20963,848.3676,1.402582,C1C_liq.mzML,513.0
20978,276.508,1.557,D4_spore.mzML,574.0
21020,391.2354,0.975401,E3_liq.mzML,507.0
21066,587.2911,2.476613,Y3_liq.mzML,1006.0
21080,400.1895,1.824055,W3_spores.mzML,670.0
21117,740.6249,8.411208,D4C_liq.mzML,3148.0
21121,526.2141,1.352122,D3_liq.mzML,527.0
21133,577.2689,2.1135,A2C_liq.mzML,780.0
21136,732.4637,8.462974,W1_liq.mzML,3163.0
21141,583.2689,1.015582,V2C_liq.mzML,362.0
21154,564.299,2.489258,W3_spores.mzML,931.0
21167,169.9772,2.167,QC_6.mzML,854.0
21171,231.183,1.033332,V1C_liq.mzML,403.0
21177,829.4527,3.201844,Y1C_liq.mzML,1288.0
21185,859.9238,4.054423,A2_liq.mzML,1553.0
21192,412.2202,1.563,Y2C_liq.mzML,558.0
21196,346.2161,1.353225,C1_liq.mzML,526.0
21216,627.4548,8.402033,Y3C_liq.mzML,3116.0
21251,724.9175,4.466496,B3_liq.mzML,1631.0
21261,771.6044,8.871388,V1_spores.mzML,3326.0
21266,969.4971,4.335919,E1_liq.mzML,1551.0
21278,765.5112,9.550299,F2_spore.mzML,3510.0
21293,1074.5699,4.2335,V1_liq.mzML,1582.0
21302,274.0709,5.136724,IS_6.mzML,1949.0
21304,255.645,8.096581,IS_7.mzML,3070.0
21310,782.5967,10.679418,X3_spores.mzML,3889.0
21327,166.0643,10.877056,Y1C_liq.mzML,4103.0
21339,905.4835,4.0945,W3_liq.mzML,1516.0
21354,488.2863,1.258573,D3C_liq.mzML,556.0
21374,514.3251,2.254857,A2_liq.mzML,803.0
21386,461.7238,2.857191,Z3C_liq.mzML,1093.0
21395,1422.2286,4.203,F3_liq.mzML,1621.0
21417,200.0125,10.799059,X2_spores.mzML,4010.0
21469,618.3072,1.921335,A3C_liq.mzML,785.0
21473,402.7385,2.955053,B2_liq.mzML,1171.0
21475,286.1437,0.995439,D3_spore.mzML,409.0
21482,736.4835,7.881377,Z2_spores.mzML,2889.0
21483,229.6262,0.55845,C2_spore.mzML,269.0
21492,645.8505,3.876,X1C_liq.mzML,1460.0
21497,644.4915,7.588992,IS_7.mzML,2855.0
21498,735.5248,10.641357,V3_liq.mzML,3992.0
21507,518.2809,1.565,A1_liq.mzML,584.0
21511,329.1491,2.113363,E3_spore.mzML,757.0
21525,312.1675,0.888,Y3_liq.mzML,382.0
21530,607.825,4.328955,Y2C_liq.mzML,1597.0
21551,197.1382,1.564,B1C_liq.mzML,656.0
21565,734.6467,8.4145,D1C_liq.mzML,3209.0
21592,673.3672,2.772129,F2C_liq.mzML,1080.0
21600,184.8893,10.651606,D4C_liq.mzML,3966.0
21603,199.0149,10.885061,Y1C_liq.mzML,4153.0
21619,1087.6365,4.203,E2_liq.mzML,1556.0
21620,390.707,1.752,E2_liq.mzML,702.0
21670,182.0272,2.169017,Z3_spores.mzML,821.0
21691,1044.0933,4.881134,E1_liq.mzML,1828.0
21702,393.7249,1.296,Y3_spores.mzML,501.0
21720,514.2032,2.691,A2_spore.mzML,1041.0
21733,315.0936,6.770764,IS_7.mzML,2546.0
21775,496.2794,2.96083,V1_liq.mzML,1119.0
21781,282.9099,7.857924,F3C_liq.mzML,2984.0
21785,734.7988,10.661335,V2C_liq.mzML,4026.0
21796,518.2809,0.712,W3_liq.mzML,297.0
21805,734.2231,8.315882,IS_10.mzML,3135.0
21838,517.4869,7.14062,D4_spore.mzML,2592.0
21841,770.3875,1.65725,Y3_spores.mzML,686.0
21881,546.2863,0.746,D4_liq.mzML,302.0
21913,734.6479,8.451294,B2_spore.mzML,3100.0
21965,550.4825,9.140552,W3_spores.mzML,3374.0
21972,771.6136,8.907564,Y2_spores.mzML,3324.0
22000,679.4021,4.051461,Z2C_liq.mzML,1479.0
22025,839.1418,4.445454,F3C_liq.mzML,1735.0
22049,558.3326,4.213,V2C_liq.mzML,1567.0
22050,646.3766,4.170844,E1C_liq.mzML,1547.0
22060,549.2717,1.689,B3_spore.mzML,673.0
22079,1349.7878,10.706203,D4_spore.mzML,3928.0
22090,988.0111,4.2335,Y1_liq.mzML,1559.0
22121,651.9968,3.442669,F1C_liq.mzML,1244.0
22138,739.5195,8.581914,Y2_liq.mzML,3187.0
22154,278.1968,2.195,D4C_liq.mzML,820.0
22156,766.3851,3.487876,B1_liq.mzML,1365.0
22161,628.4559,8.365696,V3_liq.mzML,3079.0
22165,218.1177,6.119733,QC_11.mzML,2245.0
22195,474.2595,2.678,F3_spore.mzML,931.0
22223,552.2689,1.3215,Y1C_liq.mzML,486.0
22229,242.1503,0.916844,E3_spore.mzML,371.0
22251,495.7596,3.029747,X2C_liq.mzML,1128.0
22296,402.2404,3.064538,A1C_liq.mzML,1159.0
22300,561.2343,0.576,Y3_spores.mzML,291.0
22302,440.2222,0.6035,B3_spore.mzML,306.0
22312,552.2756,0.986689,F3_liq.mzML,492.0
22404,225.9155,10.65393,A1_liq.mzML,4116.0
22406,337.2747,6.661404,W2_spores.mzML,2501.0
22408,758.4846,10.67737,F3_liq.mzML,3919.0
22457,487.162,1.104233,B3_liq.mzML,411.0
22491,1025.5614,4.120881,X1_liq.mzML,1544.0
22515,168.9802,10.82,IS_7.mzML,4128.0
22535,778.9254,4.278059,W1C_liq.mzML,1628.0
22541,739.5152,10.651161,F2_spore.mzML,3866.0
22551,169.9773,0.588757,IS_8.mzML,265.0
22557,263.1021,1.771559,F2C_liq.mzML,709.0
22558,288.2166,2.781,C2_liq.mzML,1100.0
22581,542.2524,1.00784,Z3_liq.mzML,412.0
22623,260.1961,0.558482,X3_spores.mzML,284.0
22630,244.1661,2.946607,C3_liq.mzML,1103.0
22632,429.2447,1.802,B2_liq.mzML,653.0
22661,733.4708,8.460675,W3C_liq.mzML,3122.0
22673,710.4033,3.973649,B3C_liq.mzML,1541.0
22687,871.522,4.06353,D1_liq.mzML,1513.0
22699,770.5588,8.510001,X1_liq.mzML,3183.0
22760,677.9091,4.384334,Y1C_liq.mzML,1670.0
22771,523.2903,7.679268,W2_spores.mzML,2841.0
22800,740.5275,8.541068,Z2_liq.mzML,3158.0
22802,734.6475,8.403624,D1C_liq.mzML,3174.0
22805,626.8666,3.587,X2C_liq.mzML,1355.0
22887,679.4001,4.070267,Z3_liq.mzML,1558.0
22909,357.299,7.473837,A3_spore.mzML,2772.0
22976,929.5042,3.979,B1C_liq.mzML,1449.0
22979,333.1844,0.959941,E2C_liq.mzML,388.0
23001,473.227,0.767,A3_liq.mzML,385.0
23013,346.1638,1.398585,C1_liq.mzML,542.0
23017,925.9708,3.474014,D1C_liq.mzML,1440.0
23018,689.3841,3.953523,E1_liq.mzML,1477.0
23026,550.4951,7.061286,W3_spores.mzML,2573.0
23031,268.6612,8.450953,IS_7.mzML,3161.0
23058,154.9956,7.424855,B3_spore.mzML,2709.0
23060,759.484,8.256932,IS_1.mzML,3154.0
23119,536.3063,1.008102,Z2_spores.mzML,421.0
23168,412.2281,2.274177,D3_liq.mzML,868.0
23182,326.2064,2.313878,D4_spore.mzML,900.0
23183,761.5009,8.10057,V3_liq.mzML,2999.0
23186,227.2206,10.650878,F2C_liq.mzML,4066.0
23194,169.0978,1.152827,F2C_liq.mzML,494.0
23195,710.519,8.566893,Z2_spores.mzML,3124.0
23257,248.1484,8.441525,C2C_liq.mzML,3127.0
23290,274.0712,5.051749,IS_7.mzML,1921.0
23297,212.0181,2.106073,Z3_spores.mzML,830.0
23328,710.5184,10.024929,C1_liq.mzML,3779.0
23413,1002.5146,4.521549,Y1C_liq.mzML,1685.0
23427,733.4676,8.531136,Y3_liq.mzML,3106.0
23431,185.9896,10.799802,V3_spores.mzML,4038.0
23439,361.0499,1.523161,E1C_liq.mzML,640.0
23467,579.2944,6.808166,W3_spores.mzML,2481.0
23471,439.7408,2.759,E3_liq.mzML,1042.0
23483,340.6622,0.565364,C2_spore.mzML,323.0
23532,262.1495,1.153924,W2_liq.mzML,490.0
23559,482.3839,7.51121,Z3_spores.mzML,2767.0
23667,474.3977,8.34939,Z3_spores.mzML,3091.0
23709,691.5107,8.211102,C2_spore.mzML,2945.0
23712,685.3051,1.614922,D4_spore.mzML,624.0
23721,1468.1941,8.264392,IS_4.mzML,3174.0
23744,229.1185,2.113156,C2C_liq.mzML,844.0
23768,739.5154,8.511305,W1C_liq.mzML,3195.0
23782,765.4588,8.092423,D4C_liq.mzML,3044.0
23804,764.9321,4.2175,E3C_liq.mzML,1574.0
23811,582.2884,0.611,W3_spores.mzML,262.0
23828,743.6428,8.443589,Y3C_liq.mzML,3130.0
23873,209.1543,5.717404,C3C_liq.mzML,2155.0
23886,1101.6008,4.039947,D3C_liq.mzML,1617.0
23903,245.1406,2.824,X2_liq.mzML,1121.0
23931,356.2381,0.568,F3_spore.mzML,258.0
23939,329.0813,2.684,D4_spore.mzML,1009.0
23948,744.8467,10.689425,V2C_liq.mzML,4027.0
23958,989.5076,3.435444,Y2C_liq.mzML,1298.0
23972,1018.545,4.268924,D1C_liq.mzML,1621.0
24028,784.9385,4.66416,E3_liq.mzML,1764.0
24058,486.2258,1.360986,A1C_liq.mzML,532.0
24071,367.1379,0.908019,E3_spore.mzML,354.0
24090,785.6066,7.704245,Z2_spores.mzML,2839.0
24127,724.6093,10.633833,QC_1.mzML,3992.0
24134,246.1703,1.61597,Y3_spores.mzML,612.0
24145,608.3325,4.318373,F3C_liq.mzML,1611.0
24159,250.1619,1.441,Z2_spores.mzML,526.0
24198,152.0356,10.886372,B2C_liq.mzML,4087.0
24202,889.9898,4.352794,E1C_liq.mzML,1589.0
24216,313.1219,1.638,Y3_spores.mzML,635.0
24228,721.5765,8.210686,B2C_liq.mzML,3077.0
24316,646.3608,3.726102,B2C_liq.mzML,1427.0
24351,748.5323,8.902507,V1_spores.mzML,3336.0
24355,735.4792,7.974785,A1_spore.mzML,3002.0
24364,366.2045,2.276447,W3_spores.mzML,832.0
24368,522.3333,7.442277,X3_spores.mzML,2744.0
24389,843.8079,4.432663,D1_liq.mzML,1725.0
24411,333.1549,1.6705,E3_liq.mzML,620.0
24429,398.155,1.208068,W3_spores.mzML,453.0
24454,417.1587,2.568452,Y3_spores.mzML,1017.0
24463,373.1081,1.100903,Y3_spores.mzML,473.0
24546,739.5084,8.522683,W1C_liq.mzML,3225.0
24589,216.9224,10.655497,Z2_liq.mzML,4043.0
24593,646.881,4.172,E1_liq.mzML,1554.0
24604,660.3256,1.617838,A1_liq.mzML,637.0
24614,229.1183,0.638,V3_spores.mzML,306.0
24624,342.2038,7.036283,IS_7.mzML,2694.0
24631,607.8109,4.118,E2_liq.mzML,1600.0
24654,454.1955,1.403114,Y2_spores.mzML,453.0
24681,710.4717,10.652465,IS_8.mzML,3989.0
24682,350.1718,1.500646,W3_spores.mzML,555.0
24741,270.1693,1.409367,E2_spore.mzML,544.0
24808,712.3565,4.016169,X2C_liq.mzML,1482.0
24832,1231.635,3.955,X1_liq.mzML,1437.0
24836,267.6367,1.763,D4_spore.mzML,688.0
24850,541.3068,8.017393,F3_spore.mzML,2952.0
24904,245.1423,2.736,W2C_liq.mzML,1121.0
24976,730.5571,10.631739,E2_spore.mzML,3960.0
25100,563.3274,4.195,C2_liq.mzML,1543.0
25110,282.91,8.406624,IS_0.mzML,3235.0
25114,667.3707,4.151125,Y3C_liq.mzML,1635.0
25122,313.6688,1.911,D1C_liq.mzML,751.0
25149,542.2885,1.459137,Y3_spores.mzML,600.0
25246,904.5044,4.139,V3_liq.mzML,1527.0
25260,327.9346,10.779116,IS_7.mzML,4122.0
25286,331.1743,1.262861,C2_spore.mzML,510.0
25358,584.4266,8.052484,W3C_liq.mzML,3023.0
25510,277.1805,6.749319,E3_spore.mzML,2436.0
25573,985.5469,4.115673,A3_liq.mzML,1611.0
25576,760.5523,9.557946,B2_spore.mzML,3585.0
25589,229.1066,1.102638,E2_liq.mzML,459.0
25632,772.0928,3.694309,A2_liq.mzML,1407.0
25643,674.3376,1.258647,E1_liq.mzML,571.0
25666,786.5071,8.410742,D3_spore.mzML,3023.0
25691,268.1609,6.913417,Y3_spores.mzML,2581.0
25707,679.3057,1.181321,Z2C_liq.mzML,458.0
25708,518.2806,1.421238,C3_liq.mzML,591.0
25742,685.4344,10.428,F2_spore.mzML,3805.0
25745,438.7197,2.89,B2_liq.mzML,1043.0
25757,738.5062,8.235803,F2_spore.mzML,2973.0
25780,245.1323,1.338136,F3C_liq.mzML,586.0
25784,757.4603,3.638933,Z3_liq.mzML,1417.0
25809,735.6498,8.451481,B1_spore.mzML,3131.0
25850,245.1133,1.4035,A1C_liq.mzML,598.0
25907,829.9794,4.445763,E2_liq.mzML,1680.0
25968,484.3457,8.073989,V1_liq.mzML,3054.0
25978,681.8405,8.142291,E3_spore.mzML,2944.0
25982,188.0787,1.435,W2C_liq.mzML,509.0
25987,744.5768,8.455521,D4C_liq.mzML,3149.0
25990,604.0062,4.263995,F3C_liq.mzML,1658.0
26044,167.1545,0.562565,QC_6.mzML,322.0
26054,427.2029,1.328616,V3_liq.mzML,531.0
26057,843.4368,3.830054,B3C_liq.mzML,1493.0
26069,839.4332,4.328102,Z3_liq.mzML,1657.0
26074,857.4737,8.175589,X2_spores.mzML,3038.0
26077,764.5275,8.359557,IS_3.mzML,3164.0
26141,710.3926,4.006,D1_liq.mzML,1554.0
26150,155.118,1.717879,F2_spore.mzML,662.0
26178,680.3525,4.161947,E1_liq.mzML,1672.0
26193,250.0378,5.085073,IS_11.mzML,1922.0
26226,557.817,3.446175,V3_liq.mzML,1314.0
26263,801.2902,4.12,F3_liq.mzML,1542.0
26308,424.22,1.320507,C3_spore.mzML,582.0
26425,679.4229,8.069843,E1_liq.mzML,3073.0
26426,297.9672,10.881952,Z2_liq.mzML,4114.0
26442,229.1645,1.531,D1_liq.mzML,535.0
26453,760.8232,10.669349,W2_liq.mzML,4045.0
26486,608.3108,4.1195,C1C_liq.mzML,1621.0
26494,491.2522,2.717047,Z2_spores.mzML,1047.0
26503,740.5192,10.859946,C2_liq.mzML,4057.0
26510,1085.0531,3.896599,A3C_liq.mzML,1441.0
26541,453.3339,8.0461,A3_spore.mzML,2959.0
26579,619.2853,1.2985,X2C_liq.mzML,524.0
26585,231.1747,5.667373,A3_spore.mzML,2111.0
26660,278.1793,0.781051,Y2_spores.mzML,390.0
26670,366.3719,9.226812,V1C_liq.mzML,3458.0
26719,712.3569,4.103959,X3C_liq.mzML,1545.0
26849,1026.5615,4.12,W1C_liq.mzML,1536.0
26879,738.5065,8.115259,F2_liq.mzML,3036.0
26882,269.2092,7.170123,IS_7.mzML,2723.0
26899,154.3923,5.596572,Y2C_liq.mzML,2077.0
26933,366.1696,1.208068,B3_spore.mzML,421.0
26942,254.6303,0.953,IS_7.mzML,376.0
26950,158.0969,10.668366,IS_4.mzML,3982.0
26989,826.4705,4.378162,Z1_liq.mzML,1661.0
27009,784.6053,7.963111,F2_spore.mzML,2886.0
27043,563.1763,1.654,Y2_spores.mzML,699.0
27053,691.4653,8.202974,X3_spores.mzML,2979.0
27085,216.9225,10.755478,IS_10.mzML,3972.0
27092,282.9099,8.1792,QC_10.mzML,2987.0
27094,409.247,8.039654,X1C_liq.mzML,3085.0
27100,563.7537,4.036289,C1C_liq.mzML,1542.0
27104,1113.5891,4.65053,B1C_liq.mzML,1736.0
27111,571.3181,1.106479,B3_liq.mzML,466.0
27154,316.1522,1.086497,D1C_liq.mzML,455.0
27191,432.216,1.7935,X3_spores.mzML,705.0
27205,733.9034,4.336951,D4_liq.mzML,1641.0
27246,378.1714,7.94267,B3_spore.mzML,2909.0
27253,428.1802,1.305161,W3_liq.mzML,494.0
27273,229.6517,0.547274,D3_spore.mzML,273.0
27288,518.2634,7.126662,A3_spore.mzML,2610.0
27293,169.0456,10.861046,F3C_liq.mzML,4179.0
27303,247.6407,0.552182,F2_spore.mzML,256.0
27329,358.2454,8.205241,E3C_liq.mzML,3046.0
27383,756.4627,7.883515,V3_spores.mzML,2922.0
27384,208.0228,10.780855,C3_spore.mzML,4079.0
27396,584.4256,8.025158,Y2_liq.mzML,3033.0
27428,562.2922,4.184535,Y2_liq.mzML,1535.0
27438,201.976,10.788598,A1_liq.mzML,4144.0
27442,843.4593,3.682704,C1C_liq.mzML,1503.0
27499,844.146,4.440912,A1C_liq.mzML,1715.0
27604,281.0708,2.274488,QC_9.mzML,878.0
27642,414.7014,1.606096,Y3_spores.mzML,654.0
27691,1024.5726,4.025229,V1_liq.mzML,1539.0
27716,761.4857,8.089872,D4_liq.mzML,3001.0
27733,707.5121,7.519022,F3_liq.mzML,2845.0
27748,184.0126,10.788196,Y3_liq.mzML,3957.0
27755,504.3062,7.260501,X3_spores.mzML,2643.0
27766,926.4814,3.722517,F1C_liq.mzML,1433.0
27778,706.5029,7.497543,F3_liq.mzML,2813.0
27790,197.0009,10.898324,Y1_liq.mzML,4246.0
27833,1169.6559,4.185,C3_liq.mzML,1580.0
27850,771.6047,8.914737,X2_spores.mzML,3250.0
27863,297.9423,10.775031,IS_7.mzML,4116.0
27881,326.8788,10.791032,B2_liq.mzML,4040.0
27949,777.4417,4.1455,D3C_liq.mzML,1631.0
27975,443.2738,1.121507,D3C_liq.mzML,479.0
28079,202.9965,10.803182,QC_11.mzML,4064.0
28098,276.0699,1.208404,D4_spore.mzML,432.0
28164,510.2981,4.566548,Y3C_liq.mzML,1701.0
28198,734.6564,8.459489,C3_spore.mzML,3108.0
28201,763.4968,9.131058,D3_spore.mzML,3346.0
28219,453.1688,6.387361,V2C_liq.mzML,2411.0
28249,466.1303,7.920017,IS_5.mzML,3016.0
28259,989.0173,4.240004,V1_liq.mzML,1568.0
28305,705.8518,10.74553,D4_spore.mzML,3917.0
28328,784.6031,9.594583,Z2_spores.mzML,3493.0
28380,441.2347,2.312503,C2_spore.mzML,841.0
28403,784.6043,10.655396,E3_spore.mzML,3819.0
28494,167.0183,6.039179,QC_5.mzML,2278.0
28539,759.5901,9.553479,A3_liq.mzML,3508.0
28580,526.399,7.831362,Z3_spores.mzML,2925.0
28647,183.0681,2.692672,C2_spore.mzML,971.0
28668,517.4868,7.20979,E3_spore.mzML,2597.0
28717,1349.7651,8.144228,C3_spore.mzML,2979.0
28762,545.301,2.885737,Y3_spores.mzML,1072.0
28784,297.2402,7.784256,IS_7.mzML,2893.0
28857,507.2316,2.882297,Y2_spores.mzML,1060.0
28911,472.2763,1.6375,X3_spores.mzML,613.0
29034,735.4147,4.319933,B3_liq.mzML,1632.0
29058,809.912,4.204,V3_liq.mzML,1598.0
29099,735.6563,8.452528,A2_spore.mzML,3057.0
29226,385.3507,8.373,IS_7.mzML,3165.0
29294,734.5148,8.809362,A1_spore.mzML,3289.0
29297,559.2845,3.062133,D3_spore.mzML,1149.0
29337,441.1743,2.193478,W2_spores.mzML,864.0
29361,313.1376,1.750119,E2_spore.mzML,630.0
29377,520.4021,7.150755,E3_spore.mzML,2676.0
29425,166.9906,10.864178,Z2_spores.mzML,3970.0
29428,579.8307,2.953,D3_spore.mzML,1089.0
29450,691.8876,4.651531,A1_liq.mzML,1737.0
29489,756.574,10.790156,X3_spores.mzML,3945.0
29517,733.5923,8.78608,E3_spore.mzML,3223.0
29530,244.1551,1.193495,A3_liq.mzML,444.0
29589,490.278,2.6575,A3_spore.mzML,1023.0
29618,170.9614,10.770057,A1_spore.mzML,4061.0
29634,282.1217,0.585,Y3_spores.mzML,265.0
29659,482.1579,7.924308,QC_0.mzML,2975.0
29721,337.0749,6.772834,IS_3.mzML,2647.0
29742,295.6743,1.381,C1_liq.mzML,563.0
29769,678.9052,4.182,A2_liq.mzML,1582.0
29898,782.5869,9.277509,B2C_liq.mzML,3451.0
29938,206.0916,1.186893,V1C_liq.mzML,504.0
29951,346.1274,3.310699,IS_11.mzML,1216.0
29972,354.3014,8.055472,B3_spore.mzML,2906.0
30020,225.015,10.902007,Z1_liq.mzML,4024.0
30029,748.6183,8.410742,E3_spore.mzML,3057.0
30087,584.4264,7.992833,Y3C_liq.mzML,3027.0
30107,736.6063,10.699219,F3_liq.mzML,3905.0
30175,706.1874,8.297474,IS_5.mzML,3157.0
30190,423.2359,1.672,B2_spore.mzML,609.0
30203,738.6296,10.668229,QC_1.mzML,3951.0
30207,250.0381,4.906,IS_7.mzML,1885.0
30217,406.2453,6.666278,IS_7.mzML,2517.0
30330,417.7076,2.474516,Y3_spores.mzML,983.0
30335,738.496,10.644879,C2_liq.mzML,3987.0
30343,566.4023,7.209063,Y3_spores.mzML,2684.0
30376,263.1428,1.030418,D4_spore.mzML,368.0
30397,815.5266,9.202597,F2_spore.mzML,3398.0
30451,804.3978,2.872,C2_liq.mzML,1085.0
30521,552.4976,9.570577,F2_spore.mzML,3484.0
30541,927.4396,3.985,E3C_liq.mzML,1478.0
30584,386.3276,8.322135,D4C_liq.mzML,3126.0
30626,708.5038,8.500551,F2_liq.mzML,3204.0
30684,346.3105,6.563403,Z3_spores.mzML,2483.0
30701,747.3691,4.413907,W2_liq.mzML,1644.0
30721,304.1662,0.756,E3_spore.mzML,322.0
30785,571.3025,1.389766,Y3_liq.mzML,514.0
30851,245.1859,2.87681,Y3_spores.mzML,1097.0
30946,167.09,0.814,IS_7.mzML,343.0
30976,276.6834,1.677,E2_spore.mzML,579.0
31040,428.2135,1.272618,X2C_liq.mzML,475.0
31041,402.2126,2.398752,Y3_spores.mzML,986.0
31095,229.6256,0.654231,B2_spore.mzML,287.0
31101,534.2692,2.320709,C3_spore.mzML,899.0
31114,739.5157,8.461688,IS_8.mzML,3052.0
31122,759.5906,9.680591,B1_spore.mzML,3587.0
31191,431.2083,6.243506,B3_liq.mzML,2312.0
31207,168.0103,10.912465,C1_spore.mzML,4127.0
31241,738.514,8.387828,Y2_liq.mzML,3126.0
31247,735.5939,8.052524,IS_5.mzML,3083.0
31268,736.5001,10.783314,D3_liq.mzML,3974.0
31287,313.2346,7.171154,IS_7.mzML,2703.0
31312,708.5108,10.428,F3_spore.mzML,3897.0
31334,167.0203,5.531424,V3_liq.mzML,2078.0
31392,786.6215,9.680957,A1_spore.mzML,3604.0
31442,737.3563,10.713484,B1_spore.mzML,4001.0
31467,782.5864,9.571226,Y3_liq.mzML,3521.0
31504,183.2478,1.154344,W2C_liq.mzML,482.0
31575,407.3347,8.355784,D4_spore.mzML,3016.0
31577,379.2063,1.985165,D1_liq.mzML,761.0
31656,384.5369,10.969,F3C_liq.mzML,4192.0
31679,308.0909,0.955478,C3_spore.mzML,408.0
31719,735.6495,8.404839,V1_liq.mzML,3111.0
31732,182.0819,0.564728,C3_spore.mzML,265.0
31800,518.2638,7.203056,B3_spore.mzML,2602.0
31821,311.033,1.041545,X2_spores.mzML,417.0
31856,281.1555,1.330467,V1_spores.mzML,464.0
31985,187.0068,10.785893,Z1_liq.mzML,4040.0
32012,439.257,1.962553,B3_spore.mzML,753.0
32026,430.4074,8.352899,E2_spore.mzML,3014.0
32093,738.5429,10.643726,B3_spore.mzML,3925.0
32111,169.0084,10.90698,C2_spore.mzML,3958.0
32138,708.6445,8.446528,E3_spore.mzML,3040.0
32176,414.1321,1.084801,X3_spores.mzML,441.0
32294,437.2023,1.34279,D3_spore.mzML,562.0
32298,166.0864,3.680904,X1C_liq.mzML,1438.0
32423,214.0914,1.120901,QC_9.mzML,426.0
32475,489.2489,1.477078,X1_liq.mzML,617.0
32631,713.5366,8.827287,V3_spores.mzML,3184.0
32632,762.5075,8.48573,B1C_liq.mzML,3206.0
32667,756.4719,10.680904,Y2_spores.mzML,4028.0
32670,636.3434,4.05663,Y1_liq.mzML,1474.0
32700,710.479,8.049279,IS_10.mzML,3065.0
32787,735.659,8.415526,Z2_spores.mzML,3106.0
32810,347.2206,7.047845,A2_spore.mzML,2606.0
32855,759.5402,9.127995,C3_spore.mzML,3320.0
32867,246.2567,4.669802,C2C_liq.mzML,1783.0
32883,746.5907,8.009534,E3_spore.mzML,2894.0
32896,513.281,2.438,C2_spore.mzML,903.0
32932,167.1545,0.633,IS_7.mzML,253.0
32940,756.0278,8.393063,W1_liq.mzML,3100.0
32964,1370.9646,10.076395,W3C_liq.mzML,3723.0
33074,350.2997,7.484,IS_7.mzML,2812.0
33121,267.1705,7.013259,W3_spores.mzML,2586.0
33136,692.4667,8.209957,W3_spores.mzML,2969.0
33186,476.1802,2.414,F3_spore.mzML,902.0
33245,497.3034,8.226953,Z3_spores.mzML,3001.0
33308,247.166,0.883538,C3_spore.mzML,309.0
33385,738.5268,8.422257,W2_spores.mzML,3067.0
33410,441.2054,1.441166,W3_spores.mzML,629.0
33446,740.6262,8.117723,W1_liq.mzML,3083.0
33447,402.0757,1.527075,B3_spore.mzML,579.0
33476,739.518,8.235803,Z3C_liq.mzML,3025.0
33482,736.5399,10.633913,B2_spore.mzML,3944.0
33486,504.2106,2.181685,Y3_spores.mzML,862.0
33487,167.9814,10.825569,C3_spore.mzML,4161.0
33549,295.1883,4.445581,IS_7.mzML,1814.0
33617,739.6296,10.668507,QC_8.mzML,4046.0
33688,532.4752,9.215744,W2_spores.mzML,3423.0
33787,603.6758,4.504921,F3C_liq.mzML,1693.0
33804,1003.5738,4.51672,B1_liq.mzML,1677.0
33980,403.7138,1.451092,Z2_spores.mzML,600.0
33982,452.3008,7.977121,W3C_liq.mzML,3034.0
34043,425.6492,1.351137,Z2_spores.mzML,495.0
34066,942.6481,8.912357,V3_liq.mzML,3311.0
34080,366.1762,0.925482,B3_spore.mzML,389.0
34088,646.8729,3.768885,V3C_liq.mzML,1426.0
34101,229.6406,0.568,X3_spores.mzML,266.0
34121,635.8463,4.025659,Y1C_liq.mzML,1493.0
34269,643.8376,3.987,Y3_liq.mzML,1524.0
34303,727.3549,5.875763,Y1C_liq.mzML,2198.0
34361,686.3884,8.573243,V2C_liq.mzML,3204.0
34390,167.0191,4.151969,B1_liq.mzML,1588.0
34406,416.2384,2.828824,Y3_spores.mzML,1086.0
34532,289.294,5.795391,X3_liq.mzML,2170.0
34541,167.1002,0.774459,V3_spores.mzML,314.0
34607,512.3566,5.757089,E3_spore.mzML,2154.0
34628,184.4859,10.882947,Y2_liq.mzML,4089.0
34703,167.0191,4.419,E1C_liq.mzML,1677.0
34709,270.1124,2.538977,QC_10.mzML,938.0
34722,785.6067,9.682092,A3_spore.mzML,3531.0
34728,187.1234,1.082672,Y3_liq.mzML,516.0
34759,286.5091,1.627503,E3_spore.mzML,581.0
34917,210.0154,10.77687,W3_spores.mzML,4047.0
34956,774.9276,4.401,D1_liq.mzML,1736.0
35062,338.1509,7.927218,E3_spore.mzML,2949.0
35089,784.6042,9.54847,C2_spore.mzML,3470.0
35119,305.1934,1.910365,D3_spore.mzML,723.0
35210,760.6133,10.740456,A1_spore.mzML,3992.0
35214,267.1122,5.738206,QC_3.mzML,2185.0
35306,782.586,9.681295,A1_spore.mzML,3597.0
35399,357.7477,8.057856,E2_liq.mzML,3025.0
35470,470.1947,1.243529,Z3_spores.mzML,486.0
35567,166.8597,6.608303,X3_spores.mzML,2392.0
35588,782.5956,8.397541,W2_liq.mzML,3209.0
35665,641.372,4.152,C3C_liq.mzML,1619.0
35706,679.4065,4.287982,C1_liq.mzML,1601.0
35727,436.2166,8.111843,B3C_liq.mzML,3061.0
35796,319.1965,2.136554,E3_spore.mzML,846.0
35908,452.7531,4.639577,W2C_liq.mzML,1757.0
35965,181.9887,0.566032,IS_7.mzML,248.0
36026,200.9966,8.386559,IS_0.mzML,3280.0
36165,708.5034,9.219666,F3_liq.mzML,3374.0
36269,760.6118,10.796308,E3_liq.mzML,3925.0
36283,400.7298,1.486,E3_spore.mzML,558.0
36309,339.1441,7.943336,Y3_spores.mzML,2971.0
36381,708.574,10.797962,E2_spore.mzML,3895.0
36425,688.5339,8.752349,C3_spore.mzML,3224.0
36443,286.2171,1.438727,F3_spore.mzML,539.0
36458,515.2856,1.896021,F3C_liq.mzML,800.0
36484,262.1656,1.548579,B2_spore.mzML,621.0
36507,678.8193,1.673,F3_spore.mzML,613.0
36515,233.6344,8.09628,E2C_liq.mzML,3043.0
36612,656.5126,8.244464,Y3_spores.mzML,3047.0
36641,512.3557,5.988749,D4_spore.mzML,2160.0
36674,228.6341,2.386194,Y3_spores.mzML,962.0
36705,810.5671,9.227418,W3_spores.mzML,3410.0
36757,282.2208,8.206357,V1C_liq.mzML,3099.0
36822,318.2823,5.669359,A3_spore.mzML,2134.0
36838,761.6093,9.557137,D4C_liq.mzML,3590.0
36857,791.5282,9.625219,D4_spore.mzML,3505.0
36978,483.1542,7.874494,IS_0.mzML,3030.0
37030,422.3573,7.894199,B1_spore.mzML,2950.0
37053,187.1088,1.514,C1C_liq.mzML,545.0
37075,188.0799,1.355142,E3_spore.mzML,512.0
37087,680.4837,10.352243,E1C_liq.mzML,4000.0
37098,392.2434,8.07025,V2_liq.mzML,3031.0
37198,713.512,8.344,Y1C_liq.mzML,3104.0
37233,198.0007,0.57378,IS_11.mzML,261.0
37239,444.7421,1.486,A3_spore.mzML,602.0
37355,155.0816,1.959,Z2_spores.mzML,739.0
37362,641.3366,4.335843,Y3_liq.mzML,1597.0
37388,711.5967,10.646566,Z3_spores.mzML,4001.0
37570,602.2716,4.081,E1C_liq.mzML,1515.0
37592,710.5263,10.47045,Z1_liq.mzML,3914.0
37637,295.1907,6.289419,IS_7.mzML,2349.0
37715,281.2472,6.90583,IS_7.mzML,2608.0
37734,429.2493,1.367,Y2_spores.mzML,553.0
37749,409.2007,1.524,Z2_spores.mzML,657.0
37776,169.0168,10.892147,V1C_liq.mzML,4104.0
37825,774.9419,4.510528,V1_liq.mzML,1719.0
37826,151.0418,10.885076,C3C_liq.mzML,4127.0
37866,569.2898,1.379,X2_spores.mzML,527.0
37928,167.0204,4.683797,Y1_spores.mzML,1750.0
37945,439.2538,2.13625,B3_spore.mzML,787.0
37971,432.2555,2.297394,Y3_spores.mzML,853.0
37997,452.3339,7.993,IS_7.mzML,3041.0
38015,786.621,8.23305,E3_spore.mzML,3031.0
38076,166.9906,11.076,A3C_liq.mzML,4217.0
38181,300.0923,1.304,A3_spore.mzML,550.0
38214,418.1813,2.516556,A3_spore.mzML,953.0
38268,224.2005,10.661235,E1_spore.mzML,4163.0
38310,534.2578,2.443,D4_spore.mzML,930.0
