row_id	mz	rt	comparison	log2FC_a_over_b	q_value	shortlist_ready	passes_media_blank	has_ms2	mz_concordant	prevalence_diff	is_liq_enriched	bioactive	annotation_origin	sirius_structure_confidence	sirius_structure_name	sirius_formula	sirius_npc_pathway	sirius_npc_class	NAME	cosine	matched_peaks
1824	768.3521	1.158535	salamandrivorans_liq_Developed_vs_spore_Developed	9.918733970757431	0.0001765838201198	True	True	True	True	1.0	True	False	transferred	0.173	3,18-dibenzyl-6-methyl-15-(2-methylpropyl)-1,4,7,13,16,19,22-heptaazatricyclo[22.3.0.0⁹,¹³]heptacosane-2,5,8,14,17,20,23-heptone	C35H51N7O11	Amino acids and Peptides	Cyclic peptides			
1633	1115.6538	3.058565	salamandrivorans_liq_Developed_vs_spore_Developed	9.820495045764387	0.0001765838201198	True	True	True	True	1.0	True	False	transferred	0.175	Isopedopeptin E	C62H94N6O8S2	Amino acids and Peptides	Depsipeptides			
1331	726.3802	1.786	salamandrivorans_liq_Developed_vs_spore_Developed	9.553682833819972	0.0001765838201198	True	True	True	True	1.0	True	False									
2617	1085.6127	3.741321	salamandrivorans_liq_Developed_vs_spore_Developed	9.157752862850666	0.0001765838201198	True	True	True	True	1.0	True	False	native	0.044	Mycosubtilin D	C51H80N12O14	Amino acids and Peptides	RiPPs			
3509	1226.5651	3.5175	salamandrivorans_liq_Developed_vs_spore_Developed	9.042930283920082	0.0001765838201198	True	True	True	True	1.0	True	False									
3018	810.3608	1.658	salamandrivorans_liq_Developed_vs_spore_Developed	8.814712206776935	0.0001765838201198	True	True	True	True	1.0	True	False	transferred	0.374	2-[[(2S)-1-[(2S)-1-[2-[[(2S)-1-[(2S)-1-[2-[[(2S)-1-[(2S)-pyrrolidine-2-carbonyl]pyrrolidine-2-carbonyl]amino]acetyl]pyrrolidine-2-carbonyl]pyrrolidine-2-carbonyl]amino]acetyl]pyrrolidine-2-carbonyl]pyrrolidine-2-carbonyl]amino]acetic acid	C41H47N9O9	Amino acids and Peptides	Linear peptides			
4419	577.2238	1.4445	salamandrivorans_liq_Developed_vs_spore_Developed	8.72633458502351	0.0001765838201198	True	True	True	True	1.0	True	False									
4518	959.4874	3.148	salamandrivorans_liq_Developed_vs_spore_Developed	8.628008756082252	0.0001765838201198	True	True	True	True	1.0	True	False	transferred	0.059	(4R)-4-[[(2S)-2-acetamido-3-carboxypropanoyl]amino]-5-[[(2S,3S)-3-methyl-1-[[(2S)-3-methyl-1-[(2S,4R)-2-[[2-methylpropyl-[[(1S)-1-phenylethyl]carbamoyl]amino]carbamoyl]-4-phenylmethoxypyrrolidin-1-yl]-1-oxobutan-2-yl]amino]-1-oxopentan-2-yl]amino]-5-oxopentanoic acid	C51H62N10O9	Amino acids and Peptides	Cyclic peptides			
4183	1035.5111	1.912	salamandrivorans_liq_Developed_vs_spore_Developed	8.546724493493672	0.0001765838201198	True	True	True	True	1.0	True	False	transferred	0.1	GP100 Imdqvpfsv	C40H70N14O18	Amino acids and Peptides	RiPPs			
1847	491.2578	0.599	salamandrivorans_liq_Developed_vs_spore_Developed	8.489134178911034	0.0001765838201198	True	True	True	True	1.0	True	False	native	0.019		C18H34N8O8	Amino acids and Peptides	Tripeptides			
6892	882.4325	3.824	salamandrivorans_liq_Developed_vs_spore_Developed	8.402917665037604	0.0001765838201198	True	True	True	True	1.0	True	False	transferred	0.73	Ac-Thr-Thr-Pro-Ala-Ala-Phe-Ala-Tyr-NH2	C53H59N3O9	Amino acids and Peptides	Linear peptides			
6752	701.3501	0.924873	salamandrivorans_liq_Developed_vs_spore_Developed	7.945409550118213	0.0001765838201198	True	True	True	True	1.0	True	False	native	0.165	Tyrosyl-threonyl-glycyl-phenylalanyl-leucyl-threonine	C34H48N6O10	Amino acids and Peptides	Cyclic peptides			
5183	1180.5398	2.541865	salamandrivorans_liq_Developed_vs_spore_Developed	7.928312686429892	0.0001765838201198	True	True	True	True	1.0	True	False									
4610	992.4791	2.906789	salamandrivorans_liq_Developed_vs_spore_Developed	7.912572353603311	0.0001765838201198	True	True	True	True	1.0	True	False									
6417	672.3743	3.1764	salamandrivorans_liq_Developed_vs_spore_Developed	7.746218531365961	0.0001765838201198	True	True	True	True	1.0	True	False	native	0.794	Palmyramide A	C31H53N5O11	Amino acids and Peptides	Depsipeptides			
4984	748.3894	2.7765	salamandrivorans_liq_Developed_vs_spore_Developed	7.6736573918147775	0.0001765838201198	True	True	True	True	1.0	True	False	native	0.826	L-Leucyl-L-valyl-L-lysylglycyl-L-phenylalanyl-L-tyrosine	C34H53N9O10	Amino acids and Peptides	Tripeptides			
7428	956.4958	2.626	salamandrivorans_liq_Developed_vs_spore_Developed	7.610149443611275	0.0001765838201198	True	True	True	True	1.0	True	False									
7717	973.4935	3.203802	salamandrivorans_liq_Developed_vs_spore_Developed	7.530502365483737	0.0001765838201198	True	True	True	True	1.0	True	False	transferred	0.398	3-amino-3-({1-[(1-{[1-({1-[2-({4-carbamimidamido-1-[(1-carbamoyl-3-methylbutyl)carbamoyl]butyl}carbamoyl)pyrrolidin-1-yl]-3-hydroxy-1-oxopropan-2-yl}carbamoyl)-2-phenylethyl]carbamoyl}ethyl)carbamoyl]-2-phenylethyl}carbamoyl)propanoic acid	C50H68N8O12	Amino acids and Peptides	Cyclic peptides			
5872	839.3499	1.282516	salamandrivorans_liq_Developed_vs_spore_Developed	7.318845499854229	0.0001765838201198	True	True	True	True	1.0	True	False	transferred	0.524	2-[(5S,8S,14S)-14-[[(2S)-5-[acetyl(hydroxy)amino]-2-[[(2S)-2-[[(2R)-2-amino-3-hydroxypropanoyl]amino]propanoyl]amino]pentanoyl]amino]-5-[3-[acetyl(hydroxy)amino]propyl]-8-(hydroxymethyl)-3,6,9,15-tetraoxo-1,4,7,10-tetrazacyclopentadecen-2-yl]acetic acid	C41H52N8O9	Amino acids and Peptides	Linear peptides			
8063	877.4431	3.345423	salamandrivorans_liq_Developed_vs_spore_Developed	7.286499946281033	0.0001765838201198	True	True	True	True	1.0	True	False	native	0.024	26-{[(4-cyclopentylpiperazin-1-yl)imino]methyl}-2,15,17,27,29-pentahydroxy-11-methoxy-3,7,12,14,16,18,22-heptamethyl-6,23-dioxo-8,30-dioxa-24-azatetracyclo[23.3.1.1⁴,⁷.0⁵,²⁸]triaconta-1,3,5(28),9,19,21,25(29),26-octaen-13-yl acetate	C39H60N10O13	Amino acids and Peptides	Cyclic peptides			
8238	1307.667	3.688397	salamandrivorans_liq_Developed_vs_spore_Developed	7.192645521647032	0.0001765838201198	True	True	True	True	1.0	True	False									
5068	366.5348	1.643	salamandrivorans_liq_Developed_vs_spore_Developed	7.180065293864286	0.0001765838201198	True	True	True	True	1.0	True	False									
4033	863.5027	2.886859	salamandrivorans_liq_Developed_vs_spore_Developed	7.158013220286192	0.0001765838201198	True	True	True	True	1.0	True	False	native	0.581	H-Leu-Leu-Asp-Val-Val-His-Pro-Ala-OH	C40H66N10O11	Amino acids and Peptides	Cyclic peptides			
10816	653.0117	2.6895	salamandrivorans_liq_Developed_vs_spore_Developed	6.932603020955977	0.0001765838201198	True	True	True	True	1.0	True	False	native	0.014	2,2'-Dithiobis-(N-(4-sulfamoylphenyl)-benzamide)	C28H22Br2N4O5	Amino acids and Peptides	Cyclic peptides			
8695	909.4408	3.756404	salamandrivorans_liq_Developed_vs_spore_Developed	6.436699341379301	0.0001765838201198	True	True	True	True	1.0	True	False	native	0.256	H-Val-Pro-Ala-Pro-Asp-Gly-Lys-Gly-Phe-OH	C47H64N4O14	Amino acids and Peptides	Cyclic peptides			
13123	500.6966	1.290324	salamandrivorans_liq_Developed_vs_spore_Developed	5.726982618796892	0.0001765838201198	True	True	True	True	1.0	True	False									
16955	706.4066	3.958549	salamandrivorans_liq_Developed_vs_spore_Developed	5.3280424236390616	0.0001765838201198	True	True	True	True	1.0	True	False	native	0.273	Pseudodestruxin A	C40H55N3O8	Amino acids and Peptides	Cyclic peptides			
16315	586.327	4.028	salamandrivorans_liq_Developed_vs_spore_Developed	5.0166167237005785	0.0001765838201198	True	True	True	True	1.0	True	False	native	0.143	5,8,9-trimethyl-16-(prop-2-en-1-yl)-3,6-bis(propan-2-yl)-icosahydropyrrolo[1,2-d]1-oxa-4,7,10,13,16-pentaazacyclononadecane-1,4,7,10,14,17-hexone	C35H43N3O5	Amino acids and Peptides	Tripeptides			
26054	427.2029	1.328616	salamandrivorans_liq_Developed_vs_spore_Developed	4.827920101957682	0.0001765838201198	True	True	True	True	1.0	True	False	native	0.186	H-DL-xiIle-DL-Arg-DL-xiThr-OH	C19H30N4O5S	Amino acids and Peptides	Tripeptides			
691	557.2576	1.449267	salamandrivorans_liq_Developed_vs_spore_Developed	11.203351882799778	0.0001765838201198	True	True	True	True	0.9	True	False	transferred	0.374	basidioferrin	C21H38N6O10	Amino acids and Peptides	Linear peptides			
892	882.4327	3.551	salamandrivorans_liq_Developed_vs_spore_Developed	10.964299441625869	0.0001765838201198	True	True	True	True	0.9	True	False	transferred	0.307	Nostocyclopeptide	C53H59N3O9	Amino acids and Peptides	Depsipeptides			
2903	549.2961	1.635	salamandrivorans_liq_Developed_vs_spore_Developed	8.56056779454236	0.0001765838201198	True	True	True	True	0.9	True	False	native	0.493	H-Val-Arg-Pro-Arg-al	C26H40N6O7	Amino acids and Peptides	Tripeptides			
6878	978.4843	2.874523	salamandrivorans_liq_Developed_vs_spore_Developed	8.174068442796049	0.0001765838201198	True	True	True	True	0.9	True	False	native	0.34	H-Ser-Met-Pro-Glu-Leu-Ser-Pro-Val-Leu-al	C39H63N17O13	Amino acids and Peptides	Cyclic peptides			
5601	587.2438	2.48079	salamandrivorans_liq_Developed_vs_spore_Developed	7.7831010058279615	0.0001765838201198	True	True	True	True	0.9	True	False	native	0.205	Antimycin A	C22H40N6O10	Amino acids and Peptides	Dipeptides			
14202	411.5583	2.167224	salamandrivorans_liq_Developed_vs_spore_Developed	6.566841332921856	0.0001765838201198	True	True	True	True	0.9	True	False									
1424	978.4833	2.681	salamandrivorans_liq_Developed_vs_spore_Developed	10.218404131694689	0.0001765838201198	True	True	True	True	0.8	True	False	transferred	0.282	H-Ser-Met-Pro-Glu-Leu-Ser-Pro-Val-Leu-al	C39H63N17O13	Amino acids and Peptides	Cyclic peptides			
1933	615.314	1.320551	salamandrivorans_liq_Developed_vs_spore_Developed	9.765109436384211	0.0001765838201198	True	True	True	True	0.8	True	False	transferred	0.129	3-(2-{[3-(2-carboxyethyl)-5-[(4-ethyl-3-methyl-5-oxo-2,5-dihydro-1H-pyrrol-2-yl)methyl]-4-methyl-1H-pyrrol-2-yl]methyl}-5-[(4-ethyl-3-methyl-5-oxo-2,5-dihydro-1H-pyrrol-2-yl)methyl]-4-methyl-1H-pyrrol-3-yl)propanoic acid	C30H42N6O8	Amino acids and Peptides	Cyclic peptides			
1703	800.3782	1.3325	salamandrivorans_liq_Developed_vs_spore_Developed	9.585028607769049	0.0001765838201198	True	True	True	True	0.8	True	False									
4324	523.2569	3.108595	salamandrivorans_liq_Developed_vs_spore_Developed	8.373137846012183	0.0001765838201198	True	True	True	True	0.8	True	False	native	0.994	Tyrosyl-prolyl-phenylalanyl-proline	C25H35FN4O7	Amino acids and Peptides	Tripeptides			
1640	992.4642	2.998703	salamandrivorans_liq_Developed_vs_spore_Developed	9.776106310551636	0.0001765838201198	True	True	True	True	0.7	True	False	transferred	0.843	H-Cys(1)-Tyr-Ile-Leu-Asn-Cys(1)-Pro-Leu-Gly-NH2	C40H61N15O15	Amino acids and Peptides	Cyclic peptides			
1800	869.4404	2.088897	salamandrivorans_liq_Developed_vs_spore_Developed	9.425990216411256	0.0001765838201198	True	True	True	True	0.7	True	False									
2405	889.4384	2.48079	salamandrivorans_liq_Developed_vs_spore_Developed	9.24402802260155	0.0001765838201198	True	True	True	True	0.7	True	False									
6031	987.0148	2.507672	salamandrivorans_liq_Developed_vs_spore_Developed	7.777319807204343	0.0001765838201198	True	True	True	True	0.7	True	False	native			C28H41I3N6O9					
2490	653.3651	2.152	salamandrivorans_liq_Developed_vs_spore_Developed	9.374064589686776	0.0001765838201198	True	True	True	True	0.6	True	False	transferred	0.439	2-[18-(1-hydroxyethyl)-12-methyl-6-(2-methylpropyl)-1,4,7,10,13,16,19-heptaoxo-15-(propan-2-yl)-docosahydro-1H-pyrrolo[1,2-a]1,4,7,10,13,16,19-heptaazacyclohenicosan-9-yl]acetamide	C32H50N6O7	Amino acids and Peptides	Cyclic peptides			
2265	1092.5663	2.809	salamandrivorans_liq_Developed_vs_spore_Developed	9.288855488222636	0.0001765838201198	True	True	True	True	0.6	True	False	transferred	0.098	H-Ala-Pro-Gly-Asn-Phe-Leu-Gln-Ser-Arg-Pro-al	C53H77N11O14	Amino acids and Peptides	Cyclic peptides			
2766	960.4769	2.603	salamandrivorans_liq_Developed_vs_spore_Developed	8.821022433679882	0.0001765838201198	True	True	True	True	0.6	True	False									
4864	882.4349	2.923498	salamandrivorans_liq_Developed_vs_spore_Developed	8.209104078931443	0.0001765838201198	True	True	True	True	0.6	True	False	transferred	0.263	Nostocyclopeptide	C49H55N9O7	Amino acids and Peptides	Depsipeptides			
6036	1021.5277	2.953	salamandrivorans_liq_Developed_vs_spore_Developed	7.584077636045315	0.0001765838201198	True	True	True	True	0.6	True	False	transferred	0.721	H-Ser-Pro-Ser-Ile-Pro-Leu-Ser-Ser-Ala-Tyr-OH	C47H68N14O12	Amino acids and Peptides	Cyclic peptides			
4390	895.4037	1.459327	salamandrivorans_liq_Developed_vs_spore_Developed	7.169324069612335	0.0001765838201198	True	True	True	True	0.6	True	False									
4697	443.2518	1.196998	salamandrivorans_liq_Developed_vs_spore_Developed	6.928673428164932	0.0001765838201198	True	True	True	True	0.6	True	False	native	0.287	2-(2-{[1-(2-{[(tert-butoxy)carbonyl]amino}-3-methylbutanoyl)piperidin-4-yl]formamido}acetamido)acetic acid	C20H34N4O7	Amino acids and Peptides	Tripeptides			
2940	954.449	2.199	salamandrivorans_liq_Developed_vs_spore_Developed	6.498531299176809	0.0001765838201198	True	True	True	True	0.5	True	False	transferred	0.103	H-Gly-Leu-Cys-Pro-Leu-Val-Ala-Met-Leu-OH	C46H69N5O14	Amino acids and Peptides	Cyclic peptides			
3699	580.3134	3.066211	salamandrivorans_liq_Developed_vs_spore_Developed	6.3054733702743455	0.0001765838201198	True	True	True	True	0.5	True	False	transferred	0.66	Poststatin	C26H41N7O8	Amino acids and Peptides	Tripeptides			
5339	651.3511	1.99435	salamandrivorans_liq_Developed_vs_spore_Developed	5.5903277804732125	0.0001765838201198	True	True	True	True	0.5	True	False	transferred	0.436		C34H46N6O7	Amino acids and Peptides	Cyclic peptides			
569	640.2982	2.405	salamandrivorans_liq_Developed_vs_spore_Developed	7.003722948890701	0.0001765838201198	True	True	True	True	0.4	True	False	transferred	0.286	H-DL-Ala-DL-Leu-DL-xiThr-DL-Asn-DL-Glu-DL-Ala-OH	C30H43N5O9	Amino acids and Peptides	Linear peptides			
1377	879.4083	1.989514	salamandrivorans_liq_Developed_vs_spore_Developed	6.063891959632033	0.0001765838201198	True	True	True	True	0.4	True	False									
1293	650.3185	4.010874	salamandrivorans_liq_Developed_vs_spore_Developed	5.013814473444898	0.0001765838201198	True	True	True	True	0.4	True	False	transferred	0.918	Ac-Pro-Leu-Pro-Pro-Tyr-OH	C32H45N5O8	Amino acids and Peptides	Tripeptides			
1518	614.3165	1.626	salamandrivorans_liq_Developed_vs_spore_Developed	6.894004957038412	0.0001765838201198	True	True	True	True	0.3	True	False	native		ethyl (2S)-2-[[[4-[4-hydroxy-3,5-di(propan-2-yl)phenyl]-2,6-di(propan-2-yl)phenoxy]methoxy-(methoxymethyl)phosphoryl]amino]propanoate	C32H50NO7P	Fatty acids	Glycerophosphocholines			
2159	744.3553	1.453409	salamandrivorans_liq_Developed_vs_spore_Developed	5.867815340915087	0.0001765838201198	True	True	True	True	0.3	True	False	transferred	0.152	Sanguinamide A	C33H51N7O11	Amino acids and Peptides	Cyclic peptides			
2528	853.4578	1.549	salamandrivorans_liq_Developed_vs_spore_Developed	4.879252809354405	0.0001765838201198	True	True	True	True	0.3	True	False	transferred	0.443		C39H62N10O10	Amino acids and Peptides	Linear peptides			
2859	539.2889	3.02003	salamandrivorans_liq_Developed_vs_spore_Developed	4.679777571640968	0.0001765838201198	True	True	True	True	0.3	True	False	transferred	0.238	(3S,9S,14aR)-9-benzyl-3-(6,7-dihydroxyheptyl)-6,6-dimethyl-tetradecahydropyrrolo[1,2-a][,,,]cyclododecane-1,4,7,10-tetrone	C29H38N4O6	Amino acids and Peptides	Tripeptides			
2454	789.3782	2.664229	salamandrivorans_liq_Developed_vs_spore_Developed	4.658530328575643	0.0001765838201198	True	True	True	True	0.3	True	False	transferred	0.221	L-Iditol, 1,2,5,6-tetradeoxy-2,5-bis(((2S)-3-methyl-1-oxo-2-(((phenylmethoxy)carbonyl)amino)butyl)amino)-1,6-diphenyl-	C35H56N4O16	Amino acids and Peptides	Cyclic peptides			
2041	776.364	1.855204	salamandrivorans_liq_Developed_vs_spore_Developed	4.148895968267925	0.0001765838201198	True	True	True	True	0.3	True	False									
12734	1146.5892	3.781229	salamandrivorans_liq_Developed_vs_spore_Developed	3.1406025224347784	0.0001765838201198	True	True	True	True	0.3	True	True	native	0.002	N''-(2-{28'-amino-4-[8-(ethylamino)-8-hydroxy-11-methyl-7-methylidene-1-oxacyclopentadeca-3,5,10-trien-13-yn-3-yl]-5,8',13',22'-tetrahydroxy-4',8'-dimethyl-3',26'-dioxo-24',27'-diazaspiro[cyclopentane-1,9'-pentacyclo[23.7.1.1¹⁵,¹⁹.0⁵,¹⁰.0²⁹,³³]tetratriacontane]-1'(33'),4',15',17',19'(34'),29',31'-heptaen-21'-yl}-2-(4-hydroxyphenyl)ethyl)guanidine	C53H87N5O22	Terpenoids	Linear peptides			
6825	699.3386	0.84822	salamandrivorans_liq_Developed_vs_spore_Developed	2.8416957258208804	0.0001765838201198	True	True	True	True	0.3	True	False	native	0.176	H-Leu-Glu-Ser-Ser-Ile-Ile-OH	C32H48N6O10	Amino acids and Peptides	Cyclic peptides			
1199	529.2977	2.074	salamandrivorans_liq_Developed_vs_spore_Developed	5.183709134333832	0.0001765838201198	True	True	True	True	0.1999999999999999	True	False	transferred	0.075	H-DL-xiIle-DL-Leu-DL-Val-DL-Tyr-OH	C23H40N6O8	Amino acids and Peptides	Cyclic peptides			
1359	540.246	1.004493	salamandrivorans_liq_Developed_vs_spore_Developed	4.877537461353319	0.0001765838201198	True	True	True	True	0.1999999999999999	True	False	transferred	0.141	(3S)-3-[[(2S)-2-acetamido-3-methylbutanoyl]amino]-4-[[(2S)-4-(dimethylamino)-1-[[(2S)-1-hydroxypropan-2-yl]amino]-1,4-dioxobutan-2-yl]amino]-2,2-dimethyl-4-oxobutanoic acid	C22H39N5O8	Amino acids and Peptides	Tripeptides			
1208	560.3275	2.373	salamandrivorans_liq_Developed_vs_spore_Developed	4.530787948592137	0.0001765838201198	True	True	True	True	0.1999999999999999	True	False	transferred	0.336	H-DL-Glu-DL-Leu-DL-Val-DL-xiIle-DL-Ser-OH	C28H47N3O7	Amino acids and Peptides	Tripeptides			
2520	644.3274	1.9615	salamandrivorans_liq_Developed_vs_spore_Developed	3.759308132833701	0.0001765838201198	True	True	True	True	0.1999999999999999	True	False									
14632	1147.0845	3.809	salamandrivorans_liq_Developed_vs_spore_Developed	2.560330108366846	0.0001765838201198	True	True	True	True	0.1999999999999999	True	False	native	0.014	4-[[4-[C-hydroxy-N-[5-hydroxy-6-[(2-hydroxy-5-methylsulfonylphenyl)diazenyl]-7-sulfonaphthalen-2-yl]carbonimidoyl]phenyl]diazenyl]-N-[5-hydroxy-6-[(2-hydroxy-5-methylsulfonylphenyl)diazenyl]-7-sulfonaphthalen-2-yl]benzenecarboximidic acid	C48H36N8O16S4	Carbohydrates	Linear peptides			
2746	970.4492	1.9774	salamandrivorans_liq_Developed_vs_spore_Developed	4.133433184242026	0.0001765838201198	True	True	True	True	0.0999999999999999	True	False	native	0.085	Sqnypivq	C45H63N9O15	Amino acids and Peptides	Linear peptides			
2841	812.4093	2.713	salamandrivorans_liq_Developed_vs_spore_Developed	3.870570294971282	0.0001765838201198	True	True	True	True	0.0999999999999999	True	False									
244	614.316	1.5165	salamandrivorans_liq_Developed_vs_spore_Developed	6.859061815289042	0.0001765838201198	True	True	True	True	0.0	True	False	transferred		ethyl (2S)-2-[[[4-[4-hydroxy-3,5-di(propan-2-yl)phenyl]-2,6-di(propan-2-yl)phenoxy]methoxy-(methoxymethyl)phosphoryl]amino]propanoate	C32H50NO7P	Fatty acids	Glycerophosphocholines			
589	693.3226	1.849	salamandrivorans_liq_Developed_vs_spore_Developed	5.826677063341025	0.0001765838201198	True	True	True	True	0.0	True	False	transferred	0.21	Actinosynneptide A	C35H44N6O9	Amino acids and Peptides	Cyclic peptides			
235	425.2748	2.501582	salamandrivorans_liq_Developed_vs_spore_Developed	5.6280816286762185	0.0001765838201198	True	True	True	True	0.0	True	False	transferred	0.485	methyl 1-[1-(3,3-dimethylbutanoyl)-4-{[(propan-2-yl)carbamoyl]amino}pyrrolidine-2-carbonyl]pyrrolidine-2-carboxylate	C19H38N4O5	Amino acids and Peptides	Tripeptides			
1104	636.3431	3.369397	salamandrivorans_liq_Developed_vs_spore_Developed	5.52252343980125	0.0001765838201198	True	True	True	True	0.0	True	False	native	0.85	2-({1-[2-({1-[2-amino-3-(4-hydroxyphenyl)propanoyl]pyrrolidin-2-yl}formamido)-3-methylpentanoyl]pyrrolidin-2-yl}formamido)-3-phenylpropanoic acid	C34H45N5O7	Amino acids and Peptides	Anabaenopeptins			
1579	490.2309	2.259667	salamandrivorans_liq_Developed_vs_spore_Developed	5.423770933124266	0.0001765838201198	True	True	True	True	0.0	True	False	transferred	0.738	1-[2-({1-[2-(2-aminoacetamido)-3-phenylpropanoyl]-4-hydroxypyrrolidin-2-yl}formamido)acetyl]pyrrolidine-2-carboxylic acid	C23H31N5O7	Amino acids and Peptides	Cyclic peptides			
1027	705.32	2.059	salamandrivorans_liq_Developed_vs_spore_Developed	5.389294896553033	0.0001765838201198	True	True	True	True	0.0	True	False	transferred	0.678	12-benzyl-3,15-bis(1-hydroxyethyl)-6-[(4-hydroxyphenyl)methyl]-9-(2-methylpropyl)-1,4,7,10,13,16-hexaazacyclooctadecane-2,5,8,11,14,17-hexone	C31H44N8O11	Amino acids and Peptides	Cyclic peptides			
1268	683.3371	1.564	salamandrivorans_liq_Developed_vs_spore_Developed	5.215053281843957	0.0001765838201198	True	True	True	True	0.0	True	False	transferred	0.918	12-benzyl-3,15-bis(1-hydroxyethyl)-6-[(4-hydroxyphenyl)methyl]-9-(2-methylpropyl)-1,4,7,10,13,16-hexaazacyclooctadecane-2,5,8,11,14,17-hexone	C34H46N6O9	Amino acids and Peptides	Cyclic peptides			
943	655.3416	1.600495	salamandrivorans_liq_Developed_vs_spore_Developed	4.976346752562633	0.0001765838201198	True	True	True	True	0.0	True	False	transferred	0.623	H-Pro-Leu-Glu-Pro-Ser-Gly-Gly-NH2	C28H46N8O10	Amino acids and Peptides	Cyclic peptides			
441	603.3178	1.832	salamandrivorans_liq_Developed_vs_spore_Developed	4.962047287463824	0.0001765838201198	True	True	True	True	0.0	True	False	transferred	0.103	Trapoxin A	C24H48N6O9	Amino acids and Peptides	Tripeptides			
2865	547.3113	1.80675	salamandrivorans_liq_Developed_vs_spore_Developed	4.010298188767777	0.0001765838201198	True	True	True	True	0.0	True	False	transferred	0.171	(3S)-4-[[(1S)-1-carboxy-2-(1-deuteriocyclohexyl)ethyl]amino]-3-[[2-[ethyl(4-piperidin-4-ylbutanoyl)amino]acetyl]amino]-4-oxobutanoic acid	C28H42N4O7	Amino acids and Peptides	Tripeptides			
1775	667.3416	1.77	salamandrivorans_liq_Developed_vs_spore_Developed	3.996141938582775	0.0001765838201198	True	True	True	True	0.0	True	False	transferred	0.289	Desferrioxamine X4	C29H46N8O10	Amino acids and Peptides	Cyclic peptides			
886	531.2772	1.27462	salamandrivorans_liq_Developed_vs_spore_Developed	3.923109519759618	0.0001765838201198	True	True	True	True	0.0	True	False	transferred	0.133	((R)-3-Methyl-1-((S)-3-phenyl-2-((R)-3-phenyl-2-(pyrazine-2-carboxamido)propanamido)propanamido)butyl)boronic acid	C25H40N4O7	Amino acids and Peptides	Cyclic peptides			
1952	521.2352	1.533613	salamandrivorans_liq_Developed_vs_spore_Developed	3.614246580570969	0.0001765838201198	True	True	True	True	0.0	True	False	transferred	0.45		C23H32N6O8	Amino acids and Peptides	Tripeptides			
2626	683.3376	0.944274	salamandrivorans_liq_Developed_vs_spore_Developed	3.4649213323916657	0.0001765838201198	True	True	True	True	0.0	True	False	transferred	0.926	12-benzyl-3,15-bis(1-hydroxyethyl)-6-[(4-hydroxyphenyl)methyl]-9-(2-methylpropyl)-1,4,7,10,13,16-hexaazacyclooctadecane-2,5,8,11,14,17-hexone	C34H46N6O9	Amino acids and Peptides	Cyclic peptides			
555	357.2128	0.587	salamandrivorans_liq_Developed_vs_spore_Developed	3.152719842580565	0.0001765838201198	True	True	True	True	0.0	True	False	transferred	0.603	2-[[1-(2,5-Diamino-5-oxopentanoyl)pyrrolidine-2-carbonyl]amino]-4-methylpentanoic acid	C16H28N4O5	Amino acids and Peptides	Tripeptides	Spectral Match to Ile-Pro-Lys from NIST14 [M+H]+	0.8168	13.0
1497	708.4301	2.522568	salamandrivorans_liq_Developed_vs_spore_Developed	3.1141238974033207	0.0001765838201198	True	True	True	True	0.0	True	True	transferred	0.025	5-hydroxy-6-{3-hydroxy-6-[4-(2-pentylphenyl)butyl]cyclohexa-2,4-dien-1-yl}-1-{3-[(6-hydroxynaphthalen-2-yl)methoxy]-4-methoxyphenyl}hexan-3-one	C45H54O6	Terpenoids	Carotenoids (C40, β-β)			
1260	430.2293	0.581501	salamandrivorans_liq_Developed_vs_spore_Developed	2.90439457897245	0.0001765838201198	True	True	True	True	0.0	True	False	transferred	0.678	H-Gly-DL-Pro-DL-xiIle-Gly-DL-Ser-OH	C18H31N5O7	Amino acids and Peptides	Tripeptides			
7868	699.3309	0.795	salamandrivorans_liq_Developed_vs_spore_Developed	2.3878793303268515	0.0001765838201198	True	True	True	True	0.0	True	False	transferred	0.789	H-Leu-Glu-Ser-Ser-Ile-Ile-OH	C34H46N6O10	Amino acids and Peptides	Cyclic peptides			
3048	786.421	4.2	salamandrivorans_liq_Developed_vs_spore_Developed	5.148368775011869	0.0003382990598159	True	True	True	True	0.9	True	False	native	0.124	H-Ala-Val-Ala-Phe-Tyr-Ile-Pro-al	C36H59N5O14	Amino acids and Peptides	Cyclic peptides			
5772	684.3897	0.6665	salamandrivorans_liq_Developed_vs_spore_Developed	7.485262197734967	0.0004638344108538	True	True	True	True	0.9	True	False	transferred	0.124	(2R)-N-[(2R)-1-(2-acetyl-2,7-diazaspiro[3.5]nonan-7-yl)-3-amino-1-oxopropan-2-yl]-2-[[(2R)-2-[[(2R)-2-amino-3-phenylpropanoyl]amino]-3-phenylpropanoyl]amino]-4-methylpentanamide	C36H53N5O8	Amino acids and Peptides	Cyclic peptides			
5624	744.3346	1.00784	salamandrivorans_liq_Developed_vs_spore_Developed	7.119344786325307	0.0004638344108538	True	True	True	True	0.9	True	False	native	0.055	Lyngbyapeptin B	C27H49N7O17	Amino acids and Peptides	Cyclic peptides			
1679	1234.4686	2.308145	salamandrivorans_liq_Developed_vs_spore_Developed	6.884303731895408	0.0004638344108538	True	True	True	True	0.9	True	False									
9059	654.3307	3.693687	salamandrivorans_liq_Developed_vs_spore_Developed	6.829338262594648	0.0004638344108538	True	True	True	True	0.9	True	False	native	0.338	H-Phe-Asn-Arg-Pro-Val-OH	C37H43N5O6	Amino acids and Peptides	Tripeptides			
9398	747.3795	0.766	salamandrivorans_liq_Developed_vs_spore_Developed	6.5407407516387694	0.0004638344108538	True	True	True	True	0.9	True	False	native	0.38	Threonyl-lysyl-glutaminyl-glutamyl-leucyl-glutamic acid	C37H54N4O12	Amino acids and Peptides	Tripeptides			
25784	757.4603	3.638933	salamandrivorans_liq_Developed_vs_spore_Developed	4.919224591544424	0.0004638344108538	True	True	True	True	0.9	True	False	native	0.295	brintonamide a	C37H64N4O12	Amino acids and Peptides	Cyclic peptides			
27104	1113.5891	4.65053	salamandrivorans_liq_Developed_vs_spore_Developed	3.714687528382665	0.0004638344108538	True	True	True	True	0.9	True	False	native		N-{6-[(1R)-1-Hydroxy-2-(4-hydroxy-3-propylphenyl)ethyl](25S,11R,20R)-1,4,7,13,16,22-hexaaza-3-(2-carbamoyl-1-hydroxyethyl)-11,20,25-trihydroxy-15-(hydroxyethyl)-2,5,8,14,17,23-hexaoxotricyclo[22.3.0.0<9,13>]heptacos-18-yl}-10,12-dimethyltetradecanamide	C54H83F3N6O15	Amino acids and Peptides	Lipopeptides			
1669	994.4518	3.44608	salamandrivorans_liq_Developed_vs_spore_Developed	8.78101655216712	0.0004638344108538	True	True	True	True	0.8	True	False									
19393	327.6955	2.573	salamandrivorans_liq_Developed_vs_spore_Developed	5.4179911028501815	0.0004638344108538	True	True	True	True	0.8	True	False									
1397	277.1721	2.125357	salamandrivorans_liq_Developed_vs_spore_Developed	4.349966362228838	0.0004638344108538	True	True	True	True	0.0999999999999999	True	False	native	0.016	2-Amino-N-methyl-5-(4,4,5,5-tetramethyl-1,3,2-dioxaborolan-2-yl)nicotinamide	C10H21BFN3O4	Amino acids and Peptides	Dipeptides			
7410	508.7735	2.214	salamandrivorans_liq_Developed_vs_spore_Developed	5.762371384995263	0.0006631540978736	True	True	True	True	0.7	True	False	native			C7H13Br4FN2O3					
4819	942.4523	1.855788	salamandrivorans_liq_Developed_vs_spore_Developed	8.128154608203815	0.0006631540978736	True	True	True	True	0.6000000000000001	True	False									
910	647.3798	2.053	salamandrivorans_liq_Developed_vs_spore_Developed	3.24507922656496	0.0006631540978736	True	True	True	True	0.0	True	False	transferred	0.566	H-Ile-Pro-Tyr-Val-Gly-Val-OH	C32H50N6O8	Amino acids and Peptides	Cyclic peptides			
11884	748.8616	2.525	salamandrivorans_liq_Developed_vs_spore_Developed	6.30161779651416	0.0007733684409005	True	True	True	True	0.6	True	False	native			C16H23I3N4O4S					
1229	392.2173	2.129	salamandrivorans_liq_Developed_vs_spore_Developed	3.3485154291415595	0.0008917960907832	True	True	True	True	0.0	True	False	transferred	0.819	2-[[1-(2-Amino-3-methylpentanoyl)pyrrolidine-2-carbonyl]amino]-3-(4-hydroxyphenyl)propanoic acid	C20H29N3O5	Amino acids and Peptides	Tripeptides			
6193	418.2263	2.165	salamandrivorans_liq_Developed_vs_spore_Developed	7.331748921380326	0.001012483675015	True	True	True	True	0.7	True	False	native	0.355	1-[2-(tert-butylcarbamoylamino)-3,3-dimethylbutanoyl]-N-(1-cyanoethyl)pyrrolidine-2-carboxamide	C18H32ClN5O4	Amino acids and Peptides	Cyclic peptides			
14815	557.3266	3.049539	salamandrivorans_liq_Developed_vs_spore_Developed	6.191307426005295	0.001012483675015	True	True	True	True	0.7	True	False	native	0.763	H-DL-Leu-Gly-DL-xiThr-DL-xiIle-DL-Pro-Gly-OH	C30H44N4O6	Amino acids and Peptides	Cyclic peptides			
3726	677.3293	3.041667	salamandrivorans_liq_Developed_vs_spore_Developed	7.957067582825585	0.001012483675015	True	True	True	True	0.5	True	False	transferred	0.556	2-Arg-5-leu-enkephalin	C35H44N6O8	Amino acids and Peptides	Tripeptides			
5609	776.3724	1.864	salamandrivorans_liq_Developed_vs_spore_Developed	7.2452355193975375	0.001012483675015	True	True	True	True	0.5	True	False	native	0.163	H-Ala-Ala-Ile-Met-Met-Gln-Ala-Gly-al	C36H51N9O9	Amino acids and Peptides	Cyclic peptides			
992	565.2595	1.961758	salamandrivorans_liq_Developed_vs_spore_Developed	2.2200750579599973	0.0011302364526731	True	True	True	True	0.0	True	False	transferred	0.213	H-Ala-N(Me)Leu-Tyr-Tyr-OH	C29H33FN6O5	Amino acids and Peptides	Tripeptides			
3965	521.2668	1.420727	salamandrivorans_liq_Developed_vs_spore_Developed	1.6110732081977652	0.0011302364526731	True	True	True	True	0.0	False	False	native	0.125	Val-Gly-Val-Ala-Pro-Gly	C19H36N8O9	Amino acids and Peptides	Linear peptides			
1763	615.3074	1.324	salamandrivorans_liq_Developed_vs_spore_Developed	9.421141524252729	0.0012483407441623	True	True	True	True	0.5	True	True	native	0.08	[5-[[6-[5-[4-Hydroxy-7-[2-oxo-2-(propylamino)ethyl]-1,6-dioxaspiro[2.5]octan-5-yl]-3-methylpenta-2,4-dienyl]-2,5-dimethyloxan-3-yl]amino]-5-oxopent-3-en-2-yl] acetate	C30H42N6O8	Amino acids and Peptides	Open-chain polyketides			
3118	378.7034	1.143494	salamandrivorans_liq_Developed_vs_spore_Developed	5.591370871418025	0.0012483407441623	True	True	True	True	0.5	True	False	native			C3H3Br3O2S					
2309	891.5302	3.2695	salamandrivorans_liq_Developed_vs_spore_Developed	5.628584645379833	0.0012483407441623	True	True	True	True	0.4	True	False	transferred	0.477	H-Leu-Pro-Gln-Asn-Ile-Pro-Pro-Leu-OH	C42H70N10O11	Amino acids and Peptides	Cyclic peptides			
1342	728.3986	2.309574	salamandrivorans_liq_Developed_vs_spore_Developed	9.649867645879942	0.001366076014993	True	True	True	True	0.6000000000000001	True	False	transferred	0.414	Citrusin Iii	C31H53N9O11	Amino acids and Peptides	Cyclic peptides			
13072	1327.6746	3.963	salamandrivorans_liq_Developed_vs_spore_Developed	5.407023217019942	0.0014762731403598	True	True	True	True	0.8	True	False									
3991	776.3958	3.275	salamandrivorans_liq_Developed_vs_spore_Developed	7.011953483076064	0.0014762731403598	True	True	True	True	0.7000000000000001	True	False	transferred	0.805	3-[9-benzyl-12,18-bis(butan-2-yl)-2,8,11,14,17,20,23-heptaoxo-1,7,10,13,16,19,22-heptaazatricyclo[22.3.0.0³,⁷]heptacosan-21-yl]propanoic acid	C30H53N11O13	Amino acids and Peptides	Tripeptides			
2233	378.704	1.274486	salamandrivorans_liq_Developed_vs_spore_Developed	3.476700662401732	0.0016896894322125	True	True	True	True	0.1999999999999999	True	False	native			C3H3Br3O2S					
3756	565.2655	1.967716	salamandrivorans_liq_Developed_vs_spore_Developed	3.197510384632427	0.0016896894322125	True	True	True	True	0.0999999999999999	True	False	native	0.678	H-Ala-N(Me)Leu-Tyr-Tyr-OH	C28H38N4O7	Amino acids and Peptides	Cyclic peptides			
5659	1050.4437	3.212674	salamandrivorans_liq_Developed_vs_spore_Developed	7.9916979201270815	0.001769089207399	True	True	True	True	0.8	True	False									
3306	1014.534	1.786	salamandrivorans_liq_Developed_vs_spore_Developed	6.40756988245686	0.001769089207399	True	True	True	True	0.7000000000000001	True	False	transferred	0.696	H-Ile-Pro-Leu-Thr-Glu-Glu-Ala-Glu-Leu-OH	C45H75N9O17	Amino acids and Peptides	Cyclic peptides			
15906	448.2003	1.689735	salamandrivorans_liq_Developed_vs_spore_Developed	5.993173903623839	0.001769089207399	True	True	True	True	0.6000000000000001	True	False	native	0.222	Cyclo(valyl-prolyl-glycyl-valyl-prolyl)	C19H31N5O5	Amino acids and Peptides	Tripeptides			
3993	795.3983	1.380094	salamandrivorans_liq_Developed_vs_spore_Developed	3.4291372269397544	0.001769089207399	True	True	True	True	0.3	True	False	transferred	0.179		C35H54N8O13	Amino acids and Peptides	Cyclic peptides			
4683	360.193	2.366	salamandrivorans_liq_Developed_vs_spore_Developed	2.237293657164946	0.001769089207399	True	True	True	True	0.0	True	False	native	0.848	(R)-1-[(S)-1-((S)-2-Amino-3-phenyl-propionyl)-pyrrolidine-2-carbonyl]-pyrrolidine-2-carboxylic acid	C19H25N3O4	Amino acids and Peptides	Dipeptides			
15432	905.4865	3.867	salamandrivorans_liq_Developed_vs_spore_Developed	6.836345470793227	0.0018160722045598	True	True	True	True	0.7000000000000001	True	False	native	0.783	H-Lys-Gly-Pro-Pro-Ala-Ala-Leu-Thr-Leu-OH	C56H64N4O7	Amino acids and Peptides	Cyclic peptides			
17700	574.3209	1.120051	salamandrivorans_liq_Developed_vs_spore_Developed	5.248971051630113	0.0018936021900605	True	True	True	True	0.8	True	False	native	0.487	Desmethyldestruxin B2	C29H43N5O7	Amino acids and Peptides	Tripeptides			
878	430.2296	1.313428	salamandrivorans_liq_Developed_vs_spore_Developed	2.1550769225359443	0.0019840992464285	True	True	True	True	0.0	True	False	transferred	0.118	Lys-Nva-FMDP	C18H31N5O7	Amino acids and Peptides	Tripeptides			
2756	494.2244	1.497872	salamandrivorans_liq_Developed_vs_spore_Developed	1.2817778893422702	0.0025372894736577	True	True	True	True	0.0	False	False	transferred	0.014	4-[(4-Fluoro-3-{[4-(morpholin-4-ylcarbonyl)-1,4-diazepan-1-yl]carbonyl}phenyl)methyl]-1,2-dihydrophthalazin-1-one	C27H31N3O6	Amino acids and Peptides	Cyclic peptides			
5443	461.2709	2.907552	salamandrivorans_liq_Developed_vs_spore_Developed	3.2446527582662803	0.0027369363684454	True	True	True	True	0.0	True	False	native	0.464	H-Arg-His-Lys-NH2	C19H36N6O7	Amino acids and Peptides	Tripeptides			
10417	475.2544	2.04	salamandrivorans_liq_Developed_vs_spore_Developed	7.10769609411354	0.0030303287735477	True	True	True	True	0.7	True	False	native	0.686	H-Asp-Leu-Pro-Phe-al	C24H34N4O6	Amino acids and Peptides	Tripeptides			
7568	763.3497	2.024	salamandrivorans_liq_Developed_vs_spore_Developed	3.4431396565353323	0.0032299505472905	True	True	True	True	0.3	True	False	native	0.149	H-DL-Ala-DL-Ala-DL-Phe-DL-Phe-DL-Ala-DL-Ala-DL-Lys-OH	C45H50N2O9	Amino acids and Peptides	Tripeptides			
9976	461.2773	2.901553	salamandrivorans_liq_Developed_vs_spore_Developed	3.0821232198033583	0.0041174516885653	True	True	True	True	-0.0999999999999999	True	False	native	0.729	H-Arg-His-Lys-NH2	C19H36N6O7	Amino acids and Peptides	Tripeptides			
12775	897.4531	4.362042	salamandrivorans_liq_Developed_vs_spore_Developed	2.943158896576891	0.0052908146086563	True	True	True	True	0.7	True	False	native	0.279	Substance P (5-11), N,N-dime-gln(6)-	C43H56N14O8	Amino acids and Peptides	RiPPs			
27253	428.1802	1.305161	salamandrivorans_liq_Developed_vs_spore_Developed	4.3564991741367285	0.0053754854697233	True	True	True	True	0.6	False	False	native	0.234	4-[(4-chlorophenyl)methyl]-N-ethyl-3-oxo-N'-(2-oxo-2-pyrrolidin-1-ylethyl)piperazine-1-carboximidamide	C19H29N3O6S	Amino acids and Peptides	Tripeptides			
5540	427.2569	1.245823	salamandrivorans_liq_Developed_vs_spore_Developed	3.148381347313433	0.0061192951650885	True	True	True	True	0.3	True	False	native	0.227	L-Prolyl-L-threonyl-L-leucyl-L-proline	C20H34N4O6	Amino acids and Peptides	Tripeptides			
4269	992.5832	3.056197	salamandrivorans_liq_Developed_vs_spore_Developed	5.838137755621866	0.0062921946916296	True	True	True	True	0.7	False	False	transferred	0.258	L-Argininamide, L-arginyl-L-arginyl-L-arginyl-L-arginyl-L-arginyl-	C61H77N5O7	Amino acids and Peptides	Linear peptides			
1866	1026.5616	3.587	salamandrivorans_liq_Developed_vs_spore_Developed	4.2828590468694525	0.0101693151508818	True	True	True	True	0.3	True	False									
7048	327.2122	1.520915	salamandrivorans_liq_Zoospore_vs_spore_Zoospore	4.740072046140528	0.0184275356233028	True	True	True	True	1.0	False	False	native	0.045	N-[5-(pentanoylamino)-1-naphthyl]pentanamide	C13H30N2O7	Amino acids and Peptides	Dipeptides			
9440	810.5567	7.467038	salamandrivorans_liq_Zoospore_vs_spore_Zoospore	2.4021713431129124	0.0184275356233028	True	True	True	True	1.0	True	True	native	0.053		C47H75N3O8	Fatty acids	Isoquinoline alkaloids			
539	765.4826	3.245	salamandrivorans_liq_Zoospore_vs_spore_Zoospore	3.189067159081909	0.0184275356233028	True	True	True	True	0.0	True	False	transferred	0.085	Almiramide A	C37H64N8O9	Amino acids and Peptides	Cyclic peptides			
995	417.2145	2.572	salamandrivorans_liq_Zoospore_vs_spore_Zoospore	1.3563898426976722	0.0184275356233028	True	True	True	True	0.0	True	False	transferred	0.877	2-[[1-[3-Phenyl-2-(pyrrolidine-2-carbonylamino)propanoyl]pyrrolidine-2-carbonyl]amino]acetic acid	C21H28N4O5	Amino acids and Peptides	Tripeptides			
2467	762.5057	8.408427	salamandrivorans_liq_Developed_vs_spore_Developed	2.1519663001724023	0.018557996032069	True	True	True	True	0.6	True	True	transferred	0.118	(2-aminoethoxy)[2-(icosa-8,11,14-trienoyloxy)-3-(octadeca-6,9,12,15-tetraenoyloxy)propoxy]phosphinic acid	C43H72NO8P	Fatty acids	Glycerophosphoethanolamines			
10027	518.2702	1.36978	salamandrivorans_liq_Developed_vs_spore_Developed	1.1094632148806236	0.0205168050930048	True	True	True	True	0.2	True	False	native	0.26	Ac-Ala-Glu-Ile-Lys-SH	C23H39N3O10	Amino acids and Peptides	Cyclic peptides			
1539	890.2916	1.982808	salamandrivorans_liq_Developed_vs_spore_Developed	2.6385071605584858	0.023915165435141	True	True	True	True	0.0	True	False									
3574	879.3985	1.978	salamandrivorans_liq_Developed_vs_spore_Developed	3.306676777351653	0.0379071130148096	True	True	True	True	-0.0999999999999999	True	False	transferred	0.92	Boc-Tyr(tBu)-D-Orn(1)-Tyr(Bn)-Pro-Gly-(1)	C46H54N8O10	Amino acids and Peptides	Cyclic peptides			
7894	318.3011	4.499518	salamandrivorans_liq_Developed_vs_spore_Developed	4.371655043701618	0.0403858031655566	True	True	True	True	0.6	True	True	native	0.188	Phytosphingosine	C18H39NO3	Fatty acids	Sphingoid bases			
17331	529.7657	3.112529	salamandrivorans_liq_Developed_vs_spore_Developed	3.810851981706562	0.0484625709387733	True	True	True	True	0.5	True	False	native			C9H12Br4FN3O2					
14133	559.3285	3.328	salamandrivorans_liq_Developed_vs_spore_Developed	7.585496109710566	0.0001765838201198	False	True	True	False	1.0	True	False	native	0.945	H-Val-Val-Pro-Pro-Phe-OH	C29H49N3O5	Amino acids and Peptides	Tripeptides			
9784	979.488	2.874657	salamandrivorans_liq_Developed_vs_spore_Developed	7.072329702314514	0.0001765838201198	False	True	True	False	1.0	True	False	native	0.341	H-Ser-Met-Pro-Glu-Leu-Ser-Pro-Val-Leu-al	C39H63N17O13	Amino acids and Peptides	Cyclic peptides			
20069	427.2568	2.696	salamandrivorans_liq_Developed_vs_spore_Developed	6.253353836561714	0.0001765838201198	False	True	True	False	1.0	True	False	native	0.764	H-DL-Val-DL-Val-DL-Pro-DL-Leu-OH	C21H38N4O5	Amino acids and Peptides	Tripeptides			
17016	485.7578	1.469	salamandrivorans_liq_Developed_vs_spore_Developed	5.262072409930303	0.0005809761155726	False	True	True	False	0.9	True	False	native	0.922	H-Ala-Pro-Glu-Ala-Val-OH	C21H35N5O8	Amino acids and Peptides	Tripeptides			
3416	511.2853	1.969127	salamandrivorans_liq_Developed_vs_spore_Developed	3.0100281831474125	0.0006631540978736	False	True	True	False	0.1999999999999999	True	False									
21192	412.2202	1.563	salamandrivorans_liq_Developed_vs_spore_Developed	1.185783124189017	0.0008917960907832	False	True	True	False	0.1999999999999999	True	False	native	0.876	Pro-Val-Val-Pro	C20H34N4O5	Amino acids and Peptides	Tripeptides			
26226	557.817	3.446175	salamandrivorans_liq_Developed_vs_spore_Developed	4.665712923033229	0.001769089207399	False	True	True	False	0.8	True	False	native	0.907	H-Val-Val-Pro-Pro-Phe-OH	C29H43N5O6	Amino acids and Peptides	Tripeptides			
10167	496.7908	3.050807	salamandrivorans_liq_Developed_vs_spore_Developed	4.749987528263361	0.0181575729251929	False	True	True	False	0.5	False	False	native	0.394	methyl 2-[2-(2-{[(tert-butoxy)carbonyl]amino}-4-methylpentanamido)-4-methylpentanamido]-3-methylbutanoate	C23H37N5O7	Amino acids and Peptides	Tripeptides			
2514	488.2596	0.587	salamandrivorans_liq_Developed_vs_spore_Developed	9.19136604657378	0.0001765838201198	False	True	False	False	1.0	True	False									
3180	979.4984	2.6815	salamandrivorans_liq_Developed_vs_spore_Developed	8.920520215811935	0.0001765838201198	False	True	False	False	1.0	True	False									
3731	710.385	2.198	salamandrivorans_liq_Developed_vs_spore_Developed	8.902165539853485	0.0001765838201198	False	True	False	False	1.0	True	False									
5875	615.3234	1.644	salamandrivorans_liq_Developed_vs_spore_Developed	8.709188990551338	0.0001765838201198	False	True	False	False	1.0	True	False									
2129	701.3394	0.599	salamandrivorans_liq_Developed_vs_spore_Developed	8.673055525141454	0.0001765838201198	False	True	False	False	1.0	True	False									
4395	661.9861	2.213	salamandrivorans_liq_Developed_vs_spore_Developed	8.501877314135143	0.0001765838201198	False	True	False	False	1.0	True	False									
3536	837.4972	2.556	salamandrivorans_liq_Developed_vs_spore_Developed	8.452194710106	0.0001765838201198	False	True	False	False	1.0	True	False									
7169	938.4205	1.7145	salamandrivorans_liq_Developed_vs_spore_Developed	7.94845517179812	0.0001765838201198	False	True	False	False	1.0	True	False									
6032	671.3746	2.264485	salamandrivorans_liq_Developed_vs_spore_Developed	7.7055041588613635	0.0001765838201198	False	True	False	False	1.0	True	False									
4428	371.2092	0.593	salamandrivorans_liq_Developed_vs_spore_Developed	7.6940366569961265	0.0001765838201198	False	True	False	False	1.0	True	False									
6657	929.4984	0.604	salamandrivorans_liq_Developed_vs_spore_Developed	7.60441632147498	0.0001765838201198	False	True	False	False	1.0	True	False									
5106	784.3878	2.475145	salamandrivorans_liq_Developed_vs_spore_Developed	7.586800676805201	0.0001765838201198	False	True	False	False	1.0	True	False									
8427	867.8937	2.0016	salamandrivorans_liq_Developed_vs_spore_Developed	7.583106691048739	0.0001765838201198	False	True	False	False	1.0	True	False									
6641	478.2483	2.633319	salamandrivorans_liq_Developed_vs_spore_Developed	7.560674174692978	0.0001765838201198	False	True	False	False	1.0	True	False									
8031	884.3953	2.025	salamandrivorans_liq_Developed_vs_spore_Developed	7.501100516023143	0.0001765838201198	False	True	False	False	1.0	True	False									
8210	756.4527	3.654141	salamandrivorans_liq_Developed_vs_spore_Developed	7.495108303825002	0.0001765838201198	False	True	False	False	1.0	True	False									
8080	895.4174	2.070944	salamandrivorans_liq_Developed_vs_spore_Developed	7.394181365698942	0.0001765838201198	False	True	False	False	1.0	True	False									
8022	626.8394	2.159	salamandrivorans_liq_Developed_vs_spore_Developed	7.364985605471173	0.0001765838201198	False	True	False	False	1.0	True	False									
10235	690.3751	1.290119	salamandrivorans_liq_Developed_vs_spore_Developed	7.332129248872603	0.0001765838201198	False	True	False	False	1.0	True	False									
7018	740.404	0.575	salamandrivorans_liq_Developed_vs_spore_Developed	7.319773177930115	0.0001765838201198	False	True	False	False	1.0	True	False									
9895	883.4362	3.846864	salamandrivorans_liq_Developed_vs_spore_Developed	7.310287889354633	0.0001765838201198	False	True	False	False	1.0	True	False									
7576	886.4758	3.277168	salamandrivorans_liq_Developed_vs_spore_Developed	7.276405788819026	0.0001765838201198	False	True	False	False	1.0	True	False									
11174	877.4333	3.3075	salamandrivorans_liq_Developed_vs_spore_Developed	7.273143859652231	0.0001765838201198	False	True	False	False	1.0	True	False									
20783	888.4783	3.919797	salamandrivorans_liq_Developed_vs_spore_Developed	7.206178530775036	0.0001765838201198	False	True	False	False	1.0	True	False									
11430	797.4124	1.921008	salamandrivorans_liq_Developed_vs_spore_Developed	7.098518397808677	0.0001765838201198	False	True	False	False	1.0	True	False									
7294	514.7527	0.6185	salamandrivorans_liq_Developed_vs_spore_Developed	7.0679919089067775	0.0001765838201198	False	True	False	False	1.0	True	False									
10862	626.3393	2.618	salamandrivorans_liq_Developed_vs_spore_Developed	6.9294395910653845	0.0001765838201198	False	True	False	False	1.0	True	False									
6518	954.5358	2.713837	salamandrivorans_liq_Developed_vs_spore_Developed	6.886029317256361	0.0001765838201198	False	True	False	False	1.0	True	False									
11996	969.5215	3.070388	salamandrivorans_liq_Developed_vs_spore_Developed	6.813182161217839	0.0001765838201198	False	True	False	False	1.0	True	False									
8682	653.0073	2.602	salamandrivorans_liq_Developed_vs_spore_Developed	6.8100199846541365	0.0001765838201198	False	True	False	False	1.0	True	False									
12998	1105.6298	3.504415	salamandrivorans_liq_Developed_vs_spore_Developed	6.746305404460418	0.0001765838201198	False	True	False	False	1.0	True	False									
9379	950.5312	2.916126	salamandrivorans_liq_Developed_vs_spore_Developed	6.734498625188782	0.0001765838201198	False	True	False	False	1.0	True	False									
11671	393.691	0.579751	salamandrivorans_liq_Developed_vs_spore_Developed	6.673296234458394	0.0001765838201198	False	True	False	False	1.0	True	False									
10663	574.3477	0.876834	salamandrivorans_liq_Developed_vs_spore_Developed	6.670973207659521	0.0001765838201198	False	True	False	False	1.0	True	False									
8195	935.4604	1.547	salamandrivorans_liq_Developed_vs_spore_Developed	6.600857702131104	0.0001765838201198	False	True	False	False	1.0	True	False									
7104	521.0053	1.476871	salamandrivorans_liq_Developed_vs_spore_Developed	6.600839377269094	0.0001765838201198	False	True	False	False	1.0	True	False									
16774	974.4975	3.196505	salamandrivorans_liq_Developed_vs_spore_Developed	6.595229094007292	0.0001765838201198	False	True	False	False	1.0	True	False									
12076	716.8839	3.2845	salamandrivorans_liq_Developed_vs_spore_Developed	6.552965927426912	0.0001765838201198	False	True	False	False	1.0	True	False									
6619	871.8733	2.93	salamandrivorans_liq_Developed_vs_spore_Developed	6.540815235881131	0.0001765838201198	False	True	False	False	1.0	True	False									
11162	912.8605	2.761	salamandrivorans_liq_Developed_vs_spore_Developed	6.532021574674161	0.0001765838201198	False	True	False	False	1.0	True	False									
16238	811.4782	3.637464	salamandrivorans_liq_Developed_vs_spore_Developed	6.523954232846587	0.0001765838201198	False	True	False	False	1.0	True	False									
11582	244.2023	0.5905	salamandrivorans_liq_Developed_vs_spore_Developed	6.520301594588812	0.0001765838201198	False	True	False	False	1.0	True	False									
13472	672.3453	0.930446	salamandrivorans_liq_Developed_vs_spore_Developed	6.5156834617822055	0.0001765838201198	False	True	False	False	1.0	True	False									
12914	802.3936	1.321989	salamandrivorans_liq_Developed_vs_spore_Developed	6.512711505915229	0.0001765838201198	False	True	False	False	1.0	True	False									
12503	974.5101	3.212	salamandrivorans_liq_Developed_vs_spore_Developed	6.464163680016449	0.0001765838201198	False	True	False	False	1.0	True	False									
10446	1102.5521	3.363	salamandrivorans_liq_Developed_vs_spore_Developed	6.44670944527988	0.0001765838201198	False	True	False	False	1.0	True	False									
10601	521.507	1.48457	salamandrivorans_liq_Developed_vs_spore_Developed	6.407210902869327	0.0001765838201198	False	True	False	False	1.0	True	False									
14087	972.4456	1.138022	salamandrivorans_liq_Developed_vs_spore_Developed	6.371610382559013	0.0001765838201198	False	True	False	False	1.0	True	False									
15350	763.3259	4.073725	salamandrivorans_liq_Developed_vs_spore_Developed	6.350062630442257	0.0001765838201198	False	True	False	False	1.0	True	False									
15318	553.268	1.292759	salamandrivorans_liq_Developed_vs_spore_Developed	6.3138692814866175	0.0001765838201198	False	True	False	False	1.0	True	False									
11492	654.8417	3.680641	salamandrivorans_liq_Developed_vs_spore_Developed	6.303603664463827	0.0001765838201198	False	True	False	False	1.0	True	False									
15020	307.6603	1.507949	salamandrivorans_liq_Developed_vs_spore_Developed	6.279918249226292	0.0001765838201198	False	True	False	False	1.0	True	False									
15202	613.7896	3.519	salamandrivorans_liq_Developed_vs_spore_Developed	6.2484976780964265	0.0001765838201198	False	True	False	False	1.0	True	False									
11238	516.785	1.761984	salamandrivorans_liq_Developed_vs_spore_Developed	6.229787353179828	0.0001765838201198	False	True	False	False	1.0	True	False									
20212	880.5215	3.587	salamandrivorans_liq_Developed_vs_spore_Developed	6.222150253171217	0.0001765838201198	False	True	False	False	1.0	True	False									
10469	671.3499	0.585	salamandrivorans_liq_Developed_vs_spore_Developed	6.213089054492527	0.0001765838201198	False	True	False	False	1.0	True	False									
17925	716.3592	1.286766	salamandrivorans_liq_Developed_vs_spore_Developed	6.151573077430181	0.0001765838201198	False	True	False	False	1.0	True	False									
16916	1197.6792	3.831445	salamandrivorans_liq_Developed_vs_spore_Developed	6.132124572768874	0.0001765838201198	False	True	False	False	1.0	True	False									
19010	976.5024	3.012333	salamandrivorans_liq_Developed_vs_spore_Developed	6.115941271959636	0.0001765838201198	False	True	False	False	1.0	True	False									
18871	1040.577	3.621	salamandrivorans_liq_Developed_vs_spore_Developed	6.115667004657408	0.0001765838201198	False	True	False	False	1.0	True	False									
17548	686.3571	1.434848	salamandrivorans_liq_Developed_vs_spore_Developed	6.073890329041807	0.0001765838201198	False	True	False	False	1.0	True	False									
10723	764.3173	1.353513	salamandrivorans_liq_Developed_vs_spore_Developed	6.070283427584803	0.0001765838201198	False	True	False	False	1.0	True	False									
16260	522.7977	3.1305	salamandrivorans_liq_Developed_vs_spore_Developed	6.057205064706815	0.0001765838201198	False	True	False	False	1.0	True	False									
20395	653.6813	2.698	salamandrivorans_liq_Developed_vs_spore_Developed	6.018572433863399	0.0001765838201198	False	True	False	False	1.0	True	False									
18235	1042.5702	3.61674	salamandrivorans_liq_Developed_vs_spore_Developed	6.008004452344794	0.0001765838201198	False	True	False	False	1.0	True	False									
13468	493.2826	3.139	salamandrivorans_liq_Developed_vs_spore_Developed	6.003824938997418	0.0001765838201198	False	True	False	False	1.0	True	False									
18936	770.4777	3.946	salamandrivorans_liq_Developed_vs_spore_Developed	5.957204780654196	0.0001765838201198	False	True	False	False	1.0	True	False									
19173	790.3334	1.175375	salamandrivorans_liq_Developed_vs_spore_Developed	5.944167680034241	0.0001765838201198	False	True	False	False	1.0	True	False									
11730	900.4701	3.534	salamandrivorans_liq_Developed_vs_spore_Developed	5.929990967686049	0.0001765838201198	False	True	False	False	1.0	True	False									
15156	377.7307	3.654141	salamandrivorans_liq_Developed_vs_spore_Developed	5.926547937070428	0.0001765838201198	False	True	False	False	1.0	True	False									
16971	547.2749	3.854	salamandrivorans_liq_Developed_vs_spore_Developed	5.908536188873473	0.0001765838201198	False	True	False	False	1.0	True	False									
19361	648.0137	2.744	salamandrivorans_liq_Developed_vs_spore_Developed	5.898362875986373	0.0001765838201198	False	True	False	False	1.0	True	False									
11614	614.3179	0.845744	salamandrivorans_liq_Developed_vs_spore_Developed	5.895319800390757	0.0001765838201198	False	True	False	False	1.0	True	False									
22562	720.3871	3.598885	salamandrivorans_liq_Developed_vs_spore_Developed	5.871487838403787	0.0001765838201198	False	True	False	False	1.0	True	False									
13201	992.548	3.581	salamandrivorans_liq_Developed_vs_spore_Developed	5.852359826293892	0.0001765838201198	False	True	False	False	1.0	True	False									
17895	802.3809	1.287652	salamandrivorans_liq_Developed_vs_spore_Developed	5.831273587156956	0.0001765838201198	False	True	False	False	1.0	True	False									
20370	705.3587	1.313933	salamandrivorans_liq_Developed_vs_spore_Developed	5.830089243973431	0.0001765838201198	False	True	False	False	1.0	True	False									
16346	756.4635	3.746734	salamandrivorans_liq_Developed_vs_spore_Developed	5.8086801495717815	0.0001765838201198	False	True	False	False	1.0	True	False									
16689	1114.6095	3.8725	salamandrivorans_liq_Developed_vs_spore_Developed	5.804477934178549	0.0001765838201198	False	True	False	False	1.0	True	False									
17521	647.6763	2.736619	salamandrivorans_liq_Developed_vs_spore_Developed	5.800612861467471	0.0001765838201198	False	True	False	False	1.0	True	False									
20534	1294.7213	4.145	salamandrivorans_liq_Developed_vs_spore_Developed	5.786424403645999	0.0001765838201198	False	True	False	False	1.0	True	False									
16556	907.4802	3.817	salamandrivorans_liq_Developed_vs_spore_Developed	5.78542056243842	0.0001765838201198	False	True	False	False	1.0	True	False									
16546	814.509	2.895	salamandrivorans_liq_Developed_vs_spore_Developed	5.76557526836368	0.0001765838201198	False	True	False	False	1.0	True	False									
19639	584.3521	4.28794	salamandrivorans_liq_Developed_vs_spore_Developed	5.602605775705676	0.0001765838201198	False	True	False	False	1.0	True	False									
19802	1000.5629	4.28198	salamandrivorans_liq_Developed_vs_spore_Developed	5.591945610569849	0.0001765838201198	False	True	False	False	1.0	True	False									
18535	669.3542	3.818171	salamandrivorans_liq_Developed_vs_spore_Developed	5.588364685982448	0.0001765838201198	False	True	False	False	1.0	True	False									
19126	704.8567	3.704505	salamandrivorans_liq_Developed_vs_spore_Developed	5.571495091014169	0.0001765838201198	False	True	False	False	1.0	True	False									
18557	1015.5292	3.507	salamandrivorans_liq_Developed_vs_spore_Developed	5.566396540500385	0.0001765838201198	False	True	False	False	1.0	True	False									
18145	1034.5786	3.672155	salamandrivorans_liq_Developed_vs_spore_Developed	5.529888619691869	0.0001765838201198	False	True	False	False	1.0	True	False									
22579	786.4441	3.549	salamandrivorans_liq_Developed_vs_spore_Developed	5.5246903746729785	0.0001765838201198	False	True	False	False	1.0	True	False									
17478	1073.5519	3.462837	salamandrivorans_liq_Developed_vs_spore_Developed	5.453773032122702	0.0001765838201198	False	True	False	False	1.0	True	False									
24300	1342.6899	3.89	salamandrivorans_liq_Developed_vs_spore_Developed	5.42371508502088	0.0001765838201198	False	True	False	False	1.0	True	False									
26229	1148.5953	3.784822	salamandrivorans_liq_Developed_vs_spore_Developed	5.36848097905514	0.0001765838201198	False	True	False	False	1.0	True	False									
19640	1095.568	3.979	salamandrivorans_liq_Developed_vs_spore_Developed	5.364363949787453	0.0001765838201198	False	True	False	False	1.0	True	False									
22258	673.4169	3.729437	salamandrivorans_liq_Developed_vs_spore_Developed	5.362008879370957	0.0001765838201198	False	True	False	False	1.0	True	False									
22799	705.3649	3.702202	salamandrivorans_liq_Developed_vs_spore_Developed	5.334477354331379	0.0001765838201198	False	True	False	False	1.0	True	False									
14639	427.7604	2.9375	salamandrivorans_liq_Developed_vs_spore_Developed	5.285543099585524	0.0001765838201198	False	True	False	False	1.0	True	False									
19997	618.8319	3.819599	salamandrivorans_liq_Developed_vs_spore_Developed	5.281925906548119	0.0001765838201198	False	True	False	False	1.0	True	False									
19695	814.4008	3.622672	salamandrivorans_liq_Developed_vs_spore_Developed	5.271182104612327	0.0001765838201198	False	True	False	False	1.0	True	False									
24608	764.3386	4.074	salamandrivorans_liq_Developed_vs_spore_Developed	5.271066620381176	0.0001765838201198	False	True	False	False	1.0	True	False									
27510	981.4999	3.746767	salamandrivorans_liq_Developed_vs_spore_Developed	5.245378941435773	0.0001765838201198	False	True	False	False	1.0	True	False									
25218	1284.634	3.751536	salamandrivorans_liq_Developed_vs_spore_Developed	5.226880487798823	0.0001765838201198	False	True	False	False	1.0	True	False									
23315	1097.6425	4.521423	salamandrivorans_liq_Developed_vs_spore_Developed	5.221120749251807	0.0001765838201198	False	True	False	False	1.0	True	False									
21396	1049.5312	3.917	salamandrivorans_liq_Developed_vs_spore_Developed	5.217116388841397	0.0001765838201198	False	True	False	False	1.0	True	False									
14630	451.7313	3.307	salamandrivorans_liq_Developed_vs_spore_Developed	5.211922686440794	0.0001765838201198	False	True	False	False	1.0	True	False									
24704	1149.572	3.7985	salamandrivorans_liq_Developed_vs_spore_Developed	5.208467981136654	0.0001765838201198	False	True	False	False	1.0	True	False									
23256	699.3354	3.888632	salamandrivorans_liq_Developed_vs_spore_Developed	5.19238669005922	0.0001765838201198	False	True	False	False	1.0	True	False									
23688	899.4712	3.605	salamandrivorans_liq_Developed_vs_spore_Developed	5.190967323304784	0.0001765838201198	False	True	False	False	1.0	True	False									
20336	329.2028	3.44219	salamandrivorans_liq_Developed_vs_spore_Developed	5.186005024020068	0.0001765838201198	False	True	False	False	1.0	True	False									
25021	1014.5284	4.264005	salamandrivorans_liq_Developed_vs_spore_Developed	5.154778163479215	0.0001765838201198	False	True	False	False	1.0	True	False									
22412	927.5024	3.485878	salamandrivorans_liq_Developed_vs_spore_Developed	5.106471577148155	0.0001765838201198	False	True	False	False	1.0	True	False									
24076	924.5627	4.040664	salamandrivorans_liq_Developed_vs_spore_Developed	5.086417091742643	0.0001765838201198	False	True	False	False	1.0	True	False									
15043	472.203	3.865	salamandrivorans_liq_Developed_vs_spore_Developed	5.042407677823132	0.0001765838201198	False	True	False	False	1.0	True	False									
28263	1269.6713	4.515699	salamandrivorans_liq_Developed_vs_spore_Developed	4.991190468272061	0.0001765838201198	False	True	False	False	1.0	True	False									
23567	1001.0269	4.295062	salamandrivorans_liq_Developed_vs_spore_Developed	4.9554051682010645	0.0001765838201198	False	True	False	False	1.0	True	False									
17473	447.2256	3.656677	salamandrivorans_liq_Developed_vs_spore_Developed	4.895998272510061	0.0001765838201198	False	True	False	False	1.0	True	False									
24669	818.4022	3.995	salamandrivorans_liq_Developed_vs_spore_Developed	4.87711189540593	0.0001765838201198	False	True	False	False	1.0	True	False									
29177	881.5531	4.25	salamandrivorans_liq_Developed_vs_spore_Developed	4.828799793856241	0.0001765838201198	False	True	False	False	1.0	True	False									
23801	503.2463	4.062	salamandrivorans_liq_Developed_vs_spore_Developed	4.808833032510466	0.0001765838201198	False	True	False	False	1.0	True	False									
17904	502.7424	4.066	salamandrivorans_liq_Developed_vs_spore_Developed	4.77712136766002	0.0001765838201198	False	True	False	False	1.0	True	False									
20584	364.2499	5.680247	salamandrivorans_liq_Developed_vs_spore_Developed	4.767379426139045	0.0001765838201198	False	True	False	False	1.0	True	False									
28725	895.4816	4.549826	salamandrivorans_liq_Developed_vs_spore_Developed	4.744615810834591	0.0001765838201198	False	True	False	False	1.0	True	False									
29856	1044.5686	4.30786	salamandrivorans_liq_Developed_vs_spore_Developed	4.724847886610056	0.0001765838201198	False	True	False	False	1.0	True	False									
32031	915.5338	4.521423	salamandrivorans_liq_Developed_vs_spore_Developed	4.70604848712556	0.0001765838201198	False	True	False	False	1.0	True	False									
17087	463.2096	3.714958	salamandrivorans_liq_Developed_vs_spore_Developed	4.642695445170847	0.0001765838201198	False	True	False	False	1.0	True	False									
27621	1016.5128	4.069916	salamandrivorans_liq_Developed_vs_spore_Developed	4.638626655729273	0.0001765838201198	False	True	False	False	1.0	True	False									
32676	961.451	4.128	salamandrivorans_liq_Developed_vs_spore_Developed	4.625501158505129	0.0001765838201198	False	True	False	False	1.0	True	False									
27394	361.1966	3.656077	salamandrivorans_liq_Developed_vs_spore_Developed	4.583871115053302	0.0001765838201198	False	True	False	False	1.0	True	False									
33054	1015.5443	4.232	salamandrivorans_liq_Developed_vs_spore_Developed	4.570702582228734	0.0001765838201198	False	True	False	False	1.0	True	False									
26292	549.3202	4.527015	salamandrivorans_liq_Developed_vs_spore_Developed	4.542088645441897	0.0001765838201198	False	True	False	False	1.0	True	False									
28205	522.2996	3.499889	salamandrivorans_liq_Developed_vs_spore_Developed	4.492335372033952	0.0001765838201198	False	True	False	False	1.0	True	False									
22926	864.9742	3.9555	salamandrivorans_liq_Developed_vs_spore_Developed	4.485352085460447	0.0001765838201198	False	True	False	False	1.0	True	False									
27028	503.2516	4.034041	salamandrivorans_liq_Developed_vs_spore_Developed	4.483326255678808	0.0001765838201198	False	True	False	False	1.0	True	False									
34006	968.0589	4.546475	salamandrivorans_liq_Developed_vs_spore_Developed	4.464948184672194	0.0001765838201198	False	True	False	False	1.0	True	False									
28031	1441.7734	4.390106	salamandrivorans_liq_Developed_vs_spore_Developed	4.434444867490839	0.0001765838201198	False	True	False	False	1.0	True	False									
25803	992.5237	4.299038	salamandrivorans_liq_Developed_vs_spore_Developed	4.425763670826509	0.0001765838201198	False	True	False	False	1.0	True	False									
28326	993.0251	4.295062	salamandrivorans_liq_Developed_vs_spore_Developed	4.411531196594372	0.0001765838201198	False	True	False	False	1.0	True	False									
31181	1106.55	4.059	salamandrivorans_liq_Developed_vs_spore_Developed	4.397134700251317	0.0001765838201198	False	True	False	False	1.0	True	False									
31276	822.4402	3.947	salamandrivorans_liq_Developed_vs_spore_Developed	4.339294989250998	0.0001765838201198	False	True	False	False	1.0	True	False									
33581	968.5954	4.263474	salamandrivorans_liq_Developed_vs_spore_Developed	4.3127966515195935	0.0001765838201198	False	True	False	False	1.0	True	False									
29542	1374.7317	4.233507	salamandrivorans_liq_Developed_vs_spore_Developed	4.298604098148776	0.0001765838201198	False	True	False	False	1.0	True	False									
30340	901.4285	4.469931	salamandrivorans_liq_Developed_vs_spore_Developed	4.292196917886192	0.0001765838201198	False	True	False	False	1.0	True	False									
27781	288.2539	4.528225	salamandrivorans_liq_Developed_vs_spore_Developed	4.2876537836895015	0.0001765838201198	False	True	False	False	1.0	True	False									
28535	925.56	4.025	salamandrivorans_liq_Developed_vs_spore_Developed	4.200512143342753	0.0001765838201198	False	True	False	False	1.0	True	False									
26885	669.3578	3.978	salamandrivorans_liq_Developed_vs_spore_Developed	4.12476334471068	0.0001765838201198	False	True	False	False	1.0	True	False									
33271	1294.7042	4.26098	salamandrivorans_liq_Developed_vs_spore_Developed	4.053229428532093	0.0001765838201198	False	True	False	False	1.0	True	False									
31254	929.4847	4.040324	salamandrivorans_liq_Developed_vs_spore_Developed	4.028278945180787	0.0001765838201198	False	True	False	False	1.0	True	False									
28596	293.6645	1.307396	salamandrivorans_liq_Developed_vs_spore_Developed	4.005653158432753	0.0001765838201198	False	True	False	False	1.0	True	False									
32594	720.389	4.449186	salamandrivorans_liq_Developed_vs_spore_Developed	3.897801930490936	0.0001765838201198	False	True	False	False	1.0	True	False									
27207	995.5402	4.676838	salamandrivorans_liq_Developed_vs_spore_Developed	3.880743262210266	0.0001765838201198	False	True	False	False	1.0	True	False									
36125	579.2802	5.302951	salamandrivorans_liq_Developed_vs_spore_Developed	3.871761118011451	0.0001765838201198	False	True	False	False	1.0	True	False									
34342	873.9943	4.456317	salamandrivorans_liq_Developed_vs_spore_Developed	3.795436946443791	0.0001765838201198	False	True	False	False	1.0	True	False									
25976	744.4128	4.231	salamandrivorans_liq_Developed_vs_spore_Developed	3.7928166571879793	0.0001765838201198	False	True	False	False	1.0	True	False									
31624	222.4976	3.831923	salamandrivorans_liq_Developed_vs_spore_Developed	3.783512359135587	0.0001765838201198	False	True	False	False	1.0	True	False									
36884	691.8614	4.371932	salamandrivorans_liq_Developed_vs_spore_Developed	3.705277066721437	0.0001765838201198	False	True	False	False	1.0	True	False									
32811	731.8983	4.173	salamandrivorans_liq_Developed_vs_spore_Developed	3.6545959498249694	0.0001765838201198	False	True	False	False	1.0	True	False									
31612	288.2162	4.024	salamandrivorans_liq_Developed_vs_spore_Developed	3.557689988888851	0.0001765838201198	False	True	False	False	1.0	True	False									
35467	1019.5457	4.306903	salamandrivorans_liq_Developed_vs_spore_Developed	3.5486420811675927	0.0001765838201198	False	True	False	False	1.0	True	False									
36027	635.3387	4.415141	salamandrivorans_liq_Developed_vs_spore_Developed	3.439572863066777	0.0001765838201198	False	True	False	False	1.0	True	False									
30960	712.4088	4.647878	salamandrivorans_liq_Developed_vs_spore_Developed	3.343814903514449	0.0001765838201198	False	True	False	False	1.0	True	False									
35905	593.3574	4.379765	salamandrivorans_liq_Developed_vs_spore_Developed	3.2766272167624364	0.0001765838201198	False	True	False	False	1.0	True	False									
32893	867.4598	4.312982	salamandrivorans_liq_Developed_vs_spore_Developed	3.2316868985688942	0.0001765838201198	False	True	False	False	1.0	True	False									
33089	704.3787	4.215	salamandrivorans_liq_Developed_vs_spore_Developed	3.0574512607186546	0.0001765838201198	False	True	False	False	1.0	True	False									
28598	1067.6396	4.478347	salamandrivorans_liq_Developed_vs_spore_Developed	2.8977770429095977	0.0001765838201198	False	True	False	False	1.0	True	False									
32530	557.3013	4.88163	salamandrivorans_liq_Developed_vs_spore_Developed	2.561270915393454	0.0001765838201198	False	True	False	False	1.0	True	False									
31419	572.4399	7.113	salamandrivorans_liq_Developed_vs_spore_Developed	2.1050177901505163	0.0001765838201198	False	True	False	False	1.0	True	False									
2022	627.2776	2.057	salamandrivorans_liq_Developed_vs_spore_Developed	9.39800391974183	0.0001765838201198	False	True	False	False	0.9	True	False									
3936	955.4827	2.6295	salamandrivorans_liq_Developed_vs_spore_Developed	8.26079590592068	0.0001765838201198	False	True	False	False	0.9	True	False									
8298	885.4373	2.12393	salamandrivorans_liq_Developed_vs_spore_Developed	7.718097372203929	0.0001765838201198	False	True	False	False	0.9	True	False									
9995	873.4528	3.307	salamandrivorans_liq_Developed_vs_spore_Developed	7.413761220830054	0.0001765838201198	False	True	False	False	0.9	True	False									
8425	782.4545	2.495865	salamandrivorans_liq_Developed_vs_spore_Developed	7.312657459157742	0.0001765838201198	False	True	False	False	0.9	True	False									
8958	520.2625	2.762	salamandrivorans_liq_Developed_vs_spore_Developed	7.178902631289298	0.0001765838201198	False	True	False	False	0.9	True	False									
7517	603.2406	0.8465	salamandrivorans_liq_Developed_vs_spore_Developed	7.127087007578197	0.0001765838201198	False	True	False	False	0.9	True	False									
10811	625.8343	3.336	salamandrivorans_liq_Developed_vs_spore_Developed	7.088076299729843	0.0001765838201198	False	True	False	False	0.9	True	False									
8477	677.3514	2.525	salamandrivorans_liq_Developed_vs_spore_Developed	7.031328583006235	0.0001765838201198	False	True	False	False	0.9	True	False									
9321	511.2411	1.492915	salamandrivorans_liq_Developed_vs_spore_Developed	7.006157109305985	0.0001765838201198	False	True	False	False	0.9	True	False									
11842	510.3282	2.745	salamandrivorans_liq_Developed_vs_spore_Developed	6.849840284971191	0.0001765838201198	False	True	False	False	0.9	True	False									
10041	969.523	3.389943	salamandrivorans_liq_Developed_vs_spore_Developed	6.8316349716595735	0.0001765838201198	False	True	False	False	0.9	True	False									
7753	860.4036	2.087783	salamandrivorans_liq_Developed_vs_spore_Developed	6.755956660249902	0.0001765838201198	False	True	False	False	0.9	True	False									
9158	1023.4427	2.267023	salamandrivorans_liq_Developed_vs_spore_Developed	6.732744917641894	0.0001765838201198	False	True	False	False	0.9	True	False									
16604	569.2891	3.010043	salamandrivorans_liq_Developed_vs_spore_Developed	6.682970997287978	0.0001765838201198	False	True	False	False	0.9	True	False									
6683	366.8681	1.644	salamandrivorans_liq_Developed_vs_spore_Developed	6.594157930972041	0.0001765838201198	False	True	False	False	0.9	True	False									
14413	602.2784	3.171668	salamandrivorans_liq_Developed_vs_spore_Developed	6.52155482159137	0.0001765838201198	False	True	False	False	0.9	True	False									
13864	831.4285	3.030045	salamandrivorans_liq_Developed_vs_spore_Developed	6.503782374585248	0.0001765838201198	False	True	False	False	0.9	True	False									
14790	1183.5653	2.544556	salamandrivorans_liq_Developed_vs_spore_Developed	6.467434470904113	0.0001765838201198	False	True	False	False	0.9	True	False									
8190	305.6992	1.755909	salamandrivorans_liq_Developed_vs_spore_Developed	6.320230615167658	0.0001765838201198	False	True	False	False	0.9	True	False									
6623	526.7723	1.9772	salamandrivorans_liq_Developed_vs_spore_Developed	6.198577627088606	0.0001765838201198	False	True	False	False	0.9	True	False									
19995	754.3359	0.912271	salamandrivorans_liq_Developed_vs_spore_Developed	6.105668727370819	0.0001765838201198	False	True	False	False	0.9	True	False									
12023	924.4443	1.58	salamandrivorans_liq_Developed_vs_spore_Developed	5.94107006620546	0.0001765838201198	False	True	False	False	0.9	True	False									
4470	245.1134	0.737	salamandrivorans_liq_Developed_vs_spore_Developed	5.887922089449677	0.0001765838201198	False	True	False	False	0.9	True	False									
17041	732.3868	3.392157	salamandrivorans_liq_Developed_vs_spore_Developed	5.853529175563982	0.0001765838201198	False	True	False	False	0.9	True	False									
13976	345.7005	2.635306	salamandrivorans_liq_Developed_vs_spore_Developed	5.846672617337906	0.0001765838201198	False	True	False	False	0.9	True	False									
22315	597.804	1.45	salamandrivorans_liq_Developed_vs_spore_Developed	5.618328798145147	0.0001765838201198	False	True	False	False	0.9	True	False									
24181	864.4371	3.727	salamandrivorans_liq_Developed_vs_spore_Developed	5.2177912284181405	0.0001765838201198	False	True	False	False	0.9	True	False									
6667	854.4686	1.548	salamandrivorans_liq_Developed_vs_spore_Developed	8.138320974647867	0.0001765838201198	False	True	False	False	0.8	True	False									
4866	931.3978	1.737	salamandrivorans_liq_Developed_vs_spore_Developed	7.999110815758993	0.0001765838201198	False	True	False	False	0.8	True	False									
6360	510.7428	1.532	salamandrivorans_liq_Developed_vs_spore_Developed	7.919670513390032	0.0001765838201198	False	True	False	False	0.8	True	False									
8177	1061.4462	2.183	salamandrivorans_liq_Developed_vs_spore_Developed	7.723290241780949	0.0001765838201198	False	True	False	False	0.8	True	False									
8750	883.4404	2.925332	salamandrivorans_liq_Developed_vs_spore_Developed	7.278538876820489	0.0001765838201198	False	True	False	False	0.8	True	False									
8587	511.2413	1.533306	salamandrivorans_liq_Developed_vs_spore_Developed	7.095828177123597	0.0001765838201198	False	True	False	False	0.8	True	False									
6645	909.3895	2.268286	salamandrivorans_liq_Developed_vs_spore_Developed	7.086889559137582	0.0001765838201198	False	True	False	False	0.8	True	False									
11601	526.7715	1.927	salamandrivorans_liq_Developed_vs_spore_Developed	6.965139575496464	0.0001765838201198	False	True	False	False	0.8	True	False									
9000	789.4146	1.691	salamandrivorans_liq_Developed_vs_spore_Developed	6.65414607754957	0.0001765838201198	False	True	False	False	0.8	True	False									
7692	539.2751	0.662	salamandrivorans_liq_Developed_vs_spore_Developed	6.596708220695439	0.0001765838201198	False	True	False	False	0.8	True	False									
14072	449.7348	1.304712	salamandrivorans_liq_Developed_vs_spore_Developed	6.5146017016501165	0.0001765838201198	False	True	False	False	0.8	True	False									
14322	423.1863	0.85	salamandrivorans_liq_Developed_vs_spore_Developed	6.47560933468015	0.0001765838201198	False	True	False	False	0.8	True	False									
10098	428.731	1.4255	salamandrivorans_liq_Developed_vs_spore_Developed	6.432304539033737	0.0001765838201198	False	True	False	False	0.8	True	False									
10124	539.2373	0.666	salamandrivorans_liq_Developed_vs_spore_Developed	6.392887387800988	0.0001765838201198	False	True	False	False	0.8	True	False									
17351	244.13	0.6	salamandrivorans_liq_Developed_vs_spore_Developed	6.333793667564775	0.0001765838201198	False	True	False	False	0.8	True	False									
21629	830.4276	2.510173	salamandrivorans_liq_Developed_vs_spore_Developed	6.231055579864978	0.0001765838201198	False	True	False	False	0.8	True	False									
17063	664.6769	2.446	salamandrivorans_liq_Developed_vs_spore_Developed	6.218275724830121	0.0001765838201198	False	True	False	False	0.8	True	False									
16628	789.3424	1.042407	salamandrivorans_liq_Developed_vs_spore_Developed	6.114211784192618	0.0001765838201198	False	True	False	False	0.8	True	False									
15140	637.2982	1.904754	salamandrivorans_liq_Developed_vs_spore_Developed	5.868919851095725	0.0001765838201198	False	True	False	False	0.8	True	False									
22861	998.4938	3.469756	salamandrivorans_liq_Developed_vs_spore_Developed	5.694362770924081	0.0001765838201198	False	True	False	False	0.8	True	False									
6416	905.4726	3.24475	salamandrivorans_liq_Developed_vs_spore_Developed	8.180548489761751	0.0001765838201198	False	True	False	False	0.7	True	False									
5809	668.3482	1.761	salamandrivorans_liq_Developed_vs_spore_Developed	8.168442415339792	0.0001765838201198	False	True	False	False	0.7	True	False									
7802	547.8022	2.362	salamandrivorans_liq_Developed_vs_spore_Developed	7.942583044536459	0.0001765838201198	False	True	False	False	0.7	True	False									
5209	431.237	0.6115	salamandrivorans_liq_Developed_vs_spore_Developed	7.766344656171723	0.0001765838201198	False	True	False	False	0.7	True	False									
6763	863.4037	2.152056	salamandrivorans_liq_Developed_vs_spore_Developed	7.610709999100295	0.0001765838201198	False	True	False	False	0.7	True	False									
10303	427.2197	0.621	salamandrivorans_liq_Developed_vs_spore_Developed	7.179370425885218	0.0001765838201198	False	True	False	False	0.7	True	False									
11939	860.4304	2.555	salamandrivorans_liq_Developed_vs_spore_Developed	7.049969093929008	0.0001765838201198	False	True	False	False	0.7	True	False									
12883	864.416	2.151	salamandrivorans_liq_Developed_vs_spore_Developed	6.821862759872134	0.0001765838201198	False	True	False	False	0.7	True	False									
10558	899.4355	2.324	salamandrivorans_liq_Developed_vs_spore_Developed	6.625763470137164	0.0001765838201198	False	True	False	False	0.7	True	False									
14888	721.3963	3.536	salamandrivorans_liq_Developed_vs_spore_Developed	5.970849824674628	0.0001765838201198	False	True	False	False	0.7	True	False									
17592	1139.075	3.813166	salamandrivorans_liq_Developed_vs_spore_Developed	5.965158476232008	0.0001765838201198	False	True	False	False	0.7	True	False									
23040	1138.0831	3.774019	salamandrivorans_liq_Developed_vs_spore_Developed	5.900980656970816	0.0001765838201198	False	True	False	False	0.7	True	False									
18438	503.2329	1.786516	salamandrivorans_liq_Developed_vs_spore_Developed	5.705756859600906	0.0001765838201198	False	True	False	False	0.7	True	False									
23986	637.287	1.320551	salamandrivorans_liq_Developed_vs_spore_Developed	5.42556738514504	0.0001765838201198	False	True	False	False	0.7	True	False									
19601	395.1993	1.388188	salamandrivorans_liq_Developed_vs_spore_Developed	5.351811628090365	0.0001765838201198	False	True	False	False	0.7	True	False									
6963	668.3979	2.354163	salamandrivorans_liq_Developed_vs_spore_Developed	7.721566899766899	0.0001765838201198	False	True	False	False	0.6	True	False									
8191	581.3172	3.07125	salamandrivorans_liq_Developed_vs_spore_Developed	7.485311862150913	0.0001765838201198	False	True	False	False	0.6	True	False									
6737	427.2028	1.628	salamandrivorans_liq_Developed_vs_spore_Developed	7.360265041459267	0.0001765838201198	False	True	False	False	0.6	True	False									
11714	522.2984	3.131	salamandrivorans_liq_Developed_vs_spore_Developed	7.056103556157181	0.0001765838201198	False	True	False	False	0.6	True	False									
8847	524.2567	3.101167	salamandrivorans_liq_Developed_vs_spore_Developed	6.959313915661473	0.0001765838201198	False	True	False	False	0.6	True	False									
3934	666.6477	1.953758	salamandrivorans_liq_Developed_vs_spore_Developed	6.681720765644079	0.0001765838201198	False	True	False	False	0.6	True	False									
10378	765.3432	2.12488	salamandrivorans_liq_Developed_vs_spore_Developed	6.667059057462573	0.0001765838201198	False	True	False	False	0.6	True	False									
18565	452.2209	1.533	salamandrivorans_liq_Developed_vs_spore_Developed	6.515289862168013	0.0001765838201198	False	True	False	False	0.6	True	False									
12277	1089.5763	3.8295	salamandrivorans_liq_Developed_vs_spore_Developed	6.41352137912302	0.0001765838201198	False	True	False	False	0.6	True	False									
18007	914.4311	1.77	salamandrivorans_liq_Developed_vs_spore_Developed	6.116330133027537	0.0001765838201198	False	True	False	False	0.6	True	False									
22695	381.1762	0.897021	salamandrivorans_liq_Developed_vs_spore_Developed	5.21628937338327	0.0001765838201198	False	True	False	False	0.6	True	False									
13876	459.2548	3.026827	salamandrivorans_liq_Developed_vs_spore_Developed	4.621973599853304	0.0001765838201198	False	True	False	False	0.5	True	False									
8129	573.3196	1.179159	salamandrivorans_liq_Developed_vs_spore_Developed	4.598576870912878	0.0001765838201198	False	True	False	False	0.5	True	False									
14531	451.2191	1.54	salamandrivorans_liq_Developed_vs_spore_Developed	4.225855801636442	0.0001765838201198	False	True	False	False	0.5	True	False									
12231	706.8618	2.562889	salamandrivorans_liq_Developed_vs_spore_Developed	3.9265413693946174	0.0001765838201198	False	True	False	False	0.5	True	False									
15066	586.2856	0.962178	salamandrivorans_liq_Developed_vs_spore_Developed	3.199376313211933	0.0001765838201198	False	True	False	False	0.5	True	False									
16426	432.2213	2.026	salamandrivorans_liq_Developed_vs_spore_Developed	2.409879120818595	0.0001765838201198	False	True	False	False	0.5	True	False									
2565	661.648	2.199	salamandrivorans_liq_Developed_vs_spore_Developed	5.665127509255144	0.0001765838201198	False	True	False	False	0.4	True	False									
7796	362.1946	2.1745	salamandrivorans_liq_Developed_vs_spore_Developed	5.085455481600936	0.0001765838201198	False	True	False	False	0.4	True	False									
5071	666.648	2.1985	salamandrivorans_liq_Developed_vs_spore_Developed	4.720706081055075	0.0001765838201198	False	True	False	False	0.4	True	False									
7013	604.3376	3.028889	salamandrivorans_liq_Developed_vs_spore_Developed	4.520425317557399	0.0001765838201198	False	True	False	False	0.4	True	False									
15472	1138.5831	3.782379	salamandrivorans_liq_Developed_vs_spore_Developed	3.2216005689253904	0.0001765838201198	False	True	False	False	0.4	True	False									
38389	708.4289	2.732	salamandrivorans_liq_Developed_vs_spore_Developed	3.0600994462934192	0.0001765838201198	False	True	False	False	0.4	True	False									
17560	862.3832	1.832516	salamandrivorans_liq_Developed_vs_spore_Developed	2.843403955261344	0.0001765838201198	False	True	False	False	0.4	True	False									
16013	671.3331	1.259134	salamandrivorans_liq_Developed_vs_spore_Developed	2.8073858544948846	0.0001765838201198	False	True	False	False	0.4	True	False									
36152	233.1458	1.451092	salamandrivorans_liq_Developed_vs_spore_Developed	2.618982413701776	0.0001765838201198	False	True	False	False	0.4	True	False									
4295	895.402	1.691	salamandrivorans_liq_Developed_vs_spore_Developed	3.776855179618764	0.0001765838201198	False	True	False	False	0.3	True	False									
5281	747.3392	1.929	salamandrivorans_liq_Developed_vs_spore_Developed	3.579458254416698	0.0001765838201198	False	True	False	False	0.3	True	False									
8393	263.1388	3.053971	salamandrivorans_liq_Developed_vs_spore_Developed	3.520540425178283	0.0001765838201198	False	True	False	False	0.3	True	False									
7767	553.2601	1.380705	salamandrivorans_liq_Developed_vs_spore_Developed	2.735236729685648	0.0001765838201198	False	True	False	False	0.3	True	False									
21135	460.2358	1.224996	salamandrivorans_liq_Developed_vs_spore_Developed	2.450538743307093	0.0001765838201198	False	True	False	False	0.3	True	False									
4194	659.0088	2.569	salamandrivorans_liq_Developed_vs_spore_Developed	4.7281106580391805	0.0001765838201198	False	True	False	False	0.1999999999999999	True	False									
6086	663.671	2.445	salamandrivorans_liq_Developed_vs_spore_Developed	4.524921988076352	0.0001765838201198	False	True	False	False	0.1999999999999999	True	False									
6105	664.3432	2.4575	salamandrivorans_liq_Developed_vs_spore_Developed	4.0161796456153445	0.0001765838201198	False	True	False	False	0.1999999999999999	True	False									
6993	599.3398	2.555	salamandrivorans_liq_Developed_vs_spore_Developed	3.6042060227853128	0.0001765838201198	False	True	False	False	0.1999999999999999	True	False									
6210	668.4011	2.473828	salamandrivorans_liq_Developed_vs_spore_Developed	3.540999469601623	0.0001765838201198	False	True	False	False	0.1999999999999999	True	False									
6450	575.2881	2.445	salamandrivorans_liq_Developed_vs_spore_Developed	2.663850150964383	0.0001765838201198	False	True	False	False	0.1999999999999999	True	False									
14024	442.2694	2.5635	salamandrivorans_liq_Developed_vs_spore_Developed	2.555180746701872	0.0001765838201198	False	True	False	False	0.1999999999999999	True	False									
10106	519.2207	1.513367	salamandrivorans_liq_Developed_vs_spore_Developed	2.411416207298396	0.0001765838201198	False	True	False	False	0.1999999999999999	True	False									
18763	596.301	1.498899	salamandrivorans_liq_Developed_vs_spore_Developed	1.4247644873600736	0.0001765838201198	False	True	False	False	0.1999999999999999	True	False									
1499	629.3615	3.211	salamandrivorans_liq_Developed_vs_spore_Developed	6.219840374851962	0.0001765838201198	False	True	False	False	0.0999999999999999	True	False									
6508	558.3281	3.323	salamandrivorans_liq_Developed_vs_spore_Developed	5.647841859243656	0.0001765838201198	False	True	False	False	0.0999999999999999	True	False									
1388	471.2549	0.585	salamandrivorans_liq_Developed_vs_spore_Developed	3.748868357389673	0.0001765838201198	False	True	False	False	0.0999999999999999	True	False									
22721	392.2169	2.310283	salamandrivorans_liq_Developed_vs_spore_Developed	2.4643166038672883	0.0001765838201198	False	True	False	False	0.0999999999999999	True	False									
8853	363.7018	1.549367	salamandrivorans_liq_Developed_vs_spore_Developed	2.4041745489753628	0.0001765838201198	False	True	False	False	0.0999999999999999	True	False									
16068	1072.0007	1.8965	salamandrivorans_liq_Developed_vs_spore_Developed	2.1352128493518623	0.0001765838201198	False	True	False	False	0.0999999999999999	True	False									
15909	519.2637	1.88	salamandrivorans_liq_Developed_vs_spore_Developed	1.7257716832874184	0.0001765838201198	False	True	False	False	0.0999999999999999	True	False									
1995	859.4343	2.54	salamandrivorans_liq_Developed_vs_spore_Developed	4.952109904612176	0.0001765838201198	False	True	False	False	0.0	True	False									
4735	744.3549	1.58	salamandrivorans_liq_Developed_vs_spore_Developed	4.240738184109254	0.0001765838201198	False	True	False	False	0.0	True	False									
4265	664.0112	2.476	salamandrivorans_liq_Developed_vs_spore_Developed	4.051598997018712	0.0001765838201198	False	True	False	False	0.0	True	False									
14145	360.1893	2.071	salamandrivorans_liq_Developed_vs_spore_Developed	3.950945467656749	0.0001765838201198	False	True	False	False	0.0	True	False									
3295	942.9465	1.865	salamandrivorans_liq_Developed_vs_spore_Developed	3.898020726215545	0.0001765838201198	False	True	False	False	0.0	True	False									
3609	531.2795	1.6125	salamandrivorans_liq_Developed_vs_spore_Developed	3.0434216611935976	0.0001765838201198	False	True	False	False	0.0	True	False									
7100	773.4059	2.640628	salamandrivorans_liq_Developed_vs_spore_Developed	2.657691619872462	0.0001765838201198	False	True	False	False	0.0	True	False									
31749	342.2392	2.72277	salamandrivorans_liq_Developed_vs_spore_Developed	2.026481995527626	0.0001765838201198	False	True	False	False	0.0	True	False									
36815	521.7671	1.45589	salamandrivorans_liq_Developed_vs_spore_Developed	1.7028427358354818	0.0001765838201198	False	True	False	False	0.0	False	False									
24310	631.3341	3.499031	salamandrivorans_liq_Developed_vs_spore_Developed	4.110383709517114	0.0003382990598159	False	True	False	False	0.9	True	False									
8295	734.3144	1.77	salamandrivorans_liq_Developed_vs_spore_Developed	7.198741035882375	0.0003382990598159	False	True	False	False	0.6	True	False									
6764	837.4171	1.515958	salamandrivorans_liq_Developed_vs_spore_Developed	4.543471232481006	0.0003382990598159	False	True	False	False	0.5	True	False									
9820	513.2272	1.37039	salamandrivorans_liq_Developed_vs_spore_Developed	2.165415433047537	0.0003382990598159	False	True	False	False	0.1999999999999999	True	False									
3226	708.8339	2.167224	salamandrivorans_liq_Developed_vs_spore_Developed	2.071756603522519	0.0003382990598159	False	True	False	False	0.0	True	False									
4354	1089.5597	2.058	salamandrivorans_liq_Developed_vs_spore_Developed	8.055509535270835	0.0004638344108538	False	True	False	False	0.9	True	False									
5133	549.799	1.644	salamandrivorans_liq_Developed_vs_spore_Developed	7.757044133769436	0.0004638344108538	False	True	False	False	0.9	True	False									
10163	713.3889	2.13742	salamandrivorans_liq_Developed_vs_spore_Developed	7.312583367153824	0.0004638344108538	False	True	False	False	0.9	True	False									
6954	660.2953	1.498899	salamandrivorans_liq_Developed_vs_spore_Developed	7.0598847072371305	0.0004638344108538	False	True	False	False	0.9	True	False									
7795	996.6177	3.031351	salamandrivorans_liq_Developed_vs_spore_Developed	6.949841834681831	0.0004638344108538	False	True	False	False	0.9	True	False									
7661	722.3748	0.623	salamandrivorans_liq_Developed_vs_spore_Developed	6.842042819834261	0.0004638344108538	False	True	False	False	0.9	True	False									
8994	684.3979	0.730138	salamandrivorans_liq_Developed_vs_spore_Developed	6.778137887751603	0.0004638344108538	False	True	False	False	0.9	True	False									
10061	699.2881	0.698768	salamandrivorans_liq_Developed_vs_spore_Developed	6.708821275024832	0.0004638344108538	False	True	False	False	0.9	True	False									
12280	720.3899	0.701	salamandrivorans_liq_Developed_vs_spore_Developed	6.689933287320657	0.0004638344108538	False	True	False	False	0.9	True	False									
13927	837.4971	2.633319	salamandrivorans_liq_Developed_vs_spore_Developed	6.67184378191368	0.0004638344108538	False	True	False	False	0.9	True	False									
14080	1197.6927	3.815845	salamandrivorans_liq_Developed_vs_spore_Developed	6.598556704929113	0.0004638344108538	False	True	False	False	0.9	True	False									
27958	1321.5033	2.467267	salamandrivorans_liq_Developed_vs_spore_Developed	6.46740238908474	0.0004638344108538	False	True	False	False	0.9	True	False									
13647	584.2913	3.5665	salamandrivorans_liq_Developed_vs_spore_Developed	6.4335133125466	0.0004638344108538	False	True	False	False	0.9	True	False									
17280	1207.66	3.05177	salamandrivorans_liq_Developed_vs_spore_Developed	6.383077609498234	0.0004638344108538	False	True	False	False	0.9	True	False									
10110	604.3188	0.892667	salamandrivorans_liq_Developed_vs_spore_Developed	6.308100510342331	0.0004638344108538	False	True	False	False	0.9	True	False									
11553	872.3768	2.919375	salamandrivorans_liq_Developed_vs_spore_Developed	6.296701513998058	0.0004638344108538	False	True	False	False	0.9	True	False									
8826	878.8778	1.457957	salamandrivorans_liq_Developed_vs_spore_Developed	6.281928798476054	0.0004638344108538	False	True	False	False	0.9	True	False									
13064	1025.5634	0.607	salamandrivorans_liq_Developed_vs_spore_Developed	6.254500546192879	0.0004638344108538	False	True	False	False	0.9	True	False									
13255	700.3886	0.572	salamandrivorans_liq_Developed_vs_spore_Developed	6.21967167332644	0.0004638344108538	False	True	False	False	0.9	True	False									
14695	1009.4923	2.993146	salamandrivorans_liq_Developed_vs_spore_Developed	6.210770835960373	0.0004638344108538	False	True	False	False	0.9	True	False									
17201	499.2859	0.642	salamandrivorans_liq_Developed_vs_spore_Developed	6.203284684993999	0.0004638344108538	False	True	False	False	0.9	True	False									
12250	936.4622	1.5299	salamandrivorans_liq_Developed_vs_spore_Developed	6.159288863319603	0.0004638344108538	False	True	False	False	0.9	True	False									
13523	515.782	2.777	salamandrivorans_liq_Developed_vs_spore_Developed	6.146887333051184	0.0004638344108538	False	True	False	False	0.9	True	False									
15679	425.7455	1.467749	salamandrivorans_liq_Developed_vs_spore_Developed	6.016190272755588	0.0004638344108538	False	True	False	False	0.9	True	False									
16460	519.7554	1.52145	salamandrivorans_liq_Developed_vs_spore_Developed	5.998167382605754	0.0004638344108538	False	True	False	False	0.9	True	False									
15198	1025.4535	1.376473	salamandrivorans_liq_Developed_vs_spore_Developed	5.912739715873938	0.0004638344108538	False	True	False	False	0.9	True	False									
7462	663.8233	2.626	salamandrivorans_liq_Developed_vs_spore_Developed	5.888639276474132	0.0004638344108538	False	True	False	False	0.9	True	False									
18121	656.3285	2.54373	salamandrivorans_liq_Developed_vs_spore_Developed	5.850402973839167	0.0004638344108538	False	True	False	False	0.9	True	False									
13901	439.2426	2.90625	salamandrivorans_liq_Developed_vs_spore_Developed	5.839582842122603	0.0004638344108538	False	True	False	False	0.9	True	False									
18626	437.2633	3.26	salamandrivorans_liq_Developed_vs_spore_Developed	5.699738537542356	0.0004638344108538	False	True	False	False	0.9	True	False									
16506	720.3829	3.03611	salamandrivorans_liq_Developed_vs_spore_Developed	5.662501268467101	0.0004638344108538	False	True	False	False	0.9	True	False									
16597	1229.5236	1.881	salamandrivorans_liq_Developed_vs_spore_Developed	5.606974276292475	0.0004638344108538	False	True	False	False	0.9	True	False									
21705	1126.6104	3.798168	salamandrivorans_liq_Developed_vs_spore_Developed	5.596182753312089	0.0004638344108538	False	True	False	False	0.9	True	False									
16156	501.1856	1.612	salamandrivorans_liq_Developed_vs_spore_Developed	5.534334274935648	0.0004638344108538	False	True	False	False	0.9	True	False									
19542	812.476	3.637372	salamandrivorans_liq_Developed_vs_spore_Developed	5.429021363793089	0.0004638344108538	False	True	False	False	0.9	True	False									
22916	1408.7025	3.679487	salamandrivorans_liq_Developed_vs_spore_Developed	5.428313637452559	0.0004638344108538	False	True	False	False	0.9	True	False									
19658	992.5273	3.883	salamandrivorans_liq_Developed_vs_spore_Developed	5.373609474367364	0.0004638344108538	False	True	False	False	0.9	True	False									
19779	1254.6405	3.526	salamandrivorans_liq_Developed_vs_spore_Developed	5.3416728006043614	0.0004638344108538	False	True	False	False	0.9	True	False									
20939	1139.5883	3.781229	salamandrivorans_liq_Developed_vs_spore_Developed	5.330180797496973	0.0004638344108538	False	True	False	False	0.9	True	False									
23754	822.3611	1.323951	salamandrivorans_liq_Developed_vs_spore_Developed	5.3281310078777375	0.0004638344108538	False	True	False	False	0.9	True	False									
22645	1279.5974	3.462429	salamandrivorans_liq_Developed_vs_spore_Developed	5.218735510341358	0.0004638344108538	False	True	False	False	0.9	True	False									
21598	1359.1949	3.869393	salamandrivorans_liq_Developed_vs_spore_Developed	5.206633473628055	0.0004638344108538	False	True	False	False	0.9	True	False									
22133	547.7845	3.99	salamandrivorans_liq_Developed_vs_spore_Developed	5.090260424052993	0.0004638344108538	False	True	False	False	0.9	True	False									
23428	969.5353	4.0905	salamandrivorans_liq_Developed_vs_spore_Developed	5.04922444645467	0.0004638344108538	False	True	False	False	0.9	True	False									
26423	1553.7959	4.023	salamandrivorans_liq_Developed_vs_spore_Developed	4.9635007355940015	0.0004638344108538	False	True	False	False	0.9	True	False									
20253	1096.6466	4.2185	salamandrivorans_liq_Developed_vs_spore_Developed	4.872401447871533	0.0004638344108538	False	True	False	False	0.9	True	False									
26109	222.2411	3.845	salamandrivorans_liq_Developed_vs_spore_Developed	4.805165590238283	0.0004638344108538	False	True	False	False	0.9	True	False									
23971	602.3422	3.871926	salamandrivorans_liq_Developed_vs_spore_Developed	4.758606266823129	0.0004638344108538	False	True	False	False	0.9	True	False									
26195	459.7778	3.816197	salamandrivorans_liq_Developed_vs_spore_Developed	4.717894686079925	0.0004638344108538	False	True	False	False	0.9	True	False									
29242	650.3179	4.135288	salamandrivorans_liq_Developed_vs_spore_Developed	4.7024263048494905	0.0004638344108538	False	True	False	False	0.9	True	False									
26805	792.439	4.157	salamandrivorans_liq_Developed_vs_spore_Developed	4.66503224211897	0.0004638344108538	False	True	False	False	0.9	True	False									
27905	929.4851	3.971	salamandrivorans_liq_Developed_vs_spore_Developed	4.639924426371227	0.0004638344108538	False	True	False	False	0.9	True	False									
24208	1343.718	3.895924	salamandrivorans_liq_Developed_vs_spore_Developed	4.635671854769055	0.0004638344108538	False	True	False	False	0.9	True	False									
31707	1034.5465	3.931	salamandrivorans_liq_Developed_vs_spore_Developed	4.626679401302303	0.0004638344108538	False	True	False	False	0.9	True	False									
21055	785.9285	4.038082	salamandrivorans_liq_Developed_vs_spore_Developed	4.576035786763497	0.0004638344108538	False	True	False	False	0.9	True	False									
33073	664.8476	3.814111	salamandrivorans_liq_Developed_vs_spore_Developed	4.551775830008239	0.0004638344108538	False	True	False	False	0.9	True	False									
19985	547.7783	3.979	salamandrivorans_liq_Developed_vs_spore_Developed	4.55081484404313	0.0004638344108538	False	True	False	False	0.9	True	False									
25451	966.5999	4.307566	salamandrivorans_liq_Developed_vs_spore_Developed	4.372923126074382	0.0004638344108538	False	True	False	False	0.9	True	False									
27597	869.5491	4.127	salamandrivorans_liq_Developed_vs_spore_Developed	4.2736032818073175	0.0004638344108538	False	True	False	False	0.9	True	False									
32493	900.5206	4.282034	salamandrivorans_liq_Developed_vs_spore_Developed	4.255467688286952	0.0004638344108538	False	True	False	False	0.9	True	False									
26763	1128.5607	4.040319	salamandrivorans_liq_Developed_vs_spore_Developed	4.119023624017797	0.0004638344108538	False	True	False	False	0.9	True	False									
31886	828.4686	4.06263	salamandrivorans_liq_Developed_vs_spore_Developed	4.0603923324096645	0.0004638344108538	False	True	False	False	0.9	True	False									
34141	615.33	4.222	salamandrivorans_liq_Developed_vs_spore_Developed	4.019504537130787	0.0004638344108538	False	True	False	False	0.9	True	False									
36931	990.5403	4.185	salamandrivorans_liq_Developed_vs_spore_Developed	4.001920987882733	0.0004638344108538	False	True	False	False	0.9	True	False									
35044	785.3139	4.0775	salamandrivorans_liq_Developed_vs_spore_Developed	3.9022105976287578	0.0004638344108538	False	True	False	False	0.9	True	False									
35149	752.4291	3.9865	salamandrivorans_liq_Developed_vs_spore_Developed	3.890191465702904	0.0004638344108538	False	True	False	False	0.9	True	False									
29692	360.1931	4.072303	salamandrivorans_liq_Developed_vs_spore_Developed	3.8535048861630576	0.0004638344108538	False	True	False	False	0.9	True	False									
32878	762.4176	3.973	salamandrivorans_liq_Developed_vs_spore_Developed	3.7913784510573074	0.0004638344108538	False	True	False	False	0.9	True	False									
37903	721.8924	4.397111	salamandrivorans_liq_Developed_vs_spore_Developed	3.786556187580212	0.0004638344108538	False	True	False	False	0.9	True	False									
35333	903.4885	4.303099	salamandrivorans_liq_Developed_vs_spore_Developed	3.673748004481959	0.0004638344108538	False	True	False	False	0.9	True	False									
36411	1153.6185	4.543247	salamandrivorans_liq_Developed_vs_spore_Developed	3.5833452554924183	0.0004638344108538	False	True	False	False	0.9	True	False									
28489	1114.5944	4.669988	salamandrivorans_liq_Developed_vs_spore_Developed	3.574431104954046	0.0004638344108538	False	True	False	False	0.9	True	False									
33977	770.9432	4.349945	salamandrivorans_liq_Developed_vs_spore_Developed	3.548744644225772	0.0004638344108538	False	True	False	False	0.9	True	False									
28920	771.4568	4.31983	salamandrivorans_liq_Developed_vs_spore_Developed	3.536897936860277	0.0004638344108538	False	True	False	False	0.9	True	False									
29603	720.8878	4.430136	salamandrivorans_liq_Developed_vs_spore_Developed	3.519384960348693	0.0004638344108538	False	True	False	False	0.9	True	False									
36468	780.3556	4.065	salamandrivorans_liq_Developed_vs_spore_Developed	3.5118751709320053	0.0004638344108538	False	True	False	False	0.9	True	False									
36041	1092.5842	4.610828	salamandrivorans_liq_Developed_vs_spore_Developed	3.422480834238468	0.0004638344108538	False	True	False	False	0.9	True	False									
27874	545.2824	3.9835	salamandrivorans_liq_Developed_vs_spore_Developed	3.366283807227284	0.0004638344108538	False	True	False	False	0.9	True	False									
38216	771.4416	4.50136	salamandrivorans_liq_Developed_vs_spore_Developed	3.0042681465415946	0.0004638344108538	False	True	False	False	0.9	True	False									
38278	334.2773	4.641293	salamandrivorans_liq_Developed_vs_spore_Developed	2.9871173747698387	0.0004638344108538	False	True	False	False	0.9	True	False									
26326	624.3592	4.54313	salamandrivorans_liq_Developed_vs_spore_Developed	2.898449692798859	0.0004638344108538	False	True	False	False	0.9	True	False									
4785	1093.5774	2.809448	salamandrivorans_liq_Developed_vs_spore_Developed	8.384745333307933	0.0004638344108538	False	True	False	False	0.8	True	False									
10269	491.2624	0.6825	salamandrivorans_liq_Developed_vs_spore_Developed	7.594578595802688	0.0004638344108538	False	True	False	False	0.8	True	False									
12303	466.2268	0.647	salamandrivorans_liq_Developed_vs_spore_Developed	7.054343898584842	0.0004638344108538	False	True	False	False	0.8	True	False									
15999	781.363	2.151336	salamandrivorans_liq_Developed_vs_spore_Developed	6.478318731602824	0.0004638344108538	False	True	False	False	0.8	True	False									
12007	428.2091	1.011802	salamandrivorans_liq_Developed_vs_spore_Developed	6.116872563105707	0.0004638344108538	False	True	False	False	0.8	True	False									
14408	870.449	2.5485	salamandrivorans_liq_Developed_vs_spore_Developed	5.988581965501301	0.0004638344108538	False	True	False	False	0.8	True	False									
16808	713.3457	1.356126	salamandrivorans_liq_Developed_vs_spore_Developed	5.946459162250625	0.0004638344108538	False	True	False	False	0.8	True	False									
18052	944.4702	2.987396	salamandrivorans_liq_Developed_vs_spore_Developed	5.872972655869934	0.0004638344108538	False	True	False	False	0.8	True	False									
11461	489.7479	2.696327	salamandrivorans_liq_Developed_vs_spore_Developed	5.7018247084444935	0.0004638344108538	False	True	False	False	0.8	True	False									
24062	926.5089	3.438	salamandrivorans_liq_Developed_vs_spore_Developed	5.564451754805508	0.0004638344108538	False	True	False	False	0.8	True	False									
13516	520.2321	3.371	salamandrivorans_liq_Developed_vs_spore_Developed	5.023203033642283	0.0004638344108538	False	True	False	False	0.8	True	False									
36959	256.1904	4.204	salamandrivorans_liq_Developed_vs_spore_Developed	3.7504176311156576	0.0004638344108538	False	True	False	False	0.8	True	False									
21932	1228.5492	1.272231	salamandrivorans_liq_Developed_vs_spore_Developed	5.2649936091469325	0.0004638344108538	False	True	False	False	0.7	True	False									
7525	689.3779	2.7275	salamandrivorans_liq_Developed_vs_spore_Developed	6.302519356305163	0.0004638344108538	False	True	False	False	0.6	True	False									
5891	994.4515	3.549	salamandrivorans_liq_Developed_vs_spore_Developed	3.811029642839346	0.0004638344108538	False	True	False	False	0.5	True	False									
19728	682.8246	1.452654	salamandrivorans_liq_Developed_vs_spore_Developed	2.073535915011577	0.0004638344108538	False	True	False	False	0.4	True	False									
10071	1308.6827	3.156465	salamandrivorans_liq_Developed_vs_spore_Developed	7.424259766432835	0.0005809761155726	False	True	False	False	0.9	True	False									
12628	586.2664	1.549733	salamandrivorans_liq_Developed_vs_spore_Developed	7.28852565720315	0.0005809761155726	False	True	False	False	0.9	True	False									
7166	559.3279	0.86775	salamandrivorans_liq_Developed_vs_spore_Developed	7.140070415619887	0.0005809761155726	False	True	False	False	0.9	True	False									
7662	756.4041	1.251876	salamandrivorans_liq_Developed_vs_spore_Developed	6.713065640316458	0.0005809761155726	False	True	False	False	0.9	True	False									
11491	405.7291	3.178644	salamandrivorans_liq_Developed_vs_spore_Developed	6.242655321567186	0.0005809761155726	False	True	False	False	0.9	True	False									
15403	831.439	3.243	salamandrivorans_liq_Developed_vs_spore_Developed	6.184280491466787	0.0005809761155726	False	True	False	False	0.9	True	False									
20595	421.244	2.166	salamandrivorans_liq_Developed_vs_spore_Developed	5.771243753000757	0.0005809761155726	False	True	False	False	0.9	True	False									
16410	735.3688	1.291775	salamandrivorans_liq_Developed_vs_spore_Developed	5.644986289188466	0.0005809761155726	False	True	False	False	0.9	True	False									
18745	361.1715	1.275645	salamandrivorans_liq_Developed_vs_spore_Developed	5.4374997068063005	0.0005809761155726	False	True	False	False	0.9	True	False									
19045	978.4695	3.947	salamandrivorans_liq_Developed_vs_spore_Developed	5.426471016413907	0.0005809761155726	False	True	False	False	0.9	True	False									
21242	776.4399	3.668052	salamandrivorans_liq_Developed_vs_spore_Developed	5.408604343784307	0.0005809761155726	False	True	False	False	0.9	True	False									
23291	873.392	1.245957	salamandrivorans_liq_Developed_vs_spore_Developed	4.784339153834976	0.0005809761155726	False	True	False	False	0.9	True	False									
31298	924.5586	3.929	salamandrivorans_liq_Developed_vs_spore_Developed	4.6388806281403	0.0005809761155726	False	True	False	False	0.9	True	False									
27087	899.5165	4.349	salamandrivorans_liq_Developed_vs_spore_Developed	4.578631610474375	0.0005809761155726	False	True	False	False	0.9	True	False									
24762	481.2409	2.744	salamandrivorans_liq_Developed_vs_spore_Developed	5.442253092325586	0.0005809761155726	False	True	False	False	0.8	True	False									
4338	666.9821	1.96475	salamandrivorans_liq_Developed_vs_spore_Developed	6.662943115038224	0.0005809761155726	False	True	False	False	0.7	True	False									
6393	921.4475	1.481333	salamandrivorans_liq_Developed_vs_spore_Developed	6.639594518161046	0.0005809761155726	False	True	False	False	0.7	True	False									
10817	427.7016	1.628	salamandrivorans_liq_Developed_vs_spore_Developed	5.992267942924314	0.0005809761155726	False	True	False	False	0.7	True	False									
8319	801.3984	2.55673	salamandrivorans_liq_Developed_vs_spore_Developed	2.882180212766269	0.0005809761155726	False	True	False	False	0.1999999999999999	True	False									
7774	596.3428	1.92	salamandrivorans_liq_Developed_vs_spore_Developed	2.1751286351181074	0.0005809761155726	False	True	False	False	0.0999999999999999	True	False									
12809	543.3144	2.524	salamandrivorans_liq_Developed_vs_spore_Developed	2.4370974663253127	0.0005809761155726	False	True	False	False	0.0	True	False									
5059	701.3478	0.58825	salamandrivorans_liq_Developed_vs_spore_Developed	8.347743165347891	0.0006631540978736	False	True	False	False	0.9	True	False									
4316	713.3559	1.012401	salamandrivorans_liq_Developed_vs_spore_Developed	8.204793533721373	0.0006631540978736	False	True	False	False	0.9	True	False									
13855	859.902	2.097694	salamandrivorans_liq_Developed_vs_spore_Developed	6.529255535011167	0.0006631540978736	False	True	False	False	0.9	True	False									
13741	461.5744	1.969127	salamandrivorans_liq_Developed_vs_spore_Developed	6.4485415942231175	0.0006631540978736	False	True	False	False	0.9	True	False									
15355	626.8379	2.298465	salamandrivorans_liq_Developed_vs_spore_Developed	6.184185439772307	0.0006631540978736	False	True	False	False	0.9	True	False									
17960	586.3136	2.966667	salamandrivorans_liq_Developed_vs_spore_Developed	5.775471581648658	0.0006631540978736	False	True	False	False	0.9	True	False									
19978	792.4272	4.126	salamandrivorans_liq_Developed_vs_spore_Developed	5.673592642830706	0.0006631540978736	False	True	False	False	0.9	True	False									
17546	493.7818	3.132	salamandrivorans_liq_Developed_vs_spore_Developed	5.617221805688341	0.0006631540978736	False	True	False	False	0.9	True	False									
18559	874.4473	3.454265	salamandrivorans_liq_Developed_vs_spore_Developed	4.89585841188712	0.0006631540978736	False	True	False	False	0.9	True	False									
30183	726.3981	4.039351	salamandrivorans_liq_Developed_vs_spore_Developed	4.879952634384797	0.0006631540978736	False	True	False	False	0.9	True	False									
24660	745.4256	3.674642	salamandrivorans_liq_Developed_vs_spore_Developed	4.877046817125296	0.0006631540978736	False	True	False	False	0.9	True	False									
26278	612.8105	3.575	salamandrivorans_liq_Developed_vs_spore_Developed	4.861830372984471	0.0006631540978736	False	True	False	False	0.9	True	False									
28768	1050.5256	3.905	salamandrivorans_liq_Developed_vs_spore_Developed	4.744097005530607	0.0006631540978736	False	True	False	False	0.9	True	False									
26954	921.461	3.919074	salamandrivorans_liq_Developed_vs_spore_Developed	4.704136697983175	0.0006631540978736	False	True	False	False	0.9	True	False									
33868	599.8243	4.013	salamandrivorans_liq_Developed_vs_spore_Developed	4.654495688695524	0.0006631540978736	False	True	False	False	0.9	True	False									
26304	1061.5809	3.893354	salamandrivorans_liq_Developed_vs_spore_Developed	4.592775148067965	0.0006631540978736	False	True	False	False	0.9	True	False									
30132	1535.8391	4.001466	salamandrivorans_liq_Developed_vs_spore_Developed	4.477329394251201	0.0006631540978736	False	True	False	False	0.9	True	False									
23171	415.185	3.637414	salamandrivorans_liq_Developed_vs_spore_Developed	4.251481248018072	0.0006631540978736	False	True	False	False	0.9	True	False									
24842	505.2631	3.934729	salamandrivorans_liq_Developed_vs_spore_Developed	4.213139497643886	0.0006631540978736	False	True	False	False	0.9	True	False									
38087	755.8929	4.165	salamandrivorans_liq_Developed_vs_spore_Developed	3.9471296463755032	0.0006631540978736	False	True	False	False	0.9	True	False									
34863	886.9742	4.56944	salamandrivorans_liq_Developed_vs_spore_Developed	3.844864573409096	0.0006631540978736	False	True	False	False	0.9	True	False									
37584	645.8482	4.087	salamandrivorans_liq_Developed_vs_spore_Developed	3.7969490142592206	0.0006631540978736	False	True	False	False	0.9	True	False									
36114	814.4473	4.361821	salamandrivorans_liq_Developed_vs_spore_Developed	3.638376962522318	0.0006631540978736	False	True	False	False	0.9	True	False									
29988	1325.6844	4.344072	salamandrivorans_liq_Developed_vs_spore_Developed	3.5368334511752235	0.0006631540978736	False	True	False	False	0.9	True	False									
35791	548.8265	4.232	salamandrivorans_liq_Developed_vs_spore_Developed	3.361264774519141	0.0006631540978736	False	True	False	False	0.9	True	False									
35869	866.4919	4.511077	salamandrivorans_liq_Developed_vs_spore_Developed	3.2615444463297005	0.0006631540978736	False	True	False	False	0.9	True	False									
36863	615.8364	4.463678	salamandrivorans_liq_Developed_vs_spore_Developed	2.725167606416209	0.0006631540978736	False	True	False	False	0.9	True	False									
37640	1101.0953	4.59413	salamandrivorans_liq_Developed_vs_spore_Developed	2.570191467036294	0.0006631540978736	False	True	False	False	0.9	True	False									
32669	402.2987	4.746387	salamandrivorans_liq_Developed_vs_spore_Developed	2.411220362797993	0.0006631540978736	False	True	False	False	0.9	True	False									
7020	881.403	1.982268	salamandrivorans_liq_Developed_vs_spore_Developed	7.648161481832595	0.0006631540978736	False	True	False	False	0.8	True	False									
7705	788.3984	2.240885	salamandrivorans_liq_Developed_vs_spore_Developed	7.550554273616399	0.0006631540978736	False	True	False	False	0.8	True	False									
4686	666.982	2.199	salamandrivorans_liq_Developed_vs_spore_Developed	7.21024441354169	0.0006631540978736	False	True	False	False	0.8	True	False									
6301	656.3382	1.675	salamandrivorans_liq_Developed_vs_spore_Developed	8.40796473871008	0.0006631540978736	False	True	False	False	0.7	True	False									
10436	773.3828	2.714681	salamandrivorans_liq_Developed_vs_spore_Developed	7.361074576018219	0.0006631540978736	False	True	False	False	0.7	True	False									
19649	512.2513	3.359	salamandrivorans_liq_Developed_vs_spore_Developed	5.757762430815286	0.0006631540978736	False	True	False	False	0.6	True	False									
9435	435.211	0.565062	salamandrivorans_liq_Developed_vs_spore_Developed	1.9132804488432515	0.0006631540978736	False	True	False	False	0.4	False	False									
5158	547.2871	2.809104	salamandrivorans_liq_Developed_vs_spore_Developed	2.270395118507601	0.0006631540978736	False	True	False	False	0.1999999999999999	True	False									
10223	1014.9864	2.329	salamandrivorans_liq_Developed_vs_spore_Developed	2.756307011001333	0.0006631540978736	False	True	False	False	0.0999999999999999	True	False									
8309	536.798	3.015245	salamandrivorans_liq_Developed_vs_spore_Developed	6.951321181898036	0.0007733684409005	False	True	False	False	0.9	True	False									
12966	971.5101	0.602	salamandrivorans_liq_Developed_vs_spore_Developed	6.941026579143918	0.0007733684409005	False	True	False	False	0.9	True	False									
11452	478.7484	2.62566	salamandrivorans_liq_Developed_vs_spore_Developed	6.462611405733799	0.0007733684409005	False	True	False	False	0.9	True	False									
20882	521.2648	2.6985	salamandrivorans_liq_Developed_vs_spore_Developed	5.234973285046462	0.0007733684409005	False	True	False	False	0.9	True	False									
22777	655.3533	3.8665	salamandrivorans_liq_Developed_vs_spore_Developed	4.649179632512096	0.0007733684409005	False	True	False	False	0.9	True	False									
25363	843.3438	1.189826	salamandrivorans_liq_Developed_vs_spore_Developed	4.306172243754066	0.0007733684409005	False	True	False	False	0.9	True	False									
32066	1296.7067	4.128	salamandrivorans_liq_Developed_vs_spore_Developed	4.15762341926451	0.0007733684409005	False	True	False	False	0.9	True	False									
30252	765.9044	4.555854	salamandrivorans_liq_Developed_vs_spore_Developed	3.1594755042711378	0.0007733684409005	False	True	False	False	0.9	True	False									
14263	816.3536	2.69	salamandrivorans_liq_Developed_vs_spore_Developed	6.564227104025417	0.0007733684409005	False	True	False	False	0.8	True	False									
10948	302.1339	0.6345	salamandrivorans_liq_Developed_vs_spore_Developed	6.173305779344378	0.0007733684409005	False	True	False	False	0.8	True	False									
22849	470.7084	3.243	salamandrivorans_liq_Developed_vs_spore_Developed	6.067399247915938	0.0007733684409005	False	True	False	False	0.8	True	False									
19299	284.1643	1.434	salamandrivorans_liq_Developed_vs_spore_Developed	5.67618303715614	0.0007733684409005	False	True	False	False	0.8	True	False									
17905	501.7498	1.26346	salamandrivorans_liq_Developed_vs_spore_Developed	5.315887149787996	0.0007733684409005	False	True	False	False	0.8	True	False									
31708	293.6643	1.189826	salamandrivorans_liq_Developed_vs_spore_Developed	3.960397611235513	0.0007733684409005	False	True	False	False	0.8	True	False									
4702	658.3754	1.833	salamandrivorans_liq_Developed_vs_spore_Developed	8.000246357432191	0.0007733684409005	False	True	False	False	0.7	True	False									
16400	1107.5321	3.615121	salamandrivorans_liq_Developed_vs_spore_Developed	6.670467972431661	0.0007733684409005	False	True	False	False	0.7	True	False									
24219	708.4297	2.665	salamandrivorans_liq_Developed_vs_spore_Developed	6.771386240743595	0.0007733684409005	False	True	False	False	0.6	True	False									
14589	652.8434	3.693776	salamandrivorans_liq_Developed_vs_spore_Developed	4.20998069729672	0.0008917960907832	False	True	False	False	0.7	True	False									
10987	719.3563	2.602	salamandrivorans_liq_Developed_vs_spore_Developed	6.774794299404083	0.0008917960907832	False	True	False	False	0.6000000000000001	True	False									
8983	806.3694	2.266918	salamandrivorans_liq_Developed_vs_spore_Developed	6.490072637718255	0.0008917960907832	False	True	False	False	0.6000000000000001	True	False									
20647	681.2753	1.329541	salamandrivorans_liq_Developed_vs_spore_Developed	5.007639482808624	0.0008917960907832	False	True	False	False	0.6000000000000001	True	False									
6881	514.2659	0.59	salamandrivorans_liq_Developed_vs_spore_Developed	3.1650108078584576	0.0008917960907832	False	True	False	False	0.5	True	False									
4648	587.2444	2.026	salamandrivorans_liq_Developed_vs_spore_Developed	4.8722900872128285	0.001012483675015	False	True	False	False	0.5	True	False									
5307	864.4163	1.442424	salamandrivorans_liq_Developed_vs_spore_Developed	3.9943312902106047	0.001012483675015	False	True	False	False	0.5	True	False									
5606	302.1624	1.802	salamandrivorans_liq_Developed_vs_spore_Developed	3.214018022726626	0.0011302364526731	False	True	False	False	0.4	True	False									
27896	919.4077	1.793	salamandrivorans_liq_Developed_vs_spore_Developed	6.115980027014836	0.0012483407441623	False	True	False	False	0.8	True	False									
15970	539.2458	1.355	salamandrivorans_liq_Developed_vs_spore_Developed	1.4755426609086992	0.0012483407441623	False	True	False	False	0.4	True	False									
8064	864.4296	1.419	salamandrivorans_liq_Developed_vs_spore_Developed	2.426071146139342	0.0012483407441623	False	True	False	False	0.0999999999999999	True	False									
8387	916.9267	2.373	salamandrivorans_liq_Developed_vs_spore_Developed	4.6938630778149	0.001366076014993	False	True	False	False	0.4	True	False									
6972	988.5263	4.042664	salamandrivorans_liq_Developed_vs_spore_Developed	7.687713191058996	0.0014762731403598	False	True	False	False	0.8	True	False									
20058	1007.5397	3.655922	salamandrivorans_liq_Developed_vs_spore_Developed	5.523928803212566	0.0014762731403598	False	True	False	False	0.8	True	False									
21761	823.5148	3.227832	salamandrivorans_liq_Developed_vs_spore_Developed	5.31680362655566	0.0014762731403598	False	True	False	False	0.8	True	False									
27232	519.2442	3.637279	salamandrivorans_liq_Developed_vs_spore_Developed	4.944780881169419	0.0014762731403598	False	True	False	False	0.8	True	False									
36438	982.0344	4.127233	salamandrivorans_liq_Developed_vs_spore_Developed	4.145385362134208	0.0014762731403598	False	True	False	False	0.8	True	False									
35935	510.7266	4.057	salamandrivorans_liq_Developed_vs_spore_Developed	3.1256949412082524	0.0014762731403598	False	True	False	False	0.8	True	False									
36718	905.476	4.561483	salamandrivorans_liq_Developed_vs_spore_Developed	2.6145486453774898	0.0014762731403598	False	True	False	False	0.8	True	False									
15759	1050.4895	1.582	salamandrivorans_liq_Developed_vs_spore_Developed	6.188317137019045	0.0014762731403598	False	True	False	False	0.7000000000000001	True	False									
23237	658.3351	1.598	salamandrivorans_liq_Developed_vs_spore_Developed	5.143574556375973	0.0014762731403598	False	True	False	False	0.7000000000000001	True	False									
23039	662.3586	3.536	salamandrivorans_liq_Developed_vs_spore_Developed	4.996132296378468	0.0014762731403598	False	True	False	False	0.7000000000000001	True	False									
18350	815.3942	0.666548	salamandrivorans_liq_Developed_vs_spore_Developed	5.569407858737725	0.0014762731403598	False	True	False	False	0.5	True	False									
952	351.1744	0.5805	salamandrivorans_liq_Developed_vs_spore_Developed	5.808306736492223	0.0014762731403598	False	True	False	False	0.4	True	False									
14292	828.3665	0.591	salamandrivorans_liq_Developed_vs_spore_Developed	6.535625785085309	0.0015891233425183	False	True	False	False	0.8	True	False									
10045	447.725	0.5815	salamandrivorans_liq_Developed_vs_spore_Developed	6.37069008444698	0.0015891233425183	False	True	False	False	0.8	True	False									
3867	670.335	0.6005	salamandrivorans_liq_Developed_vs_spore_Developed	8.074402468432842	0.0016896894322125	False	True	False	False	0.8	True	False									
12562	335.6902	0.574	salamandrivorans_liq_Developed_vs_spore_Developed	6.625212817857867	0.0016896894322125	False	True	False	False	0.8	True	False									
15130	653.3412	2.65	salamandrivorans_liq_Developed_vs_spore_Developed	6.427734550752017	0.0016896894322125	False	True	False	False	0.8	True	False									
20732	1207.6796	3.022989	salamandrivorans_liq_Developed_vs_spore_Developed	6.281093014954752	0.0016896894322125	False	True	False	False	0.8	True	False									
19401	891.449	3.371	salamandrivorans_liq_Developed_vs_spore_Developed	5.9049507610353	0.0016896894322125	False	True	False	False	0.8	True	False									
21468	1103.6105	3.888019	salamandrivorans_liq_Developed_vs_spore_Developed	4.987006112557719	0.0016896894322125	False	True	False	False	0.8	True	False									
16740	860.4518	0.6495	salamandrivorans_liq_Developed_vs_spore_Developed	5.974248845910949	0.0016896894322125	False	True	False	False	0.7000000000000001	True	False									
18589	540.2755	0.637	salamandrivorans_liq_Developed_vs_spore_Developed	6.210942945078987	0.0016896894322125	False	True	False	False	0.7	True	False									
7080	517.7665	1.383109	salamandrivorans_liq_Developed_vs_spore_Developed	2.083879306494952	0.0016896894322125	False	True	False	False	0.1999999999999999	True	False									
5981	529.2399	1.666	salamandrivorans_liq_Developed_vs_spore_Developed	8.02796568575853	0.001769089207399	False	True	False	False	0.8	True	False									
6840	529.2448	1.642516	salamandrivorans_liq_Developed_vs_spore_Developed	7.730979246465683	0.001769089207399	False	True	False	False	0.8	True	False									
8975	952.3426	2.713	salamandrivorans_liq_Developed_vs_spore_Developed	6.6134873011161	0.001769089207399	False	True	False	False	0.8	True	False									
11890	517.0073	1.5795	salamandrivorans_liq_Developed_vs_spore_Developed	5.989015800201127	0.001769089207399	False	True	False	False	0.8	True	False									
10520	576.7584	0.932692	salamandrivorans_liq_Developed_vs_spore_Developed	5.852403720409693	0.001769089207399	False	True	False	False	0.8	True	False									
25910	840.4592	3.624792	salamandrivorans_liq_Developed_vs_spore_Developed	4.43338974557272	0.001769089207399	False	True	False	False	0.8	True	False									
37709	600.3421	4.352749	salamandrivorans_liq_Developed_vs_spore_Developed	3.715938177337012	0.001769089207399	False	True	False	False	0.8	True	False									
35922	509.8037	4.057	salamandrivorans_liq_Developed_vs_spore_Developed	2.942834202794773	0.001769089207399	False	True	False	False	0.8	True	False									
38318	842.9372	4.286914	salamandrivorans_liq_Developed_vs_spore_Developed	2.7782966050718665	0.001769089207399	False	True	False	False	0.8	True	False									
37182	720.3647	4.226	salamandrivorans_liq_Developed_vs_spore_Developed	2.568736346199372	0.001769089207399	False	True	False	False	0.8	True	False									
13221	786.4211	3.223449	salamandrivorans_liq_Developed_vs_spore_Developed	5.870157988506142	0.001769089207399	False	True	False	False	0.7000000000000001	True	False									
17006	811.3677	0.625	salamandrivorans_liq_Developed_vs_spore_Developed	1.3572982407809184	0.001769089207399	False	True	False	False	0.3	True	False									
9910	987.0122	2.587	salamandrivorans_liq_Developed_vs_spore_Developed	6.73505328534864	0.0018160722045598	False	True	False	False	0.8	True	False									
9987	919.4634	1.723	salamandrivorans_liq_Developed_vs_spore_Developed	6.3908357878898885	0.0018160722045598	False	True	False	False	0.8	True	False									
13763	279.1474	0.581	salamandrivorans_liq_Developed_vs_spore_Developed	5.957228993545036	0.0018160722045598	False	True	False	False	0.8	True	False									
13810	849.4314	1.7065	salamandrivorans_liq_Developed_vs_spore_Developed	5.92818160906906	0.0018160722045598	False	True	False	False	0.8	True	False									
11906	714.4039	2.004557	salamandrivorans_liq_Developed_vs_spore_Developed	5.91924686210778	0.0018160722045598	False	True	False	False	0.8	True	False									
11218	694.6756	1.452654	salamandrivorans_liq_Developed_vs_spore_Developed	5.78034048015528	0.0018160722045598	False	True	False	False	0.8	True	False									
18897	432.2038	2.383	salamandrivorans_liq_Developed_vs_spore_Developed	5.7616350457113255	0.0018160722045598	False	True	False	False	0.8	True	False									
17662	532.761	1.347	salamandrivorans_liq_Developed_vs_spore_Developed	5.760777602713995	0.0018160722045598	False	True	False	False	0.8	True	False									
11212	886.9889	3.637769	salamandrivorans_liq_Developed_vs_spore_Developed	5.608901173522135	0.0018160722045598	False	True	False	False	0.8	True	False									
21361	922.5363	3.831445	salamandrivorans_liq_Developed_vs_spore_Developed	5.608837710841012	0.0018160722045598	False	True	False	False	0.8	True	False									
8498	588.2492	2.476613	salamandrivorans_liq_Developed_vs_spore_Developed	5.585700741240008	0.0018160722045598	False	True	False	False	0.8	True	False									
21504	691.3705	1.328616	salamandrivorans_liq_Developed_vs_spore_Developed	5.552724008400859	0.0018160722045598	False	True	False	False	0.8	True	False									
21237	982.502	3.857	salamandrivorans_liq_Developed_vs_spore_Developed	5.527244384171097	0.0018160722045598	False	True	False	False	0.8	True	False									
14650	513.7283	1.372738	salamandrivorans_liq_Developed_vs_spore_Developed	5.5092222022125625	0.0018160722045598	False	True	False	False	0.8	True	False									
22485	1007.5541	3.654538	salamandrivorans_liq_Developed_vs_spore_Developed	5.423335528954964	0.0018160722045598	False	True	False	False	0.8	True	False									
23056	795.4607	2.99675	salamandrivorans_liq_Developed_vs_spore_Developed	5.407980362113253	0.0018160722045598	False	True	False	False	0.8	True	False									
26741	1091.5736	3.847	salamandrivorans_liq_Developed_vs_spore_Developed	5.381993706642538	0.0018160722045598	False	True	False	False	0.8	True	False									
15496	512.7511	3.37	salamandrivorans_liq_Developed_vs_spore_Developed	5.299792029054488	0.0018160722045598	False	True	False	False	0.8	True	False									
14523	479.7734	3.006813	salamandrivorans_liq_Developed_vs_spore_Developed	5.282524970972813	0.0018160722045598	False	True	False	False	0.8	True	False									
22770	1078.5659	3.845	salamandrivorans_liq_Developed_vs_spore_Developed	5.236180160278406	0.0018160722045598	False	True	False	False	0.8	True	False									
22182	785.3443	0.766	salamandrivorans_liq_Developed_vs_spore_Developed	5.218330018118663	0.0018160722045598	False	True	False	False	0.8	True	False									
19377	542.2944	0.826	salamandrivorans_liq_Developed_vs_spore_Developed	5.213637794557607	0.0018160722045598	False	True	False	False	0.8	True	False									
19343	624.3743	3.646604	salamandrivorans_liq_Developed_vs_spore_Developed	5.211123575852918	0.0018160722045598	False	True	False	False	0.8	True	False									
23485	1351.2046	3.861011	salamandrivorans_liq_Developed_vs_spore_Developed	5.109205331718622	0.0018160722045598	False	True	False	False	0.8	True	False									
13834	681.4213	3.403222	salamandrivorans_liq_Developed_vs_spore_Developed	4.997157854081496	0.0018160722045598	False	True	False	False	0.8	True	False									
21740	536.774	3.437511	salamandrivorans_liq_Developed_vs_spore_Developed	4.901005429166926	0.0018160722045598	False	True	False	False	0.8	True	False									
23390	935.4796	3.468187	salamandrivorans_liq_Developed_vs_spore_Developed	4.695551767250879	0.0018160722045598	False	True	False	False	0.8	True	False									
27332	1283.6299	3.746355	salamandrivorans_liq_Developed_vs_spore_Developed	4.680926305137606	0.0018160722045598	False	True	False	False	0.8	True	False									
16978	448.7042	1.466	salamandrivorans_liq_Developed_vs_spore_Developed	4.66721457474969	0.0018160722045598	False	True	False	False	0.8	True	False									
26914	943.3999	3.848569	salamandrivorans_liq_Developed_vs_spore_Developed	4.615316808836319	0.0018160722045598	False	True	False	False	0.8	True	False									
26148	578.8386	3.69875	salamandrivorans_liq_Developed_vs_spore_Developed	4.457090169948754	0.0018160722045598	False	True	False	False	0.8	True	False									
32643	647.8715	3.930839	salamandrivorans_liq_Developed_vs_spore_Developed	4.407529566186496	0.0018160722045598	False	True	False	False	0.8	True	False									
25059	521.3267	3.729509	salamandrivorans_liq_Developed_vs_spore_Developed	4.354109455318418	0.0018160722045598	False	True	False	False	0.8	True	False									
25513	392.7179	3.603	salamandrivorans_liq_Developed_vs_spore_Developed	3.995661683177683	0.0018160722045598	False	True	False	False	0.8	True	False									
34397	938.5687	4.121	salamandrivorans_liq_Developed_vs_spore_Developed	3.913143000491332	0.0018160722045598	False	True	False	False	0.8	True	False									
33435	778.9003	3.963	salamandrivorans_liq_Developed_vs_spore_Developed	3.8502885989322944	0.0018160722045598	False	True	False	False	0.8	True	False									
28404	521.8303	3.746498	salamandrivorans_liq_Developed_vs_spore_Developed	3.8375092148295487	0.0018160722045598	False	True	False	False	0.8	True	False									
31333	680.8704	3.979	salamandrivorans_liq_Developed_vs_spore_Developed	3.8099766918051374	0.0018160722045598	False	True	False	False	0.8	True	False									
31782	769.4135	4.133	salamandrivorans_liq_Developed_vs_spore_Developed	3.804244844236093	0.0018160722045598	False	True	False	False	0.8	True	False									
34355	1191.7245	4.282034	salamandrivorans_liq_Developed_vs_spore_Developed	3.2888720304568526	0.0018160722045598	False	True	False	False	0.8	True	False									
28430	302.2337	4.759397	salamandrivorans_liq_Developed_vs_spore_Developed	3.1430948448807694	0.0018160722045598	False	True	False	False	0.8	True	False									
32661	861.5791	4.545825	salamandrivorans_liq_Developed_vs_spore_Developed	3.015420980883168	0.0018160722045598	False	True	False	False	0.8	True	False									
13365	1191.0551	2.45	salamandrivorans_liq_Developed_vs_spore_Developed	6.81809035374843	0.0018160722045598	False	True	False	False	0.7000000000000001	True	False									
8472	636.2576	1.658	salamandrivorans_liq_Developed_vs_spore_Developed	6.551196356554018	0.0018160722045598	False	True	False	False	0.7000000000000001	True	False									
15578	653.8179	1.481983	salamandrivorans_liq_Developed_vs_spore_Developed	5.322064312313159	0.0018160722045598	False	True	False	False	0.7000000000000001	True	False									
15255	424.2536	1.011802	salamandrivorans_liq_Developed_vs_spore_Developed	5.2181380865290095	0.0018160722045598	False	True	False	False	0.7000000000000001	True	False									
21064	667.373	2.76	salamandrivorans_liq_Developed_vs_spore_Developed	5.09444248035501	0.0018160722045598	False	True	False	False	0.7000000000000001	True	False									
22244	676.8279	1.304712	salamandrivorans_liq_Developed_vs_spore_Developed	4.846803594301765	0.0018160722045598	False	True	False	False	0.7000000000000001	True	False									
17467	563.3203	3.276	salamandrivorans_liq_Developed_vs_spore_Developed	5.766947976160159	0.0018936021900605	False	True	False	False	0.8	True	False									
25136	415.751	3.287	salamandrivorans_liq_Developed_vs_spore_Developed	5.729848682747493	0.0018936021900605	False	True	False	False	0.8	True	False									
11488	883.5313	0.779	salamandrivorans_liq_Developed_vs_spore_Developed	5.421887253312799	0.0018936021900605	False	True	False	False	0.8	True	False									
21443	1217.6526	3.835222	salamandrivorans_liq_Developed_vs_spore_Developed	5.085103251616558	0.0018936021900605	False	True	False	False	0.8	True	False									
33210	919.567	3.861011	salamandrivorans_liq_Developed_vs_spore_Developed	4.290995129007952	0.0018936021900605	False	True	False	False	0.8	True	False									
29596	461.1977	3.518	salamandrivorans_liq_Developed_vs_spore_Developed	4.201511493789877	0.0018936021900605	False	True	False	False	0.8	True	False									
27213	462.7753	3.814772	salamandrivorans_liq_Developed_vs_spore_Developed	3.8074091291466168	0.0018936021900605	False	True	False	False	0.8	True	False									
38484	778.896	4.194	salamandrivorans_liq_Developed_vs_spore_Developed	3.506520121821705	0.0018936021900605	False	True	False	False	0.8	True	False									
25143	715.4183	4.012758	salamandrivorans_liq_Developed_vs_spore_Developed	2.6826333185205145	0.0018936021900605	False	True	False	False	0.8	True	False									
6519	769.3421	1.626548	salamandrivorans_liq_Developed_vs_spore_Developed	6.891368613958885	0.0018936021900605	False	True	False	False	0.6000000000000001	True	False									
9905	686.389	3.148	salamandrivorans_liq_Developed_vs_spore_Developed	3.467393568362406	0.0018936021900605	False	True	False	False	0.3	True	False									
14488	962.4689	0.606	salamandrivorans_liq_Developed_vs_spore_Developed	6.370893006984227	0.0019840992464285	False	True	False	False	0.8	True	False									
16715	992.4794	1.565	salamandrivorans_liq_Developed_vs_spore_Developed	5.644159882016105	0.0019840992464285	False	True	False	False	0.8	True	False									
24320	213.0865	0.686	salamandrivorans_liq_Developed_vs_spore_Developed	4.532342932503135	0.0019840992464285	False	True	False	False	0.8	True	False									
19172	684.864	3.89781	salamandrivorans_liq_Developed_vs_spore_Developed	4.012498282443622	0.0019840992464285	False	True	False	False	0.8	True	False									
36302	636.3448	4.174	salamandrivorans_liq_Developed_vs_spore_Developed	3.089821332775238	0.0019840992464285	False	True	False	False	0.8	True	False									
13289	1106.5366	3.523	salamandrivorans_liq_Developed_vs_spore_Developed	6.812204023032418	0.0019840992464285	False	True	False	False	0.7	True	False									
6327	987.5021	2.571	salamandrivorans_liq_Developed_vs_spore_Developed	3.618945244927265	0.0019840992464285	False	True	False	False	0.2	True	False									
16818	558.2924	1.260196	salamandrivorans_liq_Developed_vs_spore_Developed	1.8947800968136992	0.0019840992464285	False	True	False	False	0.0	True	False									
9694	957.4639	2.343	salamandrivorans_liq_Developed_vs_spore_Developed	6.08058704044432	0.0020847611154507	False	True	False	False	0.8	True	False									
19821	508.2667	3.400695	salamandrivorans_liq_Developed_vs_spore_Developed	4.9405958997991375	0.0020847611154507	False	True	False	False	0.8	True	False									
24191	537.2777	3.451556	salamandrivorans_liq_Developed_vs_spore_Developed	4.630982009666592	0.0020847611154507	False	True	False	False	0.8	True	False									
35300	1538.8077	3.996	salamandrivorans_liq_Developed_vs_spore_Developed	3.556144635013877	0.0020847611154507	False	True	False	False	0.8	True	False									
8178	896.3964	1.442749	salamandrivorans_liq_Developed_vs_spore_Developed	5.853968050802316	0.00217934671212	False	True	False	False	0.7	True	False									
16402	557.2953	2.358	salamandrivorans_liq_Developed_vs_spore_Developed	5.422325678277018	0.00217934671212	False	True	False	False	0.6000000000000001	True	False									
12263	908.4159	2.373	salamandrivorans_liq_Developed_vs_spore_Developed	3.213357886398067	0.00217934671212	False	True	False	False	0.2	True	False									
17141	1184.6737	3.163	salamandrivorans_liq_Developed_vs_spore_Developed	6.529715511661447	0.0022567510953436	False	True	False	False	0.8	True	False									
11067	887.4623	3.276	salamandrivorans_liq_Developed_vs_spore_Developed	6.321533086695803	0.0022567510953436	False	True	False	False	0.8	True	False									
18705	610.393	1.76125	salamandrivorans_liq_Developed_vs_spore_Developed	6.225995144766452	0.0022567510953436	False	True	False	False	0.8	True	False									
15023	920.3686	2.762	salamandrivorans_liq_Developed_vs_spore_Developed	5.950943391920075	0.0022567510953436	False	True	False	False	0.8	True	False									
21711	963.6029	3.639438	salamandrivorans_liq_Developed_vs_spore_Developed	5.14928603345661	0.0022567510953436	False	True	False	False	0.8	True	False									
28208	534.2521	1.401297	salamandrivorans_liq_Developed_vs_spore_Developed	4.705886356613839	0.0022567510953436	False	True	False	False	0.8	True	False									
29773	1084.5972	3.94	salamandrivorans_liq_Developed_vs_spore_Developed	4.3176058409574365	0.0022567510953436	False	True	False	False	0.8	True	False									
37615	1099.5858	4.69324	salamandrivorans_liq_Developed_vs_spore_Developed	3.509682272634908	0.0022567510953436	False	True	False	False	0.8	True	False									
29464	921.5193	4.565204	salamandrivorans_liq_Developed_vs_spore_Developed	2.503939077305424	0.0022567510953436	False	True	False	False	0.8	True	False									
9025	541.3375	2.699457	salamandrivorans_liq_Developed_vs_spore_Developed	3.185497384427812	0.0022567510953436	False	True	False	False	0.0	True	False									
24472	472.7732	3.020479	salamandrivorans_liq_Developed_vs_spore_Developed	5.027727588575473	0.0023552160057951	False	True	False	False	0.6000000000000001	True	False									
17525	517.5096	1.594	salamandrivorans_liq_Developed_vs_spore_Developed	5.708904297921075	0.0025372894736577	False	True	False	False	0.8	True	False									
18569	673.4163	3.807252	salamandrivorans_liq_Developed_vs_spore_Developed	4.895703104393465	0.0025372894736577	False	True	False	False	0.8	True	False									
25181	268.659	1.683333	salamandrivorans_liq_Developed_vs_spore_Developed	4.694619971670806	0.0025372894736577	False	True	False	False	0.7000000000000001	True	False									
11393	843.4392	2.641992	salamandrivorans_liq_Developed_vs_spore_Developed	6.231828472096603	0.0025372894736577	False	True	False	False	0.6000000000000001	True	False									
2145	780.4005	2.237236	salamandrivorans_liq_Developed_vs_spore_Developed	2.3498561358240333	0.0026374481824856	False	True	False	False	0.0	True	False									
15034	476.253	2.118	salamandrivorans_liq_Developed_vs_spore_Developed	4.05253820192498	0.0029348773448519	False	True	False	False	0.2	True	False									
17317	364.22	2.327	salamandrivorans_liq_Developed_vs_spore_Developed	1.758467576947115	0.0029348773448519	False	True	False	False	0.0999999999999999	True	False									
35724	431.2272	2.356796	salamandrivorans_liq_Developed_vs_spore_Developed	4.163448266264641	0.0030303287735477	False	True	False	False	-0.0999999999999999	True	False									
7999	381.1772	0.578	salamandrivorans_liq_Developed_vs_spore_Developed	5.968461446949823	0.0034271861116482	False	True	False	False	0.7000000000000001	True	False									
24239	248.1142	0.752	salamandrivorans_liq_Developed_vs_spore_Developed	1.8683602506035064	0.0034271861116482	False	True	False	False	0.4	True	False									
11256	924.4208	2.232488	salamandrivorans_liq_Developed_vs_spore_Developed	1.9094162346669616	0.0035256420632205	False	True	False	False	0.0	True	False									
8908	550.3261	1.7375	salamandrivorans_liq_Developed_vs_spore_Developed	6.263949859494079	0.0036228215519206	False	True	False	False	0.7000000000000001	True	False									
25986	732.5457	7.53907	salamandrivorans_liq_Developed_vs_spore_Developed	4.307346715330424	0.0036228215519206	False	True	False	False	0.7	True	False									
28684	182.0818	1.306054	salamandrivorans_liq_Developed_vs_spore_Developed	4.384450572638125	0.0036228215519206	False	True	False	False	0.6000000000000001	True	False									
7045	709.8395	2.167	salamandrivorans_liq_Developed_vs_spore_Developed	2.0789369335274195	0.0036228215519206	False	True	False	False	-0.0999999999999999	True	False									
15126	389.181	1.855204	salamandrivorans_liq_Developed_vs_spore_Developed	2.144184476792112	0.0037226548680636	False	True	False	False	0.3	True	False									
13001	717.3394	1.73	salamandrivorans_liq_Developed_vs_spore_Developed	6.951438532480737	0.0039196269008447	False	True	False	False	0.7000000000000001	True	False									
7285	780.8962	2.292782	salamandrivorans_liq_Developed_vs_spore_Developed	2.753836825781981	0.0041174516885653	False	True	False	False	0.2	True	False									
8452	394.1801	2.746	salamandrivorans_liq_Developed_vs_spore_Developed	2.8956652106399274	0.0041174516885653	False	True	False	False	0.0999999999999999	True	False									
14557	972.445	1.967805	salamandrivorans_liq_Developed_vs_spore_Developed	5.74381484520097	0.0042162477624803	False	True	False	False	0.6000000000000001	True	False									
33002	417.7282	2.211404	salamandrivorans_liq_Developed_vs_spore_Developed	1.691384627545361	0.0044120814069636	False	True	False	False	-0.0999999999999999	True	False									
6696	735.3781	1.774145	salamandrivorans_liq_Developed_vs_spore_Developed	6.3243424852118455	0.0047090063820672	False	True	False	False	0.5	True	False									
21325	894.438	3.524	salamandrivorans_liq_Developed_vs_spore_Developed	4.759076905123524	0.0049093873140297	False	True	False	False	0.5	True	False									
36013	351.1781	1.067	salamandrivorans_liq_Developed_vs_spore_Developed	4.925345062187606	0.0050067811186312	False	True	False	False	0.5	True	False									
10202	645.3284	1.962	salamandrivorans_liq_Developed_vs_spore_Developed	2.303162882334037	0.0050067811186312	False	True	False	False	0.0999999999999999	True	False									
17749	688.3884	0.567	salamandrivorans_liq_Developed_vs_spore_Developed	4.998508029359109	0.0051035334397748	False	True	False	False	0.7	False	False									
27335	682.3559	3.891	salamandrivorans_liq_Developed_vs_spore_Developed	4.080834724074331	0.0051035334397748	False	True	False	False	0.7	True	False									
1566	280.137	0.629078	salamandrivorans_liq_Developed_vs_spore_Developed	1.3944615277777477	0.0051035334397748	False	True	False	False	0.0	False	False									
12046	617.2919	2.125717	salamandrivorans_liq_Developed_vs_spore_Developed	6.634240229467296	0.0052014602524782	False	True	False	False	0.5	True	False									
8654	916.4272	2.3665	salamandrivorans_liq_Developed_vs_spore_Developed	6.943446211587489	0.0052908146086563	False	True	False	False	0.7	False	False									
16777	923.4442	1.500264	salamandrivorans_liq_Developed_vs_spore_Developed	5.397200804299842	0.0052908146086563	False	True	False	False	0.7	True	False									
24282	1041.5253	1.417564	salamandrivorans_liq_Developed_vs_spore_Developed	4.958178369141455	0.0052908146086563	False	True	False	False	0.7	False	False									
20329	646.295	0.764435	salamandrivorans_liq_Developed_vs_spore_Developed	4.906925825794563	0.0052908146086563	False	True	False	False	0.7	True	False									
21810	705.2818	1.2974	salamandrivorans_liq_Developed_vs_spore_Developed	4.581223836711469	0.0052908146086563	False	True	False	False	0.7	False	False									
25946	993.035	3.90075	salamandrivorans_liq_Developed_vs_spore_Developed	4.3917453263075705	0.0052908146086563	False	True	False	False	0.7	False	False									
19572	1086.6025	3.976	salamandrivorans_liq_Developed_vs_spore_Developed	4.2560611694994215	0.0052908146086563	False	True	False	False	0.7	False	False									
15392	801.9037	2.544556	salamandrivorans_liq_Developed_vs_spore_Developed	6.583091956568909	0.0052908146086563	False	True	False	False	0.6	False	False									
37138	536.2367	2.187118	salamandrivorans_liq_Developed_vs_spore_Developed	5.613212639503857	0.0052908146086563	False	True	False	False	0.6	False	False									
15734	1050.4779	1.595	salamandrivorans_liq_Developed_vs_spore_Developed	6.187026058517006	0.0053754854697233	False	True	False	False	0.7	False	False									
19680	494.2712	4.102452	salamandrivorans_liq_Developed_vs_spore_Developed	3.6706114596888417	0.0053754854697233	False	True	False	False	0.7	False	False									
36639	897.4632	4.363166	salamandrivorans_liq_Developed_vs_spore_Developed	3.4582920986014423	0.0053754854697233	False	True	False	False	0.7	True	False									
8787	224.0925	1.289499	salamandrivorans_liq_Developed_vs_spore_Developed	2.255945754710631	0.0053754854697233	False	True	False	False	0.0999999999999999	True	False									
20061	468.2332	1.547467	salamandrivorans_liq_Developed_vs_spore_Developed	4.9350086295185145	0.0054706542479939	False	True	False	False	0.7000000000000001	True	False									
17180	572.3488	3.504612	salamandrivorans_liq_Developed_vs_spore_Developed	5.674960889694512	0.0054706542479939	False	True	False	False	0.7	False	False									
16650	1056.5243	2.511	salamandrivorans_liq_Developed_vs_spore_Developed	5.679161507696789	0.0054706542479939	False	True	False	False	0.5	True	False									
16953	715.357	1.995	salamandrivorans_liq_Developed_vs_spore_Developed	5.818278705037027	0.0055665829014351	False	True	False	False	0.5	True	False									
15301	379.7056	1.245957	salamandrivorans_liq_Developed_vs_spore_Developed	5.590932356877177	0.0056598449768983	False	True	False	False	0.6	True	False									
20873	668.2836	1.563	salamandrivorans_liq_Developed_vs_spore_Developed	5.460028215927768	0.0057262819033643	False	True	False	False	0.7	True	False									
10359	300.1786	0.576	salamandrivorans_liq_Developed_vs_spore_Developed	4.714388655955641	0.0057262819033643	False	True	False	False	0.7	True	False									
24997	1138.6785	4.059	salamandrivorans_liq_Developed_vs_spore_Developed	4.494633510622995	0.0057262819033643	False	True	False	False	0.7	False	False									
25750	817.9177	3.9545	salamandrivorans_liq_Developed_vs_spore_Developed	3.6229513170416223	0.0057262819033643	False	True	False	False	0.7	True	False									
36521	921.5005	4.23	salamandrivorans_liq_Developed_vs_spore_Developed	3.3134617777315145	0.0057262819033643	False	True	False	False	0.7	True	False									
7798	634.2482	0.682	salamandrivorans_liq_Developed_vs_spore_Developed	6.1566588045438575	0.0057262819033643	False	True	False	False	0.6000000000000001	True	False									
10541	775.8714	2.6375	salamandrivorans_liq_Developed_vs_spore_Developed	6.520367968524552	0.0057262819033643	False	True	False	False	0.5	True	False									
18614	929.4573	2.199	salamandrivorans_liq_Developed_vs_spore_Developed	1.918813469393421	0.0058216709638055	False	True	False	False	0.2	True	False									
9545	764.3794	0.647	salamandrivorans_liq_Developed_vs_spore_Developed	5.97150068693653	0.0058882160617605	False	True	False	False	0.7	True	False									
9104	570.3494	3.048421	salamandrivorans_liq_Developed_vs_spore_Developed	5.52452303243177	0.0058882160617605	False	True	False	False	0.7	False	False									
19792	1118.5569	2.96	salamandrivorans_liq_Developed_vs_spore_Developed	5.300259886711173	0.0058882160617605	False	True	False	False	0.7	True	False									
14858	1527.7865	3.857	salamandrivorans_liq_Developed_vs_spore_Developed	4.928822977837179	0.0058882160617605	False	True	False	False	0.7	True	False									
14303	1064.5847	3.864	salamandrivorans_liq_Developed_vs_spore_Developed	4.90097136977844	0.0058882160617605	False	True	False	False	0.7	True	False									
27129	586.8265	3.486	salamandrivorans_liq_Developed_vs_spore_Developed	4.76798525210634	0.0058882160617605	False	True	False	False	0.7	False	False									
19136	461.2634	1.178663	salamandrivorans_liq_Developed_vs_spore_Developed	4.5485545253845965	0.0058882160617605	False	True	False	False	0.7	True	False									
30073	895.979	4.553135	salamandrivorans_liq_Developed_vs_spore_Developed	4.39401504136969	0.0058882160617605	False	True	False	False	0.7	False	False									
33852	1310.6477	4.055	salamandrivorans_liq_Developed_vs_spore_Developed	3.7379229708971375	0.0058882160617605	False	True	False	False	0.7	False	False									
38056	1155.6085	4.551907	salamandrivorans_liq_Developed_vs_spore_Developed	2.616838774744076	0.0058882160617605	False	True	False	False	0.7	True	False									
27600	984.4702	4.44778	salamandrivorans_liq_Developed_vs_spore_Developed	2.5694814137976536	0.0058882160617605	False	True	False	False	0.7	True	False									
35773	608.837	4.242	salamandrivorans_liq_Developed_vs_spore_Developed	2.54888536202021	0.0058882160617605	False	True	False	False	0.7	True	False									
20078	585.3111	1.674388	salamandrivorans_liq_Developed_vs_spore_Developed	5.523277169253847	0.0060376509071542	False	True	False	False	0.7	False	False									
17501	724.416	3.605	salamandrivorans_liq_Developed_vs_spore_Developed	5.453802344137789	0.0060376509071542	False	True	False	False	0.7	True	False									
25252	1009.5287	4.133	salamandrivorans_liq_Developed_vs_spore_Developed	4.008251628582797	0.0060376509071542	False	True	False	False	0.7	True	False									
15200	987.5326	4.2265	salamandrivorans_liq_Developed_vs_spore_Developed	3.5185642150624106	0.0060376509071542	False	True	False	False	0.7	False	False									
19815	432.7158	1.434848	salamandrivorans_liq_Developed_vs_spore_Developed	4.524781993788168	0.0060376509071542	False	True	False	False	0.5	True	False									
16023	597.2984	1.459482	salamandrivorans_liq_Developed_vs_spore_Developed	1.5384386989075554	0.0061192951650885	False	True	False	False	0.0999999999999999	True	False									
12632	451.2184	0.923345	salamandrivorans_liq_Developed_vs_spore_Developed	4.933964552652888	0.0061765910700112	False	True	False	False	0.7000000000000001	True	False									
31403	357.6948	1.451092	salamandrivorans_liq_Developed_vs_spore_Developed	4.776440829833874	0.0061765910700112	False	True	False	False	0.7000000000000001	True	False									
13280	773.3945	2.706258	salamandrivorans_liq_Developed_vs_spore_Developed	6.684501302979804	0.0061765910700112	False	True	False	False	0.7	False	False									
16097	1132.5638	3.706942	salamandrivorans_liq_Developed_vs_spore_Developed	5.90769489754963	0.0061765910700112	False	True	False	False	0.7	True	False									
25261	705.3992	2.777	salamandrivorans_liq_Developed_vs_spore_Developed	5.57399476831492	0.0061765910700112	False	True	False	False	0.7	True	False									
18028	775.4	3.036	salamandrivorans_liq_Developed_vs_spore_Developed	5.2537907328344895	0.0061765910700112	False	True	False	False	0.7	True	False									
33215	800.3845	0.978	salamandrivorans_liq_Developed_vs_spore_Developed	5.248831596348874	0.0061765910700112	False	True	False	False	0.7	False	False									
17387	685.4006	0.722811	salamandrivorans_liq_Developed_vs_spore_Developed	5.1140496131793896	0.0061765910700112	False	True	False	False	0.7	False	False									
31134	1536.8463	4.015	salamandrivorans_liq_Developed_vs_spore_Developed	3.68342988665117	0.0061765910700112	False	True	False	False	0.7	False	False									
13276	569.8307	2.985562	salamandrivorans_liq_Developed_vs_spore_Developed	4.915542309339501	0.0061765910700112	False	True	False	False	0.6	False	False									
11636	496.2359	1.248116	salamandrivorans_liq_Developed_vs_spore_Developed	4.860028492717452	0.0061765910700112	False	True	False	False	0.6	True	False									
24297	497.2393	1.304712	salamandrivorans_liq_Developed_vs_spore_Developed	2.4605706240217065	0.0061765910700112	False	True	False	False	0.4	True	False									
14200	920.0331	3.637205	salamandrivorans_liq_Developed_vs_spore_Developed	5.913016227271804	0.0062921946916296	False	True	False	False	0.7	False	False									
16340	756.3452	1.140008	salamandrivorans_liq_Developed_vs_spore_Developed	5.793103736455055	0.0062921946916296	False	True	False	False	0.7	True	False									
5800	727.3253	2.120552	salamandrivorans_liq_Developed_vs_spore_Developed	5.649934144696443	0.0062921946916296	False	True	False	False	0.7	False	False									
19030	1087.5806	3.87198	salamandrivorans_liq_Developed_vs_spore_Developed	5.60218966959013	0.0062921946916296	False	True	False	False	0.7	False	False									
21109	1051.4789	2.879	salamandrivorans_liq_Developed_vs_spore_Developed	5.563366035993809	0.0062921946916296	False	True	False	False	0.7	False	False									
23651	1026.4523	1.375696	salamandrivorans_liq_Developed_vs_spore_Developed	5.421744946207166	0.0062921946916296	False	True	False	False	0.7	False	False									
15890	1024.4862	3.354	salamandrivorans_liq_Developed_vs_spore_Developed	5.321684746255059	0.0062921946916296	False	True	False	False	0.7	True	False									
14259	987.4998	3.189811	salamandrivorans_liq_Developed_vs_spore_Developed	5.256649863457635	0.0062921946916296	False	True	False	False	0.7	True	False									
16682	852.4255	1.515166	salamandrivorans_liq_Developed_vs_spore_Developed	4.926094982143491	0.0062921946916296	False	True	False	False	0.7	False	False									
24843	662.8517	3.687865	salamandrivorans_liq_Developed_vs_spore_Developed	4.84242518800688	0.0062921946916296	False	True	False	False	0.7	False	False									
28236	1309.1548	3.75725	salamandrivorans_liq_Developed_vs_spore_Developed	4.577944481899414	0.0062921946916296	False	True	False	False	0.7	False	False									
31324	1008.5226	4.163	salamandrivorans_liq_Developed_vs_spore_Developed	3.918164872270153	0.0062921946916296	False	True	False	False	0.7	True	False									
28393	599.3156	3.984	salamandrivorans_liq_Developed_vs_spore_Developed	3.040875057983093	0.0062921946916296	False	True	False	False	0.7	False	False									
11953	793.3717	0.652	salamandrivorans_liq_Developed_vs_spore_Developed	5.3174463158046255	0.0062921946916296	False	True	False	False	0.6	False	False									
33182	563.3333	4.074	salamandrivorans_liq_Developed_vs_spore_Developed	3.638961493462254	0.0062921946916296	False	True	False	False	0.6	False	False									
15030	1118.6726	3.072667	salamandrivorans_liq_Developed_vs_spore_Developed	5.594563433966304	0.0063486882357336	False	True	False	False	0.7	True	False									
12969	458.2767	3.132	salamandrivorans_liq_Developed_vs_spore_Developed	5.329016488047984	0.0063486882357336	False	True	False	False	0.7	True	False									
21203	1255.6425	3.542	salamandrivorans_liq_Developed_vs_spore_Developed	4.956448990767445	0.0063486882357336	False	True	False	False	0.7	False	False									
24112	1155.6272	3.583	salamandrivorans_liq_Developed_vs_spore_Developed	4.615709085617936	0.0063486882357336	False	True	False	False	0.7	True	False									
37269	853.3032	4.117	salamandrivorans_liq_Developed_vs_spore_Developed	3.9243896712481696	0.0063486882357336	False	True	False	False	0.7	True	False									
28043	1085.6071	4.045441	salamandrivorans_liq_Developed_vs_spore_Developed	3.685992121215501	0.0063486882357336	False	True	False	False	0.7	False	False									
22353	651.317	4.121	salamandrivorans_liq_Developed_vs_spore_Developed	3.4910207788146472	0.0063486882357336	False	True	False	False	0.7	False	False									
20073	754.8669	1.753	salamandrivorans_liq_Developed_vs_spore_Developed	5.524336534920549	0.0063935322477189	False	True	False	False	0.7	True	False									
25613	548.2842	3.839	salamandrivorans_liq_Developed_vs_spore_Developed	5.039526023802055	0.0063935322477189	False	True	False	False	0.7	True	False									
24503	598.3381	3.831445	salamandrivorans_liq_Developed_vs_spore_Developed	4.921366717148122	0.0063935322477189	False	True	False	False	0.7	True	False									
30809	832.9985	4.232	salamandrivorans_liq_Developed_vs_spore_Developed	3.5790918800787592	0.0063935322477189	False	True	False	False	0.7	True	False									
37003	178.0869	1.280867	salamandrivorans_liq_Developed_vs_spore_Developed	3.577653065333777	0.0063935322477189	False	True	False	False	0.7	False	False									
18161	433.5578	2.199	salamandrivorans_liq_Developed_vs_spore_Developed	4.779071510635654	0.0063935322477189	False	True	False	False	0.6	True	False									
8901	653.3263	3.244	salamandrivorans_liq_Developed_vs_spore_Developed	6.355759576848007	0.0065431634384558	False	True	False	False	0.7	False	False									
16929	1526.7949	3.8575	salamandrivorans_liq_Developed_vs_spore_Developed	4.689782356931033	0.0065431634384558	False	True	False	False	0.7	False	False									
9363	726.3652	2.373	salamandrivorans_liq_Developed_vs_spore_Developed	6.496710505979773	0.0065431634384558	False	True	False	False	0.4	True	False									
21161	992.5091	3.881	salamandrivorans_liq_Developed_vs_spore_Developed	4.954236792871252	0.0065991904338363	False	True	False	False	0.7	True	False									
22241	946.0029	4.2295	salamandrivorans_liq_Developed_vs_spore_Developed	4.103553354274156	0.0065991904338363	False	True	False	False	0.7	True	False									
36623	659.2649	2.295737	salamandrivorans_liq_Developed_vs_spore_Developed	5.53955751722817	0.0065991904338363	False	True	False	False	0.6	False	False									
11392	660.3022	1.513	salamandrivorans_liq_Developed_vs_spore_Developed	7.409096601328896	0.0068620111008255	False	True	False	False	0.7	False	False									
8224	558.2575	3.056197	salamandrivorans_liq_Developed_vs_spore_Developed	7.306241904831898	0.0068620111008255	False	True	False	False	0.7	True	False									
16785	863.3837	3.802737	salamandrivorans_liq_Developed_vs_spore_Developed	5.545111302253461	0.0068620111008255	False	True	False	False	0.7	True	False									
16503	559.2946	1.076538	salamandrivorans_liq_Developed_vs_spore_Developed	5.120618249056491	0.0068620111008255	False	True	False	False	0.7	True	False									
16436	293.1944	1.691	salamandrivorans_liq_Developed_vs_spore_Developed	4.908842522921863	0.0068620111008255	False	True	False	False	0.7	True	False									
29621	577.2172	3.535	salamandrivorans_liq_Developed_vs_spore_Developed	4.866967588446657	0.0068620111008255	False	True	False	False	0.7	False	False									
27897	576.8029	3.445531	salamandrivorans_liq_Developed_vs_spore_Developed	4.631603613717418	0.0068620111008255	False	True	False	False	0.7	False	False									
37311	1130.6287	4.325959	salamandrivorans_liq_Developed_vs_spore_Developed	2.5716807799267603	0.0068620111008255	False	True	False	False	0.7	True	False									
7584	919.395	2.6375	salamandrivorans_liq_Developed_vs_spore_Developed	6.723711324758575	0.0068620111008255	False	True	False	False	0.6	False	False									
7260	525.7913	2.165	salamandrivorans_liq_Developed_vs_spore_Developed	5.379937676993353	0.0069391890291462	False	True	False	False	0.7	False	False									
17773	970.5546	3.656677	salamandrivorans_liq_Developed_vs_spore_Developed	4.863252454303561	0.0069391890291462	False	True	False	False	0.7	False	False									
31130	679.8607	3.923149	salamandrivorans_liq_Developed_vs_spore_Developed	3.5840555684474205	0.0069391890291462	False	True	False	False	0.7	True	False									
14874	801.3899	1.2751	salamandrivorans_liq_Developed_vs_spore_Developed	6.302326890490345	0.0070221536376518	False	True	False	False	0.7	True	False									
20749	780.3727	0.90203	salamandrivorans_liq_Developed_vs_spore_Developed	5.684209243589658	0.0071066057948682	False	True	False	False	0.6	True	False									
22577	980.4894	2.889629	salamandrivorans_liq_Developed_vs_spore_Developed	5.725782227770568	0.0073561061649209	False	True	False	False	0.7	True	False									
27162	606.256	2.772	salamandrivorans_liq_Developed_vs_spore_Developed	1.3283402327638685	0.0073561061649209	False	True	False	False	-0.0999999999999999	True	False									
15567	215.6273	1.43749	salamandrivorans_liq_Developed_vs_spore_Developed	5.148224035950738	0.0077084427335849	False	True	False	False	0.6000000000000001	True	False									
18835	860.4165	2.824	salamandrivorans_liq_Developed_vs_spore_Developed	5.764021709793913	0.0077966775456336	False	True	False	False	0.4	True	False									
19774	497.2816	1.243167	salamandrivorans_liq_Developed_vs_spore_Developed	4.80493760356565	0.0078829981178923	False	True	False	False	0.7	True	False									
11354	512.246	3.356	salamandrivorans_liq_Developed_vs_spore_Developed	4.9102218428267	0.0086807453855663	False	True	False	False	0.7	True	False									
21836	490.2516	0.588	salamandrivorans_liq_Developed_vs_spore_Developed	5.088208145465932	0.0087677320296405	False	True	False	False	0.7000000000000001	True	False									
8556	698.3487	0.581	salamandrivorans_liq_Developed_vs_spore_Developed	6.95586237199343	0.0087677320296405	False	True	False	False	0.6	True	False									
17253	503.4964	1.358565	salamandrivorans_liq_Developed_vs_spore_Developed	4.898764876096888	0.0087677320296405	False	True	False	False	0.6	True	False									
7162	407.1935	0.578048	salamandrivorans_liq_Developed_vs_spore_Developed	6.879230304681991	0.0096511953188323	False	True	False	False	0.5	True	False									
12300	895.3911	1.48457	salamandrivorans_liq_Developed_vs_spore_Developed	3.951284814483344	0.0100840433109132	False	True	False	False	0.3	True	False									
6879	389.2381	2.041	salamandrivorans_liq_Developed_vs_spore_Developed	3.5675705427231	0.0100840433109132	False	True	False	False	0.3	True	False									
13572	768.3695	2.152056	salamandrivorans_liq_Developed_vs_spore_Developed	2.492230520164372	0.0106027348831264	False	True	False	False	0.3	True	False									
6613	559.2646	1.448267	salamandrivorans_liq_Developed_vs_spore_Developed	1.5375075506789009	0.0106867592757433	False	True	False	False	0.2	False	False									
14359	375.1779	1.897508	salamandrivorans_liq_Developed_vs_spore_Developed	5.146165241827225	0.0110322307468945	False	True	False	False	0.4999999999999999	False	False									
16216	810.3605	0.612	salamandrivorans_liq_Developed_vs_spore_Developed	2.188484468079871	0.0116311301132646	False	True	False	False	0.4	True	False									
11170	1021.4644	1.547	salamandrivorans_liq_Developed_vs_spore_Developed	6.239061445571435	0.0123144051743396	False	True	False	False	0.4999999999999999	False	False									
36143	614.3188	1.790981	salamandrivorans_liq_Developed_vs_spore_Developed	1.1998715160877704	0.0129180553256969	False	True	False	False	0.0	False	False									
24977	461.2923	3.478683	salamandrivorans_liq_Developed_vs_spore_Developed	2.868814045840095	0.0136034489045846	False	True	False	False	0.2	True	False									
16626	777.4209	2.681	salamandrivorans_liq_Developed_vs_spore_Developed	5.641287365035129	0.0138616325714499	False	True	False	False	0.4999999999999999	False	False									
30431	623.7894	1.280867	salamandrivorans_liq_Developed_vs_spore_Developed	1.9766645940254752	0.0138616325714499	False	True	False	False	0.3	True	False									
16518	785.3862	2.46	salamandrivorans_liq_Developed_vs_spore_Developed	6.109919641278809	0.0140361009684492	False	True	False	False	0.4999999999999999	True	False									
18143	253.1185	0.5835	salamandrivorans_liq_Developed_vs_spore_Developed	6.227183659525194	0.0143836882999924	False	True	False	False	0.6000000000000001	True	False									
36553	1200.0701	2.274341	salamandrivorans_liq_Developed_vs_spore_Developed	0.7824477901845229	0.015328490529523	False	True	False	False	0.0	False	False									
15828	731.4199	3.817724	salamandrivorans_liq_Developed_vs_spore_Developed	4.925400988470215	0.0166820616409473	False	True	False	False	0.6	False	False									
22184	724.3323	0.960724	salamandrivorans_liq_Developed_vs_spore_Developed	5.044557640137906	0.016762627821172	False	True	False	False	0.6	True	False									
25647	1139.5323	3.534	salamandrivorans_liq_Developed_vs_spore_Developed	4.689484646311766	0.016762627821172	False	True	False	False	0.6	False	False									
12564	920.4531	0.62	salamandrivorans_liq_Developed_vs_spore_Developed	6.448065370859736	0.0168912588932238	False	True	False	False	0.6	False	False									
13180	909.4527	3.835569	salamandrivorans_liq_Developed_vs_spore_Developed	5.7848113081132935	0.0168912588932238	False	True	False	False	0.6	False	False									
5433	665.2954	0.606	salamandrivorans_liq_Developed_vs_spore_Developed	5.563702150049234	0.0168912588932238	False	True	False	False	0.6	False	False									
12272	1256.6067	2.587	salamandrivorans_liq_Developed_vs_spore_Developed	5.374263307702152	0.0168912588932238	False	True	False	False	0.6	False	False									
28803	1072.6852	3.892886	salamandrivorans_liq_Developed_vs_spore_Developed	4.329110218621079	0.0168912588932238	False	True	False	False	0.6	False	False									
30864	603.3527	4.026267	salamandrivorans_liq_Developed_vs_spore_Developed	4.162697056396528	0.0168912588932238	False	True	False	False	0.6	False	False									
29216	827.4175	3.89	salamandrivorans_liq_Developed_vs_spore_Developed	3.801199499777693	0.0168912588932238	False	True	False	False	0.6	False	False									
20965	702.3014	4.15	salamandrivorans_liq_Developed_vs_spore_Developed	2.7205815363839	0.0168912588932238	False	True	False	False	0.6	False	False									
22591	565.8015	2.996479	salamandrivorans_liq_Developed_vs_spore_Developed	4.861636245132288	0.0168912588932238	False	True	False	False	0.5	False	False									
4319	1326.6414	2.633254	salamandrivorans_liq_Developed_vs_spore_Developed	6.473506016309524	0.0171724108878516	False	True	False	False	0.6	False	False									
15408	919.5322	3.67262	salamandrivorans_liq_Developed_vs_spore_Developed	5.519909685027694	0.0171724108878516	False	True	False	False	0.6	False	False									
11499	448.2015	1.466	salamandrivorans_liq_Developed_vs_spore_Developed	4.860865251632966	0.0171724108878516	False	True	False	False	0.6	False	False									
23839	1113.5732	3.497449	salamandrivorans_liq_Developed_vs_spore_Developed	4.803276245409049	0.0171724108878516	False	True	False	False	0.6	False	False									
26613	1011.5696	4.087	salamandrivorans_liq_Developed_vs_spore_Developed	4.712663240234064	0.0171724108878516	False	True	False	False	0.6	False	False									
28194	841.3562	1.231267	salamandrivorans_liq_Developed_vs_spore_Developed	4.405563997856685	0.0171724108878516	False	True	False	False	0.6	True	False									
34033	840.5168	4.27791	salamandrivorans_liq_Developed_vs_spore_Developed	4.091529618333545	0.0171724108878516	False	True	False	False	0.6	False	False									
26852	1310.6473	3.987	salamandrivorans_liq_Developed_vs_spore_Developed	3.8451363683452566	0.0171724108878516	False	True	False	False	0.6	False	False									
28148	579.8256	3.971	salamandrivorans_liq_Developed_vs_spore_Developed	3.222852644133807	0.0171724108878516	False	True	False	False	0.6	False	False									
35636	1281.6699	4.33309	salamandrivorans_liq_Developed_vs_spore_Developed	3.003714515321385	0.0171724108878516	False	True	False	False	0.6	False	False									
24914	336.2189	4.901337	salamandrivorans_liq_Developed_vs_spore_Developed	2.562679503908245	0.0171724108878516	False	True	False	False	0.6	True	False									
9571	1127.5283	2.955581	salamandrivorans_liq_Developed_vs_spore_Developed	6.182996666000899	0.0171724108878516	False	True	False	False	0.5	True	False									
10684	811.3592	0.765869	salamandrivorans_liq_Developed_vs_spore_Developed	1.1674577793258472	0.0171724108878516	False	True	False	False	0.0	False	False									
19981	1049.5229	3.662625	salamandrivorans_liq_Developed_vs_spore_Developed	4.026433345233484	0.0175557916544409	False	True	False	False	0.6	True	False									
15382	421.2444	1.977016	salamandrivorans_liq_Developed_vs_spore_Developed	5.524134826748718	0.0180333238977148	False	True	False	False	0.6	False	False									
12934	501.2458	1.274655	salamandrivorans_liq_Developed_vs_spore_Developed	5.502117800304171	0.0181575729251929	False	True	False	False	0.6	False	False									
20795	520.7347	3.371	salamandrivorans_liq_Developed_vs_spore_Developed	4.306054956020449	0.0181575729251929	False	True	False	False	0.6	False	False									
33179	1122.5953	4.145	salamandrivorans_liq_Developed_vs_spore_Developed	3.208661795697644	0.0181575729251929	False	True	False	False	0.6	False	False									
23838	673.3077	4.028	salamandrivorans_liq_Developed_vs_spore_Developed	2.948437563030689	0.0181575729251929	False	True	False	False	0.6	True	False									
36321	279.1345	4.015	salamandrivorans_liq_Developed_vs_spore_Developed	2.0825607210651222	0.0181575729251929	False	True	False	False	0.6	True	False									
9630	1255.5885	2.60233	salamandrivorans_liq_Developed_vs_spore_Developed	6.239983691666447	0.0181575729251929	False	True	False	False	0.5	False	False									
35036	611.409	3.485878	salamandrivorans_liq_Developed_vs_spore_Developed	3.5359869812356344	0.0182962358139542	False	True	False	False	0.6	True	False									
31652	1092.6	4.606894	salamandrivorans_liq_Developed_vs_spore_Developed	2.8502911558229784	0.0182962358139542	False	True	False	False	0.6	False	False									
7436	656.2855	2.3585	salamandrivorans_liq_Developed_vs_spore_Developed	6.9135672827689545	0.0183616163339463	False	True	False	False	0.5	True	False									
5747	951.8386	2.69	salamandrivorans_liq_Developed_vs_spore_Developed	6.537040960585999	0.0183820205699038	False	True	False	False	0.6	False	False									
8345	768.3575	0.61	salamandrivorans_liq_Developed_vs_spore_Developed	6.441260011663111	0.0183820205699038	False	True	False	False	0.6	False	False									
15669	929.4575	2.022	salamandrivorans_liq_Developed_vs_spore_Developed	6.274253341717841	0.0183820205699038	False	True	False	False	0.6	False	False									
12766	944.5137	2.18	salamandrivorans_liq_Developed_vs_spore_Developed	5.759372638573004	0.0183820205699038	False	True	False	False	0.6	False	False									
1147	461.287	0.752	salamandrivorans_liq_Developed_vs_spore_Developed	4.873147902155526	0.0183820205699038	False	True	False	False	0.6	False	False									
28054	612.8533	3.663485	salamandrivorans_liq_Developed_vs_spore_Developed	4.399823741641264	0.0183820205699038	False	True	False	False	0.6	True	False									
28180	1325.6812	3.671308	salamandrivorans_liq_Developed_vs_spore_Developed	4.296608382789022	0.0183820205699038	False	True	False	False	0.6	False	False									
27848	886.9746	4.543247	salamandrivorans_liq_Developed_vs_spore_Developed	4.112338540452972	0.0183820205699038	False	True	False	False	0.6	False	False									
24274	662.8444	3.671109	salamandrivorans_liq_Developed_vs_spore_Developed	4.046888537029778	0.0183820205699038	False	True	False	False	0.6	False	False									
18497	792.8925	2.572	salamandrivorans_liq_Developed_vs_spore_Developed	4.829053301723148	0.0183820205699038	False	True	False	False	0.5	False	False									
28311	713.8707	3.705781	salamandrivorans_liq_Developed_vs_spore_Developed	3.7758188364123857	0.0184097997841232	False	True	False	False	0.6	False	False									
36748	922.0183	4.555819	salamandrivorans_liq_Developed_vs_spore_Developed	2.970692002326356	0.0184097997841232	False	True	False	False	0.6	True	False									
14385	428.2285	1.55	salamandrivorans_liq_Zoospore_vs_spore_Zoospore	7.018874046779333	0.0184275356233028	False	True	False	False	1.0	True	False									
23117	768.3606	1.14679	salamandrivorans_liq_Zoospore_vs_spore_Zoospore	5.640027372178001	0.0184275356233028	False	True	False	False	1.0	True	False									
32348	551.8024	3.713	salamandrivorans_liq_Zoospore_vs_spore_Zoospore	5.624541746729909	0.0184275356233028	False	True	False	False	1.0	True	False									
20382	515.2498	0.908593	salamandrivorans_liq_Zoospore_vs_spore_Zoospore	5.174523565170842	0.0184275356233028	False	True	False	False	1.0	True	False									
17833	470.297	2.80107	salamandrivorans_liq_Zoospore_vs_spore_Zoospore	5.118815109091564	0.0184275356233028	False	True	False	False	1.0	True	False									
25375	416.2219	1.564	salamandrivorans_liq_Zoospore_vs_spore_Zoospore	4.568344814002254	0.0184275356233028	False	True	False	False	1.0	False	False									
30245	668.8483	3.943	salamandrivorans_liq_Zoospore_vs_spore_Zoospore	4.11378516735823	0.0184275356233028	False	True	False	False	1.0	True	False									
32715	533.2867	1.387	salamandrivorans_liq_Zoospore_vs_spore_Zoospore	4.244454050519972	0.0184275356233028	False	True	False	False	0.4	True	False									
19644	1040.5852	3.604609	salamandrivorans_liq_Developed_vs_spore_Developed	4.778320754836441	0.018557996032069	False	True	False	False	0.6	False	False									
4812	661.9791	2.211	salamandrivorans_liq_Developed_vs_spore_Developed	6.891966157568483	0.018557996032069	False	True	False	False	0.5	False	False									
16798	768.4736	3.307	salamandrivorans_liq_Developed_vs_spore_Developed	5.129315869417175	0.0186782447001503	False	True	False	False	0.6	False	False									
7056	767.4604	3.2995	salamandrivorans_liq_Developed_vs_spore_Developed	6.1276948325700245	0.0188343899495467	False	True	False	False	0.6	False	False									
17758	684.3013	2.54	salamandrivorans_liq_Developed_vs_spore_Developed	2.151259725161247	0.0188343899495467	False	True	False	False	0.1	True	False									
10993	960.8578	2.602	salamandrivorans_liq_Developed_vs_spore_Developed	5.6722196587336216	0.0188775884004575	False	True	False	False	0.6	False	False									
15936	689.3657	3.621	salamandrivorans_liq_Developed_vs_spore_Developed	5.463484893297126	0.0188775884004575	False	True	False	False	0.6	False	False									
13144	1328.6344	2.633319	salamandrivorans_liq_Developed_vs_spore_Developed	6.45772062815975	0.0189098341788925	False	True	False	False	0.6	False	False									
7815	848.4378	1.689735	salamandrivorans_liq_Developed_vs_spore_Developed	6.170135140182854	0.0189098341788925	False	True	False	False	0.6	False	False									
14101	446.7688	3.275	salamandrivorans_liq_Developed_vs_spore_Developed	5.144636789594082	0.0189098341788925	False	True	False	False	0.6	True	False									
24434	880.9556	3.386122	salamandrivorans_liq_Developed_vs_spore_Developed	5.028762461356562	0.0189098341788925	False	True	False	False	0.6	True	False									
19566	714.2877	1.282516	salamandrivorans_liq_Developed_vs_spore_Developed	4.927456307035628	0.0189098341788925	False	True	False	False	0.6	False	False									
13846	737.3335	0.802	salamandrivorans_liq_Developed_vs_spore_Developed	4.673433850393896	0.0189098341788925	False	True	False	False	0.6	True	False									
20392	453.746	3.820544	salamandrivorans_liq_Developed_vs_spore_Developed	4.006937102050825	0.0189098341788925	False	True	False	False	0.6	False	False									
36216	1330.6857	3.963	salamandrivorans_liq_Developed_vs_spore_Developed	3.6038099837683375	0.0189098341788925	False	True	False	False	0.6	False	False									
19279	553.2617	1.914016	salamandrivorans_liq_Developed_vs_spore_Developed	4.84135385997634	0.0189098341788925	False	True	False	False	0.5	False	False									
33189	938.5815	4.118	salamandrivorans_liq_Developed_vs_spore_Developed	2.9169861511117885	0.0189698874867031	False	True	False	False	0.6	False	False									
22676	447.7287	3.620142	salamandrivorans_liq_Developed_vs_spore_Developed	4.010054420796717	0.0190204151148709	False	True	False	False	0.6	False	False									
13238	600.2586	0.642	salamandrivorans_liq_Developed_vs_spore_Developed	5.471437245643508	0.0190828662792212	False	True	False	False	0.6	False	False									
25935	322.7091	3.528	salamandrivorans_liq_Developed_vs_spore_Developed	4.008898498594556	0.0190828662792212	False	True	False	False	0.6	False	False									
31372	922.4556	3.946	salamandrivorans_liq_Developed_vs_spore_Developed	3.1849903221745888	0.0191035306079553	False	True	False	False	0.6	True	False									
12364	384.8397	0.928661	salamandrivorans_liq_Developed_vs_spore_Developed	5.679863611473301	0.0193296195356468	False	True	False	False	0.6	True	False									
20620	685.3921	0.624561	salamandrivorans_liq_Developed_vs_spore_Developed	5.57628209066325	0.0197773633295975	False	True	False	False	0.6	False	False									
13172	395.7167	1.597	salamandrivorans_liq_Developed_vs_spore_Developed	4.79827454377196	0.0200586443059855	False	True	False	False	0.3999999999999999	True	False									
9522	800.3873	1.946	salamandrivorans_liq_Developed_vs_spore_Developed	1.099776276801323	0.0228437566870189	False	True	False	False	-0.0999999999999999	False	False									
22886	316.2855	4.450707	salamandrivorans_liq_Developed_vs_spore_Developed	3.7726796726255536	0.0261364430233052	False	True	False	False	0.4999999999999999	False	False									
13731	907.4432	1.58	salamandrivorans_liq_Developed_vs_spore_Developed	1.815761774120069	0.0268326678394251	False	True	False	False	0.0	True	False									
13109	237.0875	0.557	salamandrivorans_liq_Developed_vs_spore_Developed	1.9302548614124149	0.0276805432705045	False	True	False	False	0.3	False	False									
17299	757.4016	1.265682	salamandrivorans_liq_Developed_vs_spore_Developed	5.1165917371764245	0.0293947132878457	False	True	False	False	0.5	True	False									
34365	1512.8258	8.022871	salamandrivorans_liq_Developed_vs_spore_Developed	2.0704979266187675	0.0308099106666233	False	True	False	False	0.6	True	False									
31157	529.2456	2.75817	salamandrivorans_liq_Developed_vs_spore_Developed	1.7373242088930545	0.0336978189829124	False	True	False	False	-0.0999999999999999	True	False									
14563	417.2386	2.413214	salamandrivorans_liq_Developed_vs_spore_Developed	6.0020011800063	0.0345865103596068	False	True	False	False	0.2999999999999999	True	False									
30071	679.3651	3.121216	salamandrivorans_liq_Zoospore_vs_spore_Zoospore	5.696856619565576	0.0358167334064495	False	True	False	False	0.8	False	False									
2278	641.3279	0.582	salamandrivorans_liq_Developed_vs_spore_Developed	1.228284480938061	0.0361316835349353	False	True	False	False	0.0	False	False									
10904	786.3702	0.567	salamandrivorans_liq_Developed_vs_spore_Developed	4.000333427109922	0.0393382367019728	False	True	False	False	0.6000000000000001	True	False									
15951	367.2018	1.666	salamandrivorans_liq_Developed_vs_spore_Developed	1.937452028334302	0.0402386038068077	False	True	False	False	0.2	True	False									
22744	706.3508	1.313933	salamandrivorans_liq_Developed_vs_spore_Developed	5.244000629035275	0.0405302137424944	False	True	False	False	0.5	True	False									
31385	417.237	2.094	salamandrivorans_liq_Developed_vs_spore_Developed	1.103141353774877	0.0432119226812333	False	True	False	False	0.0	False	False									
13269	810.4041	2.404	salamandrivorans_liq_Developed_vs_spore_Developed	3.798600657494857	0.0451935563479095	False	True	False	False	0.1999999999999999	False	False									
18194	591.3586	1.658758	salamandrivorans_liq_Developed_vs_spore_Developed	4.509609267451735	0.0466160080921904	False	True	False	False	0.5	False	False									
9649	1047.4655	1.419	salamandrivorans_liq_Developed_vs_spore_Developed	3.557939136885495	0.0466160080921904	False	True	False	False	0.5	False	False									
23717	346.6744	1.380042	salamandrivorans_liq_Developed_vs_spore_Developed	3.613427020272837	0.0469567730624399	False	True	False	False	0.5	True	False									
3809	717.348	1.72725	salamandrivorans_liq_Developed_vs_spore_Developed	2.8237108755093803	0.0469567730624399	False	True	False	False	0.4	True	False									
16165	517.2844	1.77729	salamandrivorans_liq_Developed_vs_spore_Developed	5.117174198311007	0.0471563583720645	False	True	False	False	0.5	False	False									
12957	1124.651	3.946	salamandrivorans_liq_Developed_vs_spore_Developed	5.101261184850687	0.0471563583720645	False	True	False	False	0.5	False	False									
13554	982.9862	2.476	salamandrivorans_liq_Developed_vs_spore_Developed	4.747540455854604	0.0471563583720645	False	True	False	False	0.5	False	False									
15626	1224.5126	3.198762	salamandrivorans_liq_Developed_vs_spore_Developed	4.681539967713882	0.0471563583720645	False	True	False	False	0.5	False	False									
18006	945.479	3.323	salamandrivorans_liq_Developed_vs_spore_Developed	4.45571174752367	0.0471563583720645	False	True	False	False	0.5	False	False									
23122	986.0314	3.671109	salamandrivorans_liq_Developed_vs_spore_Developed	4.404124144356027	0.0471563583720645	False	True	False	False	0.5	False	False									
13159	903.4242	1.209341	salamandrivorans_liq_Developed_vs_spore_Developed	3.957676107293736	0.0471563583720645	False	True	False	False	0.5	False	False									
25701	777.4064	4.02513	salamandrivorans_liq_Developed_vs_spore_Developed	3.939510374967163	0.0471563583720645	False	True	False	False	0.5	False	False									
24564	514.2798	3.6092	salamandrivorans_liq_Developed_vs_spore_Developed	3.8944319235437095	0.0471563583720645	False	True	False	False	0.5	False	False									
20597	1048.5007	3.621471	salamandrivorans_liq_Developed_vs_spore_Developed	3.7988765748893742	0.0471563583720645	False	True	False	False	0.5	False	False									
21253	765.3215	1.383167	salamandrivorans_liq_Developed_vs_spore_Developed	3.727729152469813	0.0471563583720645	False	True	False	False	0.5	False	False									
24346	1001.5038	1.281347	salamandrivorans_liq_Developed_vs_spore_Developed	3.453276101724552	0.0471563583720645	False	True	False	False	0.5	False	False									
25880	1332.619	3.976	salamandrivorans_liq_Developed_vs_spore_Developed	3.3300507778550776	0.0471563583720645	False	True	False	False	0.5	False	False									
26392	1029.5312	3.438	salamandrivorans_liq_Developed_vs_spore_Developed	3.0558238890397127	0.0471563583720645	False	True	False	False	0.5	False	False									
31430	562.7887	3.947	salamandrivorans_liq_Developed_vs_spore_Developed	2.9204403553418867	0.0471563583720645	False	True	False	False	0.5	False	False									
24147	573.7836	3.549	salamandrivorans_liq_Developed_vs_spore_Developed	2.7324552468189904	0.0471563583720645	False	True	False	False	0.5	False	False									
31772	1192.1672	4.235	salamandrivorans_liq_Developed_vs_spore_Developed	2.6999036813427004	0.0471563583720645	False	True	False	False	0.5	False	False									
37202	1001.0444	3.930679	salamandrivorans_liq_Developed_vs_spore_Developed	2.6459083368277208	0.0471563583720645	False	True	False	False	0.5	False	False									
25283	714.8856	3.841	salamandrivorans_liq_Developed_vs_spore_Developed	2.5168885845856326	0.0471563583720645	False	True	False	False	0.5	False	False									
37458	495.2547	4.074	salamandrivorans_liq_Developed_vs_spore_Developed	1.5337952338292151	0.0471563583720645	False	True	False	False	0.5	False	False									
36930	979.5002	4.232	salamandrivorans_liq_Developed_vs_spore_Developed	1.4458372318809365	0.0471563583720645	False	True	False	False	0.5	False	False									
38492	402.2983	4.814438	salamandrivorans_liq_Developed_vs_spore_Developed	1.4364643714473488	0.0471563583720645	False	True	False	False	0.5	False	False									
37632	1149.6331	4.617559	salamandrivorans_liq_Developed_vs_spore_Developed	1.3148678261992532	0.0471563583720645	False	True	False	False	0.5	False	False									
16173	362.1981	2.12371	salamandrivorans_liq_Developed_vs_spore_Developed	5.400329708693774	0.0471563583720645	False	True	False	False	0.4	False	False									
22963	831.4045	3.405637	salamandrivorans_liq_Developed_vs_spore_Developed	4.056719706338757	0.0471563583720645	False	True	False	False	0.4	True	False									
14160	1048.5123	3.637131	salamandrivorans_liq_Developed_vs_spore_Developed	3.7988765748893742	0.0471563583720645	False	True	False	False	0.4	False	False									
14180	1064.6052	3.825	salamandrivorans_liq_Developed_vs_spore_Developed	3.2532907989066264	0.0471563583720645	False	True	False	False	0.4	False	False									
21085	710.4373	2.572	salamandrivorans_liq_Developed_vs_spore_Developed	5.088305399237268	0.0471563583720645	False	True	False	False	0.3999999999999999	False	False									
13125	723.3746	0.621	salamandrivorans_liq_Developed_vs_spore_Developed	4.613229097689575	0.0476203328476644	False	True	False	False	0.5	False	False									
10129	671.9762	1.946	salamandrivorans_liq_Developed_vs_spore_Developed	4.035928800621988	0.0476203328476644	False	True	False	False	0.4	False	False									
17481	1167.0604	2.263127	salamandrivorans_liq_Developed_vs_spore_Developed	2.597330655215323	0.0477376092743683	False	True	False	False	0.1999999999999999	False	False									
12198	621.2484	0.667	salamandrivorans_liq_Developed_vs_spore_Developed	5.206393674964116	0.0478363533807944	False	True	False	False	0.5	False	False									
6748	681.3237	3.048421	salamandrivorans_liq_Developed_vs_spore_Developed	1.832669031224652	0.0478672721090822	False	True	False	False	0.0	True	False									
27519	592.1948	1.344309	salamandrivorans_liq_Developed_vs_spore_Developed	2.999767242353358	0.048149021391916	False	True	False	False	0.5	False	False									
24896	413.7485	3.40715	salamandrivorans_liq_Developed_vs_spore_Developed	2.803023851449471	0.048149021391916	False	True	False	False	0.5	True	False									
14111	653.3228	1.481667	salamandrivorans_liq_Developed_vs_spore_Developed	5.209630927698592	0.048149021391916	False	True	False	False	0.2999999999999999	False	False									
11701	874.3716	0.756	salamandrivorans_liq_Developed_vs_spore_Developed	4.24879160581823	0.048193700342049	False	True	False	False	0.5	False	False									
21800	796.4089	1.434848	salamandrivorans_liq_Developed_vs_spore_Developed	3.486200230572654	0.048193700342049	False	True	False	False	0.5	False	False									
30211	1160.6173	4.205	salamandrivorans_liq_Developed_vs_spore_Developed	2.2054356212800714	0.048193700342049	False	True	False	False	0.5	False	False									
33129	688.2703	4.015	salamandrivorans_liq_Developed_vs_spore_Developed	1.839672674929342	0.048193700342049	False	True	False	False	0.5	False	False									
10570	992.3195	2.54	salamandrivorans_liq_Developed_vs_spore_Developed	4.694231183691361	0.048298195533499	False	True	False	False	0.5	False	False									
16646	505.2269	0.662	salamandrivorans_liq_Developed_vs_spore_Developed	4.892386399858826	0.0489523701301165	False	True	False	False	0.5	False	False									
4554	331.1574	1.010966	salamandrivorans_liq_Developed_vs_spore_Developed	3.7841511620082855	0.0496686137325648	False	True	False	False	0.5	True	False									
437	437.2026	0.583	salamandrivorans_liq_Developed_vs_spore_Developed	10.605037774597337	0.0001765838201198	False	False	True	True	1.0	True	False	transferred	0.058	[2-amino-1-[3-[[2-[(2S)-2-[(2,2-difluorocyclohexyl)carbamoyl]pyrrolidin-1-yl]-2-oxoethyl]amino]pyridin-4-yl]-2-oxoethylidene]azanium	C20H26F2N6O3	Amino acids and Peptides	Tripeptides			
1663	671.2975	0.60675	salamandrivorans_liq_Developed_vs_spore_Developed	9.6219129258882	0.0001765838201198	False	False	True	True	1.0	True	False									
975	461.3335	0.65025	salamandrivorans_liq_Developed_vs_spore_Developed	9.070098295433436	0.0001765838201198	False	False	True	True	1.0	True	False	transferred	0.188	(E,4S)-4-[[(2S,3S)-2-[(2,2-diethyl-4-methylpentanoyl)amino]-3-methylpentanoyl]-methylamino]-2,5-dimethylhex-2-enoic acid	C25H46N2O4	Amino acids and Peptides	Tripeptides	Spectral Match to Leu-Val from NIST14 [2M+H]+	0.9664	12.0
1749	598.3593	2.698	salamandrivorans_liq_Developed_vs_spore_Developed	8.867657538047128	0.0001765838201198	False	False	True	True	1.0	True	False									
3301	1105.5791	1.579	salamandrivorans_liq_Developed_vs_spore_Developed	8.796274082881322	0.0001765838201198	False	False	True	True	1.0	True	False									
3701	585.2515	1.054664	salamandrivorans_liq_Developed_vs_spore_Developed	8.738460176275842	0.0001765838201198	False	False	True	True	1.0	True	False	transferred	0.28	N-[(2S,4R,5R)-6-[[(2R,4R,5R)-3-acetamido-4-hydroxy-6-(hydroxymethyl)-5-[(2S,4S,5R)-3,4,5-trihydroxy-6-(hydroxymethyl)oxan-2-yl]oxyoxan-2-yl]oxymethyl]-4,5-dihydroxy-2-methyloxan-3-yl]acetamide	C23H40N2O15	Carbohydrates	Aminosugars			
3650	585.2515	1.61	salamandrivorans_liq_Developed_vs_spore_Developed	8.734044657737385	0.0001765838201198	False	False	True	True	1.0	True	False									
2361	940.5092	3.308	salamandrivorans_liq_Developed_vs_spore_Developed	8.59720288791329	0.0001765838201198	False	False	True	True	1.0	True	False	native	0.098	H-Thr-Arg-Ser-Gly-Lys-Val-Met-Arg-al	C53H73N5O6S2	Amino acids and Peptides	Cyclic peptides			
4969	1082.5111	3.496968	salamandrivorans_liq_Developed_vs_spore_Developed	8.300438041622138	0.0001765838201198	False	False	True	True	1.0	True	False									
5116	1079.4988	2.841653	salamandrivorans_liq_Developed_vs_spore_Developed	8.285439045476979	0.0001765838201198	False	False	True	True	1.0	True	False									
5032	547.2144	1.229	salamandrivorans_liq_Developed_vs_spore_Developed	8.269383231866755	0.0001765838201198	False	False	True	True	1.0	True	False	transferred	0.356	Asp-Leu-Val-Tyr	C29H30N4O7	Amino acids and Peptides	Tripeptides			
4131	1441.7166	3.650143	salamandrivorans_liq_Developed_vs_spore_Developed	8.245299709600603	0.0001765838201198	False	False	True	True	1.0	True	False									
5354	850.3675	1.4275	salamandrivorans_liq_Developed_vs_spore_Developed	8.239843780841213	0.0001765838201198	False	False	True	True	1.0	True	False	transferred	0.144	(3S)-3-[[(2S)-2-[[(2S)-2-[[(2S)-2-[[(2S,3R)-2-[[(2S)-2-azaniumyl-3-phenylpropanoyl]amino]-3-hydroxybutanoyl]amino]-4-methylpentanoyl]amino]-3-carboxylatopropanoyl]amino]propanoyl]amino]-4-[[(1S)-1-carboxylato-2-phenylethyl]amino]-4-oxobutanoate	C44H53N5O11	Amino acids and Peptides	Cyclic peptides			
3274	457.236	1.675	salamandrivorans_liq_Developed_vs_spore_Developed	8.223460442880336	0.0001765838201198	False	False	True	True	1.0	True	False	native	0.334	Cyclo-(L-Val-L-Glu-L-Val-L-Glu)	C17H34N6O7	Amino acids and Peptides	Tripeptides			
3555	1129.4908	3.599	salamandrivorans_liq_Developed_vs_spore_Developed	8.192549659624424	0.0001765838201198	False	False	True	True	1.0	True	False									
4242	579.2415	1.627	salamandrivorans_liq_Developed_vs_spore_Developed	8.176578955372221	0.0001765838201198	False	False	True	True	1.0	True	False	native	0.245	(3S)-3-[[(2S)-2-acetamido-3-hydroxypropanoyl]amino]-4-[[(2S)-1-[[(2S,3R)-1-amino-3-hydroxy-1-oxobutan-2-yl]amino]-1-oxo-6-[[(2S)-2-sulfanylpropanoyl]amino]hexan-2-yl]amino]-4-oxobutanoic acid	C25H40N4O9	Amino acids and Peptides	Cyclic peptides			
6551	849.451	0.992555	salamandrivorans_liq_Developed_vs_spore_Developed	8.087709580519814	0.0001765838201198	False	False	True	True	1.0	True	False									
3205	718.8807	1.722	salamandrivorans_liq_Developed_vs_spore_Developed	7.985252845421643	0.0001765838201198	False	False	True	True	1.0	True	False	native			C19H26Br4N6O4					
5868	798.3294	1.333733	salamandrivorans_liq_Developed_vs_spore_Developed	7.919367761431549	0.0001765838201198	False	False	True	True	1.0	True	True	transferred	0.195	[5-[bis[(3-methoxyphenyl)methyl]carbamoyloxymethoxymethoxy]pyridin-3-yl]oxymethoxymethyl N,N-bis[(3-methoxyphenyl)methyl]carbamate	C33H51N9O10S2	Amino acids and Peptides	Indole diketopiperazine alkaloids (L-Trp, L-Pro)			
6858	731.8409	2.298124	salamandrivorans_liq_Developed_vs_spore_Developed	7.87420063374593	0.0001765838201198	False	False	True	True	1.0	True	False	native			C18H26Br4FN3O5S					
5229	1060.4775	1.714728	salamandrivorans_liq_Developed_vs_spore_Developed	7.862860909366231	0.0001765838201198	False	False	True	True	1.0	True	False									
6438	912.4026	1.117464	salamandrivorans_liq_Developed_vs_spore_Developed	7.840519842435992	0.0001765838201198	False	False	True	True	1.0	True	False									
4098	825.3782	1.252611	salamandrivorans_liq_Developed_vs_spore_Developed	7.792602155086753	0.0001765838201198	False	False	True	True	1.0	True	False									
5836	548.2657	0.924223	salamandrivorans_liq_Developed_vs_spore_Developed	7.752798792923618	0.0001765838201198	False	False	True	True	1.0	True	False	native	0.759	L-Asp-L-Orn-L-Thr-L-Ala-Gly-L-Ala-OH	C21H37N7O10	Amino acids and Peptides	Tripeptides			
4670	1129.4917	3.116417	salamandrivorans_liq_Developed_vs_spore_Developed	7.662191072376866	0.0001765838201198	False	False	True	True	1.0	True	False									
5191	385.6798	0.995512	salamandrivorans_liq_Developed_vs_spore_Developed	7.654392927457992	0.0001765838201198	False	False	True	True	1.0	True	False	native			COPS9					
7329	644.2887	0.918374	salamandrivorans_liq_Developed_vs_spore_Developed	7.637681775665934	0.0001765838201198	False	False	True	True	1.0	True	False	native	0.402	H-Gly-Ala-Pro-Glu-Thr-Gly-Glu-al	C29H43N5O10	Amino acids and Peptides	Tripeptides			
9030	1276.6617	2.890633	salamandrivorans_liq_Developed_vs_spore_Developed	7.6338781405604	0.0001765838201198	False	False	True	True	1.0	True	False									
7523	636.3438	3.880533	salamandrivorans_liq_Developed_vs_spore_Developed	7.550351622906576	0.0001765838201198	False	False	True	True	1.0	True	False	transferred	0.943	2-({1-[2-({1-[2-amino-3-(4-hydroxyphenyl)propanoyl]pyrrolidin-2-yl}formamido)-3-methylpentanoyl]pyrrolidin-2-yl}formamido)-3-phenylpropanoic acid	C34H45N5O7	Amino acids and Peptides	Tripeptides			
6865	691.379	2.936504	salamandrivorans_liq_Developed_vs_spore_Developed	7.546253517437933	0.0001765838201198	False	False	True	True	1.0	True	False	native	0.508	Me-Phe-Val-Ala-Pro-Phe-Pro-OH	C37H50N6O7	Amino acids and Peptides	Cyclic peptides			
6828	1230.6089	3.929	salamandrivorans_liq_Developed_vs_spore_Developed	7.524706054848218	0.0001765838201198	False	False	True	True	1.0	True	False									
8753	1007.5535	2.906125	salamandrivorans_liq_Developed_vs_spore_Developed	7.384012123658499	0.0001765838201198	False	False	True	True	1.0	True	False	native	0.329	H-Glu-Leu-Ala-Gly-Ile-Gly-Ile-Leu-Thr-Val-al	C51H74N8O13	Amino acids and Peptides	Linear peptides			
1570	879.3707	1.034867	salamandrivorans_liq_Developed_vs_spore_Developed	7.122778954100611	0.0001765838201198	False	False	True	True	1.0	True	False									
4377	797.3788	3.635693	salamandrivorans_liq_Developed_vs_spore_Developed	7.100271949761066	0.0001765838201198	False	False	True	True	1.0	True	False	transferred	0.196	H-Val-Tyr-Ile-His-Pro-Phe-al	C41H54N6O9	Amino acids and Peptides	Cyclic peptides			
5249	706.3238	0.58	salamandrivorans_liq_Developed_vs_spore_Developed	6.935410068640338	0.0001765838201198	False	False	True	True	1.0	True	False									
11358	618.2488	1.373471	salamandrivorans_liq_Developed_vs_spore_Developed	6.881823041870583	0.0001765838201198	False	False	True	True	1.0	True	False	native	0.039	(3S)-oxolan-3-yl N-[(2S,3S)-4-[(2S)-2-benzyl-3-oxo-4-(1-oxo-1,2,3,4-tetrahydroisoquinolin-4-yl)-2,3-dihydro-1H-pyrrol-2-yl]-3-hydroxy-1-phenylbutan-2-yl]carbamate	C27H35N7O10	Amino acids and Peptides	Cyclic peptides			
7783	705.4001	3.939	salamandrivorans_liq_Developed_vs_spore_Developed	6.85632938074193	0.0001765838201198	False	False	True	True	1.0	True	False	transferred	0.828	Et-Phe-Val-Ala-Pro-Phe-Pro-OH	C38H52N6O7	Amino acids and Peptides	Tripeptides			
8963	607.2977	3.929	salamandrivorans_liq_Developed_vs_spore_Developed	6.704165353547043	0.0001765838201198	False	False	True	True	1.0	True	True	native	0.329	Antibiotic Fr 900261	C25H38N10O8	Amino acids and Peptides	Cyclic peptides			
12878	644.3438	3.826	salamandrivorans_liq_Developed_vs_spore_Developed	6.643720884114614	0.0001765838201198	False	False	True	True	1.0	True	False	native	0.689	H-Val-Pro-Ile-Gln-Cys-Thr-al	C31H45N7O8	Amino acids and Peptides	Tripeptides			
9113	1079.6	3.834773	salamandrivorans_liq_Developed_vs_spore_Developed	6.526332788058693	0.0001765838201198	False	False	True	True	1.0	True	False	native	0.031	Pneumocandin A0	C51H82N8O17	Amino acids and Peptides	Lipopeptides			
12743	871.4886	3.9075	salamandrivorans_liq_Developed_vs_spore_Developed	6.492738219144138	0.0001765838201198	False	False	True	True	1.0	True	False	native	0.277	H-His-Arg-Phe-Leu-Arg-His-al	C44H66N6O12	Amino acids and Peptides	Cyclic peptides			
6913	860.4024	4.033	salamandrivorans_liq_Developed_vs_spore_Developed	6.469952992673727	0.0001765838201198	False	False	True	True	1.0	True	False	native	0.783	H-Ser-Phe-Asn-Phe-Pro-Ile-Val-NH2	C41H59N9O9	Amino acids and Peptides	Cyclic peptides			
9144	1002.5655	4.464516	salamandrivorans_liq_Developed_vs_spore_Developed	6.45442273098308	0.0001765838201198	False	False	True	True	1.0	True	False	transferred	0.133	tert-butyl N-[5-[[4-oxo-4-[5-[[4-oxo-4-[phenylmethoxy(5-phenylmethoxypentyl)amino]butanoyl]amino]pentyl-phenylmethoxyamino]butanoyl]amino]pentyl]-N-phenylmethoxycarbamate	C50H79N7O14	Amino acids and Peptides	Cyclic peptides			
11502	821.9584	4.244992	salamandrivorans_liq_Developed_vs_spore_Developed	6.41484055376339	0.0001765838201198	False	False	True	True	1.0	True	False	native			C25H32Br2IN5O7					
8874	711.3639	3.8445	salamandrivorans_liq_Developed_vs_spore_Developed	6.359177984914806	0.0001765838201198	False	False	True	True	1.0	True	False	native	0.156	H-Val-Arg-Thr-Lys-Ala-Asp-al	C31H50N8O11	Amino acids and Peptides	Tripeptides			
11744	548.766	0.936819	salamandrivorans_liq_Developed_vs_spore_Developed	6.320556441132676	0.0001765838201198	False	False	True	True	1.0	True	False									
7595	332.6948	2.6655	salamandrivorans_liq_Developed_vs_spore_Developed	6.199821736829745	0.0001765838201198	False	False	True	True	1.0	True	False	native			As2S5					
2729	380.7389	3.441356	salamandrivorans_liq_Developed_vs_spore_Developed	6.1533296218990685	0.0001765838201198	False	False	True	True	1.0	True	False	native			C3H2O3S8					
7126	399.7423	3.373828	salamandrivorans_liq_Developed_vs_spore_Developed	6.140820050430638	0.0001765838201198	False	False	True	True	1.0	True	False	native			CHNO7P2S5					
18494	983.4366	3.946	salamandrivorans_liq_Developed_vs_spore_Developed	6.022178888324326	0.0001765838201198	False	False	True	True	1.0	True	False	native	0.08	perthamide C	C48H64N8O12	Amino acids and Peptides	Depsipeptides			
7366	435.2622	1.030229	salamandrivorans_liq_Developed_vs_spore_Developed	5.9923811735310695	0.0001765838201198	False	False	True	True	1.0	True	False	native	0.098	H-Val-Ser-Nva-Phe-al	C20H36N4O5	Amino acids and Peptides	Tripeptides			
13467	977.4814	3.9565	salamandrivorans_liq_Developed_vs_spore_Developed	5.900519208138487	0.0001765838201198	False	False	True	True	1.0	True	False	native	0.047	27'-[2-(2-{1H,2H,3H,6aH,7H,8H,9H,10H,10aH,10bH-imidazo[4,3-a]isoquinolin-8-yl}ethyl)furan-3-yl]-20'-benzyl-16'-hydroxy-2',13',13'-trimethyl-8',12',28',31'-tetraoxaspiro[cyclopentane-1,10'-octacyclo[15.14.0.0¹,³⁰.0²,²⁷.0⁵,¹⁷.0⁶,¹¹.0⁶,¹⁴.0¹⁸,²³]hentriacontan]-24'-yne-9',15',29'-trione	C56H68N2O13	Amino acids and Peptides	Depsipeptides			
16409	998.4716	2.714	salamandrivorans_liq_Developed_vs_spore_Developed	5.841471603611736	0.0001765838201198	False	False	True	True	1.0	True	False	native		H-Ser-Gly-Pro-Ser-Asn-Thr-Pro-Pro-Glu-Ile-OH	C48H67N7O16	Amino acids and Peptides	Cyclic peptides			
14421	345.6635	1.3875	salamandrivorans_liq_Developed_vs_spore_Developed	5.807408745665065	0.0001765838201198	False	False	True	True	1.0	True	False									
17431	801.4092	3.799	salamandrivorans_liq_Developed_vs_spore_Developed	5.77810860306853	0.0001765838201198	False	False	True	True	1.0	True	False	native	0.126	[(5S)-5-[[(2S,3S)-2-[[(2S)-2-[[(2S)-2-[[(2S)-2-[[(2S)-2-acetamido-4-amino-4-oxobutanoyl]amino]-3-hydroxypropanoyl]amino]-4-amino-4-oxobutanoyl]amino]propanoyl]amino]-3-methylpentanoyl]amino]-6-[[(2S)-1,4-diamino-1,4-dioxobutan-2-yl]amino]-6-oxohexyl]azanium	C36H58N8O11	Amino acids and Peptides	Tripeptides			
11253	972.0116	4.248	salamandrivorans_liq_Developed_vs_spore_Developed	5.771268219238775	0.0001765838201198	False	False	True	True	1.0	True	False	native		2-[[4-[[4-[[4-chloro-6-[N-(sulfomethyl)anilino]-1,3,5-triazin-2-yl]amino]-7-sulfonaphthalen-1-yl]diazenyl]-5-methoxy-2-methylphenyl]diazenyl]benzene-1,4-disulfonic acid	C34H28ClN9O13S4	Amino acids and Peptides	Cyclic peptides			
18424	603.2025	1.131606	salamandrivorans_liq_Developed_vs_spore_Developed	5.661538811127644	0.0001765838201198	False	False	True	True	1.0	True	False									
17385	524.7725	1.299392	salamandrivorans_liq_Developed_vs_spore_Developed	5.635063889791183	0.0001765838201198	False	False	True	True	1.0	True	False	native			C9H12Br4N4O2					
15150	680.8825	3.894452	salamandrivorans_liq_Developed_vs_spore_Developed	5.460214894063015	0.0001765838201198	False	False	True	True	1.0	True	False	native			C19H22Br3ClN4O5					
17575	456.2357	3.907	salamandrivorans_liq_Developed_vs_spore_Developed	5.422072100059426	0.0001765838201198	False	False	True	True	1.0	True	False	native	0.211	Mu-Phe-hPhe-FMK	C25H30FN3O4	Amino acids and Peptides	Tripeptides			
19368	764.4332	4.084316	salamandrivorans_liq_Developed_vs_spore_Developed	5.296189208120962	0.0001765838201198	False	False	True	True	1.0	True	False									
19931	983.012	4.248	salamandrivorans_liq_Developed_vs_spore_Developed	5.289385980534688	0.0001765838201198	False	False	True	True	1.0	True	False	native			C30H46Br4N6O11					
18274	486.7463	1.500918	salamandrivorans_liq_Developed_vs_spore_Developed	5.233072686346234	0.0001765838201198	False	False	True	True	1.0	True	False	native			C7H10Br4N2O3					
13904	394.2504	3.52	salamandrivorans_liq_Developed_vs_spore_Developed	5.189258158228729	0.0001765838201198	False	False	True	True	1.0	True	False	native	0.053		C19H31N5O4	Amino acids and Peptides	Tripeptides			
10560	1019.5309	3.664933	salamandrivorans_liq_Developed_vs_spore_Developed	5.072760888983713	0.0001765838201198	False	False	True	True	1.0	True	True	native	0.053	20-benzyl-16-hydroxy-27-[2-({5-hydroxy-13,15-diazatetracyclo[8.7.0.0³,⁸.0¹¹,¹⁵]heptadec-16-en-4-yl}methyl)furan-3-yl]-2,13-dimethyl-13-(3-methylbutyl)-8,12,28,31-tetraoxaoctacyclo[15.14.0.0¹,³⁰.0²,²⁷.0⁵,¹⁷.0⁶,¹¹.0⁶,¹⁴.0¹⁸,²³]hentriacont-24-yne-9,15,29-trione	C59H74N2O13	Polyketides	Depsipeptides			
10776	479.8068	4.062	salamandrivorans_liq_Developed_vs_spore_Developed	4.744019668527399	0.0001765838201198	False	False	True	True	1.0	True	False	native		2-[2-(2,4,6-Tribromophenoxy)ethoxy]ethanesulfonamide	C10H12Br3NO4S	Amino acids and Peptides	Aminoacids			
9713	451.2986	3.979	salamandrivorans_liq_Developed_vs_spore_Developed	4.692864257153959	0.0001765838201198	False	False	True	True	1.0	True	False	native	0.116	N-(5-carbamimidamido-1-hydroxypentan-2-yl)-2-({1-hydroxy-2-[(1-hydroxyethylidene)amino]-4-methylpentylidene}amino)-4-methylpentanimidic acid	C22H38N6O4	Amino acids and Peptides	Tripeptides			
26989	826.4705	4.378162	salamandrivorans_liq_Developed_vs_spore_Developed	3.651103356988813	0.0001765838201198	False	False	True	True	1.0	True	True	native	0.172	Tacrolimus	C36H63N11O11	Polyketides	Polyene macrolides			
1212	652.3278	2.89034	salamandrivorans_liq_Developed_vs_spore_Developed	10.077167638185667	0.0001765838201198	False	False	True	True	0.9	True	False	transferred	0.235	H-Leu-Pro-Phe-Glu-Phe-OH	C28H49N3O14	Amino acids and Peptides	Cyclic peptides			
1505	837.4642	1.644	salamandrivorans_liq_Developed_vs_spore_Developed	9.530118158832892	0.0001765838201198	False	False	True	True	0.9	True	False	transferred	0.21	[(4S)-4-azaniumyl-5-[[(2S)-1-[(2S)-2-[[(2S,3R)-1-[[(2S)-1-[[(2S,3S)-1-[[(1S,2S)-1-carboxy-2-methylbutyl]amino]-3-methyl-1-oxopentan-2-yl]amino]-3-hydroxy-1-oxopropan-2-yl]amino]-3-hydroxy-1-oxobutan-2-yl]carbamoyl]pyrrolidin-1-yl]-4-methyl-1-oxopentan-2-yl]amino]-5-oxopentyl]-(diaminomethylidene)azanium	C41H60N10O9	Amino acids and Peptides	Cyclic peptides			
2772	585.251	1.17659	salamandrivorans_liq_Developed_vs_spore_Developed	8.976564287827674	0.0001765838201198	False	False	True	True	0.9	True	False	transferred	0.263	N-[(2S,4R,5R)-6-[[(2R,4R,5R)-3-acetamido-4-hydroxy-6-(hydroxymethyl)-5-[(2S,4S,5R)-3,4,5-trihydroxy-6-(hydroxymethyl)oxan-2-yl]oxyoxan-2-yl]oxymethyl]-4,5-dihydroxy-2-methyloxan-3-yl]acetamide	C23H40N2O15	Carbohydrates	Cyanogenic glycosides			
1584	1013.5358	3.525	salamandrivorans_liq_Developed_vs_spore_Developed	8.967566644379339	0.0001765838201198	False	False	True	True	0.9	True	False	transferred	0.072	H-Gly-Ala-Thr-Pro-Gln-Asp-Leu-Asn-Thr-Nle-al	C63H72N4O8	Amino acids and Peptides	Cyclic peptides			
2510	527.2476	1.258821	salamandrivorans_liq_Developed_vs_spore_Developed	8.793772945514066	0.0001765838201198	False	False	True	True	0.9	True	False	transferred	0.265	Ac-Thr-Val-Ala-Ser-Ser-NH2	C20H36N6O9	Carbohydrates	Aminoglycosides			
2833	692.3277	1.008158	salamandrivorans_liq_Developed_vs_spore_Developed	8.786504778799067	0.0001765838201198	False	False	True	True	0.9	True	False	transferred	0.112	Tuberactinomycin-O	C31H45N7O11	Amino acids and Peptides	Linear peptides			
3904	543.2418	1.009043	salamandrivorans_liq_Developed_vs_spore_Developed	8.662562527654968	0.0001765838201198	False	False	True	True	0.9	True	False	transferred	0.501	N,N'-bis[2-[(2S,3S,4S,5S,6R)-3,4,5-trihydroxy-6-(hydroxymethyl)oxan-2-yl]oxyethyl]pentanediamide	C21H38N2O14	Amino acids and Peptides	Cyanogenic glycosides			
2944	809.4097	1.288988	salamandrivorans_liq_Developed_vs_spore_Developed	8.633070971000627	0.0001765838201198	False	False	True	True	0.9	True	False									
3946	721.3546	3.645549	salamandrivorans_liq_Developed_vs_spore_Developed	8.520762240174086	0.0001765838201198	False	False	True	True	0.9	True	False	native	0.029	methyl 4'-[13-ethylidene-18-(methoxycarbonyl)-4-oxo-8,15-diazapentacyclo[10.5.1.0¹,⁹.0²,⁷.0⁹,¹⁵]octadeca-2,5,7-trien-5-yl]-5'-methoxy-3,8'-dimethyl-8',15'-diazaspiro[oxirane-2,13'-pentacyclo[10.5.1.0¹,⁹.0²,⁷.0¹⁰,¹⁵]octadecane]-2'(7'),3',5'-triene-18'-carboxylate	C37H48N6O9	Amino acids and Peptides	Cyclic peptides			
4496	1022.4879	1.428568	salamandrivorans_liq_Developed_vs_spore_Developed	8.434549230997062	0.0001765838201198	False	False	True	True	0.9	True	False									
5683	550.7634	1.322	salamandrivorans_liq_Developed_vs_spore_Developed	8.129048332797963	0.0001765838201198	False	False	True	True	0.9	True	False	native			C8H14Br4N2O6					
6320	731.3365	1.403418	salamandrivorans_liq_Developed_vs_spore_Developed	7.82317014874573	0.0001765838201198	False	False	True	True	0.9	True	False									
3565	630.3258	3.875	salamandrivorans_liq_Developed_vs_spore_Developed	7.748444856222552	0.0001765838201198	False	False	True	True	0.9	True	False	native	0.292	Destruxin B	C30H43N7O8	Amino acids and Peptides	Tripeptides			
2695	594.3255	1.989968	salamandrivorans_liq_Developed_vs_spore_Developed	7.666358399996492	0.0001765838201198	False	False	True	True	0.9	True	False	transferred	0.3	Boc-Leu-Pro-Lys(Boc)-NH2	C27H43N7O8	Amino acids and Peptides	Tripeptides			
6063	592.7819	3.01739	salamandrivorans_liq_Developed_vs_spore_Developed	7.665437291346119	0.0001765838201198	False	False	True	True	0.9	True	False	native			C12H18Br4N2O4					
2465	718.8251	0.6895	salamandrivorans_liq_Developed_vs_spore_Developed	7.63922559544079	0.0001765838201198	False	False	True	True	0.9	True	False	native	0.006	3-(2,3-Dihydroxypropylcarbamoyl)-2,4,6-triiodo-5-[methoxy(2-oxopropyl)amino]benzoic acid	C15H17I3N2O7	Amino acids and Peptides	Tripeptides			
9278	555.2364	2.555	salamandrivorans_liq_Developed_vs_spore_Developed	7.357395121576795	0.0001765838201198	False	False	True	True	0.9	True	False	native	0.109	N-[(3S,4R,5S,6R)-5-[(2R,3S,4R,5S,6R)-3-acetamido-4,5-dihydroxy-6-(hydroxymethyl)oxan-2-yl]oxy-6-(hydroxymethyl)-4-[(2S,3S,4R,5S,6S)-3,4,5-trihydroxy-6-methyloxan-2-yl]oxyoxan-3-yl]acetamide	C22H38N2O14	Carbohydrates	Amino cyclitols			
3662	480.9101	1.356348	salamandrivorans_liq_Developed_vs_spore_Developed	7.31450173472159	0.0001765838201198	False	False	True	True	0.9	True	True	native	0.014	6-Bromo-9-[(4-bromo-3,5-dimethoxypyridin-2-yl)methyl]purin-2-amine	C11H15Br2FN2O6S	Alkaloids	Pyrrole alkaloids			
6790	733.3566	3.011319	salamandrivorans_liq_Developed_vs_spore_Developed	7.296646077935329	0.0001765838201198	False	False	True	True	0.9	True	False	native	0.631	Ac-Ile-Glu-Ser-Thr-Glu-Ile-OH	C31H52N6O14	Amino acids and Peptides	Tripeptides			
5258	902.3935	1.99301	salamandrivorans_liq_Developed_vs_spore_Developed	6.522253978120219	0.0001765838201198	False	False	True	True	0.9	True	False	native	0.315	Ac-Gln-Glu-Arg-Glu-Val-Pro-Cys-OH	C44H69N3O10S2	Amino acids and Peptides	RiPPs			
7865	713.4229	2.78	salamandrivorans_liq_Developed_vs_spore_Developed	6.505549723029842	0.0001765838201198	False	False	True	True	0.9	True	False	native	0.087	tert-butyl N-[(2S)-1-[(1R,2S,5S)-2-({1-[({[(S)-(dimethylcarbamoyl)(phenyl)methyl]carbamoyl}methyl)carbamoyl]-1-oxopentan-2-yl}carbamoyl)-6,6-dimethyl-3-azabicyclo[3.1.0]hexan-3-yl]-3,3-dimethyl-1-oxobutan-2-yl]carbamate	C37H56N6O8	Amino acids and Peptides	Cyclic peptides			
7077	301.6685	1.675	salamandrivorans_liq_Developed_vs_spore_Developed	6.294803338810642	0.0001765838201198	False	False	True	True	0.9	True	False									
15101	443.5614	1.515166	salamandrivorans_liq_Developed_vs_spore_Developed	6.194537808253759	0.0001765838201198	False	False	True	True	0.9	True	False									
11245	724.3851	3.752453	salamandrivorans_liq_Developed_vs_spore_Developed	5.884209720092436	0.0001765838201198	False	False	True	True	0.9	True	False	native	0.211	Ac-Gln-Leu-Val-Thr-Ser-Leu-OH	C40H49N7O6	Amino acids and Peptides	Tripeptides			
19016	443.8979	1.517	salamandrivorans_liq_Developed_vs_spore_Developed	5.529221524183359	0.0001765838201198	False	False	True	True	0.9	True	False	native			C9H14Br2ClN3O4					
14478	229.1659	2.603	salamandrivorans_liq_Developed_vs_spore_Developed	5.2776742720275145	0.0001765838201198	False	False	True	True	0.9	True	False	native	0.016		C10H20N4O2	Amino acids and Peptides	Dipeptides	Spectral Match to Pro-Leu from NIST14 [M+H]+	0.957	11.0
3186	473.2756	3.894	salamandrivorans_liq_Developed_vs_spore_Developed	5.240713306071029	0.0001765838201198	False	False	True	True	0.9	True	False	transferred	0.789	Ile-Phe-Pro-Pro	C25H36N4O5	Amino acids and Peptides	Cyclic peptides			
592	960.447	3.931	salamandrivorans_liq_Developed_vs_spore_Developed	11.242965316675384	0.0001765838201198	False	False	True	True	0.8	True	False	transferred	0.408	H-Pro-Pro-Ala-Leu-Pro-Ser-Ser-Ala-Pro-Ser-NH2	C47H61N9O13	Amino acids and Peptides	Anabaenopeptins			
1626	951.4624	3.613548	salamandrivorans_liq_Developed_vs_spore_Developed	9.675190349341296	0.0001765838201198	False	False	True	True	0.8	True	False									
1454	1072.4838	2.742	salamandrivorans_liq_Developed_vs_spore_Developed	9.51824374113738	0.0001765838201198	False	False	True	True	0.8	True	False									
2135	815.3932	3.101778	salamandrivorans_liq_Developed_vs_spore_Developed	9.118240672932089	0.0001765838201198	False	False	True	True	0.8	True	False	transferred	0.031		C42H58N2O14	Amino acids and Peptides	Depsipeptides			
2477	879.3453	2.73	salamandrivorans_liq_Developed_vs_spore_Developed	9.115478492164131	0.0001765838201198	False	False	True	True	0.8	True	False	transferred	0.122	(2S)-2-[[2-[[2-[[(E)-4-[[(2S)-1-[[(2S)-1-[[(2S)-1-[[(2S)-1-amino-3-methyl-1-oxobutan-2-yl]amino]-1-oxopropan-2-yl]amino]-1-oxo-3-phenylpropan-2-yl]amino]-1-oxo-3-phenylpropan-2-yl]amino]-4-oxobut-2-enoyl]amino]acetyl]amino]acetyl]amino]-3-phenylpropanoic acid	C47H50N4O13	Amino acids and Peptides	Cyclic peptides			
1888	677.3693	4.105339	salamandrivorans_liq_Developed_vs_spore_Developed	8.619159889150232	0.0001765838201198	False	False	True	True	0.8	True	False	transferred	0.346	Dianthin C	C36H48N6O7	Amino acids and Peptides	Cyclic peptides			
4447	1133.5581	2.132937	salamandrivorans_liq_Developed_vs_spore_Developed	8.507727133312175	0.0001765838201198	False	False	True	True	0.8	True	False	transferred	0.196	H-Lys-Gln-Glu-Pro-Gln-Glu-Ile-Asp-Phe-OH	C50H76N12O18	Amino acids and Peptides	Cyclic peptides			
2925	472.228	0.826	salamandrivorans_liq_Developed_vs_spore_Developed	8.339527519054803	0.0001765838201198	False	False	True	True	0.8	True	False	native	0.086	Hexahydro-1,3,5-tris[3-(oxiranylmethoxy)-1-oxopropyl]-1,3,5-triazine	C20H33N5O6S	Amino acids and Peptides	Tripeptides			
2800	462.5674	1.532	salamandrivorans_liq_Developed_vs_spore_Developed	8.320876165887885	0.0001765838201198	False	False	True	True	0.8	True	False									
4598	713.8344	1.338	salamandrivorans_liq_Developed_vs_spore_Developed	8.091062255862603	0.0001765838201198	False	False	True	True	0.8	True	False	native	0.063	N-{3-[4-(2-aminoethyl)-2,6-dibromophenoxy]propyl}-7,9-dibromo-6-hydroxy-8-methoxy-1-oxa-2-azaspiro[4.5]deca-2,6,8-triene-3-carboxamide	C21H23Br4N3O5	Amino acids and Peptides	Depsipeptides			
7107	600.7821	2.873496	salamandrivorans_liq_Developed_vs_spore_Developed	7.611495166370413	0.0001765838201198	False	False	True	True	0.8	True	False	native			C12H16Br4N2O6					
5013	983.4502	2.497043	salamandrivorans_liq_Developed_vs_spore_Developed	7.570059579462487	0.0001765838201198	False	False	True	True	0.8	True	False	native	0.219	H-Ser-Pro-Arg-Ser-Ile-Thr-Ser-Thr-Pro-OH	C44H62N12O14	Amino acids and Peptides	Depsipeptides			
3740	487.2547	3.759	salamandrivorans_liq_Developed_vs_spore_Developed	7.494452470269283	0.0001765838201198	False	False	True	True	0.8	True	False	transferred	0.806	Cereusitin A	C25H34N4O6	Amino acids and Peptides	Tripeptides			
3768	429.2361	0.585	salamandrivorans_liq_Developed_vs_spore_Developed	7.273008011375723	0.0001765838201198	False	False	True	True	0.8	True	False	transferred	0.196	H-DL-Ala-DL-Leu-DL-Glu-DL-Pro-OH	C19H32N4O7	Amino acids and Peptides	Tripeptides			
9788	620.2726	3.429385	salamandrivorans_liq_Developed_vs_spore_Developed	7.206826200558719	0.0001765838201198	False	False	True	True	0.8	True	False									
6664	664.3046	0.6765	salamandrivorans_liq_Developed_vs_spore_Developed	6.818135713812638	0.0001765838201198	False	False	True	True	0.8	True	False	native	0.217	15-benzyl-18-(hydroxymethyl)-3-(propan-2-yl)-1,4,10,13,16,19,22-heptaazatricyclo[22.3.0.0⁶,¹⁰]heptacosane-2,5,11,14,17,20,23-heptone	C31H43N7O8	Amino acids and Peptides	Tripeptides			
27154	316.1522	1.086497	salamandrivorans_liq_Developed_vs_spore_Developed	4.37597543119684	0.0001765838201198	False	False	True	True	0.8	True	False	native	0.06	N-Acetylglutaminylglutamine amide	C12H21N5O5	Amino acids and Peptides	Dipeptides			
773	555.2795	2.459651	salamandrivorans_liq_Developed_vs_spore_Developed	10.787097036176274	0.0001765838201198	False	False	True	True	0.7	True	False	native	0.537	H-Pro-Ser-Pro-Ser-Pro-Ser-al	C29H38N4O7	Amino acids and Peptides	Tripeptides			
1904	547.2146	1.011384	salamandrivorans_liq_Developed_vs_spore_Developed	9.926905505050785	0.0001765838201198	False	False	True	True	0.7	True	True	transferred	0.327	4'-hydroxy-2,2''-diimino-2'-(1H-indol-3-yl)-1,1'',3,3''-tetramethyl-4',9'-dihydro-2'H-dispiro[imidazolidine-4,1'-carbazole-3',4''-imidazolidine]-5,5''-dione	C30H28F2N4O4	Amino acids and Peptides	Other indole diketopiperazine alkaloids			
2235	557.257	1.35316	salamandrivorans_liq_Developed_vs_spore_Developed	9.547125215513802	0.0001765838201198	False	False	True	True	0.7	True	False	native	0.621	basidioferrin	C21H38N6O10	Amino acids and Peptides	Linear peptides			
2275	848.2908	0.585	salamandrivorans_liq_Developed_vs_spore_Developed	9.13337809707091	0.0001765838201198	False	False	True	True	0.7	True	False									
1985	1030.423	3.190392	salamandrivorans_liq_Developed_vs_spore_Developed	8.675321540923811	0.0001765838201198	False	False	True	True	0.7	True	False									
1715	1162.5529	3.307	salamandrivorans_liq_Developed_vs_spore_Developed	8.670123491106885	0.0001765838201198	False	False	True	True	0.7	True	False									
2759	539.2469	1.786516	salamandrivorans_liq_Developed_vs_spore_Developed	8.524000437367254	0.0001765838201198	False	False	True	True	0.7	True	False	transferred	0.172	Endolide B	C23H34N6O9	Amino acids and Peptides	Cyclic peptides			
4063	845.3788	1.5975	salamandrivorans_liq_Developed_vs_spore_Developed	8.181274549615495	0.0001765838201198	False	False	True	True	0.7	True	False	native	0.086	Catharine	C41H56N4O15	Amino acids and Peptides	Cyclic peptides			
4061	818.983	4.2445	salamandrivorans_liq_Developed_vs_spore_Developed	8.149262968166083	0.0001765838201198	False	False	True	True	0.7	True	False	native		6,6-Dibromo-1-[1-(2-methyl-5-nitrophenyl)sulfonylpiperidin-4-yl]-1-(1-thiophen-2-ylsulfonylpiperidin-4-yl)-4,7-dihydro-3,1-benzoxazin-1-ium-2-one	C29H32Br2N4O8S3	Amino acids and Peptides	Cyclic peptides			
2457	925.5727	3.097	salamandrivorans_liq_Developed_vs_spore_Developed	7.942555761872994	0.0001765838201198	False	False	True	True	0.7	True	False	transferred	0.033	Isv-spm II	C49H76N6O11	Amino acids and Peptides	Lipopeptides			
7243	569.2911	2.923664	salamandrivorans_liq_Developed_vs_spore_Developed	7.872277011667076	0.0001765838201198	False	False	True	True	0.7	True	False									
3595	719.3275	0.703	salamandrivorans_liq_Developed_vs_spore_Developed	7.4558397950350095	0.0001765838201198	False	False	True	True	0.7	True	False	native	0.378	ethyl 2-[(4S)-3-[(2S)-3-methyl-2-[(2S)-3-methyl-2-{[(2-methylpropoxy)carbonyl]amino}butanamido]butanoyl]-2-oxo-4-{[1-oxo-1-(prop-2-en-1-ylcarbamoyl)pentan-2-yl]carbamoyl}imidazolidin-1-yl]acetate	C34H48N8O7	Amino acids and Peptides	Linear peptides			
3932	603.2806	0.992002	salamandrivorans_liq_Developed_vs_spore_Developed	7.111052527536665	0.0001765838201198	False	False	True	True	0.7	True	False	native	0.279	(3S)-3-[[(2S)-2-[[(2E,4Z)-2-ethenylhexa-2,4-dienoxy]carbonylamino]-4-methylpentanoyl]amino]-4-[[(2S)-4-methyl-1-oxo-1-(2-oxopropylamino)pentan-2-yl]amino]-4-oxobutanoic acid	C25H42N6O9S	Amino acids and Peptides	Tripeptides			
9980	718.8411	2.0335	salamandrivorans_liq_Developed_vs_spore_Developed	6.736436571020246	0.0001765838201198	False	False	True	True	0.7	True	False	native			C19H28Br4N2O4S					
2864	956.4631	2.072	salamandrivorans_liq_Developed_vs_spore_Developed	9.099805628622274	0.0001765838201198	False	False	True	True	0.6	True	False	transferred	0.12	9-Des-gly-2-tyr(oet)-4-thr-8-orn-oxytocin	C48H61N9O12	Amino acids and Peptides	Cyclic peptides			
3146	612.2997	2.181	salamandrivorans_liq_Developed_vs_spore_Developed	9.064159445508976	0.0001765838201198	False	False	True	True	0.6	True	False	native	0.186	(2S)-N-((1S,2S)-3-{(3S,5S)-5-[N-(tert-butyl)carbamoyl]-3-hydroxypyrrolidinyl}-2-hydroxy-3-oxo-1-benzylpropyl)-3-carbamoyl-2-[(phenylmethoxy)carbonylamino]propanamide	C29H43N5O8	Amino acids and Peptides	Cyclic peptides			
2807	1149.5575	1.977	salamandrivorans_liq_Developed_vs_spore_Developed	8.986280034868278	0.0001765838201198	False	False	True	True	0.6	True	False									
3491	602.2783	1.063692	salamandrivorans_liq_Developed_vs_spore_Developed	8.710357148698769	0.0001765838201198	False	False	True	True	0.6	True	False	native	0.044	N-Carboxybutylchitosan	C29H39N5O9	Carbohydrates	Aminoglycosides			
3323	629.8035	0.849952	salamandrivorans_liq_Developed_vs_spore_Developed	8.619559950663813	0.0001765838201198	False	False	True	True	0.6	True	True	native		2-[(3-ethyl-5,6-dimethyl-4-oxo-3,4-dihydrothieno[2,3-d]pyrimidin-2-yl)sulfanyl]-N-(2,4,6-tribromophenyl)acetamide	C18H16Br3N3O2S2	Amino acids and Peptides	Carboline alkaloids			
3350	532.2659	0.795	salamandrivorans_liq_Developed_vs_spore_Developed	8.292202040626416	0.0001765838201198	False	False	True	True	0.6	True	False	native	0.083	N-{2-[(4,6-diamino-3-{[3-amino-6-(aminomethyl)-5-hydroxyoxan-2-yl]oxy}-2-hydroxycyclohexyl)oxy]-3,5-dihydroxy-6-(hydroxymethyl)oxan-4-yl}acetamide	C22H37N5O10	Amino acids and Peptides	Linear peptides			
5516	797.3832	0.58	salamandrivorans_liq_Developed_vs_spore_Developed	8.196816698056965	0.0001765838201198	False	False	True	True	0.6	True	False	transferred	0.137	H-Val-Tyr-Ile-His-Pro-Phe-al	C38H58Cl2N6O8	Amino acids and Peptides	Cyclic peptides			
2360	332.1946	2.665	salamandrivorans_liq_Developed_vs_spore_Developed	7.889263924346627	0.0001765838201198	False	False	True	True	0.6	True	False	native	0.375	Aladapcin	C13H25N5O5	Amino acids and Peptides	Dipeptides			
4678	1081.5193	1.69	salamandrivorans_liq_Developed_vs_spore_Developed	7.568942631206733	0.0001765838201198	False	False	True	True	0.6	True	False	native	0.086	Iturin A	C57H68N12O10	Amino acids and Peptides	Cyclic peptides			
3472	367.1613	0.701345	salamandrivorans_liq_Developed_vs_spore_Developed	7.45045785084493	0.0001765838201198	False	False	True	True	0.6	True	False	native	0.23	Acetylalanyl-alanyl-alanyl-alanine	C16H22N4O6	Amino acids and Peptides	Tripeptides			
6525	756.3256	1.03827	salamandrivorans_liq_Developed_vs_spore_Developed	7.398363108433478	0.0001765838201198	False	False	True	True	0.6	True	False	native	0.459	H-Pro-Ile-Tyr-Asp-Ile-Asn-al	C42H49N3O8S	Amino acids and Peptides	Tripeptides			
17133	1080.426	1.155706	salamandrivorans_liq_Developed_vs_spore_Developed	7.176161807520025	0.0001765838201198	False	False	True	True	0.6	True	False									
8333	519.2362	0.6285	salamandrivorans_liq_Developed_vs_spore_Developed	6.728221382827453	0.0001765838201198	False	False	True	True	0.6	True	False	native	0.317	Boc-Nle(N3)-Leu-Pra-OH	C21H40N2O10	Amino acids and Peptides	Tripeptides			
7418	368.2285	1.243627	salamandrivorans_liq_Developed_vs_spore_Developed	6.411603152400022	0.0001765838201198	False	False	True	True	0.6	True	False	native	0.487	2-[[2-[[2-amino-3-(1H-imidazol-5-yl)propanoyl]amino]-3-methylbutanoyl]amino]-4-methylpentanoic acid	C17H29N5O4	Amino acids and Peptides	Tripeptides			
9870	525.3011	1.52583	salamandrivorans_liq_Developed_vs_spore_Developed	6.371137255418442	0.0001765838201198	False	False	True	True	0.6	True	False	native	0.217	Boc-dppl	C29H40N4O5	Amino acids and Peptides	Tripeptides			
2119	854.4011	1.482	salamandrivorans_liq_Developed_vs_spore_Developed	6.932856307066699	0.0001765838201198	False	False	True	True	0.5	True	False									
2212	730.341	1.402148	salamandrivorans_liq_Developed_vs_spore_Developed	6.746709385478067	0.0001765838201198	False	False	True	True	0.5	True	False									
1168	712.3628	0.978261	salamandrivorans_liq_Developed_vs_spore_Developed	6.558710140545796	0.0001765838201198	False	False	True	True	0.5	True	False									
2929	1088.5374	2.118	salamandrivorans_liq_Developed_vs_spore_Developed	6.549012677568225	0.0001765838201198	False	False	True	True	0.5	True	False									
2257	495.9112	1.514769	salamandrivorans_liq_Developed_vs_spore_Developed	6.472602112038806	0.0001765838201198	False	False	True	True	0.5	True	False	native			C11H20Br3N3O4					
4662	818.483	4.235	salamandrivorans_liq_Developed_vs_spore_Developed	6.382699869561948	0.0001765838201198	False	False	True	True	0.5	True	False	native	0.203	H-DL-Nle-DL-Leu-DL-Phe-DL-Nle-DL-Tyr-DL-Lys-OH	C39H63N9O10	Amino acids and Peptides	Cyclic peptides			
3371	756.3602	0.943275	salamandrivorans_liq_Developed_vs_spore_Developed	6.332917574447521	0.0001765838201198	False	False	True	True	0.5	True	False	native	0.529	H-Thr-Ser-Pro-Ile-Tyr-Pro-Gly-OH	C34H51N7O11	Amino acids and Peptides	Linear peptides			
3827	1216.5447	2.758	salamandrivorans_liq_Developed_vs_spore_Developed	6.318514531071069	0.0001765838201198	False	False	True	True	0.5	True	False									
1752	1093.5256	1.532	salamandrivorans_liq_Developed_vs_spore_Developed	5.872210621301351	0.0001765838201198	False	False	True	True	0.5	True	False									
6754	871.9648	3.26	salamandrivorans_liq_Developed_vs_spore_Developed	5.701019196265127	0.0001765838201198	False	False	True	True	0.5	True	False	native	0.024	2-[[4-[[4-[(4-Amino-6-chloro-1,3,5-triazin-2-yl)amino]-7-sulfonaphthalen-1-yl]diazenyl]-7-sulfonaphthalen-1-yl]diazenyl]benzene-1,4-disulfonic acid	C27H37Br4N7O6	Amino acids and Peptides	Cyclic peptides			
1369	399.2615	1.833	salamandrivorans_liq_Developed_vs_spore_Developed	5.650678944826014	0.0001765838201198	False	False	True	True	0.5	True	False	transferred	0.765	2-[[1-[2-(2-Aminopropanoylamino)-3-methylbutanoyl]pyrrolidine-2-carbonyl]amino]-3-methylpentanoic acid	C19H34N4O5	Amino acids and Peptides	Tripeptides			
1228	429.2706	1.628	salamandrivorans_liq_Developed_vs_spore_Developed	5.601820113011634	0.0001765838201198	False	False	True	True	0.5	True	False	transferred	0.644	H-DL-xiThr-DL-Pro-DL-Val-DL-Leu-OH	C20H36N4O6	Amino acids and Peptides	Tripeptides			
4884	464.2184	3.86	salamandrivorans_liq_Developed_vs_spore_Developed	5.035802930785822	0.0001765838201198	False	False	True	True	0.5	True	False	native	0.803	For-Ala-Ala-Pro-Arg-OH	C18H33N5O7S	Amino acids and Peptides	Tripeptides			
9691	583.7975	1.977008	salamandrivorans_liq_Developed_vs_spore_Developed	5.027304609643076	0.0001765838201198	False	False	True	True	0.5	True	False	native			C12H17Br4N3O4					
7960	363.713	1.254	salamandrivorans_liq_Developed_vs_spore_Developed	4.7633412945641895	0.0001765838201198	False	False	True	True	0.5	True	False	native			C2NPS8					
3457	425.6864	0.708067	salamandrivorans_liq_Developed_vs_spore_Developed	4.4788077897339855	0.0001765838201198	False	False	True	True	0.5	True	False									
6126	590.2936	0.947608	salamandrivorans_liq_Developed_vs_spore_Developed	4.115668767968921	0.0001765838201198	False	False	True	True	0.5	True	False	native	0.399	Desmethyldestruxin B2	C30H41N5O6	Amino acids and Peptides	Tripeptides			
13552	674.8302	1.45	salamandrivorans_liq_Developed_vs_spore_Developed	3.639843582492584	0.0001765838201198	False	False	True	True	0.5	True	False	native			C11H24Br4N6O6					
13053	289.154	2.796	salamandrivorans_liq_Developed_vs_spore_Developed	3.328976722210352	0.0001765838201198	False	False	True	True	0.5	True	False	native	0.056	3-methyl-2-[(1-methyl-1H-indol-2-yl)formamido]pentanoic acid	C16H20N2O3	Amino acids and Peptides	Dipeptides			
693	976.5127	3.146	salamandrivorans_liq_Developed_vs_spore_Developed	8.268836299033975	0.0001765838201198	False	False	True	True	0.4	True	False	transferred	0.965	H-Ala-Pro-Ser-Pro-Leu-Val-Glu-Leu-Ile-OH	C59H69N5O8	Amino acids and Peptides	Linear peptides			
1200	783.4387	1.4045	salamandrivorans_liq_Developed_vs_spore_Developed	6.791422368377895	0.0001765838201198	False	False	True	True	0.4	True	False	transferred	0.632	H-Arg-Arg-Ala-Thr-Lys-Met-NH2	C39H58N8O9	Amino acids and Peptides	Cyclic peptides			
981	553.2619	2.285065	salamandrivorans_liq_Developed_vs_spore_Developed	6.051539033988776	0.0001765838201198	False	False	True	True	0.4	True	False	transferred	0.645	(2R,3R,4R,5R)-3,4-dihydroxy-N,N'-bis[(2S)-3-methyl-1-(methylamino)-1-oxobutan-2-yl]-2,5-bis(prop-2-enoxy)hexanediamide	C24H42N4O8	Amino acids and Peptides	Cyclic peptides			
2319	1184.5515	3.016066	salamandrivorans_liq_Developed_vs_spore_Developed	6.037797554004353	0.0001765838201198	False	False	True	True	0.4	True	False									
2073	718.8262	0.856	salamandrivorans_liq_Developed_vs_spore_Developed	5.169500549686687	0.0001765838201198	False	False	True	True	0.4	True	False	native	0.011	3-(2,3-Dihydroxypropylcarbamoyl)-2,4,6-triiodo-5-[methoxy(2-oxopropyl)amino]benzoic acid	C19H22Br4N4O6	Amino acids and Peptides	Tripeptides			
5076	450.1966	1.149393	salamandrivorans_liq_Developed_vs_spore_Developed	4.979784967251385	0.0001765838201198	False	False	True	True	0.4	True	False	transferred	0.368	Ala-Trp-Ser-Ser	C20H27N5O7	Amino acids and Peptides	Tripeptides			
2529	810.3164	2.039	salamandrivorans_liq_Developed_vs_spore_Developed	4.976600682369062	0.0001765838201198	False	False	True	True	0.4	True	False									
4882	713.3457	1.195678	salamandrivorans_liq_Developed_vs_spore_Developed	4.888122727649805	0.0001765838201198	False	False	True	True	0.4	True	False									
3487	709.8715	2.401	salamandrivorans_liq_Developed_vs_spore_Developed	4.829313940224536	0.0001765838201198	False	False	True	True	0.4	True	False	native			C19H27Br4N3O6					
3022	547.7665	0.926	salamandrivorans_liq_Developed_vs_spore_Developed	4.816937555685595	0.0001765838201198	False	False	True	True	0.4	True	False	native			C10H15Br4N3S					
3089	542.7863	1.706	salamandrivorans_liq_Developed_vs_spore_Developed	4.699069154991351	0.0001765838201198	False	False	True	True	0.4	True	False									
5006	880.9556	2.938	salamandrivorans_liq_Developed_vs_spore_Developed	4.643657024841409	0.0001765838201198	False	False	True	True	0.4	True	False	native		8-Hydroxy-7-[[4-[2-[4-[(8-hydroxy-5-sulfoquinolin-7-yl)diazenyl]-2-sulfophenyl]ethenyl]-3-sulfophenyl]diazenyl]quinoline-5-sulfonic acid	C32H22Cl2N6O12S4	Amino acids and Peptides	RiPPs			
4810	346.1918	2.937	salamandrivorans_liq_Developed_vs_spore_Developed	4.395963349338165	0.0001765838201198	False	False	True	True	0.4	True	False	native	0.335	N-[3-(2-methylpropyl)-1,4-dioxo-octahydro-1H-pyrido[1,2-a]pyrazin-8-yl]pyrazine-2-carboxamide	C17H23N5O3	Amino acids and Peptides	Tripeptides			
7120	972.4313	1.785	salamandrivorans_liq_Developed_vs_spore_Developed	4.094151535491727	0.0001765838201198	False	False	True	True	0.4	True	False									
3263	972.4448	1.723	salamandrivorans_liq_Developed_vs_spore_Developed	3.634091053000402	0.0001765838201198	False	False	True	True	0.4	True	False									
6297	350.206	1.612	salamandrivorans_liq_Developed_vs_spore_Developed	3.37096246927082	0.0001765838201198	False	False	True	True	0.4	True	False	native	0.507	2-({[1-(2-amino-3-methylbutanoyl)pyrrolidin-2-yl](hydroxy)methylidene}amino)-3-methylpentanoic acid	C13H27N5O6	Amino acids and Peptides	Dipeptides			
9979	646.8265	1.786	salamandrivorans_liq_Developed_vs_spore_Developed	2.4893806297341032	0.0001765838201198	False	False	True	True	0.4	True	False	native			C13H21Br3N4O5S3					
2167	1262.6448	2.63025	salamandrivorans_liq_Developed_vs_spore_Developed	5.987303052071935	0.0001765838201198	False	False	True	True	0.3	True	False									
1277	490.5812	1.691	salamandrivorans_liq_Developed_vs_spore_Developed	5.549722936067999	0.0001765838201198	False	False	True	True	0.3	True	False	native			C6HBr5					
1773	609.3367	2.983556	salamandrivorans_liq_Developed_vs_spore_Developed	5.026888332849215	0.0001765838201198	False	False	True	True	0.3	True	False	native	0.254	[(2S)-1-[[(2S)-1-[[(2S)-1-[[(2S)-1-[[(2S)-1-[[(1S)-1-carboxy-3-methylbutyl]amino]-4-methyl-1-oxopentan-2-yl]amino]-1-oxopropan-2-yl]amino]-4-methyl-1-oxopentan-2-yl]amino]-1-oxopropan-2-yl]amino]-1-oxopropan-2-yl]azanium	C32H44N6O6	Amino acids and Peptides	Cyclic peptides			
2496	767.3736	0.907199	salamandrivorans_liq_Developed_vs_spore_Developed	4.943949488487777	0.0001765838201198	False	False	True	True	0.3	True	False	transferred	0.285	neurokinin A(4-10)	C34H54N8O10S	Amino acids and Peptides	Cyclic peptides			
5873	649.3356	3.195446	salamandrivorans_liq_Developed_vs_spore_Developed	4.044851675335182	0.0001765838201198	False	False	True	True	0.3	True	False	transferred	0.335	3-methyl-2-[(1-{2-[(1-{3-phenyl-2-[(pyrrolidin-2-yl)formamido]propanoyl}pyrrolidin-2-yl)formamido]acetyl}pyrrolidin-2-yl)formamido]pentanoic acid	C28H48N4O13	Amino acids and Peptides	Tripeptides			
19139	360.1505	0.798	salamandrivorans_liq_Developed_vs_spore_Developed	3.867713263967527	0.0001765838201198	False	False	True	True	0.3	True	False	transferred	0.171	Garamine	C13H27N3O6	Amino acids and Peptides	Aminosugars	Spectral Match to Melibiose from NIST14 [M+NH3+H]+	0.9276	8.0
5369	740.8716	2.73	salamandrivorans_liq_Developed_vs_spore_Developed	3.863826138402406	0.0001765838201198	False	False	True	True	0.3	True	False	native		N-[2-({2-[3-(3-bromo-4-hydroxyphenyl)-2-(N-hydroxyimino)propanamido]ethyl}disulfanyl)ethyl]-3-(3,5-dibromo-4-hydroxyphenyl)-2-(N-hydroxyimino)propanamide	C22H23Br3N4O6S2	Amino acids and Peptides	Cyclic peptides			
7227	378.5331	2.100459	salamandrivorans_liq_Developed_vs_spore_Developed	3.77724424230532	0.0001765838201198	False	False	True	True	0.3	True	False									
3929	541.2115	0.777	salamandrivorans_liq_Developed_vs_spore_Developed	3.626545718030899	0.0001765838201198	False	False	True	True	0.3	True	False	transferred	0.524	(4S)-4-[[(2S)-2-acetamido-3-carboxypropanoyl]amino]-5-[[(2S)-1-[[(2S,3S)-1-carboxy-3-hydroxybutan-2-yl]amino]-3-methyl-1-oxobutan-2-yl]amino]-5-oxopentanoic acid	C21H34N4O11	Amino acids and Peptides	Tripeptides			
2708	503.2451	1.02854	salamandrivorans_liq_Developed_vs_spore_Developed	3.522316455669915	0.0001765838201198	False	False	True	True	0.3	True	False	transferred	0.305	H-DL-Leu-DL-Val-DL-Tyr-DL-Ser-OH	C20H34N6O9	Amino acids and Peptides	Tripeptides			
4050	263.1429	1.232811	salamandrivorans_liq_Developed_vs_spore_Developed	3.299688998239639	0.0001765838201198	False	False	True	True	0.3	True	False	transferred	0.803		C11H19FN2O4	Amino acids and Peptides	Dipeptides	Spectral Match to Ile-Met from NIST14 [M+H]+	0.8899	8.0
6003	742.4036	2.376935	salamandrivorans_liq_Developed_vs_spore_Developed	5.804885051566711	0.0001765838201198	False	False	True	True	0.1999999999999999	True	False									
890	556.3102	1.309036	salamandrivorans_liq_Developed_vs_spore_Developed	5.679351300117166	0.0001765838201198	False	False	True	True	0.1999999999999999	True	False	transferred	0.45	(1S,7S,9E,12S)-2,5,13-Trioxo-4,4-dimethyl-7-(benzylcarbamoyl)-3,6,14-triazabicyclo[12.3.0]heptadecane-9-ene-12-carbamic acid tert-butyl ester	C29H41N5O6	Amino acids and Peptides	Cyclic peptides			
2247	743.3923	2.429	salamandrivorans_liq_Developed_vs_spore_Developed	5.242131571356436	0.0001765838201198	False	False	True	True	0.1999999999999999	True	False	native	0.093	Dstbulet	C32H54N8O12	Amino acids and Peptides	Cyclic peptides			
1864	726.3795	1.945	salamandrivorans_liq_Developed_vs_spore_Developed	4.954687733368984	0.0001765838201198	False	False	True	True	0.1999999999999999	True	False									
2947	632.3213	2.628594	salamandrivorans_liq_Developed_vs_spore_Developed	4.8199364016672535	0.0001765838201198	False	False	True	True	0.1999999999999999	True	False									
835	546.256	2.281531	salamandrivorans_liq_Developed_vs_spore_Developed	4.616797519994441	0.0001765838201198	False	False	True	True	0.1999999999999999	True	False	transferred	0.724	deamino-Tyr-DL-Pro-DL-Pro-Gly-DL-Ala-Gly-OH	C26H35N5O8	Amino acids and Peptides	Cyclic peptides			
4443	720.3364	2.153277	salamandrivorans_liq_Developed_vs_spore_Developed	4.36896540362397	0.0001765838201198	False	False	True	True	0.1999999999999999	True	False	native	0.243	Seryl-glutamyl-lysyl-aspartyl-glutamyl-leucine	C29H49N7O14	Amino acids and Peptides	Linear peptides			
1607	498.3291	2.987988	salamandrivorans_liq_Developed_vs_spore_Developed	4.2747492250347765	0.0001765838201198	False	False	True	True	0.1999999999999999	True	False	native	0.656	H-Ile-Val-Pro-Val-Ala-OH	C24H43N5O6	Amino acids and Peptides	Tripeptides			
3090	529.2792	2.82575	salamandrivorans_liq_Developed_vs_spore_Developed	4.1126122720156735	0.0001765838201198	False	False	True	True	0.1999999999999999	True	False	transferred	0.405	H-Gly-Pro-Pro-Pro-Tyr-NH2	C26H36N6O6	Amino acids and Peptides	Cyclic peptides			
11849	488.2323	0.853244	salamandrivorans_liq_Developed_vs_spore_Developed	3.008049814800275	0.0001765838201198	False	False	True	True	0.1999999999999999	True	False	transferred	0.175	H-Gly-DL-His-DL-Arg-DL-Pro-OH	C20H33N5O9	Amino acids and Peptides	Cyclic peptides			
4704	550.2986	2.813865	salamandrivorans_liq_Developed_vs_spore_Developed	2.9637383871786147	0.0001765838201198	False	False	True	True	0.1999999999999999	True	False	native	0.104	H-DL-Trp-DL-Leu-DL-Pro-DL-xiIle-OH	C30H39N5O5	Amino acids and Peptides	Tripeptides			
1176	709.3527	2.3665	salamandrivorans_liq_Developed_vs_spore_Developed	6.868630924641831	0.0001765838201198	False	False	True	True	0.0999999999999999	True	False	transferred	0.646	H-Pro-Gly-Leu-Trp-Lys-Ala-OH	C30H52N4O15	Amino acids and Peptides	Cyclic peptides			
957	723.4364	2.75575	salamandrivorans_liq_Developed_vs_spore_Developed	5.915626420246266	0.0001765838201198	False	False	True	True	0.0999999999999999	True	False	transferred	0.182		C37H60N6O7	Amino acids and Peptides	Cyclic peptides			
2379	931.4506	2.665	salamandrivorans_liq_Developed_vs_spore_Developed	5.543791969321943	0.0001765838201198	False	False	True	True	0.0999999999999999	True	False									
2480	1262.627	2.639672	salamandrivorans_liq_Developed_vs_spore_Developed	5.406716540969654	0.0001765838201198	False	False	True	True	0.0999999999999999	True	False									
1349	549.7786	1.485	salamandrivorans_liq_Developed_vs_spore_Developed	5.305234036383688	0.0001765838201198	False	False	True	True	0.0999999999999999	True	False	native			C8H15Br4N3O5					
2848	1142.512	2.388	salamandrivorans_liq_Developed_vs_spore_Developed	5.183471949631801	0.0001765838201198	False	False	True	True	0.0999999999999999	True	False	native	0.838	H-Asp-Ile-Val-Met-Thr-Gln-Thr-Pro-Leu-Ser-OH	C52H73N13O15	Amino acids and Peptides	Cyclic peptides			
2574	550.7696	1.461989	salamandrivorans_liq_Developed_vs_spore_Developed	5.044412388979163	0.0001765838201198	False	False	True	True	0.0999999999999999	True	False	native			C6H11Br4FN6O3					
1568	742.3761	1.498	salamandrivorans_liq_Developed_vs_spore_Developed	4.916067846908786	0.0001765838201198	False	False	True	True	0.0999999999999999	True	False									
1367	513.2321	0.714105	salamandrivorans_liq_Developed_vs_spore_Developed	4.864887639743179	0.0001765838201198	False	False	True	True	0.0999999999999999	True	False	transferred	0.739	alpha-4-(3-deoxy-L-glycero-tetronoyl)amino-4,6-dideoxy-D-mannose-(1->2)-alpha-4-(3-deoxy-L-glycero-tetronoyl)-amino-4,6-dideoxy-D-mannose	C20H36N2O13	Carbohydrates	Aminoglycosides			
1130	545.2764	2.057	salamandrivorans_liq_Developed_vs_spore_Developed	4.810367470675628	0.0001765838201198	False	False	True	True	0.0999999999999999	True	False	native	0.374	H-DL-xiIle-DL-Leu-DL-Val-DL-Tyr-OH	C31H36N4O5	Amino acids and Peptides	Cyclic peptides			
2584	714.3413	1.290695	salamandrivorans_liq_Developed_vs_spore_Developed	4.78185777260979	0.0001765838201198	False	False	True	True	0.0999999999999999	True	False									
1032	546.2937	0.940135	salamandrivorans_liq_Developed_vs_spore_Developed	4.707602088789297	0.0001765838201198	False	False	True	True	0.0999999999999999	True	True	native	0.031	tert-butyl N-[(2S,3S,5S)-6-[[(1S)-2-amino-2-oxo-1-phenylethyl]amino]-5-benzyl-3-hydroxy-6-oxo-1-phenylhexan-2-yl]carbamate	C22H39N7O9	Amino acids and Peptides	Indole diketopiperazine alkaloids (L-Trp, L-Pro)			
2200	1145.5221	2.166	salamandrivorans_liq_Developed_vs_spore_Developed	4.638939118157272	0.0001765838201198	False	False	True	True	0.0999999999999999	True	False	transferred		Sialokinin II	C50H80N8O20S	Amino acids and Peptides	Cyclic peptides			
1603	799.3265	2.69825	salamandrivorans_liq_Developed_vs_spore_Developed	4.637926568510373	0.0001765838201198	False	False	True	True	0.0999999999999999	True	False	transferred	0.03		C34H50N6O14S	Amino acids and Peptides	Pyrimidine nucleosides			
1565	498.3297	3.000724	salamandrivorans_liq_Developed_vs_spore_Developed	4.561036378892079	0.0001765838201198	False	False	True	True	0.0999999999999999	True	False	transferred	0.624	H-Ile-Pro-Val-Gly-Leu-OH	C24H43N5O6	Amino acids and Peptides	Tripeptides			
26301	555.2418	2.091	salamandrivorans_liq_Developed_vs_spore_Developed	4.480109941487154	0.0001765838201198	False	False	True	True	0.0999999999999999	True	False	transferred	0.097	H-DL-Glu-DL-Phe-DL-Pro-DL-Tyr-OH	C28H34N4O8	Amino acids and Peptides	Tripeptides			
880	265.1543	1.691	salamandrivorans_liq_Developed_vs_spore_Developed	4.383698548754941	0.0001765838201198	False	False	True	True	0.0999999999999999	True	False	transferred	0.996	2-(2-amino-3-methylbutanamido)-3-phenylpropanoic acid	C14H20N2O3	Amino acids and Peptides	Dipeptides	Spectral Match to Val-Phe from NIST14 [M+H]+	0.9774	8.0
2428	725.3773	2.7145	salamandrivorans_liq_Developed_vs_spore_Developed	4.356201952413935	0.0001765838201198	False	False	True	True	0.0999999999999999	True	False	transferred	0.173	Glycinamide, N-acetyl-L-tyrosylglycyl-L-leucyl-L-arginyl-L-prolyl-	C32H52N8O11	Amino acids and Peptides	Linear peptides			
3763	777.3599	2.840269	salamandrivorans_liq_Developed_vs_spore_Developed	4.230553897425015	0.0001765838201198	False	False	True	True	0.0999999999999999	True	False	transferred	0.687	H-Pro-Asp-Thr-Arg-Pro-Ala-Pro-ol	C38H48N8O10	Amino acids and Peptides	Cyclic peptides			
2689	585.2904	1.884	salamandrivorans_liq_Developed_vs_spore_Developed	4.229365305754167	0.0001765838201198	False	False	True	True	0.0999999999999999	True	False	transferred	0.266	tert-butyl N-[(2S)-1-[[(2S)-1-[[(2S)-1-[[(2S)-1,5-diamino-5-oxo-1-sulfanylpentan-2-yl]amino]-4-methyl-1-oxopentan-2-yl]amino]-3-methyl-1-oxobutan-2-yl]amino]-1-oxopropan-2-yl]carbamate	C30H40N4O8	Amino acids and Peptides	Cyclic peptides			
2064	821.4114	1.8335	salamandrivorans_liq_Developed_vs_spore_Developed	3.9780114118754457	0.0001765838201198	False	False	True	True	0.0999999999999999	True	False	native	0.643	15-(butan-2-yl)-12,21-bis(1-hydroxyethyl)-9-(hydroxymethyl)-6,18-bis(2-methylpropyl)-hexacosahydropyrrolo[1,2-a]1,4,7,10,13,16,19,22-octaazacyclotetracosan-1,4,7,10,13,16,19,22-octone	C36H62N8O11	Amino acids and Peptides	Cyclic peptides			
4845	619.2929	1.737	salamandrivorans_liq_Developed_vs_spore_Developed	3.8439337529785376	0.0001765838201198	False	False	True	True	0.0999999999999999	True	False	native	0.753	Casomorphin, trp(3)-	C21H38N12O10	Amino acids and Peptides	Cyclic peptides			
3270	607.3795	2.388804	salamandrivorans_liq_Developed_vs_spore_Developed	3.727259170587688	0.0001765838201198	False	False	True	True	0.0999999999999999	True	False	transferred	0.885	H-DL-Pro-DL-Val-DL-Val-DL-Val-DL-Pro-DL-Pro-OH	C30H50N6O7	Amino acids and Peptides	Cyclic peptides			
1638	712.3629	1.023	salamandrivorans_liq_Developed_vs_spore_Developed	3.51038630174962	0.0001765838201198	False	False	True	True	0.0999999999999999	True	False									
1580	604.5624	2.118	salamandrivorans_liq_Developed_vs_spore_Developed	3.361526388627549	0.0001765838201198	False	False	True	True	0.0999999999999999	True	False									
5913	618.3221	1.419	salamandrivorans_liq_Developed_vs_spore_Developed	3.241362286574488	0.0001765838201198	False	False	True	True	0.0999999999999999	True	False	native	0.628	9-(butan-2-yl)-1,4,7-trihydroxy-6-[(1-methoxy-1H-indol-3-yl)methyl]-3-(5-oxohexyl)-3H,6H,9H,10H,12H,13H,14H,15H,15aH-pyrido[1,2-a]1,4,7,10-tetraazacyclododecan-10-one	C34H43N5O6	Amino acids and Peptides	Cyclic peptides			
12587	748.369	2.664	salamandrivorans_liq_Developed_vs_spore_Developed	3.042710730488433	0.0001765838201198	False	False	True	True	0.0999999999999999	True	False	native	0.287	18-benzyl-21-(butan-2-yl)-12-(hydroxymethyl)-2-methylidene-9-(2-methylpropyl)-1,7,10,13,16,19,22-heptaazatricyclo[22.3.0.0³,⁷]heptacosane-8,11,14,17,20,23-hexone	C32H49N11O10	Amino acids and Peptides	Tripeptides			
3995	671.2993	0.745011	salamandrivorans_liq_Developed_vs_spore_Developed	2.965553713866717	0.0001765838201198	False	False	True	True	0.0999999999999999	True	False	transferred	0.935	H-Leu-Ser-Leu-Asp-Val-Ser-OH	C27H42N8O12	Amino acids and Peptides	Linear peptides			
15248	771.393	2.303422	salamandrivorans_liq_Developed_vs_spore_Developed	2.950020997667559	0.0001765838201198	False	False	True	True	0.0999999999999999	True	False	native	0.732	Ac-Glu-Val-Ala-Pro-Pro-Val-Pro-NH2	C39H58N6O6S2	Amino acids and Peptides	Cyclic peptides			
14103	865.3986	1.628484	salamandrivorans_liq_Developed_vs_spore_Developed	2.621866696899212	0.0001765838201198	False	False	True	True	0.0999999999999999	True	False	native		H-Ser-Met-Pro-Glu-Leu-Ser-Pro-Val-al	C41H56N10O9S	Amino acids and Peptides	Cyclic peptides			
4142	775.8586	1.675	salamandrivorans_liq_Developed_vs_spore_Developed	2.515755508305563	0.0001765838201198	False	False	True	True	0.0999999999999999	True	False	native			C20H25Br4N7O6					
3103	923.1118	2.029	salamandrivorans_liq_Developed_vs_spore_Developed	2.350784494766087	0.0001765838201198	False	False	True	True	0.0999999999999999	True	False									
7772	359.2278	2.326	salamandrivorans_liq_Developed_vs_spore_Developed	1.7092142682889144	0.0001765838201198	False	False	True	True	0.0999999999999999	True	False	native	0.08	2-[[4-Amino-2-[(2-amino-4-methylpentanoyl)amino]-4-oxobutanoyl]amino]-4-methylpentanoic acid	C16H30N4O5	Amino acids and Peptides	Tripeptides			
3328	804.3542	1.342	salamandrivorans_liq_Developed_vs_spore_Developed	1.1554495089937729	0.0001765838201198	False	False	True	True	0.0999999999999999	True	False	transferred	0.491	H-Ala-Pro-Ala-Ala-Pro-Thr-Pro-Ala-Ala-OH	C41H49N5O12	Amino acids and Peptides	Cyclic peptides			
481	900.4573	2.840972	salamandrivorans_liq_Developed_vs_spore_Developed	6.769747103246535	0.0001765838201198	False	False	True	True	0.0	True	False									
638	522.2194	1.675	salamandrivorans_liq_Developed_vs_spore_Developed	5.689372837763029	0.0001765838201198	False	False	True	True	0.0	True	False	transferred	0.026	2-[(6-amino-3-{[4-amino-3,5-dihydroxy-6-(hydroxymethyl)oxan-2-yl]oxy}-2-hydroxy-4-(methylamino)cyclohexyl)oxy]-6-(hydroxymethyl)oxane-3,4,5-triol	C23H37N3O8	Amino acids and Peptides	Linear peptides			
1074	877.445	2.921431	salamandrivorans_liq_Developed_vs_spore_Developed	5.64828443662608	0.0001765838201198	False	False	True	True	0.0	True	False	transferred	0.257	Cyclotheonamide E4	C39H60N10O13	Amino acids and Peptides	Cyclic peptides			
135	652.4076	2.523	salamandrivorans_liq_Developed_vs_spore_Developed	5.574008621601355	0.0001765838201198	False	False	True	True	0.0	True	False	native	0.787	2-({1-[2-({1-[2-(2-amino-3-methylbutanamido)-4-methylpentanoyl]pyrrolidin-2-yl}formamido)-3-methylbutanoyl]pyrrolidin-2-yl}formamido)-4-carbamoylbutanoic acid	C31H53N7O8	Amino acids and Peptides	Tripeptides			
2389	1200.5457	2.860644	salamandrivorans_liq_Developed_vs_spore_Developed	5.498322281091562	0.0001765838201198	False	False	True	True	0.0	True	False									
366	742.4036	2.270405	salamandrivorans_liq_Developed_vs_spore_Developed	5.493731183267719	0.0001765838201198	False	False	True	True	0.0	True	False	transferred	0.106	Unk-DL-hPhe-Leu-DL-Phe-Leu-Unk	C37H55N7O9	Amino acids and Peptides	Cyclic peptides			
1493	872.4505	3.034	salamandrivorans_liq_Developed_vs_spore_Developed	5.389864899546134	0.0001765838201198	False	False	True	True	0.0	True	False									
762	655.3415	1.8335	salamandrivorans_liq_Developed_vs_spore_Developed	5.0140606283700055	0.0001765838201198	False	False	True	True	0.0	True	False	transferred	0.275	4-(2-amino-3-methylpentanamido)-4-{[1-({1-[(1-carbamoyl-2-hydroxypropyl)carbamoyl]-2-phenylethyl}carbamoyl)-2-phenylethyl]carbamoyl}butanoic acid	C28H46N8O10	Amino acids and Peptides	Cyclic peptides			
551	631.3422	3.01324	salamandrivorans_liq_Developed_vs_spore_Developed	4.946753507244956	0.0001765838201198	False	False	True	True	0.0	True	False	transferred	0.602	Unk-DL-Val-Pro-DL-Nva-Unk-Gly-DL-Phg-NH2	C31H46N6O8	Amino acids and Peptides	Cyclic peptides			
1101	601.7949	2.259493	salamandrivorans_liq_Developed_vs_spore_Developed	4.93181272876103	0.0001765838201198	False	False	True	True	0.0	True	False	native			C12H16Br4FN3O4					
2803	735.328	2.358	salamandrivorans_liq_Developed_vs_spore_Developed	4.916800225380904	0.0001765838201198	False	False	True	True	0.0	True	False									
980	488.2345	1.067536	salamandrivorans_liq_Developed_vs_spore_Developed	4.906556289411407	0.0001765838201198	False	False	True	True	0.0	True	False	native	0.174	H-Gly-DL-His-DL-Arg-DL-Pro-OH	C20H33N5O9	Amino acids and Peptides	Tripeptides			
781	472.242	1.660319	salamandrivorans_liq_Developed_vs_spore_Developed	4.845460832552904	0.0001765838201198	False	False	True	True	0.0	True	False	transferred	0.295	H-Gly-His-Arg-Pro-al	C20H33N5O8	Amino acids and Peptides	Tripeptides			
1056	956.4517	2.440789	salamandrivorans_liq_Developed_vs_spore_Developed	4.793490566084248	0.0001765838201198	False	False	True	True	0.0	True	False									
785	546.2618	2.277979	salamandrivorans_liq_Developed_vs_spore_Developed	4.654282860754848	0.0001765838201198	False	False	True	True	0.0	True	False	transferred	0.76	deamino-Tyr-DL-Pro-DL-Pro-Gly-DL-Ala-Gly-OH	C31H35N3O6	Amino acids and Peptides	Cyclic peptides			
763	606.2593	1.507713	salamandrivorans_liq_Developed_vs_spore_Developed	4.644906140773267	0.0001765838201198	False	False	True	True	0.0	True	False									
651	562.2689	1.579	salamandrivorans_liq_Developed_vs_spore_Developed	4.64409646269176	0.0001765838201198	False	False	True	True	0.0	True	False	native	0.119	D-Streptamine, O-2,6-diamino-2,6-dideoxy-alpha-D-glucopyranosyl-(1-4)-O-(beta-D-xylofuranosyl-(1-5))-N(sup 1)-(4-aminobutyryl)-2-deoxy-	C22H37N9O7	Amino acids and Peptides	Tripeptides			
11932	588.3077	3.323	salamandrivorans_liq_Developed_vs_spore_Developed	4.620228576383991	0.0001765838201198	False	False	True	True	0.0	True	False	native	0.229	benzyl 2-[(1-{[1-(tert-butoxy)-4-methyl-1-oxopentan-2-yl]carbamoyl}-2-phenylethyl)carbamoyl]pyrrolidine-1-carboxylate	C29H41N5O8	Amino acids and Peptides	Tripeptides			
2666	631.8235	2.633319	salamandrivorans_liq_Developed_vs_spore_Developed	4.35650755483638	0.0001765838201198	False	False	True	True	0.0	True	False	native			C12H21BBr4N2O7					
435	449.2416	1.912	salamandrivorans_liq_Developed_vs_spore_Developed	4.338703422343505	0.0001765838201198	False	False	True	True	0.0	True	False	transferred	0.346	H-DL-Tyr-DL-Pro-DL-Leu-Gly-OH	C22H32N4O6	Amino acids and Peptides	Tripeptides			
3654	602.2927	2.309	salamandrivorans_liq_Developed_vs_spore_Developed	4.205805301622829	0.0001765838201198	False	False	True	True	0.0	True	False	native	0.246	Desmethyldestruxin A	C23H39N9O10	Amino acids and Peptides	Cyclic peptides			
1038	788.3591	1.801	salamandrivorans_liq_Developed_vs_spore_Developed	4.193547549623865	0.0001765838201198	False	False	True	True	0.0	True	False									
906	665.3188	1.960875	salamandrivorans_liq_Developed_vs_spore_Developed	4.187184409934053	0.0001765838201198	False	False	True	True	0.0	True	False	transferred	0.753	3-methyl-2-[(1-{2-[(1-{3-phenyl-2-[(pyrrolidin-2-yl)formamido]propanoyl}pyrrolidin-2-yl)formamido]acetyl}pyrrolidin-2-yl)formamido]pentanoic acid	C28H46N6O11	Amino acids and Peptides	Cyclic peptides			
6333	740.3582	2.73	salamandrivorans_liq_Developed_vs_spore_Developed	4.170828558674675	0.0001765838201198	False	False	True	True	0.0	True	False	native	0.432	Ac-Gln-Leu-Val-Thr-Ser-Leu-OH	C31H49N9O12	Amino acids and Peptides	Cyclic peptides			
2258	897.4409	2.764	salamandrivorans_liq_Developed_vs_spore_Developed	3.9843379800517806	0.0001765838201198	False	False	True	True	0.0	True	False									
2607	1279.584	2.263127	salamandrivorans_liq_Developed_vs_spore_Developed	3.983643599054653	0.0001765838201198	False	False	True	True	0.0	True	False									
181	431.2336	2.341	salamandrivorans_liq_Developed_vs_spore_Developed	3.95524819817399	0.0001765838201198	False	False	True	True	0.0	True	False	transferred	0.411	H-DL-Pro-DL-Leu-DL-Met-DL-Ala-OH	C19H34N4O5S	Amino acids and Peptides	Tripeptides			
1593	334.1821	2.460355	salamandrivorans_liq_Developed_vs_spore_Developed	3.812839923250255	0.0001765838201198	False	False	True	True	0.0	True	False	native	0.104	2-[[2-[(2-Amino-3-sulfanylpropanoyl)amino]-3-methylpentanoyl]amino]-3-methylbutanoic acid	C14H25N5O3	Amino acids and Peptides	Dipeptides			
3308	860.4271	2.980281	salamandrivorans_liq_Developed_vs_spore_Developed	3.781880593879456	0.0001765838201198	False	False	True	True	0.0	True	False	transferred	0.153	Cherimolacyclopeptide A	C41H61N7O11S	Amino acids and Peptides	RiPPs			
1815	626.3174	1.626	salamandrivorans_liq_Developed_vs_spore_Developed	3.752160341774295	0.0001765838201198	False	False	True	True	0.0	True	False	transferred	0.523	H-Ala-Pro-Asp-Ser-Arg-Pro-al	C32H43N5O8	Amino acids and Peptides	Cyclic peptides			
2136	586.3214	2.024265	salamandrivorans_liq_Developed_vs_spore_Developed	3.705620250020036	0.0001765838201198	False	False	True	True	0.0	True	False									
2716	328.1888	2.042	salamandrivorans_liq_Developed_vs_spore_Developed	3.603484131671721	0.0001765838201198	False	False	True	True	0.0	True	False	native	0.331	(2S)-1-[(2S)-2-[[(2S)-2-acetamidopropanoyl]amino]-3-methylbutanoyl]pyrrolidine-2-carboxylic acid	C15H25N3O5	Amino acids and Peptides	Tripeptides			
3379	561.7819	3.5555	salamandrivorans_liq_Developed_vs_spore_Developed	3.5945638399688256	0.0001765838201198	False	False	True	True	0.0	True	False	native			C12H17Br4NO3					
8609	652.4101	2.92658	salamandrivorans_liq_Developed_vs_spore_Developed	3.5839117843122748	0.0001765838201198	False	False	True	True	0.0	True	False	native	0.669	2-({1-[2-({1-[2-(2-amino-3-methylbutanamido)-4-methylpentanoyl]pyrrolidin-2-yl}formamido)-3-methylbutanoyl]pyrrolidin-2-yl}formamido)-4-carbamoylbutanoic acid	C31H53N7O8	Amino acids and Peptides	Tripeptides			
1269	618.329	1.309632	salamandrivorans_liq_Developed_vs_spore_Developed	3.5791033209249483	0.0001765838201198	False	False	True	True	0.0	True	False	native	0.234	Destruxin B2	C34H43N5O6	Amino acids and Peptides	Tripeptides			
218	264.1355	0.622	salamandrivorans_liq_Developed_vs_spore_Developed	3.535436881587901	0.0001765838201198	False	False	True	True	0.0	True	False	native	0.303	(2R)-N-[(2R)-1-amino-4-methyl-1-oxopentan-2-yl]-5-oxopyrrolidine-2-carboxamide	C10H19BN2O4	Amino acids and Peptides	Dipeptides			
4930	909.4257	2.088468	salamandrivorans_liq_Developed_vs_spore_Developed	3.447475942879304	0.0001765838201198	False	False	True	True	0.0	True	False	native	0.022	(3R,4R)-1-[4-[(3S,4S)-3,4-bis[[(1R,2S)-2-phenylcyclopropyl]carbamoyl]pyrrolidine-1-carbonyl]benzoyl]-3-N,4-N-bis[(1R,2S)-2-phenylcyclopropyl]pyrrolidine-3,4-dicarboxamide	C46H56N10O10	Amino acids and Peptides	Cyclic peptides			
3061	495.5816	1.833	salamandrivorans_liq_Developed_vs_spore_Developed	3.3435509945779	0.0001765838201198	False	False	True	True	0.0	True	False									
6805	780.3895	3.372	salamandrivorans_liq_Developed_vs_spore_Developed	3.301323889867777	0.0001765838201198	False	False	True	True	0.0	True	False	transferred	0.481	Ac-TPAAFAY-NH2	C39H53N7O10	Amino acids and Peptides	Linear peptides			
7884	342.204	2.54	salamandrivorans_liq_Developed_vs_spore_Developed	3.2329917482707646	0.0001765838201198	False	False	True	True	0.0	True	False	native	0.292	Ac-Pro-Ala-Val-OMe	C14H29N3O5	Amino acids and Peptides	Dipeptides	diprotin A [M+H]+	0.9461	9.0
6561	922.4291	1.388	salamandrivorans_liq_Developed_vs_spore_Developed	3.184801749395239	0.0001765838201198	False	False	True	True	0.0	True	False	transferred	0.095	H-Ala-Arg-Lys-Glu-Tyr-Tyr-Ala-OH	C37H61N11O15	Amino acids and Peptides	Linear peptides			
1072	772.4184	2.571	salamandrivorans_liq_Developed_vs_spore_Developed	3.180122017088492	0.0001765838201198	False	False	True	True	0.0	True	False									
2628	640.2879	2.261575	salamandrivorans_liq_Developed_vs_spore_Developed	3.1772862996102296	0.0001765838201198	False	False	True	True	0.0	True	False									
5264	398.6807	3.26	salamandrivorans_liq_Developed_vs_spore_Developed	3.170771186700603	0.0001765838201198	False	False	True	True	0.0	True	False	native			C2OS10					
4796	797.3809	0.7935	salamandrivorans_liq_Developed_vs_spore_Developed	3.155989090685947	0.0001765838201198	False	False	True	True	0.0	True	False	transferred	0.173	H-Val-Tyr-Ile-His-Pro-Phe-al	C38H58Cl2N6O8	Amino acids and Peptides	Cyclic peptides			
6166	569.7659	3.5635	salamandrivorans_liq_Developed_vs_spore_Developed	3.11727555047562	0.0001765838201198	False	False	True	True	0.0	True	False	native			C11H12Br4FN3O3					
16800	449.2051	1.66	salamandrivorans_liq_Developed_vs_spore_Developed	3.109501814461144	0.0001765838201198	False	False	True	True	0.0	True	False	native	0.123	Acetyl-Pro-Ala-Pro-Ala-trifluoro methane	C18H32N4O7S	Amino acids and Peptides	Tripeptides			
1610	1149.5601	1.722	salamandrivorans_liq_Developed_vs_spore_Developed	3.086708601876477	0.0001765838201198	False	False	True	True	0.0	True	False									
2658	938.4181	1.483734	salamandrivorans_liq_Developed_vs_spore_Developed	3.038181113458157	0.0001765838201198	False	False	True	True	0.0	True	False									
142	231.1712	0.8514	salamandrivorans_liq_Developed_vs_spore_Developed	3.0034096428191783	0.0001765838201198	False	False	True	True	0.0	True	False	native	0.699	2-(2-amino-3-methylpentanamido)-3-methylbutanoic acid	C11H22N2O3	Amino acids and Peptides	Dipeptides	Spectral Match to Leu-Val from NIST14 [M+H]+	0.9689	9.0
1612	709.3535	2.072	salamandrivorans_liq_Developed_vs_spore_Developed	2.988328010003058	0.0001765838201198	False	False	True	True	0.0	True	False	transferred	0.366	H-Pro-Gly-Leu-Trp-Lys-Ala-OH	C30H52N4O15	Amino acids and Peptides	Cyclic peptides			
560	666.8351	1.495455	salamandrivorans_liq_Developed_vs_spore_Developed	2.976412355586973	0.0001765838201198	False	False	True	True	0.0	True	False	native			C16H22Br4N4O5					
459	501.2173	2.009	salamandrivorans_liq_Developed_vs_spore_Developed	2.9525872883854896	0.0001765838201198	False	False	True	True	0.0	True	False	transferred	0.104	Dehydrosinefungin V	C21H32N4O10	Amino acids and Peptides	Dipeptides			
852	253.1184	0.813	salamandrivorans_liq_Developed_vs_spore_Developed	2.9386165131115503	0.0001765838201198	False	False	True	True	0.0	True	False	transferred	0.996	2-(2-amino-3-hydroxypropanamido)-3-phenylpropanoic acid	C12H16N2O4	Amino acids and Peptides	Dipeptides	Spectral Match to Ser-Phe from NIST14 [M+H]+	0.8898	8.0
3953	456.2818	2.319219	salamandrivorans_liq_Developed_vs_spore_Developed	2.9031811614849663	0.0001765838201198	False	False	True	True	0.0	True	False	transferred	0.936	gln-leu-val-pro	C21H37N5O6	Amino acids and Peptides	Tripeptides			
3142	568.9415	1.706	salamandrivorans_liq_Developed_vs_spore_Developed	2.8382212276372942	0.0001765838201198	False	False	True	True	0.0	True	False	native	0.005	3,5-dibromo-N-[(Z)-[2,5-dimethyl-1-(4-sulfamoylphenyl)pyrrol-3-yl]methylideneamino]-2-hydroxybenzamide	C12H18I2N4O6	Amino acids and Peptides	Tripeptides			
4014	906.434	1.474091	salamandrivorans_liq_Developed_vs_spore_Developed	2.8329745844940453	0.0001765838201198	False	False	True	True	0.0	True	False									
2702	581.8152	2.118	salamandrivorans_liq_Developed_vs_spore_Developed	2.774105876274161	0.0001765838201198	False	False	True	True	0.0	True	False	native			C13H15Br3ClN3O4S					
4041	857.3956	1.752	salamandrivorans_liq_Developed_vs_spore_Developed	2.751002119521547	0.0001765838201198	False	False	True	True	0.0	True	False	transferred	0.084	Substance P (5-11), asp(5,6)-mephe(8)-	C35H56N10O15	Amino acids and Peptides	Cyclic peptides			
3710	612.559	1.986615	salamandrivorans_liq_Developed_vs_spore_Developed	2.720801828603223	0.0001765838201198	False	False	True	True	0.0	True	True	native	0.032	N,N,N',N'-tetra-n-octyl-diglycolamine	C31H71N7O3	Amino acids and Peptides	Indole diketopiperazine alkaloids (L-Trp, L-Pro)			
1578	608.5591	2.079259	salamandrivorans_liq_Developed_vs_spore_Developed	2.648500466541761	0.0001765838201198	False	False	True	True	0.0	True	False									
3170	1081.5204	2.375	salamandrivorans_liq_Developed_vs_spore_Developed	2.594145374019272	0.0001765838201198	False	False	True	True	0.0	True	False	transferred	0.5	H-Val-Leu-Arg-Asp-Asp-Leu-Leu-Glu-Ala-OH	C57H68N12O10	Amino acids and Peptides	Cyclic peptides			
4636	767.3622	2.240995	salamandrivorans_liq_Developed_vs_spore_Developed	2.572815218888844	0.0001765838201198	False	False	True	True	0.0	True	False									
933	730.0146	1.628	salamandrivorans_liq_Developed_vs_spore_Developed	2.521366946098243	0.0001765838201198	False	False	True	True	0.0	True	False	native		3-[4-(3-aminopropoxy)-3,5-dibromophenyl]-2-(N-hydroxyimino)-N-{2-[2-imino-5-(3,5,8-trihydroxy-4-oxo-1,4-dihydroquinolin-6-yl)-2,3-dihydro-1H-imidazol-4-yl]ethyl}propanamide	C26H27Br2N7O7	Amino acids and Peptides	Cyclic peptides			
2390	500.9089	1.706	salamandrivorans_liq_Developed_vs_spore_Developed	2.501134724757641	0.0001765838201198	False	False	True	True	0.0	True	False	native		N-(4-bromo-2-chlorophenyl)-N-(2-hydrazinyl-2-oxoethyl)-2-nitrobenzenesulfonamide	C13H16Cl4N2O4S3	Amino acids and Peptides	Cyclamides			
4040	513.2298	0.5895	salamandrivorans_liq_Developed_vs_spore_Developed	2.481612233093508	0.0001765838201198	False	False	True	True	0.0	True	False	native	0.572	alpha-4-(3-deoxy-L-glycero-tetronoyl)amino-4,6-dideoxy-D-mannose-(1->2)-alpha-4-(3-deoxy-L-glycero-tetronoyl)-amino-4,6-dideoxy-D-mannose	C21H32N6O9	Carbohydrates	Aminoglycosides			
3248	648.8102	2.26272	salamandrivorans_liq_Developed_vs_spore_Developed	2.4480465385077266	0.0001765838201198	False	False	True	True	0.0	True	False	native			C12H20Br4N4O7					
6156	884.3993	1.88	salamandrivorans_liq_Developed_vs_spore_Developed	2.441269864568755	0.0001765838201198	False	False	True	True	0.0	True	False	native	0.656	H-Ala-Ala-Asp-Thr-Thr-Thr-Pro-Thr-Thr-al	C48H58ClN5O9	Amino acids and Peptides	Linear peptides			
6256	775.3692	1.595	salamandrivorans_liq_Developed_vs_spore_Developed	2.3764416212498	0.0001765838201198	False	False	True	True	0.0	True	False									
1222	245.1858	1.787	salamandrivorans_liq_Developed_vs_spore_Developed	2.3669507736917894	0.0001765838201198	False	False	True	True	0.0	True	False	transferred	0.72	2-[(2-amino-1-hydroxy-3-methylpentylidene)amino]-4-methylpentanoic acid	C12H24N2O3	Amino acids and Peptides	Dipeptides	Spectral Match to Ile-Leu from NIST14 [M+H]+	0.9778	10.0
4328	589.796	0.944308	salamandrivorans_liq_Developed_vs_spore_Developed	2.363434431594266	0.0001765838201198	False	False	True	True	0.0	True	False	native			C14H15Br4N3O3					
5432	501.2657	1.400195	salamandrivorans_liq_Developed_vs_spore_Developed	2.3592758837846493	0.0001765838201198	False	False	True	True	0.0	True	False	transferred	0.911	Glptgg	C21H36N6O8	Amino acids and Peptides	Linear peptides			
3665	334.2948	5.646327	salamandrivorans_liq_Developed_vs_spore_Developed	2.2686753726213174	0.0001765838201198	False	False	True	True	0.0	True	True	transferred	0.251	3,3'-(Dodecylimino)bispropane-1,2-diol	C18H39NO4	Fatty acids	Sphingoid bases			
3501	592.2697	1.673629	salamandrivorans_liq_Developed_vs_spore_Developed	2.2421843485688977	0.0001765838201198	False	False	True	True	0.0	True	False									
8614	576.3038	2.91942	salamandrivorans_liq_Developed_vs_spore_Developed	2.1872421761338203	0.0001765838201198	False	False	True	True	0.0	True	False	native	0.811	H-Val-Pro-Pro-Leu-Glu-OH	C28H41N5O8	Amino acids and Peptides	Tripeptides			
7500	262.202	1.849	salamandrivorans_liq_Developed_vs_spore_Developed	2.160032066263369	0.0001765838201198	False	False	True	True	0.0	True	False	native	0.021		C13H27NO4	Amino acids and Peptides	Dipeptides			
4458	552.2806	3.405611	salamandrivorans_liq_Developed_vs_spore_Developed	2.089452792379644	0.0001765838201198	False	False	True	True	0.0	True	False	transferred	0.797	H-Ala-Phe-Ala-Phe-Pro-OH	C24H43N5O7	Amino acids and Peptides	Tripeptides			
8539	503.251	1.119457	salamandrivorans_liq_Developed_vs_spore_Developed	1.91222786419134	0.0001765838201198	False	False	True	True	0.0	True	False	native	0.246	H-DL-Gln-DL-Asp-DL-Gln-DL-Leu-OH	C23H36N4O7	Amino acids and Peptides	Tripeptides			
9382	471.256	0.794392	salamandrivorans_liq_Developed_vs_spore_Developed	1.877541148538204	0.0001765838201198	False	False	True	True	0.0	True	False									
615	245.1862	1.516	salamandrivorans_liq_Developed_vs_spore_Developed	1.811698883260554	0.0001765838201198	False	False	True	True	0.0	True	False	transferred	0.721	Leu-Leu	C12H24N2O3	Amino acids and Peptides	Dipeptides	Spectral Match to Ile-Leu from NIST14 [M+H]+	0.9443	10.0
2311	772.3881	2.3255	salamandrivorans_liq_Developed_vs_spore_Developed	1.8026953302182345	0.0001765838201198	False	False	True	True	0.0	True	False	native	0.686	2-[[(2S)-1-[(2S)-1-[2-[[(2S)-1-[(2S)-1-[2-[[(2S)-1-[(2S)-pyrrolidine-2-carbonyl]pyrrolidine-2-carbonyl]amino]acetyl]pyrrolidine-2-carbonyl]pyrrolidine-2-carbonyl]amino]acetyl]pyrrolidine-2-carbonyl]pyrrolidine-2-carbonyl]amino]acetic acid	C33H55N11O8	Amino acids and Peptides	Cyclic peptides			
3385	855.3854	1.548	salamandrivorans_liq_Developed_vs_spore_Developed	1.7253611512976217	0.0001765838201198	False	False	True	True	0.0	True	False									
2326	279.1716	2.247346	salamandrivorans_liq_Developed_vs_spore_Developed	1.615610562246781	0.0001765838201198	False	False	True	True	0.0	True	False	transferred	0.721	2-(2-amino-4-methylpentanamido)-3-phenylpropanoic acid	C15H22N2O3	Amino acids and Peptides	Dipeptides	Spectral Match to Leu-Phe from NIST14 [M+H]+	0.9507	7.0
1124	597.2916	2.126844	salamandrivorans_liq_Developed_vs_spore_Developed	1.6149914248426231	0.0001765838201198	False	False	True	True	0.0	True	False	transferred	0.326	(R)-2-((((9H-Fluoren-9-yl)methoxy)carbonyl)amino)-6-((1-(4,4-dimethyl-2,6-dioxocyclohexylidene)-3-methylbutyl)amino)hexanoic acid	C26H40N6O10	Amino acids and Peptides	Depsipeptides			
1353	279.1697	2.425	salamandrivorans_liq_Developed_vs_spore_Developed	1.603451699254582	0.0001765838201198	False	False	True	True	0.0	True	False	transferred	0.918	2-(2-amino-4-methylpentanamido)-3-phenylpropanoic acid	C15H22N2O3	Amino acids and Peptides	Dipeptides	Spectral Match to Leu-Phe from NIST14 [M+H]+	0.9162	6.0
2634	561.7629	1.468746	salamandrivorans_liq_Developed_vs_spore_Developed	1.5854398300006127	0.0001765838201198	False	False	True	True	0.0	True	False									
4624	684.3611	2.16	salamandrivorans_liq_Developed_vs_spore_Developed	1.5360294090708042	0.0001765838201198	False	False	True	True	0.0	False	False	native	0.246	Dihydromorphinon-N-oxyd-ditartarat [German]	C30H49N7O11	Amino acids and Peptides	Cyclic peptides			
3689	543.3147	1.896	salamandrivorans_liq_Developed_vs_spore_Developed	1.2146836140081425	0.0001765838201198	False	False	True	True	0.0	True	False	transferred	0.671	H-Val-Thr-Pro-Leu-Asn-OH	C24H42N6O8	Amino acids and Peptides	Tripeptides			
3585	429.1984	2.061405	salamandrivorans_liq_Developed_vs_spore_Developed	1.194356263260476	0.0001765838201198	False	False	True	True	0.0	False	False	native	0.312	(2~{S})-1-[(2~{S})-2-[[(1~{S})-1-[(2~{S})-1-[(2~{S})-2-azanyl-4-oxidanyl-4-oxidanylidene-butanoyl]pyrrolidin-2-yl]-2-oxidanyl-2-oxidanylidene-ethyl]amino]propanoyl]pyrrolidine-2-carboxylic acid	C18H28N4O8	Amino acids and Peptides	Tripeptides			
10155	329.1493	1.802	salamandrivorans_liq_Developed_vs_spore_Developed	1.0155836686692514	0.0001765838201198	False	False	True	True	0.0	False	False									
10910	818.4737	4.343814	salamandrivorans_liq_Developed_vs_spore_Developed	5.70626387223188	0.0003382990598159	False	False	True	True	0.9	True	False	native	0.143	Taxlllaid E	C35H59N15O8	Amino acids and Peptides	Cyclic peptides			
17507	942.5227	3.961	salamandrivorans_liq_Developed_vs_spore_Developed	5.528717129907274	0.0003382990598159	False	False	True	True	0.9	True	False	native	0.162	H-Arg-Val-Trp-Ile-His-Pro-Ile-OH	C41H71N11O14	Amino acids and Peptides	Cyclic peptides			
10328	600.8589	4.597	salamandrivorans_liq_Developed_vs_spore_Developed	5.173007686210816	0.0003382990598159	False	False	True	True	0.9	True	False	native			C15H25Br4FN2O2					
5699	380.1791	3.552	salamandrivorans_liq_Developed_vs_spore_Developed	6.19309969773384	0.0003382990598159	False	False	True	True	0.8	True	False	native	0.312	(2S,3S)-3-[[(2S)-1-(4-acetamidobutylamino)-3-methyl-1-oxopentan-2-yl]carbamoyl]oxirane-2-carboxylic acid	C15H26FN3O7	Amino acids and Peptides	Tripeptides			
1666	504.2471	0.7155	salamandrivorans_liq_Developed_vs_spore_Developed	4.989894215755425	0.0003382990598159	False	False	True	True	0.5	True	False	transferred	0.645	H-DL-Tyr-DL-Pro-DL-Pro-DL-Gln-OH	C24H33N5O7	Amino acids and Peptides	Tripeptides			
3557	767.3534	2.230717	salamandrivorans_liq_Developed_vs_spore_Developed	2.698268999782913	0.0003382990598159	False	False	True	True	0.0999999999999999	True	False									
9005	812.4537	2.74917	salamandrivorans_liq_Developed_vs_spore_Developed	2.289574783681921	0.0003382990598159	False	False	True	True	0.0999999999999999	True	False									
4973	265.1423	1.548	salamandrivorans_liq_Developed_vs_spore_Developed	1.91005251119584	0.0003382990598159	False	False	True	True	0.0999999999999999	True	False	native	0.036	1H-1,4-Diazepine, hexahydro-1,4-bis(methylfurazanyl)-	C11H16N6O2	Amino acids and Peptides	Dipeptides	Spectral Match to Val-Phe from NIST14 [M+H]+	0.9747	8.0
4600	385.2437	1.673	salamandrivorans_liq_Developed_vs_spore_Developed	5.056243877729678	0.0003382990598159	False	False	True	True	0.0	True	False	native	0.322	H-DL-Val-DL-Val-DL-Pro-DL-Ala-OH	C18H32N4O5	Amino acids and Peptides	Tripeptides			
13464	491.2885	2.402469	salamandrivorans_liq_Developed_vs_spore_Developed	4.797603426006561	0.0003382990598159	False	False	True	True	0.0	True	False	native	0.801	2-[(1-{2-[2-amino-3-(4-hydroxyphenyl)propanamido]-3-methylbutanoyl}pyrrolidin-2-yl)formamido]-4-methylpentanoic acid	C23H40N4O6	Amino acids and Peptides	Cyclic peptides			
1816	674.2959	1.817	salamandrivorans_liq_Developed_vs_spore_Developed	2.5778528546203474	0.0003382990598159	False	False	True	True	0.0	True	False	transferred	0.264	Cotteslosin A	C28H39N11O9	Amino acids and Peptides	Cyclic peptides			
2829	457.2174	1.722516	salamandrivorans_liq_Developed_vs_spore_Developed	1.919142766513652	0.0003382990598159	False	False	True	True	0.0	False	False	native	0.799	1-{2-[3-methyl-2-(N-methylocta-2,4,6-trienamido)butanamido]propanoyl}pyrrolidine-2-carboxamide	C22H28N6O5	Amino acids and Peptides	Cyclic peptides			
5626	770.353	2.918738	salamandrivorans_liq_Developed_vs_spore_Developed	1.4287122190529418	0.0003382990598159	False	False	True	True	0.0	False	False									
15286	815.4275	3.018725	salamandrivorans_liq_Developed_vs_spore_Developed	6.517094541156825	0.0004638344108538	False	False	True	True	0.9	True	False									
13655	644.3431	3.772075	salamandrivorans_liq_Developed_vs_spore_Developed	6.156241357367916	0.0004638344108538	False	False	True	True	0.9	True	False	native	0.749	H-Val-Pro-Ile-Gln-Cys-Thr-al	C28H49N7O8S	Amino acids and Peptides	Tripeptides			
1724	669.3412	0.949769	salamandrivorans_liq_Developed_vs_spore_Developed	6.044239354904988	0.0004638344108538	False	False	True	True	0.9	True	False	transferred	0.336	Boc-D-Asp(OMe)-Pro-D-Val-Leu-OBn	C26H50N10O7S	Amino acids and Peptides	Cyclic peptides			
13067	601.3611	4.626832	salamandrivorans_liq_Developed_vs_spore_Developed	4.604550864513083	0.0004638344108538	False	False	True	True	0.9	True	False	native	0.215	Nocardamin	C27H48N6O9	Amino acids and Peptides	Tripeptides			
4883	497.7332	3.473878	salamandrivorans_liq_Developed_vs_spore_Developed	4.719228912946822	0.0004638344108538	False	False	True	True	0.8	True	False	native			C7H2I3NO					
1954	908.4427	1.895	salamandrivorans_liq_Developed_vs_spore_Developed	3.496477461718637	0.0004638344108538	False	False	True	True	0.0	True	False	native	0.262	(2S)-2-[[(2S)-1-[(2S)-2-[[(2S)-2-[[2-[[(2S)-1-[(2S)-1-[(2S)-2-amino-5-(diaminomethylideneamino)pentanoyl]pyrrolidine-2-carbonyl]pyrrolidine-2-carbonyl]amino]acetyl]amino]-3-phenylpropanoyl]amino]-3-hydroxypropanoyl]pyrrolidine-2-carbonyl]amino]-4-methylpentanoic acid	C49H61N7O10	Amino acids and Peptides	Cyclic peptides			
1951	466.2272	0.856	salamandrivorans_liq_Developed_vs_spore_Developed	2.7249052262973708	0.0004638344108538	False	False	True	True	0.0	True	False	transferred	0.41	H-DL-xiThr-DL-Pro-DL-Leu-DL-Asn-OH	C21H31N5O7	Amino acids and Peptides	Tripeptides			
3478	600.3004	1.416617	salamandrivorans_liq_Developed_vs_spore_Developed	0.4318425053326247	0.0004638344108538	False	False	True	True	0.0	False	False	transferred	0.068	[(2S)-1-oxo-1-[[(2S)-1-oxo-1-[[2-oxo-2-[[2-oxo-2-[[(2S)-1-oxo-1-[[(2S)-1-oxo-1-[[(2S)-1-oxo-1-[[2-oxo-2-[[(2S)-1-oxopropan-2-yl]amino]ethyl]amino]propan-2-yl]amino]propan-2-yl]amino]propan-2-yl]amino]ethyl]amino]ethyl]amino]propan-2-yl]amino]propan-2-yl]azanium	C25H41N7O10	Amino acids and Peptides	Linear peptides			
9078	815.394	3.210168	salamandrivorans_liq_Developed_vs_spore_Developed	7.04988556607555	0.0005809761155726	False	False	True	True	0.9	True	False	native	0.402		C30H56N12O13	Amino acids and Peptides	Cyclic peptides			
8365	602.3288	1.678097	salamandrivorans_liq_Developed_vs_spore_Developed	6.823084256281692	0.0005809761155726	False	False	True	True	0.9	True	False	native	0.309	H-Leu-Val-Phe-Phe-Ala-al	C29H43N7O7	Amino acids and Peptides	Tripeptides			
8765	1025.5785	3.863135	salamandrivorans_liq_Developed_vs_spore_Developed	5.779242463972619	0.0005809761155726	False	False	True	True	0.9	True	False	native	0.355	H-Pro-Leu-Phe-Gln-Val-Pro-Glu-Pro-Val-OH	C50H76N10O13	Amino acids and Peptides	Linear peptides			
10964	857.0037	3.847	salamandrivorans_liq_Developed_vs_spore_Developed	5.699379080908444	0.0005809761155726	False	False	True	True	0.9	True	False	native			C27H31ClI2N6O8					
5035	289.1442	1.699982	salamandrivorans_liq_Developed_vs_spore_Developed	5.481594729705842	0.0005809761155726	False	False	True	True	0.9	True	True	native	0.082	(4-Amino-1,2,5-Oxadiazol-3-Yl)[4-(Pyridin-2-Ylmethyl)piperazin-1-Yl]methanone	C12H22N3O3S	Alkaloids	Purine alkaloids			
12511	418.7545	4.129132	salamandrivorans_liq_Developed_vs_spore_Developed	4.112103179163377	0.0005809761155726	False	False	True	True	0.9	True	False	native			C5H6Br3ClO5					
6107	821.4236	3.212	salamandrivorans_liq_Developed_vs_spore_Developed	6.638823601697836	0.0005809761155726	False	False	True	True	0.8	True	False	native	0.374	15-(butan-2-yl)-12,21-bis(1-hydroxyethyl)-9-(hydroxymethyl)-6,18-bis(2-methylpropyl)-hexacosahydropyrrolo[1,2-a]1,4,7,10,13,16,19,22-octaazacyclotetracosan-1,4,7,10,13,16,19,22-octone	C41H56N8O10	Amino acids and Peptides	Cyclic peptides			
6485	695.4055	2.244155	salamandrivorans_liq_Developed_vs_spore_Developed	6.341478092046875	0.0005809761155726	False	False	True	True	0.8	True	False	native	0.236	Nocardiamide B	C37H54N6O7	Amino acids and Peptides	Tripeptides			
5876	532.7667	0.6835	salamandrivorans_liq_Developed_vs_spore_Developed	5.925091086833591	0.0005809761155726	False	False	True	True	0.8	True	False	native			C8H16Br4N2O3Si					
1476	1003.4521	1.499956	salamandrivorans_liq_Developed_vs_spore_Developed	8.664399054087161	0.0005809761155726	False	False	True	True	0.7	True	False									
2705	723.4362	2.665348	salamandrivorans_liq_Developed_vs_spore_Developed	8.490652373827336	0.0005809761155726	False	False	True	True	0.7	True	False	transferred	0.088		C33H55FN10O7	Amino acids and Peptides	Cyclic peptides			
5295	970.4938	3.555	salamandrivorans_liq_Developed_vs_spore_Developed	6.047800998059987	0.0005809761155726	False	False	True	True	0.7	True	False	native	0.78	dPLOT	C45H67N11O11S	Amino acids and Peptides	Cyclic peptides			
10199	764.9114	3.382165	salamandrivorans_liq_Developed_vs_spore_Developed	2.807346106512353	0.0005809761155726	False	False	True	True	0.3	True	False	native			C22H32Br4N4O6					
822	606.2655	1.500456	salamandrivorans_liq_Developed_vs_spore_Developed	5.010662580101723	0.0005809761155726	False	False	True	True	0.1999999999999999	True	False	native	0.109	Cbz-Leu-Asp(OBn)-Leu-al	C28H39N5O8S	Amino acids and Peptides	Isocoumarins			
9354	698.2659	1.194682	salamandrivorans_liq_Developed_vs_spore_Developed	3.4002622358453345	0.0005809761155726	False	False	True	True	0.1999999999999999	True	False									
2067	629.2856	0.64	salamandrivorans_liq_Developed_vs_spore_Developed	9.129835093886076	0.0006631540978736	False	False	True	True	0.9	True	False	transferred	0.676	H-Ala-Ile-Leu-Ser-Ser-Thr-OH	C25H46N6O10	Amino acids and Peptides	Linear peptides			
3584	1504.8516	3.410701	salamandrivorans_liq_Developed_vs_spore_Developed	7.064542291069488	0.0006631540978736	False	False	True	True	0.9	True	False									
16781	474.7294	2.539	salamandrivorans_liq_Developed_vs_spore_Developed	6.42177741329327	0.0006631540978736	False	False	True	True	0.9	True	False	native			C8H7Br3O4S					
19559	529.794	3.565	salamandrivorans_liq_Developed_vs_spore_Developed	5.513698203101673	0.0006631540978736	False	False	True	True	0.9	True	False	native			C9H11Br2ClIN3O3					
25745	438.7197	2.89	salamandrivorans_liq_Developed_vs_spore_Developed	4.6976137587374325	0.0006631540978736	False	False	True	True	0.9	True	False	native			C2HI3O2					
22979	333.1844	0.959941	salamandrivorans_liq_Developed_vs_spore_Developed	4.562732779828892	0.0006631540978736	False	False	True	True	0.9	True	False	native	0.108	HDAla-Leu-MetNH2	C17H24N4O3	Amino acids and Peptides	Tripeptides			
2948	1030.4243	2.68	salamandrivorans_liq_Developed_vs_spore_Developed	8.05541640503289	0.0006631540978736	False	False	True	True	0.7	True	False									
11024	674.8079	1.960508	salamandrivorans_liq_Developed_vs_spore_Developed	6.375805916282742	0.0006631540978736	False	False	True	True	0.7	True	False	native			C15H20Br4N4O5					
3915	1013.5209	3.190392	salamandrivorans_liq_Developed_vs_spore_Developed	7.431464106711699	0.0006631540978736	False	False	True	True	0.6	True	False									
11013	359.267	0.998435	salamandrivorans_liq_Developed_vs_spore_Developed	3.668964856274269	0.0006631540978736	False	False	True	True	0.5	True	False	native	0.278	6-amino-2-[2-(2-amino-3-methylpentanamido)-3-methylbutanamido]hexanoic acid	C17H34N4O4	Amino acids and Peptides	Tripeptides			
1324	324.6639	1.802	salamandrivorans_liq_Developed_vs_spore_Developed	3.541776105363577	0.0006631540978736	False	False	True	True	0.4	True	False									
4736	175.0871	0.903702	salamandrivorans_liq_Developed_vs_spore_Developed	1.1722456235568224	0.0006631540978736	False	False	True	True	0.0	True	False	transferred	0.088	N-[2-(3-fluoropyrrolidin-1-yl)-2-oxoethyl]formamide	C7H11FN2O2	Amino acids and Peptides	Aminoacids	L-(+)-Arginine - 30.0 eV [M+H]+	0.7358	6.0
2045	612.5591	1.942	salamandrivorans_liq_Developed_vs_spore_Developed	8.637918028928864	0.0007733684409005	False	False	True	True	0.9	True	False	native	0.037	N,N,N',N'-tetra-n-octyl-diglycolamine	C33H69N7O3	Amino acids and Peptides	Cyclic peptides			
3987	848.3939	0.757884	salamandrivorans_liq_Developed_vs_spore_Developed	7.886744837972636	0.0007733684409005	False	False	True	True	0.9	True	False									
26141	710.3926	4.006	salamandrivorans_liq_Developed_vs_spore_Developed	3.3121366618297783	0.0007733684409005	False	False	True	True	0.9	True	False	native	0.342	12-benzyl-21-(1-hydroxyethyl)-24-methyl-9-(propan-2-yl)-1,7,10,13,19,22,25-heptaazatetracyclo[25.3.0.0³,⁷.0¹⁵,¹⁹]triacontane-2,8,11,14,20,23,26-heptone	C36H51N7O8	Amino acids and Peptides	Tripeptides			
5048	838.4401	4.54256	salamandrivorans_liq_Developed_vs_spore_Developed	7.627536684485676	0.0008917960907832	False	False	True	True	0.7	True	False	native	0.115	Cherimolacyclopeptide A	C47H59N5O9	Amino acids and Peptides	RiPPs			
16563	577.3094	2.937	salamandrivorans_liq_Developed_vs_spore_Developed	5.094083039303312	0.0008917960907832	False	False	True	True	0.6000000000000001	True	False	native	0.495	2-{[1-(2-amino-4-methylpentanoyl)pyrrolidin-2-yl]formamido}-N-[1-carbamoyl-2-(4-hydroxyphenyl)ethyl]-3-(1H-indol-3-yl)propanamide	C26H40N8O7	Amino acids and Peptides	Tripeptides			
2090	695.3455	0.638	salamandrivorans_liq_Developed_vs_spore_Developed	7.478532092665814	0.001012483675015	False	False	True	True	0.6000000000000001	True	False	transferred	0.717	15-[(4-hydroxyphenyl)methyl]-12-(3-methylbutan-2-yl)-6-(2-methylpropyl)-9-(propan-2-yl)-icosahydropyrrolo[1,2-a]1,4,7,10,13,16-hexaazacyclooctadecane-1,4,7,10,13,16-hexone	C32H48N8O8	Amino acids and Peptides	Cyclic peptides			
1266	401.7625	3.938645	salamandrivorans_liq_Developed_vs_spore_Developed	4.65866777904562	0.0011302364526731	False	False	True	True	0.5	True	False									
120	679.356	0.8855	salamandrivorans_liq_Developed_vs_spore_Developed	3.922035727605051	0.0011302364526731	False	False	True	True	0.0	True	False									
2349	518.2646	2.466211	salamandrivorans_liq_Developed_vs_spore_Developed	2.676133756667001	0.0011302364526731	False	False	True	True	0.0	True	False	transferred	0.146	2-hydroxy-N-(1-{2-[3-methoxy-5-oxo-2-(propan-2-yl)-2,5-dihydro-1H-pyrrole-1-carbonyl]pyrrolidin-1-yl}-3-methyl-1-oxobutan-2-yl)-N,3-dimethylpentanamide	C22H39N5O7S	Amino acids and Peptides	Cyclic peptides			
3714	681.325	2.64307	salamandrivorans_liq_Developed_vs_spore_Developed	2.4667018577156368	0.0011302364526731	False	False	True	True	0.0	True	False	transferred	0.346	DDIVP-Aminopentyl alcohol	C34H44N6O9	Amino acids and Peptides	Tripeptides			
10900	518.2461	0.940687	salamandrivorans_liq_Developed_vs_spore_Developed	1.436889395979959	0.0012483407441623	False	False	True	True	0.0	False	False	native	0.041	3-{[(4,6-dimethylpyrimidin-2-yl)amino]({[2-(1H-indol-3-yl)ethyl]amino})methylidene}-1-(3,4,5-trimethoxyphenyl)urea	C24H37N3O8	Amino acids and Peptides	Cyclic peptides			
2524	1430.6681	2.6805	salamandrivorans_liq_Developed_vs_spore_Developed	8.247792426540528	0.001366076014993	False	False	True	True	0.5	True	False									
4353	661.358	3.018404	salamandrivorans_liq_Developed_vs_spore_Developed	6.961181556038324	0.001366076014993	False	False	True	True	0.5	True	False	transferred	0.201	1-Aza-2-oxobicyclo[5.3.0]decane scaffold, 38b	C32H48N6O9	Amino acids and Peptides	Cyclic peptides			
14141	766.3956	4.38403	salamandrivorans_liq_Developed_vs_spore_Developed	3.313541988125219	0.0014762731403598	False	False	True	True	0.8	True	False	native	0.416	9-benzyl-6,15-bis(butan-2-yl)-18-(1-hydroxyethyl)-3-(propan-2-yl)-docosahydro-1H-pyrrolo[1,2-a]1,4,7,10,13,16,19-heptaazacyclohenicosane-1,4,7,10,13,16,19-heptone	C37H51N9O9	Amino acids and Peptides	Cyclic peptides			
12379	446.2268	1.865	salamandrivorans_liq_Developed_vs_spore_Developed	5.439151265214104	0.0014762731403598	False	False	True	True	0.6	True	False	native	0.647	2-{[1-(2-{[(tert-butoxy)carbonyl]amino}-3-methylbutanoyl)piperidin-4-yl]formamido}-3-(methylsulfanyl)propanoic acid	C21H30F3N3O4	Amino acids and Peptides	Tripeptides			
1033	608.5582	2.0245	salamandrivorans_liq_Developed_vs_spore_Developed	9.781254533949696	0.0014762731403598	False	False	True	True	0.5	True	False	native			C29H69N9O4					
1649	728.3897	2.308581	salamandrivorans_liq_Developed_vs_spore_Developed	4.6063592394864585	0.0014762731403598	False	False	True	True	0.3	True	False	native	0.402	Citrusin Iii	C31H53N9O11	Amino acids and Peptides	Cyclic peptides			
3310	330.2024	2.421	salamandrivorans_liq_Developed_vs_spore_Developed	1.520195371702243	0.0014762731403598	False	False	True	True	0.0	True	False	native	0.353	2-[[3-Hydroxy-2-(pyrrolidine-2-carbonylamino)butanoyl]amino]-4-methylpentanoic acid	C15H27N3O5	Amino acids and Peptides	Tripeptides			
8152	604.2974	2.64876	salamandrivorans_liq_Developed_vs_spore_Developed	1.3459473406595357	0.0014762731403598	False	False	True	True	0.0	True	False									
2747	549.2469	1.6035	salamandrivorans_liq_Developed_vs_spore_Developed	6.676405274561382	0.0015891233425183	False	False	True	True	0.5	True	False	native	0.53	Bilaid A	C25H36F2N4O6	Amino acids and Peptides	Cyclic peptides			
5756	684.3888	2.840269	salamandrivorans_liq_Developed_vs_spore_Developed	5.5673625098890245	0.0015891233425183	False	False	True	True	0.4	True	False	native	0.096	(2R)-N-[(2R)-1-(2-acetyl-2,7-diazaspiro[3.5]nonan-7-yl)-3-amino-1-oxopropan-2-yl]-2-[[(2R)-2-[[(2R)-2-amino-3-phenylpropanoyl]amino]-3-phenylpropanoyl]amino]-4-methylpentanamide	C36H53N5O8	Amino acids and Peptides	Cyclic peptides	Laxaphycin_D_47962_dereplictor_pv_2.7753e-14 [M+2H]2+	0.7593	12.0
5504	721.3638	3.648658	salamandrivorans_liq_Developed_vs_spore_Developed	7.149293992548387	0.0016896894322125	False	False	True	True	0.8	True	False	native	0.285	Asn-Val-Ile-Ile-Gly-Pro-Ala	C37H48N6O9	Amino acids and Peptides	Tripeptides			
1670	1213.6724	3.822231	salamandrivorans_liq_Developed_vs_spore_Developed	6.447587059465256	0.0016896894322125	False	False	True	True	0.2	True	False									
3294	313.1559	2.665	salamandrivorans_liq_Developed_vs_spore_Developed	0.9471430395585844	0.0016896894322125	False	False	True	True	0.0	True	False	native	0.997	Phe-Phe	C18H20N2O3	Amino acids and Peptides	Dipeptides	Spectral Match to Phe-Phe from NIST14 [M+H]+	0.9811	7.0
4620	712.8419	3.620142	salamandrivorans_liq_Developed_vs_spore_Developed	7.427651217608317	0.001769089207399	False	False	True	True	0.8	True	False	native			C20H26Br4N2O5					
21386	461.7238	2.857191	salamandrivorans_liq_Developed_vs_spore_Developed	5.293179270663512	0.001769089207399	False	False	True	True	0.7000000000000001	True	False	native			C10H4Br3Cl2NO					
12012	302.1512	1.547	salamandrivorans_liq_Developed_vs_spore_Developed	0.707862077542437	0.001769089207399	False	False	True	True	0.0	False	False	native	0.388	N-{2,8-dioxo-3,9-diazatricyclo[8.4.0.0³,⁷]tetradeca-1(14),10,12-trien-13-yl}-2-methylpropanamide	C13H23N3O3S	Amino acids and Peptides	Dipeptides			
16778	977.9901	3.321	salamandrivorans_liq_Developed_vs_spore_Developed	5.72348032198211	0.0018160722045598	False	False	True	True	0.8	True	False	native		Psammaplysin Q	C35H49Br4N3O7	Amino acids and Peptides	Depsipeptides			
27975	443.2738	1.121507	salamandrivorans_liq_Developed_vs_spore_Developed	4.443374454738318	0.0018160722045598	False	False	True	True	0.8	True	True	native	0.127	Hippolide G	C25H40O5	Terpenoids	Open-chain polyketides			
22687	871.522	4.06353	salamandrivorans_liq_Developed_vs_spore_Developed	4.17366506220875	0.0018160722045598	False	False	True	True	0.8	True	False	native	0.503	H-Ile-Pro-Lys-Val-Glu-Gly-Lys-Thr-OH	C39H70N10O12	Amino acids and Peptides	Tripeptides			
2003	532.3132	3.218198	salamandrivorans_liq_Developed_vs_spore_Developed	8.008139160073156	0.0018160722045598	False	False	True	True	0.5	True	False	transferred	0.689	H-Leu-Pro-Pro-Ile-Ala-OH	C27H41N5O6	Amino acids and Peptides	Tripeptides			
110	679.3564	0.826703	salamandrivorans_liq_Developed_vs_spore_Developed	7.2004823592888885	0.0018160722045598	False	False	True	True	0.4	True	False	transferred	0.17	Similanamide	C34H52N6O6	Amino acids and Peptides	Tripeptides			
7153	800.4736	4.036251	salamandrivorans_liq_Developed_vs_spore_Developed	7.522253131035566	0.0018936021900605	False	False	True	True	0.8	True	False	native	0.084	fur-2-oyl-DL-Leu-DL-xiIle-Gly-DL-Arg-DL-Leu-DL-Orn-NH2	C36H63N11O8	Amino acids and Peptides	Cyclic peptides			
3790	491.3086	0.652	salamandrivorans_liq_Developed_vs_spore_Developed	6.504835962339953	0.0018936021900605	False	False	True	True	0.8	True	False	native	0.286	N-{3-[8-(but-3-en-1-yl)-1,7-dioxaspiro[5.5]undecan-2-yl]propyl}-3-hydroxy-4-(3-methoxypropanamido)-2-methylbutanamide	C25H44N2O6	Amino acids and Peptides	Tripeptides			
10410	830.4106	3.391955	salamandrivorans_liq_Developed_vs_spore_Developed	6.301927118185048	0.0018936021900605	False	False	True	True	0.8	True	False	native	0.192	Schizopeptin 791	C47H55N7O5S	Amino acids and Peptides	Cyclic peptides			
21171	231.183	1.033332	salamandrivorans_liq_Developed_vs_spore_Developed	4.670830215630251	0.0018936021900605	False	False	True	True	0.8	True	False	native	0.158	2-amino-N'-(2-amino-3-methylbutanoyl)-3-methylbutanehydrazide	C10H22N4O2	Amino acids and Peptides	Dipeptides	Spectral Match to Val-Leu from NIST14 [M+H]+	0.9804	8.0
11889	1247.6344	3.94	salamandrivorans_liq_Developed_vs_spore_Developed	6.324472319500552	0.0020847611154507	False	False	True	True	0.8	True	False									
6849	707.8942	3.86857	salamandrivorans_liq_Developed_vs_spore_Developed	4.214169172773542	0.00217934671212	False	False	True	True	0.8	True	False	native		8-[benzyl(methyl)amino]-7-[2-hydroxy-3-(2,4,6-tribromophenoxy)propyl]-3-methyl-3,7-dihydro-1H-purine-2,6-dione	C23H22Br3N5O4	Amino acids and Peptides	Cyclic peptides			
5652	669.8588	1.9935	salamandrivorans_liq_Developed_vs_spore_Developed	7.382559091108302	0.0022567510953436	False	False	True	True	0.8	True	False									
3125	372.1772	2.15	salamandrivorans_liq_Developed_vs_spore_Developed	1.2629506899647005	0.0022567510953436	False	False	True	True	0.0	False	False	transferred	0.995	H-Pyr-Glu-Leu-OH	C16H25N3O7	Amino acids and Peptides	Tripeptides			
4009	877.4327	2.95547	salamandrivorans_liq_Developed_vs_spore_Developed	7.697893955285055	0.0024533879688994	False	False	True	True	0.6000000000000001	True	False	native	0.238	Cyclotheonamide E4	C53H56N4O8	Amino acids and Peptides	Cyclic peptides			
12815	653.3328	3.001854	salamandrivorans_liq_Developed_vs_spore_Developed	6.260448845721377	0.0024533879688994	False	False	True	True	0.6000000000000001	True	False	native	0.51	Lpyfd-NH2	C30H48N6O8S	Amino acids and Peptides	Tripeptides			
1870	629.2927	0.666729	salamandrivorans_liq_Developed_vs_spore_Developed	4.423343315300932	0.0024533879688994	False	False	True	True	0.0999999999999999	True	False									
10324	334.1989	0.889404	salamandrivorans_liq_Developed_vs_spore_Developed	0.5854540884163697	0.0025372894736577	False	False	True	True	0.0	True	False	native	0.905	2-[[2-[(2-Amino-3-hydroxybutanoyl)amino]-3-hydroxybutanoyl]amino]-4-methylpentanoic acid	C14H27N3O6	Amino acids and Peptides	Tripeptides			
3046	583.8033	1.72557	salamandrivorans_liq_Developed_vs_spore_Developed	1.632718973144623	0.0026374481824856	False	False	True	True	0.0	False	False	native			C12H17Br4N3O4					
2223	525.2332	2.026	salamandrivorans_liq_Developed_vs_spore_Developed	0.6511426404048453	0.0026374481824856	False	False	True	True	0.0	False	False	transferred	0.167	H-DL-Asp-DL-Phe-DL-Pro-DL-Phe-OH	C27H32N4O7	Amino acids and Peptides	Tripeptides			
7085	747.3711	2.507273	salamandrivorans_liq_Developed_vs_spore_Developed	3.4344397230062147	0.0027369363684454	False	False	True	True	0.0	True	False	native	0.296	3,18-bis(hydroxymethyl)-6-[(1H-indol-3-yl)methylidene]-1-methyl-9-(2-methylpropyl)-12-(propan-2-yl)-docosahydro-1H-pyrrolo[1,2-a]1,4,7,10,13,16,19-heptaazacyclohenicosane-4,7,10,13,16,19-hexone	C39H50N6O9	Amino acids and Peptides	Tripeptides			
1405	628.3578	3.373	salamandrivorans_liq_Developed_vs_spore_Developed	5.208043234458647	0.0027369363684454	False	False	True	True	-0.0999999999999999	True	False									
2591	736.9288	3.543	salamandrivorans_liq_Developed_vs_spore_Developed	2.511607037022041	0.0028357312437684	False	False	True	True	0.0	True	False	native	0.019	Procion orange MX-2R	C21H29Br3N6O6	Amino acids and Peptides	Penicillins			
6244	391.1986	1.264075	salamandrivorans_liq_Developed_vs_spore_Developed	1.4786616082864574	0.0028357312437684	False	False	True	True	0.0	True	False	transferred	0.773	5-Amino-2-[[1-(2-amino-3-phenylpropanoyl)pyrrolidine-2-carbonyl]amino]-5-oxopentanoic acid	C19H26N4O5	Amino acids and Peptides	Tripeptides	Spectral Match to Phe-Pro-Lys from NIST14 [M+H]+	0.8573	14.0
2932	576.2977	2.1825	salamandrivorans_liq_Developed_vs_spore_Developed	2.8604849851596983	0.0030303287735477	False	False	True	True	0.0999999999999999	True	False									
3281	592.2759	1.66	salamandrivorans_liq_Developed_vs_spore_Developed	3.382665870252384	0.0030303287735477	False	False	True	True	0.0	True	False	transferred	0.36	(2R)-2-[[(2S)-2-[[2-[[(2R)-2-[[(2S)-2-amino-3-(4-hydroxy-2,6-ditritiophenyl)propanoyl]amino]propanoyl]amino]acetyl]amino]-3-phenylpropanoyl]amino]-4-methylpentanoic acid	C26H43N5O8	Amino acids and Peptides	Cyclic peptides			
13138	691.3529	1.619	salamandrivorans_liq_Developed_vs_spore_Developed	2.453447607424452	0.0031300009375209	False	False	True	True	0.1999999999999999	True	False	native	0.065	H-Ser-Ala-Ser-Asn-Leu-Ile-Ser-OH	C35H50N5O8	Amino acids and Peptides	Linear peptides			
5924	697.3577	1.614	salamandrivorans_liq_Developed_vs_spore_Developed	3.806451392698598	0.0034271861116482	False	False	True	True	-0.0999999999999999	True	False	native	0.259	H-Leu-Cys-Thr-Pro-Ser-Arg-NH2	C33H50N6O9	Amino acids and Peptides	RiPPs			
1687	978.5569	3.345	salamandrivorans_liq_Developed_vs_spore_Developed	5.241143129951484	0.0035256420632205	False	False	True	True	-0.0999999999999999	True	False	transferred	0.196	H-Leu-Leu-Phe-Gly-Tyr-Pro-Val-Ala-Val-OH	C45H75N11O13	Amino acids and Peptides	Cyclic peptides			
1947	518.2626	2.207	salamandrivorans_liq_Developed_vs_spore_Developed	7.932117511743081	0.0037226548680636	False	False	True	True	0.6000000000000001	True	False	transferred	0.329	2-hydroxy-N-(1-{2-[3-methoxy-5-oxo-2-(propan-2-yl)-2,5-dihydro-1H-pyrrole-1-carbonyl]pyrrolidin-1-yl}-3-methyl-1-oxobutan-2-yl)-N,3-dimethylpentanamide	C22H39N5O7S	Amino acids and Peptides	Cyclic peptides			
5534	548.3084	2.556	salamandrivorans_liq_Developed_vs_spore_Developed	6.471697629106093	0.0038216066624114	False	False	True	True	0.6	True	False	transferred	0.445	H-Leu-Ser-Ile-Pro-Pro-OH	C27H41N5O7	Amino acids and Peptides	Tripeptides			
392	838.441	3.149	salamandrivorans_liq_Developed_vs_spore_Developed	5.329237243597537	0.0038216066624114	False	False	True	True	-0.0999999999999999	True	False	native	0.191	cyclo[Ala-Leu-D-N(Me)Phe-Pro-Sar-Phe-N(Me)Tyr]	C41H59N9O10	Amino acids and Peptides	Cyclic peptides			
6946	295.1658	1.324	salamandrivorans_liq_Developed_vs_spore_Developed	1.4019528248735147	0.004313697203712	False	False	True	True	0.0999999999999999	True	False	native	0.808		C15H22N2O4	Amino acids and Peptides	Dipeptides	Spectral Match to Tyr-Leu from NIST14 [M+H]+	0.9123	8.0
1241	479.2994	2.229	salamandrivorans_liq_Developed_vs_spore_Developed	1.7432763952871078	0.0047090063820672	False	False	True	True	0.0	True	False	transferred	0.436	H-Ala-Lys-Ala-Ile-Ala-al	C23H38N6O5	Amino acids and Peptides	Tripeptides			
2412	587.2845	2.118	salamandrivorans_liq_Developed_vs_spore_Developed	2.601481847284742	0.0053754854697233	False	False	True	True	0.0	True	False	transferred	0.458	2-(2-{[1-(2-{2-[2-Amino-3-(3H-imidazol-4-yl)-propionylamino]-propionylamino}-acetyl)-pyrrolidine-2-carbonyl]-amino}-3-methyl-pentanoylamino)-propionic acid	C28H38N6O8	Amino acids and Peptides	Tripeptides			
19444	962.5111	3.908848	salamandrivorans_liq_Developed_vs_spore_Developed	5.927103472375419	0.0054706542479939	False	False	True	True	0.7	True	False	native	0.563	(2S)-1-[(2S)-1-[(2S)-1-[(2S)-1-[(2S,3S)-3-methyl-2-[[(2S)-4-methyl-2-[[(2S)-1-[(2S)-1-[(2S)-pyrrolidin-1-ium-2-carbonyl]pyrrolidine-2-carbonyl]pyrrolidine-2-carbonyl]amino]pentanoyl]amino]pentanoyl]pyrrolidine-2-carbonyl]pyrrolidine-2-carbonyl]pyrrolidine-2-carbonyl]pyrrolidine-2-carboxylate	C47H73N9O10	Amino acids and Peptides	Cyclic peptides			
25707	679.3057	1.181321	salamandrivorans_liq_Developed_vs_spore_Developed	4.425422282720475	0.0057262819033643	False	False	True	True	0.7	True	False									
28152	1002.5708	4.536215	salamandrivorans_liq_Developed_vs_spore_Developed	3.98958644584338	0.0057262819033643	False	False	True	True	0.7	True	False	native	0.417	H-Val-Thr-Thr-Asp-Ile-Gln-Val-Lys-Val-OH	C62H75N5O7	Amino acids and Peptides	Cyclic peptides			
34390	167.0191	4.151969	salamandrivorans_liq_Developed_vs_spore_Developed	2.8567273915124707	0.0057262819033643	False	False	True	True	0.7	True	True	native		[(2-Methyloxiran-2-yl)methylboranylideneamino]phosphane	C4H8BCl2NO	Terpenoids	Pinane monoterpenoids			
3580	811.0732	2.026	salamandrivorans_liq_Developed_vs_spore_Developed	7.403491588902623	0.0057262819033643	False	False	True	True	0.6	True	False									
16286	653.3226	3.017795	salamandrivorans_liq_Developed_vs_spore_Developed	5.776927459467736	0.0058216709638055	False	False	True	True	0.5	True	False	native	0.809	Phe-Val-Pro-Pro-Arg	C33H44N6O8	Amino acids and Peptides	Tripeptides			
19240	328.2447	1.737	salamandrivorans_liq_Developed_vs_spore_Developed	5.660900756636187	0.0058882160617605	False	False	True	True	0.7	True	False	native	0.092	1,1'-[Iminobis(carbonyl)]bis[3-(3-methylbutyl)guanidine]	C11H31N6O5	Amino acids and Peptides	Tripeptides			
3259	381.71	0.603	salamandrivorans_liq_Developed_vs_spore_Developed	1.564237520118667	0.0058882160617605	False	False	True	True	0.4	True	False	native			CNO2P3S6					
3924	461.3343	0.801	salamandrivorans_liq_Developed_vs_spore_Developed	5.873049618602561	0.0060376509071542	False	False	True	True	0.7	True	False	native	0.091	(2S)-1-[(2S,3S)-3-hexyl-4-oxoazetidin-2-yl]tridecan-2-yl 2-formamidoacetate	C25H46N2O4	Amino acids and Peptides	Dipeptides	Spectral Match to Leu-Val from NIST14 [2M+H]+	0.8935	8.0
3116	640.2861	2.260722	salamandrivorans_liq_Developed_vs_spore_Developed	3.1998172687165605	0.0060376509071542	False	False	True	True	-0.0999999999999999	True	False									
3012	940.5209	3.3175	salamandrivorans_liq_Developed_vs_spore_Developed	8.461265982654378	0.0061192951650885	False	False	True	True	0.7	True	False	native	0.317	24-(butan-2-yl)-12-(1-hydroxyethyl)-27-[(1H-indol-3-yl)methyl]-3,15-bis(2-methylpropyl)-1,4,10,13,16,22,25,28-octaazatetracyclo[28.3.0.0⁶,¹⁰.0¹⁸,²²]tritriacontan-2,5,11,14,17,23,26,29-octone	C56H69N5O8	Amino acids and Peptides	Cyclic peptides			
15573	576.7966	3.000769	salamandrivorans_liq_Developed_vs_spore_Developed	4.767185586955442	0.0061765910700112	False	False	True	True	0.7	True	False	native			C11H18Br4N4O2					
11818	445.2455	1.051	salamandrivorans_liq_Developed_vs_spore_Developed	2.396969207727396	0.0061765910700112	False	False	True	True	-0.0999999999999999	True	False	native	0.147	H-DL-Pro-DL-Pro-DL-xiIle-DL-Pro-OH	C23H32N4O5	Amino acids and Peptides	Tripeptides			
11793	546.2811	0.58325	salamandrivorans_liq_Developed_vs_spore_Developed	5.174769579508702	0.0062921946916296	False	False	True	True	0.7	True	False									
14398	962.5118	3.836579	salamandrivorans_liq_Developed_vs_spore_Developed	5.795646018684921	0.0063486882357336	False	False	True	True	0.7	True	False									
9323	357.6744	0.582	salamandrivorans_liq_Developed_vs_spore_Developed	6.271614524989347	0.0063935322477189	False	False	True	True	0.7000000000000001	True	False									
1597	1072.4677	2.729	salamandrivorans_liq_Developed_vs_spore_Developed	9.85638702436538	0.0063935322477189	False	False	True	True	0.7	True	False									
5787	981.572	2.587	salamandrivorans_liq_Developed_vs_spore_Developed	6.455096725248485	0.0063935322477189	False	False	True	True	0.7	True	False	transferred	0.423	Ac-Pro-Pro-Pro-Val-N(iPr)Gly-Pro-Arg-Arg-OH	C46H72N14O10	Amino acids and Peptides	Cyclic peptides			
1900	1403.7258	3.115	salamandrivorans_liq_Developed_vs_spore_Developed	7.135915390677562	0.0063935322477189	False	False	True	True	0.6	True	False									
5253	1171.627	3.623684	salamandrivorans_liq_Developed_vs_spore_Developed	6.104387308739478	0.0065431634384558	False	False	True	True	0.7	True	False	native		N''-{2-[28'-amino-4'-cyclohexyl-5,8',13',22'-tetrahydroxy-4-(8-hydroxy-11-methyl-7-methylidene-1-oxacyclopentadeca-3,5,10-trien-13-yn-3-yl)-8'-methyl-3',26'-dioxo-24',27'-diazaspiro[cyclopentane-1,9'-pentacyclo[23.7.1.1¹⁵,¹⁹.0⁵,¹⁰.0²⁹,³³]tetratriacontane]-1'(33'),4',15',17',19'(34'),29',31'-heptaen-21'-yl]-2-(4-hydroxyphenyl)ethyl}guanidine	C74H82N4O9	Amino acids and Peptides	Cyclic peptides			
23018	689.3841	3.953523	salamandrivorans_liq_Developed_vs_spore_Developed	3.5157643272228016	0.0068620111008255	False	False	True	True	0.7	True	False	native	0.332	9,12-Dibenzyl-4,7,10,13-tetrahydroxy-3,15-bis(2-methylpropyl)-6-(propan-2-yl)-2,5,8,11,14-pentaazahexadeca-4,7,10,13-tetraen-16-imidic acid	C39H52N4O7	Amino acids and Peptides	Tripeptides			
12352	411.2611	1.7995	salamandrivorans_liq_Developed_vs_spore_Developed	1.2781218160201078	0.0068620111008255	False	False	True	True	0.0	True	False	native	0.953	Pro-Val-Val-Pro	C20H34N4O5	Amino acids and Peptides	Tripeptides			
3648	318.1824	2.603	salamandrivorans_liq_Developed_vs_spore_Developed	0.6014748054553313	0.0068620111008255	False	False	True	True	0.0	False	False	transferred	0.897	2-(2-amino-4-methylpentanamido)-3-(1H-indol-3-yl)propanoic acid	C17H23N3O3	Amino acids and Peptides	Dipeptides	Spectral Match to Ile-Trp from NIST14 [M+H]+	0.8571	11.0
4719	519.2389	1.101	salamandrivorans_liq_Developed_vs_spore_Developed	8.109260132855617	0.0069391890291462	False	False	True	True	0.4	True	True	transferred	0.12	5-N-Acetyl-8-Isopropylardeemin	C24H34N6O5S	Amino acids and Peptides	Other indole diketopiperazine alkaloids			
25246	904.5044	4.139	salamandrivorans_liq_Developed_vs_spore_Developed	4.854336220157291	0.0071869266497227	False	False	True	True	0.6	False	False	native	0.866	BocPro-DPhe-Phe-DPhe-Leu-NleNH2	C40H65N13O11	Amino acids and Peptides	Cyclic peptides			
2587	677.363	4.117588	salamandrivorans_liq_Developed_vs_spore_Developed	7.668851037396903	0.0071869266497227	False	False	True	True	0.4	True	False	native	0.525	Dianthin C	C36H48N6O7	Amino acids and Peptides	Cyclic peptides			
1619	561.2847	2.242309	salamandrivorans_liq_Developed_vs_spore_Developed	6.104313888890878	0.0077084427335849	False	False	True	True	0.6000000000000001	True	False	transferred	0.556	(4R)-2,2-difluoro-3,3-dihydroxy-N,6-dimethyl-4-[[(2S)-3-methyl-2-[[(2S)-3-methyl-2-(3-methylbutanoylamino)butanoyl]amino]butanoyl]amino]heptanamide	C30H36N6O5	Amino acids and Peptides	Tripeptides			
2837	276.4799	0.5865	salamandrivorans_liq_Developed_vs_spore_Developed	6.882734989063406	0.0085936905006165	False	False	True	True	0.6000000000000001	True	False									
3886	745.2704	1.272151	salamandrivorans_liq_Developed_vs_spore_Developed	6.792210087237334	0.0089457050539056	False	False	True	True	0.4	True	False									
1220	543.2419	0.581	salamandrivorans_liq_Developed_vs_spore_Developed	5.039523877132634	0.0090332341980629	False	False	True	True	0.3	True	False	transferred	0.304	N,N'-bis[2-[(2S,3S,4S,5S,6R)-3,4,5-trihydroxy-6-(hydroxymethyl)oxan-2-yl]oxyethyl]pentanediamide	C21H38N2O14	Carbohydrates	Polysaccharides			
8551	293.1618	1.976835	salamandrivorans_liq_Developed_vs_spore_Developed	5.72653266643158	0.0099986915348397	False	False	True	True	0.6	True	False									
3718	1062.5914	3.753819	salamandrivorans_liq_Developed_vs_spore_Developed	6.2312955359895525	0.0099986915348397	False	False	True	True	0.3	True	False									
31191	431.2083	6.243506	salamandrivorans_liq_Developed_vs_spore_Developed	1.23381620655234	0.0112881388795139	False	False	True	True	0.5	True	True	native	0.091		C21H34O7S	Terpenoids	Bisabolane sesquiterpenoids			
4409	706.3774	2.65	salamandrivorans_liq_Developed_vs_spore_Developed	1.654709997794252	0.011799999193001	False	False	True	True	0.0	False	False	native	0.015	(5S)-5-[[(2S)-2-[[(2R)-2-[[(2S)-2-aminopent-4-enoyl]amino]-3-phenylpropanoyl]amino]-5-oxo-5-phenylmethoxypentanoyl]amino]-10-imino-4-oxododecanoic acid	C38H51N5O8	Amino acids and Peptides	Linear peptides			
3413	300.1565	1.866	salamandrivorans_liq_Developed_vs_spore_Developed	0.5707291986062176	0.0122299025561224	False	False	True	True	0.0	False	False	transferred	0.286	(2S)-5-oxo-5-[(2-oxopiperidin-3-yl)amino]-2-(propanoylamino)pentanoic acid	C13H21N3O5	Amino acids and Peptides	Tripeptides			
14986	582.326	1.060072	salamandrivorans_liq_Developed_vs_spore_Developed	1.4873971890405993	0.0129991106807102	False	False	True	True	0.0999999999999999	False	False	native	0.216	namalide d	C31H43N5O6	Amino acids and Peptides	Tripeptides			
11788	445.2315	1.6573	salamandrivorans_liq_Developed_vs_spore_Developed	0.7022431155793706	0.0143836882999924	False	False	True	True	0.0	False	False	native	0.089	2-pyrrolidin-1-ium-1-yl-N-[4-[4-[(2-pyrrolidin-1-ium-1-ylacetyl)amino]phenoxy]phenyl]acetamide	C19H32N4O8	Amino acids and Peptides	Cyclic peptides			
1895	552.2806	3.308533	salamandrivorans_liq_Developed_vs_spore_Developed	1.7045189438887909	0.0154111735230505	False	False	True	True	0.0	False	False	transferred	0.803	H-Ala-Phe-Ala-Phe-Pro-OH	C24H43N5O7	Amino acids and Peptides	Tripeptides			
2623	245.1862	1.724167	salamandrivorans_liq_Developed_vs_spore_Developed	1.5270681215023023	0.0156672560937087	False	False	True	True	0.0	True	False	native	0.643	2-[(2-amino-1-hydroxy-4-methylpentylidene)amino]-3-methylpentanoic acid	C12H24N2O3	Amino acids and Peptides	Dipeptides	Spectral Match to Ile-Leu from NIST14 [M+H]+	0.9813	7.0
2521	414.2155	0.578	salamandrivorans_liq_Developed_vs_spore_Developed	6.064154466512549	0.0171407994625425	False	False	True	True	0.5	True	False	native	0.407	H-Gly-Leu-Phe-Gly-NH2	C14H31N5O9	Amino acids and Peptides	Tripeptides			
25589	229.1066	1.102638	salamandrivorans_liq_Developed_vs_spore_Developed	4.344044403159153	0.0180333238977148	False	False	True	True	0.5	True	False	native	0.603	(2S)-2-amino-4-[[amino-(2-fluoroethylamino)methylidene]amino]butanoic acid	C7H12N6O3	Amino acids and Peptides	Aminoacids	Spectral Match to Leu-Pro from NIST14 [M+H]+	0.8317	6.0
16273	749.4201	3.9394	salamandrivorans_liq_Developed_vs_spore_Developed	4.666052982422443	0.0181575729251929	False	False	True	True	0.6	True	False	native	0.141	tert-butyl N-[(2S)-1-[(2S,5S)-2-[[1-[[2-[[(1S)-2-(dimethylamino)-2-oxo-1-phenylethyl]amino]-2-oxoethyl]amino]-1,2-dioxoheptan-3-yl]carbamoyl]-6,6-dimethyl-3-azabicyclo[3.1.0]hexan-3-yl]-3,3-dimethyl-1-oxobutan-2-yl]carbamate	C40H56N6O8	Amino acids and Peptides	Cyclic peptides			
8337	754.5421	10.656534	salamandrivorans_liq_Developed_vs_spore_Developed	2.3743642227615496	0.0182593051405093	False	False	True	True	0.6	True	True	native	0.682	[1-[2-aminoethoxy(hydroxy)phosphoryl]oxy-3-[(9Z,12Z)-octadeca-9,12-dienoyl]oxypropan-2-yl] (9Z,12Z)-nonadeca-9,12-dienoate	C42H76NO8P	Fatty acids	Glycerophosphoethanolamines			
19232	799.4008	3.515946	salamandrivorans_liq_Developed_vs_spore_Developed	3.790004561423914	0.0183820205699038	False	False	True	True	0.6	True	False	native	0.275	2-(2-{[1-(2-{2-[2-(2-amino-3-carbamoylpropanamido)acetamido]-4-methylpentanamido}-3-(4-hydroxyphenyl)propanoyl)pyrrolidin-2-yl]formamido}-3-hydroxybutanamido)-4-methylpentanoic acid	C38H54N8O11	Amino acids and Peptides	Tripeptides			
2494	645.3602	3.2765	salamandrivorans_liq_Developed_vs_spore_Developed	7.603763571374372	0.0184097997841232	False	False	True	True	0.6	True	False	native	0.191	DES(2-oxo-tetrahydropyrimidinyl)-2-oxo-4-hydroxy-tetrahydropyrimidinyl lopinavir	C32H48N6O8	Amino acids and Peptides	Cyclic peptides			
2327	955.498	1.5475	salamandrivorans_liq_Zoospore_vs_spore_Zoospore	8.76772122499529	0.0184275356233028	False	False	True	True	1.0	False	False	transferred	0.834	2-{2-[2-(2-{2-[2-(2-{2-[2-(2-aminoacetamido)-4-methylpentanamido]-4-methylpentanamido}-3-hydroxypropanamido)-3-hydroxypropanamido]-4-methylpentanamido}-3-hydroxypropanamido)-3-hydroxypropanamido]-3-methylbutanamido}propanoic acid	C40H72N10O15	Amino acids and Peptides	Cyclic peptides			
4563	459.2544	1.374184	salamandrivorans_liq_Zoospore_vs_spore_Zoospore	7.99475698636268	0.0184275356233028	False	False	True	True	1.0	True	False	native	0.258	Eurystatin C	C19H34N6O7	Amino acids and Peptides	Tripeptides			
6148	602.7977	2.54	salamandrivorans_liq_Zoospore_vs_spore_Zoospore	7.816768626202089	0.0184275356233028	False	False	True	True	1.0	True	False	native			C12H18Br4N2O6					
7024	701.3313	0.841072	salamandrivorans_liq_Zoospore_vs_spore_Zoospore	6.84164079772274	0.0184275356233028	False	False	True	True	1.0	True	False	native	0.806	IAbeta5p	C35H46N6O8	Amino acids and Peptides	Cyclic peptides			
8290	658.3907	2.436541	salamandrivorans_liq_Zoospore_vs_spore_Zoospore	6.646481811896327	0.0184275356233028	False	False	True	True	1.0	True	False	transferred	0.172	Dragonamide C	C38H51N5O5	Amino acids and Peptides	Cyclic peptides			
9164	735.8657	4.336866	salamandrivorans_liq_Zoospore_vs_spore_Zoospore	6.561766079527391	0.0184275356233028	False	False	True	True	1.0	True	False	native			C19H25Br4N5O6					
4898	348.6697	0.814	salamandrivorans_liq_Zoospore_vs_spore_Zoospore	5.627683827458796	0.0184275356233028	False	False	True	True	1.0	True	False	native			As2S5					
10354	679.4078	3.54	salamandrivorans_liq_Zoospore_vs_spore_Zoospore	5.5774092947511775	0.0184275356233028	False	False	True	True	1.0	True	False	native	0.198	H-Ile-Ala-Thr-Leu-Tyr-Val-OH	C33H54N6O9	Amino acids and Peptides	Cyclic peptides			
37734	429.2493	1.367	salamandrivorans_liq_Zoospore_vs_spore_Zoospore	5.493197262000845	0.0184275356233028	False	False	True	True	1.0	True	False	native	0.266	H-Ala-Ala-Ala-Ala-Ala-Ala-al	C18H32N6O6	Amino acids and Peptides	Cyclic peptides			
13371	284.6389	1.48457	salamandrivorans_liq_Zoospore_vs_spore_Zoospore	5.272360096365569	0.0184275356233028	False	False	True	True	1.0	True	False									
22090	988.0111	4.2335	salamandrivorans_liq_Zoospore_vs_spore_Zoospore	5.0675952748937725	0.0184275356233028	False	False	True	True	1.0	True	False	native			C29H41FI3N5O8					
21551	197.1382	1.564	salamandrivorans_liq_Zoospore_vs_spore_Zoospore	4.877370815563431	0.0184275356233028	False	False	True	True	1.0	True	False	native	0.936	3-(propan-2-yl)-octahydropyrrolo[1,2-a]pyrazine-1,4-dione	C10H16N2O2	Amino acids and Peptides	Dipeptides	cyclo(L-Val-L-Pro) [M+H]+	0.9531	8.0
26579	619.2853	1.2985	salamandrivorans_liq_Zoospore_vs_spore_Zoospore	4.753341263376029	0.0184275356233028	False	False	True	True	1.0	True	False									
18744	1272.1917	4.59646	salamandrivorans_liq_Zoospore_vs_spore_Zoospore	4.707113817117124	0.0184275356233028	False	False	True	True	1.0	True	False									
16462	680.4075	3.517	salamandrivorans_liq_Zoospore_vs_spore_Zoospore	4.598298276899269	0.0184275356233028	False	False	True	True	1.0	False	False	native	0.141	benzylcarbonyl-Cit-Val-Arg-NHBn(4-amidino)	C31H53N9O8	Amino acids and Peptides	Linear peptides			
15070	387.7137	1.57	salamandrivorans_liq_Zoospore_vs_spore_Zoospore	4.491243888939781	0.0184275356233028	False	False	True	True	1.0	False	False	native			C5Br3F2N					
37075	188.0799	1.355142	salamandrivorans_liq_Zoospore_vs_spore_Zoospore	4.4028903145770295	0.0184275356233028	False	False	True	True	1.0	False	True	native	0.047	N-ethyl-N-(pyridin-4-ylmethyl)nitrous amide	C10H9N3O	Alkaloids	Pyridine alkaloids	Spectral Match to L-Tryptophan from NIST14 [M-NH3+H]+	0.9742	8.0
29938	206.0916	1.186893	salamandrivorans_liq_Zoospore_vs_spore_Zoospore	4.10147949800754	0.0184275356233028	False	False	True	True	1.0	False	False	native	0.358	2-amino-3-(1H-pyrrolo[3,2-b]pyridin-3-yl)propanoic acid	C7H12FN3O3	Amino acids and Peptides	Aminoacids			
10294	362.1392	1.377179	salamandrivorans_liq_Zoospore_vs_spore_Zoospore	3.696769379314361	0.0184275356233028	False	False	True	True	1.0	False	False	native	0.368	1-[2-[(2-Amino-4-methylsulfanylbutanoyl)amino]-3-carboxypropanoyl]pyrrolidine-2-carboxylic acid	C14H23N3O6S	Amino acids and Peptides	Dipeptides			
16275	942.6444	9.110514	salamandrivorans_liq_Zoospore_vs_spore_Zoospore	2.689423585862807	0.0184275356233028	False	False	True	True	1.0	True	False	native			C57H87N3O8					
4417	602.293	2.523	salamandrivorans_liq_Zoospore_vs_spore_Zoospore	8.32493064162375	0.0184275356233028	False	False	True	True	0.8	True	False	native	0.2	5,8,9-trimethyl-16-(prop-2-en-1-yl)-3,6-bis(propan-2-yl)-icosahydropyrrolo[1,2-d]1-oxa-4,7,10,13,16-pentaazacyclononadecane-1,4,7,10,14,17-hexone	C23H39N9O10	Amino acids and Peptides	Cyclic peptides			
3788	1007.5198	2.094281	salamandrivorans_liq_Zoospore_vs_spore_Zoospore	8.191720104578598	0.0184275356233028	False	False	True	True	0.8	False	False	native	0.121	H-Met-Phe-Ser-Ile-Asp-Asn-Ile-Leu-Ala-al	C50H66N14O9	Amino acids and Peptides	RiPPs			
4299	1338.6886	3.099997	salamandrivorans_liq_Zoospore_vs_spore_Zoospore	8.037897340360082	0.0184275356233028	False	False	True	True	0.8	False	False									
11072	684.3517	2.389	salamandrivorans_liq_Zoospore_vs_spore_Zoospore	7.845388167414594	0.0184275356233028	False	False	True	True	0.8	True	False	native	0.186	Dihydromorphinon-N-oxyd-ditartarat [German]	C36H49N3O10	Amino acids and Peptides	Tripeptides			
6128	646.8414	2.891333	salamandrivorans_liq_Zoospore_vs_spore_Zoospore	7.449030002487562	0.0184275356233028	False	False	True	True	0.8	False	False	native			C13H22Br4N4O6					
5128	813.7501	2.5675	salamandrivorans_liq_Zoospore_vs_spore_Zoospore	7.120920349462348	0.0184275356233028	False	False	True	True	0.8	False	False									
3947	813.752	2.6105	salamandrivorans_liq_Zoospore_vs_spore_Zoospore	6.554915538387579	0.0184275356233028	False	False	True	True	0.8	False	False	native	0.031	N-[5-[[3-ethenoxy-4-[5-(hexadecanoylamino)pentylamino]pentan-2-yl]amino]pentyl]hexadecanamide	C51H96N4O3	Amino acids and Peptides	Cyclic peptides			
2452	1048.5427	2.181	salamandrivorans_liq_Zoospore_vs_spore_Zoospore	8.547355684152752	0.0184275356233028	False	False	True	True	0.6	False	False									
3581	683.328	2.503394	salamandrivorans_liq_Zoospore_vs_spore_Zoospore	7.62743452423038	0.0184275356233028	False	False	True	True	0.6	False	False	native	0.136	DES(2-oxo-tetrahydropyrimidinyl)-2-oxo-4-hydroxy-tetrahydropyrimidinyl lopinavir	C30H46N6O12	Amino acids and Peptides	Cyclic peptides			
6957	556.2729	0.587	salamandrivorans_liq_Zoospore_vs_spore_Zoospore	7.42374702288989	0.0184275356233028	False	False	True	True	0.6	True	False									
1945	854.4401	1.628	salamandrivorans_liq_Zoospore_vs_spore_Zoospore	3.659015684338503	0.0184275356233028	False	False	True	True	0.4	False	False									
2153	1430.6439	2.6825	salamandrivorans_liq_Zoospore_vs_spore_Zoospore	3.2544529753329825	0.0184275356233028	False	False	True	True	0.4	True	False									
2081	730.3328	1.405261	salamandrivorans_liq_Zoospore_vs_spore_Zoospore	3.1967998493643472	0.0184275356233028	False	False	True	True	0.4	True	False									
3826	1133.4812	1.833	salamandrivorans_liq_Zoospore_vs_spore_Zoospore	2.4699946703578703	0.0184275356233028	False	False	True	True	0.4	True	False									
1929	1303.5977	2.199	salamandrivorans_liq_Zoospore_vs_spore_Zoospore	3.3980824776135274	0.0184275356233028	False	False	True	True	0.1999999999999999	True	False	native		H-Glu-Glu-Asn-Leu-Leu-Asp-Phe-Val-Arg-Phe-al	C59H88N14O17	Amino acids and Peptides	Cyclic peptides			
2079	616.3649	1.944	salamandrivorans_liq_Zoospore_vs_spore_Zoospore	2.6960001814798167	0.0184275356233028	False	False	True	True	0.1999999999999999	False	False	transferred	0.137	3-(butan-2-yl)-1,7,10-trihydroxy-5,9,21-trimethyl-16-(2-methylpropyl)-6-(propan-2-yl)-3H,4H,5H,6H,9H,12H,13H,14H,16H,17H,19H,20H,21H,21aH-pyrrolo[1,2-d]1-oxa-4,7,10,13,16-pentaazacyclononadecane-4,14,17-trione	C30H51N5O7	Amino acids and Peptides	Linear peptides			
2351	1011.4755	1.896	salamandrivorans_liq_Zoospore_vs_spore_Zoospore	2.6872684699510923	0.0184275356233028	False	False	True	True	0.1999999999999999	True	False	transferred	0.117	H-Ala-Pro-Gly-Asn-Phe-Leu-Gln-Ser-Arg-al	C48H62N14O11	Amino acids and Peptides	Cyclic peptides			
2335	329.699	2.405	salamandrivorans_liq_Zoospore_vs_spore_Zoospore	2.521403177415884	0.0184275356233028	False	False	True	True	0.1999999999999999	True	False									
1902	819.0829	2.507	salamandrivorans_liq_Zoospore_vs_spore_Zoospore	2.0739320091282814	0.0184275356233028	False	False	True	True	0.1999999999999999	True	False	native			C20H34N6O21P4					
8074	525.3403	0.573	salamandrivorans_liq_Zoospore_vs_spore_Zoospore	1.945209287634512	0.0184275356233028	False	False	True	True	0.1999999999999999	True	False	native	0.061		C25H44N6O6	Amino acids and Peptides	Cyclic peptides			
4908	1302.5951	2.745	salamandrivorans_liq_Zoospore_vs_spore_Zoospore	1.7883401536524668	0.0184275356233028	False	False	True	True	0.1999999999999999	True	False									
3890	608.3377	2.072	salamandrivorans_liq_Zoospore_vs_spore_Zoospore	1.720972742286098	0.0184275356233028	False	False	True	True	0.1999999999999999	True	False	native	0.1	L-Leucyl-L-prolyl-L-leucyl-L-prolyl-L-phenylalanine	C28H51N5O7	Amino acids and Peptides	Cyclic peptides			
6496	713.3577	1.063747	salamandrivorans_liq_Zoospore_vs_spore_Zoospore	1.469928702613004	0.0184275356233028	False	False	True	True	0.1999999999999999	True	False									
2653	772.4196	3.164168	salamandrivorans_liq_Zoospore_vs_spore_Zoospore	1.406541166712324	0.0184275356233028	False	False	True	True	0.1999999999999999	True	False	native	0.26	Titykf	C38H57N7O10	Amino acids and Peptides	Cyclic peptides			
6433	680.3218	1.387	salamandrivorans_liq_Zoospore_vs_spore_Zoospore	0.91690655407844	0.0184275356233028	False	False	True	True	0.1999999999999999	True	False	native	0.04	5-methoxycarbonylpentyl 4,6-dideoxy-4-formamido-2-O-methyl-alpha-D-mannopyranosyl-(1->2)-4,6-dideoxy-4-formamido-alpha-D-mannopyranosyl-(1->3)-4,6-dideoxy-4-formamido-alpha-D-mannopyranoside	C29H45N9O10	Carbohydrates	Linear peptides			
93	838.4416	2.971096	salamandrivorans_liq_Zoospore_vs_spore_Zoospore	3.2892751707019747	0.0184275356233028	False	False	True	True	0.0	True	False	transferred	0.314	cyclo[Ala-Leu-D-N(Me)Phe-Pro-Sar-Phe-N(Me)Tyr]	C41H59N9O10	Amino acids and Peptides	Cyclic peptides			
2262	543.9145	1.942	salamandrivorans_liq_Zoospore_vs_spore_Zoospore	2.5425766821916764	0.0184275356233028	False	False	True	True	0.0	False	False	native		N-[2-(2-amino-5-oxo-4,5-dihydro-1H-imidazol-4-yl)ethyl]-7,9-dibromo-10-hydroxy-8-methoxy-1-oxa-2-azaspiro[4.5]deca-2,6,8-triene-3-carboxamide	C15H17Br2N5O5	Amino acids and Peptides	Tripeptides			
1973	830.8821	2.681	salamandrivorans_liq_Zoospore_vs_spore_Zoospore	2.2623508336448337	0.0184275356233028	False	False	True	True	0.0	True	False	native			C20H30Br4N6O10					
743	690.3633	0.841247	salamandrivorans_liq_Zoospore_vs_spore_Zoospore	1.8010085159605127	0.0184275356233028	False	False	True	True	0.0	True	False	transferred	0.079	Pyloricidin A2	C32H53N5O10	Amino acids and Peptides	Tripeptides			
4666	575.7984	2.921862	salamandrivorans_liq_Zoospore_vs_spore_Zoospore	1.4567651273376283	0.0184275356233028	False	False	True	True	0.0	True	False	native			C9H17As2Cl4N3O4S					
15670	366.213	0.953	salamandrivorans_liq_Zoospore_vs_spore_Zoospore	1.4541389562296438	0.0184275356233028	False	False	True	True	0.0	False	False	transferred	0.737	1-[2-[(2-amino-3-methylpentanoyl)amino]-3-(1H-imidazol-5-yl)propanoyl]pyrrolidine-2-carboxylic acid	C17H27N5O4	Amino acids and Peptides	Tripeptides			
1172	551.2921	1.437515	salamandrivorans_liq_Zoospore_vs_spore_Zoospore	1.2564529635743398	0.0184275356233028	False	False	True	True	0.0	False	False	native	0.141	2-Amino-8-Oxo-9-Hydroxydecanoic Acid	C27H42N4O6S	Amino acids and Peptides	Tripeptides			
5984	576.2977	2.921	salamandrivorans_liq_Zoospore_vs_spore_Zoospore	1.122083260670536	0.0184275356233028	False	False	True	True	0.0	True	False	native	0.692	H-Val-Pro-Pro-Leu-Glu-OH	C30H37N7O5	Amino acids and Peptides	Tripeptides			
365	366.2128	0.5835	salamandrivorans_liq_Zoospore_vs_spore_Zoospore	1.0635477153077852	0.0184275356233028	False	False	True	True	0.0	False	False	transferred	0.707	1-[2-[(2-amino-3-methylpentanoyl)amino]-3-(1H-imidazol-5-yl)propanoyl]pyrrolidine-2-carboxylic acid	C17H27N5O4	Amino acids and Peptides	Tripeptides			
1029	662.3265	1.61	salamandrivorans_liq_Zoospore_vs_spore_Zoospore	0.996297385222766	0.0184275356233028	False	False	True	True	0.0	False	False	transferred	0.159	Apicidin	C32H45N7O7	Amino acids and Peptides	Cyclic peptides			
1765	994.1571	2.664	salamandrivorans_liq_Zoospore_vs_spore_Zoospore	0.815739886103112	0.0184275356233028	False	False	True	True	0.0	False	False									
2221	851.417	2.025	salamandrivorans_liq_Zoospore_vs_spore_Zoospore	0.5283020686928654	0.0184275356233028	False	False	True	True	0.0	False	False	native	0.708		C43H58N6O12	Amino acids and Peptides	Cyclic peptides			
3232	986.5444	3.969294	salamandrivorans_liq_Developed_vs_spore_Developed	7.455692106555083	0.0185117977865453	False	False	True	True	0.3999999999999999	True	False									
5276	551.2987	3.065559	salamandrivorans_liq_Developed_vs_spore_Developed	2.128991725852897	0.0224628378970661	False	False	True	True	0.3	False	False	native	0.758	L-Arginine, N2-(1-(N2-L-leucyl-L-lysyl)-L-prolyl)-	C21H40N10O6	Amino acids and Peptides	Tripeptides			
30376	263.1428	1.030418	salamandrivorans_liq_Developed_vs_spore_Developed	1.0231808475882085	0.0255925807433946	False	False	True	True	0.1999999999999999	False	False	native	0.161		C11H19FN2O4	Amino acids and Peptides	Dipeptides			
11766	618.307	2.027	salamandrivorans_liq_Developed_vs_spore_Developed	5.306240175992764	0.0285884137407402	False	False	True	True	0.5	True	False									
3668	1200.5646	2.922625	salamandrivorans_liq_Developed_vs_spore_Developed	7.846271104344727	0.0336978189829124	False	False	True	True	0.2999999999999999	True	False	native	0.056	H-2Abz-Glu-Thr-Leu-Phe-Gln-Gly-Pro-Val-Phe(4-NO2)-NH2	C73H83N3O10	Amino acids and Peptides	Cyclic peptides			
16240	362.3256	6.489013	salamandrivorans_liq_Developed_vs_spore_Developed	1.170953636261355	0.0351695509978466	False	False	True	True	0.0	False	True	native	0.737	2-Amino-1,3,4,5-Icosanetetrol	C20H43NO4	Fatty acids	Sphingoid bases			
3692	879.42	3.480143	salamandrivorans_liq_Zoospore_vs_spore_Zoospore	2.008243627654266	0.0358167334064495	False	False	True	True	0.4	True	False	native	0.738	2-[(2S,5S,8S,11S,14S,17S,20S,23S)-20-(2-amino-2-oxoethyl)-11-(4-azaniumylbutyl)-14-[(2S)-butan-2-yl]-17-(carboxylatomethyl)-5-(hydroxymethyl)-8-methyl-23-(2-methylpropyl)-3,6,9,12,15,18,21,24-octaoxo-1,4,7,10,13,16,19,22-octazacyclotetracos-2-yl]acetate	C44H54N12O8	Amino acids and Peptides	Cyclic peptides			
526	506.9103	1.912	salamandrivorans_liq_Zoospore_vs_spore_Zoospore	2.3553848953699688	0.0358167334064495	False	False	True	True	0.1999999999999999	False	False	native			C12H17Br2ClN4O4S					
145	685.3927	2.651099	salamandrivorans_liq_Zoospore_vs_spore_Zoospore	1.8772809838808744	0.0358167334064495	False	False	True	True	0.0	True	False	native	0.055	Pseudoxylallemycin B	C35H52N6O8	Amino acids and Peptides	Cyclic peptides			
2644	908.4543	1.884	salamandrivorans_liq_Zoospore_vs_spore_Zoospore	1.095467966677966	0.0358167334064495	False	False	True	True	0.0	True	False	native	0.569	H-Pro-Phe-Arg-Ala-Val-Ala-Glu-Pro-OH	C49H61N7O10	Amino acids and Peptides	Cyclic peptides			
633	678.3247	1.408114	salamandrivorans_liq_Zoospore_vs_spore_Zoospore	0.8604846291974756	0.0358167334064495	False	False	True	True	0.0	False	False	transferred	0.168	H-Leu-Val-His-Ser-Ser-Asn-OH	C27H45N9O10	Amino acids and Peptides	Tripeptides			
2205	714.3782	2.863234	salamandrivorans_liq_Developed_vs_spore_Developed	3.1447315096126367	0.0376888638010022	False	False	True	True	-0.1999999999999999	True	False	native	0.684	cyclo[Ala-Ser-Pro-D-Thr-Pro-Phe-Ile]	C35H51N7O9	Amino acids and Peptides	Cyclic peptides			
9047	288.2542	3.783025	salamandrivorans_liq_Developed_vs_spore_Developed	4.461388410328478	0.0402386038068077	False	False	True	True	0.3999999999999999	True	False	native	0.173	N,N-Bis(2-Hydroxyethyl)Dodecanamide	C16H33NO3	Fatty acids	N-acyl amines			
1303	318.3011	6.505041	salamandrivorans_liq_Developed_vs_spore_Developed	1.6002689343724574	0.044376467063338	False	False	True	True	0.0	False	True	transferred	0.612	Phytosphingosine	C18H39NO3	Fatty acids	Sphingoid bases			
658	679.3564	1.128645	salamandrivorans_liq_Developed_vs_spore_Developed	2.632749945761618	0.0445281034419719	False	False	True	True	0.0999999999999999	True	False	transferred	0.265	Similanamide	C32H48N8O7	Amino acids and Peptides	Cyclic peptides			
19190	837.1171	4.591107	salamandrivorans_liq_Developed_vs_spore_Developed	1.4627722546636468	0.0471563583720645	False	False	True	True	0.5	True	False									
18196	642.8496	3.888654	salamandrivorans_liq_Developed_vs_spore_Developed	3.355288909932596	0.0475563282024067	False	False	True	True	0.5	False	False	native			C19H22Br4N2O3					
17679	466.2497	2.14833	salamandrivorans_liq_Developed_vs_spore_Developed	4.238344025349622	0.0478363533807944	False	False	True	True	0.5	True	False	native	0.332	Phenylalanyl-glycyl-leucyl-methioninamide	C22H32FN5O5	Amino acids and Peptides	Tripeptides			
17887	412.2243	2.165	salamandrivorans_liq_Developed_vs_spore_Developed	4.279420926961944	0.048149021391916	False	False	True	True	0.4	False	False	native	0.312	benzyl N-[(1S)-1-{[(1R)-2-(tert-butoxy)-1-cyanoethyl]carbamoyl}-3-methylbutyl]carbamate	C19H33N3O5Si	Amino acids and Peptides	Dipeptides			
15494	316.2853	4.725719	salamandrivorans_liq_Developed_vs_spore_Developed	1.090341617189851	0.0484625709387733	False	False	True	True	0.5	True	True	native	0.066	N,N-Bis(2-hydroxyethyl)tetradecanamide	C18H37NO3	Fatty acids	Sphingoid bases			
4481	907.4579	2.074	salamandrivorans_liq_Developed_vs_spore_Developed	5.23403741649958	0.0489065024022935	False	False	True	True	0.5	True	False	transferred	0.141	H-Gly-Leu-Leu-Gly-Ser-Pro-Val-Arg-Ala-OH	C44H62N10O11	Amino acids and Peptides	Cyclic peptides			
14137	771.7584	3.602662	salamandrivorans_liq_Developed_vs_spore_Developed	3.462998222207597	0.0496686137325648	False	False	True	True	0.5	True	False	native			C46H98N4O4					
12033	849.4392	1.193153	salamandrivorans_liq_Developed_vs_spore_Developed	6.990603487789816	0.0001765838201198	False	False	True	False	1.0	True	False	native	0.938	H-Ile-Ala-Gly-Cys-Gly-Asp-Ala-Gly-Glu-Gly-OH	C35H48N10O15	Amino acids and Peptides	Cyclic peptides			
18490	684.3799	3.04775	salamandrivorans_liq_Developed_vs_spore_Developed	6.57690028247252	0.0001765838201198	False	False	True	False	1.0	True	False	native	0.065	cyclopentyl N-[(2S)-1-[(2S,4R)-2-[[(2S)-4-amino-1-cyclopropyl-3,4-dioxobutan-2-yl]carbamoyl]-4-[(E)-1-(4-methoxy-3,5-dimethylphenyl)ethylideneamino]oxy-4-methylpyrrolidin-1-yl]-3,3-dimethyl-1-oxobutan-2-yl]carbamate	C36H53N5O8	Amino acids and Peptides	Cyclic peptides	Laxaphycin_D_47962_dereplictor_pv_2.7753e-14 [M+2H]2+	0.7591	11.0
19535	977.9745	2.833191	salamandrivorans_liq_Developed_vs_spore_Developed	5.764882124797783	0.0001765838201198	False	False	True	False	1.0	True	False	native	0.362	H-Ser-Met-Pro-Glu-Leu-Ser-Pro-Val-Leu-al	C39H63N17O13	Amino acids and Peptides	Cyclic peptides			
30541	927.4396	3.985	salamandrivorans_liq_Developed_vs_spore_Developed	4.764802732849387	0.0001765838201198	False	False	True	False	1.0	True	False	native	0.744	H-Val-Pro-Pro-Phe-Ile-Gln-Pro-Glu-OH	C45H67N9O12	Amino acids and Peptides	Tripeptides			
25100	563.3274	4.195	salamandrivorans_liq_Developed_vs_spore_Developed	4.267052688244263	0.0001765838201198	False	False	True	False	1.0	True	False	native			C11H19Br4FN2O3					
34956	774.9276	4.401	salamandrivorans_liq_Developed_vs_spore_Developed	3.1410040718032444	0.0001765838201198	False	False	True	False	1.0	True	False									
10456	522.2657	1.104407	salamandrivorans_liq_Developed_vs_spore_Developed	6.740351511271067	0.0001765838201198	False	False	True	False	0.9	True	False	native			C5H11Br4N5O4					
17208	765.4115	3.392915	salamandrivorans_liq_Developed_vs_spore_Developed	5.767869932661292	0.0001765838201198	False	False	True	False	0.9	True	False	native	0.076	cyclo[Gly-Ile-Leu-Unk-Ser-Ile-Ile-Leu]	C37H64N8O9	Amino acids and Peptides	Cyclic peptides			
12467	798.3779	0.7675	salamandrivorans_liq_Developed_vs_spore_Developed	6.5920875815739794	0.0001765838201198	False	False	True	False	0.8	True	False	native	0.088	H-Val-Tyr-Ile-His-Pro-Phe-al	C36H54N8O11	Amino acids and Peptides	Linear peptides			
13084	705.3248	1.929508	salamandrivorans_liq_Developed_vs_spore_Developed	6.734142323300524	0.0001765838201198	False	False	True	False	0.7	True	False									
12338	721.3185	1.627	salamandrivorans_liq_Developed_vs_spore_Developed	1.9849612768917844	0.0001765838201198	False	False	True	False	0.0999999999999999	True	False	native	0.002	Methyl 5-ethyl-2-[5-ethyl-2-[[[5-ethyl-2-[5-ethyl-2-[5-ethyl-2-[[(2-methylpropan-2-yl)oxycarbonylamino]methyl]-1,3-oxazol-4-yl]-1,3-oxazol-4-yl]-1,3-oxazole-4-carbonyl]amino]methyl]-1,3-oxazol-4-yl]-1,3-oxazole-4-carboxylate	C30H43N9O12	Amino acids and Peptides	Cyclic peptides			
17572	647.3322	3.493959	salamandrivorans_liq_Developed_vs_spore_Developed	1.9447951002532904	0.0001765838201198	False	False	True	False	0.0999999999999999	True	False	native			C40H85N3O					
5461	384.8732	2.2135	salamandrivorans_liq_Developed_vs_spore_Developed	2.7559976857807773	0.0001765838201198	False	False	True	False	0.0	True	False	native	0.494	H-DL-Val-DL-Pro-DL-Ala-DL-Val-OH	C18H32N4O5	Amino acids and Peptides	Tripeptides			
22558	288.2166	2.781	salamandrivorans_liq_Developed_vs_spore_Developed	5.441403392656977	0.0004638344108538	False	False	True	False	0.8	True	False									
20352	771.92	3.7838	salamandrivorans_liq_Developed_vs_spore_Developed	4.840468153409228	0.0005809761155726	False	False	True	False	0.9	True	False	native	0.694	(2S)-1-[(2S)-2-[[(2S)-2-[[(2S)-2-[[(2S)-2-[[(2S)-2,6-diaminohexanoyl]amino]-4-methyl-pentanoyl]amino]-3-phenyl-propanoyl]amino]-3-methyl-butanoyl]amino]-3-phenyl-propanoyl]pyrrolidine-2-carboxylic acid	C32H57N11O11	Amino acids and Peptides	Cyclic peptides			
33804	1003.5738	4.51672	salamandrivorans_liq_Developed_vs_spore_Developed	3.622809928551544	0.0005809761155726	False	False	True	False	0.9	True	False	native	0.537	H-Val-Thr-Thr-Asp-Ile-Gln-Val-Lys-Val-OH	C62H75N5O7	Amino acids and Peptides	Cyclic peptides			
14121	525.312	2.250065	salamandrivorans_liq_Developed_vs_spore_Developed	1.103305385367862	0.0005809761155726	False	False	True	False	0.0999999999999999	True	False	native	0.347	1-(1-{2-[(3-amino-1,2-dihydroxy-4-phenylbutylidene)amino]-4-methylpentanoyl}pyrrolidine-2-carbonyl)pyrrolidine-2-carboxylic acid	C28H36N4O6	Amino acids and Peptides	Cyclic peptides			
7745	385.2105	2.172527	salamandrivorans_liq_Developed_vs_spore_Developed	2.2518920645710487	0.0005809761155726	False	False	True	False	0.0	False	False									
20153	1029.5155	2.714	salamandrivorans_liq_Developed_vs_spore_Developed	6.189990682076144	0.0006631540978736	False	False	True	False	0.8	True	False									
8966	440.249	0.587	salamandrivorans_liq_Developed_vs_spore_Developed	6.255875298342499	0.0007733684409005	False	False	True	False	0.9	True	False	native	0.653	H-DL-Glu-DL-Pro-DL-Val-DL-Pro-OH	C20H32N4O7	Amino acids and Peptides	Tripeptides			
23903	245.1406	2.824	salamandrivorans_liq_Developed_vs_spore_Developed	4.675840904827282	0.001366076014993	False	False	True	False	0.7	True	False	native	0.997	3-benzyl-octahydropyrrolo[1,2-a]pyrazine-1,4-dione	C14H16N2O2	Amino acids and Peptides	Dipeptides	cyclo(L-Phe-D-Pro) [M+H]+	0.9123	10.0
21492	645.8505	3.876	salamandrivorans_liq_Developed_vs_spore_Developed	4.253040517471451	0.0016896894322125	False	False	True	False	0.8	True	False	native			C40H85N3O					
26069	839.4332	4.328102	salamandrivorans_liq_Developed_vs_spore_Developed	4.477216938780596	0.001769089207399	False	False	True	False	0.8	True	False	native	0.118	Cherimolacyclopeptide A	C38H63N9O10S	Amino acids and Peptides	Linear peptides			
32391	485.2764	1.071716	salamandrivorans_liq_Developed_vs_spore_Developed	4.163752259395552	0.0018936021900605	False	False	True	False	0.8	True	False	native	0.961	H-Ala-Pro-Glu-Ala-Val-OH	C18H36FN5O9	Amino acids and Peptides	Tripeptides			
31040	428.2135	1.272618	salamandrivorans_liq_Developed_vs_spore_Developed	1.25724244351627	0.0024533879688994	False	False	True	False	0.4	True	False	native	0.508	H-DL-Gln-DL-Leu-DL-Pro-DL-Ala-OH	C19H33N5O6	Amino acids and Peptides	Tripeptides			
20388	485.3069	0.842	salamandrivorans_liq_Developed_vs_spore_Developed	2.865654309698753	0.0029348773448519	False	False	True	False	0.4	True	False	native	0.945	H-Ala-Pro-Glu-Ala-Val-OH	C21H35N5O8	Amino acids and Peptides	Tripeptides			
27442	843.4593	3.682704	salamandrivorans_liq_Developed_vs_spore_Developed	4.7509006520051	0.0034271861116482	False	False	True	False	0.8	True	False	native	0.638	H-Pro-Ala-Pro-Lys-Pro-Ala-Pro-Lys-OH	C37H62N8O14	Amino acids and Peptides	Cyclic peptides			
17792	765.4212	3.437442	salamandrivorans_liq_Developed_vs_spore_Developed	4.97987965656138	0.0048083879188171	False	False	True	False	0.6	True	False	native	0.056	Almiramide A	C37H64N8O9	Amino acids and Peptides	Cyclic peptides			
5816	737.4334	3.555	salamandrivorans_liq_Developed_vs_spore_Developed	5.613189426059676	0.0050067811186312	False	False	True	False	0.6000000000000001	True	False									
16028	765.377	3.483778	salamandrivorans_liq_Developed_vs_spore_Developed	6.41454425204099	0.0058882160617605	False	False	True	False	0.7	True	False	native	0.12	Almiramide A	C37H64N8O9	Amino acids and Peptides	Cyclic peptides			
13334	527.2646	0.960275	salamandrivorans_liq_Developed_vs_spore_Developed	5.755360516459605	0.0063935322477189	False	False	True	False	0.7	True	False	native	0.213	H-DL-xiIle-DL-Val-DL-Ser-DL-Leu-Gly-OH	C25H37N5O6	Amino acids and Peptides	Tripeptides			
22251	495.7596	3.029747	salamandrivorans_liq_Developed_vs_spore_Developed	5.342649030009056	0.0063935322477189	False	False	True	False	0.7	True	False	native	0.499	methyl 2-[2-(2-{[(tert-butoxy)carbonyl]amino}-4-methylpentanamido)-4-methylpentanamido]-3-methylbutanoate	C23H37N5O7	Amino acids and Peptides	Tripeptides			
11494	317.1888	2.662	salamandrivorans_liq_Developed_vs_spore_Developed	5.1048149958087645	0.0073561061649209	False	False	True	False	0.7	True	False	native	0.885	2-(2-amino-4-methylpentanamido)-3-(1H-indol-3-yl)propanoic acid	C17H23N3O3	Amino acids and Peptides	Dipeptides	Spectral Match to Ile-Trp from NIST14 [M+H]+	0.8537	12.0
4725	675.391	2.40802	salamandrivorans_liq_Developed_vs_spore_Developed	1.1704321568558929	0.0108587573967865	False	False	True	False	0.0	False	False	native	0.628	2-({1-[2-({1-[2-(2-amino-3-methylbutanamido)-4-methylpentanoyl]pyrrolidin-2-yl}formamido)-3-methylbutanoyl]pyrrolidin-2-yl}formamido)-4-carbamoylbutanoic acid	C33H51N7O8	Amino acids and Peptides	Tripeptides			
16072	697.3191	0.746	salamandrivorans_liq_Developed_vs_spore_Developed	0.8678762600362703	0.0131720953316335	False	False	True	False	0.0	False	False	native	0.039	Z-Val-Asp(OMe)-Val-Ala-DL-Asp(OMe)-fluoromethylketone	C32H47N7O9	Amino acids and Peptides	Depsipeptides			
23958	989.5076	3.435444	salamandrivorans_liq_Developed_vs_spore_Developed	5.047430105073032	0.0180333238977148	False	False	True	False	0.6	True	False									
16302	635.8816	3.475655	salamandrivorans_liq_Zoospore_vs_spore_Zoospore	5.312821519373454	0.0184275356233028	False	False	True	False	1.0	False	False	native	0.879	2-({1-[2-({1-[2-amino-3-(4-hydroxyphenyl)propanoyl]pyrrolidin-2-yl}formamido)-3-methylpentanoyl]pyrrolidin-2-yl}formamido)-3-phenylpropanoic acid	C34H45N5O7	Amino acids and Peptides	Anabaenopeptins			
11380	646.8218	1.722	salamandrivorans_liq_Developed_vs_spore_Developed	2.4351142847496696	0.018557996032069	False	False	True	False	0.1	True	False									
964	885.4514	2.04	salamandrivorans_liq_Developed_vs_spore_Developed	9.66422890585187	0.0001765838201198	False	False	False	False	1.0	True	False									
4375	656.3473	1.771	salamandrivorans_liq_Developed_vs_spore_Developed	8.638462976001092	0.0001765838201198	False	False	False	False	1.0	True	False									
3471	715.8376	2.456603	salamandrivorans_liq_Developed_vs_spore_Developed	8.566134158471662	0.0001765838201198	False	False	False	False	1.0	True	False									
4813	344.2419	2.326	salamandrivorans_liq_Developed_vs_spore_Developed	8.431738709003923	0.0001765838201198	False	False	False	False	1.0	True	False									
4914	843.3309	1.707	salamandrivorans_liq_Developed_vs_spore_Developed	8.398076096774098	0.0001765838201198	False	False	False	False	1.0	True	False									
4708	1008.4905	2.832948	salamandrivorans_liq_Developed_vs_spore_Developed	8.29322170234129	0.0001765838201198	False	False	False	False	1.0	True	False									
4967	432.2077	0.58225	salamandrivorans_liq_Developed_vs_spore_Developed	8.239186321246434	0.0001765838201198	False	False	False	False	1.0	True	False									
6435	604.2175	2.168	salamandrivorans_liq_Developed_vs_spore_Developed	8.191152605736399	0.0001765838201198	False	False	False	False	1.0	True	False									
6339	999.3887	1.5315	salamandrivorans_liq_Developed_vs_spore_Developed	8.029170847250201	0.0001765838201198	False	False	False	False	1.0	True	False									
5189	672.2994	0.603	salamandrivorans_liq_Developed_vs_spore_Developed	8.023766778527259	0.0001765838201198	False	False	False	False	1.0	True	False									
4249	716.3392	2.446	salamandrivorans_liq_Developed_vs_spore_Developed	8.021903610906321	0.0001765838201198	False	False	False	False	1.0	True	False									
3975	537.7424	2.73	salamandrivorans_liq_Developed_vs_spore_Developed	7.999468882524441	0.0001765838201198	False	False	False	False	1.0	True	False									
6605	548.2175	1.011852	salamandrivorans_liq_Developed_vs_spore_Developed	7.992390380581693	0.0001765838201198	False	False	False	False	1.0	True	False									
3918	456.7308	0.58675	salamandrivorans_liq_Developed_vs_spore_Developed	7.933035304894153	0.0001765838201198	False	False	False	False	1.0	True	False									
6392	1164.6948	4.218	salamandrivorans_liq_Developed_vs_spore_Developed	7.907736142384297	0.0001765838201198	False	False	False	False	1.0	True	False									
10813	573.2845	0.584751	salamandrivorans_liq_Developed_vs_spore_Developed	7.869362340151237	0.0001765838201198	False	False	False	False	1.0	True	False									
6872	711.3273	1.434	salamandrivorans_liq_Developed_vs_spore_Developed	7.86631099660699	0.0001765838201198	False	False	False	False	1.0	True	False									
5552	880.3596	2.744	salamandrivorans_liq_Developed_vs_spore_Developed	7.809285159756882	0.0001765838201198	False	False	False	False	1.0	True	False									
6200	1220.5592	1.7225	salamandrivorans_liq_Developed_vs_spore_Developed	7.802889521643964	0.0001765838201198	False	False	False	False	1.0	True	False									
4264	630.2982	0.67625	salamandrivorans_liq_Developed_vs_spore_Developed	7.7931732251985455	0.0001765838201198	False	False	False	False	1.0	True	False									
5113	544.2456	0.5975	salamandrivorans_liq_Developed_vs_spore_Developed	7.791436519752726	0.0001765838201198	False	False	False	False	1.0	True	False									
9058	630.29	0.680485	salamandrivorans_liq_Developed_vs_spore_Developed	7.715419667651086	0.0001765838201198	False	False	False	False	1.0	True	False									
8668	983.4432	2.9405	salamandrivorans_liq_Developed_vs_spore_Developed	7.693309149804032	0.0001765838201198	False	False	False	False	1.0	True	False									
8369	644.2892	0.79625	salamandrivorans_liq_Developed_vs_spore_Developed	7.546309753082117	0.0001765838201198	False	False	False	False	1.0	True	False									
5215	691.3791	3.393612	salamandrivorans_liq_Developed_vs_spore_Developed	7.5390582303932225	0.0001765838201198	False	False	False	False	1.0	True	False									
7726	715.3507	1.258404	salamandrivorans_liq_Developed_vs_spore_Developed	7.507417097651093	0.0001765838201198	False	False	False	False	1.0	True	False									
8636	747.3332	1.009037	salamandrivorans_liq_Developed_vs_spore_Developed	7.486984239072857	0.0001765838201198	False	False	False	False	1.0	True	False									
9603	1180.557	2.556	salamandrivorans_liq_Developed_vs_spore_Developed	7.427166602428583	0.0001765838201198	False	False	False	False	1.0	True	False									
8236	882.3966	0.591	salamandrivorans_liq_Developed_vs_spore_Developed	7.393144208532769	0.0001765838201198	False	False	False	False	1.0	True	False									
10437	1139.571	2.088936	salamandrivorans_liq_Developed_vs_spore_Developed	7.370133181257604	0.0001765838201198	False	False	False	False	1.0	True	False									
7704	1180.6781	2.699457	salamandrivorans_liq_Developed_vs_spore_Developed	7.361767118022131	0.0001765838201198	False	False	False	False	1.0	True	False									
6614	425.2246	2.134864	salamandrivorans_liq_Developed_vs_spore_Developed	7.3616070177932755	0.0001765838201198	False	False	False	False	1.0	True	False									
13052	702.3063	2.389	salamandrivorans_liq_Developed_vs_spore_Developed	7.353622750595606	0.0001765838201198	False	False	False	False	1.0	True	False									
8607	954.4329	0.892982	salamandrivorans_liq_Developed_vs_spore_Developed	7.341002177511152	0.0001765838201198	False	False	False	False	1.0	True	False									
9148	516.2887	2.763	salamandrivorans_liq_Developed_vs_spore_Developed	7.333282381183491	0.0001765838201198	False	False	False	False	1.0	True	False									
7997	1181.5624	2.54	salamandrivorans_liq_Developed_vs_spore_Developed	7.328149720734516	0.0001765838201198	False	False	False	False	1.0	True	False									
8373	1010.4501	0.887195	salamandrivorans_liq_Developed_vs_spore_Developed	7.314072126757727	0.0001765838201198	False	False	False	False	1.0	True	False									
8484	876.3365	1.35	salamandrivorans_liq_Developed_vs_spore_Developed	7.305151308495775	0.0001765838201198	False	False	False	False	1.0	True	False									
7933	693.3481	1.5325	salamandrivorans_liq_Developed_vs_spore_Developed	7.299970953643435	0.0001765838201198	False	False	False	False	1.0	True	False									
5801	838.372	0.5875	salamandrivorans_liq_Developed_vs_spore_Developed	7.294048901095268	0.0001765838201198	False	False	False	False	1.0	True	False									
10509	1048.5151	2.152	salamandrivorans_liq_Developed_vs_spore_Developed	7.293004283281275	0.0001765838201198	False	False	False	False	1.0	True	False									
7599	716.3476	0.961383	salamandrivorans_liq_Developed_vs_spore_Developed	7.287735027357015	0.0001765838201198	False	False	False	False	1.0	True	False									
10849	302.1346	1.66	salamandrivorans_liq_Developed_vs_spore_Developed	7.281906638002433	0.0001765838201198	False	False	False	False	1.0	True	False									
7421	943.3976	3.276	salamandrivorans_liq_Developed_vs_spore_Developed	7.272874282099274	0.0001765838201198	False	False	False	False	1.0	True	False									
7687	414.8848	1.644	salamandrivorans_liq_Developed_vs_spore_Developed	7.268783870851384	0.0001765838201198	False	False	False	False	1.0	True	False									
7742	655.3817	1.4045	salamandrivorans_liq_Developed_vs_spore_Developed	7.265397834109935	0.0001765838201198	False	False	False	False	1.0	True	False									
11345	740.3945	2.057	salamandrivorans_liq_Developed_vs_spore_Developed	7.265220711657632	0.0001765838201198	False	False	False	False	1.0	True	False									
4290	586.2653	1.707	salamandrivorans_liq_Developed_vs_spore_Developed	7.250133166308234	0.0001765838201198	False	False	False	False	1.0	True	False									
5890	1281.6681	3.29	salamandrivorans_liq_Developed_vs_spore_Developed	7.219952845030344	0.0001765838201198	False	False	False	False	1.0	True	False									
10379	652.4005	3.213893	salamandrivorans_liq_Developed_vs_spore_Developed	7.208762138570983	0.0001765838201198	False	False	False	False	1.0	True	False									
13120	1209.601	2.173	salamandrivorans_liq_Developed_vs_spore_Developed	7.197223630005898	0.0001765838201198	False	False	False	False	1.0	True	False									
12707	1145.0669	2.779	salamandrivorans_liq_Developed_vs_spore_Developed	7.189667596247394	0.0001765838201198	False	False	False	False	1.0	True	False									
8077	768.3633	0.856	salamandrivorans_liq_Developed_vs_spore_Developed	7.140363816202889	0.0001765838201198	False	False	False	False	1.0	True	False									
9414	954.4192	0.815	salamandrivorans_liq_Developed_vs_spore_Developed	7.1267828002699165	0.0001765838201198	False	False	False	False	1.0	True	False									
9177	886.9733	3.202478	salamandrivorans_liq_Developed_vs_spore_Developed	7.1238426476992975	0.0001765838201198	False	False	False	False	1.0	True	False									
6394	804.3813	0.637	salamandrivorans_liq_Developed_vs_spore_Developed	7.123508209164958	0.0001765838201198	False	False	False	False	1.0	True	False									
8737	936.4889	3.022989	salamandrivorans_liq_Developed_vs_spore_Developed	7.10378265907522	0.0001765838201198	False	False	False	False	1.0	True	False									
7506	828.4233	3.173182	salamandrivorans_liq_Developed_vs_spore_Developed	7.102314809404407	0.0001765838201198	False	False	False	False	1.0	True	False									
10213	769.8356	1.6355	salamandrivorans_liq_Developed_vs_spore_Developed	7.098506804400182	0.0001765838201198	False	False	False	False	1.0	True	False									
26428	981.038	4.261936	salamandrivorans_liq_Developed_vs_spore_Developed	7.096533493126848	0.0001765838201198	False	False	False	False	1.0	True	False									
7358	847.433	3.307	salamandrivorans_liq_Developed_vs_spore_Developed	7.094622163398058	0.0001765838201198	False	False	False	False	1.0	True	False									
6600	492.5729	1.659	salamandrivorans_liq_Developed_vs_spore_Developed	7.092503341135477	0.0001765838201198	False	False	False	False	1.0	True	False									
13685	685.3658	1.707	salamandrivorans_liq_Developed_vs_spore_Developed	7.086731083838279	0.0001765838201198	False	False	False	False	1.0	True	False									
7074	1082.5347	1.675484	salamandrivorans_liq_Developed_vs_spore_Developed	7.07086083246577	0.0001765838201198	False	False	False	False	1.0	True	False									
10512	573.2872	0.647	salamandrivorans_liq_Developed_vs_spore_Developed	7.069757811894947	0.0001765838201198	False	False	False	False	1.0	True	False									
4441	459.3198	0.631766	salamandrivorans_liq_Developed_vs_spore_Developed	7.059908230485783	0.0001765838201198	False	False	False	False	1.0	True	False									
10012	718.285	0.884249	salamandrivorans_liq_Developed_vs_spore_Developed	7.04630646980616	0.0001765838201198	False	False	False	False	1.0	True	False									
12109	1168.5696	3.180337	salamandrivorans_liq_Developed_vs_spore_Developed	7.042230840566195	0.0001765838201198	False	False	False	False	1.0	True	False									
8527	1098.5519	1.47	salamandrivorans_liq_Developed_vs_spore_Developed	7.035545118009422	0.0001765838201198	False	False	False	False	1.0	True	False									
6632	537.7416	2.278	salamandrivorans_liq_Developed_vs_spore_Developed	7.024229485814685	0.0001765838201198	False	False	False	False	1.0	True	False									
8075	465.2637	1.960259	salamandrivorans_liq_Developed_vs_spore_Developed	7.015789764876796	0.0001765838201198	False	False	False	False	1.0	True	False									
8223	831.905	2.084656	salamandrivorans_liq_Developed_vs_spore_Developed	7.0142274480033535	0.0001765838201198	False	False	False	False	1.0	True	False									
7680	936.985	3.01958	salamandrivorans_liq_Developed_vs_spore_Developed	7.000847433940312	0.0001765838201198	False	False	False	False	1.0	True	False									
10140	490.1902	0.882	salamandrivorans_liq_Developed_vs_spore_Developed	6.99588571126894	0.0001765838201198	False	False	False	False	1.0	True	False									
8130	854.3937	1.533	salamandrivorans_liq_Developed_vs_spore_Developed	6.983147299385485	0.0001765838201198	False	False	False	False	1.0	True	False									
8811	693.8519	1.547233	salamandrivorans_liq_Developed_vs_spore_Developed	6.98250412962937	0.0001765838201198	False	False	False	False	1.0	True	False									
13619	864.4545	3.162	salamandrivorans_liq_Developed_vs_spore_Developed	6.974849038572812	0.0001765838201198	False	False	False	False	1.0	True	False									
7917	1090.5543	2.057	salamandrivorans_liq_Developed_vs_spore_Developed	6.972904593679243	0.0001765838201198	False	False	False	False	1.0	True	False									
5563	764.3593	2.026	salamandrivorans_liq_Developed_vs_spore_Developed	6.950182965923864	0.0001765838201198	False	False	False	False	1.0	True	False									
6831	700.2946	2.141619	salamandrivorans_liq_Developed_vs_spore_Developed	6.949827606914584	0.0001765838201198	False	False	False	False	1.0	True	False									
8727	861.3493	0.763	salamandrivorans_liq_Developed_vs_spore_Developed	6.908844827545226	0.0001765838201198	False	False	False	False	1.0	True	False									
13353	1131.4961	1.551	salamandrivorans_liq_Developed_vs_spore_Developed	6.906520657353533	0.0001765838201198	False	False	False	False	1.0	True	False									
13369	1006.4984	1.675	salamandrivorans_liq_Developed_vs_spore_Developed	6.90510291209818	0.0001765838201198	False	False	False	False	1.0	True	False									
8496	827.9251	2.840242	salamandrivorans_liq_Developed_vs_spore_Developed	6.903720091402379	0.0001765838201198	False	False	False	False	1.0	True	False									
14913	798.3201	1.241428	salamandrivorans_liq_Developed_vs_spore_Developed	6.902706256136573	0.0001765838201198	False	False	False	False	1.0	True	False									
12035	570.2496	0.7705	salamandrivorans_liq_Developed_vs_spore_Developed	6.899428074480293	0.0001765838201198	False	False	False	False	1.0	True	False									
11156	650.2778	1.401297	salamandrivorans_liq_Developed_vs_spore_Developed	6.894101261519125	0.0001765838201198	False	False	False	False	1.0	True	False									
12858	571.2318	0.940245	salamandrivorans_liq_Developed_vs_spore_Developed	6.890202293168251	0.0001765838201198	False	False	False	False	1.0	True	False									
10980	941.4532	2.761	salamandrivorans_liq_Developed_vs_spore_Developed	6.889536900450564	0.0001765838201198	False	False	False	False	1.0	True	False									
16166	318.1305	1.674	salamandrivorans_liq_Developed_vs_spore_Developed	6.830518019344436	0.0001765838201198	False	False	False	False	1.0	True	False									
12640	815.3608	1.339	salamandrivorans_liq_Developed_vs_spore_Developed	6.810046168829094	0.0001765838201198	False	False	False	False	1.0	True	False									
10725	941.4651	2.7525	salamandrivorans_liq_Developed_vs_spore_Developed	6.808384261313882	0.0001765838201198	False	False	False	False	1.0	True	False									
10834	713.3028	0.932353	salamandrivorans_liq_Developed_vs_spore_Developed	6.790050315508483	0.0001765838201198	False	False	False	False	1.0	True	False									
14350	656.2869	1.466557	salamandrivorans_liq_Developed_vs_spore_Developed	6.7676114849173	0.0001765838201198	False	False	False	False	1.0	True	False									
12642	603.2769	3.371	salamandrivorans_liq_Developed_vs_spore_Developed	6.761869212626492	0.0001765838201198	False	False	False	False	1.0	True	False									
8687	754.3509	1.77	salamandrivorans_liq_Developed_vs_spore_Developed	6.754771735435348	0.0001765838201198	False	False	False	False	1.0	True	False									
11527	1117.5713	2.299788	salamandrivorans_liq_Developed_vs_spore_Developed	6.742296569224049	0.0001765838201198	False	False	False	False	1.0	True	False									
9841	751.3768	0.5785	salamandrivorans_liq_Developed_vs_spore_Developed	6.731529513873	0.0001765838201198	False	False	False	False	1.0	True	False									
4233	399.2422	3.371	salamandrivorans_liq_Developed_vs_spore_Developed	6.730416709428395	0.0001765838201198	False	False	False	False	1.0	True	False									
10082	1073.4832	1.533	salamandrivorans_liq_Developed_vs_spore_Developed	6.727293320096095	0.0001765838201198	False	False	False	False	1.0	True	False									
10740	693.3393	0.999643	salamandrivorans_liq_Developed_vs_spore_Developed	6.726261701503729	0.0001765838201198	False	False	False	False	1.0	True	False									
16082	942.4317	2.261	salamandrivorans_liq_Developed_vs_spore_Developed	6.719739917417056	0.0001765838201198	False	False	False	False	1.0	True	False									
14549	1533.7328	2.794	salamandrivorans_liq_Developed_vs_spore_Developed	6.715528392308232	0.0001765838201198	False	False	False	False	1.0	True	False									
12363	511.747	1.421625	salamandrivorans_liq_Developed_vs_spore_Developed	6.713773366891664	0.0001765838201198	False	False	False	False	1.0	True	False									
14365	700.275	1.417564	salamandrivorans_liq_Developed_vs_spore_Developed	6.707720759398256	0.0001765838201198	False	False	False	False	1.0	True	False									
8626	1149.5593	3.2685	salamandrivorans_liq_Developed_vs_spore_Developed	6.706223960683133	0.0001765838201198	False	False	False	False	1.0	True	False									
15559	900.4445	3.175551	salamandrivorans_liq_Developed_vs_spore_Developed	6.702173479220914	0.0001765838201198	False	False	False	False	1.0	True	False									
4731	489.3062	3.505322	salamandrivorans_liq_Developed_vs_spore_Developed	6.699639220364893	0.0001765838201198	False	False	False	False	1.0	True	False									
5976	709.3609	3.621866	salamandrivorans_liq_Developed_vs_spore_Developed	6.688013360036079	0.0001765838201198	False	False	False	False	1.0	True	False									
13743	1072.4865	1.481333	salamandrivorans_liq_Developed_vs_spore_Developed	6.687284979287673	0.0001765838201198	False	False	False	False	1.0	True	False									
15080	1088.6112	3.498669	salamandrivorans_liq_Developed_vs_spore_Developed	6.676124772353384	0.0001765838201198	False	False	False	False	1.0	True	False									
11617	1462.7073	2.622	salamandrivorans_liq_Developed_vs_spore_Developed	6.675403090116202	0.0001765838201198	False	False	False	False	1.0	True	False									
20960	508.2013	0.693489	salamandrivorans_liq_Developed_vs_spore_Developed	6.667700262874633	0.0001765838201198	False	False	False	False	1.0	True	False									
10899	746.3637	1.390409	salamandrivorans_liq_Developed_vs_spore_Developed	6.663057429141282	0.0001765838201198	False	False	False	False	1.0	True	False									
14389	1066.4938	1.737	salamandrivorans_liq_Developed_vs_spore_Developed	6.660288564207504	0.0001765838201198	False	False	False	False	1.0	True	False									
18990	685.3497	1.6265	salamandrivorans_liq_Developed_vs_spore_Developed	6.649264610899974	0.0001765838201198	False	False	False	False	1.0	True	False									
5404	728.4352	3.533	salamandrivorans_liq_Developed_vs_spore_Developed	6.648157995305644	0.0001765838201198	False	False	False	False	1.0	True	False									
16877	887.4726	3.189862	salamandrivorans_liq_Developed_vs_spore_Developed	6.646058572263261	0.0001765838201198	False	False	False	False	1.0	True	False									
7521	459.3204	0.766	salamandrivorans_liq_Developed_vs_spore_Developed	6.642986280198951	0.0001765838201198	False	False	False	False	1.0	True	False									
15278	702.8694	3.227	salamandrivorans_liq_Developed_vs_spore_Developed	6.637533653940948	0.0001765838201198	False	False	False	False	1.0	True	False									
14805	863.9579	3.242625	salamandrivorans_liq_Developed_vs_spore_Developed	6.633805475630612	0.0001765838201198	False	False	False	False	1.0	True	False									
12943	812.0259	2.024	salamandrivorans_liq_Developed_vs_spore_Developed	6.62037414794561	0.0001765838201198	False	False	False	False	1.0	True	False									
15474	807.4143	3.3375	salamandrivorans_liq_Developed_vs_spore_Developed	6.6031935106386825	0.0001765838201198	False	False	False	False	1.0	True	False									
10837	900.9692	2.985577	salamandrivorans_liq_Developed_vs_spore_Developed	6.58650413648931	0.0001765838201198	False	False	False	False	1.0	True	False									
11972	759.9005	3.067117	salamandrivorans_liq_Developed_vs_spore_Developed	6.571621970165181	0.0001765838201198	False	False	False	False	1.0	True	False									
12796	715.8491	1.67597	salamandrivorans_liq_Developed_vs_spore_Developed	6.565989787093544	0.0001765838201198	False	False	False	False	1.0	True	False									
3063	815.3267	1.818	salamandrivorans_liq_Developed_vs_spore_Developed	6.5625582796605	0.0001765838201198	False	False	False	False	1.0	True	False									
8717	777.8922	3.465869	salamandrivorans_liq_Developed_vs_spore_Developed	6.561022555622662	0.0001765838201198	False	False	False	False	1.0	True	False									
8869	877.4305	3.961933	salamandrivorans_liq_Developed_vs_spore_Developed	6.560364218973191	0.0001765838201198	False	False	False	False	1.0	True	False									
7030	491.1927	0.582	salamandrivorans_liq_Developed_vs_spore_Developed	6.555986634115567	0.0001765838201198	False	False	False	False	1.0	True	False									
9865	632.3445	3.131	salamandrivorans_liq_Developed_vs_spore_Developed	6.555811908965997	0.0001765838201198	False	False	False	False	1.0	True	False									
9412	953.4751	1.513	salamandrivorans_liq_Developed_vs_spore_Developed	6.553320722127509	0.0001765838201198	False	False	False	False	1.0	True	False									
10593	999.4431	1.628	salamandrivorans_liq_Developed_vs_spore_Developed	6.543730956616979	0.0001765838201198	False	False	False	False	1.0	True	False									
11668	584.3393	1.404	salamandrivorans_liq_Developed_vs_spore_Developed	6.541380590627983	0.0001765838201198	False	False	False	False	1.0	True	False									
14187	1469.6578	1.547733	salamandrivorans_liq_Developed_vs_spore_Developed	6.516505266697331	0.0001765838201198	False	False	False	False	1.0	True	False									
10419	734.355	1.693714	salamandrivorans_liq_Developed_vs_spore_Developed	6.513911969980384	0.0001765838201198	False	False	False	False	1.0	True	False									
16342	1216.6704	3.824628	salamandrivorans_liq_Developed_vs_spore_Developed	6.505989498538978	0.0001765838201198	False	False	False	False	1.0	True	False									
10114	965.4803	0.905665	salamandrivorans_liq_Developed_vs_spore_Developed	6.502405873355967	0.0001765838201198	False	False	False	False	1.0	True	False									
8532	406.2181	2.637609	salamandrivorans_liq_Developed_vs_spore_Developed	6.472191473191379	0.0001765838201198	False	False	False	False	1.0	True	False									
5701	414.7163	0.58	salamandrivorans_liq_Developed_vs_spore_Developed	6.461766263669426	0.0001765838201198	False	False	False	False	1.0	True	False									
18244	852.4745	3.679618	salamandrivorans_liq_Developed_vs_spore_Developed	6.454332426553412	0.0001765838201198	False	False	False	False	1.0	True	False									
11697	710.8268	1.458634	salamandrivorans_liq_Developed_vs_spore_Developed	6.453856727618375	0.0001765838201198	False	False	False	False	1.0	True	False									
15257	881.3534	2.7225	salamandrivorans_liq_Developed_vs_spore_Developed	6.451917757294816	0.0001765838201198	False	False	False	False	1.0	True	False									
12865	784.3378	0.82	salamandrivorans_liq_Developed_vs_spore_Developed	6.446893094101806	0.0001765838201198	False	False	False	False	1.0	True	False									
16146	941.943	2.262742	salamandrivorans_liq_Developed_vs_spore_Developed	6.446255197648847	0.0001765838201198	False	False	False	False	1.0	True	False									
18257	683.3713	1.771	salamandrivorans_liq_Developed_vs_spore_Developed	6.436190592048069	0.0001765838201198	False	False	False	False	1.0	True	False									
15824	928.5224	3.421966	salamandrivorans_liq_Developed_vs_spore_Developed	6.430965103191087	0.0001765838201198	False	False	False	False	1.0	True	False									
8715	730.4206	3.644669	salamandrivorans_liq_Developed_vs_spore_Developed	6.430674448386725	0.0001765838201198	False	False	False	False	1.0	True	False									
9135	763.3984	2.7685	salamandrivorans_liq_Developed_vs_spore_Developed	6.4203394416011	0.0001765838201198	False	False	False	False	1.0	True	False									
13290	425.7288	2.141167	salamandrivorans_liq_Developed_vs_spore_Developed	6.413290222532109	0.0001765838201198	False	False	False	False	1.0	True	False									
13049	1112.4922	1.747313	salamandrivorans_liq_Developed_vs_spore_Developed	6.409777806268498	0.0001765838201198	False	False	False	False	1.0	True	False									
15637	709.3685	1.548	salamandrivorans_liq_Developed_vs_spore_Developed	6.407991366118263	0.0001765838201198	False	False	False	False	1.0	True	False									
15881	960.4465	3.052424	salamandrivorans_liq_Developed_vs_spore_Developed	6.405230121013535	0.0001765838201198	False	False	False	False	1.0	True	False									
15292	422.5633	2.00925	salamandrivorans_liq_Developed_vs_spore_Developed	6.3951663466381286	0.0001765838201198	False	False	False	False	1.0	True	False									
10334	509.2947	0.637	salamandrivorans_liq_Developed_vs_spore_Developed	6.388849894289496	0.0001765838201198	False	False	False	False	1.0	True	False									
16471	866.5289	3.26	salamandrivorans_liq_Developed_vs_spore_Developed	6.372649667131426	0.0001765838201198	False	False	False	False	1.0	True	False									
12228	738.345	1.531385	salamandrivorans_liq_Developed_vs_spore_Developed	6.37057680361577	0.0001765838201198	False	False	False	False	1.0	True	False									
12071	786.3624	0.834175	salamandrivorans_liq_Developed_vs_spore_Developed	6.369765365963705	0.0001765838201198	False	False	False	False	1.0	True	False									
9385	998.4628	1.944	salamandrivorans_liq_Developed_vs_spore_Developed	6.364333098188495	0.0001765838201198	False	False	False	False	1.0	True	False									
15381	937.5192	3.664933	salamandrivorans_liq_Developed_vs_spore_Developed	6.351313743124603	0.0001765838201198	False	False	False	False	1.0	True	False									
8830	393.7459	3.5115	salamandrivorans_liq_Developed_vs_spore_Developed	6.351230252541191	0.0001765838201198	False	False	False	False	1.0	True	False									
12308	810.4379	2.54	salamandrivorans_liq_Developed_vs_spore_Developed	6.346077572550311	0.0001765838201198	False	False	False	False	1.0	True	False									
17199	1293.6383	2.891531	salamandrivorans_liq_Developed_vs_spore_Developed	6.345790809391508	0.0001765838201198	False	False	False	False	1.0	True	False									
13965	503.7767	3.13	salamandrivorans_liq_Developed_vs_spore_Developed	6.3404830745690415	0.0001765838201198	False	False	False	False	1.0	True	False									
15833	833.9143	2.84	salamandrivorans_liq_Developed_vs_spore_Developed	6.322520058452007	0.0001765838201198	False	False	False	False	1.0	True	False									
5157	666.8442	3.069014	salamandrivorans_liq_Developed_vs_spore_Developed	6.314919171540164	0.0001765838201198	False	False	False	False	1.0	True	False									
12818	902.442	2.497741	salamandrivorans_liq_Developed_vs_spore_Developed	6.307752807899592	0.0001765838201198	False	False	False	False	1.0	True	False									
13068	630.8016	0.932611	salamandrivorans_liq_Developed_vs_spore_Developed	6.303934121575198	0.0001765838201198	False	False	False	False	1.0	True	False									
19521	883.3914	0.574	salamandrivorans_liq_Developed_vs_spore_Developed	6.299306445087048	0.0001765838201198	False	False	False	False	1.0	True	False									
14679	955.4857	1.532	salamandrivorans_liq_Developed_vs_spore_Developed	6.29782951125723	0.0001765838201198	False	False	False	False	1.0	True	False									
14912	799.3341	1.308	salamandrivorans_liq_Developed_vs_spore_Developed	6.2837059614046415	0.0001765838201198	False	False	False	False	1.0	True	False									
10802	293.1647	2.135319	salamandrivorans_liq_Developed_vs_spore_Developed	6.278133997229678	0.0001765838201198	False	False	False	False	1.0	True	False									
13140	880.5297	2.983034	salamandrivorans_liq_Developed_vs_spore_Developed	6.277444233921606	0.0001765838201198	False	False	False	False	1.0	True	False									
8521	385.6772	1.109029	salamandrivorans_liq_Developed_vs_spore_Developed	6.276600504424677	0.0001765838201198	False	False	False	False	1.0	True	False									
13243	726.4254	3.646248	salamandrivorans_liq_Developed_vs_spore_Developed	6.276551447692494	0.0001765838201198	False	False	False	False	1.0	True	False									
15707	769.376	0.907832	salamandrivorans_liq_Developed_vs_spore_Developed	6.256386449080601	0.0001765838201198	False	False	False	False	1.0	True	False									
11903	609.2822	2.761	salamandrivorans_liq_Developed_vs_spore_Developed	6.256309483720086	0.0001765838201198	False	False	False	False	1.0	True	False									
14929	1115.512	1.722	salamandrivorans_liq_Developed_vs_spore_Developed	6.246691309035442	0.0001765838201198	False	False	False	False	1.0	True	False									
16851	839.4095	2.562889	salamandrivorans_liq_Developed_vs_spore_Developed	6.238219678929869	0.0001765838201198	False	False	False	False	1.0	True	False									
16959	841.4708	3.131	salamandrivorans_liq_Developed_vs_spore_Developed	6.229616102865827	0.0001765838201198	False	False	False	False	1.0	True	False									
12679	770.8552	1.6595	salamandrivorans_liq_Developed_vs_spore_Developed	6.228877130997693	0.0001765838201198	False	False	False	False	1.0	True	False									
11399	276.12	0.651	salamandrivorans_liq_Developed_vs_spore_Developed	6.221760525860709	0.0001765838201198	False	False	False	False	1.0	True	False									
12839	714.8392	1.323	salamandrivorans_liq_Developed_vs_spore_Developed	6.219865514600663	0.0001765838201198	False	False	False	False	1.0	True	False									
14550	897.9291	1.8405	salamandrivorans_liq_Developed_vs_spore_Developed	6.215897922811529	0.0001765838201198	False	False	False	False	1.0	True	False									
13250	871.4855	3.54	salamandrivorans_liq_Developed_vs_spore_Developed	6.215000233324698	0.0001765838201198	False	False	False	False	1.0	True	False									
10164	817.0733	1.936	salamandrivorans_liq_Developed_vs_spore_Developed	6.204308962605362	0.0001765838201198	False	False	False	False	1.0	True	False									
9495	395.736	2.008	salamandrivorans_liq_Developed_vs_spore_Developed	6.187788595478365	0.0001765838201198	False	False	False	False	1.0	True	False									
15745	806.3711	1.022564	salamandrivorans_liq_Developed_vs_spore_Developed	6.183377594939452	0.0001765838201198	False	False	False	False	1.0	True	False									
21050	617.3093	1.867	salamandrivorans_liq_Developed_vs_spore_Developed	6.167463577017159	0.0001765838201198	False	False	False	False	1.0	True	False									
15482	420.5524	1.500591	salamandrivorans_liq_Developed_vs_spore_Developed	6.166792485204232	0.0001765838201198	False	False	False	False	1.0	True	False									
14821	1223.6187	3.555	salamandrivorans_liq_Developed_vs_spore_Developed	6.1596089382069925	0.0001765838201198	False	False	False	False	1.0	True	False									
17130	768.8917	2.884539	salamandrivorans_liq_Developed_vs_spore_Developed	6.155756550964325	0.0001765838201198	False	False	False	False	1.0	True	False									
15694	759.8802	2.845875	salamandrivorans_liq_Developed_vs_spore_Developed	6.14947335316921	0.0001765838201198	False	False	False	False	1.0	True	False									
8089	493.246	3.358	salamandrivorans_liq_Developed_vs_spore_Developed	6.148718652801207	0.0001765838201198	False	False	False	False	1.0	True	False									
16565	894.4671	3.117	salamandrivorans_liq_Developed_vs_spore_Developed	6.147260607271526	0.0001765838201198	False	False	False	False	1.0	True	False									
17435	613.3279	1.444245	salamandrivorans_liq_Developed_vs_spore_Developed	6.141960709643229	0.0001765838201198	False	False	False	False	1.0	True	False									
11711	217.1379	0.976696	salamandrivorans_liq_Developed_vs_spore_Developed	6.132795217819762	0.0001765838201198	False	False	False	False	1.0	True	False									
14278	745.8495	1.916597	salamandrivorans_liq_Developed_vs_spore_Developed	6.1278090786798805	0.0001765838201198	False	False	False	False	1.0	True	False									
15295	1302.6688	3.584	salamandrivorans_liq_Developed_vs_spore_Developed	6.126438242183005	0.0001765838201198	False	False	False	False	1.0	True	False									
17347	668.2917	1.224364	salamandrivorans_liq_Developed_vs_spore_Developed	6.120199152706991	0.0001765838201198	False	False	False	False	1.0	True	False									
20733	1187.5726	3.024994	salamandrivorans_liq_Developed_vs_spore_Developed	6.119732668897598	0.0001765838201198	False	False	False	False	1.0	True	False									
17177	1132.5046	1.483316	salamandrivorans_liq_Developed_vs_spore_Developed	6.114321180718582	0.0001765838201198	False	False	False	False	1.0	True	False									
10290	456.2355	3.8645	salamandrivorans_liq_Developed_vs_spore_Developed	6.101417691554505	0.0001765838201198	False	False	False	False	1.0	True	False									
14517	709.8731	1.54	salamandrivorans_liq_Developed_vs_spore_Developed	6.095979068816437	0.0001765838201198	False	False	False	False	1.0	True	False									
11039	434.6947	0.622	salamandrivorans_liq_Developed_vs_spore_Developed	6.09557175075644	0.0001765838201198	False	False	False	False	1.0	True	False									
16696	1222.5638	1.738	salamandrivorans_liq_Developed_vs_spore_Developed	6.090428447749708	0.0001765838201198	False	False	False	False	1.0	True	False									
18128	990.4942	3.147	salamandrivorans_liq_Developed_vs_spore_Developed	6.087815404609694	0.0001765838201198	False	False	False	False	1.0	True	False									
12570	732.3525	1.389	salamandrivorans_liq_Developed_vs_spore_Developed	6.087625616109347	0.0001765838201198	False	False	False	False	1.0	True	False									
15121	428.7124	0.965702	salamandrivorans_liq_Developed_vs_spore_Developed	6.0759810819301405	0.0001765838201198	False	False	False	False	1.0	True	False									
15064	651.8411	3.478683	salamandrivorans_liq_Developed_vs_spore_Developed	6.073074431397133	0.0001765838201198	False	False	False	False	1.0	True	False									
16359	655.3815	0.891446	salamandrivorans_liq_Developed_vs_spore_Developed	6.07108406150755	0.0001765838201198	False	False	False	False	1.0	True	False									
15521	751.8464	1.483816	salamandrivorans_liq_Developed_vs_spore_Developed	6.069564837992806	0.0001765838201198	False	False	False	False	1.0	True	False									
14746	524.2696	1.300373	salamandrivorans_liq_Developed_vs_spore_Developed	6.058841697732672	0.0001765838201198	False	False	False	False	1.0	True	False									
8201	850.3653	0.711679	salamandrivorans_liq_Developed_vs_spore_Developed	6.051065159856287	0.0001765838201198	False	False	False	False	1.0	True	False									
22450	1446.6552	3.643211	salamandrivorans_liq_Developed_vs_spore_Developed	5.998121974051782	0.0001765838201198	False	False	False	False	1.0	True	False									
14362	1618.9183	4.232	salamandrivorans_liq_Developed_vs_spore_Developed	5.983681037244604	0.0001765838201198	False	False	False	False	1.0	True	False									
21056	819.9847	4.31218	salamandrivorans_liq_Developed_vs_spore_Developed	5.9801520575709	0.0001765838201198	False	False	False	False	1.0	True	False									
21708	998.4664	0.993659	salamandrivorans_liq_Developed_vs_spore_Developed	5.978559746270416	0.0001765838201198	False	False	False	False	1.0	True	False									
20480	945.4516	1.441182	salamandrivorans_liq_Developed_vs_spore_Developed	5.96052471765406	0.0001765838201198	False	False	False	False	1.0	True	False									
14762	880.4233	0.669	salamandrivorans_liq_Developed_vs_spore_Developed	5.955727860768957	0.0001765838201198	False	False	False	False	1.0	True	False									
9626	422.88	1.88	salamandrivorans_liq_Developed_vs_spore_Developed	5.949775653708174	0.0001765838201198	False	False	False	False	1.0	True	False									
16854	1100.5256	1.435582	salamandrivorans_liq_Developed_vs_spore_Developed	5.948097601482307	0.0001765838201198	False	False	False	False	1.0	True	False									
7228	731.4097	3.841	salamandrivorans_liq_Developed_vs_spore_Developed	5.946017179074125	0.0001765838201198	False	False	False	False	1.0	True	False									
13594	897.4163	0.856484	salamandrivorans_liq_Developed_vs_spore_Developed	5.9313760224373	0.0001765838201198	False	False	False	False	1.0	True	False									
21217	392.7184	1.627	salamandrivorans_liq_Developed_vs_spore_Developed	5.930092881883054	0.0001765838201198	False	False	False	False	1.0	True	False									
15984	425.7285	0.982	salamandrivorans_liq_Developed_vs_spore_Developed	5.922881235075232	0.0001765838201198	False	False	False	False	1.0	True	False									
12240	436.7473	2.563	salamandrivorans_liq_Developed_vs_spore_Developed	5.918074067392821	0.0001765838201198	False	False	False	False	1.0	True	False									
17091	944.4917	2.899615	salamandrivorans_liq_Developed_vs_spore_Developed	5.91027022158654	0.0001765838201198	False	False	False	False	1.0	True	False									
9998	895.5306	3.323	salamandrivorans_liq_Developed_vs_spore_Developed	5.887029054050834	0.0001765838201198	False	False	False	False	1.0	True	False									
19755	565.7498	1.492915	salamandrivorans_liq_Developed_vs_spore_Developed	5.873191210281454	0.0001765838201198	False	False	False	False	1.0	True	False									
17361	901.9714	3.001289	salamandrivorans_liq_Developed_vs_spore_Developed	5.872659069546452	0.0001765838201198	False	False	False	False	1.0	True	False									
9143	610.8231	3.5885	salamandrivorans_liq_Developed_vs_spore_Developed	5.871895796145911	0.0001765838201198	False	False	False	False	1.0	True	False									
19128	1018.5073	3.706942	salamandrivorans_liq_Developed_vs_spore_Developed	5.866794066366921	0.0001765838201198	False	False	False	False	1.0	True	False									
21198	565.2245	0.893898	salamandrivorans_liq_Developed_vs_spore_Developed	5.862051681100115	0.0001765838201198	False	False	False	False	1.0	True	False									
10893	984.4305	0.971317	salamandrivorans_liq_Developed_vs_spore_Developed	5.861280753743709	0.0001765838201198	False	False	False	False	1.0	True	False									
14140	922.483	3.522765	salamandrivorans_liq_Developed_vs_spore_Developed	5.856363069558412	0.0001765838201198	False	False	False	False	1.0	True	False									
16539	966.494	0.814582	salamandrivorans_liq_Developed_vs_spore_Developed	5.856037445237931	0.0001765838201198	False	False	False	False	1.0	True	False									
11931	310.1287	0.5825	salamandrivorans_liq_Developed_vs_spore_Developed	5.853404136705257	0.0001765838201198	False	False	False	False	1.0	True	False									
12279	530.935	1.628	salamandrivorans_liq_Developed_vs_spore_Developed	5.846807388234018	0.0001765838201198	False	False	False	False	1.0	True	False									
22222	752.345	1.483818	salamandrivorans_liq_Developed_vs_spore_Developed	5.835029092175497	0.0001765838201198	False	False	False	False	1.0	True	False									
17504	815.3724	1.042407	salamandrivorans_liq_Developed_vs_spore_Developed	5.834983985178888	0.0001765838201198	False	False	False	False	1.0	True	False									
23002	1515.6989	4.121	salamandrivorans_liq_Developed_vs_spore_Developed	5.830202247512161	0.0001765838201198	False	False	False	False	1.0	True	False									
16538	542.7676	1.626	salamandrivorans_liq_Developed_vs_spore_Developed	5.828913546849773	0.0001765838201198	False	False	False	False	1.0	True	False									
18780	1312.7512	3.931	salamandrivorans_liq_Developed_vs_spore_Developed	5.828670894007364	0.0001765838201198	False	False	False	False	1.0	True	False									
20304	1084.5621	3.347	salamandrivorans_liq_Developed_vs_spore_Developed	5.82676120602963	0.0001765838201198	False	False	False	False	1.0	True	False									
12047	999.3941	1.307322	salamandrivorans_liq_Developed_vs_spore_Developed	5.820505409424806	0.0001765838201198	False	False	False	False	1.0	True	False									
15693	608.7856	1.482	salamandrivorans_liq_Developed_vs_spore_Developed	5.813592937305092	0.0001765838201198	False	False	False	False	1.0	True	False									
11040	996.4816	0.904328	salamandrivorans_liq_Developed_vs_spore_Developed	5.807717011467172	0.0001765838201198	False	False	False	False	1.0	True	False									
18405	920.4356	0.994725	salamandrivorans_liq_Developed_vs_spore_Developed	5.799764812518212	0.0001765838201198	False	False	False	False	1.0	True	False									
14825	1099.5707	3.5655	salamandrivorans_liq_Developed_vs_spore_Developed	5.799558695923827	0.0001765838201198	False	False	False	False	1.0	True	False									
21493	799.3804	0.8595	salamandrivorans_liq_Developed_vs_spore_Developed	5.79482025391054	0.0001765838201198	False	False	False	False	1.0	True	False									
15261	1299.6786	3.867	salamandrivorans_liq_Developed_vs_spore_Developed	5.789072576617042	0.0001765838201198	False	False	False	False	1.0	True	False									
17053	695.3962	3.731696	salamandrivorans_liq_Developed_vs_spore_Developed	5.788885257111447	0.0001765838201198	False	False	False	False	1.0	True	False									
22867	1236.5607	3.94	salamandrivorans_liq_Developed_vs_spore_Developed	5.787881982200158	0.0001765838201198	False	False	False	False	1.0	True	False									
14567	1000.4456	1.658	salamandrivorans_liq_Developed_vs_spore_Developed	5.782702394621774	0.0001765838201198	False	False	False	False	1.0	True	False									
12702	418.7468	2.573	salamandrivorans_liq_Developed_vs_spore_Developed	5.781785418089247	0.0001765838201198	False	False	False	False	1.0	True	False									
17030	1116.5784	3.390554	salamandrivorans_liq_Developed_vs_spore_Developed	5.769564135909172	0.0001765838201198	False	False	False	False	1.0	True	False									
16095	622.809	1.469371	salamandrivorans_liq_Developed_vs_spore_Developed	5.766331739976402	0.0001765838201198	False	False	False	False	1.0	True	False									
12115	376.6884	0.585	salamandrivorans_liq_Developed_vs_spore_Developed	5.762618611480019	0.0001765838201198	False	False	False	False	1.0	True	False									
18141	1123.5045	1.467003	salamandrivorans_liq_Developed_vs_spore_Developed	5.7467800518510606	0.0001765838201198	False	False	False	False	1.0	True	False									
26854	1004.5077	3.04775	salamandrivorans_liq_Developed_vs_spore_Developed	5.743014037673365	0.0001765838201198	False	False	False	False	1.0	True	False									
10117	923.4809	3.54	salamandrivorans_liq_Developed_vs_spore_Developed	5.741081329204519	0.0001765838201198	False	False	False	False	1.0	True	False									
16029	495.2479	0.725915	salamandrivorans_liq_Developed_vs_spore_Developed	5.739322659571508	0.0001765838201198	False	False	False	False	1.0	True	False									
15507	1072.5509	3.475747	salamandrivorans_liq_Developed_vs_spore_Developed	5.7319682565546906	0.0001765838201198	False	False	False	False	1.0	True	False									
15690	466.7662	2.7925	salamandrivorans_liq_Developed_vs_spore_Developed	5.723757512495763	0.0001765838201198	False	False	False	False	1.0	True	False									
11104	638.2814	2.793	salamandrivorans_liq_Developed_vs_spore_Developed	5.720488559211078	0.0001765838201198	False	False	False	False	1.0	True	False									
18089	989.4307	1.482174	salamandrivorans_liq_Developed_vs_spore_Developed	5.717794958456944	0.0001765838201198	False	False	False	False	1.0	True	False									
17771	580.316	3.466638	salamandrivorans_liq_Developed_vs_spore_Developed	5.715974535939289	0.0001765838201198	False	False	False	False	1.0	True	False									
17884	480.7609	3.839154	salamandrivorans_liq_Developed_vs_spore_Developed	5.712138730133653	0.0001765838201198	False	False	False	False	1.0	True	False									
19843	672.2798	1.058674	salamandrivorans_liq_Developed_vs_spore_Developed	5.704703384747667	0.0001765838201198	False	False	False	False	1.0	True	False									
12808	304.6729	2.072	salamandrivorans_liq_Developed_vs_spore_Developed	5.701778287684714	0.0001765838201198	False	False	False	False	1.0	True	False									
24113	938.5266	3.606	salamandrivorans_liq_Developed_vs_spore_Developed	5.697206450154676	0.0001765838201198	False	False	False	False	1.0	True	False									
11986	749.4185	3.820544	salamandrivorans_liq_Developed_vs_spore_Developed	5.686710169102866	0.0001765838201198	False	False	False	False	1.0	True	False									
22883	798.4698	3.588287	salamandrivorans_liq_Developed_vs_spore_Developed	5.686590169359799	0.0001765838201198	False	False	False	False	1.0	True	False									
18607	644.4114	3.623575	salamandrivorans_liq_Developed_vs_spore_Developed	5.679774242375669	0.0001765838201198	False	False	False	False	1.0	True	False									
15220	644.8488	3.751365	salamandrivorans_liq_Developed_vs_spore_Developed	5.679670687251822	0.0001765838201198	False	False	False	False	1.0	True	False									
15361	602.9802	2.271761	salamandrivorans_liq_Developed_vs_spore_Developed	5.6778153143209895	0.0001765838201198	False	False	False	False	1.0	True	False									
19994	499.2865	0.842	salamandrivorans_liq_Developed_vs_spore_Developed	5.676214330693786	0.0001765838201198	False	False	False	False	1.0	True	False									
7419	487.2278	1.73	salamandrivorans_liq_Developed_vs_spore_Developed	5.6753300188258	0.0001765838201198	False	False	False	False	1.0	True	False									
14978	812.8775	1.8745	salamandrivorans_liq_Developed_vs_spore_Developed	5.672867985306831	0.0001765838201198	False	False	False	False	1.0	True	False									
22991	996.4645	1.468495	salamandrivorans_liq_Developed_vs_spore_Developed	5.65884744650458	0.0001765838201198	False	False	False	False	1.0	True	False									
19268	1089.5925	4.203	salamandrivorans_liq_Developed_vs_spore_Developed	5.657794028174913	0.0001765838201198	False	False	False	False	1.0	True	False									
15483	772.4084	2.722	salamandrivorans_liq_Developed_vs_spore_Developed	5.6239295378388485	0.0001765838201198	False	False	False	False	1.0	True	False									
17604	328.6933	0.868629	salamandrivorans_liq_Developed_vs_spore_Developed	5.620345574731715	0.0001765838201198	False	False	False	False	1.0	True	False									
19080	942.4249	1.628	salamandrivorans_liq_Developed_vs_spore_Developed	5.614184367262329	0.0001765838201198	False	False	False	False	1.0	True	False									
10260	531.2667	3.863	salamandrivorans_liq_Developed_vs_spore_Developed	5.611666634014192	0.0001765838201198	False	False	False	False	1.0	True	False									
16554	641.8425	3.644779	salamandrivorans_liq_Developed_vs_spore_Developed	5.599953008316169	0.0001765838201198	False	False	False	False	1.0	True	False									
25512	644.4131	3.504415	salamandrivorans_liq_Developed_vs_spore_Developed	5.591965318762185	0.0001765838201198	False	False	False	False	1.0	True	False									
23050	662.3524	3.403	salamandrivorans_liq_Developed_vs_spore_Developed	5.591054363884562	0.0001765838201198	False	False	False	False	1.0	True	False									
18956	883.5058	4.0364	salamandrivorans_liq_Developed_vs_spore_Developed	5.5734399328653526	0.0001765838201198	False	False	False	False	1.0	True	False									
21018	1005.5862	4.128	salamandrivorans_liq_Developed_vs_spore_Developed	5.568469069622346	0.0001765838201198	False	False	False	False	1.0	True	False									
11913	456.7352	3.863	salamandrivorans_liq_Developed_vs_spore_Developed	5.562657518965809	0.0001765838201198	False	False	False	False	1.0	True	False									
18597	894.398	0.88862	salamandrivorans_liq_Developed_vs_spore_Developed	5.557059420160265	0.0001765838201198	False	False	False	False	1.0	True	False									
24203	744.3938	3.477986	salamandrivorans_liq_Developed_vs_spore_Developed	5.548326662265463	0.0001765838201198	False	False	False	False	1.0	True	False									
13087	283.6516	0.966358	salamandrivorans_liq_Developed_vs_spore_Developed	5.5340658402884015	0.0001765838201198	False	False	False	False	1.0	True	False									
17046	964.5121	3.888	salamandrivorans_liq_Developed_vs_spore_Developed	5.532481351878455	0.0001765838201198	False	False	False	False	1.0	True	False									
21025	934.9655	2.865678	salamandrivorans_liq_Developed_vs_spore_Developed	5.525425710430825	0.0001765838201198	False	False	False	False	1.0	True	False									
23274	934.5342	3.946	salamandrivorans_liq_Developed_vs_spore_Developed	5.522877221784282	0.0001765838201198	False	False	False	False	1.0	True	False									
24118	1224.6083	3.516	salamandrivorans_liq_Developed_vs_spore_Developed	5.518964592821	0.0001765838201198	False	False	False	False	1.0	True	False									
20708	944.4495	0.845	salamandrivorans_liq_Developed_vs_spore_Developed	5.517975190986446	0.0001765838201198	False	False	False	False	1.0	True	False									
22741	549.2231	1.066544	salamandrivorans_liq_Developed_vs_spore_Developed	5.511810092734904	0.0001765838201198	False	False	False	False	1.0	True	False									
22840	1151.5712	3.501939	salamandrivorans_liq_Developed_vs_spore_Developed	5.49407545816681	0.0001765838201198	False	False	False	False	1.0	True	False									
18040	873.4901	3.813431	salamandrivorans_liq_Developed_vs_spore_Developed	5.486147730865145	0.0001765838201198	False	False	False	False	1.0	True	False									
26789	717.3481	3.446175	salamandrivorans_liq_Developed_vs_spore_Developed	5.471736199429851	0.0001765838201198	False	False	False	False	1.0	True	False									
15796	1228.627	3.40715	salamandrivorans_liq_Developed_vs_spore_Developed	5.469908081186298	0.0001765838201198	False	False	False	False	1.0	True	False									
20694	1204.62	3.572	salamandrivorans_liq_Developed_vs_spore_Developed	5.466819089676025	0.0001765838201198	False	False	False	False	1.0	True	False									
17869	462.2167	1.366079	salamandrivorans_liq_Developed_vs_spore_Developed	5.466084065668974	0.0001765838201198	False	False	False	False	1.0	True	False									
23349	849.4276	1.626	salamandrivorans_liq_Developed_vs_spore_Developed	5.458389859415993	0.0001765838201198	False	False	False	False	1.0	True	False									
20196	778.4072	3.973	salamandrivorans_liq_Developed_vs_spore_Developed	5.4554156149575945	0.0001765838201198	False	False	False	False	1.0	True	False									
19945	999.533	3.947	salamandrivorans_liq_Developed_vs_spore_Developed	5.445931524877726	0.0001765838201198	False	False	False	False	1.0	True	False									
18072	1089.6073	4.193884	salamandrivorans_liq_Developed_vs_spore_Developed	5.423894251192571	0.0001765838201198	False	False	False	False	1.0	True	False									
20592	792.437	4.117845	salamandrivorans_liq_Developed_vs_spore_Developed	5.42377256707782	0.0001765838201198	False	False	False	False	1.0	True	False									
16718	958.5325	3.801741	salamandrivorans_liq_Developed_vs_spore_Developed	5.421679415223127	0.0001765838201198	False	False	False	False	1.0	True	False									
23976	759.4001	3.746355	salamandrivorans_liq_Developed_vs_spore_Developed	5.398909176192663	0.0001765838201198	False	False	False	False	1.0	True	False									
27667	1168.6359	3.462837	salamandrivorans_liq_Developed_vs_spore_Developed	5.398554843931465	0.0001765838201198	False	False	False	False	1.0	True	False									
16358	559.7993	2.972096	salamandrivorans_liq_Developed_vs_spore_Developed	5.397498304038409	0.0001765838201198	False	False	False	False	1.0	True	False									
23453	929.5109	3.549	salamandrivorans_liq_Developed_vs_spore_Developed	5.39069886505448	0.0001765838201198	False	False	False	False	1.0	True	False									
20793	275.1802	0.763	salamandrivorans_liq_Developed_vs_spore_Developed	5.390001106337414	0.0001765838201198	False	False	False	False	1.0	True	False									
17704	507.7399	0.893964	salamandrivorans_liq_Developed_vs_spore_Developed	5.378786622085791	0.0001765838201198	False	False	False	False	1.0	True	False									
18911	991.5461	3.901898	salamandrivorans_liq_Developed_vs_spore_Developed	5.37423997873625	0.0001765838201198	False	False	False	False	1.0	True	False									
17950	858.516	3.814411	salamandrivorans_liq_Developed_vs_spore_Developed	5.365419695811642	0.0001765838201198	False	False	False	False	1.0	True	False									
14579	878.4538	3.931	salamandrivorans_liq_Developed_vs_spore_Developed	5.352441025336019	0.0001765838201198	False	False	False	False	1.0	True	False									
7276	571.8298	3.524	salamandrivorans_liq_Developed_vs_spore_Developed	5.346343720550586	0.0001765838201198	False	False	False	False	1.0	True	False									
15421	386.7385	3.227	salamandrivorans_liq_Developed_vs_spore_Developed	5.3360896638741	0.0001765838201198	False	False	False	False	1.0	True	False									
16403	772.9178	3.88895	salamandrivorans_liq_Developed_vs_spore_Developed	5.3348967812513	0.0001765838201198	False	False	False	False	1.0	True	False									
14587	251.1498	2.721726	salamandrivorans_liq_Developed_vs_spore_Developed	5.333663049713782	0.0001765838201198	False	False	False	False	1.0	True	False									
16435	389.7285	2.828185	salamandrivorans_liq_Developed_vs_spore_Developed	5.329950585751583	0.0001765838201198	False	False	False	False	1.0	True	False									
21029	1136.5826	3.694541	salamandrivorans_liq_Developed_vs_spore_Developed	5.322203897246743	0.0001765838201198	False	False	False	False	1.0	True	False									
23844	477.7157	0.887195	salamandrivorans_liq_Developed_vs_spore_Developed	5.315382453930395	0.0001765838201198	False	False	False	False	1.0	True	False									
26900	498.2346	1.419473	salamandrivorans_liq_Developed_vs_spore_Developed	5.299650755312086	0.0001765838201198	False	False	False	False	1.0	True	False									
9665	489.2661	1.004979	salamandrivorans_liq_Developed_vs_spore_Developed	5.296248874327917	0.0001765838201198	False	False	False	False	1.0	True	False									
22968	778.8879	4.148	salamandrivorans_liq_Developed_vs_spore_Developed	5.282808231503034	0.0001765838201198	False	False	False	False	1.0	True	False									
22764	1117.5643	3.32	salamandrivorans_liq_Developed_vs_spore_Developed	5.263968436304073	0.0001765838201198	False	False	False	False	1.0	True	False									
16298	428.7435	2.969971	salamandrivorans_liq_Developed_vs_spore_Developed	5.262892960205055	0.0001765838201198	False	False	False	False	1.0	True	False									
20428	488.2455	3.420984	salamandrivorans_liq_Developed_vs_spore_Developed	5.261043100080207	0.0001765838201198	False	False	False	False	1.0	True	False									
25547	885.9771	3.451556	salamandrivorans_liq_Developed_vs_spore_Developed	5.246040393241019	0.0001765838201198	False	False	False	False	1.0	True	False									
25851	396.7163	3.007967	salamandrivorans_liq_Developed_vs_spore_Developed	5.241475479175926	0.0001765838201198	False	False	False	False	1.0	True	False									
15842	1270.6869	3.865	salamandrivorans_liq_Developed_vs_spore_Developed	5.238761125879623	0.0001765838201198	False	False	False	False	1.0	True	False									
13917	652.3729	3.904	salamandrivorans_liq_Developed_vs_spore_Developed	5.2319806291510496	0.0001765838201198	False	False	False	False	1.0	True	False									
29509	786.3185	4.115	salamandrivorans_liq_Developed_vs_spore_Developed	5.216803200620314	0.0001765838201198	False	False	False	False	1.0	True	False									
24629	1078.5458	3.418746	salamandrivorans_liq_Developed_vs_spore_Developed	5.2095861319616725	0.0001765838201198	False	False	False	False	1.0	True	False									
18598	475.2645	1.896484	salamandrivorans_liq_Developed_vs_spore_Developed	5.1996440080978426	0.0001765838201198	False	False	False	False	1.0	True	False									
21562	177.4711	2.793	salamandrivorans_liq_Developed_vs_spore_Developed	5.1984964551229975	0.0001765838201198	False	False	False	False	1.0	True	False									
27153	608.3166	3.386122	salamandrivorans_liq_Developed_vs_spore_Developed	5.191276947391704	0.0001765838201198	False	False	False	False	1.0	True	False									
21829	1090.6134	4.19	salamandrivorans_liq_Developed_vs_spore_Developed	5.1904632500042265	0.0001765838201198	False	False	False	False	1.0	True	False									
14007	620.2772	1.236595	salamandrivorans_liq_Developed_vs_spore_Developed	5.183653773303134	0.0001765838201198	False	False	False	False	1.0	True	False									
20140	1094.5221	0.95594	salamandrivorans_liq_Developed_vs_spore_Developed	5.174717088879041	0.0001765838201198	False	False	False	False	1.0	True	False									
26072	385.2457	3.421389	salamandrivorans_liq_Developed_vs_spore_Developed	5.163730337201784	0.0001765838201198	False	False	False	False	1.0	True	False									
22456	1326.6625	4.282971	salamandrivorans_liq_Developed_vs_spore_Developed	5.1623882060262885	0.0001765838201198	False	False	False	False	1.0	True	False									
16513	843.3325	0.689809	salamandrivorans_liq_Developed_vs_spore_Developed	5.155500051399073	0.0001765838201198	False	False	False	False	1.0	True	False									
13382	393.2519	1.53	salamandrivorans_liq_Developed_vs_spore_Developed	5.152611952982614	0.0001765838201198	False	False	False	False	1.0	True	False									
20198	238.1075	0.911	salamandrivorans_liq_Developed_vs_spore_Developed	5.148663641546195	0.0001765838201198	False	False	False	False	1.0	True	False									
24135	1216.6053	3.93	salamandrivorans_liq_Developed_vs_spore_Developed	5.1458619170336	0.0001765838201198	False	False	False	False	1.0	True	False									
24558	656.874	4.025	salamandrivorans_liq_Developed_vs_spore_Developed	5.134867508693116	0.0001765838201198	False	False	False	False	1.0	True	False									
20066	952.5261	3.830342	salamandrivorans_liq_Developed_vs_spore_Developed	5.132710411573013	0.0001765838201198	False	False	False	False	1.0	True	False									
16944	838.44	4.664453	salamandrivorans_liq_Developed_vs_spore_Developed	5.11078053352048	0.0001765838201198	False	False	False	False	1.0	True	False									
21439	494.7994	4.108	salamandrivorans_liq_Developed_vs_spore_Developed	5.106466076717595	0.0001765838201198	False	False	False	False	1.0	True	False									
22062	297.6664	1.780894	salamandrivorans_liq_Developed_vs_spore_Developed	5.098355211382915	0.0001765838201198	False	False	False	False	1.0	True	False									
21939	213.0865	0.7625	salamandrivorans_liq_Developed_vs_spore_Developed	5.09343858795798	0.0001765838201198	False	False	False	False	1.0	True	False									
17769	823.3928	0.796	salamandrivorans_liq_Developed_vs_spore_Developed	5.093162268813886	0.0001765838201198	False	False	False	False	1.0	True	False									
25258	1010.5177	4.051868	salamandrivorans_liq_Developed_vs_spore_Developed	5.092687657870973	0.0001765838201198	False	False	False	False	1.0	True	False									
10216	180.1365	1.02142	salamandrivorans_liq_Developed_vs_spore_Developed	5.090652972372937	0.0001765838201198	False	False	False	False	1.0	True	False									
21981	1202.6387	4.198	salamandrivorans_liq_Developed_vs_spore_Developed	5.086076070723768	0.0001765838201198	False	False	False	False	1.0	True	False									
18869	646.2947	1.079668	salamandrivorans_liq_Developed_vs_spore_Developed	5.08356254184865	0.0001765838201198	False	False	False	False	1.0	True	False									
29674	1026.5763	3.839	salamandrivorans_liq_Developed_vs_spore_Developed	5.037588780141915	0.0001765838201198	False	False	False	False	1.0	True	False									
20205	720.3709	4.021645	salamandrivorans_liq_Developed_vs_spore_Developed	5.02969579951351	0.0001765838201198	False	False	False	False	1.0	True	False									
21758	500.2713	1.020336	salamandrivorans_liq_Developed_vs_spore_Developed	4.981235550773351	0.0001765838201198	False	False	False	False	1.0	True	False									
25107	774.4079	4.67875	salamandrivorans_liq_Developed_vs_spore_Developed	4.973850670057371	0.0001765838201198	False	False	False	False	1.0	True	False									
21046	914.4106	1.173344	salamandrivorans_liq_Developed_vs_spore_Developed	4.969977687697386	0.0001765838201198	False	False	False	False	1.0	True	False									
25484	1009.6212	4.0345	salamandrivorans_liq_Developed_vs_spore_Developed	4.942199052078615	0.0001765838201198	False	False	False	False	1.0	True	False									
23999	389.2064	1.96746	salamandrivorans_liq_Developed_vs_spore_Developed	4.934583535951866	0.0001765838201198	False	False	False	False	1.0	True	False									
8912	184.6189	1.232093	salamandrivorans_liq_Developed_vs_spore_Developed	4.933097840115022	0.0001765838201198	False	False	False	False	1.0	True	False									
24579	584.7949	1.3805	salamandrivorans_liq_Developed_vs_spore_Developed	4.931151702814552	0.0001765838201198	False	False	False	False	1.0	True	False									
25268	951.548	3.961	salamandrivorans_liq_Developed_vs_spore_Developed	4.915256471733518	0.0001765838201198	False	False	False	False	1.0	True	False									
24214	522.7694	1.401297	salamandrivorans_liq_Developed_vs_spore_Developed	4.906369016398707	0.0001765838201198	False	False	False	False	1.0	True	False									
32195	907.4899	3.996	salamandrivorans_liq_Developed_vs_spore_Developed	4.892663223980905	0.0001765838201198	False	False	False	False	1.0	True	False									
29569	593.8381	4.222004	salamandrivorans_liq_Developed_vs_spore_Developed	4.873042287950878	0.0001765838201198	False	False	False	False	1.0	True	False									
24985	742.8705	3.726978	salamandrivorans_liq_Developed_vs_spore_Developed	4.856585436601955	0.0001765838201198	False	False	False	False	1.0	True	False									
20753	548.2843	3.978	salamandrivorans_liq_Developed_vs_spore_Developed	4.856031423155545	0.0001765838201198	False	False	False	False	1.0	True	False									
23639	1155.614	3.725466	salamandrivorans_liq_Developed_vs_spore_Developed	4.847320351710879	0.0001765838201198	False	False	False	False	1.0	True	False									
32775	783.3651	1.212252	salamandrivorans_liq_Developed_vs_spore_Developed	4.840186647911768	0.0001765838201198	False	False	False	False	1.0	True	False									
25046	536.8139	3.9495	salamandrivorans_liq_Developed_vs_spore_Developed	4.806699772142967	0.0001765838201198	False	False	False	False	1.0	True	False									
26020	253.1298	1.668143	salamandrivorans_liq_Developed_vs_spore_Developed	4.783578141021211	0.0001765838201198	False	False	False	False	1.0	True	False									
8039	762.4071	0.628192	salamandrivorans_liq_Developed_vs_spore_Developed	4.782616249946455	0.0001765838201198	False	False	False	False	1.0	True	False									
30318	872.4982	3.946	salamandrivorans_liq_Developed_vs_spore_Developed	4.763875792561449	0.0001765838201198	False	False	False	False	1.0	True	False									
21664	410.2423	3.409756	salamandrivorans_liq_Developed_vs_spore_Developed	4.758561170746462	0.0001765838201198	False	False	False	False	1.0	True	False									
26736	769.8896	3.995	salamandrivorans_liq_Developed_vs_spore_Developed	4.74990245105557	0.0001765838201198	False	False	False	False	1.0	True	False									
30105	1246.6309	4.118	salamandrivorans_liq_Developed_vs_spore_Developed	4.731114800047316	0.0001765838201198	False	False	False	False	1.0	True	False									
27516	925.4659	3.929	salamandrivorans_liq_Developed_vs_spore_Developed	4.714312069287582	0.0001765838201198	False	False	False	False	1.0	True	False									
19140	794.3726	3.704155	salamandrivorans_liq_Developed_vs_spore_Developed	4.712482186416163	0.0001765838201198	False	False	False	False	1.0	True	False									
26790	745.4169	4.211	salamandrivorans_liq_Developed_vs_spore_Developed	4.709168654146238	0.0001765838201198	False	False	False	False	1.0	True	False									
26672	772.8971	3.414908	salamandrivorans_liq_Developed_vs_spore_Developed	4.70396288407185	0.0001765838201198	False	False	False	False	1.0	True	False									
22035	817.4162	4.449066	salamandrivorans_liq_Developed_vs_spore_Developed	4.700831615768175	0.0001765838201198	False	False	False	False	1.0	True	False									
24817	700.392	4.214	salamandrivorans_liq_Developed_vs_spore_Developed	4.687728104871803	0.0001765838201198	False	False	False	False	1.0	True	False									
24671	755.9196	3.941	salamandrivorans_liq_Developed_vs_spore_Developed	4.687046711804781	0.0001765838201198	False	False	False	False	1.0	True	False									
27709	1247.6342	4.132	salamandrivorans_liq_Developed_vs_spore_Developed	4.674956633663254	0.0001765838201198	False	False	False	False	1.0	True	False									
31409	1132.6271	4.147	salamandrivorans_liq_Developed_vs_spore_Developed	4.672834973719799	0.0001765838201198	False	False	False	False	1.0	True	False									
19691	814.5078	4.232	salamandrivorans_liq_Developed_vs_spore_Developed	4.662556984519012	0.0001765838201198	False	False	False	False	1.0	True	False									
20641	583.3101	1.29002	salamandrivorans_liq_Developed_vs_spore_Developed	4.657914937548683	0.0001765838201198	False	False	False	False	1.0	True	False									
21968	965.457	1.117	salamandrivorans_liq_Developed_vs_spore_Developed	4.652473783012381	0.0001765838201198	False	False	False	False	1.0	True	False									
29087	386.2557	4.971182	salamandrivorans_liq_Developed_vs_spore_Developed	4.642348676868216	0.0001765838201198	False	False	False	False	1.0	True	False									
23176	557.7759	1.375808	salamandrivorans_liq_Developed_vs_spore_Developed	4.64134992115017	0.0001765838201198	False	False	False	False	1.0	True	False									
24172	832.4419	4.271951	salamandrivorans_liq_Developed_vs_spore_Developed	4.641309909002643	0.0001765838201198	False	False	False	False	1.0	True	False									
25242	1115.6025	4.166727	salamandrivorans_liq_Developed_vs_spore_Developed	4.629082625190867	0.0001765838201198	False	False	False	False	1.0	True	False									
32559	972.0126	4.330973	salamandrivorans_liq_Developed_vs_spore_Developed	4.627335421272438	0.0001765838201198	False	False	False	False	1.0	True	False									
17065	157.0762	0.893625	salamandrivorans_liq_Developed_vs_spore_Developed	4.624658885016987	0.0001765838201198	False	False	False	False	1.0	True	False									
25430	912.4725	4.092584	salamandrivorans_liq_Developed_vs_spore_Developed	4.614752259629654	0.0001765838201198	False	False	False	False	1.0	True	False									
28786	820.4783	4.325959	salamandrivorans_liq_Developed_vs_spore_Developed	4.588365646158094	0.0001765838201198	False	False	False	False	1.0	True	False									
24892	885.5051	4.105833	salamandrivorans_liq_Developed_vs_spore_Developed	4.586924861464118	0.0001765838201198	False	False	False	False	1.0	True	False									
30224	941.4949	4.050064	salamandrivorans_liq_Developed_vs_spore_Developed	4.571045475621575	0.0001765838201198	False	False	False	False	1.0	True	False									
25111	439.7585	3.464034	salamandrivorans_liq_Developed_vs_spore_Developed	4.539959023817923	0.0001765838201198	False	False	False	False	1.0	True	False									
20998	490.2566	4.678206	salamandrivorans_liq_Developed_vs_spore_Developed	4.522524932459656	0.0001765838201198	False	False	False	False	1.0	True	False									
20095	618.3306	3.944	salamandrivorans_liq_Developed_vs_spore_Developed	4.516880654358009	0.0001765838201198	False	False	False	False	1.0	True	False									
28042	774.3973	4.686304	salamandrivorans_liq_Developed_vs_spore_Developed	4.513861361292428	0.0001765838201198	False	False	False	False	1.0	True	False									
30028	246.1096	1.159444	salamandrivorans_liq_Developed_vs_spore_Developed	4.494206727893705	0.0001765838201198	False	False	False	False	1.0	True	False									
25923	768.9603	4.174495	salamandrivorans_liq_Developed_vs_spore_Developed	4.485730886903231	0.0001765838201198	False	False	False	False	1.0	True	False									
26743	992.4493	1.164521	salamandrivorans_liq_Developed_vs_spore_Developed	4.480905714914386	0.0001765838201198	False	False	False	False	1.0	True	False									
27640	968.0469	4.550242	salamandrivorans_liq_Developed_vs_spore_Developed	4.479788873325694	0.0001765838201198	False	False	False	False	1.0	True	False									
20063	523.2969	3.427	salamandrivorans_liq_Developed_vs_spore_Developed	4.477251818489092	0.0001765838201198	False	False	False	False	1.0	True	False									
26684	317.2266	1.320485	salamandrivorans_liq_Developed_vs_spore_Developed	4.475560503424794	0.0001765838201198	False	False	False	False	1.0	True	False									
25661	884.4679	4.222	salamandrivorans_liq_Developed_vs_spore_Developed	4.473464938700235	0.0001765838201198	False	False	False	False	1.0	True	False									
27465	1100.5747	4.119	salamandrivorans_liq_Developed_vs_spore_Developed	4.473265110868796	0.0001765838201198	False	False	False	False	1.0	True	False									
36402	1230.6274	4.036	salamandrivorans_liq_Developed_vs_spore_Developed	4.464307644882775	0.0001765838201198	False	False	False	False	1.0	True	False									
33128	956.5074	3.959	salamandrivorans_liq_Developed_vs_spore_Developed	4.451037580982882	0.0001765838201198	False	False	False	False	1.0	True	False									
18568	1471.7417	4.341445	salamandrivorans_liq_Developed_vs_spore_Developed	4.444695220089735	0.0001765838201198	False	False	False	False	1.0	True	False									
23474	343.6878	1.211833	salamandrivorans_liq_Developed_vs_spore_Developed	4.44106165613514	0.0001765838201198	False	False	False	False	1.0	True	False									
32309	723.9081	4.537604	salamandrivorans_liq_Developed_vs_spore_Developed	4.436676233536524	0.0001765838201198	False	False	False	False	1.0	True	False									
5117	1054.574	4.45397	salamandrivorans_liq_Developed_vs_spore_Developed	4.423660289385201	0.0001765838201198	False	False	False	False	1.0	True	False									
26129	626.2701	3.94	salamandrivorans_liq_Developed_vs_spore_Developed	4.423624077839522	0.0001765838201198	False	False	False	False	1.0	True	False									
28163	914.4697	3.963	salamandrivorans_liq_Developed_vs_spore_Developed	4.422050949441241	0.0001765838201198	False	False	False	False	1.0	True	False									
21518	676.3493	4.128	salamandrivorans_liq_Developed_vs_spore_Developed	4.403052306035756	0.0001765838201198	False	False	False	False	1.0	True	False									
23606	853.4933	4.168257	salamandrivorans_liq_Developed_vs_spore_Developed	4.4016089049590175	0.0001765838201198	False	False	False	False	1.0	True	False									
19786	952.5231	3.948	salamandrivorans_liq_Developed_vs_spore_Developed	4.400353591249198	0.0001765838201198	False	False	False	False	1.0	True	False									
36227	718.3951	4.0995	salamandrivorans_liq_Developed_vs_spore_Developed	4.397352440144115	0.0001765838201198	False	False	False	False	1.0	True	False									
34203	360.1503	3.490342	salamandrivorans_liq_Developed_vs_spore_Developed	4.388963732001756	0.0001765838201198	False	False	False	False	1.0	True	False									
32829	1130.5919	3.76796	salamandrivorans_liq_Developed_vs_spore_Developed	4.368761382317868	0.0001765838201198	False	False	False	False	1.0	True	False									
20527	528.23	1.208719	salamandrivorans_liq_Developed_vs_spore_Developed	4.358883275144524	0.0001765838201198	False	False	False	False	1.0	True	False									
27868	1037.5592	4.529838	salamandrivorans_liq_Developed_vs_spore_Developed	4.34013499752221	0.0001765838201198	False	False	False	False	1.0	True	False									
28045	395.2028	1.257411	salamandrivorans_liq_Developed_vs_spore_Developed	4.3311117708188505	0.0001765838201198	False	False	False	False	1.0	True	False									
24007	1203.6289	4.203	salamandrivorans_liq_Developed_vs_spore_Developed	4.324185758818418	0.0001765838201198	False	False	False	False	1.0	True	False									
32813	716.3654	3.923149	salamandrivorans_liq_Developed_vs_spore_Developed	4.322030767706671	0.0001765838201198	False	False	False	False	1.0	True	False									
31016	810.4593	4.552464	salamandrivorans_liq_Developed_vs_spore_Developed	4.317381363673135	0.0001765838201198	False	False	False	False	1.0	True	False									
28930	365.1813	1.25744	salamandrivorans_liq_Developed_vs_spore_Developed	4.3149222650458485	0.0001765838201198	False	False	False	False	1.0	True	False									
26740	609.3425	3.969077	salamandrivorans_liq_Developed_vs_spore_Developed	4.30790800299335	0.0001765838201198	False	False	False	False	1.0	True	False									
27249	730.4162	4.039549	salamandrivorans_liq_Developed_vs_spore_Developed	4.307742196334835	0.0001765838201198	False	False	False	False	1.0	True	False									
29743	583.2765	4.192	salamandrivorans_liq_Developed_vs_spore_Developed	4.286713062009127	0.0001765838201198	False	False	False	False	1.0	True	False									
28629	422.1556	1.364406	salamandrivorans_liq_Developed_vs_spore_Developed	4.279543214610878	0.0001765838201198	False	False	False	False	1.0	True	False									
16912	707.3968	3.974114	salamandrivorans_liq_Developed_vs_spore_Developed	4.251321564937843	0.0001765838201198	False	False	False	False	1.0	True	False									
34244	651.3732	3.947	salamandrivorans_liq_Developed_vs_spore_Developed	4.247317108174733	0.0001765838201198	False	False	False	False	1.0	True	False									
29977	1186.7311	4.057	salamandrivorans_liq_Developed_vs_spore_Developed	4.245098291718231	0.0001765838201198	False	False	False	False	1.0	True	False									
27029	750.3925	4.2005	salamandrivorans_liq_Developed_vs_spore_Developed	4.24121719450119	0.0001765838201198	False	False	False	False	1.0	True	False									
29551	780.4108	4.172	salamandrivorans_liq_Developed_vs_spore_Developed	4.240469299641809	0.0001765838201198	False	False	False	False	1.0	True	False									
26635	1099.579	4.062342	salamandrivorans_liq_Developed_vs_spore_Developed	4.239115002597253	0.0001765838201198	False	False	False	False	1.0	True	False									
27660	177.1027	1.305581	salamandrivorans_liq_Developed_vs_spore_Developed	4.231781968061192	0.0001765838201198	False	False	False	False	1.0	True	False									
29877	328.1433	4.563527	salamandrivorans_liq_Developed_vs_spore_Developed	4.228051985568652	0.0001765838201198	False	False	False	False	1.0	True	False									
36220	723.9096	4.347091	salamandrivorans_liq_Developed_vs_spore_Developed	4.217215117462511	0.0001765838201198	False	False	False	False	1.0	True	False									
26795	839.4555	4.658077	salamandrivorans_liq_Developed_vs_spore_Developed	4.213235904768957	0.0001765838201198	False	False	False	False	1.0	True	False									
24999	744.4093	4.1395	salamandrivorans_liq_Developed_vs_spore_Developed	4.2008669397537615	0.0001765838201198	False	False	False	False	1.0	True	False									
27132	1030.5927	4.451	salamandrivorans_liq_Developed_vs_spore_Developed	4.200574332921296	0.0001765838201198	False	False	False	False	1.0	True	False									
20178	568.2795	3.9825	salamandrivorans_liq_Developed_vs_spore_Developed	4.195710161779121	0.0001765838201198	False	False	False	False	1.0	True	False									
32584	1123.5885	4.286914	salamandrivorans_liq_Developed_vs_spore_Developed	4.169960511699523	0.0001765838201198	False	False	False	False	1.0	True	False									
31371	822.9543	4.33309	salamandrivorans_liq_Developed_vs_spore_Developed	4.168148876505379	0.0001765838201198	False	False	False	False	1.0	True	False									
21389	820.4667	3.995	salamandrivorans_liq_Developed_vs_spore_Developed	4.166889564757587	0.0001765838201198	False	False	False	False	1.0	True	False									
17329	544.2753	3.967782	salamandrivorans_liq_Developed_vs_spore_Developed	4.165944612690719	0.0001765838201198	False	False	False	False	1.0	True	False									
27925	887.4758	4.54322	salamandrivorans_liq_Developed_vs_spore_Developed	4.162425610415612	0.0001765838201198	False	False	False	False	1.0	True	False									
33593	1030.5701	4.322579	salamandrivorans_liq_Developed_vs_spore_Developed	4.153753342649989	0.0001765838201198	False	False	False	False	1.0	True	False									
19772	761.4062	4.142	salamandrivorans_liq_Developed_vs_spore_Developed	4.147297582191071	0.0001765838201198	False	False	False	False	1.0	True	False									
25229	467.2882	3.908848	salamandrivorans_liq_Developed_vs_spore_Developed	4.145918415586028	0.0001765838201198	False	False	False	False	1.0	True	False									
25831	1145.6116	4.029056	salamandrivorans_liq_Developed_vs_spore_Developed	4.143458957496153	0.0001765838201198	False	False	False	False	1.0	True	False									
28818	969.5167	4.35112	salamandrivorans_liq_Developed_vs_spore_Developed	4.127036594445444	0.0001765838201198	False	False	False	False	1.0	True	False									
35631	529.2688	4.185	salamandrivorans_liq_Developed_vs_spore_Developed	4.123275228043335	0.0001765838201198	False	False	False	False	1.0	True	False									
32727	931.4879	4.172608	salamandrivorans_liq_Developed_vs_spore_Developed	4.122880907526644	0.0001765838201198	False	False	False	False	1.0	True	False									
35711	835.478	3.931	salamandrivorans_liq_Developed_vs_spore_Developed	4.114656055209633	0.0001765838201198	False	False	False	False	1.0	True	False									
26089	846.4651	3.954766	salamandrivorans_liq_Developed_vs_spore_Developed	4.108107351302562	0.0001765838201198	False	False	False	False	1.0	True	False									
28472	920.4937	4.104898	salamandrivorans_liq_Developed_vs_spore_Developed	4.107324051745544	0.0001765838201198	False	False	False	False	1.0	True	False									
22884	798.9285	4.1195	salamandrivorans_liq_Developed_vs_spore_Developed	4.101761862694395	0.0001765838201198	False	False	False	False	1.0	True	False									
27033	1209.6763	4.196778	salamandrivorans_liq_Developed_vs_spore_Developed	4.096876154785213	0.0001765838201198	False	False	False	False	1.0	True	False									
30083	848.4215	4.276939	salamandrivorans_liq_Developed_vs_spore_Developed	4.096134318183398	0.0001765838201198	False	False	False	False	1.0	True	False									
25972	919.501	4.135	salamandrivorans_liq_Developed_vs_spore_Developed	4.095368168689152	0.0001765838201198	False	False	False	False	1.0	True	False									
32492	768.3514	4.1915	salamandrivorans_liq_Developed_vs_spore_Developed	4.078008128790037	0.0001765838201198	False	False	False	False	1.0	True	False									
30605	1123.573	4.066	salamandrivorans_liq_Developed_vs_spore_Developed	4.070727278166158	0.0001765838201198	False	False	False	False	1.0	True	False									
33093	844.4087	4.563449	salamandrivorans_liq_Developed_vs_spore_Developed	4.053286303244525	0.0001765838201198	False	False	False	False	1.0	True	False									
32998	1001.5214	4.347074	salamandrivorans_liq_Developed_vs_spore_Developed	4.051196737044928	0.0001765838201198	False	False	False	False	1.0	True	False									
27826	1154.6395	4.236002	salamandrivorans_liq_Developed_vs_spore_Developed	4.049401618164792	0.0001765838201198	False	False	False	False	1.0	True	False									
34708	360.1922	4.221	salamandrivorans_liq_Developed_vs_spore_Developed	4.047950239426255	0.0001765838201198	False	False	False	False	1.0	True	False									
36630	986.5217	4.653978	salamandrivorans_liq_Developed_vs_spore_Developed	4.045519724487519	0.0001765838201198	False	False	False	False	1.0	True	False									
28030	263.1385	3.634842	salamandrivorans_liq_Developed_vs_spore_Developed	4.032351262961224	0.0001765838201198	False	False	False	False	1.0	True	False									
22667	886.4926	4.530872	salamandrivorans_liq_Developed_vs_spore_Developed	4.025533427293919	0.0001765838201198	False	False	False	False	1.0	True	False									
27559	334.2949	4.711654	salamandrivorans_liq_Developed_vs_spore_Developed	4.02341522153744	0.0001765838201198	False	False	False	False	1.0	True	False									
27500	631.3424	4.2435	salamandrivorans_liq_Developed_vs_spore_Developed	4.004669427723408	0.0001765838201198	False	False	False	False	1.0	True	False									
32023	1266.6768	4.19	salamandrivorans_liq_Developed_vs_spore_Developed	4.0025403760357054	0.0001765838201198	False	False	False	False	1.0	True	False									
25622	1141.6201	4.040669	salamandrivorans_liq_Developed_vs_spore_Developed	3.99082697305684	0.0001765838201198	False	False	False	False	1.0	True	False									
35990	1370.6857	4.056831	salamandrivorans_liq_Developed_vs_spore_Developed	3.9777979231623646	0.0001765838201198	False	False	False	False	1.0	True	False									
32729	978.0277	4.076979	salamandrivorans_liq_Developed_vs_spore_Developed	3.972365243374195	0.0001765838201198	False	False	False	False	1.0	True	False									
34047	1328.6943	4.282034	salamandrivorans_liq_Developed_vs_spore_Developed	3.967837537635368	0.0001765838201198	False	False	False	False	1.0	True	False									
26661	765.41	4.248	salamandrivorans_liq_Developed_vs_spore_Developed	3.9482152422745513	0.0001765838201198	False	False	False	False	1.0	True	False									
21465	582.2949	4.099621	salamandrivorans_liq_Developed_vs_spore_Developed	3.941470246664984	0.0001765838201198	False	False	False	False	1.0	True	False									
35353	780.9055	4.409147	salamandrivorans_liq_Developed_vs_spore_Developed	3.940734564064164	0.0001765838201198	False	False	False	False	1.0	True	False									
27940	778.9124	3.995	salamandrivorans_liq_Developed_vs_spore_Developed	3.938102324618842	0.0001765838201198	False	False	False	False	1.0	True	False									
36431	186.715	4.121	salamandrivorans_liq_Developed_vs_spore_Developed	3.927722581942307	0.0001765838201198	False	False	False	False	1.0	True	False									
30416	886.4441	4.145096	salamandrivorans_liq_Developed_vs_spore_Developed	3.913844733720828	0.0001765838201198	False	False	False	False	1.0	True	False									
31540	1082.6027	4.320651	salamandrivorans_liq_Developed_vs_spore_Developed	3.9080816057397736	0.0001765838201198	False	False	False	False	1.0	True	False									
34651	856.9525	4.023	salamandrivorans_liq_Developed_vs_spore_Developed	3.905884116127711	0.0001765838201198	False	False	False	False	1.0	True	False									
33356	1241.6816	4.167	salamandrivorans_liq_Developed_vs_spore_Developed	3.903385370335546	0.0001765838201198	False	False	False	False	1.0	True	False									
34625	679.341	4.174	salamandrivorans_liq_Developed_vs_spore_Developed	3.901599444452461	0.0001765838201198	False	False	False	False	1.0	True	False									
32183	1031.0856	4.471436	salamandrivorans_liq_Developed_vs_spore_Developed	3.89839936943441	0.0001765838201198	False	False	False	False	1.0	True	False									
20772	650.8533	3.960612	salamandrivorans_liq_Developed_vs_spore_Developed	3.8894569321268793	0.0001765838201198	False	False	False	False	1.0	True	False									
33174	1326.6895	4.34235	salamandrivorans_liq_Developed_vs_spore_Developed	3.8807153547616378	0.0001765838201198	False	False	False	False	1.0	True	False									
28610	402.2406	3.931155	salamandrivorans_liq_Developed_vs_spore_Developed	3.878354083992988	0.0001765838201198	False	False	False	False	1.0	True	False									
23696	844.4949	4.38406	salamandrivorans_liq_Developed_vs_spore_Developed	3.872797951268328	0.0001765838201198	False	False	False	False	1.0	True	False									
22304	780.925	4.543472	salamandrivorans_liq_Developed_vs_spore_Developed	3.865817066619226	0.0001765838201198	False	False	False	False	1.0	True	False									
34518	332.2427	4.111	salamandrivorans_liq_Developed_vs_spore_Developed	3.8610275109737935	0.0001765838201198	False	False	False	False	1.0	True	False									
34600	1184.6272	4.407828	salamandrivorans_liq_Developed_vs_spore_Developed	3.8549949723741688	0.0001765838201198	False	False	False	False	1.0	True	False									
28755	781.9208	4.167495	salamandrivorans_liq_Developed_vs_spore_Developed	3.85164969599484	0.0001765838201198	False	False	False	False	1.0	True	False									
30876	704.9152	4.105186	salamandrivorans_liq_Developed_vs_spore_Developed	3.844671904238983	0.0001765838201198	False	False	False	False	1.0	True	False									
34918	781.4131	4.415141	salamandrivorans_liq_Developed_vs_spore_Developed	3.8405053575739134	0.0001765838201198	False	False	False	False	1.0	True	False									
30026	672.3556	3.995	salamandrivorans_liq_Developed_vs_spore_Developed	3.839670249639618	0.0001765838201198	False	False	False	False	1.0	True	False									
28424	607.2978	4.020559	salamandrivorans_liq_Developed_vs_spore_Developed	3.832453741310202	0.0001765838201198	False	False	False	False	1.0	True	False									
28308	1158.6565	4.261	salamandrivorans_liq_Developed_vs_spore_Developed	3.809276592107544	0.0001765838201198	False	False	False	False	1.0	True	False									
21954	916.5071	4.248	salamandrivorans_liq_Developed_vs_spore_Developed	3.799394847126288	0.0001765838201198	False	False	False	False	1.0	True	False									
16871	628.3115	4.144	salamandrivorans_liq_Developed_vs_spore_Developed	3.7919727537575727	0.0001765838201198	False	False	False	False	1.0	True	False									
28134	848.9468	4.216	salamandrivorans_liq_Developed_vs_spore_Developed	3.785324112369648	0.0001765838201198	False	False	False	False	1.0	True	False									
38158	360.1928	4.286564	salamandrivorans_liq_Developed_vs_spore_Developed	3.781314220324322	0.0001765838201198	False	False	False	False	1.0	True	False									
36862	746.4211	4.216	salamandrivorans_liq_Developed_vs_spore_Developed	3.7807359158279663	0.0001765838201198	False	False	False	False	1.0	True	False									
26917	1090.1122	4.222	salamandrivorans_liq_Developed_vs_spore_Developed	3.777537285802305	0.0001765838201198	False	False	False	False	1.0	True	False									
34599	163.06	1.225237	salamandrivorans_liq_Developed_vs_spore_Developed	3.767803373948163	0.0001765838201198	False	False	False	False	1.0	True	False									
32015	571.3242	4.036	salamandrivorans_liq_Developed_vs_spore_Developed	3.766961859926099	0.0001765838201198	False	False	False	False	1.0	True	False									
34760	748.9062	4.163	salamandrivorans_liq_Developed_vs_spore_Developed	3.764456933226717	0.0001765838201198	False	False	False	False	1.0	True	False									
28868	960.5478	4.488713	salamandrivorans_liq_Developed_vs_spore_Developed	3.7608341094822366	0.0001765838201198	False	False	False	False	1.0	True	False									
28751	556.2983	3.936855	salamandrivorans_liq_Developed_vs_spore_Developed	3.758676076465276	0.0001765838201198	False	False	False	False	1.0	True	False									
30319	645.3533	4.137	salamandrivorans_liq_Developed_vs_spore_Developed	3.755778636781004	0.0001765838201198	False	False	False	False	1.0	True	False									
34582	1555.8094	3.979	salamandrivorans_liq_Developed_vs_spore_Developed	3.7402916104841095	0.0001765838201198	False	False	False	False	1.0	True	False									
29091	650.3737	4.137	salamandrivorans_liq_Developed_vs_spore_Developed	3.738949943990076	0.0001765838201198	False	False	False	False	1.0	True	False									
30965	873.4743	4.344912	salamandrivorans_liq_Developed_vs_spore_Developed	3.7272056933727504	0.0001765838201198	False	False	False	False	1.0	True	False									
27982	801.4191	4.632314	salamandrivorans_liq_Developed_vs_spore_Developed	3.7224332497086974	0.0001765838201198	False	False	False	False	1.0	True	False									
35158	841.442	4.232	salamandrivorans_liq_Developed_vs_spore_Developed	3.71302925355437	0.0001765838201198	False	False	False	False	1.0	True	False									
35539	780.9628	4.769389	salamandrivorans_liq_Developed_vs_spore_Developed	3.6975947042211375	0.0001765838201198	False	False	False	False	1.0	True	False									
29060	886.9885	4.586849	salamandrivorans_liq_Developed_vs_spore_Developed	3.68957690434352	0.0001765838201198	False	False	False	False	1.0	True	False									
37178	858.4326	4.22	salamandrivorans_liq_Developed_vs_spore_Developed	3.6853149522899664	0.0001765838201198	False	False	False	False	1.0	True	False									
30811	488.3195	4.05272	salamandrivorans_liq_Developed_vs_spore_Developed	3.6733220951114873	0.0001765838201198	False	False	False	False	1.0	True	False									
33748	1042.5044	4.044213	salamandrivorans_liq_Developed_vs_spore_Developed	3.6685015686591465	0.0001765838201198	False	False	False	False	1.0	True	False									
29630	1285.7062	4.205	salamandrivorans_liq_Developed_vs_spore_Developed	3.664615411372811	0.0001765838201198	False	False	False	False	1.0	True	False									
25667	831.4376	4.318339	salamandrivorans_liq_Developed_vs_spore_Developed	3.661772511356455	0.0001765838201198	False	False	False	False	1.0	True	False									
31615	631.8311	3.984	salamandrivorans_liq_Developed_vs_spore_Developed	3.661559063537591	0.0001765838201198	False	False	False	False	1.0	True	False									
36018	728.398	4.276971	salamandrivorans_liq_Developed_vs_spore_Developed	3.658480393383574	0.0001765838201198	False	False	False	False	1.0	True	False									
34824	1039.5671	4.309972	salamandrivorans_liq_Developed_vs_spore_Developed	3.655021977167497	0.0001765838201198	False	False	False	False	1.0	True	False									
30825	722.3802	4.385921	salamandrivorans_liq_Developed_vs_spore_Developed	3.652395301986104	0.0001765838201198	False	False	False	False	1.0	True	False									
26256	553.2995	4.248	salamandrivorans_liq_Developed_vs_spore_Developed	3.643930780114769	0.0001765838201198	False	False	False	False	1.0	True	False									
33116	752.4232	4.099714	salamandrivorans_liq_Developed_vs_spore_Developed	3.6366304996534105	0.0001765838201198	False	False	False	False	1.0	True	False									
29269	647.3704	4.227	salamandrivorans_liq_Developed_vs_spore_Developed	3.6363380164619055	0.0001765838201198	False	False	False	False	1.0	True	False									
28341	681.8733	4.16293	salamandrivorans_liq_Developed_vs_spore_Developed	3.6355183196663807	0.0001765838201198	False	False	False	False	1.0	True	False									
24452	385.6767	4.126	salamandrivorans_liq_Developed_vs_spore_Developed	3.629008374378927	0.0001765838201198	False	False	False	False	1.0	True	False									
30525	758.4197	4.478887	salamandrivorans_liq_Developed_vs_spore_Developed	3.621486562438737	0.0001765838201198	False	False	False	False	1.0	True	False									
28412	1081.6027	4.2205	salamandrivorans_liq_Developed_vs_spore_Developed	3.620191367035854	0.0001765838201198	False	False	False	False	1.0	True	False									
34249	877.4818	4.258004	salamandrivorans_liq_Developed_vs_spore_Developed	3.616693275184488	0.0001765838201198	False	False	False	False	1.0	True	False									
23953	675.3881	3.983	salamandrivorans_liq_Developed_vs_spore_Developed	3.615510670990772	0.0001765838201198	False	False	False	False	1.0	True	False									
35996	1544.8047	4.190814	salamandrivorans_liq_Developed_vs_spore_Developed	3.614028476259918	0.0001765838201198	False	False	False	False	1.0	True	False									
32392	1291.666	4.462919	salamandrivorans_liq_Developed_vs_spore_Developed	3.594178591287039	0.0001765838201198	False	False	False	False	1.0	True	False									
30588	1116.6307	4.334064	salamandrivorans_liq_Developed_vs_spore_Developed	3.584361949466932	0.0001765838201198	False	False	False	False	1.0	True	False									
29342	453.7454	3.973649	salamandrivorans_liq_Developed_vs_spore_Developed	3.578389227324017	0.0001765838201198	False	False	False	False	1.0	True	False									
31566	678.8304	4.09561	salamandrivorans_liq_Developed_vs_spore_Developed	3.572366630211919	0.0001765838201198	False	False	False	False	1.0	True	False									
36628	1199.6814	4.433138	salamandrivorans_liq_Developed_vs_spore_Developed	3.5711227594752617	0.0001765838201198	False	False	False	False	1.0	True	False									
33323	645.8434	4.514198	salamandrivorans_liq_Developed_vs_spore_Developed	3.538950367319792	0.0001765838201198	False	False	False	False	1.0	True	False									
29801	950.5229	4.051504	salamandrivorans_liq_Developed_vs_spore_Developed	3.536421776593192	0.0001765838201198	False	False	False	False	1.0	True	False									
32199	641.8719	4.083208	salamandrivorans_liq_Developed_vs_spore_Developed	3.486540870850191	0.0001765838201198	False	False	False	False	1.0	True	False									
26581	776.9293	4.163373	salamandrivorans_liq_Developed_vs_spore_Developed	3.483148648070725	0.0001765838201198	False	False	False	False	1.0	True	False									
32513	824.985	4.509923	salamandrivorans_liq_Developed_vs_spore_Developed	3.455811299780029	0.0001765838201198	False	False	False	False	1.0	True	False									
35447	969.0206	4.321864	salamandrivorans_liq_Developed_vs_spore_Developed	3.447679614633016	0.0001765838201198	False	False	False	False	1.0	True	False									
27133	919.0117	4.2135	salamandrivorans_liq_Developed_vs_spore_Developed	3.443921564168708	0.0001765838201198	False	False	False	False	1.0	True	False									
27408	821.4346	4.662245	salamandrivorans_liq_Developed_vs_spore_Developed	3.4426733156165445	0.0001765838201198	False	False	False	False	1.0	True	False									
23313	873.4467	4.56186	salamandrivorans_liq_Developed_vs_spore_Developed	3.441196066857179	0.0001765838201198	False	False	False	False	1.0	True	False									
20988	733.3823	4.427111	salamandrivorans_liq_Developed_vs_spore_Developed	3.440653102587697	0.0001765838201198	False	False	False	False	1.0	True	False									
29726	833.93	4.161947	salamandrivorans_liq_Developed_vs_spore_Developed	3.4219074352915566	0.0001765838201198	False	False	False	False	1.0	True	False									
30426	859.4359	4.2055	salamandrivorans_liq_Developed_vs_spore_Developed	3.400673559241791	0.0001765838201198	False	False	False	False	1.0	True	False									
29985	774.4366	4.463127	salamandrivorans_liq_Developed_vs_spore_Developed	3.3852079894403686	0.0001765838201198	False	False	False	False	1.0	True	False									
28453	893.476	4.219	salamandrivorans_liq_Developed_vs_spore_Developed	3.380977938911876	0.0001765838201198	False	False	False	False	1.0	True	False									
27484	676.36	4.195	salamandrivorans_liq_Developed_vs_spore_Developed	3.3807103357277306	0.0001765838201198	False	False	False	False	1.0	True	False									
35310	494.7924	4.186	salamandrivorans_liq_Developed_vs_spore_Developed	3.3775587469020407	0.0001765838201198	False	False	False	False	1.0	True	False									
27726	675.8846	3.98	salamandrivorans_liq_Developed_vs_spore_Developed	3.372178684694291	0.0001765838201198	False	False	False	False	1.0	True	False									
26552	886.4905	4.599949	salamandrivorans_liq_Developed_vs_spore_Developed	3.34960236482501	0.0001765838201198	False	False	False	False	1.0	True	False									
28329	416.2378	4.713598	salamandrivorans_liq_Developed_vs_spore_Developed	3.3408800885918413	0.0001765838201198	False	False	False	False	1.0	True	False									
32979	772.4178	4.331975	salamandrivorans_liq_Developed_vs_spore_Developed	3.332523619721828	0.0001765838201198	False	False	False	False	1.0	True	False									
35186	925.0156	4.59646	salamandrivorans_liq_Developed_vs_spore_Developed	3.331401628530948	0.0001765838201198	False	False	False	False	1.0	True	False									
26454	761.3949	4.195	salamandrivorans_liq_Developed_vs_spore_Developed	3.312096522616709	0.0001765838201198	False	False	False	False	1.0	True	False									
33062	842.4615	4.48493	salamandrivorans_liq_Developed_vs_spore_Developed	3.305607612186128	0.0001765838201198	False	False	False	False	1.0	True	False									
29097	561.7562	4.736	salamandrivorans_liq_Developed_vs_spore_Developed	3.299060295194548	0.0001765838201198	False	False	False	False	1.0	True	False									
34308	685.8772	4.261	salamandrivorans_liq_Developed_vs_spore_Developed	3.2971134829588293	0.0001765838201198	False	False	False	False	1.0	True	False									
23726	575.3299	4.306109	salamandrivorans_liq_Developed_vs_spore_Developed	3.290674616516829	0.0001765838201198	False	False	False	False	1.0	True	False									
35762	663.3541	4.311047	salamandrivorans_liq_Developed_vs_spore_Developed	3.2867400374565907	0.0001765838201198	False	False	False	False	1.0	True	False									
38218	1039.0751	4.371932	salamandrivorans_liq_Developed_vs_spore_Developed	3.27789414356775	0.0001765838201198	False	False	False	False	1.0	True	False									
32476	516.3055	4.379927	salamandrivorans_liq_Developed_vs_spore_Developed	3.2052207144312	0.0001765838201198	False	False	False	False	1.0	True	False									
35529	824.9847	4.449119	salamandrivorans_liq_Developed_vs_spore_Developed	3.185688688523667	0.0001765838201198	False	False	False	False	1.0	True	False									
34347	738.4138	4.344121	salamandrivorans_liq_Developed_vs_spore_Developed	3.1806674552078045	0.0001765838201198	False	False	False	False	1.0	True	False									
37064	644.3356	4.431587	salamandrivorans_liq_Developed_vs_spore_Developed	3.1768269676721226	0.0001765838201198	False	False	False	False	1.0	True	False									
28884	809.4192	4.249024	salamandrivorans_liq_Developed_vs_spore_Developed	3.1673334861157563	0.0001765838201198	False	False	False	False	1.0	True	False									
35224	939.4678	4.405178	salamandrivorans_liq_Developed_vs_spore_Developed	3.14786505517168	0.0001765838201198	False	False	False	False	1.0	True	False									
25539	610.3288	4.588	salamandrivorans_liq_Developed_vs_spore_Developed	3.137106722557092	0.0001765838201198	False	False	False	False	1.0	True	False									
33292	977.5068	4.351382	salamandrivorans_liq_Developed_vs_spore_Developed	3.131321345729285	0.0001765838201198	False	False	False	False	1.0	True	False									
28676	1119.603	4.2215	salamandrivorans_liq_Developed_vs_spore_Developed	3.1190266504109627	0.0001765838201198	False	False	False	False	1.0	True	False									
36660	889.4479	5.189728	salamandrivorans_liq_Developed_vs_spore_Developed	3.089199394764884	0.0001765838201198	False	False	False	False	1.0	True	False									
38373	813.9397	4.465641	salamandrivorans_liq_Developed_vs_spore_Developed	3.053061253229118	0.0001765838201198	False	False	False	False	1.0	True	False									
36826	346.2592	4.815979	salamandrivorans_liq_Developed_vs_spore_Developed	3.045293833973548	0.0001765838201198	False	False	False	False	1.0	True	False									
37394	725.3748	4.068956	salamandrivorans_liq_Developed_vs_spore_Developed	3.0248689181159465	0.0001765838201198	False	False	False	False	1.0	True	False									
31086	858.9341	4.196	salamandrivorans_liq_Developed_vs_spore_Developed	3.0027893230796785	0.0001765838201198	False	False	False	False	1.0	True	False									
37498	868.4799	4.490567	salamandrivorans_liq_Developed_vs_spore_Developed	2.985686233569033	0.0001765838201198	False	False	False	False	1.0	True	False									
37126	779.935	4.415948	salamandrivorans_liq_Developed_vs_spore_Developed	2.9546867397968057	0.0001765838201198	False	False	False	False	1.0	True	False									
34790	450.7902	4.071	salamandrivorans_liq_Developed_vs_spore_Developed	2.9447445888989874	0.0001765838201198	False	False	False	False	1.0	True	False									
23783	747.385	4.580551	salamandrivorans_liq_Developed_vs_spore_Developed	2.8910174696465254	0.0001765838201198	False	False	False	False	1.0	True	False									
32644	668.3655	4.640472	salamandrivorans_liq_Developed_vs_spore_Developed	2.841253731780529	0.0001765838201198	False	False	False	False	1.0	True	False									
32158	828.9628	4.487029	salamandrivorans_liq_Developed_vs_spore_Developed	2.8091378646588234	0.0001765838201198	False	False	False	False	1.0	True	False									
37278	487.2635	4.412149	salamandrivorans_liq_Developed_vs_spore_Developed	2.767226586802338	0.0001765838201198	False	False	False	False	1.0	True	False									
31202	775.6032	8.800176	salamandrivorans_liq_Developed_vs_spore_Developed	2.6573246410397613	0.0001765838201198	False	False	False	False	1.0	True	False									
32863	818.9721	4.620667	salamandrivorans_liq_Developed_vs_spore_Developed	2.6399571385905656	0.0001765838201198	False	False	False	False	1.0	True	False									
32401	606.3005	4.490089	salamandrivorans_liq_Developed_vs_spore_Developed	2.5910359583591247	0.0001765838201198	False	False	False	False	1.0	True	False									
36764	494.2812	4.331975	salamandrivorans_liq_Developed_vs_spore_Developed	2.4422484279822485	0.0001765838201198	False	False	False	False	1.0	True	False									
4495	1064.4976	1.945	salamandrivorans_liq_Developed_vs_spore_Developed	8.336155761878397	0.0001765838201198	False	False	False	False	0.9	True	False									
10972	550.2803	1.548	salamandrivorans_liq_Developed_vs_spore_Developed	8.164760765747529	0.0001765838201198	False	False	False	False	0.9	True	False									
6344	952.4354	2.452	salamandrivorans_liq_Developed_vs_spore_Developed	7.994814751952371	0.0001765838201198	False	False	False	False	0.9	True	False									
5148	457.2346	0.579994	salamandrivorans_liq_Developed_vs_spore_Developed	7.909601682534355	0.0001765838201198	False	False	False	False	0.9	True	False									
6093	630.3054	0.891446	salamandrivorans_liq_Developed_vs_spore_Developed	7.820531911800301	0.0001765838201198	False	False	False	False	0.9	True	False									
7196	570.2512	0.868	salamandrivorans_liq_Developed_vs_spore_Developed	7.813380669953591	0.0001765838201198	False	False	False	False	0.9	True	False									
5343	1130.5004	1.563	salamandrivorans_liq_Developed_vs_spore_Developed	7.717494995754039	0.0001765838201198	False	False	False	False	0.9	True	False									
7383	715.3624	1.273195	salamandrivorans_liq_Developed_vs_spore_Developed	7.6879778449320835	0.0001765838201198	False	False	False	False	0.9	True	False									
8478	849.439	2.135464	salamandrivorans_liq_Developed_vs_spore_Developed	7.625530360658092	0.0001765838201198	False	False	False	False	0.9	True	False									
6265	816.9083	3.044977	salamandrivorans_liq_Developed_vs_spore_Developed	7.542412432721543	0.0001765838201198	False	False	False	False	0.9	True	False									
8007	994.4539	1.458634	salamandrivorans_liq_Developed_vs_spore_Developed	7.513756641127683	0.0001765838201198	False	False	False	False	0.9	True	False									
6668	590.2912	0.745188	salamandrivorans_liq_Developed_vs_spore_Developed	7.448827542196922	0.0001765838201198	False	False	False	False	0.9	True	False									
31020	343.1239	0.798	salamandrivorans_liq_Developed_vs_spore_Developed	7.394947039149042	0.0001765838201198	False	False	False	False	0.9	True	False									
6285	554.2316	0.897723	salamandrivorans_liq_Developed_vs_spore_Developed	7.389470835740024	0.0001765838201198	False	False	False	False	0.9	True	False									
11841	953.4424	2.45	salamandrivorans_liq_Developed_vs_spore_Developed	7.370076906893324	0.0001765838201198	False	False	False	False	0.9	True	False									
4107	630.83	3.880576	salamandrivorans_liq_Developed_vs_spore_Developed	7.36098163487337	0.0001765838201198	False	False	False	False	0.9	True	False									
4951	385.1783	0.622	salamandrivorans_liq_Developed_vs_spore_Developed	7.320009749780314	0.0001765838201198	False	False	False	False	0.9	True	False									
16373	646.3329	1.722	salamandrivorans_liq_Developed_vs_spore_Developed	7.308956404271271	0.0001765838201198	False	False	False	False	0.9	True	False									
7759	886.476	3.1955	salamandrivorans_liq_Developed_vs_spore_Developed	7.299438265133145	0.0001765838201198	False	False	False	False	0.9	True	False									
7314	753.3455	1.993	salamandrivorans_liq_Developed_vs_spore_Developed	7.244028021524724	0.0001765838201198	False	False	False	False	0.9	True	False									
9520	664.8306	2.634	salamandrivorans_liq_Developed_vs_spore_Developed	7.152485289377728	0.0001765838201198	False	False	False	False	0.9	True	False									
5138	684.3713	1.706	salamandrivorans_liq_Developed_vs_spore_Developed	7.143707372293632	0.0001765838201198	False	False	False	False	0.9	True	False									
9890	618.3298	1.565	salamandrivorans_liq_Developed_vs_spore_Developed	7.059022941001749	0.0001765838201198	False	False	False	False	0.9	True	False									
9680	557.3077	1.403	salamandrivorans_liq_Developed_vs_spore_Developed	7.042128125539628	0.0001765838201198	False	False	False	False	0.9	True	False									
7356	475.2463	1.451332	salamandrivorans_liq_Developed_vs_spore_Developed	6.993889350791671	0.0001765838201198	False	False	False	False	0.9	True	False									
11165	673.3255	2.476613	salamandrivorans_liq_Developed_vs_spore_Developed	6.985800537066503	0.0001765838201198	False	False	False	False	0.9	True	False									
10227	743.3554	1.833	salamandrivorans_liq_Developed_vs_spore_Developed	6.959179791028221	0.0001765838201198	False	False	False	False	0.9	True	False									
10198	603.2641	0.666729	salamandrivorans_liq_Developed_vs_spore_Developed	6.93253538381718	0.0001765838201198	False	False	False	False	0.9	True	False									
4305	812.3574	2.025	salamandrivorans_liq_Developed_vs_spore_Developed	6.924634134269776	0.0001765838201198	False	False	False	False	0.9	True	False									
13807	559.3091	2.166	salamandrivorans_liq_Developed_vs_spore_Developed	6.900572918162949	0.0001765838201198	False	False	False	False	0.9	True	False									
7539	608.7806	2.751077	salamandrivorans_liq_Developed_vs_spore_Developed	6.859257294661282	0.0001765838201198	False	False	False	False	0.9	True	False									
11511	509.1871	1.14658	salamandrivorans_liq_Developed_vs_spore_Developed	6.858501215977727	0.0001765838201198	False	False	False	False	0.9	True	False									
10162	815.3499	1.323951	salamandrivorans_liq_Developed_vs_spore_Developed	6.854255138903058	0.0001765838201198	False	False	False	False	0.9	True	False									
6375	586.2721	0.747234	salamandrivorans_liq_Developed_vs_spore_Developed	6.846431929423455	0.0001765838201198	False	False	False	False	0.9	True	False									
10897	528.2461	1.248186	salamandrivorans_liq_Developed_vs_spore_Developed	6.837128636908645	0.0001765838201198	False	False	False	False	0.9	True	False									
15564	848.3793	2.01342	salamandrivorans_liq_Developed_vs_spore_Developed	6.795566967849039	0.0001765838201198	False	False	False	False	0.9	True	False									
12059	425.2289	0.998145	salamandrivorans_liq_Developed_vs_spore_Developed	6.773927126966086	0.0001765838201198	False	False	False	False	0.9	True	False									
9673	1098.5375	1.459327	salamandrivorans_liq_Developed_vs_spore_Developed	6.740559514706971	0.0001765838201198	False	False	False	False	0.9	True	False									
12944	1017.4	1.195133	salamandrivorans_liq_Developed_vs_spore_Developed	6.7314185268850375	0.0001765838201198	False	False	False	False	0.9	True	False									
10927	581.8035	1.595	salamandrivorans_liq_Developed_vs_spore_Developed	6.725936652244648	0.0001765838201198	False	False	False	False	0.9	True	False									
12599	762.3678	1.597	salamandrivorans_liq_Developed_vs_spore_Developed	6.641368972137688	0.0001765838201198	False	False	False	False	0.9	True	False									
10407	677.4064	2.745815	salamandrivorans_liq_Developed_vs_spore_Developed	6.589007973952604	0.0001765838201198	False	False	False	False	0.9	True	False									
11646	897.9517	2.856	salamandrivorans_liq_Developed_vs_spore_Developed	6.568173691199674	0.0001765838201198	False	False	False	False	0.9	True	False									
10327	442.7211	2.113344	salamandrivorans_liq_Developed_vs_spore_Developed	6.55438065314644	0.0001765838201198	False	False	False	False	0.9	True	False									
14787	817.913	3.107667	salamandrivorans_liq_Developed_vs_spore_Developed	6.545993998784283	0.0001765838201198	False	False	False	False	0.9	True	False									
9524	757.3903	2.647	salamandrivorans_liq_Developed_vs_spore_Developed	6.538326823014879	0.0001765838201198	False	False	False	False	0.9	True	False									
7526	550.7835	1.659	salamandrivorans_liq_Developed_vs_spore_Developed	6.5311152574151485	0.0001765838201198	False	False	False	False	0.9	True	False									
14569	1011.4576	0.934021	salamandrivorans_liq_Developed_vs_spore_Developed	6.527159083078304	0.0001765838201198	False	False	False	False	0.9	True	False									
12740	799.323	1.342	salamandrivorans_liq_Developed_vs_spore_Developed	6.490478305688791	0.0001765838201198	False	False	False	False	0.9	True	False									
15306	747.3602	1.641758	salamandrivorans_liq_Developed_vs_spore_Developed	6.463090159376139	0.0001765838201198	False	False	False	False	0.9	True	False									
22267	938.41	1.232728	salamandrivorans_liq_Developed_vs_spore_Developed	6.45277407315742	0.0001765838201198	False	False	False	False	0.9	True	False									
12096	551.7656	1.447063	salamandrivorans_liq_Developed_vs_spore_Developed	6.44839620616662	0.0001765838201198	False	False	False	False	0.9	True	False									
19320	819.4065	3.212674	salamandrivorans_liq_Developed_vs_spore_Developed	6.383564277743671	0.0001765838201198	False	False	False	False	0.9	True	False									
14535	769.8461	1.66	salamandrivorans_liq_Developed_vs_spore_Developed	6.377084670536743	0.0001765838201198	False	False	False	False	0.9	True	False									
17781	688.3135	0.8525	salamandrivorans_liq_Developed_vs_spore_Developed	6.366672745104783	0.0001765838201198	False	False	False	False	0.9	True	False									
5219	447.2631	2.665	salamandrivorans_liq_Developed_vs_spore_Developed	6.3447043880522696	0.0001765838201198	False	False	False	False	0.9	True	False									
14934	853.9278	2.899472	salamandrivorans_liq_Developed_vs_spore_Developed	6.340627905379671	0.0001765838201198	False	False	False	False	0.9	True	False									
8970	464.7215	3.858216	salamandrivorans_liq_Developed_vs_spore_Developed	6.338599103075274	0.0001765838201198	False	False	False	False	0.9	True	False									
11004	556.6046	1.691	salamandrivorans_liq_Developed_vs_spore_Developed	6.305591858954305	0.0001765838201198	False	False	False	False	0.9	True	False									
10738	324.1461	0.97204	salamandrivorans_liq_Developed_vs_spore_Developed	6.242578705770147	0.0001765838201198	False	False	False	False	0.9	True	False									
16484	1143.547	1.8175	salamandrivorans_liq_Developed_vs_spore_Developed	6.227997077669956	0.0001765838201198	False	False	False	False	0.9	True	False									
17282	1135.5128	1.9285	salamandrivorans_liq_Developed_vs_spore_Developed	6.22103796961655	0.0001765838201198	False	False	False	False	0.9	True	False									
7585	401.2374	2.761	salamandrivorans_liq_Developed_vs_spore_Developed	6.212988323206108	0.0001765838201198	False	False	False	False	0.9	True	False									
17318	759.872	2.890633	salamandrivorans_liq_Developed_vs_spore_Developed	6.21296547689172	0.0001765838201198	False	False	False	False	0.9	True	False									
10847	465.235	0.957981	salamandrivorans_liq_Developed_vs_spore_Developed	6.189477016750571	0.0001765838201198	False	False	False	False	0.9	True	False									
8559	876.426	2.840639	salamandrivorans_liq_Developed_vs_spore_Developed	6.189312518263371	0.0001765838201198	False	False	False	False	0.9	True	False									
10789	386.18	1.023457	salamandrivorans_liq_Developed_vs_spore_Developed	6.1843357083233546	0.0001765838201198	False	False	False	False	0.9	True	False									
8836	428.2396	2.971657	salamandrivorans_liq_Developed_vs_spore_Developed	6.168052066171713	0.0001765838201198	False	False	False	False	0.9	True	False									
11704	698.8232	1.5	salamandrivorans_liq_Developed_vs_spore_Developed	6.138932619218429	0.0001765838201198	False	False	False	False	0.9	True	False									
16425	1073.4785	2.294842	salamandrivorans_liq_Developed_vs_spore_Developed	6.137966934582894	0.0001765838201198	False	False	False	False	0.9	True	False									
10214	556.9388	1.686871	salamandrivorans_liq_Developed_vs_spore_Developed	6.10179643312725	0.0001765838201198	False	False	False	False	0.9	True	False									
16030	1203.5621	2.882819	salamandrivorans_liq_Developed_vs_spore_Developed	6.098474983856176	0.0001765838201198	False	False	False	False	0.9	True	False									
15201	839.4583	1.697058	salamandrivorans_liq_Developed_vs_spore_Developed	6.096685442392264	0.0001765838201198	False	False	False	False	0.9	True	False									
9446	396.2261	2.507	salamandrivorans_liq_Developed_vs_spore_Developed	6.093449752428215	0.0001765838201198	False	False	False	False	0.9	True	False									
13147	761.3611	1.485	salamandrivorans_liq_Developed_vs_spore_Developed	6.091538221298012	0.0001765838201198	False	False	False	False	0.9	True	False									
12424	743.3715	3.589	salamandrivorans_liq_Developed_vs_spore_Developed	6.083310840563005	0.0001765838201198	False	False	False	False	0.9	True	False									
18703	1281.6307	2.849671	salamandrivorans_liq_Developed_vs_spore_Developed	6.083133379660121	0.0001765838201198	False	False	False	False	0.9	True	False									
14636	370.6733	1.722	salamandrivorans_liq_Developed_vs_spore_Developed	6.073247928476584	0.0001765838201198	False	False	False	False	0.9	True	False									
8876	394.2211	2.292854	salamandrivorans_liq_Developed_vs_spore_Developed	6.062209760462712	0.0001765838201198	False	False	False	False	0.9	True	False									
15697	532.7623	0.892902	salamandrivorans_liq_Developed_vs_spore_Developed	6.050300115018702	0.0001765838201198	False	False	False	False	0.9	True	False									
19163	581.2841	1.786	salamandrivorans_liq_Developed_vs_spore_Developed	6.047087299679374	0.0001765838201198	False	False	False	False	0.9	True	False									
21905	989.461	1.77	salamandrivorans_liq_Developed_vs_spore_Developed	6.045412171121719	0.0001765838201198	False	False	False	False	0.9	True	False									
16039	765.9039	2.970923	salamandrivorans_liq_Developed_vs_spore_Developed	6.040474896497934	0.0001765838201198	False	False	False	False	0.9	True	False									
17210	1222.6019	3.534	salamandrivorans_liq_Developed_vs_spore_Developed	5.988737026762848	0.0001765838201198	False	False	False	False	0.9	True	False									
11324	739.4115	2.954	salamandrivorans_liq_Developed_vs_spore_Developed	5.96334876554216	0.0001765838201198	False	False	False	False	0.9	True	False									
8486	380.5142	3.556	salamandrivorans_liq_Developed_vs_spore_Developed	5.957175227230462	0.0001765838201198	False	False	False	False	0.9	True	False									
10641	346.6935	2.937	salamandrivorans_liq_Developed_vs_spore_Developed	5.951920029910562	0.0001765838201198	False	False	False	False	0.9	True	False									
16121	739.4017	2.927	salamandrivorans_liq_Developed_vs_spore_Developed	5.9359853184328415	0.0001765838201198	False	False	False	False	0.9	True	False									
19193	1203.5798	2.84884	salamandrivorans_liq_Developed_vs_spore_Developed	5.918622395739285	0.0001765838201198	False	False	False	False	0.9	True	False									
13151	859.4239	2.783	salamandrivorans_liq_Developed_vs_spore_Developed	5.880087525825917	0.0001765838201198	False	False	False	False	0.9	True	False									
20123	642.2668	1.469858	salamandrivorans_liq_Developed_vs_spore_Developed	5.866943662608967	0.0001765838201198	False	False	False	False	0.9	True	False									
18136	497.7332	1.5	salamandrivorans_liq_Developed_vs_spore_Developed	5.863389680689155	0.0001765838201198	False	False	False	False	0.9	True	False									
19709	570.2957	2.957	salamandrivorans_liq_Developed_vs_spore_Developed	5.860204246197523	0.0001765838201198	False	False	False	False	0.9	True	False									
7083	244.1294	2.018687	salamandrivorans_liq_Developed_vs_spore_Developed	5.833800126733493	0.0001765838201198	False	False	False	False	0.9	True	False									
17405	726.4149	1.256771	salamandrivorans_liq_Developed_vs_spore_Developed	5.832341019269443	0.0001765838201198	False	False	False	False	0.9	True	False									
22881	775.3275	0.979133	salamandrivorans_liq_Developed_vs_spore_Developed	5.811659013373543	0.0001765838201198	False	False	False	False	0.9	True	False									
23142	1011.4444	1.419927	salamandrivorans_liq_Developed_vs_spore_Developed	5.762316039522999	0.0001765838201198	False	False	False	False	0.9	True	False									
13581	577.7503	3.567	salamandrivorans_liq_Developed_vs_spore_Developed	5.750359135141875	0.0001765838201198	False	False	False	False	0.9	True	False									
17619	512.2493	1.42	salamandrivorans_liq_Developed_vs_spore_Developed	5.68321897095429	0.0001765838201198	False	False	False	False	0.9	True	False									
13701	724.3948	3.743235	salamandrivorans_liq_Developed_vs_spore_Developed	5.665754565948586	0.0001765838201198	False	False	False	False	0.9	True	False									
20426	731.3351	1.248276	salamandrivorans_liq_Developed_vs_spore_Developed	5.654427716887167	0.0001765838201198	False	False	False	False	0.9	True	False									
22960	502.2766	1.385	salamandrivorans_liq_Developed_vs_spore_Developed	5.587491037737668	0.0001765838201198	False	False	False	False	0.9	True	False									
21329	1138.5781	3.893	salamandrivorans_liq_Developed_vs_spore_Developed	5.444798367498431	0.0001765838201198	False	False	False	False	0.9	True	False									
15838	934.4618	3.430622	salamandrivorans_liq_Developed_vs_spore_Developed	5.427945705964539	0.0001765838201198	False	False	False	False	0.9	True	False									
21086	893.4653	3.683944	salamandrivorans_liq_Developed_vs_spore_Developed	5.411981728180027	0.0001765838201198	False	False	False	False	0.9	True	False									
26720	1138.5303	3.540873	salamandrivorans_liq_Developed_vs_spore_Developed	5.402732390415432	0.0001765838201198	False	False	False	False	0.9	True	False									
22546	384.7227	1.563	salamandrivorans_liq_Developed_vs_spore_Developed	5.3685351806546056	0.0001765838201198	False	False	False	False	0.9	True	False									
19647	672.3385	3.517595	salamandrivorans_liq_Developed_vs_spore_Developed	5.357374646394455	0.0001765838201198	False	False	False	False	0.9	True	False									
16915	570.7672	3.564	salamandrivorans_liq_Developed_vs_spore_Developed	5.349298870666922	0.0001765838201198	False	False	False	False	0.9	True	False									
14504	585.2909	0.976323	salamandrivorans_liq_Developed_vs_spore_Developed	5.327491568466422	0.0001765838201198	False	False	False	False	0.9	True	False									
17319	440.2181	1.643	salamandrivorans_liq_Developed_vs_spore_Developed	5.254642183142305	0.0001765838201198	False	False	False	False	0.9	True	False									
26692	545.2812	3.490175	salamandrivorans_liq_Developed_vs_spore_Developed	5.141953307750987	0.0001765838201198	False	False	False	False	0.9	True	False									
15996	577.5199	1.436	salamandrivorans_liq_Developed_vs_spore_Developed	5.045390306875383	0.0001765838201198	False	False	False	False	0.9	True	False									
20602	663.35	3.456991	salamandrivorans_liq_Developed_vs_spore_Developed	5.016331203925661	0.0001765838201198	False	False	False	False	0.9	True	False									
24400	246.1447	0.798	salamandrivorans_liq_Developed_vs_spore_Developed	4.890855751030634	0.0001765838201198	False	False	False	False	0.9	True	False									
23069	455.2852	3.605	salamandrivorans_liq_Developed_vs_spore_Developed	4.876065820929291	0.0001765838201198	False	False	False	False	0.9	True	False									
27118	587.2573	1.183543	salamandrivorans_liq_Developed_vs_spore_Developed	4.844556298217971	0.0001765838201198	False	False	False	False	0.9	True	False									
18013	344.2177	2.745	salamandrivorans_liq_Developed_vs_spore_Developed	4.573177446554422	0.0001765838201198	False	False	False	False	0.9	True	False									
20100	630.326	4.112237	salamandrivorans_liq_Developed_vs_spore_Developed	4.548875496942926	0.0001765838201198	False	False	False	False	0.9	True	False									
20956	565.2523	4.110545	salamandrivorans_liq_Developed_vs_spore_Developed	4.392673622290107	0.0001765838201198	False	False	False	False	0.9	True	False									
28458	418.3157	5.650241	salamandrivorans_liq_Developed_vs_spore_Developed	4.128849225909256	0.0001765838201198	False	False	False	False	0.9	True	False									
7289	877.438	3.115	salamandrivorans_liq_Developed_vs_spore_Developed	7.991365808056643	0.0001765838201198	False	False	False	False	0.8	True	False									
5574	768.372	0.905871	salamandrivorans_liq_Developed_vs_spore_Developed	7.983035535440776	0.0001765838201198	False	False	False	False	0.8	True	False									
4778	371.7072	2.271571	salamandrivorans_liq_Developed_vs_spore_Developed	7.846164160163513	0.0001765838201198	False	False	False	False	0.8	True	False									
5628	1130.4999	1.485	salamandrivorans_liq_Developed_vs_spore_Developed	7.845576906175774	0.0001765838201198	False	False	False	False	0.8	True	False									
6928	417.2126	1.896242	salamandrivorans_liq_Developed_vs_spore_Developed	7.735447969271827	0.0001765838201198	False	False	False	False	0.8	True	False									
4190	752.3553	1.753	salamandrivorans_liq_Developed_vs_spore_Developed	7.488031607052864	0.0001765838201198	False	False	False	False	0.8	True	False									
5515	750.3323	1.9925	salamandrivorans_liq_Developed_vs_spore_Developed	7.432500354846213	0.0001765838201198	False	False	False	False	0.8	True	False									
6499	317.1821	0.582	salamandrivorans_liq_Developed_vs_spore_Developed	7.401405259884336	0.0001765838201198	False	False	False	False	0.8	True	False									
7731	657.3343	1.849	salamandrivorans_liq_Developed_vs_spore_Developed	7.393577349877118	0.0001765838201198	False	False	False	False	0.8	True	False									
7167	532.7679	0.829072	salamandrivorans_liq_Developed_vs_spore_Developed	7.256470999057575	0.0001765838201198	False	False	False	False	0.8	True	False									
7489	753.8455	1.773145	salamandrivorans_liq_Developed_vs_spore_Developed	7.2476057897132575	0.0001765838201198	False	False	False	False	0.8	True	False									
8215	844.4205	3.012157	salamandrivorans_liq_Developed_vs_spore_Developed	7.217809436013492	0.0001765838201198	False	False	False	False	0.8	True	False									
11123	735.3275	1.55	salamandrivorans_liq_Developed_vs_spore_Developed	7.182207318836968	0.0001765838201198	False	False	False	False	0.8	True	False									
7298	1142.0359	1.834	salamandrivorans_liq_Developed_vs_spore_Developed	7.134344934237775	0.0001765838201198	False	False	False	False	0.8	True	False									
8569	739.8486	1.9055	salamandrivorans_liq_Developed_vs_spore_Developed	7.083435702130203	0.0001765838201198	False	False	False	False	0.8	True	False									
5603	702.8563	3.149	salamandrivorans_liq_Developed_vs_spore_Developed	7.055541393915076	0.0001765838201198	False	False	False	False	0.8	True	False									
6545	484.249	0.915323	salamandrivorans_liq_Developed_vs_spore_Developed	7.011737728699421	0.0001765838201198	False	False	False	False	0.8	True	False									
6044	677.3629	2.614387	salamandrivorans_liq_Developed_vs_spore_Developed	6.998084236154162	0.0001765838201198	False	False	False	False	0.8	True	False									
11367	395.1578	0.844	salamandrivorans_liq_Developed_vs_spore_Developed	6.88323788898002	0.0001765838201198	False	False	False	False	0.8	True	False									
10702	718.855	2.073	salamandrivorans_liq_Developed_vs_spore_Developed	6.838890451092853	0.0001765838201198	False	False	False	False	0.8	True	False									
13256	514.2335	0.834415	salamandrivorans_liq_Developed_vs_spore_Developed	6.821684152609542	0.0001765838201198	False	False	False	False	0.8	True	False									
8858	607.7838	1.373	salamandrivorans_liq_Developed_vs_spore_Developed	6.815983014797531	0.0001765838201198	False	False	False	False	0.8	True	False									
11459	731.8597	2.634	salamandrivorans_liq_Developed_vs_spore_Developed	6.760099916558978	0.0001765838201198	False	False	False	False	0.8	True	False									
9389	1023.4955	3.131	salamandrivorans_liq_Developed_vs_spore_Developed	6.740121751319884	0.0001765838201198	False	False	False	False	0.8	True	False									
18909	735.3804	2.255442	salamandrivorans_liq_Developed_vs_spore_Developed	6.656597721536872	0.0001765838201198	False	False	False	False	0.8	True	False									
6852	527.3159	2.072	salamandrivorans_liq_Developed_vs_spore_Developed	6.649710278759914	0.0001765838201198	False	False	False	False	0.8	True	False									
11015	530.5988	1.597	salamandrivorans_liq_Developed_vs_spore_Developed	6.562639649323251	0.0001765838201198	False	False	False	False	0.8	True	False									
12767	611.9626	1.675	salamandrivorans_liq_Developed_vs_spore_Developed	6.521114933284126	0.0001765838201198	False	False	False	False	0.8	True	False									
12705	630.3034	1.73	salamandrivorans_liq_Developed_vs_spore_Developed	6.438702881880788	0.0001765838201198	False	False	False	False	0.8	True	False									
6694	728.8387	1.548	salamandrivorans_liq_Developed_vs_spore_Developed	6.431575454937338	0.0001765838201198	False	False	False	False	0.8	True	False									
14138	747.3613	1.581	salamandrivorans_liq_Developed_vs_spore_Developed	6.427481327199253	0.0001765838201198	False	False	False	False	0.8	True	False									
11038	460.2322	1.722	salamandrivorans_liq_Developed_vs_spore_Developed	6.421498157143814	0.0001765838201198	False	False	False	False	0.8	True	False									
10569	880.4572	3.183698	salamandrivorans_liq_Developed_vs_spore_Developed	6.344247080842761	0.0001765838201198	False	False	False	False	0.8	True	False									
11965	734.3662	1.88	salamandrivorans_liq_Developed_vs_spore_Developed	6.229089242939822	0.0001765838201198	False	False	False	False	0.8	True	False									
14060	732.8617	2.731	salamandrivorans_liq_Developed_vs_spore_Developed	6.107119033001558	0.0001765838201198	False	False	False	False	0.8	True	False									
19306	838.4214	1.513	salamandrivorans_liq_Developed_vs_spore_Developed	6.051566101144065	0.0001765838201198	False	False	False	False	0.8	True	False									
17470	659.301	1.276081	salamandrivorans_liq_Developed_vs_spore_Developed	5.991926532068061	0.0001765838201198	False	False	False	False	0.8	True	False									
19759	497.7335	1.442633	salamandrivorans_liq_Developed_vs_spore_Developed	5.975917810536802	0.0001765838201198	False	False	False	False	0.8	True	False									
14388	504.2818	2.900997	salamandrivorans_liq_Developed_vs_spore_Developed	5.9709300995420085	0.0001765838201198	False	False	False	False	0.8	True	False									
16141	983.4428	1.851	salamandrivorans_liq_Developed_vs_spore_Developed	5.958475771148733	0.0001765838201198	False	False	False	False	0.8	True	False									
14330	388.7072	1.9605	salamandrivorans_liq_Developed_vs_spore_Developed	5.859042141447802	0.0001765838201198	False	False	False	False	0.8	True	False									
18555	652.3472	3.587	salamandrivorans_liq_Developed_vs_spore_Developed	5.857861201308657	0.0001765838201198	False	False	False	False	0.8	True	False									
14649	304.1864	0.767	salamandrivorans_liq_Developed_vs_spore_Developed	5.8267637615530665	0.0001765838201198	False	False	False	False	0.8	True	False									
14726	430.2339	2.626054	salamandrivorans_liq_Developed_vs_spore_Developed	5.70353010545115	0.0001765838201198	False	False	False	False	0.8	True	False									
18481	985.482	2.822052	salamandrivorans_liq_Developed_vs_spore_Developed	5.678166097201342	0.0001765838201198	False	False	False	False	0.8	True	False									
22042	540.752	1.738	salamandrivorans_liq_Developed_vs_spore_Developed	5.514942414439458	0.0001765838201198	False	False	False	False	0.8	True	False									
26897	328.1937	1.401	salamandrivorans_liq_Developed_vs_spore_Developed	5.4559054173386725	0.0001765838201198	False	False	False	False	0.8	True	False									
29204	710.3474	0.942012	salamandrivorans_liq_Developed_vs_spore_Developed	5.333744195461804	0.0001765838201198	False	False	False	False	0.8	True	False									
20832	566.2551	1.440829	salamandrivorans_liq_Developed_vs_spore_Developed	5.1840717884312015	0.0001765838201198	False	False	False	False	0.8	True	False									
17941	719.3472	1.993769	salamandrivorans_liq_Developed_vs_spore_Developed	5.16457435985896	0.0001765838201198	False	False	False	False	0.8	True	False									
16215	589.2823	1.20147	salamandrivorans_liq_Developed_vs_spore_Developed	5.073384395641263	0.0001765838201198	False	False	False	False	0.8	True	False									
19910	496.2523	1.408055	salamandrivorans_liq_Developed_vs_spore_Developed	4.998935448365407	0.0001765838201198	False	False	False	False	0.8	True	False									
20536	295.1446	3.94	salamandrivorans_liq_Developed_vs_spore_Developed	4.916547451904654	0.0001765838201198	False	False	False	False	0.8	True	False									
3195	554.2888	1.644	salamandrivorans_liq_Developed_vs_spore_Developed	8.948502932033252	0.0001765838201198	False	False	False	False	0.7	True	False									
2098	490.1927	0.58	salamandrivorans_liq_Developed_vs_spore_Developed	8.850039495848533	0.0001765838201198	False	False	False	False	0.7	True	False									
5419	726.3804	1.864758	salamandrivorans_liq_Developed_vs_spore_Developed	8.81462046576049	0.0001765838201198	False	False	False	False	0.7	True	False									
3049	719.3305	0.844876	salamandrivorans_liq_Developed_vs_spore_Developed	8.65153226684116	0.0001765838201198	False	False	False	False	0.7	True	False									
3813	491.2483	1.691	salamandrivorans_liq_Developed_vs_spore_Developed	8.023294209931393	0.0001765838201198	False	False	False	False	0.7	True	False									
2175	291.6647	0.5875	salamandrivorans_liq_Developed_vs_spore_Developed	7.963886463293917	0.0001765838201198	False	False	False	False	0.7	True	False									
7057	869.4042	1.404	salamandrivorans_liq_Developed_vs_spore_Developed	7.787614001550024	0.0001765838201198	False	False	False	False	0.7	True	False									
5450	414.5514	1.644	salamandrivorans_liq_Developed_vs_spore_Developed	7.75652408013424	0.0001765838201198	False	False	False	False	0.7	True	False									
7065	554.7913	1.626	salamandrivorans_liq_Developed_vs_spore_Developed	7.652307058527511	0.0001765838201198	False	False	False	False	0.7	True	False									
8648	1142.5293	1.833	salamandrivorans_liq_Developed_vs_spore_Developed	7.550193518196954	0.0001765838201198	False	False	False	False	0.7	True	False									
7237	831.4066	2.087	salamandrivorans_liq_Developed_vs_spore_Developed	7.520686833449125	0.0001765838201198	False	False	False	False	0.7	True	False									
6770	612.3066	0.717	salamandrivorans_liq_Developed_vs_spore_Developed	7.518610698220357	0.0001765838201198	False	False	False	False	0.7	True	False									
6141	767.8678	2.792484	salamandrivorans_liq_Developed_vs_spore_Developed	7.517999877676646	0.0001765838201198	False	False	False	False	0.7	True	False									
7322	817.4095	3.095529	salamandrivorans_liq_Developed_vs_spore_Developed	7.501782908952223	0.0001765838201198	False	False	False	False	0.7	True	False									
8255	672.8278	2.49036	salamandrivorans_liq_Developed_vs_spore_Developed	7.501585779625379	0.0001765838201198	False	False	False	False	0.7	True	False									
6083	405.7161	2.649	salamandrivorans_liq_Developed_vs_spore_Developed	7.431938422119176	0.0001765838201198	False	False	False	False	0.7	True	False									
6374	450.2499	2.094635	salamandrivorans_liq_Developed_vs_spore_Developed	7.374472771982592	0.0001765838201198	False	False	False	False	0.7	True	False									
10551	735.3684	2.205	salamandrivorans_liq_Developed_vs_spore_Developed	7.341904345069993	0.0001765838201198	False	False	False	False	0.7	True	False									
8388	795.9079	2.358	salamandrivorans_liq_Developed_vs_spore_Developed	7.271900678312223	0.0001765838201198	False	False	False	False	0.7	True	False									
8868	712.8389	1.98895	salamandrivorans_liq_Developed_vs_spore_Developed	7.2144028938303855	0.0001765838201198	False	False	False	False	0.7	True	False									
8624	786.3577	0.589	salamandrivorans_liq_Developed_vs_spore_Developed	7.197161889401892	0.0001765838201198	False	False	False	False	0.7	True	False									
8128	793.3701	2.824624	salamandrivorans_liq_Developed_vs_spore_Developed	7.116725952891259	0.0001765838201198	False	False	False	False	0.7	True	False									
5499	750.0021	1.993643	salamandrivorans_liq_Developed_vs_spore_Developed	7.073065986829105	0.0001765838201198	False	False	False	False	0.7	True	False									
11756	732.8557	2.267053	salamandrivorans_liq_Developed_vs_spore_Developed	6.99165220382091	0.0001765838201198	False	False	False	False	0.7	True	False									
8442	721.3563	3.3375	salamandrivorans_liq_Developed_vs_spore_Developed	6.981193328117212	0.0001765838201198	False	False	False	False	0.7	True	False									
8916	593.2793	3.014708	salamandrivorans_liq_Developed_vs_spore_Developed	6.979907014794674	0.0001765838201198	False	False	False	False	0.7	True	False									
11549	1084.5281	2.213	salamandrivorans_liq_Developed_vs_spore_Developed	6.865943415225994	0.0001765838201198	False	False	False	False	0.7	True	False									
5956	610.2916	2.0655	salamandrivorans_liq_Developed_vs_spore_Developed	6.807687820018272	0.0001765838201198	False	False	False	False	0.7	True	False									
9129	1034.4998	2.684	salamandrivorans_liq_Developed_vs_spore_Developed	6.78023007514936	0.0001765838201198	False	False	False	False	0.7	True	False									
4676	830.8694	1.565	salamandrivorans_liq_Developed_vs_spore_Developed	6.723588299013743	0.0001765838201198	False	False	False	False	0.7	True	False									
11921	647.8265	2.86703	salamandrivorans_liq_Developed_vs_spore_Developed	6.703043956489814	0.0001765838201198	False	False	False	False	0.7	True	False									
19436	938.4314	1.7545	salamandrivorans_liq_Developed_vs_spore_Developed	6.6653373526959605	0.0001765838201198	False	False	False	False	0.7	True	False									
12732	1114.4991	1.7455	salamandrivorans_liq_Developed_vs_spore_Developed	6.597213720539983	0.0001765838201198	False	False	False	False	0.7	True	False									
10707	721.861	3.341	salamandrivorans_liq_Developed_vs_spore_Developed	6.570560124224049	0.0001765838201198	False	False	False	False	0.7	True	False									
13730	650.3284	3.211351	salamandrivorans_liq_Developed_vs_spore_Developed	6.557724496294503	0.0001765838201198	False	False	False	False	0.7	True	False									
9213	845.4213	2.957494	salamandrivorans_liq_Developed_vs_spore_Developed	6.557680778237103	0.0001765838201198	False	False	False	False	0.7	True	False									
10775	1009.4977	2.602	salamandrivorans_liq_Developed_vs_spore_Developed	6.5433858151635045	0.0001765838201198	False	False	False	False	0.7	True	False									
12080	1109.5502	1.753	salamandrivorans_liq_Developed_vs_spore_Developed	6.532976650777211	0.0001765838201198	False	False	False	False	0.7	True	False									
17815	802.2903	2.271571	salamandrivorans_liq_Developed_vs_spore_Developed	6.5305586198613215	0.0001765838201198	False	False	False	False	0.7	True	False									
9473	757.8574	1.849	salamandrivorans_liq_Developed_vs_spore_Developed	6.430464151454927	0.0001765838201198	False	False	False	False	0.7	True	False									
16532	470.2136	1.482837	salamandrivorans_liq_Developed_vs_spore_Developed	6.328975242046919	0.0001765838201198	False	False	False	False	0.7	True	False									
18482	1138.5492	2.326	salamandrivorans_liq_Developed_vs_spore_Developed	6.303085709273897	0.0001765838201198	False	False	False	False	0.7	True	False									
5324	292.1687	0.62	salamandrivorans_liq_Developed_vs_spore_Developed	6.293022058653137	0.0001765838201198	False	False	False	False	0.7	True	False									
11880	394.7229	2.041	salamandrivorans_liq_Developed_vs_spore_Developed	6.232424053851969	0.0001765838201198	False	False	False	False	0.7	True	False									
12727	659.3295	1.953567	salamandrivorans_liq_Developed_vs_spore_Developed	6.181025055406803	0.0001765838201198	False	False	False	False	0.7	True	False									
18953	854.4242	2.761	salamandrivorans_liq_Developed_vs_spore_Developed	6.1428951272611565	0.0001765838201198	False	False	False	False	0.7	True	False									
15788	573.265	3.047028	salamandrivorans_liq_Developed_vs_spore_Developed	6.089378237519953	0.0001765838201198	False	False	False	False	0.7	True	False									
14845	503.2456	1.289814	salamandrivorans_liq_Developed_vs_spore_Developed	6.059613447144106	0.0001765838201198	False	False	False	False	0.7	True	False									
9709	491.7903	3.060179	salamandrivorans_liq_Developed_vs_spore_Developed	5.948928354361739	0.0001765838201198	False	False	False	False	0.7	True	False									
14003	890.4434	2.841496	salamandrivorans_liq_Developed_vs_spore_Developed	5.911210805743976	0.0001765838201198	False	False	False	False	0.7	True	False									
7804	463.2572	2.610415	salamandrivorans_liq_Developed_vs_spore_Developed	5.889988893784077	0.0001765838201198	False	False	False	False	0.7	True	False									
21411	784.8649	1.434848	salamandrivorans_liq_Developed_vs_spore_Developed	5.881663535935647	0.0001765838201198	False	False	False	False	0.7	True	False									
16015	995.481	1.993286	salamandrivorans_liq_Developed_vs_spore_Developed	5.812950464768213	0.0001765838201198	False	False	False	False	0.7	True	False									
16333	860.4277	3.147	salamandrivorans_liq_Developed_vs_spore_Developed	5.626310452047564	0.0001765838201198	False	False	False	False	0.7	True	False									
21294	674.3187	1.408617	salamandrivorans_liq_Developed_vs_spore_Developed	5.589616403729999	0.0001765838201198	False	False	False	False	0.7	True	False									
9857	446.7334	1.356852	salamandrivorans_liq_Developed_vs_spore_Developed	5.571789673352359	0.0001765838201198	False	False	False	False	0.7	True	False									
24551	687.3615	1.884	salamandrivorans_liq_Developed_vs_spore_Developed	5.412914081379224	0.0001765838201198	False	False	False	False	0.7	True	False									
25680	924.4258	1.403385	salamandrivorans_liq_Developed_vs_spore_Developed	5.401247468285837	0.0001765838201198	False	False	False	False	0.7	True	False									
20156	446.7324	1.47901	salamandrivorans_liq_Developed_vs_spore_Developed	5.401089953843519	0.0001765838201198	False	False	False	False	0.7	True	False									
11900	456.2816	1.420064	salamandrivorans_liq_Developed_vs_spore_Developed	5.375148197527024	0.0001765838201198	False	False	False	False	0.7	True	False									
19577	858.4448	3.080256	salamandrivorans_liq_Developed_vs_spore_Developed	5.367578706410697	0.0001765838201198	False	False	False	False	0.7	True	False									
30547	374.2903	5.851	salamandrivorans_liq_Developed_vs_spore_Developed	4.114526044873433	0.0001765838201198	False	False	False	False	0.7	True	False									
3347	331.1963	0.585	salamandrivorans_liq_Developed_vs_spore_Developed	8.86538282137011	0.0001765838201198	False	False	False	False	0.6	True	False									
5802	1143.5243	2.373	salamandrivorans_liq_Developed_vs_spore_Developed	8.425726500148267	0.0001765838201198	False	False	False	False	0.6	True	False									
4733	1060.4443	2.181	salamandrivorans_liq_Developed_vs_spore_Developed	8.377383497002313	0.0001765838201198	False	False	False	False	0.6	True	False									
2867	558.2881	0.601	salamandrivorans_liq_Developed_vs_spore_Developed	8.270437325315573	0.0001765838201198	False	False	False	False	0.6	True	False									
10143	714.3461	1.123404	salamandrivorans_liq_Developed_vs_spore_Developed	7.833643489511653	0.0001765838201198	False	False	False	False	0.6	True	False									
2462	249.1269	0.601	salamandrivorans_liq_Developed_vs_spore_Developed	7.780873147235622	0.0001765838201198	False	False	False	False	0.6	True	False									
5136	743.8652	1.500917	salamandrivorans_liq_Developed_vs_spore_Developed	7.650722727285608	0.0001765838201198	False	False	False	False	0.6	True	False									
6149	770.3576	1.6575	salamandrivorans_liq_Developed_vs_spore_Developed	7.619021894452688	0.0001765838201198	False	False	False	False	0.6	True	False									
7641	888.4763	2.6815	salamandrivorans_liq_Developed_vs_spore_Developed	7.483628187035739	0.0001765838201198	False	False	False	False	0.6	True	False									
6035	811.8702	1.801	salamandrivorans_liq_Developed_vs_spore_Developed	7.348778869230491	0.0001765838201198	False	False	False	False	0.6	True	False									
8560	1353.6064	2.289694	salamandrivorans_liq_Developed_vs_spore_Developed	7.277010368886115	0.0001765838201198	False	False	False	False	0.6	True	False									
13566	585.3416	0.5905	salamandrivorans_liq_Developed_vs_spore_Developed	7.190700422518304	0.0001765838201198	False	False	False	False	0.6	True	False									
13245	629.3234	1.658032	salamandrivorans_liq_Developed_vs_spore_Developed	7.031414318309828	0.0001765838201198	False	False	False	False	0.6	True	False									
6783	505.2602	0.996089	salamandrivorans_liq_Developed_vs_spore_Developed	6.944281470661219	0.0001765838201198	False	False	False	False	0.6	True	False									
14234	754.3755	2.151	salamandrivorans_liq_Developed_vs_spore_Developed	6.905851096775828	0.0001765838201198	False	False	False	False	0.6	True	False									
15256	746.3557	1.943	salamandrivorans_liq_Developed_vs_spore_Developed	6.815237071076604	0.0001765838201198	False	False	False	False	0.6	True	False									
12402	529.2971	2.31	salamandrivorans_liq_Developed_vs_spore_Developed	6.789171820873207	0.0001765838201198	False	False	False	False	0.6	True	False									
9072	601.2828	2.866531	salamandrivorans_liq_Developed_vs_spore_Developed	6.755835682884114	0.0001765838201198	False	False	False	False	0.6	True	False									
13232	568.3118	1.375696	salamandrivorans_liq_Developed_vs_spore_Developed	6.727810729689003	0.0001765838201198	False	False	False	False	0.6	True	False									
27106	529.2672	1.067	salamandrivorans_liq_Developed_vs_spore_Developed	6.684022798518138	0.0001765838201198	False	False	False	False	0.6	True	False									
14429	743.3511	2.011	salamandrivorans_liq_Developed_vs_spore_Developed	6.539447761365663	0.0001765838201198	False	False	False	False	0.6	True	False									
12900	775.017	1.644	salamandrivorans_liq_Developed_vs_spore_Developed	6.406865448525736	0.0001765838201198	False	False	False	False	0.6	True	False									
9105	683.3099	1.8015	salamandrivorans_liq_Developed_vs_spore_Developed	6.396572043377394	0.0001765838201198	False	False	False	False	0.6	True	False									
16218	564.7814	1.572	salamandrivorans_liq_Developed_vs_spore_Developed	6.369043860052982	0.0001765838201198	False	False	False	False	0.6	True	False									
8514	972.5139	4.265987	salamandrivorans_liq_Developed_vs_spore_Developed	6.362121001259999	0.0001765838201198	False	False	False	False	0.6	True	False									
21392	320.164	1.18	salamandrivorans_liq_Developed_vs_spore_Developed	6.2472228041690405	0.0001765838201198	False	False	False	False	0.6	True	False									
16314	502.2244	2.118	salamandrivorans_liq_Developed_vs_spore_Developed	6.21425888287396	0.0001765838201198	False	False	False	False	0.6	True	False									
6434	308.1726	0.618	salamandrivorans_liq_Developed_vs_spore_Developed	6.002154952644744	0.0001765838201198	False	False	False	False	0.6	True	False									
6890	554.2382	1.098671	salamandrivorans_liq_Developed_vs_spore_Developed	5.974390002116973	0.0001765838201198	False	False	False	False	0.6	True	False									
9439	450.2323	1.12426	salamandrivorans_liq_Developed_vs_spore_Developed	5.953448937489953	0.0001765838201198	False	False	False	False	0.6	True	False									
17262	731.3531	1.786516	salamandrivorans_liq_Developed_vs_spore_Developed	5.831248360176996	0.0001765838201198	False	False	False	False	0.6	True	False									
17742	651.837	3.552	salamandrivorans_liq_Developed_vs_spore_Developed	5.827598093194292	0.0001765838201198	False	False	False	False	0.6	True	False									
14091	438.2288	1.644	salamandrivorans_liq_Developed_vs_spore_Developed	5.777719954265213	0.0001765838201198	False	False	False	False	0.6	True	False									
18541	593.3067	1.832	salamandrivorans_liq_Developed_vs_spore_Developed	5.769990620325383	0.0001765838201198	False	False	False	False	0.6	True	False									
21828	637.2894	1.480347	salamandrivorans_liq_Developed_vs_spore_Developed	5.6566297861149	0.0001765838201198	False	False	False	False	0.6	True	False									
10481	320.178	2.13529	salamandrivorans_liq_Developed_vs_spore_Developed	5.62939006061578	0.0001765838201198	False	False	False	False	0.6	True	False									
23414	671.2919	0.897021	salamandrivorans_liq_Developed_vs_spore_Developed	5.616944232019907	0.0001765838201198	False	False	False	False	0.6	True	False									
18796	729.2003	1.187083	salamandrivorans_liq_Developed_vs_spore_Developed	5.543773021993613	0.0001765838201198	False	False	False	False	0.6	True	False									
19711	390.1888	1.4005	salamandrivorans_liq_Developed_vs_spore_Developed	5.539728041777692	0.0001765838201198	False	False	False	False	0.6	True	False									
12220	507.2668	3.197073	salamandrivorans_liq_Developed_vs_spore_Developed	5.535301748962642	0.0001765838201198	False	False	False	False	0.6	True	False									
24915	736.3694	2.891531	salamandrivorans_liq_Developed_vs_spore_Developed	5.430610732300603	0.0001765838201198	False	False	False	False	0.6	True	False									
23505	424.2079	1.414737	salamandrivorans_liq_Developed_vs_spore_Developed	5.078951927693479	0.0001765838201198	False	False	False	False	0.6	True	False									
3533	751.3688	2.358	salamandrivorans_liq_Developed_vs_spore_Developed	6.2743287952639655	0.0001765838201198	False	False	False	False	0.5	True	False									
4669	560.2896	2.042	salamandrivorans_liq_Developed_vs_spore_Developed	5.97639101627008	0.0001765838201198	False	False	False	False	0.5	True	False									
5146	543.2847	1.706	salamandrivorans_liq_Developed_vs_spore_Developed	5.604759992321484	0.0001765838201198	False	False	False	False	0.5	True	False									
6000	735.3247	2.434	salamandrivorans_liq_Developed_vs_spore_Developed	5.56030020802683	0.0001765838201198	False	False	False	False	0.5	True	False									
8036	743.8561	1.53	salamandrivorans_liq_Developed_vs_spore_Developed	5.317785548313087	0.0001765838201198	False	False	False	False	0.5	True	False									
7007	757.3588	1.818	salamandrivorans_liq_Developed_vs_spore_Developed	5.309902916551381	0.0001765838201198	False	False	False	False	0.5	True	False									
5422	702.3543	3.1485	salamandrivorans_liq_Developed_vs_spore_Developed	5.232863049589861	0.0001765838201198	False	False	False	False	0.5	True	False									
6304	731.8497	2.73	salamandrivorans_liq_Developed_vs_spore_Developed	4.897316374177239	0.0001765838201198	False	False	False	False	0.5	True	False									
13659	735.3641	2.94	salamandrivorans_liq_Developed_vs_spore_Developed	4.833186144538543	0.0001765838201198	False	False	False	False	0.5	True	False									
13227	365.1053	1.173222	salamandrivorans_liq_Developed_vs_spore_Developed	4.744049220319428	0.0001765838201198	False	False	False	False	0.5	True	False									
5703	257.1441	2.0245	salamandrivorans_liq_Developed_vs_spore_Developed	4.672679778933421	0.0001765838201198	False	False	False	False	0.5	True	False									
12270	559.7866	2.291473	salamandrivorans_liq_Developed_vs_spore_Developed	4.630055145831574	0.0001765838201198	False	False	False	False	0.5	True	False									
7821	762.8566	1.785	salamandrivorans_liq_Developed_vs_spore_Developed	4.625222403702666	0.0001765838201198	False	False	False	False	0.5	True	False									
6786	811.4014	1.7295	salamandrivorans_liq_Developed_vs_spore_Developed	4.617005026373648	0.0001765838201198	False	False	False	False	0.5	True	False									
7698	721.3366	2.143119	salamandrivorans_liq_Developed_vs_spore_Developed	4.518940363239932	0.0001765838201198	False	False	False	False	0.5	True	False									
8408	658.3433	1.77729	salamandrivorans_liq_Developed_vs_spore_Developed	4.488287240988445	0.0001765838201198	False	False	False	False	0.5	True	False									
8784	562.2827	2.326	salamandrivorans_liq_Developed_vs_spore_Developed	4.3955541329448495	0.0001765838201198	False	False	False	False	0.5	True	False									
12395	629.8275	1.52345	salamandrivorans_liq_Developed_vs_spore_Developed	4.394140915910219	0.0001765838201198	False	False	False	False	0.5	True	False									
17639	859.4119	1.738	salamandrivorans_liq_Developed_vs_spore_Developed	4.310239481308195	0.0001765838201198	False	False	False	False	0.5	True	False									
15025	1329.6576	2.59483	salamandrivorans_liq_Developed_vs_spore_Developed	4.285172801041676	0.0001765838201198	False	False	False	False	0.5	True	False									
4558	667.3168	1.9455	salamandrivorans_liq_Developed_vs_spore_Developed	4.223597192581921	0.0001765838201198	False	False	False	False	0.5	True	False									
5163	703.3681	3.105837	salamandrivorans_liq_Developed_vs_spore_Developed	4.19429116228839	0.0001765838201198	False	False	False	False	0.5	True	False									
7547	438.737	2.108414	salamandrivorans_liq_Developed_vs_spore_Developed	4.1822269599572905	0.0001765838201198	False	False	False	False	0.5	True	False									
13157	618.2804	0.682391	salamandrivorans_liq_Developed_vs_spore_Developed	4.134937167242225	0.0001765838201198	False	False	False	False	0.5	True	False									
12117	490.2404	1.082672	salamandrivorans_liq_Developed_vs_spore_Developed	4.050395284685441	0.0001765838201198	False	False	False	False	0.5	True	False									
9712	785.437	1.404	salamandrivorans_liq_Developed_vs_spore_Developed	4.041728237173286	0.0001765838201198	False	False	False	False	0.5	True	False									
16005	1139.5475	2.277	salamandrivorans_liq_Developed_vs_spore_Developed	4.0129474367127775	0.0001765838201198	False	False	False	False	0.5	True	False									
4307	446.7369	0.66575	salamandrivorans_liq_Developed_vs_spore_Developed	3.936511737081121	0.0001765838201198	False	False	False	False	0.5	True	False									
10226	428.7276	0.81345	salamandrivorans_liq_Developed_vs_spore_Developed	3.844197553778891	0.0001765838201198	False	False	False	False	0.5	True	False									
8069	531.2416	0.598	salamandrivorans_liq_Developed_vs_spore_Developed	3.825315440274691	0.0001765838201198	False	False	False	False	0.5	True	False									
14503	598.3117	1.865	salamandrivorans_liq_Developed_vs_spore_Developed	3.784433563535205	0.0001765838201198	False	False	False	False	0.5	True	False									
14690	1167.5675	2.308	salamandrivorans_liq_Developed_vs_spore_Developed	3.726703853849737	0.0001765838201198	False	False	False	False	0.5	True	False									
8694	728.8384	1.8255	salamandrivorans_liq_Developed_vs_spore_Developed	3.409941762121181	0.0001765838201198	False	False	False	False	0.5	True	False									
7400	481.2304	1.950455	salamandrivorans_liq_Developed_vs_spore_Developed	3.382963302467927	0.0001765838201198	False	False	False	False	0.5	True	False									
38202	231.1713	1.721	salamandrivorans_liq_Developed_vs_spore_Developed	3.3198943030636863	0.0001765838201198	False	False	False	False	0.5	True	False									
18330	731.8417	1.468742	salamandrivorans_liq_Developed_vs_spore_Developed	3.282948573147077	0.0001765838201198	False	False	False	False	0.5	True	False									
19512	314.1703	2.214	salamandrivorans_liq_Developed_vs_spore_Developed	2.906610359665991	0.0001765838201198	False	False	False	False	0.5	True	False									
11481	597.3054	1.675	salamandrivorans_liq_Developed_vs_spore_Developed	2.898298522508591	0.0001765838201198	False	False	False	False	0.5	True	False									
16432	393.2125	2.54	salamandrivorans_liq_Developed_vs_spore_Developed	2.503936185179485	0.0001765838201198	False	False	False	False	0.5	True	False									
13303	392.2239	0.961383	salamandrivorans_liq_Developed_vs_spore_Developed	2.482708940913024	0.0001765838201198	False	False	False	False	0.5	True	False									
14118	635.3315	0.945572	salamandrivorans_liq_Developed_vs_spore_Developed	1.6932262495662995	0.0001765838201198	False	False	False	False	0.5	True	False									
2184	732.3556	3.035719	salamandrivorans_liq_Developed_vs_spore_Developed	6.23321673576043	0.0001765838201198	False	False	False	False	0.4	True	False									
1874	490.9163	1.691	salamandrivorans_liq_Developed_vs_spore_Developed	5.030612229135589	0.0001765838201198	False	False	False	False	0.4	True	False									
1366	543.2406	0.596	salamandrivorans_liq_Developed_vs_spore_Developed	4.912351639958273	0.0001765838201198	False	False	False	False	0.4	True	False									
4214	932.4617	2.665	salamandrivorans_liq_Developed_vs_spore_Developed	4.77648121248564	0.0001765838201198	False	False	False	False	0.4	True	False									
4345	570.7933	2.111153	salamandrivorans_liq_Developed_vs_spore_Developed	4.672105137521365	0.0001765838201198	False	False	False	False	0.4	True	False									
3572	1146.5339	2.167	salamandrivorans_liq_Developed_vs_spore_Developed	4.40496722252313	0.0001765838201198	False	False	False	False	0.4	True	False									
3551	334.6837	2.461	salamandrivorans_liq_Developed_vs_spore_Developed	4.299417066669093	0.0001765838201198	False	False	False	False	0.4	True	False									
12127	665.3106	2.034	salamandrivorans_liq_Developed_vs_spore_Developed	3.977907363361576	0.0001765838201198	False	False	False	False	0.4	True	False									
9510	689.3297	2.289568	salamandrivorans_liq_Developed_vs_spore_Developed	3.8611451998655006	0.0001765838201198	False	False	False	False	0.4	True	False									
12066	1079.5046	2.735758	salamandrivorans_liq_Developed_vs_spore_Developed	3.8173014722688032	0.0001765838201198	False	False	False	False	0.4	True	False									
9422	1162.0559	2.342742	salamandrivorans_liq_Developed_vs_spore_Developed	3.652982082617231	0.0001765838201198	False	False	False	False	0.4	True	False									
3639	449.237	2.0175	salamandrivorans_liq_Developed_vs_spore_Developed	3.5537594994666386	0.0001765838201198	False	False	False	False	0.4	True	False									
12857	771.4133	2.825718	salamandrivorans_liq_Developed_vs_spore_Developed	3.47181371614298	0.0001765838201198	False	False	False	False	0.4	True	False									
5176	796.8886	2.18	salamandrivorans_liq_Developed_vs_spore_Developed	3.433576479053149	0.0001765838201198	False	False	False	False	0.4	True	False									
7983	907.4278	1.469758	salamandrivorans_liq_Developed_vs_spore_Developed	3.428668990278974	0.0001765838201198	False	False	False	False	0.4	True	False									
14837	431.2509	1.675	salamandrivorans_liq_Developed_vs_spore_Developed	3.2862855233354	0.0001765838201198	False	False	False	False	0.4	True	False									
14404	1201.5912	2.261737	salamandrivorans_liq_Developed_vs_spore_Developed	3.2204158548505752	0.0001765838201198	False	False	False	False	0.4	True	False									
13580	732.8185	1.8805	salamandrivorans_liq_Developed_vs_spore_Developed	3.2051988709467305	0.0001765838201198	False	False	False	False	0.4	True	False									
18311	365.1053	0.798	salamandrivorans_liq_Developed_vs_spore_Developed	3.1198019293587045	0.0001765838201198	False	False	False	False	0.4	True	False									
13770	733.3574	2.259956	salamandrivorans_liq_Developed_vs_spore_Developed	3.070061088675433	0.0001765838201198	False	False	False	False	0.4	True	False									
9015	816.4122	1.944	salamandrivorans_liq_Developed_vs_spore_Developed	3.030074530876803	0.0001765838201198	False	False	False	False	0.4	True	False									
7727	720.3915	2.1735	salamandrivorans_liq_Developed_vs_spore_Developed	2.9681286528705457	0.0001765838201198	False	False	False	False	0.4	True	False									
7326	220.138	0.5865	salamandrivorans_liq_Developed_vs_spore_Developed	2.954811624006131	0.0001765838201198	False	False	False	False	0.4	True	False									
13107	966.4621	1.826	salamandrivorans_liq_Developed_vs_spore_Developed	2.910195597471843	0.0001765838201198	False	False	False	False	0.4	True	False									
8653	305.17	2.026	salamandrivorans_liq_Developed_vs_spore_Developed	2.8864581925669968	0.0001765838201198	False	False	False	False	0.4	True	False									
13033	1292.6476	2.650265	salamandrivorans_liq_Developed_vs_spore_Developed	2.844400853489795	0.0001765838201198	False	False	False	False	0.4	True	False									
17471	847.3999	1.88	salamandrivorans_liq_Developed_vs_spore_Developed	2.824750776796447	0.0001765838201198	False	False	False	False	0.4	True	False									
12566	1122.5095	1.468	salamandrivorans_liq_Developed_vs_spore_Developed	2.8215029149015245	0.0001765838201198	False	False	False	False	0.4	True	False									
34340	328.2246	2.255864	salamandrivorans_liq_Developed_vs_spore_Developed	2.777360477666522	0.0001765838201198	False	False	False	False	0.4	True	False									
14796	358.2714	2.972361	salamandrivorans_liq_Developed_vs_spore_Developed	2.7306911766284307	0.0001765838201198	False	False	False	False	0.4	True	False									
11885	600.2656	1.123033	salamandrivorans_liq_Developed_vs_spore_Developed	2.53887327279086	0.0001765838201198	False	False	False	False	0.4	True	False									
19787	511.2524	1.753	salamandrivorans_liq_Developed_vs_spore_Developed	2.5158378316076675	0.0001765838201198	False	False	False	False	0.4	True	False									
16642	300.1936	1.72283	salamandrivorans_liq_Developed_vs_spore_Developed	2.3994364065409712	0.0001765838201198	False	False	False	False	0.4	True	False									
6254	728.3294	1.818	salamandrivorans_liq_Developed_vs_spore_Developed	2.3001766672925985	0.0001765838201198	False	False	False	False	0.4	True	False									
14594	518.2584	2.826609	salamandrivorans_liq_Developed_vs_spore_Developed	2.278647950922006	0.0001765838201198	False	False	False	False	0.4	True	False									
15175	732.3483	1.457029	salamandrivorans_liq_Developed_vs_spore_Developed	2.271956476889544	0.0001765838201198	False	False	False	False	0.4	True	False									
4019	669.322	0.581497	salamandrivorans_liq_Developed_vs_spore_Developed	2.2385882774413752	0.0001765838201198	False	False	False	False	0.4	True	False									
21044	365.1052	10.662138	salamandrivorans_liq_Developed_vs_spore_Developed	2.0881984937405003	0.0001765838201198	False	False	False	False	0.4	True	False									
15160	857.3891	1.579	salamandrivorans_liq_Developed_vs_spore_Developed	1.853597775635667	0.0001765838201198	False	False	False	False	0.4	True	False									
21295	391.2058	2.255125	salamandrivorans_liq_Developed_vs_spore_Developed	1.7876308071931315	0.0001765838201198	False	False	False	False	0.4	True	False									
5120	473.2467	1.515979	salamandrivorans_liq_Developed_vs_spore_Developed	4.850460269859257	0.0001765838201198	False	False	False	False	0.3	True	False									
5448	872.465	3.26	salamandrivorans_liq_Developed_vs_spore_Developed	4.5515070028294025	0.0001765838201198	False	False	False	False	0.3	True	False									
1702	814.4445	2.404	salamandrivorans_liq_Developed_vs_spore_Developed	4.102140122698579	0.0001765838201198	False	False	False	False	0.3	True	False									
3047	463.258	2.39018	salamandrivorans_liq_Developed_vs_spore_Developed	4.034838511436038	0.0001765838201198	False	False	False	False	0.3	True	False									
5535	611.2797	1.738	salamandrivorans_liq_Developed_vs_spore_Developed	3.904052867606603	0.0001765838201198	False	False	False	False	0.3	True	False									
13031	600.3348	2.323278	salamandrivorans_liq_Developed_vs_spore_Developed	3.496462198716417	0.0001765838201198	False	False	False	False	0.3	True	False									
12665	260.1606	0.897777	salamandrivorans_liq_Developed_vs_spore_Developed	3.4574904172388656	0.0001765838201198	False	False	False	False	0.3	True	False									
10580	656.3168	2.261	salamandrivorans_liq_Developed_vs_spore_Developed	3.4348347259116343	0.0001765838201198	False	False	False	False	0.3	True	False									
10986	690.3347	2.26215	salamandrivorans_liq_Developed_vs_spore_Developed	3.3300940526951144	0.0001765838201198	False	False	False	False	0.3	True	False									
3324	1200.5646	2.810541	salamandrivorans_liq_Developed_vs_spore_Developed	3.3165619579827865	0.0001765838201198	False	False	False	False	0.3	True	False									
9316	724.8821	2.762	salamandrivorans_liq_Developed_vs_spore_Developed	3.238287501135148	0.0001765838201198	False	False	False	False	0.3	True	False									
8030	570.2695	3.567	salamandrivorans_liq_Developed_vs_spore_Developed	3.237366444370738	0.0001765838201198	False	False	False	False	0.3	True	False									
12016	389.2026	1.785	salamandrivorans_liq_Developed_vs_spore_Developed	3.1827321717190964	0.0001765838201198	False	False	False	False	0.3	True	False									
6490	670.3024	1.66	salamandrivorans_liq_Developed_vs_spore_Developed	3.0866131963122374	0.0001765838201198	False	False	False	False	0.3	True	False									
18313	875.4053	1.802	salamandrivorans_liq_Developed_vs_spore_Developed	3.012201022258691	0.0001765838201198	False	False	False	False	0.3	True	False									
11612	338.1367	0.941352	salamandrivorans_liq_Developed_vs_spore_Developed	2.975868005990222	0.0001765838201198	False	False	False	False	0.3	True	False									
10080	724.6848	1.737	salamandrivorans_liq_Developed_vs_spore_Developed	2.950134229127253	0.0001765838201198	False	False	False	False	0.3	True	False									
5084	517.2523	3.442302	salamandrivorans_liq_Developed_vs_spore_Developed	2.9404657086491337	0.0001765838201198	False	False	False	False	0.3	True	False									
7158	928.3974	2.0725	salamandrivorans_liq_Developed_vs_spore_Developed	2.8465501506736977	0.0001765838201198	False	False	False	False	0.3	True	False									
13614	1201.0493	2.77	salamandrivorans_liq_Developed_vs_spore_Developed	2.8242397601693114	0.0001765838201198	False	False	False	False	0.3	True	False									
7493	662.8367	2.326	salamandrivorans_liq_Developed_vs_spore_Developed	2.8115040053370395	0.0001765838201198	False	False	False	False	0.3	True	False									
7757	799.3303	2.357	salamandrivorans_liq_Developed_vs_spore_Developed	2.751590782512448	0.0001765838201198	False	False	False	False	0.3	True	False									
4400	486.7286	1.737	salamandrivorans_liq_Developed_vs_spore_Developed	2.589616581719877	0.0001765838201198	False	False	False	False	0.3	True	False									
6626	816.7432	1.956937	salamandrivorans_liq_Developed_vs_spore_Developed	2.410465693932452	0.0001765838201198	False	False	False	False	0.3	True	False									
18975	347.1987	0.934688	salamandrivorans_liq_Developed_vs_spore_Developed	2.376723614646276	0.0001765838201198	False	False	False	False	0.3	True	False									
12382	368.1811	0.843073	salamandrivorans_liq_Developed_vs_spore_Developed	2.371020482094154	0.0001765838201198	False	False	False	False	0.3	True	False									
15252	421.2331	1.469	salamandrivorans_liq_Developed_vs_spore_Developed	2.363021041080817	0.0001765838201198	False	False	False	False	0.3	True	False									
22346	842.3918	1.913	salamandrivorans_liq_Developed_vs_spore_Developed	2.233363910608107	0.0001765838201198	False	False	False	False	0.3	True	False									
10083	269.1611	1.881	salamandrivorans_liq_Developed_vs_spore_Developed	2.052797433059613	0.0001765838201198	False	False	False	False	0.3	True	False									
11355	822.3685	1.942	salamandrivorans_liq_Developed_vs_spore_Developed	1.689134197738105	0.0001765838201198	False	False	False	False	0.3	True	False									
16881	695.3445	1.515583	salamandrivorans_liq_Developed_vs_spore_Developed	1.6841843177727585	0.0001765838201198	False	False	False	False	0.3	True	False									
16934	366.1662	1.581	salamandrivorans_liq_Developed_vs_spore_Developed	1.4602990717925146	0.0001765838201198	False	False	False	False	0.3	True	False									
1525	582.3221	2.101936	salamandrivorans_liq_Developed_vs_spore_Developed	5.375272170167221	0.0001765838201198	False	False	False	False	0.1999999999999999	True	False									
2875	767.3832	2.550834	salamandrivorans_liq_Developed_vs_spore_Developed	4.745504462434997	0.0001765838201198	False	False	False	False	0.1999999999999999	True	False									
3237	947.452	2.460103	salamandrivorans_liq_Developed_vs_spore_Developed	4.589554631516785	0.0001765838201198	False	False	False	False	0.1999999999999999	True	False									
4971	720.8309	2.15	salamandrivorans_liq_Developed_vs_spore_Developed	3.8043738280284622	0.0001765838201198	False	False	False	False	0.1999999999999999	True	False									
4027	478.7278	2.445	salamandrivorans_liq_Developed_vs_spore_Developed	3.801225846816084	0.0001765838201198	False	False	False	False	0.1999999999999999	True	False									
9368	346.2339	2.453	salamandrivorans_liq_Developed_vs_spore_Developed	3.6871373309656073	0.0001765838201198	False	False	False	False	0.1999999999999999	True	False									
5697	619.797	1.737	salamandrivorans_liq_Developed_vs_spore_Developed	3.680018739161965	0.0001765838201198	False	False	False	False	0.1999999999999999	True	False									
8854	943.4452	1.881	salamandrivorans_liq_Developed_vs_spore_Developed	3.609007431639716	0.0001765838201198	False	False	False	False	0.1999999999999999	True	False									
5316	762.3564	1.771	salamandrivorans_liq_Developed_vs_spore_Developed	3.593047375285219	0.0001765838201198	False	False	False	False	0.1999999999999999	True	False									
10851	812.4138	2.139064	salamandrivorans_liq_Developed_vs_spore_Developed	3.3360650125216287	0.0001765838201198	False	False	False	False	0.1999999999999999	True	False									
7050	767.8886	2.54	salamandrivorans_liq_Developed_vs_spore_Developed	3.3173304041042413	0.0001765838201198	False	False	False	False	0.1999999999999999	True	False									
9942	623.6204	2.057	salamandrivorans_liq_Developed_vs_spore_Developed	3.194869544184039	0.0001765838201198	False	False	False	False	0.1999999999999999	True	False									
7560	440.2134	1.516	salamandrivorans_liq_Developed_vs_spore_Developed	3.036432900030481	0.0001765838201198	False	False	False	False	0.1999999999999999	True	False									
9456	1089.4889	1.802	salamandrivorans_liq_Developed_vs_spore_Developed	2.8985519465623457	0.0001765838201198	False	False	False	False	0.1999999999999999	True	False									
9658	483.245	1.095	salamandrivorans_liq_Developed_vs_spore_Developed	2.833030538546756	0.0001765838201198	False	False	False	False	0.1999999999999999	False	False									
11845	1027.4711	1.579	salamandrivorans_liq_Developed_vs_spore_Developed	2.828931228700021	0.0001765838201198	False	False	False	False	0.1999999999999999	True	False									
3602	371.2297	0.6135	salamandrivorans_liq_Developed_vs_spore_Developed	2.822821626274099	0.0001765838201198	False	False	False	False	0.1999999999999999	True	False									
5455	316.2239	2.404	salamandrivorans_liq_Developed_vs_spore_Developed	2.7500069539694887	0.0001765838201198	False	False	False	False	0.1999999999999999	True	False									
5991	373.2453	2.405	salamandrivorans_liq_Developed_vs_spore_Developed	2.746745541803108	0.0001765838201198	False	False	False	False	0.1999999999999999	True	False									
8276	1072.481	2.284036	salamandrivorans_liq_Developed_vs_spore_Developed	2.7463035846163737	0.0001765838201198	False	False	False	False	0.1999999999999999	True	False									
8250	929.4426	1.911	salamandrivorans_liq_Developed_vs_spore_Developed	2.653188151264412	0.0001765838201198	False	False	False	False	0.1999999999999999	True	False									
8346	610.2834	1.5235	salamandrivorans_liq_Developed_vs_spore_Developed	2.5912839680278297	0.0001765838201198	False	False	False	False	0.1999999999999999	True	False									
8512	672.301	0.717	salamandrivorans_liq_Developed_vs_spore_Developed	2.56066283632091	0.0001765838201198	False	False	False	False	0.1999999999999999	True	False									
13859	524.2628	3.162	salamandrivorans_liq_Developed_vs_spore_Developed	2.539211658644719	0.0001765838201198	False	False	False	False	0.1999999999999999	True	False									
15972	817.4161	2.746	salamandrivorans_liq_Developed_vs_spore_Developed	2.5326853079439964	0.0001765838201198	False	False	False	False	0.1999999999999999	True	False									
31106	288.1912	2.049	salamandrivorans_liq_Developed_vs_spore_Developed	2.4563183631840246	0.0001765838201198	False	False	False	False	0.1999999999999999	True	False									
36459	203.1394	0.814	salamandrivorans_liq_Developed_vs_spore_Developed	2.4330048576572216	0.0001765838201198	False	False	False	False	0.1999999999999999	True	False									
13707	314.1728	2.057	salamandrivorans_liq_Developed_vs_spore_Developed	2.288108045495115	0.0001765838201198	False	False	False	False	0.1999999999999999	True	False									
17760	900.4113	2.261737	salamandrivorans_liq_Developed_vs_spore_Developed	2.260393242237212	0.0001765838201198	False	False	False	False	0.1999999999999999	True	False									
4944	457.2411	0.595	salamandrivorans_liq_Developed_vs_spore_Developed	2.1998946567007205	0.0001765838201198	False	False	False	False	0.1999999999999999	True	False									
16533	1171.5397	2.229845	salamandrivorans_liq_Developed_vs_spore_Developed	2.189157503605476	0.0001765838201198	False	False	False	False	0.1999999999999999	True	False									
5663	288.1904	0.596013	salamandrivorans_liq_Developed_vs_spore_Developed	2.159198319854701	0.0001765838201198	False	False	False	False	0.1999999999999999	True	False									
10546	372.2106	2.267877	salamandrivorans_liq_Developed_vs_spore_Developed	2.1331151739465364	0.0001765838201198	False	False	False	False	0.1999999999999999	True	False									
20072	671.3002	0.959739	salamandrivorans_liq_Developed_vs_spore_Developed	1.582959925272191	0.0001765838201198	False	False	False	False	0.1999999999999999	True	False									
34164	569.7861	2.146	salamandrivorans_liq_Developed_vs_spore_Developed	5.262510388811056	0.0001765838201198	False	False	False	False	0.0999999999999999	True	False									
1138	743.4117	2.271571	salamandrivorans_liq_Developed_vs_spore_Developed	5.084952312540302	0.0001765838201198	False	False	False	False	0.0999999999999999	True	False									
7340	513.2325	0.818	salamandrivorans_liq_Developed_vs_spore_Developed	4.169095772085739	0.0001765838201198	False	False	False	False	0.0999999999999999	True	False									
5973	606.3082	2.271633	salamandrivorans_liq_Developed_vs_spore_Developed	4.163071347776599	0.0001765838201198	False	False	False	False	0.0999999999999999	True	False									
4378	755.3576	1.817	salamandrivorans_liq_Developed_vs_spore_Developed	3.808988869323683	0.0001765838201198	False	False	False	False	0.0999999999999999	True	False									
10941	970.48	2.243259	salamandrivorans_liq_Developed_vs_spore_Developed	3.725664066377059	0.0001765838201198	False	False	False	False	0.0999999999999999	True	False									
7601	559.2847	2.283767	salamandrivorans_liq_Developed_vs_spore_Developed	3.4559006990918424	0.0001765838201198	False	False	False	False	0.0999999999999999	True	False									
9744	610.2856	1.707	salamandrivorans_liq_Developed_vs_spore_Developed	3.4108826637538248	0.0001765838201198	False	False	False	False	0.0999999999999999	True	False									
7199	867.3878	0.845829	salamandrivorans_liq_Developed_vs_spore_Developed	3.141583911897174	0.0001765838201198	False	False	False	False	0.0999999999999999	True	False									
5690	317.1353	1.691	salamandrivorans_liq_Developed_vs_spore_Developed	3.134398670685761	0.0001765838201198	False	False	False	False	0.0999999999999999	True	False									
5564	430.7169	2.984122	salamandrivorans_liq_Developed_vs_spore_Developed	3.1088965252911147	0.0001765838201198	False	False	False	False	0.0999999999999999	True	False									
29750	576.3005	2.404	salamandrivorans_liq_Developed_vs_spore_Developed	2.8311787052459447	0.0001765838201198	False	False	False	False	0.0999999999999999	True	False									
9372	395.1584	0.746	salamandrivorans_liq_Developed_vs_spore_Developed	2.8172476493918364	0.0001765838201198	False	False	False	False	0.0999999999999999	True	False									
14769	612.2922	1.738	salamandrivorans_liq_Developed_vs_spore_Developed	2.690021818810024	0.0001765838201198	False	False	False	False	0.0999999999999999	True	False									
8097	925.437	1.8805	salamandrivorans_liq_Developed_vs_spore_Developed	2.671290694581124	0.0001765838201198	False	False	False	False	0.0999999999999999	True	False									
14326	942.453	2.235	salamandrivorans_liq_Developed_vs_spore_Developed	2.596370851557823	0.0001765838201198	False	False	False	False	0.0999999999999999	True	False									
5195	513.303	1.833	salamandrivorans_liq_Developed_vs_spore_Developed	2.561975773593527	0.0001765838201198	False	False	False	False	0.0999999999999999	True	False									
6757	601.319	2.0725	salamandrivorans_liq_Developed_vs_spore_Developed	2.5349906406748266	0.0001765838201198	False	False	False	False	0.0999999999999999	True	False									
13057	454.2233	1.469365	salamandrivorans_liq_Developed_vs_spore_Developed	2.512533230409702	0.0001765838201198	False	False	False	False	0.0999999999999999	True	False									
9307	668.3395	1.463212	salamandrivorans_liq_Developed_vs_spore_Developed	2.4785296468515825	0.0001765838201198	False	False	False	False	0.0999999999999999	True	False									
16022	489.2292	0.889	salamandrivorans_liq_Developed_vs_spore_Developed	2.361421538253005	0.0001765838201198	False	False	False	False	0.0999999999999999	True	False									
14997	1179.5592	2.118	salamandrivorans_liq_Developed_vs_spore_Developed	2.3490697905518787	0.0001765838201198	False	False	False	False	0.0999999999999999	True	False									
11791	384.6556	2.945058	salamandrivorans_liq_Developed_vs_spore_Developed	2.296569497666474	0.0001765838201198	False	False	False	False	0.0999999999999999	False	False									
2272	612.8099	1.984619	salamandrivorans_liq_Developed_vs_spore_Developed	2.2120443915896697	0.0001765838201198	False	False	False	False	0.0999999999999999	True	False									
8033	725.0182	1.737	salamandrivorans_liq_Developed_vs_spore_Developed	2.195704060050784	0.0001765838201198	False	False	False	False	0.0999999999999999	True	False									
12897	461.7148	1.383167	salamandrivorans_liq_Developed_vs_spore_Developed	2.159825122011985	0.0001765838201198	False	False	False	False	0.0999999999999999	True	False									
15761	995.4178	1.691	salamandrivorans_liq_Developed_vs_spore_Developed	2.151905114735194	0.0001765838201198	False	False	False	False	0.0999999999999999	True	False									
16572	1077.488	1.927	salamandrivorans_liq_Developed_vs_spore_Developed	2.011671486706581	0.0001765838201198	False	False	False	False	0.0999999999999999	True	False									
9779	596.8017	1.675	salamandrivorans_liq_Developed_vs_spore_Developed	1.9852406491112728	0.0001765838201198	False	False	False	False	0.0999999999999999	True	False									
10251	464.2135	1.7705	salamandrivorans_liq_Developed_vs_spore_Developed	1.872905702461151	0.0001765838201198	False	False	False	False	0.0999999999999999	True	False									
19100	1141.5425	2.269633	salamandrivorans_liq_Developed_vs_spore_Developed	1.7588683280001645	0.0001765838201198	False	False	False	False	0.0999999999999999	True	False									
16536	350.206	1.93475	salamandrivorans_liq_Developed_vs_spore_Developed	1.6618321143374988	0.0001765838201198	False	False	False	False	0.0999999999999999	True	False									
13913	600.7672	1.159439	salamandrivorans_liq_Developed_vs_spore_Developed	1.6515256842378938	0.0001765838201198	False	False	False	False	0.0999999999999999	True	False									
10612	280.1745	2.246857	salamandrivorans_liq_Developed_vs_spore_Developed	1.5681956081970003	0.0001765838201198	False	False	False	False	0.0999999999999999	True	False									
13668	572.2672	1.573	salamandrivorans_liq_Developed_vs_spore_Developed	1.5458085939454222	0.0001765838201198	False	False	False	False	0.0999999999999999	True	False									
31508	633.3275	2.831211	salamandrivorans_liq_Developed_vs_spore_Developed	1.433970020326439	0.0001765838201198	False	False	False	False	0.0999999999999999	True	False									
9684	937.9429	1.771	salamandrivorans_liq_Developed_vs_spore_Developed	1.076991853819402	0.0001765838201198	False	False	False	False	0.0999999999999999	False	False									
5280	771.3937	2.227938	salamandrivorans_liq_Developed_vs_spore_Developed	4.37383333215567	0.0001765838201198	False	False	False	False	0.0	True	False									
4500	957.476	2.475	salamandrivorans_liq_Developed_vs_spore_Developed	4.228044348913894	0.0001765838201198	False	False	False	False	0.0	True	False									
2960	775.881	2.793	salamandrivorans_liq_Developed_vs_spore_Developed	4.050570942120053	0.0001765838201198	False	False	False	False	0.0	True	False									
3586	786.3608	1.852	salamandrivorans_liq_Developed_vs_spore_Developed	3.7551298401991056	0.0001765838201198	False	False	False	False	0.0	True	False									
24144	619.3181	2.362	salamandrivorans_liq_Developed_vs_spore_Developed	3.721013299849168	0.0001765838201198	False	False	False	False	0.0	True	False									
13242	231.1711	0.978	salamandrivorans_liq_Developed_vs_spore_Developed	3.6530236035649937	0.0001765838201198	False	False	False	False	0.0	True	False									
2442	727.394	2.714071	salamandrivorans_liq_Developed_vs_spore_Developed	3.60074164302385	0.0001765838201198	False	False	False	False	0.0	True	False									
1581	605.0645	2.118	salamandrivorans_liq_Developed_vs_spore_Developed	3.5815233726150018	0.0001765838201198	False	False	False	False	0.0	True	False									
4771	562.2873	3.556	salamandrivorans_liq_Developed_vs_spore_Developed	3.4982165244702568	0.0001765838201198	False	False	False	False	0.0	True	False									
3919	577.3079	2.165	salamandrivorans_liq_Developed_vs_spore_Developed	3.250974314138754	0.0001765838201198	False	False	False	False	0.0	True	False									
7281	590.3286	2.796	salamandrivorans_liq_Developed_vs_spore_Developed	3.218964448867986	0.0001765838201198	False	False	False	False	0.0	True	False									
3512	743.3647	1.532	salamandrivorans_liq_Developed_vs_spore_Developed	3.1630812989184345	0.0001765838201198	False	False	False	False	0.0	True	False									
3395	489.2381	1.033298	salamandrivorans_liq_Developed_vs_spore_Developed	3.109442925498384	0.0001765838201198	False	False	False	False	0.0	True	False									
3660	724.8872	2.6035	salamandrivorans_liq_Developed_vs_spore_Developed	3.0826060040397247	0.0001765838201198	False	False	False	False	0.0	True	False									
4591	419.8826	1.500221	salamandrivorans_liq_Developed_vs_spore_Developed	3.071243471380284	0.0001765838201198	False	False	False	False	0.0	True	False									
6995	690.3184	1.38834	salamandrivorans_liq_Developed_vs_spore_Developed	2.871971873253856	0.0001765838201198	False	False	False	False	0.0	True	False									
4125	803.4047	2.586	salamandrivorans_liq_Developed_vs_spore_Developed	2.8377991867158574	0.0001765838201198	False	False	False	False	0.0	True	False									
7754	572.2979	2.153345	salamandrivorans_liq_Developed_vs_spore_Developed	2.826169807747391	0.0001765838201198	False	False	False	False	0.0	True	False									
4504	649.313	2.25932	salamandrivorans_liq_Developed_vs_spore_Developed	2.8211049298393336	0.0001765838201198	False	False	False	False	0.0	True	False									
6085	797.3911	2.167	salamandrivorans_liq_Developed_vs_spore_Developed	2.8148665357153324	0.0001765838201198	False	False	False	False	0.0	True	False									
7388	578.2509	2.402	salamandrivorans_liq_Developed_vs_spore_Developed	2.7648446855901767	0.0001765838201198	False	False	False	False	0.0	True	False									
9333	765.3619	1.897508	salamandrivorans_liq_Developed_vs_spore_Developed	2.749943820942004	0.0001765838201198	False	False	False	False	0.0	True	False									
11455	557.331	2.165	salamandrivorans_liq_Developed_vs_spore_Developed	2.716987872278839	0.0001765838201198	False	False	False	False	0.0	True	False									
5003	897.452	2.809	salamandrivorans_liq_Developed_vs_spore_Developed	2.657761610086415	0.0001765838201198	False	False	False	False	0.0	False	False									
4431	867.0974	2.6025	salamandrivorans_liq_Developed_vs_spore_Developed	2.641173563889727	0.0001765838201198	False	False	False	False	0.0	True	False									
7655	1285.6338	2.5865	salamandrivorans_liq_Developed_vs_spore_Developed	2.5956251755415725	0.0001765838201198	False	False	False	False	0.0	True	False									
4940	928.4099	2.072	salamandrivorans_liq_Developed_vs_spore_Developed	2.5243700399989737	0.0001765838201198	False	False	False	False	0.0	True	False									
10621	682.38	2.763	salamandrivorans_liq_Developed_vs_spore_Developed	2.51434661382588	0.0001765838201198	False	False	False	False	0.0	True	False									
4688	776.3621	1.675	salamandrivorans_liq_Developed_vs_spore_Developed	2.502952953445472	0.0001765838201198	False	False	False	False	0.0	True	False									
11654	342.2046	2.665818	salamandrivorans_liq_Developed_vs_spore_Developed	2.494044022081792	0.0001765838201198	False	False	False	False	0.0	True	False									
1236	730.6792	1.628	salamandrivorans_liq_Developed_vs_spore_Developed	2.481441469891404	0.0001765838201198	False	False	False	False	0.0	True	False									
13724	584.3403	0.5725	salamandrivorans_liq_Developed_vs_spore_Developed	2.393800163375034	0.0001765838201198	False	False	False	False	0.0	True	False									
12178	991.4865	2.598879	salamandrivorans_liq_Developed_vs_spore_Developed	2.385069386959181	0.0001765838201198	False	False	False	False	0.0	True	False									
4327	896.4238	1.691	salamandrivorans_liq_Developed_vs_spore_Developed	2.373629128277447	0.0001765838201198	False	False	False	False	0.0	True	False									
9584	732.3542	2.73	salamandrivorans_liq_Developed_vs_spore_Developed	2.3570803553411297	0.0001765838201198	False	False	False	False	0.0	True	False									
5259	539.3179	2.388	salamandrivorans_liq_Developed_vs_spore_Developed	2.355733651113752	0.0001765838201198	False	False	False	False	0.0	True	False									
10828	929.9417	1.911	salamandrivorans_liq_Developed_vs_spore_Developed	2.3344999933980484	0.0001765838201198	False	False	False	False	0.0	True	False									
9618	731.3497	1.628	salamandrivorans_liq_Developed_vs_spore_Developed	2.2771379823812183	0.0001765838201198	False	False	False	False	0.0	True	False									
11979	1178.063	2.243584	salamandrivorans_liq_Developed_vs_spore_Developed	2.239989335226978	0.0001765838201198	False	False	False	False	0.0	True	False									
3334	291.6671	0.6365	salamandrivorans_liq_Developed_vs_spore_Developed	2.208796745313166	0.0001765838201198	False	False	False	False	0.0	True	False									
11989	504.2485	1.027849	salamandrivorans_liq_Developed_vs_spore_Developed	2.1694384472943287	0.0001765838201198	False	False	False	False	0.0	True	False									
5843	642.3083	1.7705	salamandrivorans_liq_Developed_vs_spore_Developed	2.145324063464283	0.0001765838201198	False	False	False	False	0.0	True	False									
3300	609.3059	2.082408	salamandrivorans_liq_Developed_vs_spore_Developed	2.1382452918536337	0.0001765838201198	False	False	False	False	0.0	True	False									
2148	400.2201	0.602	salamandrivorans_liq_Developed_vs_spore_Developed	2.0642319435182794	0.0001765838201198	False	False	False	False	0.0	True	False									
15270	1177.5629	2.2305	salamandrivorans_liq_Developed_vs_spore_Developed	2.055767479717069	0.0001765838201198	False	False	False	False	0.0	True	False									
13348	864.421	1.865	salamandrivorans_liq_Developed_vs_spore_Developed	2.0177882354864782	0.0001765838201198	False	False	False	False	0.0	True	False									
11615	773.8975	2.936	salamandrivorans_liq_Developed_vs_spore_Developed	2.010961412574215	0.0001765838201198	False	False	False	False	0.0	True	False									
9711	774.3994	2.935151	salamandrivorans_liq_Developed_vs_spore_Developed	2.0013785155942827	0.0001765838201198	False	False	False	False	0.0	True	False									
8339	515.2495	1.5645	salamandrivorans_liq_Developed_vs_spore_Developed	1.9654844634863928	0.0001765838201198	False	False	False	False	0.0	True	False									
15632	555.2485	2.793	salamandrivorans_liq_Developed_vs_spore_Developed	1.935756602305296	0.0001765838201198	False	False	False	False	0.0	True	False									
5898	837.4062	1.588983	salamandrivorans_liq_Developed_vs_spore_Developed	1.9213465137853083	0.0001765838201198	False	False	False	False	0.0	True	False									
34695	550.27	1.390449	salamandrivorans_liq_Developed_vs_spore_Developed	1.91083489171742	0.0001765838201198	False	False	False	False	0.0	True	False									
7426	420.732	1.469879	salamandrivorans_liq_Developed_vs_spore_Developed	1.8766484578819145	0.0001765838201198	False	False	False	False	0.0	True	False									
9916	740.3652	1.833	salamandrivorans_liq_Developed_vs_spore_Developed	1.8699329050088296	0.0001765838201198	False	False	False	False	0.0	True	False									
7548	782.8985	2.823504	salamandrivorans_liq_Developed_vs_spore_Developed	1.8224481688872776	0.0001765838201198	False	False	False	False	0.0	True	False									
12849	990.4926	2.54	salamandrivorans_liq_Developed_vs_spore_Developed	1.801639662070997	0.0001765838201198	False	False	False	False	0.0	True	False									
8159	469.7162	1.483318	salamandrivorans_liq_Developed_vs_spore_Developed	1.801067015947252	0.0001765838201198	False	False	False	False	0.0	True	False									
6684	562.2638	1.404	salamandrivorans_liq_Developed_vs_spore_Developed	1.758639996270747	0.0001765838201198	False	False	False	False	0.0	True	False									
5000	750.8596	1.701	salamandrivorans_liq_Developed_vs_spore_Developed	1.7195036313187777	0.0001765838201198	False	False	False	False	0.0	True	False									
11577	365.1809	2.54	salamandrivorans_liq_Developed_vs_spore_Developed	1.7190917630757157	0.0001765838201198	False	False	False	False	0.0	True	False									
9356	673.3165	1.403	salamandrivorans_liq_Developed_vs_spore_Developed	1.699641319733443	0.0001765838201198	False	False	False	False	0.0	True	False									
5783	274.177	0.949422	salamandrivorans_liq_Developed_vs_spore_Developed	1.666685856732405	0.0001765838201198	False	False	False	False	0.0	True	False									
7803	591.3135	2.998161	salamandrivorans_liq_Developed_vs_spore_Developed	1.65462076881422	0.0001765838201198	False	False	False	False	0.0	True	False									
3570	593.2678	0.581	salamandrivorans_liq_Developed_vs_spore_Developed	1.6432172069330655	0.0001765838201198	False	False	False	False	0.0	True	False									
10666	442.2616	2.388813	salamandrivorans_liq_Developed_vs_spore_Developed	1.5487388851174997	0.0001765838201198	False	False	False	False	0.0	True	False									
12830	945.4651	2.467172	salamandrivorans_liq_Developed_vs_spore_Developed	1.4915550468688934	0.0001765838201198	False	False	False	False	0.0	True	False									
10447	562.7644	1.4535	salamandrivorans_liq_Developed_vs_spore_Developed	1.467658494291317	0.0001765838201198	False	False	False	False	0.0	True	False									
16177	260.1603	0.737143	salamandrivorans_liq_Developed_vs_spore_Developed	1.457929009726292	0.0001765838201198	False	False	False	False	0.0	True	False									
9783	652.3306	1.596	salamandrivorans_liq_Developed_vs_spore_Developed	1.4449482167741503	0.0001765838201198	False	False	False	False	0.0	True	False									
8356	316.1867	1.485	salamandrivorans_liq_Developed_vs_spore_Developed	1.4214138561212364	0.0001765838201198	False	False	False	False	0.0	True	False									
37591	442.2677	2.06	salamandrivorans_liq_Developed_vs_spore_Developed	1.3030271677089853	0.0001765838201198	False	False	False	False	0.0	True	False									
21140	460.2406	1.338367	salamandrivorans_liq_Developed_vs_spore_Developed	1.1725044028227538	0.0001765838201198	False	False	False	False	0.0	True	False									
13930	667.8449	2.268853	salamandrivorans_liq_Developed_vs_spore_Developed	0.96884407739766	0.0001765838201198	False	False	False	False	0.0	False	False									
7613	408.1976	0.608	salamandrivorans_liq_Developed_vs_spore_Developed	0.9615725687765028	0.0001765838201198	False	False	False	False	0.0	False	False									
5143	489.3062	3.497049	salamandrivorans_liq_Developed_vs_spore_Developed	7.084246548188116	0.0003382990598159	False	False	False	False	0.9	True	False									
4661	488.1795	0.588	salamandrivorans_liq_Developed_vs_spore_Developed	7.030056808360008	0.0003382990598159	False	False	False	False	0.9	True	False									
11026	752.3646	0.6125	salamandrivorans_liq_Developed_vs_spore_Developed	6.841745769614264	0.0003382990598159	False	False	False	False	0.9	True	False									
17219	738.3374	1.516	salamandrivorans_liq_Developed_vs_spore_Developed	6.05003032209259	0.0003382990598159	False	False	False	False	0.9	True	False									
19656	942.947	2.199	salamandrivorans_liq_Developed_vs_spore_Developed	5.996816178991412	0.0003382990598159	False	False	False	False	0.9	True	False									
14454	912.3994	0.737036	salamandrivorans_liq_Developed_vs_spore_Developed	5.9188976429223406	0.0003382990598159	False	False	False	False	0.9	True	False									
16271	1080.4395	1.421	salamandrivorans_liq_Developed_vs_spore_Developed	5.703860541791216	0.0003382990598159	False	False	False	False	0.9	True	False									
18850	657.8383	3.499345	salamandrivorans_liq_Developed_vs_spore_Developed	5.315658473696172	0.0003382990598159	False	False	False	False	0.9	True	False									
4421	803.3822	0.764	salamandrivorans_liq_Developed_vs_spore_Developed	5.281224365658517	0.0003382990598159	False	False	False	False	0.9	True	False									
18865	563.7758	1.418785	salamandrivorans_liq_Developed_vs_spore_Developed	5.278545524811005	0.0003382990598159	False	False	False	False	0.9	True	False									
23697	761.9464	4.383	salamandrivorans_liq_Developed_vs_spore_Developed	5.238923523813536	0.0003382990598159	False	False	False	False	0.9	True	False									
31486	962.4533	4.040319	salamandrivorans_liq_Developed_vs_spore_Developed	4.92963577358094	0.0003382990598159	False	False	False	False	0.9	True	False									
16059	672.3652	3.8655	salamandrivorans_liq_Developed_vs_spore_Developed	4.879360494676901	0.0003382990598159	False	False	False	False	0.9	True	False									
25018	1141.6305	4.022391	salamandrivorans_liq_Developed_vs_spore_Developed	4.568140834610966	0.0003382990598159	False	False	False	False	0.9	True	False									
20377	948.5045	4.059062	salamandrivorans_liq_Developed_vs_spore_Developed	4.529553284830524	0.0003382990598159	False	False	False	False	0.9	True	False									
33225	763.42	3.787233	salamandrivorans_liq_Developed_vs_spore_Developed	4.511953103627659	0.0003382990598159	False	False	False	False	0.9	True	False									
22464	1090.5864	4.226	salamandrivorans_liq_Developed_vs_spore_Developed	4.487276929623857	0.0003382990598159	False	False	False	False	0.9	True	False									
17396	727.8683	3.769623	salamandrivorans_liq_Developed_vs_spore_Developed	4.435141144090797	0.0003382990598159	False	False	False	False	0.9	True	False									
22218	878.459	4.222	salamandrivorans_liq_Developed_vs_spore_Developed	4.4124054967357536	0.0003382990598159	False	False	False	False	0.9	True	False									
35626	281.1485	1.290176	salamandrivorans_liq_Developed_vs_spore_Developed	4.076626538944921	0.0003382990598159	False	False	False	False	0.9	True	False									
29881	995.509	4.248	salamandrivorans_liq_Developed_vs_spore_Developed	3.550945435839157	0.0003382990598159	False	False	False	False	0.9	True	False									
25130	1000.5536	4.165	salamandrivorans_liq_Developed_vs_spore_Developed	3.508255506111599	0.0003382990598159	False	False	False	False	0.9	True	False									
35657	770.4275	4.12	salamandrivorans_liq_Developed_vs_spore_Developed	3.4020097419191893	0.0003382990598159	False	False	False	False	0.9	True	False									
29597	721.3831	4.047676	salamandrivorans_liq_Developed_vs_spore_Developed	3.354601599445469	0.0003382990598159	False	False	False	False	0.9	True	False									
35671	729.893	4.148	salamandrivorans_liq_Developed_vs_spore_Developed	3.30120635644955	0.0003382990598159	False	False	False	False	0.9	True	False									
31921	214.2166	4.68104	salamandrivorans_liq_Developed_vs_spore_Developed	2.865242149142269	0.0003382990598159	False	False	False	False	0.9	True	False									
36264	443.2827	3.995	salamandrivorans_liq_Developed_vs_spore_Developed	2.5123826969446506	0.0003382990598159	False	False	False	False	0.9	True	False									
26079	595.3386	4.2265	salamandrivorans_liq_Developed_vs_spore_Developed	2.43756892146145	0.0003382990598159	False	False	False	False	0.9	True	False									
18249	713.3446	3.355	salamandrivorans_liq_Developed_vs_spore_Developed	6.304662810657024	0.0003382990598159	False	False	False	False	0.8	True	False									
12556	1004.4639	1.8255	salamandrivorans_liq_Developed_vs_spore_Developed	6.128133410631803	0.0003382990598159	False	False	False	False	0.8	True	False									
20170	589.3481	3.021455	salamandrivorans_liq_Developed_vs_spore_Developed	5.19270475805933	0.0003382990598159	False	False	False	False	0.8	True	False									
22338	453.2689	3.57	salamandrivorans_liq_Developed_vs_spore_Developed	5.15061261157497	0.0003382990598159	False	False	False	False	0.8	True	False									
20586	860.8943	1.323	salamandrivorans_liq_Developed_vs_spore_Developed	4.707676983806941	0.0003382990598159	False	False	False	False	0.8	True	False									
22429	732.3398	1.482	salamandrivorans_liq_Developed_vs_spore_Developed	5.966527770823257	0.0003382990598159	False	False	False	False	0.7	True	False									
18641	611.2795	1.080065	salamandrivorans_liq_Developed_vs_spore_Developed	5.63529961086125	0.0003382990598159	False	False	False	False	0.7	True	False									
26750	410.2074	3.419	salamandrivorans_liq_Developed_vs_spore_Developed	4.685498648958194	0.0003382990598159	False	False	False	False	0.7	True	False									
14668	620.2959	1.753	salamandrivorans_liq_Developed_vs_spore_Developed	6.597407760518712	0.0003382990598159	False	False	False	False	0.6	True	False									
7832	570.0377	1.912	salamandrivorans_liq_Developed_vs_spore_Developed	6.520601899393025	0.0003382990598159	False	False	False	False	0.6	True	False									
17285	510.2178	1.025303	salamandrivorans_liq_Developed_vs_spore_Developed	6.19030544610271	0.0003382990598159	False	False	False	False	0.6	True	False									
16522	699.3142	1.514769	salamandrivorans_liq_Developed_vs_spore_Developed	6.080038381290107	0.0003382990598159	False	False	False	False	0.6	True	False									
2920	279.1341	1.911	salamandrivorans_liq_Developed_vs_spore_Developed	5.175345807825052	0.0003382990598159	False	False	False	False	0.5	True	False									
7558	578.7912	1.769	salamandrivorans_liq_Developed_vs_spore_Developed	3.5944073192170043	0.0003382990598159	False	False	False	False	0.5	True	False									
16255	383.2281	3.863135	salamandrivorans_liq_Developed_vs_spore_Developed	2.5176382799674424	0.0003382990598159	False	False	False	False	0.5	True	False									
37896	495.9101	1.585861	salamandrivorans_liq_Developed_vs_spore_Developed	4.248803445214753	0.0003382990598159	False	False	False	False	0.4	True	False									
9065	574.2108	0.911114	salamandrivorans_liq_Developed_vs_spore_Developed	2.69828370278351	0.0003382990598159	False	False	False	False	0.4	True	False									
11695	447.2476	1.911	salamandrivorans_liq_Developed_vs_spore_Developed	2.3523440694082747	0.0003382990598159	False	False	False	False	0.4	True	False									
20105	703.3253	1.753	salamandrivorans_liq_Developed_vs_spore_Developed	2.1049713194979898	0.0003382990598159	False	False	False	False	0.4	True	False									
13870	677.3215	1.836	salamandrivorans_liq_Developed_vs_spore_Developed	2.499110544061073	0.0003382990598159	False	False	False	False	0.3	True	False									
33479	332.2182	1.261752	salamandrivorans_liq_Developed_vs_spore_Developed	2.381153796518915	0.0003382990598159	False	False	False	False	0.3	True	False									
17641	380.2287	2.217476	salamandrivorans_liq_Developed_vs_spore_Developed	1.3761182496832367	0.0003382990598159	False	False	False	False	0.3	True	False									
19809	1055.4839	1.945	salamandrivorans_liq_Developed_vs_spore_Developed	1.284597059940778	0.0003382990598159	False	False	False	False	0.3	True	False									
2404	998.5235	2.215	salamandrivorans_liq_Developed_vs_spore_Developed	3.731683054785017	0.0003382990598159	False	False	False	False	0.1999999999999999	True	False									
6666	570.2887	1.8725	salamandrivorans_liq_Developed_vs_spore_Developed	3.333444917042172	0.0003382990598159	False	False	False	False	0.1999999999999999	True	False									
14406	777.3586	1.675	salamandrivorans_liq_Developed_vs_spore_Developed	2.2029600942021923	0.0003382990598159	False	False	False	False	0.1999999999999999	True	False									
11935	457.2397	0.711679	salamandrivorans_liq_Developed_vs_spore_Developed	1.2256901837050456	0.0003382990598159	False	False	False	False	0.1999999999999999	True	False									
11496	295.1662	1.054466	salamandrivorans_liq_Developed_vs_spore_Developed	1.0834335517406082	0.0003382990598159	False	False	False	False	0.1999999999999999	True	False									
15782	357.1783	1.059037	salamandrivorans_liq_Developed_vs_spore_Developed	1.8255611735038493	0.0003382990598159	False	False	False	False	0.0999999999999999	True	False									
6088	551.8028	3.0525	salamandrivorans_liq_Developed_vs_spore_Developed	2.5101546884103363	0.0003382990598159	False	False	False	False	0.0	True	False									
10325	994.4069	1.707	salamandrivorans_liq_Developed_vs_spore_Developed	2.104468246964062	0.0003382990598159	False	False	False	False	0.0	True	False									
13273	231.1699	2.231536	salamandrivorans_liq_Developed_vs_spore_Developed	1.9249108817466	0.0003382990598159	False	False	False	False	0.0	True	False									
32368	692.327	2.3655	salamandrivorans_liq_Developed_vs_spore_Developed	1.8805590862766688	0.0003382990598159	False	False	False	False	0.0	True	False									
14802	740.3603	1.7695	salamandrivorans_liq_Developed_vs_spore_Developed	1.8630380672653848	0.0003382990598159	False	False	False	False	0.0	True	False									
21667	530.2919	1.098698	salamandrivorans_liq_Developed_vs_spore_Developed	1.7566257305048498	0.0003382990598159	False	False	False	False	0.0	True	False									
11854	786.3587	1.801	salamandrivorans_liq_Developed_vs_spore_Developed	1.7361902938854228	0.0003382990598159	False	False	False	False	0.0	True	False									
35085	279.1389	1.643	salamandrivorans_liq_Developed_vs_spore_Developed	1.3576673079061574	0.0003382990598159	False	False	False	False	0.0	True	False									
14643	617.2268	1.613	salamandrivorans_liq_Developed_vs_spore_Developed	1.2984716051355552	0.0003382990598159	False	False	False	False	0.0	False	False									
7136	331.1967	0.761	salamandrivorans_liq_Developed_vs_spore_Developed	1.1396647602275491	0.0003382990598159	False	False	False	False	0.0	True	False									
5773	785.3532	2.731	salamandrivorans_liq_Developed_vs_spore_Developed	7.731425250437818	0.0004638344108538	False	False	False	False	0.9	True	False									
7427	993.6413	2.427375	salamandrivorans_liq_Developed_vs_spore_Developed	7.682911091329696	0.0004638344108538	False	False	False	False	0.9	True	False									
7657	688.38	3.272	salamandrivorans_liq_Developed_vs_spore_Developed	7.404604866275664	0.0004638344108538	False	False	False	False	0.9	True	False									
5983	791.3611	0.582	salamandrivorans_liq_Developed_vs_spore_Developed	6.831866030850505	0.0004638344108538	False	False	False	False	0.9	True	False									
14368	999.3783	1.501835	salamandrivorans_liq_Developed_vs_spore_Developed	6.717181689774353	0.0004638344108538	False	False	False	False	0.9	True	False									
9107	984.4431	2.49862	salamandrivorans_liq_Developed_vs_spore_Developed	6.681113067774644	0.0004638344108538	False	False	False	False	0.9	True	False									
10756	602.3635	2.793	salamandrivorans_liq_Developed_vs_spore_Developed	6.549169306944333	0.0004638344108538	False	False	False	False	0.9	True	False									
16963	918.4573	3.015245	salamandrivorans_liq_Developed_vs_spore_Developed	6.347345255781269	0.0004638344108538	False	False	False	False	0.9	True	False									
16117	826.9185	3.038011	salamandrivorans_liq_Developed_vs_spore_Developed	6.3362796571743765	0.0004638344108538	False	False	False	False	0.9	True	False									
17245	507.1886	0.577	salamandrivorans_liq_Developed_vs_spore_Developed	6.264384405933552	0.0004638344108538	False	False	False	False	0.9	True	False									
18083	1229.6094	3.518	salamandrivorans_liq_Developed_vs_spore_Developed	6.243369937432665	0.0004638344108538	False	False	False	False	0.9	True	False									
19443	814.4574	3.1535	salamandrivorans_liq_Developed_vs_spore_Developed	6.1990962433454655	0.0004638344108538	False	False	False	False	0.9	True	False									
9697	712.8489	3.3455	salamandrivorans_liq_Developed_vs_spore_Developed	6.197004583936021	0.0004638344108538	False	False	False	False	0.9	True	False									
6129	266.1298	0.587	salamandrivorans_liq_Developed_vs_spore_Developed	6.195849102161413	0.0004638344108538	False	False	False	False	0.9	True	False									
14750	1102.5687	3.824117	salamandrivorans_liq_Developed_vs_spore_Developed	6.178026749513531	0.0004638344108538	False	False	False	False	0.9	True	False									
8851	1442.7267	3.648816	salamandrivorans_liq_Developed_vs_spore_Developed	6.137949682439215	0.0004638344108538	False	False	False	False	0.9	True	False									
12728	455.575	1.911	salamandrivorans_liq_Developed_vs_spore_Developed	6.12946339673374	0.0004638344108538	False	False	False	False	0.9	True	False									
16824	619.2485	4.195909	salamandrivorans_liq_Developed_vs_spore_Developed	6.111311904471863	0.0004638344108538	False	False	False	False	0.9	True	False									
15677	1066.5098	1.96804	salamandrivorans_liq_Developed_vs_spore_Developed	6.04299181122269	0.0004638344108538	False	False	False	False	0.9	True	False									
9037	672.4319	0.677	salamandrivorans_liq_Developed_vs_spore_Developed	6.029667363534279	0.0004638344108538	False	False	False	False	0.9	True	False									
15641	705.3903	2.795	salamandrivorans_liq_Developed_vs_spore_Developed	6.025924643940125	0.0004638344108538	False	False	False	False	0.9	True	False									
16802	790.379	2.025	salamandrivorans_liq_Developed_vs_spore_Developed	6.005741851104962	0.0004638344108538	False	False	False	False	0.9	True	False									
13910	1063.531	2.760746	salamandrivorans_liq_Developed_vs_spore_Developed	5.984528113023624	0.0004638344108538	False	False	False	False	0.9	True	False									
17696	554.2716	1.388642	salamandrivorans_liq_Developed_vs_spore_Developed	5.939467017012936	0.0004638344108538	False	False	False	False	0.9	True	False									
14689	513.3365	1.802	salamandrivorans_liq_Developed_vs_spore_Developed	5.80791162791374	0.0004638344108538	False	False	False	False	0.9	True	False									
21334	1446.6748	3.646248	salamandrivorans_liq_Developed_vs_spore_Developed	5.804462165039838	0.0004638344108538	False	False	False	False	0.9	True	False									
30723	653.3642	1.6305	salamandrivorans_liq_Developed_vs_spore_Developed	5.710645666466744	0.0004638344108538	False	False	False	False	0.9	True	False									
16056	1147.5757	2.523	salamandrivorans_liq_Developed_vs_spore_Developed	5.7013351497976	0.0004638344108538	False	False	False	False	0.9	True	False									
13045	893.5002	3.91462	salamandrivorans_liq_Developed_vs_spore_Developed	5.6926918408041685	0.0004638344108538	False	False	False	False	0.9	True	False									
8803	426.1892	0.683	salamandrivorans_liq_Developed_vs_spore_Developed	5.650310887815701	0.0004638344108538	False	False	False	False	0.9	True	False									
14207	603.2941	1.501	salamandrivorans_liq_Developed_vs_spore_Developed	5.628233597655189	0.0004638344108538	False	False	False	False	0.9	True	False									
10679	509.2882	3.375898	salamandrivorans_liq_Developed_vs_spore_Developed	5.62187691613708	0.0004638344108538	False	False	False	False	0.9	True	False									
16723	734.3455	1.006315	salamandrivorans_liq_Developed_vs_spore_Developed	5.612737378915192	0.0004638344108538	False	False	False	False	0.9	True	False									
14528	363.2116	0.710724	salamandrivorans_liq_Developed_vs_spore_Developed	5.588554089443101	0.0004638344108538	False	False	False	False	0.9	True	False									
16759	644.8549	4.007356	salamandrivorans_liq_Developed_vs_spore_Developed	5.5527594238220885	0.0004638344108538	False	False	False	False	0.9	True	False									
13003	373.2452	0.6225	salamandrivorans_liq_Developed_vs_spore_Developed	5.547973243537198	0.0004638344108538	False	False	False	False	0.9	True	False									
19053	695.4055	3.76031	salamandrivorans_liq_Developed_vs_spore_Developed	5.508180964787921	0.0004638344108538	False	False	False	False	0.9	True	False									
12341	565.2502	3.123	salamandrivorans_liq_Developed_vs_spore_Developed	5.505489534977604	0.0004638344108538	False	False	False	False	0.9	True	False									
18752	748.3205	1.126032	salamandrivorans_liq_Developed_vs_spore_Developed	5.489659571971213	0.0004638344108538	False	False	False	False	0.9	True	False									
22592	452.7255	1.532	salamandrivorans_liq_Developed_vs_spore_Developed	5.439692334726441	0.0004638344108538	False	False	False	False	0.9	True	False									
12082	449.2272	3.216568	salamandrivorans_liq_Developed_vs_spore_Developed	5.39968528239688	0.0004638344108538	False	False	False	False	0.9	True	False									
24383	754.3362	1.332737	salamandrivorans_liq_Developed_vs_spore_Developed	5.396040959561161	0.0004638344108538	False	False	False	False	0.9	True	False									
8090	838.3723	0.699	salamandrivorans_liq_Developed_vs_spore_Developed	5.383544378761124	0.0004638344108538	False	False	False	False	0.9	True	False									
10263	400.239	3.633504	salamandrivorans_liq_Developed_vs_spore_Developed	5.38353306847373	0.0004638344108538	False	False	False	False	0.9	True	False									
14540	893.4495	3.435653	salamandrivorans_liq_Developed_vs_spore_Developed	5.3550174709671365	0.0004638344108538	False	False	False	False	0.9	True	False									
20834	609.2923	1.468	salamandrivorans_liq_Developed_vs_spore_Developed	5.32588073047763	0.0004638344108538	False	False	False	False	0.9	True	False									
20999	779.3674	1.675	salamandrivorans_liq_Developed_vs_spore_Developed	5.311779796987602	0.0004638344108538	False	False	False	False	0.9	True	False									
13577	367.7126	2.792	salamandrivorans_liq_Developed_vs_spore_Developed	5.2931733690878655	0.0004638344108538	False	False	False	False	0.9	True	False									
13476	745.4373	3.66962	salamandrivorans_liq_Developed_vs_spore_Developed	5.280601099112685	0.0004638344108538	False	False	False	False	0.9	True	False									
12069	866.4445	3.523	salamandrivorans_liq_Developed_vs_spore_Developed	5.277928114132281	0.0004638344108538	False	False	False	False	0.9	True	False									
20676	774.4284	3.680649	salamandrivorans_liq_Developed_vs_spore_Developed	5.261161456595664	0.0004638344108538	False	False	False	False	0.9	True	False									
20411	699.3439	4.105103	salamandrivorans_liq_Developed_vs_spore_Developed	5.194910027925294	0.0004638344108538	False	False	False	False	0.9	True	False									
21321	579.2917	1.293071	salamandrivorans_liq_Developed_vs_spore_Developed	5.176065830351866	0.0004638344108538	False	False	False	False	0.9	True	False									
26449	912.4142	3.437511	salamandrivorans_liq_Developed_vs_spore_Developed	5.140242617649268	0.0004638344108538	False	False	False	False	0.9	True	False									
17852	607.2983	3.618	salamandrivorans_liq_Developed_vs_spore_Developed	5.110236295738285	0.0004638344108538	False	False	False	False	0.9	True	False									
31252	1095.6488	3.799786	salamandrivorans_liq_Developed_vs_spore_Developed	5.049112718640624	0.0004638344108538	False	False	False	False	0.9	True	False									
22053	968.5439	3.571	salamandrivorans_liq_Developed_vs_spore_Developed	5.034017901880248	0.0004638344108538	False	False	False	False	0.9	True	False									
30427	1152.5763	3.49707	salamandrivorans_liq_Developed_vs_spore_Developed	5.028382032226292	0.0004638344108538	False	False	False	False	0.9	True	False									
20023	1090.5989	4.203	salamandrivorans_liq_Developed_vs_spore_Developed	5.010412088128792	0.0004638344108538	False	False	False	False	0.9	True	False									
14646	621.8583	3.857	salamandrivorans_liq_Developed_vs_spore_Developed	4.979573530926687	0.0004638344108538	False	False	False	False	0.9	True	False									
25801	647.2926	1.204378	salamandrivorans_liq_Developed_vs_spore_Developed	4.971809972323801	0.0004638344108538	False	False	False	False	0.9	True	False									
20202	666.3267	3.402492	salamandrivorans_liq_Developed_vs_spore_Developed	4.950552593834979	0.0004638344108538	False	False	False	False	0.9	True	False									
21544	528.774	1.196285	salamandrivorans_liq_Developed_vs_spore_Developed	4.933368907544849	0.0004638344108538	False	False	False	False	0.9	True	False									
21390	577.7627	1.405362	salamandrivorans_liq_Developed_vs_spore_Developed	4.914565594708334	0.0004638344108538	False	False	False	False	0.9	True	False									
26529	671.358	3.814407	salamandrivorans_liq_Developed_vs_spore_Developed	4.868750648769427	0.0004638344108538	False	False	False	False	0.9	True	False									
19330	259.0931	0.7748	salamandrivorans_liq_Developed_vs_spore_Developed	4.858963838805943	0.0004638344108538	False	False	False	False	0.9	True	False									
22366	1005.5206	3.9295	salamandrivorans_liq_Developed_vs_spore_Developed	4.855015657595748	0.0004638344108538	False	False	False	False	0.9	True	False									
23880	400.209	0.879	salamandrivorans_liq_Developed_vs_spore_Developed	4.823103193639876	0.0004638344108538	False	False	False	False	0.9	True	False									
20552	378.2291	3.671109	salamandrivorans_liq_Developed_vs_spore_Developed	4.788071072859005	0.0004638344108538	False	False	False	False	0.9	True	False									
25003	534.2892	3.445888	salamandrivorans_liq_Developed_vs_spore_Developed	4.777476146515973	0.0004638344108538	False	False	False	False	0.9	True	False									
12765	551.9484	1.497538	salamandrivorans_liq_Developed_vs_spore_Developed	4.726529903386455	0.0004638344108538	False	False	False	False	0.9	True	False									
28024	934.4496	3.847	salamandrivorans_liq_Developed_vs_spore_Developed	4.703347280642674	0.0004638344108538	False	False	False	False	0.9	True	False									
26385	803.4258	3.881179	salamandrivorans_liq_Developed_vs_spore_Developed	4.70168856642832	0.0004638344108538	False	False	False	False	0.9	True	False									
21552	669.4153	3.439914	salamandrivorans_liq_Developed_vs_spore_Developed	4.692202260210162	0.0004638344108538	False	False	False	False	0.9	True	False									
21777	886.963	3.922	salamandrivorans_liq_Developed_vs_spore_Developed	4.612438912690543	0.0004638344108538	False	False	False	False	0.9	True	False									
30720	995.0349	4.647768	salamandrivorans_liq_Developed_vs_spore_Developed	4.498903002376152	0.0004638344108538	False	False	False	False	0.9	True	False									
23710	349.1305	1.238006	salamandrivorans_liq_Developed_vs_spore_Developed	4.471559831919403	0.0004638344108538	False	False	False	False	0.9	True	False									
24791	622.3679	3.780275	salamandrivorans_liq_Developed_vs_spore_Developed	4.467690604480158	0.0004638344108538	False	False	False	False	0.9	True	False									
31373	338.1657	1.085	salamandrivorans_liq_Developed_vs_spore_Developed	4.463631317916194	0.0004638344108538	False	False	False	False	0.9	True	False									
22850	886.9762	3.93	salamandrivorans_liq_Developed_vs_spore_Developed	4.440880123334645	0.0004638344108538	False	False	False	False	0.9	True	False									
33871	822.4586	4.025	salamandrivorans_liq_Developed_vs_spore_Developed	4.412962782321052	0.0004638344108538	False	False	False	False	0.9	True	False									
17496	391.2242	3.446708	salamandrivorans_liq_Developed_vs_spore_Developed	4.307605236989234	0.0004638344108538	False	False	False	False	0.9	True	False									
36439	644.3384	4.207	salamandrivorans_liq_Developed_vs_spore_Developed	4.306183390669644	0.0004638344108538	False	False	False	False	0.9	True	False									
20444	491.2523	1.111488	salamandrivorans_liq_Developed_vs_spore_Developed	4.28349082012428	0.0004638344108538	False	False	False	False	0.9	True	False									
30361	331.1974	1.342063	salamandrivorans_liq_Developed_vs_spore_Developed	4.253356966430547	0.0004638344108538	False	False	False	False	0.9	True	False									
28047	602.23	1.133331	salamandrivorans_liq_Developed_vs_spore_Developed	4.177459037825704	0.0004638344108538	False	False	False	False	0.9	True	False									
21326	612.3041	3.918	salamandrivorans_liq_Developed_vs_spore_Developed	4.1481693765179255	0.0004638344108538	False	False	False	False	0.9	True	False									
18791	1217.6029	3.9625	salamandrivorans_liq_Developed_vs_spore_Developed	4.084505717241807	0.0004638344108538	False	False	False	False	0.9	True	False									
30924	1051.5339	4.024255	salamandrivorans_liq_Developed_vs_spore_Developed	4.01740054742605	0.0004638344108538	False	False	False	False	0.9	True	False									
31140	861.4997	4.225	salamandrivorans_liq_Developed_vs_spore_Developed	4.015623596293371	0.0004638344108538	False	False	False	False	0.9	True	False									
33020	1344.7001	4.343938	salamandrivorans_liq_Developed_vs_spore_Developed	3.97500906726854	0.0004638344108538	False	False	False	False	0.9	True	False									
20209	997.5197	4.319965	salamandrivorans_liq_Developed_vs_spore_Developed	3.9233052697144033	0.0004638344108538	False	False	False	False	0.9	True	False									
31031	662.3599	4.235012	salamandrivorans_liq_Developed_vs_spore_Developed	3.8988976028677698	0.0004638344108538	False	False	False	False	0.9	True	False									
31289	407.1981	3.914152	salamandrivorans_liq_Developed_vs_spore_Developed	3.8966885904260864	0.0004638344108538	False	False	False	False	0.9	True	False									
34874	968.5518	4.460359	salamandrivorans_liq_Developed_vs_spore_Developed	3.8799810044698977	0.0004638344108538	False	False	False	False	0.9	True	False									
27068	729.3948	4.000266	salamandrivorans_liq_Developed_vs_spore_Developed	3.845737737950532	0.0004638344108538	False	False	False	False	0.9	True	False									
27808	672.3658	3.925187	salamandrivorans_liq_Developed_vs_spore_Developed	3.8072229202115446	0.0004638344108538	False	False	False	False	0.9	True	False									
24764	457.2261	3.910324	salamandrivorans_liq_Developed_vs_spore_Developed	3.762261258362041	0.0004638344108538	False	False	False	False	0.9	True	False									
25519	715.3821	4.1355	salamandrivorans_liq_Developed_vs_spore_Developed	3.76090311301402	0.0004638344108538	False	False	False	False	0.9	True	False									
29114	1123.6123	4.2285	salamandrivorans_liq_Developed_vs_spore_Developed	3.718888614123509	0.0004638344108538	False	False	False	False	0.9	True	False									
33553	1342.7202	4.022733	salamandrivorans_liq_Developed_vs_spore_Developed	3.7086438590465214	0.0004638344108538	False	False	False	False	0.9	True	False									
25042	807.4616	4.014649	salamandrivorans_liq_Developed_vs_spore_Developed	3.6873298372992505	0.0004638344108538	False	False	False	False	0.9	True	False									
34958	1091.6083	4.19	salamandrivorans_liq_Developed_vs_spore_Developed	3.5626966979686028	0.0004638344108538	False	False	False	False	0.9	True	False									
35668	729.9016	4.334039	salamandrivorans_liq_Developed_vs_spore_Developed	3.5393806135212964	0.0004638344108538	False	False	False	False	0.9	True	False									
23330	734.9017	4.320395	salamandrivorans_liq_Developed_vs_spore_Developed	3.530677048406352	0.0004638344108538	False	False	False	False	0.9	True	False									
32496	1116.6163	4.399139	salamandrivorans_liq_Developed_vs_spore_Developed	3.528920903063344	0.0004638344108538	False	False	False	False	0.9	True	False									
20942	734.4025	4.317518	salamandrivorans_liq_Developed_vs_spore_Developed	3.466684957394913	0.0004638344108538	False	False	False	False	0.9	True	False									
34328	749.4086	4.640476	salamandrivorans_liq_Developed_vs_spore_Developed	3.452766613052882	0.0004638344108538	False	False	False	False	0.9	True	False									
23612	743.3919	4.080684	salamandrivorans_liq_Developed_vs_spore_Developed	3.42298729932302	0.0004638344108538	False	False	False	False	0.9	True	False									
21857	1107.5645	4.1515	salamandrivorans_liq_Developed_vs_spore_Developed	3.3799129146688287	0.0004638344108538	False	False	False	False	0.9	True	False									
28441	1331.7118	4.449119	salamandrivorans_liq_Developed_vs_spore_Developed	3.342853833018847	0.0004638344108538	False	False	False	False	0.9	True	False									
29193	855.9575	4.33003	salamandrivorans_liq_Developed_vs_spore_Developed	3.333254767154654	0.0004638344108538	False	False	False	False	0.9	True	False									
37173	707.412	4.263959	salamandrivorans_liq_Developed_vs_spore_Developed	3.2834632186591617	0.0004638344108538	False	False	False	False	0.9	True	False									
32474	808.9175	4.255017	salamandrivorans_liq_Developed_vs_spore_Developed	3.2663393958437834	0.0004638344108538	False	False	False	False	0.9	True	False									
30443	551.3036	4.041528	salamandrivorans_liq_Developed_vs_spore_Developed	3.2556034631334234	0.0004638344108538	False	False	False	False	0.9	True	False									
35047	826.9543	4.40109	salamandrivorans_liq_Developed_vs_spore_Developed	3.1922440343024467	0.0004638344108538	False	False	False	False	0.9	True	False									
22823	531.264	3.974114	salamandrivorans_liq_Developed_vs_spore_Developed	3.1619113036201805	0.0004638344108538	False	False	False	False	0.9	True	False									
34809	798.9407	4.342731	salamandrivorans_liq_Developed_vs_spore_Developed	3.076378184011292	0.0004638344108538	False	False	False	False	0.9	True	False									
32678	791.423	4.248	salamandrivorans_liq_Developed_vs_spore_Developed	3.037987478551288	0.0004638344108538	False	False	False	False	0.9	True	False									
28487	825.4623	4.168225	salamandrivorans_liq_Developed_vs_spore_Developed	3.0313595812166785	0.0004638344108538	False	False	False	False	0.9	True	False									
28821	738.9106	4.183	salamandrivorans_liq_Developed_vs_spore_Developed	3.030056487130881	0.0004638344108538	False	False	False	False	0.9	True	False									
37322	757.4302	4.295979	salamandrivorans_liq_Developed_vs_spore_Developed	2.9993537938470234	0.0004638344108538	False	False	False	False	0.9	True	False									
33025	918.4689	4.401941	salamandrivorans_liq_Developed_vs_spore_Developed	2.9776571060255828	0.0004638344108538	False	False	False	False	0.9	True	False									
38467	777.5748	7.510431	salamandrivorans_liq_Developed_vs_spore_Developed	2.8361235717094684	0.0004638344108538	False	False	False	False	0.9	True	False									
38112	807.9268	4.701795	salamandrivorans_liq_Developed_vs_spore_Developed	2.7877609376843817	0.0004638344108538	False	False	False	False	0.9	True	False									
30388	1046.5856	4.398955	salamandrivorans_liq_Developed_vs_spore_Developed	2.7609530126770374	0.0004638344108538	False	False	False	False	0.9	True	False									
33539	611.3522	4.22	salamandrivorans_liq_Developed_vs_spore_Developed	2.7116284090321345	0.0004638344108538	False	False	False	False	0.9	True	False									
37625	526.1569	8.065277	salamandrivorans_liq_Developed_vs_spore_Developed	2.641540640700205	0.0004638344108538	False	False	False	False	0.9	True	False									
33065	846.9557	4.527914	salamandrivorans_liq_Developed_vs_spore_Developed	2.570918402391381	0.0004638344108538	False	False	False	False	0.9	True	False									
36063	402.2248	4.600838	salamandrivorans_liq_Developed_vs_spore_Developed	2.5272744137241805	0.0004638344108538	False	False	False	False	0.9	True	False									
7990	625.3222	3.284	salamandrivorans_liq_Developed_vs_spore_Developed	7.258754243251386	0.0004638344108538	False	False	False	False	0.8	True	False									
8628	578.2976	2.188375	salamandrivorans_liq_Developed_vs_spore_Developed	7.155011929431941	0.0004638344108538	False	False	False	False	0.8	True	False									
5780	977.4406	0.789522	salamandrivorans_liq_Developed_vs_spore_Developed	6.6069000386271535	0.0004638344108538	False	False	False	False	0.8	True	False									
11102	593.2903	3.030749	salamandrivorans_liq_Developed_vs_spore_Developed	6.365928897647369	0.0004638344108538	False	False	False	False	0.8	True	False									
8692	382.6877	2.049	salamandrivorans_liq_Developed_vs_spore_Developed	6.279113744817052	0.0004638344108538	False	False	False	False	0.8	True	False									
10745	732.3678	2.634	salamandrivorans_liq_Developed_vs_spore_Developed	6.075434405822215	0.0004638344108538	False	False	False	False	0.8	True	False									
13639	553.2358	1.29002	salamandrivorans_liq_Developed_vs_spore_Developed	6.036446725615891	0.0004638344108538	False	False	False	False	0.8	True	False									
19832	697.3397	2.54	salamandrivorans_liq_Developed_vs_spore_Developed	5.887461955022976	0.0004638344108538	False	False	False	False	0.8	True	False									
19469	690.377	1.130489	salamandrivorans_liq_Developed_vs_spore_Developed	5.787827050400116	0.0004638344108538	False	False	False	False	0.8	True	False									
18730	1090.5665	3.843	salamandrivorans_liq_Developed_vs_spore_Developed	5.721144631063081	0.0004638344108538	False	False	False	False	0.8	True	False									
14243	366.6984	1.989	salamandrivorans_liq_Developed_vs_spore_Developed	5.670629482852995	0.0004638344108538	False	False	False	False	0.8	True	False									
3159	325.1639	1.802	salamandrivorans_liq_Developed_vs_spore_Developed	5.5712483920935965	0.0004638344108538	False	False	False	False	0.8	True	False									
14685	507.219	0.732	salamandrivorans_liq_Developed_vs_spore_Developed	5.537820701609268	0.0004638344108538	False	False	False	False	0.8	True	False									
16131	560.8248	3.875076	salamandrivorans_liq_Developed_vs_spore_Developed	5.49620351016297	0.0004638344108538	False	False	False	False	0.8	True	False									
16204	1116.5193	1.769	salamandrivorans_liq_Developed_vs_spore_Developed	5.456259440134973	0.0004638344108538	False	False	False	False	0.8	True	False									
16041	441.7287	2.586	salamandrivorans_liq_Developed_vs_spore_Developed	5.020630059965567	0.0004638344108538	False	False	False	False	0.8	True	False									
21892	416.2423	2.921	salamandrivorans_liq_Developed_vs_spore_Developed	4.579040228842195	0.0004638344108538	False	False	False	False	0.8	True	False									
7139	647.2997	2.633192	salamandrivorans_liq_Developed_vs_spore_Developed	6.521302795759377	0.0004638344108538	False	False	False	False	0.7	True	False									
25056	449.206	1.214937	salamandrivorans_liq_Developed_vs_spore_Developed	5.179298153692906	0.0004638344108538	False	False	False	False	0.7	True	False									
20167	431.2853	2.760484	salamandrivorans_liq_Developed_vs_spore_Developed	4.533060813079289	0.0004638344108538	False	False	False	False	0.7	True	False									
23305	760.3545	1.401368	salamandrivorans_liq_Developed_vs_spore_Developed	5.19604424218134	0.0004638344108538	False	False	False	False	0.6	True	False									
6941	357.12	1.204068	salamandrivorans_liq_Developed_vs_spore_Developed	4.543615622298496	0.0004638344108538	False	False	False	False	0.5	True	False									
15758	602.3204	1.722	salamandrivorans_liq_Developed_vs_spore_Developed	3.09887044017053	0.0004638344108538	False	False	False	False	0.5	True	False									
18822	1080.5074	1.737	salamandrivorans_liq_Developed_vs_spore_Developed	2.741050918963748	0.0004638344108538	False	False	False	False	0.5	True	False									
5477	830.3691	1.565681	salamandrivorans_liq_Developed_vs_spore_Developed	2.657164404965069	0.0004638344108538	False	False	False	False	0.4	True	False									
14730	1045.4364	1.801	salamandrivorans_liq_Developed_vs_spore_Developed	3.0672329623833274	0.0004638344108538	False	False	False	False	0.3	True	False									
8260	682.8112	1.802	salamandrivorans_liq_Developed_vs_spore_Developed	2.9958997082067667	0.0004638344108538	False	False	False	False	0.3	True	False									
7063	447.2333	0.729158	salamandrivorans_liq_Developed_vs_spore_Developed	2.671049920924085	0.0004638344108538	False	False	False	False	0.1999999999999999	True	False									
6106	764.4178	3.385263	salamandrivorans_liq_Developed_vs_spore_Developed	2.6281620664862806	0.0004638344108538	False	False	False	False	0.0	True	False									
38417	247.2453	4.67907	salamandrivorans_liq_Developed_vs_spore_Developed	1.506097194697412	0.0004638344108538	False	False	False	False	0.0	True	False									
33819	456.2825	1.804	salamandrivorans_liq_Developed_vs_spore_Developed	1.477000877556697	0.0004638344108538	False	False	False	False	0.0	True	False									
13527	357.216	1.644	salamandrivorans_liq_Developed_vs_spore_Developed	1.2520046989600568	0.0004638344108538	False	False	False	False	0.0	True	False									
9239	638.3231	1.436	salamandrivorans_liq_Developed_vs_spore_Developed	1.0443769757472596	0.0004638344108538	False	False	False	False	0.0	False	False									
10111	1069.5061	2.312857	salamandrivorans_liq_Developed_vs_spore_Developed	0.9728684185915693	0.0004638344108538	False	False	False	False	0.0	False	False									
11574	284.1386	2.9	salamandrivorans_liq_Developed_vs_spore_Developed	0.7336195789476131	0.0004638344108538	False	False	False	False	0.0	False	False									
7114	446.2432	0.970388	salamandrivorans_liq_Developed_vs_spore_Developed	7.484160087043529	0.0005809761155726	False	False	False	False	0.9	True	False									
6559	829.4069	3.387883	salamandrivorans_liq_Developed_vs_spore_Developed	7.381099598978638	0.0005809761155726	False	False	False	False	0.9	True	False									
12581	1175.5581	2.011	salamandrivorans_liq_Developed_vs_spore_Developed	7.30939191055756	0.0005809761155726	False	False	False	False	0.9	True	False									
6718	1138.5656	2.072	salamandrivorans_liq_Developed_vs_spore_Developed	7.257849948541786	0.0005809761155726	False	False	False	False	0.9	True	False									
6217	362.7081	0.638	salamandrivorans_liq_Developed_vs_spore_Developed	7.036991299478262	0.0005809761155726	False	False	False	False	0.9	True	False									
5468	788.4463	2.745	salamandrivorans_liq_Developed_vs_spore_Developed	6.764397869260775	0.0005809761155726	False	False	False	False	0.9	True	False									
8098	699.308	0.989235	salamandrivorans_liq_Developed_vs_spore_Developed	6.650499469947172	0.0005809761155726	False	False	False	False	0.9	True	False									
11934	1015.5587	3.524	salamandrivorans_liq_Developed_vs_spore_Developed	6.6053091507334925	0.0005809761155726	False	False	False	False	0.9	True	False									
12141	735.333	1.5655	salamandrivorans_liq_Developed_vs_spore_Developed	6.544442809483557	0.0005809761155726	False	False	False	False	0.9	True	False									
7327	1050.5598	2.556	salamandrivorans_liq_Developed_vs_spore_Developed	6.529939162425756	0.0005809761155726	False	False	False	False	0.9	True	False									
13669	829.4293	3.180779	salamandrivorans_liq_Developed_vs_spore_Developed	6.485876007060299	0.0005809761155726	False	False	False	False	0.9	True	False									
14813	1177.6029	3.1555	salamandrivorans_liq_Developed_vs_spore_Developed	6.440061675443227	0.0005809761155726	False	False	False	False	0.9	True	False									
10844	615.8425	3.163442	salamandrivorans_liq_Developed_vs_spore_Developed	6.422511198184171	0.0005809761155726	False	False	False	False	0.9	True	False									
8777	804.95	3.277	salamandrivorans_liq_Developed_vs_spore_Developed	6.371506721598804	0.0005809761155726	False	False	False	False	0.9	True	False									
9497	943.3954	2.751077	salamandrivorans_liq_Developed_vs_spore_Developed	6.281042782210877	0.0005809761155726	False	False	False	False	0.9	True	False									
17782	1178.5454	1.786	salamandrivorans_liq_Developed_vs_spore_Developed	6.277647876768916	0.0005809761155726	False	False	False	False	0.9	True	False									
12188	671.3745	2.358	salamandrivorans_liq_Developed_vs_spore_Developed	6.273519856610199	0.0005809761155726	False	False	False	False	0.9	True	False									
16175	542.3422	2.470615	salamandrivorans_liq_Developed_vs_spore_Developed	6.213257099984836	0.0005809761155726	False	False	False	False	0.9	True	False									
4205	262.1521	0.592	salamandrivorans_liq_Developed_vs_spore_Developed	6.171955114605754	0.0005809761155726	False	False	False	False	0.9	True	False									
14273	923.4801	3.45501	salamandrivorans_liq_Developed_vs_spore_Developed	6.107586956149383	0.0005809761155726	False	False	False	False	0.9	True	False									
9751	960.4739	1.643	salamandrivorans_liq_Developed_vs_spore_Developed	6.059197090726302	0.0005809761155726	False	False	False	False	0.9	True	False									
9223	951.5317	3.83455	salamandrivorans_liq_Developed_vs_spore_Developed	6.041960762730312	0.0005809761155726	False	False	False	False	0.9	True	False									
5760	387.2509	1.658	salamandrivorans_liq_Developed_vs_spore_Developed	6.036436548023378	0.0005809761155726	False	False	False	False	0.9	True	False									
5957	826.5046	2.955	salamandrivorans_liq_Developed_vs_spore_Developed	6.025910364441516	0.0005809761155726	False	False	False	False	0.9	True	False									
17793	1089.6022	3.981	salamandrivorans_liq_Developed_vs_spore_Developed	5.999070679135854	0.0005809761155726	False	False	False	False	0.9	True	False									
8507	467.2325	0.8455	salamandrivorans_liq_Developed_vs_spore_Developed	5.998646097254417	0.0005809761155726	False	False	False	False	0.9	True	False									
11558	702.3133	3.442302	salamandrivorans_liq_Developed_vs_spore_Developed	5.9953890089768445	0.0005809761155726	False	False	False	False	0.9	True	False									
14918	1298.6079	2.712333	salamandrivorans_liq_Developed_vs_spore_Developed	5.914618494911765	0.0005809761155726	False	False	False	False	0.9	True	False									
8528	965.4807	0.826	salamandrivorans_liq_Developed_vs_spore_Developed	5.908637325751361	0.0005809761155726	False	False	False	False	0.9	True	False									
6218	401.2778	2.731	salamandrivorans_liq_Developed_vs_spore_Developed	5.87284797319735	0.0005809761155726	False	False	False	False	0.9	True	False									
18289	809.4152	1.057991	salamandrivorans_liq_Developed_vs_spore_Developed	5.807575987659109	0.0005809761155726	False	False	False	False	0.9	True	False									
18183	1151.5942	3.535	salamandrivorans_liq_Developed_vs_spore_Developed	5.78789154055674	0.0005809761155726	False	False	False	False	0.9	True	False									
14595	730.8652	3.660707	salamandrivorans_liq_Developed_vs_spore_Developed	5.782641966513301	0.0005809761155726	False	False	False	False	0.9	True	False									
13630	1196.6893	3.815736	salamandrivorans_liq_Developed_vs_spore_Developed	5.76902895153461	0.0005809761155726	False	False	False	False	0.9	True	False									
18756	443.2695	1.549306	salamandrivorans_liq_Developed_vs_spore_Developed	5.634906760409157	0.0005809761155726	False	False	False	False	0.9	True	False									
16601	329.1945	1.737	salamandrivorans_liq_Developed_vs_spore_Developed	5.585652633894555	0.0005809761155726	False	False	False	False	0.9	True	False									
18758	451.2353	2.587	salamandrivorans_liq_Developed_vs_spore_Developed	5.562513884614894	0.0005809761155726	False	False	False	False	0.9	True	False									
26242	633.3174	1.818	salamandrivorans_liq_Developed_vs_spore_Developed	5.494732779916132	0.0005809761155726	False	False	False	False	0.9	True	False									
22824	556.3102	1.587	salamandrivorans_liq_Developed_vs_spore_Developed	5.486243583179981	0.0005809761155726	False	False	False	False	0.9	True	False									
17458	875.5007	3.567	salamandrivorans_liq_Developed_vs_spore_Developed	5.485860376028069	0.0005809761155726	False	False	False	False	0.9	True	False									
15686	658.8573	3.608547	salamandrivorans_liq_Developed_vs_spore_Developed	5.485365907099344	0.0005809761155726	False	False	False	False	0.9	True	False									
24092	815.9371	3.485878	salamandrivorans_liq_Developed_vs_spore_Developed	5.442486480112156	0.0005809761155726	False	False	False	False	0.9	True	False									
22070	845.4259	3.524	salamandrivorans_liq_Developed_vs_spore_Developed	5.419417861433606	0.0005809761155726	False	False	False	False	0.9	True	False									
25170	954.4623	3.614588	salamandrivorans_liq_Developed_vs_spore_Developed	5.368259830629975	0.0005809761155726	False	False	False	False	0.9	True	False									
11220	776.4664	3.358	salamandrivorans_liq_Developed_vs_spore_Developed	5.323381679226089	0.0005809761155726	False	False	False	False	0.9	True	False									
20228	394.2176	0.597	salamandrivorans_liq_Developed_vs_spore_Developed	5.302759050211972	0.0005809761155726	False	False	False	False	0.9	True	False									
22537	723.4273	3.637268	salamandrivorans_liq_Developed_vs_spore_Developed	5.231981115771863	0.0005809761155726	False	False	False	False	0.9	True	False									
13104	401.7369	2.761	salamandrivorans_liq_Developed_vs_spore_Developed	5.22854547980095	0.0005809761155726	False	False	False	False	0.9	True	False									
13696	729.435	3.533	salamandrivorans_liq_Developed_vs_spore_Developed	5.1678165058717935	0.0005809761155726	False	False	False	False	0.9	True	False									
18105	656.8393	2.825125	salamandrivorans_liq_Developed_vs_spore_Developed	5.119230743927714	0.0005809761155726	False	False	False	False	0.9	True	False									
21407	622.2893	3.647811	salamandrivorans_liq_Developed_vs_spore_Developed	4.945203703588044	0.0005809761155726	False	False	False	False	0.9	True	False									
21703	900.4575	3.670566	salamandrivorans_liq_Developed_vs_spore_Developed	4.936030185712003	0.0005809761155726	False	False	False	False	0.9	True	False									
19788	742.4545	3.648891	salamandrivorans_liq_Developed_vs_spore_Developed	4.846145626418138	0.0005809761155726	False	False	False	False	0.9	True	False									
18904	732.4424	3.905923	salamandrivorans_liq_Developed_vs_spore_Developed	4.576339782886894	0.0005809761155726	False	False	False	False	0.9	True	False									
22106	873.5022	3.924489	salamandrivorans_liq_Developed_vs_spore_Developed	4.562166402732681	0.0005809761155726	False	False	False	False	0.9	True	False									
17763	244.1424	0.889819	salamandrivorans_liq_Developed_vs_spore_Developed	4.553011631545502	0.0005809761155726	False	False	False	False	0.9	True	False									
28122	740.3936	3.705781	salamandrivorans_liq_Developed_vs_spore_Developed	4.499995692481068	0.0005809761155726	False	False	False	False	0.9	True	False									
29649	1641.8987	4.2385	salamandrivorans_liq_Developed_vs_spore_Developed	4.461324253710863	0.0005809761155726	False	False	False	False	0.9	True	False									
15802	586.3602	3.864766	salamandrivorans_liq_Developed_vs_spore_Developed	4.403261733640672	0.0005809761155726	False	False	False	False	0.9	True	False									
26975	756.4132	3.915	salamandrivorans_liq_Developed_vs_spore_Developed	4.386203442670473	0.0005809761155726	False	False	False	False	0.9	True	False									
28646	478.8022	3.717603	salamandrivorans_liq_Developed_vs_spore_Developed	4.341353063684936	0.0005809761155726	False	False	False	False	0.9	True	False									
12523	299.7011	1.236595	salamandrivorans_liq_Developed_vs_spore_Developed	4.2815171574656175	0.0005809761155726	False	False	False	False	0.9	True	False									
22779	647.371	3.914	salamandrivorans_liq_Developed_vs_spore_Developed	4.258699504408882	0.0005809761155726	False	False	False	False	0.9	True	False									
30497	640.2131	3.677149	salamandrivorans_liq_Developed_vs_spore_Developed	4.165583359670324	0.0005809761155726	False	False	False	False	0.9	True	False									
32189	745.3848	4.690195	salamandrivorans_liq_Developed_vs_spore_Developed	4.159183200990021	0.0005809761155726	False	False	False	False	0.9	True	False									
19418	996.5197	4.232	salamandrivorans_liq_Developed_vs_spore_Developed	4.065469326250229	0.0005809761155726	False	False	False	False	0.9	True	False									
32371	821.4565	4.056831	salamandrivorans_liq_Developed_vs_spore_Developed	4.02813892917492	0.0005809761155726	False	False	False	False	0.9	True	False									
23479	653.8571	3.930679	salamandrivorans_liq_Developed_vs_spore_Developed	4.017657479881117	0.0005809761155726	False	False	False	False	0.9	True	False									
30310	1395.7546	4.127	salamandrivorans_liq_Developed_vs_spore_Developed	3.964305450677054	0.0005809761155726	False	False	False	False	0.9	True	False									
20891	649.8803	4.127	salamandrivorans_liq_Developed_vs_spore_Developed	3.950360427575552	0.0005809761155726	False	False	False	False	0.9	True	False									
31922	1088.6372	4.232	salamandrivorans_liq_Developed_vs_spore_Developed	3.949958929901858	0.0005809761155726	False	False	False	False	0.9	True	False									
35264	1042.5608	4.306841	salamandrivorans_liq_Developed_vs_spore_Developed	3.916448406300337	0.0005809761155726	False	False	False	False	0.9	True	False									
34805	809.4199	4.118196	salamandrivorans_liq_Developed_vs_spore_Developed	3.746706741024895	0.0005809761155726	False	False	False	False	0.9	True	False									
28222	791.4902	4.632803	salamandrivorans_liq_Developed_vs_spore_Developed	3.7283804547262975	0.0005809761155726	False	False	False	False	0.9	True	False									
31606	771.0961	4.080258	salamandrivorans_liq_Developed_vs_spore_Developed	3.672901495468062	0.0005809761155726	False	False	False	False	0.9	True	False									
30812	1293.7205	4.212	salamandrivorans_liq_Developed_vs_spore_Developed	3.5160422165251344	0.0005809761155726	False	False	False	False	0.9	True	False									
29681	944.5197	4.335299	salamandrivorans_liq_Developed_vs_spore_Developed	3.439578333837312	0.0005809761155726	False	False	False	False	0.9	True	False									
27563	1080.6154	4.371617	salamandrivorans_liq_Developed_vs_spore_Developed	3.414842039925164	0.0005809761155726	False	False	False	False	0.9	True	False									
36175	784.5	4.356788	salamandrivorans_liq_Developed_vs_spore_Developed	3.36085149095782	0.0005809761155726	False	False	False	False	0.9	True	False									
25321	1160.6178	4.101576	salamandrivorans_liq_Developed_vs_spore_Developed	3.3014610953666987	0.0005809761155726	False	False	False	False	0.9	True	False									
34539	563.2909	4.571983	salamandrivorans_liq_Developed_vs_spore_Developed	3.22220654219627	0.0005809761155726	False	False	False	False	0.9	True	False									
35667	828.4114	4.460398	salamandrivorans_liq_Developed_vs_spore_Developed	3.198026609689028	0.0005809761155726	False	False	False	False	0.9	True	False									
24421	939.5845	4.499372	salamandrivorans_liq_Developed_vs_spore_Developed	3.1234631106587707	0.0005809761155726	False	False	False	False	0.9	True	False									
32451	876.9896	4.444939	salamandrivorans_liq_Developed_vs_spore_Developed	3.039810563552933	0.0005809761155726	False	False	False	False	0.9	True	False									
37714	459.7685	4.148	salamandrivorans_liq_Developed_vs_spore_Developed	2.923843865886504	0.0005809761155726	False	False	False	False	0.9	True	False									
35928	779.4295	4.476	salamandrivorans_liq_Developed_vs_spore_Developed	2.9122314373851843	0.0005809761155726	False	False	False	False	0.9	True	False									
32120	829.9601	4.502353	salamandrivorans_liq_Developed_vs_spore_Developed	2.793237704096749	0.0005809761155726	False	False	False	False	0.9	True	False									
34626	584.8217	4.493897	salamandrivorans_liq_Developed_vs_spore_Developed	2.6823348680644936	0.0005809761155726	False	False	False	False	0.9	True	False									
36650	941.5057	4.497964	salamandrivorans_liq_Developed_vs_spore_Developed	2.481196782686596	0.0005809761155726	False	False	False	False	0.9	True	False									
38376	460.2448	8.374676	salamandrivorans_liq_Developed_vs_spore_Developed	2.4407441379626134	0.0005809761155726	False	False	False	False	0.9	True	False									
4118	785.3437	2.73	salamandrivorans_liq_Developed_vs_spore_Developed	8.148748232921184	0.0005809761155726	False	False	False	False	0.8	True	False									
6591	837.3783	1.7375	salamandrivorans_liq_Developed_vs_spore_Developed	7.578068770775759	0.0005809761155726	False	False	False	False	0.8	True	False									
15009	854.429	2.913625	salamandrivorans_liq_Developed_vs_spore_Developed	6.526137850061121	0.0005809761155726	False	False	False	False	0.8	True	False									
14181	770.3541	1.385	salamandrivorans_liq_Developed_vs_spore_Developed	6.517024740432378	0.0005809761155726	False	False	False	False	0.8	True	False									
11402	864.8801	1.644	salamandrivorans_liq_Developed_vs_spore_Developed	6.405489332490781	0.0005809761155726	False	False	False	False	0.8	True	False									
13886	655.3243	2.528156	salamandrivorans_liq_Developed_vs_spore_Developed	6.316727689340629	0.0005809761155726	False	False	False	False	0.8	True	False									
14511	717.324	1.706	salamandrivorans_liq_Developed_vs_spore_Developed	6.315469871998451	0.0005809761155726	False	False	False	False	0.8	True	False									
10833	880.4086	0.659128	salamandrivorans_liq_Developed_vs_spore_Developed	6.169145891835629	0.0005809761155726	False	False	False	False	0.8	True	False									
10782	475.7483	1.451	salamandrivorans_liq_Developed_vs_spore_Developed	6.137468946922382	0.0005809761155726	False	False	False	False	0.8	True	False									
23447	1090.9921	1.801	salamandrivorans_liq_Developed_vs_spore_Developed	5.777765227780955	0.0005809761155726	False	False	False	False	0.8	True	False									
19036	893.4484	3.637131	salamandrivorans_liq_Developed_vs_spore_Developed	5.39489232938073	0.0005809761155726	False	False	False	False	0.8	True	False									
22181	786.442	1.404	salamandrivorans_liq_Developed_vs_spore_Developed	4.999212437903803	0.0005809761155726	False	False	False	False	0.8	True	False									
20217	207.1126	0.801006	salamandrivorans_liq_Developed_vs_spore_Developed	4.569125931347797	0.0005809761155726	False	False	False	False	0.8	True	False									
8263	560.2708	1.373	salamandrivorans_liq_Developed_vs_spore_Developed	7.172891793308582	0.0005809761155726	False	False	False	False	0.7	True	False									
9286	639.814	2.024529	salamandrivorans_liq_Developed_vs_spore_Developed	6.068750056042711	0.0005809761155726	False	False	False	False	0.7	True	False									
22529	483.7447	1.296693	salamandrivorans_liq_Developed_vs_spore_Developed	5.983624169627444	0.0005809761155726	False	False	False	False	0.7	True	False									
19855	389.2391	0.567	salamandrivorans_liq_Developed_vs_spore_Developed	5.809307577154141	0.0005809761155726	False	False	False	False	0.7	True	False									
15551	804.3729	1.943	salamandrivorans_liq_Developed_vs_spore_Developed	5.495552160603317	0.0005809761155726	False	False	False	False	0.7	True	False									
15710	834.4071	1.675	salamandrivorans_liq_Developed_vs_spore_Developed	5.488412894222109	0.0005809761155726	False	False	False	False	0.7	True	False									
6137	635.2869	1.564	salamandrivorans_liq_Developed_vs_spore_Developed	6.585805839430367	0.0005809761155726	False	False	False	False	0.6000000000000001	True	False									
9664	570.5399	1.9275	salamandrivorans_liq_Developed_vs_spore_Developed	6.28157705577571	0.0005809761155726	False	False	False	False	0.6	True	False									
21102	1362.6497	2.8245	salamandrivorans_liq_Developed_vs_spore_Developed	5.916690872455051	0.0005809761155726	False	False	False	False	0.6	True	False									
9747	438.701	2.98581	salamandrivorans_liq_Developed_vs_spore_Developed	3.31723085681991	0.0005809761155726	False	False	False	False	0.4	True	False									
27807	428.2174	0.988	salamandrivorans_liq_Developed_vs_spore_Developed	2.615292690297683	0.0005809761155726	False	False	False	False	0.4	True	False									
13792	541.265	1.691	salamandrivorans_liq_Developed_vs_spore_Developed	2.6382155767693884	0.0005809761155726	False	False	False	False	0.1999999999999999	True	False									
5793	558.2883	1.644	salamandrivorans_liq_Developed_vs_spore_Developed	1.870494238500586	0.0005809761155726	False	False	False	False	0.0999999999999999	True	False									
18108	811.4114	2.73	salamandrivorans_liq_Developed_vs_spore_Developed	1.5473253636940063	0.0005809761155726	False	False	False	False	0.0999999999999999	True	False									
17584	428.2511	2.802	salamandrivorans_liq_Developed_vs_spore_Developed	1.4519191217369691	0.0005809761155726	False	False	False	False	0.0999999999999999	True	False									
6731	646.3251	1.722	salamandrivorans_liq_Developed_vs_spore_Developed	1.2908042248411302	0.0005809761155726	False	False	False	False	0.0999999999999999	True	False									
6082	642.3138	1.786	salamandrivorans_liq_Developed_vs_spore_Developed	2.243977535886528	0.0005809761155726	False	False	False	False	0.0	True	False									
15249	765.3414	2.199	salamandrivorans_liq_Developed_vs_spore_Developed	1.5553783052543626	0.0005809761155726	False	False	False	False	0.0	True	False									
10063	1243.5909	2.215	salamandrivorans_liq_Developed_vs_spore_Developed	1.3467630942855509	0.0005809761155726	False	False	False	False	0.0	True	False									
12029	810.4053	2.713	salamandrivorans_liq_Developed_vs_spore_Developed	1.3026261119528402	0.0005809761155726	False	False	False	False	0.0	False	False									
9909	805.384	2.057	salamandrivorans_liq_Developed_vs_spore_Developed	7.108851026021053	0.0006631540978736	False	False	False	False	0.9	True	False									
10997	752.3646	0.578013	salamandrivorans_liq_Developed_vs_spore_Developed	7.0552944256475625	0.0006631540978736	False	False	False	False	0.9	True	False									
11382	583.2287	0.582	salamandrivorans_liq_Developed_vs_spore_Developed	6.435654936265926	0.0006631540978736	False	False	False	False	0.9	True	False									
10630	459.7398	3.179688	salamandrivorans_liq_Developed_vs_spore_Developed	6.201039285821489	0.0006631540978736	False	False	False	False	0.9	True	False									
15778	885.4491	3.131	salamandrivorans_liq_Developed_vs_spore_Developed	6.18183449964703	0.0006631540978736	False	False	False	False	0.9	True	False									
15449	870.4022	0.932353	salamandrivorans_liq_Developed_vs_spore_Developed	6.156560651842936	0.0006631540978736	False	False	False	False	0.9	True	False									
3805	1055.5674	3.339	salamandrivorans_liq_Developed_vs_spore_Developed	6.142791079947997	0.0006631540978736	False	False	False	False	0.9	True	False									
17534	702.3517	2.851104	salamandrivorans_liq_Developed_vs_spore_Developed	6.120421776848762	0.0006631540978736	False	False	False	False	0.9	True	False									
16979	1094.5625	2.825248	salamandrivorans_liq_Developed_vs_spore_Developed	6.104850073110755	0.0006631540978736	False	False	False	False	0.9	True	False									
19332	783.4071	2.554968	salamandrivorans_liq_Developed_vs_spore_Developed	6.0974520678796935	0.0006631540978736	False	False	False	False	0.9	True	False									
11707	1034.1687	2.664	salamandrivorans_liq_Developed_vs_spore_Developed	6.008663113952719	0.0006631540978736	False	False	False	False	0.9	True	False									
15266	708.3226	0.5785	salamandrivorans_liq_Developed_vs_spore_Developed	5.997937578857611	0.0006631540978736	False	False	False	False	0.9	True	False									
4632	544.7401	2.041	salamandrivorans_liq_Developed_vs_spore_Developed	5.9850035319726445	0.0006631540978736	False	False	False	False	0.9	True	False									
5899	574.3471	0.664	salamandrivorans_liq_Developed_vs_spore_Developed	5.967805010429563	0.0006631540978736	False	False	False	False	0.9	True	False									
12577	1103.4575	0.923558	salamandrivorans_liq_Developed_vs_spore_Developed	5.934824516812733	0.0006631540978736	False	False	False	False	0.9	True	False									
6092	399.2345	0.576977	salamandrivorans_liq_Developed_vs_spore_Developed	5.878188307386037	0.0006631540978736	False	False	False	False	0.9	True	False									
6480	323.6707	0.732	salamandrivorans_liq_Developed_vs_spore_Developed	5.873997014673705	0.0006631540978736	False	False	False	False	0.9	True	False									
21232	699.2875	1.33509	salamandrivorans_liq_Developed_vs_spore_Developed	5.708275233795004	0.0006631540978736	False	False	False	False	0.9	True	False									
12973	824.9042	2.825092	salamandrivorans_liq_Developed_vs_spore_Developed	5.707218232985453	0.0006631540978736	False	False	False	False	0.9	True	False									
11249	587.2906	2.345	salamandrivorans_liq_Developed_vs_spore_Developed	5.675947316551825	0.0006631540978736	False	False	False	False	0.9	True	False									
23371	967.4866	2.976153	salamandrivorans_liq_Developed_vs_spore_Developed	5.672311909382657	0.0006631540978736	False	False	False	False	0.9	True	False									
21194	546.3291	3.148	salamandrivorans_liq_Developed_vs_spore_Developed	5.667894564204686	0.0006631540978736	False	False	False	False	0.9	True	False									
16776	631.2971	0.62925	salamandrivorans_liq_Developed_vs_spore_Developed	5.529160574637047	0.0006631540978736	False	False	False	False	0.9	True	False									
11925	611.3231	3.596	salamandrivorans_liq_Developed_vs_spore_Developed	5.44673747042188	0.0006631540978736	False	False	False	False	0.9	True	False									
15445	1003.4921	2.987944	salamandrivorans_liq_Developed_vs_spore_Developed	5.371231371063837	0.0006631540978736	False	False	False	False	0.9	True	False									
18493	577.5141	1.43856	salamandrivorans_liq_Developed_vs_spore_Developed	5.32639985964151	0.0006631540978736	False	False	False	False	0.9	True	False									
21378	1002.4079	1.276349	salamandrivorans_liq_Developed_vs_spore_Developed	5.279514231725133	0.0006631540978736	False	False	False	False	0.9	True	False									
8930	560.3274	0.78183	salamandrivorans_liq_Developed_vs_spore_Developed	5.24688542241717	0.0006631540978736	False	False	False	False	0.9	True	False									
21453	530.3556	0.748	salamandrivorans_liq_Developed_vs_spore_Developed	5.189491671821763	0.0006631540978736	False	False	False	False	0.9	True	False									
23664	1222.625	3.620142	salamandrivorans_liq_Developed_vs_spore_Developed	5.145794816796015	0.0006631540978736	False	False	False	False	0.9	True	False									
15753	697.3583	1.412227	salamandrivorans_liq_Developed_vs_spore_Developed	5.145661114963889	0.0006631540978736	False	False	False	False	0.9	True	False									
23544	553.7921	1.356	salamandrivorans_liq_Developed_vs_spore_Developed	4.9738041852490245	0.0006631540978736	False	False	False	False	0.9	True	False									
22811	615.8134	3.517	salamandrivorans_liq_Developed_vs_spore_Developed	4.965384825789014	0.0006631540978736	False	False	False	False	0.9	True	False									
27366	930.4938	3.372	salamandrivorans_liq_Developed_vs_spore_Developed	4.854543091015136	0.0006631540978736	False	False	False	False	0.9	True	False									
30654	1111.5984	3.784822	salamandrivorans_liq_Developed_vs_spore_Developed	4.746607632030293	0.0006631540978736	False	False	False	False	0.9	True	False									
25574	549.2242	1.269399	salamandrivorans_liq_Developed_vs_spore_Developed	4.707124325409152	0.0006631540978736	False	False	False	False	0.9	True	False									
18867	730.4206	3.961	salamandrivorans_liq_Developed_vs_spore_Developed	4.647472206455054	0.0006631540978736	False	False	False	False	0.9	True	False									
21988	799.4381	1.323	salamandrivorans_liq_Developed_vs_spore_Developed	4.604911337041901	0.0006631540978736	False	False	False	False	0.9	True	False									
27745	671.3656	3.815845	salamandrivorans_liq_Developed_vs_spore_Developed	4.483165078298617	0.0006631540978736	False	False	False	False	0.9	True	False									
27694	908.9998	3.921458	salamandrivorans_liq_Developed_vs_spore_Developed	4.319588774910083	0.0006631540978736	False	False	False	False	0.9	True	False									
26706	655.8668	3.912	salamandrivorans_liq_Developed_vs_spore_Developed	4.259330457228784	0.0006631540978736	False	False	False	False	0.9	True	False									
34210	1017.5094	4.08	salamandrivorans_liq_Developed_vs_spore_Developed	4.197016442786115	0.0006631540978736	False	False	False	False	0.9	True	False									
24136	427.2574	3.517	salamandrivorans_liq_Developed_vs_spore_Developed	4.175179900400437	0.0006631540978736	False	False	False	False	0.9	True	False									
26029	772.4075	4.189	salamandrivorans_liq_Developed_vs_spore_Developed	4.14407624829303	0.0006631540978736	False	False	False	False	0.9	True	False									
21771	1075.5557	4.422556	salamandrivorans_liq_Developed_vs_spore_Developed	4.130597263275973	0.0006631540978736	False	False	False	False	0.9	True	False									
32683	779.9035	3.958	salamandrivorans_liq_Developed_vs_spore_Developed	3.861516902781973	0.0006631540978736	False	False	False	False	0.9	True	False									
37878	721.8889	4.159	salamandrivorans_liq_Developed_vs_spore_Developed	3.8311923265497447	0.0006631540978736	False	False	False	False	0.9	True	False									
33096	674.3623	4.44756	salamandrivorans_liq_Developed_vs_spore_Developed	3.772703699109071	0.0006631540978736	False	False	False	False	0.9	True	False									
27648	995.5558	4.65349	salamandrivorans_liq_Developed_vs_spore_Developed	3.7208556411156506	0.0006631540978736	False	False	False	False	0.9	True	False									
27619	994.5043	4.286914	salamandrivorans_liq_Developed_vs_spore_Developed	3.6695179675367817	0.0006631540978736	False	False	False	False	0.9	True	False									
32151	641.8682	4.14	salamandrivorans_liq_Developed_vs_spore_Developed	3.654095153453729	0.0006631540978736	False	False	False	False	0.9	True	False									
29914	756.399	4.09	salamandrivorans_liq_Developed_vs_spore_Developed	3.6101200677803735	0.0006631540978736	False	False	False	False	0.9	True	False									
22584	523.2914	3.958429	salamandrivorans_liq_Developed_vs_spore_Developed	3.5837847292029816	0.0006631540978736	False	False	False	False	0.9	True	False									
32037	984.0229	4.307071	salamandrivorans_liq_Developed_vs_spore_Developed	3.5447733082254773	0.0006631540978736	False	False	False	False	0.9	True	False									
34053	436.2412	3.974	salamandrivorans_liq_Developed_vs_spore_Developed	3.495759824250504	0.0006631540978736	False	False	False	False	0.9	True	False									
31810	929.4844	4.163	salamandrivorans_liq_Developed_vs_spore_Developed	3.438297301969969	0.0006631540978736	False	False	False	False	0.9	True	False									
25871	973.527	4.344121	salamandrivorans_liq_Developed_vs_spore_Developed	3.321495827283308	0.0006631540978736	False	False	False	False	0.9	True	False									
18764	1225.6984	4.197	salamandrivorans_liq_Developed_vs_spore_Developed	3.320615560027648	0.0006631540978736	False	False	False	False	0.9	True	False									
37039	1425.7031	4.392	salamandrivorans_liq_Developed_vs_spore_Developed	3.200733205458897	0.0006631540978736	False	False	False	False	0.9	True	False									
37539	1000.5576	4.400915	salamandrivorans_liq_Developed_vs_spore_Developed	3.042410891021756	0.0006631540978736	False	False	False	False	0.9	True	False									
30932	687.3618	4.285451	salamandrivorans_liq_Developed_vs_spore_Developed	2.995551597342108	0.0006631540978736	False	False	False	False	0.9	True	False									
29081	1088.6066	4.330857	salamandrivorans_liq_Developed_vs_spore_Developed	2.9752434498343368	0.0006631540978736	False	False	False	False	0.9	True	False									
33828	908.4797	4.391955	salamandrivorans_liq_Developed_vs_spore_Developed	2.962239283101342	0.0006631540978736	False	False	False	False	0.9	True	False									
35179	1424.7854	4.555819	salamandrivorans_liq_Developed_vs_spore_Developed	2.9152013780582786	0.0006631540978736	False	False	False	False	0.9	True	False									
36517	686.8665	4.264959	salamandrivorans_liq_Developed_vs_spore_Developed	2.8410239082776485	0.0006631540978736	False	False	False	False	0.9	True	False									
19298	869.2677	0.597	salamandrivorans_liq_Developed_vs_spore_Developed	2.696781368182364	0.0006631540978736	False	False	False	False	0.9	True	False									
34370	1081.097	4.384937	salamandrivorans_liq_Developed_vs_spore_Developed	2.6922860626418537	0.0006631540978736	False	False	False	False	0.9	True	False									
2102	652.3131	2.405	salamandrivorans_liq_Developed_vs_spore_Developed	8.739106290870184	0.0006631540978736	False	False	False	False	0.8	True	False									
7716	584.2656	1.481174	salamandrivorans_liq_Developed_vs_spore_Developed	7.130915568439296	0.0006631540978736	False	False	False	False	0.8	True	False									
4923	1003.4648	1.5465	salamandrivorans_liq_Developed_vs_spore_Developed	6.688899625607525	0.0006631540978736	False	False	False	False	0.8	True	False									
15259	392.6737	0.758	salamandrivorans_liq_Developed_vs_spore_Developed	6.300560445136926	0.0006631540978736	False	False	False	False	0.8	True	False									
9533	750.3617	1.7295	salamandrivorans_liq_Developed_vs_spore_Developed	6.089222052828758	0.0006631540978736	False	False	False	False	0.8	True	False									
5835	683.3364	2.507	salamandrivorans_liq_Developed_vs_spore_Developed	6.052435208758187	0.0006631540978736	False	False	False	False	0.8	True	False									
22075	638.2818	3.035718	salamandrivorans_liq_Developed_vs_spore_Developed	5.718234186131424	0.0006631540978736	False	False	False	False	0.8	True	False									
11129	337.1709	2.343	salamandrivorans_liq_Developed_vs_spore_Developed	5.590587316020817	0.0006631540978736	False	False	False	False	0.8	True	False									
7609	467.2549	0.72	salamandrivorans_liq_Developed_vs_spore_Developed	5.351286181640879	0.0006631540978736	False	False	False	False	0.8	True	False									
24777	913.3951	1.225065	salamandrivorans_liq_Developed_vs_spore_Developed	5.258707392435936	0.0006631540978736	False	False	False	False	0.8	True	False									
25240	910.4835	3.599	salamandrivorans_liq_Developed_vs_spore_Developed	5.153836223569657	0.0006631540978736	False	False	False	False	0.8	True	False									
7255	377.1845	1.706	salamandrivorans_liq_Developed_vs_spore_Developed	7.042728703843963	0.0006631540978736	False	False	False	False	0.7	True	False									
10605	770.3355	0.625	salamandrivorans_liq_Developed_vs_spore_Developed	6.125125359401648	0.0006631540978736	False	False	False	False	0.7	True	False									
14477	829.3835	1.8475	salamandrivorans_liq_Developed_vs_spore_Developed	5.74020119084889	0.0006631540978736	False	False	False	False	0.7	True	False									
14592	772.4083	3.356	salamandrivorans_liq_Developed_vs_spore_Developed	5.688829195246477	0.0006631540978736	False	False	False	False	0.7	True	False									
14621	812.8852	1.945	salamandrivorans_liq_Developed_vs_spore_Developed	5.649220927724192	0.0006631540978736	False	False	False	False	0.7	True	False									
27857	756.3933	3.661265	salamandrivorans_liq_Developed_vs_spore_Developed	4.911727041886091	0.0006631540978736	False	False	False	False	0.7	True	False									
5995	973.4529	1.723	salamandrivorans_liq_Developed_vs_spore_Developed	6.648688454169347	0.0006631540978736	False	False	False	False	0.6000000000000001	True	False									
17135	1080.4913	1.747313	salamandrivorans_liq_Developed_vs_spore_Developed	6.057625048254769	0.0006631540978736	False	False	False	False	0.6000000000000001	True	False									
3673	549.5828	1.597	salamandrivorans_liq_Developed_vs_spore_Developed	6.019859061649916	0.0006631540978736	False	False	False	False	0.6000000000000001	True	False									
25291	999.494	3.516	salamandrivorans_liq_Developed_vs_spore_Developed	5.378445628023832	0.0006631540978736	False	False	False	False	0.6000000000000001	True	False									
22325	371.1922	1.274809	salamandrivorans_liq_Developed_vs_spore_Developed	5.099579996310504	0.0006631540978736	False	False	False	False	0.6	True	False									
16132	900.9157	2.249806	salamandrivorans_liq_Developed_vs_spore_Developed	2.1647903505352244	0.0006631540978736	False	False	False	False	0.3	True	False									
15739	202.1271	0.642391	salamandrivorans_liq_Developed_vs_spore_Developed	0.9357920195208974	0.0006631540978736	False	False	False	False	0.3	True	False									
16671	472.277	2.682	salamandrivorans_liq_Developed_vs_spore_Developed	2.27377584949885	0.0006631540978736	False	False	False	False	0.0999999999999999	True	False									
15897	565.2643	1.833	salamandrivorans_liq_Developed_vs_spore_Developed	1.8291761260781647	0.0006631540978736	False	False	False	False	0.0	True	False									
16809	1200.5792	2.215	salamandrivorans_liq_Developed_vs_spore_Developed	1.5848375199636595	0.0006631540978736	False	False	False	False	0.0	False	False									
11866	655.3158	2.199102	salamandrivorans_liq_Developed_vs_spore_Developed	1.5056327601757684	0.0006631540978736	False	False	False	False	0.0	True	False									
9487	810.9086	2.714	salamandrivorans_liq_Developed_vs_spore_Developed	1.4551616269318717	0.0006631540978736	False	False	False	False	0.0	True	False									
13843	1244.0856	2.214	salamandrivorans_liq_Developed_vs_spore_Developed	1.3145924205157502	0.0006631540978736	False	False	False	False	0.0	True	False									
2641	613.0612	1.945	salamandrivorans_liq_Developed_vs_spore_Developed	8.642506271117036	0.0007733684409005	False	False	False	False	0.9	True	False									
16356	764.3892	4.104153	salamandrivorans_liq_Developed_vs_spore_Developed	8.050969012411999	0.0007733684409005	False	False	False	False	0.9	True	False									
7879	849.4517	2.128894	salamandrivorans_liq_Developed_vs_spore_Developed	7.839765572216025	0.0007733684409005	False	False	False	False	0.9	True	False									
11044	773.4465	0.859928	salamandrivorans_liq_Developed_vs_spore_Developed	6.556201382452976	0.0007733684409005	False	False	False	False	0.9	True	False									
8209	1066.4971	1.8255	salamandrivorans_liq_Developed_vs_spore_Developed	6.465526961608003	0.0007733684409005	False	False	False	False	0.9	True	False									
13692	546.2606	2.541	salamandrivorans_liq_Developed_vs_spore_Developed	6.449089142148951	0.0007733684409005	False	False	False	False	0.9	True	False									
13108	323.6706	0.666	salamandrivorans_liq_Developed_vs_spore_Developed	6.324038750440257	0.0007733684409005	False	False	False	False	0.9	True	False									
7245	822.5071	3.292	salamandrivorans_liq_Developed_vs_spore_Developed	6.1638392737406695	0.0007733684409005	False	False	False	False	0.9	True	False									
15947	754.8594	1.9275	salamandrivorans_liq_Developed_vs_spore_Developed	6.151123849138146	0.0007733684409005	False	False	False	False	0.9	True	False									
17279	644.8569	3.873	salamandrivorans_liq_Developed_vs_spore_Developed	6.107418929710326	0.0007733684409005	False	False	False	False	0.9	True	False									
16692	602.3218	0.891723	salamandrivorans_liq_Developed_vs_spore_Developed	5.70594920335415	0.0007733684409005	False	False	False	False	0.9	True	False									
13513	459.7448	3.191515	salamandrivorans_liq_Developed_vs_spore_Developed	5.685071249665338	0.0007733684409005	False	False	False	False	0.9	True	False									
9340	415.2301	2.140337	salamandrivorans_liq_Developed_vs_spore_Developed	5.678458059904708	0.0007733684409005	False	False	False	False	0.9	True	False									
18671	514.2424	0.921207	salamandrivorans_liq_Developed_vs_spore_Developed	5.591026057400443	0.0007733684409005	False	False	False	False	0.9	True	False									
19228	903.475	3.568	salamandrivorans_liq_Developed_vs_spore_Developed	5.556860568718755	0.0007733684409005	False	False	False	False	0.9	True	False									
19880	1079.4972	1.499909	salamandrivorans_liq_Developed_vs_spore_Developed	5.529696660352825	0.0007733684409005	False	False	False	False	0.9	True	False									
7137	413.9641	1.498679	salamandrivorans_liq_Developed_vs_spore_Developed	5.437462818324511	0.0007733684409005	False	False	False	False	0.9	True	False									
23748	1425.6991	3.721488	salamandrivorans_liq_Developed_vs_spore_Developed	5.355363256256834	0.0007733684409005	False	False	False	False	0.9	True	False									
20737	521.7655	3.022989	salamandrivorans_liq_Developed_vs_spore_Developed	5.285084255627317	0.0007733684409005	False	False	False	False	0.9	True	False									
25837	1123.5223	1.435	salamandrivorans_liq_Developed_vs_spore_Developed	5.098898343458823	0.0007733684409005	False	False	False	False	0.9	True	False									
24994	1619.9346	4.235	salamandrivorans_liq_Developed_vs_spore_Developed	5.063669204308982	0.0007733684409005	False	False	False	False	0.9	True	False									
11395	616.2993	3.815845	salamandrivorans_liq_Developed_vs_spore_Developed	5.031453981371106	0.0007733684409005	False	False	False	False	0.9	True	False									
25800	656.287	1.139609	salamandrivorans_liq_Developed_vs_spore_Developed	5.025638149133567	0.0007733684409005	False	False	False	False	0.9	True	False									
23600	722.8745	3.671109	salamandrivorans_liq_Developed_vs_spore_Developed	4.851027722927079	0.0007733684409005	False	False	False	False	0.9	True	False									
26052	880.4509	3.435444	salamandrivorans_liq_Developed_vs_spore_Developed	4.745172049373957	0.0007733684409005	False	False	False	False	0.9	True	False									
24605	493.9166	3.381322	salamandrivorans_liq_Developed_vs_spore_Developed	4.738194882219592	0.0007733684409005	False	False	False	False	0.9	True	False									
26767	1222.6041	3.6972	salamandrivorans_liq_Developed_vs_spore_Developed	4.735474326654408	0.0007733684409005	False	False	False	False	0.9	True	False									
30323	727.9288	4.092584	salamandrivorans_liq_Developed_vs_spore_Developed	4.633308989486215	0.0007733684409005	False	False	False	False	0.9	True	False									
26081	1391.8022	4.107729	salamandrivorans_liq_Developed_vs_spore_Developed	4.476906086519615	0.0007733684409005	False	False	False	False	0.9	True	False									
28414	947.5082	3.964	salamandrivorans_liq_Developed_vs_spore_Developed	4.433125813581028	0.0007733684409005	False	False	False	False	0.9	True	False									
17062	483.2096	0.577009	salamandrivorans_liq_Developed_vs_spore_Developed	4.224147042635449	0.0007733684409005	False	False	False	False	0.9	True	False									
34284	762.4381	4.537604	salamandrivorans_liq_Developed_vs_spore_Developed	4.019076747874783	0.0007733684409005	False	False	False	False	0.9	True	False									
32711	712.4109	4.514085	salamandrivorans_liq_Developed_vs_spore_Developed	3.93550253366563	0.0007733684409005	False	False	False	False	0.9	True	False									
25577	671.8541	4.002821	salamandrivorans_liq_Developed_vs_spore_Developed	3.8823154420018633	0.0007733684409005	False	False	False	False	0.9	True	False									
36427	541.3195	4.115	salamandrivorans_liq_Developed_vs_spore_Developed	3.633063677783249	0.0007733684409005	False	False	False	False	0.9	True	False									
35308	887.4772	4.268012	salamandrivorans_liq_Developed_vs_spore_Developed	3.629951456492361	0.0007733684409005	False	False	False	False	0.9	True	False									
33825	970.0078	4.084	salamandrivorans_liq_Developed_vs_spore_Developed	3.592485942318252	0.0007733684409005	False	False	False	False	0.9	True	False									
31986	908.5065	4.215	salamandrivorans_liq_Developed_vs_spore_Developed	3.362266548540652	0.0007733684409005	False	False	False	False	0.9	True	False									
33603	1082.0933	4.216	salamandrivorans_liq_Developed_vs_spore_Developed	3.254649282773393	0.0007733684409005	False	False	False	False	0.9	True	False									
37057	817.4407	4.257	salamandrivorans_liq_Developed_vs_spore_Developed	2.927076091361468	0.0007733684409005	False	False	False	False	0.9	True	False									
36315	934.9922	4.195	salamandrivorans_liq_Developed_vs_spore_Developed	2.90412266572825	0.0007733684409005	False	False	False	False	0.9	True	False									
34462	676.8693	4.181556	salamandrivorans_liq_Developed_vs_spore_Developed	2.645181888188758	0.0007733684409005	False	False	False	False	0.9	True	False									
32259	659.3386	4.434495	salamandrivorans_liq_Developed_vs_spore_Developed	2.2977721640740176	0.0007733684409005	False	False	False	False	0.9	True	False									
11830	811.41	1.737	salamandrivorans_liq_Developed_vs_spore_Developed	6.9087000697044525	0.0007733684409005	False	False	False	False	0.8	True	False									
15747	1143.5348	1.912	salamandrivorans_liq_Developed_vs_spore_Developed	6.437265888943506	0.0007733684409005	False	False	False	False	0.8	True	False									
15631	686.8698	2.682	salamandrivorans_liq_Developed_vs_spore_Developed	6.16716543366358	0.0007733684409005	False	False	False	False	0.8	True	False									
15032	157.1341	0.582	salamandrivorans_liq_Developed_vs_spore_Developed	5.834491632423148	0.0007733684409005	False	False	False	False	0.8	True	False									
20523	639.3124	1.417032	salamandrivorans_liq_Developed_vs_spore_Developed	5.37854518395194	0.0007733684409005	False	False	False	False	0.8	True	False									
12011	559.7806	3.09682	salamandrivorans_liq_Developed_vs_spore_Developed	5.139180843235118	0.0007733684409005	False	False	False	False	0.8	True	False									
20485	460.752	3.189372	salamandrivorans_liq_Developed_vs_spore_Developed	5.066230317882295	0.0007733684409005	False	False	False	False	0.8	True	False									
20875	269.1609	1.210666	salamandrivorans_liq_Developed_vs_spore_Developed	4.897096333342235	0.0007733684409005	False	False	False	False	0.8	True	False									
8434	643.3209	1.912	salamandrivorans_liq_Developed_vs_spore_Developed	7.515022977739771	0.0007733684409005	False	False	False	False	0.7	True	False									
8943	758.3414	2.939	salamandrivorans_liq_Developed_vs_spore_Developed	6.93783236171759	0.0007733684409005	False	False	False	False	0.7	True	False									
12496	613.5577	1.928	salamandrivorans_liq_Developed_vs_spore_Developed	6.254890170679321	0.0007733684409005	False	False	False	False	0.7	True	False									
17819	625.2925	1.737	salamandrivorans_liq_Developed_vs_spore_Developed	5.741694291739945	0.0007733684409005	False	False	False	False	0.7	True	False									
6452	350.1785	1.77	salamandrivorans_liq_Developed_vs_spore_Developed	5.669816472709722	0.0007733684409005	False	False	False	False	0.7	True	False									
12636	564.2789	3.671056	salamandrivorans_liq_Developed_vs_spore_Developed	5.368273467964197	0.0007733684409005	False	False	False	False	0.7	True	False									
20190	591.309	1.898	salamandrivorans_liq_Developed_vs_spore_Developed	5.248829197769842	0.0007733684409005	False	False	False	False	0.7	True	False									
19504	567.791	1.928	salamandrivorans_liq_Developed_vs_spore_Developed	5.20821909635702	0.0007733684409005	False	False	False	False	0.7	True	False									
13689	732.3681	2.794	salamandrivorans_liq_Developed_vs_spore_Developed	6.760235152231166	0.0007733684409005	False	False	False	False	0.6000000000000001	True	False									
9228	880.4631	2.922977	salamandrivorans_liq_Developed_vs_spore_Developed	6.583266412062717	0.0007733684409005	False	False	False	False	0.6000000000000001	True	False									
4838	181.0973	0.585	salamandrivorans_liq_Developed_vs_spore_Developed	4.124449562840057	0.0007733684409005	False	False	False	False	0.5	False	False									
18551	630.3221	1.515166	salamandrivorans_liq_Developed_vs_spore_Developed	3.517309938437755	0.0007733684409005	False	False	False	False	0.5	True	False									
8779	844.4018	2.0565	salamandrivorans_liq_Developed_vs_spore_Developed	2.188790860156029	0.0007733684409005	False	False	False	False	0.3	True	False									
15001	550.3	2.889	salamandrivorans_liq_Developed_vs_spore_Developed	1.83984596149558	0.0007733684409005	False	False	False	False	0.1999999999999999	True	False									
19256	952.94	1.802	salamandrivorans_liq_Developed_vs_spore_Developed	1.6375936949535774	0.0007733684409005	False	False	False	False	0.1999999999999999	True	False									
9156	682.3236	2.648985	salamandrivorans_liq_Developed_vs_spore_Developed	2.4038175645113062	0.0007733684409005	False	False	False	False	0.0999999999999999	True	False									
11398	725.3513	1.737	salamandrivorans_liq_Developed_vs_spore_Developed	2.065634322525411	0.0007733684409005	False	False	False	False	0.0999999999999999	True	False									
6353	666.3472	2.24316	salamandrivorans_liq_Developed_vs_spore_Developed	1.2864910693810596	0.0007733684409005	False	False	False	False	0.0	True	False									
16725	441.2362	1.664218	salamandrivorans_liq_Developed_vs_spore_Developed	1.182041806969734	0.0007733684409005	False	False	False	False	0.0	True	False									
19363	983.4411	1.469254	salamandrivorans_liq_Developed_vs_spore_Developed	5.175070282127666	0.0008917960907832	False	False	False	False	0.8	True	False									
30622	230.2491	4.894036	salamandrivorans_liq_Developed_vs_spore_Developed	3.828828086332002	0.0008917960907832	False	False	False	False	0.8	True	False									
7638	832.0311	1.707	salamandrivorans_liq_Developed_vs_spore_Developed	6.624606516445668	0.0008917960907832	False	False	False	False	0.7	True	False									
23339	812.3432	1.038	salamandrivorans_liq_Developed_vs_spore_Developed	5.315021348330549	0.0008917960907832	False	False	False	False	0.7	True	False									
17805	663.324	1.3375	salamandrivorans_liq_Developed_vs_spore_Developed	5.264120364426475	0.0008917960907832	False	False	False	False	0.7	True	False									
18004	293.1612	0.674599	salamandrivorans_liq_Developed_vs_spore_Developed	5.200421226657487	0.0008917960907832	False	False	False	False	0.7	True	False									
2173	249.1271	0.585	salamandrivorans_liq_Developed_vs_spore_Developed	7.877424494473178	0.0008917960907832	False	False	False	False	0.6000000000000001	True	False									
9592	875.4118	2.169	salamandrivorans_liq_Developed_vs_spore_Developed	6.869043532636439	0.0008917960907832	False	False	False	False	0.6000000000000001	True	False									
25101	687.3699	2.215	salamandrivorans_liq_Developed_vs_spore_Developed	6.023000580328195	0.0008917960907832	False	False	False	False	0.6000000000000001	True	False									
7629	277.1701	2.588	salamandrivorans_liq_Developed_vs_spore_Developed	5.949316563235138	0.0008917960907832	False	False	False	False	0.6	True	False									
7079	669.3582	2.0175	salamandrivorans_liq_Developed_vs_spore_Developed	7.911499628019735	0.0008917960907832	False	False	False	False	0.5	True	False									
8829	711.4153	3.373	salamandrivorans_liq_Developed_vs_spore_Developed	5.923046499443351	0.0008917960907832	False	False	False	False	0.5	True	False									
16514	924.4442	2.321474	salamandrivorans_liq_Developed_vs_spore_Developed	1.2933442219072355	0.0008917960907832	False	False	False	False	0.0	True	False									
5748	280.1682	1.897	salamandrivorans_liq_Developed_vs_spore_Developed	4.911523437536676	0.001012483675015	False	False	False	False	0.7	True	False									
14939	786.3679	0.588	salamandrivorans_liq_Developed_vs_spore_Developed	7.2129850068540975	0.001012483675015	False	False	False	False	0.6000000000000001	True	False									
8725	711.3722	3.154	salamandrivorans_liq_Developed_vs_spore_Developed	6.058375500797509	0.001012483675015	False	False	False	False	0.6000000000000001	True	False									
13994	902.4445	2.761	salamandrivorans_liq_Developed_vs_spore_Developed	6.054755465961354	0.001012483675015	False	False	False	False	0.6000000000000001	True	False									
19742	514.2533	1.579	salamandrivorans_liq_Developed_vs_spore_Developed	5.996402235130061	0.001012483675015	False	False	False	False	0.6000000000000001	True	False									
25333	760.8628	1.429796	salamandrivorans_liq_Developed_vs_spore_Developed	5.137022329500277	0.001012483675015	False	False	False	False	0.6000000000000001	True	False									
18902	720.3663	1.554733	salamandrivorans_liq_Developed_vs_spore_Developed	6.123837317990774	0.001012483675015	False	False	False	False	0.6	True	False									
32646	310.1396	1.320551	salamandrivorans_liq_Developed_vs_spore_Developed	3.946464612738912	0.001012483675015	False	False	False	False	0.6	True	False									
10547	1044.4253	1.788591	salamandrivorans_liq_Developed_vs_spore_Developed	7.000366401924147	0.001012483675015	False	False	False	False	0.5	True	False									
12101	615.3447	3.243	salamandrivorans_liq_Developed_vs_spore_Developed	6.7947003629358615	0.001012483675015	False	False	False	False	0.5	True	False									
10617	813.3751	1.596	salamandrivorans_liq_Developed_vs_spore_Developed	6.122231694792448	0.001012483675015	False	False	False	False	0.5	True	False									
24800	388.3051	5.952241	salamandrivorans_liq_Developed_vs_spore_Developed	1.387137814718863	0.001012483675015	False	False	False	False	0.4	True	False									
7082	394.198	2.141958	salamandrivorans_liq_Developed_vs_spore_Developed	1.9578186444355443	0.001012483675015	False	False	False	False	0.1999999999999999	True	False									
27792	644.32	1.855	salamandrivorans_liq_Developed_vs_spore_Developed	1.6118631706463085	0.001012483675015	False	False	False	False	0.1999999999999999	True	False									
2802	1150.5782	1.722	salamandrivorans_liq_Developed_vs_spore_Developed	2.900866028596907	0.001012483675015	False	False	False	False	0.0999999999999999	True	False									
6916	986.1505	2.683	salamandrivorans_liq_Developed_vs_spore_Developed	2.0489779939261403	0.001012483675015	False	False	False	False	0.0	True	False									
18389	1059.5612	3.486585	salamandrivorans_liq_Developed_vs_spore_Developed	4.618213868330973	0.0011302364526731	False	False	False	False	0.8	True	False									
37359	1284.7025	4.477101	salamandrivorans_liq_Developed_vs_spore_Developed	3.176735194000622	0.0011302364526731	False	False	False	False	0.8	True	False									
7109	721.8443	2.969189	salamandrivorans_liq_Developed_vs_spore_Developed	6.229756619532897	0.0011302364526731	False	False	False	False	0.7000000000000001	True	False									
23224	783.3656	1.914016	salamandrivorans_liq_Developed_vs_spore_Developed	5.42263466358758	0.0011302364526731	False	False	False	False	0.7	True	False									
22713	598.2961	2.24634	salamandrivorans_liq_Developed_vs_spore_Developed	5.889401503123426	0.0011302364526731	False	False	False	False	0.6000000000000001	True	False									
5224	478.2199	2.459768	salamandrivorans_liq_Developed_vs_spore_Developed	8.339419235046217	0.0011302364526731	False	False	False	False	0.5	True	False									
5345	757.389	2.95669	salamandrivorans_liq_Developed_vs_spore_Developed	8.072038641099201	0.0011302364526731	False	False	False	False	0.5	True	False									
14252	522.2529	1.548	salamandrivorans_liq_Developed_vs_spore_Developed	7.320924915467045	0.0011302364526731	False	False	False	False	0.5	True	False									
17126	692.3389	1.753	salamandrivorans_liq_Developed_vs_spore_Developed	6.679220647154957	0.0011302364526731	False	False	False	False	0.5	True	False									
21599	700.3588	2.298465	salamandrivorans_liq_Developed_vs_spore_Developed	5.14300821352021	0.0011302364526731	False	False	False	False	0.5	True	False									
15427	574.2894	1.834	salamandrivorans_liq_Developed_vs_spore_Developed	1.8222545303957776	0.0011302364526731	False	False	False	False	0.3	True	False									
14928	423.2249	1.778258	salamandrivorans_liq_Developed_vs_spore_Developed	1.7972084915645867	0.0011302364526731	False	False	False	False	0.1999999999999999	True	False									
8738	835.4077	2.36	salamandrivorans_liq_Developed_vs_spore_Developed	1.3551636856820992	0.0011302364526731	False	False	False	False	0.1999999999999999	True	False									
3010	716.3358	2.681	salamandrivorans_liq_Developed_vs_spore_Developed	7.59478032731918	0.0012483407441623	False	False	False	False	0.8	True	False									
22291	568.2493	3.403222	salamandrivorans_liq_Developed_vs_spore_Developed	4.917494364150043	0.0012483407441623	False	False	False	False	0.8	True	False									
6191	499.2861	1.5005	salamandrivorans_liq_Developed_vs_spore_Developed	6.254085786590316	0.0012483407441623	False	False	False	False	0.5	True	False									
13928	894.3947	1.753	salamandrivorans_liq_Developed_vs_spore_Developed	5.963171434862752	0.0012483407441623	False	False	False	False	0.5	True	False									
17787	966.4606	2.302947	salamandrivorans_liq_Developed_vs_spore_Developed	5.899873108023861	0.0012483407441623	False	False	False	False	0.5	True	False									
22911	801.377	1.833	salamandrivorans_liq_Developed_vs_spore_Developed	5.540864552040761	0.0012483407441623	False	False	False	False	0.5	True	False									
6797	605.058	2.167776	salamandrivorans_liq_Developed_vs_spore_Developed	5.924583279941208	0.0012483407441623	False	False	False	False	0.4	True	False									
17493	480.2164	0.947869	salamandrivorans_liq_Developed_vs_spore_Developed	1.7166651646213655	0.0012483407441623	False	False	False	False	0.4	True	False									
10272	638.8257	1.433383	salamandrivorans_liq_Developed_vs_spore_Developed	1.2490285978364408	0.0012483407441623	False	False	False	False	0.0	True	False									
13706	854.442	1.9606	salamandrivorans_liq_Developed_vs_spore_Developed	6.842734048866669	0.001366076014993	False	False	False	False	0.9	True	False									
12627	905.4918	3.636245	salamandrivorans_liq_Developed_vs_spore_Developed	5.216841809353224	0.001366076014993	False	False	False	False	0.6000000000000001	True	False									
13341	1328.6486	2.602254	salamandrivorans_liq_Developed_vs_spore_Developed	6.617511602614964	0.001366076014993	False	False	False	False	0.5	True	False									
13257	474.2832	3.291	salamandrivorans_liq_Developed_vs_spore_Developed	6.398711690590348	0.001366076014993	False	False	False	False	0.5	True	False									
17689	817.4101	1.946	salamandrivorans_liq_Developed_vs_spore_Developed	3.717376017574905	0.001366076014993	False	False	False	False	0.5	True	False									
5055	642.2769	2.429	salamandrivorans_liq_Developed_vs_spore_Developed	4.738450475360008	0.001366076014993	False	False	False	False	0.4	True	False									
16885	1061.9883	1.926543	salamandrivorans_liq_Developed_vs_spore_Developed	1.6518377355717218	0.001366076014993	False	False	False	False	0.3	True	False									
34435	392.184	2.274073	salamandrivorans_liq_Developed_vs_spore_Developed	1.274225254153973	0.001366076014993	False	False	False	False	0.1999999999999999	True	False									
32831	203.139	0.978	salamandrivorans_liq_Developed_vs_spore_Developed	1.062968956450123	0.001366076014993	False	False	False	False	0.0999999999999999	True	False									
10708	637.351	2.513054	salamandrivorans_liq_Developed_vs_spore_Developed	1.7025154419388269	0.001366076014993	False	False	False	False	0.0	False	False									
27237	1038.5662	4.673345	salamandrivorans_liq_Developed_vs_spore_Developed	3.980463082650652	0.0014762731403598	False	False	False	False	0.9	True	False									
13575	906.4319	0.622	salamandrivorans_liq_Developed_vs_spore_Developed	6.126627218378001	0.0014762731403598	False	False	False	False	0.8	True	False									
25766	610.3702	3.598885	salamandrivorans_liq_Developed_vs_spore_Developed	5.386354451244975	0.0014762731403598	False	False	False	False	0.8	True	False									
16930	967.5447	3.522	salamandrivorans_liq_Developed_vs_spore_Developed	5.356378204063114	0.0014762731403598	False	False	False	False	0.8	True	False									
17611	715.3395	1.564	salamandrivorans_liq_Developed_vs_spore_Developed	5.290934386482773	0.0014762731403598	False	False	False	False	0.8	True	False									
17451	295.1807	2.737	salamandrivorans_liq_Developed_vs_spore_Developed	4.810101787299069	0.0014762731403598	False	False	False	False	0.8	True	False									
18272	459.7445	0.972296	salamandrivorans_liq_Developed_vs_spore_Developed	4.796387787598727	0.0014762731403598	False	False	False	False	0.8	True	False									
28361	647.2933	1.128164	salamandrivorans_liq_Developed_vs_spore_Developed	4.68967980967878	0.0014762731403598	False	False	False	False	0.8	True	False									
27534	873.489	3.978	salamandrivorans_liq_Developed_vs_spore_Developed	3.998207418430412	0.0014762731403598	False	False	False	False	0.8	True	False									
26252	679.3481	4.162	salamandrivorans_liq_Developed_vs_spore_Developed	3.817330783981237	0.0014762731403598	False	False	False	False	0.8	True	False									
36531	1250.6497	4.307071	salamandrivorans_liq_Developed_vs_spore_Developed	3.163573560023738	0.0014762731403598	False	False	False	False	0.8	True	False									
31390	715.8834	4.213	salamandrivorans_liq_Developed_vs_spore_Developed	3.0562345737662784	0.0014762731403598	False	False	False	False	0.8	True	False									
33667	885.975	4.152	salamandrivorans_liq_Developed_vs_spore_Developed	2.9796843011134166	0.0014762731403598	False	False	False	False	0.8	True	False									
26284	610.3214	4.586403	salamandrivorans_liq_Developed_vs_spore_Developed	2.952032127322627	0.0014762731403598	False	False	False	False	0.8	True	False									
37028	583.8439	4.225	salamandrivorans_liq_Developed_vs_spore_Developed	2.631096511257	0.0014762731403598	False	False	False	False	0.8	True	False									
35642	782.3881	4.939854	salamandrivorans_liq_Developed_vs_spore_Developed	1.918191973597492	0.0014762731403598	False	False	False	False	0.8	True	False									
24294	661.3328	3.830054	salamandrivorans_liq_Developed_vs_spore_Developed	5.501664199730703	0.0014762731403598	False	False	False	False	0.7000000000000001	True	False									
15625	378.2394	3.019521	salamandrivorans_liq_Developed_vs_spore_Developed	3.2494985813954083	0.0014762731403598	False	False	False	False	0.4	True	False									
7182	538.328	3.468485	salamandrivorans_liq_Developed_vs_spore_Developed	3.3130032045894704	0.0014762731403598	False	False	False	False	0.1999999999999999	True	False									
10464	987.1685	2.689333	salamandrivorans_liq_Developed_vs_spore_Developed	1.9794428708423808	0.0014762731403598	False	False	False	False	0.0	True	False									
14723	814.3939	1.926	salamandrivorans_liq_Developed_vs_spore_Developed	0.9553403220980669	0.0014762731403598	False	False	False	False	0.0	False	False									
7338	767.3752	0.783	salamandrivorans_liq_Developed_vs_spore_Developed	6.194342540796908	0.0015891233425183	False	False	False	False	0.8	True	False									
20549	860.4041	1.657802	salamandrivorans_liq_Developed_vs_spore_Developed	5.520051200775578	0.0015891233425183	False	False	False	False	0.8	True	False									
13211	438.7368	0.827	salamandrivorans_liq_Developed_vs_spore_Developed	5.317223903234057	0.0015891233425183	False	False	False	False	0.7000000000000001	True	False									
17926	651.3417	3.587	salamandrivorans_liq_Developed_vs_spore_Developed	5.181025045846122	0.0015891233425183	False	False	False	False	0.7000000000000001	True	False									
13946	460.2409	0.584	salamandrivorans_liq_Developed_vs_spore_Developed	6.687687258203155	0.0015891233425183	False	False	False	False	0.5	True	False									
15158	853.4205	2.794	salamandrivorans_liq_Developed_vs_spore_Developed	6.1597798979955645	0.0015891233425183	False	False	False	False	0.5	True	False									
20114	853.41	2.277855	salamandrivorans_liq_Developed_vs_spore_Developed	5.799551978561398	0.0015891233425183	False	False	False	False	0.5	True	False									
21726	815.3933	0.816116	salamandrivorans_liq_Developed_vs_spore_Developed	5.234428413979623	0.0015891233425183	False	False	False	False	0.5	True	False									
16071	508.2447	0.916247	salamandrivorans_liq_Developed_vs_spore_Developed	1.489037270588815	0.0015891233425183	False	False	False	False	0.3	True	False									
10150	1070.0055	2.310309	salamandrivorans_liq_Developed_vs_spore_Developed	1.0551191159138742	0.0015891233425183	False	False	False	False	0.0	False	False									
3761	456.7296	0.576988	salamandrivorans_liq_Developed_vs_spore_Developed	8.068783695935045	0.0016896894322125	False	False	False	False	0.8	True	False									
5709	838.369	0.58	salamandrivorans_liq_Developed_vs_spore_Developed	7.2434441541954	0.0016896894322125	False	False	False	False	0.8	True	False									
12774	1082.582	3.308	salamandrivorans_liq_Developed_vs_spore_Developed	6.779962926293308	0.0016896894322125	False	False	False	False	0.8	True	False									
4848	382.2121	0.577995	salamandrivorans_liq_Developed_vs_spore_Developed	6.724836145221374	0.0016896894322125	False	False	False	False	0.8	True	False									
7876	1184.5651	3.098799	salamandrivorans_liq_Developed_vs_spore_Developed	6.580009843460204	0.0016896894322125	False	False	False	False	0.8	True	False									
8400	346.1876	0.583	salamandrivorans_liq_Developed_vs_spore_Developed	6.5611957477719285	0.0016896894322125	False	False	False	False	0.8	True	False									
13805	675.8264	0.5795	salamandrivorans_liq_Developed_vs_spore_Developed	5.916271531997221	0.0016896894322125	False	False	False	False	0.8	True	False									
9621	791.8668	0.583	salamandrivorans_liq_Developed_vs_spore_Developed	5.821421600872859	0.0016896894322125	False	False	False	False	0.8	True	False									
13285	875.4647	3.815	salamandrivorans_liq_Developed_vs_spore_Developed	5.768974783415666	0.0016896894322125	False	False	False	False	0.8	True	False									
5819	219.631	0.573048	salamandrivorans_liq_Developed_vs_spore_Developed	5.756279513740415	0.0016896894322125	False	False	False	False	0.8	True	False									
13339	672.4229	3.8295	salamandrivorans_liq_Developed_vs_spore_Developed	5.752452351623766	0.0016896894322125	False	False	False	False	0.8	True	False									
9248	276.8154	0.576031	salamandrivorans_liq_Developed_vs_spore_Developed	5.609159945821277	0.0016896894322125	False	False	False	False	0.8	True	False									
15654	604.2951	0.575095	salamandrivorans_liq_Developed_vs_spore_Developed	5.541124169354143	0.0016896894322125	False	False	False	False	0.8	True	False									
10186	472.1822	0.574075	salamandrivorans_liq_Developed_vs_spore_Developed	5.499912683452617	0.0016896894322125	False	False	False	False	0.8	True	False									
6709	762.4167	0.576977	salamandrivorans_liq_Developed_vs_spore_Developed	5.40108566891117	0.0016896894322125	False	False	False	False	0.8	True	False									
15455	770.8633	1.847	salamandrivorans_liq_Developed_vs_spore_Developed	5.390232365277102	0.0016896894322125	False	False	False	False	0.8	True	False									
16363	1028.5922	3.864388	salamandrivorans_liq_Developed_vs_spore_Developed	5.173435757519249	0.0016896894322125	False	False	False	False	0.8	True	False									
12343	390.7139	0.573566	salamandrivorans_liq_Developed_vs_spore_Developed	5.084137728600885	0.0016896894322125	False	False	False	False	0.8	True	False									
21089	380.848	3.577	salamandrivorans_liq_Developed_vs_spore_Developed	4.871812828239376	0.0016896894322125	False	False	False	False	0.8	True	False									
25454	1042.5142	1.251698	salamandrivorans_liq_Developed_vs_spore_Developed	4.772989347128003	0.0016896894322125	False	False	False	False	0.8	True	False									
24255	671.862	3.877862	salamandrivorans_liq_Developed_vs_spore_Developed	4.61294701626901	0.0016896894322125	False	False	False	False	0.8	True	False									
21632	357.6198	1.254902	salamandrivorans_liq_Developed_vs_spore_Developed	4.2279848676416085	0.0016896894322125	False	False	False	False	0.8	True	False									
30618	1082.6191	4.305971	salamandrivorans_liq_Developed_vs_spore_Developed	3.936948861955525	0.0016896894322125	False	False	False	False	0.8	True	False									
18545	448.2274	0.572	salamandrivorans_liq_Developed_vs_spore_Developed	3.899097802841092	0.0016896894322125	False	False	False	False	0.8	True	False									
26349	1429.7983	4.680235	salamandrivorans_liq_Developed_vs_spore_Developed	3.819500620286175	0.0016896894322125	False	False	False	False	0.8	True	False									
17375	613.2891	0.571	salamandrivorans_liq_Developed_vs_spore_Developed	3.701024251239653	0.0016896894322125	False	False	False	False	0.8	True	False									
32806	698.3708	4.142333	salamandrivorans_liq_Developed_vs_spore_Developed	3.629188284916088	0.0016896894322125	False	False	False	False	0.8	True	False									
37665	1545.8127	4.169	salamandrivorans_liq_Developed_vs_spore_Developed	3.232833253895996	0.0016896894322125	False	False	False	False	0.8	True	False									
31049	1234.6268	4.03436	salamandrivorans_liq_Developed_vs_spore_Developed	3.152111790158799	0.0016896894322125	False	False	False	False	0.8	True	False									
36626	491.288	3.989	salamandrivorans_liq_Developed_vs_spore_Developed	2.4973645269570817	0.0016896894322125	False	False	False	False	0.8	True	False									
4016	419.6896	0.581008	salamandrivorans_liq_Developed_vs_spore_Developed	7.587887326965091	0.0016896894322125	False	False	False	False	0.7000000000000001	True	False									
2758	338.6711	0.575513	salamandrivorans_liq_Developed_vs_spore_Developed	7.437130501100016	0.0016896894322125	False	False	False	False	0.7000000000000001	True	False									
34105	676.3438	2.142795	salamandrivorans_liq_Developed_vs_spore_Developed	6.609231634517214	0.0016896894322125	False	False	False	False	0.7000000000000001	True	False									
11713	603.2389	0.581994	salamandrivorans_liq_Developed_vs_spore_Developed	6.51972881365503	0.0016896894322125	False	False	False	False	0.7000000000000001	True	False									
18661	631.3342	3.322	salamandrivorans_liq_Developed_vs_spore_Developed	5.730470260316646	0.0016896894322125	False	False	False	False	0.7000000000000001	True	False									
20036	201.087	0.576027	salamandrivorans_liq_Developed_vs_spore_Developed	4.928650636541455	0.0016896894322125	False	False	False	False	0.7000000000000001	True	False									
22603	865.9475	3.446617	salamandrivorans_liq_Developed_vs_spore_Developed	4.666764602061186	0.0016896894322125	False	False	False	False	0.7000000000000001	True	False									
16659	321.6941	1.742	salamandrivorans_liq_Developed_vs_spore_Developed	2.935418155835332	0.0016896894322125	False	False	False	False	0.4	True	False									
15300	1183.5582	2.1195	salamandrivorans_liq_Developed_vs_spore_Developed	3.0705056706916167	0.0016896894322125	False	False	False	False	0.3	True	False									
11799	1021.4486	2.245832	salamandrivorans_liq_Developed_vs_spore_Developed	2.757327031662946	0.0016896894322125	False	False	False	False	0.3	True	False									
7205	732.3378	2.310283	salamandrivorans_liq_Developed_vs_spore_Developed	2.8159133139378905	0.0016896894322125	False	False	False	False	0.0	True	False									
1332	950.4468	2.459	salamandrivorans_liq_Developed_vs_spore_Developed	8.788879379683522	0.001769089207399	False	False	False	False	0.8	True	False									
4232	803.8791	2.0245	salamandrivorans_liq_Developed_vs_spore_Developed	7.9845292463064705	0.001769089207399	False	False	False	False	0.8	True	False									
7936	837.4058	2.442	salamandrivorans_liq_Developed_vs_spore_Developed	7.215533096309233	0.001769089207399	False	False	False	False	0.8	True	False									
10177	822.4208	2.848657	salamandrivorans_liq_Developed_vs_spore_Developed	7.102532980614768	0.001769089207399	False	False	False	False	0.8	True	False									
7882	837.3694	1.754	salamandrivorans_liq_Developed_vs_spore_Developed	7.0075427755878295	0.001769089207399	False	False	False	False	0.8	True	False									
5621	362.7091	0.6155	salamandrivorans_liq_Developed_vs_spore_Developed	7.004969751943839	0.001769089207399	False	False	False	False	0.8	True	False									
7009	473.2322	0.6	salamandrivorans_liq_Developed_vs_spore_Developed	6.689676161322733	0.001769089207399	False	False	False	False	0.8	True	False									
12795	584.2596	1.375808	salamandrivorans_liq_Developed_vs_spore_Developed	6.53718993971603	0.001769089207399	False	False	False	False	0.8	True	False									
13198	864.3669	1.66	salamandrivorans_liq_Developed_vs_spore_Developed	6.129708506504919	0.001769089207399	False	False	False	False	0.8	True	False									
19309	536.2534	1.833	salamandrivorans_liq_Developed_vs_spore_Developed	5.819753958113055	0.001769089207399	False	False	False	False	0.8	True	False									
15706	811.4243	1.277054	salamandrivorans_liq_Developed_vs_spore_Developed	5.796574651615819	0.001769089207399	False	False	False	False	0.8	True	False									
12187	363.2104	0.623	salamandrivorans_liq_Developed_vs_spore_Developed	5.660924450978248	0.001769089207399	False	False	False	False	0.8	True	False									
10808	684.3713	3.287	salamandrivorans_liq_Developed_vs_spore_Developed	5.559551788252298	0.001769089207399	False	False	False	False	0.8	True	False									
16352	428.5501	2.476	salamandrivorans_liq_Developed_vs_spore_Developed	5.4612571296346974	0.001769089207399	False	False	False	False	0.8	True	False									
15153	561.316	2.930327	salamandrivorans_liq_Developed_vs_spore_Developed	5.423634574920037	0.001769089207399	False	False	False	False	0.8	True	False									
15172	637.4337	3.524	salamandrivorans_liq_Developed_vs_spore_Developed	5.411923485146149	0.001769089207399	False	False	False	False	0.8	True	False									
19230	502.2667	3.442577	salamandrivorans_liq_Developed_vs_spore_Developed	5.283007392500358	0.001769089207399	False	False	False	False	0.8	True	False									
22532	1039.0425	3.567	salamandrivorans_liq_Developed_vs_spore_Developed	5.256998146036009	0.001769089207399	False	False	False	False	0.8	True	False									
21472	1116.5022	1.082631	salamandrivorans_liq_Developed_vs_spore_Developed	5.205966136196781	0.001769089207399	False	False	False	False	0.8	True	False									
22262	741.4361	3.814111	salamandrivorans_liq_Developed_vs_spore_Developed	5.133389920085414	0.001769089207399	False	False	False	False	0.8	True	False									
14797	602.363	3.323	salamandrivorans_liq_Developed_vs_spore_Developed	4.916067932694741	0.001769089207399	False	False	False	False	0.8	True	False									
18734	468.2536	3.81858	salamandrivorans_liq_Developed_vs_spore_Developed	4.744872034141564	0.001769089207399	False	False	False	False	0.8	True	False									
17051	985.5161	3.929	salamandrivorans_liq_Developed_vs_spore_Developed	4.713766369270076	0.001769089207399	False	False	False	False	0.8	True	False									
13723	467.729	3.524	salamandrivorans_liq_Developed_vs_spore_Developed	4.538849346980691	0.001769089207399	False	False	False	False	0.8	True	False									
21081	675.3189	3.809443	salamandrivorans_liq_Developed_vs_spore_Developed	4.509916800305427	0.001769089207399	False	False	False	False	0.8	True	False									
15750	575.2618	3.70192	salamandrivorans_liq_Developed_vs_spore_Developed	4.424297572117692	0.001769089207399	False	False	False	False	0.8	True	False									
20908	1040.5552	4.026744	salamandrivorans_liq_Developed_vs_spore_Developed	4.322188023678856	0.001769089207399	False	False	False	False	0.8	True	False									
27060	1141.6117	4.035468	salamandrivorans_liq_Developed_vs_spore_Developed	4.223964878073962	0.001769089207399	False	False	False	False	0.8	True	False									
11504	1367.6935	4.059878	salamandrivorans_liq_Developed_vs_spore_Developed	4.048490876358255	0.001769089207399	False	False	False	False	0.8	True	False									
33051	321.167	1.257072	salamandrivorans_liq_Developed_vs_spore_Developed	3.8278408254838494	0.001769089207399	False	False	False	False	0.8	True	False									
31932	841.5117	4.341366	salamandrivorans_liq_Developed_vs_spore_Developed	3.290850297769196	0.001769089207399	False	False	False	False	0.8	True	False									
36738	450.7899	3.984	salamandrivorans_liq_Developed_vs_spore_Developed	3.249920332646019	0.001769089207399	False	False	False	False	0.8	True	False									
27027	643.8363	4.344556	salamandrivorans_liq_Developed_vs_spore_Developed	2.9269970201632844	0.001769089207399	False	False	False	False	0.8	True	False									
26911	715.4069	4.016213	salamandrivorans_liq_Developed_vs_spore_Developed	2.881071343132115	0.001769089207399	False	False	False	False	0.8	True	False									
32656	612.3071	4.197	salamandrivorans_liq_Developed_vs_spore_Developed	2.598215145689981	0.001769089207399	False	False	False	False	0.8	True	False									
32538	468.2569	4.039549	salamandrivorans_liq_Developed_vs_spore_Developed	2.5509913264803594	0.001769089207399	False	False	False	False	0.8	True	False									
17425	773.31	1.738	salamandrivorans_liq_Developed_vs_spore_Developed	6.325442224770646	0.001769089207399	False	False	False	False	0.7000000000000001	True	False									
13977	917.4554	3.814922	salamandrivorans_liq_Developed_vs_spore_Developed	6.2515440084951175	0.001769089207399	False	False	False	False	0.7000000000000001	True	False									
16562	739.8595	2.198	salamandrivorans_liq_Developed_vs_spore_Developed	6.163256421281047	0.001769089207399	False	False	False	False	0.7000000000000001	True	False									
15384	377.1475	1.420898	salamandrivorans_liq_Developed_vs_spore_Developed	5.688498249530363	0.001769089207399	False	False	False	False	0.7000000000000001	True	False									
21170	896.4315	3.502	salamandrivorans_liq_Developed_vs_spore_Developed	5.408939828557929	0.001769089207399	False	False	False	False	0.7000000000000001	True	False									
17334	679.3336	3.064338	salamandrivorans_liq_Developed_vs_spore_Developed	5.326860349305839	0.001769089207399	False	False	False	False	0.7000000000000001	True	False									
28374	307.1441	3.356	salamandrivorans_liq_Developed_vs_spore_Developed	4.782754047050302	0.001769089207399	False	False	False	False	0.7000000000000001	True	False									
14777	627.2766	2.168	salamandrivorans_liq_Developed_vs_spore_Developed	2.837340598758292	0.001769089207399	False	False	False	False	0.3	False	False									
13666	180.1364	1.214726	salamandrivorans_liq_Developed_vs_spore_Developed	1.2273543960591824	0.001769089207399	False	False	False	False	0.3	True	False									
27353	454.272	0.723695	salamandrivorans_liq_Developed_vs_spore_Developed	1.6992116514965858	0.001769089207399	False	False	False	False	0.0	True	False									
15671	590.2935	1.356126	salamandrivorans_liq_Developed_vs_spore_Developed	1.4250614019721997	0.001769089207399	False	False	False	False	0.0	False	False									
18770	994.4652	1.548	salamandrivorans_liq_Developed_vs_spore_Developed	6.459686408751014	0.0018160722045598	False	False	False	False	0.8	True	False									
15908	1090.5319	2.133	salamandrivorans_liq_Developed_vs_spore_Developed	6.44348322990139	0.0018160722045598	False	False	False	False	0.8	True	False									
12896	887.4637	3.162	salamandrivorans_liq_Developed_vs_spore_Developed	6.402117302402214	0.0018160722045598	False	False	False	False	0.8	True	False									
14266	816.4366	3.34	salamandrivorans_liq_Developed_vs_spore_Developed	6.204626091755233	0.0018160722045598	False	False	False	False	0.8	True	False									
15328	976.4256	1.722	salamandrivorans_liq_Developed_vs_spore_Developed	6.109297628381291	0.0018160722045598	False	False	False	False	0.8	True	False									
13283	943.4544	0.637	salamandrivorans_liq_Developed_vs_spore_Developed	6.078241933738573	0.0018160722045598	False	False	False	False	0.8	True	False									
23400	584.3458	1.419	salamandrivorans_liq_Developed_vs_spore_Developed	5.907837633620359	0.0018160722045598	False	False	False	False	0.8	True	False									
16184	943.4539	0.761	salamandrivorans_liq_Developed_vs_spore_Developed	5.878529499636627	0.0018160722045598	False	False	False	False	0.8	True	False									
13129	448.2272	0.64675	salamandrivorans_liq_Developed_vs_spore_Developed	5.871953575623024	0.0018160722045598	False	False	False	False	0.8	True	False									
8555	493.5808	3.3595	salamandrivorans_liq_Developed_vs_spore_Developed	5.832643378673197	0.0018160722045598	False	False	False	False	0.8	True	False									
9326	749.3906	0.780558	salamandrivorans_liq_Developed_vs_spore_Developed	5.800111720746468	0.0018160722045598	False	False	False	False	0.8	True	False									
12449	407.2293	2.5875	salamandrivorans_liq_Developed_vs_spore_Developed	5.716560934822	0.0018160722045598	False	False	False	False	0.8	True	False									
15225	714.361	3.652928	salamandrivorans_liq_Developed_vs_spore_Developed	5.677251959423946	0.0018160722045598	False	False	False	False	0.8	True	False									
8743	831.3809	1.5725	salamandrivorans_liq_Developed_vs_spore_Developed	5.622853379438442	0.0018160722045598	False	False	False	False	0.8	True	False									
20084	734.4118	3.046958	salamandrivorans_liq_Developed_vs_spore_Developed	5.584527982026379	0.0018160722045598	False	False	False	False	0.8	True	False									
9407	602.3281	3.277787	salamandrivorans_liq_Developed_vs_spore_Developed	5.556229372824136	0.0018160722045598	False	False	False	False	0.8	True	False									
8284	644.3585	2.587	salamandrivorans_liq_Developed_vs_spore_Developed	5.519681891112046	0.0018160722045598	False	False	False	False	0.8	True	False									
37481	660.3262	1.91492	salamandrivorans_liq_Developed_vs_spore_Developed	5.452416677046259	0.0018160722045598	False	False	False	False	0.8	True	False									
18305	961.6191	3.732276	salamandrivorans_liq_Developed_vs_spore_Developed	5.432468851151311	0.0018160722045598	False	False	False	False	0.8	True	False									
16505	447.2971	2.778	salamandrivorans_liq_Developed_vs_spore_Developed	5.340435319621253	0.0018160722045598	False	False	False	False	0.8	True	False									
17902	554.7766	1.398489	salamandrivorans_liq_Developed_vs_spore_Developed	5.154125683767157	0.0018160722045598	False	False	False	False	0.8	True	False									
20821	1000.5344	3.389809	salamandrivorans_liq_Developed_vs_spore_Developed	5.14529363719034	0.0018160722045598	False	False	False	False	0.8	True	False									
15014	793.358	1.7225	salamandrivorans_liq_Developed_vs_spore_Developed	5.140007085336184	0.0018160722045598	False	False	False	False	0.8	True	False									
22574	612.3049	3.526	salamandrivorans_liq_Developed_vs_spore_Developed	5.122295143761194	0.0018160722045598	False	False	False	False	0.8	True	False									
16443	817.4456	3.628752	salamandrivorans_liq_Developed_vs_spore_Developed	5.088980948438229	0.0018160722045598	False	False	False	False	0.8	True	False									
23560	1444.7091	3.652928	salamandrivorans_liq_Developed_vs_spore_Developed	5.011740993981516	0.0018160722045598	False	False	False	False	0.8	True	False									
25688	1065.5406	3.620142	salamandrivorans_liq_Developed_vs_spore_Developed	5.003573539310713	0.0018160722045598	False	False	False	False	0.8	True	False									
22674	416.7058	1.817	salamandrivorans_liq_Developed_vs_spore_Developed	4.944251296406802	0.0018160722045598	False	False	False	False	0.8	True	False									
24810	570.3218	3.834776	salamandrivorans_liq_Developed_vs_spore_Developed	4.928145946862315	0.0018160722045598	False	False	False	False	0.8	True	False									
17266	528.7724	1.004	salamandrivorans_liq_Developed_vs_spore_Developed	4.9097728921654	0.0018160722045598	False	False	False	False	0.8	True	False									
26521	770.9663	4.397267	salamandrivorans_liq_Developed_vs_spore_Developed	4.905524944412824	0.0018160722045598	False	False	False	False	0.8	True	False									
23398	1172.6113	3.798095	salamandrivorans_liq_Developed_vs_spore_Developed	4.809888634798327	0.0018160722045598	False	False	False	False	0.8	True	False									
18495	352.7089	2.8325	salamandrivorans_liq_Developed_vs_spore_Developed	4.801633634192118	0.0018160722045598	False	False	False	False	0.8	True	False									
20511	678.3909	3.599	salamandrivorans_liq_Developed_vs_spore_Developed	4.782646662435916	0.0018160722045598	False	False	False	False	0.8	True	False									
20130	400.2164	1.58	salamandrivorans_liq_Developed_vs_spore_Developed	4.6208099091728725	0.0018160722045598	False	False	False	False	0.8	True	False									
16291	600.334	3.675024	salamandrivorans_liq_Developed_vs_spore_Developed	4.525331456354456	0.0018160722045598	False	False	False	False	0.8	True	False									
18877	693.3575	3.730992	salamandrivorans_liq_Developed_vs_spore_Developed	4.489793083381969	0.0018160722045598	False	False	False	False	0.8	True	False									
31432	680.3654	3.908018	salamandrivorans_liq_Developed_vs_spore_Developed	4.387254340155318	0.0018160722045598	False	False	False	False	0.8	True	False									
18912	650.8451	3.89	salamandrivorans_liq_Developed_vs_spore_Developed	4.371368881700907	0.0018160722045598	False	False	False	False	0.8	True	False									
19603	524.2917	3.911016	salamandrivorans_liq_Developed_vs_spore_Developed	4.322863609683235	0.0018160722045598	False	False	False	False	0.8	True	False									
26224	1134.5696	3.769623	salamandrivorans_liq_Developed_vs_spore_Developed	4.192773973856876	0.0018160722045598	False	False	False	False	0.8	True	False									
38251	1469.7454	4.334845	salamandrivorans_liq_Developed_vs_spore_Developed	4.119925947403504	0.0018160722045598	False	False	False	False	0.8	True	False									
28384	366.1995	3.927	salamandrivorans_liq_Developed_vs_spore_Developed	3.831287733962588	0.0018160722045598	False	False	False	False	0.8	True	False									
34173	365.1051	3.46374	salamandrivorans_liq_Developed_vs_spore_Developed	3.818669673664445	0.0018160722045598	False	False	False	False	0.8	True	False									
34124	780.4204	4.179173	salamandrivorans_liq_Developed_vs_spore_Developed	3.6955208096215424	0.0018160722045598	False	False	False	False	0.8	True	False									
22430	391.2316	3.505	salamandrivorans_liq_Developed_vs_spore_Developed	3.685928040303185	0.0018160722045598	False	False	False	False	0.8	True	False									
28631	1081.5858	4.235	salamandrivorans_liq_Developed_vs_spore_Developed	3.5720366539242194	0.0018160722045598	False	False	False	False	0.8	True	False									
26431	473.9345	4.101421	salamandrivorans_liq_Developed_vs_spore_Developed	3.4478384487798683	0.0018160722045598	False	False	False	False	0.8	True	False									
38051	1015.5598	4.272011	salamandrivorans_liq_Developed_vs_spore_Developed	3.3650022887058246	0.0018160722045598	False	False	False	False	0.8	True	False									
28327	778.9133	4.146	salamandrivorans_liq_Developed_vs_spore_Developed	3.2895555374585066	0.0018160722045598	False	False	False	False	0.8	True	False									
31007	793.9206	4.069315	salamandrivorans_liq_Developed_vs_spore_Developed	3.1581545111680915	0.0018160722045598	False	False	False	False	0.8	True	False									
35739	863.4634	4.400427	salamandrivorans_liq_Developed_vs_spore_Developed	3.1475283198431154	0.0018160722045598	False	False	False	False	0.8	True	False									
36819	482.264	3.707715	salamandrivorans_liq_Developed_vs_spore_Developed	3.110642058833288	0.0018160722045598	False	False	False	False	0.8	True	False									
36923	939.4826	4.312967	salamandrivorans_liq_Developed_vs_spore_Developed	2.969927869947558	0.0018160722045598	False	False	False	False	0.8	True	False									
28621	613.2208	4.315552	salamandrivorans_liq_Developed_vs_spore_Developed	2.911583642405492	0.0018160722045598	False	False	False	False	0.8	True	False									
30986	608.2388	4.295062	salamandrivorans_liq_Developed_vs_spore_Developed	2.8905853361916205	0.0018160722045598	False	False	False	False	0.8	True	False									
35493	663.3624	4.242	salamandrivorans_liq_Developed_vs_spore_Developed	2.8821848160595778	0.0018160722045598	False	False	False	False	0.8	True	False									
30042	1188.6111	4.552	salamandrivorans_liq_Developed_vs_spore_Developed	2.7657725019476938	0.0018160722045598	False	False	False	False	0.8	True	False									
29584	457.2778	4.52729	salamandrivorans_liq_Developed_vs_spore_Developed	2.707831978475734	0.0018160722045598	False	False	False	False	0.8	True	False									
24237	609.3043	4.232	salamandrivorans_liq_Developed_vs_spore_Developed	2.6283734000830203	0.0018160722045598	False	False	False	False	0.8	True	False									
33700	623.3096	4.320078	salamandrivorans_liq_Developed_vs_spore_Developed	2.502344998689594	0.0018160722045598	False	False	False	False	0.8	True	False									
27544	857.4446	4.159676	salamandrivorans_liq_Developed_vs_spore_Developed	2.486401536069805	0.0018160722045598	False	False	False	False	0.8	True	False									
36207	450.223	4.978783	salamandrivorans_liq_Developed_vs_spore_Developed	2.0226745041870573	0.0018160722045598	False	False	False	False	0.8	True	False									
19357	507.2685	3.582978	salamandrivorans_liq_Developed_vs_spore_Developed	6.058552573347133	0.0018160722045598	False	False	False	False	0.7000000000000001	True	False									
14907	715.338	1.129	salamandrivorans_liq_Developed_vs_spore_Developed	5.7692499009535245	0.0018160722045598	False	False	False	False	0.7000000000000001	True	False									
16469	804.3607	1.945	salamandrivorans_liq_Developed_vs_spore_Developed	5.333319365079887	0.0018160722045598	False	False	False	False	0.7000000000000001	True	False									
19484	574.0408	1.865	salamandrivorans_liq_Developed_vs_spore_Developed	5.275695093240825	0.0018160722045598	False	False	False	False	0.7000000000000001	True	False									
15060	409.2158	2.697	salamandrivorans_liq_Developed_vs_spore_Developed	5.270346108323262	0.0018160722045598	False	False	False	False	0.7000000000000001	True	False									
14800	393.2136	2.595	salamandrivorans_liq_Developed_vs_spore_Developed	5.136713088347974	0.0018160722045598	False	False	False	False	0.7000000000000001	True	False									
4303	585.2847	1.865	salamandrivorans_liq_Developed_vs_spore_Developed	3.5361502101207325	0.0018160722045598	False	False	False	False	0.3	True	False									
12646	696.3345	1.658032	salamandrivorans_liq_Developed_vs_spore_Developed	2.9571613966063874	0.0018160722045598	False	False	False	False	0.3	True	False									
9911	717.2927	2.189831	salamandrivorans_liq_Developed_vs_spore_Developed	2.89016496351268	0.0018160722045598	False	False	False	False	0.3	True	False									
4992	627.3143	1.628	salamandrivorans_liq_Developed_vs_spore_Developed	4.020789445524469	0.0018160722045598	False	False	False	False	0.0999999999999999	True	False									
7348	613.0628	2.022	salamandrivorans_liq_Developed_vs_spore_Developed	1.3223871737343864	0.0018160722045598	False	False	False	False	0.0	False	False									
18098	371.2086	2.846181	salamandrivorans_liq_Developed_vs_spore_Developed	0.7169143885551456	0.0018160722045598	False	False	False	False	0.0	False	False									
10629	1266.6335	2.778	salamandrivorans_liq_Developed_vs_spore_Developed	6.632472439460714	0.0018936021900605	False	False	False	False	0.8	True	False									
14049	691.3534	2.059	salamandrivorans_liq_Developed_vs_spore_Developed	6.532370590631238	0.0018936021900605	False	False	False	False	0.8	True	False									
10496	453.5669	2.102653	salamandrivorans_liq_Developed_vs_spore_Developed	6.157986888952315	0.0018936021900605	False	False	False	False	0.8	True	False									
17069	1113.4988	1.737	salamandrivorans_liq_Developed_vs_spore_Developed	6.024176815628681	0.0018936021900605	False	False	False	False	0.8	True	False									
17676	471.7222	1.6045	salamandrivorans_liq_Developed_vs_spore_Developed	5.8543312201773166	0.0018936021900605	False	False	False	False	0.8	True	False									
11943	560.3519	2.676871	salamandrivorans_liq_Developed_vs_spore_Developed	5.851909980835514	0.0018936021900605	False	False	False	False	0.8	True	False									
18268	639.3466	3.339	salamandrivorans_liq_Developed_vs_spore_Developed	5.797942789565283	0.0018936021900605	False	False	False	False	0.8	True	False									
11105	619.3209	3.190367	salamandrivorans_liq_Developed_vs_spore_Developed	5.776063269688933	0.0018936021900605	False	False	False	False	0.8	True	False									
11751	749.4273	3.819	salamandrivorans_liq_Developed_vs_spore_Developed	5.717150718751375	0.0018936021900605	False	False	False	False	0.8	True	False									
16032	519.7721	0.793671	salamandrivorans_liq_Developed_vs_spore_Developed	5.6610045162934455	0.0018936021900605	False	False	False	False	0.8	True	False									
14917	598.3036	2.009	salamandrivorans_liq_Developed_vs_spore_Developed	5.5685624276580885	0.0018936021900605	False	False	False	False	0.8	True	False									
11186	656.3844	1.61175	salamandrivorans_liq_Developed_vs_spore_Developed	5.454819432599744	0.0018936021900605	False	False	False	False	0.8	True	False									
23857	736.3409	1.498899	salamandrivorans_liq_Developed_vs_spore_Developed	5.328010567210493	0.0018936021900605	False	False	False	False	0.8	True	False									
13637	844.9144	2.809	salamandrivorans_liq_Developed_vs_spore_Developed	5.327248298849075	0.0018936021900605	False	False	False	False	0.8	True	False									
12650	291.1741	0.5825	salamandrivorans_liq_Developed_vs_spore_Developed	5.29384820393328	0.0018936021900605	False	False	False	False	0.8	True	False									
23336	820.4189	2.841496	salamandrivorans_liq_Developed_vs_spore_Developed	5.030493361904967	0.0018936021900605	False	False	False	False	0.8	True	False									
16357	532.3721	1.77	salamandrivorans_liq_Developed_vs_spore_Developed	5.02847623267235	0.0018936021900605	False	False	False	False	0.8	True	False									
14335	702.3359	0.814	salamandrivorans_liq_Developed_vs_spore_Developed	5.026875541531198	0.0018936021900605	False	False	False	False	0.8	True	False									
10280	760.474	3.451382	salamandrivorans_liq_Developed_vs_spore_Developed	5.0255397037899	0.0018936021900605	False	False	False	False	0.8	True	False									
18700	838.4407	3.541	salamandrivorans_liq_Developed_vs_spore_Developed	5.017125936160848	0.0018936021900605	False	False	False	False	0.8	True	False									
19373	777.4002	0.859	salamandrivorans_liq_Developed_vs_spore_Developed	5.015436787566443	0.0018936021900605	False	False	False	False	0.8	True	False									
23041	569.9409	1.581	salamandrivorans_liq_Developed_vs_spore_Developed	5.01347779252368	0.0018936021900605	False	False	False	False	0.8	True	False									
18561	1074.5527	3.527	salamandrivorans_liq_Developed_vs_spore_Developed	4.948206536523255	0.0018936021900605	False	False	False	False	0.8	True	False									
14414	1054.5608	3.502	salamandrivorans_liq_Developed_vs_spore_Developed	4.930533516322667	0.0018936021900605	False	False	False	False	0.8	True	False									
12989	320.1432	0.58525	salamandrivorans_liq_Developed_vs_spore_Developed	4.7555819435924285	0.0018936021900605	False	False	False	False	0.8	True	False									
6233	309.8133	3.89135	salamandrivorans_liq_Developed_vs_spore_Developed	4.697523149076197	0.0018936021900605	False	False	False	False	0.8	True	False									
23090	617.8344	3.956	salamandrivorans_liq_Developed_vs_spore_Developed	4.614959472110454	0.0018936021900605	False	False	False	False	0.8	True	False									
16540	743.4034	0.582	salamandrivorans_liq_Developed_vs_spore_Developed	4.596587614532372	0.0018936021900605	False	False	False	False	0.8	True	False									
16675	465.2214	3.84	salamandrivorans_liq_Developed_vs_spore_Developed	4.378598247974621	0.0018936021900605	False	False	False	False	0.8	True	False									
19537	1120.6565	3.911465	salamandrivorans_liq_Developed_vs_spore_Developed	4.322994419339665	0.0018936021900605	False	False	False	False	0.8	True	False									
25582	967.5367	3.796781	salamandrivorans_liq_Developed_vs_spore_Developed	4.306802860764642	0.0018936021900605	False	False	False	False	0.8	True	False									
19968	184.6131	0.582	salamandrivorans_liq_Developed_vs_spore_Developed	4.290076767251704	0.0018936021900605	False	False	False	False	0.8	True	False									
27973	614.844	3.957241	salamandrivorans_liq_Developed_vs_spore_Developed	4.235964793031841	0.0018936021900605	False	False	False	False	0.8	True	False									
21078	385.8382	3.578	salamandrivorans_liq_Developed_vs_spore_Developed	4.182193730524189	0.0018936021900605	False	False	False	False	0.8	True	False									
27829	798.4274	4.1285	salamandrivorans_liq_Developed_vs_spore_Developed	4.145270214768673	0.0018936021900605	False	False	False	False	0.8	True	False									
26056	1194.1572	4.366564	salamandrivorans_liq_Developed_vs_spore_Developed	3.988704478471425	0.0018936021900605	False	False	False	False	0.8	True	False									
30147	742.923	4.025229	salamandrivorans_liq_Developed_vs_spore_Developed	3.710031990013624	0.0018936021900605	False	False	False	False	0.8	True	False									
33608	551.2974	4.019234	salamandrivorans_liq_Developed_vs_spore_Developed	2.9479197068361547	0.0018936021900605	False	False	False	False	0.8	True	False									
36581	755.9142	4.048733	salamandrivorans_liq_Developed_vs_spore_Developed	2.942561361816516	0.0018936021900605	False	False	False	False	0.8	True	False									
34450	773.9069	4.026744	salamandrivorans_liq_Developed_vs_spore_Developed	2.8548089421459486	0.0018936021900605	False	False	False	False	0.8	True	False									
34321	909.494	4.409685	salamandrivorans_liq_Developed_vs_spore_Developed	2.7325840666750865	0.0018936021900605	False	False	False	False	0.8	True	False									
17512	1147.5933	2.552255	salamandrivorans_liq_Developed_vs_spore_Developed	5.617006675741587	0.0018936021900605	False	False	False	False	0.7000000000000001	True	False									
35950	855.4592	2.483399	salamandrivorans_liq_Developed_vs_spore_Developed	5.472386935502922	0.0018936021900605	False	False	False	False	0.7000000000000001	True	False									
33409	344.1817	2.291293	salamandrivorans_liq_Developed_vs_spore_Developed	4.321128583248552	0.0018936021900605	False	False	False	False	0.6000000000000001	True	False									
16870	380.2184	2.73	salamandrivorans_liq_Developed_vs_spore_Developed	2.8244157850888287	0.0018936021900605	False	False	False	False	0.4	True	False									
20380	457.2632	2.778	salamandrivorans_liq_Developed_vs_spore_Developed	1.3516530201350154	0.0018936021900605	False	False	False	False	0.4	True	False									
7553	1099.4818	2.121	salamandrivorans_liq_Developed_vs_spore_Developed	2.1658345324227115	0.0018936021900605	False	False	False	False	0.0	True	False									
17517	604.2374	1.628	salamandrivorans_liq_Developed_vs_spore_Developed	6.241390518737239	0.0019840992464285	False	False	False	False	0.8	True	False									
18124	1235.5577	3.931	salamandrivorans_liq_Developed_vs_spore_Developed	5.941391172779736	0.0019840992464285	False	False	False	False	0.8	True	False									
6237	492.9036	1.659	salamandrivorans_liq_Developed_vs_spore_Developed	5.8773059530921925	0.0019840992464285	False	False	False	False	0.8	True	False									
21903	1249.6005	3.517	salamandrivorans_liq_Developed_vs_spore_Developed	5.317136859419841	0.0019840992464285	False	False	False	False	0.8	True	False									
22981	702.4319	3.524	salamandrivorans_liq_Developed_vs_spore_Developed	4.425292625503857	0.0019840992464285	False	False	False	False	0.8	True	False									
22210	821.926	3.928	salamandrivorans_liq_Developed_vs_spore_Developed	4.064010961214628	0.0019840992464285	False	False	False	False	0.8	True	False									
33415	689.443	3.936	salamandrivorans_liq_Developed_vs_spore_Developed	3.6617215367125744	0.0019840992464285	False	False	False	False	0.8	True	False									
24812	671.3656	3.94598	salamandrivorans_liq_Developed_vs_spore_Developed	3.643514513560337	0.0019840992464285	False	False	False	False	0.8	True	False									
34866	917.4947	4.128	salamandrivorans_liq_Developed_vs_spore_Developed	3.548994659540196	0.0019840992464285	False	False	False	False	0.8	True	False									
32443	652.4174	4.215	salamandrivorans_liq_Developed_vs_spore_Developed	3.4072079978718848	0.0019840992464285	False	False	False	False	0.8	True	False									
36938	667.3587	4.470467	salamandrivorans_liq_Developed_vs_spore_Developed	3.390222650334584	0.0019840992464285	False	False	False	False	0.8	True	False									
25842	870.9615	4.232	salamandrivorans_liq_Developed_vs_spore_Developed	3.287899671216008	0.0019840992464285	False	False	False	False	0.8	True	False									
33548	784.4049	4.18	salamandrivorans_liq_Developed_vs_spore_Developed	3.2140138038116	0.0019840992464285	False	False	False	False	0.8	True	False									
37180	572.3093	4.0635	salamandrivorans_liq_Developed_vs_spore_Developed	3.208509863412125	0.0019840992464285	False	False	False	False	0.8	True	False									
26231	747.8898	4.075915	salamandrivorans_liq_Developed_vs_spore_Developed	3.196726439621416	0.0019840992464285	False	False	False	False	0.8	True	False									
21337	1147.0681	3.132	salamandrivorans_liq_Developed_vs_spore_Developed	5.68262078722377	0.0019840992464285	False	False	False	False	0.7000000000000001	True	False									
23870	231.1712	2.34	salamandrivorans_liq_Developed_vs_spore_Developed	1.6016956808249785	0.0019840992464285	False	False	False	False	0.0999999999999999	True	False									
12479	231.1699	1.13949	salamandrivorans_liq_Developed_vs_spore_Developed	1.5365084416623347	0.0019840992464285	False	False	False	False	0.0	True	False									
11126	1184.5516	3.323	salamandrivorans_liq_Developed_vs_spore_Developed	6.4949462850439525	0.0020847611154507	False	False	False	False	0.8	True	False									
15339	837.7043	1.451	salamandrivorans_liq_Developed_vs_spore_Developed	5.028252445162425	0.0020847611154507	False	False	False	False	0.8	True	False									
18043	472.7054	3.856395	salamandrivorans_liq_Developed_vs_spore_Developed	4.387662908772871	0.0020847611154507	False	False	False	False	0.8	True	False									
35751	246.1814	1.271679	salamandrivorans_liq_Developed_vs_spore_Developed	3.910955396378585	0.0020847611154507	False	False	False	False	0.8	True	False									
25485	925.4896	4.36707	salamandrivorans_liq_Developed_vs_spore_Developed	3.803894349924669	0.0020847611154507	False	False	False	False	0.8	True	False									
30576	556.8021	3.947	salamandrivorans_liq_Developed_vs_spore_Developed	3.668513027580407	0.0020847611154507	False	False	False	False	0.8	True	False									
33013	1131.6211	4.232	salamandrivorans_liq_Developed_vs_spore_Developed	3.468766089622532	0.0020847611154507	False	False	False	False	0.8	True	False									
34687	557.8378	3.979	salamandrivorans_liq_Developed_vs_spore_Developed	2.8632541387978647	0.0020847611154507	False	False	False	False	0.8	True	False									
17822	308.1577	0.569038	salamandrivorans_liq_Developed_vs_spore_Developed	4.008726091070815	0.0020847611154507	False	False	False	False	0.7000000000000001	True	False									
13121	697.331	0.832353	salamandrivorans_liq_Developed_vs_spore_Developed	5.961455422502136	0.0020847611154507	False	False	False	False	0.6	True	False									
27893	517.2524	3.740481	salamandrivorans_liq_Developed_vs_spore_Developed	1.9159126841589424	0.0020847611154507	False	False	False	False	0.5	True	False									
13974	774.3865	2.744492	salamandrivorans_liq_Developed_vs_spore_Developed	2.99110095877056	0.0020847611154507	False	False	False	False	0.3	True	False									
18325	366.2061	2.381321	salamandrivorans_liq_Developed_vs_spore_Developed	1.9705888425101072	0.0020847611154507	False	False	False	False	0.0999999999999999	True	False									
12549	937.4367	1.76	salamandrivorans_liq_Developed_vs_spore_Developed	1.071944095342488	0.0020847611154507	False	False	False	False	0.0	False	False									
33371	348.2225	6.045079	salamandrivorans_liq_Developed_vs_spore_Developed	2.310807912739963	0.00217934671212	False	False	False	False	0.8	True	False									
9499	853.9185	2.73	salamandrivorans_liq_Developed_vs_spore_Developed	3.5137425987831072	0.00217934671212	False	False	False	False	0.3	True	False									
5610	806.0775	2.118	salamandrivorans_liq_Developed_vs_spore_Developed	2.977934439280979	0.00217934671212	False	False	False	False	0.3	True	False									
6706	805.7449	2.1195	salamandrivorans_liq_Developed_vs_spore_Developed	2.683911420112795	0.00217934671212	False	False	False	False	0.3	True	False									
14601	364.213	1.26667	salamandrivorans_liq_Developed_vs_spore_Developed	1.656038684969212	0.00217934671212	False	False	False	False	0.1999999999999999	True	False									
5730	797.3816	2.18	salamandrivorans_liq_Developed_vs_spore_Developed	2.7998943801520304	0.00217934671212	False	False	False	False	0.0999999999999999	True	False									
19032	484.3854	7.14138	salamandrivorans_liq_Developed_vs_spore_Developed	3.1581363269101206	0.0022567510953436	False	False	False	False	0.9	True	False									
10750	757.3126	0.9963	salamandrivorans_liq_Developed_vs_spore_Developed	6.940507533242156	0.0022567510953436	False	False	False	False	0.8	True	False									
12718	828.4324	3.17527	salamandrivorans_liq_Developed_vs_spore_Developed	6.782194947572709	0.0022567510953436	False	False	False	False	0.8	True	False									
16054	524.2531	0.977173	salamandrivorans_liq_Developed_vs_spore_Developed	5.923319578529257	0.0022567510953436	False	False	False	False	0.8	True	False									
31673	372.1769	0.782	salamandrivorans_liq_Developed_vs_spore_Developed	4.694911298508183	0.0022567510953436	False	False	False	False	0.8	True	False									
23273	381.2223	2.793	salamandrivorans_liq_Developed_vs_spore_Developed	4.661913098606807	0.0022567510953436	False	False	False	False	0.8	True	False									
18441	1116.5911	3.851779	salamandrivorans_liq_Developed_vs_spore_Developed	4.483852461793541	0.0022567510953436	False	False	False	False	0.8	True	False									
23367	684.3552	3.864	salamandrivorans_liq_Developed_vs_spore_Developed	4.475908598809071	0.0022567510953436	False	False	False	False	0.8	True	False									
21870	456.7441	1.065	salamandrivorans_liq_Developed_vs_spore_Developed	4.450035974334374	0.0022567510953436	False	False	False	False	0.8	True	False									
31093	815.5046	4.141	salamandrivorans_liq_Developed_vs_spore_Developed	3.295665651499983	0.0022567510953436	False	False	False	False	0.8	True	False									
16281	469.7647	3.54	salamandrivorans_liq_Developed_vs_spore_Developed	1.6470389321807102	0.0022567510953436	False	False	False	False	0.5	True	False									
19876	586.2806	0.845	salamandrivorans_liq_Developed_vs_spore_Developed	3.2083196951195343	0.0022567510953436	False	False	False	False	0.4	True	False									
2949	577.7898	1.6905	salamandrivorans_liq_Developed_vs_spore_Developed	4.4886280678287545	0.0022567510953436	False	False	False	False	0.2	True	False									
19176	1185.557	2.144127	salamandrivorans_liq_Developed_vs_spore_Developed	2.504185725272748	0.0022567510953436	False	False	False	False	0.0999999999999999	True	False									
14590	1092.5328	2.099777	salamandrivorans_liq_Developed_vs_spore_Developed	2.0008640901322017	0.0022567510953436	False	False	False	False	-0.0999999999999999	True	False									
8709	289.6465	1.700018	salamandrivorans_liq_Developed_vs_spore_Developed	5.2355412976701325	0.0023552160057951	False	False	False	False	0.6000000000000001	True	False									
9705	478.7473	1.548	salamandrivorans_liq_Developed_vs_spore_Developed	6.812526560540816	0.0023552160057951	False	False	False	False	0.6	True	False									
27734	586.3285	3.494937	salamandrivorans_liq_Developed_vs_spore_Developed	3.137957593866536	0.0023552160057951	False	False	False	False	0.4	True	False									
13307	885.4074	2.298124	salamandrivorans_liq_Developed_vs_spore_Developed	2.671458937153404	0.0023552160057951	False	False	False	False	0.0999999999999999	True	False									
10043	643.3164	1.994531	salamandrivorans_liq_Developed_vs_spore_Developed	1.4015750966649616	0.0023552160057951	False	False	False	False	0.0	False	False									
21759	564.2783	2.082457	salamandrivorans_liq_Developed_vs_spore_Developed	1.0861307980740396	0.0023552160057951	False	False	False	False	0.0	False	False									
37663	367.188	7.941463	salamandrivorans_liq_Developed_vs_spore_Developed	2.6103303149343464	0.0024533879688994	False	False	False	False	0.9	True	False									
28834	1160.6041	3.952	salamandrivorans_liq_Developed_vs_spore_Developed	4.158554683315579	0.0024533879688994	False	False	False	False	0.8	True	False									
24935	445.2717	3.810362	salamandrivorans_liq_Developed_vs_spore_Developed	3.741202225878823	0.0024533879688994	False	False	False	False	0.8	True	False									
27906	796.9432	4.299038	salamandrivorans_liq_Developed_vs_spore_Developed	2.5295226075265584	0.0024533879688994	False	False	False	False	0.8	True	False									
25194	846.4394	4.605726	salamandrivorans_liq_Developed_vs_spore_Developed	2.4972814168807265	0.0024533879688994	False	False	False	False	0.8	True	False									
4184	462.2183	0.578009	salamandrivorans_liq_Developed_vs_spore_Developed	3.170416996288964	0.0024533879688994	False	False	False	False	0.5	True	False									
4966	735.3347	2.295274	salamandrivorans_liq_Developed_vs_spore_Developed	2.31479926218263	0.0024533879688994	False	False	False	False	0.0	False	False									
18329	429.2367	2.1825	salamandrivorans_liq_Developed_vs_spore_Developed	1.5642510312692863	0.0024533879688994	False	False	False	False	0.0	True	False									
12933	618.3218	0.782	salamandrivorans_liq_Developed_vs_spore_Developed	6.215617931619677	0.0025372894736577	False	False	False	False	0.8	True	False									
7349	1404.719	3.189998	salamandrivorans_liq_Developed_vs_spore_Developed	5.869194843226632	0.0025372894736577	False	False	False	False	0.8	True	False									
5907	396.7241	1.691	salamandrivorans_liq_Developed_vs_spore_Developed	5.479581131289077	0.0025372894736577	False	False	False	False	0.8	True	False									
9215	571.3209	3.358	salamandrivorans_liq_Developed_vs_spore_Developed	5.179868376486585	0.0025372894736577	False	False	False	False	0.8	True	False									
14824	457.7781	3.386333	salamandrivorans_liq_Developed_vs_spore_Developed	4.716938831886056	0.0025372894736577	False	False	False	False	0.8	True	False									
22903	667.838	4.135381	salamandrivorans_liq_Developed_vs_spore_Developed	4.546128598125049	0.0025372894736577	False	False	False	False	0.8	True	False									
26633	469.7069	2.856	salamandrivorans_liq_Developed_vs_spore_Developed	4.52567373356908	0.0025372894736577	False	False	False	False	0.8	True	False									
15628	340.6821	1.482342	salamandrivorans_liq_Developed_vs_spore_Developed	4.394265344722308	0.0025372894736577	False	False	False	False	0.8	True	False									
24326	1324.729	4.022067	salamandrivorans_liq_Developed_vs_spore_Developed	3.610941543715087	0.0025372894736577	False	False	False	False	0.8	True	False									
25593	379.2522	4.238002	salamandrivorans_liq_Developed_vs_spore_Developed	3.082222380636224	0.0025372894736577	False	False	False	False	0.8	True	False									
26262	1080.1051	4.363465	salamandrivorans_liq_Developed_vs_spore_Developed	3.0445401374208805	0.0025372894736577	False	False	False	False	0.8	True	False									
8809	879.4359	2.9365	salamandrivorans_liq_Developed_vs_spore_Developed	6.6051769512596765	0.0025372894736577	False	False	False	False	0.7000000000000001	True	False									
12924	417.2507	3.053971	salamandrivorans_liq_Developed_vs_spore_Developed	5.251339133846179	0.0025372894736577	False	False	False	False	0.7000000000000001	True	False									
29498	570.2761	1.578	salamandrivorans_liq_Developed_vs_spore_Developed	5.20141459574992	0.0025372894736577	False	False	False	False	0.7000000000000001	True	False									
16232	561.2285	1.579	salamandrivorans_liq_Developed_vs_spore_Developed	6.267246194747435	0.0025372894736577	False	False	False	False	0.6000000000000001	True	False									
1169	609.0585	2.042	salamandrivorans_liq_Developed_vs_spore_Developed	4.526006916708486	0.0025372894736577	False	False	False	False	0.3	True	False									
17445	366.1666	1.405229	salamandrivorans_liq_Developed_vs_spore_Developed	1.0285584135073618	0.0025372894736577	False	False	False	False	0.0999999999999999	True	False									
12811	1200.5653	2.260011	salamandrivorans_liq_Developed_vs_spore_Developed	1.3677710335197004	0.0025372894736577	False	False	False	False	0.0	False	False									
9331	853.4065	2.73	salamandrivorans_liq_Developed_vs_spore_Developed	3.0222551699668982	0.0026374481824856	False	False	False	False	0.2	True	False									
30039	471.2557	1.353	salamandrivorans_liq_Developed_vs_spore_Developed	4.737946527565607	0.0027369363684454	False	False	False	False	0.9	True	False									
27977	679.2978	2.0301	salamandrivorans_liq_Developed_vs_spore_Developed	5.830927864995579	0.0027369363684454	False	False	False	False	0.6000000000000001	True	False									
32870	273.0323	4.603106	salamandrivorans_liq_Developed_vs_spore_Developed	2.248963150164125	0.0028357312437684	False	False	False	False	0.8	True	False									
21618	432.2251	2.524	salamandrivorans_liq_Developed_vs_spore_Developed	5.279726366140697	0.0030303287735477	False	False	False	False	0.8	True	False									
21240	748.3657	3.674612	salamandrivorans_liq_Developed_vs_spore_Developed	4.1288792837094	0.0030303287735477	False	False	False	False	0.8	True	False									
35109	961.0294	4.460158	salamandrivorans_liq_Developed_vs_spore_Developed	3.0606174303688545	0.0030303287735477	False	False	False	False	0.8	True	False									
24064	258.1325	1.25508	salamandrivorans_liq_Developed_vs_spore_Developed	3.4814174311373507	0.0030303287735477	False	False	False	False	0.7000000000000001	True	False									
8708	187.144	0.58575	salamandrivorans_liq_Developed_vs_spore_Developed	5.949834698681647	0.0030303287735477	False	False	False	False	0.7	True	False									
15786	568.2226	0.721733	salamandrivorans_liq_Developed_vs_spore_Developed	5.3561403373230085	0.0030303287735477	False	False	False	False	0.6000000000000001	True	False									
10845	546.2741	1.986291	salamandrivorans_liq_Developed_vs_spore_Developed	1.164506104538624	0.0030303287735477	False	False	False	False	0.1999999999999999	False	False									
17145	706.3781	2.744	salamandrivorans_liq_Developed_vs_spore_Developed	5.5885668615564	0.0031300009375209	False	False	False	False	0.5	True	False									
19434	490.2163	1.210686	salamandrivorans_liq_Developed_vs_spore_Developed	1.1081815089412148	0.0031300009375209	False	False	False	False	0.4	True	False									
13050	750.3455	1.977	salamandrivorans_liq_Developed_vs_spore_Developed	2.0675134761016154	0.0031300009375209	False	False	False	False	0.0999999999999999	True	False									
24041	489.2599	2.153443	salamandrivorans_liq_Developed_vs_spore_Developed	2.233717317489074	0.0031300009375209	False	False	False	False	0.0	True	False									
8815	837.3932	1.5795	salamandrivorans_liq_Developed_vs_spore_Developed	7.54076342023316	0.0032299505472905	False	False	False	False	0.6000000000000001	True	False									
20357	922.4419	2.856	salamandrivorans_liq_Developed_vs_spore_Developed	5.138871833795636	0.0032299505472905	False	False	False	False	0.6000000000000001	True	False									
12541	560.2704	1.444506	salamandrivorans_liq_Developed_vs_spore_Developed	3.950612009329202	0.0032299505472905	False	False	False	False	0.5	True	False									
6409	292.6927	1.691	salamandrivorans_liq_Developed_vs_spore_Developed	1.978992689090752	0.0032299505472905	False	False	False	False	0.4	True	False									
11414	1120.5303	2.525	salamandrivorans_liq_Developed_vs_spore_Developed	5.987708318665459	0.0033284282024397	False	False	False	False	0.6000000000000001	True	False									
4130	626.2861	2.414	salamandrivorans_liq_Developed_vs_spore_Developed	4.133453545994034	0.0033284282024397	False	False	False	False	0.0999999999999999	True	False									
15629	1068.9945	2.214	salamandrivorans_liq_Developed_vs_spore_Developed	2.4141060826767493	0.0033284282024397	False	False	False	False	0.0999999999999999	True	False									
10807	471.2224	0.746	salamandrivorans_liq_Developed_vs_spore_Developed	0.8979167893796389	0.0033284282024397	False	False	False	False	0.0	False	False									
16154	752.3654	3.294	salamandrivorans_liq_Developed_vs_spore_Developed	4.879294274542136	0.0033284282024397	False	False	False	False	-0.0999999999999999	True	False									
21420	993.4645	3.372619	salamandrivorans_liq_Developed_vs_spore_Developed	5.915896722561116	0.0034271861116482	False	False	False	False	0.6000000000000001	True	False									
25955	447.2437	1.008955	salamandrivorans_liq_Developed_vs_spore_Developed	3.2926661840598013	0.0034271861116482	False	False	False	False	0.5	True	False									
8666	804.8869	2.057	salamandrivorans_liq_Developed_vs_spore_Developed	3.3473052781081885	0.0034271861116482	False	False	False	False	0.3	True	False									
7954	591.3199	2.375484	salamandrivorans_liq_Developed_vs_spore_Developed	2.9370675124749703	0.0034271861116482	False	False	False	False	-0.0999999999999999	True	False									
8855	422.2339	2.473362	salamandrivorans_liq_Developed_vs_spore_Developed	5.023982669887934	0.0035256420632205	False	False	False	False	0.6000000000000001	True	False									
18466	844.4468	1.802	salamandrivorans_liq_Developed_vs_spore_Developed	6.225086220526983	0.0036228215519206	False	False	False	False	0.6000000000000001	True	False									
7920	316.6917	1.514834	salamandrivorans_liq_Developed_vs_spore_Developed	5.6971147407757865	0.0036228215519206	False	False	False	False	0.6000000000000001	True	False									
4982	227.126	0.58	salamandrivorans_liq_Developed_vs_spore_Developed	6.878914718140636	0.0037226548680636	False	False	False	False	0.6000000000000001	True	False									
4090	1094.5389	1.5165	salamandrivorans_liq_Developed_vs_spore_Developed	6.948707779859217	0.0038216066624114	False	False	False	False	0.6000000000000001	True	False									
13672	938.5273	3.519	salamandrivorans_liq_Developed_vs_spore_Developed	5.941865343942201	0.0039196269008447	False	False	False	False	0.5	True	False									
10384	749.8441	1.8675	salamandrivorans_liq_Developed_vs_spore_Developed	1.894610425392618	0.0039196269008447	False	False	False	False	0.0999999999999999	False	False									
12414	992.4861	2.681	salamandrivorans_liq_Developed_vs_spore_Developed	2.3545538871882803	0.0039196269008447	False	False	False	False	0.0	True	False									
5950	690.3388	2.1805	salamandrivorans_liq_Developed_vs_spore_Developed	3.9151235654456658	0.0039196269008447	False	False	False	False	-0.0999999999999999	True	False									
5884	811.4114	2.086681	salamandrivorans_liq_Developed_vs_spore_Developed	1.0982430943694603	0.0040198982274002	False	False	False	False	0.0	False	False									
9246	604.2736	1.347811	salamandrivorans_liq_Developed_vs_spore_Developed	5.482032101660458	0.0042162477624803	False	False	False	False	0.6000000000000001	True	False									
19360	546.7698	1.948556	salamandrivorans_liq_Developed_vs_spore_Developed	1.5104323530164234	0.0042162477624803	False	False	False	False	0.0999999999999999	True	False									
11510	775.3558	1.65233	salamandrivorans_liq_Developed_vs_spore_Developed	1.5081881768575744	0.0044120814069636	False	False	False	False	0.0	True	False									
10344	212.0908	0.579	salamandrivorans_liq_Developed_vs_spore_Developed	1.0023074618137666	0.0046107300108603	False	False	False	False	0.4	True	False									
25624	485.2353	1.196928	salamandrivorans_liq_Developed_vs_spore_Developed	4.39661296578251	0.0047090063820672	False	False	False	False	0.8	True	False									
22143	570.2827	3.035006	salamandrivorans_liq_Developed_vs_spore_Developed	5.476011570110171	0.0047090063820672	False	False	False	False	0.5	True	False									
3518	609.0582	2.120067	salamandrivorans_liq_Developed_vs_spore_Developed	1.7320385317132436	0.0047090063820672	False	False	False	False	0.0	False	False									
24193	524.7812	3.000679	salamandrivorans_liq_Developed_vs_spore_Developed	5.266113344001133	0.0048083879188171	False	False	False	False	0.7	True	False									
35379	739.4015	4.18404	salamandrivorans_liq_Developed_vs_spore_Developed	2.636529401532861	0.0048083879188171	False	False	False	False	0.7	True	False									
6974	408.1971	0.664267	salamandrivorans_liq_Developed_vs_spore_Developed	0.4599524731005425	0.0048083879188171	False	False	False	False	0.0	False	False									
11853	354.1995	1.911451	salamandrivorans_liq_Developed_vs_spore_Developed	1.5160974676235652	0.0049093873140297	False	False	False	False	0.0	False	False									
12184	560.2706	2.612375	salamandrivorans_liq_Developed_vs_spore_Developed	1.5362413820052092	0.0050067811186312	False	False	False	False	0.0999999999999999	True	False									
15919	265.155	1.736294	salamandrivorans_liq_Developed_vs_spore_Developed	1.112610398932954	0.0050067811186312	False	False	False	False	0.0	False	False									
15406	1330.6718	2.466963	salamandrivorans_liq_Developed_vs_spore_Developed	6.257045494688486	0.0051035334397748	False	False	False	False	0.7	True	False									
8364	1046.4163	2.54	salamandrivorans_liq_Developed_vs_spore_Developed	5.3343811795108085	0.0051035334397748	False	False	False	False	0.7	True	False									
22129	528.3165	1.063692	salamandrivorans_liq_Developed_vs_spore_Developed	4.720340087478877	0.0051035334397748	False	False	False	False	0.7	True	False									
32270	684.3974	4.651178	salamandrivorans_liq_Developed_vs_spore_Developed	2.5888326539590625	0.0051035334397748	False	False	False	False	0.7	True	False									
9171	359.2289	0.576505	salamandrivorans_liq_Developed_vs_spore_Developed	6.601290606086477	0.0052014602524782	False	False	False	False	0.5	True	False									
6070	834.3678	1.5135	salamandrivorans_liq_Developed_vs_spore_Developed	2.3150838358988595	0.0052014602524782	False	False	False	False	0.0999999999999999	True	False									
20097	1151.4646	1.612	salamandrivorans_liq_Developed_vs_spore_Developed	5.542002315127164	0.0052908146086563	False	False	False	False	0.7	True	False									
25937	878.4749	3.892886	salamandrivorans_liq_Developed_vs_spore_Developed	5.179171130298068	0.0052908146086563	False	False	False	False	0.7	True	False									
29580	689.8897	3.924545	salamandrivorans_liq_Developed_vs_spore_Developed	4.26301405470774	0.0052908146086563	False	False	False	False	0.7	True	False									
17172	1526.7936	3.90781	salamandrivorans_liq_Developed_vs_spore_Developed	4.232337074595362	0.0052908146086563	False	False	False	False	0.7	True	False									
24111	756.423	3.921	salamandrivorans_liq_Developed_vs_spore_Developed	3.920886528597236	0.0052908146086563	False	False	False	False	0.7	True	False									
36511	894.4279	4.368116	salamandrivorans_liq_Developed_vs_spore_Developed	2.627592837743321	0.0052908146086563	False	False	False	False	0.7	True	False									
32689	374.1976	1.282516	salamandrivorans_liq_Developed_vs_spore_Developed	3.67086583556417	0.0053754854697233	False	False	False	False	0.7	True	False									
34262	823.9296	4.188	salamandrivorans_liq_Developed_vs_spore_Developed	3.2437912971657266	0.0053754854697233	False	False	False	False	0.7	True	False									
17281	385.504	3.556	salamandrivorans_liq_Developed_vs_spore_Developed	4.971793868998936	0.0053754854697233	False	False	False	False	0.6000000000000001	True	False									
4970	299.7004	1.964358	salamandrivorans_liq_Developed_vs_spore_Developed	4.937659013154721	0.0054706542479939	False	False	False	False	0.7000000000000001	True	False									
8308	912.453	0.5835	salamandrivorans_liq_Developed_vs_spore_Developed	5.742476377082273	0.0054706542479939	False	False	False	False	0.7	True	False									
14057	1425.7029	3.339	salamandrivorans_liq_Developed_vs_spore_Developed	5.381144108584852	0.0054706542479939	False	False	False	False	0.7	True	False									
8264	1045.9972	2.01	salamandrivorans_liq_Developed_vs_spore_Developed	1.7993333632347788	0.0054706542479939	False	False	False	False	0.2	True	False									
11251	955.5041	2.665	salamandrivorans_liq_Developed_vs_spore_Developed	6.883055119204293	0.0056598449768983	False	False	False	False	0.7	False	False									
11149	1140.571	2.107447	salamandrivorans_liq_Developed_vs_spore_Developed	6.413015368228519	0.0056598449768983	False	False	False	False	0.7	True	False									
28206	1075.5725	3.654141	salamandrivorans_liq_Developed_vs_spore_Developed	4.855340746819175	0.0056598449768983	False	False	False	False	0.7	True	False									
27582	788.5061	3.428224	salamandrivorans_liq_Developed_vs_spore_Developed	4.273391863730933	0.0056598449768983	False	False	False	False	0.7	True	False									
28221	718.8908	3.650347	salamandrivorans_liq_Developed_vs_spore_Developed	4.176707384180753	0.0056598449768983	False	False	False	False	0.7	True	False									
9350	266.1294	0.575	salamandrivorans_liq_Developed_vs_spore_Developed	6.505736259281936	0.0056598449768983	False	False	False	False	0.6000000000000001	True	False									
9067	395.2179	1.596	salamandrivorans_liq_Developed_vs_spore_Developed	0.8971192565521697	0.0056598449768983	False	False	False	False	0.0	False	False									
4816	609.5635	2.0095	salamandrivorans_liq_Developed_vs_spore_Developed	6.255671634981582	0.0057262819033643	False	False	False	False	0.7	True	False									
15527	674.2919	0.574	salamandrivorans_liq_Developed_vs_spore_Developed	5.875678113381622	0.0057262819033643	False	False	False	False	0.7	True	False									
9450	392.5377	2.4245	salamandrivorans_liq_Developed_vs_spore_Developed	5.660997117182938	0.0057262819033643	False	False	False	False	0.7	True	False									
21071	625.3219	2.633	salamandrivorans_liq_Developed_vs_spore_Developed	5.474738371498066	0.0057262819033643	False	False	False	False	0.7	True	False									
11575	680.3983	3.307	salamandrivorans_liq_Developed_vs_spore_Developed	5.452586670730346	0.0057262819033643	False	False	False	False	0.7	True	False									
18836	488.6758	0.65	salamandrivorans_liq_Developed_vs_spore_Developed	5.43350595106407	0.0057262819033643	False	False	False	False	0.7	True	False									
16708	1003.4528	0.920662	salamandrivorans_liq_Developed_vs_spore_Developed	5.253028716525691	0.0057262819033643	False	False	False	False	0.7	True	False									
19496	672.4313	0.816	salamandrivorans_liq_Developed_vs_spore_Developed	4.962306834969203	0.0057262819033643	False	False	False	False	0.7	True	False									
17004	1259.6538	3.875288	salamandrivorans_liq_Developed_vs_spore_Developed	4.919619816361432	0.0057262819033643	False	False	False	False	0.7	True	False									
18070	201.0872	0.588	salamandrivorans_liq_Developed_vs_spore_Developed	4.742493098921533	0.0057262819033643	False	False	False	False	0.7	True	False									
17430	345.222	2.230717	salamandrivorans_liq_Developed_vs_spore_Developed	4.717179055107332	0.0057262819033643	False	False	False	False	0.7	True	False									
18707	375.1881	3.6035	salamandrivorans_liq_Developed_vs_spore_Developed	4.704618619840937	0.0057262819033643	False	False	False	False	0.7	True	False									
20872	845.9246	2.911478	salamandrivorans_liq_Developed_vs_spore_Developed	4.657751495867909	0.0057262819033643	False	False	False	False	0.7	True	False									
23718	1326.6836	4.284464	salamandrivorans_liq_Developed_vs_spore_Developed	4.550952506731529	0.0057262819033643	False	False	False	False	0.7	True	False									
24787	436.5753	3.730245	salamandrivorans_liq_Developed_vs_spore_Developed	4.410795319931347	0.0057262819033643	False	False	False	False	0.7	True	False									
17296	374.8535	3.5765	salamandrivorans_liq_Developed_vs_spore_Developed	4.400014915291624	0.0057262819033643	False	False	False	False	0.7	True	False									
21861	794.4088	3.626784	salamandrivorans_liq_Developed_vs_spore_Developed	4.349803708818199	0.0057262819033643	False	False	False	False	0.7	True	False									
26034	364.6024	1.170876	salamandrivorans_liq_Developed_vs_spore_Developed	4.265549187502982	0.0057262819033643	False	False	False	False	0.7	True	False									
30642	616.3137	3.597	salamandrivorans_liq_Developed_vs_spore_Developed	3.906057328664416	0.0057262819033643	False	False	False	False	0.7	True	False									
32193	1113.6056	4.1093	salamandrivorans_liq_Developed_vs_spore_Developed	3.194905320417172	0.0057262819033643	False	False	False	False	0.7	True	False									
23731	473.5985	4.140553	salamandrivorans_liq_Developed_vs_spore_Developed	3.07370358403341	0.0057262819033643	False	False	False	False	0.7	True	False									
27311	791.4774	4.608789	salamandrivorans_liq_Developed_vs_spore_Developed	2.982128946268458	0.0057262819033643	False	False	False	False	0.7	True	False									
23892	778.4077	4.538	salamandrivorans_liq_Developed_vs_spore_Developed	2.3748404919090094	0.0057262819033643	False	False	False	False	0.7	True	False									
32717	284.1116	4.317	salamandrivorans_liq_Developed_vs_spore_Developed	2.1761316071927106	0.0057262819033643	False	False	False	False	0.7	True	False									
37457	406.6686	3.29	salamandrivorans_liq_Developed_vs_spore_Developed	5.754217965937332	0.0057262819033643	False	False	False	False	0.6	True	False									
17298	470.239	2.825576	salamandrivorans_liq_Developed_vs_spore_Developed	4.753598192846395	0.0057262819033643	False	False	False	False	0.6	True	False									
12825	393.2223	0.718	salamandrivorans_liq_Developed_vs_spore_Developed	5.512925667126368	0.0057262819033643	False	False	False	False	0.5	True	False									
24230	712.3624	1.189283	salamandrivorans_liq_Developed_vs_spore_Developed	2.621601523638984	0.0057262819033643	False	False	False	False	0.0	True	False									
26865	1314.6938	3.822231	salamandrivorans_liq_Developed_vs_spore_Developed	4.525006030256157	0.0058216709638055	False	False	False	False	0.7	True	False									
20867	622.3587	3.818485	salamandrivorans_liq_Developed_vs_spore_Developed	4.473174373165863	0.0058216709638055	False	False	False	False	0.7	True	False									
15566	904.4169	1.547	salamandrivorans_liq_Developed_vs_spore_Developed	5.9741991096640366	0.0058216709638055	False	False	False	False	0.6000000000000001	True	False									
7880	573.7646	2.1675	salamandrivorans_liq_Developed_vs_spore_Developed	6.434186933510964	0.0058216709638055	False	False	False	False	0.5	True	False									
8421	366.2161	2.271633	salamandrivorans_liq_Developed_vs_spore_Developed	4.612546350032046	0.0058882160617605	False	False	False	False	0.7	True	False									
22790	685.3661	1.200333	salamandrivorans_liq_Developed_vs_spore_Developed	4.523832370672749	0.0058882160617605	False	False	False	False	0.7	True	False									
30827	874.4583	4.14	salamandrivorans_liq_Developed_vs_spore_Developed	3.4469610087999563	0.0058882160617605	False	False	False	False	0.7	True	False									
34027	586.3268	4.205	salamandrivorans_liq_Developed_vs_spore_Developed	3.385325395752409	0.0058882160617605	False	False	False	False	0.7	True	False									
26525	1218.6167	3.969077	salamandrivorans_liq_Developed_vs_spore_Developed	3.168316212613022	0.0058882160617605	False	False	False	False	0.7	True	False									
33045	923.4859	3.987	salamandrivorans_liq_Developed_vs_spore_Developed	2.927766008449432	0.0058882160617605	False	False	False	False	0.7	True	False									
32367	354.2852	6.352	salamandrivorans_liq_Developed_vs_spore_Developed	2.698170644236489	0.0058882160617605	False	False	False	False	0.7	True	False									
30752	443.1546	4.550192	salamandrivorans_liq_Developed_vs_spore_Developed	2.4415885417203467	0.0058882160617605	False	False	False	False	0.7	True	False									
18358	842.3922	1.636	salamandrivorans_liq_Developed_vs_spore_Developed	5.395339220933518	0.0058882160617605	False	False	False	False	0.6	True	False									
15894	1222.624	3.533	salamandrivorans_liq_Developed_vs_spore_Developed	5.223573433367797	0.0058882160617605	False	False	False	False	0.6	True	False									
15002	312.1664	0.581501	salamandrivorans_liq_Developed_vs_spore_Developed	5.3242352608825465	0.005979218798977	False	False	False	False	0.7000000000000001	True	False									
8046	229.1181	0.576026	salamandrivorans_liq_Developed_vs_spore_Developed	1.4005820263250446	0.005979218798977	False	False	False	False	0.0999999999999999	True	False									
28078	524.4169	8.308253	salamandrivorans_liq_Developed_vs_spore_Developed	2.279747780454497	0.0060376509071542	False	False	False	False	0.8	True	False									
5052	1003.5244	3.463709	salamandrivorans_liq_Developed_vs_spore_Developed	7.633567094327119	0.0060376509071542	False	False	False	False	0.7	True	False									
15885	1299.6149	2.6975	salamandrivorans_liq_Developed_vs_spore_Developed	6.1437317771810935	0.0060376509071542	False	False	False	False	0.7	True	False									
14112	376.1493	0.84	salamandrivorans_liq_Developed_vs_spore_Developed	6.056466953613598	0.0060376509071542	False	False	False	False	0.7	True	False									
17374	456.2331	1.371	salamandrivorans_liq_Developed_vs_spore_Developed	5.811886088253156	0.0060376509071542	False	False	False	False	0.7	True	False									
12084	1074.4882	1.66	salamandrivorans_liq_Developed_vs_spore_Developed	5.557509916252462	0.0060376509071542	False	False	False	False	0.7	True	False									
7689	562.3824	0.676063	salamandrivorans_liq_Developed_vs_spore_Developed	5.159763041129087	0.0060376509071542	False	False	False	False	0.7	True	False									
11691	744.941	3.553	salamandrivorans_liq_Developed_vs_spore_Developed	5.122291110967236	0.0060376509071542	False	False	False	False	0.7	True	False									
17174	723.8308	3.663485	salamandrivorans_liq_Developed_vs_spore_Developed	4.801670306159255	0.0060376509071542	False	False	False	False	0.7	True	False									
8078	459.2826	1.008102	salamandrivorans_liq_Developed_vs_spore_Developed	4.797091254829283	0.0060376509071542	False	False	False	False	0.7	True	False									
23325	403.2294	2.729516	salamandrivorans_liq_Developed_vs_spore_Developed	4.64052880359676	0.0060376509071542	False	False	False	False	0.7	True	False									
27945	985.5353	3.995	salamandrivorans_liq_Developed_vs_spore_Developed	3.757135855915211	0.0060376509071542	False	False	False	False	0.7	True	False									
34604	210.1031	4.628828	salamandrivorans_liq_Developed_vs_spore_Developed	2.5744095141929444	0.0060376509071542	False	False	False	False	0.7	True	False									
30650	676.3334	5.163164	salamandrivorans_liq_Developed_vs_spore_Developed	2.0225494052596265	0.0060376509071542	False	False	False	False	0.7	True	False									
22364	639.3384	2.875582	salamandrivorans_liq_Developed_vs_spore_Developed	5.607754134804769	0.0060376509071542	False	False	False	False	0.6	True	False									
8990	610.8143	2.886476	salamandrivorans_liq_Developed_vs_spore_Developed	5.511983689773524	0.0060376509071542	False	False	False	False	0.6	True	False									
34734	443.1197	0.564301	salamandrivorans_liq_Developed_vs_spore_Developed	4.01346931988897	0.0061192951650885	False	False	False	False	0.8	True	False									
10115	832.4155	2.087	salamandrivorans_liq_Developed_vs_spore_Developed	6.999028102734181	0.0061192951650885	False	False	False	False	0.7	True	False									
19889	855.4113	0.932906	salamandrivorans_liq_Developed_vs_spore_Developed	5.002000669254476	0.0061192951650885	False	False	False	False	0.7	True	False									
11140	502.7375	0.924895	salamandrivorans_liq_Developed_vs_spore_Developed	4.926833271953839	0.0061192951650885	False	False	False	False	0.7	True	False									
23454	528.7666	1.260586	salamandrivorans_liq_Developed_vs_spore_Developed	4.198286536809034	0.0061192951650885	False	False	False	False	0.7	True	False									
33212	894.519	3.963	salamandrivorans_liq_Developed_vs_spore_Developed	3.8958946573031	0.0061192951650885	False	False	False	False	0.7	True	False									
16101	430.6997	3.339	salamandrivorans_liq_Developed_vs_spore_Developed	5.669755193980146	0.0061192951650885	False	False	False	False	0.6000000000000001	True	False									
29800	545.2696	2.217476	salamandrivorans_liq_Developed_vs_spore_Developed	2.2500166266226183	0.0061192951650885	False	False	False	False	0.3	True	False									
36341	741.3793	2.066	salamandrivorans_liq_Developed_vs_spore_Developed	1.6430421719788892	0.0061192951650885	False	False	False	False	0.0999999999999999	False	False									
29871	286.6748	0.564728	salamandrivorans_liq_Developed_vs_spore_Developed	3.231965750582704	0.0061765910700112	False	False	False	False	0.8	True	False									
14265	891.44	2.044	salamandrivorans_liq_Developed_vs_spore_Developed	6.556919187213	0.0061765910700112	False	False	False	False	0.7	True	False									
15915	1218.5717	2.746	salamandrivorans_liq_Developed_vs_spore_Developed	6.3626254926662025	0.0061765910700112	False	False	False	False	0.7	True	False									
15373	526.3414	0.585	salamandrivorans_liq_Developed_vs_spore_Developed	5.841237040228487	0.0061765910700112	False	False	False	False	0.7	True	False									
12625	912.4019	0.657	salamandrivorans_liq_Developed_vs_spore_Developed	5.797258485170804	0.0061765910700112	False	False	False	False	0.7	True	False									
22847	1004.4782	0.748	salamandrivorans_liq_Developed_vs_spore_Developed	5.756154971317543	0.0061765910700112	False	False	False	False	0.7	True	False									
13295	431.7103	2.35	salamandrivorans_liq_Developed_vs_spore_Developed	5.725283564988434	0.0061765910700112	False	False	False	False	0.7	True	False									
6076	762.4199	0.583	salamandrivorans_liq_Developed_vs_spore_Developed	5.714156963773731	0.0061765910700112	False	False	False	False	0.7	True	False									
18055	802.4116	2.198	salamandrivorans_liq_Developed_vs_spore_Developed	5.606167398735328	0.0061765910700112	False	False	False	False	0.7	True	False									
13433	852.9161	2.728	salamandrivorans_liq_Developed_vs_spore_Developed	5.590915104225278	0.0061765910700112	False	False	False	False	0.7	True	False									
17635	370.7067	1.62	salamandrivorans_liq_Developed_vs_spore_Developed	5.50443058922885	0.0061765910700112	False	False	False	False	0.7	True	False									
11192	992.5228	3.830742	salamandrivorans_liq_Developed_vs_spore_Developed	5.492440504315416	0.0061765910700112	False	False	False	False	0.7	False	False									
21387	875.9957	4.148871	salamandrivorans_liq_Developed_vs_spore_Developed	5.474373842606787	0.0061765910700112	False	False	False	False	0.7	True	False									
14640	717.3392	1.6115	salamandrivorans_liq_Developed_vs_spore_Developed	5.25156783590903	0.0061765910700112	False	False	False	False	0.7	True	False									
14818	523.2908	3.866698	salamandrivorans_liq_Developed_vs_spore_Developed	5.2352463217690905	0.0061765910700112	False	False	False	False	0.7	True	False									
10667	654.8718	3.517	salamandrivorans_liq_Developed_vs_spore_Developed	5.200008170088937	0.0061765910700112	False	False	False	False	0.7	True	False									
17791	748.3882	2.967318	salamandrivorans_liq_Developed_vs_spore_Developed	5.19845266878984	0.0061765910700112	False	False	False	False	0.7	True	False									
15746	885.4151	1.7705	salamandrivorans_liq_Developed_vs_spore_Developed	5.163976237455188	0.0061765910700112	False	False	False	False	0.7	True	False									
15490	720.3303	0.688	salamandrivorans_liq_Developed_vs_spore_Developed	5.109535657486108	0.0061765910700112	False	False	False	False	0.7	True	False									
17309	934.9515	2.874	salamandrivorans_liq_Developed_vs_spore_Developed	5.000818324272997	0.0061765910700112	False	False	False	False	0.7	True	False									
25602	742.8844	3.658301	salamandrivorans_liq_Developed_vs_spore_Developed	4.957691770542548	0.0061765910700112	False	False	False	False	0.7	True	False									
18879	543.7888	2.739538	salamandrivorans_liq_Developed_vs_spore_Developed	4.876192466453975	0.0061765910700112	False	False	False	False	0.7	True	False									
14847	432.733	3.162	salamandrivorans_liq_Developed_vs_spore_Developed	4.741483993911459	0.0061765910700112	False	False	False	False	0.7	True	False									
37635	1009.5081	4.112237	salamandrivorans_liq_Developed_vs_spore_Developed	4.425542706756881	0.0061765910700112	False	False	False	False	0.7	True	False									
19040	848.9349	3.516446	salamandrivorans_liq_Developed_vs_spore_Developed	4.397738294852218	0.0061765910700112	False	False	False	False	0.7	True	False									
31110	1220.7687	10.686183	salamandrivorans_liq_Developed_vs_spore_Developed	4.363177780759503	0.0061765910700112	False	False	False	False	0.7	True	False									
20424	923.4589	3.735459	salamandrivorans_liq_Developed_vs_spore_Developed	4.10026682314546	0.0061765910700112	False	False	False	False	0.7	True	False									
14089	783.3653	0.576977	salamandrivorans_liq_Developed_vs_spore_Developed	4.038898925257845	0.0061765910700112	False	False	False	False	0.7	True	False									
20920	821.4338	3.863	salamandrivorans_liq_Developed_vs_spore_Developed	4.0376862067489405	0.0061765910700112	False	False	False	False	0.7	True	False									
25768	794.3531	3.959	salamandrivorans_liq_Developed_vs_spore_Developed	3.940651100973745	0.0061765910700112	False	False	False	False	0.7	True	False									
11095	912.4573	0.570071	salamandrivorans_liq_Developed_vs_spore_Developed	3.843678128130299	0.0061765910700112	False	False	False	False	0.7	True	False									
34018	1057.5516	4.123	salamandrivorans_liq_Developed_vs_spore_Developed	3.714582935595849	0.0061765910700112	False	False	False	False	0.7	True	False									
28979	1163.5858	4.003	salamandrivorans_liq_Developed_vs_spore_Developed	3.4259451155475635	0.0061765910700112	False	False	False	False	0.7	True	False									
25329	437.7359	3.807	salamandrivorans_liq_Developed_vs_spore_Developed	3.321095537987891	0.0061765910700112	False	False	False	False	0.7	True	False									
30866	656.8826	4.081458	salamandrivorans_liq_Developed_vs_spore_Developed	3.3165964857945656	0.0061765910700112	False	False	False	False	0.7	True	False									
37508	695.0394	4.298931	salamandrivorans_liq_Developed_vs_spore_Developed	2.9798173241791863	0.0061765910700112	False	False	False	False	0.7	True	False									
31053	451.7996	4.205	salamandrivorans_liq_Developed_vs_spore_Developed	2.6938597212108064	0.0061765910700112	False	False	False	False	0.7	True	False									
28653	802.4005	4.196	salamandrivorans_liq_Developed_vs_spore_Developed	2.521275728166497	0.0061765910700112	False	False	False	False	0.7	True	False									
31957	934.639	8.688816	salamandrivorans_liq_Developed_vs_spore_Developed	2.442442803847223	0.0061765910700112	False	False	False	False	0.7	True	False									
37538	743.4126	4.342731	salamandrivorans_liq_Developed_vs_spore_Developed	2.4005744642309947	0.0061765910700112	False	False	False	False	0.7	True	False									
20714	620.317	4.433298	salamandrivorans_liq_Developed_vs_spore_Developed	2.19989010722226	0.0061765910700112	False	False	False	False	0.7	True	False									
27031	784.9423	4.569003	salamandrivorans_liq_Developed_vs_spore_Developed	2.173011175831109	0.0061765910700112	False	False	False	False	0.7	True	False									
11550	709.3546	1.687	salamandrivorans_liq_Developed_vs_spore_Developed	5.635632522357219	0.0061765910700112	False	False	False	False	0.6	True	False									
3935	578.2891	1.785	salamandrivorans_liq_Developed_vs_spore_Developed	7.874163485963547	0.0061765910700112	False	False	False	False	0.4	True	False									
17683	161.1076	1.353	salamandrivorans_liq_Developed_vs_spore_Developed	1.3271394928321154	0.0061765910700112	False	False	False	False	0.3	True	False									
13240	771.3616	1.8335	salamandrivorans_liq_Developed_vs_spore_Developed	2.875021514119827	0.0061765910700112	False	False	False	False	0.2	True	False									
7746	691.3167	1.802	salamandrivorans_liq_Developed_vs_spore_Developed	1.6537585777102255	0.0061765910700112	False	False	False	False	0.0	True	False									
16560	552.7931	3.517	salamandrivorans_liq_Developed_vs_spore_Developed	5.061415946463471	0.0062579112006243	False	False	False	False	0.7	False	False									
36372	1722.6541	10.711	salamandrivorans_liq_Developed_vs_spore_Developed	3.0254410750814933	0.0062579112006243	False	False	False	False	0.7	True	False									
18916	296.6679	1.333648	salamandrivorans_liq_Developed_vs_spore_Developed	3.973624507359047	0.0062921946916296	False	False	False	False	0.8	True	False									
12522	189.1327	0.58825	salamandrivorans_liq_Developed_vs_spore_Developed	6.497497598875777	0.0062921946916296	False	False	False	False	0.7	True	False									
10439	545.1999	0.582	salamandrivorans_liq_Developed_vs_spore_Developed	6.425776162194163	0.0062921946916296	False	False	False	False	0.7	True	False									
15396	570.2493	0.58	salamandrivorans_liq_Developed_vs_spore_Developed	6.236005900916942	0.0062921946916296	False	False	False	False	0.7	True	False									
14598	802.3923	1.737	salamandrivorans_liq_Developed_vs_spore_Developed	6.188821515115413	0.0062921946916296	False	False	False	False	0.7	True	False									
29974	809.9583	4.772	salamandrivorans_liq_Developed_vs_spore_Developed	6.1512484072190885	0.0062921946916296	False	False	False	False	0.7	True	False									
15530	557.27	1.687	salamandrivorans_liq_Developed_vs_spore_Developed	6.013207016118747	0.0062921946916296	False	False	False	False	0.7	True	False									
20654	614.2731	0.579	salamandrivorans_liq_Developed_vs_spore_Developed	5.865845894200445	0.0062921946916296	False	False	False	False	0.7	True	False									
24365	454.2273	0.963633	salamandrivorans_liq_Developed_vs_spore_Developed	5.587603989343553	0.0062921946916296	False	False	False	False	0.7	True	False									
22669	593.221	0.58	salamandrivorans_liq_Developed_vs_spore_Developed	5.547260968006799	0.0062921946916296	False	False	False	False	0.7	True	False									
22797	887.4025	0.893862	salamandrivorans_liq_Developed_vs_spore_Developed	5.503357348327368	0.0062921946916296	False	False	False	False	0.7	True	False									
23490	1264.6508	3.387	salamandrivorans_liq_Developed_vs_spore_Developed	5.442623118784704	0.0062921946916296	False	False	False	False	0.7	True	False									
10922	652.6385	1.596	salamandrivorans_liq_Developed_vs_spore_Developed	5.332116629607104	0.0062921946916296	False	False	False	False	0.7	True	False									
23443	1210.6498	3.622406	salamandrivorans_liq_Developed_vs_spore_Developed	5.102268696836709	0.0062921946916296	False	False	False	False	0.7	True	False									
16077	537.6133	2.272725	salamandrivorans_liq_Developed_vs_spore_Developed	4.932864871718624	0.0062921946916296	False	False	False	False	0.7	True	False									
26196	900.4716	3.677149	salamandrivorans_liq_Developed_vs_spore_Developed	4.923982888126077	0.0062921946916296	False	False	False	False	0.7	True	False									
20681	608.7933	1.448347	salamandrivorans_liq_Developed_vs_spore_Developed	4.790378332563305	0.0062921946916296	False	False	False	False	0.7	True	False									
12520	739.3519	1.548	salamandrivorans_liq_Developed_vs_spore_Developed	4.769266821783002	0.0062921946916296	False	False	False	False	0.7	True	False									
21962	485.2713	3.517	salamandrivorans_liq_Developed_vs_spore_Developed	4.656357703025208	0.0062921946916296	False	False	False	False	0.7	True	False									
12860	344.2177	2.809	salamandrivorans_liq_Developed_vs_spore_Developed	4.640438097360372	0.0062921946916296	False	False	False	False	0.7	True	False									
16656	372.7089	0.57925	salamandrivorans_liq_Developed_vs_spore_Developed	4.587801985397606	0.0062921946916296	False	False	False	False	0.7	True	False									
21252	204.1343	0.589	salamandrivorans_liq_Developed_vs_spore_Developed	4.389490903124663	0.0062921946916296	False	False	False	False	0.7	True	False									
17147	358.1749	0.57853	salamandrivorans_liq_Developed_vs_spore_Developed	4.365660008032384	0.0062921946916296	False	False	False	False	0.7	True	False									
12950	480.9067	1.107913	salamandrivorans_liq_Developed_vs_spore_Developed	4.19098364297876	0.0062921946916296	False	False	False	False	0.7	True	False									
31661	1356.6575	4.099	salamandrivorans_liq_Developed_vs_spore_Developed	3.8785101511683218	0.0062921946916296	False	False	False	False	0.7	True	False									
17933	237.6188	0.578048	salamandrivorans_liq_Developed_vs_spore_Developed	3.64534483186059	0.0062921946916296	False	False	False	False	0.7	True	False									
30308	718.8999	4.12	salamandrivorans_liq_Developed_vs_spore_Developed	3.405295459505792	0.0062921946916296	False	False	False	False	0.7	True	False									
31520	820.954	4.704299	salamandrivorans_liq_Developed_vs_spore_Developed	3.233900162784159	0.0062921946916296	False	False	False	False	0.7	True	False									
25717	552.9595	4.243002	salamandrivorans_liq_Developed_vs_spore_Developed	3.053410987028833	0.0062921946916296	False	False	False	False	0.7	True	False									
26923	659.3416	4.2045	salamandrivorans_liq_Developed_vs_spore_Developed	2.830187585062187	0.0062921946916296	False	False	False	False	0.7	True	False									
30463	832.9987	4.287982	salamandrivorans_liq_Developed_vs_spore_Developed	2.661398974119348	0.0062921946916296	False	False	False	False	0.7	True	False									
13204	584.3797	1.691172	salamandrivorans_liq_Developed_vs_spore_Developed	5.5341102353742215	0.0062921946916296	False	False	False	False	0.6000000000000001	True	False									
14276	247.1494	0.580017	salamandrivorans_liq_Developed_vs_spore_Developed	6.083423302123225	0.0062921946916296	False	False	False	False	0.6	True	False									
17871	1133.5543	2.602	salamandrivorans_liq_Developed_vs_spore_Developed	5.684503920733781	0.0062921946916296	False	False	False	False	0.6	True	False									
10791	254.1509	0.653	salamandrivorans_liq_Developed_vs_spore_Developed	5.547466538025458	0.0062921946916296	False	False	False	False	0.5	True	False									
8469	691.34	2.795	salamandrivorans_liq_Developed_vs_spore_Developed	1.9309739969174624	0.0062921946916296	False	False	False	False	-0.0999999999999999	False	False									
36509	439.2694	8.798394	salamandrivorans_liq_Developed_vs_spore_Developed	3.183234977600754	0.0063486882357336	False	False	False	False	0.8	True	False									
16139	673.301	0.589	salamandrivorans_liq_Developed_vs_spore_Developed	6.213496592916341	0.0063486882357336	False	False	False	False	0.7	True	False									
14836	348.1977	0.594	salamandrivorans_liq_Developed_vs_spore_Developed	6.156381254050802	0.0063486882357336	False	False	False	False	0.7	True	False									
13794	1293.655	2.887476	salamandrivorans_liq_Developed_vs_spore_Developed	6.0505276562084696	0.0063486882357336	False	False	False	False	0.7	True	False									
20754	825.3992	2.848921	salamandrivorans_liq_Developed_vs_spore_Developed	5.496769316905103	0.0063486882357336	False	False	False	False	0.7	True	False									
15290	661.2994	1.144664	salamandrivorans_liq_Developed_vs_spore_Developed	4.934526252703547	0.0063486882357336	False	False	False	False	0.7	True	False									
22864	997.4802	0.837706	salamandrivorans_liq_Developed_vs_spore_Developed	4.9326974338910645	0.0063486882357336	False	False	False	False	0.7	True	False									
23113	1037.5557	3.410918	salamandrivorans_liq_Developed_vs_spore_Developed	4.729283621018988	0.0063486882357336	False	False	False	False	0.7	False	False									
24508	968.4786	3.614382	salamandrivorans_liq_Developed_vs_spore_Developed	4.70911488504699	0.0063486882357336	False	False	False	False	0.7	True	False									
26549	698.3972	3.737	salamandrivorans_liq_Developed_vs_spore_Developed	4.078272675290348	0.0063486882357336	False	False	False	False	0.7	True	False									
36172	613.3499	4.228002	salamandrivorans_liq_Developed_vs_spore_Developed	3.860966531717982	0.0063486882357336	False	False	False	False	0.7	True	False									
19465	1047.5809	4.674914	salamandrivorans_liq_Developed_vs_spore_Developed	3.5912369677022187	0.0063486882357336	False	False	False	False	0.7	True	False									
26637	841.5229	4.323	salamandrivorans_liq_Developed_vs_spore_Developed	3.3156775377674075	0.0063486882357336	False	False	False	False	0.7	True	False									
38001	755.3973	4.472167	salamandrivorans_liq_Developed_vs_spore_Developed	2.8349875335822343	0.0063486882357336	False	False	False	False	0.7	True	False									
36543	873.4651	4.548865	salamandrivorans_liq_Developed_vs_spore_Developed	2.707697924440705	0.0063486882357336	False	False	False	False	0.7	True	False									
33652	924.0164	4.608112	salamandrivorans_liq_Developed_vs_spore_Developed	2.1691112003851147	0.0063486882357336	False	False	False	False	0.7	True	False									
10806	187.144	0.6025	salamandrivorans_liq_Developed_vs_spore_Developed	5.728717781149377	0.0063486882357336	False	False	False	False	0.6	True	False									
17008	372.2312	0.6305	salamandrivorans_liq_Developed_vs_spore_Developed	5.423006884662232	0.0063486882357336	False	False	False	False	0.6	True	False									
27638	371.2288	2.975106	salamandrivorans_liq_Developed_vs_spore_Developed	1.2300607326188602	0.0063486882357336	False	False	False	False	0.3	True	False									
12110	1164.5656	3.3065	salamandrivorans_liq_Developed_vs_spore_Developed	6.723047351615532	0.0063935322477189	False	False	False	False	0.7	True	False									
14674	392.8698	2.4415	salamandrivorans_liq_Developed_vs_spore_Developed	6.012022368612729	0.0063935322477189	False	False	False	False	0.7	True	False									
9543	1156.5769	2.467086	salamandrivorans_liq_Developed_vs_spore_Developed	5.803238340883945	0.0063935322477189	False	False	False	False	0.7	True	False									
18324	834.425	2.84	salamandrivorans_liq_Developed_vs_spore_Developed	5.281588061336342	0.0063935322477189	False	False	False	False	0.7	True	False									
19906	905.4115	2.2445	salamandrivorans_liq_Developed_vs_spore_Developed	5.1288076945617895	0.0063935322477189	False	False	False	False	0.7	True	False									
21876	620.3318	1.045261	salamandrivorans_liq_Developed_vs_spore_Developed	4.977619798973532	0.0063935322477189	False	False	False	False	0.7	True	False									
17134	484.2437	0.581501	salamandrivorans_liq_Developed_vs_spore_Developed	4.664526286010453	0.0063935322477189	False	False	False	False	0.7	True	False									
21244	492.9037	1.77729	salamandrivorans_liq_Developed_vs_spore_Developed	4.644907619624303	0.0063935322477189	False	False	False	False	0.7	True	False									
32677	861.4948	4.153	salamandrivorans_liq_Developed_vs_spore_Developed	3.1928920147740545	0.0063935322477189	False	False	False	False	0.7	True	False									
37678	780.4626	4.787826	salamandrivorans_liq_Developed_vs_spore_Developed	3.1916618745211656	0.0063935322477189	False	False	False	False	0.7	True	False									
9238	523.2515	0.575	salamandrivorans_liq_Developed_vs_spore_Developed	3.17436815774693	0.0063935322477189	False	False	False	False	0.7	True	False									
35189	579.8369	4.099875	salamandrivorans_liq_Developed_vs_spore_Developed	2.829497024200004	0.0063935322477189	False	False	False	False	0.7	True	False									
36516	571.2396	4.151969	salamandrivorans_liq_Developed_vs_spore_Developed	2.785081277298969	0.0063935322477189	False	False	False	False	0.7	True	False									
37970	686.8748	4.271972	salamandrivorans_liq_Developed_vs_spore_Developed	2.5106130216101383	0.0063935322477189	False	False	False	False	0.7	True	False									
16476	524.759	2.088	salamandrivorans_liq_Developed_vs_spore_Developed	5.7995716032452735	0.0063935322477189	False	False	False	False	0.6	True	False									
19474	397.7638	2.578	salamandrivorans_liq_Developed_vs_spore_Developed	5.259583262011222	0.0063935322477189	False	False	False	False	0.6	True	False									
15498	785.3737	1.644	salamandrivorans_liq_Developed_vs_spore_Developed	5.52665231169288	0.0063935322477189	False	False	False	False	0.4	True	False									
13381	267.6159	2.710462	salamandrivorans_liq_Developed_vs_spore_Developed	5.2875318623650776	0.0064801573408868	False	False	False	False	0.7000000000000001	True	False									
32839	754.3545	1.950483	salamandrivorans_liq_Developed_vs_spore_Developed	6.053570738567566	0.0064801573408868	False	False	False	False	0.6000000000000001	True	False									
8722	1061.4604	1.714758	salamandrivorans_liq_Developed_vs_spore_Developed	6.004344361868702	0.0065431634384558	False	False	False	False	0.7	True	False									
19749	1249.5793	1.722	salamandrivorans_liq_Developed_vs_spore_Developed	5.883427287748259	0.0065431634384558	False	False	False	False	0.7	True	False									
16528	613.2925	0.591	salamandrivorans_liq_Developed_vs_spore_Developed	5.810492066697049	0.0065431634384558	False	False	False	False	0.7	True	False									
11533	582.3016	2.026	salamandrivorans_liq_Developed_vs_spore_Developed	5.661636284291054	0.0065431634384558	False	False	False	False	0.7	True	False									
12040	283.6537	0.5995	salamandrivorans_liq_Developed_vs_spore_Developed	5.631819096117924	0.0065431634384558	False	False	False	False	0.7	True	False									
17589	373.1837	1.896	salamandrivorans_liq_Developed_vs_spore_Developed	4.43591959120462	0.0065431634384558	False	False	False	False	0.7	True	False									
38102	858.423	4.203	salamandrivorans_liq_Developed_vs_spore_Developed	3.532106926972047	0.0065431634384558	False	False	False	False	0.7	True	False									
24015	436.2415	3.91506	salamandrivorans_liq_Developed_vs_spore_Developed	3.508596801299871	0.0065431634384558	False	False	False	False	0.7	True	False									
15875	739.8467	2.515581	salamandrivorans_liq_Developed_vs_spore_Developed	5.529071245969022	0.0065431634384558	False	False	False	False	0.4	True	False									
15735	455.1885	0.989501	salamandrivorans_liq_Developed_vs_spore_Developed	5.388041143450312	0.0065431634384558	False	False	False	False	0.4	True	False									
1437	994.8262	2.664895	salamandrivorans_liq_Developed_vs_spore_Developed	1.7539052816242835	0.0065431634384558	False	False	False	False	0.0	False	False									
11909	744.4338	3.683861	salamandrivorans_liq_Developed_vs_spore_Developed	5.062111073698552	0.0065991904338363	False	False	False	False	0.7	True	False									
13456	278.1728	1.721516	salamandrivorans_liq_Developed_vs_spore_Developed	4.957026833401031	0.0065991904338363	False	False	False	False	0.7	True	False									
12238	421.2647	0.587	salamandrivorans_liq_Developed_vs_spore_Developed	4.846542406322603	0.0065991904338363	False	False	False	False	0.7	True	False									
22996	992.4495	1.090996	salamandrivorans_liq_Developed_vs_spore_Developed	4.340864123032241	0.0065991904338363	False	False	False	False	0.7	True	False									
17605	528.3165	3.598	salamandrivorans_liq_Developed_vs_spore_Developed	4.207234839840591	0.0065991904338363	False	False	False	False	0.7	True	False									
12999	574.3707	3.9625	salamandrivorans_liq_Developed_vs_spore_Developed	3.2668675098924305	0.0065991904338363	False	False	False	False	0.7	True	False									
24259	1193.0651	2.856	salamandrivorans_liq_Developed_vs_spore_Developed	5.6387579813288085	0.0065991904338363	False	False	False	False	0.6	True	False									
17003	555.7813	1.5475	salamandrivorans_liq_Developed_vs_spore_Developed	5.536281381280017	0.0065991904338363	False	False	False	False	0.6	True	False									
12713	541.7681	1.6905	salamandrivorans_liq_Developed_vs_spore_Developed	5.408091324212729	0.0065991904338363	False	False	False	False	0.6	True	False									
11606	398.2418	1.691	salamandrivorans_liq_Developed_vs_spore_Developed	1.5929206847483446	0.0065991904338363	False	False	False	False	0.2	True	False									
10201	1090.5654	2.041	salamandrivorans_liq_Developed_vs_spore_Developed	6.901351127446041	0.0066706290268003	False	False	False	False	0.7	True	False									
12610	483.7444	0.576505	salamandrivorans_liq_Developed_vs_spore_Developed	6.83437712782635	0.0066706290268003	False	False	False	False	0.7	True	False									
10060	785.3567	0.582	salamandrivorans_liq_Developed_vs_spore_Developed	5.901405239283911	0.0066706290268003	False	False	False	False	0.7	True	False									
14110	652.3501	3.423762	salamandrivorans_liq_Developed_vs_spore_Developed	5.641863190622886	0.0066706290268003	False	False	False	False	0.7	True	False									
20608	475.2239	0.577	salamandrivorans_liq_Developed_vs_spore_Developed	4.721829022654106	0.0066706290268003	False	False	False	False	0.7	True	False									
22444	409.2084	0.582	salamandrivorans_liq_Developed_vs_spore_Developed	4.606864922228069	0.0066706290268003	False	False	False	False	0.7	True	False									
9872	409.9669	1.500695	salamandrivorans_liq_Developed_vs_spore_Developed	4.531754751117554	0.0066706290268003	False	False	False	False	0.7	True	False									
19020	554.2935	1.895	salamandrivorans_liq_Developed_vs_spore_Developed	5.319356491956246	0.0067443106492219	False	False	False	False	0.7000000000000001	True	False									
21440	570.2896	2.987624	salamandrivorans_liq_Developed_vs_spore_Developed	5.457867676604297	0.0067443106492219	False	False	False	False	0.7	True	False									
27099	357.6739	1.298052	salamandrivorans_liq_Developed_vs_spore_Developed	4.1475647160025	0.0067443106492219	False	False	False	False	0.7	True	False									
25892	414.6836	3.866	salamandrivorans_liq_Developed_vs_spore_Developed	3.553865946246672	0.0067443106492219	False	False	False	False	0.7	True	False									
20815	287.1587	1.787	salamandrivorans_liq_Developed_vs_spore_Developed	4.4150312163543655	0.0068230316294836	False	False	False	False	0.6000000000000001	True	False									
4314	716.8366	2.4575	salamandrivorans_liq_Developed_vs_spore_Developed	7.522012974708201	0.0068620111008255	False	False	False	False	0.7	True	False									
11674	900.9572	2.985797	salamandrivorans_liq_Developed_vs_spore_Developed	6.422478540855388	0.0068620111008255	False	False	False	False	0.7	True	False									
8437	459.2456	0.588	salamandrivorans_liq_Developed_vs_spore_Developed	6.0323534947943305	0.0068620111008255	False	False	False	False	0.7	True	False									
15930	676.343	3.272741	salamandrivorans_liq_Developed_vs_spore_Developed	5.869934473991973	0.0068620111008255	False	False	False	False	0.7	True	False									
15605	1019.4525	1.426826	salamandrivorans_liq_Developed_vs_spore_Developed	5.527336494349678	0.0068620111008255	False	False	False	False	0.7	True	False									
8879	826.8741	1.639629	salamandrivorans_liq_Developed_vs_spore_Developed	5.407750062108413	0.0068620111008255	False	False	False	False	0.7	True	False									
13131	630.8004	0.702	salamandrivorans_liq_Developed_vs_spore_Developed	5.366431165504718	0.0068620111008255	False	False	False	False	0.7	True	False									
11924	551.6168	1.492911	salamandrivorans_liq_Developed_vs_spore_Developed	5.169896618276159	0.0068620111008255	False	False	False	False	0.7	True	False									
12436	499.728	2.250112	salamandrivorans_liq_Developed_vs_spore_Developed	5.141119353072793	0.0068620111008255	False	False	False	False	0.7	True	False									
17959	337.6795	2.634	salamandrivorans_liq_Developed_vs_spore_Developed	5.084657288611384	0.0068620111008255	False	False	False	False	0.7	True	False									
21128	739.3635	3.3875	salamandrivorans_liq_Developed_vs_spore_Developed	5.020883272251715	0.0068620111008255	False	False	False	False	0.7	True	False									
18534	481.7565	3.197036	salamandrivorans_liq_Developed_vs_spore_Developed	4.789418986235069	0.0068620111008255	False	False	False	False	0.7	True	False									
22228	531.2083	0.901947	salamandrivorans_liq_Developed_vs_spore_Developed	4.759963467654057	0.0068620111008255	False	False	False	False	0.7	True	False									
26557	621.8674	3.781878	salamandrivorans_liq_Developed_vs_spore_Developed	4.693059903807178	0.0068620111008255	False	False	False	False	0.7	True	False									
13149	1231.6306	3.75342	salamandrivorans_liq_Developed_vs_spore_Developed	4.540808631860723	0.0068620111008255	False	False	False	False	0.7	True	False									
16660	476.2323	3.616607	salamandrivorans_liq_Developed_vs_spore_Developed	4.448932636748315	0.0068620111008255	False	False	False	False	0.7	True	False									
23698	827.3817	1.243	salamandrivorans_liq_Developed_vs_spore_Developed	4.278151891654914	0.0068620111008255	False	False	False	False	0.7	True	False									
31349	555.7948	3.939	salamandrivorans_liq_Developed_vs_spore_Developed	4.128026840208205	0.0068620111008255	False	False	False	False	0.7	True	False									
29220	376.1996	3.437524	salamandrivorans_liq_Developed_vs_spore_Developed	3.908754663009972	0.0068620111008255	False	False	False	False	0.7	True	False									
23949	413.7524	3.603	salamandrivorans_liq_Developed_vs_spore_Developed	3.753541320943216	0.0068620111008255	False	False	False	False	0.7	True	False									
22101	933.5027	3.928	salamandrivorans_liq_Developed_vs_spore_Developed	3.664939793003613	0.0068620111008255	False	False	False	False	0.7	True	False									
9115	644.3375	0.575	salamandrivorans_liq_Developed_vs_spore_Developed	2.8434812280888835	0.0068620111008255	False	False	False	False	0.7	True	False									
31813	767.4233	4.11258	salamandrivorans_liq_Developed_vs_spore_Developed	2.74691265287966	0.0068620111008255	False	False	False	False	0.7	True	False									
33579	666.3541	4.478347	salamandrivorans_liq_Developed_vs_spore_Developed	2.387610399562174	0.0068620111008255	False	False	False	False	0.7	True	False									
16011	337.6825	0.945151	salamandrivorans_liq_Developed_vs_spore_Developed	4.842213615798869	0.0068620111008255	False	False	False	False	0.6000000000000001	True	False									
7810	614.8364	3.1625	salamandrivorans_liq_Developed_vs_spore_Developed	5.843242053562765	0.0068620111008255	False	False	False	False	0.6	True	False									
10075	570.3292	1.848	salamandrivorans_liq_Developed_vs_spore_Developed	5.13896376707792	0.0068620111008255	False	False	False	False	0.6	True	False									
15236	500.2319	2.250717	salamandrivorans_liq_Developed_vs_spore_Developed	5.014293544140154	0.0068620111008255	False	False	False	False	0.6	True	False									
28599	698.3347	2.044	salamandrivorans_liq_Developed_vs_spore_Developed	1.2960744829668098	0.0068620111008255	False	False	False	False	0.3	False	False									
18573	485.2664	1.864	salamandrivorans_liq_Developed_vs_spore_Developed	4.922852483778201	0.0069391890291462	False	False	False	False	0.7000000000000001	True	False									
15998	647.309	2.165	salamandrivorans_liq_Developed_vs_spore_Developed	5.927155489192463	0.0069391890291462	False	False	False	False	0.7	True	False									
23382	853.4801	3.637279	salamandrivorans_liq_Developed_vs_spore_Developed	5.255495360940358	0.0069391890291462	False	False	False	False	0.7	True	False									
36434	635.3733	4.379927	salamandrivorans_liq_Developed_vs_spore_Developed	2.1619947038827303	0.0069391890291462	False	False	False	False	0.7	True	False									
32126	548.2108	1.280278	salamandrivorans_liq_Developed_vs_spore_Developed	4.786270875702367	0.0070221536376518	False	False	False	False	0.7	True	False									
13438	745.448	3.5535	salamandrivorans_liq_Developed_vs_spore_Developed	4.543096411546512	0.0070221536376518	False	False	False	False	0.7	True	False									
17328	707.3594	3.195	salamandrivorans_liq_Developed_vs_spore_Developed	5.662747741059535	0.0070221536376518	False	False	False	False	0.6	True	False									
6013	353.6569	2.799	salamandrivorans_liq_Developed_vs_spore_Developed	1.8903062821945729	0.0070221536376518	False	False	False	False	0.0	False	False									
22188	852.523	3.339	salamandrivorans_liq_Developed_vs_spore_Developed	5.4867479773428345	0.0071066057948682	False	False	False	False	0.7	True	False									
29566	860.4626	4.621552	salamandrivorans_liq_Developed_vs_spore_Developed	2.7603398079729047	0.0071066057948682	False	False	False	False	0.7	True	False									
32293	624.2112	4.295062	salamandrivorans_liq_Developed_vs_spore_Developed	2.5990297941647205	0.0071066057948682	False	False	False	False	0.7	True	False									
6426	615.35	2.39	salamandrivorans_liq_Developed_vs_spore_Developed	6.965409969489017	0.0071066057948682	False	False	False	False	0.4	True	False									
7877	468.2802	1.848467	salamandrivorans_liq_Developed_vs_spore_Developed	0.8336122022563488	0.0071066057948682	False	False	False	False	0.0	True	False									
9482	594.8064	1.961	salamandrivorans_liq_Developed_vs_spore_Developed	5.141550591458002	0.0071869266497227	False	False	False	False	0.7	True	False									
24012	861.418	3.740948	salamandrivorans_liq_Developed_vs_spore_Developed	4.15155545085986	0.0071869266497227	False	False	False	False	0.7	True	False									
26007	860.4843	4.106458	salamandrivorans_liq_Developed_vs_spore_Developed	2.7940371910584854	0.0071869266497227	False	False	False	False	0.7	True	False									
12888	726.3431	0.98013	salamandrivorans_liq_Developed_vs_spore_Developed	2.7813980260052	0.0071869266497227	False	False	False	False	0.5	True	False									
14096	899.4684	3.54	salamandrivorans_liq_Developed_vs_spore_Developed	5.880623101152525	0.0072738832700377	False	False	False	False	0.7	True	False									
29872	1233.6051	3.915364	salamandrivorans_liq_Developed_vs_spore_Developed	4.319066848891444	0.0072738832700377	False	False	False	False	0.7	True	False									
18261	1140.5548	2.15	salamandrivorans_liq_Developed_vs_spore_Developed	6.139265870254173	0.0073561061649209	False	False	False	False	0.7	True	False									
19085	711.3184	1.375643	salamandrivorans_liq_Developed_vs_spore_Developed	5.079383939633142	0.0073561061649209	False	False	False	False	0.7	True	False									
5720	553.2861	3.523	salamandrivorans_liq_Developed_vs_spore_Developed	4.437341533326361	0.0073561061649209	False	False	False	False	0.7	True	False									
29354	569.3029	3.65412	salamandrivorans_liq_Developed_vs_spore_Developed	4.278187959073105	0.0073561061649209	False	False	False	False	0.7	True	False									
27990	1193.1443	4.334064	salamandrivorans_liq_Developed_vs_spore_Developed	3.453415809879309	0.0073561061649209	False	False	False	False	0.7	True	False									
10025	990.1577	2.507	salamandrivorans_liq_Developed_vs_spore_Developed	1.593195977573405	0.0075353645119885	False	False	False	False	-0.0999999999999999	True	False									
16728	565.7506	1.564	salamandrivorans_liq_Developed_vs_spore_Developed	5.095909615862445	0.0076213515628412	False	False	False	False	0.7000000000000001	True	False									
33102	859.3829	3.317	salamandrivorans_liq_Developed_vs_spore_Developed	2.170566932027607	0.0077966775456336	False	False	False	False	0.2	True	False									
17762	159.0767	0.578015	salamandrivorans_liq_Developed_vs_spore_Developed	5.07086450759542	0.0078829981178923	False	False	False	False	0.7000000000000001	True	False									
27212	602.3122	1.537	salamandrivorans_liq_Developed_vs_spore_Developed	0.8814991804850978	0.0078829981178923	False	False	False	False	0.0	True	False									
14835	519.239	0.578	salamandrivorans_liq_Developed_vs_spore_Developed	5.601516890289671	0.0079729807805201	False	False	False	False	0.6000000000000001	True	False									
11902	835.412	1.738	salamandrivorans_liq_Developed_vs_spore_Developed	6.138886661057583	0.0081503425025088	False	False	False	False	0.7	True	False									
20187	334.1789	1.29002	salamandrivorans_liq_Developed_vs_spore_Developed	4.246615042359837	0.0081503425025088	False	False	False	False	0.7	True	False									
5655	811.0711	2.072	salamandrivorans_liq_Developed_vs_spore_Developed	2.115272491604077	0.0084160718977078	False	False	False	False	0.0	False	False									
19694	441.2307	1.673605	salamandrivorans_liq_Developed_vs_spore_Developed	1.0354449816983378	0.0084160718977078	False	False	False	False	0.0	False	False									
13935	316.2242	2.318024	salamandrivorans_liq_Developed_vs_spore_Developed	1.0982856217194688	0.0086807453855663	False	False	False	False	0.1999999999999999	True	False									
7250	835.4023	1.745	salamandrivorans_liq_Developed_vs_spore_Developed	4.0627611617422295	0.0087677320296405	False	False	False	False	0.5	True	False									
25199	904.5135	4.151125	salamandrivorans_liq_Developed_vs_spore_Developed	4.7351175848958205	0.0090332341980629	False	False	False	False	0.6	True	False									
13722	892.4383	2.468025	salamandrivorans_liq_Developed_vs_spore_Developed	4.0285007010987375	0.0091207085036929	False	False	False	False	0.3	True	False									
15865	827.7102	1.858	salamandrivorans_liq_Developed_vs_spore_Developed	1.8432120320334893	0.0092081280223157	False	False	False	False	0.0999999999999999	True	False									
29638	695.4139	2.240198	salamandrivorans_liq_Developed_vs_spore_Developed	5.620625940329774	0.0093850057849275	False	False	False	False	0.5	True	False									
17997	927.5128	3.355	salamandrivorans_liq_Developed_vs_spore_Developed	5.525503056146098	0.0093850057849275	False	False	False	False	0.5	True	False									
29173	385.2457	10.651946	salamandrivorans_liq_Developed_vs_spore_Developed	3.4443350629027005	0.0094730221629909	False	False	False	False	0.7	True	False									
8571	919.9072	1.786	salamandrivorans_liq_Developed_vs_spore_Developed	5.754502433211412	0.0094730221629909	False	False	False	False	0.5	True	False									
21734	833.3748	1.786	salamandrivorans_liq_Developed_vs_spore_Developed	1.653621153104276	0.0096511953188323	False	False	False	False	0.1999999999999999	True	False									
14193	859.399	1.753	salamandrivorans_liq_Developed_vs_spore_Developed	3.7508461135000495	0.0098246748727208	False	False	False	False	0.3	True	False									
8862	925.423	1.88	salamandrivorans_liq_Developed_vs_spore_Developed	1.8584351207443213	0.0098246748727208	False	False	False	False	-0.0999999999999999	True	False									
8154	531.2486	0.583497	salamandrivorans_liq_Developed_vs_spore_Developed	6.529681602691708	0.0099986915348397	False	False	False	False	0.6	True	False									
3101	547.2634	2.272437	salamandrivorans_liq_Developed_vs_spore_Developed	5.956521257500463	0.0101693151508818	False	False	False	False	0.3	True	False									
8253	615.3431	3.147	salamandrivorans_liq_Developed_vs_spore_Developed	6.686752617615714	0.0102577079495615	False	False	False	False	0.4	True	False									
19629	734.3442	1.082366	salamandrivorans_liq_Developed_vs_spore_Developed	4.872174152797678	0.0103412321390481	False	False	False	False	0.7	True	False									
14900	415.2551	1.612	salamandrivorans_liq_Developed_vs_spore_Developed	5.210780190430219	0.0103412321390481	False	False	False	False	0.6	True	False									
17867	605.2823	1.338	salamandrivorans_liq_Developed_vs_spore_Developed	4.758842494120274	0.0103412321390481	False	False	False	False	0.6	True	False									
17652	355.1628	0.59125	salamandrivorans_liq_Developed_vs_spore_Developed	5.79315184351859	0.0104270901203926	False	False	False	False	0.6000000000000001	True	False									
12589	938.4462	2.297	salamandrivorans_liq_Developed_vs_spore_Developed	2.296067655075421	0.0104270901203926	False	False	False	False	0.3	True	False									
20351	794.3665	1.455112	salamandrivorans_liq_Developed_vs_spore_Developed	2.258821542290978	0.0104270901203926	False	False	False	False	0.3	True	False									
6515	752.3437	2.945042	salamandrivorans_liq_Developed_vs_spore_Developed	2.0193701302846754	0.0106027348831264	False	False	False	False	-0.0999999999999999	False	False									
20851	590.2994	3.2915	salamandrivorans_liq_Developed_vs_spore_Developed	5.115111816023846	0.0106867592757433	False	False	False	False	0.6	True	False									
9721	352.1853	2.34	salamandrivorans_liq_Developed_vs_spore_Developed	6.254831353267156	0.0106867592757433	False	False	False	False	0.4999999999999999	True	False									
7625	385.1783	0.653	salamandrivorans_liq_Developed_vs_spore_Developed	6.329461268678201	0.0108587573967865	False	False	False	False	0.6000000000000001	True	False									
12678	853.9287	2.796	salamandrivorans_liq_Developed_vs_spore_Developed	3.835793708756828	0.0108587573967865	False	False	False	False	0.3	True	False									
10309	912.4122	1.928	salamandrivorans_liq_Developed_vs_spore_Developed	5.525616770313344	0.0109467952794874	False	False	False	False	0.4999999999999999	True	False									
25999	333.1528	3.156465	salamandrivorans_liq_Developed_vs_spore_Developed	4.383078778519368	0.011116735408759	False	False	False	False	0.6000000000000001	True	False									
7355	605.2928	2.979863	salamandrivorans_liq_Developed_vs_spore_Developed	5.045357422921541	0.011116735408759	False	False	False	False	0.4999999999999999	True	False									
20494	365.1078	0.566065	salamandrivorans_liq_Developed_vs_spore_Developed	4.855187495756273	0.0112881388795139	False	False	False	False	0.7	True	False									
13543	774.8993	2.778	salamandrivorans_liq_Developed_vs_spore_Developed	3.721831570041813	0.0112881388795139	False	False	False	False	0.3	True	False									
23249	598.5526	1.9835	salamandrivorans_liq_Developed_vs_spore_Developed	4.697524379067668	0.0113733090916128	False	False	False	False	0.4999999999999999	True	False									
11716	399.1823	3.261	salamandrivorans_liq_Developed_vs_spore_Developed	4.18259049665853	0.0114584131829042	False	False	False	False	0.3	True	False									
9692	549.9131	1.597	salamandrivorans_liq_Developed_vs_spore_Developed	5.526646557710826	0.0115461392963108	False	False	False	False	0.4999999999999999	True	False									
18843	885.4113	1.868	salamandrivorans_liq_Developed_vs_spore_Developed	3.54593706740805	0.0116311301132646	False	False	False	False	0.3	True	False									
20649	865.4291	1.896	salamandrivorans_liq_Developed_vs_spore_Developed	3.57270669333456	0.0117160550100936	False	False	False	False	0.3	True	False									
13115	246.1904	1.709198	salamandrivorans_liq_Developed_vs_spore_Developed	1.5803790932877468	0.0117160550100936	False	False	False	False	0.2	True	False									
11190	857.406	1.817	salamandrivorans_liq_Developed_vs_spore_Developed	1.591748403096896	0.011799999193001	False	False	False	False	0.2	True	False									
14677	373.2831	1.911	salamandrivorans_liq_Developed_vs_spore_Developed	0.6660877526515683	0.011799999193001	False	False	False	False	0.1999999999999999	True	False									
20293	198.1327	1.685559	salamandrivorans_liq_Developed_vs_spore_Developed	0.9219156420286942	0.011799999193001	False	False	False	False	0.0	False	False									
26683	1081.4344	1.419	salamandrivorans_liq_Developed_vs_spore_Developed	4.747345272789462	0.0118838653185511	False	False	False	False	0.6	True	False									
14585	816.4193	2.746	salamandrivorans_liq_Developed_vs_spore_Developed	5.885687495259122	0.0118838653185511	False	False	False	False	0.4999999999999999	True	False									
14675	502.731	0.906516	salamandrivorans_liq_Developed_vs_spore_Developed	4.8970105572332425	0.0123144051743396	False	False	False	False	0.6	True	False									
6549	501.2599	0.752	salamandrivorans_liq_Developed_vs_spore_Developed	7.658537103610227	0.0124832143793367	False	False	False	False	0.5	True	False									
15164	728.3514	1.612	salamandrivorans_liq_Developed_vs_spore_Developed	2.392879640319727	0.0124832143793367	False	False	False	False	0.2	True	False									
3422	528.2767	0.573048	salamandrivorans_liq_Developed_vs_spore_Developed	2.812033807480624	0.0126586094352027	False	False	False	False	0.3	True	False									
18830	1076.5223	2.777	salamandrivorans_liq_Developed_vs_spore_Developed	5.331931370118367	0.0127467691241288	False	False	False	False	0.4999999999999999	True	False									
4267	803.8681	2.025	salamandrivorans_liq_Developed_vs_spore_Developed	7.932448529318951	0.012831939546763	False	False	False	False	0.4999999999999999	True	False									
17469	258.1328	1.194498	salamandrivorans_liq_Developed_vs_spore_Developed	4.212016001476911	0.012831939546763	False	False	False	False	0.4999999999999999	True	False									
11917	844.4113	3.030083	salamandrivorans_liq_Developed_vs_spore_Developed	5.797967124234543	0.0129180553256969	False	False	False	False	0.4999999999999999	True	False									
1024	546.2932	0.904802	salamandrivorans_liq_Developed_vs_spore_Developed	9.59998830000676	0.0129991106807102	False	False	False	False	0.4999999999999999	True	False									
13228	366.2025	2.6885	salamandrivorans_liq_Developed_vs_spore_Developed	2.2789481388802315	0.0134318401722434	False	False	False	False	0.2	True	False									
15228	630.3129	1.754	salamandrivorans_liq_Developed_vs_spore_Developed	4.430486401265043	0.0138616325714499	False	False	False	False	0.3	True	False									
38142	819.5182	8.087	salamandrivorans_liq_Developed_vs_spore_Developed	3.214171750114992	0.0145579018200745	False	False	False	False	0.8	True	False									
13363	668.3582	3.08759	salamandrivorans_liq_Developed_vs_spore_Developed	3.2227277132027368	0.0146421607655957	False	False	False	False	0.2	True	False									
21724	644.2807	1.1796	salamandrivorans_liq_Developed_vs_spore_Developed	5.184548229209108	0.0147286341438545	False	False	False	False	0.7000000000000001	True	False									
22899	829.3737	1.516	salamandrivorans_liq_Developed_vs_spore_Developed	0.8592731386479553	0.0147286341438545	False	False	False	False	0.0999999999999999	True	False									
37809	460.245	8.39571	salamandrivorans_liq_Developed_vs_spore_Developed	2.7436543628000614	0.0148093841174279	False	False	False	False	0.7000000000000001	True	False									
20139	423.2271	0.571	salamandrivorans_liq_Developed_vs_spore_Developed	4.644718867422652	0.0155835255154235	False	False	False	False	0.7000000000000001	True	False									
21285	199.1071	0.578511	salamandrivorans_liq_Developed_vs_spore_Developed	4.554075522505382	0.0156672560937087	False	False	False	False	0.6	False	False									
6584	777.8506	2.254435	salamandrivorans_liq_Developed_vs_spore_Developed	1.17853485633236	0.0158382082430562	False	False	False	False	0.0	False	False									
11757	926.5107	3.365828	salamandrivorans_liq_Developed_vs_spore_Developed	6.126534626874919	0.0160888383057081	False	False	False	False	0.4999999999999999	True	False									
10034	602.3658	3.13075	salamandrivorans_liq_Developed_vs_spore_Developed	5.9027339960262095	0.0164248105560719	False	False	False	False	0.6	False	False									
20257	632.8336	3.929	salamandrivorans_liq_Developed_vs_spore_Developed	3.27068688556665	0.0164248105560719	False	False	False	False	0.6	True	False									
19552	869.4037	2.326	salamandrivorans_liq_Developed_vs_spore_Developed	1.410501783882001	0.0164248105560719	False	False	False	False	0.0	False	False									
4402	995.4939	2.665	salamandrivorans_liq_Developed_vs_spore_Developed	1.276686241592586	0.0164248105560719	False	False	False	False	-0.0999999999999999	False	False									
19794	962.4412	1.691	salamandrivorans_liq_Developed_vs_spore_Developed	1.755111998610997	0.0166820616409473	False	False	False	False	0.0	True	False									
20126	610.1862	10.150986	salamandrivorans_liq_Developed_vs_spore_Developed	2.0850455217185546	0.016762627821172	False	False	False	False	0.6	True	False									
9140	1082.498	1.9195	salamandrivorans_liq_Developed_vs_spore_Developed	0.8197418837779167	0.016762627821172	False	False	False	False	0.0	False	False									
36794	608.3094	4.016213	salamandrivorans_liq_Developed_vs_spore_Developed	3.6573857680321367	0.0168302489659255	False	False	False	False	0.6	True	False									
36456	1096.6372	4.642768	salamandrivorans_liq_Developed_vs_spore_Developed	2.5154986513563915	0.0168302489659255	False	False	False	False	0.6	False	False									
17657	1050.442	1.213233	salamandrivorans_liq_Developed_vs_spore_Developed	5.04062086634111	0.0168912588932238	False	False	False	False	0.6	False	False									
27446	801.3984	3.817812	salamandrivorans_liq_Developed_vs_spore_Developed	4.850642984908134	0.0168912588932238	False	False	False	False	0.6	True	False									
31143	487.2596	3.957	salamandrivorans_liq_Developed_vs_spore_Developed	3.312710738663791	0.0168912588932238	False	False	False	False	0.6	True	False									
14236	1080.5029	4.307071	salamandrivorans_liq_Developed_vs_spore_Developed	3.118871144738654	0.0168912588932238	False	False	False	False	0.6	True	False									
34768	654.8463	4.148	salamandrivorans_liq_Developed_vs_spore_Developed	3.083218455404446	0.0168912588932238	False	False	False	False	0.6	False	False									
17685	713.3609	1.266533	salamandrivorans_liq_Developed_vs_spore_Developed	1.5558105040307932	0.0169779388662547	False	False	False	False	0.0	True	False									
10887	785.3602	0.591	salamandrivorans_liq_Developed_vs_spore_Developed	5.955264847977919	0.0170620025172946	False	False	False	False	0.6	True	False									
36607	228.2326	4.646919	salamandrivorans_liq_Developed_vs_spore_Developed	3.7446566551208966	0.0171407994625425	False	False	False	False	0.7	True	False									
26440	898.4757	3.478683	salamandrivorans_liq_Developed_vs_spore_Developed	4.074411733309791	0.0171407994625425	False	False	False	False	0.6	False	False									
21534	877.8647	1.232394	salamandrivorans_liq_Developed_vs_spore_Developed	4.030735463153317	0.0171407994625425	False	False	False	False	0.6	True	False									
11705	1058.5312	0.62	salamandrivorans_liq_Developed_vs_spore_Developed	6.012931334591726	0.0171724108878516	False	False	False	False	0.6	True	False									
8173	770.0321	1.8175	salamandrivorans_liq_Developed_vs_spore_Developed	5.864857667411711	0.0171724108878516	False	False	False	False	0.6	True	False									
24642	755.9108	3.921	salamandrivorans_liq_Developed_vs_spore_Developed	3.990531966887762	0.0171724108878516	False	False	False	False	0.6	True	False									
24020	185.1197	1.222097	salamandrivorans_liq_Developed_vs_spore_Developed	3.2614951603145945	0.0171724108878516	False	False	False	False	0.6	True	False									
29934	910.5326	4.268979	salamandrivorans_liq_Developed_vs_spore_Developed	2.7135552276067045	0.0171724108878516	False	False	False	False	0.6	False	False									
20646	381.2222	2.602	salamandrivorans_liq_Developed_vs_spore_Developed	4.332376690030641	0.0171724108878516	False	False	False	False	0.5	True	False									
18025	1035.525	3.499154	salamandrivorans_liq_Developed_vs_spore_Developed	4.12004540794092	0.0171724108878516	False	False	False	False	0.5	True	False									
23570	933.5019	3.517	salamandrivorans_liq_Developed_vs_spore_Developed	4.011724249603993	0.0174048374340991	False	False	False	False	0.6	True	False									
33762	674.3531	4.054423	salamandrivorans_liq_Developed_vs_spore_Developed	2.6094072910507915	0.0174048374340991	False	False	False	False	0.6	True	False									
12100	598.2963	2.165	salamandrivorans_liq_Developed_vs_spore_Developed	6.734028437961019	0.0174048374340991	False	False	False	False	0.4999999999999999	True	False									
18282	792.4984	8.79263	salamandrivorans_liq_Developed_vs_spore_Developed	3.912496889288515	0.0174869934088979	False	False	False	False	0.6000000000000001	True	False									
38325	580.3867	8.294144	salamandrivorans_liq_Developed_vs_spore_Developed	2.387508008427027	0.0175557916544409	False	False	False	False	0.7000000000000001	True	False									
32263	756.9072	4.205	salamandrivorans_liq_Developed_vs_spore_Developed	2.3336284006082253	0.0175557916544409	False	False	False	False	0.6	True	False									
37119	808.4381	4.312894	salamandrivorans_liq_Developed_vs_spore_Developed	2.160600362554049	0.0175557916544409	False	False	False	False	0.6	True	False									
12142	1003.4658	1.467746	salamandrivorans_liq_Developed_vs_spore_Developed	5.956084435628072	0.0175557916544409	False	False	False	False	0.5	True	False									
15423	1552.7257	2.745	salamandrivorans_liq_Developed_vs_spore_Developed	5.738813959402906	0.0175557916544409	False	False	False	False	0.5	False	False									
7608	648.3328	3.277787	salamandrivorans_liq_Developed_vs_spore_Developed	4.676417707395888	0.0175557916544409	False	False	False	False	0.5	True	False									
12459	646.3378	0.713901	salamandrivorans_liq_Developed_vs_spore_Developed	5.301742778029753	0.0176257778106176	False	False	False	False	0.6	True	False									
22087	818.4362	3.563	salamandrivorans_liq_Developed_vs_spore_Developed	4.646057843456879	0.0176257778106176	False	False	False	False	0.6	False	False									
29836	744.3936	4.073526	salamandrivorans_liq_Developed_vs_spore_Developed	4.046398029911342	0.0176257778106176	False	False	False	False	0.6	False	False									
32062	683.8492	4.067341	salamandrivorans_liq_Developed_vs_spore_Developed	2.5317715292173	0.0176257778106176	False	False	False	False	0.6	True	False									
5112	857.4059	1.753	salamandrivorans_liq_Developed_vs_spore_Developed	2.850320812068657	0.0176257778106176	False	False	False	False	0.1	True	False									
21747	153.9393	2.6335	salamandrivorans_liq_Developed_vs_spore_Developed	4.648634285739298	0.0177801087269899	False	False	False	False	0.6	True	False									
3908	406.2305	1.659	salamandrivorans_liq_Developed_vs_spore_Developed	4.827204606151282	0.0178551197827222	False	False	False	False	0.6	True	False									
13656	878.4031	1.707	salamandrivorans_liq_Developed_vs_spore_Developed	5.341091061071726	0.0178551197827222	False	False	False	False	0.5	True	False									
23883	533.2576	0.827	salamandrivorans_liq_Developed_vs_spore_Developed	4.928425800995422	0.0179313824374456	False	False	False	False	0.5	True	False									
20721	491.2521	0.586	salamandrivorans_liq_Developed_vs_spore_Developed	7.6449614496937075	0.0180333238977148	False	False	False	False	0.6	False	False									
13657	1180.5782	3.3155	salamandrivorans_liq_Developed_vs_spore_Developed	5.36945251210569	0.0180333238977148	False	False	False	False	0.6	True	False									
33190	756.4725	4.385874	salamandrivorans_liq_Developed_vs_spore_Developed	2.28927487531249	0.0180333238977148	False	False	False	False	0.6	True	False									
31780	701.3831	4.197	salamandrivorans_liq_Developed_vs_spore_Developed	2.266388148113301	0.0180333238977148	False	False	False	False	0.6	True	False									
20879	394.236	2.01	salamandrivorans_liq_Developed_vs_spore_Developed	4.613155496925864	0.0180333238977148	False	False	False	False	0.5	True	False									
20986	1005.506	3.533	salamandrivorans_liq_Developed_vs_spore_Developed	4.352368505465529	0.0181575729251929	False	False	False	False	0.6	True	False									
20124	923.9706	3.73672	salamandrivorans_liq_Developed_vs_spore_Developed	4.2220848208676	0.0181575729251929	False	False	False	False	0.6	True	False									
24700	270.1816	1.438	salamandrivorans_liq_Developed_vs_spore_Developed	3.7441172550379673	0.0181575729251929	False	False	False	False	0.6	False	False									
31864	574.7925	4.143	salamandrivorans_liq_Developed_vs_spore_Developed	3.078483907217552	0.0181575729251929	False	False	False	False	0.6	True	False									
23678	373.1734	0.582	salamandrivorans_liq_Developed_vs_spore_Developed	5.471936346660152	0.0181575729251929	False	False	False	False	0.5	True	False									
10748	865.386	1.628	salamandrivorans_liq_Developed_vs_spore_Developed	3.02177279223297	0.0181575729251929	False	False	False	False	0.3	True	False									
10057	682.3558	0.920465	salamandrivorans_liq_Developed_vs_spore_Developed	4.715152336665438	0.0181976428478501	False	False	False	False	0.6	False	False									
29955	1137.6232	4.410926	salamandrivorans_liq_Developed_vs_spore_Developed	2.3159588745188744	0.0181976428478501	False	False	False	False	0.6	True	False									
10614	493.2673	2.025	salamandrivorans_liq_Developed_vs_spore_Developed	5.589693150115255	0.0182593051405093	False	False	False	False	0.6	True	False									
16473	381.8473	1.58	salamandrivorans_liq_Developed_vs_spore_Developed	4.631468644217589	0.0182593051405093	False	False	False	False	0.6	True	False									
24618	336.6927	0.582	salamandrivorans_liq_Developed_vs_spore_Developed	2.1360485906650744	0.0182593051405093	False	False	False	False	0.6	True	False									
17193	217.097	0.683371	salamandrivorans_liq_Developed_vs_spore_Developed	4.684391679402597	0.0182593051405093	False	False	False	False	0.5	True	False									
24888	678.3585	4.223	salamandrivorans_liq_Developed_vs_spore_Developed	2.3726730432283256	0.0182962358139542	False	False	False	False	0.6	True	False									
34966	845.3897	4.521591	salamandrivorans_liq_Developed_vs_spore_Developed	2.2059953621173887	0.0182962358139542	False	False	False	False	0.6	True	False									
15269	1088.4978	2.215	salamandrivorans_liq_Developed_vs_spore_Developed	5.78965092801601	0.0182962358139542	False	False	False	False	0.5	True	False									
12558	877.3997	1.707	salamandrivorans_liq_Developed_vs_spore_Developed	5.0744467792609305	0.0182962358139542	False	False	False	False	0.5	True	False									
32719	605.3254	3.6354	salamandrivorans_liq_Developed_vs_spore_Developed	4.116330940366404	0.0182962358139542	False	False	False	False	0.5	True	False									
14216	288.6669	0.5885	salamandrivorans_liq_Developed_vs_spore_Developed	4.643065774156972	0.0183616163339463	False	False	False	False	0.6	True	False									
25012	884.4506	3.654538	salamandrivorans_liq_Developed_vs_spore_Developed	4.6342861175295935	0.0183616163339463	False	False	False	False	0.6	False	False									
28273	676.3519	3.948	salamandrivorans_liq_Developed_vs_spore_Developed	3.406480271114116	0.0183616163339463	False	False	False	False	0.6	True	False									
32323	685.4391	4.0605	salamandrivorans_liq_Developed_vs_spore_Developed	2.8935650726125903	0.0183616163339463	False	False	False	False	0.6	True	False									
5496	1250.6047	2.3405	salamandrivorans_liq_Developed_vs_spore_Developed	6.319314312353391	0.0183820205699038	False	False	False	False	0.6	True	False									
10562	1148.0863	2.54	salamandrivorans_liq_Developed_vs_spore_Developed	5.857705277998863	0.0183820205699038	False	False	False	False	0.6	True	False									
12833	1424.6641	2.326	salamandrivorans_liq_Developed_vs_spore_Developed	5.821601268561444	0.0183820205699038	False	False	False	False	0.6	True	False									
17790	679.3477	2.103	salamandrivorans_liq_Developed_vs_spore_Developed	5.784452934012381	0.0183820205699038	False	False	False	False	0.6	True	False									
15035	1003.9626	1.833	salamandrivorans_liq_Developed_vs_spore_Developed	5.6532647649258445	0.0183820205699038	False	False	False	False	0.6	True	False									
20984	753.394	2.61766	salamandrivorans_liq_Developed_vs_spore_Developed	5.5399599778688415	0.0183820205699038	False	False	False	False	0.6	True	False									
9229	970.4337	0.836	salamandrivorans_liq_Developed_vs_spore_Developed	5.192253621571772	0.0183820205699038	False	False	False	False	0.6	True	False									
23229	1036.5062	1.469	salamandrivorans_liq_Developed_vs_spore_Developed	5.126746561999862	0.0183820205699038	False	False	False	False	0.6	True	False									
17910	836.3714	0.585	salamandrivorans_liq_Developed_vs_spore_Developed	5.0547752908784185	0.0183820205699038	False	False	False	False	0.6	True	False									
10953	595.2826	1.6985	salamandrivorans_liq_Developed_vs_spore_Developed	4.853902965169376	0.0183820205699038	False	False	False	False	0.6	True	False									
25402	762.8572	1.484	salamandrivorans_liq_Developed_vs_spore_Developed	4.5077197671572975	0.0183820205699038	False	False	False	False	0.6	True	False									
22734	678.8862	3.603	salamandrivorans_liq_Developed_vs_spore_Developed	4.271326310539945	0.0183820205699038	False	False	False	False	0.6	True	False									
28737	453.2417	3.817234	salamandrivorans_liq_Developed_vs_spore_Developed	4.134500101027416	0.0183820205699038	False	False	False	False	0.6	True	False									
29896	607.6627	1.30885	salamandrivorans_liq_Developed_vs_spore_Developed	4.050296306068085	0.0183820205699038	False	False	False	False	0.6	True	False									
21696	518.2859	3.89894	salamandrivorans_liq_Developed_vs_spore_Developed	3.693511758692041	0.0183820205699038	False	False	False	False	0.6	False	False									
30238	1450.7632	4.403913	salamandrivorans_liq_Developed_vs_spore_Developed	3.083663124558421	0.0183820205699038	False	False	False	False	0.6	True	False									
29033	672.8536	4.117588	salamandrivorans_liq_Developed_vs_spore_Developed	2.8627422199168926	0.0183820205699038	False	False	False	False	0.6	True	False									
32466	650.373	4.212	salamandrivorans_liq_Developed_vs_spore_Developed	2.0648578692381045	0.0183820205699038	False	False	False	False	0.6	False	False									
10386	883.4546	1.9889	salamandrivorans_liq_Developed_vs_spore_Developed	5.963476091355916	0.0183820205699038	False	False	False	False	0.5	True	False									
8493	1251.5936	2.326	salamandrivorans_liq_Developed_vs_spore_Developed	5.775746632376017	0.0183820205699038	False	False	False	False	0.5	True	False									
13708	848.3905	2.523	salamandrivorans_liq_Developed_vs_spore_Developed	5.567711278249174	0.0183820205699038	False	False	False	False	0.5	True	False									
7885	849.2858	0.6015	salamandrivorans_liq_Developed_vs_spore_Developed	6.5652640084758325	0.0184097997841232	False	False	False	False	0.6	True	False									
20561	814.4503	2.764	salamandrivorans_liq_Developed_vs_spore_Developed	4.598754109197083	0.0184097997841232	False	False	False	False	0.6	True	False									
26761	658.3503	3.524	salamandrivorans_liq_Developed_vs_spore_Developed	3.973960605605418	0.0184097997841232	False	False	False	False	0.6	True	False									
28020	326.2122	4.230954	salamandrivorans_liq_Developed_vs_spore_Developed	2.1405133607061235	0.0184097997841232	False	False	False	False	0.6	False	False									
13815	786.3347	2.569296	salamandrivorans_liq_Developed_vs_spore_Developed	6.171744845446521	0.0184097997841232	False	False	False	False	0.5	False	False									
17495	577.3094	1.565	salamandrivorans_liq_Zoospore_vs_spore_Zoospore	10.289343683627967	0.0184275356233028	False	False	False	False	1.0	True	False									
3369	998.4514	2.259168	salamandrivorans_liq_Zoospore_vs_spore_Zoospore	8.479940597737592	0.0184275356233028	False	False	False	False	1.0	True	False									
3806	730.8935	3.095462	salamandrivorans_liq_Zoospore_vs_spore_Zoospore	8.20655879713295	0.0184275356233028	False	False	False	False	1.0	False	False									
2201	270.821	1.659	salamandrivorans_liq_Zoospore_vs_spore_Zoospore	7.798274052661221	0.0184275356233028	False	False	False	False	1.0	True	False									
8101	855.453	1.6285	salamandrivorans_liq_Zoospore_vs_spore_Zoospore	7.665683199296648	0.0184275356233028	False	False	False	False	1.0	True	False									
5479	1206.1461	4.404263	salamandrivorans_liq_Zoospore_vs_spore_Zoospore	7.661243218525234	0.0184275356233028	False	False	False	False	1.0	True	False									
6419	955.4917	2.04	salamandrivorans_liq_Zoospore_vs_spore_Zoospore	7.607044387269164	0.0184275356233028	False	False	False	False	1.0	False	False									
4989	485.9818	1.88	salamandrivorans_liq_Zoospore_vs_spore_Zoospore	7.580184507125976	0.0184275356233028	False	False	False	False	1.0	False	False									
7473	780.4222	2.2905	salamandrivorans_liq_Zoospore_vs_spore_Zoospore	7.452754719941944	0.0184275356233028	False	False	False	False	1.0	True	False									
5490	914.9692	3.517	salamandrivorans_liq_Zoospore_vs_spore_Zoospore	7.44601757426946	0.0184275356233028	False	False	False	False	1.0	True	False									
4038	392.7268	0.60025	salamandrivorans_liq_Zoospore_vs_spore_Zoospore	7.402310206380913	0.0184275356233028	False	False	False	False	1.0	True	False									
7575	806.4152	2.134	salamandrivorans_liq_Zoospore_vs_spore_Zoospore	7.325818988197208	0.0184275356233028	False	False	False	False	1.0	True	False									
6682	1064.5533	1.42	salamandrivorans_liq_Zoospore_vs_spore_Zoospore	7.269762980711406	0.0184275356233028	False	False	False	False	1.0	True	False									
6172	1099.8817	2.924	salamandrivorans_liq_Zoospore_vs_spore_Zoospore	7.2325930593134595	0.0184275356233028	False	False	False	False	1.0	False	False									
9770	1187.576	2.68	salamandrivorans_liq_Zoospore_vs_spore_Zoospore	7.195251068428593	0.0184275356233028	False	False	False	False	1.0	False	False									
6507	448.2227	1.753	salamandrivorans_liq_Zoospore_vs_spore_Zoospore	7.18928949147671	0.0184275356233028	False	False	False	False	1.0	True	False									
36423	822.4286	1.883	salamandrivorans_liq_Zoospore_vs_spore_Zoospore	7.16378679107642	0.0184275356233028	False	False	False	False	1.0	True	False									
6850	1305.593	2.211	salamandrivorans_liq_Zoospore_vs_spore_Zoospore	7.102782596585363	0.0184275356233028	False	False	False	False	1.0	False	False									
8849	1349.6672	3.347	salamandrivorans_liq_Zoospore_vs_spore_Zoospore	7.050310955578039	0.0184275356233028	False	False	False	False	1.0	True	False									
8845	596.3434	2.127833	salamandrivorans_liq_Zoospore_vs_spore_Zoospore	7.033345054135382	0.0184275356233028	False	False	False	False	1.0	True	False									
8091	956.5078	3.243	salamandrivorans_liq_Zoospore_vs_spore_Zoospore	6.9541803767605	0.0184275356233028	False	False	False	False	1.0	True	False									
7064	825.0765	2.476	salamandrivorans_liq_Zoospore_vs_spore_Zoospore	6.900437350078702	0.0184275356233028	False	False	False	False	1.0	False	False									
11749	866.4467	2.54	salamandrivorans_liq_Zoospore_vs_spore_Zoospore	6.883163874899013	0.0184275356233028	False	False	False	False	1.0	False	False									
14083	1062.0557	2.539	salamandrivorans_liq_Zoospore_vs_spore_Zoospore	6.875970242947171	0.0184275356233028	False	False	False	False	1.0	False	False									
9178	410.2166	1.516	salamandrivorans_liq_Zoospore_vs_spore_Zoospore	6.839485147367666	0.0184275356233028	False	False	False	False	1.0	True	False									
8160	496.2676	2.229	salamandrivorans_liq_Zoospore_vs_spore_Zoospore	6.837390808970024	0.0184275356233028	False	False	False	False	1.0	False	False									
9023	857.8956	3.552	salamandrivorans_liq_Zoospore_vs_spore_Zoospore	6.835039831165174	0.0184275356233028	False	False	False	False	1.0	False	False									
8419	519.256	2.118	salamandrivorans_liq_Zoospore_vs_spore_Zoospore	6.825069355152046	0.0184275356233028	False	False	False	False	1.0	True	False									
5101	701.356	0.585	salamandrivorans_liq_Zoospore_vs_spore_Zoospore	6.774972256078513	0.0184275356233028	False	False	False	False	1.0	True	False									
7995	502.232	0.923	salamandrivorans_liq_Zoospore_vs_spore_Zoospore	6.758486187326093	0.0184275356233028	False	False	False	False	1.0	True	False									
14289	738.856	1.548	salamandrivorans_liq_Zoospore_vs_spore_Zoospore	6.756343663379927	0.0184275356233028	False	False	False	False	1.0	True	False									
6498	634.3217	0.994614	salamandrivorans_liq_Zoospore_vs_spore_Zoospore	6.75107816610092	0.0184275356233028	False	False	False	False	1.0	True	False									
6205	733.3567	1.912	salamandrivorans_liq_Zoospore_vs_spore_Zoospore	6.748515020234193	0.0184275356233028	False	False	False	False	1.0	True	False									
11736	871.4489	2.358	salamandrivorans_liq_Zoospore_vs_spore_Zoospore	6.7296934831867325	0.0184275356233028	False	False	False	False	1.0	False	False									
8586	337.6971	2.008	salamandrivorans_liq_Zoospore_vs_spore_Zoospore	6.690327534001619	0.0184275356233028	False	False	False	False	1.0	True	False									
14930	945.4524	1.8095	salamandrivorans_liq_Zoospore_vs_spore_Zoospore	6.66188138030272	0.0184275356233028	False	False	False	False	1.0	True	False									
10128	870.4373	1.256946	salamandrivorans_liq_Zoospore_vs_spore_Zoospore	6.660049847420403	0.0184275356233028	False	False	False	False	1.0	False	False									
8933	959.9665	2.603	salamandrivorans_liq_Zoospore_vs_spore_Zoospore	6.641907774863895	0.0184275356233028	False	False	False	False	1.0	False	False									
9130	481.7332	1.659	salamandrivorans_liq_Zoospore_vs_spore_Zoospore	6.639456487275178	0.0184275356233028	False	False	False	False	1.0	False	False									
11555	1078.0425	3.185496	salamandrivorans_liq_Zoospore_vs_spore_Zoospore	6.601581095001562	0.0184275356233028	False	False	False	False	1.0	True	False									
16577	1241.6526	3.106955	salamandrivorans_liq_Zoospore_vs_spore_Zoospore	6.60140288726988	0.0184275356233028	False	False	False	False	1.0	False	False									
10394	822.8858	2.793	salamandrivorans_liq_Zoospore_vs_spore_Zoospore	6.596548050081624	0.0184275356233028	False	False	False	False	1.0	True	False									
14240	868.917	2.033	salamandrivorans_liq_Zoospore_vs_spore_Zoospore	6.5918368359083575	0.0184275356233028	False	False	False	False	1.0	True	False									
18294	698.8594	3.021215	salamandrivorans_liq_Zoospore_vs_spore_Zoospore	6.590651525024465	0.0184275356233028	False	False	False	False	1.0	False	False									
10728	667.355	1.659	salamandrivorans_liq_Zoospore_vs_spore_Zoospore	6.582151843919543	0.0184275356233028	False	False	False	False	1.0	False	False									
11519	921.4462	2.906231	salamandrivorans_liq_Zoospore_vs_spore_Zoospore	6.579407268106442	0.0184275356233028	False	False	False	False	1.0	True	False									
9851	442.7337	1.01171	salamandrivorans_liq_Zoospore_vs_spore_Zoospore	6.553033026276319	0.0184275356233028	False	False	False	False	1.0	False	False									
12618	701.3298	1.7065	salamandrivorans_liq_Zoospore_vs_spore_Zoospore	6.545633032538035	0.0184275356233028	False	False	False	False	1.0	True	False									
9556	1028.9979	2.922376	salamandrivorans_liq_Zoospore_vs_spore_Zoospore	6.495115206952872	0.0184275356233028	False	False	False	False	1.0	True	False									
12816	823.3862	2.808	salamandrivorans_liq_Zoospore_vs_spore_Zoospore	6.484703459944253	0.0184275356233028	False	False	False	False	1.0	True	False									
12845	494.6049	2.359	salamandrivorans_liq_Zoospore_vs_spore_Zoospore	6.452117443308344	0.0184275356233028	False	False	False	False	1.0	True	False									
11268	838.4203	2.507	salamandrivorans_liq_Zoospore_vs_spore_Zoospore	6.385265727986256	0.0184275356233028	False	False	False	False	1.0	True	False									
8458	321.1752	1.644	salamandrivorans_liq_Zoospore_vs_spore_Zoospore	6.375456202507926	0.0184275356233028	False	False	False	False	1.0	False	False									
12547	738.848	1.573	salamandrivorans_liq_Zoospore_vs_spore_Zoospore	6.331609345992423	0.0184275356233028	False	False	False	False	1.0	True	False									
8752	941.936	2.181	salamandrivorans_liq_Zoospore_vs_spore_Zoospore	6.329417784619953	0.0184275356233028	False	False	False	False	1.0	True	False									
9423	1107.3926	2.903716	salamandrivorans_liq_Zoospore_vs_spore_Zoospore	6.318757362616587	0.0184275356233028	False	False	False	False	1.0	False	False									
19342	868.4311	1.565	salamandrivorans_liq_Zoospore_vs_spore_Zoospore	6.31832705430609	0.0184275356233028	False	False	False	False	1.0	False	False									
17228	585.2512	0.604	salamandrivorans_liq_Zoospore_vs_spore_Zoospore	6.312598265632774	0.0184275356233028	False	False	False	False	1.0	True	False									
13495	611.32	2.860289	salamandrivorans_liq_Zoospore_vs_spore_Zoospore	6.296754021705694	0.0184275356233028	False	False	False	False	1.0	True	False									
7932	453.2337	2.088	salamandrivorans_liq_Zoospore_vs_spore_Zoospore	6.284191543401774	0.0184275356233028	False	False	False	False	1.0	True	False									
7150	610.7903	2.088857	salamandrivorans_liq_Zoospore_vs_spore_Zoospore	6.283136074140966	0.0184275356233028	False	False	False	False	1.0	True	False									
8144	393.2253	0.59125	salamandrivorans_liq_Zoospore_vs_spore_Zoospore	6.242508394406696	0.0184275356233028	False	False	False	False	1.0	False	False									
17220	1199.5801	2.31	salamandrivorans_liq_Zoospore_vs_spore_Zoospore	6.235970909748305	0.0184275356233028	False	False	False	False	1.0	True	False									
17226	367.2155	0.909444	salamandrivorans_liq_Zoospore_vs_spore_Zoospore	6.228567053981767	0.0184275356233028	False	False	False	False	1.0	False	False									
20045	387.2256	1.218497	salamandrivorans_liq_Zoospore_vs_spore_Zoospore	6.223627147168869	0.0184275356233028	False	False	False	False	1.0	True	False									
17086	646.3339	1.989	salamandrivorans_liq_Zoospore_vs_spore_Zoospore	6.221753642057792	0.0184275356233028	False	False	False	False	1.0	True	False									
22447	399.2618	2.596154	salamandrivorans_liq_Zoospore_vs_spore_Zoospore	6.221122013626374	0.0184275356233028	False	False	False	False	1.0	True	False									
10921	1051.5157	1.769	salamandrivorans_liq_Zoospore_vs_spore_Zoospore	6.2156445172669255	0.0184275356233028	False	False	False	False	1.0	False	False									
28968	1449.7416	4.412318	salamandrivorans_liq_Zoospore_vs_spore_Zoospore	6.198709926232629	0.0184275356233028	False	False	False	False	1.0	True	False									
9155	448.5561	1.738	salamandrivorans_liq_Zoospore_vs_spore_Zoospore	6.196916136676444	0.0184275356233028	False	False	False	False	1.0	False	False									
12694	579.6247	1.5945	salamandrivorans_liq_Zoospore_vs_spore_Zoospore	6.196796061664123	0.0184275356233028	False	False	False	False	1.0	False	False									
18227	1061.5442	2.555	salamandrivorans_liq_Zoospore_vs_spore_Zoospore	6.190939896938492	0.0184275356233028	False	False	False	False	1.0	False	False									
9190	953.9425	2.196	salamandrivorans_liq_Zoospore_vs_spore_Zoospore	6.173512742382551	0.0184275356233028	False	False	False	False	1.0	True	False									
13642	898.9841	3.571	salamandrivorans_liq_Zoospore_vs_spore_Zoospore	6.155679741960342	0.0184275356233028	False	False	False	False	1.0	True	False									
7926	271.155	1.659	salamandrivorans_liq_Zoospore_vs_spore_Zoospore	6.150778430141722	0.0184275356233028	False	False	False	False	1.0	True	False									
15123	1045.5059	2.5785	salamandrivorans_liq_Zoospore_vs_spore_Zoospore	6.144858630407335	0.0184275356233028	False	False	False	False	1.0	True	False									
18875	544.2881	2.165	salamandrivorans_liq_Zoospore_vs_spore_Zoospore	6.1209401459820665	0.0184275356233028	False	False	False	False	1.0	True	False									
14043	911.4656	1.565	salamandrivorans_liq_Zoospore_vs_spore_Zoospore	6.1014112975387	0.0184275356233028	False	False	False	False	1.0	False	False									
11846	462.7328	2.630687	salamandrivorans_liq_Zoospore_vs_spore_Zoospore	6.100764265551569	0.0184275356233028	False	False	False	False	1.0	True	False									
14073	983.4368	0.836964	salamandrivorans_liq_Zoospore_vs_spore_Zoospore	6.097632892420752	0.0184275356233028	False	False	False	False	1.0	False	False									
10940	422.2052	0.635	salamandrivorans_liq_Zoospore_vs_spore_Zoospore	6.080700470986918	0.0184275356233028	False	False	False	False	1.0	True	False									
12723	813.437	2.746	salamandrivorans_liq_Zoospore_vs_spore_Zoospore	6.060146037455642	0.0184275356233028	False	False	False	False	1.0	True	False									
13291	496.765	2.23	salamandrivorans_liq_Zoospore_vs_spore_Zoospore	6.052080302332779	0.0184275356233028	False	False	False	False	1.0	False	False									
36974	459.2545	1.484138	salamandrivorans_liq_Zoospore_vs_spore_Zoospore	6.038586226905869	0.0184275356233028	False	False	False	False	1.0	False	False									
12112	365.7083	2.3495	salamandrivorans_liq_Zoospore_vs_spore_Zoospore	6.018703573178935	0.0184275356233028	False	False	False	False	1.0	True	False									
11560	737.9344	3.556	salamandrivorans_liq_Zoospore_vs_spore_Zoospore	6.017161622020576	0.0184275356233028	False	False	False	False	1.0	True	False									
8808	331.1762	0.866281	salamandrivorans_liq_Zoospore_vs_spore_Zoospore	6.002240290375712	0.0184275356233028	False	False	False	False	1.0	True	False									
19862	619.8343	2.858558	salamandrivorans_liq_Zoospore_vs_spore_Zoospore	5.9915346135792165	0.0184275356233028	False	False	False	False	1.0	True	False									
17579	948.478	3.035554	salamandrivorans_liq_Zoospore_vs_spore_Zoospore	5.987981053567727	0.0184275356233028	False	False	False	False	1.0	True	False									
22776	742.4142	2.635	salamandrivorans_liq_Zoospore_vs_spore_Zoospore	5.968251146604945	0.0184275356233028	False	False	False	False	1.0	True	False									
13524	381.1869	0.58299	salamandrivorans_liq_Zoospore_vs_spore_Zoospore	5.967067187154362	0.0184275356233028	False	False	False	False	1.0	True	False									
12105	949.0455	3.86	salamandrivorans_liq_Zoospore_vs_spore_Zoospore	5.939828650629513	0.0184275356233028	False	False	False	False	1.0	True	False									
12517	920.9434	2.916739	salamandrivorans_liq_Zoospore_vs_spore_Zoospore	5.938106667646276	0.0184275356233028	False	False	False	False	1.0	False	False									
15110	466.203	2.318416	salamandrivorans_liq_Zoospore_vs_spore_Zoospore	5.935384461723275	0.0184275356233028	False	False	False	False	1.0	False	False									
13459	870.4277	1.194982	salamandrivorans_liq_Zoospore_vs_spore_Zoospore	5.93350519091591	0.0184275356233028	False	False	False	False	1.0	False	False									
11397	970.9963	3.099493	salamandrivorans_liq_Zoospore_vs_spore_Zoospore	5.914083836791624	0.0184275356233028	False	False	False	False	1.0	False	False									
14179	675.8389	3.368671	salamandrivorans_liq_Zoospore_vs_spore_Zoospore	5.913299942146772	0.0184275356233028	False	False	False	False	1.0	True	False									
12209	471.9068	1.469758	salamandrivorans_liq_Zoospore_vs_spore_Zoospore	5.912132839913478	0.0184275356233028	False	False	False	False	1.0	True	False									
11803	306.1664	0.587	salamandrivorans_liq_Zoospore_vs_spore_Zoospore	5.891896042542767	0.0184275356233028	False	False	False	False	1.0	False	False									
15085	862.9105	1.738	salamandrivorans_liq_Zoospore_vs_spore_Zoospore	5.879344886612783	0.0184275356233028	False	False	False	False	1.0	False	False									
18271	1077.5322	1.753	salamandrivorans_liq_Zoospore_vs_spore_Zoospore	5.860690882898532	0.0184275356233028	False	False	False	False	1.0	True	False									
11655	421.2071	2.025	salamandrivorans_liq_Zoospore_vs_spore_Zoospore	5.847248608151873	0.0184275356233028	False	False	False	False	1.0	True	False									
10239	657.3748	2.5635	salamandrivorans_liq_Zoospore_vs_spore_Zoospore	5.8346150552133285	0.0184275356233028	False	False	False	False	1.0	True	False									
22246	481.2411	1.123056	salamandrivorans_liq_Zoospore_vs_spore_Zoospore	5.831818567005977	0.0184275356233028	False	False	False	False	1.0	False	False									
20110	651.312	1.684	salamandrivorans_liq_Zoospore_vs_spore_Zoospore	5.822726577923307	0.0184275356233028	False	False	False	False	1.0	False	False									
20652	546.6199	1.548	salamandrivorans_liq_Zoospore_vs_spore_Zoospore	5.817768955177817	0.0184275356233028	False	False	False	False	1.0	True	False									
11831	659.378	2.884125	salamandrivorans_liq_Zoospore_vs_spore_Zoospore	5.8053431507334174	0.0184275356233028	False	False	False	False	1.0	True	False									
16428	862.4066	1.9045	salamandrivorans_liq_Zoospore_vs_spore_Zoospore	5.804037534563251	0.0184275356233028	False	False	False	False	1.0	True	False									
16875	871.4378	1.244181	salamandrivorans_liq_Zoospore_vs_spore_Zoospore	5.79621643806827	0.0184275356233028	False	False	False	False	1.0	False	False									
17084	968.4843	2.762	salamandrivorans_liq_Zoospore_vs_spore_Zoospore	5.789620847956464	0.0184275356233028	False	False	False	False	1.0	True	False									
23486	567.291	1.856	salamandrivorans_liq_Zoospore_vs_spore_Zoospore	5.789587360772625	0.0184275356233028	False	False	False	False	1.0	False	False									
17768	824.393	2.7785	salamandrivorans_liq_Zoospore_vs_spore_Zoospore	5.786671950640392	0.0184275356233028	False	False	False	False	1.0	False	False									
9453	414.4669	1.485822	salamandrivorans_liq_Zoospore_vs_spore_Zoospore	5.7836643386807	0.0184275356233028	False	False	False	False	1.0	True	False									
15279	1015.5286	3.208964	salamandrivorans_liq_Zoospore_vs_spore_Zoospore	5.77641794081853	0.0184275356233028	False	False	False	False	1.0	True	False									
19205	497.2798	1.563	salamandrivorans_liq_Zoospore_vs_spore_Zoospore	5.769650693960171	0.0184275356233028	False	False	False	False	1.0	True	False									
26838	755.3593	1.638	salamandrivorans_liq_Zoospore_vs_spore_Zoospore	5.759089562181565	0.0184275356233028	False	False	False	False	1.0	True	False									
12514	345.2132	0.613	salamandrivorans_liq_Zoospore_vs_spore_Zoospore	5.754188618447933	0.0184275356233028	False	False	False	False	1.0	False	False									
10960	576.2907	1.102638	salamandrivorans_liq_Zoospore_vs_spore_Zoospore	5.74805472759758	0.0184275356233028	False	False	False	False	1.0	True	False									
20324	700.2746	0.96297	salamandrivorans_liq_Zoospore_vs_spore_Zoospore	5.731387837933264	0.0184275356233028	False	False	False	False	1.0	True	False									
19534	1167.5302	1.742	salamandrivorans_liq_Zoospore_vs_spore_Zoospore	5.723459431820212	0.0184275356233028	False	False	False	False	1.0	True	False									
14938	739.3394	1.549	salamandrivorans_liq_Zoospore_vs_spore_Zoospore	5.702880107302877	0.0184275356233028	False	False	False	False	1.0	True	False									
15960	1266.6554	4.571252	salamandrivorans_liq_Zoospore_vs_spore_Zoospore	5.699341467964133	0.0184275356233028	False	False	False	False	1.0	True	False									
10994	199.114	0.603	salamandrivorans_liq_Zoospore_vs_spore_Zoospore	5.6890221504577365	0.0184275356233028	False	False	False	False	1.0	True	False									
16452	984.4451	0.827	salamandrivorans_liq_Zoospore_vs_spore_Zoospore	5.664440136622932	0.0184275356233028	False	False	False	False	1.0	True	False									
19102	967.9727	2.777	salamandrivorans_liq_Zoospore_vs_spore_Zoospore	5.66430683531595	0.0184275356233028	False	False	False	False	1.0	True	False									
11901	442.7341	1.212123	salamandrivorans_liq_Zoospore_vs_spore_Zoospore	5.640728538343596	0.0184275356233028	False	False	False	False	1.0	True	False									
10610	449.7426	1.5325	salamandrivorans_liq_Zoospore_vs_spore_Zoospore	5.631188813413022	0.0184275356233028	False	False	False	False	1.0	True	False									
15969	863.4045	1.737	salamandrivorans_liq_Zoospore_vs_spore_Zoospore	5.580990274437109	0.0184275356233028	False	False	False	False	1.0	True	False									
16159	385.221	0.666525	salamandrivorans_liq_Zoospore_vs_spore_Zoospore	5.565813360204591	0.0184275356233028	False	False	False	False	1.0	False	False									
16703	599.3063	1.811	salamandrivorans_liq_Zoospore_vs_spore_Zoospore	5.561662568040279	0.0184275356233028	False	False	False	False	1.0	True	False									
32408	861.3706	0.874	salamandrivorans_liq_Zoospore_vs_spore_Zoospore	5.561105520827773	0.0184275356233028	False	False	False	False	1.0	False	False									
12026	983.4365	0.910454	salamandrivorans_liq_Zoospore_vs_spore_Zoospore	5.550190866623934	0.0184275356233028	False	False	False	False	1.0	True	False									
20286	462.2323	1.491825	salamandrivorans_liq_Zoospore_vs_spore_Zoospore	5.548294616601279	0.0184275356233028	False	False	False	False	1.0	False	False									
21126	792.3636	1.78175	salamandrivorans_liq_Zoospore_vs_spore_Zoospore	5.5340645528364165	0.0184275356233028	False	False	False	False	1.0	True	False									
17227	678.8864	3.508	salamandrivorans_liq_Zoospore_vs_spore_Zoospore	5.53267502935701	0.0184275356233028	False	False	False	False	1.0	False	False									
11432	618.8619	2.640066	salamandrivorans_liq_Zoospore_vs_spore_Zoospore	5.517411732753073	0.0184275356233028	False	False	False	False	1.0	False	False									
20416	439.2386	0.845	salamandrivorans_liq_Zoospore_vs_spore_Zoospore	5.511665105938097	0.0184275356233028	False	False	False	False	1.0	True	False									
23129	302.1515	2.450429	salamandrivorans_liq_Zoospore_vs_spore_Zoospore	5.502729273121908	0.0184275356233028	False	False	False	False	1.0	False	False									
7308	489.9835	1.579	salamandrivorans_liq_Zoospore_vs_spore_Zoospore	5.492551978713063	0.0184275356233028	False	False	False	False	1.0	True	False									
35313	360.1504	1.733	salamandrivorans_liq_Zoospore_vs_spore_Zoospore	5.483758309447827	0.0184275356233028	False	False	False	False	1.0	False	False									
17488	453.2467	0.711141	salamandrivorans_liq_Zoospore_vs_spore_Zoospore	5.480750987715609	0.0184275356233028	False	False	False	False	1.0	False	False									
21215	731.3628	3.555	salamandrivorans_liq_Zoospore_vs_spore_Zoospore	5.461389993102637	0.0184275356233028	False	False	False	False	1.0	True	False									
18217	433.2458	2.9485	salamandrivorans_liq_Zoospore_vs_spore_Zoospore	5.451441204408048	0.0184275356233028	False	False	False	False	1.0	False	False									
26221	416.2545	1.8685	salamandrivorans_liq_Zoospore_vs_spore_Zoospore	5.434185655064123	0.0184275356233028	False	False	False	False	1.0	False	False									
23270	584.3049	1.261639	salamandrivorans_liq_Zoospore_vs_spore_Zoospore	5.4168446982233815	0.0184275356233028	False	False	False	False	1.0	True	False									
9793	603.2772	1.349859	salamandrivorans_liq_Zoospore_vs_spore_Zoospore	5.39997778384915	0.0184275356233028	False	False	False	False	1.0	False	False									
16598	398.7022	0.6485	salamandrivorans_liq_Zoospore_vs_spore_Zoospore	5.368527988386977	0.0184275356233028	False	False	False	False	1.0	True	False									
15797	455.738	0.814498	salamandrivorans_liq_Zoospore_vs_spore_Zoospore	5.35793637209773	0.0184275356233028	False	False	False	False	1.0	False	False									
20716	424.1826	0.92052	salamandrivorans_liq_Zoospore_vs_spore_Zoospore	5.3567590985892615	0.0184275356233028	False	False	False	False	1.0	True	False									
17434	306.6776	0.767	salamandrivorans_liq_Zoospore_vs_spore_Zoospore	5.35668215982999	0.0184275356233028	False	False	False	False	1.0	False	False									
14439	543.7827	2.794	salamandrivorans_liq_Zoospore_vs_spore_Zoospore	5.328081180520938	0.0184275356233028	False	False	False	False	1.0	True	False									
20206	299.6934	0.59825	salamandrivorans_liq_Zoospore_vs_spore_Zoospore	5.327701200555398	0.0184275356233028	False	False	False	False	1.0	True	False									
15183	736.3375	1.329871	salamandrivorans_liq_Zoospore_vs_spore_Zoospore	5.322106850094868	0.0184275356233028	False	False	False	False	1.0	True	False									
20933	1216.6294	4.411625	salamandrivorans_liq_Zoospore_vs_spore_Zoospore	5.311024179132144	0.0184275356233028	False	False	False	False	1.0	True	False									
18505	846.9012	1.928	salamandrivorans_liq_Zoospore_vs_spore_Zoospore	5.30728837673303	0.0184275356233028	False	False	False	False	1.0	False	False									
14966	514.8179	2.793	salamandrivorans_liq_Zoospore_vs_spore_Zoospore	5.294148684945998	0.0184275356233028	False	False	False	False	1.0	True	False									
19683	338.1355	0.781212	salamandrivorans_liq_Zoospore_vs_spore_Zoospore	5.272209997470588	0.0184275356233028	False	False	False	False	1.0	True	False									
20430	1004.4634	0.875362	salamandrivorans_liq_Zoospore_vs_spore_Zoospore	5.2570517311212	0.0184275356233028	False	False	False	False	1.0	False	False									
14183	548.8204	3.052	salamandrivorans_liq_Zoospore_vs_spore_Zoospore	5.252578863960725	0.0184275356233028	False	False	False	False	1.0	False	False									
25725	939.9326	1.833	salamandrivorans_liq_Zoospore_vs_spore_Zoospore	5.245044302271864	0.0184275356233028	False	False	False	False	1.0	True	False									
19817	744.452	4.095775	salamandrivorans_liq_Zoospore_vs_spore_Zoospore	5.231212514151202	0.0184275356233028	False	False	False	False	1.0	True	False									
10317	405.5587	2.470242	salamandrivorans_liq_Zoospore_vs_spore_Zoospore	5.225630490377234	0.0184275356233028	False	False	False	False	1.0	True	False									
18954	731.9029	2.842597	salamandrivorans_liq_Zoospore_vs_spore_Zoospore	5.213387331905913	0.0184275356233028	False	False	False	False	1.0	True	False									
16383	456.2499	2.039	salamandrivorans_liq_Zoospore_vs_spore_Zoospore	5.209379382463566	0.0184275356233028	False	False	False	False	1.0	False	False									
19827	604.2853	1.276595	salamandrivorans_liq_Zoospore_vs_spore_Zoospore	5.208001885039911	0.0184275356233028	False	False	False	False	1.0	True	False									
6749	463.2481	0.761	salamandrivorans_liq_Zoospore_vs_spore_Zoospore	5.206389938276736	0.0184275356233028	False	False	False	False	1.0	True	False									
11912	297.1267	2.148	salamandrivorans_liq_Zoospore_vs_spore_Zoospore	5.189992517510804	0.0184275356233028	False	False	False	False	1.0	False	False									
18962	808.7541	2.716	salamandrivorans_liq_Zoospore_vs_spore_Zoospore	5.18301823050631	0.0184275356233028	False	False	False	False	1.0	False	False									
25324	1105.6324	4.685196	salamandrivorans_liq_Zoospore_vs_spore_Zoospore	5.177488636336598	0.0184275356233028	False	False	False	False	1.0	False	False									
20505	316.2029	0.59525	salamandrivorans_liq_Zoospore_vs_spore_Zoospore	5.149213964312882	0.0184275356233028	False	False	False	False	1.0	True	False									
19491	505.7549	3.155	salamandrivorans_liq_Zoospore_vs_spore_Zoospore	5.135802038118897	0.0184275356233028	False	False	False	False	1.0	False	False									
10575	479.2483	2.237292	salamandrivorans_liq_Zoospore_vs_spore_Zoospore	5.129187862890877	0.0184275356233028	False	False	False	False	1.0	True	False									
18122	1256.1598	4.658017	salamandrivorans_liq_Zoospore_vs_spore_Zoospore	5.109955322211389	0.0184275356233028	False	False	False	False	1.0	False	False									
31549	721.3627	1.742964	salamandrivorans_liq_Zoospore_vs_spore_Zoospore	5.109407568673263	0.0184275356233028	False	False	False	False	1.0	True	False									
16688	484.7489	0.792	salamandrivorans_liq_Zoospore_vs_spore_Zoospore	5.098941594004131	0.0184275356233028	False	False	False	False	1.0	True	False									
22178	997.0358	4.2335	salamandrivorans_liq_Zoospore_vs_spore_Zoospore	5.096031063841827	0.0184275356233028	False	False	False	False	1.0	True	False									
25584	816.3778	1.040263	salamandrivorans_liq_Zoospore_vs_spore_Zoospore	5.08719738903485	0.0184275356233028	False	False	False	False	1.0	True	False									
25752	730.4077	2.514633	salamandrivorans_liq_Zoospore_vs_spore_Zoospore	5.0868367525044285	0.0184275356233028	False	False	False	False	1.0	True	False									
21115	694.313	4.06767	salamandrivorans_liq_Zoospore_vs_spore_Zoospore	5.069628474845263	0.0184275356233028	False	False	False	False	1.0	True	False									
22635	1307.2223	4.673493	salamandrivorans_liq_Zoospore_vs_spore_Zoospore	5.067475913140256	0.0184275356233028	False	False	False	False	1.0	True	False									
19635	350.1729	1.937922	salamandrivorans_liq_Zoospore_vs_spore_Zoospore	5.06217550222347	0.0184275356233028	False	False	False	False	1.0	False	False									
17968	391.2132	0.650937	salamandrivorans_liq_Zoospore_vs_spore_Zoospore	5.0528329510418	0.0184275356233028	False	False	False	False	1.0	True	False									
22912	1258.1927	4.42161	salamandrivorans_liq_Zoospore_vs_spore_Zoospore	5.021649377195316	0.0184275356233028	False	False	False	False	1.0	True	False									
25341	1131.5817	4.63478	salamandrivorans_liq_Zoospore_vs_spore_Zoospore	5.011587240399196	0.0184275356233028	False	False	False	False	1.0	False	False									
19693	906.9904	3.64702	salamandrivorans_liq_Zoospore_vs_spore_Zoospore	5.002103011784657	0.0184275356233028	False	False	False	False	1.0	True	False									
22625	409.2086	0.701	salamandrivorans_liq_Zoospore_vs_spore_Zoospore	5.000208963311374	0.0184275356233028	False	False	False	False	1.0	False	False									
30834	219.135	0.968	salamandrivorans_liq_Zoospore_vs_spore_Zoospore	5.000202493935194	0.0184275356233028	False	False	False	False	1.0	False	False									
38515	811.0641	2.248	salamandrivorans_liq_Zoospore_vs_spore_Zoospore	4.979518589448292	0.0184275356233028	False	False	False	False	1.0	False	False									
22461	769.3633	0.783	salamandrivorans_liq_Zoospore_vs_spore_Zoospore	4.972998458834353	0.0184275356233028	False	False	False	False	1.0	True	False									
17599	830.4398	2.911478	salamandrivorans_liq_Zoospore_vs_spore_Zoospore	4.968176831671682	0.0184275356233028	False	False	False	False	1.0	False	False									
20335	670.8633	3.637429	salamandrivorans_liq_Zoospore_vs_spore_Zoospore	4.935041648913828	0.0184275356233028	False	False	False	False	1.0	False	False									
25208	258.1326	1.11	salamandrivorans_liq_Zoospore_vs_spore_Zoospore	4.918685580017685	0.0184275356233028	False	False	False	False	1.0	True	False									
24936	1267.668	4.561644	salamandrivorans_liq_Zoospore_vs_spore_Zoospore	4.878190175737935	0.0184275356233028	False	False	False	False	1.0	True	False									
31056	1205.6366	4.497	salamandrivorans_liq_Zoospore_vs_spore_Zoospore	4.877264904477216	0.0184275356233028	False	False	False	False	1.0	True	False									
9657	635.3174	1.516	salamandrivorans_liq_Zoospore_vs_spore_Zoospore	4.868948278744629	0.0184275356233028	False	False	False	False	1.0	True	False									
10661	627.8072	0.574599	salamandrivorans_liq_Zoospore_vs_spore_Zoospore	4.858951246707156	0.0184275356233028	False	False	False	False	1.0	False	False									
22037	1070.4551	0.760791	salamandrivorans_liq_Zoospore_vs_spore_Zoospore	4.835713130774106	0.0184275356233028	False	False	False	False	1.0	True	False									
37313	391.1971	2.153	salamandrivorans_liq_Zoospore_vs_spore_Zoospore	4.791884653494069	0.0184275356233028	False	False	False	False	1.0	True	False									
27832	946.9968	3.984	salamandrivorans_liq_Zoospore_vs_spore_Zoospore	4.784011653121919	0.0184275356233028	False	False	False	False	1.0	True	False									
23384	387.1898	0.769026	salamandrivorans_liq_Zoospore_vs_spore_Zoospore	4.734425223966566	0.0184275356233028	False	False	False	False	1.0	True	False									
16497	482.2992	2.26075	salamandrivorans_liq_Zoospore_vs_spore_Zoospore	4.725513369100256	0.0184275356233028	False	False	False	False	1.0	False	False									
28766	358.1977	1.114244	salamandrivorans_liq_Zoospore_vs_spore_Zoospore	4.698296984486559	0.0184275356233028	False	False	False	False	1.0	False	False									
22214	686.3271	4.056355	salamandrivorans_liq_Zoospore_vs_spore_Zoospore	4.68580986409712	0.0184275356233028	False	False	False	False	1.0	True	False									
22392	1256.6692	4.640718	salamandrivorans_liq_Zoospore_vs_spore_Zoospore	4.682589512180191	0.0184275356233028	False	False	False	False	1.0	True	False									
18945	167.1002	0.676	salamandrivorans_liq_Zoospore_vs_spore_Zoospore	4.681034314907615	0.0184275356233028	False	False	False	False	1.0	True	False									
18757	414.724	1.281743	salamandrivorans_liq_Zoospore_vs_spore_Zoospore	4.65565882563032	0.0184275356233028	False	False	False	False	1.0	True	False									
38098	497.2701	0.555	salamandrivorans_liq_Zoospore_vs_spore_Zoospore	4.646257577167853	0.0184275356233028	False	False	False	False	1.0	True	False									
19056	742.0585	4.546177	salamandrivorans_liq_Zoospore_vs_spore_Zoospore	4.553472747290746	0.0184275356233028	False	False	False	False	1.0	True	False									
24068	694.8128	4.054439	salamandrivorans_liq_Zoospore_vs_spore_Zoospore	4.552122206973842	0.0184275356233028	False	False	False	False	1.0	True	False									
28854	1426.7554	4.457541	salamandrivorans_liq_Zoospore_vs_spore_Zoospore	4.547262415074653	0.0184275356233028	False	False	False	False	1.0	True	False									
26462	1277.645	4.592495	salamandrivorans_liq_Zoospore_vs_spore_Zoospore	4.53615887508885	0.0184275356233028	False	False	False	False	1.0	True	False									
27972	606.3026	1.89	salamandrivorans_liq_Zoospore_vs_spore_Zoospore	4.531944192835035	0.0184275356233028	False	False	False	False	1.0	True	False									
26622	446.25	1.476973	salamandrivorans_liq_Zoospore_vs_spore_Zoospore	4.509491943595255	0.0184275356233028	False	False	False	False	1.0	False	False									
25979	824.9856	4.004467	salamandrivorans_liq_Zoospore_vs_spore_Zoospore	4.507484708567685	0.0184275356233028	False	False	False	False	1.0	False	False									
25076	726.8781	4.337881	salamandrivorans_liq_Zoospore_vs_spore_Zoospore	4.482732344486202	0.0184275356233028	False	False	False	False	1.0	True	False									
13628	422.5881	2.735	salamandrivorans_liq_Zoospore_vs_spore_Zoospore	4.476079479514808	0.0184275356233028	False	False	False	False	1.0	False	False									
20813	515.7271	1.307674	salamandrivorans_liq_Zoospore_vs_spore_Zoospore	4.45164350800288	0.0184275356233028	False	False	False	False	1.0	True	False									
33694	645.4145	3.646248	salamandrivorans_liq_Zoospore_vs_spore_Zoospore	4.449691638289318	0.0184275356233028	False	False	False	False	1.0	True	False									
29698	998.02	4.314866	salamandrivorans_liq_Zoospore_vs_spore_Zoospore	4.414321690984143	0.0184275356233028	False	False	False	False	1.0	True	False									
23358	686.8288	4.05663	salamandrivorans_liq_Zoospore_vs_spore_Zoospore	4.406868524665849	0.0184275356233028	False	False	False	False	1.0	True	False									
19257	338.1771	1.450025	salamandrivorans_liq_Zoospore_vs_spore_Zoospore	4.398989130876521	0.0184275356233028	False	False	False	False	1.0	True	False									
25743	416.2862	1.342257	salamandrivorans_liq_Zoospore_vs_spore_Zoospore	4.396407128444099	0.0184275356233028	False	False	False	False	1.0	True	False									
29285	743.4512	3.658301	salamandrivorans_liq_Zoospore_vs_spore_Zoospore	4.365405074742498	0.0184275356233028	False	False	False	False	1.0	False	False									
21545	700.3537	3.684668	salamandrivorans_liq_Zoospore_vs_spore_Zoospore	4.32608824477311	0.0184275356233028	False	False	False	False	1.0	True	False									
31649	883.479	4.137	salamandrivorans_liq_Zoospore_vs_spore_Zoospore	4.313321367933249	0.0184275356233028	False	False	False	False	1.0	False	False									
27554	1277.1567	4.581	salamandrivorans_liq_Zoospore_vs_spore_Zoospore	4.309398501670174	0.0184275356233028	False	False	False	False	1.0	True	False									
26006	374.1705	2.840338	salamandrivorans_liq_Zoospore_vs_spore_Zoospore	4.276615861542021	0.0184275356233028	False	False	False	False	1.0	False	False									
27081	1102.5157	1.221569	salamandrivorans_liq_Zoospore_vs_spore_Zoospore	4.22506307515148	0.0184275356233028	False	False	False	False	1.0	False	False									
26478	1468.7758	4.630744	salamandrivorans_liq_Zoospore_vs_spore_Zoospore	4.220460069569173	0.0184275356233028	False	False	False	False	1.0	True	False									
32782	1081.0814	4.147	salamandrivorans_liq_Zoospore_vs_spore_Zoospore	4.18398050792616	0.0184275356233028	False	False	False	False	1.0	True	False									
19573	265.1382	1.216776	salamandrivorans_liq_Zoospore_vs_spore_Zoospore	4.172752472216518	0.0184275356233028	False	False	False	False	1.0	False	False									
24734	362.7081	1.3225	salamandrivorans_liq_Zoospore_vs_spore_Zoospore	4.157936748766742	0.0184275356233028	False	False	False	False	1.0	True	False									
30826	403.2173	2.248665	salamandrivorans_liq_Zoospore_vs_spore_Zoospore	4.142240952236641	0.0184275356233028	False	False	False	False	1.0	False	False									
19049	804.095	4.41232	salamandrivorans_liq_Zoospore_vs_spore_Zoospore	4.135710514881203	0.0184275356233028	False	False	False	False	1.0	True	False									
30651	1278.1621	4.588369	salamandrivorans_liq_Zoospore_vs_spore_Zoospore	4.014392917545341	0.0184275356233028	False	False	False	False	1.0	True	False									
31098	998.0325	4.232	salamandrivorans_liq_Zoospore_vs_spore_Zoospore	3.959395899675872	0.0184275356233028	False	False	False	False	1.0	False	False									
27761	1126.1019	4.588388	salamandrivorans_liq_Zoospore_vs_spore_Zoospore	3.937072672886295	0.0184275356233028	False	False	False	False	1.0	True	False									
36635	804.9727	4.298975	salamandrivorans_liq_Zoospore_vs_spore_Zoospore	3.921419533299877	0.0184275356233028	False	False	False	False	1.0	True	False									
26625	752.3847	3.962	salamandrivorans_liq_Zoospore_vs_spore_Zoospore	3.90828816394376	0.0184275356233028	False	False	False	False	1.0	False	False									
31066	482.2336	1.307741	salamandrivorans_liq_Zoospore_vs_spore_Zoospore	3.890309509741228	0.0184275356233028	False	False	False	False	1.0	True	False									
30390	1227.6206	4.419702	salamandrivorans_liq_Zoospore_vs_spore_Zoospore	3.819848361085199	0.0184275356233028	False	False	False	False	1.0	True	False									
30906	1453.7904	4.296919	salamandrivorans_liq_Zoospore_vs_spore_Zoospore	3.771668668977036	0.0184275356233028	False	False	False	False	1.0	False	False									
32480	1224.1604	4.411742	salamandrivorans_liq_Zoospore_vs_spore_Zoospore	3.748101109629016	0.0184275356233028	False	False	False	False	1.0	True	False									
35336	261.1441	1.812206	salamandrivorans_liq_Zoospore_vs_spore_Zoospore	3.72396989906117	0.0184275356233028	False	False	False	False	1.0	False	False									
33097	875.0225	4.655493	salamandrivorans_liq_Zoospore_vs_spore_Zoospore	3.711777722973994	0.0184275356233028	False	False	False	False	1.0	False	False									
30302	1207.1434	4.498598	salamandrivorans_liq_Zoospore_vs_spore_Zoospore	3.643625524646583	0.0184275356233028	False	False	False	False	1.0	False	False									
26965	802.5188	4.1195	salamandrivorans_liq_Zoospore_vs_spore_Zoospore	3.6430782280734624	0.0184275356233028	False	False	False	False	1.0	True	False									
28358	780.3902	4.131	salamandrivorans_liq_Zoospore_vs_spore_Zoospore	3.637649895873942	0.0184275356233028	False	False	False	False	1.0	True	False									
26533	314.6747	1.164	salamandrivorans_liq_Zoospore_vs_spore_Zoospore	3.63599342091234	0.0184275356233028	False	False	False	False	1.0	False	False									
34299	867.5098	4.643587	salamandrivorans_liq_Zoospore_vs_spore_Zoospore	3.630408021801754	0.0184275356233028	False	False	False	False	1.0	False	False									
27007	1143.1533	4.637556	salamandrivorans_liq_Zoospore_vs_spore_Zoospore	3.562043256164401	0.0184275356233028	False	False	False	False	1.0	False	False									
31369	869.986	4.177831	salamandrivorans_liq_Zoospore_vs_spore_Zoospore	3.5545565380303548	0.0184275356233028	False	False	False	False	1.0	True	False									
35871	1057.0962	4.643053	salamandrivorans_liq_Zoospore_vs_spore_Zoospore	3.509998758247013	0.0184275356233028	False	False	False	False	1.0	False	False									
35426	1418.2555	4.498606	salamandrivorans_liq_Zoospore_vs_spore_Zoospore	3.402994615380866	0.0184275356233028	False	False	False	False	1.0	False	False									
38086	1193.1622	4.571541	salamandrivorans_liq_Zoospore_vs_spore_Zoospore	3.3938436563997825	0.0184275356233028	False	False	False	False	1.0	False	False									
31838	946.164	4.49038	salamandrivorans_liq_Zoospore_vs_spore_Zoospore	3.3764243717184708	0.0184275356233028	False	False	False	False	1.0	True	False									
36379	1322.7681	4.71905	salamandrivorans_liq_Zoospore_vs_spore_Zoospore	3.3474049163497925	0.0184275356233028	False	False	False	False	1.0	False	False									
35229	286.16	4.406	salamandrivorans_liq_Zoospore_vs_spore_Zoospore	3.33304880974025	0.0184275356233028	False	False	False	False	1.0	True	False									
31659	895.4515	4.263993	salamandrivorans_liq_Zoospore_vs_spore_Zoospore	3.235614435028176	0.0184275356233028	False	False	False	False	1.0	False	False									
32335	1419.2728	4.48436	salamandrivorans_liq_Zoospore_vs_spore_Zoospore	3.202801590354974	0.0184275356233028	False	False	False	False	1.0	True	False									
31889	1419.248	4.514269	salamandrivorans_liq_Zoospore_vs_spore_Zoospore	3.20154041432656	0.0184275356233028	False	False	False	False	1.0	False	False									
14088	384.187	0.562078	salamandrivorans_liq_Zoospore_vs_spore_Zoospore	3.0515726687635976	0.0184275356233028	False	False	False	False	1.0	False	False									
13481	616.3856	8.370155	salamandrivorans_liq_Zoospore_vs_spore_Zoospore	2.814814790282648	0.0184275356233028	False	False	False	False	1.0	True	False									
21886	779.4498	8.443562	salamandrivorans_liq_Zoospore_vs_spore_Zoospore	2.501760107805552	0.0184275356233028	False	False	False	False	1.0	True	False									
13489	537.3282	8.383773	salamandrivorans_liq_Zoospore_vs_spore_Zoospore	2.483170884518445	0.0184275356233028	False	False	False	False	1.0	True	False									
24931	586.4284	8.392964	salamandrivorans_liq_Zoospore_vs_spore_Zoospore	2.453636057855621	0.0184275356233028	False	False	False	False	1.0	True	False									
21549	943.6608	9.110514	salamandrivorans_liq_Zoospore_vs_spore_Zoospore	2.445243639180609	0.0184275356233028	False	False	False	False	1.0	True	False									
33689	416.597	4.481931	salamandrivorans_liq_Zoospore_vs_spore_Zoospore	2.379981160274915	0.0184275356233028	False	False	False	False	1.0	False	False									
25721	930.6135	8.629108	salamandrivorans_liq_Zoospore_vs_spore_Zoospore	2.30803076435939	0.0184275356233028	False	False	False	False	1.0	True	False									
32570	532.3832	7.274179	salamandrivorans_liq_Zoospore_vs_spore_Zoospore	2.14683301661436	0.0184275356233028	False	False	False	False	1.0	True	False									
29654	780.4617	8.438009	salamandrivorans_liq_Zoospore_vs_spore_Zoospore	2.086857080241808	0.0184275356233028	False	False	False	False	1.0	True	False									
27702	672.4649	8.545181	salamandrivorans_liq_Zoospore_vs_spore_Zoospore	2.0198162429903013	0.0184275356233028	False	False	False	False	1.0	True	False									
28468	494.3078	0.583	salamandrivorans_liq_Zoospore_vs_spore_Zoospore	1.9726388291996304	0.0184275356233028	False	False	False	False	1.0	False	False									
4448	783.418	2.603	salamandrivorans_liq_Zoospore_vs_spore_Zoospore	7.917031831084099	0.0184275356233028	False	False	False	False	0.8	True	False									
16151	419.234	1.513	salamandrivorans_liq_Zoospore_vs_spore_Zoospore	7.561208851721926	0.0184275356233028	False	False	False	False	0.8	True	False									
5675	493.9379	2.36	salamandrivorans_liq_Zoospore_vs_spore_Zoospore	7.539612224110479	0.0184275356233028	False	False	False	False	0.8	True	False									
14923	815.378	1.928	salamandrivorans_liq_Zoospore_vs_spore_Zoospore	7.52722584680646	0.0184275356233028	False	False	False	False	0.8	False	False									
4921	578.9562	1.595	salamandrivorans_liq_Zoospore_vs_spore_Zoospore	7.411213567090782	0.0184275356233028	False	False	False	False	0.8	False	False									
9829	1008.5042	2.587	salamandrivorans_liq_Zoospore_vs_spore_Zoospore	7.353067681773557	0.0184275356233028	False	False	False	False	0.8	True	False									
7049	814.0809	2.630687	salamandrivorans_liq_Zoospore_vs_spore_Zoospore	7.3190493487734525	0.0184275356233028	False	False	False	False	0.8	False	False									
9900	769.3628	1.706	salamandrivorans_liq_Zoospore_vs_spore_Zoospore	7.314480712939325	0.0184275356233028	False	False	False	False	0.8	True	False									
7580	678.3664	3.098901	salamandrivorans_liq_Zoospore_vs_spore_Zoospore	7.271252611146764	0.0184275356233028	False	False	False	False	0.8	False	False									
7988	814.4219	2.579	salamandrivorans_liq_Zoospore_vs_spore_Zoospore	7.163493259847419	0.0184275356233028	False	False	False	False	0.8	False	False									
6302	494.2684	2.373	salamandrivorans_liq_Zoospore_vs_spore_Zoospore	7.133913224788442	0.0184275356233028	False	False	False	False	0.8	True	False									
9628	678.8609	3.098304	salamandrivorans_liq_Zoospore_vs_spore_Zoospore	7.091161468937544	0.0184275356233028	False	False	False	False	0.8	False	False									
8179	865.9362	2.524143	salamandrivorans_liq_Zoospore_vs_spore_Zoospore	7.087407649212302	0.0184275356233028	False	False	False	False	0.8	False	False									
7582	1246.5647	2.215	salamandrivorans_liq_Zoospore_vs_spore_Zoospore	7.017473480976427	0.0184275356233028	False	False	False	False	0.8	True	False									
8953	831.404	2.793	salamandrivorans_liq_Zoospore_vs_spore_Zoospore	6.973994703950506	0.0184275356233028	False	False	False	False	0.8	True	False									
9093	566.2934	2.0375	salamandrivorans_liq_Zoospore_vs_spore_Zoospore	6.821103956229829	0.0184275356233028	False	False	False	False	0.8	False	False									
11273	504.7635	2.111	salamandrivorans_liq_Zoospore_vs_spore_Zoospore	6.730346695045425	0.0184275356233028	False	False	False	False	0.8	False	False									
8165	506.2406	1.896	salamandrivorans_liq_Zoospore_vs_spore_Zoospore	6.671210955164149	0.0184275356233028	False	False	False	False	0.8	True	False									
5962	826.6252	1.628	salamandrivorans_liq_Zoospore_vs_spore_Zoospore	6.611367755091911	0.0184275356233028	False	False	False	False	0.8	True	False									
10727	832.3951	2.681	salamandrivorans_liq_Zoospore_vs_spore_Zoospore	6.592711779960511	0.0184275356233028	False	False	False	False	0.8	True	False									
10370	1026.4833	2.0645	salamandrivorans_liq_Zoospore_vs_spore_Zoospore	6.382479899422522	0.0184275356233028	False	False	False	False	0.8	True	False									
11602	976.4877	2.7215	salamandrivorans_liq_Zoospore_vs_spore_Zoospore	6.363835060021005	0.0184275356233028	False	False	False	False	0.8	True	False									
12416	1201.5791	2.769484	salamandrivorans_liq_Zoospore_vs_spore_Zoospore	6.343715624921684	0.0184275356233028	False	False	False	False	0.8	True	False									
14892	780.3486	1.644	salamandrivorans_liq_Zoospore_vs_spore_Zoospore	6.065049589548194	0.0184275356233028	False	False	False	False	0.8	True	False									
12213	352.728	2.427	salamandrivorans_liq_Zoospore_vs_spore_Zoospore	6.031051362587931	0.0184275356233028	False	False	False	False	0.8	True	False									
12128	826.3826	1.628	salamandrivorans_liq_Zoospore_vs_spore_Zoospore	6.016668043172051	0.0184275356233028	False	False	False	False	0.8	True	False									
10714	524.3094	2.260361	salamandrivorans_liq_Zoospore_vs_spore_Zoospore	5.917264177665522	0.0184275356233028	False	False	False	False	0.8	False	False									
4234	524.7773	2.181	salamandrivorans_liq_Zoospore_vs_spore_Zoospore	7.671653595325022	0.0184275356233028	False	False	False	False	0.6	False	False									
8008	713.356	1.977269	salamandrivorans_liq_Zoospore_vs_spore_Zoospore	7.668801734806534	0.0184275356233028	False	False	False	False	0.6	True	False									
8645	1014.5361	3.193784	salamandrivorans_liq_Zoospore_vs_spore_Zoospore	7.445491390632467	0.0184275356233028	False	False	False	False	0.6	True	False									
22902	608.3452	2.092987	salamandrivorans_liq_Zoospore_vs_spore_Zoospore	7.3091551293263395	0.0184275356233028	False	False	False	False	0.6	False	False									
5015	824.4135	2.461	salamandrivorans_liq_Zoospore_vs_spore_Zoospore	7.081551916949194	0.0184275356233028	False	False	False	False	0.6	True	False									
9805	931.9279	2.192	salamandrivorans_liq_Zoospore_vs_spore_Zoospore	6.791662105663559	0.0184275356233028	False	False	False	False	0.6	True	False									
8980	604.3517	2.681	salamandrivorans_liq_Zoospore_vs_spore_Zoospore	6.223260689858195	0.0184275356233028	False	False	False	False	0.6	False	False									
3494	819.4166	2.58	salamandrivorans_liq_Zoospore_vs_spore_Zoospore	2.5671112820298387	0.0184275356233028	False	False	False	False	0.4	True	False									
7621	1008.4883	2.603	salamandrivorans_liq_Zoospore_vs_spore_Zoospore	2.211119002547361	0.0184275356233028	False	False	False	False	0.4	True	False									
6225	838.8879	2.54	salamandrivorans_liq_Zoospore_vs_spore_Zoospore	2.004353476577697	0.0184275356233028	False	False	False	False	0.4	True	False									
5587	712.8404	2.311	salamandrivorans_liq_Zoospore_vs_spore_Zoospore	1.8431213703519995	0.0184275356233028	False	False	False	False	0.4	True	False									
4222	337.1969	1.9925	salamandrivorans_liq_Zoospore_vs_spore_Zoospore	1.785034776830925	0.0184275356233028	False	False	False	False	0.4	True	False									
3738	635.8041	1.7225	salamandrivorans_liq_Zoospore_vs_spore_Zoospore	1.7390725250365744	0.0184275356233028	False	False	False	False	0.4	True	False									
5784	824.749	2.489485	salamandrivorans_liq_Zoospore_vs_spore_Zoospore	1.6440535869607509	0.0184275356233028	False	False	False	False	0.4	True	False									
9459	839.3922	2.523	salamandrivorans_liq_Zoospore_vs_spore_Zoospore	1.446998230528144	0.0184275356233028	False	False	False	False	0.4	True	False									
2540	1064.5348	2.057	salamandrivorans_liq_Zoospore_vs_spore_Zoospore	2.7700384235341744	0.0184275356233028	False	False	False	False	0.1999999999999999	False	False									
3628	956.4664	2.94	salamandrivorans_liq_Zoospore_vs_spore_Zoospore	2.548249855537091	0.0184275356233028	False	False	False	False	0.1999999999999999	True	False									
8945	1078.054	2.388	salamandrivorans_liq_Zoospore_vs_spore_Zoospore	1.1171410602348046	0.0184275356233028	False	False	False	False	0.1999999999999999	True	False									
6113	286.1758	1.6345	salamandrivorans_liq_Zoospore_vs_spore_Zoospore	0.8809885536195166	0.0184275356233028	False	False	False	False	0.1999999999999999	False	False									
6368	932.4337	2.196	salamandrivorans_liq_Zoospore_vs_spore_Zoospore	0.8272248306236634	0.0184275356233028	False	False	False	False	0.1999999999999999	True	False									
11288	939.9313	2.11	salamandrivorans_liq_Zoospore_vs_spore_Zoospore	0.8193987266995152	0.0184275356233028	False	False	False	False	0.1999999999999999	False	False									
915	563.3264	3.835343	salamandrivorans_liq_Zoospore_vs_spore_Zoospore	3.5929320906584565	0.0184275356233028	False	False	False	False	0.0	False	False									
29449	366.216	0.814	salamandrivorans_liq_Zoospore_vs_spore_Zoospore	1.7300208540113309	0.0184275356233028	False	False	False	False	0.0	False	False									
4343	532.774	2.057	salamandrivorans_liq_Zoospore_vs_spore_Zoospore	1.4955163451898872	0.0184275356233028	False	False	False	False	0.0	False	False									
2659	509.2525	1.754	salamandrivorans_liq_Zoospore_vs_spore_Zoospore	0.7989730669188514	0.0184275356233028	False	False	False	False	0.0	False	False									
13074	1459.7172	2.937	salamandrivorans_liq_Developed_vs_spore_Developed	5.892288949561366	0.0184494775261236	False	False	False	False	0.6	False	False									
13304	489.195	1.146734	salamandrivorans_liq_Developed_vs_spore_Developed	4.545494335409953	0.0184494775261236	False	False	False	False	0.6	True	False									
34297	909.4932	4.004763	salamandrivorans_liq_Developed_vs_spore_Developed	2.554915196155051	0.0184494775261236	False	False	False	False	0.6	True	False									
34472	964.5114	4.521459	salamandrivorans_liq_Developed_vs_spore_Developed	2.269708182483863	0.0184494775261236	False	False	False	False	0.6	True	False									
11552	724.8571	2.372	salamandrivorans_liq_Developed_vs_spore_Developed	5.961586346306309	0.0184494775261236	False	False	False	False	0.5	True	False									
33824	758.3708	2.478394	salamandrivorans_liq_Developed_vs_spore_Developed	5.592835501234698	0.0184494775261236	False	False	False	False	0.3999999999999999	True	False									
30151	462.723	1.564	salamandrivorans_liq_Developed_vs_spore_Developed	4.603787880964509	0.0185117977865453	False	False	False	False	0.6	False	False									
20452	496.7502	1.468733	salamandrivorans_liq_Developed_vs_spore_Developed	4.428595941026575	0.0185117977865453	False	False	False	False	0.6	True	False									
37342	792.5018	8.033	salamandrivorans_liq_Developed_vs_spore_Developed	2.8581269549356847	0.0185117977865453	False	False	False	False	0.6	True	False									
21528	855.3999	3.215825	salamandrivorans_liq_Developed_vs_spore_Developed	6.243966175862123	0.0185117977865453	False	False	False	False	0.5	False	False									
16371	747.8633	1.596	salamandrivorans_liq_Developed_vs_spore_Developed	5.251819518605063	0.018557996032069	False	False	False	False	0.6	True	False									
20671	1008.4611	0.942148	salamandrivorans_liq_Developed_vs_spore_Developed	5.038952349909694	0.018557996032069	False	False	False	False	0.6	False	False									
10211	849.2978	0.715	salamandrivorans_liq_Developed_vs_spore_Developed	4.545752380460648	0.018557996032069	False	False	False	False	0.6	True	False									
16354	459.2781	3.820544	salamandrivorans_liq_Developed_vs_spore_Developed	4.351390319293706	0.018557996032069	False	False	False	False	0.6	True	False									
25914	615.821	3.633504	salamandrivorans_liq_Developed_vs_spore_Developed	4.194822095660614	0.018557996032069	False	False	False	False	0.6	True	False									
25843	879.4456	3.961	salamandrivorans_liq_Developed_vs_spore_Developed	3.933137910346198	0.018557996032069	False	False	False	False	0.6	True	False									
9471	474.2776	3.896135	salamandrivorans_liq_Developed_vs_spore_Developed	3.590942376837683	0.018557996032069	False	False	False	False	0.6	True	False									
9165	827.4317	0.5375	salamandrivorans_liq_Developed_vs_spore_Developed	1.925619306657144	0.018557996032069	False	False	False	False	0.6	True	False									
8516	920.4004	1.786	salamandrivorans_liq_Developed_vs_spore_Developed	2.5866399888121863	0.018557996032069	False	False	False	False	0.2	True	False									
16673	1023.4791	2.23	salamandrivorans_liq_Developed_vs_spore_Developed	2.324428289286188	0.018557996032069	False	False	False	False	0.1	True	False									
24866	717.3383	1.101	salamandrivorans_liq_Developed_vs_spore_Developed	4.362842714748347	0.0186183727647755	False	False	False	False	0.6	True	False									
34490	664.3763	4.027949	salamandrivorans_liq_Developed_vs_spore_Developed	2.711848000344065	0.0186183727647755	False	False	False	False	0.6	True	False									
35076	713.3835	4.683479	salamandrivorans_liq_Developed_vs_spore_Developed	2.3213264667379314	0.0186183727647755	False	False	False	False	0.6	False	False									
21580	346.6899	0.982	salamandrivorans_liq_Developed_vs_spore_Developed	4.514654101222598	0.0186183727647755	False	False	False	False	0.5	True	False									
21909	868.4062	0.693489	salamandrivorans_liq_Developed_vs_spore_Developed	5.357723753372439	0.0186638211431634	False	False	False	False	0.6	True	False									
33773	542.3	4.033041	salamandrivorans_liq_Developed_vs_spore_Developed	2.244219040436508	0.0186638211431634	False	False	False	False	0.6	True	False									
25019	845.4144	2.824	salamandrivorans_liq_Developed_vs_spore_Developed	5.676288170197607	0.0186638211431634	False	False	False	False	0.5	True	False									
25562	841.4653	3.403222	salamandrivorans_liq_Developed_vs_spore_Developed	4.4085827807246485	0.0186638211431634	False	False	False	False	0.5	True	False									
12021	547.2747	2.011	salamandrivorans_liq_Developed_vs_spore_Developed	2.7145813183590737	0.0186638211431634	False	False	False	False	0.4	True	False									
4139	701.356	0.5775	salamandrivorans_liq_Developed_vs_spore_Developed	7.044968379453613	0.0186782447001503	False	False	False	False	0.6	True	False									
9670	512.2446	0.575	salamandrivorans_liq_Developed_vs_spore_Developed	6.44771666441277	0.0186782447001503	False	False	False	False	0.6	True	False									
14134	614.2803	0.60575	salamandrivorans_liq_Developed_vs_spore_Developed	5.673898208039197	0.0186782447001503	False	False	False	False	0.6	True	False									
20996	859.4348	3.830054	salamandrivorans_liq_Developed_vs_spore_Developed	5.345225528410251	0.0186782447001503	False	False	False	False	0.6	False	False									
8917	552.2053	0.745	salamandrivorans_liq_Developed_vs_spore_Developed	5.29955699041463	0.0186782447001503	False	False	False	False	0.6	True	False									
17738	724.3237	0.986227	salamandrivorans_liq_Developed_vs_spore_Developed	4.98058720874452	0.0186782447001503	False	False	False	False	0.6	True	False									
27393	771.0867	3.963	salamandrivorans_liq_Developed_vs_spore_Developed	4.393277807369112	0.0186782447001503	False	False	False	False	0.6	True	False									
25983	708.3768	3.971	salamandrivorans_liq_Developed_vs_spore_Developed	2.8852317985844613	0.0186782447001503	False	False	False	False	0.6	True	False									
22499	256.6431	8.032122	salamandrivorans_liq_Developed_vs_spore_Developed	2.345469858126271	0.0186782447001503	False	False	False	False	0.6	True	False									
12009	670.3197	0.569154	salamandrivorans_liq_Developed_vs_spore_Developed	5.395382505551601	0.0186782447001503	False	False	False	False	0.5	True	False									
18963	1029.4807	1.563	salamandrivorans_liq_Developed_vs_spore_Developed	5.492101131174582	0.0187273350791929	False	False	False	False	0.6	True	False									
35929	551.82	4.255989	salamandrivorans_liq_Developed_vs_spore_Developed	2.487173344033965	0.0187273350791929	False	False	False	False	0.6	False	False									
11364	471.2219	1.087683	salamandrivorans_liq_Developed_vs_spore_Developed	0.8883583501404663	0.0187273350791929	False	False	False	False	0.1999999999999999	False	False									
12306	614.2734	0.604	salamandrivorans_liq_Developed_vs_spore_Developed	5.596850866131328	0.0187749092871	False	False	False	False	0.6	True	False									
24940	1328.7089	3.865	salamandrivorans_liq_Developed_vs_spore_Developed	4.526494075507851	0.0187749092871	False	False	False	False	0.6	False	False									
37895	827.4507	4.413802	salamandrivorans_liq_Developed_vs_spore_Developed	2.3832288060701314	0.0188343899495467	False	False	False	False	0.6	False	False									
20951	951.5442	3.80014	salamandrivorans_liq_Developed_vs_spore_Developed	4.185439139066951	0.0188775884004575	False	False	False	False	0.6	False	False									
23478	611.8176	3.763235	salamandrivorans_liq_Developed_vs_spore_Developed	4.075996472583332	0.0188775884004575	False	False	False	False	0.6	True	False									
22337	557.8011	3.830742	salamandrivorans_liq_Developed_vs_spore_Developed	3.625558719371246	0.0188775884004575	False	False	False	False	0.6	True	False									
35024	436.5744	3.930679	salamandrivorans_liq_Developed_vs_spore_Developed	2.7885709280889204	0.0188775884004575	False	False	False	False	0.6	True	False									
31545	1138.6233	4.341732	salamandrivorans_liq_Developed_vs_spore_Developed	2.278504927866686	0.0188775884004575	False	False	False	False	0.6	False	False									
14076	816.4216	1.943	salamandrivorans_liq_Developed_vs_spore_Developed	6.664835014079403	0.0188775884004575	False	False	False	False	0.5	True	False									
14865	543.3139	2.414	salamandrivorans_liq_Developed_vs_spore_Developed	1.881036790779692	0.0188775884004575	False	False	False	False	0.1	True	False									
22212	475.2198	2.8085	salamandrivorans_liq_Developed_vs_spore_Developed	1.3521730994667458	0.0188775884004575	False	False	False	False	0.0	True	False									
24349	418.7376	3.377	salamandrivorans_liq_Developed_vs_spore_Developed	3.45016992509978	0.0189098341788925	False	False	False	False	0.6	True	False									
14063	878.42	2.490521	salamandrivorans_liq_Developed_vs_spore_Developed	2.017321441901613	0.0189098341788925	False	False	False	False	0.1	True	False									
23787	467.1782	1.685122	salamandrivorans_liq_Developed_vs_spore_Developed	1.1015507170311265	0.0189098341788925	False	False	False	False	0.0999999999999999	False	False									
19472	537.2867	3.227	salamandrivorans_liq_Developed_vs_spore_Developed	4.5676273821418665	0.0189698874867031	False	False	False	False	0.6	True	False									
27218	914.4836	3.814111	salamandrivorans_liq_Developed_vs_spore_Developed	4.022031293535916	0.0189698874867031	False	False	False	False	0.6	False	False									
10390	988.8257	2.759	salamandrivorans_liq_Developed_vs_spore_Developed	1.5270244859454962	0.0189698874867031	False	False	False	False	-0.0999999999999999	True	False									
17348	630.2982	0.997089	salamandrivorans_liq_Developed_vs_spore_Developed	4.995917760939023	0.0190204151148709	False	False	False	False	0.6	True	False									
27751	1286.667	4.001	salamandrivorans_liq_Developed_vs_spore_Developed	3.1973749754315595	0.0190204151148709	False	False	False	False	0.6	True	False									
19859	270.2437	3.781229	salamandrivorans_liq_Developed_vs_spore_Developed	2.968055486632444	0.0190204151148709	False	False	False	False	0.6	False	False									
26493	316.2849	4.623361	salamandrivorans_liq_Developed_vs_spore_Developed	2.07581526119414	0.0190204151148709	False	False	False	False	0.6	False	False									
6939	861.3844	2.082408	salamandrivorans_liq_Developed_vs_spore_Developed	4.083492011131304	0.0190204151148709	False	False	False	False	0.2	True	False									
13025	828.3769	0.582	salamandrivorans_liq_Developed_vs_spore_Developed	6.419748171861629	0.0191035306079553	False	False	False	False	0.6	False	False									
12856	1066.5122	1.738	salamandrivorans_liq_Developed_vs_spore_Developed	5.891313221560569	0.0191035306079553	False	False	False	False	0.6	True	False									
13761	700.3362	0.585	salamandrivorans_liq_Developed_vs_spore_Developed	5.47628289399678	0.0191035306079553	False	False	False	False	0.6	False	False									
14989	548.2838	3.085667	salamandrivorans_liq_Developed_vs_spore_Developed	5.449687495175456	0.0191035306079553	False	False	False	False	0.6	True	False									
18304	618.803	1.714	salamandrivorans_liq_Developed_vs_spore_Developed	4.788401805987252	0.0191035306079553	False	False	False	False	0.6	True	False									
20314	557.2515	0.58	salamandrivorans_liq_Developed_vs_spore_Developed	4.7859085266734205	0.0191035306079553	False	False	False	False	0.6	True	False									
38392	285.1344	1.068647	salamandrivorans_liq_Developed_vs_spore_Developed	4.513691578942805	0.0191035306079553	False	False	False	False	0.6	True	False									
13268	298.6918	0.58	salamandrivorans_liq_Developed_vs_spore_Developed	3.8843347830307984	0.0191035306079553	False	False	False	False	0.6	True	False									
15041	493.9113	3.339	salamandrivorans_liq_Developed_vs_spore_Developed	3.866102037540119	0.0191035306079553	False	False	False	False	0.6	True	False									
33747	1131.6216	4.665338	salamandrivorans_liq_Developed_vs_spore_Developed	3.70454766158385	0.0191035306079553	False	False	False	False	0.6	False	False									
12731	310.1501	3.913	salamandrivorans_liq_Developed_vs_spore_Developed	3.652360233354335	0.0191035306079553	False	False	False	False	0.6	True	False									
15146	421.228	0.582	salamandrivorans_liq_Developed_vs_spore_Developed	2.8776497259651377	0.0191035306079553	False	False	False	False	0.6	True	False									
36180	940.4886	4.506268	salamandrivorans_liq_Developed_vs_spore_Developed	2.52360519095918	0.0191750551400299	False	False	False	False	0.6	True	False									
15636	735.866	1.801	salamandrivorans_liq_Developed_vs_spore_Developed	4.8094530630638745	0.0192989545200611	False	False	False	False	0.6	True	False									
37864	831.3248	4.123	salamandrivorans_liq_Developed_vs_spore_Developed	3.8061409903224224	0.0192989545200611	False	False	False	False	0.6	True	False									
25191	1119.6213	3.976	salamandrivorans_liq_Developed_vs_spore_Developed	2.9920368672822035	0.0192989545200611	False	False	False	False	0.6	True	False									
36348	1089.5957	4.484647	salamandrivorans_liq_Developed_vs_spore_Developed	2.218938618599006	0.0192989545200611	False	False	False	False	0.6	True	False									
20166	555.6332	2.78	salamandrivorans_liq_Developed_vs_spore_Developed	5.704519543473247	0.0193296195356468	False	False	False	False	0.6	True	False									
21486	457.2261	3.846505	salamandrivorans_liq_Developed_vs_spore_Developed	4.539846842337236	0.0193296195356468	False	False	False	False	0.6	False	False									
17552	1155.6079	3.837	salamandrivorans_liq_Developed_vs_spore_Developed	3.907904207257941	0.0193296195356468	False	False	False	False	0.6	False	False									
38006	379.7544	4.19	salamandrivorans_liq_Developed_vs_spore_Developed	2.003898538028635	0.0193296195356468	False	False	False	False	0.6	True	False									
2966	852.406	2.056	salamandrivorans_liq_Developed_vs_spore_Developed	0.5806083530011177	0.0193296195356468	False	False	False	False	0.0	False	False									
22707	845.9282	3.015245	salamandrivorans_liq_Developed_vs_spore_Developed	4.921580782058002	0.0193682224168691	False	False	False	False	0.6	True	False									
23011	736.3315	1.339078	salamandrivorans_liq_Developed_vs_spore_Developed	4.199854322437788	0.0193682224168691	False	False	False	False	0.6	True	False									
29218	463.291	8.383441	salamandrivorans_liq_Developed_vs_spore_Developed	2.0693835175633937	0.0193682224168691	False	False	False	False	0.6	False	False									
16992	1031.4567	2.299286	salamandrivorans_liq_Developed_vs_spore_Developed	5.115186056813052	0.0193682224168691	False	False	False	False	0.4999999999999999	True	False									
11720	1209.5717	2.36	salamandrivorans_liq_Developed_vs_spore_Developed	6.038551537661807	0.0193682224168691	False	False	False	False	0.3999999999999999	True	False									
4110	446.737	0.60475	salamandrivorans_liq_Developed_vs_spore_Developed	5.485418882316296	0.0194949864278858	False	False	False	False	0.6	True	False									
11623	805.3862	2.106	salamandrivorans_liq_Developed_vs_spore_Developed	6.0185120886249255	0.0195670444588209	False	False	False	False	0.3999999999999999	True	False									
24155	789.4032	2.271571	salamandrivorans_liq_Developed_vs_spore_Developed	2.097731118508989	0.0196390423787813	False	False	False	False	0.1	True	False									
28998	1017.5273	3.981	salamandrivorans_liq_Developed_vs_spore_Developed	3.196068059979361	0.0197109802629526	False	False	False	False	0.6	True	False									
9258	778.3547	2.285429	salamandrivorans_liq_Developed_vs_spore_Developed	0.985834715001633	0.0197109802629526	False	False	False	False	0.0	False	False									
17293	654.4435	2.65	salamandrivorans_liq_Developed_vs_spore_Developed	5.2049028507785	0.0197773633295975	False	False	False	False	0.6	False	False									
24253	428.2598	2.618	salamandrivorans_liq_Developed_vs_spore_Developed	5.24359886036177	0.0197773633295975	False	False	False	False	0.5	False	False									
15531	587.2709	1.7305	salamandrivorans_liq_Developed_vs_spore_Developed	5.339125086024788	0.0198326445422648	False	False	False	False	0.6	True	False									
13351	588.793	2.713	salamandrivorans_liq_Developed_vs_spore_Developed	5.205953252457691	0.0198326445422648	False	False	False	False	0.6	False	False									
21579	835.6271	1.533	salamandrivorans_liq_Developed_vs_spore_Developed	4.6700725895040005	0.0198326445422648	False	False	False	False	0.6	True	False									
31088	987.0297	4.673345	salamandrivorans_liq_Developed_vs_spore_Developed	2.872633920776734	0.0198326445422648	False	False	False	False	0.6	False	False									
26255	682.72	4.314509	salamandrivorans_liq_Developed_vs_spore_Developed	2.650418475073028	0.0198326445422648	False	False	False	False	0.6	False	False									
11804	1044.4811	1.994	salamandrivorans_liq_Developed_vs_spore_Developed	3.290292979654842	0.019907092421847	False	False	False	False	0.4	True	False									
18446	438.2277	1.737	salamandrivorans_liq_Developed_vs_spore_Developed	4.920461000494456	0.0209870786737479	False	False	False	False	0.5	True	False									
2515	381.7099	0.569033	salamandrivorans_liq_Developed_vs_spore_Developed	6.363993469374792	0.0216917572407568	False	False	False	False	0.5	True	False									
10731	497.2789	1.644	salamandrivorans_liq_Developed_vs_spore_Developed	2.228126728513093	0.021921907706896	False	False	False	False	0.0	True	False									
14521	1070.5157	2.292	salamandrivorans_liq_Developed_vs_spore_Developed	1.2563441570172202	0.021921907706896	False	False	False	False	0.0	False	False									
5178	582.2736	1.881	salamandrivorans_liq_Developed_vs_spore_Developed	1.2904812930782337	0.0223878220861291	False	False	False	False	0.0	False	False									
13266	557.2574	0.579022	salamandrivorans_liq_Developed_vs_spore_Developed	4.84884095049676	0.0228437566870189	False	False	False	False	0.6000000000000001	True	False									
14338	859.913	1.912	salamandrivorans_liq_Developed_vs_spore_Developed	5.665863662367002	0.0229965970475197	False	False	False	False	0.4	True	False									
34316	1111.2789	10.7145	salamandrivorans_liq_Developed_vs_spore_Developed	2.747237788221869	0.0234529951660166	False	False	False	False	0.6	True	False									
33003	424.6474	0.557548	salamandrivorans_liq_Developed_vs_spore_Developed	2.399888763342932	0.0235292523254714	False	False	False	False	0.6	True	False									
11554	1137.5475	2.444917	salamandrivorans_liq_Developed_vs_spore_Developed	1.744725667217111	0.0235292523254714	False	False	False	False	-0.0999999999999999	False	False									
9548	263.6759	0.582504	salamandrivorans_liq_Developed_vs_spore_Developed	1.1996122618476632	0.0238406411864107	False	False	False	False	0.4	True	False									
23708	567.2789	2.267	salamandrivorans_liq_Developed_vs_spore_Developed	1.7505789843847448	0.0239913116297337	False	False	False	False	0.0	True	False									
12607	408.6985	0.632522	salamandrivorans_liq_Developed_vs_spore_Developed	5.634024986637784	0.0242179565722168	False	False	False	False	0.5	True	False									
17460	348.1144	1.818	salamandrivorans_liq_Developed_vs_spore_Developed	2.0979120504373348	0.0245220602011881	False	False	False	False	0.4	True	False									
12693	789.4308	1.6105	salamandrivorans_liq_Developed_vs_spore_Developed	3.1426567436770223	0.0247533240511498	False	False	False	False	0.3	True	False									
10871	407.6498	2.7145	salamandrivorans_liq_Developed_vs_spore_Developed	3.4359728862995125	0.0250517140695045	False	False	False	False	0.4	True	False									
32575	581.361	2.802	salamandrivorans_liq_Developed_vs_spore_Developed	2.396478216025748	0.0255925807433946	False	False	False	False	0.0	True	False									
15938	516.2833	2.965568	salamandrivorans_liq_Developed_vs_spore_Developed	1.5302180990536436	0.0259816094858511	False	False	False	False	0.0999999999999999	False	False									
14509	592.3104	0.56825	salamandrivorans_liq_Developed_vs_spore_Developed	5.053736776187751	0.0272153527829611	False	False	False	False	0.5	True	False									
7204	356.1461	0.5815	salamandrivorans_liq_Developed_vs_spore_Developed	0.3174927598470161	0.0284382574733015	False	False	False	False	0.0	False	False									
9257	719.3197	0.581	salamandrivorans_liq_Developed_vs_spore_Developed	3.9542035358801617	0.0290973859978272	False	False	False	False	0.6	True	False									
16031	570.2638	3.516	salamandrivorans_liq_Developed_vs_spore_Developed	5.373851975569418	0.0290973859978272	False	False	False	False	0.5	True	False									
27613	779.3669	2.867791	salamandrivorans_liq_Developed_vs_spore_Developed	2.2271512536896174	0.0293947132878457	False	False	False	False	0.1	True	False									
7670	379.7054	0.545767	salamandrivorans_liq_Developed_vs_spore_Developed	2.3420423304872444	0.0295442490788824	False	False	False	False	0.6	True	False									
16534	970.4443	1.513	salamandrivorans_liq_Developed_vs_spore_Developed	1.0525855821221406	0.0298491905539276	False	False	False	False	-0.0999999999999999	False	False									
36872	291.2308	7.401653	salamandrivorans_liq_Developed_vs_spore_Developed	3.122572761980232	0.0300005588357566	False	False	False	False	0.8	True	False									
37238	646.4979	7.561	salamandrivorans_liq_Developed_vs_spore_Developed	2.1049856090777403	0.0301477485344792	False	False	False	False	0.6	True	False									
4737	942.808	2.603	salamandrivorans_liq_Developed_vs_spore_Developed	1.1955164201258826	0.030220274408065	False	False	False	False	-0.0999999999999999	False	False									
35319	287.8893	0.563852	salamandrivorans_liq_Developed_vs_spore_Developed	3.395261373693664	0.030510081151698	False	False	False	False	0.6000000000000001	True	False									
30992	333.2769	7.939	salamandrivorans_liq_Developed_vs_spore_Developed	1.8716594614337527	0.0306610768868388	False	False	False	False	0.6	True	False									
21455	244.6587	0.571	salamandrivorans_liq_Developed_vs_spore_Developed	2.6330881736224194	0.0308821924311989	False	False	False	False	0.5	True	False									
8151	390.2133	0.58	salamandrivorans_liq_Developed_vs_spore_Developed	7.09138172496612	0.031958364628585	False	False	False	False	0.6	True	False									
37834	833.8273	10.711384	salamandrivorans_liq_Developed_vs_spore_Developed	2.4162761980554683	0.0321132213850971	False	False	False	False	0.6	True	False									
28748	304.6476	8.379258	salamandrivorans_liq_Developed_vs_spore_Developed	2.2967534109718293	0.032335559916804	False	False	False	False	0.6	True	False									
16981	330.185	0.573095	salamandrivorans_liq_Developed_vs_spore_Developed	3.7778016761997377	0.0324858952697142	False	False	False	False	0.6	True	False									
12210	1014.4871	2.326	salamandrivorans_liq_Developed_vs_spore_Developed	2.9631661118018773	0.0336978189829124	False	False	False	False	-0.1999999999999999	True	False									
20902	773.3859	3.012044	salamandrivorans_liq_Developed_vs_spore_Developed	4.957617033278067	0.034068815475208	False	False	False	False	0.2999999999999999	True	False									
22554	568.2382	2.285429	salamandrivorans_liq_Developed_vs_spore_Developed	4.630755560531639	0.0344416965561334	False	False	False	False	0.4999999999999999	True	False									
16221	833.4097	2.83	salamandrivorans_liq_Developed_vs_spore_Developed	6.328155262869732	0.0353920206286589	False	False	False	False	0.2999999999999999	True	False									
17276	742.3568	2.154606	salamandrivorans_liq_Developed_vs_spore_Developed	5.899062734456932	0.0356924411975012	False	False	False	False	0.2999999999999999	True	False									
535	889.4773	3.923149	salamandrivorans_liq_Developed_vs_spore_Developed	12.042011104186557	0.0357656978318631	False	False	False	False	0.2999999999999999	True	False									
7413	745.8712	2.672	salamandrivorans_liq_Zoospore_vs_spore_Zoospore	6.778853114627847	0.0358167334064495	False	False	False	False	0.8	False	False									
20736	533.7719	2.042	salamandrivorans_liq_Zoospore_vs_spore_Zoospore	6.131047732305754	0.0358167334064495	False	False	False	False	0.8	False	False									
16579	407.2292	1.66908	salamandrivorans_liq_Zoospore_vs_spore_Zoospore	5.9701613354716425	0.0358167334064495	False	False	False	False	0.8	True	False									
14889	506.743	1.896	salamandrivorans_liq_Zoospore_vs_spore_Zoospore	5.941040033993448	0.0358167334064495	False	False	False	False	0.8	True	False									
6547	745.8789	2.65	salamandrivorans_liq_Zoospore_vs_spore_Zoospore	7.129886395892883	0.0358167334064495	False	False	False	False	0.6	True	False									
17927	1139.5348	2.259333	salamandrivorans_liq_Zoospore_vs_spore_Zoospore	5.998077209539111	0.0358167334064495	False	False	False	False	0.6	True	False									
8386	721.3521	2.323237	salamandrivorans_liq_Zoospore_vs_spore_Zoospore	0.5707493660748033	0.0358167334064495	False	False	False	False	0.1999999999999999	True	False									
15808	1027.4802	1.579	salamandrivorans_liq_Developed_vs_spore_Developed	6.483818572591951	0.036575159609394	False	False	False	False	0.2999999999999999	True	False									
15409	615.3086	0.81286	salamandrivorans_liq_Developed_vs_spore_Developed	5.400044109279271	0.0375381946828634	False	False	False	False	0.7	True	False									
32477	772.3776	2.375875	salamandrivorans_liq_Developed_vs_spore_Developed	1.3759857248734575	0.0378318287893071	False	False	False	False	-0.1999999999999999	False	False									
19293	373.1734	0.592	salamandrivorans_liq_Developed_vs_spore_Developed	5.2691355084135765	0.0379823870770686	False	False	False	False	0.3999999999999999	False	False									
21315	467.1731	1.728161	salamandrivorans_liq_Developed_vs_spore_Developed	4.867924908824022	0.0391129172383514	False	False	False	False	0.4	False	False									
10573	253.1528	0.660324	salamandrivorans_liq_Developed_vs_spore_Developed	0.9750603719984138	0.0395554659522718	False	False	False	False	0.2	False	False									
10703	904.3881	2.118	salamandrivorans_liq_Developed_vs_spore_Developed	5.809835617928456	0.0398609415890391	False	False	False	False	0.3999999999999999	True	False									
14662	1044.4976	2.131404	salamandrivorans_liq_Developed_vs_spore_Developed	2.4318011913032223	0.0400913449375034	False	False	False	False	0.0	True	False									
35099	496.3148	2.54	salamandrivorans_liq_Developed_vs_spore_Developed	5.0050051899197046	0.0403858031655566	False	False	False	False	0.3999999999999999	True	False									
19509	504.7473	1.238	salamandrivorans_liq_Developed_vs_spore_Developed	5.165065093542177	0.0405302137424944	False	False	False	False	0.5	True	False									
14705	1150.5399	2.044	salamandrivorans_liq_Developed_vs_spore_Developed	6.415995396728701	0.0411153756090451	False	False	False	False	0.3999999999999999	False	False									
13874	1062.4792	1.895	salamandrivorans_liq_Developed_vs_spore_Developed	5.880157286118574	0.0420123723579887	False	False	False	False	0.2999999999999999	True	False									
19569	860.4047	1.738	salamandrivorans_liq_Developed_vs_spore_Developed	5.404044026942518	0.0420870567683553	False	False	False	False	0.3999999999999999	True	False									
9480	832.3576	1.546859	salamandrivorans_liq_Developed_vs_spore_Developed	0.5803903095688882	0.0430657180112043	False	False	False	False	0.0	False	False									
18979	340.6841	1.413652	salamandrivorans_liq_Developed_vs_spore_Developed	4.984530963032335	0.0431373790300343	False	False	False	False	0.5	True	False									
3653	418.722	0.581	salamandrivorans_liq_Developed_vs_spore_Developed	1.7154271340017124	0.0440938304621063	False	False	False	False	0.3	True	False									
22601	836.406	1.738	salamandrivorans_liq_Developed_vs_spore_Developed	5.536356658077814	0.0442337081053532	False	False	False	False	0.3999999999999999	True	False									
32229	587.3083	1.565	salamandrivorans_liq_Developed_vs_spore_Developed	1.249892807075781	0.0446024189371747	False	False	False	False	-0.0999999999999999	False	False									
15769	948.463	2.603	salamandrivorans_liq_Developed_vs_spore_Developed	3.170547233235886	0.0449738470052773	False	False	False	False	0.1999999999999999	True	False									
6049	652.3293	1.895	salamandrivorans_liq_Developed_vs_spore_Developed	0.7843417267987715	0.0454161899045512	False	False	False	False	0.0	False	False									
13344	763.3773	2.009	salamandrivorans_liq_Developed_vs_spore_Developed	3.78618799519496	0.045617348960519	False	False	False	False	0.4	True	False									
35078	1018.5132	4.04819	salamandrivorans_liq_Developed_vs_spore_Developed	2.292750314261684	0.0462779536608453	False	False	False	False	0.5	False	False									
16570	716.4192	0.637	salamandrivorans_liq_Developed_vs_spore_Developed	4.397441371599776	0.0464869694707762	False	False	False	False	0.5	False	False									
23775	815.4049	0.766	salamandrivorans_liq_Developed_vs_spore_Developed	4.0860376557156135	0.0464869694707762	False	False	False	False	0.5	False	False									
20089	780.3606	1.342	salamandrivorans_liq_Developed_vs_spore_Developed	3.184305718712014	0.0464869694707762	False	False	False	False	0.5	False	False									
27981	420.2781	8.945726	salamandrivorans_liq_Developed_vs_spore_Developed	1.2827547100139929	0.0464869694707762	False	False	False	False	0.5	False	False									
9429	816.3204	1.818	salamandrivorans_liq_Developed_vs_spore_Developed	4.026112088397976	0.0466160080921904	False	False	False	False	0.5	False	False									
20083	737.4222	3.621158	salamandrivorans_liq_Developed_vs_spore_Developed	4.072351477379825	0.0468311596090752	False	False	False	False	0.5	False	False									
34991	1046.5168	1.914078	salamandrivorans_liq_Developed_vs_spore_Developed	5.953452712008203	0.0469567730624399	False	False	False	False	0.3999999999999999	True	False									
25359	547.257	1.06127	salamandrivorans_liq_Developed_vs_spore_Developed	5.0711747023025096	0.0470273567489158	False	False	False	False	0.5	True	False									
16348	848.4304	2.076	salamandrivorans_liq_Developed_vs_spore_Developed	4.782808025113326	0.0471563583720645	False	False	False	False	0.5	False	False									
18514	244.6572	0.593662	salamandrivorans_liq_Developed_vs_spore_Developed	4.381270258319072	0.0471563583720645	False	False	False	False	0.5	True	False									
20997	995.4513	0.73231	salamandrivorans_liq_Developed_vs_spore_Developed	4.038051377926642	0.0471563583720645	False	False	False	False	0.5	True	False									
17906	689.3663	3.01691	salamandrivorans_liq_Developed_vs_spore_Developed	3.769191737501239	0.0471563583720645	False	False	False	False	0.5	False	False									
20465	417.2588	1.691	salamandrivorans_liq_Developed_vs_spore_Developed	3.6241075974542585	0.0471563583720645	False	False	False	False	0.5	True	False									
20240	497.7283	3.446175	salamandrivorans_liq_Developed_vs_spore_Developed	3.2891488500208195	0.0471563583720645	False	False	False	False	0.5	False	False									
16198	1074.5529	3.591755	salamandrivorans_liq_Developed_vs_spore_Developed	3.2885062498004425	0.0471563583720645	False	False	False	False	0.5	True	False									
23429	354.1617	0.582	salamandrivorans_liq_Developed_vs_spore_Developed	3.243427382974466	0.0471563583720645	False	False	False	False	0.5	False	False									
31267	853.4329	3.869393	salamandrivorans_liq_Developed_vs_spore_Developed	3.1016320227810192	0.0471563583720645	False	False	False	False	0.5	False	False									
30421	727.3935	4.133	salamandrivorans_liq_Developed_vs_spore_Developed	1.994852823075788	0.0471563583720645	False	False	False	False	0.5	False	False									
31052	1133.6285	4.437596	salamandrivorans_liq_Developed_vs_spore_Developed	1.8738032227164123	0.0471563583720645	False	False	False	False	0.5	False	False									
17796	483.2042	0.57506	salamandrivorans_liq_Developed_vs_spore_Developed	1.7516182051840492	0.0471563583720645	False	False	False	False	0.5	False	False									
30418	820.4303	4.652198	salamandrivorans_liq_Developed_vs_spore_Developed	1.7451700420706904	0.0471563583720645	False	False	False	False	0.5	False	False									
38045	458.8068	4.227	salamandrivorans_liq_Developed_vs_spore_Developed	1.7304818435139733	0.0471563583720645	False	False	False	False	0.5	False	False									
21634	813.4222	2.40351	salamandrivorans_liq_Developed_vs_spore_Developed	6.069537529884166	0.0471563583720645	False	False	False	False	0.4	True	False									
4634	838.8901	2.39	salamandrivorans_liq_Developed_vs_spore_Developed	5.069711826451451	0.0471563583720645	False	False	False	False	0.4	True	False									
22513	719.3478	3.517	salamandrivorans_liq_Developed_vs_spore_Developed	3.121787300642324	0.0471563583720645	False	False	False	False	0.4	False	False									
14749	763.3677	1.769	salamandrivorans_liq_Developed_vs_spore_Developed	3.265119669827172	0.0471563583720645	False	False	False	False	0.1999999999999999	True	False									
21770	901.4847	3.727527	salamandrivorans_liq_Developed_vs_spore_Developed	3.534012531533216	0.047268883161299	False	False	False	False	0.5	False	False									
24858	1229.5459	1.432767	salamandrivorans_liq_Developed_vs_spore_Developed	3.4044335923154496	0.047268883161299	False	False	False	False	0.5	False	False									
13497	1128.5945	3.339	salamandrivorans_liq_Developed_vs_spore_Developed	4.214574253091609	0.047268883161299	False	False	False	False	0.4	True	False									
16304	813.344	0.569154	salamandrivorans_liq_Developed_vs_spore_Developed	2.940371354255849	0.0473965444104838	False	False	False	False	0.5	False	False									
37464	739.9071	4.215	salamandrivorans_liq_Developed_vs_spore_Developed	1.5078296439356835	0.0473965444104838	False	False	False	False	0.5	False	False									
2388	649.8159	1.691	salamandrivorans_liq_Developed_vs_spore_Developed	7.310093059869354	0.0473965444104838	False	False	False	False	0.4	True	False									
24455	364.2136	8.41924	salamandrivorans_liq_Developed_vs_spore_Developed	1.201423388335617	0.0474342798843267	False	False	False	False	0.5	True	False									
18739	459.7404	2.672677	salamandrivorans_liq_Developed_vs_spore_Developed	4.069394612257557	0.0474413436740944	False	False	False	False	0.5	False	False									
23568	497.2704	3.539	salamandrivorans_liq_Developed_vs_spore_Developed	2.6098661443547027	0.0474413436740944	False	False	False	False	0.5	False	False									
29879	233.176	1.054	salamandrivorans_liq_Developed_vs_spore_Developed	2.2645493893279776	0.0474413436740944	False	False	False	False	0.5	True	False									
29740	581.282	4.183	salamandrivorans_liq_Developed_vs_spore_Developed	1.4063071922606618	0.0474413436740944	False	False	False	False	0.5	False	False									
8047	924.1218	2.056	salamandrivorans_liq_Developed_vs_spore_Developed	4.025493001636558	0.0475095756463708	False	False	False	False	0.1999999999999999	True	False									
29146	1071.6074	4.645297	salamandrivorans_liq_Developed_vs_spore_Developed	3.227765926987012	0.0475563282024067	False	False	False	False	0.5	False	False									
34650	830.9614	4.539329	salamandrivorans_liq_Developed_vs_spore_Developed	1.878130092135731	0.0475563282024067	False	False	False	False	0.5	False	False									
7965	1029.484	2.454077	salamandrivorans_liq_Developed_vs_spore_Developed	6.435875525774427	0.0476203328476644	False	False	False	False	0.5	False	False									
27798	430.2464	3.5784	salamandrivorans_liq_Developed_vs_spore_Developed	2.7232818188101184	0.0476203328476644	False	False	False	False	0.5	False	False									
13490	453.5527	1.341175	salamandrivorans_liq_Developed_vs_spore_Developed	2.6025917074189424	0.0476203328476644	False	False	False	False	0.5	True	False									
35317	753.3923	4.176	salamandrivorans_liq_Developed_vs_spore_Developed	2.139730533777817	0.0476203328476644	False	False	False	False	0.5	False	False									
28071	680.3367	4.446318	salamandrivorans_liq_Developed_vs_spore_Developed	1.1173609492242056	0.0476203328476644	False	False	False	False	0.5	False	False									
25098	288.1444	1.644	salamandrivorans_liq_Developed_vs_spore_Developed	3.378530930988364	0.0476203328476644	False	False	False	False	0.4	False	False									
31942	378.1208	3.948	salamandrivorans_liq_Developed_vs_spore_Developed	1.9422410515857496	0.0476203328476644	False	False	False	False	0.4	False	False									
18772	537.943	2.341	salamandrivorans_liq_Developed_vs_spore_Developed	3.4696718286044224	0.0476759335110167	False	False	False	False	0.5	True	False									
23421	490.313	3.5925	salamandrivorans_liq_Developed_vs_spore_Developed	3.162526568592889	0.0477376092743683	False	False	False	False	0.5	False	False									
38270	891.4153	4.121	salamandrivorans_liq_Developed_vs_spore_Developed	2.1804050655979514	0.0477376092743683	False	False	False	False	0.5	False	False									
29116	946.4974	4.483436	salamandrivorans_liq_Developed_vs_spore_Developed	1.5313601486118518	0.0477839459080655	False	False	False	False	0.5	True	False									
24083	1125.4899	0.960056	salamandrivorans_liq_Developed_vs_spore_Developed	3.72148709623164	0.0477839459080655	False	False	False	False	0.4	False	False									
9261	761.4205	3.356	salamandrivorans_liq_Developed_vs_spore_Developed	5.208119722644721	0.0477839459080655	False	False	False	False	0.1999999999999999	True	False									
15763	869.4023	0.5885	salamandrivorans_liq_Developed_vs_spore_Developed	5.1353685019421205	0.0478672721090822	False	False	False	False	0.5	True	False									
11595	627.3436	3.826959	salamandrivorans_liq_Developed_vs_spore_Developed	4.340464773323787	0.0478672721090822	False	False	False	False	0.4	False	False									
29568	451.1078	0.55969	salamandrivorans_liq_Developed_vs_spore_Developed	4.0062913293985805	0.0479014177043046	False	False	False	False	0.6	False	False									
10029	868.906	2.112732	salamandrivorans_liq_Developed_vs_spore_Developed	4.652829461597238	0.0479014177043046	False	False	False	False	0.5	False	False									
24276	632.8262	3.866	salamandrivorans_liq_Developed_vs_spore_Developed	2.8925877164003944	0.0479014177043046	False	False	False	False	0.5	False	False									
37303	603.3109	8.378438	salamandrivorans_liq_Developed_vs_spore_Developed	1.929015667990404	0.0479014177043046	False	False	False	False	0.5	False	False									
35215	703.2362	8.378078	salamandrivorans_liq_Developed_vs_spore_Developed	1.6728190062771089	0.0479014177043046	False	False	False	False	0.5	False	False									
25682	897.6434	8.776605	salamandrivorans_liq_Developed_vs_spore_Developed	1.5447682050151113	0.0479014177043046	False	False	False	False	0.5	False	False									
22180	1065.568	4.475939	salamandrivorans_liq_Developed_vs_spore_Developed	1.4130147539507	0.0479014177043046	False	False	False	False	0.5	True	False									
21651	659.3375	0.824	salamandrivorans_liq_Developed_vs_spore_Developed	3.5858396208742045	0.0480087542422164	False	False	False	False	0.5	True	False									
11748	869.4296	2.139106	salamandrivorans_liq_Developed_vs_spore_Developed	5.39012246582674	0.0480577615269121	False	False	False	False	0.4	False	False									
6478	996.4761	3.463	salamandrivorans_liq_Developed_vs_spore_Developed	3.3283955859051586	0.0480577615269121	False	False	False	False	0.1999999999999999	True	False									
17497	602.321	1.562	salamandrivorans_liq_Developed_vs_spore_Developed	3.707191948508746	0.0481433667624154	False	False	False	False	0.5	True	False									
23187	770.4268	4.419923	salamandrivorans_liq_Developed_vs_spore_Developed	3.617664993863523	0.0481433667624154	False	False	False	False	0.5	False	False									
14154	351.1903	1.745	salamandrivorans_liq_Developed_vs_spore_Developed	3.4668838228260594	0.0481433667624154	False	False	False	False	0.5	False	False									
19041	720.3923	3.896	salamandrivorans_liq_Developed_vs_spore_Developed	3.041071354313202	0.0481433667624154	False	False	False	False	0.5	True	False									
31279	664.8394	3.949	salamandrivorans_liq_Developed_vs_spore_Developed	2.01986309255937	0.0481433667624154	False	False	False	False	0.5	False	False									
14447	895.4414	3.23173	salamandrivorans_liq_Developed_vs_spore_Developed	4.527784327036233	0.048149021391916	False	False	False	False	0.5	False	False									
12450	433.5581	2.114095	salamandrivorans_liq_Developed_vs_spore_Developed	4.385221662686094	0.048149021391916	False	False	False	False	0.5	True	False									
20542	769.3635	0.8445	salamandrivorans_liq_Developed_vs_spore_Developed	3.858898223510745	0.048149021391916	False	False	False	False	0.5	False	False									
16686	625.8353	1.88	salamandrivorans_liq_Developed_vs_spore_Developed	3.665796846569792	0.048149021391916	False	False	False	False	0.5	False	False									
18920	898.4858	3.573	salamandrivorans_liq_Developed_vs_spore_Developed	3.4314972743097862	0.048149021391916	False	False	False	False	0.5	True	False									
15329	570.3156	3.810373	salamandrivorans_liq_Developed_vs_spore_Developed	3.219352522887426	0.048149021391916	False	False	False	False	0.5	True	False									
37366	506.2454	0.580979	salamandrivorans_liq_Developed_vs_spore_Developed	2.6284831802239954	0.048149021391916	False	False	False	False	0.5	True	False									
35381	348.2011	1.067	salamandrivorans_liq_Developed_vs_spore_Developed	2.3726607323850524	0.048149021391916	False	False	False	False	0.5	True	False									
28183	293.1639	0.588	salamandrivorans_liq_Developed_vs_spore_Developed	1.1175532116460782	0.048149021391916	False	False	False	False	0.5	False	False									
16380	548.7908	3.0915	salamandrivorans_liq_Developed_vs_spore_Developed	3.249829427414655	0.048188497939125	False	False	False	False	0.5	False	False									
25244	762.4279	3.925	salamandrivorans_liq_Developed_vs_spore_Developed	2.435072391278943	0.048188497939125	False	False	False	False	0.5	True	False									
27046	302.2785	6.423578	salamandrivorans_liq_Developed_vs_spore_Developed	2.2439662910674865	0.048188497939125	False	False	False	False	0.5	True	False									
28917	553.3171	3.438048	salamandrivorans_liq_Developed_vs_spore_Developed	2.205106862680604	0.048188497939125	False	False	False	False	0.5	False	False									
17924	1101.51	2.118	salamandrivorans_liq_Developed_vs_spore_Developed	4.716033226431023	0.048193700342049	False	False	False	False	0.5	True	False									
8423	517.253	0.581	salamandrivorans_liq_Developed_vs_spore_Developed	4.511823759176632	0.048193700342049	False	False	False	False	0.5	False	False									
22950	912.8987	1.896	salamandrivorans_liq_Developed_vs_spore_Developed	4.113374067112372	0.048193700342049	False	False	False	False	0.5	True	False									
20051	467.2501	1.658	salamandrivorans_liq_Developed_vs_spore_Developed	3.94324695098761	0.048193700342049	False	False	False	False	0.5	True	False									
24574	493.5769	3.55	salamandrivorans_liq_Developed_vs_spore_Developed	3.0343381011856927	0.048193700342049	False	False	False	False	0.5	False	False									
28526	884.4504	3.819599	salamandrivorans_liq_Developed_vs_spore_Developed	2.6741443478982614	0.048193700342049	False	False	False	False	0.5	False	False									
30514	1071.6019	3.922	salamandrivorans_liq_Developed_vs_spore_Developed	2.634368381812933	0.048193700342049	False	False	False	False	0.5	False	False									
37397	1396.752	4.158	salamandrivorans_liq_Developed_vs_spore_Developed	2.626212640437456	0.048193700342049	False	False	False	False	0.5	False	False									
10051	572.2646	0.606	salamandrivorans_liq_Developed_vs_spore_Developed	2.2804496270160324	0.048193700342049	False	False	False	False	0.5	True	False									
33853	854.9842	4.151125	salamandrivorans_liq_Developed_vs_spore_Developed	2.0212066531594086	0.048193700342049	False	False	False	False	0.5	True	False									
25304	1046.0985	4.550181	salamandrivorans_liq_Developed_vs_spore_Developed	1.9967980460864063	0.048193700342049	False	False	False	False	0.5	True	False									
29311	1317.683	4.203	salamandrivorans_liq_Developed_vs_spore_Developed	1.494808571157529	0.048193700342049	False	False	False	False	0.5	True	False									
35238	1196.1346	4.371932	salamandrivorans_liq_Developed_vs_spore_Developed	1.4917933631877904	0.048193700342049	False	False	False	False	0.5	False	False									
8352	397.6924	1.434	salamandrivorans_liq_Developed_vs_spore_Developed	1.984162013537968	0.048193700342049	False	False	False	False	0.4	True	False									
18461	698.8259	1.483829	salamandrivorans_liq_Developed_vs_spore_Developed	4.779236208636277	0.0482237852763672	False	False	False	False	0.5	True	False									
21646	392.2096	1.851	salamandrivorans_liq_Developed_vs_spore_Developed	3.4520698973449004	0.0482237852763672	False	False	False	False	0.5	True	False									
17767	652.8505	3.464087	salamandrivorans_liq_Developed_vs_spore_Developed	3.444483726756705	0.0482237852763672	False	False	False	False	0.5	False	False									
34073	1223.639	3.959	salamandrivorans_liq_Developed_vs_spore_Developed	2.599220351616012	0.0482237852763672	False	False	False	False	0.5	False	False									
21156	572.4004	1.785	salamandrivorans_liq_Developed_vs_spore_Developed	3.583742070430623	0.0482568494423085	False	False	False	False	0.5	False	False									
19210	266.6306	0.584	salamandrivorans_liq_Developed_vs_spore_Developed	2.738459479414068	0.0482568494423085	False	False	False	False	0.5	False	False									
12688	1128.5944	3.284	salamandrivorans_liq_Developed_vs_spore_Developed	4.94440926709296	0.0482928917725908	False	False	False	False	0.5	False	False									
25857	728.3613	0.748	salamandrivorans_liq_Developed_vs_spore_Developed	4.3043298103870615	0.048298195533499	False	False	False	False	0.5	False	False									
32065	728.893	4.112369	salamandrivorans_liq_Developed_vs_spore_Developed	1.6703682202180417	0.048298195533499	False	False	False	False	0.5	True	False									
25536	843.3554	1.220244	salamandrivorans_liq_Developed_vs_spore_Developed	2.899622514247054	0.048331052324456	False	False	False	False	0.5	False	False									
20889	631.357	3.217148	salamandrivorans_liq_Developed_vs_spore_Developed	4.290203924548682	0.0484625709387733	False	False	False	False	0.5	False	False									
14909	967.9911	2.7695	salamandrivorans_liq_Developed_vs_spore_Developed	3.614207425117727	0.0484625709387733	False	False	False	False	0.5	True	False									
20361	453.8874	1.275533	salamandrivorans_liq_Developed_vs_spore_Developed	3.006631891877159	0.0484625709387733	False	False	False	False	0.5	True	False									
37174	675.8765	4.326812	salamandrivorans_liq_Developed_vs_spore_Developed	1.7103979528603968	0.0484625709387733	False	False	False	False	0.5	False	False									
12092	324.1742	0.745887	salamandrivorans_liq_Developed_vs_spore_Developed	3.550344721980085	0.0484625709387733	False	False	False	False	0.4	False	False									
16295	536.2542	3.504138	salamandrivorans_liq_Developed_vs_spore_Developed	2.7806650055122653	0.0484975595447282	False	False	False	False	0.5	True	False									
26580	364.2365	3.373	salamandrivorans_liq_Developed_vs_spore_Developed	2.503824659876502	0.0484975595447282	False	False	False	False	0.4	True	False									
35343	463.792	8.383441	salamandrivorans_liq_Developed_vs_spore_Developed	1.243480800559717	0.0485928115670158	False	False	False	False	0.5	False	False									
36025	307.6783	0.5725	salamandrivorans_liq_Developed_vs_spore_Developed	1.3186338314067687	0.0486615592038772	False	False	False	False	0.5	False	False									
28044	265.1379	0.959739	salamandrivorans_liq_Developed_vs_spore_Developed	3.293590339961028	0.0488100377427672	False	False	False	False	0.5	False	False									
16191	425.2495	0.577011	salamandrivorans_liq_Developed_vs_spore_Developed	2.777496146262494	0.0488361783239782	False	False	False	False	0.5	True	False									
36945	663.3616	4.31	salamandrivorans_liq_Developed_vs_spore_Developed	1.4586358342248846	0.0488361783239782	False	False	False	False	0.5	False	False									
15159	416.2383	2.650747	salamandrivorans_liq_Developed_vs_spore_Developed	4.309417914580853	0.0488361783239782	False	False	False	False	0.4	True	False									
13475	682.3312	2.681	salamandrivorans_liq_Developed_vs_spore_Developed	3.9414686144953417	0.0488361783239782	False	False	False	False	0.4	False	False									
24272	1074.5698	3.533	salamandrivorans_liq_Developed_vs_spore_Developed	3.634481775069668	0.0488743993978158	False	False	False	False	0.5	True	False									
34241	685.4341	8.824635	salamandrivorans_liq_Developed_vs_spore_Developed	1.1897241776340337	0.0488743993978158	False	False	False	False	0.5	False	False									
35714	1272.6902	4.515559	salamandrivorans_liq_Developed_vs_spore_Developed	1.4324618769267858	0.0489065024022935	False	False	False	False	0.5	False	False									
37813	666.3538	4.589426	salamandrivorans_liq_Developed_vs_spore_Developed	1.2188764567725303	0.0489065024022935	False	False	False	False	0.5	True	False									
30024	845.485	4.178	salamandrivorans_liq_Developed_vs_spore_Developed	1.6162903637153316	0.0489233977446373	False	False	False	False	0.5	True	False									
14391	512.7466	0.575	salamandrivorans_liq_Developed_vs_spore_Developed	1.6111907471921634	0.0489233977446373	False	False	False	False	0.5	False	False									
38176	470.229	5.923862	salamandrivorans_liq_Developed_vs_spore_Developed	1.1720518870707326	0.0489233977446373	False	False	False	False	0.5	False	False									
22318	500.3082	0.578014	salamandrivorans_liq_Developed_vs_spore_Developed	1.104483779738916	0.0489233977446373	False	False	False	False	0.5	False	False									
7589	472.2667	0.5835	salamandrivorans_liq_Developed_vs_spore_Developed	5.804867636588234	0.0489233977446373	False	False	False	False	0.4	False	False									
7794	820.4218	2.524143	salamandrivorans_liq_Developed_vs_spore_Developed	3.659747802490118	0.0489233977446373	False	False	False	False	0.4	True	False									
11622	808.4054	0.603	salamandrivorans_liq_Developed_vs_spore_Developed	4.272365335620876	0.0489523701301165	False	False	False	False	0.5	False	False									
14309	397.8687	2.167	salamandrivorans_liq_Developed_vs_spore_Developed	3.42723257179588	0.0489523701301165	False	False	False	False	0.5	False	False									
35730	407.7592	4.216	salamandrivorans_liq_Developed_vs_spore_Developed	1.2867380694560837	0.0489523701301165	False	False	False	False	0.5	True	False									
32181	388.3412	5.968218	salamandrivorans_liq_Developed_vs_spore_Developed	1.2807371885719785	0.0489523701301165	False	False	False	False	0.5	False	False									
22255	670.855	3.7857	salamandrivorans_liq_Developed_vs_spore_Developed	2.220120948846464	0.0491026344850866	False	False	False	False	0.5	True	False									
33159	769.4418	4.415271	salamandrivorans_liq_Developed_vs_spore_Developed	1.2149835993173472	0.0491617473006725	False	False	False	False	0.5	False	False									
14519	370.7005	0.823207	salamandrivorans_liq_Developed_vs_spore_Developed	3.3440852448558083	0.0491934809322385	False	False	False	False	0.5	False	False									
36625	277.9657	0.57382	salamandrivorans_liq_Developed_vs_spore_Developed	2.238957498414252	0.0491934809322385	False	False	False	False	0.5	False	False									
25386	917.4808	3.356	salamandrivorans_liq_Developed_vs_spore_Developed	4.188450163163102	0.0493175952200353	False	False	False	False	0.5	True	False									
19313	519.7726	0.6925	salamandrivorans_liq_Developed_vs_spore_Developed	3.796943848373484	0.0493175952200353	False	False	False	False	0.5	True	False									
20043	729.3696	3.845	salamandrivorans_liq_Developed_vs_spore_Developed	3.2612283285308847	0.0493175952200353	False	False	False	False	0.5	False	False									
22013	426.7213	0.581994	salamandrivorans_liq_Developed_vs_spore_Developed	1.974299161729579	0.0493796179005069	False	False	False	False	0.5	False	False									
38068	695.3872	4.013	salamandrivorans_liq_Developed_vs_spore_Developed	1.9356999664800345	0.0494202750395287	False	False	False	False	0.5	False	False									
25921	511.2362	0.855847	salamandrivorans_liq_Developed_vs_spore_Developed	4.285732944064069	0.0496686137325648	False	False	False	False	0.5	True	False									
15927	349.1489	3.276	salamandrivorans_liq_Developed_vs_spore_Developed	4.063118969841655	0.0496686137325648	False	False	False	False	0.5	True	False									
19727	321.7132	1.737	salamandrivorans_liq_Developed_vs_spore_Developed	3.49480436817098	0.0496686137325648	False	False	False	False	0.5	True	False									
13622	683.3798	0.59	salamandrivorans_liq_Developed_vs_spore_Developed	1.8921287579669568	0.0496686137325648	False	False	False	False	0.5	True	False									
28823	694.7011	4.32906	salamandrivorans_liq_Developed_vs_spore_Developed	1.530344285485597	0.0496686137325648	False	False	False	False	0.5	False	False									
34418	547.9673	4.219	salamandrivorans_liq_Developed_vs_spore_Developed	1.3812473452368954	0.0496686137325648	False	False	False	False	0.5	False	False									
29476	553.6324	4.225	salamandrivorans_liq_Developed_vs_spore_Developed	1.3659542557052036	0.0496686137325648	False	False	False	False	0.5	False	False									
12868	1022.4948	2.215744	salamandrivorans_liq_Developed_vs_spore_Developed	2.130167309988344	0.049915575917693	False	False	False	False	-0.0999999999999999	True	False									
