row_id	mz	rt	median_a	median_b	log2FC_a_over_b	prevalence_a	prevalence_b	prevalence_diff	U_stat	p_value	q_value	species	family	group_a	group_b	direction	liq_over_spore_log2fc	row ID	sirius_formula	sirius_adduct	sirius_structure_name	sirius_structure_smiles	sirius_structure_confidence	sirius_npc_pathway	sirius_npc_class	sirius_classyfire_class	sirius_source_feature_id	sirius_source_run	annotation_origin	n_candidates	source_mz	source_rt	feature_mz	feature_rt	ppm_error	rt_delta_min	ms2_cosine	match_class	match_status	n_sirius_hits	sirius_hit_ids	sirius_hit_formulas	merged_conflict	is_liq_enriched	passes_media_blank	is_secreted_candidate	bioactive
425	569.8374	2.955	0.0013297600345051	0.0	11.068080921552742	1.0	0.4	0.6	50.0	0.0003330003330003	0.0122630432108188	salamandrivorans	life_stage	liq_Zoospore	liq_Developed	up_in_liq_Zoospore	-0.7876018310314804																											False	False	False	False
506	501.5792	2.285701	0.0009729999091574	0.0	10.617672936894486	1.0	0.2	0.8	50.0	0.0003330003330003	0.0122630432108188	salamandrivorans	life_stage	liq_Zoospore	liq_Developed	up_in_liq_Zoospore	-5.361435713286716																											False	False	False	False
645	725.3218	2.057	0.0005510281197904	0.0	9.79806218589676	1.0	0.0	1.0	50.0	0.0003330003330003	0.0122630432108188	salamandrivorans	life_stage	liq_Zoospore	liq_Developed	up_in_liq_Zoospore	-7.29062985741322																											False	False	False	False
1133	569.3354	3.052	0.0004826453862585	0.0	9.60712941738054	1.0	0.1	0.9	50.0	0.0003330003330003	0.0122630432108188	salamandrivorans	life_stage	liq_Zoospore	liq_Developed	up_in_liq_Zoospore	-6.040868580552595	1133.0	C28H48N4O6S	[M + H]+	proferrioxamine a1	C(CCN)CCN(C(=O)CCC(=O)NCCCCCN(C(=O)CCC(=O)NCCCCCN(C=O)O)O)O	0.068	Amino acids and Peptides	Tripeptides	Carboxylic acids and derivatives	1133.0	native-full-e9838293-bagel	native	1.0								native	native	1.0	1133.0	C28H48N4O6S	False	False	False	False	False
1945	854.4401	1.628	0.0004649239038277	0.0	9.55323094228371	1.0	0.2	0.8	50.0	0.0003330003330003	0.0122630432108188	salamandrivorans	life_stage	liq_Zoospore	liq_Developed	up_in_liq_Zoospore	0.0																											False	False	False	False
3756	565.2655	1.967716	0.0	0.0004042470261998	-9.351761702777502	0.0	1.0	-1.0	0.0	0.0006660006660006	0.0122630432108188	salamandrivorans	life_stage	liq_Zoospore	liq_Developed	up_in_liq_Developed	0.934097401028621	3756.0	C28H38N4O7	[M + Na]+	H-Ala-N(Me)Leu-Tyr-Tyr-OH	CC(C)CC(C(=O)NC(CC1=CC=C(C=C1)O)C(=O)NC(CC2=CC=C(C=C2)O)C(=O)O)N(C)C(=O)C(C)N	0.678	Amino acids and Peptides	Cyclic peptides	Carboxylic acids and derivatives	3756.0	native-full-e9838293-bagel	native	1.0								native	native	1.0	3756.0	C28H38N4O7	False	False	True	False	False
1546	626.8679	3.323	0.0003737972457599	0.0	9.238960341090406	1.0	0.2	0.8	50.0	0.0003330003330003	0.0122630432108188	salamandrivorans	life_stage	liq_Zoospore	liq_Developed	up_in_liq_Zoospore	-4.75001914178974	1546.0	C18H18N6O3Se3	[M + K]+		CC1C2=NC(=C[Se]2)C(=O)NC(C3=NC(=C[Se]3)C(=O)NC(C4=NC(=C[Se]4)C(=O)N1)C)C		Amino acids and Peptides	Aminoacids	Carboxylic acids and derivatives	1546.0	native-full-e9838293-bagel	native	1.0								native	native	1.0	1546.0	C18H18N6O3Se3	False	False	False	False	False
2131	1003.543	3.131	0.000350652912176	0.0	9.146905696427632	1.0	0.3	0.7	49.0	0.0006660006660006	0.0122630432108188	salamandrivorans	life_stage	liq_Zoospore	liq_Developed	up_in_liq_Zoospore	1.50098074401806																											True	False	False	False
2540	1064.5348	2.057	0.0003377748833492	0.0	9.093021067524225	1.0	0.1	0.9	50.0	0.0003330003330003	0.0122630432108188	salamandrivorans	life_stage	liq_Zoospore	liq_Developed	up_in_liq_Zoospore	0.0																											False	False	False	False
1753	660.8174	2.199	0.000331540905325	0.0	9.06619556647383	1.0	0.3	0.7	49.0	0.0006660006660006	0.0122630432108188	salamandrivorans	life_stage	liq_Zoospore	liq_Developed	up_in_liq_Zoospore	-1.838112175408872	1753.0	C13H20Br4N4O7	[M + H]+							1753.0	native-full-e9838293-bagel	native	1.0								native	native	1.0	1753.0	C13H20Br4N4O7	False	False	False	False	False
1482	646.9965	3.091917	0.0003176258932679	0.0	9.004455117653642	1.0	0.2	0.8	49.0	0.0006660006660006	0.0122630432108188	salamandrivorans	life_stage	liq_Zoospore	liq_Developed	up_in_liq_Zoospore	-4.10613734617174	1482.0	C20H21ClN4O11S3	[M + Na]+	5-[3-[(1-Benzylsulfonylpiperidin-4-yl)amino]phenyl]-4-bromo-3-(carboxylatomethoxy)thiophene-2-carboxylate	C1CN(CCC1NC2=CC=CC(=C2)C3=C(C(=C(S3)C(=O)O)OCC(=O)O)Br)S(=O)(=O)CC4=CC=CC=C4	0.063	Amino acids and Peptides	Penicillins	Carboxylic acids and derivatives	1482.0	native-full-e9838293-bagel	native	1.0								native	native	1.0	1482.0	C20H21ClN4O11S3	False	False	False	False	False
526	506.9103	1.912	0.0003145884655838	0.0	8.990619487261114	1.0	0.2	0.8	50.0	0.0003330003330003	0.0122630432108188	salamandrivorans	life_stage	liq_Zoospore	liq_Developed	up_in_liq_Zoospore	-5.927729177888197	526.0	C12H17Br2ClN4O4S	[M + H]+							526.0	native-full-e9838293-bagel	native	1.0								native	native	1.0	526.0	C12H17Br2ClN4O4S	False	False	False	False	False
2308	1374.1731	3.599	0.0003003433716395	0.0	8.923901047332073	1.0	0.2	0.8	50.0	0.0003330003330003	0.0122630432108188	salamandrivorans	life_stage	liq_Zoospore	liq_Developed	up_in_liq_Zoospore	0.0																											False	False	False	False
1208	560.3275	2.373	0.0	0.0002994089083913	-8.9194146398861	0.0	1.0	-1.0	0.0	0.0006660006660006	0.0122630432108188	salamandrivorans	life_stage	liq_Zoospore	liq_Developed	up_in_liq_Developed	3.0460758764965736	1208.0	C28H47N3O7	[M + Na]+	H-DL-Glu-DL-Leu-DL-Val-DL-xiIle-DL-Ser-OH	CCC(C)C(C(=O)NC(CO)C(=O)O)NC(=O)C(C(C)C)NC(=O)C(CC(C)C)NC(=O)C(CCC(=O)O)N	0.336	Amino acids and Peptides	Tripeptides	Carboxylic acids and derivatives	5193.0	EB-MSV000090464-gnps_ms2	transferred	1.0	560.3283	2.38	560.3275	2.373	-1.428	-0.007	1.0	unique	assigned	1.0	5193.0	C28H47N3O7	False	True	True	True	False
3731	710.385	2.198	0.0	0.0002944642522738	-8.895440028926721	0.2	1.0	-0.8	0.0	0.0006660006660006	0.0122630432108188	salamandrivorans	life_stage	liq_Zoospore	liq_Developed	up_in_liq_Developed	8.35129549850512																											True	True	True	False
32539	724.3137	2.145	0.000281008904884	0.0	8.828108430156659	1.0	0.1	0.9	50.0	0.0003330003330003	0.0122630432108188	salamandrivorans	life_stage	liq_Zoospore	liq_Developed	up_in_liq_Zoospore	-5.567295827228722																											False	False	False	False
1931	646.6602	3.086834	0.0002788495247006	0.0	8.817003974650522	1.0	0.1	0.9	49.0	0.0006660006660006	0.0122630432108188	salamandrivorans	life_stage	liq_Zoospore	liq_Developed	up_in_liq_Zoospore	0.0	1931.0	C40H85N3O	[M + Na]+							1931.0	native-full-e9838293-bagel	native	1.0								native	native	1.0	1931.0	C40H85N3O	False	False	False	False	False
2128	646.6617	3.292	0.0002753248716679	0.0	8.798693055704906	1.0	0.3	0.7	49.0	0.0006660006660006	0.0122630432108188	salamandrivorans	life_stage	liq_Zoospore	liq_Developed	up_in_liq_Zoospore	-0.5017507857553801	2128.0	C40H85N3O	[M + Na]+							2128.0	native-full-e9838293-bagel	native	1.0								native	native	1.0	2128.0	C40H85N3O	False	False	False	False	False
3614	660.8097	2.207	0.0002658224718285	0.0	8.748136989084212	1.0	0.1	0.9	49.0	0.0006660006660006	0.0122630432108188	salamandrivorans	life_stage	liq_Zoospore	liq_Developed	up_in_liq_Zoospore	-6.751435728383298																											False	False	False	False
5875	615.3234	1.644	0.0	0.0002646631329249	-8.741845859670523	0.0	1.0	-1.0	0.0	0.0006660006660006	0.0122630432108188	salamandrivorans	life_stage	liq_Zoospore	liq_Developed	up_in_liq_Developed	8.521891241059741																											True	True	True	False
2452	1048.5427	2.181	0.0002503612301164	0.0	8.661892278239888	1.0	0.1	0.9	50.0	0.0003330003330003	0.0122630432108188	salamandrivorans	life_stage	liq_Zoospore	liq_Developed	up_in_liq_Zoospore	0.0																											False	False	False	False
1902	819.0829	2.507	0.0002443653632678	0.0	8.627008312659116	1.0	0.3	0.7	50.0	0.0003330003330003	0.0122630432108188	salamandrivorans	life_stage	liq_Zoospore	liq_Developed	up_in_liq_Zoospore	0.5557814331898812	1902.0	C20H34N6O21P4	[M + H]+							1902.0	native-full-e9838293-bagel	native	1.0								native	native	1.0	1902.0	C20H34N6O21P4	False	False	False	False	False
2903	549.2961	1.635	0.0	0.0002383925865561	-8.591399298107202	0.4	1.0	-0.6	0.0	0.0006660006660006	0.0122630432108188	salamandrivorans	life_stage	liq_Zoospore	liq_Developed	up_in_liq_Developed	7.448675242143802	2903.0	C26H40N6O7	[M + H]+	H-Val-Arg-Pro-Arg-al	CC(C)C(C(=O)NC(CCCN=C(N)N)C(=O)N1CCCC1C(=O)NC(CCCN=C(N)N)C=O)N	0.493	Amino acids and Peptides	Tripeptides	Carboxylic acids and derivatives	2903.0	native-full-e9838293-bagel	native	1.0								native	native	1.0	2903.0	C26H40N6O7	False	True	True	True	False
2145	780.4005	2.237236	0.0	0.0002340690020417	-8.565062902597786	0.0	1.0	-1.0	0.0	0.0006660006660006	0.0122630432108188	salamandrivorans	life_stage	liq_Zoospore	liq_Developed	up_in_liq_Developed	0.6026141844355137																											False	True	False	False
2279	577.335	3.116	0.0002246052505001	0.0	8.505681158071488	1.0	0.2	0.8	50.0	0.0003330003330003	0.0122630432108188	salamandrivorans	life_stage	liq_Zoospore	liq_Developed	up_in_liq_Zoospore	0.0	2279.0	C28H44N6O7	[M + H]+	H-Gly-Ile-Val-Gly-Pro-Leu-OH	CCC(C)C(C(=O)NC(C(C)C)C(=O)NCC(=O)N1CCCC1C(=O)NC(CC(C)C)C(=O)O)NC(=O)CN	0.773	Amino acids and Peptides	Tripeptides	Carboxylic acids and derivatives	2279.0	native-full-e9838293-bagel	native	1.0								native	native	1.0	2279.0	C28H44N6O7	False	False	False	False	False
4395	661.9861	2.213	0.0	0.0002227648954301	-8.49384419845993	0.2	1.0	-0.8	0.0	0.0006660006660006	0.0122630432108188	salamandrivorans	life_stage	liq_Zoospore	liq_Developed	up_in_liq_Developed	7.97123942018862																											True	True	True	False
3536	837.4972	2.556	0.0	0.0002181486455377	-8.46371849531887	0.0	1.0	-1.0	0.0	0.0006660006660006	0.0122630432108188	salamandrivorans	life_stage	liq_Zoospore	liq_Developed	up_in_liq_Developed	7.70050001455792																											True	True	True	False
3806	730.8935	3.095462	0.0002069064550748	0.0	8.387607650579751	1.0	0.1	0.9	50.0	0.0003330003330003	0.0122630432108188	salamandrivorans	life_stage	liq_Zoospore	liq_Developed	up_in_liq_Zoospore	0.0																											False	False	False	False
2454	789.3782	2.664229	0.0	0.0002049339436892	-8.373829418737616	0.0	1.0	-1.0	0.0	0.0006660006660006	0.0122630432108188	salamandrivorans	life_stage	liq_Zoospore	liq_Developed	up_in_liq_Developed	2.793612727084805	2454.0	C35H56N4O16	[M + H]+	L-Iditol, 1,2,5,6-tetradeoxy-2,5-bis(((2S)-3-methyl-1-oxo-2-(((phenylmethoxy)carbonyl)amino)butyl)amino)-1,6-diphenyl-	CC(C)C(C(=O)NC(CC1=CC=CC=C1)C(C(C(CC2=CC=CC=C2)NC(=O)C(C(C)C)NC(=O)OCC3=CC=CC=C3)O)O)NC(=O)OCC4=CC=CC=C4	0.221	Amino acids and Peptides	Cyclic peptides	Carboxylic acids and derivatives	6039.0	EB-MSV000090464-gnps_ms2	transferred	2.0	789.3773	2.67	789.3782	2.664229	1.14	-0.006	1.0	unique	assigned	1.0	6039.0	C35H56N4O16	False	True	True	True	False
3788	1007.5198	2.094281	0.0002047820552443	0.0	8.372762982999333	1.0	0.1	0.9	50.0	0.0003330003330003	0.0122630432108188	salamandrivorans	life_stage	liq_Zoospore	liq_Developed	up_in_liq_Zoospore	0.0	3788.0	C50H66N14O9	[M + H]+	H-Met-Phe-Ser-Ile-Asp-Asn-Ile-Leu-Ala-al	CCC(C)C(C(=O)NC(CC(C)C)C(=O)NC(C)C=O)NC(=O)C(CC(=O)N)NC(=O)C(CC(=O)O)NC(=O)C(C(C)CC)NC(=O)C(CO)NC(=O)C(CC1=CC=CC=C1)NC(=O)C(CCSC)N	0.121	Amino acids and Peptides	RiPPs	Carboxylic acids and derivatives	3788.0	native-full-e9838293-bagel	native	1.0								native	native	1.0	3788.0	C50H66N14O9	False	False	False	False	False
3226	708.8339	2.167224	0.0	0.0002027213231448	-8.358215771621706	0.0	1.0	-1.0	0.0	0.0006660006660006	0.0122630432108188	salamandrivorans	life_stage	liq_Zoospore	liq_Developed	up_in_liq_Developed	0.7205976776855366																											False	True	False	False
3644	1422.7976	4.2285	0.0001999393890072	0.0	8.33834181373142	1.0	0.4	0.6	50.0	0.0003330003330003	0.0122630432108188	salamandrivorans	life_stage	liq_Zoospore	liq_Developed	up_in_liq_Zoospore	3.496191469215855	3644.0	C69H103N19O14	[M + H]+	H-Phe-Gly-Phe-Leu-D-Pro-D-Ile-Tyr-Arg-Arg-Pro-Ala-Ser-NH2	CCC(C)C(C(=O)NC(CC1=CC=C(C=C1)O)C(=O)NC(CCCN=C(N)N)C(=O)NC(CCCN=C(N)N)C(=O)N2CCCC2C(=O)NC(C)C(=O)NC(CO)C(=O)N)NC(=O)C3CCCN3C(=O)C(CC(C)C)NC(=O)C(CC4=CC=CC=C4)NC(=O)CNC(=O)C(CC5=CC=CC=C5)N	0.371	Amino acids and Peptides	Depsipeptides	Peptidomimetics	3644.0	native-full-e9838293-bagel	native	1.0								native	native	1.0	3644.0	C69H103N19O14	False	True	False	False	False
4343	532.774	2.057	0.0001922230763283	0.0	8.281739558376048	1.0	0.1	0.9	50.0	0.0003330003330003	0.0122630432108188	salamandrivorans	life_stage	liq_Zoospore	liq_Developed	up_in_liq_Zoospore	-6.1020735870708025																											False	False	False	False
3157	670.3433	0.589	0.0	0.0001861383033552	-8.23548451240573	0.0	1.0	-1.0	0.0	0.0006660006660006	0.0122630432108188	salamandrivorans	life_stage	liq_Zoospore	liq_Developed	up_in_liq_Developed	7.959306340927594																											True	True	True	False
2217	1080.1028	3.051392	0.0001816176666824	0.0	8.200133239794448	1.0	0.3	0.7	49.0	0.0006660006660006	0.0122630432108188	salamandrivorans	life_stage	liq_Zoospore	liq_Developed	up_in_liq_Zoospore	5.293819398347456																											True	False	False	False
3219	682.3474	2.956	0.0001779870055606	0.0	8.171100673005208	1.0	0.1	0.9	49.0	0.0006660006660006	0.0122630432108188	salamandrivorans	life_stage	liq_Zoospore	liq_Developed	up_in_liq_Zoospore	0.0	3219.0	C34H47N7O8	[M + H]+	H-DL-Ala-DL-Tyr-DL-Pro-Gly-DL-Lys-DL-Phe-OH	CC(C(=O)NC(CC1=CC=C(C=C1)O)C(=O)N2CCCC2C(=O)NCC(=O)NC(CCCCN)C(=O)NC(CC3=CC=CC=C3)C(=O)O)N	0.419	Amino acids and Peptides	Tripeptides	Carboxylic acids and derivatives	3219.0	native-EB97X;native-full-e9838293-bagel	native	1.0								native	native	1.0	3219.0	C34H47N7O8	False	False	False	False	False
5396	969.4824	3.338	0.0001753234364141	0.0	8.149423657399817	1.0	0.0	1.0	50.0	0.0003330003330003	0.0122630432108188	salamandrivorans	life_stage	liq_Zoospore	liq_Developed	up_in_liq_Zoospore	-4.129901388845603	5396.0	C49H70N8O10	[M + K]+	Angiotensin Iii	CCC(C)C(C(=O)NC(CC1=CN=CN1)C(=O)N2CCCC2C(=O)NC(CC3=CC=CC=C3)C(=O)O)NC(=O)C(CC4=CC=C(C=C4)O)NC(=O)C(C(C)C)NC(=O)C(CCCN=C(N)N)N	0.503	Amino acids and Peptides	Cyclic peptides	Carboxylic acids and derivatives	5396.0	native-full-e9838293-bagel	native	1.0								native	native	1.0	5396.0	C49H70N8O10	False	False	False	False	False
5339	651.3511	1.99435	0.0	0.0001747528426177	-8.144737309390825	0.4	1.0	-0.6	0.0	0.0006660006660006	0.0122630432108188	salamandrivorans	life_stage	liq_Zoospore	liq_Developed	up_in_liq_Developed	7.8102647901018525	5339.0	C34H46N6O7	[M + H]+		CC1=C(C(=CC=C1)C)OCC(=O)NC(CC2=CC=CC=C2)C(CC(CC3=CC=CC=C3)NC(=O)C(C(C)C)N4CCCNC4=O)O	0.436	Amino acids and Peptides	Cyclic peptides	Carboxylic acids and derivatives	3864.0	EB-MSV000090464-gnps_ms2	transferred	1.0	651.3492	1.99	651.3511	1.99435	2.917	0.004	0.9999	unique	assigned	1.0	3864.0	C34H46N6O7	False	True	True	True	False
5941	1099.3822	2.946738	0.0001716027473673	0.0	8.118587609436211	1.0	0.2	0.8	49.0	0.0006660006660006	0.0122630432108188	salamandrivorans	life_stage	liq_Zoospore	liq_Developed	up_in_liq_Zoospore	0.0	5941.0	C58H58N4O18	[M + H]+	1',6'-[[4-(3-Phenylureido)-1,2-phenylene]bismethylene]-3,4-[[3-(3-phenylureido)-6-methoxy-1,2-phenylene]bismethylene]-1,3'-methylene-4',6-methylenebis(2,5-dioxooctahydroimidazo[4,5-d]imidazole-3aalpha,6aalpha-dicarboxylic acid diethyl) ester	CCOC(=O)C12C3(N4CN5C(=O)N6CC7=C(C=CC(=C7CN8C6(C5(N(C8=O)CN3C(=O)N1CC9=C(CN2C4=O)C=CC(=C9)NC(=O)NC1=CC=CC=C1)C(=O)OCC)C(=O)OCC)NC(=O)NC1=CC=CC=C1)OC)C(=O)OCC	0.006	Amino acids and Peptides	Linear peptides	Polypeptides	5941.0	native-full-e9838293-bagel	native	1.0								native	native	1.0	5941.0	C58H58N4O18	False	False	False	False	False
915	563.3264	3.835343	0.009534834422152	3.3936247868810006e-05	8.108225579899841	1.0	0.7	0.3	50.0	0.0006660006660006	0.0122630432108188	salamandrivorans	life_stage	liq_Zoospore	liq_Developed	up_in_liq_Zoospore	-0.6606536542757959																											False	False	False	False
4365	682.854	2.957	0.0001665851792964	0.0	8.075931351719564	1.0	0.1	0.9	50.0	0.0003330003330003	0.0122630432108188	salamandrivorans	life_stage	liq_Zoospore	liq_Developed	up_in_liq_Zoospore	0.0	4365.0	C18H26Br4N2O6	[M + H]+							4365.0	native-full-e9838293-bagel	native	1.0								native	native	1.0	4365.0	C18H26Br4N2O6	False	False	False	False	False
3442	577.8359	3.115	0.0001641836211747	0.0	8.055059714707047	1.0	0.2	0.8	50.0	0.0003330003330003	0.0122630432108188	salamandrivorans	life_stage	liq_Zoospore	liq_Developed	up_in_liq_Zoospore	0.0	3442.0	C8H14BrI2N5O4	[M + H]+							3442.0	native-full-e9838293-bagel	native	1.0								native	native	1.0	3442.0	C8H14BrI2N5O4	False	False	False	False	False
5856	969.9897	3.377	0.0001581548465956	0.0	8.00129403409197	1.0	0.2	0.8	49.0	0.0006660006660006	0.0122630432108188	salamandrivorans	life_stage	liq_Zoospore	liq_Developed	up_in_liq_Zoospore	-4.977085330984639	5856.0	C32H43Br4N7O8	[M + H]+							5856.0	native-full-e9838293-bagel	native	1.0								native	native	1.0	5856.0	C32H43Br4N7O8	False	False	False	False	False
4017	1094.111	4.677955	0.0001572520261727	0.0	7.993067198387125	1.0	0.4	0.6	50.0	0.0003330003330003	0.0122630432108188	salamandrivorans	life_stage	liq_Zoospore	liq_Developed	up_in_liq_Zoospore	5.41967275137863																											True	False	False	False
7169	938.4205	1.7145	0.0	0.0001559471005289	-7.981092704678861	0.4	1.0	-0.6	0.0	0.0006660006660006	0.0122630432108188	salamandrivorans	life_stage	liq_Zoospore	liq_Developed	up_in_liq_Developed	7.431861242774767																											True	True	True	False
3147	647.3317	3.34	0.0001489301161924	0.0	7.914940496947037	1.0	0.2	0.8	49.0	0.0006660006660006	0.0122630432108188	salamandrivorans	life_stage	liq_Zoospore	liq_Developed	up_in_liq_Zoospore	-4.66603405272826	3147.0	C31H46N6O9	[M + H]+	H-Glu-Pro-Ile-Pro-Ile-Gly-OH	CCC(C)C(C(=O)NCC(=O)O)NC(=O)C1CCCN1C(=O)C(C(C)CC)NC(=O)C2CCCN2C(=O)C(CCC(=O)O)N	0.455	Amino acids and Peptides	Tripeptides	Carboxylic acids and derivatives	3147.0	native-full-e9838293-bagel	native	1.0								native	native	1.0	3147.0	C31H46N6O9	False	False	False	False	False
2577	1105.5713	3.532	0.0001470680754871	0.0	7.896864769727752	1.0	0.4	0.6	50.0	0.0003330003330003	0.0122630432108188	salamandrivorans	life_stage	liq_Zoospore	liq_Developed	up_in_liq_Zoospore	1.1303028976264793																											True	False	False	False
4234	524.7773	2.181	0.0001428600563672	0.0	7.855161542727181	1.0	0.2	0.8	50.0	0.0003330003330003	0.0122630432108188	salamandrivorans	life_stage	liq_Zoospore	liq_Developed	up_in_liq_Zoospore	0.0																											False	False	False	False
3847	586.2527	1.897	0.0001413290690884	0.0	7.839684676132605	1.0	0.1	0.9	50.0	0.0003330003330003	0.0122630432108188	salamandrivorans	life_stage	liq_Zoospore	liq_Developed	up_in_liq_Zoospore	0.0	3847.0	C28H35N5O9	[M + H]+	H-DL-Tyr-DL-Pro-DL-Ser-DL-Tyr-Gly-OH	C1CC(N(C1)C(=O)C(CC2=CC=C(C=C2)O)N)C(=O)NC(CO)C(=O)NC(CC3=CC=C(C=C3)O)C(=O)NCC(=O)O	0.797	Amino acids and Peptides	Linear peptides	Carboxylic acids and derivatives	3613.0	EB-MSV000090464-gnps_ms2	transferred	3.0	586.2517	1.9	586.2527	1.897	1.706	-0.003	0.9998	unique	assigned	1.0	3613.0	C28H35N5O9	False	False	False	False	False
8101	855.453	1.6285	0.0001409266860829	0.0	7.835589251413716	1.0	0.4	0.6	50.0	0.0003330003330003	0.0122630432108188	salamandrivorans	life_stage	liq_Zoospore	liq_Developed	up_in_liq_Zoospore	5.212775320180064																											True	False	False	False
2603	497.2383	3.458479	0.0001400118757293	0.0	7.826234889510008	1.0	0.3	0.7	49.0	0.0006660006660006	0.0122630432108188	salamandrivorans	life_stage	liq_Zoospore	liq_Developed	up_in_liq_Zoospore	3.321263033426869	2603.0	C26H32N4O6	[M + H]+	H-Asp-Leu-Pro-Phe-al	CC(C)CC(C(=O)N1CCCC1C(=O)NC(CC2=CC=CC=C2)C=O)NC(=O)C(CC(=O)O)N	0.789	Amino acids and Peptides	Tripeptides	Carboxylic acids and derivatives	2603.0	native-full-e9838293-bagel	native	1.0								native	native	1.0	2603.0	C26H32N4O6	False	True	False	False	False
3581	683.328	2.503394	0.0001385265191187	0.0	7.810916036832577	1.0	0.0	1.0	50.0	0.0003330003330003	0.0122630432108188	salamandrivorans	life_stage	liq_Zoospore	liq_Developed	up_in_liq_Zoospore	0.0	3581.0	C30H46N6O12	[M + H]+	DES(2-oxo-tetrahydropyrimidinyl)-2-oxo-4-hydroxy-tetrahydropyrimidinyl lopinavir	CC1=C(C(=CC=C1)C)OCC(=O)NC(CC2=CC=CC=C2)C(CC(CC3=CC=CC=C3)NC(=O)C(C(C)C)N4CCC(NC4=O)O)O	0.136	Amino acids and Peptides	Cyclic peptides	Carboxylic acids and derivatives	3581.0	native-full-e9838293-bagel	native	1.0								native	native	1.0	3581.0	C30H46N6O12	False	False	False	False	False
5456	873.9293	2.404	0.0001380130156662	0.0	7.805582083349143	1.0	0.1	0.9	49.0	0.0006660006660006	0.0122630432108188	salamandrivorans	life_stage	liq_Zoospore	liq_Developed	up_in_liq_Zoospore	-4.913690852909657																											False	False	False	False
2752	680.0201	3.388104	0.0001371882118692	0.0	7.796973043058407	1.0	0.3	0.7	49.0	0.0006660006660006	0.0122630432108188	salamandrivorans	life_stage	liq_Zoospore	liq_Developed	up_in_liq_Zoospore	3.895044132859625	2752.0	C27H23N5O6S4	[M + K]+	2-[(6-ethoxy-1,3-benzothiazol-2-yl)sulfanyl]-N-[2-[2-(4-methoxy-2-nitroanilino)-2-oxoethyl]sulfanyl-1,3-benzothiazol-6-yl]acetamide	CCOC1=CC2=C(C=C1)N=C(S2)SCC(=O)NC3=CC4=C(C=C3)N=C(S4)SCC(=O)NC5=C(C=C(C=C5)OC)[N+](=O)[O-]		Amino acids and Peptides	RiPPs	Carboxylic acids and derivatives	2752.0	native-full-e9838293-bagel	native	1.0								native	native	1.0	2752.0	C27H23N5O6S4	False	True	False	False	False
6162	1375.1541	3.598	0.0001352807850616	0.0	7.776864923297895	1.0	0.1	0.9	50.0	0.0003330003330003	0.0122630432108188	salamandrivorans	life_stage	liq_Zoospore	liq_Developed	up_in_liq_Zoospore	0.0																											False	False	False	False
6419	955.4917	2.04	0.000135143626346	0.0	7.7754081353850575	1.0	0.1	0.9	50.0	0.0003330003330003	0.0122630432108188	salamandrivorans	life_stage	liq_Zoospore	liq_Developed	up_in_liq_Zoospore	0.0																											False	False	False	False
5071	666.648	2.1985	0.0	0.0001343662611539	-7.767123686275992	0.0	1.0	-1.0	0.0	0.0006660006660006	0.0122630432108188	salamandrivorans	life_stage	liq_Zoospore	liq_Developed	up_in_liq_Developed	6.829638106013033																											True	True	True	False
6417	672.3743	3.1764	0.0	0.0001340849371377	-7.764113829479043	0.0	1.0	-1.0	0.0	0.0006660006660006	0.0122630432108188	salamandrivorans	life_stage	liq_Zoospore	liq_Developed	up_in_liq_Developed	6.852103817982145	6417.0	C31H53N5O11	[M + H]+	Palmyramide A	CCCC1C(C(=O)OC(C(=O)OC(C(=O)N2CCCC2C(=O)N(C(C(=O)NC(C(=O)O1)C(C)C)C(C)C)C)CC3=CC=CC=C3)C)(C)C	0.794	Amino acids and Peptides	Depsipeptides	Peptidomimetics	6417.0	native-full-e9838293-bagel	native	1.0								native	native	1.0	6417.0	C31H53N5O11	False	True	True	True	False
3201	679.6841	3.392714	0.0001313586607493	0.0	7.734615708079604	1.0	0.1	0.9	49.0	0.0006660006660006	0.0122630432108188	salamandrivorans	life_stage	liq_Zoospore	liq_Developed	up_in_liq_Zoospore	0.0	3201.0	C42H86N4O2	[M + H]+	Octadecanamide, N,N'-[1,2-ethanediylbis(imino-2,1-ethanediyl)]bis-	CCCCCCCCCCCCCCCCCC(=O)NCCNCCNCCNC(=O)CCCCCCCCCCCCCCCCC	0.034	Amino acids and Peptides	Linear peptides	Carboxylic acids and derivatives	3201.0	native-full-e9838293-bagel	native	1.0								native	native	1.0	3201.0	C42H86N4O2	False	False	False	False	False
5218	492.7847	3.653475	0.0	0.0001312816752608	-7.733773910799688	0.2	1.0	-0.8	0.0	0.0006660006660006	0.0122630432108188	salamandrivorans	life_stage	liq_Zoospore	liq_Developed	up_in_liq_Developed	7.452813510577681																											True	True	True	False
5209	431.237	0.6115	0.0	0.0001312363622552	-7.7332782063291985	0.0	1.0	-1.0	0.0	0.0006660006660006	0.0122630432108188	salamandrivorans	life_stage	liq_Zoospore	liq_Developed	up_in_liq_Developed	7.330717577070442																											True	True	True	False
4984	748.3894	2.7765	0.0	0.0001287331582915	-7.705626228069684	0.0	1.0	-1.0	0.0	0.0006660006660006	0.0122630432108188	salamandrivorans	life_stage	liq_Zoospore	liq_Developed	up_in_liq_Developed	6.92011755824944	4984.0	C34H53N9O10	[M + H]+	L-Leucyl-L-valyl-L-lysylglycyl-L-phenylalanyl-L-tyrosine	CC(C)CC(C(=O)NC(C(C)C)C(=O)NC(CCCCN)C(=O)NCC(=O)NC(CC1=CC=CC=C1)C(=O)NC(CC2=CC=C(C=C2)O)C(=O)O)N	0.826	Amino acids and Peptides	Tripeptides	Carboxylic acids and derivatives	4984.0	native-full-e9838293-bagel	native	1.0								native	native	1.0	4984.0	C34H53N9O10	False	True	True	True	False
14923	815.378	1.928	0.0001279666675334	0.0	7.697051990964334	1.0	0.2	0.8	50.0	0.0003330003330003	0.0122630432108188	salamandrivorans	life_stage	liq_Zoospore	liq_Developed	up_in_liq_Zoospore	0.0																											False	False	False	False
6763	863.4037	2.152056	0.0	0.000122898652227	-7.639039683786947	0.4	1.0	-0.6	0.0	0.0006660006660006	0.0122630432108188	salamandrivorans	life_stage	liq_Zoospore	liq_Developed	up_in_liq_Developed	6.94880422092657																											True	True	True	False
8891	755.861	3.211175	0.000122178111895	0.0	7.63059912287812	1.0	0.2	0.8	50.0	0.0003330003330003	0.0122630432108188	salamandrivorans	life_stage	liq_Zoospore	liq_Developed	up_in_liq_Zoospore	0.0																											False	False	False	False
7428	956.4958	2.626	0.0	0.0001212239490287	-7.619345319078708	0.2	1.0	-0.8	0.0	0.0006660006660006	0.0122630432108188	salamandrivorans	life_stage	liq_Zoospore	liq_Developed	up_in_liq_Developed	7.322704324264938																											True	True	True	False
3538	626.8674	3.437476	0.0001209361826292	0.0	7.615933977279581	1.0	0.4	0.6	50.0	0.0003330003330003	0.0122630432108188	salamandrivorans	life_stage	liq_Zoospore	liq_Developed	up_in_liq_Zoospore	4.684577035143488																											True	False	False	False
6657	929.4984	0.604	0.0	0.0001205964687447	-7.611896411770744	0.0	1.0	-1.0	0.0	0.0006660006660006	0.0122630432108188	salamandrivorans	life_stage	liq_Zoospore	liq_Developed	up_in_liq_Developed	7.325851888395821																											True	True	True	False
2408	1108.5477	2.056	0.0001205129371111	0.0	7.610901888848449	1.0	0.0	1.0	50.0	0.0003330003330003	0.0122630432108188	salamandrivorans	life_stage	liq_Zoospore	liq_Developed	up_in_liq_Zoospore	0.0																											False	False	False	False
8427	867.8937	2.0016	0.0	0.0001202232668732	-7.607447770685408	0.4	1.0	-0.6	0.0	0.0006660006660006	0.0122630432108188	salamandrivorans	life_stage	liq_Zoospore	liq_Developed	up_in_liq_Developed	7.546736249698991																											True	True	True	False
5106	784.3878	2.475145	0.0	0.0001198133497258	-7.602545615679239	0.0	1.0	-1.0	0.0	0.0006660006660006	0.0122630432108188	salamandrivorans	life_stage	liq_Zoospore	liq_Developed	up_in_liq_Developed	6.60288748603525																											True	True	True	False
4921	578.9562	1.595	0.000119148027929	0.0	7.594553474556379	1.0	0.1	0.9	50.0	0.0003330003330003	0.0122630432108188	salamandrivorans	life_stage	liq_Zoospore	liq_Developed	up_in_liq_Zoospore	0.0																											False	False	False	False
5173	1137.6606	3.038563	0.0001191436086335	0.0	7.594500239718454	1.0	0.2	0.8	50.0	0.0003330003330003	0.0122630432108188	salamandrivorans	life_stage	liq_Zoospore	liq_Developed	up_in_liq_Zoospore	0.0																											False	False	False	False
6128	646.8414	2.891333	0.0001170759111468	0.0	7.569374770482693	1.0	0.1	0.9	50.0	0.0003330003330003	0.0122630432108188	salamandrivorans	life_stage	liq_Zoospore	liq_Developed	up_in_liq_Zoospore	0.0	6128.0	C13H22Br4N4O6	[M + H]+							6128.0	native-full-e9838293-bagel	native	1.0								native	native	1.0	6128.0	C13H22Br4N4O6	False	False	False	False	False
5784	824.749	2.489485	0.0001169867198167	0.0	7.568281061750945	1.0	0.4	0.6	50.0	0.0003330003330003	0.0122630432108188	salamandrivorans	life_stage	liq_Zoospore	liq_Developed	up_in_liq_Zoospore	5.109263026543087																											True	False	False	False
6641	478.2483	2.633319	0.0	0.0001161929759459	-7.5585110799977535	0.4	1.0	-0.6	0.0	0.0006660006660006	0.0122630432108188	salamandrivorans	life_stage	liq_Zoospore	liq_Developed	up_in_liq_Developed	7.092512827394396																											True	True	True	False
4250	907.5585	2.949	0.000111892958244	0.0	7.504401543711291	1.0	0.1	0.9	50.0	0.0003330003330003	0.0122630432108188	salamandrivorans	life_stage	liq_Zoospore	liq_Developed	up_in_liq_Zoospore	0.0																											False	False	False	False
4310	452.2548	2.492	0.0001114010224182	0.0	7.498079857531927	1.0	0.1	0.9	50.0	0.0003330003330003	0.0122630432108188	salamandrivorans	life_stage	liq_Zoospore	liq_Developed	up_in_liq_Zoospore	-4.81652702348385																											False	False	False	False
5910	1124.481	1.758818	0.0	0.0001083266924458	-7.457932629647421	0.0	1.0	-1.0	0.0	0.0006660006660006	0.0122630432108188	salamandrivorans	life_stage	liq_Zoospore	liq_Developed	up_in_liq_Developed	-0.7272045589556729																											False	True	False	False
7580	678.3664	3.098901	0.000107862618237	0.0	7.451774115990495	1.0	0.2	0.8	50.0	0.0003330003330003	0.0122630432108188	salamandrivorans	life_stage	liq_Zoospore	liq_Developed	up_in_liq_Zoospore	0.0																											False	False	False	False
7049	814.0809	2.630687	0.0001069310258842	0.0	7.439331458980453	1.0	0.0	1.0	50.0	0.0003330003330003	0.0122630432108188	salamandrivorans	life_stage	liq_Zoospore	liq_Developed	up_in_liq_Zoospore	0.0																											False	False	False	False
7514	992.4773	3.630555	0.0001052148314694	0.0	7.416124611504949	1.0	0.2	0.8	49.0	0.0006660006660006	0.0122630432108188	salamandrivorans	life_stage	liq_Zoospore	liq_Developed	up_in_liq_Zoospore	0.0																											False	False	False	False
6172	1099.8817	2.924	0.0001051909373155	0.0	7.415798858815129	1.0	0.1	0.9	49.0	0.0006660006660006	0.0122630432108188	salamandrivorans	life_stage	liq_Zoospore	liq_Developed	up_in_liq_Zoospore	0.0																											False	False	False	False
9995	873.4528	3.307	0.0	0.0001043920920768	-7.404865524489397	0.0	1.0	-1.0	0.0	0.0006660006660006	0.0122630432108188	salamandrivorans	life_stage	liq_Zoospore	liq_Developed	up_in_liq_Developed	7.128498949460415																											True	True	True	False
4648	587.2444	2.026	0.0	0.0001031840799645	-7.388173155913823	0.2	1.0	-0.8	0.0	0.0006660006660006	0.0122630432108188	salamandrivorans	life_stage	liq_Zoospore	liq_Developed	up_in_liq_Developed	6.41402633206069																											True	True	True	False
7639	1102.6033	3.051899	0.0001002758354688	0.0	7.347176496908568	1.0	0.4	0.6	50.0	0.0003330003330003	0.0122630432108188	salamandrivorans	life_stage	liq_Zoospore	liq_Developed	up_in_liq_Zoospore	1.7303853275632315																											True	False	False	False
7988	814.4219	2.579	9.929402842578762e-05	0.0	7.333068979952836	1.0	0.2	0.8	50.0	0.0003330003330003	0.0122630432108188	salamandrivorans	life_stage	liq_Zoospore	liq_Developed	up_in_liq_Zoospore	0.0																											False	False	False	False
9770	1187.576	2.68	9.881429305619886e-05	0.0	7.326125198812809	1.0	0.0	1.0	50.0	0.0003330003330003	0.0122630432108188	salamandrivorans	life_stage	liq_Zoospore	liq_Developed	up_in_liq_Zoospore	0.0																											False	False	False	False
7018	740.404	0.575	0.0	9.86894170649238e-05	-7.324312224514804	0.2	1.0	-0.8	0.0	0.0006660006660006	0.0122630432108188	salamandrivorans	life_stage	liq_Zoospore	liq_Developed	up_in_liq_Developed	6.807004990614336																											True	True	True	False
5584	581.815	3.1515	9.698133439208054e-05	0.0	7.299282481009424	1.0	0.1	0.9	50.0	0.0003330003330003	0.0122630432108188	salamandrivorans	life_stage	liq_Zoospore	liq_Developed	up_in_liq_Zoospore	0.0																											False	False	False	False
6850	1305.593	2.211	9.607882782082408e-05	0.0	7.28587996293548	1.0	0.2	0.8	49.0	0.0006660006660006	0.0122630432108188	salamandrivorans	life_stage	liq_Zoospore	liq_Developed	up_in_liq_Zoospore	0.0																											False	False	False	False
9628	678.8609	3.098304	9.512216707056227e-05	0.0	7.271535971286066	1.0	0.0	1.0	50.0	0.0003330003330003	0.0122630432108188	salamandrivorans	life_stage	liq_Zoospore	liq_Developed	up_in_liq_Zoospore	0.0																											False	False	False	False
8179	865.9362	2.524143	9.487315945569666e-05	0.0	7.267778887802496	1.0	0.1	0.9	50.0	0.0003330003330003	0.0122630432108188	salamandrivorans	life_stage	liq_Zoospore	liq_Developed	up_in_liq_Zoospore	0.0																											False	False	False	False
2624	650.367	3.245	9.466356353905936e-05	0.0	7.264608855376781	1.0	0.0	1.0	50.0	0.0003330003330003	0.0122630432108188	salamandrivorans	life_stage	liq_Zoospore	liq_Developed	up_in_liq_Zoospore	0.0																											False	False	False	False
5128	813.7501	2.5675	9.418640257766018e-05	0.0	7.257365951418505	1.0	0.1	0.9	50.0	0.0003330003330003	0.0122630432108188	salamandrivorans	life_stage	liq_Zoospore	liq_Developed	up_in_liq_Zoospore	0.0																											False	False	False	False
25022	1423.8304	4.228	9.386807140847904e-05	0.0	7.252513650266057	1.0	0.1	0.9	49.0	0.0006660006660006	0.0122630432108188	salamandrivorans	life_stage	liq_Zoospore	liq_Developed	up_in_liq_Zoospore	0.0																											False	False	False	False
8295	734.3144	1.77	0.0	9.245013197790694e-05	-7.230699614867127	0.0	1.0	-1.0	0.0	0.0006660006660006	0.0122630432108188	salamandrivorans	life_stage	liq_Zoospore	liq_Developed	up_in_liq_Developed	6.5852359993932525																											True	True	True	False
4200	591.3391	3.1475	9.165620705046608e-05	0.0	7.218340020302301	1.0	0.1	0.9	50.0	0.0003330003330003	0.0122630432108188	salamandrivorans	life_stage	liq_Zoospore	liq_Developed	up_in_liq_Zoospore	0.0																											False	False	False	False
10303	427.2197	0.621	0.0	9.135858694509676e-05	-7.2136793326369455	0.0	1.0	-1.0	0.0	0.0006660006660006	0.0122630432108188	salamandrivorans	life_stage	liq_Zoospore	liq_Developed	up_in_liq_Developed	6.857312859091781																											True	True	True	False
5307	864.4163	1.442424	0.0	9.10520575007516e-05	-7.208863334589624	0.0	1.0	-1.0	0.0	0.0006660006660006	0.0122630432108188	salamandrivorans	life_stage	liq_Zoospore	liq_Developed	up_in_liq_Developed	5.528225748928009																											True	True	True	False
7582	1246.5647	2.215	9.03506458662748e-05	0.0	7.19778233496289	1.0	0.3	0.7	49.0	0.0006660006660006	0.0122630432108188	salamandrivorans	life_stage	liq_Zoospore	liq_Developed	up_in_liq_Zoospore	5.926228632749508																											True	False	False	False
10848	1448.751	3.676422	9.023640849864136e-05	0.0	7.195969509824176	1.0	0.4	0.6	50.0	0.0003330003330003	0.0122630432108188	salamandrivorans	life_stage	liq_Zoospore	liq_Developed	up_in_liq_Zoospore	5.552636686992212																											True	False	False	False
8238	1307.667	3.688397	0.0	8.958893792671035e-05	-7.185651576284565	0.0	1.0	-1.0	0.0	0.0006660006660006	0.0122630432108188	salamandrivorans	life_stage	liq_Zoospore	liq_Developed	up_in_liq_Developed	6.190413131264386																											True	True	True	False
5895	680.3557	3.556	8.923728067363407e-05	0.0	7.180016574253758	1.0	0.1	0.9	49.0	0.0006660006660006	0.0122630432108188	salamandrivorans	life_stage	liq_Zoospore	liq_Developed	up_in_liq_Zoospore	0.0	5895.0	C31H49N7O10	[M + H]+	Stephensiolide D	CCCCCCCCCC(=O)NC1C(OC(=O)C(NC(=O)C(NC(=O)C(NC(=O)C(NC1=O)CO)CO)C(C)C)C(C)CC)C	0.192	Amino acids and Peptides	Tripeptides	Carboxylic acids and derivatives	5895.0	native-full-e9838293-bagel	native	1.0								native	native	1.0	5895.0	C31H49N7O10	False	False	False	False	False
8849	1349.6672	3.347	8.864304435795809e-05	0.0	7.170444146160355	1.0	0.4	0.6	50.0	0.0003330003330003	0.0122630432108188	salamandrivorans	life_stage	liq_Zoospore	liq_Developed	up_in_liq_Zoospore	5.489632795496214																											True	False	False	False
5555	623.2653	1.897	8.82005677445133e-05	0.0	7.163274900409183	1.0	0.0	1.0	50.0	0.0003330003330003	0.0122630432108188	salamandrivorans	life_stage	liq_Zoospore	liq_Developed	up_in_liq_Zoospore	0.0																											False	False	False	False
6769	1192.6964	3.549	8.735425618643433e-05	0.0	7.149462464876436	1.0	0.4	0.6	50.0	0.0003330003330003	0.0122630432108188	salamandrivorans	life_stage	liq_Zoospore	liq_Developed	up_in_liq_Zoospore	5.4418235795016185																											True	False	False	False
4907	604.3594	2.617581	8.683654706912493e-05	0.0	7.1409474099091845	1.0	0.4	0.6	50.0	0.0003330003330003	0.0122630432108188	salamandrivorans	life_stage	liq_Zoospore	liq_Developed	up_in_liq_Zoospore	6.076121568796784																											True	False	False	False
6390	618.3206	3.194439	8.65593265582604e-05	0.0	7.13636706160341	1.0	0.2	0.8	49.0	0.0006660006660006	0.0122630432108188	salamandrivorans	life_stage	liq_Zoospore	liq_Developed	up_in_liq_Zoospore	0.0																											False	False	False	False
8587	511.2413	1.533306	0.0	8.587504936377518e-05	-7.12499851838152	0.2	1.0	-0.8	0.0	0.0006660006660006	0.0122630432108188	salamandrivorans	life_stage	liq_Zoospore	liq_Developed	up_in_liq_Developed	6.800300524098094																											True	True	True	False
10811	625.8343	3.336	0.0	8.540399815031057e-05	-7.117120111309586	0.4	1.0	-0.6	0.0	0.0006660006660006	0.0122630432108188	salamandrivorans	life_stage	liq_Zoospore	liq_Developed	up_in_liq_Developed	6.9534395728818685																											True	True	True	False
7294	514.7527	0.6185	0.0	8.49133733929756e-05	-7.108868333385141	0.2	1.0	-0.8	0.0	0.0006660006660006	0.0122630432108188	salamandrivorans	life_stage	liq_Zoospore	liq_Developed	up_in_liq_Developed	6.876767668646579																											True	True	True	False
12060	718.3578	2.548984	0.0	8.418384667818059e-05	-7.096510549818792	0.2	1.0	-0.8	0.0	0.0006660006660006	0.0122630432108188	salamandrivorans	life_stage	liq_Zoospore	liq_Developed	up_in_liq_Developed	6.623172654758254																											True	True	True	False
8192	1019.5228	3.42689	8.306185408951426e-05	0.0	7.07729558192359	1.0	0.3	0.7	49.0	0.0006660006660006	0.0122630432108188	salamandrivorans	life_stage	liq_Zoospore	liq_Developed	up_in_liq_Zoospore	3.9786955199024674																											True	False	False	False
7064	825.0765	2.476	8.262753366802608e-05	0.0	7.069788265007026	1.0	0.1	0.9	50.0	0.0003330003330003	0.0122630432108188	salamandrivorans	life_stage	liq_Zoospore	liq_Developed	up_in_liq_Zoospore	0.0																											False	False	False	False
6868	857.3981	1.66	0.0	8.182985715622196e-05	-7.055897670847892	0.4	1.0	-0.6	0.0	0.0006660006660006	0.0122630432108188	salamandrivorans	life_stage	liq_Zoospore	liq_Developed	up_in_liq_Developed	-1.4283855749132652																											False	True	False	False
11749	866.4467	2.54	8.163582686108339e-05	0.0	7.052498542977423	1.0	0.1	0.9	50.0	0.0003330003330003	0.0122630432108188	salamandrivorans	life_stage	liq_Zoospore	liq_Developed	up_in_liq_Zoospore	0.0																											False	False	False	False
6355	597.8124	3.810045	8.106707831580615e-05	0.0	7.04248850403535	1.0	0.2	0.8	50.0	0.0003330003330003	0.0122630432108188	salamandrivorans	life_stage	liq_Zoospore	liq_Developed	up_in_liq_Zoospore	0.0	6355.0	C13H19Br4N3O4	[M + H]+							6355.0	native-full-e9838293-bagel	native	1.0								native	native	1.0	6355.0	C13H19Br4N3O4	False	False	False	False	False
13987	1475.7157	3.497493	8.061326999988787e-05	0.0	7.03445130714875	1.0	0.2	0.8	50.0	0.0003330003330003	0.0122630432108188	salamandrivorans	life_stage	liq_Zoospore	liq_Developed	up_in_liq_Zoospore	0.0																											False	False	False	False
11939	860.4304	2.555	0.0	7.987451288195667e-05	-7.021270972299966	0.4	1.0	-0.6	0.0	0.0006660006660006	0.0122630432108188	salamandrivorans	life_stage	liq_Zoospore	liq_Developed	up_in_liq_Developed	6.118087372707826																											True	True	True	False
8160	496.2676	2.229	7.981665657900567e-05	0.0	7.020233642350929	1.0	0.1	0.9	50.0	0.0003330003330003	0.0122630432108188	salamandrivorans	life_stage	liq_Zoospore	liq_Developed	up_in_liq_Zoospore	0.0																											False	False	False	False
7950	571.8358	3.830113	7.932499587667639e-05	0.0	7.011388220153174	1.0	0.3	0.7	50.0	0.0003330003330003	0.0122630432108188	salamandrivorans	life_stage	liq_Zoospore	liq_Developed	up_in_liq_Zoospore	4.573231269570996																											True	False	False	False
9023	857.8956	3.552	7.910854153445143e-05	0.0	7.007476749978703	1.0	0.2	0.8	50.0	0.0003330003330003	0.0122630432108188	salamandrivorans	life_stage	liq_Zoospore	liq_Developed	up_in_liq_Zoospore	0.0																											False	False	False	False
9093	566.2934	2.0375	7.816921833762716e-05	0.0	6.9903786197997055	1.0	0.2	0.8	49.0	0.0006660006660006	0.0122630432108188	salamandrivorans	life_stage	liq_Zoospore	liq_Developed	up_in_liq_Zoospore	0.0																											False	False	False	False
9551	1095.6094	3.102	7.807133799558672e-05	0.0	6.988585228654324	1.0	0.3	0.7	50.0	0.0003330003330003	0.0122630432108188	salamandrivorans	life_stage	liq_Zoospore	liq_Developed	up_in_liq_Zoospore	5.673936209521775																											True	False	False	False
7481	686.8833	3.658638	7.775830846379481e-05	0.0	6.982834802209629	1.0	0.2	0.8	50.0	0.0003330003330003	0.0122630432108188	salamandrivorans	life_stage	liq_Zoospore	liq_Developed	up_in_liq_Zoospore	0.0																											False	False	False	False
14083	1062.0557	2.539	7.747135460593136e-05	0.0	6.977543179801464	1.0	0.1	0.9	49.0	0.0006660006660006	0.0122630432108188	salamandrivorans	life_stage	liq_Zoospore	liq_Developed	up_in_liq_Zoospore	0.0																											False	False	False	False
5217	378.228	2.154644	7.721846916467563e-05	0.0	6.972863658093077	1.0	0.1	0.9	49.0	0.0006660006660006	0.0122630432108188	salamandrivorans	life_stage	liq_Zoospore	liq_Developed	up_in_liq_Zoospore	0.0																											False	False	False	False
4069	497.7392	3.462575	7.680970695194702e-05	0.0	6.965267469344103	1.0	0.0	1.0	50.0	0.0003330003330003	0.0122630432108188	salamandrivorans	life_stage	liq_Zoospore	liq_Developed	up_in_liq_Zoospore	0.0																											False	False	False	False
7774	596.3428	1.92	0.0	7.593048174170462e-05	-6.948791670723306	0.0	1.0	-1.0	0.0	0.0006660006660006	0.0122630432108188	salamandrivorans	life_stage	liq_Zoospore	liq_Developed	up_in_liq_Developed	0.3958972386281643																											False	True	False	False
11601	526.7715	1.927	0.0	7.588377443497809e-05	-6.947911137169807	0.0	1.0	-1.0	0.0	0.0006660006660006	0.0122630432108188	salamandrivorans	life_stage	liq_Zoospore	liq_Developed	up_in_liq_Developed	6.493550378078546																											True	True	True	False
14531	451.2191	1.54	0.0	7.564892024866803e-05	-6.9434754654729405	0.0	1.0	-1.0	0.0	0.0006660006660006	0.0122630432108188	salamandrivorans	life_stage	liq_Zoospore	liq_Developed	up_in_liq_Developed	6.836025095678909																											True	True	True	False
3782	650.8707	3.245	7.560063054917106e-05	0.0	6.942561729082433	1.0	0.0	1.0	50.0	0.0003330003330003	0.0122630432108188	salamandrivorans	life_stage	liq_Zoospore	liq_Developed	up_in_liq_Zoospore	0.0																											False	False	False	False
14289	738.856	1.548	7.541790486223344e-05	0.0	6.939098951032089	1.0	0.3	0.7	50.0	0.0003330003330003	0.0122630432108188	salamandrivorans	life_stage	liq_Zoospore	liq_Developed	up_in_liq_Zoospore	4.891206558887124																											True	False	False	False
11736	871.4489	2.358	7.388468848767635e-05	0.0	6.909711251773305	1.0	0.1	0.9	50.0	0.0003330003330003	0.0122630432108188	salamandrivorans	life_stage	liq_Zoospore	liq_Developed	up_in_liq_Zoospore	0.0																											False	False	False	False
14691	1431.6951	3.534	7.367094371489431e-05	0.0	6.905566369916594	1.0	0.1	0.9	49.0	0.0006660006660006	0.0122630432108188	salamandrivorans	life_stage	liq_Zoospore	liq_Developed	up_in_liq_Zoospore	0.0																											False	False	False	False
7052	1163.5289	2.853528	7.353313506505017e-05	0.0	6.902887693425612	1.0	0.3	0.7	50.0	0.0003330003330003	0.0122630432108188	salamandrivorans	life_stage	liq_Zoospore	liq_Developed	up_in_liq_Zoospore	4.93455563493328																											True	False	False	False
7306	1068.4139	3.043554	7.255544145327006e-05	0.0	6.883739459788798	1.0	0.1	0.9	49.0	0.0006660006660006	0.0122630432108188	salamandrivorans	life_stage	liq_Zoospore	liq_Developed	up_in_liq_Zoospore	0.0																											False	False	False	False
7643	1193.6932	3.5375	7.250921403664845e-05	0.0	6.882827767955665	1.0	0.4	0.6	50.0	0.0003330003330003	0.0122630432108188	salamandrivorans	life_stage	liq_Zoospore	liq_Developed	up_in_liq_Zoospore	5.152630056127063																											True	False	False	False
6467	612.3569	2.911796	7.247501240134632e-05	0.0	6.88215287620439	1.0	0.1	0.9	50.0	0.0003330003330003	0.0122630432108188	salamandrivorans	life_stage	liq_Zoospore	liq_Developed	up_in_liq_Zoospore	0.0	6467.0	C29H49N5O9	[M + H]+	methyl 3-hydroxy-2-{3-hydroxy-2-[2-(3-hydroxy-2,4-dimethyltetradecanamido)-3-methylbutanamido]butanamido}propanoate	CCCCCCCCCCC(C)C(C(C)C(=O)NC(C(C)C)C(=O)NC(C(C)O)C(=O)NC(CO)C(=O)OC)O	0.323	Amino acids and Peptides	Tripeptides	Carboxylic acids and derivatives	6467.0	native-full-e9838293-bagel	native	1.0								native	native	1.0	6467.0	C29H49N5O9	False	False	False	False	False
5796	959.0254	3.035859	7.137230802808831e-05	0.0	6.860222575408487	1.0	0.3	0.7	49.0	0.0006660006660006	0.0122630432108188	salamandrivorans	life_stage	liq_Zoospore	liq_Developed	up_in_liq_Zoospore	5.26429793100173																											True	False	False	False
6664	664.3046	0.6765	0.0	7.089275570739038e-05	-6.85058035622856	0.0	1.0	-1.0	0.0	0.0006660006660006	0.0122630432108188	salamandrivorans	life_stage	liq_Zoospore	liq_Developed	up_in_liq_Developed	6.123067645572418	6664.0	C31H43N7O8	[M + Na]+	15-benzyl-18-(hydroxymethyl)-3-(propan-2-yl)-1,4,10,13,16,19,22-heptaazatricyclo[22.3.0.0⁶,¹⁰]heptacosane-2,5,11,14,17,20,23-heptone	CC(C)C1C(=O)N2CCCC2C(=O)NCC(=O)NC(C(=O)NC(C(=O)NCC(=O)N3CCCC3C(=O)N1)CC4=CC=CC=C4)CO	0.217	Amino acids and Peptides	Tripeptides	Carboxylic acids and derivatives	6664.0	native-full-e9838293-bagel	native	1.0								native	native	1.0	6664.0	C31H43N7O8	False	True	False	False	False
6843	940.4387	2.197	7.036255183882162e-05	0.0	6.839844147166489	1.0	0.3	0.7	49.0	0.0006660006660006	0.0122630432108188	salamandrivorans	life_stage	liq_Zoospore	liq_Developed	up_in_liq_Zoospore	0.3195598355994972																											False	False	False	False
5642	673.9033	3.356	7.023198209677836e-05	0.0	6.837187907126608	1.0	0.0	1.0	50.0	0.0003330003330003	0.0122630432108188	salamandrivorans	life_stage	liq_Zoospore	liq_Developed	up_in_liq_Zoospore	0.0																											False	False	False	False
10055	1123.6295	3.8405	7.008279053768673e-05	0.0	6.834146836286264	1.0	0.2	0.8	50.0	0.0003330003330003	0.0122630432108188	salamandrivorans	life_stage	liq_Zoospore	liq_Developed	up_in_liq_Zoospore	0.0																											False	False	False	False
8053	756.3635	3.210824	7.007191923386127e-05	0.0	6.833924988491529	1.0	0.1	0.9	50.0	0.0003330003330003	0.0122630432108188	salamandrivorans	life_stage	liq_Zoospore	liq_Developed	up_in_liq_Zoospore	0.0																											False	False	False	False
8005	683.8198	3.422212	6.975596584520442e-05	0.0	6.827462463494668	1.0	0.3	0.7	49.0	0.0006660006660006	0.0122630432108188	salamandrivorans	life_stage	liq_Zoospore	liq_Developed	up_in_liq_Zoospore	3.6550905418156368																											True	False	False	False
10716	1019.0219	3.718842	6.965397149282213e-05	0.0	6.825370070238559	1.0	0.1	0.9	50.0	0.0003330003330003	0.0122630432108188	salamandrivorans	life_stage	liq_Zoospore	liq_Developed	up_in_liq_Zoospore	0.0	10716.0	C33H42Br4N12O6	[M + H]+							10716.0	native-full-e9838293-bagel	native	1.0								native	native	1.0	10716.0	C33H42Br4N12O6	False	False	False	False	False
11996	969.5215	3.070388	0.0	6.95780771313884e-05	-6.823811141390508	0.4	1.0	-0.6	0.0	0.0006660006660006	0.0122630432108188	salamandrivorans	life_stage	liq_Zoospore	liq_Developed	up_in_liq_Developed	6.531157756072878																											True	True	True	False
14588	1096.6051	3.096897	6.915365818631144e-05	0.0	6.815062060945864	1.0	0.3	0.7	49.0	0.0006660006660006	0.0122630432108188	salamandrivorans	life_stage	liq_Zoospore	liq_Developed	up_in_liq_Zoospore	5.028092134846683																											True	False	False	False
10128	870.4373	1.256946	6.849510630784027e-05	0.0	6.801380589333474	1.0	0.1	0.9	50.0	0.0003330003330003	0.0122630432108188	salamandrivorans	life_stage	liq_Zoospore	liq_Developed	up_in_liq_Zoospore	0.0																											False	False	False	False
8682	653.0073	2.602	0.0	6.83869547033815e-05	-6.799121274790277	0.4	1.0	-0.6	0.0	0.0006660006660006	0.0122630432108188	salamandrivorans	life_stage	liq_Zoospore	liq_Developed	up_in_liq_Developed	6.443864179588089																											True	True	True	False
11718	1084.5714	3.77699	6.815197221038828e-05	0.0	6.79420020155654	1.0	0.1	0.9	49.0	0.0006660006660006	0.0122630432108188	salamandrivorans	life_stage	liq_Zoospore	liq_Developed	up_in_liq_Zoospore	0.0	11718.0	C63H73N9O8	[M + H]+	H-Pro-Glu-Cys-Thr-Lys-Ser-Ile-Pro-Pro-Ile-OH	CCC(C)C(C(=O)N1CCCC1C(=O)N2CCCC2C(=O)NC(C(C)CC)C(=O)O)NC(=O)C(CO)NC(=O)C(CCCCN)NC(=O)C(C(C)O)NC(=O)C(CS)NC(=O)C(CCC(=O)O)NC(=O)C3CCCN3	0.428	Amino acids and Peptides	Cyclic peptides	Carboxylic acids and derivatives	11718.0	native-full-e9838293-bagel	native	1.0								native	native	1.0	11718.0	C63H73N9O8	False	False	False	False	False
8933	959.9665	2.603	6.809208400725326e-05	0.0	6.792943316171966	1.0	0.0	1.0	50.0	0.0003330003330003	0.0122630432108188	salamandrivorans	life_stage	liq_Zoospore	liq_Developed	up_in_liq_Zoospore	0.0																											False	False	False	False
7739	431.2122	1.722258	6.795334311492893e-05	0.0	6.790027320347959	1.0	0.3	0.7	50.0	0.0003330003330003	0.0122630432108188	salamandrivorans	life_stage	liq_Zoospore	liq_Developed	up_in_liq_Zoospore	-3.0817596025668155																											False	False	False	False
16577	1241.6526	3.106955	6.766634116974945e-05	0.0	6.783976466606552	1.0	0.2	0.8	50.0	0.0003330003330003	0.0122630432108188	salamandrivorans	life_stage	liq_Zoospore	liq_Developed	up_in_liq_Zoospore	0.0																											False	False	False	False
18294	698.8594	3.021215	6.715871939294154e-05	0.0	6.7732117558327225	1.0	0.1	0.9	50.0	0.0003330003330003	0.0122630432108188	salamandrivorans	life_stage	liq_Zoospore	liq_Developed	up_in_liq_Zoospore	0.0																											False	False	False	False
9130	481.7332	1.659	6.565662655556346e-05	0.0	6.7408793834374805	1.0	0.0	1.0	50.0	0.0003330003330003	0.0122630432108188	salamandrivorans	life_stage	liq_Zoospore	liq_Developed	up_in_liq_Zoospore	0.0																											False	False	False	False
17875	680.0198	3.874	6.522915943898108e-05	0.0	6.73154418759017	1.0	0.1	0.9	49.0	0.0006660006660006	0.0122630432108188	salamandrivorans	life_stage	liq_Zoospore	liq_Developed	up_in_liq_Zoospore	0.0	17875.0	C42H86N4O2	[M + H]+	Octadecanamide, N,N'-[1,2-ethanediylbis(imino-2,1-ethanediyl)]bis-	CCCCCCCCCCCCCCCCCC(=O)NCCNCCNCCNC(=O)CCCCCCCCCCCCCCCCC	0.038	Amino acids and Peptides	Linear peptides	Carboxylic acids and derivatives	17875.0	native-full-e9838293-bagel	native	1.0								native	native	1.0	17875.0	C42H86N4O2	False	False	False	False	False
3947	813.752	2.6105	6.488124257092185e-05	0.0	6.723901398089506	1.0	0.0	1.0	50.0	0.0003330003330003	0.0122630432108188	salamandrivorans	life_stage	liq_Zoospore	liq_Developed	up_in_liq_Zoospore	0.0	3947.0	C51H96N4O3	[M + H]+	N-[5-[[3-ethenoxy-4-[5-(hexadecanoylamino)pentylamino]pentan-2-yl]amino]pentyl]hexadecanamide	CCCCCCCCCCCCCCCC(=O)NCCCCCNC(C)C(C(C)NCCCCCNC(=O)CCCCCCCCCCCCCCC)OC=C	0.031	Amino acids and Peptides	Cyclic peptides	Carboxylic acids and derivatives	3947.0	native-full-e9838293-bagel	native	1.0								native	native	1.0	3947.0	C51H96N4O3	False	False	False	False	False
11555	1078.0425	3.185496	6.393812065732813e-05	0.0	6.702977593695581	1.0	0.3	0.7	50.0	0.0003330003330003	0.0122630432108188	salamandrivorans	life_stage	liq_Zoospore	liq_Developed	up_in_liq_Zoospore	4.8904722388857085																											True	False	False	False
3934	666.6477	1.953758	0.0	6.392619368168142e-05	-6.702711032810675	0.2	1.0	-0.8	0.0	0.0006660006660006	0.0122630432108188	salamandrivorans	life_stage	liq_Zoospore	liq_Developed	up_in_liq_Developed	6.139971491767476																											True	True	True	False
9000	789.4146	1.691	0.0	6.302810038005276e-05	-6.68249635950082	0.0	1.0	-1.0	0.0	0.0006660006660006	0.0122630432108188	salamandrivorans	life_stage	liq_Zoospore	liq_Developed	up_in_liq_Developed	6.0285974228085255																											True	True	True	False
11671	393.691	0.579751	0.0	6.296139077134724e-05	-6.680983468916153	0.4	1.0	-0.6	0.0	0.0006660006660006	0.0122630432108188	salamandrivorans	life_stage	liq_Zoospore	liq_Developed	up_in_liq_Developed	6.295536837102556																											True	True	True	False
11519	921.4462	2.906231	6.295277629761846e-05	0.0	6.680787987699717	1.0	0.3	0.7	50.0	0.0003330003330003	0.0122630432108188	salamandrivorans	life_stage	liq_Zoospore	liq_Developed	up_in_liq_Zoospore	5.356377071619442																											True	False	False	False
19436	938.4314	1.7545	0.0	6.262296234744453e-05	-6.6732837992877085	0.4	1.0	-0.6	0.0	0.0006660006660006	0.0122630432108188	salamandrivorans	life_stage	liq_Zoospore	liq_Developed	up_in_liq_Developed	6.486700208886655																											True	False	False	False
10039	1180.6621	3.064338	6.189436941705439e-05	0.0	6.656566604503875	1.0	0.4	0.6	49.0	0.0006660006660006	0.0122630432108188	salamandrivorans	life_stage	liq_Zoospore	liq_Developed	up_in_liq_Zoospore	5.62387144498497																											True	False	False	False
5040	591.8388	3.148	6.180549636911844e-05	0.0	6.65451413821301	1.0	0.2	0.8	50.0	0.0003330003330003	0.0122630432108188	salamandrivorans	life_stage	liq_Zoospore	liq_Developed	up_in_liq_Zoospore	0.0																											False	False	False	False
11688	986.4968	4.232	6.15055218496369e-05	0.0	6.647564777552516	1.0	0.4	0.6	49.0	0.0006660006660006	0.0122630432108188	salamandrivorans	life_stage	liq_Zoospore	liq_Developed	up_in_liq_Zoospore	3.879499631365803	11688.0	C46H71N11O11S	[M + H]+	1-{7-(2-Amino-2-oxoethyl)-10-(3-amino-3-oxopropyl)-13-(butan-2-yl)-16-[(4-ethylphenyl)methyl]-6,9,12,15,18-pentaoxo-1-thia-5,8,11,14,17-pentaazacycloicosane-4-carbonyl}prolylleucylglycinamide	CCC1=CC=C(C=C1)CC2C(=O)NC(C(=O)NC(C(=O)NC(C(=O)NC(CCSCCC(=O)N2)C(=O)N3CCCC3C(=O)NC(CC(C)C)C(=O)NCC(=O)N)CC(=O)N)CCC(=O)N)C(C)CC	0.188	Amino acids and Peptides	Cyclic peptides	Carboxylic acids and derivatives	11688.0	native-full-e9838293-bagel	native	1.0								native	native	1.0	11688.0	C46H71N11O11S	False	True	False	False	False
6683	366.8681	1.644	0.0	6.095878594433479e-05	-6.634812065776614	0.0	1.0	-1.0	0.0	0.0006660006660006	0.0122630432108188	salamandrivorans	life_stage	liq_Zoospore	liq_Developed	up_in_liq_Developed	6.267241051625934																											True	True	True	False
8195	935.4604	1.547	0.0	6.087064966099254e-05	-6.632745679283591	0.0	1.0	-1.0	0.0	0.0006660006660006	0.0122630432108188	salamandrivorans	life_stage	liq_Zoospore	liq_Developed	up_in_liq_Developed	6.0485819786549095																											True	True	True	False
9136	1249.6619	3.463254	6.067372664081416e-05	0.0	6.628118027056547	1.0	0.1	0.9	50.0	0.0003330003330003	0.0122630432108188	salamandrivorans	life_stage	liq_Zoospore	liq_Developed	up_in_liq_Zoospore	0.0																											False	False	False	False
18944	1019.5154	3.837469	6.039970557463961e-05	0.0	6.621653786691244	1.0	0.4	0.6	50.0	0.0003330003330003	0.0122630432108188	salamandrivorans	life_stage	liq_Zoospore	liq_Developed	up_in_liq_Zoospore	5.160502204871724																											True	False	False	False
11412	462.2336	1.659	0.0	6.023393178593559e-05	-6.617729024579708	0.0	1.0	-1.0	0.0	0.0006660006660006	0.0122630432108188	salamandrivorans	life_stage	liq_Zoospore	liq_Developed	up_in_liq_Developed	-0.6599102264883772																											False	True	False	False
9392	926.4749	3.542	6.013562281028142e-05	0.0	6.615396466033037	1.0	0.3	0.7	49.0	0.0006660006660006	0.0122630432108188	salamandrivorans	life_stage	liq_Zoospore	liq_Developed	up_in_liq_Zoospore	4.856170660668837																											True	False	False	False
7098	580.3274	2.727	5.976428255049417e-05	0.0	6.606551561245417	1.0	0.1	0.9	49.0	0.0006660006660006	0.0122630432108188	salamandrivorans	life_stage	liq_Zoospore	liq_Developed	up_in_liq_Zoospore	0.0																											False	False	False	False
9686	1166.6433	2.857	5.96858785294965e-05	0.0	6.604677112650824	1.0	0.1	0.9	50.0	0.0003330003330003	0.0122630432108188	salamandrivorans	life_stage	liq_Zoospore	liq_Developed	up_in_liq_Zoospore	0.0	9686.0	C62H93N7O12	[M + K]+	4-(3-aminopropyl)-29'-hydroxy-44'-methyl-31'-{trispiro[4.0.0.4⁷.3⁶.3⁵]heptadecan-13-yl}-3H-27'-oxa-18',19'-dithia-32',38'-diazaspiro[2-benzofuran-1,7'-tridecacyclo[21.21.1.1¹,²¹.1²,³⁸.1¹⁰,²².1³²,³⁶.0³,²⁴.0⁶,²⁵.0⁶,²⁸.0⁸,²⁵.0¹¹,¹⁶.0³⁴,³⁹.0⁴²,⁴⁶]nonatetracontane]-3'(24'),22'(48'),28',42'(46')-tetraene-3,26'-dione	CC1CC2=C3C4C15CC6CSSCC7CCCCC7C8CC9C1(C7=CC=CC(=C7C(=O)O1)CCCN)C17C9(C(=C4CC1)C(C5)C6=C8)C(=O)OC7=C(CC(N1CC4CC(C1)C(N3C4)CC2)C1CC2(CCCC2)C2(C1)CCCC21CCCC1)O		Amino acids and Peptides	Depsipeptides	Carboxylic acids and derivatives	9686.0	native-full-e9838293-bagel	native	1.0								native	native	1.0	9686.0	C62H93N7O12	False	False	False	False	False
9556	1028.9979	2.922376	5.934228053878275e-05	0.0	6.596433679001806	1.0	0.4	0.6	49.0	0.0006660006660006	0.0122630432108188	salamandrivorans	life_stage	liq_Zoospore	liq_Developed	up_in_liq_Zoospore	5.971098677730115																											True	False	False	False
6646	671.4064	1.722	5.889710659007837e-05	0.0	6.585682754932702	1.0	0.0	1.0	50.0	0.0003330003330003	0.0122630432108188	salamandrivorans	life_stage	liq_Zoospore	liq_Developed	up_in_liq_Zoospore	0.0																											False	False	False	False
7104	521.0053	1.476871	0.0	5.8327132732221575e-05	-6.57179992291346	0.4	1.0	-0.6	0.0	0.0006660006660006	0.0122630432108188	salamandrivorans	life_stage	liq_Zoospore	liq_Developed	up_in_liq_Developed	6.494944750971958																											True	True	True	False
6619	871.8733	2.93	0.0	5.826569002405035e-05	-6.570295357162932	0.0	1.0	-1.0	0.0	0.0006660006660006	0.0122630432108188	salamandrivorans	life_stage	liq_Zoospore	liq_Developed	up_in_liq_Developed	6.08483186143122																											True	True	True	False
11758	1315.7369	4.665677	5.798731323159821e-05	0.0	6.56345893449484	1.0	0.4	0.6	50.0	0.0003330003330003	0.0122630432108188	salamandrivorans	life_stage	liq_Zoospore	liq_Developed	up_in_liq_Zoospore	4.098623773894221																											True	False	False	False
11162	912.8605	2.761	0.0	5.751141600301645e-05	-6.551696215884971	0.0	1.0	-1.0	0.0	0.0006660006660006	0.0122630432108188	salamandrivorans	life_stage	liq_Zoospore	liq_Developed	up_in_liq_Developed	6.208753663895815																											True	True	True	False
12076	716.8839	3.2845	0.0	5.695106029280756e-05	-6.537721864665957	0.0	1.0	-1.0	0.0	0.0006660006660006	0.0122630432108188	salamandrivorans	life_stage	liq_Zoospore	liq_Developed	up_in_liq_Developed	6.16145463197827																											True	True	True	False
11439	684.3203	3.425984	5.631383597758012e-05	0.0	6.521664291754127	1.0	0.4	0.6	50.0	0.0003330003330003	0.0122630432108188	salamandrivorans	life_stage	liq_Zoospore	liq_Developed	up_in_liq_Zoospore	4.432221723055619																											True	False	False	False
12547	738.848	1.573	5.589906405758295e-05	0.0	6.511115497008325	1.0	0.3	0.7	49.0	0.0006660006660006	0.0122630432108188	salamandrivorans	life_stage	liq_Zoospore	liq_Developed	up_in_liq_Zoospore	4.891206558887124																											True	False	False	False
10633	749.3767	2.121	5.583375245993101e-05	0.0	6.509447391284173	1.0	0.2	0.8	50.0	0.0003330003330003	0.0122630432108188	salamandrivorans	life_stage	liq_Zoospore	liq_Developed	up_in_liq_Zoospore	0.0																											False	False	False	False
12914	802.3936	1.321989	0.0	5.569940457442874e-05	-6.5060099722296725	0.2	1.0	-0.8	0.0	0.0006660006660006	0.0122630432108188	salamandrivorans	life_stage	liq_Zoospore	liq_Developed	up_in_liq_Developed	6.09189617199291																											True	True	True	False
7261	496.7607	2.087	5.566858617795309e-05	0.0	6.50522029789922	1.0	0.2	0.8	50.0	0.0003330003330003	0.0122630432108188	salamandrivorans	life_stage	liq_Zoospore	liq_Developed	up_in_liq_Zoospore	0.0																											False	False	False	False
10924	850.3989	2.166	5.5627719150596815e-05	0.0	6.504172475693171	1.0	0.1	0.9	50.0	0.0003330003330003	0.0122630432108188	salamandrivorans	life_stage	liq_Zoospore	liq_Developed	up_in_liq_Zoospore	0.0																											False	False	False	False
8450	452.7575	2.500308	5.549232493105005e-05	0.0	6.50069554831468	1.0	0.1	0.9	50.0	0.0003330003330003	0.0122630432108188	salamandrivorans	life_stage	liq_Zoospore	liq_Developed	up_in_liq_Zoospore	0.0																											False	False	False	False
18565	452.2209	1.533	0.0	5.537099989558688e-05	-6.497572783362145	0.0	1.0	-1.0	0.0	0.0006660006660006	0.0122630432108188	salamandrivorans	life_stage	liq_Zoospore	liq_Developed	up_in_liq_Developed	6.351038083384825																											True	True	True	False
5246	619.8636	2.997758	5.517147032615155e-05	0.0	6.492422380211218	1.0	0.0	1.0	50.0	0.0003330003330003	0.0122630432108188	salamandrivorans	life_stage	liq_Zoospore	liq_Developed	up_in_liq_Zoospore	0.0																											False	False	False	False
9423	1107.3926	2.903716	5.497906129667813e-05	0.0	6.487438302391145	1.0	0.1	0.9	49.0	0.0006660006660006	0.0122630432108188	salamandrivorans	life_stage	liq_Zoospore	liq_Developed	up_in_liq_Zoospore	0.0																											False	False	False	False
12231	706.8618	2.562889	0.0	5.480650046920569e-05	-6.482953670465764	0.4	1.0	-0.6	0.0	0.0006660006660006	0.0122630432108188	salamandrivorans	life_stage	liq_Zoospore	liq_Developed	up_in_liq_Developed	6.177098958621783																											True	True	True	False
14790	1183.5653	2.544556	0.0	5.453038907703121e-05	-6.475748768281695	0.2	1.0	-0.8	0.0	0.0006660006660006	0.0122630432108188	salamandrivorans	life_stage	liq_Zoospore	liq_Developed	up_in_liq_Developed	5.942516669971863																											True	True	True	False
16922	746.3707	3.503269	5.452797803121911e-05	0.0	6.475685695263086	1.0	0.4	0.6	49.0	0.0006660006660006	0.0122630432108188	salamandrivorans	life_stage	liq_Zoospore	liq_Developed	up_in_liq_Zoospore	4.475184440184951																											True	False	False	False
14703	751.8831	3.222444	5.4516883066294e-05	0.0	6.475395415157898	1.0	0.0	1.0	50.0	0.0003330003330003	0.0122630432108188	salamandrivorans	life_stage	liq_Zoospore	liq_Developed	up_in_liq_Zoospore	0.0																											False	False	False	False
7219	674.4066	3.354	5.397631807416957e-05	0.0	6.46118127374049	1.0	0.1	0.9	50.0	0.0003330003330003	0.0122630432108188	salamandrivorans	life_stage	liq_Zoospore	liq_Developed	up_in_liq_Zoospore	0.0																											False	False	False	False
10952	765.3807	3.2455	5.396489640718622e-05	0.0	6.460879425367886	1.0	0.2	0.8	50.0	0.0003330003330003	0.0122630432108188	salamandrivorans	life_stage	liq_Zoospore	liq_Developed	up_in_liq_Zoospore	0.0																											False	False	False	False
16023	597.2984	1.459482	0.0	5.338909910498724e-05	-6.445579998477687	0.4	1.0	-0.6	0.0	0.0006660006660006	0.0122630432108188	salamandrivorans	life_stage	liq_Zoospore	liq_Developed	up_in_liq_Developed	0.8525993453351977																											False	True	False	False
11264	1250.1498	3.441669	5.333790408385972e-05	0.0	6.444211816052593	1.0	0.4	0.6	50.0	0.0003330003330003	0.0122630432108188	salamandrivorans	life_stage	liq_Zoospore	liq_Developed	up_in_liq_Zoospore	4.595663295259015																											True	False	False	False
11634	596.3233	2.857556	5.19231268448554e-05	0.0	6.405879316918541	1.0	0.2	0.8	50.0	0.0003330003330003	0.0122630432108188	salamandrivorans	life_stage	liq_Zoospore	liq_Developed	up_in_liq_Zoospore	0.0																											False	False	False	False
8980	604.3517	2.681	5.180387818940037e-05	0.0	6.4026013222256335	1.0	0.2	0.8	50.0	0.0003330003330003	0.0122630432108188	salamandrivorans	life_stage	liq_Zoospore	liq_Developed	up_in_liq_Zoospore	0.0																											False	False	False	False
8204	459.76	2.618	5.145482352803129e-05	0.0	6.392963219533018	1.0	0.0	1.0	50.0	0.0003330003330003	0.0122630432108188	salamandrivorans	life_stage	liq_Zoospore	liq_Developed	up_in_liq_Zoospore	0.0																											False	False	False	False
10601	521.507	1.48457	0.0	5.131384876758717e-05	-6.389052294609562	0.0	1.0	-1.0	0.0	0.0006660006660006	0.0122630432108188	salamandrivorans	life_stage	liq_Zoospore	liq_Developed	up_in_liq_Developed	5.792938722421211																											True	True	True	False
10921	1051.5157	1.769	5.11386039317785e-05	0.0	6.384175820708946	1.0	0.0	1.0	50.0	0.0003330003330003	0.0122630432108188	salamandrivorans	life_stage	liq_Zoospore	liq_Developed	up_in_liq_Zoospore	0.0																											False	False	False	False
8012	656.8702	2.572	5.108454736916917e-05	0.0	6.382668276076215	1.0	0.0	1.0	50.0	0.0003330003330003	0.0122630432108188	salamandrivorans	life_stage	liq_Zoospore	liq_Developed	up_in_liq_Zoospore	0.0																											False	False	False	False
12024	709.4064	3.3305	5.0878751528830334e-05	0.0	6.376914525771759	1.0	0.3	0.7	49.0	0.0006660006660006	0.0122630432108188	salamandrivorans	life_stage	liq_Zoospore	liq_Developed	up_in_liq_Zoospore	4.522593707801708																											True	True	True	False
12694	579.6247	1.5945	5.084948244367751e-05	0.0	6.376094337934069	1.0	0.0	1.0	50.0	0.0003330003330003	0.0122630432108188	salamandrivorans	life_stage	liq_Zoospore	liq_Developed	up_in_liq_Zoospore	0.0																											False	False	False	False
8362	849.9198	2.116557	5.064645602365617e-05	0.0	6.3703921941331485	1.0	0.4	0.6	49.0	0.0006660006660006	0.0122630432108188	salamandrivorans	life_stage	liq_Zoospore	liq_Developed	up_in_liq_Zoospore	5.918992999609286																											True	False	False	False
9155	448.5561	1.738	5.047004131802356e-05	0.0	6.36541909352682	1.0	0.0	1.0	50.0	0.0003330003330003	0.0122630432108188	salamandrivorans	life_stage	liq_Zoospore	liq_Developed	up_in_liq_Zoospore	0.0																											False	False	False	False
15350	763.3259	4.073725	0.0	5.017911853820807e-05	-6.357180399243012	0.2	1.0	-0.8	0.0	0.0006660006660006	0.0122630432108188	salamandrivorans	life_stage	liq_Zoospore	liq_Developed	up_in_liq_Developed	5.907247338243362																											True	True	True	False
7940	553.7786	3.587	5.014420869390196e-05	0.0	6.356188612090175	1.0	0.4	0.6	50.0	0.0003330003330003	0.0122630432108188	salamandrivorans	life_stage	liq_Zoospore	liq_Developed	up_in_liq_Zoospore	4.256703202490209																											True	False	False	False
8843	862.4176	2.870337	4.980564069206356e-05	0.0	6.346534372740684	1.0	0.1	0.9	49.0	0.0006660006660006	0.0122630432108188	salamandrivorans	life_stage	liq_Zoospore	liq_Developed	up_in_liq_Zoospore	0.0																											False	False	False	False
8144	393.2253	0.59125	4.970377391930951e-05	0.0	6.343616961465555	1.0	0.1	0.9	50.0	0.0003330003330003	0.0122630432108188	salamandrivorans	life_stage	liq_Zoospore	liq_Developed	up_in_liq_Zoospore	0.0																											False	False	False	False
9850	494.7864	2.151	4.917639182427368e-05	0.0	6.3284179497530015	1.0	0.0	1.0	50.0	0.0003330003330003	0.0122630432108188	salamandrivorans	life_stage	liq_Zoospore	liq_Developed	up_in_liq_Zoospore	0.0																											False	False	False	False
16013	671.3331	1.259134	0.0	4.88943492970808e-05	-6.320223362608259	0.2	1.0	-0.8	0.0	0.0006660006660006	0.0122630432108188	salamandrivorans	life_stage	liq_Zoospore	liq_Developed	up_in_liq_Developed	6.284052853916916																											True	True	True	False
14632	1147.0845	3.809	0.0	4.878763804641408e-05	-6.317110749849661	0.4	1.0	-0.6	0.0	0.0006660006660006	0.0122630432108188	salamandrivorans	life_stage	liq_Zoospore	liq_Developed	up_in_liq_Developed	1.4480375843640474	14632.0	C48H36N8O16S4	[M + K]+	4-[[4-[C-hydroxy-N-[5-hydroxy-6-[(2-hydroxy-5-methylsulfonylphenyl)diazenyl]-7-sulfonaphthalen-2-yl]carbonimidoyl]phenyl]diazenyl]-N-[5-hydroxy-6-[(2-hydroxy-5-methylsulfonylphenyl)diazenyl]-7-sulfonaphthalen-2-yl]benzenecarboximidic acid	CS(=O)(=O)C1=CC(=C(C=C1)O)N=NC2=C(C=C3C=C(C=CC3=C2O)NC(=O)C4=CC=C(C=C4)N=NC5=CC=C(C=C5)C(=O)NC6=CC7=CC(=C(C(=C7C=C6)O)N=NC8=C(C=CC(=C8)S(=O)(=O)C)O)S(=O)(=O)O)S(=O)(=O)O	0.014	Carbohydrates	Linear peptides	Carboxylic acids and derivatives	14632.0	native-full-e9838293-bagel	native	1.0								native	native	1.0	14632.0	C48H36N8O16S4	False	True	True	True	False
8403	597.3539	3.539	4.846505597126229e-05	0.0	6.307660455658893	1.0	0.2	0.8	50.0	0.0003330003330003	0.0122630432108188	salamandrivorans	life_stage	liq_Zoospore	liq_Developed	up_in_liq_Zoospore	0.0																											False	False	False	False
18227	1061.5442	2.555	4.793515318173192e-05	0.0	6.292000902844696	1.0	0.2	0.8	50.0	0.0003330003330003	0.0122630432108188	salamandrivorans	life_stage	liq_Zoospore	liq_Developed	up_in_liq_Zoospore	0.0																											False	False	False	False
9820	513.2272	1.37039	0.0	4.772033139492416e-05	-6.285603803313836	0.4	1.0	-0.6	0.0	0.0006660006660006	0.0122630432108188	salamandrivorans	life_stage	liq_Zoospore	liq_Developed	up_in_liq_Developed	0.956412999230203																											False	True	False	False
7504	612.8526	2.920481	4.771139504670193e-05	0.0	6.285337075547552	1.0	0.1	0.9	50.0	0.0003330003330003	0.0122630432108188	salamandrivorans	life_stage	liq_Zoospore	liq_Developed	up_in_liq_Zoospore	0.0	7504.0	C13H19Br3N4O7S	[M + H]+							7504.0	native-full-e9838293-bagel	native	1.0								native	native	1.0	7504.0	C13H19Br3N4O7S	False	False	False	False	False
15020	307.6603	1.507949	0.0	4.766784452227391e-05	-6.284036494494533	0.2	1.0	-0.8	0.0	0.0006660006660006	0.0122630432108188	salamandrivorans	life_stage	liq_Zoospore	liq_Developed	up_in_liq_Developed	5.72603125566805																											True	True	True	False
20069	427.2568	2.696	0.0	4.765171069420246e-05	-6.283554380438576	0.0	1.0	-1.0	0.0	0.0006660006660006	0.0122630432108188	salamandrivorans	life_stage	liq_Zoospore	liq_Developed	up_in_liq_Developed	5.752338748975103	20069.0	C21H38N4O5	[M + H]+	H-DL-Val-DL-Val-DL-Pro-DL-Leu-OH	CC(C)CC(C(=O)O)NC(=O)C1CCCN1C(=O)C(C(C)C)NC(=O)C(C(C)C)N	0.764	Amino acids and Peptides	Tripeptides	Carboxylic acids and derivatives	20069.0	native-full-e9838293-bagel	native	1.0								native	native	1.0	20069.0	C21H38N4O5	False	True	True	True	False
20736	533.7719	2.042	4.72678215062435e-05	0.0	6.272035149630404	1.0	0.0	1.0	50.0	0.0003330003330003	0.0122630432108188	salamandrivorans	life_stage	liq_Zoospore	liq_Developed	up_in_liq_Zoospore	0.0																											False	False	False	False
18629	1461.7081	3.462969	4.641547241130504e-05	0.0	6.246125350174533	1.0	0.3	0.7	50.0	0.0003330003330003	0.0122630432108188	salamandrivorans	life_stage	liq_Zoospore	liq_Developed	up_in_liq_Zoospore	4.289086731249771																											True	False	False	False
14743	1260.5802	3.069719	4.6271741214772256e-05	0.0	6.241709974620475	1.0	0.2	0.8	50.0	0.0003330003330003	0.0122630432108188	salamandrivorans	life_stage	liq_Zoospore	liq_Developed	up_in_liq_Zoospore	0.0																											False	False	False	False
8741	682.8546	3.039066	4.622025130502752e-05	0.0	6.2401249280034365	1.0	0.1	0.9	49.0	0.0006660006660006	0.0122630432108188	salamandrivorans	life_stage	liq_Zoospore	liq_Developed	up_in_liq_Zoospore	0.0																											False	False	False	False
11171	717.4221	4.554545	4.6190476238650495e-05	0.0	6.239207547904475	1.0	0.2	0.8	50.0	0.0003330003330003	0.0122630432108188	salamandrivorans	life_stage	liq_Zoospore	liq_Developed	up_in_liq_Zoospore	0.0	11171.0	C41H56N4O7	[M + H]+	Veraguamide J	CCCCCC1C(C(=O)NC(C(=O)N(C(C(=O)OC(C(=O)N2CCCC2C(=O)N(C(C(=O)O1)C(C)C)C)C(C)C)C(C)C)C)C(C)C)C	0.785	Amino acids and Peptides	Cyclic peptides	Carboxylic acids and derivatives	11171.0	native-full-e9838293-bagel	native	1.0								native	native	1.0	11171.0	C41H56N4O7	False	False	False	False	False
13291	496.765	2.23	4.601621266868279e-05	0.0	6.23382669751754	1.0	0.1	0.9	50.0	0.0003330003330003	0.0122630432108188	salamandrivorans	life_stage	liq_Zoospore	liq_Developed	up_in_liq_Zoospore	0.0																											False	False	False	False
15202	613.7896	3.519	0.0	4.59743271523117e-05	-6.232530373892919	0.0	1.0	-1.0	0.0	0.0006660006660006	0.0122630432108188	salamandrivorans	life_stage	liq_Zoospore	liq_Developed	up_in_liq_Developed	5.553207870047816																											True	True	True	False
8402	409.2675	2.65842	4.570707474851673e-05	0.0	6.224231583288883	1.0	0.1	0.9	49.0	0.0006660006660006	0.0122630432108188	salamandrivorans	life_stage	liq_Zoospore	liq_Developed	up_in_liq_Zoospore	0.0																											False	False	False	False
10469	671.3499	0.585	0.0	4.564252543475618e-05	-6.2222200035859325	0.0	1.0	-1.0	0.0	0.0006660006660006	0.0122630432108188	salamandrivorans	life_stage	liq_Zoospore	liq_Developed	up_in_liq_Developed	5.785187734226937																											True	True	True	False
14043	911.4656	1.565	4.559473794232039e-05	0.0	6.2207289712257445	1.0	0.0	1.0	50.0	0.0003330003330003	0.0122630432108188	salamandrivorans	life_stage	liq_Zoospore	liq_Developed	up_in_liq_Zoospore	0.0																											False	False	False	False
17560	862.3832	1.832516	0.0	4.533224561250117e-05	-6.212511273049922	0.0	1.0	-1.0	0.0	0.0006660006660006	0.0122630432108188	salamandrivorans	life_stage	liq_Zoospore	liq_Developed	up_in_liq_Developed	5.094563554975172																											True	True	True	False
12333	1153.6361	3.422192	4.5286414462908085e-05	0.0	6.211071651098654	1.0	0.2	0.8	49.0	0.0006660006660006	0.0122630432108188	salamandrivorans	life_stage	liq_Zoospore	liq_Developed	up_in_liq_Zoospore	0.0																											False	False	False	False
8910	583.83	2.917507	4.505925603908631e-05	0.0	6.203914997495716	1.0	0.4	0.6	50.0	0.0003330003330003	0.0122630432108188	salamandrivorans	life_stage	liq_Zoospore	liq_Developed	up_in_liq_Zoospore	4.549075602680091																											True	False	False	False
11032	709.9064	3.324	4.417751956690857e-05	0.0	6.1757944825677225	1.0	0.2	0.8	49.0	0.0006660006660006	0.0122630432108188	salamandrivorans	life_stage	liq_Zoospore	liq_Developed	up_in_liq_Zoospore	0.0																											False	False	False	False
17579	948.478	3.035554	4.357141088548416e-05	0.0	6.15614147065369	1.0	0.4	0.6	50.0	0.0003330003330003	0.0122630432108188	salamandrivorans	life_stage	liq_Zoospore	liq_Developed	up_in_liq_Zoospore	5.519679036810009																											True	False	False	False
14976	1183.5331	1.833	4.342214690334748e-05	0.0	6.151260237421521	1.0	0.2	0.8	50.0	0.0003330003330003	0.0122630432108188	salamandrivorans	life_stage	liq_Zoospore	liq_Developed	up_in_liq_Zoospore	0.0																											False	False	False	False
6936	519.2927	0.929785	4.326693177547764e-05	0.0	6.1461668126064986	1.0	0.4	0.6	49.0	0.0006660006660006	0.0122630432108188	salamandrivorans	life_stage	liq_Zoospore	liq_Developed	up_in_liq_Zoospore	5.120763803364773	6936.0	C20H38N8O8	[M + H]+	Boc-DL-Phe-DL-Pro-DL-Arg-OH	CC(C)(C)OC(=O)NC(CC1=CC=CC=C1)C(=O)N2CCCC2C(=O)NC(CCCN=C(N)N)C(=O)O	0.034	Amino acids and Peptides	Tripeptides	Carboxylic acids and derivatives	6936.0	native-full-e9838293-bagel	native	1.0								native	native	1.0	6936.0	C20H38N8O8	False	True	False	False	False
19010	976.5024	3.012333	0.0	4.325973227737567e-05	-6.1459301222511264	0.4	1.0	-0.6	0.0	0.0006660006660006	0.0122630432108188	salamandrivorans	life_stage	liq_Zoospore	liq_Developed	up_in_liq_Developed	5.595843504828753																											True	True	True	False
7080	517.7665	1.383109	0.0	4.299666499620896e-05	-6.137254794023933	0.0	1.0	-1.0	0.0	0.0006660006660006	0.0122630432108188	salamandrivorans	life_stage	liq_Zoospore	liq_Developed	up_in_liq_Developed	0.6278505534767714																											False	True	False	False
11985	722.8506	3.5725	4.299160269639208e-05	0.0	6.137087338851316	1.0	0.3	0.7	50.0	0.0003330003330003	0.0122630432108188	salamandrivorans	life_stage	liq_Zoospore	liq_Developed	up_in_liq_Zoospore	4.134248758900629																											True	False	False	False
16561	1126.5999	3.601929	4.274057995960551e-05	0.0	6.12875931695164	1.0	0.3	0.7	50.0	0.0003330003330003	0.0122630432108188	salamandrivorans	life_stage	liq_Zoospore	liq_Developed	up_in_liq_Zoospore	5.2471284211093																											True	False	False	False
15110	466.203	2.318416	4.230578754593435e-05	0.0	6.114219751187089	1.0	0.1	0.9	49.0	0.0006660006660006	0.0122630432108188	salamandrivorans	life_stage	liq_Zoospore	liq_Developed	up_in_liq_Zoospore	0.0																											False	False	False	False
19995	754.3359	0.912271	0.0	4.229238135155635e-05	-6.113769107721824	0.0	1.0	-1.0	0.0	0.0006660006660006	0.0122630432108188	salamandrivorans	life_stage	liq_Zoospore	liq_Developed	up_in_liq_Developed	5.972289406407922																											True	True	True	False
11826	1249.1614	3.452266	4.2209660883987e-05	0.0	6.110985376485776	1.0	0.1	0.9	50.0	0.0003330003330003	0.0122630432108188	salamandrivorans	life_stage	liq_Zoospore	liq_Developed	up_in_liq_Zoospore	0.0																											False	False	False	False
12517	920.9434	2.916739	4.206717298723327e-05	0.0	6.106177704996628	1.0	0.0	1.0	50.0	0.0003330003330003	0.0122630432108188	salamandrivorans	life_stage	liq_Zoospore	liq_Developed	up_in_liq_Zoospore	0.0																											False	False	False	False
18128	990.4942	3.147	0.0	4.182343727423014e-05	-6.097916514362122	0.4	1.0	-0.6	0.0	0.0006660006660006	0.0122630432108188	salamandrivorans	life_stage	liq_Zoospore	liq_Developed	up_in_liq_Developed	5.907260800941493																											True	False	False	False
25856	442.757	2.107	4.179693119962137e-05	0.0	6.097015257542495	1.0	0.0	1.0	50.0	0.0003330003330003	0.0122630432108188	salamandrivorans	life_stage	liq_Zoospore	liq_Developed	up_in_liq_Zoospore	-6.446728077162272																											False	True	False	False
17548	686.3571	1.434848	0.0	4.131210386608332e-05	-6.080430091307432	0.0	1.0	-1.0	0.0	0.0006660006660006	0.0122630432108188	salamandrivorans	life_stage	liq_Zoospore	liq_Developed	up_in_liq_Developed	5.886704415419133																											True	True	True	False
16323	499.3235	0.95947	4.1157615342331627e-05	0.0	6.075104977101868	1.0	0.1	0.9	50.0	0.0003330003330003	0.0122630432108188	salamandrivorans	life_stage	liq_Zoospore	liq_Developed	up_in_liq_Zoospore	0.0																											False	False	False	False
34145	586.2529	1.839571	4.106718330176758e-05	0.0	6.071978701536268	1.0	0.0	1.0	50.0	0.0003330003330003	0.0122630432108188	salamandrivorans	life_stage	liq_Zoospore	liq_Developed	up_in_liq_Zoospore	0.0																											False	False	False	False
9558	413.7481	2.678698	4.103495003297122e-05	0.0	6.070862743486157	1.0	0.3	0.7	49.0	0.0006660006660006	0.0122630432108188	salamandrivorans	life_stage	liq_Zoospore	liq_Developed	up_in_liq_Zoospore	4.4850459757547965																											True	False	False	False
15700	980.5753	3.115	4.10011441351653e-05	0.0	6.069691410795141	1.0	0.3	0.7	50.0	0.0003330003330003	0.0122630432108188	salamandrivorans	life_stage	liq_Zoospore	liq_Developed	up_in_liq_Zoospore	5.069662618223084																											True	False	False	False
8164	521.7213	2.681	4.092928456743875e-05	0.0	6.067198401563594	1.0	0.0	1.0	50.0	0.0003330003330003	0.0122630432108188	salamandrivorans	life_stage	liq_Zoospore	liq_Developed	up_in_liq_Zoospore	0.0																											False	False	False	False
8793	680.3573	3.953523	4.059070617336661e-05	0.0	6.055393853456183	1.0	0.4	0.6	49.0	0.0006660006660006	0.0122630432108188	salamandrivorans	life_stage	liq_Zoospore	liq_Developed	up_in_liq_Zoospore	3.09880941432736	8793.0	C31H49N7O10	[M + H]+	H-DL-Ala-DL-Pro-DL-Val-DL-Arg-DL-Ser-DL-Leu-OH	CC(C)CC(C(=O)O)NC(=O)C(CO)NC(=O)C(CCCN=C(N)N)NC(=O)C(C(C)C)NC(=O)C1CCCN1C(=O)C(C)N	0.269	Amino acids and Peptides	Tripeptides	Carboxylic acids and derivatives	8793.0	native-EB97X;native-full-e9838293-bagel	native	1.0								native	native	1.0	8793.0	C31H49N7O10	False	True	False	False	False
13459	870.4277	1.194982	4.0511375037343024e-05	0.0	6.052613947381823	1.0	0.1	0.9	50.0	0.0003330003330003	0.0122630432108188	salamandrivorans	life_stage	liq_Zoospore	liq_Developed	up_in_liq_Zoospore	0.0																											False	False	False	False
6222	454.2393	2.604	4.048883690543881e-05	0.0	6.051823192530327	1.0	0.1	0.9	49.0	0.0006660006660006	0.0122630432108188	salamandrivorans	life_stage	liq_Zoospore	liq_Developed	up_in_liq_Zoospore	0.0																											False	False	False	False
15085	862.9105	1.738	4.027586648896605e-05	0.0	6.044329607084777	1.0	0.2	0.8	50.0	0.0003330003330003	0.0122630432108188	salamandrivorans	life_stage	liq_Zoospore	liq_Developed	up_in_liq_Zoospore	0.0																											False	False	False	False
9279	817.4774	3.065656	4.0221056393001454e-05	0.0	6.042394742725997	1.0	0.1	0.9	50.0	0.0003330003330003	0.0122630432108188	salamandrivorans	life_stage	liq_Zoospore	liq_Developed	up_in_liq_Zoospore	0.0																											False	False	False	False
470	993.4705	3.454485	0.0015054147385858	2.2241723885739822e-05	6.041698369861034	1.0	0.9	0.0999999999999999	50.0	0.0006660006660006	0.0122630432108188	salamandrivorans	life_stage	liq_Zoospore	liq_Developed	up_in_liq_Zoospore	-1.453592008757819																											False	False	False	False
18235	1042.5702	3.61674	0.0	4.019803955588726e-05	-6.041581445533853	0.4	1.0	-0.6	0.0	0.0006660006660006	0.0122630432108188	salamandrivorans	life_stage	liq_Zoospore	liq_Developed	up_in_liq_Developed	5.7299674527521685																											True	True	True	False
11397	970.9963	3.099493	3.996066024986085e-05	0.0	6.03316681958106	1.0	0.1	0.9	50.0	0.0003330003330003	0.0122630432108188	salamandrivorans	life_stage	liq_Zoospore	liq_Developed	up_in_liq_Zoospore	0.0																											False	False	False	False
11234	431.2302	2.706	0.0	3.980210651178892e-05	-6.027518940354534	0.2	1.0	-0.8	0.0	0.0006660006660006	0.0122630432108188	salamandrivorans	life_stage	liq_Zoospore	liq_Developed	up_in_liq_Developed	-0.372089433471111	11234.0	C22H30N4O5	[M + H]+	1-[2-({hydroxy[3-hydroxy-2-(propan-2-yl)-1,2-dihydroquinoxalin-1-yl]methylidene}amino)-3-methylbutanoyl]pyrrolidine-2-carboxylic acid	CC(C)C1C(=O)NC2=CC=CC=C2N1C(=O)NC(C(C)C)C(=O)N3CCCC3C(=O)O	0.323	Amino acids and Peptides	Tripeptides	Carboxylic acids and derivatives	11234.0	native-full-e9838293-bagel	native	1.0								native	native	1.0	11234.0	C22H30N4O5	False	False	False	False	False
20395	653.6813	2.698	0.0	3.954481287266138e-05	-6.01830651028243	0.4	1.0	-0.6	0.0	0.0006660006660006	0.0122630432108188	salamandrivorans	life_stage	liq_Zoospore	liq_Developed	up_in_liq_Developed	5.716703505770286																											True	True	True	False
10239	657.3748	2.5635	3.947888026632333e-05	0.0	6.015936285957698	1.0	0.3	0.7	50.0	0.0003330003330003	0.0122630432108188	salamandrivorans	life_stage	liq_Zoospore	liq_Developed	up_in_liq_Zoospore	4.810933176078907																											True	False	False	False
12499	829.9655	4.229	3.9397703003115765e-05	0.0	6.013012669557646	1.0	0.1	0.9	50.0	0.0003330003330003	0.0122630432108188	salamandrivorans	life_stage	liq_Zoospore	liq_Developed	up_in_liq_Zoospore	0.0	12499.0	C22H34I3N5O5	[M + H]+							12499.0	native-full-e9838293-bagel	native	1.0								native	native	1.0	12499.0	C22H34I3N5O5	False	False	False	False	False
14466	904.9906	3.651161	3.913402661297443e-05	0.0	6.003475223635959	1.0	0.1	0.9	49.0	0.0006660006660006	0.0122630432108188	salamandrivorans	life_stage	liq_Zoospore	liq_Developed	up_in_liq_Zoospore	0.0																											False	False	False	False
18307	1444.6993	3.581	3.897195082782172e-05	0.0	5.997581332433608	1.0	0.3	0.7	50.0	0.0003330003330003	0.0122630432108188	salamandrivorans	life_stage	liq_Zoospore	liq_Developed	up_in_liq_Zoospore	5.028987017209207																											True	False	False	False
20652	546.6199	1.548	3.893863726278605e-05	0.0	5.996366894592946	1.0	0.4	0.6	50.0	0.0003330003330003	0.0122630432108188	salamandrivorans	life_stage	liq_Zoospore	liq_Developed	up_in_liq_Zoospore	4.605902743424684																											True	False	False	False
16875	871.4378	1.244181	3.835083288391862e-05	0.0	5.97476874270086	1.0	0.1	0.9	50.0	0.0003330003330003	0.0122630432108188	salamandrivorans	life_stage	liq_Zoospore	liq_Developed	up_in_liq_Zoospore	0.0																											False	False	False	False
17154	543.7705	1.409478	3.8292239712773535e-05	0.0	5.972597979903021	1.0	0.4	0.6	49.0	0.0006660006660006	0.0122630432108188	salamandrivorans	life_stage	liq_Zoospore	liq_Developed	up_in_liq_Zoospore	4.572534897519766																											True	False	False	False
19831	1330.6454	3.58	3.811246270965131e-05	0.0	5.965917133977851	1.0	0.2	0.8	49.0	0.0006660006660006	0.0122630432108188	salamandrivorans	life_stage	liq_Zoospore	liq_Developed	up_in_liq_Zoospore	0.0																											False	False	False	False
11362	1167.6469	2.867791	3.8098778728390575e-05	0.0	5.9654073426129	1.0	0.1	0.9	50.0	0.0003330003330003	0.0122630432108188	salamandrivorans	life_stage	liq_Zoospore	liq_Developed	up_in_liq_Zoospore	0.0																											False	False	False	False
12434	800.4128	1.929556	3.797852246297808e-05	0.0	5.960919477801548	1.0	0.1	0.9	50.0	0.0003330003330003	0.0122630432108188	salamandrivorans	life_stage	liq_Zoospore	liq_Developed	up_in_liq_Zoospore	0.0																											False	False	False	False
10132	349.2355	2.133885	3.7978386397349306e-05	0.0	5.960914392029179	1.0	0.2	0.8	50.0	0.0003330003330003	0.0122630432108188	salamandrivorans	life_stage	liq_Zoospore	liq_Developed	up_in_liq_Zoospore	0.0																											False	False	False	False
11730	900.4701	3.534	0.0	3.792360608790478e-05	-5.958865391358399	0.0	1.0	-1.0	0.0	0.0006660006660006	0.0122630432108188	salamandrivorans	life_stage	liq_Zoospore	liq_Developed	up_in_liq_Developed	5.868431694837353																											True	True	True	False
17592	1139.075	3.813166	0.0	3.784488354138112e-05	-5.955915750877078	0.2	1.0	-0.8	0.0	0.0006660006660006	0.0122630432108188	salamandrivorans	life_stage	liq_Zoospore	liq_Developed	up_in_liq_Developed	5.492367492739241																											True	True	True	False
13995	852.5309	3.193	3.77552355931198e-05	0.0	5.952549387948709	1.0	0.4	0.6	49.0	0.0006660006660006	0.0122630432108188	salamandrivorans	life_stage	liq_Zoospore	liq_Developed	up_in_liq_Zoospore	4.819996168982353																											True	False	False	False
17768	824.393	2.7785	3.761731207339692e-05	0.0	5.947354845240889	1.0	0.1	0.9	50.0	0.0003330003330003	0.0122630432108188	salamandrivorans	life_stage	liq_Zoospore	liq_Developed	up_in_liq_Zoospore	0.0																											False	False	False	False
10184	618.3586	2.661259	3.754776758692795e-05	0.0	5.944728516857247	1.0	0.0	1.0	50.0	0.0003330003330003	0.0122630432108188	salamandrivorans	life_stage	liq_Zoospore	liq_Developed	up_in_liq_Zoospore	0.0																											False	False	False	False
7244	324.1989	1.815484	3.745839951619869e-05	0.0	5.941346521488048	1.0	0.4	0.6	49.0	0.0006660006660006	0.0122630432108188	salamandrivorans	life_stage	liq_Zoospore	liq_Developed	up_in_liq_Zoospore	4.663560557858421																											True	False	False	False
12514	345.2132	0.613	3.722955513999231e-05	0.0	5.932649945052105	1.0	0.2	0.8	49.0	0.0006660006660006	0.0122630432108188	salamandrivorans	life_stage	liq_Zoospore	liq_Developed	up_in_liq_Zoospore	0.0																											False	False	False	False
11614	614.3179	0.845744	0.0	3.7076843982282494e-05	-5.9268172929591145	0.4	1.0	-0.6	0.0	0.0006660006660006	0.0122630432108188	salamandrivorans	life_stage	liq_Zoospore	liq_Developed	up_in_liq_Developed	5.727853546716082																											True	True	True	False
19173	790.3334	1.175375	0.0	3.6796925207452255e-05	-5.916064457840392	0.4	1.0	-0.6	0.0	0.0006660006660006	0.0122630432108188	salamandrivorans	life_stage	liq_Zoospore	liq_Developed	up_in_liq_Developed	5.0187855672423085																											True	True	True	False
18539	717.9314	4.570709	3.563039323671435e-05	0.0	5.870369669536763	1.0	0.3	0.7	50.0	0.0003330003330003	0.0122630432108188	salamandrivorans	life_stage	liq_Zoospore	liq_Developed	up_in_liq_Zoospore	1.995051027550852																											True	False	False	False
17073	610.3251	1.675	0.0	3.536674094887424e-05	-5.859838378246643	0.2	1.0	-0.8	0.0	0.0006660006660006	0.0122630432108188	salamandrivorans	life_stage	liq_Zoospore	liq_Developed	up_in_liq_Developed	-2.886879179306417																											False	True	False	False
17895	802.3809	1.287652	0.0	3.52393392484109e-05	-5.854721780392674	0.0	1.0	-1.0	0.0	0.0006660006660006	0.0122630432108188	salamandrivorans	life_stage	liq_Zoospore	liq_Developed	up_in_liq_Developed	5.707609961509546																											True	True	True	False
15792	776.9383	3.741066	3.5047881162156145e-05	0.0	5.846998316793954	1.0	0.2	0.8	49.0	0.0006660006660006	0.0122630432108188	salamandrivorans	life_stage	liq_Zoospore	liq_Developed	up_in_liq_Zoospore	0.0																											False	False	False	False
30071	679.3651	3.121216	3.428064885024691e-05	0.0	5.815626354441144	1.0	0.1	0.9	50.0	0.0003330003330003	0.0122630432108188	salamandrivorans	life_stage	liq_Zoospore	liq_Developed	up_in_liq_Zoospore	-5.937453211246215																											False	True	False	False
16063	1121.6506	3.9045	3.4198113331639856e-05	0.0	5.812210493130768	1.0	0.4	0.6	50.0	0.0003330003330003	0.0122630432108188	salamandrivorans	life_stage	liq_Zoospore	liq_Developed	up_in_liq_Zoospore	4.285386114209656																											True	False	False	False
18477	694.9099	3.822842	3.373498433182779e-05	0.0	5.792891695877172	1.0	0.1	0.9	49.0	0.0006660006660006	0.0122630432108188	salamandrivorans	life_stage	liq_Zoospore	liq_Developed	up_in_liq_Zoospore	0.0																											False	False	False	False
17036	1256.691	4.246	3.366539181753073e-05	0.0	5.78996625114154	1.0	0.4	0.6	49.0	0.0006660006660006	0.0122630432108188	salamandrivorans	life_stage	liq_Zoospore	liq_Developed	up_in_liq_Zoospore	3.6600274166387954																											True	False	False	False
22752	781.4561	3.914	3.361299409188553e-05	0.0	5.787759698554112	1.0	0.3	0.7	50.0	0.0003330003330003	0.0122630432108188	salamandrivorans	life_stage	liq_Zoospore	liq_Developed	up_in_liq_Zoospore	4.768581087902173																											True	False	False	False
9191	598.3093	3.801892	3.337809762423616e-05	0.0	5.777826141636796	1.0	0.0	1.0	50.0	0.0003330003330003	0.0122630432108188	salamandrivorans	life_stage	liq_Zoospore	liq_Developed	up_in_liq_Zoospore	0.0																											False	False	False	False
18185	719.3542	2.54	0.0	3.3231644721367474e-05	-5.77159798704926	0.2	1.0	-0.8	0.0	0.0006660006660006	0.0122630432108188	salamandrivorans	life_stage	liq_Zoospore	liq_Developed	up_in_liq_Developed	5.6341951346032255																											True	False	False	False
1703	800.3782	1.3325	8.145250936465081e-06	0.0004769692072557	-5.767886474815522	0.6	1.0	-0.4	0.0	0.0006660006660006	0.0122630432108188	salamandrivorans	life_stage	liq_Zoospore	liq_Developed	up_in_liq_Developed	9.252279991479131																											True	True	True	False
16574	570.8382	3.052446	3.297122919949161e-05	0.0	5.760456532050465	1.0	0.1	0.9	49.0	0.0006660006660006	0.0122630432108188	salamandrivorans	life_stage	liq_Zoospore	liq_Developed	up_in_liq_Zoospore	0.0																											False	False	False	False
13727	1105.5699	4.165	3.295885934075972e-05	0.0	5.759925161115019	1.0	0.4	0.6	50.0	0.0003330003330003	0.0122630432108188	salamandrivorans	life_stage	liq_Zoospore	liq_Developed	up_in_liq_Zoospore	3.5307114519032226																											True	False	False	False
13387	552.2941	2.461	3.2904630378935075e-05	0.0	5.7575933398693335	1.0	0.0	1.0	50.0	0.0003330003330003	0.0122630432108188	salamandrivorans	life_stage	liq_Zoospore	liq_Developed	up_in_liq_Zoospore	0.0																											False	False	False	False
13197	352.1856	2.278531	3.254878159308038e-05	0.0	5.742197773249121	1.0	0.1	0.9	49.0	0.0006660006660006	0.0122630432108188	salamandrivorans	life_stage	liq_Zoospore	liq_Developed	up_in_liq_Zoospore	0.0																											False	False	False	False
18763	596.301	1.498899	0.0	3.2546811346591945e-05	-5.7421120728243205	0.0	1.0	-1.0	0.0	0.0006660006660006	0.0122630432108188	salamandrivorans	life_stage	liq_Zoospore	liq_Developed	up_in_liq_Developed	0.7329927928817017																											False	True	False	False
16956	717.4303	4.578357	3.2528835825278466e-05	0.0	5.741329950788788	1.0	0.2	0.8	50.0	0.0003330003330003	0.0122630432108188	salamandrivorans	life_stage	liq_Zoospore	liq_Developed	up_in_liq_Zoospore	0.0	16956.0	C35H56N8O8	[M + H]+	Phepropeptin B	CC(C)CC1C(=O)NC(C(=O)NC(C(=O)NC(C(=O)N2CCCC2C(=O)NC(C(=O)N1)CC3=CC=CC=C3)CC4=CC=CC=C4)CC(C)C)C(C)C	0.199	Amino acids and Peptides	Cyclic peptides	Carboxylic acids and derivatives	16956.0	native-full-e9838293-bagel	native	1.0								native	native	1.0	16956.0	C35H56N8O8	False	False	False	False	False
14293	1325.9578	2.777	3.230471592521525e-05	0.0	5.73154263775891	1.0	0.1	0.9	50.0	0.0003330003330003	0.0122630432108188	salamandrivorans	life_stage	liq_Zoospore	liq_Developed	up_in_liq_Zoospore	-5.51273273070602																											False	False	False	False
18269	1376.6624	3.698937	3.225565565357912e-05	0.0	5.729391289362316	1.0	0.1	0.9	50.0	0.0003330003330003	0.0122630432108188	salamandrivorans	life_stage	liq_Zoospore	liq_Developed	up_in_liq_Zoospore	0.0																											False	False	False	False
20840	1240.6111	3.618	3.2127015085258766e-05	0.0	5.723734973135543	1.0	0.1	0.9	50.0	0.0003330003330003	0.0122630432108188	salamandrivorans	life_stage	liq_Zoospore	liq_Developed	up_in_liq_Zoospore	0.0																											False	False	False	False
26502	791.9607	4.238	3.2037046795891264e-05	0.0	5.719765854244513	1.0	0.1	0.9	50.0	0.0003330003330003	0.0122630432108188	salamandrivorans	life_stage	liq_Zoospore	liq_Developed	up_in_liq_Zoospore	0.0																											False	False	False	False
7310	336.2075	1.722242	3.195957651367564e-05	0.0	5.716339336603091	1.0	0.2	0.8	49.0	0.0006660006660006	0.0122630432108188	salamandrivorans	life_stage	liq_Zoospore	liq_Developed	up_in_liq_Zoospore	0.0																											False	False	False	False
13654	417.1975	1.42	3.1583133041764975e-05	0.0	5.6995723628105415	1.0	0.4	0.6	50.0	0.0003330003330003	0.0122630432108188	salamandrivorans	life_stage	liq_Zoospore	liq_Developed	up_in_liq_Zoospore	4.028157045475244																											True	False	False	False
11432	618.8619	2.640066	3.148808236287048e-05	0.0	5.695307765867052	1.0	0.2	0.8	50.0	0.0003330003330003	0.0122630432108188	salamandrivorans	life_stage	liq_Zoospore	liq_Developed	up_in_liq_Zoospore	0.0																											False	False	False	False
18379	443.2518	2.141844	3.1462826486624315e-05	0.0	5.694172498599019	1.0	0.1	0.9	49.0	0.0006660006660006	0.0122630432108188	salamandrivorans	life_stage	liq_Zoospore	liq_Developed	up_in_liq_Zoospore	-5.302298005924462																											False	False	False	False
11770	1193.6962	3.635286	3.089936293534944e-05	0.0	5.668609349939673	1.0	0.1	0.9	50.0	0.0003330003330003	0.0122630432108188	salamandrivorans	life_stage	liq_Zoospore	liq_Developed	up_in_liq_Zoospore	0.0																											False	False	False	False
11741	1020.0256	3.902	3.0714480594347296e-05	0.0	5.660121960680144	1.0	0.0	1.0	50.0	0.0003330003330003	0.0122630432108188	salamandrivorans	life_stage	liq_Zoospore	liq_Developed	up_in_liq_Zoospore	0.0																											False	False	False	False
11254	597.817	2.961305	3.0679824107343946e-05	0.0	5.658525414023149	1.0	0.0	1.0	50.0	0.0003330003330003	0.0122630432108188	salamandrivorans	life_stage	liq_Zoospore	liq_Developed	up_in_liq_Zoospore	0.0																											False	False	False	False
17227	678.8864	3.508	3.012990759497516e-05	0.0	5.632952656444006	1.0	0.0	1.0	50.0	0.0003330003330003	0.0122630432108188	salamandrivorans	life_stage	liq_Zoospore	liq_Developed	up_in_liq_Zoospore	0.0																											False	False	False	False
22003	869.4753	3.895	3.001144329701016e-05	0.0	5.627383864755683	1.0	0.1	0.9	49.0	0.0006660006660006	0.0122630432108188	salamandrivorans	life_stage	liq_Zoospore	liq_Developed	up_in_liq_Zoospore	0.0																											False	False	False	False
19639	584.3521	4.28794	0.0	2.986286533238776e-05	-5.620368960160018	0.4	1.0	-0.6	0.0	0.0006660006660006	0.0122630432108188	salamandrivorans	life_stage	liq_Zoospore	liq_Developed	up_in_liq_Developed	5.562471140226147																											True	True	True	False
22315	597.804	1.45	0.0	2.9701068100851936e-05	-5.612690928951915	0.0	1.0	-1.0	0.0	0.0006660006660006	0.0122630432108188	salamandrivorans	life_stage	liq_Zoospore	liq_Developed	up_in_liq_Developed	4.774992426298495																											True	True	True	False
16234	525.2723	3.072429	2.9563735044313262e-05	0.0	5.606141620567286	1.0	0.1	0.9	49.0	0.0006660006660006	0.0122630432108188	salamandrivorans	life_stage	liq_Zoospore	liq_Developed	up_in_liq_Zoospore	0.0																											False	False	False	False
21215	731.3628	3.555	2.928621516935524e-05	0.0	5.592815466508701	1.0	0.3	0.7	50.0	0.0003330003330003	0.0122630432108188	salamandrivorans	life_stage	liq_Zoospore	liq_Developed	up_in_liq_Zoospore	3.559243657036693																											True	False	False	False
19264	896.0148	4.624326	2.923912153444253e-05	0.0	5.590541822568691	1.0	0.4	0.6	49.0	0.0006660006660006	0.0122630432108188	salamandrivorans	life_stage	liq_Zoospore	liq_Developed	up_in_liq_Zoospore	3.82798867161932																											True	False	False	False
13028	516.2104	3.462714	2.923240499268497e-05	0.0	5.590217261015391	1.0	0.1	0.9	50.0	0.0003330003330003	0.0122630432108188	salamandrivorans	life_stage	liq_Zoospore	liq_Developed	up_in_liq_Zoospore	0.0																											False	False	False	False
13786	541.3475	1.3875	2.87623293124797e-05	0.0	5.567318603472836	1.0	0.4	0.6	50.0	0.0003330003330003	0.0122630432108188	salamandrivorans	life_stage	liq_Zoospore	liq_Developed	up_in_liq_Zoospore	4.249507952815868																											True	False	False	False
18166	746.435	3.703	2.8672389000800267e-05	0.0	5.562895640236276	1.0	0.3	0.7	50.0	0.0003330003330003	0.0122630432108188	salamandrivorans	life_stage	liq_Zoospore	liq_Developed	up_in_liq_Zoospore	3.5355336148943666																											True	False	False	False
13277	640.8751	3.5265	2.866556436342872e-05	0.0	5.562559473288589	1.0	0.1	0.9	50.0	0.0003330003330003	0.0122630432108188	salamandrivorans	life_stage	liq_Zoospore	liq_Developed	up_in_liq_Zoospore	0.0																											False	False	False	False
16386	635.8409	3.70209	2.8586044439191605e-05	0.0	5.558636708315071	1.0	0.3	0.7	50.0	0.0003330003330003	0.0122630432108188	salamandrivorans	life_stage	liq_Zoospore	liq_Developed	up_in_liq_Zoospore	4.28174722016901																											True	False	False	False
9606	631.8522	3.357	2.824551120974888e-05	0.0	5.541716306110422	1.0	0.1	0.9	49.0	0.0006660006660006	0.0122630432108188	salamandrivorans	life_stage	liq_Zoospore	liq_Developed	up_in_liq_Zoospore	0.0																											False	False	False	False
17743	542.3539	2.778	2.813019694734004e-05	0.0	5.535941300519774	1.0	0.2	0.8	49.0	0.0006660006660006	0.0122630432108188	salamandrivorans	life_stage	liq_Zoospore	liq_Developed	up_in_liq_Zoospore	0.0																											False	False	False	False
15481	698.4218	1.676	2.781461954292377e-05	0.0	5.520017771497473	1.0	0.0	1.0	50.0	0.0003330003330003	0.0122630432108188	salamandrivorans	life_stage	liq_Zoospore	liq_Developed	up_in_liq_Zoospore	0.0																											False	False	False	False
17138	495.2938	2.846581	2.763015321994457e-05	0.0	5.510627849018111	1.0	0.2	0.8	49.0	0.0006660006660006	0.0122630432108188	salamandrivorans	life_stage	liq_Zoospore	liq_Developed	up_in_liq_Zoospore	0.0	17138.0	C23H38N6O6	[M + H]+	N-{5-[(1-carbamoyl-2-phenylethyl)carbamoyl]-1-(3,3-dimethylbutanoyl)pyrrolidin-3-yl}-3,3-dimethylbutanamide	CC(C)(C)CC(=O)NC1CC(N(C1)C(=O)CC(C)(C)C)C(=O)NC(CC2=CC=CC=C2)C(=O)N	0.209	Amino acids and Peptides	Tripeptides	Carboxylic acids and derivatives	17138.0	native-full-e9838293-bagel	native	1.0								native	native	1.0	17138.0	C23H38N6O6	False	False	False	False	False
20974	1052.009	4.035113	2.7244172964303933e-05	0.0	5.490780247455805	1.0	0.3	0.7	50.0	0.0003330003330003	0.0122630432108188	salamandrivorans	life_stage	liq_Zoospore	liq_Developed	up_in_liq_Zoospore	3.0902216956102357																											True	False	False	False
16302	635.8816	3.475655	2.695053593386781e-05	0.0	5.47549603642384	1.0	0.0	1.0	50.0	0.0003330003330003	0.0122630432108188	salamandrivorans	life_stage	liq_Zoospore	liq_Developed	up_in_liq_Zoospore	0.0	16302.0	C34H45N5O7	[M + H]+	2-({1-[2-({1-[2-amino-3-(4-hydroxyphenyl)propanoyl]pyrrolidin-2-yl}formamido)-3-methylpentanoyl]pyrrolidin-2-yl}formamido)-3-phenylpropanoic acid	CCC(C)C(C(=O)N1CCCC1C(=O)NC(CC2=CC=CC=C2)C(=O)O)NC(=O)C3CCCN3C(=O)C(CC4=CC=C(C=C4)O)N	0.879	Amino acids and Peptides	Anabaenopeptins	Carboxylic acids and derivatives	16302.0	native-full-e9838293-bagel	native	1.0								native	native	1.0	16302.0	C34H45N5O7	False	False	False	False	False
20196	778.4072	3.973	0.0	2.655405811587947e-05	-5.454598493425903	0.4	1.0	-0.6	0.0	0.0006660006660006	0.0122630432108188	salamandrivorans	life_stage	liq_Zoospore	liq_Developed	up_in_liq_Developed	5.180708721951097																											True	False	False	False
14544	597.3557	3.588	2.6475788981599945e-05	0.0	5.450437066622402	1.0	0.2	0.8	50.0	0.0003330003330003	0.0122630432108188	salamandrivorans	life_stage	liq_Zoospore	liq_Developed	up_in_liq_Zoospore	0.0																											False	False	False	False
36449	1015.451	3.442715	2.626153695912889e-05	0.0	5.438983891479945	1.0	0.0	1.0	50.0	0.0003330003330003	0.0122630432108188	salamandrivorans	life_stage	liq_Zoospore	liq_Developed	up_in_liq_Zoospore	-3.923588384793263																											False	False	False	False
14183	548.8204	3.052	2.613893829306551e-05	0.0	5.432389055855247	1.0	0.0	1.0	50.0	0.0003330003330003	0.0122630432108188	salamandrivorans	life_stage	liq_Zoospore	liq_Developed	up_in_liq_Zoospore	0.0																											False	False	False	False
9702	349.7122	1.677	2.5934766465148703e-05	0.0	5.421338879661986	1.0	0.2	0.8	50.0	0.0003330003330003	0.0122630432108188	salamandrivorans	life_stage	liq_Zoospore	liq_Developed	up_in_liq_Zoospore	0.0																											False	False	False	False
10954	944.9235	2.299122	2.5866981904158333e-05	0.0	5.417651453377018	1.0	0.1	0.9	50.0	0.0003330003330003	0.0122630432108188	salamandrivorans	life_stage	liq_Zoospore	liq_Developed	up_in_liq_Zoospore	0.0																											False	False	False	False
24352	905.9915	3.649655	2.577005770749759e-05	0.0	5.412362426970273	1.0	0.0	1.0	50.0	0.0003330003330003	0.0122630432108188	salamandrivorans	life_stage	liq_Zoospore	liq_Developed	up_in_liq_Zoospore	0.0																											False	False	False	False
18505	846.9012	1.928	2.5675873910716752e-05	0.0	5.407204298144121	1.0	0.0	1.0	50.0	0.0003330003330003	0.0122630432108188	salamandrivorans	life_stage	liq_Zoospore	liq_Developed	up_in_liq_Zoospore	0.0																											False	False	False	False
21944	957.5555	3.737	2.5648157208044003e-05	0.0	5.405682829016155	1.0	0.4	0.6	49.0	0.0006660006660006	0.0122630432108188	salamandrivorans	life_stage	liq_Zoospore	liq_Developed	up_in_liq_Zoospore	4.384239501135941																											True	False	False	False
23887	1228.6779	3.739916	2.5559055063323764e-05	0.0	5.400780794282045	1.0	0.3	0.7	49.0	0.0006660006660006	0.0122630432108188	salamandrivorans	life_stage	liq_Zoospore	liq_Developed	up_in_liq_Zoospore	4.121284096687818																											True	False	False	False
22258	673.4169	3.729437	0.0	2.5354133356900374e-05	-5.389443234659498	0.0	1.0	-1.0	0.0	0.0006660006660006	0.0122630432108188	salamandrivorans	life_stage	liq_Zoospore	liq_Developed	up_in_liq_Developed	5.029338811808072																											True	True	True	False
10329	343.7148	2.2295	2.528482986094062e-05	0.0	5.385588678365212	1.0	0.4	0.6	49.0	0.0006660006660006	0.0122630432108188	salamandrivorans	life_stage	liq_Zoospore	liq_Developed	up_in_liq_Zoospore	4.407421402098944																											True	False	False	False
19601	395.1993	1.388188	0.0	2.484793501027436e-05	-5.361049230141204	0.4	1.0	-0.6	0.0	0.0006660006660006	0.0122630432108188	salamandrivorans	life_stage	liq_Zoospore	liq_Developed	up_in_liq_Developed	4.857595669814494																											True	True	True	False
15323	356.7205	1.482819	2.482738637153187e-05	0.0	5.359884715428566	1.0	0.3	0.7	50.0	0.0003330003330003	0.0122630432108188	salamandrivorans	life_stage	liq_Zoospore	liq_Developed	up_in_liq_Zoospore	4.216575215680494																											True	False	False	False
18962	808.7541	2.716	2.4641003951963827e-05	0.0	5.34927906058603	1.0	0.1	0.9	50.0	0.0003330003330003	0.0122630432108188	salamandrivorans	life_stage	liq_Zoospore	liq_Developed	up_in_liq_Zoospore	0.0																											False	False	False	False
20970	381.6847	0.611	2.431394218109627e-05	0.0	5.330477824171502	1.0	0.1	0.9	50.0	0.0003330003330003	0.0122630432108188	salamandrivorans	life_stage	liq_Zoospore	liq_Developed	up_in_liq_Zoospore	0.0																											False	False	False	False
14107	680.6853	3.867	2.3870738829494e-05	0.0	5.304602764047866	1.0	0.0	1.0	50.0	0.0003330003330003	0.0122630432108188	salamandrivorans	life_stage	liq_Zoospore	liq_Developed	up_in_liq_Zoospore	0.0	14107.0	C41H85N5O2	[M + H]+	N-[2-[Bis(2-aminoethyl)amino]ethyl]-N'-hexadecyl-2-hexadecylmalonamide	CCCCCCCCCCCCCCCCC(C(=O)NCCCCCCCCCCCCCCCC)C(=O)NCCN(CCN)CCN	0.028	Amino acids and Peptides	Linear peptides	Carboxylic acids and derivatives	14107.0	native-full-e9838293-bagel	native	1.0								native	native	1.0	14107.0	C41H85N5O2	False	False	False	False	False
16589	401.7242	1.75125	2.3724808562985136e-05	0.0	5.295980501436282	1.0	0.1	0.9	50.0	0.0003330003330003	0.0122630432108188	salamandrivorans	life_stage	liq_Zoospore	liq_Developed	up_in_liq_Zoospore	0.0																											False	False	False	False
19997	618.8319	3.819599	0.0	2.3467010248715915e-05	-5.280621460957719	0.0	1.0	-1.0	0.0	0.0006660006660006	0.0122630432108188	salamandrivorans	life_stage	liq_Zoospore	liq_Developed	up_in_liq_Developed	5.232988631758282																											True	True	True	False
24608	764.3386	4.074	0.0	2.3434692958738384e-05	-5.278684484799556	0.0	1.0	-1.0	0.0	0.0006660006660006	0.0122630432108188	salamandrivorans	life_stage	liq_Zoospore	liq_Developed	up_in_liq_Developed	4.8004989017323565																											True	True	True	False
18122	1256.1598	4.658017	2.338972964103692e-05	0.0	5.275985220057048	1.0	0.2	0.8	49.0	0.0006660006660006	0.0122630432108188	salamandrivorans	life_stage	liq_Zoospore	liq_Developed	up_in_liq_Zoospore	0.0																											False	False	False	False
16858	597.8105	3.898	2.332119931810105e-05	0.0	5.27186142760535	1.0	0.0	1.0	50.0	0.0003330003330003	0.0122630432108188	salamandrivorans	life_stage	liq_Zoospore	liq_Developed	up_in_liq_Zoospore	0.0	16858.0	C11H21Br4N3O4	[M + Na]+							16858.0	native-full-e9838293-bagel	native	1.0								native	native	1.0	16858.0	C11H21Br4N3O4	False	False	False	False	False
24501	623.2879	1.353513	0.0	2.3147497508612595e-05	-5.261355860773535	0.0	1.0	-1.0	0.0	0.0006660006660006	0.0122630432108188	salamandrivorans	life_stage	liq_Zoospore	liq_Developed	up_in_liq_Developed	-0.8915716928143224																											False	True	False	False
14639	427.7604	2.9375	0.0	2.305992810922476e-05	-5.256030475573311	0.0	1.0	-1.0	0.0	0.0006660006660006	0.0122630432108188	salamandrivorans	life_stage	liq_Zoospore	liq_Developed	up_in_liq_Developed	5.003852496613604																											True	True	True	False
22635	1307.2223	4.673493	2.269083378296128e-05	0.0	5.233366051275048	1.0	0.3	0.7	50.0	0.0003330003330003	0.0122630432108188	salamandrivorans	life_stage	liq_Zoospore	liq_Developed	up_in_liq_Zoospore	3.703615075697261																											True	False	False	False
15816	405.2334	1.408074	2.263092049502184e-05	0.0	5.229653221872518	1.0	0.2	0.8	50.0	0.0003330003330003	0.0122630432108188	salamandrivorans	life_stage	liq_Zoospore	liq_Developed	up_in_liq_Zoospore	0.0																											False	False	False	False
20336	329.2028	3.44219	0.0	2.2577957994717613e-05	-5.226363157564077	0.4	1.0	-0.6	0.0	0.0006660006660006	0.0122630432108188	salamandrivorans	life_stage	liq_Zoospore	liq_Developed	up_in_liq_Developed	4.513009982371141																											True	True	True	False
18675	1089.5404	4.185629	2.240405547355947e-05	0.0	5.215507152162358	1.0	0.0	1.0	50.0	0.0003330003330003	0.0122630432108188	salamandrivorans	life_stage	liq_Zoospore	liq_Developed	up_in_liq_Zoospore	0.0																											False	False	False	False
31792	997.0311	4.147294	2.22539584362208e-05	0.0	5.206071089774196	1.0	0.3	0.7	49.0	0.0006660006660006	0.0122630432108188	salamandrivorans	life_stage	liq_Zoospore	liq_Developed	up_in_liq_Zoospore	3.469722688549198																											True	False	False	False
18523	584.3774	1.465219	2.220315132722208e-05	0.0	5.2028629964993405	1.0	0.2	0.8	50.0	0.0003330003330003	0.0122630432108188	salamandrivorans	life_stage	liq_Zoospore	liq_Developed	up_in_liq_Zoospore	0.0																											False	False	False	False
21323	795.9674	3.701356	2.214365630854203e-05	0.0	5.19909723557795	1.0	0.1	0.9	50.0	0.0003330003330003	0.0122630432108188	salamandrivorans	life_stage	liq_Zoospore	liq_Developed	up_in_liq_Zoospore	0.0																											False	False	False	False
22912	1258.1927	4.42161	2.195958992632961e-05	0.0	5.187384040914641	1.0	0.3	0.7	50.0	0.0003330003330003	0.0122630432108188	salamandrivorans	life_stage	liq_Zoospore	liq_Developed	up_in_liq_Zoospore	3.1577810758434355																											True	False	False	False
14819	628.3442	4.248	2.179348463270625e-05	0.0	5.176731555843115	1.0	0.4	0.6	50.0	0.0003330003330003	0.0122630432108188	salamandrivorans	life_stage	liq_Zoospore	liq_Developed	up_in_liq_Zoospore	3.733993285633333																											True	False	False	False
22894	810.4768	3.780413	2.1737519237280588e-05	0.0	5.173124655339315	1.0	0.3	0.7	50.0	0.0003330003330003	0.0122630432108188	salamandrivorans	life_stage	liq_Zoospore	liq_Developed	up_in_liq_Zoospore	3.715727495099633																											True	False	False	False
22110	1155.6544	3.992	2.1684288460635384e-05	0.0	5.16968560985856	1.0	0.2	0.8	50.0	0.0003330003330003	0.0122630432108188	salamandrivorans	life_stage	liq_Zoospore	liq_Developed	up_in_liq_Zoospore	0.0																											False	False	False	False
19693	906.9904	3.64702	2.165469045205061e-05	0.0	5.167769838572674	1.0	0.3	0.7	50.0	0.0003330003330003	0.0122630432108188	salamandrivorans	life_stage	liq_Zoospore	liq_Developed	up_in_liq_Zoospore	4.052825195219877																											True	False	False	False
16765	781.8995	4.248	2.13840007485464e-05	0.0	5.150130039355779	1.0	0.4	0.6	49.0	0.0006660006660006	0.0122630432108188	salamandrivorans	life_stage	liq_Zoospore	liq_Developed	up_in_liq_Zoospore	3.6129107702476766																											True	False	False	False
16223	509.808	3.683857	2.1279498441116984e-05	0.0	5.143261903329511	1.0	0.1	0.9	50.0	0.0003330003330003	0.0122630432108188	salamandrivorans	life_stage	liq_Zoospore	liq_Developed	up_in_liq_Zoospore	0.0																											False	False	False	False
25341	1131.5817	4.63478	2.1063983649045058e-05	0.0	5.128993674298193	1.0	0.2	0.8	50.0	0.0003330003330003	0.0122630432108188	salamandrivorans	life_stage	liq_Zoospore	liq_Developed	up_in_liq_Zoospore	0.0																											False	False	False	False
19870	363.7294	1.54	2.092704832714625e-05	0.0	5.119853956932097	1.0	0.1	0.9	49.0	0.0006660006660006	0.0122630432108188	salamandrivorans	life_stage	liq_Zoospore	liq_Developed	up_in_liq_Zoospore	0.0																											False	False	False	False
20249	674.8969	3.695548	2.0921780831660857e-05	0.0	5.119501220000384	1.0	0.2	0.8	50.0	0.0003330003330003	0.0122630432108188	salamandrivorans	life_stage	liq_Zoospore	liq_Developed	up_in_liq_Zoospore	0.0																											False	False	False	False
17599	830.4398	2.911478	2.041963853312024e-05	0.0	5.085473069864908	1.0	0.0	1.0	50.0	0.0003330003330003	0.0122630432108188	salamandrivorans	life_stage	liq_Zoospore	liq_Developed	up_in_liq_Zoospore	0.0																											False	False	False	False
10618	571.8025	1.953225	2.000232849333913e-05	0.0	5.05656991320602	1.0	0.2	0.8	50.0	0.0003330003330003	0.0122630432108188	salamandrivorans	life_stage	liq_Zoospore	liq_Developed	up_in_liq_Zoospore	0.0																											False	False	False	False
20335	670.8633	3.637429	1.9904005562272994e-05	0.0	5.049674881395914	1.0	0.1	0.9	49.0	0.0006660006660006	0.0122630432108188	salamandrivorans	life_stage	liq_Zoospore	liq_Developed	up_in_liq_Zoospore	0.0																											False	False	False	False
10661	627.8072	0.574599	1.972916825720744e-05	0.0	5.037332180141641	1.0	0.0	1.0	50.0	0.0003330003330003	0.0122630432108188	salamandrivorans	life_stage	liq_Zoospore	liq_Developed	up_in_liq_Zoospore	0.0																											False	False	False	False
21553	730.3798	4.232	1.972445832304924e-05	0.0	5.036998215643791	1.0	0.0	1.0	50.0	0.0003330003330003	0.0122630432108188	salamandrivorans	life_stage	liq_Zoospore	liq_Developed	up_in_liq_Zoospore	0.0																											False	False	False	False
22943	1109.1426	4.584697	1.9582841854982423e-05	0.0	5.026920421843795	1.0	0.2	0.8	50.0	0.0003330003330003	0.0122630432108188	salamandrivorans	life_stage	liq_Zoospore	liq_Developed	up_in_liq_Zoospore	0.0																											False	False	False	False
676	1125.1307	3.832	0.0008504714157385	2.590355923281003e-05	5.003985892745176	1.0	0.5	0.5	50.0	0.0006660006660006	0.0122630432108188	salamandrivorans	life_stage	liq_Zoospore	liq_Developed	up_in_liq_Zoospore	7.313687944486626																											True	False	False	False
23742	1433.8356	4.56186	1.91320660119942e-05	0.0	4.994365180193021	1.0	0.0	1.0	50.0	0.0003330003330003	0.0122630432108188	salamandrivorans	life_stage	liq_Zoospore	liq_Developed	up_in_liq_Zoospore	0.0																											False	False	False	False
27518	416.2863	1.497303	1.894444471047144e-05	0.0	4.980595540102407	1.0	0.2	0.8	49.0	0.0006660006660006	0.0122630432108188	salamandrivorans	life_stage	liq_Zoospore	liq_Developed	up_in_liq_Zoospore	0.0																											False	False	False	False
23567	1001.0269	4.295062	0.0	1.8829840668248853e-05	-4.972119564398221	0.4	1.0	-0.6	0.0	0.0006660006660006	0.0122630432108188	salamandrivorans	life_stage	liq_Zoospore	liq_Developed	up_in_liq_Developed	4.850674944043883																											True	True	True	False
22621	1106.1012	4.655423	1.87534443531844e-05	0.0	4.966441596885315	1.0	0.1	0.9	50.0	0.0003330003330003	0.0122630432108188	salamandrivorans	life_stage	liq_Zoospore	liq_Developed	up_in_liq_Zoospore	0.0																											False	False	False	False
19543	1428.7457	4.203	1.8615657549646423e-05	0.0	4.956144091587029	1.0	0.0	1.0	50.0	0.0003330003330003	0.0122630432108188	salamandrivorans	life_stage	liq_Zoospore	liq_Developed	up_in_liq_Zoospore	0.0																											False	False	False	False
20516	628.8741	3.979	1.860774313347148e-05	0.0	4.955550369104799	1.0	0.3	0.7	49.0	0.0006660006660006	0.0122630432108188	salamandrivorans	life_stage	liq_Zoospore	liq_Developed	up_in_liq_Zoospore	2.2787932635993835																											True	False	False	False
23534	1169.6438	4.195	1.848112327602717e-05	0.0	4.946018243945735	1.0	0.1	0.9	50.0	0.0003330003330003	0.0122630432108188	salamandrivorans	life_stage	liq_Zoospore	liq_Developed	up_in_liq_Zoospore	0.0																											False	False	False	False
27223	1324.7504	4.069541	1.8416184559665583e-05	0.0	4.94110502138781	1.0	0.3	0.7	50.0	0.0003330003330003	0.0122630432108188	salamandrivorans	life_stage	liq_Zoospore	liq_Developed	up_in_liq_Zoospore	3.3178018994137912																											True	False	False	False
24321	1141.6245	3.766289	1.82068863014574e-05	0.0	4.9251548038632285	1.0	0.3	0.7	49.0	0.0006660006660006	0.0122630432108188	salamandrivorans	life_stage	liq_Zoospore	liq_Developed	up_in_liq_Zoospore	3.715858113289579																											True	False	False	False
19667	450.2367	2.762	1.8035650107387105e-05	0.0	4.911972779709952	1.0	0.2	0.8	49.0	0.0006660006660006	0.0122630432108188	salamandrivorans	life_stage	liq_Zoospore	liq_Developed	up_in_liq_Zoospore	0.0																											False	False	False	False
24215	1286.6913	3.757692	1.778443937015179e-05	0.0	4.892413585286532	1.0	0.2	0.8	50.0	0.0003330003330003	0.0122630432108188	salamandrivorans	life_stage	liq_Zoospore	liq_Developed	up_in_liq_Zoospore	0.0																											False	False	False	False
20537	1217.6049	4.242	1.775121605190168e-05	0.0	4.889806859534412	1.0	0.1	0.9	50.0	0.0003330003330003	0.0122630432108188	salamandrivorans	life_stage	liq_Zoospore	liq_Developed	up_in_liq_Zoospore	0.0																											False	False	False	False
21185	859.9238	4.054423	1.7702694033823916e-05	0.0	4.885991304048308	1.0	0.3	0.7	50.0	0.0003330003330003	0.0122630432108188	salamandrivorans	life_stage	liq_Zoospore	liq_Developed	up_in_liq_Zoospore	2.393564456775081	21185.0	C31H33Br4N3O6	[M + H]+	N-[2-(3,5-dibromo-4-hydroxyphenyl)ethyl]-3-(3,5-dibromo-4-methoxyphenyl)-2-{2-[4-(3-acetamidopropoxy)phenyl]acetamido}propanamide	CC(=O)NCCCOC1=CC=C(C=C1)CC(=O)NC(CC2=CC(=C(C(=C2)Br)OC)Br)C(=O)NCCC3=CC(=C(C(=C3)Br)O)Br		Amino acids and Peptides	Cyclic peptides	Carboxylic acids and derivatives	21185.0	native-full-e9838293-bagel	native	1.0								native	native	1.0	21185.0	C31H33Br4N3O6	False	True	False	False	False
24826	792.4633	4.284907	1.7551419590232075e-05	0.0	4.874030567245397	1.0	0.0	1.0	50.0	0.0003330003330003	0.0122630432108188	salamandrivorans	life_stage	liq_Zoospore	liq_Developed	up_in_liq_Zoospore	0.0																											False	False	False	False
31565	1195.6835	4.068359	1.7527242539408188e-05	0.0	4.872109748935283	1.0	0.2	0.8	50.0	0.0003330003330003	0.0122630432108188	salamandrivorans	life_stage	liq_Zoospore	liq_Developed	up_in_liq_Zoospore	0.0																											False	False	False	False
26579	619.2853	1.2985	1.7501232124193674e-05	0.0	4.870040413849321	1.0	0.3	0.7	49.0	0.0006660006660006	0.0122630432108188	salamandrivorans	life_stage	liq_Zoospore	liq_Developed	up_in_liq_Zoospore	4.140696985896079																											True	False	False	False
17216	267.1576	1.501	1.7460043359671958e-05	0.0	4.8667574367874185	1.0	0.1	0.9	49.0	0.0006660006660006	0.0122630432108188	salamandrivorans	life_stage	liq_Zoospore	liq_Developed	up_in_liq_Zoospore	0.0																											False	False	False	False
23318	793.4579	4.197	1.7201887669144763e-05	0.0	4.84600905568277	1.0	0.2	0.8	50.0	0.0003330003330003	0.0122630432108188	salamandrivorans	life_stage	liq_Zoospore	liq_Developed	up_in_liq_Zoospore	0.0																											False	False	False	False
992	565.2595	1.961758	1.376484813420184e-05	0.0004121940951968	-4.842903552626601	0.6	1.0	-0.4	0.0	0.0006660006660006	0.0122630432108188	salamandrivorans	life_stage	liq_Zoospore	liq_Developed	up_in_liq_Developed	0.680083948596138	992.0	C29H33FN6O5	[M + H]+	H-Ala-N(Me)Leu-Tyr-Tyr-OH	CC(C)CC(C(=O)NC(CC1=CC=C(C=C1)O)C(=O)NC(CC2=CC=C(C=C2)O)C(=O)O)N(C)C(=O)C(C)N	0.213	Amino acids and Peptides	Tripeptides	Carboxylic acids and derivatives	3479.0	EB-MSV000090464-gnps_ms2	transferred	6.0	565.2599	1.85	565.2595	1.961758	-0.708	0.112	1.0	ms2_tie	assigned	1.0	3479.0	C29H33FN6O5	False	False	True	False	False
21181	848.999	4.51992	1.716206703277436e-05	0.0	4.842781876766274	1.0	0.3	0.7	49.0	0.0006660006660006	0.0122630432108188	salamandrivorans	life_stage	liq_Zoospore	liq_Developed	up_in_liq_Zoospore	1.9497286368748576																											True	False	False	False
12028	717.9232	4.559908	4.196822768962783e-05	8.69727305367487e-07	4.837655249236427	1.0	0.5	0.5	50.0	0.0006660006660006	0.0122630432108188	salamandrivorans	life_stage	liq_Zoospore	liq_Developed	up_in_liq_Zoospore	2.628820043029835	12028.0	C19H26Br3N7O6S	[M + H]+							12028.0	native-full-e9838293-bagel	native	1.0								native	native	1.0	12028.0	C19H26Br3N7O6S	False	True	False	False	False
23338	582.295	3.948	1.7066020771372414e-05	0.0	4.834968177545944	1.0	0.3	0.7	50.0	0.0003330003330003	0.0122630432108188	salamandrivorans	life_stage	liq_Zoospore	liq_Developed	up_in_liq_Zoospore	3.355882067706882																											True	False	False	False
4581	1237.723	4.232	0.0001368995109434	4.205682036257637e-06	4.832858642010994	1.0	0.5	0.5	50.0	0.0006660006660006	0.0122630432108188	salamandrivorans	life_stage	liq_Zoospore	liq_Developed	up_in_liq_Zoospore	5.365961875667621																											True	False	False	False
23801	503.2463	4.062	0.0	1.6915444913854988e-05	-4.822632484229698	0.2	1.0	-0.8	0.0	0.0006660006660006	0.0122630432108188	salamandrivorans	life_stage	liq_Zoospore	liq_Developed	up_in_liq_Developed	4.396712049861647																											True	True	True	False
23613	848.4923	4.557	1.6752215258849026e-05	0.0	4.809139917895101	1.0	0.3	0.7	50.0	0.0003330003330003	0.0122630432108188	salamandrivorans	life_stage	liq_Zoospore	liq_Developed	up_in_liq_Zoospore	2.435412402924174																											True	False	False	False
17904	502.7424	4.066	0.0	1.6712172890267978e-05	-4.805810650460409	0.2	1.0	-0.8	0.0	0.0006660006660006	0.0122630432108188	salamandrivorans	life_stage	liq_Zoospore	liq_Developed	up_in_liq_Developed	4.364621391496217																											True	True	True	False
24395	824.4811	3.995	1.670707269882661e-05	0.0	4.8053860499516645	1.0	0.1	0.9	49.0	0.0006660006660006	0.0122630432108188	salamandrivorans	life_stage	liq_Zoospore	liq_Developed	up_in_liq_Zoospore	0.0																											False	False	False	False
25815	1108.6375	4.557391	1.6292533985527277e-05	0.0	4.77045024218098	1.0	0.4	0.6	49.0	0.0006660006660006	0.0122630432108188	salamandrivorans	life_stage	liq_Zoospore	liq_Developed	up_in_liq_Zoospore	2.4598434724802583																											True	False	False	False
24137	1653.9286	4.2035	1.606453096456314e-05	0.0	4.75086813893059	1.0	0.3	0.7	50.0	0.0003330003330003	0.0122630432108188	salamandrivorans	life_stage	liq_Zoospore	liq_Developed	up_in_liq_Zoospore	3.449532593942335																											True	False	False	False
5539	527.2819	1.377	0.0	1.602051081176966e-05	-4.747056650776269	0.0	1.0	-1.0	0.0	0.0006660006660006	0.0122630432108188	salamandrivorans	life_stage	liq_Zoospore	liq_Developed	up_in_liq_Developed	-6.261023331253525	5539.0	C23H38N6O8	[M + H]+	Chlamydocin	CC1(C(=O)NC(C(=O)N2CCCC2C(=O)NC(C(=O)N1)CCCCCC(=O)C3CO3)CC4=CC=CC=C4)C	0.485	Amino acids and Peptides	Cyclic peptides	Carboxylic acids and derivatives	5539.0	native-full-e9838293-bagel	native	1.0								native	native	1.0	5539.0	C23H38N6O8	False	False	False	False	False
23145	1094.6149	4.347746	1.5995938549934912e-05	0.0	4.744924672226953	1.0	0.4	0.6	50.0	0.0003330003330003	0.0122630432108188	salamandrivorans	life_stage	liq_Zoospore	liq_Developed	up_in_liq_Zoospore	2.919793968703768																											True	False	False	False
25349	1107.2905	4.201	1.5982797799515267e-05	0.0	4.743783238793927	1.0	0.2	0.8	50.0	0.0003330003330003	0.0122630432108188	salamandrivorans	life_stage	liq_Zoospore	liq_Developed	up_in_liq_Zoospore	0.0																											False	False	False	False
25467	835.9587	3.960612	1.5943533779652863e-05	0.0	4.740367292399447	1.0	0.1	0.9	49.0	0.0006660006660006	0.0122630432108188	salamandrivorans	life_stage	liq_Zoospore	liq_Developed	up_in_liq_Zoospore	0.0																											False	False	False	False
29701	507.8109	3.754339	1.588533672279982e-05	0.0	4.735289257785457	1.0	0.2	0.8	49.0	0.0006660006660006	0.0122630432108188	salamandrivorans	life_stage	liq_Zoospore	liq_Developed	up_in_liq_Zoospore	0.0																											False	False	False	False
24926	188.917	3.067037	1.58079230155659e-05	0.0	4.728506637080483	1.0	0.1	0.9	50.0	0.0003330003330003	0.0122630432108188	salamandrivorans	life_stage	liq_Zoospore	liq_Developed	up_in_liq_Zoospore	0.0																											False	False	False	False
24226	726.9114	3.776354	1.5776756901284395e-05	0.0	4.725766981902921	1.0	0.1	0.9	50.0	0.0003330003330003	0.0122630432108188	salamandrivorans	life_stage	liq_Zoospore	liq_Developed	up_in_liq_Zoospore	0.0																											False	False	False	False
16462	680.4075	3.517	1.564929082657664e-05	0.0	4.714507617290181	1.0	0.0	1.0	50.0	0.0003330003330003	0.0122630432108188	salamandrivorans	life_stage	liq_Zoospore	liq_Developed	up_in_liq_Zoospore	0.0	16462.0	C31H53N9O8	[M + H]+	benzylcarbonyl-Cit-Val-Arg-NHBn(4-amidino)	CC(C)C(C(=O)NC(CCCN=C(N)N)C(=O)NCC1=CC=C(C=C1)C(=N)N)NC(=O)C(CCCNC(=O)N)NC(=O)CC2=CC=CC=C2	0.141	Amino acids and Peptides	Linear peptides	Carboxylic acids and derivatives	16462.0	native-full-e9838293-bagel	native	1.0								native	native	1.0	16462.0	C31H53N9O8	False	False	False	False	False
34239	963.9577	4.115673	1.5598831511912715e-05	0.0	4.710026040997958	1.0	0.0	1.0	50.0	0.0003330003330003	0.0122630432108188	salamandrivorans	life_stage	liq_Zoospore	liq_Developed	up_in_liq_Zoospore	0.0																											False	False	False	False
21257	623.8886	4.48	1.5573938308261802e-05	0.0	4.70780999657129	1.0	0.4	0.6	50.0	0.0003330003330003	0.0122630432108188	salamandrivorans	life_stage	liq_Zoospore	liq_Developed	up_in_liq_Zoospore	2.789704801713145																											True	False	False	False
24534	840.9714	3.690608	1.5515510435437414e-05	0.0	4.70259521643246	1.0	0.1	0.9	50.0	0.0003330003330003	0.0122630432108188	salamandrivorans	life_stage	liq_Zoospore	liq_Developed	up_in_liq_Zoospore	0.0																											False	False	False	False
26750	410.2074	3.419	0.0	1.5454807448239277e-05	-4.697157339749149	0.0	1.0	-1.0	0.0	0.0006660006660006	0.0122630432108188	salamandrivorans	life_stage	liq_Zoospore	liq_Developed	up_in_liq_Developed	4.026473369046908																											True	False	False	False
32031	915.5338	4.521423	0.0	1.5378931054785956e-05	-4.690331254094287	0.4	1.0	-0.6	0.0	0.0006660006660006	0.0122630432108188	salamandrivorans	life_stage	liq_Zoospore	liq_Developed	up_in_liq_Developed	4.656459381534803																											True	True	True	False
11656	938.9614	3.700741	1.5342849537364897e-05	0.0	4.687073878242889	1.0	0.0	1.0	50.0	0.0003330003330003	0.0122630432108188	salamandrivorans	life_stage	liq_Zoospore	liq_Developed	up_in_liq_Zoospore	0.0																											False	False	False	False
26622	446.25	1.476973	1.53335219913051e-05	0.0	4.686230606056749	1.0	0.3	0.7	49.0	0.0006660006660006	0.0122630432108188	salamandrivorans	life_stage	liq_Zoospore	liq_Developed	up_in_liq_Zoospore	-2.4772586496001447																											False	False	False	False
7522	1650.901	4.2025	8.393988326784928e-05	2.683347704211923e-06	4.678116666719717	1.0	0.5	0.5	50.0	0.0006660006660006	0.0122630432108188	salamandrivorans	life_stage	liq_Zoospore	liq_Developed	up_in_liq_Zoospore	5.418775577329258																											True	False	False	False
25979	824.9856	4.004467	1.5166957952726404e-05	0.0	4.671088521574523	1.0	0.0	1.0	50.0	0.0003330003330003	0.0122630432108188	salamandrivorans	life_stage	liq_Zoospore	liq_Developed	up_in_liq_Zoospore	0.0																											False	False	False	False
17087	463.2096	3.714958	0.0	1.511089316847842e-05	-4.665955796471925	0.0	1.0	-1.0	0.0	0.0006660006660006	0.0122630432108188	salamandrivorans	life_stage	liq_Zoospore	liq_Developed	up_in_liq_Developed	3.5318747840394957																											True	True	True	False
29843	746.933	3.72	1.5066779894914472e-05	0.0	4.661904354918155	1.0	0.1	0.9	50.0	0.0003330003330003	0.0122630432108188	salamandrivorans	life_stage	liq_Zoospore	liq_Developed	up_in_liq_Zoospore	0.0																											False	False	False	False
26173	815.98	3.789706	1.5051557307358694e-05	0.0	4.660503640727532	1.0	0.1	0.9	50.0	0.0003330003330003	0.0122630432108188	salamandrivorans	life_stage	liq_Zoospore	liq_Developed	up_in_liq_Zoospore	0.0																											False	False	False	False
20414	941.9854	3.701575	1.490664193711416e-05	0.0	4.647100637091983	1.0	0.4	0.6	49.0	0.0006660006660006	0.0122630432108188	salamandrivorans	life_stage	liq_Zoospore	liq_Developed	up_in_liq_Zoospore	4.093607895018245																											True	False	False	False
30490	1423.7981	4.318794	1.4733456934037803e-05	0.0	4.630917961062182	1.0	0.4	0.6	50.0	0.0003330003330003	0.0122630432108188	salamandrivorans	life_stage	liq_Zoospore	liq_Developed	up_in_liq_Zoospore	2.8581037177821456																											True	False	False	False
26327	792.4498	4.311549	1.4600516317117852e-05	0.0	4.618371454181726	1.0	0.2	0.8	50.0	0.0003330003330003	0.0122630432108188	salamandrivorans	life_stage	liq_Zoospore	liq_Developed	up_in_liq_Zoospore	0.0																											False	False	False	False
24637	1144.1475	4.524666	1.4570254906698018e-05	0.0	4.615500169786185	1.0	0.3	0.7	49.0	0.0006660006660006	0.0122630432108188	salamandrivorans	life_stage	liq_Zoospore	liq_Developed	up_in_liq_Zoospore	2.083775511453157																											True	False	False	False
27394	361.1966	3.656077	0.0	1.4337538974096822e-05	-4.593226405052334	0.4	1.0	-0.6	0.0	0.0006660006660006	0.0122630432108188	salamandrivorans	life_stage	liq_Zoospore	liq_Developed	up_in_liq_Developed	4.209225419413687																											True	True	True	False
23530	747.9343	3.695548	1.4210184859333698e-05	0.0	4.580889879867554	1.0	0.2	0.8	50.0	0.0003330003330003	0.0122630432108188	salamandrivorans	life_stage	liq_Zoospore	liq_Developed	up_in_liq_Zoospore	0.0																											False	False	False	False
22163	613.8451	3.739125	1.4098985830108249e-05	0.0	4.570031316481286	1.0	0.2	0.8	50.0	0.0003330003330003	0.0122630432108188	salamandrivorans	life_stage	liq_Zoospore	liq_Developed	up_in_liq_Zoospore	0.0																											False	False	False	False
23343	858.0097	3.735	1.3700771476254697e-05	0.0	4.530461325502985	1.0	0.3	0.7	49.0	0.0006660006660006	0.0122630432108188	salamandrivorans	life_stage	liq_Zoospore	liq_Developed	up_in_liq_Zoospore	3.824184572781415																											True	False	False	False
23095	1169.6315	4.1165	1.369862154872939e-05	0.0	4.530244717273103	1.0	0.1	0.9	50.0	0.0003330003330003	0.0122630432108188	salamandrivorans	life_stage	liq_Zoospore	liq_Developed	up_in_liq_Zoospore	0.0																											False	False	False	False
33054	1015.5443	4.232	0.0	1.3660582161952312e-05	-4.526406807339595	0.4	1.0	-0.6	0.0	0.0006660006660006	0.0122630432108188	salamandrivorans	life_stage	liq_Zoospore	liq_Developed	up_in_liq_Developed	4.188519057581037																											True	True	True	False
22837	1111.5212	4.036579	1.349623558573078e-05	0.0	4.509707022836925	1.0	0.1	0.9	50.0	0.0003330003330003	0.0122630432108188	salamandrivorans	life_stage	liq_Zoospore	liq_Developed	up_in_liq_Zoospore	0.0																											False	False	False	False
24570	887.9924	4.666248	1.3452014238071794e-05	0.0	4.50518034771253	1.0	0.1	0.9	50.0	0.0003330003330003	0.0122630432108188	salamandrivorans	life_stage	liq_Zoospore	liq_Developed	up_in_liq_Zoospore	0.0																											False	True	False	False
4114	1315.2374	4.646919	0.0001435371359871	5.742434683394397e-06	4.501993881213292	1.0	0.6	0.4	50.0	0.0006660006660006	0.0122630432108188	salamandrivorans	life_stage	liq_Zoospore	liq_Developed	up_in_liq_Zoospore	5.821701550169173																											True	False	False	False
1586	342.699	0.618	1.1773769996485693e-05	0.0002800192333714	-4.501067887459797	0.8	1.0	-0.1999999999999999	0.0	0.0006660006660006	0.0122630432108188	salamandrivorans	life_stage	liq_Zoospore	liq_Developed	up_in_liq_Developed	8.109821749375463																											True	True	True	False
27028	503.2516	4.034041	0.0	1.3327513776115047e-05	-4.492359162380586	0.2	1.0	-0.8	0.0	0.0006660006660006	0.0122630432108188	salamandrivorans	life_stage	liq_Zoospore	liq_Developed	up_in_liq_Developed	4.154019195769727																											True	True	True	False
31388	931.9737	4.345825	1.332224416988508e-05	0.0	4.4918139714210215	1.0	0.2	0.8	50.0	0.0003330003330003	0.0122630432108188	salamandrivorans	life_stage	liq_Zoospore	liq_Developed	up_in_liq_Zoospore	0.0																											False	False	False	False
26836	1149.6553	4.729423	1.309952935097445e-05	0.0	4.468581586827874	1.0	0.2	0.8	49.0	0.0006660006660006	0.0122630432108188	salamandrivorans	life_stage	liq_Zoospore	liq_Developed	up_in_liq_Zoospore	0.0																											False	False	False	False
11936	409.2702	2.746	1.30791068859215e-05	0.0	4.466432382049849	1.0	0.0	1.0	50.0	0.0003330003330003	0.0122630432108188	salamandrivorans	life_stage	liq_Zoospore	liq_Developed	up_in_liq_Zoospore	0.0																											False	False	False	False
27833	1169.6559	4.185	1.302470343995962e-05	0.0	4.460691437072652	1.0	0.1	0.9	49.0	0.0006660006660006	0.0122630432108188	salamandrivorans	life_stage	liq_Zoospore	liq_Developed	up_in_liq_Zoospore	0.0	27833.0	C56H94N10O14	[M + K]+		CCC(C)C1C(=O)NC(C(=O)NC(C(=O)CC(C(=O)N2CCN(CC2)CC(=O)NC(C(=O)NC(C(=O)NC(C(=O)CC(C(=O)N3CCN(CC3)CC(=O)N1)C(C)C)CC(=O)O)CC(C)C)C(C)CC)C(C)C)CC(=O)O)CC(C)C	0.029	Amino acids and Peptides	Cyclic peptides	Carboxylic acids and derivatives	27833.0	native-full-e9838293-bagel	native	1.0								native	native	1.0	27833.0	C56H94N10O14	False	False	False	False	False
25991	1079.1094	4.365041	1.2901385348432204e-05	0.0	4.447593039485673	1.0	0.3	0.7	50.0	0.0003330003330003	0.0122630432108188	salamandrivorans	life_stage	liq_Zoospore	liq_Developed	up_in_liq_Zoospore	2.751521272408044																											True	False	False	False
28732	891.5106	4.527253	1.2799285933848434e-05	0.0	4.436657693795668	1.0	0.4	0.6	50.0	0.0003330003330003	0.0122630432108188	salamandrivorans	life_stage	liq_Zoospore	liq_Developed	up_in_liq_Zoospore	2.906248848052916																											True	False	False	False
31649	883.479	4.137	1.2723441002418236e-05	0.0	4.428480335357861	1.0	0.1	0.9	49.0	0.0006660006660006	0.0122630432108188	salamandrivorans	life_stage	liq_Zoospore	liq_Developed	up_in_liq_Zoospore	0.0																											False	False	False	False
27410	1481.7819	4.323966	1.265066201734106e-05	0.0	4.420589718102632	1.0	0.3	0.7	49.0	0.0006660006660006	0.0122630432108188	salamandrivorans	life_stage	liq_Zoospore	liq_Developed	up_in_liq_Zoospore	3.04979658098922																											True	False	False	False
29564	1012.5284	4.1925	1.2611658068480622e-05	0.0	4.41634312374693	1.0	0.4	0.6	49.0	0.0006660006660006	0.0122630432108188	salamandrivorans	life_stage	liq_Zoospore	liq_Developed	up_in_liq_Zoospore	3.3490993420985897																											True	False	False	False
24561	1310.7078	4.46046	1.2513526624805016e-05	0.0	4.40560334794441	1.0	0.3	0.7	49.0	0.0006660006660006	0.0122630432108188	salamandrivorans	life_stage	liq_Zoospore	liq_Developed	up_in_liq_Zoospore	2.4501959768931934																											True	False	False	False
26853	937.4466	4.035526	1.2475909988921711e-05	0.0	4.401465188817207	1.0	0.4	0.6	49.0	0.0006660006660006	0.0122630432108188	salamandrivorans	life_stage	liq_Zoospore	liq_Developed	up_in_liq_Zoospore	3.16823752078927																											True	False	False	False
27008	720.9306	4.313476	1.2429105862083969e-05	0.0	4.39629969748668	1.0	0.3	0.7	50.0	0.0003330003330003	0.0122630432108188	salamandrivorans	life_stage	liq_Zoospore	liq_Developed	up_in_liq_Zoospore	1.981971100879738																											True	False	False	False
235	425.2748	2.501582	8.297889918554887e-05	0.00175294081992	-4.390665353448019	1.0	1.0	0.0	0.0	0.0006660006660006	0.0122630432108188	salamandrivorans	life_stage	liq_Zoospore	liq_Developed	up_in_liq_Developed	3.304248560834762	235.0	C19H38N4O5	[M + Na]+	methyl 1-[1-(3,3-dimethylbutanoyl)-4-{[(propan-2-yl)carbamoyl]amino}pyrrolidine-2-carbonyl]pyrrolidine-2-carboxylate	CC(C)NC(=O)NC1CC(N(C1)C(=O)CC(C)(C)C)C(=O)N2CCCC2C(=O)OC	0.485	Amino acids and Peptides	Tripeptides	Carboxylic acids and derivatives	5608.0	EB-MSV000090464-gnps_ms2	transferred	3.0	425.275	2.51	425.2748	2.501582	-0.47	-0.008	1.0	ms2_tie	assigned	1.0	5608.0	C19H38N4O5	False	True	True	True	False
21874	818.4297	1.214726	1.2338768407440654e-05	0.0	4.386277089725565	1.0	0.1	0.9	49.0	0.0006660006660006	0.0122630432108188	salamandrivorans	life_stage	liq_Zoospore	liq_Developed	up_in_liq_Zoospore	0.0																											False	False	False	False
27727	1275.6777	4.419812	1.2308581346756248e-05	0.0	4.3829123654483695	1.0	0.4	0.6	50.0	0.0003330003330003	0.0122630432108188	salamandrivorans	life_stage	liq_Zoospore	liq_Developed	up_in_liq_Zoospore	3.183705858771639																											True	False	False	False
3494	819.4166	2.58	0.0002234221405954	1.0136800569081462e-05	4.380492990502241	1.0	0.5	0.5	50.0	0.0006660006660006	0.0122630432108188	salamandrivorans	life_stage	liq_Zoospore	liq_Developed	up_in_liq_Zoospore	0.7231975210481685																											False	False	False	False
20181	385.2533	0.668	1.2221275436631137e-05	0.0	4.373136630867084	1.0	0.1	0.9	50.0	0.0003330003330003	0.0122630432108188	salamandrivorans	life_stage	liq_Zoospore	liq_Developed	up_in_liq_Zoospore	0.0																											False	False	False	False
27314	817.979	3.784244	1.2132850005119676e-05	0.0	4.363167557274712	1.0	0.2	0.8	50.0	0.0003330003330003	0.0122630432108188	salamandrivorans	life_stage	liq_Zoospore	liq_Developed	up_in_liq_Zoospore	0.0																											False	False	False	False
32875	535.8079	4.634304	0.0	1.212816736665522e-05	-4.362637711654434	0.4	1.0	-0.6	0.0	0.0006660006660006	0.0122630432108188	salamandrivorans	life_stage	liq_Zoospore	liq_Developed	up_in_liq_Developed	4.102273173484052																											True	True	True	False
1824	768.3521	1.158535	2.962416276066459e-05	0.0005988598042607	-4.308998066228544	1.0	1.0	0.0	0.0	0.0006660006660006	0.0122630432108188	salamandrivorans	life_stage	liq_Zoospore	liq_Developed	up_in_liq_Developed	8.984516657102448	1824.0	C35H51N7O11	[M + Na]+	3,18-dibenzyl-6-methyl-15-(2-methylpropyl)-1,4,7,13,16,19,22-heptaazatricyclo[22.3.0.0⁹,¹³]heptacosane-2,5,8,14,17,20,23-heptone	CC1C(=O)NC(C(=O)N2CCCC2C(=O)NCC(=O)NC(C(=O)NC(C(=O)N3CCCC3C(=O)N1)CC(C)C)CC4=CC=CC=C4)CC5=CC=CC=C5	0.173	Amino acids and Peptides	Cyclic peptides	Carboxylic acids and derivatives	1696.0	EB-MSV000090464-gnps_ms2	transferred	2.0	768.3516	1.16	768.3521	1.158535	0.651	-0.001	1.0	ms2_winner	assigned	1.0	1696.0	C35H51N7O11	False	True	True	True	False
569	640.2982	2.405	4.759466608750733e-05	0.0009538897507223	-4.307225722879254	0.8	1.0	-0.1999999999999999	0.0	0.0006660006660006	0.0122630432108188	salamandrivorans	life_stage	liq_Zoospore	liq_Developed	up_in_liq_Developed	4.162678251403216	569.0	C30H43N5O9	[M + Na]+	H-DL-Ala-DL-Leu-DL-xiThr-DL-Asn-DL-Glu-DL-Ala-OH	CC(C)CC(C(=O)NC(C(C)O)C(=O)NC(CC(=O)N)C(=O)NC(CCC(=O)O)C(=O)NC(C)C(=O)O)NC(=O)C(C)N	0.286	Amino acids and Peptides	Linear peptides	Carboxylic acids and derivatives	5572.0	EB-MSV000090464-gnps_ms2	transferred	1.0	640.2975	2.49	640.2982	2.405	1.093	-0.085	0.7647	unique	assigned	1.0	5572.0	C30H43N5O9	False	True	True	True	False
25274	735.0922	4.552096	1.1643879736198611e-05	0.0	4.306761767680498	1.0	0.3	0.7	49.0	0.0006660006660006	0.0122630432108188	salamandrivorans	life_stage	liq_Zoospore	liq_Developed	up_in_liq_Zoospore	2.32589103828739																											True	False	False	False
34029	1117.616	4.604448	1.1618639951948712e-05	0.0	4.303789473821975	1.0	0.4	0.6	49.0	0.0006660006660006	0.0122630432108188	salamandrivorans	life_stage	liq_Zoospore	liq_Developed	up_in_liq_Zoospore	2.06507723245633																											True	False	False	False
25292	754.3751	4.32445	1.1571949495332048e-05	0.0	4.298274906545284	1.0	0.0	1.0	50.0	0.0003330003330003	0.0122630432108188	salamandrivorans	life_stage	liq_Zoospore	liq_Developed	up_in_liq_Zoospore	0.0																											False	False	False	False
29317	964.4686	4.134	1.1531445865875531e-05	0.0	4.293473925755914	1.0	0.2	0.8	50.0	0.0003330003330003	0.0122630432108188	salamandrivorans	life_stage	liq_Zoospore	liq_Developed	up_in_liq_Zoospore	0.0																											False	False	False	False
30340	901.4285	4.469931	0.0	1.1466850597140772e-05	-4.2857841004076045	0.0	1.0	-1.0	0.0	0.0006660006660006	0.0122630432108188	salamandrivorans	life_stage	liq_Zoospore	liq_Developed	up_in_liq_Developed	4.176627976869262																											True	True	True	False
23820	1187.6157	4.11	1.1348172098661382e-05	0.0	4.271548141644916	1.0	0.2	0.8	49.0	0.0006660006660006	0.0122630432108188	salamandrivorans	life_stage	liq_Zoospore	liq_Developed	up_in_liq_Zoospore	0.0																											False	False	False	False
27834	1211.6505	4.399705	1.1262279004472893e-05	0.0	4.261156586188588	1.0	0.4	0.6	49.0	0.0006660006660006	0.0122630432108188	salamandrivorans	life_stage	liq_Zoospore	liq_Developed	up_in_liq_Zoospore	3.268632254760493																											True	False	False	False
7577	791.9538	4.1885	8.221254628424752e-05	3.7105223086902767e-06	4.257693139413071	1.0	0.7	0.3	50.0	0.0006660006660006	0.0122630432108188	salamandrivorans	life_stage	liq_Zoospore	liq_Developed	up_in_liq_Zoospore	3.1731225095271847	7577.0	C20H32I3N3O6	[M + H]+							7577.0	native-full-e9838293-bagel	native	1.0								native	native	1.0	7577.0	C20H32I3N3O6	False	True	False	False	False
11582	244.2023	0.5905	2.3700421736228565e-06	5.6401003612754685e-05	-4.253412590919775	0.6	1.0	-0.4	0.0	0.0006660006660006	0.0122630432108188	salamandrivorans	life_stage	liq_Zoospore	liq_Developed	up_in_liq_Developed	6.1808173314971135																											True	True	True	False
25369	889.0096	4.68412	1.1102147637314192e-05	0.0	4.24158136037527	1.0	0.2	0.8	49.0	0.0006660006660006	0.0122630432108188	salamandrivorans	life_stage	liq_Zoospore	liq_Developed	up_in_liq_Zoospore	0.0																											False	False	False	False
1331	726.3802	1.786	2.4580017949349227e-05	0.00047269849272	-4.231333222812545	1.0	1.0	0.0	0.0	0.0006660006660006	0.0122630432108188	salamandrivorans	life_stage	liq_Zoospore	liq_Developed	up_in_liq_Developed	8.857409994402145																											True	True	True	False
5883	1195.6735	3.973617	0.0001090354818488	5.228082802490498e-06	4.22895052910127	1.0	0.5	0.5	50.0	0.0006660006660006	0.0122630432108188	salamandrivorans	life_stage	liq_Zoospore	liq_Developed	up_in_liq_Zoospore	5.947171427984272	5883.0	C57H90N14O14	[M + H]+	H-Arg-Arg-Leu-Pro-Ile-Phe-Ser-Arg-Leu-OH	CCC(C)C(C(=O)NC(CC1=CC=CC=C1)C(=O)NC(CO)C(=O)NC(CCCN=C(N)N)C(=O)NC(CC(C)C)C(=O)O)NC(=O)C2CCCN2C(=O)C(CC(C)C)NC(=O)C(CCCN=C(N)N)NC(=O)C(CCCN=C(N)N)N	0.298	Amino acids and Peptides	Linear peptides	Polypeptides	8403.0	EB-MSV000090464-gnps_ms2	transferred	4.0	1195.6746	3.97	1195.6735	3.973617	-0.92	0.004	1.0	unique	assigned	1.0	8403.0	C57H90N14O14	False	True	False	False	False
28535	925.56	4.025	0.0	1.0909283032469908e-05	-4.217646540351702	0.0	1.0	-1.0	0.0	0.0006660006660006	0.0122630432108188	salamandrivorans	life_stage	liq_Zoospore	liq_Developed	up_in_liq_Developed	4.101118907549373																											True	True	True	False
30727	1226.647	4.277451	1.0855864124285977e-05	0.0	4.210946332689447	1.0	0.1	0.9	50.0	0.0003330003330003	0.0122630432108188	salamandrivorans	life_stage	liq_Zoospore	liq_Developed	up_in_liq_Zoospore	0.0																											False	False	False	False
30574	1238.7202	4.443822	1.0801668717165637e-05	0.0	4.204116781644999	1.0	0.3	0.7	50.0	0.0003330003330003	0.0122630432108188	salamandrivorans	life_stage	liq_Zoospore	liq_Developed	up_in_liq_Zoospore	2.771351577056114																											True	False	False	False
27014	878.1593	4.595293	1.0796839980171756e-05	0.0	4.203506706402484	1.0	0.4	0.6	50.0	0.0003330003330003	0.0122630432108188	salamandrivorans	life_stage	liq_Zoospore	liq_Developed	up_in_liq_Zoospore	3.0965927430443654																											True	False	False	False
1518	614.3165	1.626	4.982008984272117e-05	0.0009284115771868	-4.2030941652328	1.0	1.0	0.0	0.0	0.0006660006660006	0.0122630432108188	salamandrivorans	life_stage	liq_Zoospore	liq_Developed	up_in_liq_Developed	5.360132737048839	1518.0	C32H50NO7P	[M + Na]+	ethyl (2S)-2-[[[4-[4-hydroxy-3,5-di(propan-2-yl)phenyl]-2,6-di(propan-2-yl)phenoxy]methoxy-(methoxymethyl)phosphoryl]amino]propanoate	CCOC(=O)C(C)NP(=O)(COC)OCOC1=C(C=C(C=C1C(C)C)C2=CC(=C(C(=C2)C(C)C)O)C(C)C)C(C)C		Fatty acids	Glycerophosphocholines	Organonitrogen compounds	1518.0	native-full-e9838293-bagel	native	1.0								native	native	1.0	1518.0	C32H50NO7P	False	True	True	True	False
34692	866.0201	3.709303	1.0765890553052798e-05	0.0	4.199590337151824	1.0	0.1	0.9	49.0	0.0006660006660006	0.0122630432108188	salamandrivorans	life_stage	liq_Zoospore	liq_Developed	up_in_liq_Zoospore	0.0																											False	False	False	False
26614	1073.5479	4.373056	1.0752111242069428e-05	0.0	4.197843264123231	1.0	0.4	0.6	50.0	0.0003330003330003	0.0122630432108188	salamandrivorans	life_stage	liq_Zoospore	liq_Developed	up_in_liq_Zoospore	2.483335267671596																											True	False	False	False
23602	1200.6259	4.527875	1.073800792899857e-05	0.0	4.196052917434471	1.0	0.1	0.9	50.0	0.0003330003330003	0.0122630432108188	salamandrivorans	life_stage	liq_Zoospore	liq_Developed	up_in_liq_Zoospore	0.0																											False	False	False	False
22857	900.9255	4.035324	1.0668552252524256e-05	0.0	4.187203298759251	1.0	0.2	0.8	49.0	0.0006660006660006	0.0122630432108188	salamandrivorans	life_stage	liq_Zoospore	liq_Developed	up_in_liq_Zoospore	0.0																											False	False	False	False
29350	1199.1237	4.605705	1.065917300382468e-05	0.0	4.186004081051361	1.0	0.0	1.0	50.0	0.0003330003330003	0.0122630432108188	salamandrivorans	life_stage	liq_Zoospore	liq_Developed	up_in_liq_Zoospore	0.0																											False	False	False	False
30381	702.8823	3.981	1.0470624809903334e-05	0.0	4.161682687107273	1.0	0.2	0.8	50.0	0.0003330003330003	0.0122630432108188	salamandrivorans	life_stage	liq_Zoospore	liq_Developed	up_in_liq_Zoospore	0.0																											False	False	False	False
30889	1336.7766	4.469372	1.0447110478348866e-05	0.0	4.158620544465624	1.0	0.2	0.8	50.0	0.0003330003330003	0.0122630432108188	salamandrivorans	life_stage	liq_Zoospore	liq_Developed	up_in_liq_Zoospore	0.0																											False	False	False	False
34694	1259.6954	4.328102	1.042446302417184e-05	0.0	4.155665133318388	1.0	0.2	0.8	50.0	0.0003330003330003	0.0122630432108188	salamandrivorans	life_stage	liq_Zoospore	liq_Developed	up_in_liq_Zoospore	0.0																											False	False	False	False
28710	1212.6617	4.273919	1.0325409007417765e-05	0.0	4.142667316380515	1.0	0.2	0.8	50.0	0.0003330003330003	0.0122630432108188	salamandrivorans	life_stage	liq_Zoospore	liq_Developed	up_in_liq_Zoospore	0.0																											False	False	False	False
37767	1429.7463	4.336868	1.0314128898013346e-05	0.0	4.141179691743335	1.0	0.3	0.7	50.0	0.0003330003330003	0.0122630432108188	salamandrivorans	life_stage	liq_Zoospore	liq_Developed	up_in_liq_Zoospore	2.8371040965815304																											True	False	False	False
31098	998.0325	4.232	1.024918227479701e-05	0.0	4.132584538734851	1.0	0.1	0.9	49.0	0.0006660006660006	0.0122630432108188	salamandrivorans	life_stage	liq_Zoospore	liq_Developed	up_in_liq_Zoospore	0.0																											False	False	False	False
2221	851.417	2.025	0.0002185833909436	1.1891641569613836e-05	4.130964432720468	1.0	0.5	0.5	50.0	0.0006660006660006	0.0122630432108188	salamandrivorans	life_stage	liq_Zoospore	liq_Developed	up_in_liq_Zoospore	-1.7879716226375375	2221.0	C43H58N6O12	[M + H]+		CCC(C)C1C(=O)C2CCCN2C(=O)C(NC(=O)C3CCCN3C(=O)C(NC(=O)C4CCCN4C(=O)C(NC1=O)CC5=CC=CC=C5)C(C)CC)CC6=CC=C(C=C6)O	0.708	Amino acids and Peptides	Cyclic peptides	Carboxylic acids and derivatives	2221.0	native-full-e9838293-bagel	native	1.0								native	native	1.0	2221.0	C43H58N6O12	False	False	False	False	False
29488	923.0006	4.592068	1.02321884258305e-05	0.0	4.130327064137792	1.0	0.4	0.6	49.0	0.0006660006660006	0.0122630432108188	salamandrivorans	life_stage	liq_Zoospore	liq_Developed	up_in_liq_Zoospore	2.2675829105040197																											True	False	False	False
399	887.465	3.740481	6.906097090120361e-05	0.0012177848863052	-4.128091795008694	1.0	1.0	0.0	0.0	0.0006660006660006	0.0122630432108188	salamandrivorans	life_stage	liq_Zoospore	liq_Developed	up_in_liq_Developed	3.626946902695637																											True	True	True	False
32330	1126.5999	4.625014	1.015840093765595e-05	0.0	4.120483908030533	1.0	0.4	0.6	50.0	0.0003330003330003	0.0122630432108188	salamandrivorans	life_stage	liq_Zoospore	liq_Developed	up_in_liq_Zoospore	2.5543196497783813																											True	False	False	False
27166	1019.5226	4.412803	1.0015017254768892e-05	0.0	4.101162504189985	1.0	0.3	0.7	50.0	0.0003330003330003	0.0122630432108188	salamandrivorans	life_stage	liq_Zoospore	liq_Developed	up_in_liq_Zoospore	2.5427598581257382																											True	False	False	False
27499	844.146	4.440912	1.0005272999252158e-05	0.0	4.099839996947959	1.0	0.4	0.6	49.0	0.0006660006660006	0.0122630432108188	salamandrivorans	life_stage	liq_Zoospore	liq_Developed	up_in_liq_Zoospore	2.4072413721150205																											True	False	False	False
27235	706.8673	4.211	1.000470987866353e-05	0.0	4.099763532178609	1.0	0.1	0.9	50.0	0.0003330003330003	0.0122630432108188	salamandrivorans	life_stage	liq_Zoospore	liq_Developed	up_in_liq_Zoospore	0.0																											False	False	False	False
25922	1157.1613	4.248	9.91511878718365e-06	0.0	4.087546269911648	1.0	0.1	0.9	50.0	0.0003330003330003	0.0122630432108188	salamandrivorans	life_stage	liq_Zoospore	liq_Developed	up_in_liq_Zoospore	0.0																											False	False	False	False
12152	711.4078	4.308828	7.15601546300817e-05	3.626845598824304e-06	4.087248388236932	1.0	0.6	0.4	50.0	0.0006660006660006	0.0122630432108188	salamandrivorans	life_stage	liq_Zoospore	liq_Developed	up_in_liq_Zoospore	4.326799997716631																											True	False	False	False
30803	1576.3035	4.172	9.841076393561644e-06	0.0	4.07737066163834	1.0	0.1	0.9	50.0	0.0003330003330003	0.0122630432108188	salamandrivorans	life_stage	liq_Zoospore	liq_Developed	up_in_liq_Zoospore	0.0																											False	False	False	False
637	425.2748	2.521	6.629512673088708e-05	0.0011267974872963	-4.0745526181752	1.0	1.0	0.0	0.0	0.0006660006660006	0.0122630432108188	salamandrivorans	life_stage	liq_Zoospore	liq_Developed	up_in_liq_Developed	3.2645213712151584	637.0	C19H38N4O5	[M + Na]+	methyl 1-[1-(3,3-dimethylbutanoyl)-4-{[(propan-2-yl)carbamoyl]amino}pyrrolidine-2-carbonyl]pyrrolidine-2-carboxylate	CC(C)NC(=O)NC1CC(N(C1)C(=O)CC(C)(C)C)C(=O)N2CCCC2C(=O)OC	0.321	Amino acids and Peptides	Tripeptides	Carboxylic acids and derivatives	637.0	native-full-e9838293-bagel	native	1.0								native	native	1.0	637.0	C19H38N4O5	False	True	True	True	False
23572	678.4119	4.383262	9.793880120747808e-06	0.0	4.070846846044749	1.0	0.3	0.7	50.0	0.0003330003330003	0.0122630432108188	salamandrivorans	life_stage	liq_Zoospore	liq_Developed	up_in_liq_Zoospore	2.5989218222419663																											True	False	False	False
27890	1150.6543	4.347746	9.738216166283064e-06	0.0	4.06311445779039	1.0	0.4	0.6	49.0	0.0006660006660006	0.0122630432108188	salamandrivorans	life_stage	liq_Zoospore	liq_Developed	up_in_liq_Zoospore	3.177838787168361																											True	False	False	False
30529	902.9595	4.276537	9.737857845028848e-06	0.0	4.063064548196249	1.0	0.2	0.8	50.0	0.0003330003330003	0.0122630432108188	salamandrivorans	life_stage	liq_Zoospore	liq_Developed	up_in_liq_Zoospore	0.0																											False	False	False	False
25054	1397.1069	4.388722	9.629400125260096e-06	0.0	4.047877853209891	1.0	0.1	0.9	50.0	0.0003330003330003	0.0122630432108188	salamandrivorans	life_stage	liq_Zoospore	liq_Developed	up_in_liq_Zoospore	0.0																											False	False	False	False
24313	1170.6622	4.487229	9.504495826861723e-06	0.0	4.030187850238471	1.0	0.4	0.6	50.0	0.0003330003330003	0.0122630432108188	salamandrivorans	life_stage	liq_Zoospore	liq_Developed	up_in_liq_Zoospore	2.692712262923509																											True	False	False	False
28502	688.4091	4.052052	9.489302335020077e-06	0.0	4.028021146510056	1.0	0.4	0.6	50.0	0.0003330003330003	0.0122630432108188	salamandrivorans	life_stage	liq_Zoospore	liq_Developed	up_in_liq_Zoospore	2.7264260551347177																											True	False	False	False
29306	1130.566	4.059878	9.42052343296259e-06	0.0	4.018171855777441	1.0	0.3	0.7	49.0	0.0006660006660006	0.0122630432108188	salamandrivorans	life_stage	liq_Zoospore	liq_Developed	up_in_liq_Zoospore	3.1015583514302745																											True	False	False	False
25515	904.0177	4.697603	9.39435127615128e-06	0.0	4.014406212261129	1.0	0.1	0.9	50.0	0.0003330003330003	0.0122630432108188	salamandrivorans	life_stage	liq_Zoospore	liq_Developed	up_in_liq_Zoospore	0.0																											False	False	False	False
28865	824.9615	4.194629	9.377002003569326e-06	0.0	4.011904574927948	1.0	0.3	0.7	50.0	0.0003330003330003	0.0122630432108188	salamandrivorans	life_stage	liq_Zoospore	liq_Developed	up_in_liq_Zoospore	2.135334043006245																											True	False	False	False
30235	927.9918	4.472559	9.37330088332895e-06	0.0	4.011370338780451	1.0	0.4	0.6	50.0	0.0003330003330003	0.0122630432108188	salamandrivorans	life_stage	liq_Zoospore	liq_Developed	up_in_liq_Zoospore	2.7670487279113667																											True	False	False	False
32404	834.9766	4.424682	9.339672845308512e-06	0.0	4.006507232251968	1.0	0.3	0.7	50.0	0.0003330003330003	0.0122630432108188	salamandrivorans	life_stage	liq_Zoospore	liq_Developed	up_in_liq_Zoospore	2.6278113554721183																											True	False	False	False
26625	752.3847	3.962	9.323092482477148e-06	0.0	4.004103421802404	1.0	0.0	1.0	50.0	0.0003330003330003	0.0122630432108188	salamandrivorans	life_stage	liq_Zoospore	liq_Developed	up_in_liq_Zoospore	0.0																											False	False	False	False
30912	1132.0836	4.610204	9.307109290351108e-06	0.0	4.001782391174005	1.0	0.2	0.8	50.0	0.0003330003330003	0.0122630432108188	salamandrivorans	life_stage	liq_Zoospore	liq_Developed	up_in_liq_Zoospore	0.0																											False	False	False	False
25782	1108.1357	4.122	9.285106824280394e-06	0.0	3.998581139227298	1.0	0.1	0.9	50.0	0.0003330003330003	0.0122630432108188	salamandrivorans	life_stage	liq_Zoospore	liq_Developed	up_in_liq_Zoospore	0.0																											False	False	False	False
726	888.4688	3.733293	4.052373029301464e-05	0.0006564431978012	-3.9972989111919537	1.0	1.0	0.0	0.0	0.0006660006660006	0.0122630432108188	salamandrivorans	life_stage	liq_Zoospore	liq_Developed	up_in_liq_Developed	8.168170883704489																											True	True	True	False
30390	1227.6206	4.419702	9.221860331155284e-06	0.0	3.989339326585795	1.0	0.3	0.7	50.0	0.0003330003330003	0.0122630432108188	salamandrivorans	life_stage	liq_Zoospore	liq_Developed	up_in_liq_Zoospore	2.406208748216144																											True	False	False	False
33171	860.9224	4.056081	9.136686595611544e-06	0.0	3.97679913131652	1.0	0.1	0.9	50.0	0.0003330003330003	0.0122630432108188	salamandrivorans	life_stage	liq_Zoospore	liq_Developed	up_in_liq_Zoospore	0.0																											False	False	False	False
27902	726.4365	4.552096	9.103577112123644e-06	0.0	3.97189482229224	1.0	0.0	1.0	50.0	0.0003330003330003	0.0122630432108188	salamandrivorans	life_stage	liq_Zoospore	liq_Developed	up_in_liq_Zoospore	0.0																											False	False	False	False
28124	1014.0426	4.141	8.896188295487523e-06	0.0	3.940790380619247	1.0	0.2	0.8	49.0	0.0006660006660006	0.0122630432108188	salamandrivorans	life_stage	liq_Zoospore	liq_Developed	up_in_liq_Zoospore	0.0																											False	False	False	False
31614	738.4436	4.018864	8.887304793594802e-06	0.0	3.939442925934937	1.0	0.1	0.9	50.0	0.0003330003330003	0.0122630432108188	salamandrivorans	life_stage	liq_Zoospore	liq_Developed	up_in_liq_Zoospore	0.0																											False	False	False	False
33886	737.4218	4.066867	8.775198920296735e-06	0.0	3.922329599700753	1.0	0.4	0.6	50.0	0.0003330003330003	0.0122630432108188	salamandrivorans	life_stage	liq_Zoospore	liq_Developed	up_in_liq_Zoospore	2.662766658683498																											True	False	False	False
25045	825.475	4.1975	8.681375058208107e-06	0.0	3.907849371832297	1.0	0.3	0.7	49.0	0.0006660006660006	0.0122630432108188	salamandrivorans	life_stage	liq_Zoospore	liq_Developed	up_in_liq_Zoospore	2.6023472324503074																											True	False	False	False
32766	854.9902	4.521113	8.664481320020638e-06	0.0	3.905226579690403	1.0	0.3	0.7	49.0	0.0006660006660006	0.0122630432108188	salamandrivorans	life_stage	liq_Zoospore	liq_Developed	up_in_liq_Zoospore	3.085114113351926																											True	False	False	False
32852	1334.7759	4.432766	8.605575062944024e-06	0.0	3.896043765634555	1.0	0.3	0.7	50.0	0.0003330003330003	0.0122630432108188	salamandrivorans	life_stage	liq_Zoospore	liq_Developed	up_in_liq_Zoospore	2.5449619161340027																											True	False	False	False
32899	1278.1859	4.427	8.603744965636788e-06	0.0	3.8957575360571166	1.0	0.3	0.7	50.0	0.0003330003330003	0.0122630432108188	salamandrivorans	life_stage	liq_Zoospore	liq_Developed	up_in_liq_Zoospore	2.624187248338808																											True	False	False	False
26747	667.89	4.461969	8.543280834242769e-06	0.0	3.886268793942679	1.0	0.4	0.6	50.0	0.0003330003330003	0.0122630432108188	salamandrivorans	life_stage	liq_Zoospore	liq_Developed	up_in_liq_Zoospore	2.4479553576861117																											True	False	False	False
30906	1453.7904	4.296919	8.52986003666827e-06	0.0	3.884154154258789	1.0	0.2	0.8	50.0	0.0003330003330003	0.0122630432108188	salamandrivorans	life_stage	liq_Zoospore	liq_Developed	up_in_liq_Zoospore	0.0																											False	False	False	False
33194	815.9788	4.036579	8.501065772481934e-06	0.0	3.879606717809255	1.0	0.0	1.0	50.0	0.0003330003330003	0.0122630432108188	salamandrivorans	life_stage	liq_Zoospore	liq_Developed	up_in_liq_Zoospore	0.0																											False	False	False	False
29730	785.9277	4.28599	8.257806025846979e-06	0.0	3.840606008253925	1.0	0.4	0.6	49.0	0.0006660006660006	0.0122630432108188	salamandrivorans	life_stage	liq_Zoospore	liq_Developed	up_in_liq_Zoospore	2.220299330413555																											True	False	False	False
34538	1109.6464	4.719722	8.250731965474207e-06	0.0	3.839455929637426	1.0	0.1	0.9	50.0	0.0003330003330003	0.0122630432108188	salamandrivorans	life_stage	liq_Zoospore	liq_Developed	up_in_liq_Zoospore	0.0																											False	False	False	False
37482	1078.556	4.410708	8.238889722193106e-06	0.0	3.8375286003508746	1.0	0.3	0.7	50.0	0.0003330003330003	0.0122630432108188	salamandrivorans	life_stage	liq_Zoospore	liq_Developed	up_in_liq_Zoospore	2.211221518793896																											True	False	False	False
34908	952.9952	4.239	8.234522833902203e-06	0.0	3.836817237445117	1.0	0.4	0.6	50.0	0.0003330003330003	0.0122630432108188	salamandrivorans	life_stage	liq_Zoospore	liq_Developed	up_in_liq_Zoospore	2.6738388926585523																											True	False	False	False
24022	898.5278	4.81117	8.221092726447746e-06	0.0	3.834627282022404	1.0	0.3	0.7	50.0	0.0003330003330003	0.0122630432108188	salamandrivorans	life_stage	liq_Zoospore	liq_Developed	up_in_liq_Zoospore	1.9682633333495752																											True	False	False	False
33076	1108.1091	4.329004	8.165894184880905e-06	0.0	3.825591361863524	1.0	0.2	0.8	50.0	0.0003330003330003	0.0122630432108188	salamandrivorans	life_stage	liq_Zoospore	liq_Developed	up_in_liq_Zoospore	0.0																											False	False	False	False
35194	1491.772	4.389747	8.158695844919942e-06	0.0	3.824408821796601	1.0	0.2	0.8	49.0	0.0006660006660006	0.0122630432108188	salamandrivorans	life_stage	liq_Zoospore	liq_Developed	up_in_liq_Zoospore	0.0																											False	False	False	False
17816	987.509	4.232	3.510592767985476e-05	1.910019762998702e-06	3.819932744929142	1.0	0.5	0.5	50.0	0.0006660006660006	0.0122630432108188	salamandrivorans	life_stage	liq_Zoospore	liq_Developed	up_in_liq_Zoospore	3.597851842379004																											True	False	False	False
28654	903.4609	4.316826	8.127919665755787e-06	0.0	3.819341965008112	1.0	0.3	0.7	50.0	0.0003330003330003	0.0122630432108188	salamandrivorans	life_stage	liq_Zoospore	liq_Developed	up_in_liq_Zoospore	2.48300969419043																											True	False	False	False
32715	533.2867	1.387	0.0008943203030545	6.284301256211498e-05	3.8178107862043458	1.0	0.8	0.1999999999999999	50.0	0.0006660006660006	0.0122630432108188	salamandrivorans	life_stage	liq_Zoospore	liq_Developed	up_in_liq_Zoospore	2.2850343050967385																											True	True	True	False
33097	875.0225	4.655493	8.05116548593618e-06	0.0	3.806627410443532	1.0	0.2	0.8	50.0	0.0003330003330003	0.0122630432108188	salamandrivorans	life_stage	liq_Zoospore	liq_Developed	up_in_liq_Zoospore	0.0																											False	False	False	False
35936	862.4905	4.02	7.944399811463283e-06	0.0	3.7887529270231	1.0	0.0	1.0	50.0	0.0003330003330003	0.0122630432108188	salamandrivorans	life_stage	liq_Zoospore	liq_Developed	up_in_liq_Zoospore	0.0																											False	False	False	False
4324	523.2569	3.108595	1.4658456369888858e-05	0.0002071143626881	-3.765199205376877	0.8	1.0	-0.1999999999999999	0.0	0.0006660006660006	0.0122630432108188	salamandrivorans	life_stage	liq_Zoospore	liq_Developed	up_in_liq_Developed	7.490465037792493	4324.0	C25H35FN4O7	[M + H]+	Tyrosyl-prolyl-phenylalanyl-proline	C1CC(N(C1)C(=O)C(CC2=CC=C(C=C2)O)N)C(=O)NC(CC3=CC=CC=C3)C(=O)N4CCCC4C(=O)O	0.994	Amino acids and Peptides	Tripeptides	Carboxylic acids and derivatives	4324.0	native-full-e9838293-bagel	native	1.0								native	native	1.0	4324.0	C25H35FN4O7	False	True	True	True	False
27007	1143.1533	4.637556	7.612176724593439e-06	0.0	3.731672401251404	1.0	0.1	0.9	50.0	0.0003330003330003	0.0122630432108188	salamandrivorans	life_stage	liq_Zoospore	liq_Developed	up_in_liq_Zoospore	0.0																											False	False	False	False
2746	970.4492	1.9774	2.5890263508655408e-05	0.0003505260016271	-3.727465356817794	0.8	1.0	-0.1999999999999999	0.0	0.0006660006660006	0.0122630432108188	salamandrivorans	life_stage	liq_Zoospore	liq_Developed	up_in_liq_Developed	2.839686484864268	2746.0	C45H63N9O15	[M + H]+	Sqnypivq	CCC(C)C(C(=O)NC(C(C)C)C(=O)NC(CCC(=O)N)C(=O)O)NC(=O)C1CCCN1C(=O)C(CC2=CC=C(C=C2)O)NC(=O)C(CC(=O)N)NC(=O)C(CCC(=O)N)NC(=O)C(CO)N	0.085	Amino acids and Peptides	Linear peptides	Carboxylic acids and derivatives	2746.0	native-full-e9838293-bagel	native	1.0								native	native	1.0	2746.0	C45H63N9O15	False	True	True	True	False
34299	867.5098	4.643587	7.573156536851857e-06	0.0	3.724817540091638	1.0	0.2	0.8	50.0	0.0003330003330003	0.0122630432108188	salamandrivorans	life_stage	liq_Zoospore	liq_Developed	up_in_liq_Zoospore	0.0																											False	False	False	False
36884	691.8614	4.371932	0.0	7.565386386334536e-06	-3.723448623667761	0.2	1.0	-0.8	0.0	0.0006660006660006	0.0122630432108188	salamandrivorans	life_stage	liq_Zoospore	liq_Developed	up_in_liq_Developed	3.160851044721726																											True	True	True	False
33388	1070.5546	4.361196	7.52032735975389e-06	0.0	3.7154845820156246	1.0	0.4	0.6	50.0	0.0003330003330003	0.0122630432108188	salamandrivorans	life_stage	liq_Zoospore	liq_Developed	up_in_liq_Zoospore	2.778475648293083																											True	False	False	False
33810	1238.1382	4.370219	7.483539394329409e-06	0.0	3.708949666494572	1.0	0.1	0.9	50.0	0.0003330003330003	0.0122630432108188	salamandrivorans	life_stage	liq_Zoospore	liq_Developed	up_in_liq_Zoospore	0.0																											False	False	False	False
19905	372.3474	7.20723	0.0	7.366524839510882e-06	-3.687964480471389	0.2	1.0	-0.8	0.0	0.0006660006660006	0.0122630432108188	salamandrivorans	life_stage	liq_Zoospore	liq_Developed	up_in_liq_Developed	-1.6152326236585544																											False	False	False	False
23179	1112.0942	4.644358	2.6143428967058293e-05	1.467525156256274e-06	3.6806161533945634	1.0	0.5	0.5	50.0	0.0006660006660006	0.0122630432108188	salamandrivorans	life_stage	liq_Zoospore	liq_Developed	up_in_liq_Zoospore	3.1711463133715334																											True	False	False	False
30243	652.9078	4.515003	7.325519721219557e-06	0.0	3.680537868065871	1.0	0.1	0.9	49.0	0.0006660006660006	0.0122630432108188	salamandrivorans	life_stage	liq_Zoospore	liq_Developed	up_in_liq_Zoospore	0.0																											False	False	False	False
35871	1057.0962	4.643053	7.317517213208703e-06	0.0	3.679084030423694	1.0	0.2	0.8	50.0	0.0003330003330003	0.0122630432108188	salamandrivorans	life_stage	liq_Zoospore	liq_Developed	up_in_liq_Zoospore	0.0																											False	False	False	False
32811	731.8983	4.173	0.0	7.233807204932373e-06	-3.663787733433821	0.2	1.0	-0.8	0.0	0.0006660006660006	0.0122630432108188	salamandrivorans	life_stage	liq_Zoospore	liq_Developed	up_in_liq_Developed	3.2227512783847225																											True	True	True	False
13235	628.3739	3.97816	2.477207490805072e-05	1.384764328174059e-06	3.6631012014831343	1.0	0.5	0.5	50.0	0.0006660006660006	0.0122630432108188	salamandrivorans	life_stage	liq_Zoospore	liq_Developed	up_in_liq_Zoospore	3.097734010742581																											True	False	False	False
1286	1052.0945	4.430708	0.0004377678150053	3.406602787850263e-05	3.659794299710325	1.0	0.9	0.0999999999999999	50.0	0.0006660006660006	0.0122630432108188	salamandrivorans	life_stage	liq_Zoospore	liq_Developed	up_in_liq_Zoospore	1.7456735377117685	1286.0	C39H37N7O20S4	[M + H]+							1286.0	native-full-e9838293-bagel	native	1.0								native	native	1.0	1286.0	C39H37N7O20S4	False	True	False	False	False
37845	730.4061	4.368	0.0	7.10619433970012e-06	-3.640152475700784	0.4	1.0	-0.6	0.0	0.0006660006660006	0.0122630432108188	salamandrivorans	life_stage	liq_Zoospore	liq_Developed	up_in_liq_Developed	3.398862731756425																											True	False	False	False
6752	701.3501	0.924873	1.1934341048168916e-05	0.0001547074833749	-3.6290911554734726	0.6	1.0	-0.4	0.0	0.0006660006660006	0.0122630432108188	salamandrivorans	life_stage	liq_Zoospore	liq_Developed	up_in_liq_Developed	7.801166278784564	6752.0	C34H48N6O10	[M + H]+	Tyrosyl-threonyl-glycyl-phenylalanyl-leucyl-threonine	CC(C)CC(C(=O)NC(C(C)O)C(=O)O)NC(=O)C(CC1=CC=CC=C1)NC(=O)CNC(=O)C(C(C)O)NC(=O)C(CC2=CC=C(C=C2)O)N	0.165	Amino acids and Peptides	Cyclic peptides	Carboxylic acids and derivatives	6752.0	native-full-e9838293-bagel	native	1.0								native	native	1.0	6752.0	C34H48N6O10	False	True	True	True	False
31968	618.3648	4.248	7.044661527393109e-06	0.0	3.628616078286128	1.0	0.1	0.9	49.0	0.0006660006660006	0.0122630432108188	salamandrivorans	life_stage	liq_Zoospore	liq_Developed	up_in_liq_Zoospore	0.0																											False	False	False	False
38116	791.9545	4.391257	7.026887373290754e-06	0.0	3.625266470080737	1.0	0.4	0.6	50.0	0.0003330003330003	0.0122630432108188	salamandrivorans	life_stage	liq_Zoospore	liq_Developed	up_in_liq_Zoospore	2.235872591174938																											True	False	False	False
943	655.3416	1.600495	4.453804519527616e-05	0.0005562120773534	-3.624197455469344	1.0	1.0	0.0	0.0	0.0006660006660006	0.0122630432108188	salamandrivorans	life_stage	liq_Zoospore	liq_Developed	up_in_liq_Developed	3.073169289403566	943.0	C28H46N8O10	[M + H]+	H-Pro-Leu-Glu-Pro-Ser-Gly-Gly-NH2	CC(C)CC(C(=O)NC(CCC(=O)O)C(=O)N1CCCC1C(=O)NC(CO)C(=O)NCC(=O)NCC(=O)N)NC(=O)C2CCCN2	0.623	Amino acids and Peptides	Cyclic peptides	Carboxylic acids and derivatives	2881.0	EB-MSV000090464-gnps_ms2	transferred	3.0	655.3424	1.69	655.3416	1.600495	-1.221	-0.09	0.8917	ms2_winner	assigned	1.0	2881.0	C28H46N8O10	False	True	True	True	False
17765	1148.6213	3.924	5.421819289146672e-05	3.842535367270462e-06	3.619347435657354	1.0	0.5	0.5	50.0	0.0006660006660006	0.0122630432108188	salamandrivorans	life_stage	liq_Zoospore	liq_Developed	up_in_liq_Zoospore	5.099757661445956																											True	False	False	False
37885	1112.1112	4.970428	6.983038836053738e-06	0.0	3.6169696314250266	1.0	0.2	0.8	50.0	0.0003330003330003	0.0122630432108188	salamandrivorans	life_stage	liq_Zoospore	liq_Developed	up_in_liq_Zoospore	0.0																											False	False	False	False
1800	869.4404	2.088897	3.577550209608375e-05	0.0004350016362226	-3.5812560042764243	0.6	1.0	-0.4	0.0	0.0006660006660006	0.0122630432108188	salamandrivorans	life_stage	liq_Zoospore	liq_Developed	up_in_liq_Developed	8.93737965550716																											True	True	True	False
4311	1305.7211	4.632459	9.47477977901511e-05	7.374157664498349e-06	3.576541009682255	1.0	0.5	0.5	50.0	0.0006660006660006	0.0122630432108188	salamandrivorans	life_stage	liq_Zoospore	liq_Developed	up_in_liq_Zoospore	5.396309072502641																											True	False	False	False
30766	1065.0939	4.637558	6.756142535785671e-06	0.0	3.573258002579298	1.0	0.3	0.7	50.0	0.0003330003330003	0.0122630432108188	salamandrivorans	life_stage	liq_Zoospore	liq_Developed	up_in_liq_Zoospore	2.486733659077097																											True	False	False	False
30671	741.4282	4.85609	6.72473441831513e-06	0.0	3.56710150567686	1.0	0.1	0.9	50.0	0.0003330003330003	0.0122630432108188	salamandrivorans	life_stage	liq_Zoospore	liq_Developed	up_in_liq_Zoospore	0.0																											False	False	False	False
32968	754.8815	4.331369	6.671162209197024e-06	0.0	3.556539483826485	1.0	0.0	1.0	50.0	0.0003330003330003	0.0122630432108188	salamandrivorans	life_stage	liq_Zoospore	liq_Developed	up_in_liq_Zoospore	0.0																											False	False	False	False
7454	1096.4916	2.184	0.0001511986361858	1.2311870419834583e-05	3.553381056943531	1.0	0.5	0.5	50.0	0.0006660006660006	0.0122630432108188	salamandrivorans	life_stage	liq_Zoospore	liq_Developed	up_in_liq_Zoospore	0.4072420577412025																											False	False	False	False
31786	1309.7432	4.382758	6.651785935018602e-06	0.0	3.5527002352996906	1.0	0.3	0.7	50.0	0.0003330003330003	0.0122630432108188	salamandrivorans	life_stage	liq_Zoospore	liq_Developed	up_in_liq_Zoospore	2.690576160468168																											True	False	False	False
14145	360.1893	2.071	0.0001000259850409	0.0011738746654529	-3.544683131307893	1.0	1.0	0.0	0.0	0.0006660006660006	0.0122630432108188	salamandrivorans	life_stage	liq_Zoospore	liq_Developed	up_in_liq_Developed	1.6895700760556156																											True	True	True	False
32783	1152.6337	4.398573	6.431879034689397e-06	0.0	3.508396109137292	1.0	0.1	0.9	50.0	0.0003330003330003	0.0122630432108188	salamandrivorans	life_stage	liq_Zoospore	liq_Developed	up_in_liq_Zoospore	0.0																											False	False	False	False
3285	1104.6022	4.555853	0.0002509255568435	2.148523436154123e-05	3.5083801995993564	1.0	0.8	0.1999999999999999	50.0	0.0006660006660006	0.0122630432108188	salamandrivorans	life_stage	liq_Zoospore	liq_Developed	up_in_liq_Zoospore	1.662563695271188																											True	False	False	False
28056	871.9492	4.534831	1.5967870051687886e-05	8.449833404053049e-07	3.5014806107479663	1.0	0.5	0.5	50.0	0.0006660006660006	0.0122630432108188	salamandrivorans	life_stage	liq_Zoospore	liq_Developed	up_in_liq_Zoospore	1.9914483958827989																											True	False	False	False
5490	914.9692	3.517	0.0001209243179654	1.0123168600909812e-05	3.5000329888792114	1.0	0.6	0.4	50.0	0.0006660006660006	0.0122630432108188	salamandrivorans	life_stage	liq_Zoospore	liq_Developed	up_in_liq_Zoospore	5.913407187980681																											True	False	False	False
30189	1166.1577	4.510684	6.3721327574543846e-06	0.0	3.4961203589260923	1.0	0.4	0.6	49.0	0.0006660006660006	0.0122630432108188	salamandrivorans	life_stage	liq_Zoospore	liq_Developed	up_in_liq_Zoospore	2.767786679355021																											True	False	False	False
26943	802.4754	7.137378	6.359758723048888e-06	0.0	3.4935648223763893	1.0	0.1	0.9	50.0	0.0003330003330003	0.0122630432108188	salamandrivorans	life_stage	liq_Zoospore	liq_Developed	up_in_liq_Zoospore	0.0																											False	False	False	False
34378	792.4479	4.366	6.27620433407945e-06	0.0	3.4761893189082125	1.0	0.2	0.8	50.0	0.0003330003330003	0.0122630432108188	salamandrivorans	life_stage	liq_Zoospore	liq_Developed	up_in_liq_Zoospore	0.0																											False	False	False	False
4651	1104.6022	4.631944	0.0001540214985294	1.3416842959091796e-05	3.461669191517083	1.0	0.7	0.3	50.0	0.0006660006660006	0.0122630432108188	salamandrivorans	life_stage	liq_Zoospore	liq_Developed	up_in_liq_Zoospore	5.665771932137222																											True	False	False	False
32290	1114.6102	4.611083	6.185071640862237e-06	0.0	3.456996185352622	1.0	0.4	0.6	50.0	0.0003330003330003	0.0122630432108188	salamandrivorans	life_stage	liq_Zoospore	liq_Developed	up_in_liq_Zoospore	2.1672186070268817																											True	False	False	False
36027	635.3387	4.415141	0.0	6.1466164569741854e-06	-3.4488200385345995	0.0	1.0	-1.0	0.0	0.0006660006660006	0.0122630432108188	salamandrivorans	life_stage	liq_Zoospore	liq_Developed	up_in_liq_Developed	2.8848572557535848																											True	True	True	False
3722	1256.6904	4.443764	0.0001778683011009	1.5951703983287477e-05	3.429062757178083	1.0	0.8	0.1999999999999999	50.0	0.0006660006660006	0.0122630432108188	salamandrivorans	life_stage	liq_Zoospore	liq_Developed	up_in_liq_Zoospore	6.583584610050684																											True	False	False	False
4038	392.7268	0.60025	0.000117294962072	1.0369796659873133e-05	3.423551043165706	1.0	0.6	0.4	50.0	0.0006660006660006	0.0122630432108188	salamandrivorans	life_stage	liq_Zoospore	liq_Developed	up_in_liq_Zoospore	5.317209803182986																											True	False	False	False
37883	1063.0898	4.813173	5.917319229965939e-06	0.0	3.399082004195034	1.0	0.4	0.6	49.0	0.0006660006660006	0.0122630432108188	salamandrivorans	life_stage	liq_Zoospore	liq_Developed	up_in_liq_Zoospore	2.101141889988349																											True	False	False	False
34415	760.3653	4.334792	5.914928383783912e-06	0.0	3.398554253624748	1.0	0.4	0.6	50.0	0.0003330003330003	0.0122630432108188	salamandrivorans	life_stage	liq_Zoospore	liq_Developed	up_in_liq_Zoospore	2.3985471300726187																											True	False	False	False
3612	892.4255	2.777	0.0001027175631646	9.181309850531487e-06	3.3982921138691204	1.0	0.5	0.5	50.0	0.0006660006660006	0.0122630432108188	salamandrivorans	life_stage	liq_Zoospore	liq_Developed	up_in_liq_Zoospore	5.425273314756053																											True	False	False	False
35856	1075.1077	4.859683	5.839801797329933e-06	0.0	3.381871847070107	1.0	0.3	0.7	50.0	0.0003330003330003	0.0122630432108188	salamandrivorans	life_stage	liq_Zoospore	liq_Developed	up_in_liq_Zoospore	2.0678615098379414																											True	False	False	False
6963	668.3979	2.354163	1.23597337181753e-05	0.000132885170695	-3.362597360833264	0.6	1.0	-0.4	0.0	0.0006660006660006	0.0122630432108188	salamandrivorans	life_stage	liq_Zoospore	liq_Developed	up_in_liq_Developed	6.8651231663578365																											True	True	True	False
2092	711.9039	4.268012	8.623555768987604e-05	7.82906602576226e-06	3.361807284280986	1.0	1.0	0.0	50.0	0.0006660006660006	0.0122630432108188	salamandrivorans	life_stage	liq_Zoospore	liq_Developed	up_in_liq_Zoospore	4.1820206003931055																											True	False	False	False
1847	491.2578	0.599	2.161357973313649e-05	0.0002273692829454	-3.358173950266832	0.6	1.0	-0.4	0.0	0.0006660006660006	0.0122630432108188	salamandrivorans	life_stage	liq_Zoospore	liq_Developed	up_in_liq_Developed	8.26001352655738	1847.0	C18H34N8O8	[M + H]+		CC(C)C(C(=O)OC(COC(=O)C)C(C(C(COC(=O)C)OC(=O)C(=C(C)C)NC)O)O)NC	0.019	Amino acids and Peptides	Tripeptides	Carboxylic acids and derivatives	1847.0	native-full-e9838293-bagel	native	1.0								native	native	1.0	1847.0	C18H34N8O8	False	True	True	True	False
30157	866.509	4.641469	1.4103301754958544e-05	8.270906280621539e-07	3.34718257855053	1.0	0.5	0.5	50.0	0.0006660006660006	0.0122630432108188	salamandrivorans	life_stage	liq_Zoospore	liq_Developed	up_in_liq_Zoospore	3.496141096909561																											True	False	False	False
34647	1240.6295	4.75931	5.681042935907415e-06	0.0	3.3459706562380283	1.0	0.1	0.9	50.0	0.0003330003330003	0.0122630432108188	salamandrivorans	life_stage	liq_Zoospore	liq_Developed	up_in_liq_Zoospore	0.0																											False	False	False	False
7380	553.7855	3.5285	4.522264109970306e-05	3.8989252006337805e-06	3.3427373391352213	1.0	0.5	0.5	50.0	0.0006660006660006	0.0122630432108188	salamandrivorans	life_stage	liq_Zoospore	liq_Developed	up_in_liq_Zoospore	4.256703202490209																											True	False	False	False
25739	758.4492	7.118	5.6414460258098265e-06	0.0	3.336875392352857	1.0	0.1	0.9	50.0	0.0003330003330003	0.0122630432108188	salamandrivorans	life_stage	liq_Zoospore	liq_Developed	up_in_liq_Zoospore	0.0																											False	False	False	False
22848	1158.1697	4.751302	1.6510794762625695e-05	1.0996190029387725e-06	3.316690241253481	1.0	0.5	0.5	50.0	0.0006660006660006	0.0122630432108188	salamandrivorans	life_stage	liq_Zoospore	liq_Developed	up_in_liq_Zoospore	2.625937220936472																											True	False	False	False
2041	776.364	1.855204	2.211534892945885e-05	0.0002246706957833	-3.3087982599884165	0.8	1.0	-0.1999999999999999	0.0	0.0006660006660006	0.0122630432108188	salamandrivorans	life_stage	liq_Zoospore	liq_Developed	up_in_liq_Developed	7.853861523663444																											True	True	True	False
10375	1460.6951	3.463	6.594760721536238e-05	6.1047989676493504e-06	3.307323448145945	1.0	0.5	0.5	50.0	0.0006660006660006	0.0122630432108188	salamandrivorans	life_stage	liq_Zoospore	liq_Developed	up_in_liq_Zoospore	4.901448229384567																											True	False	False	False
2405	889.4384	2.48079	3.792245576183646e-05	0.000380300509576	-3.3049811106775686	0.6	1.0	-0.4	0.0	0.0006660006660006	0.0122630432108188	salamandrivorans	life_stage	liq_Zoospore	liq_Developed	up_in_liq_Developed	8.784475040245587																											True	True	True	False
31861	784.9266	4.287918	1.4627222330393144e-05	9.406216675078796e-07	3.288638488449169	1.0	0.5	0.5	50.0	0.0006660006660006	0.0122630432108188	salamandrivorans	life_stage	liq_Zoospore	liq_Developed	up_in_liq_Zoospore	3.43689615730826																											True	False	False	False
30954	741.9254	4.857278	5.410173177009735e-06	0.0	3.28257592112033	1.0	0.1	0.9	50.0	0.0003330003330003	0.0122630432108188	salamandrivorans	life_stage	liq_Zoospore	liq_Developed	up_in_liq_Zoospore	0.0																											False	False	False	False
27762	846.4991	7.140799	5.404112045912407e-06	0.0	3.281125007651319	1.0	0.1	0.9	50.0	0.0003330003330003	0.0122630432108188	salamandrivorans	life_stage	liq_Zoospore	liq_Developed	up_in_liq_Zoospore	0.0																											False	False	False	False
37164	1175.678	4.889	5.368648452392709e-06	0.0	3.272606362442952	1.0	0.2	0.8	50.0	0.0003330003330003	0.0122630432108188	salamandrivorans	life_stage	liq_Zoospore	liq_Developed	up_in_liq_Zoospore	0.0																											False	False	False	False
1303	318.3011	6.505041	4.611876867134912e-05	0.0004501968176753	-3.2698591980257508	1.0	1.0	0.0	0.0	0.0006660006660006	0.0122630432108188	salamandrivorans	life_stage	liq_Zoospore	liq_Developed	up_in_liq_Developed	-0.8261626626050417	1303.0	C18H39NO3	[M + H]+	Phytosphingosine	CCCCCCCCCCCCCCC(C(C(CO)N)O)O	0.612	Fatty acids	Sphingoid bases	Organonitrogen compounds	8960.0	EB-MSV000090464-gnps_ms2	transferred	1.0	318.301	6.5	318.3011	6.505041	0.314	0.005	1.0	unique	assigned	1.0	8960.0	C18H39NO3	False	False	False	False	True
28968	1449.7416	4.412318	4.96169048301548e-05	4.6067583663745805e-06	3.2648440756127868	1.0	0.5	0.5	50.0	0.0006660006660006	0.0122630432108188	salamandrivorans	life_stage	liq_Zoospore	liq_Developed	up_in_liq_Zoospore	4.638244775805771																											True	False	False	False
16423	715.4214	4.381071	1.799298656014053e-05	1.328974704264969e-06	3.2557497271110862	1.0	0.5	0.5	50.0	0.0006660006660006	0.0122630432108188	salamandrivorans	life_stage	liq_Zoospore	liq_Developed	up_in_liq_Zoospore	2.950278743992333																											True	False	False	False
1359	540.246	1.004493	4.5887402357274224e-05	0.0004377933934311	-3.236769122222703	1.0	1.0	0.0	0.0	0.0006660006660006	0.0122630432108188	salamandrivorans	life_stage	liq_Zoospore	liq_Developed	up_in_liq_Developed	3.2424346088056644	1359.0	C22H39N5O8	[M + K]+	(3S)-3-[[(2S)-2-acetamido-3-methylbutanoyl]amino]-4-[[(2S)-4-(dimethylamino)-1-[[(2S)-1-hydroxypropan-2-yl]amino]-1,4-dioxobutan-2-yl]amino]-2,2-dimethyl-4-oxobutanoic acid	CC(C)C(C(=O)NC(C(=O)NC(CC(=O)N(C)C)C(=O)NC(C)CO)C(C)(C)C(=O)O)NC(=O)C	0.141	Amino acids and Peptides	Tripeptides	Carboxylic acids and derivatives	1424.0	EB-MSV000090464-gnps_ms2	transferred	3.0	540.2438	1.0	540.246	1.004493	4.072	0.004	1.0	unique	assigned	1.0	1424.0	C22H39N5O8	False	True	True	True	False
37602	1159.6561	4.718859	5.210334667122335e-06	0.0	3.233952370345166	1.0	0.1	0.9	49.0	0.0006660006660006	0.0122630432108188	salamandrivorans	life_stage	liq_Zoospore	liq_Developed	up_in_liq_Zoospore	0.0																											False	False	False	False
2626	683.3376	0.944274	4.088785514459565e-05	0.0003849322285342	-3.215480659985892	1.0	1.0	0.0	0.0	0.0006660006660006	0.0122630432108188	salamandrivorans	life_stage	liq_Zoospore	liq_Developed	up_in_liq_Developed	2.5008564392501147	2626.0	C34H46N6O9	[M + H]+	12-benzyl-3,15-bis(1-hydroxyethyl)-6-[(4-hydroxyphenyl)methyl]-9-(2-methylpropyl)-1,4,7,10,13,16-hexaazacyclooctadecane-2,5,8,11,14,17-hexone	CC(C)CC1C(=O)NC(C(=O)NC(C(=O)NCC(=O)NC(C(=O)NC(C(=O)N1)CC2=CC=CC=C2)C(C)O)C(C)O)CC3=CC=C(C=C3)O	0.926	Amino acids and Peptides	Cyclic peptides	Carboxylic acids and derivatives	1265.0	EB-MSV000090464-gnps_ms2	transferred	1.0	683.3374	0.95	683.3376	0.944274	0.293	-0.006	1.0	unique	assigned	1.0	1265.0	C34H46N6O9	False	True	True	True	False
3509	1226.5651	3.5175	3.4756187838158063e-05	0.0003276133409291	-3.213883781073552	1.0	1.0	0.0	0.0	0.0006660006660006	0.0122630432108188	salamandrivorans	life_stage	liq_Zoospore	liq_Developed	up_in_liq_Developed	8.596890175319443																											True	True	True	False
11060	888.4738	3.859	2.9332834454228355e-05	0.0002762674408106	-3.2085499192607414	0.8	1.0	-0.1999999999999999	0.0	0.0006660006660006	0.0122630432108188	salamandrivorans	life_stage	liq_Zoospore	liq_Developed	up_in_liq_Developed	7.186906888535614																											True	True	True	False
6457	733.3841	4.327527	0.0001292929354742	1.3486299528380403e-05	3.2031648883504515	1.0	0.8	0.1999999999999999	50.0	0.0006660006660006	0.0122630432108188	salamandrivorans	life_stage	liq_Zoospore	liq_Developed	up_in_liq_Zoospore	6.124951423850294	6457.0	C29H52N10O12	[M + H]+	Aspergillicin C	CCC(C)C1C(=O)N2CCCC2C(=O)N3CCCC3C(=O)N(C(C(=O)NC(C(=O)OC(C(C(=O)N1)NC(=O)C)C)C(C)C)CC4=CC=CC=C4)C	0.426	Amino acids and Peptides	Cyclic peptides	Carboxylic acids and derivatives	6457.0	native-EB97X;native-full-e9838293-bagel	native	1.0								native	native	1.0	6457.0	C29H52N10O12	False	True	False	False	False
14029	1189.6339	3.812891	4.661440851257318e-05	4.53406922248053e-06	3.1961399482579727	1.0	0.5	0.5	50.0	0.0006660006660006	0.0122630432108188	salamandrivorans	life_stage	liq_Zoospore	liq_Developed	up_in_liq_Zoospore	4.9417913300881615																											True	False	False	False
1995	859.4343	2.54	5.185601302949913e-05	0.0004754995887703	-3.1816023629723147	1.0	1.0	0.0	0.0	0.0006660006660006	0.0122630432108188	salamandrivorans	life_stage	liq_Zoospore	liq_Developed	up_in_liq_Developed	3.504172022517696																											True	True	True	False
2565	661.648	2.199	4.0198555718257466e-05	0.0003678257644037	-3.1741660119403696	1.0	1.0	0.0	0.0	0.0006660006660006	0.0122630432108188	salamandrivorans	life_stage	liq_Zoospore	liq_Developed	up_in_liq_Developed	8.64363538035836																											True	True	True	False
18744	1272.1917	4.59646	1.6928089151341865e-05	1.331008700969988e-06	3.169247380466002	1.0	0.5	0.5	50.0	0.0006660006660006	0.0122630432108188	salamandrivorans	life_stage	liq_Zoospore	liq_Developed	up_in_liq_Zoospore	3.0447800614297487																											True	False	False	False
843	540.3412	2.539444	5.909856226799276e-05	0.0005287153288009	-3.147937962013537	1.0	1.0	0.0	0.0	0.0006660006660006	0.0122630432108188	salamandrivorans	life_stage	liq_Zoospore	liq_Developed	up_in_liq_Developed	9.000391607898873	843.0	C26H45N5O7	[M + H]+	Ile-Pro-Pro-Leu-Thr	CCC(C)C(C(=O)N1CCCC1C(=O)N2CCCC2C(=O)NC(CC(C)C)C(=O)NC(C(C)O)C(=O)O)N	0.789	Amino acids and Peptides	Cyclic peptides	Carboxylic acids and derivatives	5685.0	EB-MSV000090464-gnps_ms2	transferred	2.0	540.3413	2.54	540.3412	2.539444	-0.185	-0.001	1.0	unique	assigned	1.0	5685.0	C26H45N5O7	False	True	True	True	False
18802	1226.6694	3.779426	3.204649080374044e-05	3.1133319477082697e-06	3.1293932422597552	1.0	0.5	0.5	50.0	0.0006660006660006	0.0122630432108188	salamandrivorans	life_stage	liq_Zoospore	liq_Developed	up_in_liq_Zoospore	4.444852520086466																											True	False	False	False
24946	785.4267	4.277989	1.2634971532878696e-05	9.028998178757748e-07	3.121928392687945	1.0	0.5	0.5	50.0	0.0006660006660006	0.0122630432108188	salamandrivorans	life_stage	liq_Zoospore	liq_Developed	up_in_liq_Zoospore	2.7901667625074484																											True	False	False	False
16331	507.2465	1.897508	0.0002869030966632	3.288885053441552e-05	3.101076801129256	1.0	0.9	0.0999999999999999	50.0	0.0006660006660006	0.0122630432108188	salamandrivorans	life_stage	liq_Zoospore	liq_Developed	up_in_liq_Zoospore	6.843859312711518																											True	False	False	False
6286	1272.6167	3.605	0.0001500653484283	1.702398373696214e-05	3.0943156786993784	1.0	0.7	0.3	50.0	0.0006660006660006	0.0122630432108188	salamandrivorans	life_stage	liq_Zoospore	liq_Developed	up_in_liq_Zoospore	6.261857163272225																											True	False	False	False
21842	668.8984	4.41475	1.465605383055795e-05	1.171877520215334e-06	3.0919718743626303	1.0	0.5	0.5	50.0	0.0006660006660006	0.0122630432108188	salamandrivorans	life_stage	liq_Zoospore	liq_Developed	up_in_liq_Zoospore	2.268881956559252	21842.0	C18H25Br3N4O5S	[M + Na]+							21842.0	native-EB97X;native-full-e9838293-bagel	native	1.0								native	native	1.0	21842.0	C18H25Br3N4O5S	False	True	False	False	False
9900	769.3628	1.706	0.000105225818816	1.181213218848456e-05	3.089853770776368	1.0	0.5	0.5	50.0	0.0006660006660006	0.0122630432108188	salamandrivorans	life_stage	liq_Zoospore	liq_Developed	up_in_liq_Zoospore	6.151740106667859																											True	False	False	False
21353	931.0173	4.51952	1.9005898145122072e-05	1.7123175255014018e-06	3.073109612049417	1.0	0.5	0.5	50.0	0.0006660006660006	0.0122630432108188	salamandrivorans	life_stage	liq_Zoospore	liq_Developed	up_in_liq_Zoospore	3.841884196027315																											True	False	False	False
32198	830.4838	4.463678	4.593320157812244e-06	0.0	3.0725660829354613	1.0	0.1	0.9	50.0	0.0003330003330003	0.0122630432108188	salamandrivorans	life_stage	liq_Zoospore	liq_Developed	up_in_liq_Zoospore	0.0																											False	False	False	False
21911	1066.0618	4.45489	2.7126651024399087e-05	2.6850251459940933e-06	3.069712453426376	1.0	0.5	0.5	50.0	0.0006660006660006	0.0122630432108188	salamandrivorans	life_stage	liq_Zoospore	liq_Developed	up_in_liq_Zoospore	3.505573334447919																											True	False	False	False
27121	171.438	6.406136	0.0	4.554409005903525e-06	-3.0617570029627506	0.4	1.0	-0.6	0.0	0.0006660006660006	0.0122630432108188	salamandrivorans	life_stage	liq_Zoospore	liq_Developed	up_in_liq_Developed	-3.973915209703116																											False	False	False	False
25911	714.4228	7.111398	4.475688244468018e-06	0.0	3.0396384457721584	1.0	0.1	0.9	50.0	0.0003330003330003	0.0122630432108188	salamandrivorans	life_stage	liq_Zoospore	liq_Developed	up_in_liq_Zoospore	0.0																											False	False	False	False
7013	604.3376	3.028889	1.5233673756606518e-05	0.0001296523691836	-3.038669448695245	0.8	1.0	-0.1999999999999999	0.0	0.0006660006660006	0.0122630432108188	salamandrivorans	life_stage	liq_Zoospore	liq_Developed	up_in_liq_Developed	2.7163549280328416																											True	True	True	False
5506	581.7954	3.8375	0.0001161959385559	1.3644918092829053e-05	3.033724230248154	1.0	0.5	0.5	50.0	0.0006660006660006	0.0122630432108188	salamandrivorans	life_stage	liq_Zoospore	liq_Developed	up_in_liq_Zoospore	0.0004711251116666	5506.0	C10H16Br3N3O6S	[M + K]+							5506.0	native-full-e9838293-bagel	native	1.0								native	native	1.0	5506.0	C10H16Br3N3O6S	False	False	False	False	False
6360	510.7428	1.532	1.7916313968407377e-05	0.0001497239684111	-3.0198641141693714	1.0	1.0	0.0	0.0	0.0006660006660006	0.0122630432108188	salamandrivorans	life_stage	liq_Zoospore	liq_Developed	up_in_liq_Developed	7.435098895992836																											True	True	True	False
27556	438.2618	4.0955	4.404929837432044e-06	0.0	3.0194635140192823	1.0	0.2	0.8	50.0	0.0003330003330003	0.0122630432108188	salamandrivorans	life_stage	liq_Zoospore	liq_Developed	up_in_liq_Zoospore	0.0																											False	False	False	False
7838	582.3235	3.160125	6.726581613921837e-05	7.799967689964998e-06	3.011275075903389	1.0	0.5	0.5	50.0	0.0006660006660006	0.0122630432108188	salamandrivorans	life_stage	liq_Zoospore	liq_Developed	up_in_liq_Zoospore	5.055518615177689																											True	False	False	False
417	1026.5764	3.634158	0.0025768895595707	0.0003199310458276	3.007353109900264	1.0	0.7	0.3	50.0	0.0006660006660006	0.0122630432108188	salamandrivorans	life_stage	liq_Zoospore	liq_Developed	up_in_liq_Zoospore	2.5781379761745344																											True	False	False	False
27674	1273.7001	4.578606	1.7886048031424654e-05	1.7129157965837752e-06	2.9879761702332712	1.0	0.5	0.5	50.0	0.0006660006660006	0.0122630432108188	salamandrivorans	life_stage	liq_Zoospore	liq_Developed	up_in_liq_Zoospore	3.659999392364455																											True	False	False	False
2154	443.2158	1.950923	0.0003527033302962	4.407479937281816e-05	2.982819814133631	1.0	0.6	0.4	50.0	0.0006660006660006	0.0122630432108188	salamandrivorans	life_stage	liq_Zoospore	liq_Developed	up_in_liq_Zoospore	0.5759391721538041	2154.0	C19H30N4O8	[M + H]+	H-Thr-Ile-Thr-Ser-OH	CCC(C)C(C(=O)NC(C(C)O)C(=O)NC(CO)C(=O)O)NC(=O)C(C(C)O)N	0.744	Amino acids and Peptides	Tripeptides	Carboxylic acids and derivatives	3753.0	EB-MSV000090464-gnps_ms2	transferred	2.0	443.2155	1.95	443.2158	1.950923	0.677	0.001	0.9999	unique	assigned	1.0	3753.0	C19H30N4O8	False	False	False	False	False
33919	948.521	4.755773	4.265613679918808e-06	0.0	2.978897042112054	1.0	0.3	0.7	50.0	0.0003330003330003	0.0122630432108188	salamandrivorans	life_stage	liq_Zoospore	liq_Developed	up_in_liq_Zoospore	1.8334655920057776																											True	False	False	False
4610	992.4791	2.906789	1.85058594953094e-05	0.0001486908771251	-2.964745349425719	0.8	1.0	-0.1999999999999999	0.0	0.0006660006660006	0.0122630432108188	salamandrivorans	life_stage	liq_Zoospore	liq_Developed	up_in_liq_Developed	7.381846853458451																											True	True	True	False
25157	1056.5885	4.382377	2.311630489393984e-05	2.4592957303397588e-06	2.946562953402032	1.0	0.5	0.5	50.0	0.0006660006660006	0.0122630432108188	salamandrivorans	life_stage	liq_Zoospore	liq_Developed	up_in_liq_Zoospore	4.08502358946528																											True	False	False	False
33929	756.9277	4.600918	4.129157049448127e-06	0.0	2.9380258058307667	1.0	0.3	0.7	50.0	0.0003330003330003	0.0122630432108188	salamandrivorans	life_stage	liq_Zoospore	liq_Developed	up_in_liq_Zoospore	1.8589199067030973																											True	False	False	False
4545	975.4564	3.629687	0.000156126103965	1.9864715520164536e-05	2.9358308306897203	1.0	0.6	0.4	50.0	0.0006660006660006	0.0122630432108188	salamandrivorans	life_stage	liq_Zoospore	liq_Developed	up_in_liq_Zoospore	5.618421159263934	4545.0	C45H64N10O13	[M + Na]+	3-[13,19-bis(carboxymethyl)-6-(1-hydroxyethyl)-16-[(4-hydroxyphenyl)methyl]-3-methyl-9-octyl-1,4,7,11,14,17,20,23-octaoxo-hexacosahydro-1H-pyrrolo[2,1-i]1,4,7,10,13,16,19,22-octaazacyclopentacosan-22-yl]propanoic acid	CCCCCCCCC1CC(=O)NC(C(=O)NC(C(=O)NC(C(=O)NC(C(=O)N2CCCC2C(=O)NC(C(=O)NC(C(=O)N1)C(C)O)C)CCC(=O)O)CC(=O)O)CC3=CC=C(C=C3)O)CC(=O)O	0.207	Amino acids and Peptides	Cyclic peptides	Carboxylic acids and derivatives	8040.0	EB-MSV000090464-gnps_ms2	transferred	1.0	975.4536	3.62	975.4564	3.629687	2.87	0.01	0.9996	unique	assigned	1.0	8040.0	C45H64N10O13	False	True	False	False	False
16664	968.5297	4.116	6.868901103552437e-06	5.636216777305984e-05	-2.92774198357817	0.6	1.0	-0.4	0.0	0.0006660006660006	0.0122630432108188	salamandrivorans	life_stage	liq_Zoospore	liq_Developed	up_in_liq_Developed	5.824997580512263																											True	True	True	False
12725	792.4516	4.17	5.778528917794322e-05	7.113473753126676e-06	2.916966065349964	1.0	0.6	0.4	50.0	0.0006660006660006	0.0122630432108188	salamandrivorans	life_stage	liq_Zoospore	liq_Developed	up_in_liq_Zoospore	4.096305961673812																											True	False	False	False
4518	959.4874	3.148	3.212822863248132e-05	0.0002452606184786	-2.908482345131557	0.8	1.0	-0.1999999999999999	0.0	0.0006660006660006	0.0122630432108188	salamandrivorans	life_stage	liq_Zoospore	liq_Developed	up_in_liq_Developed	8.340553324361668	4518.0	C51H62N10O9	[M + H]+	(4R)-4-[[(2S)-2-acetamido-3-carboxypropanoyl]amino]-5-[[(2S,3S)-3-methyl-1-[[(2S)-3-methyl-1-[(2S,4R)-2-[[2-methylpropyl-[[(1S)-1-phenylethyl]carbamoyl]amino]carbamoyl]-4-phenylmethoxypyrrolidin-1-yl]-1-oxobutan-2-yl]amino]-1-oxopentan-2-yl]amino]-5-oxopentanoic acid	CCC(C)C(C(=O)NC(C(C)C)C(=O)N1CC(CC1C(=O)NN(CC(C)C)C(=O)NC(C)C2=CC=CC=C2)OCC3=CC=CC=C3)NC(=O)C(CCC(=O)O)NC(=O)C(CC(=O)O)NC(=O)C	0.059	Amino acids and Peptides	Cyclic peptides	Carboxylic acids and derivatives	7110.0	EB-MSV000090464-gnps_ms2	transferred	2.0	959.486	3.17	959.4874	3.148	1.459	-0.022	1.0	unique	assigned	1.0	7110.0	C51H62N10O9	False	True	True	True	False
1171	514.2869	2.26215	0.0001263012492963	0.0009500018079345	-2.9049412512236685	1.0	1.0	0.0	0.0	0.0006660006660006	0.0122630432108188	salamandrivorans	life_stage	liq_Zoospore	liq_Developed	up_in_liq_Developed	4.427454740914868	1171.0	C26H41N3O6	[M + Na]+	L-Leucine, N-[(phenylmethoxy)carbonyl]-L-leucyl-L-leucyl-	CC(C)CC(C(=O)NC(CC(C)C)C(=O)O)NC(=O)C(CC(C)C)NC(=O)OCC1=CC=CC=C1	0.396	Amino acids and Peptides	Cyclic peptides	Carboxylic acids and derivatives	4856.0	EB-MSV000090464-gnps_ms2	transferred	4.0	514.2865	2.26	514.2869	2.26215	0.778	0.002	0.9999	ms2_tie	assigned	1.0	4856.0	C26H41N3O6	False	True	True	True	False
691	557.2576	1.449267	0.0001947411119871	0.0014597523004258	-2.902123182618779	1.0	1.0	0.0	0.0	0.0006660006660006	0.0122630432108188	salamandrivorans	life_stage	liq_Zoospore	liq_Developed	up_in_liq_Developed	10.610712486622225	691.0	C21H38N6O10	[M + Na]+	basidioferrin	CC(=O)N(CCCC(C(=O)NC(CCCN(C(=O)C)O)C(=O)NC(CCCN(C(=O)C)O)C(=O)O)N)O	0.374	Amino acids and Peptides	Linear peptides	Carboxylic acids and derivatives	2553.0	EB-MSV000090464-gnps_ms2	transferred	3.0	557.2571	1.58	557.2576	1.449267	0.897	-0.131	0.8976	ms2_tie	assigned	1.0	2553.0	C21H38N6O10	False	True	True	True	False
22085	507.3104	3.753717	2.51487536368664e-05	2.8485155283930185e-06	2.893356036363212	1.0	0.5	0.5	50.0	0.0006660006660006	0.0122630432108188	salamandrivorans	life_stage	liq_Zoospore	liq_Developed	up_in_liq_Zoospore	3.59929716348664																											True	False	False	False
12295	445.2768	3.846	2.9057226027829703e-05	3.382840990588505e-06	2.8903670364955985	1.0	0.5	0.5	50.0	0.0006660006660006	0.0122630432108188	salamandrivorans	life_stage	liq_Zoospore	liq_Developed	up_in_liq_Zoospore	3.747477958649621																											True	False	False	False
16631	1124.6323	3.971	0.0019245343135289	0.0002613498621068	2.87750297042448	1.0	1.0	0.0	50.0	0.0006660006660006	0.0122630432108188	salamandrivorans	life_stage	liq_Zoospore	liq_Developed	up_in_liq_Zoospore	2.52769127956658																											True	False	False	False
8372	724.8792	3.665515	0.0001038988562317	1.3635980161989288e-05	2.874154093094192	1.0	0.5	0.5	50.0	0.0006660006660006	0.0122630432108188	salamandrivorans	life_stage	liq_Zoospore	liq_Developed	up_in_liq_Zoospore	5.954299997865599	8372.0	C21H29Br4FN2O5	[M + H]+	2,8-Dibutyl-6a,12a-bis(dibromomethyl)-3,4,5,6a,9,10,11,12a-octahydro-6,12-dioxa-3a,9a-diazadicyclopenta[a,f]cyclodecene-3,9-dione	CCCCC1=CC2(N(C1=O)CCOC3(C=C(C(=O)N3CCO2)CCCC)C(Br)Br)C(Br)Br	0.01	Amino acids and Peptides	Dipeptides	Carboxylic acids and derivatives	8372.0	native-full-e9838293-bagel	native	1.0								native	native	1.0	8372.0	C21H29Br4FN2O5	False	True	False	False	False
13778	1126.6243	3.690444	5.46087563448149e-05	6.965421716337229e-06	2.864174647873494	1.0	0.5	0.5	50.0	0.0006660006660006	0.0122630432108188	salamandrivorans	life_stage	liq_Zoospore	liq_Developed	up_in_liq_Zoospore	5.455545602584552																											True	False	False	False
1268	683.3371	1.564	0.000103795213249	0.0007544357876356	-2.8542554009326	1.0	1.0	0.0	0.0	0.0006660006660006	0.0122630432108188	salamandrivorans	life_stage	liq_Zoospore	liq_Developed	up_in_liq_Developed	4.004358328176197	1268.0	C34H46N6O9	[M + H]+	12-benzyl-3,15-bis(1-hydroxyethyl)-6-[(4-hydroxyphenyl)methyl]-9-(2-methylpropyl)-1,4,7,10,13,16-hexaazacyclooctadecane-2,5,8,11,14,17-hexone	CC(C)CC1C(=O)NC(C(=O)NC(C(=O)NCC(=O)NC(C(=O)NC(C(=O)N1)CC2=CC=CC=C2)C(C)O)C(C)O)CC3=CC=C(C=C3)O	0.918	Amino acids and Peptides	Cyclic peptides	Carboxylic acids and derivatives	2486.0	EB-MSV000090464-gnps_ms2	transferred	2.0	683.3369	1.56	683.3371	1.564	0.293	0.004	1.0	unique	assigned	1.0	2486.0	C34H46N6O9	False	True	True	True	False
32776	402.3208	6.547833	0.0	3.8108442936774185e-06	-2.837928480482541	0.4	1.0	-0.6	0.0	0.0006660006660006	0.0122630432108188	salamandrivorans	life_stage	liq_Zoospore	liq_Developed	up_in_liq_Developed	-3.5290653040772755																											False	False	False	False
32647	653.4047	4.514085	3.711423950140012e-06	0.0	2.805185673485729	1.0	0.1	0.9	50.0	0.0003330003330003	0.0122630432108188	salamandrivorans	life_stage	liq_Zoospore	liq_Developed	up_in_liq_Zoospore	0.0																											False	False	False	False
1860	1106.5526	3.583	0.0003535897655018	5.062389916834521e-05	2.7891600905530702	1.0	0.8	0.1999999999999999	50.0	0.0006660006660006	0.0122630432108188	salamandrivorans	life_stage	liq_Zoospore	liq_Developed	up_in_liq_Zoospore	1.959384463697872																											True	False	False	False
7274	1147.6232	3.924489	9.965377398758376e-05	1.4008539981809331e-05	2.777115540425765	1.0	0.5	0.5	50.0	0.0006660006660006	0.0122630432108188	salamandrivorans	life_stage	liq_Zoospore	liq_Developed	up_in_liq_Zoospore	6.007029682477102																											True	False	False	False
30554	867.5478	4.166383	8.100468206147266e-06	5.897329560113017e-05	-2.772720995512985	1.0	1.0	0.0	0.0	0.0006660006660006	0.0122630432108188	salamandrivorans	life_stage	liq_Zoospore	liq_Developed	up_in_liq_Developed	6.336289381460684																											True	True	True	False
7851	1150.6567	3.051094	9.962541177384408e-05	1.409722212983765e-05	2.7679876121867864	1.0	0.5	0.5	50.0	0.0006660006660006	0.0122630432108188	salamandrivorans	life_stage	liq_Zoospore	liq_Developed	up_in_liq_Zoospore	6.717303610890387																											True	False	False	False
23631	1324.7545	4.351185	1.4962181731517848e-05	1.6875623475894988e-06	2.7556384955699293	1.0	0.5	0.5	50.0	0.0006660006660006	0.0122630432108188	salamandrivorans	life_stage	liq_Zoospore	liq_Developed	up_in_liq_Zoospore	3.4228029756471035																											True	False	False	False
24006	777.4423	4.766154	1.962653542819265e-05	2.386507705395868e-06	2.75165471582372	1.0	0.5	0.5	50.0	0.0006660006660006	0.0122630432108188	salamandrivorans	life_stage	liq_Zoospore	liq_Developed	up_in_liq_Zoospore	3.5768296080216007																											True	False	False	False
13391	1029.5781	3.620629	4.560175441797138e-05	6.251884956829915e-06	2.749855563853622	1.0	0.5	0.5	50.0	0.0006660006660006	0.0122630432108188	salamandrivorans	life_stage	liq_Zoospore	liq_Developed	up_in_liq_Zoospore	5.106738690718268																											True	False	False	False
8394	1225.6938	3.977168	7.899448405857393e-05	1.1243916681482084e-05	2.7464860600074075	1.0	0.9	0.0999999999999999	50.0	0.0006660006660006	0.0122630432108188	salamandrivorans	life_stage	liq_Zoospore	liq_Developed	up_in_liq_Zoospore	5.389848475763113																											True	False	False	False
24445	899.0098	4.369836	2.0972750913875712e-05	2.633620639824179e-06	2.730558338887868	1.0	0.6	0.4	50.0	0.0006660006660006	0.0122630432108188	salamandrivorans	life_stage	liq_Zoospore	liq_Developed	up_in_liq_Zoospore	4.182169282167163																											True	False	False	False
21332	1150.652	4.596818	1.9143193566143992e-05	2.3624871728794543e-06	2.7283692039233465	1.0	0.5	0.5	50.0	0.0006660006660006	0.0122630432108188	salamandrivorans	life_stage	liq_Zoospore	liq_Developed	up_in_liq_Zoospore	3.506332361236693																											True	False	False	False
5809	668.3482	1.761	2.6774552226979183e-05	0.000180327636199	-2.723626669325844	1.0	1.0	0.0	0.0	0.0006660006660006	0.0122630432108188	salamandrivorans	life_stage	liq_Zoospore	liq_Developed	up_in_liq_Developed	7.653551417705524																											True	True	True	False
31984	1201.6714	4.591177	1.158199957099774e-05	1.2288245807892763e-06	2.722664556656876	1.0	0.5	0.5	50.0	0.0006660006660006	0.0122630432108188	salamandrivorans	life_stage	liq_Zoospore	liq_Developed	up_in_liq_Zoospore	3.114653158681525																											True	False	False	False
1424	978.4833	2.681	0.0001138627066398	0.0007537304198808	-2.720108838945518	1.0	1.0	0.0	0.0	0.0006660006660006	0.0122630432108188	salamandrivorans	life_stage	liq_Zoospore	liq_Developed	up_in_liq_Developed	9.610570865901046	1424.0	C39H63N17O13	[M + H]+	H-Ser-Met-Pro-Glu-Leu-Ser-Pro-Val-Leu-al	CC(C)CC(C=O)NC(=O)C(C(C)C)NC(=O)C1CCCN1C(=O)C(CO)NC(=O)C(CC(C)C)NC(=O)C(CCC(=O)O)NC(=O)C2CCCN2C(=O)C(CCSC)NC(=O)C(CO)N	0.282	Amino acids and Peptides	Cyclic peptides	Carboxylic acids and derivatives	6479.0	EB-MSV000090464-gnps_ms2	transferred	3.0	978.4834	2.87	978.4833	2.681	-0.102	-0.189	0.9764	ms2_tie	assigned	1.0	6479.0	C39H63N17O13	False	True	True	True	False
18864	1095.6063	4.344072	3.0333692043871108e-05	4.106625944797702e-06	2.711317645548796	1.0	0.7	0.3	50.0	0.0006660006660006	0.0122630432108188	salamandrivorans	life_stage	liq_Zoospore	liq_Developed	up_in_liq_Zoospore	4.356195243698518																											True	False	False	False
26040	849.9671	4.158	1.2502221614929033e-05	1.3861559478160666e-06	2.709715393308654	1.0	0.5	0.5	50.0	0.0006660006660006	0.0122630432108188	salamandrivorans	life_stage	liq_Zoospore	liq_Developed	up_in_liq_Zoospore	3.0848074045917686																											True	False	False	False
4428	371.2092	0.593	1.894476498080045e-05	0.0001268888421041	-2.704289030375455	0.8	1.0	-0.1999999999999999	0.0	0.0006660006660006	0.0122630432108188	salamandrivorans	life_stage	liq_Zoospore	liq_Developed	up_in_liq_Developed	7.483119831593871																											True	True	True	False
6062	428.7525	3.666714	1.223049560639256e-05	8.283895471667068e-05	-2.699275443974707	0.8	1.0	-0.1999999999999999	0.0	0.0006660006660006	0.0122630432108188	salamandrivorans	life_stage	liq_Zoospore	liq_Developed	up_in_liq_Developed	6.724411615131645																											True	True	True	False
25812	1380.7192	4.076528	1.8015477892417665e-05	2.2543947765555927e-06	2.696867368440481	1.0	0.5	0.5	50.0	0.0006660006660006	0.0122630432108188	salamandrivorans	life_stage	liq_Zoospore	liq_Developed	up_in_liq_Zoospore	4.094134573586534																											True	False	False	False
22167	1322.7292	4.08338	4.037914473040452e-05	5.744678956672911e-06	2.687499874657724	1.0	0.5	0.5	50.0	0.0006660006660006	0.0122630432108188	salamandrivorans	life_stage	liq_Zoospore	liq_Developed	up_in_liq_Zoospore	4.876395897748114																											True	False	False	False
5068	366.5348	1.643	1.3551520946960626e-05	9.034864627159768e-05	-2.682404273371496	0.6	1.0	-0.4	0.0	0.0006660006660006	0.0122630432108188	salamandrivorans	life_stage	liq_Zoospore	liq_Developed	up_in_liq_Developed	6.460859114454899																											True	True	True	False
7024	701.3313	0.841072	7.990284910143572e-05	1.2055546899140008e-05	2.6673831330857256	1.0	0.5	0.5	50.0	0.0006660006660006	0.0122630432108188	salamandrivorans	life_stage	liq_Zoospore	liq_Developed	up_in_liq_Zoospore	5.930164591541148	7024.0	C35H46N6O8	[M + Na]+	IAbeta5p	CC(C)CC(C(=O)N1CCCC1C(=O)NC(CC2=CC=CC=C2)C(=O)NC(CC3=CC=CC=C3)C(=O)NC(CC(=O)O)C(=O)N)NC(=O)C	0.806	Amino acids and Peptides	Cyclic peptides	Carboxylic acids and derivatives	7024.0	native-full-e9838293-bagel	native	1.0								native	native	1.0	7024.0	C35H46N6O8	False	True	False	False	False
33847	890.5204	7.158685	3.2927800052641297e-06	0.0	2.6585260539405424	1.0	0.1	0.9	50.0	0.0003330003330003	0.0122630432108188	salamandrivorans	life_stage	liq_Zoospore	liq_Developed	up_in_liq_Zoospore	0.0																											False	False	False	False
17980	1095.6226	4.328102	3.301879978560342e-05	4.768526983405482e-06	2.642240536496022	1.0	0.6	0.4	50.0	0.0006660006660006	0.0122630432108188	salamandrivorans	life_stage	liq_Zoospore	liq_Developed	up_in_liq_Zoospore	4.356195243698518																											True	False	False	False
33416	1096.6096	4.396823	9.153803587542497e-06	9.494320487084488e-07	2.638942367918239	1.0	0.5	0.5	50.0	0.0006660006660006	0.0122630432108188	salamandrivorans	life_stage	liq_Zoospore	liq_Developed	up_in_liq_Zoospore	3.2774270056493293																											True	False	False	False
28118	1124.6345	4.317124	6.150533839613283e-05	9.356964046690393e-06	2.6385506768629408	1.0	0.7	0.3	50.0	0.0006660006660006	0.0122630432108188	salamandrivorans	life_stage	liq_Zoospore	liq_Developed	up_in_liq_Zoospore	5.319849254654028	28118.0	C61H91N5O12	[M + K]+	3-[3-benzyl-6,21-bis(butan-2-yl)-9-(2-carboxyethyl)-10,25,28-trimethyl-2,5,8,11,14,20,23,26,29,32-decaoxo-12,27-bis(propan-2-yl)-7-oxa-1,4,10,13,19,22,25,28,31-nonaazatricyclo[31.3.0.0¹⁵,¹⁹]hexatriacontan-24-yl]propanoic acid	CCC(C)C1C(=O)N2CCCC2C(=O)NC(C(=O)N(C(C(=O)OC(C(=O)NC(C(=O)N3CCCC3C(=O)NCC(=O)N(C(C(=O)N(C(C(=O)N1)CCC(=O)O)C)C(C)C)C)CC4=CC=CC=C4)C(C)CC)CCC(=O)O)C)C(C)C	0.251	Amino acids and Peptides	Lipopeptides	Carboxylic acids and derivatives	28118.0	native-EB97X;native-full-e9838293-bagel	native	1.0								native	native	1.0	28118.0	C61H91N5O12	False	True	False	False	False
10967	775.3991	2.682	6.734302609432437e-05	1.031076089241728e-05	2.6363942670793588	1.0	0.5	0.5	50.0	0.0006660006660006	0.0122630432108188	salamandrivorans	life_stage	liq_Zoospore	liq_Developed	up_in_liq_Zoospore	5.676583223318283																											True	False	False	False
15333	743.8716	3.963	3.456251923231587e-05	5.05591012575404e-06	2.6320082924156023	1.0	0.7	0.3	50.0	0.0006660006660006	0.0122630432108188	salamandrivorans	life_stage	liq_Zoospore	liq_Developed	up_in_liq_Zoospore	4.186965268699987																											True	False	False	False
5281	747.3392	1.929	3.46806344792843e-05	0.0002180027227827	-2.630689097327872	0.6	1.0	-0.4	0.0	0.0006660006660006	0.0122630432108188	salamandrivorans	life_stage	liq_Zoospore	liq_Developed	up_in_liq_Developed	8.358661551127977																											True	True	True	False
4268	573.291	0.57825	3.5386093951849504e-05	0.0002194357293632	-2.611567428624667	0.8	1.0	-0.1999999999999999	0.0	0.0006660006660006	0.0122630432108188	salamandrivorans	life_stage	liq_Zoospore	liq_Developed	up_in_liq_Developed	7.676016479182693																											True	True	True	False
2617	1085.6127	3.741321	5.754283458272475e-05	0.0003538356873328	-2.607442907370055	1.0	1.0	0.0	0.0	0.0006660006660006	0.0122630432108188	salamandrivorans	life_stage	liq_Zoospore	liq_Developed	up_in_liq_Developed	8.889097634808069	2617.0	C51H80N12O14	[M + H]+	Mycosubtilin D	CCC(C)CCCCCCCCCCC1CC(=O)NC(C(=O)NC(C(=O)NC(C(=O)NC(C(=O)N2CCCC2C(=O)NC(C(=O)NC(C(=O)N1)CC(=O)N)CO)CCC(=O)N)CC(=O)N)CC3=CC=C(C=C3)O)CC(=O)N	0.044	Amino acids and Peptides	RiPPs	Carboxylic acids and derivatives	2617.0	native-full-e9838293-bagel	native	1.0								native	native	1.0	2617.0	C51H80N12O14	False	True	True	True	False
4033	863.5027	2.886859	1.4251196493599443e-05	8.974712593959569e-05	-2.603305124401828	1.0	1.0	0.0	0.0	0.0006660006660006	0.0122630432108188	salamandrivorans	life_stage	liq_Zoospore	liq_Developed	up_in_liq_Developed	6.152945407572133	4033.0	C40H66N10O11	[M + H]+	H-Leu-Leu-Asp-Val-Val-His-Pro-Ala-OH	CC(C)CC(C(=O)NC(CC(C)C)C(=O)NC(CC(=O)O)C(=O)NC(C(C)C)C(=O)NC(C(C)C)C(=O)NC(CC1=CN=CN1)C(=O)N2CCCC2C(=O)NC(C)C(=O)O)N	0.581	Amino acids and Peptides	Cyclic peptides	Carboxylic acids and derivatives	4033.0	native-full-e9838293-bagel	native	1.0								native	native	1.0	4033.0	C40H66N10O11	False	True	True	True	False
11492	654.8417	3.680641	7.382171449017104e-06	4.793828527365823e-05	-2.601305704600256	0.8	1.0	-0.1999999999999999	0.0	0.0006660006660006	0.0122630432108188	salamandrivorans	life_stage	liq_Zoospore	liq_Developed	up_in_liq_Developed	5.927811930698503																											True	True	True	False
22731	1136.6409	4.49639	1.77452977920588e-05	2.4128881741999814e-06	2.598354362673724	1.0	0.5	0.5	50.0	0.0006660006660006	0.0122630432108188	salamandrivorans	life_stage	liq_Zoospore	liq_Developed	up_in_liq_Zoospore	3.5078279010188687																											True	False	False	False
17574	1063.054	4.39075	3.368286409382531e-05	5.078016992959744e-06	2.5898696625162074	1.0	0.8	0.1999999999999999	50.0	0.0006660006660006	0.0122630432108188	salamandrivorans	life_stage	liq_Zoospore	liq_Developed	up_in_liq_Zoospore	3.981442212450855																											True	False	False	False
35200	1123.568	4.622332	1.079804494922382e-05	1.2771077882869872e-06	2.589659711752192	1.0	0.5	0.5	50.0	0.0006660006660006	0.0122630432108188	salamandrivorans	life_stage	liq_Zoospore	liq_Developed	up_in_liq_Zoospore	3.026544310184022																											True	False	False	False
4706	989.4877	3.073479	3.925158390232317e-05	0.0002390931103883	-2.587886343455389	1.0	1.0	0.0	0.0	0.0006660006660006	0.0122630432108188	salamandrivorans	life_stage	liq_Zoospore	liq_Developed	up_in_liq_Developed	8.454910479430518																											True	True	True	False
7499	902.4651	3.338	0.0001197019752418	0.0007161955774055	-2.57470525731451	1.0	1.0	0.0	0.0	0.0006660006660006	0.0122630432108188	salamandrivorans	life_stage	liq_Zoospore	liq_Developed	up_in_liq_Developed	4.264573908536293																											True	True	True	False
7016	1107.5613	3.533	9.747034005044706e-05	1.5875749361354567e-05	2.5720417139100493	1.0	0.6	0.4	50.0	0.0006660006660006	0.0122630432108188	salamandrivorans	life_stage	liq_Zoospore	liq_Developed	up_in_liq_Zoospore	6.593702841833003																											True	False	False	False
275	654.3793	2.587758	0.0005275651246646	0.0031369533842341	-2.5705344055273	1.0	1.0	0.0	0.0	0.0006660006660006	0.0122630432108188	salamandrivorans	life_stage	liq_Zoospore	liq_Developed	up_in_liq_Developed	3.8138926903077466	275.0	C35H51N5O7	[M + H]+	tert-butyl N-[(2S)-1-[(2S)-2-[[4-[[2-(benzylamino)-2-oxoethyl]amino]-1-cyclopropyl-3,4-dioxobutan-2-yl]carbamoyl]-6,6-dimethyl-3-azabicyclo[3.1.0]hexan-3-yl]-3,3-dimethyl-1-oxobutan-2-yl]carbamate	CC1(C2C1C(N(C2)C(=O)C(C(C)(C)C)NC(=O)OC(C)(C)C)C(=O)NC(CC3CC3)C(=O)C(=O)NCC(=O)NCC4=CC=CC=C4)C	0.086	Amino acids and Peptides	Depsipeptides	Carboxylic acids and derivatives	5830.0	EB-MSV000090464-gnps_ms2	transferred	4.0	654.382	2.59	654.3793	2.587758	-4.126	-0.002	1.0	ms2_tie	assigned	1.0	5830.0	C35H51N5O7	False	True	True	True	False
12816	823.3862	2.808	6.235363137388684e-05	1.002352928631482e-05	2.564809901738903	1.0	0.5	0.5	50.0	0.0006660006660006	0.0122630432108188	salamandrivorans	life_stage	liq_Zoospore	liq_Developed	up_in_liq_Zoospore	5.722745243334426																											True	False	False	False
14576	1115.5944	4.56913	5.3957021245414735e-05	8.656406917620115e-06	2.556699942336302	1.0	0.8	0.1999999999999999	50.0	0.0006660006660006	0.0122630432108188	salamandrivorans	life_stage	liq_Zoospore	liq_Developed	up_in_liq_Zoospore	4.707138528202487																											True	False	False	False
9620	685.3495	1.434	1.971055529261321e-05	0.0001175425045417	-2.539070946203466	0.8	1.0	-0.1999999999999999	0.0	0.0006660006660006	0.0122630432108188	salamandrivorans	life_stage	liq_Zoospore	liq_Developed	up_in_liq_Developed	7.313016514055329																											True	True	True	False
19634	1116.1017	4.642005	2.5738259766784387e-05	3.959367770605032e-06	2.525124114109876	1.0	0.6	0.4	50.0	0.0006660006660006	0.0122630432108188	salamandrivorans	life_stage	liq_Zoospore	liq_Developed	up_in_liq_Zoospore	3.638855977233328																											True	False	False	False
15713	1087.6005	4.340846	3.06340784272222e-05	4.826922021284066e-06	2.5206063956065057	1.0	0.7	0.3	50.0	0.0006660006660006	0.0122630432108188	salamandrivorans	life_stage	liq_Zoospore	liq_Developed	up_in_liq_Zoospore	4.0744298605782																											True	False	False	False
33689	416.597	4.481931	2.9331463742588387e-06	0.0	2.519416371761356	1.0	0.2	0.8	50.0	0.0003330003330003	0.0122630432108188	salamandrivorans	life_stage	liq_Zoospore	liq_Developed	up_in_liq_Zoospore	0.0																											False	False	False	False
31507	1276.1923	4.441454	9.96849729232675e-06	1.2338143455124043e-06	2.51414950324276	1.0	0.5	0.5	50.0	0.0006660006660006	0.0122630432108188	salamandrivorans	life_stage	liq_Zoospore	liq_Developed	up_in_liq_Zoospore	3.056478721889462																											True	False	False	False
11263	482.3495	6.725749	2.893683008641267e-06	0.0	2.5033017267136075	1.0	0.0	1.0	50.0	0.0003330003330003	0.0122630432108188	salamandrivorans	life_stage	liq_Zoospore	liq_Developed	up_in_liq_Zoospore	-7.987454414255229	11263.0	C27H47NO6	[M + H]+	(2R,3R,4R,5R,6S)-2-[[(3S,8R,9S,10S,13R,14S,17S)-14-amino-17-[(1S)-1-hydroxyethyl]-10,13-dimethyl-1,2,3,4,5,6,7,8,9,11,12,15,16,17-tetradecahydrocyclopenta[a]phenanthren-3-yl]oxy]-6-methyloxane-3,4,5-triol	CC1C(C(C(C(O1)OC2CCC3(C(C2)CCC4C3CCC5(C4(CCC5C(C)O)N)C)C)O)O)O	0.08	Polyketides	Open-chain polyketides	Fatty Acyls	11263.0	native-full-e9838293-bagel	native	1.0								native	native	1.0	11263.0	C27H47NO6	False	False	True	False	True
4103	765.3809	0.984209	0.0001513121933247	2.617805088925444e-05	2.5032428366168507	1.0	0.6	0.4	50.0	0.0006660006660006	0.0122630432108188	salamandrivorans	life_stage	liq_Zoospore	liq_Developed	up_in_liq_Zoospore	6.220604518797704	4103.0	C41H48N8O7	[M + H]+	2-[3-benzyl-18-(butan-2-yl)-9-(hydroxymethyl)-15-methyl-12-(2-methylpropyl)-1,4,7,10,13,16,19-heptaoxo-docosahydro-1H-pyrrolo[1,2-a]1,4,7,10,13,16,19-heptaazacyclohenicosan-6-yl]acetamide	CCC(C)C1C(=O)N2CCCC2C(=O)NC(C(=O)NC(C(=O)NC(C(=O)NC(C(=O)NC(C(=O)N1)C)CC(C)C)CO)CC(=O)N)CC3=CC=CC=C3	0.328	Amino acids and Peptides	Cyclic peptides	Carboxylic acids and derivatives	1350.0	EB-MSV000090464-gnps_ms2	transferred	1.0	765.3812	0.97	765.3809	0.984209	-0.392	0.014	0.9722	unique	assigned	1.0	1350.0	C41H48N8O7	False	True	False	False	False
16087	842.9747	4.65632	4.154356126271644e-05	6.831211096788463e-06	2.5005045859997583	1.0	0.6	0.4	50.0	0.0006660006660006	0.0122630432108188	salamandrivorans	life_stage	liq_Zoospore	liq_Developed	up_in_liq_Zoospore	4.38738033196228	16087.0	C35H25BrCl2N4O8S2	[M + H]+		C1CNC(=O)C(=NO)CC2=CC(=CC=C2)OC3=C(C=C(CC(=NO)C(=O)NCCC4=CC(=C(C=C4)OC5=C(C=CC1=C5)O)Br)C=C3Br)Br		Amino acids and Peptides	Depsipeptides	Carboxylic acids and derivatives	16087.0	native-full-e9838293-bagel	native	1.0								native	native	1.0	16087.0	C35H25BrCl2N4O8S2	False	True	False	False	False
16866	1287.6969	4.182	3.095838357350775e-05	4.989678832022867e-06	2.493019820960469	1.0	0.8	0.1999999999999999	50.0	0.0006660006660006	0.0122630432108188	salamandrivorans	life_stage	liq_Zoospore	liq_Developed	up_in_liq_Zoospore	3.77109794222666																											True	False	False	False
7736	1020.4732	1.532733	2.351972936515473e-05	0.0001343197698249	-2.482851038608536	0.8	1.0	-0.1999999999999999	0.0	0.0006660006660006	0.0122630432108188	salamandrivorans	life_stage	liq_Zoospore	liq_Developed	up_in_liq_Developed	7.529434139262229																											True	True	True	False
1775	667.3416	1.77	9.96541097799563e-05	0.0005585339436221	-2.4793004272928147	1.0	1.0	0.0	0.0	0.0006660006660006	0.0122630432108188	salamandrivorans	life_stage	liq_Zoospore	liq_Developed	up_in_liq_Developed	3.088510566991528	1775.0	C29H46N8O10	[M + H]+	Desferrioxamine X4	C1CCCN(C(=O)CCC(=O)NCCCCCCN(C(=O)CCC(=O)NCCCCCN(C(=O)CCC(=O)NCC1)O)O)O	0.289	Amino acids and Peptides	Cyclic peptides	Carboxylic acids and derivatives	3232.0	EB-MSV000090464-gnps_ms2	transferred	1.0	667.3422	1.77	667.3416	1.77	-0.899	0.0	0.9999	unique	assigned	1.0	3232.0	C29H46N8O10	False	True	True	True	False
26335	1202.6606	4.550913	1.1232774117623644e-05	1.5084452350449757e-06	2.4775437268156573	1.0	0.5	0.5	50.0	0.0006660006660006	0.0122630432108188	salamandrivorans	life_stage	liq_Zoospore	liq_Developed	up_in_liq_Zoospore	3.779082169348092																											True	False	False	False
12985	1056.0724	4.447529	3.954016737145773e-05	6.6194730859912805e-06	2.4718647379792134	1.0	0.6	0.4	50.0	0.0006660006660006	0.0122630432108188	salamandrivorans	life_stage	liq_Zoospore	liq_Developed	up_in_liq_Zoospore	4.827389855065548																											True	False	False	False
26292	549.3202	4.527015	1.986608349508906e-06	1.3789470369062017e-05	-2.4669271548507674	0.6	1.0	-0.4	0.0	0.0006660006660006	0.0122630432108188	salamandrivorans	life_stage	liq_Zoospore	liq_Developed	up_in_liq_Developed	4.184470633096342																											True	True	True	False
2939	1096.6029	3.571	0.0002012093475943	3.602734023172899e-05	2.461366624792208	1.0	0.6	0.4	50.0	0.0006660006660006	0.0122630432108188	salamandrivorans	life_stage	liq_Zoospore	liq_Developed	up_in_liq_Zoospore	7.052039740114752																											True	False	False	False
2567	1221.693	3.995	0.0003024972537012	5.469602555544377e-05	2.454113882418106	1.0	0.6	0.4	50.0	0.0006660006660006	0.0122630432108188	salamandrivorans	life_stage	liq_Zoospore	liq_Developed	up_in_liq_Zoospore	2.934823560388396	2567.0	C58H96N10O18	[M + H]+	N''-{[35'-cyclohexyl-3',26',32',33'-tetrahydroxy-5''-(2-hydroxyethyl)-39'-(hydroxymethyl)-20'-(1H-imidazol-1-yl)-18',18'-dimethyl-31'-[(methylamino)methyl]-29'-oxodispiro[cyclopentane-1,12'-[22,23]dithianonacyclo[23.14.1.1²,⁶.0⁴,¹⁷.0⁵,¹⁰.0¹¹,¹⁶.0²⁶,³⁹.0²⁷,³⁶.0³⁰,³⁵]hentetracontane-24',1''-cyclopentane]-5'(10'),16',27'-trien-37'-yl]methyl}-N-(1-hydroxyethyl)guanidine	CC(NC(=NCC1CC2(C3CC(C2(C4=CC(=O)C5C(C(C(CC5(C14)C6CCCCC6)O)O)CNC)O)C7(CCCC7CCO)SSCC(CC(C8=C9CCCC1(C9C2=C4C8C(C3CC4CCC2)O)CCCC1)(C)C)N1C=CN=C1)CO)N)O		Amino acids and Peptides	Cyclic peptides	Carboxylic acids and derivatives	2567.0	native-full-e9838293-bagel	native	1.0								native	native	1.0	2567.0	C58H96N10O18	False	True	False	False	False
6210	668.4011	2.473828	2.1341396168457765e-05	0.0001175887573545	-2.428313594378631	0.6	1.0	-0.4	0.0	0.0006660006660006	0.0122630432108188	salamandrivorans	life_stage	liq_Zoospore	liq_Developed	up_in_liq_Developed	2.3281761882313754																											True	True	True	False
7802	547.8022	2.362	2.755907820688924e-05	0.0001508536070963	-2.426384415115322	0.6	1.0	-0.4	0.0	0.0006660006660006	0.0122630432108188	salamandrivorans	life_stage	liq_Zoospore	liq_Developed	up_in_liq_Developed	7.250926316992009																											True	True	True	False
24448	1022.5454	4.616031	1.4279388223254642e-05	2.1750869484372742e-06	2.4144319283100817	1.0	0.6	0.4	50.0	0.0006660006660006	0.0122630432108188	salamandrivorans	life_stage	liq_Zoospore	liq_Developed	up_in_liq_Zoospore	2.645737125884935																											True	False	False	False
20226	1127.619	3.677945	3.324760654269487e-05	5.73472585782541e-06	2.414067528661268	1.0	0.5	0.5	50.0	0.0006660006660006	0.0122630432108188	salamandrivorans	life_stage	liq_Zoospore	liq_Developed	up_in_liq_Zoospore	4.593122103961524																											True	False	False	False
28854	1426.7554	4.457541	1.4888809417725337e-05	2.2913295597187e-06	2.41347600690682	1.0	0.5	0.5	50.0	0.0006660006660006	0.0122630432108188	salamandrivorans	life_stage	liq_Zoospore	liq_Developed	up_in_liq_Zoospore	3.508988006932312																											True	False	False	False
3018	810.3608	1.658	5.161999876338797e-05	0.0002774256892618	-2.412102898548633	1.0	1.0	0.0	0.0	0.0006660006660006	0.0122630432108188	salamandrivorans	life_stage	liq_Zoospore	liq_Developed	up_in_liq_Developed	8.07514513036415	3018.0	C41H47N9O9	[M + H]+	2-[[(2S)-1-[(2S)-1-[2-[[(2S)-1-[(2S)-1-[2-[[(2S)-1-[(2S)-pyrrolidine-2-carbonyl]pyrrolidine-2-carbonyl]amino]acetyl]pyrrolidine-2-carbonyl]pyrrolidine-2-carbonyl]amino]acetyl]pyrrolidine-2-carbonyl]pyrrolidine-2-carbonyl]amino]acetic acid	C1CC(NC1)C(=O)N2CCCC2C(=O)NCC(=O)N3CCCC3C(=O)N4CCCC4C(=O)NCC(=O)N5CCCC5C(=O)N6CCCC6C(=O)NCC(=O)O	0.374	Amino acids and Peptides	Linear peptides	Carboxylic acids and derivatives	2806.0	EB-MSV000090464-gnps_ms2	transferred	1.0	810.3593	1.65	810.3608	1.658	1.851	0.008	1.0	unique	assigned	1.0	2806.0	C41H47N9O9	False	True	True	True	False
1549	484.365	6.90449	2.6540986198170174e-06	0.0	2.4014051510969936	1.0	0.0	1.0	50.0	0.0003330003330003	0.0122630432108188	salamandrivorans	life_stage	liq_Zoospore	liq_Developed	up_in_liq_Zoospore	-10.864245411035435	1549.0	C27H49NO6	[M + H]+	1-O-(4-methoxy-3,3,7,7-tetramethylcyclooctyl) 4-O-(1-methoxy-2,2,6,6-tetramethylpiperidin-4-yl) butanedioate	CC1(CCC(C(CC(C1)OC(=O)CCC(=O)OC2CC(N(C(C2)(C)C)OC)(C)C)(C)C)OC)C	0.05	Polyketides	Open-chain polyketides	Carboxylic acids and derivatives	9060.0	EB-MSV000090464-gnps_ms2	transferred	3.0	484.3646	6.9	484.365	6.90449	0.826	0.004	1.0	ms2_tie	assigned	1.0	9060.0	C27H49NO6	False	False	True	False	True
25461	822.4551	4.708982	1.2882112258185998e-05	1.939002713755179e-06	2.399688342075213	1.0	0.7	0.3	50.0	0.0006660006660006	0.0122630432108188	salamandrivorans	life_stage	liq_Zoospore	liq_Developed	up_in_liq_Zoospore	2.9355624044349877																											True	False	False	False
8210	756.4527	3.654141	2.0270106569219785e-05	0.000109502662108	-2.3982388368834275	1.0	1.0	0.0	0.0	0.0006660006660006	0.0122630432108188	salamandrivorans	life_stage	liq_Zoospore	liq_Developed	up_in_liq_Developed	7.266749247433176																											True	True	True	False
3298	263.1407	1.6125	0.0001749203402788	0.0009212973183978	-2.392837043378377	1.0	1.0	0.0	0.0	0.0006660006660006	0.0122630432108188	salamandrivorans	life_stage	liq_Zoospore	liq_Developed	up_in_liq_Developed	-2.1761053349577693	3298.0	C11H19FN2O4	[M + H]+		CC(C)CC(C(=O)NC(CCSC)C(=O)O)N	0.444	Amino acids and Peptides	Dipeptides	Carboxylic acids and derivatives	3298.0	native-full-e9838293-bagel	native	1.0								native	native	1.0	3298.0	C11H19FN2O4	False	False	True	False	False
27373	1325.1967	4.592899	1.1749487046453903e-05	1.74549000380045e-06	2.3867439813584186	1.0	0.5	0.5	50.0	0.0006660006660006	0.0122630432108188	salamandrivorans	life_stage	liq_Zoospore	liq_Developed	up_in_liq_Zoospore	2.8582401456841486																											True	False	False	False
29990	1026.0265	4.499315	7.389646350759046e-06	9.137488054832532e-07	2.384937329739883	1.0	0.5	0.5	50.0	0.0006660006660006	0.0122630432108188	salamandrivorans	life_stage	liq_Zoospore	liq_Developed	up_in_liq_Zoospore	2.6722744935574805																											True	False	False	False
20904	1151.6536	4.598475	1.9706637705649084e-05	3.298757158680779e-06	2.375005496794897	1.0	0.6	0.4	50.0	0.0006660006660006	0.0122630432108188	salamandrivorans	life_stage	liq_Zoospore	liq_Developed	up_in_liq_Zoospore	3.3334425823942437																											True	False	False	False
7828	1139.6077	3.394287	7.085409343232998e-05	1.3268508582241824e-05	2.3635574515829205	1.0	0.5	0.5	50.0	0.0006660006660006	0.0122630432108188	salamandrivorans	life_stage	liq_Zoospore	liq_Developed	up_in_liq_Zoospore	5.674886906322651																											True	False	False	False
23315	1097.6425	4.521423	3.892616972488051e-06	2.2597857169190235e-05	-2.363286982202604	0.6	1.0	-0.4	0.0	0.0006660006660006	0.0122630432108188	salamandrivorans	life_stage	liq_Zoospore	liq_Developed	up_in_liq_Developed	4.855713938061358																											True	True	True	False
19095	1467.7914	4.329468	3.460411095531451e-05	6.227466098816747e-06	2.362979416026556	1.0	0.6	0.4	50.0	0.0006660006660006	0.0122630432108188	salamandrivorans	life_stage	liq_Zoospore	liq_Developed	up_in_liq_Zoospore	3.7876167388443																											True	False	False	False
12164	761.3809	2.48	7.748520927473473e-05	1.4565450653489908e-05	2.362755312474627	1.0	0.5	0.5	50.0	0.0006660006660006	0.0122630432108188	salamandrivorans	life_stage	liq_Zoospore	liq_Developed	up_in_liq_Zoospore	5.913322142125651																											True	False	False	False
16947	557.2955	5.290184	9.159184684572658e-06	4.965014686516018e-05	-2.3619565865491827	1.0	1.0	0.0	0.0	0.0006660006660006	0.0122630432108188	salamandrivorans	life_stage	liq_Zoospore	liq_Developed	up_in_liq_Developed	6.043910460215391	16947.0	C29H40N4O7	[M + H]+	microginin 534	CCCCCCCC(C(C(=O)NC(C)C(=O)N1CCCC1C(=O)NC(CC2=CC=C(C=C2)O)C(=O)O)O)N	0.057	Amino acids and Peptides	Depsipeptides	Carboxylic acids and derivatives	16947.0	native-full-e9838293-bagel	native	1.0								native	native	1.0	16947.0	C29H40N4O7	False	True	True	True	False
6103	777.9338	3.974746	0.0001161324582662	2.222110379930592e-05	2.353766084837104	1.0	0.5	0.5	50.0	0.0006660006660006	0.0122630432108188	salamandrivorans	life_stage	liq_Zoospore	liq_Developed	up_in_liq_Zoospore	6.638466551486951																											True	False	False	False
3609	531.2795	1.6125	5.63542586145257e-05	0.0002862310918118	-2.331926821112546	1.0	1.0	0.0	0.0	0.0006660006660006	0.0122630432108188	salamandrivorans	life_stage	liq_Zoospore	liq_Developed	up_in_liq_Developed	1.7918566507279745																											True	True	True	False
8812	981.5219	2.199	2.521966196091709e-05	0.0001292343783617	-2.3292509038503098	0.6	1.0	-0.4	0.0	0.0006660006660006	0.0122630432108188	salamandrivorans	life_stage	liq_Zoospore	liq_Developed	up_in_liq_Developed	7.559750151326124																											True	True	True	False
2051	625.8342	2.152056	8.826766335972192e-05	0.0004440822220856	-2.322788962150364	1.0	1.0	0.0	0.0	0.0006660006660006	0.0122630432108188	salamandrivorans	life_stage	liq_Zoospore	liq_Developed	up_in_liq_Developed	9.067401668725934	2051.0	C16H21Br4N3O2	[M + Na]+							2051.0	native-full-e9838293-bagel	native	1.0								native	native	1.0	2051.0	C16H21Br4N3O2	False	True	True	True	False
34502	1025.5477	5.359	7.587778311469779e-06	1.0260729428458574e-06	2.3182039640748258	1.0	0.5	0.5	50.0	0.0006660006660006	0.0122630432108188	salamandrivorans	life_stage	liq_Zoospore	liq_Developed	up_in_liq_Zoospore	2.3141273017449464																											True	False	False	False
17673	1195.6719	4.391955	2.7850619379625424e-05	5.126958219942617e-06	2.3086721704400506	1.0	0.7	0.3	50.0	0.0006660006660006	0.0122630432108188	salamandrivorans	life_stage	liq_Zoospore	liq_Developed	up_in_liq_Zoospore	4.117539643511663																											True	False	False	False
19430	826.4647	3.949182	2.0002734805911067e-05	3.546868547705554e-06	2.30729497780582	1.0	0.5	0.5	50.0	0.0006660006660006	0.0122630432108188	salamandrivorans	life_stage	liq_Zoospore	liq_Developed	up_in_liq_Zoospore	3.787219183525936																											True	False	False	False
30435	941.027	4.552096	1.018973147594076e-05	1.5812125385998952e-06	2.296139451677978	1.0	0.5	0.5	50.0	0.0006660006660006	0.0122630432108188	salamandrivorans	life_stage	liq_Zoospore	liq_Developed	up_in_liq_Zoospore	3.0401308536912457																											True	False	False	False
8958	520.2625	2.762	1.7712655678890247e-05	8.921492234937642e-05	-2.292882089166252	0.8	1.0	-0.1999999999999999	0.0	0.0006660006660006	0.0122630432108188	salamandrivorans	life_stage	liq_Zoospore	liq_Developed	up_in_liq_Developed	6.712562172662191																											True	True	True	False
7717	973.4935	3.203802	2.309165490678308e-05	0.0001154548306009	-2.291403527544045	0.6	1.0	-0.4	0.0	0.0006660006660006	0.0122630432108188	salamandrivorans	life_stage	liq_Zoospore	liq_Developed	up_in_liq_Developed	7.226068432177896	7717.0	C50H68N8O12	[M + H]+	3-amino-3-({1-[(1-{[1-({1-[2-({4-carbamimidamido-1-[(1-carbamoyl-3-methylbutyl)carbamoyl]butyl}carbamoyl)pyrrolidin-1-yl]-3-hydroxy-1-oxopropan-2-yl}carbamoyl)-2-phenylethyl]carbamoyl}ethyl)carbamoyl]-2-phenylethyl}carbamoyl)propanoic acid	CC(C)CC(C(=O)N)NC(=O)C(CCCN=C(N)N)NC(=O)C1CCCN1C(=O)C(CO)NC(=O)C(CC2=CC=CC=C2)NC(=O)C(C)NC(=O)C(CC3=CC=CC=C3)NC(=O)C(CC(=O)O)N	0.398	Amino acids and Peptides	Cyclic peptides	Carboxylic acids and derivatives	7204.0	EB-MSV000090464-gnps_ms2	transferred	3.0	973.4956	3.22	973.4935	3.203802	-2.157	-0.016	0.9999	unique	assigned	1.0	7204.0	C50H68N8O12	False	True	True	True	False
8129	573.3196	1.179159	1.5709034027779582e-05	7.924551558167232e-05	-2.2901573803413817	1.0	1.0	0.0	0.0	0.0006660006660006	0.0122630432108188	salamandrivorans	life_stage	liq_Zoospore	liq_Developed	up_in_liq_Developed	6.1851038354243215																											True	True	True	False
9421	606.3079	1.5155	4.003314983359405e-05	7.693083501389907e-06	2.2899589051791285	1.0	0.5	0.5	50.0	0.0006660006660006	0.0122630432108188	salamandrivorans	life_stage	liq_Zoospore	liq_Developed	up_in_liq_Zoospore	5.2848958111861																											True	False	False	False
1811	542.8041	3.656677	8.055127545360529e-05	0.000395993789917	-2.288698502417282	1.0	1.0	0.0	0.0	0.0006660006660006	0.0122630432108188	salamandrivorans	life_stage	liq_Zoospore	liq_Developed	up_in_liq_Developed	4.780415684555658	1811.0	C10H15Br4FN4O	[M + H]+							1811.0	native-full-e9838293-bagel	native	1.0								native	native	1.0	1811.0	C10H15Br4FN4O	False	True	True	True	False
5163	703.3681	3.105837	0.0002407140713935	4.882008697862115e-05	2.287286384302332	1.0	1.0	0.0	50.0	0.0006660006660006	0.0122630432108188	salamandrivorans	life_stage	liq_Zoospore	liq_Developed	up_in_liq_Zoospore	7.318814134856955																											True	False	False	False
22573	1055.5713	4.527891	2.0268556439786896e-05	3.685029128033669e-06	2.2787091906734607	1.0	0.6	0.4	50.0	0.0006660006660006	0.0122630432108188	salamandrivorans	life_stage	liq_Zoospore	liq_Developed	up_in_liq_Zoospore	3.760024567385695																											True	False	False	False
35481	345.3165	6.419808	0.0	2.386828673936538e-06	-2.278536598096237	0.0	1.0	-1.0	0.0	0.0006660006660006	0.0122630432108188	salamandrivorans	life_stage	liq_Zoospore	liq_Developed	up_in_liq_Developed	-3.88846953027																											False	False	False	False
22242	1079.5989	4.38454	1.893214890006532e-05	3.431399146895151e-06	2.270931924684872	1.0	0.7	0.3	50.0	0.0006660006660006	0.0122630432108188	salamandrivorans	life_stage	liq_Zoospore	liq_Developed	up_in_liq_Zoospore	3.404999204434026																											True	False	False	False
26218	1325.7002	4.607686	9.651344371945912e-06	1.5099079814450855e-06	2.2699462668363424	1.0	0.5	0.5	50.0	0.0006660006660006	0.0122630432108188	salamandrivorans	life_stage	liq_Zoospore	liq_Developed	up_in_liq_Zoospore	2.9784748105660555																											True	False	False	False
23372	969.9953	4.302	1.115494453586682e-05	1.847935744135708e-06	2.254502093560964	1.0	0.7	0.3	50.0	0.0006660006660006	0.0122630432108188	salamandrivorans	life_stage	liq_Zoospore	liq_Developed	up_in_liq_Zoospore	3.202380911937836																											True	False	False	False
3180	979.4984	2.6815	6.276407166196914e-05	0.0003013317296573	-2.252131864551639	1.0	1.0	0.0	0.0	0.0006660006660006	0.0122630432108188	salamandrivorans	life_stage	liq_Zoospore	liq_Developed	up_in_liq_Developed	7.469875309504304																											True	True	True	False
13419	454.7515	3.116	3.241251026518737e-05	6.350009965817537e-06	2.2447100275449685	1.0	0.5	0.5	50.0	0.0006660006660006	0.0122630432108188	salamandrivorans	life_stage	liq_Zoospore	liq_Developed	up_in_liq_Zoospore	4.600486532913084																											True	False	False	False
2940	954.449	2.199	8.093856042596019e-05	0.000385643539016	-2.243682074540557	1.0	1.0	0.0	0.0	0.0006660006660006	0.0122630432108188	salamandrivorans	life_stage	liq_Zoospore	liq_Developed	up_in_liq_Developed	8.678745007333218	2940.0	C46H69N5O14	[M + K]+	H-Gly-Leu-Cys-Pro-Leu-Val-Ala-Met-Leu-OH	CC(C)CC(C(=O)NC(CS)C(=O)N1CCCC1C(=O)NC(CC(C)C)C(=O)NC(C(C)C)C(=O)NC(C)C(=O)NC(CCSC)C(=O)NC(CC(C)C)C(=O)O)NC(=O)CN	0.103	Amino acids and Peptides	Cyclic peptides	Carboxylic acids and derivatives	4715.0	EB-MSV000090464-gnps_ms2	transferred	2.0	954.4476	2.2	954.449	2.199	1.467	-0.001	1.0	unique	assigned	1.0	4715.0	C46H69N5O14	False	True	True	True	False
25293	780.4437	4.381206	1.1647425549731376e-05	1.9815509871522194e-06	2.2375385789306304	1.0	0.6	0.4	50.0	0.0006660006660006	0.0122630432108188	salamandrivorans	life_stage	liq_Zoospore	liq_Developed	up_in_liq_Zoospore	2.756907941936652																											True	False	False	False
1202	754.4542	3.657089	0.0002019512946973	0.0009540604286388	-2.23659005710887	1.0	1.0	0.0	0.0	0.0006660006660006	0.0122630432108188	salamandrivorans	life_stage	liq_Zoospore	liq_Developed	up_in_liq_Developed	5.277079102038868	1202.0	C44H59N5O6	[M + H]+	(S)-2-amino-3-methyl-N-((5S,8S,11S,14S,17S)-5,8,11,14-tetraisopropyl-18-methyl-4,7,10,13,16-pentaoxo-1-phenyl-3,6,9,12,15-pentaazanonadecan-17-yl)butanamide	CC(C)C(C(=O)NC(C(C)C)C(=O)NC(C(C)C)C(=O)NC(C(C)C)C(=O)NC(C(C)C)C(=O)NC(C(C)C)C(=O)NCCC1=CC=CC=C1)N	0.85	Amino acids and Peptides	Cyclic peptides	Carboxylic acids and derivatives	8099.0	EB-MSV000090464-gnps_ms2	transferred	1.0	754.4546	3.65	754.4542	3.657089	-0.53	0.007	1.0	unique	assigned	1.0	8099.0	C44H59N5O6	False	True	True	True	False
33967	749.4118	4.490567	7.740172444374327e-06	1.1634461152708115e-06	2.2290834695005066	1.0	0.5	0.5	50.0	0.0006660006660006	0.0122630432108188	salamandrivorans	life_stage	liq_Zoospore	liq_Developed	up_in_liq_Zoospore	2.4031274253147727																											True	False	False	False
2481	1347.6987	2.009	0.0003715051399948	7.900137969240851e-05	2.2245649705362034	1.0	0.7	0.3	50.0	0.0006660006660006	0.0122630432108188	salamandrivorans	life_stage	liq_Zoospore	liq_Developed	up_in_liq_Zoospore	7.958621699953544	2481.0	C84H94N6O10	[M + H]+		CC(=O)OC1CCC23C4CC=CC2C5=CNC=C5C(C#CCC3=CC=C4)C(C6=CCNC(=C6)N(C7=CC=C8C(C92CCC3(C9)CCC(C3)CC(CCC3=CC(=CC(=C3)OC3=C(C=C(C=C3OC)C(CC(=O)C1)N1C=C7C8=C1C2)O)O)CO)O)CCC(=O)C1CCCCC1)C1=CC(=CC=C1)O	0.055	Amino acids and Peptides	Cyclic peptides	Carboxylic acids and derivatives	3829.0	EB-MSV000090464-gnps_ms2	transferred	1.0	1347.6992	1.99	1347.6987	2.009	-0.371	0.019	0.9992	unique	assigned	1.0	3829.0	C84H94N6O10	False	True	False	False	False
24505	871.9589	4.528162	1.6383717380854592e-05	3.022646722015738e-06	2.222897994617236	1.0	0.7	0.3	50.0	0.0006660006660006	0.0122630432108188	salamandrivorans	life_stage	liq_Zoospore	liq_Developed	up_in_liq_Zoospore	2.759790236254678																											True	False	False	False
14463	1112.6011	4.582279	4.261903682404346e-05	8.74057192539781e-06	2.2077072405285776	1.0	0.8	0.1999999999999999	50.0	0.0006660006660006	0.0122630432108188	salamandrivorans	life_stage	liq_Zoospore	liq_Developed	up_in_liq_Zoospore	4.814565842422328																											True	False	False	False
14322	423.1863	0.85	1.1452575791255371e-05	5.455751780859121e-05	-2.192379072463416	0.6	1.0	-0.4	0.0	0.0006660006660006	0.0122630432108188	salamandrivorans	life_stage	liq_Zoospore	liq_Developed	up_in_liq_Developed	6.383949664200817																											True	True	True	False
4603	490.253	0.729158	9.201628261341982e-05	1.9953654376611075e-05	2.170798005714567	1.0	1.0	0.0	50.0	0.0006660006660006	0.0122630432108188	salamandrivorans	life_stage	liq_Zoospore	liq_Developed	up_in_liq_Zoospore	5.465228518371386																											True	False	False	False
14024	442.2694	2.5635	1.4004296060339628e-05	6.49902011907211e-05	-2.1655792696008724	0.6	1.0	-0.4	0.0	0.0006660006660006	0.0122630432108188	salamandrivorans	life_stage	liq_Zoospore	liq_Developed	up_in_liq_Developed	1.091965699877493																											True	True	True	False
3965	521.2668	1.420727	3.5546980558562185e-05	0.0001603740573463	-2.154272986337531	1.0	1.0	0.0	0.0	0.0006660006660006	0.0122630432108188	salamandrivorans	life_stage	liq_Zoospore	liq_Developed	up_in_liq_Developed	-0.1036468776234874	3965.0	C19H36N8O9	[M + H]+	Val-Gly-Val-Ala-Pro-Gly	CC(C)C(C(=O)NCC(=O)NC(C(C)C)C(=O)NC(C)C(=O)N1CCCC1C(=O)NCC(=O)O)N	0.125	Amino acids and Peptides	Linear peptides	Carboxylic acids and derivatives	3965.0	native-full-e9838293-bagel	native	1.0								native	native	1.0	3965.0	C19H36N8O9	False	False	True	False	False
7853	692.3248	2.23	2.536400886061145e-05	0.0001143497283111	-2.145572859492208	1.0	1.0	0.0	0.0	0.0006660006660006	0.0122630432108188	salamandrivorans	life_stage	liq_Zoospore	liq_Developed	up_in_liq_Developed	7.033066186618546																											True	True	True	False
16346	756.4635	3.746734	7.404445676396516e-06	3.48610566787254e-05	-2.1446230780982964	1.0	1.0	0.0	0.0	0.0006660006660006	0.0122630432108188	salamandrivorans	life_stage	liq_Zoospore	liq_Developed	up_in_liq_Developed	5.426621978973414																											True	True	True	False
3079	626.3406	2.152638	5.7680286135966046e-05	0.0002567237746363	-2.142128581557299	1.0	1.0	0.0	0.0	0.0006660006660006	0.0122630432108188	salamandrivorans	life_stage	liq_Zoospore	liq_Developed	up_in_liq_Developed	8.415649419966282																											True	True	True	False
36987	826.971	5.023768	6.30662847972677e-06	9.536256531638748e-07	2.138304072526652	1.0	0.5	0.5	50.0	0.0006660006660006	0.0122630432108188	salamandrivorans	life_stage	liq_Zoospore	liq_Developed	up_in_liq_Zoospore	2.3316852691874828																											True	False	False	False
13150	360.1921	3.684668	1.382055902749884e-05	6.167320614947775e-05	-2.108974570377275	1.0	1.0	0.0	0.0	0.0006660006660006	0.0122630432108188	salamandrivorans	life_stage	liq_Zoospore	liq_Developed	up_in_liq_Developed	6.424755697514484																											True	True	True	False
8953	831.404	2.793	8.698611866377647e-05	1.970664561459503e-05	2.107678184365942	1.0	0.6	0.4	50.0	0.0006660006660006	0.0122630432108188	salamandrivorans	life_stage	liq_Zoospore	liq_Developed	up_in_liq_Zoospore	5.47214211183944																											True	False	False	False
11870	730.3984	4.128679	1.2501215881878122e-05	5.53993407514792e-05	-2.0940524845365496	1.0	1.0	0.0	0.0	0.0006660006660006	0.0122630432108188	salamandrivorans	life_stage	liq_Zoospore	liq_Developed	up_in_liq_Developed	6.083875007570745	11870.0	C37H55N5O10	[M + H]+	3,18-dibenzyl-6-methyl-15-(2-methylpropyl)-1,4,7,13,16,19,22-heptaazatricyclo[22.3.0.0⁹,¹³]heptacosane-2,5,8,14,17,20,23-heptone	CC1C(=O)NC(C(=O)N2CCCC2C(=O)NCC(=O)NC(C(=O)NC(C(=O)N3CCCC3C(=O)N1)CC(C)C)CC4=CC=CC=C4)CC5=CC=CC=C5	0.436	Amino acids and Peptides	Cyclic peptides	Carboxylic acids and derivatives	11870.0	native-full-e9838293-bagel	native	1.0								native	native	1.0	11870.0	C37H55N5O10	False	True	True	True	False
7517	603.2406	0.8465	1.992647904130623e-05	8.706286133503627e-05	-2.093422140193617	0.8	1.0	-0.1999999999999999	0.0	0.0006660006660006	0.0122630432108188	salamandrivorans	life_stage	liq_Zoospore	liq_Developed	up_in_liq_Developed	6.1020662652786																											True	True	True	False
32408	861.3706	0.874	3.247793624392101e-05	7.18923590475199e-06	2.0835364018332467	1.0	0.5	0.5	50.0	0.0006660006660006	0.0122630432108188	salamandrivorans	life_stage	liq_Zoospore	liq_Developed	up_in_liq_Zoospore	-1.2986702124418807																											False	False	False	False
20988	733.3823	4.427111	2.839770644589119e-05	6.255210199151023e-06	2.077512713765074	1.0	1.0	0.0	50.0	0.0006660006660006	0.0122630432108188	salamandrivorans	life_stage	liq_Zoospore	liq_Developed	up_in_liq_Zoospore	3.971337911824648																											True	False	False	False
9784	979.488	2.874657	1.9383268806469617e-05	8.374882458943018e-05	-2.076493108377384	1.0	1.0	0.0	0.0	0.0006660006660006	0.0122630432108188	salamandrivorans	life_stage	liq_Zoospore	liq_Developed	up_in_liq_Developed	6.714265496308833	9784.0	C39H63N17O13	[M + H]+	H-Ser-Met-Pro-Glu-Leu-Ser-Pro-Val-Leu-al	CC(C)CC(C=O)NC(=O)C(C(C)C)NC(=O)C1CCCN1C(=O)C(CO)NC(=O)C(CC(C)C)NC(=O)C(CCC(=O)O)NC(=O)C2CCCN2C(=O)C(CCSC)NC(=O)C(CO)N	0.341	Amino acids and Peptides	Cyclic peptides	Carboxylic acids and derivatives	9784.0	native-full-e9838293-bagel	native	1.0								native	native	1.0	9784.0	C39H63N17O13	False	True	True	True	False
116	486.2565	0.602	0.0022523954599684	0.0094785851137594	-2.072909040131341	1.0	1.0	0.0	0.0	0.0006660006660006	0.0122630432108188	salamandrivorans	life_stage	liq_Zoospore	liq_Developed	up_in_liq_Developed	4.951819435419682	116.0	C21H35N5O8	[M + H]+	H-Ala-Pro-Glu-Ala-Val-OH	CC(C)C(C(=O)O)NC(=O)C(C)NC(=O)C(CCC(=O)O)NC(=O)C1CCCN1C(=O)C(C)N	0.262	Amino acids and Peptides	Tripeptides	Carboxylic acids and derivatives	342.0	EB-MSV000090464-gnps_ms2	transferred	2.0	486.256	0.6	486.2565	0.602	1.028	0.002	1.0	unique	assigned	1.0	342.0	C21H35N5O8	False	True	True	True	False
8190	305.6992	1.755909	1.1554204968144111e-05	4.93312549858252e-05	-2.0367241187330376	1.0	1.0	0.0	0.0	0.0006660006660006	0.0122630432108188	salamandrivorans	life_stage	liq_Zoospore	liq_Developed	up_in_liq_Developed	6.038472933086406																											True	True	True	False
10273	1026.5679	3.867583	7.467247176375215e-05	1.784569811546714e-05	2.02767805060217	1.0	0.8	0.1999999999999999	50.0	0.0006660006660006	0.0122630432108188	salamandrivorans	life_stage	liq_Zoospore	liq_Developed	up_in_liq_Zoospore	5.731383333743534																											True	False	False	False
9519	867.5361	4.111	2.375538531001168e-05	9.863380709431264e-05	-2.025712738973502	1.0	1.0	0.0	0.0	0.0006660006660006	0.0122630432108188	salamandrivorans	life_stage	liq_Zoospore	liq_Developed	up_in_liq_Developed	7.01224504498934	9519.0	C40H70N10O11	[M + H]+	H-Lys-Gly-Pro-Pro-Ala-Ala-Leu-Thr-Leu-OH	CC(C)CC(C(=O)NC(C(C)O)C(=O)NC(CC(C)C)C(=O)O)NC(=O)C(C)NC(=O)C(C)NC(=O)C1CCCN1C(=O)C2CCCN2C(=O)CNC(=O)C(CCCCN)N		Amino acids and Peptides	Cyclic peptides	Carboxylic acids and derivatives	8481.0	EB-MSV000090464-gnps_ms2	transferred	1.0	867.5363	4.11	867.5361	4.111	-0.231	0.001	0.913	unique	assigned	1.0	8481.0	C40H70N10O11	False	True	True	True	False
8022	626.8394	2.159	2.469872083436228e-05	0.0001020566062102	-2.019845824740053	0.6	1.0	-0.4	0.0	0.0006660006660006	0.0122630432108188	salamandrivorans	life_stage	liq_Zoospore	liq_Developed	up_in_liq_Developed	6.885946432033031																											True	True	True	False
16238	811.4782	3.637464	1.3577409251430835e-05	5.623420055204348e-05	-2.001665415966216	0.8	1.0	-0.1999999999999999	0.0	0.0006660006660006	0.0122630432108188	salamandrivorans	life_stage	liq_Zoospore	liq_Developed	up_in_liq_Developed	5.861971758563546																											True	True	True	False
29177	881.5531	4.25	3.7327747990945054e-06	1.677857120764365e-05	-1.9990468337166305	0.6	1.0	-0.4	0.0	0.0006660006660006	0.0122630432108188	salamandrivorans	life_stage	liq_Zoospore	liq_Developed	up_in_liq_Developed	4.388493469747744																											True	True	True	False
18406	737.936	3.637309	2.9853805467509954e-05	7.013245831760132e-06	1.9972497222851373	1.0	0.5	0.5	50.0	0.0006660006660006	0.0122630432108188	salamandrivorans	life_stage	liq_Zoospore	liq_Developed	up_in_liq_Zoospore	4.7638006950266085																											True	False	False	False
8900	1069.6104	4.640306	2.8734700964135985e-05	0.000115783121578	-1.9874788942034605	1.0	1.0	0.0	0.0	0.0006660006660006	0.0122630432108188	salamandrivorans	life_stage	liq_Zoospore	liq_Developed	up_in_liq_Developed	6.964512614960733																											True	True	True	False
14547	1185.6334	3.772148	5.9511332998819e-05	1.456993725258234e-05	1.985025389176204	1.0	0.9	0.0999999999999999	50.0	0.0006660006660006	0.0122630432108188	salamandrivorans	life_stage	liq_Zoospore	liq_Developed	up_in_liq_Zoospore	5.201056740531793	14547.0	C49H90N14O17	[M + K]+	N-(1-hydroxyethyl)-N''-{[2',28',34',35'-tetrahydroxy-27'-(hydroxymethyl)-19'-(1H-imidazol-1-yl)-17',17',37'-trimethyl-33'-[(methylamino)methyl]-31'-oxo-23'-(2-phenylethyl)-21',22'-dithiaspiro[cyclopentane-1,11'-decacyclo[24.17.0.0³,¹⁶.0⁴,⁹.0⁵,⁴³.0¹⁰,¹⁵.0²⁴,²⁸.0²⁷,⁴⁰.0²⁹,³⁸.0³²,³⁷]tritetracontane]-4'(9'),15',29'-trien-39'-yl]methyl}guanidine	CC(NC(=NCC1C2CCC3C4CCCC5=C4C6C(C3C7C2(C(C(C7)C(SSCC(CC(C6=C8C5C9(CCCC9)CCC8)(C)C)N2C=CN=C2)CCC2=CC=CC=C2)(C2=CC(=O)C3C(C(C(CC3(C12)C)O)O)CNC)O)CO)O)N)O	0.034	Amino acids and Peptides	Cyclic peptides	Carboxylic acids and derivatives	14547.0	native-full-e9838293-bagel	native	1.0								native	native	1.0	14547.0	C49H90N14O17	False	True	False	False	False
37221	511.8063	7.163306	1.829904870943818e-06	0.0	1.9829822292926416	1.0	0.0	1.0	50.0	0.0003330003330003	0.0122630432108188	salamandrivorans	life_stage	liq_Zoospore	liq_Developed	up_in_liq_Zoospore	0.0																											False	False	False	False
19144	788.9147	3.9785	3.103023735533887e-05	7.405675688600732e-06	1.979567598998982	1.0	0.7	0.3	50.0	0.0006660006660006	0.0122630432108188	salamandrivorans	life_stage	liq_Zoospore	liq_Developed	up_in_liq_Zoospore	4.269228541772352																											True	False	False	False
36125	579.2802	5.302951	1.7000368630830012e-06	8.361769158335314e-06	-1.9530101964853988	0.8	1.0	-0.1999999999999999	0.0	0.0006660006660006	0.0122630432108188	salamandrivorans	life_stage	liq_Zoospore	liq_Developed	up_in_liq_Developed	3.6277947725338167																											True	True	True	False
33348	568.8407	10.807047	4.794338381428178e-06	7.894328640122171e-07	1.941930148857708	1.0	0.5	0.5	50.0	0.0006660006660006	0.0122630432108188	salamandrivorans	life_stage	liq_Zoospore	liq_Developed	up_in_liq_Zoospore	-2.9853274229082967																											False	False	False	False
36152	233.1458	1.451092	1.2054413096802349e-05	4.745518177735248e-05	-1.9234021321615704	1.0	1.0	0.0	0.0	0.0006660006660006	0.0122630432108188	salamandrivorans	life_stage	liq_Zoospore	liq_Developed	up_in_liq_Developed	5.976278596593231																											True	True	True	False
2347	736.4258	3.541	0.0002592563363856	6.824603544976268e-05	1.9159660257978497	1.0	0.9	0.0999999999999999	50.0	0.0006660006660006	0.0122630432108188	salamandrivorans	life_stage	liq_Zoospore	liq_Developed	up_in_liq_Zoospore	1.670732469921435	2347.0	C40H57N5O8	[M + H]+	H-Val-Ala-Leu-Pro-Thr-Leu-Thr-OH	CC(C)CC(C(=O)NC(C(C)O)C(=O)O)NC(=O)C(C(C)O)NC(=O)C1CCCN1C(=O)C(CC(C)C)NC(=O)C(C)NC(=O)C(C(C)C)N	0.358	Amino acids and Peptides	Cyclic peptides	Carboxylic acids and derivatives	2347.0	native-full-e9838293-bagel	native	1.0								native	native	1.0	2347.0	C40H57N5O8	False	True	False	False	False
28725	895.4816	4.549826	3.880076068945688e-06	1.6318898132681414e-05	-1.9123995264598832	0.8	1.0	-0.1999999999999999	0.0	0.0006660006660006	0.0122630432108188	salamandrivorans	life_stage	liq_Zoospore	liq_Developed	up_in_liq_Developed	4.491504107827919																											True	True	True	False
6416	905.4726	3.24475	4.770759468901484e-05	0.0001804852300814	-1.905916623027092	1.0	1.0	0.0	0.0	0.0006660006660006	0.0122630432108188	salamandrivorans	life_stage	liq_Zoospore	liq_Developed	up_in_liq_Developed	7.748806796618821																											True	True	True	False
1027	705.32	2.059	0.000235631201071	0.0008820476503609	-1.901550194920596	1.0	1.0	0.0	0.0	0.0006660006660006	0.0122630432108188	salamandrivorans	life_stage	liq_Zoospore	liq_Developed	up_in_liq_Developed	3.339030587783311	1027.0	C31H44N8O11	[M + H]+	12-benzyl-3,15-bis(1-hydroxyethyl)-6-[(4-hydroxyphenyl)methyl]-9-(2-methylpropyl)-1,4,7,10,13,16-hexaazacyclooctadecane-2,5,8,11,14,17-hexone	CC(C)CC1C(=O)NC(C(=O)NC(C(=O)NCC(=O)NC(C(=O)NC(C(=O)N1)CC2=CC=CC=C2)C(C)O)C(C)O)CC3=CC=C(C=C3)O	0.678	Amino acids and Peptides	Cyclic peptides	Carboxylic acids and derivatives	4156.0	EB-MSV000090464-gnps_ms2	transferred	3.0	705.3188	2.05	705.32	2.059	1.701	0.009	1.0	ms2_winner	assigned	1.0	4156.0	C31H44N8O11	False	True	True	True	False
24076	924.5627	4.040664	5.079541123456239e-06	2.055811206379261e-05	-1.893719795229376	1.0	1.0	0.0	0.0	0.0006660006660006	0.0122630432108188	salamandrivorans	life_stage	liq_Zoospore	liq_Developed	up_in_liq_Developed	4.839212257721539																											True	True	True	False
19071	1147.6213	4.7422	2.5170985942887816e-05	6.357924584399245e-06	1.886048768610988	1.0	0.6	0.4	50.0	0.0006660006660006	0.0122630432108188	salamandrivorans	life_stage	liq_Zoospore	liq_Developed	up_in_liq_Zoospore	4.204695045462474																											True	False	False	False
12307	601.3615	4.577853	2.9506560880618265e-05	7.605562363742143e-06	1.872893523329779	1.0	0.8	0.1999999999999999	50.0	0.0006660006660006	0.0122630432108188	salamandrivorans	life_stage	liq_Zoospore	liq_Developed	up_in_liq_Zoospore	5.232965042034107	12307.0	C32H48N4O7	[M + H]+	Boc-Pro-Leu-Phe-Pro-OEt	CCOC(=O)C1CCCN1C(=O)C(CC2=CC=CC=C2)NC(=O)C(CC(C)C)NC(=O)C3CCCN3C(=O)OC(C)(C)C	0.226	Amino acids and Peptides	Cyclic peptides	Carboxylic acids and derivatives	12307.0	native-full-e9838293-bagel	native	1.0								native	native	1.0	12307.0	C32H48N4O7	False	True	False	False	False
11714	522.2984	3.131	2.235002950969392e-05	8.287267055251507e-05	-1.8619124684920243	1.0	1.0	0.0	0.0	0.0006660006660006	0.0122630432108188	salamandrivorans	life_stage	liq_Zoospore	liq_Developed	up_in_liq_Developed	6.824832940006695																											True	True	True	False
23330	734.9017	4.320395	2.518499131628457e-05	6.532776613857062e-06	1.85112488342607	1.0	0.9	0.0999999999999999	50.0	0.0006660006660006	0.0122630432108188	salamandrivorans	life_stage	liq_Zoospore	liq_Developed	up_in_liq_Zoospore	4.109449395485726																											True	False	False	False
14219	579.2327	1.432268	1.599047522196255e-05	5.90481002177006e-05	-1.8448880018738223	0.8	1.0	-0.1999999999999999	0.0	0.0006660006660006	0.0122630432108188	salamandrivorans	life_stage	liq_Zoospore	liq_Developed	up_in_liq_Developed	-1.6465542449171222																											False	True	False	False
4714	906.4338	1.598	5.532850922571595e-05	0.0002001492634843	-1.843373205804252	1.0	1.0	0.0	0.0	0.0006660006660006	0.0122630432108188	salamandrivorans	life_stage	liq_Zoospore	liq_Developed	up_in_liq_Developed	-0.0149012552398682																											False	True	False	False
4419	577.2238	1.4445	7.271675980752496e-05	0.0002624983320942	-1.8431082062242603	1.0	1.0	0.0	0.0	0.0006660006660006	0.0122630432108188	salamandrivorans	life_stage	liq_Zoospore	liq_Developed	up_in_liq_Developed	8.533028081518703																											True	True	True	False
14373	714.9151	4.374177	2.1792165126002204e-05	5.655390278107847e-06	1.8365617385628312	1.0	1.0	0.0	50.0	0.0006660006660006	0.0122630432108188	salamandrivorans	life_stage	liq_Zoospore	liq_Developed	up_in_liq_Zoospore	3.584022725241139	14373.0	C24H24Br2Cl2N4O5	[M + K]+	4-Acetamido-6-({5-[(2-bromoprop-2-enoyl)amino]-2-sulfophenyl}diazenyl)-5-hydroxynaphthalene-1,7-disulfonic acid	CC(=O)NC1=C2C(=C(C=C1)S(=O)(=O)O)C=C(C(=C2O)N=NC3=C(C=CC(=C3)NC(=O)C(=C)Br)S(=O)(=O)O)S(=O)(=O)O		Amino acids and Peptides	Penicillins	Carboxylic acids and derivatives	14373.0	native-full-e9838293-bagel	native	1.0								native	native	1.0	14373.0	C24H24Br2Cl2N4O5	False	True	False	False	False
13510	1088.5461	4.171	2.4160029601457925e-05	6.336729873204449e-06	1.8327478894910536	1.0	0.9	0.0999999999999999	50.0	0.0006660006660006	0.0122630432108188	salamandrivorans	life_stage	liq_Zoospore	liq_Developed	up_in_liq_Zoospore	3.924145295280043	13510.0	C54H75N13O9	[M + K]+	Dichotomin F	CC(C)CC1C(=O)N2CCCC2C(=O)NC(C(=O)NC(C(=O)NC(C(=O)N3CCCC3C(=O)NC(C(=O)NC(C(=O)NC(C(=O)N1)C(C)C)CC4=CC=CC=C4)CC5=CC=C(C=C5)O)CC6=CC=C(C=C6)O)C(C)C)CO	0.668	Amino acids and Peptides	Cyclic peptides	Carboxylic acids and derivatives	13510.0	native-full-e9838293-bagel	native	1.0								native	native	1.0	13510.0	C54H75N13O9	False	True	False	False	False
18936	770.4777	3.946	1.0280059624157775e-05	3.811051479562493e-05	-1.829167287398568	0.8	1.0	-0.1999999999999999	0.0	0.0006660006660006	0.0122630432108188	salamandrivorans	life_stage	liq_Zoospore	liq_Developed	up_in_liq_Developed	5.600369443169813																											True	True	True	False
15251	345.1857	2.114	1.4952411954569588e-05	5.420268257163157e-05	-1.815803268998347	0.6	1.0	-0.4	0.0	0.0006660006660006	0.0122630432108188	salamandrivorans	life_stage	liq_Zoospore	liq_Developed	up_in_liq_Developed	6.375993186001808																											True	True	True	False
30926	881.4683	4.523533	1.0351146216291007e-05	2.50906049007578e-06	1.8100259042629945	1.0	0.6	0.4	50.0	0.0006660006660006	0.0122630432108188	salamandrivorans	life_stage	liq_Zoospore	liq_Developed	up_in_liq_Zoospore	2.5940848201300644																											True	False	False	False
16750	654.3564	4.251	1.6009030752454916e-05	4.126690822322595e-06	1.808784622696871	1.0	0.8	0.1999999999999999	50.0	0.0006660006660006	0.0122630432108188	salamandrivorans	life_stage	liq_Zoospore	liq_Developed	up_in_liq_Zoospore	3.3239226664032526																											True	False	False	False
21381	840.9555	4.159	2.503347864044695e-05	6.830722728252093e-06	1.783749337793175	1.0	0.9	0.0999999999999999	50.0	0.0006660006660006	0.0122630432108188	salamandrivorans	life_stage	liq_Zoospore	liq_Developed	up_in_liq_Zoospore	4.216830043091424																											True	False	False	False
29674	1026.5763	3.839	7.080045773997056e-05	2.0149595429470167e-05	1.7818811704795567	1.0	1.0	0.0	50.0	0.0006660006660006	0.0122630432108188	salamandrivorans	life_stage	liq_Zoospore	liq_Developed	up_in_liq_Zoospore	5.599445728628529																											True	False	False	False
10242	172.727	6.408113	6.755682840289161e-06	2.47245564942132e-05	-1.7808749819837064	1.0	1.0	0.0	0.0	0.0006660006660006	0.0122630432108188	salamandrivorans	life_stage	liq_Zoospore	liq_Developed	up_in_liq_Developed	-4.093088576621958																											False	False	False	False
3689	543.3147	1.896	0.0001414318722655	4.074245245186574e-05	1.7800326972177491	1.0	1.0	0.0	50.0	0.0006660006660006	0.0122630432108188	salamandrivorans	life_stage	liq_Zoospore	liq_Developed	up_in_liq_Zoospore	0.4950208047572076	3689.0	C24H42N6O8	[M + H]+	H-Val-Thr-Pro-Leu-Asn-OH	CC(C)CC(C(=O)NC(CC(=O)N)C(=O)O)NC(=O)C1CCCN1C(=O)C(C(C)O)NC(=O)C(C(C)C)N	0.671	Amino acids and Peptides	Tripeptides	Carboxylic acids and derivatives	3586.0	EB-MSV000090464-gnps_ms2	transferred	4.0	543.314	1.89	543.3147	1.896	1.288	0.006	1.0	unique	assigned	1.0	3586.0	C24H42N6O8	False	False	False	False	False
17730	230.1586	1.277894	5.146682634140462e-05	0.0001780732265447	-1.7785012422170854	1.0	1.0	0.0	0.0	0.0006660006660006	0.0122630432108188	salamandrivorans	life_stage	liq_Zoospore	liq_Developed	up_in_liq_Developed	-3.141835172919476																											False	True	False	False
17406	1287.7063	4.004412	2.759731999992889e-05	7.623585121783079e-06	1.7752796773492914	1.0	0.7	0.3	50.0	0.0006660006660006	0.0122630432108188	salamandrivorans	life_stage	liq_Zoospore	liq_Developed	up_in_liq_Zoospore	4.346537378589575																											True	False	False	False
6349	396.2244	1.992114	2.8659728316484587e-05	9.950260985938658e-05	-1.7738056941752691	0.6	1.0	-0.4	0.0	0.0006660006660006	0.0122630432108188	salamandrivorans	life_stage	liq_Zoospore	liq_Developed	up_in_liq_Developed	-0.9916764372991967	6349.0	C18H29N5O5	[M + H]+	(2S)-2-[[2-[(2-amino-3-methylpentanoyl)amino]-3-methylpentanoyl]amino]-3-methylpentanoic acid	CCC(C)C(C(=O)NC(C(C)CC)C(=O)NC(C(C)CC)C(=O)O)N	0.33	Amino acids and Peptides	Tripeptides	Carboxylic acids and derivatives	6349.0	native-full-e9838293-bagel	native	1.0								native	native	1.0	6349.0	C18H29N5O5	False	False	True	False	False
22576	742.4014	4.32714	2.199395267912096e-05	5.9976915825531374e-06	1.7728661390469174	1.0	0.8	0.1999999999999999	50.0	0.0006660006660006	0.0122630432108188	salamandrivorans	life_stage	liq_Zoospore	liq_Developed	up_in_liq_Zoospore	3.808249851526392																											True	False	False	False
6993	599.3398	2.555	3.3241582194161874e-05	0.0001147331365833	-1.7683462712400102	1.0	1.0	0.0	0.0	0.0006660006660006	0.0122630432108188	salamandrivorans	life_stage	liq_Zoospore	liq_Developed	up_in_liq_Developed	2.5689728102884843																											True	True	True	False
15608	712.4078	4.312982	3.335503988132079e-05	9.436780285604364e-06	1.7563414054851183	1.0	1.0	0.0	50.0	0.0006660006660006	0.0122630432108188	salamandrivorans	life_stage	liq_Zoospore	liq_Developed	up_in_liq_Zoospore	4.383286767080827																											True	False	False	False
11828	604.8411	3.035006	2.300912715737075e-05	7.804408627815832e-05	-1.7351534502370438	1.0	1.0	0.0	0.0	0.0006660006660006	0.0122630432108188	salamandrivorans	life_stage	liq_Zoospore	liq_Developed	up_in_liq_Developed	6.671612078549581																											True	True	True	False
10098	428.731	1.4255	1.570131984741948e-05	5.3686750240482505e-05	-1.7343950225941442	1.0	1.0	0.0	0.0	0.0006660006660006	0.0122630432108188	salamandrivorans	life_stage	liq_Zoospore	liq_Developed	up_in_liq_Developed	6.118022765860872																											True	True	True	False
2785	1082.6187	3.051635	0.0002253432095811	6.742829998611363e-05	1.7314619570155076	1.0	1.0	0.0	50.0	0.0006660006660006	0.0122630432108188	salamandrivorans	life_stage	liq_Zoospore	liq_Developed	up_in_liq_Zoospore	2.003579630484351																											True	False	False	False
24584	1327.7242	4.01042	1.5970115389419565e-05	4.388467275788139e-06	1.7279518548931798	1.0	0.5	0.5	50.0	0.0006660006660006	0.0122630432108188	salamandrivorans	life_stage	liq_Zoospore	liq_Developed	up_in_liq_Zoospore	3.944895922859812																											True	False	False	False
26984	876.5017	4.404766	2.283380568846236e-05	6.461393275244862e-06	1.7277656958670442	1.0	1.0	0.0	50.0	0.0006660006660006	0.0122630432108188	salamandrivorans	life_stage	liq_Zoospore	liq_Developed	up_in_liq_Zoospore	3.8163979255997433																											True	False	False	False
5496	1250.6047	2.3405	0.0001660782063719	5.0007284432641296e-05	1.7192583826069257	1.0	0.6	0.4	50.0	0.0006660006660006	0.0122630432108188	salamandrivorans	life_stage	liq_Zoospore	liq_Developed	up_in_liq_Zoospore	6.760139484299574																											True	False	False	False
8493	1251.5936	2.326	0.0001130492033135	3.408018752764333e-05	1.7118359811446888	1.0	0.6	0.4	50.0	0.0006660006660006	0.0122630432108188	salamandrivorans	life_stage	liq_Zoospore	liq_Developed	up_in_liq_Zoospore	6.3540153592045																											True	False	False	False
19310	940.0332	4.534338	2.664848268588225e-05	7.713870134416203e-06	1.710217151416899	1.0	0.7	0.3	50.0	0.0006660006660006	0.0122630432108188	salamandrivorans	life_stage	liq_Zoospore	liq_Developed	up_in_liq_Zoospore	4.740956215796703																											True	False	False	False
8765	1025.5785	3.863135	0.0001117232085066	3.39245768828563e-05	1.701391689940641	1.0	0.9	0.0999999999999999	50.0	0.0006660006660006	0.0122630432108188	salamandrivorans	life_stage	liq_Zoospore	liq_Developed	up_in_liq_Zoospore	6.307064423490085	8765.0	C50H76N10O13	[M + H]+	H-Pro-Leu-Phe-Gln-Val-Pro-Glu-Pro-Val-OH	CC(C)CC(C(=O)NC(CC1=CC=CC=C1)C(=O)NC(CCC(=O)N)C(=O)NC(C(C)C)C(=O)N2CCCC2C(=O)NC(CCC(=O)O)C(=O)N3CCCC3C(=O)NC(C(C)C)C(=O)O)NC(=O)C4CCCN4	0.355	Amino acids and Peptides	Linear peptides	Carboxylic acids and derivatives	8765.0	native-full-e9838293-bagel	native	1.0								native	native	1.0	8765.0	C50H76N10O13	False	True	False	False	False
12919	826.9603	3.9525	2.854872942335829e-05	8.420977389387646e-06	1.6899096795081383	1.0	0.7	0.3	50.0	0.0006660006660006	0.0122630432108188	salamandrivorans	life_stage	liq_Zoospore	liq_Developed	up_in_liq_Zoospore	4.057845408674946																											True	False	False	False
2351	1011.4755	1.896	0.0003325754163266	0.0001034438338504	1.678903061375845	1.0	0.8	0.1999999999999999	50.0	0.0006660006660006	0.0122630432108188	salamandrivorans	life_stage	liq_Zoospore	liq_Developed	up_in_liq_Zoospore	1.651766697650036	2351.0	C48H62N14O11	[M + H]+	H-Ala-Pro-Gly-Asn-Phe-Leu-Gln-Ser-Arg-al	CC(C)CC(C(=O)NC(CCC(=O)N)C(=O)NC(CO)C(=O)NC(CCCN=C(N)N)C=O)NC(=O)C(CC1=CC=CC=C1)NC(=O)C(CC(=O)N)NC(=O)CNC(=O)C2CCCN2C(=O)C(C)N	0.117	Amino acids and Peptides	Cyclic peptides	Carboxylic acids and derivatives	3597.0	EB-MSV000090464-gnps_ms2	transferred	1.0	1011.4743	1.89	1011.4755	1.896	1.186	0.006	0.9999	unique	assigned	1.0	3597.0	C48H62N14O11	False	True	False	False	False
27488	749.9168	4.463341	1.0811730880701544e-05	2.975572813073876e-06	1.6688447144071	1.0	0.8	0.1999999999999999	50.0	0.0006660006660006	0.0122630432108188	salamandrivorans	life_stage	liq_Zoospore	liq_Developed	up_in_liq_Zoospore	3.096403418812768																											True	False	False	False
9158	1023.4427	2.267023	2.0344316683554208e-05	6.580702987085944e-05	-1.663850763691561	0.8	1.0	-0.1999999999999999	0.0	0.0006660006660006	0.0122630432108188	salamandrivorans	life_stage	liq_Zoospore	liq_Developed	up_in_liq_Developed	6.28620545914323																											True	True	True	False
31836	1105.5986	4.359982	1.0032468714794657e-05	2.7531770578683183e-06	1.6591081589711454	1.0	0.7	0.3	50.0	0.0006660006660006	0.0122630432108188	salamandrivorans	life_stage	liq_Zoospore	liq_Developed	up_in_liq_Zoospore	3.4874819649651885																											True	False	False	False
1228	429.2706	1.628	0.0004854709271735	0.0001534434309135	1.657703942699867	1.0	1.0	0.0	50.0	0.0006660006660006	0.0122630432108188	salamandrivorans	life_stage	liq_Zoospore	liq_Developed	up_in_liq_Zoospore	3.803128757811442	1228.0	C20H36N4O6	[M + H]+	H-DL-xiThr-DL-Pro-DL-Val-DL-Leu-OH	CC(C)CC(C(=O)O)NC(=O)C(C(C)C)NC(=O)C1CCCN1C(=O)C(C(C)O)N	0.644	Amino acids and Peptides	Tripeptides	Carboxylic acids and derivatives	2692.0	EB-MSV000090464-gnps_ms2	transferred	2.0	429.2709	1.62	429.2706	1.628	-0.699	0.008	0.8879	ms2_winner	assigned	1.0	2692.0	C20H36N4O6	False	True	False	False	False
27980	945.551	4.269969	1.5116120429754304e-05	4.377747612782172e-06	1.6547975515617477	1.0	0.8	0.1999999999999999	50.0	0.0006660006660006	0.0122630432108188	salamandrivorans	life_stage	liq_Zoospore	liq_Developed	up_in_liq_Zoospore	3.956625220839131																											True	False	False	False
6031	987.0148	2.507672	4.1203183503765695e-05	0.0001310650577777	-1.65472494426752	0.6	1.0	-0.4	0.0	0.0006660006660006	0.0122630432108188	salamandrivorans	life_stage	liq_Zoospore	liq_Developed	up_in_liq_Developed	7.464505846547291	6031.0	C28H41I3N6O9	[M + H]+							6031.0	native-full-e9838293-bagel	native	1.0								native	native	1.0	6031.0	C28H41I3N6O9	False	True	True	True	False
35527	845.9749	4.331849	1.1539449808604535e-05	3.251918465001544e-06	1.6510446237773493	1.0	0.9	0.0999999999999999	50.0	0.0006660006660006	0.0122630432108188	salamandrivorans	life_stage	liq_Zoospore	liq_Developed	up_in_liq_Zoospore	3.0550888078514227																											True	False	False	False
30198	1046.5795	4.462262	8.477044791856056e-06	2.278522957254809e-06	1.6501964312213089	1.0	0.7	0.3	50.0	0.0006660006660006	0.0122630432108188	salamandrivorans	life_stage	liq_Zoospore	liq_Developed	up_in_liq_Zoospore	2.615317313603847																											True	False	False	False
2159	744.3553	1.453409	0.0001590674827015	0.000499654722191	-1.6474714387295717	1.0	1.0	0.0	0.0	0.0006660006660006	0.0122630432108188	salamandrivorans	life_stage	liq_Zoospore	liq_Developed	up_in_liq_Developed	3.9189141937577063	2159.0	C33H51N7O11	[M + Na]+	Sanguinamide A	CCC(C)C1C2=NC(=CS2)C(=O)NC(C(=O)NC(C(=O)N3CCCC3C(=O)NC(C(=O)N4CCCC4C(=O)N1)C(C)CC)CC5=CC=CC=C5)C	0.152	Amino acids and Peptides	Cyclic peptides	Carboxylic acids and derivatives	2176.0	EB-MSV000090464-gnps_ms2	transferred	2.0	744.3554	1.45	744.3553	1.453409	-0.134	0.003	0.9999	unique	assigned	1.0	2176.0	C33H51N7O11	False	True	True	True	False
3739	1039.5354	2.114	0.0001360214311046	0.0004255383601355	-1.6409971057782935	1.0	1.0	0.0	0.0	0.0006660006660006	0.0122630432108188	salamandrivorans	life_stage	liq_Zoospore	liq_Developed	up_in_liq_Developed	9.28137372120002	3739.0	C52H70N12O11	[M + H]+	H-Ile-Leu-Asp-Gln-Val-Pro-Phe-Ser-Val-OH	CCC(C)C(C(=O)NC(CC(C)C)C(=O)NC(CC(=O)O)C(=O)NC(CCC(=O)N)C(=O)NC(C(C)C)C(=O)N1CCCC1C(=O)NC(CC2=CC=CC=C2)C(=O)NC(CO)C(=O)NC(C(C)C)C(=O)O)N	0.124	Amino acids and Peptides	Linear peptides	Carboxylic acids and derivatives	4322.0	EB-MSV000090464-gnps_ms2	transferred	1.0	1039.5378	2.1	1039.5354	2.114	-2.309	0.014	0.9955	unique	assigned	1.0	4322.0	C52H70N12O11	False	True	True	True	False
22099	549.8401	3.752	1.3129596830924123e-05	3.82311348047064e-06	1.629821842222029	1.0	0.5	0.5	50.0	0.0006660006660006	0.0122630432108188	salamandrivorans	life_stage	liq_Zoospore	liq_Developed	up_in_liq_Zoospore	4.064551056160998																											True	False	False	False
28272	801.9575	4.766795	1.164071790520758e-05	3.7288375694425344e-05	-1.628500503846442	1.0	1.0	0.0	0.0	0.0006660006660006	0.0122630432108188	salamandrivorans	life_stage	liq_Zoospore	liq_Developed	up_in_liq_Developed	5.746317683556258																											True	True	True	False
31105	782.445	4.420258	3.781469838120993e-06	1.296743205541694e-05	-1.6262915794266397	1.0	1.0	0.0	0.0	0.0006660006660006	0.0122630432108188	salamandrivorans	life_stage	liq_Zoospore	liq_Developed	up_in_liq_Developed	4.149589964836754																											True	False	False	False
23574	769.403	4.012619	2.1464967761557624e-05	6.555026161708432e-06	1.6220553122096495	1.0	0.6	0.4	50.0	0.0006660006660006	0.0122630432108188	salamandrivorans	life_stage	liq_Zoospore	liq_Developed	up_in_liq_Zoospore	4.288004466497443																											True	False	False	False
20370	705.3587	1.313933	1.0998541673235e-05	3.503322920090404e-05	-1.6176324786534326	0.6	1.0	-0.4	0.0	0.0006660006660006	0.0122630432108188	salamandrivorans	life_stage	liq_Zoospore	liq_Developed	up_in_liq_Developed	5.524183748439727																											True	True	True	False
6878	978.4843	2.874523	5.860852312094381e-05	0.0001810270497236	-1.6167795493736503	1.0	1.0	0.0	0.0	0.0006660006660006	0.0122630432108188	salamandrivorans	life_stage	liq_Zoospore	liq_Developed	up_in_liq_Developed	7.826208153416254	6878.0	C39H63N17O13	[M + H]+	H-Ser-Met-Pro-Glu-Leu-Ser-Pro-Val-Leu-al	CC(C)CC(C=O)NC(=O)C(C(C)C)NC(=O)C1CCCN1C(=O)C(CO)NC(=O)C(CC(C)C)NC(=O)C(CCC(=O)O)NC(=O)C2CCCN2C(=O)C(CCSC)NC(=O)C(CO)N	0.34	Amino acids and Peptides	Cyclic peptides	Carboxylic acids and derivatives	6878.0	native-full-e9838293-bagel	native	1.0								native	native	1.0	6878.0	C39H63N17O13	False	True	True	True	False
11613	1270.6649	3.70192	5.036962071066926e-05	1.607807216988003e-05	1.6105419955357247	1.0	0.7	0.3	50.0	0.0006660006660006	0.0122630432108188	salamandrivorans	life_stage	liq_Zoospore	liq_Developed	up_in_liq_Zoospore	4.9986316790946645																											True	False	False	False
2766	960.4769	2.603	9.07957148537698e-05	0.0002775341395783	-1.6053741133272572	1.0	1.0	0.0	0.0	0.0006660006660006	0.0122630432108188	salamandrivorans	life_stage	liq_Zoospore	liq_Developed	up_in_liq_Developed	8.541035305258001																											True	True	True	False
20266	305.3148	6.406205	2.443105170503829e-06	8.664696217569677e-06	-1.5999681144210744	0.6	1.0	-0.4	0.0	0.0006660006660006	0.0122630432108188	salamandrivorans	life_stage	liq_Zoospore	liq_Developed	up_in_liq_Developed	-4.390959721326171																											False	False	False	False
3936	955.4827	2.6295	6.140778390399754e-05	0.000187140802704	-1.597914772259778	1.0	1.0	0.0	0.0	0.0006660006660006	0.0122630432108188	salamandrivorans	life_stage	liq_Zoospore	liq_Developed	up_in_liq_Developed	8.067460484915383																											True	True	True	False
11842	510.3282	2.745	2.3572288760915424e-05	7.257877935943797e-05	-1.597286026358304	0.6	1.0	-0.4	0.0	0.0006660006660006	0.0122630432108188	salamandrivorans	life_stage	liq_Zoospore	liq_Developed	up_in_liq_Developed	6.430707106569185																											True	True	True	False
2519	1504.8311	3.392193	0.0002554043768598	8.410580958058067e-05	1.5954116673356713	1.0	1.0	0.0	50.0	0.0006660006660006	0.0122630432108188	salamandrivorans	life_stage	liq_Zoospore	liq_Developed	up_in_liq_Zoospore	7.806540463555164	2519.0	C73H119N13O18	[M + K]+	Omphalotin D	CCC(C)C1C(=O)N(C(C(=O)N(C(C(=O)N(CC(=O)N(C(C(=O)N(C(C(=O)N(C(C(=O)NC(C(=O)N(C(C(=O)N(CC(=O)N2C(CC3(C2NC4=CC=CC=C43)O)C(=O)N(C(C(=O)N1)C(C)C)C)C)C(C)CC)C)C(C)C)OC(=O)C)C)C(C)C(C)OC(=O)C)C)C(C)(C)O)C)C)C(C)C)C)C(C)C)C		Amino acids and Peptides	Cyclic peptides	Polypeptides	7646.0	EB-MSV000090464-gnps_ms2	transferred	1.0	1504.832	3.4	1504.8311	3.392193	-0.598	-0.008	0.9542	unique	assigned	1.0	7646.0	C73H119N13O18	False	True	False	False	False
20417	837.9469	4.2445	2.7609193046231496e-05	8.722947537102133e-06	1.5952736681479125	1.0	0.8	0.1999999999999999	50.0	0.0006660006660006	0.0122630432108188	salamandrivorans	life_stage	liq_Zoospore	liq_Developed	up_in_liq_Zoospore	4.7169724385744285																											True	False	False	False
2237	827.4513	2.088	0.0001440986927648	0.0004350012903357	-1.5898254683815956	1.0	1.0	0.0	0.0	0.0006660006660006	0.0122630432108188	salamandrivorans	life_stage	liq_Zoospore	liq_Developed	up_in_liq_Developed	9.115654020348687	2237.0	C44H58N8O8	[M + H]+	15-benzyl-21-(butan-2-yl)-18-(hydroxymethyl)-3-[(1H-indol-3-yl)methyl]-12-(propan-2-yl)-1,4,10,13,16,19,22-heptaazatricyclo[22.3.0.0⁶,¹⁰]heptacosane-2,5,11,14,17,20,23-heptone	CCC(C)C1C(=O)NC(C(=O)NC(C(=O)NC(C(=O)N2CCCC2C(=O)NC(C(=O)N3CCCC3C(=O)N1)CC4=CNC5=CC=CC=C54)C(C)C)CC6=CC=CC=C6)CO	0.121	Amino acids and Peptides	Linear peptides	Carboxylic acids and derivatives	4202.0	EB-MSV000090464-gnps_ms2	transferred	1.0	827.4521	2.08	827.4513	2.088	-0.967	0.008	1.0	unique	assigned	1.0	4202.0	C44H58N8O8	False	True	True	True	False
4563	459.2544	1.374184	0.0001757393274428	5.79992034003315e-05	1.5890782506339858	1.0	0.6	0.4	50.0	0.0006660006660006	0.0122630432108188	salamandrivorans	life_stage	liq_Zoospore	liq_Developed	up_in_liq_Zoospore	7.078314795819286	4563.0	C19H34N6O7	[M + H]+	Eurystatin C	CC1C(=O)C(=O)NC(C(=O)NCCCC(C(=O)N1)NC(=O)C=CCCC(C)C)C(C)C	0.258	Amino acids and Peptides	Tripeptides	Carboxylic acids and derivatives	4563.0	native-full-e9838293-bagel	native	1.0								native	native	1.0	4563.0	C19H34N6O7	False	True	False	False	False
17858	1227.6671	3.751171	3.5931813815952424e-05	1.1556332595972162e-05	1.585890441450431	1.0	0.6	0.4	50.0	0.0006660006660006	0.0122630432108188	salamandrivorans	life_stage	liq_Zoospore	liq_Developed	up_in_liq_Zoospore	4.773987152003499																											True	False	False	False
16068	1072.0007	1.8965	2.240207562805459e-05	6.833862022096151e-05	-1.5827273228503578	0.8	1.0	-0.1999999999999999	0.0	0.0006660006660006	0.0122630432108188	salamandrivorans	life_stage	liq_Zoospore	liq_Developed	up_in_liq_Developed	1.1023953583607935																											True	True	True	False
11239	343.1992	0.85547	3.657528873411326e-05	0.0001104307685266	-1.578036426978434	1.0	1.0	0.0	0.0	0.0006660006660006	0.0122630432108188	salamandrivorans	life_stage	liq_Zoospore	liq_Developed	up_in_liq_Developed	-0.5239719351826629	11239.0	C15H26N4O5	[M + H]+	1-[2-[(2,4-Diamino-4-oxobutanoyl)amino]-4-methylpentanoyl]pyrrolidine-2-carboxylic acid	CC(C)CC(C(=O)N1CCCC1C(=O)O)NC(=O)C(CC(=O)N)N	0.463	Amino acids and Peptides	Tripeptides	Carboxylic acids and derivatives	11239.0	native-full-e9838293-bagel	native	1.0								native	native	1.0	11239.0	C15H26N4O5	False	False	True	False	False
26161	390.3593	7.070339	3.62286676097358e-06	1.1941041355040946e-05	-1.565922066902821	1.0	1.0	0.0	0.0	0.0006660006660006	0.0122630432108188	salamandrivorans	life_stage	liq_Zoospore	liq_Developed	up_in_liq_Developed	-2.6863705529386155																											False	False	False	False
5617	708.3223	2.272607	0.0001063695095078	3.5616641963367345e-05	1.5619572071094063	1.0	0.9	0.0999999999999999	50.0	0.0006660006660006	0.0122630432108188	salamandrivorans	life_stage	liq_Zoospore	liq_Developed	up_in_liq_Zoospore	2.3849510852834093																											True	False	False	False
12833	1424.6641	2.326	0.0001050770278534	3.52433829645524e-05	1.5593604417884452	1.0	0.6	0.4	50.0	0.0006660006660006	0.0122630432108188	salamandrivorans	life_stage	liq_Zoospore	liq_Developed	up_in_liq_Zoospore	6.348882903927389																											True	False	False	False
22205	535.3085	4.631045	5.618627495373709e-06	1.771407262647955e-05	-1.5552790727182717	1.0	1.0	0.0	0.0	0.0006660006660006	0.0122630432108188	salamandrivorans	life_stage	liq_Zoospore	liq_Developed	up_in_liq_Developed	4.609223702912785																											True	True	True	False
24066	665.4573	4.300937	1.6599272193597094e-05	5.240841319749838e-06	1.5549002042439923	1.0	0.7	0.3	50.0	0.0006660006660006	0.0122630432108188	salamandrivorans	life_stage	liq_Zoospore	liq_Developed	up_in_liq_Zoospore	3.839565595325077																											True	True	True	False
38389	708.4289	2.732	2.303525496858384e-05	6.876858158615021e-05	-1.5525513586319817	1.0	1.0	0.0	0.0	0.0006660006660006	0.0122630432108188	salamandrivorans	life_stage	liq_Zoospore	liq_Developed	up_in_liq_Developed	6.314228561767539																											True	True	True	False
12089	801.4526	4.776799	1.4422204649737896e-05	4.346488457905428e-05	-1.551289734544149	1.0	1.0	0.0	0.0	0.0006660006660006	0.0122630432108188	salamandrivorans	life_stage	liq_Zoospore	liq_Developed	up_in_liq_Developed	6.014724357536627	12089.0	C44H60N6O8	[M + H]+	cyclo[Asp(OtBu)-DL-N(Me)Phe-Pro-D-Phe-xiIle-D-Pip]	CCC(C)C1C(=O)N2CCCCC2C(=O)NC(C(=O)N(C(C(=O)N3CCCC3C(=O)NC(C(=O)N1)CC4=CC=CC=C4)CC5=CC=CC=C5)C)CC(=O)OC(C)(C)C	0.073	Amino acids and Peptides	Cyclic peptides	Carboxylic acids and derivatives	12089.0	native-full-e9838293-bagel	native	1.0								native	native	1.0	12089.0	C44H60N6O8	False	True	True	True	False
18907	354.1644	0.941244	1.2272403780152004e-05	3.7140804311776456e-05	-1.5503935058165357	0.8	1.0	-0.1999999999999999	0.0	0.0006660006660006	0.0122630432108188	salamandrivorans	life_stage	liq_Zoospore	liq_Developed	up_in_liq_Developed	5.579439711562077																											True	True	True	False
1569	555.2792	1.927093	0.0001129076246076	0.0003287058604973	-1.5364752719387522	1.0	1.0	0.0	0.0	0.0006660006660006	0.0122630432108188	salamandrivorans	life_stage	liq_Zoospore	liq_Developed	up_in_liq_Developed	1.386694784350678	1569.0	C24H38N6O9	[M + H]+	H-Pro-Ser-Pro-Ser-Pro-Ser-al	C1CC(NC1)C(=O)NC(CO)C(=O)N2CCCC2C(=O)NC(CO)C(=O)N3CCCC3C(=O)NC(CO)C=O	0.385	Amino acids and Peptides	Cyclic peptides	Carboxylic acids and derivatives	3700.0	EB-MSV000090464-gnps_ms2	transferred	2.0	555.2789	1.92	555.2792	1.927093	0.54	0.007	1.0	ms2_winner	assigned	1.0	3700.0	C24H38N6O9	False	True	True	True	False
16260	522.7977	3.1305	1.3576672881877418e-05	4.044583746742825e-05	-1.532408675599598	0.6	1.0	-0.4	0.0	0.0006660006660006	0.0122630432108188	salamandrivorans	life_stage	liq_Zoospore	liq_Developed	up_in_liq_Developed	5.73439210613921																											True	True	True	False
4768	734.3174	1.2401	0.0001138496671965	3.917425759978962e-05	1.5243413046344465	1.0	0.7	0.3	50.0	0.0006660006660006	0.0122630432108188	salamandrivorans	life_stage	liq_Zoospore	liq_Developed	up_in_liq_Zoospore	6.519398873359706	4768.0	C28H47N9O12S	[M + H]+	4-{2-[(1-{2-[2-(2-amino-3-methylpentanamido)-3-hydroxybutanamido]-3-hydroxybutanoyl}pyrrolidin-2-yl)formamido]-3-(1H-imidazol-4-yl)propanamido}-4-carbamoylbutanoic acid	CCC(C)C(C(=O)NC(C(C)O)C(=O)NC(C(C)O)C(=O)N1CCCC1C(=O)NC(CC2=CN=CN2)C(=O)NC(CCC(=O)O)C(=O)N)N	0.184	Amino acids and Peptides	Tripeptides	Carboxylic acids and derivatives	1772.0	EB-MSV000090464-gnps_ms2	transferred	3.0	734.3178	1.23	734.3174	1.2401	-0.545	0.01	0.9999	ms2_winner	assigned	1.0	1772.0	C28H47N9O12S	False	True	False	False	False
24202	889.9898	4.352794	1.6042256737183728e-05	5.17812854676098e-06	1.5229802622861612	1.0	0.9	0.0999999999999999	50.0	0.0006660006660006	0.0122630432108188	salamandrivorans	life_stage	liq_Zoospore	liq_Developed	up_in_liq_Zoospore	4.14270487997038	24202.0	C37H30Br3N7O5	[M + H]+							24202.0	native-full-e9838293-bagel	native	1.0								native	native	1.0	24202.0	C37H30Br3N7O5	False	True	False	False	False
18209	876.0068	4.384761	1.9918420024364937e-05	6.5477580183828845e-06	1.5187763293148302	1.0	1.0	0.0	50.0	0.0006660006660006	0.0122630432108188	salamandrivorans	life_stage	liq_Zoospore	liq_Developed	up_in_liq_Zoospore	4.316594428349875																											True	False	False	False
8191	581.3172	3.07125	3.858845194959321e-05	0.0001117066635122	-1.5184720600641262	1.0	1.0	0.0	0.0	0.0006660006660006	0.0122630432108188	salamandrivorans	life_stage	liq_Zoospore	liq_Developed	up_in_liq_Developed	7.0738947145532185																											True	True	True	False
21880	346.3143	6.406316	2.6424124073038008e-06	8.656310394706231e-06	-1.5077103132455325	0.8	1.0	-0.1999999999999999	0.0	0.0006660006660006	0.0122630432108188	salamandrivorans	life_stage	liq_Zoospore	liq_Developed	up_in_liq_Developed	-4.034343463256673																											False	False	False	False
7361	698.4081	2.824815	3.958329865974218e-05	0.0001128809867696	-1.4973270087642303	1.0	1.0	0.0	0.0	0.0006660006660006	0.0122630432108188	salamandrivorans	life_stage	liq_Zoospore	liq_Developed	up_in_liq_Developed	7.378905326766217																											True	True	True	False
1871	359.2283	1.499909	0.0003392719436037	0.0001199167823835	1.4956053579404152	1.0	1.0	0.0	50.0	0.0006660006660006	0.0122630432108188	salamandrivorans	life_stage	liq_Zoospore	liq_Developed	up_in_liq_Zoospore	2.305645502020386	1871.0	C16H30N4O5	[M + H]+	2-[[2-[(2,5-Diamino-5-oxopentanoyl)amino]-3-methylpentanoyl]amino]-3-methylbutanoic acid	CCC(C)C(C(=O)NC(C(C)C)C(=O)O)NC(=O)C(CCC(=O)N)N	0.506	Amino acids and Peptides	Tripeptides	Carboxylic acids and derivatives	1871.0	native-full-e9838293-bagel	native	1.0								native	native	1.0	1871.0	C16H30N4O5	False	True	False	False	False
30683	854.4929	4.507596	9.161087508017132e-06	2.8966590826275525e-06	1.4758795658835575	1.0	0.6	0.4	50.0	0.0006660006660006	0.0122630432108188	salamandrivorans	life_stage	liq_Zoospore	liq_Developed	up_in_liq_Zoospore	3.182386129682599																											True	False	False	False
7136	331.1967	0.761	0.000110868324302	3.964245358928556e-05	1.4693934884424191	1.0	1.0	0.0	50.0	0.0006660006660006	0.0122630432108188	salamandrivorans	life_stage	liq_Zoospore	liq_Developed	up_in_liq_Zoospore	0.6079032795206458																											False	False	False	False
25729	925.9835	4.514078	1.4528374133078709e-05	4.851320248475235e-06	1.469259855478965	1.0	0.8	0.1999999999999999	50.0	0.0006660006660006	0.0122630432108188	salamandrivorans	life_stage	liq_Zoospore	liq_Developed	up_in_liq_Zoospore	3.6200114850857714																											True	False	False	False
22976	929.5042	3.979	2.339979402216976e-05	8.064643428995444e-06	1.4677216525257544	1.0	0.8	0.1999999999999999	50.0	0.0006660006660006	0.0122630432108188	salamandrivorans	life_stage	liq_Zoospore	liq_Developed	up_in_liq_Zoospore	4.157144530331193																											True	False	False	False
24229	781.9078	4.25199	1.672437368143666e-05	5.6524448428184525e-06	1.46741834556528	1.0	0.9	0.0999999999999999	50.0	0.0006660006660006	0.0122630432108188	salamandrivorans	life_stage	liq_Zoospore	liq_Developed	up_in_liq_Zoospore	4.317376793611602																											True	False	False	False
17985	1216.6429	4.384	2.720716066839692e-05	9.493482147981176e-06	1.46024505868091	1.0	1.0	0.0	50.0	0.0006660006660006	0.0122630432108188	salamandrivorans	life_stage	liq_Zoospore	liq_Developed	up_in_liq_Zoospore	4.371486902905362																											True	False	False	False
8298	885.4373	2.12393	4.7911079577580686e-05	0.0001328405434167	-1.4594389163435688	0.8	1.0	-0.1999999999999999	0.0	0.0006660006660006	0.0122630432108188	salamandrivorans	life_stage	liq_Zoospore	liq_Developed	up_in_liq_Developed	7.603834419533824																											True	True	True	False
28623	1098.5859	4.350595	1.0954716824350978e-05	3.5958986924438864e-06	1.4571394540775915	1.0	0.7	0.3	50.0	0.0006660006660006	0.0122630432108188	salamandrivorans	life_stage	liq_Zoospore	liq_Developed	up_in_liq_Zoospore	3.5056390007460307																											True	False	False	False
4463	803.4146	0.892	0.0001527325862479	5.538989755835749e-05	1.4531044133154214	1.0	0.8	0.1999999999999999	50.0	0.0006660006660006	0.0122630432108188	salamandrivorans	life_stage	liq_Zoospore	liq_Developed	up_in_liq_Zoospore	7.206147319980689	4463.0	C41H54N8O9	[M + H]+	N-{3-[15-(2-methanesulfinylethyl)-21-methyl-12-(2-methylpropyl)-2,8,11,14,17,20,23-heptaoxo-18-(propan-2-yl)-1,7,10,13,16,19,22-heptaazatricyclo[22.3.0.0³,⁷]heptacosan-9-yl]propyl}guanidine	CC1C(=O)NC(C(=O)NC(C(=O)NC(C(=O)NC(C(=O)N2CCCC2C(=O)N3CCCC3C(=O)N1)CCCN=C(N)N)CC(C)C)CCS(=O)C)C(C)C	0.342	Amino acids and Peptides	RiPPs	Carboxylic acids and derivatives	1112.0	EB-MSV000090464-gnps_ms2	transferred	2.0	803.4162	0.89	803.4146	0.892	-1.991	0.002	1.0	unique	assigned	1.0	1112.0	C41H54N8O9	False	True	False	False	False
3537	656.3629	2.308272	7.909774578018804e-05	0.0002147548366203	-1.4338807935960662	1.0	1.0	0.0	0.0	0.0006660006660006	0.0122630432108188	salamandrivorans	life_stage	liq_Zoospore	liq_Developed	up_in_liq_Developed	7.999660696213042																											True	True	True	False
473	1058.5812	2.04	0.0012721098847694	0.0004705197132965	1.43370007622828	1.0	0.9	0.0999999999999999	50.0	0.0006660006660006	0.0122630432108188	salamandrivorans	life_stage	liq_Zoospore	liq_Developed	up_in_liq_Zoospore	10.100574280947583	473.0	C50H79N11O14	[M + H]+	H-Leu-Leu-Phe-Gly-Nle-Pro-Val-Tyr-Val-OH	CCCCC(C(=O)N1CCCC1C(=O)NC(C(C)C)C(=O)NC(CC2=CC=C(C=C2)O)C(=O)NC(C(C)C)C(=O)O)NC(=O)CNC(=O)C(CC3=CC=CC=C3)NC(=O)C(CC(C)C)NC(=O)C(CC(C)C)N	0.85	Amino acids and Peptides	Cyclic peptides	Carboxylic acids and derivatives	4017.0	EB-MSV000090464-gnps_ms2	transferred	1.0	1058.5839	2.02	1058.5812	2.04	-2.551	0.02	1.0	unique	assigned	1.0	4017.0	C50H79N11O14	False	True	False	False	False
7753	860.4036	2.087783	2.437170026253176e-05	6.675763350314122e-05	-1.4308331635566658	0.6	1.0	-0.4	0.0	0.0006660006660006	0.0122630432108188	salamandrivorans	life_stage	liq_Zoospore	liq_Developed	up_in_liq_Developed	6.2006988371633165																											True	True	True	False
27602	976.5422	4.467739	7.757782485367583e-06	2.500013085796406e-06	1.425115935781408	1.0	0.7	0.3	50.0	0.0006660006660006	0.0122630432108188	salamandrivorans	life_stage	liq_Zoospore	liq_Developed	up_in_liq_Zoospore	3.4693653560096296																											True	False	False	False
7701	487.2613	0.702	0.0001090095173432	0.0002922829680476	-1.4177893470874758	1.0	1.0	0.0	0.0	0.0006660006660006	0.0122630432108188	salamandrivorans	life_stage	liq_Zoospore	liq_Developed	up_in_liq_Developed	2.5371746320621966																											True	False	False	False
4864	882.4349	2.923498	6.824856848289296e-05	0.000182597627322	-1.4116452036296523	1.0	1.0	0.0	0.0	0.0006660006660006	0.0122630432108188	salamandrivorans	life_stage	liq_Zoospore	liq_Developed	up_in_liq_Developed	8.025498896470989	4864.0	C49H55N9O7	[M + H]+	Nostocyclopeptide	CC1CC2C(=O)NC(C=NC(C(=O)NC(C(=O)NC(C(=O)N3CCCC3C(=O)NC(C(=O)N2C1)C(C)C)CCO)CC4=CC=C(C=C4)O)CC5=CC=C(C=C5)O)CC6=CC=C(C=C6)O	0.263	Amino acids and Peptides	Depsipeptides	Carboxylic acids and derivatives	6563.0	EB-MSV000090464-gnps_ms2	transferred	1.0	882.4331	2.92	882.4349	2.923498	2.04	0.003	1.0	unique	assigned	1.0	6563.0	C49H55N9O7	False	True	True	True	False
41	585.3254	2.104	0.0087682524125841	0.0232348194703935	-1.4058637232340894	1.0	1.0	0.0	0.0	0.0006660006660006	0.0122630432108188	salamandrivorans	life_stage	liq_Zoospore	liq_Developed	up_in_liq_Developed	3.954561118028878	41.0	C26H44N6O9	[M + H]+	Gln-Glu-Pro-Val-Leu	CC(C)CC(C(=O)O)NC(=O)C(C(C)C)NC(=O)C1CCCN1C(=O)C(CCC(=O)O)NC(=O)C(CCC(=O)N)N	0.686	Amino acids and Peptides	Tripeptides	Carboxylic acids and derivatives	4340.0	EB-MSV000090464-gnps_ms2	transferred	2.0	585.3251	2.11	585.3254	2.104	0.513	-0.006	1.0	unique	assigned	1.0	4340.0	C26H44N6O9	False	True	True	True	False
5157	666.8442	3.069014	0.0001279533120947	4.8020577297676654e-05	1.4023652849008712	1.0	1.0	0.0	50.0	0.0006660006660006	0.0122630432108188	salamandrivorans	life_stage	liq_Zoospore	liq_Developed	up_in_liq_Zoospore	6.841183848832205																											True	False	False	False
28816	279.1342	0.968	2.95098114453328e-05	7.887597530802234e-05	-1.3997003810872686	1.0	1.0	0.0	0.0	0.0006660006660006	0.0122630432108188	salamandrivorans	life_stage	liq_Zoospore	liq_Developed	up_in_liq_Developed	-2.237365224179947																											False	True	False	False
5422	702.3543	3.1485	0.0003119025361393	0.0001186985598722	1.3891443217699235	1.0	1.0	0.0	50.0	0.0006660006660006	0.0122630432108188	salamandrivorans	life_stage	liq_Zoospore	liq_Developed	up_in_liq_Zoospore	2.9601407451912776																											True	False	False	False
22878	385.2462	1.387	1.3940537332498456e-05	3.747754923063242e-05	-1.3876556030570644	1.0	1.0	0.0	0.0	0.0006660006660006	0.0122630432108188	salamandrivorans	life_stage	liq_Zoospore	liq_Developed	up_in_liq_Developed	5.690836080518951																											True	True	True	False
18059	875.5181	4.326823	1.678736821818153e-05	6.038573242182968e-06	1.3864590291292131	1.0	0.6	0.4	50.0	0.0006660006660006	0.0122630432108188	salamandrivorans	life_stage	liq_Zoospore	liq_Developed	up_in_liq_Zoospore	4.1841880458805445																											True	False	False	False
11924	551.6168	1.492911	5.781163012472484e-05	2.1759244840362827e-05	1.3846018320335456	1.0	0.7	0.3	50.0	0.0006660006660006	0.0122630432108188	salamandrivorans	life_stage	liq_Zoospore	liq_Developed	up_in_liq_Zoospore	5.558061624460502																											True	False	False	False
15038	970.533	3.000669	2.9413242926667065e-05	7.764680351470503e-05	-1.3818504211979394	0.6	1.0	-0.4	0.0	0.0006660006660006	0.0122630432108188	salamandrivorans	life_stage	liq_Zoospore	liq_Developed	up_in_liq_Developed	6.606720981585103	15038.0	C45H68N12O12	[M + H]+	cyclo[Ile-Pro-Pro-Ile-D-Pro-Pro-Thr-Lys-Ser]	CCC(C)C1C(=O)N2CCCC2C(=O)N3CCCC3C(=O)NC(C(=O)NC(C(=O)NC(C(=O)NC(C(=O)N4CCCC4C(=O)N5CCCC5C(=O)N1)C(C)CC)CO)CCCCN)C(C)O	0.915	Amino acids and Peptides	Cyclic peptides	Carboxylic acids and derivatives	15038.0	native-full-e9838293-bagel	native	1.0								native	native	1.0	15038.0	C45H68N12O12	False	True	True	True	False
16477	926.5015	4.2015	2.733280836936732e-05	1.0150970458366288e-05	1.375873246185974	1.0	1.0	0.0	50.0	0.0006660006660006	0.0122630432108188	salamandrivorans	life_stage	liq_Zoospore	liq_Developed	up_in_liq_Zoospore	4.799546982788161																											True	False	False	False
12765	551.9484	1.497538	4.174268562455529e-05	1.583814470079297e-05	1.3640107350166424	1.0	0.9	0.0999999999999999	50.0	0.0006660006660006	0.0122630432108188	salamandrivorans	life_stage	liq_Zoospore	liq_Developed	up_in_liq_Zoospore	4.97314679227566																											True	False	False	False
5603	702.8563	3.149	0.0002132143882938	8.254266308073811e-05	1.3624896571536225	1.0	1.0	0.0	50.0	0.0006660006660006	0.0122630432108188	salamandrivorans	life_stage	liq_Zoospore	liq_Developed	up_in_liq_Zoospore	7.524664084842837																											True	False	False	False
24879	235.1081	1.453	7.031696292761328e-06	1.901361480139799e-05	-1.3595137845676908	0.6	1.0	-0.4	0.0	0.0006660006660006	0.0122630432108188	salamandrivorans	life_stage	liq_Zoospore	liq_Developed	up_in_liq_Developed	4.793888412683022																											True	False	False	False
31569	845.4208	4.075	1.3742200680024812e-05	4.981813377339438e-06	1.3583649075780142	1.0	0.9	0.0999999999999999	50.0	0.0006660006660006	0.0122630432108188	salamandrivorans	life_stage	liq_Zoospore	liq_Developed	up_in_liq_Zoospore	3.463019160232593																											True	False	False	False
1497	708.4301	2.522568	0.000203688911364	0.0005148997702273	-1.3352770872906432	1.0	1.0	0.0	0.0	0.0006660006660006	0.0122630432108188	salamandrivorans	life_stage	liq_Zoospore	liq_Developed	up_in_liq_Developed	2.105888879527645	1497.0	C45H54O6	[M + H3N + H]+	5-hydroxy-6-{3-hydroxy-6-[4-(2-pentylphenyl)butyl]cyclohexa-2,4-dien-1-yl}-1-{3-[(6-hydroxynaphthalen-2-yl)methoxy]-4-methoxyphenyl}hexan-3-one	CCCCCC1=CC=CC=C1CCCCC2C=CC(=CC2CC(CC(=O)CCC3=CC(=C(C=C3)OC)OCC4=CC5=C(C=C4)C=C(C=C5)O)O)O	0.025	Terpenoids	Carotenoids (C40, β-β)	Prenol lipids	5634.0	EB-MSV000090464-gnps_ms2	transferred	3.0	708.4289	2.52	708.4301	2.522568	1.694	0.003	1.0	unique	assigned	1.0	5634.0	C45H54O6	False	True	True	True	True
6310	949.5453	3.736142	0.0001232927734998	4.865544649721332e-05	1.3303901173382588	1.0	0.9	0.0999999999999999	50.0	0.0006660006660006	0.0122630432108188	salamandrivorans	life_stage	liq_Zoospore	liq_Developed	up_in_liq_Zoospore	6.942178523149662	6310.0	C48H72N10O10	[M + H]+	H-Ala-Arg-Thr-Ile-Pro-Ile-Thr-Arg-al	CCC(C)C(C(=O)NC(C(C)O)C(=O)NC(CCCN=C(N)N)C=O)NC(=O)C1CCCN1C(=O)C(C(C)CC)NC(=O)C(C(C)O)NC(=O)C(CCCN=C(N)N)NC(=O)C(C)N	0.293	Amino acids and Peptides	Linear peptides	Carboxylic acids and derivatives	6310.0	native-full-e9838293-bagel	native	1.0								native	native	1.0	6310.0	C48H72N10O10	False	True	False	False	False
24098	846.9729	4.432613	1.2696703471388068e-05	4.694083384181383e-06	1.3254002058591954	1.0	0.9	0.0999999999999999	50.0	0.0006660006660006	0.0122630432108188	salamandrivorans	life_stage	liq_Zoospore	liq_Developed	up_in_liq_Zoospore	3.540681043851578																											True	False	False	False
24081	1125.6332	4.238515	9.60594056540298e-05	3.796390446775655e-05	1.3252171710327574	1.0	1.0	0.0	50.0	0.0006660006660006	0.0122630432108188	salamandrivorans	life_stage	liq_Zoospore	liq_Developed	up_in_liq_Zoospore	6.206606767129692																											True	False	False	False
33914	929.0009	4.560861	1.1809530955917575e-05	4.3621203878185935e-06	1.3189996081400392	1.0	1.0	0.0	50.0	0.0006660006660006	0.0122630432108188	salamandrivorans	life_stage	liq_Zoospore	liq_Developed	up_in_liq_Zoospore	3.2031522161037103																											True	False	False	False
19126	704.8567	3.704505	1.1200381130439682e-05	2.8803702887703985e-05	-1.31572732046114	0.8	1.0	-0.1999999999999999	0.0	0.0006660006660006	0.0122630432108188	salamandrivorans	life_stage	liq_Zoospore	liq_Developed	up_in_liq_Developed	5.241108466339044																											True	True	True	False
18793	1009.6207	4.116816	1.692573859916339e-05	6.4538933013774585e-06	1.3105860868911348	1.0	0.7	0.3	50.0	0.0006660006660006	0.0122630432108188	salamandrivorans	life_stage	liq_Zoospore	liq_Developed	up_in_liq_Zoospore	4.233584055493622																											True	False	False	False
4666	575.7984	2.921862	0.0001780996378749	7.148903412233897e-05	1.3094503403542213	1.0	0.8	0.1999999999999999	50.0	0.0006660006660006	0.0122630432108188	salamandrivorans	life_stage	liq_Zoospore	liq_Developed	up_in_liq_Zoospore	1.934708424094091	4666.0	C9H17As2Cl4N3O4S	[M + Na]+							4666.0	native-full-e9838293-bagel	native	1.0								native	native	1.0	4666.0	C9H17As2Cl4N3O4S	False	True	False	False	False
33931	842.9778	4.399913	9.622791595778268e-06	3.515442084302911e-06	1.308566879121388	1.0	0.7	0.3	50.0	0.0006660006660006	0.0122630432108188	salamandrivorans	life_stage	liq_Zoospore	liq_Developed	up_in_liq_Zoospore	3.1951554317245745																											True	False	False	False
4093	728.3608	1.58	9.48014622733882e-05	0.0002356678607038	-1.308162905722274	1.0	1.0	0.0	0.0	0.0006660006660006	0.0122630432108188	salamandrivorans	life_stage	liq_Zoospore	liq_Developed	up_in_liq_Developed	2.925352633730868																											True	True	True	False
26194	745.883	4.378805	1.0671115131586095e-05	3.947704239317294e-06	1.3057113737802375	1.0	0.7	0.3	50.0	0.0006660006660006	0.0122630432108188	salamandrivorans	life_stage	liq_Zoospore	liq_Developed	up_in_liq_Zoospore	3.250142923987855																											True	False	False	False
5534	548.3084	2.556	0.000135778670907	5.476444496478511e-05	1.3002821464929606	1.0	1.0	0.0	50.0	0.0006660006660006	0.0122630432108188	salamandrivorans	life_stage	liq_Zoospore	liq_Developed	up_in_liq_Zoospore	7.221779684656575	5534.0	C27H41N5O7	[M + H]+	H-Leu-Ser-Ile-Pro-Pro-OH	CCC(C)C(C(=O)N1CCCC1C(=O)N2CCCC2C(=O)O)NC(=O)C(CO)NC(=O)C(CC(C)C)N	0.445	Amino acids and Peptides	Tripeptides	Carboxylic acids and derivatives	5697.0	EB-MSV000090464-gnps_ms2	transferred	2.0	548.3091	2.54	548.3084	2.556	-1.277	0.016	0.9849	ms2_winner	assigned	1.0	5697.0	C27H41N5O7	False	True	False	False	False
8853	363.7018	1.549367	3.310809019569e-05	8.147411758424013e-05	-1.2833368675756536	1.0	1.0	0.0	0.0	0.0006660006660006	0.0122630432108188	salamandrivorans	life_stage	liq_Zoospore	liq_Developed	up_in_liq_Developed	1.4238174487384805																											True	True	True	False
8769	587.3066	0.978261	4.452115708925548e-05	0.0001087332091306	-1.2764866945596884	1.0	1.0	0.0	0.0	0.0006660006660006	0.0122630432108188	salamandrivorans	life_stage	liq_Zoospore	liq_Developed	up_in_liq_Developed	7.175419514371084																											True	True	True	False
3416	511.2853	1.969127	8.09499149747465e-05	0.0001951775493979	-1.2632571956355878	1.0	1.0	0.0	0.0	0.0006660006660006	0.0122630432108188	salamandrivorans	life_stage	liq_Zoospore	liq_Developed	up_in_liq_Developed	3.083749360116031																											True	True	True	False
551	631.3422	3.01324	0.0016522885986772	0.000690387227459	1.2582346612726651	1.0	1.0	0.0	50.0	0.0006660006660006	0.0122630432108188	salamandrivorans	life_stage	liq_Zoospore	liq_Developed	up_in_liq_Zoospore	3.3535532995452924	551.0	C31H46N6O8	[M + H]+	Unk-DL-Val-Pro-DL-Nva-Unk-Gly-DL-Phg-NH2	CCCC(C(=O)C(=O)NCC(=O)NC(C1=CC=CC=C1)C(=O)N)NC(=O)C2CCCN2C(=O)C(C(C)C)NC(=O)OCC(C)C	0.602	Amino acids and Peptides	Cyclic peptides	Carboxylic acids and derivatives	6736.0	EB-MSV000090464-gnps_ms2	transferred	2.0	631.3448	3.01	631.3422	3.01324	-4.118	0.003	0.9999	ms2_tie	assigned	1.0	6736.0	C31H46N6O8	False	True	False	False	False
15140	637.2982	1.904754	1.45239639711311e-05	3.554347213500935e-05	-1.2558093179894276	0.6	1.0	-0.4	0.0	0.0006660006660006	0.0122630432108188	salamandrivorans	life_stage	liq_Zoospore	liq_Developed	up_in_liq_Developed	5.597373436117749																											True	True	True	False
14465	528.3395	2.713	4.2133529636890895e-05	1.7351040309134303e-05	1.2503855730208062	1.0	0.7	0.3	50.0	0.0006660006660006	0.0122630432108188	salamandrivorans	life_stage	liq_Zoospore	liq_Developed	up_in_liq_Zoospore	5.264483786120832																											True	False	False	False
9368	346.2339	2.453	4.170333861250466e-05	0.0001000366306334	-1.249923648149743	1.0	1.0	0.0	0.0	0.0006660006660006	0.0122630432108188	salamandrivorans	life_stage	liq_Zoospore	liq_Developed	up_in_liq_Developed	2.2669036620972007																											True	False	False	False
18956	883.5058	4.0364	1.1917432535933504e-05	2.908470964754383e-05	-1.2444725701064925	0.6	1.0	-0.4	0.0	0.0006660006660006	0.0122630432108188	salamandrivorans	life_stage	liq_Zoospore	liq_Developed	up_in_liq_Developed	4.88007394415786																											True	False	False	False
5598	416.2509	1.952136	8.369930624928682e-05	3.508164437482263e-05	1.2398804678416	1.0	1.0	0.0	50.0	0.0006660006660006	0.0122630432108188	salamandrivorans	life_stage	liq_Zoospore	liq_Developed	up_in_liq_Zoospore	0.3746111745004526																											False	False	False	False
7264	316.2241	1.306182	3.48954736632111e-05	8.283254318620329e-05	-1.2325162965833625	1.0	1.0	0.0	0.0	0.0006660006660006	0.0122630432108188	salamandrivorans	life_stage	liq_Zoospore	liq_Developed	up_in_liq_Developed	6.703050320031828																											True	False	False	False
10862	626.3393	2.618	3.116838723951293e-05	7.406858598246082e-05	-1.2323969062407645	0.6	1.0	-0.4	0.0	0.0006660006660006	0.0122630432108188	salamandrivorans	life_stage	liq_Zoospore	liq_Developed	up_in_liq_Developed	6.447547434156156																											True	True	True	False
11497	491.2364	0.812	4.934727798808715e-05	2.0721947731245648e-05	1.2273050702681936	1.0	0.7	0.3	50.0	0.0006660006660006	0.0122630432108188	salamandrivorans	life_stage	liq_Zoospore	liq_Developed	up_in_liq_Zoospore	5.505331724070678																											True	False	False	False
2060	754.423	3.389465	0.0003744161265605	0.0001605435070954	1.2185062207270063	1.0	1.0	0.0	50.0	0.0006660006660006	0.0122630432108188	salamandrivorans	life_stage	liq_Zoospore	liq_Developed	up_in_liq_Zoospore	2.329243966519706																											True	False	False	False
11678	631.3124	1.3255	4.36328251592849e-05	1.8499454019929813e-05	1.210742941913287	1.0	0.6	0.4	50.0	0.0006660006660006	0.0122630432108188	salamandrivorans	life_stage	liq_Zoospore	liq_Developed	up_in_liq_Zoospore	5.492862001567102																											True	False	False	False
17063	664.6769	2.446	1.972534616382912e-05	4.623753841731064e-05	-1.2035961072232833	0.8	1.0	-0.1999999999999999	0.0	0.0006660006660006	0.0122630432108188	salamandrivorans	life_stage	liq_Zoospore	liq_Developed	up_in_liq_Developed	6.079405979038588																											True	True	True	False
23944	1218.621	4.227	1.1692348850097527e-05	4.7734069847568805e-06	1.1908887892831763	1.0	0.7	0.3	50.0	0.0006660006660006	0.0122630432108188	salamandrivorans	life_stage	liq_Zoospore	liq_Developed	up_in_liq_Zoospore	3.318483482643597																											True	False	False	False
7400	481.2304	1.950455	8.991451080174444e-05	3.924780968460632e-05	1.1832504399486412	1.0	1.0	0.0	50.0	0.0006660006660006	0.0122630432108188	salamandrivorans	life_stage	liq_Zoospore	liq_Developed	up_in_liq_Zoospore	6.582675081322388																											True	False	False	False
11198	851.4388	3.461069	4.911912543968717e-05	2.139229331830273e-05	1.1760842200358168	1.0	0.8	0.1999999999999999	50.0	0.0006660006660006	0.0122630432108188	salamandrivorans	life_stage	liq_Zoospore	liq_Developed	up_in_liq_Zoospore	5.423759288467862																											True	False	False	False
8645	1014.5361	3.193784	0.0001217990379937	5.4304524699306126e-05	1.1563105205219018	1.0	0.6	0.4	50.0	0.0006660006660006	0.0122630432108188	salamandrivorans	life_stage	liq_Zoospore	liq_Developed	up_in_liq_Zoospore	7.01455287798856																											True	False	False	False
9190	953.9425	2.196	4.7965857452358376e-05	2.121379231416869e-05	1.1539861808675278	1.0	0.6	0.4	50.0	0.0006660006660006	0.0122630432108188	salamandrivorans	life_stage	liq_Zoospore	liq_Developed	up_in_liq_Zoospore	5.447277078591938																											True	False	False	False
19361	648.0137	2.744	1.6276751744017243e-05	3.691749477113709e-05	-1.1516025524205438	0.6	1.0	-0.4	0.0	0.0006660006660006	0.0122630432108188	salamandrivorans	life_stage	liq_Zoospore	liq_Developed	up_in_liq_Developed	5.533395561735692																											True	True	True	False
5473	645.3213	3.019	6.687522146381674e-05	0.0001493029365052	-1.1513678780181942	1.0	1.0	0.0	0.0	0.0006660006660006	0.0122630432108188	salamandrivorans	life_stage	liq_Zoospore	liq_Developed	up_in_liq_Developed	7.68314077122246																											True	True	True	False
12888	726.3431	0.98013	5.5829539651750455e-05	2.4824676850904827e-05	1.1496086332042452	1.0	1.0	0.0	50.0	0.0006660006660006	0.0122630432108188	salamandrivorans	life_stage	liq_Zoospore	liq_Developed	up_in_liq_Zoospore	5.642940174752813																											True	False	False	False
11238	516.785	1.761984	2.094232458356932e-05	4.686805668407781e-05	-1.1390645338334984	1.0	1.0	0.0	0.0	0.0006660006660006	0.0122630432108188	salamandrivorans	life_stage	liq_Zoospore	liq_Developed	up_in_liq_Developed	5.884779481328026																											True	True	True	False
29755	861.4183	4.060681	1.4035673449592117e-05	6.041727988176731e-06	1.1375314475766798	1.0	0.8	0.1999999999999999	50.0	0.0006660006660006	0.0122630432108188	salamandrivorans	life_stage	liq_Zoospore	liq_Developed	up_in_liq_Zoospore	3.645973351811306																											True	False	False	False
9886	675.341	3.3485	6.529908021316983e-05	2.934762396445845e-05	1.1373004203696764	1.0	0.8	0.1999999999999999	50.0	0.0006660006660006	0.0122630432108188	salamandrivorans	life_stage	liq_Zoospore	liq_Developed	up_in_liq_Zoospore	5.872628645168375																											True	False	False	False
26254	893.4954	4.055672	1.923351551514571e-05	8.438427474510264e-06	1.1320916809346098	1.0	1.0	0.0	50.0	0.0006660006660006	0.0122630432108188	salamandrivorans	life_stage	liq_Zoospore	liq_Developed	up_in_liq_Zoospore	4.024032064526708																											True	False	False	False
6760	713.3375	2.324	0.000112231975558	5.1101872451260526e-05	1.1255904489128146	1.0	1.0	0.0	50.0	0.0006660006660006	0.0122630432108188	salamandrivorans	life_stage	liq_Zoospore	liq_Developed	up_in_liq_Zoospore	6.448455449886541																											True	False	False	False
28327	778.9133	4.146	1.2711532193821e-05	5.510335553046601e-06	1.1208482728768066	1.0	0.8	0.1999999999999999	50.0	0.0006660006660006	0.0122630432108188	salamandrivorans	life_stage	liq_Zoospore	liq_Developed	up_in_liq_Zoospore	3.583661805341913																											True	False	False	False
3591	498.3291	2.778	0.0001010607188351	0.0002183573653428	-1.1067382262818906	1.0	1.0	0.0	0.0	0.0006660006660006	0.0122630432108188	salamandrivorans	life_stage	liq_Zoospore	liq_Developed	up_in_liq_Developed	8.351565935941734																											True	False	False	False
21016	665.3857	4.097964	1.4352885310864754e-05	6.356180052519179e-06	1.1018809798902491	1.0	1.0	0.0	50.0	0.0006660006660006	0.0122630432108188	salamandrivorans	life_stage	liq_Zoospore	liq_Developed	up_in_liq_Zoospore	4.150133767285374																											True	False	False	False
7952	459.2076	1.5805	6.409074333638006e-05	2.969934883483986e-05	1.093775158323531	1.0	0.9	0.0999999999999999	50.0	0.0006660006660006	0.0122630432108188	salamandrivorans	life_stage	liq_Zoospore	liq_Developed	up_in_liq_Zoospore	0.4182424369561826																											False	False	False	False
3550	454.7289	1.895	0.0001030981886598	0.0002204004422457	-1.0915134281137175	1.0	1.0	0.0	0.0	0.0006660006660006	0.0122630432108188	salamandrivorans	life_stage	liq_Zoospore	liq_Developed	up_in_liq_Developed	1.0984765338937166	3550.0	C6HI3	[M + H]+							3550.0	native-full-e9838293-bagel	native	1.0								native	native	1.0	3550.0	C6HI3	False	True	False	False	False
15753	697.3583	1.412227	4.590673276008189e-05	2.129938850967436e-05	1.0858642741473703	1.0	0.9	0.0999999999999999	50.0	0.0006660006660006	0.0122630432108188	salamandrivorans	life_stage	liq_Zoospore	liq_Developed	up_in_liq_Zoospore	5.327266655723985																											True	False	False	False
22957	736.9337	4.097595	2.1216033682704288e-05	9.67737995080312e-06	1.0844589258485036	1.0	1.0	0.0	50.0	0.0006660006660006	0.0122630432108188	salamandrivorans	life_stage	liq_Zoospore	liq_Developed	up_in_liq_Zoospore	4.269863829191162																											True	False	False	False
995	417.2145	2.572	0.0003452796549505	0.0007305118864241	-1.079778852112928	1.0	1.0	0.0	0.0	0.0006660006660006	0.0122630432108188	salamandrivorans	life_stage	liq_Zoospore	liq_Developed	up_in_liq_Developed	1.5658997129852952	995.0	C21H28N4O5	[M + H]+	2-[[1-[3-Phenyl-2-(pyrrolidine-2-carbonylamino)propanoyl]pyrrolidine-2-carbonyl]amino]acetic acid	C1CC(NC1)C(=O)NC(CC2=CC=CC=C2)C(=O)N3CCCC3C(=O)NCC(=O)O	0.877	Amino acids and Peptides	Tripeptides	Carboxylic acids and derivatives	5763.0	EB-MSV000090464-gnps_ms2	transferred	3.0	417.2143	2.58	417.2145	2.572	0.479	-0.008	0.999	ms2_winner	assigned	1.0	5763.0	C21H28N4O5	False	True	True	True	False
25017	736.9235	4.078239	1.977362844273566e-05	9.103800705925125e-06	1.068552890764901	1.0	1.0	0.0	50.0	0.0006660006660006	0.0122630432108188	salamandrivorans	life_stage	liq_Zoospore	liq_Developed	up_in_liq_Zoospore	4.133183785378887																											True	False	False	False
36135	901.9838	4.376799	7.306495567445446e-06	3.1771716005942908e-06	1.0618258940333385	1.0	0.8	0.1999999999999999	50.0	0.0006660006660006	0.0122630432108188	salamandrivorans	life_stage	liq_Zoospore	liq_Developed	up_in_liq_Zoospore	2.8938171080365502																											True	False	False	False
34504	585.3243	4.098	6.837247292139378e-06	2.9561310785479963e-06	1.06031561971569	1.0	0.7	0.3	50.0	0.0006660006660006	0.0122630432108188	salamandrivorans	life_stage	liq_Zoospore	liq_Developed	up_in_liq_Zoospore	3.19572916317518																											True	False	False	False
9972	692.3494	3.244446	5.899927951168499e-05	2.805251971105092e-05	1.0561192104620882	1.0	0.7	0.3	50.0	0.0006660006660006	0.0122630432108188	salamandrivorans	life_stage	liq_Zoospore	liq_Developed	up_in_liq_Zoospore	5.855027656805392	9972.0	C37H47FN6O6	[M + H]+	H-DL-Glu-DL-Val-DL-Pro-DL-xiThr-DL-Val-DL-Phe-OH	CC(C)C(C(=O)NC(CC1=CC=CC=C1)C(=O)O)NC(=O)C(C(C)O)NC(=O)C2CCCN2C(=O)C(C(C)C)NC(=O)C(CCC(=O)O)N	0.317	Amino acids and Peptides	Tripeptides	Carboxylic acids and derivatives	9972.0	native-full-e9838293-bagel	native	1.0								native	native	1.0	9972.0	C37H47FN6O6	False	True	False	False	False
1094	658.3434	2.392344	0.000450676686928	0.000931343878903	-1.0461984182626505	1.0	1.0	0.0	0.0	0.0006660006660006	0.0122630432108188	salamandrivorans	life_stage	liq_Zoospore	liq_Developed	up_in_liq_Developed	4.396274102401352	1094.0	C33H47N5O9	[M + H]+	Hikiamide A	CC(C)CC1C(=O)NC(C(=O)NC(C(=O)NC(C(=O)NC(C(=O)N1)CC2=CC=CC=C2)CC3=CC=CC=C3)CC(C)C)C(C)C	0.437	Amino acids and Peptides	Cyclic peptides	Carboxylic acids and derivatives	5273.0	EB-MSV000090464-gnps_ms2	transferred	1.0	658.342	2.4	658.3434	2.392344	2.127	-0.008	1.0	unique	assigned	1.0	5273.0	C33H47N5O9	False	True	True	True	False
24689	910.5156	4.222	1.4133870249178136e-05	6.548649868709624e-06	1.0413556241347712	1.0	0.7	0.3	50.0	0.0006660006660006	0.0122630432108188	salamandrivorans	life_stage	liq_Zoospore	liq_Developed	up_in_liq_Zoospore	3.971858943871863																											True	False	False	False
17380	723.4272	3.773177	3.529810731253334e-05	1.6902437805677577e-05	1.0355222965362918	1.0	0.8	0.1999999999999999	50.0	0.0006660006660006	0.0122630432108188	salamandrivorans	life_stage	liq_Zoospore	liq_Developed	up_in_liq_Zoospore	5.349212026160763																											True	False	False	False
15692	272.2957	6.595022	2.171426800557157e-06	5.04511845470104e-06	-1.0211933686958463	0.8	1.0	-0.1999999999999999	0.0	0.0006660006660006	0.0122630432108188	salamandrivorans	life_stage	liq_Zoospore	liq_Developed	up_in_liq_Developed	-5.561994890657291	15692.0	C17H37NO	[M + H]+	1-Pentadecanamine, N,N-dimethyl-, N-oxide	CCCCCCCCCCCCCCC[N+](C)(C)[O-]	0.272	Fatty acids	Sphingoid bases	Organonitrogen compounds	15692.0	native-full-e9838293-bagel	native	1.0								native	native	1.0	15692.0	C17H37NO	False	False	True	False	True
24639	867.9914	4.37937	1.721697038716833e-05	8.192683983844337e-06	1.0172456388590527	1.0	1.0	0.0	50.0	0.0006660006660006	0.0122630432108188	salamandrivorans	life_stage	liq_Zoospore	liq_Developed	up_in_liq_Zoospore	4.029219852634208																											True	False	False	False
29187	826.4621	4.03	1.5989537334692754e-05	7.589691793712585e-06	1.016642417346913	1.0	1.0	0.0	50.0	0.0006660006660006	0.0122630432108188	salamandrivorans	life_stage	liq_Zoospore	liq_Developed	up_in_liq_Zoospore	4.16757899206187																											True	False	False	False
24494	442.2659	0.968	0.0001696304382102	0.000338048296538	-0.992215873828831	1.0	1.0	0.0	0.0	0.0006660006660006	0.0122630432108188	salamandrivorans	life_stage	liq_Zoospore	liq_Developed	up_in_liq_Developed	2.7753917926857703																											True	False	False	False
4194	659.0088	2.569	0.0001366256494945	0.0002722218904273	-0.991306537914648	1.0	1.0	0.0	0.0	0.0006660006660006	0.0122630432108188	salamandrivorans	life_stage	liq_Zoospore	liq_Developed	up_in_liq_Developed	3.5405755936980645																											True	True	True	False
28487	825.4623	4.168225	9.504724746204737e-06	4.507339896429539e-06	0.9816479026525176	1.0	0.9	0.0999999999999999	50.0	0.0006660006660006	0.0122630432108188	salamandrivorans	life_stage	liq_Zoospore	liq_Developed	up_in_liq_Zoospore	3.1520078845874187																											True	False	False	False
28726	798.4487	4.583371	1.2351018701502096e-05	5.96848508188299e-06	0.9773100801699692	1.0	0.7	0.3	50.0	0.0006660006660006	0.0122630432108188	salamandrivorans	life_stage	liq_Zoospore	liq_Developed	up_in_liq_Zoospore	3.561366314005413																											True	False	False	False
26262	1080.1051	4.363465	9.637165992078824e-06	4.5966386127864295e-06	0.9754864158218092	1.0	0.8	0.1999999999999999	50.0	0.0006660006660006	0.0122630432108188	salamandrivorans	life_stage	liq_Zoospore	liq_Developed	up_in_liq_Zoospore	3.1777827858633483																											True	False	False	False
20416	439.2386	0.845	3.141951861646664e-05	1.5682358381232334e-05	0.9747867009095368	1.0	0.6	0.4	50.0	0.0006660006660006	0.0122630432108188	salamandrivorans	life_stage	liq_Zoospore	liq_Developed	up_in_liq_Zoospore	5.001507904822332																											True	False	False	False
10075	570.3292	1.848	4.2817500032306746e-05	2.1512576336230835e-05	0.9727806474008456	1.0	0.7	0.3	50.0	0.0006660006660006	0.0122630432108188	salamandrivorans	life_stage	liq_Zoospore	liq_Developed	up_in_liq_Zoospore	5.34168426056813																											True	False	False	False
4265	664.0112	2.476	8.933505624184129e-05	0.0001757929468857	-0.9716828602066244	1.0	1.0	0.0	0.0	0.0006660006660006	0.0122630432108188	salamandrivorans	life_stage	liq_Zoospore	liq_Developed	up_in_liq_Developed	2.864999755990812																											True	True	True	False
16730	541.3351	2.260578	4.779534313984042e-05	9.427424358554438e-05	-0.9708612629100128	1.0	1.0	0.0	0.0	0.0006660006660006	0.0122630432108188	salamandrivorans	life_stage	liq_Zoospore	liq_Developed	up_in_liq_Developed	6.799670446411937																											True	True	True	False
19850	736.4279	4.088523	2.487952846726799e-05	1.2394720576972425e-05	0.9703448559271516	1.0	1.0	0.0	50.0	0.0006660006660006	0.0122630432108188	salamandrivorans	life_stage	liq_Zoospore	liq_Developed	up_in_liq_Zoospore	4.738374942100364																											True	False	False	False
6485	695.4055	2.244155	9.6581552540491e-05	4.925934820542387e-05	0.962541576367951	1.0	0.9	0.0999999999999999	50.0	0.0006660006660006	0.0122630432108188	salamandrivorans	life_stage	liq_Zoospore	liq_Developed	up_in_liq_Zoospore	6.660943350277773	6485.0	C37H54N6O7	[M + H]+	Nocardiamide B	CC(C)CC1C(=O)NC(C(=O)NC(C(=O)NC(C(=O)NC(C(=O)NC(C(=O)N1)C(C)C)C(C)C)C(C)C)CC2=CC=C(C=C2)O)C(C)C	0.236	Amino acids and Peptides	Tripeptides	Carboxylic acids and derivatives	6485.0	native-full-e9838293-bagel	native	1.0								native	native	1.0	6485.0	C37H54N6O7	False	True	False	False	False
6316	948.4338	2.10267	0.0001034762540914	5.295317010145845e-05	0.958340066457038	1.0	0.7	0.3	50.0	0.0006660006660006	0.0122630432108188	salamandrivorans	life_stage	liq_Zoospore	liq_Developed	up_in_liq_Zoospore	-0.2868770104258293																											False	False	False	False
27310	669.3995	4.439484	1.4339956213000322e-05	7.113560377497706e-06	0.9519322154858074	1.0	1.0	0.0	50.0	0.0006660006660006	0.0122630432108188	salamandrivorans	life_stage	liq_Zoospore	liq_Developed	up_in_liq_Zoospore	3.809259460027077																											True	False	False	False
6949	654.3679	3.498858	6.136602223861959e-05	3.161620738408931e-05	0.9432682775523468	1.0	1.0	0.0	50.0	0.0006660006660006	0.0122630432108188	salamandrivorans	life_stage	liq_Zoospore	liq_Developed	up_in_liq_Zoospore	6.299199721620371																											True	False	False	False
12642	603.2769	3.371	3.509060995508021e-05	6.800411094221164e-05	-0.94236942644374	1.0	1.0	0.0	0.0	0.0006660006660006	0.0122630432108188	salamandrivorans	life_stage	liq_Zoospore	liq_Developed	up_in_liq_Developed	6.722245024221063																											True	False	False	False
26420	1179.6541	4.2375	1.935934362127921e-05	9.82170575460199e-06	0.9361744115776662	1.0	1.0	0.0	50.0	0.0006660006660006	0.0122630432108188	salamandrivorans	life_stage	liq_Zoospore	liq_Developed	up_in_liq_Zoospore	4.299166711218889																											True	False	False	False
18830	1076.5223	2.777	4.648470036592292e-05	2.407999623331981e-05	0.931369738521178	1.0	0.7	0.3	50.0	0.0006660006660006	0.0122630432108188	salamandrivorans	life_stage	liq_Zoospore	liq_Developed	up_in_liq_Zoospore	5.69648844172495																											True	False	False	False
25251	630.3193	4.621971	1.0752855284713752e-05	5.414005017605927e-06	0.914445220241596	1.0	0.9	0.0999999999999999	50.0	0.0006660006660006	0.0122630432108188	salamandrivorans	life_stage	liq_Zoospore	liq_Developed	up_in_liq_Zoospore	3.332713174107261																											True	False	False	False
8023	813.4318	1.76834	3.7768672403757566e-05	7.129260250746735e-05	-0.9055699651551709	1.0	1.0	0.0	0.0	0.0006660006660006	0.0122630432108188	salamandrivorans	life_stage	liq_Zoospore	liq_Developed	up_in_liq_Developed	6.562255106616796																											True	False	False	False
1815	626.3174	1.626	0.000318233436995	0.0005908595423216	-0.8914355537233097	1.0	1.0	0.0	0.0	0.0006660006660006	0.0122630432108188	salamandrivorans	life_stage	liq_Zoospore	liq_Developed	up_in_liq_Developed	2.734665349198749	1815.0	C32H43N5O8	[M + H]+	H-Ala-Pro-Asp-Ser-Arg-Pro-al	CC(C(=O)N1CCCC1C(=O)NC(CC(=O)O)C(=O)NC(CO)C(=O)NC(CCCN=C(N)N)C(=O)N2CCCC2C=O)N	0.523	Amino acids and Peptides	Cyclic peptides	Carboxylic acids and derivatives	2662.0	EB-MSV000090464-gnps_ms2	transferred	3.0	626.3171	1.61	626.3174	1.626	0.479	0.016	0.9996	ms2_winner	assigned	1.0	2662.0	C32H43N5O8	False	True	False	False	False
28541	1180.6296	4.234	1.3965472551507437e-05	7.26113818346162e-06	0.8880851014605907	1.0	1.0	0.0	50.0	0.0006660006660006	0.0122630432108188	salamandrivorans	life_stage	liq_Zoospore	liq_Developed	up_in_liq_Zoospore	3.935083595735017																											True	False	False	False
6247	773.4193	2.777	0.0001203953442149	6.511092239419136e-05	0.8805492917816374	1.0	1.0	0.0	50.0	0.0006660006660006	0.0122630432108188	salamandrivorans	life_stage	liq_Zoospore	liq_Developed	up_in_liq_Zoospore	7.092182328258848																											True	False	False	False
2077	745.389	2.167224	0.0002319776316243	0.000126029935632	0.8769918436251034	1.0	0.9	0.0999999999999999	50.0	0.0006660006660006	0.0122630432108188	salamandrivorans	life_stage	liq_Zoospore	liq_Developed	up_in_liq_Zoospore	3.066816545286092																											True	False	False	False
7414	1157.6075	3.478092	7.368213679397944e-05	4.027056857930566e-05	0.861641021304046	1.0	1.0	0.0	50.0	0.0006660006660006	0.0122630432108188	salamandrivorans	life_stage	liq_Zoospore	liq_Developed	up_in_liq_Zoospore	6.198013026052621																											True	False	False	False
32317	1367.7445	4.38296	8.941696366272142e-06	4.647835732971849e-06	0.8600984393855188	1.0	1.0	0.0	50.0	0.0006660006660006	0.0122630432108188	salamandrivorans	life_stage	liq_Zoospore	liq_Developed	up_in_liq_Zoospore	3.34544124479414																											True	False	False	False
3701	585.2515	1.054664	0.0001479035561382	0.0002672724325446	-0.8509635500366197	1.0	1.0	0.0	0.0	0.0006660006660006	0.0122630432108188	salamandrivorans	life_stage	liq_Zoospore	liq_Developed	up_in_liq_Developed	8.201441813533188	3701.0	C23H40N2O15	[M + H]+	N-[(2S,4R,5R)-6-[[(2R,4R,5R)-3-acetamido-4-hydroxy-6-(hydroxymethyl)-5-[(2S,4S,5R)-3,4,5-trihydroxy-6-(hydroxymethyl)oxan-2-yl]oxyoxan-2-yl]oxymethyl]-4,5-dihydroxy-2-methyloxan-3-yl]acetamide	CC1C(C(C(C(O1)COC2C(C(C(C(O2)CO)OC3C(C(C(C(O3)CO)O)O)O)O)NC(=O)C)O)O)NC(=O)C	0.28	Carbohydrates	Aminosugars	Carboxylic acids and derivatives	1567.0	EB-MSV000090464-gnps_ms2	transferred	3.0	585.2508	1.07	585.2515	1.054664	1.196	-0.015	0.9999	ms2_winner	assigned	1.0	1567.0	C23H40N2O15	False	True	False	False	False
6966	625.3292	3.307	6.284297876672967e-05	0.0001124758675484	-0.833562494722288	1.0	1.0	0.0	0.0	0.0006660006660006	0.0122630432108188	salamandrivorans	life_stage	liq_Zoospore	liq_Developed	up_in_liq_Developed	7.294917235803608																											True	False	False	False
2422	761.4301	3.413321	0.0003428983522948	0.000192859941561	0.8282042867885056	1.0	1.0	0.0	50.0	0.0006660006660006	0.0122630432108188	salamandrivorans	life_stage	liq_Zoospore	liq_Developed	up_in_liq_Zoospore	2.45095844353526	2422.0	C30H56N12O11	[M + H]+	Xentrivalpeptide Q	CC1C(C(=O)NC(C(=O)N2CCCC2C(=O)NC(C(=O)NC(C(=O)O1)C(C)C)C(C)C)CC3=CC=CC=C3)NC(=O)C(C(C)C)NC(=O)CC4=CC=CC=C4	0.677	Amino acids and Peptides	Cyclic peptides	Carboxylic acids and derivatives	2422.0	native-full-e9838293-bagel	native	1.0								native	native	1.0	2422.0	C30H56N12O11	False	True	False	False	False
35445	1158.6509	4.323966	7.981994633609455e-06	4.25309337077328e-06	0.8198774070018536	1.0	0.7	0.3	50.0	0.0006660006660006	0.0122630432108188	salamandrivorans	life_stage	liq_Zoospore	liq_Developed	up_in_liq_Zoospore	3.384609075561449																											True	False	False	False
12909	853.4761	3.174682	4.068130037191204e-05	2.2861418275206253e-05	0.8146767525518396	1.0	1.0	0.0	50.0	0.0006660006660006	0.0122630432108188	salamandrivorans	life_stage	liq_Zoospore	liq_Developed	up_in_liq_Zoospore	5.4019979470437285																											True	False	False	False
13206	316.2245	1.484	3.043906307322377e-05	5.3744661076892696e-05	-0.8076616771380012	1.0	1.0	0.0	0.0	0.0006660006660006	0.0122630432108188	salamandrivorans	life_stage	liq_Zoospore	liq_Developed	up_in_liq_Developed	6.311907844344023																											True	False	False	False
5176	796.8886	2.18	0.0001550180347134	8.843262869489654e-05	0.805466943386817	1.0	1.0	0.0	50.0	0.0006660006660006	0.0122630432108188	salamandrivorans	life_stage	liq_Zoospore	liq_Developed	up_in_liq_Zoospore	2.327173598878376																											True	False	False	False
33323	645.8434	4.514198	3.524029019162957e-06	6.602924541657703e-06	-0.8015999195734469	1.0	1.0	0.0	0.0	0.0006660006660006	0.0122630432108188	salamandrivorans	life_stage	liq_Zoospore	liq_Developed	up_in_liq_Developed	3.431227191078925																											True	False	False	False
6052	763.917	3.417053	0.0001398175638763	8.092467565238076e-05	0.7842688351820124	1.0	1.0	0.0	50.0	0.0006660006660006	0.0122630432108188	salamandrivorans	life_stage	liq_Zoospore	liq_Developed	up_in_liq_Zoospore	0.7149406967634114	6052.0	C20H28Br3N7O6S2	[M + H]+							6052.0	native-full-e9838293-bagel	native	1.0								native	native	1.0	6052.0	C20H28Br3N7O6S2	False	False	False	False	False
6694	728.8387	1.548	9.203302253945592e-05	5.362495731110947e-05	0.7723527952644365	1.0	1.0	0.0	50.0	0.0006660006660006	0.0122630432108188	salamandrivorans	life_stage	liq_Zoospore	liq_Developed	up_in_liq_Zoospore	6.999474870532536																											True	False	False	False
14001	638.3505	3.417559	4.179812707798196e-05	7.159083713846189e-05	-0.7675392612080713	1.0	1.0	0.0	0.0	0.0006660006660006	0.0122630432108188	salamandrivorans	life_stage	liq_Zoospore	liq_Developed	up_in_liq_Developed	6.703143281940732																											True	False	False	False
2148	400.2201	0.602	0.0001728636747749	0.000292058659901	-0.754518812257879	1.0	1.0	0.0	0.0	0.0006660006660006	0.0122630432108188	salamandrivorans	life_stage	liq_Zoospore	liq_Developed	up_in_liq_Developed	1.4124433266534837																											True	False	False	False
16153	886.462	3.877	3.315020653406287e-05	1.943904340644599e-05	0.7515082162718505	1.0	1.0	0.0	50.0	0.0006660006660006	0.0122630432108188	salamandrivorans	life_stage	liq_Zoospore	liq_Developed	up_in_liq_Zoospore	5.227541651859117																											True	False	False	False
10897	528.2461	1.248186	4.283754023696766e-05	7.064492476968246e-05	-0.7135901115007477	1.0	1.0	0.0	0.0	0.0006660006660006	0.0122630432108188	salamandrivorans	life_stage	liq_Zoospore	liq_Developed	up_in_liq_Developed	6.544925420952181																											True	False	False	False
27118	587.2573	1.183543	1.0437546246885585e-05	1.7468373715930024e-05	-0.7100488309950121	0.8	1.0	-0.1999999999999999	0.0	0.0006660006660006	0.0122630432108188	salamandrivorans	life_stage	liq_Zoospore	liq_Developed	up_in_liq_Developed	4.829004995929961																											True	False	False	False
6009	546.2983	1.515742	0.0001099599543283	6.703290912137916e-05	0.7088688441418056	1.0	0.8	0.1999999999999999	50.0	0.0006660006660006	0.0122630432108188	salamandrivorans	life_stage	liq_Zoospore	liq_Developed	up_in_liq_Zoospore	7.130587931493303																											True	False	False	False
15909	519.2637	1.88	3.001027878727852e-05	4.932690011044933e-05	-0.7054428946250615	1.0	1.0	0.0	0.0	0.0006660006660006	0.0122630432108188	salamandrivorans	life_stage	liq_Zoospore	liq_Developed	up_in_liq_Developed	1.1454992943854367																											True	True	True	False
2663	794.9399	3.292	0.0003413460236796	0.0002102528827771	0.6974803085219267	1.0	0.9	0.0999999999999999	50.0	0.0006660006660006	0.0122630432108188	salamandrivorans	life_stage	liq_Zoospore	liq_Developed	up_in_liq_Zoospore	8.52830280243553	2663.0	C21H34Br4N8O5	[M + H]+							2663.0	native-full-e9838293-bagel	native	1.0								native	native	1.0	2663.0	C21H34Br4N8O5	False	True	False	False	False
26917	1090.1122	4.222	1.3305304234853971e-05	7.998622370439168e-06	0.6922015501230748	1.0	1.0	0.0	50.0	0.0006660006660006	0.0122630432108188	salamandrivorans	life_stage	liq_Zoospore	liq_Developed	up_in_liq_Zoospore	4.113667921655493																											True	False	False	False
31106	288.1912	2.049	7.674641008431889e-05	0.0001236672239878	-0.6839011816439877	1.0	1.0	0.0	0.0	0.0006660006660006	0.0122630432108188	salamandrivorans	life_stage	liq_Zoospore	liq_Developed	up_in_liq_Developed	0.7327613070000764																											False	False	False	False
29080	906.4944	4.158273	1.6402740739452405e-05	1.0238088080327312e-05	0.6487097560026525	1.0	0.9	0.0999999999999999	50.0	0.0006660006660006	0.0122630432108188	salamandrivorans	life_stage	liq_Zoospore	liq_Developed	up_in_liq_Zoospore	4.384129106505557																											True	False	False	False
8715	730.4206	3.644669	8.467485976348757e-05	5.407246639128795e-05	0.6411199259493726	1.0	1.0	0.0	50.0	0.0006660006660006	0.0122630432108188	salamandrivorans	life_stage	liq_Zoospore	liq_Developed	up_in_liq_Zoospore	6.9645433718605005																											True	False	False	False
8477	677.3514	2.525	5.176640171436168e-05	8.094198521836957e-05	-0.6387079009805872	1.0	1.0	0.0	0.0	0.0006660006660006	0.0122630432108188	salamandrivorans	life_stage	liq_Zoospore	liq_Developed	up_in_liq_Developed	6.849226304808051																											True	True	True	False
2510	527.2476	1.258821	0.0001764704471099	0.0002740790095653	-0.6333663120058939	1.0	1.0	0.0	0.0	0.0006660006660006	0.0122630432108188	salamandrivorans	life_stage	liq_Zoospore	liq_Developed	up_in_liq_Developed	8.61657650617898	2510.0	C20H36N6O9	[M + Na]+	Ac-Thr-Val-Ala-Ser-Ser-NH2	CC(C)C(C(=O)NC(C)C(=O)NC(CO)C(=O)NC(CO)C(=O)N)NC(=O)C(C(C)O)NC(=O)C	0.265	Carbohydrates	Aminoglycosides	Organooxygen compounds	1791.0	EB-MSV000090464-gnps_ms2	transferred	3.0	527.246	1.25	527.2476	1.258821	3.035	0.009	1.0	ms2_tie	assigned	1.0	1791.0	C20H36N6O9	False	True	False	False	False
1826	545.2953	1.522083	0.0004087120539999	0.0002644979474227	0.626637965561208	1.0	1.0	0.0	50.0	0.0006660006660006	0.0122630432108188	salamandrivorans	life_stage	liq_Zoospore	liq_Developed	up_in_liq_Zoospore	2.1810783365358954	1826.0	C23H40N6O9	[M + H]+	(4R,5S,6S,7R)-4,7-dibenzyl-5,6-dihydroxy-1,3-bis[4-(oxiran-2-yl)butyl]-1,3-diazepan-2-one	C1C(O1)CCCCN2C(C(C(C(N(C2=O)CCCCC3CO3)CC4=CC=CC=C4)O)O)CC5=CC=CC=C5	0.057	Amino acids and Peptides	Open-chain polyketides	Carboxylic acids and derivatives	2955.0	EB-MSV000090464-gnps_ms2	transferred	3.0	545.2952	1.69	545.2953	1.522083	0.183	-0.168	1.0	ms2_winner	assigned	1.0	2955.0	C23H40N6O9	False	True	False	False	True
5871	312.1123	6.391642	4.039367900311927e-06	2.446020136580992e-06	0.6038222983764406	1.0	0.9	0.0999999999999999	50.0	0.0006660006660006	0.0122630432108188	salamandrivorans	life_stage	liq_Zoospore	liq_Developed	up_in_liq_Zoospore	-8.237191656340121	5871.0	C12H17F2N3O3	[M + Na]+	N-[2-[ethyl(methyl)amino]ethoxy]-2,6-difluoro-N-methyl-4-nitroaniline	CCN(C)CCON(C)C1=C(C=C(C=C1F)[N+](=O)[O-])F	0.015	Amino acids and Peptides	Dipeptides	Carboxylic acids and derivatives	8945.0	EB-MSV000090464-gnps_ms2	transferred	2.0	312.1125	6.39	312.1123	6.391642	-0.641	0.002	1.0	unique	assigned	1.0	8945.0	C12H17F2N3O3	False	False	False	False	False
14155	372.3474	7.3	4.055381251750231e-06	6.42455092215507e-06	-0.5914593397052548	1.0	1.0	0.0	0.0	0.0006660006660006	0.0122630432108188	salamandrivorans	life_stage	liq_Zoospore	liq_Developed	up_in_liq_Developed	-3.87118840915323	14155.0	C22H45NO3	[M + H]+	2-(2-Hydroxyethoxy)ethyl stearamide	CCCCCCCCCCCCCCCCCC(=O)NCCOCCO	0.062	Fatty acids	Sphingoid bases	Fatty Acyls	14155.0	native-full-e9838293-bagel	native	1.0								native	native	1.0	14155.0	C22H45NO3	False	False	False	False	True
8820	543.2784	0.648339	2.978390153138249e-05	4.461746137938017e-05	-0.5732668431305917	1.0	1.0	0.0	0.0	0.0006660006660006	0.0122630432108188	salamandrivorans	life_stage	liq_Zoospore	liq_Developed	up_in_liq_Developed	-2.9930865508532687	8820.0	C28H38N4O7	[M + H]+	Benzyloxycarbonyl-isoleucyl-alanyl-alpha-aminoisobutyryl-alpha-aminoisobutyrate methyl ester	CCC(C)C(C(=O)NC(C)C(=O)NC(C)(C)C(=O)NC(C)(C)C(=O)OC)NC(=O)OCC1=CC=CC=C1	0.35	Amino acids and Peptides	Cyclic peptides	Carboxylic acids and derivatives	445.0	EB-MSV000090464-gnps_ms2	transferred	3.0	543.2775	0.61	543.2784	0.648339	1.657	0.038	0.9692	unique	assigned	1.0	445.0	C28H38N4O7	False	False	False	False	False
1176	709.3527	2.3665	0.0005686583151746	0.0008457164359507	-0.5720974167253366	1.0	1.0	0.0	0.0	0.0006660006660006	0.0122630432108188	salamandrivorans	life_stage	liq_Zoospore	liq_Developed	up_in_liq_Developed	5.257605541004231	1176.0	C30H52N4O15	[M + H]+	H-Pro-Gly-Leu-Trp-Lys-Ala-OH	CC(C)CC(C(=O)NC(CC1=CNC2=CC=CC=C21)C(=O)NC(CCCCN)C(=O)NC(C)C(=O)O)NC(=O)CNC(=O)C3CCCN3	0.646	Amino acids and Peptides	Cyclic peptides	Carboxylic acids and derivatives	5174.0	EB-MSV000090464-gnps_ms2	transferred	2.0	709.3527	2.37	709.3527	2.3665	0.0	-0.004	1.0	ms2_tie	assigned	1.0	5174.0	C30H52N4O15	False	True	False	False	False
21086	893.4653	3.683944	1.7197830221932755e-05	2.5631775589813347e-05	-0.559102269686348	1.0	1.0	0.0	0.0	0.0006660006660006	0.0122630432108188	salamandrivorans	life_stage	liq_Zoospore	liq_Developed	up_in_liq_Developed	5.314670369892994																											True	False	False	False
1212	652.3278	2.89034	0.0004591366342175	0.0006716273542518	-0.5481221198357533	1.0	1.0	0.0	0.0	0.0006660006660006	0.0122630432108188	salamandrivorans	life_stage	liq_Zoospore	liq_Developed	up_in_liq_Developed	9.931229552142703	1212.0	C28H49N3O14	[M + H]+	H-Leu-Pro-Phe-Glu-Phe-OH	CC(C)CC(C(=O)N1CCCC1C(=O)NC(CC2=CC=CC=C2)C(=O)NC(CCC(=O)O)C(=O)NC(CC3=CC=CC=C3)C(=O)O)N	0.235	Amino acids and Peptides	Cyclic peptides	Carboxylic acids and derivatives	6520.0	EB-MSV000090464-gnps_ms2	transferred	5.0	652.3267	2.89	652.3278	2.89034	1.686	0.0	1.0	ms2_winner	assigned	1.0	6520.0	C28H49N3O14	False	True	False	False	False
5730	797.3816	2.18	9.80614131180904e-05	6.748743780955217e-05	0.5349682680061493	1.0	0.9	0.0999999999999999	50.0	0.0006660006660006	0.0122630432108188	salamandrivorans	life_stage	liq_Zoospore	liq_Developed	up_in_liq_Zoospore	2.120557992520632																											True	False	False	False
11784	558.3378	3.752263	3.686850992934992e-05	5.294205478633501e-05	-0.5147667869902963	1.0	1.0	0.0	0.0	0.0006660006660006	0.0122630432108188	salamandrivorans	life_stage	liq_Zoospore	liq_Developed	up_in_liq_Developed	6.410616503977274																											True	False	False	False
8519	229.1542	2.939	0.0002129318081165	0.0001491646064697	0.5116977360368128	1.0	1.0	0.0	50.0	0.0006660006660006	0.0122630432108188	salamandrivorans	life_stage	liq_Zoospore	liq_Developed	up_in_liq_Zoospore	2.3260802088777983																											True	False	False	False
1864	726.3795	1.945	0.0004763695250677	0.0003363792081637	0.501212813847284	1.0	1.0	0.0	50.0	0.0006660006660006	0.0122630432108188	salamandrivorans	life_stage	liq_Zoospore	liq_Developed	up_in_liq_Zoospore	3.13384812669896																											True	False	False	False
378	698.4069	2.149989	0.0019401629187535	0.0026918068619041	-0.472268468443956	1.0	1.0	0.0	0.0	0.0006660006660006	0.0122630432108188	salamandrivorans	life_stage	liq_Zoospore	liq_Developed	up_in_liq_Developed	3.88031576766454	378.0	C31H53N11O6	[M + Na]+	N''-[4-(cyclopentyloxy)-3-hydroxy-19-(hydroxymethyl)-6-[5-(hydroxymethyl)-3-oxooct-4-en-1-yl]-18-(methoxymethyl)-15-methyltricyclo[8.7.4.0²,⁷]henicosa-2,4,6-trien-8,12-diyn-21-yl]guanidine	CCCC(=CC(=O)CCC1=CC(=C(C2=C1C#CC3CC#CCC(CCC2C(C(CC3N=C(N)N)CO)COC)C)O)OC4CCCC4)CO	0.007	Amino acids and Peptides	Microcolins and mirabimids	Carboxylic acids and derivatives	4465.0	EB-MSV000090464-gnps_ms2	transferred	2.0	698.4066	2.15	698.4069	2.149989	0.43	-0.0	1.0	unique	assigned	1.0	4465.0	C31H53N11O6	False	True	False	False	False
13052	702.3063	2.389	7.409398565529519e-05	0.0001022401770249	-0.461236124442169	1.0	1.0	0.0	0.0	0.0006660006660006	0.0122630432108188	salamandrivorans	life_stage	liq_Zoospore	liq_Developed	up_in_liq_Developed	7.20612622409146																											True	False	False	False
4125	803.4047	2.586	0.0001475135064955	0.0002021787568828	-0.4531517073160502	1.0	1.0	0.0	0.0	0.0006660006660006	0.0122630432108188	salamandrivorans	life_stage	liq_Zoospore	liq_Developed	up_in_liq_Developed	1.92234938110957																											True	False	False	False
5013	983.4502	2.497043	0.0001627251106705	0.0001187430310168	0.4525683127892172	1.0	1.0	0.0	50.0	0.0006660006660006	0.0122630432108188	salamandrivorans	life_stage	liq_Zoospore	liq_Developed	up_in_liq_Zoospore	7.735701741006244	5013.0	C44H62N12O14	[M + H]+	H-Ser-Pro-Arg-Ser-Ile-Thr-Ser-Thr-Pro-OH	CCC(C)C(C(=O)NC(C(C)O)C(=O)NC(CO)C(=O)NC(C(C)O)C(=O)N1CCCC1C(=O)O)NC(=O)C(CO)NC(=O)C(CCCN=C(N)N)NC(=O)C2CCCN2C(=O)C(CO)N	0.219	Amino acids and Peptides	Depsipeptides	Peptidomimetics	5013.0	native-full-e9838293-bagel	native	1.0								native	native	1.0	5013.0	C44H62N12O14	False	True	False	False	False
4930	909.4257	2.088468	9.864662073150358e-05	0.000133066146737	-0.4294706719463056	1.0	1.0	0.0	0.0	0.0006660006660006	0.0122630432108188	salamandrivorans	life_stage	liq_Zoospore	liq_Developed	up_in_liq_Developed	1.7714766480150328	4930.0	C46H56N10O10	[M + H]+	(3R,4R)-1-[4-[(3S,4S)-3,4-bis[[(1R,2S)-2-phenylcyclopropyl]carbamoyl]pyrrolidine-1-carbonyl]benzoyl]-3-N,4-N-bis[(1R,2S)-2-phenylcyclopropyl]pyrrolidine-3,4-dicarboxamide	C1C(C1NC(=O)C2CN(CC2C(=O)NC3CC3C4=CC=CC=C4)C(=O)C5=CC=C(C=C5)C(=O)N6CC(C(C6)C(=O)NC7CC7C8=CC=CC=C8)C(=O)NC9CC9C1=CC=CC=C1)C1=CC=CC=C1	0.022	Amino acids and Peptides	Cyclic peptides	Carboxylic acids and derivatives	4930.0	native-full-e9838293-bagel	native	1.0								native	native	1.0	4930.0	C46H56N10O10	False	True	False	False	False
6606	788.3675	2.136348	9.40344946190644e-05	0.0001239164512317	-0.3958264108145963	1.0	1.0	0.0	0.0	0.0006660006660006	0.0122630432108188	salamandrivorans	life_stage	liq_Zoospore	liq_Developed	up_in_liq_Developed	2.049376484571172																											True	False	False	False
18217	433.2458	2.9485	3.010615177934197e-05	3.901277515513601e-05	-0.3672305202251102	1.0	1.0	0.0	0.0	0.0006660006660006	0.0122630432108188	salamandrivorans	life_stage	liq_Zoospore	liq_Developed	up_in_liq_Developed	-0.1068920349225238																											False	False	False	False
30834	219.135	0.968	2.1174753420455755e-05	2.649956474616888e-05	-0.3153576026599692	1.0	1.0	0.0	0.0	0.0006660006660006	0.0122630432108188	salamandrivorans	life_stage	liq_Zoospore	liq_Developed	up_in_liq_Developed	-0.0316194492510799																											False	False	False	False
2102	652.3131	2.405	0.0003323954032056	0.000268210821344	0.3088907118073006	1.0	0.9	0.0999999999999999	50.0	0.0006660006660006	0.0122630432108188	salamandrivorans	life_stage	liq_Zoospore	liq_Developed	up_in_liq_Zoospore	8.859159545844882																											True	False	False	False
3478	600.3004	1.416617	0.000212524783482	0.000258742517896	-0.2831366685064329	1.0	1.0	0.0	0.0	0.0006660006660006	0.0122630432108188	salamandrivorans	life_stage	liq_Zoospore	liq_Developed	up_in_liq_Developed	-0.5601637007107642	3478.0	C25H41N7O10	[M + H]+	[(2S)-1-oxo-1-[[(2S)-1-oxo-1-[[2-oxo-2-[[2-oxo-2-[[(2S)-1-oxo-1-[[(2S)-1-oxo-1-[[(2S)-1-oxo-1-[[2-oxo-2-[[(2S)-1-oxopropan-2-yl]amino]ethyl]amino]propan-2-yl]amino]propan-2-yl]amino]propan-2-yl]amino]ethyl]amino]ethyl]amino]propan-2-yl]amino]propan-2-yl]azanium	CC(C=O)NC(=O)CNC(=O)C(C)NC(=O)C(C)NC(=O)C(C)NC(=O)CNC(=O)CNC(=O)C(C)NC(=O)C(C)N	0.068	Amino acids and Peptides	Linear peptides	Carboxylic acids and derivatives	2043.0	EB-MSV000090464-gnps_ms2	transferred	3.0	600.3014	1.4	600.3004	1.416617	-1.666	0.017	0.9999	ms2_winner	assigned	1.0	2043.0	C25H41N7O10	False	False	False	False	False
3108	273.2166	3.147	0.0001207133284246	0.0001466019010919	-0.2790171323731396	1.0	1.0	0.0	0.0	0.0006660006660006	0.0122630432108188	salamandrivorans	life_stage	liq_Zoospore	liq_Developed	up_in_liq_Developed	-1.03165503225695	3108.0	C14H28N2O3	[M + H]+	2-amino-6-octanamidohexanoic acid	CCCCCCCC(=O)NCCCCC(C(=O)O)N	0.853	Fatty acids	N-acyl amines	Carboxylic acids and derivatives	7018.0	EB-MSV000090464-gnps_ms2	transferred	1.0	273.2169	3.14	273.2166	3.147	-1.098	0.007	0.9999	unique	assigned	1.0	7018.0	C14H28N2O3	False	False	False	False	False
30590	318.2058	1.861	7.188542373923406e-05	8.375925169871529e-05	-0.2188003347858076	1.0	1.0	0.0	0.0	0.0006660006660006	0.0122630432108188	salamandrivorans	life_stage	liq_Zoospore	liq_Developed	up_in_liq_Developed	1.7156625365098934																											True	False	False	False
1924	441.3075	2.986	0.0004048862673904	0.0004657897747946	-0.2018739710884342	1.0	1.0	0.0	0.0	0.0006660006660006	0.0122630432108188	salamandrivorans	life_stage	liq_Zoospore	liq_Developed	up_in_liq_Developed	4.136625858865306	1924.0	C22H40N4O5	[M + H]+	H-DL-Leu-DL-Val-DL-Pro-DL-Leu-OH	CC(C)CC(C(=O)NC(C(C)C)C(=O)N1CCCC1C(=O)NC(CC(C)C)C(=O)O)N	0.602	Amino acids and Peptides	Tripeptides	Carboxylic acids and derivatives	6905.0	EB-MSV000090464-gnps_ms2	transferred	3.0	441.3068	3.08	441.3075	2.986	1.586	-0.094	0.9105	unique	assigned	1.0	6905.0	C22H40N4O5	False	True	False	False	False
4989	485.9818	1.88	0.0001337869760237	0.0	7.760919111798822	1.0	0.1	0.9	48.0	0.0009990009990009	0.0173223861748451	salamandrivorans	life_stage	liq_Zoospore	liq_Developed	up_in_liq_Zoospore	0.0																											False	False	False	False
8138	495.2643	2.5865	7.87671526223549e-05	0.0	7.00128599710271	1.0	0.1	0.9	48.0	0.0009990009990009	0.0173223861748451	salamandrivorans	life_stage	liq_Zoospore	liq_Developed	up_in_liq_Zoospore	0.0																											False	False	False	False
11273	504.7635	2.111	6.99693487669111e-05	0.0	6.831830179307865	1.0	0.1	0.9	48.0	0.0009990009990009	0.0173223861748451	salamandrivorans	life_stage	liq_Zoospore	liq_Developed	up_in_liq_Zoospore	0.0																											False	False	False	False
9851	442.7337	1.01171	6.479572744671145e-05	0.0	6.722016647626645	1.0	0.1	0.9	48.0	0.0009990009990009	0.0173223861748451	salamandrivorans	life_stage	liq_Zoospore	liq_Developed	up_in_liq_Zoospore	0.0																											False	False	False	False
8485	1102.6317	4.726791	6.083656893359049e-05	0.0	6.631945850337549	1.0	0.1	0.9	48.0	0.0009990009990009	0.0173223861748451	salamandrivorans	life_stage	liq_Zoospore	liq_Developed	up_in_liq_Zoospore	0.0																											False	False	False	False
2075	646.9958	3.3425	0.0003061528608083	2.730292276362149e-06	6.51688624767394	1.0	0.5	0.5	49.0	0.0009990009990009	0.0173223861748451	salamandrivorans	life_stage	liq_Zoospore	liq_Developed	up_in_liq_Zoospore	-0.8694983073994348	2075.0	C20H21ClN4O11S3	[M + Na]+	5-[3-[(1-Benzylsulfonylpiperidin-4-yl)amino]phenyl]-4-bromo-3-(carboxylatomethoxy)thiophene-2-carboxylate	C1CN(CCC1NC2=CC=CC(=C2)C3=C(C(=C(S3)C(=O)O)OCC(=O)O)Br)S(=O)(=O)CC4=CC=CC=C4	0.065	Amino acids and Peptides	Penicillins	Carboxylic acids and derivatives	2075.0	native-full-e9838293-bagel	native	1.0								native	native	1.0	2075.0	C20H21ClN4O11S3	False	False	False	False	False
19369	447.7282	1.452632	2.999929820343511e-05	0.0	5.626811729222276	1.0	0.1	0.9	48.0	0.0009990009990009	0.0173223861748451	salamandrivorans	life_stage	liq_Zoospore	liq_Developed	up_in_liq_Zoospore	0.0																											False	False	False	False
25324	1105.6324	4.685196	2.4544071887086582e-05	0.0	5.343732396250076	1.0	0.1	0.9	48.0	0.0009990009990009	0.0173223861748451	salamandrivorans	life_stage	liq_Zoospore	liq_Developed	up_in_liq_Zoospore	0.0																											False	False	False	False
19203	713.4188	0.948594	1.8809804109886264e-05	0.0	4.970632557180065	1.0	0.1	0.9	48.0	0.0009990009990009	0.0173223861748451	salamandrivorans	life_stage	liq_Zoospore	liq_Developed	up_in_liq_Zoospore	0.0																											False	False	False	False
27398	730.3885	4.232	1.4342015072470962e-05	0.0	4.593658082148532	1.0	0.1	0.9	48.0	0.0009990009990009	0.0173223861748451	salamandrivorans	life_stage	liq_Zoospore	liq_Developed	up_in_liq_Zoospore	0.0																											False	False	False	False
28292	443.2337	1.1015	1.3433821587184566e-05	0.0	4.503313943350619	1.0	0.1	0.9	48.0	0.0009990009990009	0.0173223861748451	salamandrivorans	life_stage	liq_Zoospore	liq_Developed	up_in_liq_Zoospore	-6.519630477024567																											False	False	False	False
8948	851.4065	1.986667	0.000160914737171	8.215784962792939e-06	4.192395289139872	1.0	0.5	0.5	49.0	0.0009990009990009	0.0173223861748451	salamandrivorans	life_stage	liq_Zoospore	liq_Developed	up_in_liq_Zoospore	5.23143099336355																											True	False	False	False
30095	1150.1683	4.717513	1.0122457077260082e-05	0.0	4.115664608440113	1.0	0.1	0.9	48.0	0.0009990009990009	0.0173223861748451	salamandrivorans	life_stage	liq_Zoospore	liq_Developed	up_in_liq_Zoospore	0.0																											False	False	False	False
34375	924.452	4.312884	1.0050780030250868e-05	0.0	4.106005926722102	1.0	0.1	0.9	48.0	0.0009990009990009	0.0173223861748451	salamandrivorans	life_stage	liq_Zoospore	liq_Developed	up_in_liq_Zoospore	0.0																											False	False	False	False
5733	492.2813	3.407217	5.907603614294904e-05	2.995192131017368e-06	4.045619564281958	1.0	0.5	0.5	49.0	0.0009990009990009	0.0173223861748451	salamandrivorans	life_stage	liq_Zoospore	liq_Developed	up_in_liq_Zoospore	4.623469149827192																											True	False	False	False
16421	1112.0945	4.572856	3.856989542708378e-05	2.423119646086208e-06	3.687008819773696	1.0	0.5	0.5	49.0	0.0009990009990009	0.0173223861748451	salamandrivorans	life_stage	liq_Zoospore	liq_Developed	up_in_liq_Zoospore	3.776937037412201																											True	False	False	False
16219	783.9367	4.666	2.6310050794213505e-05	1.7048227476787718e-06	3.534218899528533	1.0	0.5	0.5	49.0	0.0009990009990009	0.0173223861748451	salamandrivorans	life_stage	liq_Zoospore	liq_Developed	up_in_liq_Zoospore	4.03148285200878																											True	False	False	False
36379	1322.7681	4.71905	6.401657721159541e-06	0.0	3.5021997516444103	1.0	0.1	0.9	48.0	0.0009990009990009	0.0173223861748451	salamandrivorans	life_stage	liq_Zoospore	liq_Developed	up_in_liq_Zoospore	0.0																											False	False	False	False
31223	790.9378	4.407107	6.104241446428747e-06	0.0	3.439756489093956	1.0	0.1	0.9	48.0	0.0009990009990009	0.0173223861748451	salamandrivorans	life_stage	liq_Zoospore	liq_Developed	up_in_liq_Zoospore	0.0																											False	False	False	False
23130	1374.6771	3.766741	4.705738343575767e-05	3.867957090780662e-06	3.409274203828439	1.0	0.5	0.5	49.0	0.0009990009990009	0.0173223861748451	salamandrivorans	life_stage	liq_Zoospore	liq_Developed	up_in_liq_Zoospore	4.813059647829862																											True	False	False	False
11690	563.2932	0.99964	9.695753505127348e-05	8.745992117609371e-06	3.3810930949459523	1.0	0.5	0.5	49.0	0.0009990009990009	0.0173223861748451	salamandrivorans	life_stage	liq_Zoospore	liq_Developed	up_in_liq_Zoospore	5.629791427680749																											True	False	False	False
30833	1202.6786	4.653453	1.580104588289913e-05	1.0055692281669637e-06	3.33680354526788	1.0	0.5	0.5	49.0	0.0009990009990009	0.0173223861748451	salamandrivorans	life_stage	liq_Zoospore	liq_Developed	up_in_liq_Zoospore	2.405623100776122																											True	False	False	False
9184	1153.6213	3.425736	7.484464998776125e-05	7.005052797069679e-06	3.3070401337202338	1.0	0.5	0.5	49.0	0.0009990009990009	0.0173223861748451	salamandrivorans	life_stage	liq_Zoospore	liq_Developed	up_in_liq_Zoospore	4.979462184487916																											True	False	False	False
5192	373.1731	3.519	6.64111126202777e-05	6.710885423203063e-06	3.19283166513161	1.0	0.5	0.5	49.0	0.0009990009990009	0.0173223861748451	salamandrivorans	life_stage	liq_Zoospore	liq_Developed	up_in_liq_Zoospore	5.411867364633292																											True	False	False	False
21301	1308.2317	4.586951	1.6949048241599944e-05	1.3060002568718042e-06	3.18958512408625	1.0	0.5	0.5	49.0	0.0009990009990009	0.0173223861748451	salamandrivorans	life_stage	liq_Zoospore	liq_Developed	up_in_liq_Zoospore	2.828085738428461																											True	False	False	False
9629	596.8495	3.5565	6.129885304188902e-05	6.5256425716163564e-06	3.115304379172876	1.0	0.5	0.5	49.0	0.0009990009990009	0.0173223861748451	salamandrivorans	life_stage	liq_Zoospore	liq_Developed	up_in_liq_Zoospore	4.689313753533503																											True	False	False	False
25608	1131.0703	4.611648	1.2315411066872015e-05	8.788802905400721e-07	3.1096608833329054	1.0	0.5	0.5	49.0	0.0009990009990009	0.0173223861748451	salamandrivorans	life_stage	liq_Zoospore	liq_Developed	up_in_liq_Zoospore	2.389848736102873																											True	False	False	False
8245	344.1809	3.91281	3.066842753139277e-05	3.16622727857271e-06	3.0469111706434364	1.0	0.5	0.5	49.0	0.0009990009990009	0.0173223861748451	salamandrivorans	life_stage	liq_Zoospore	liq_Developed	up_in_liq_Zoospore	4.340143762616035																											True	False	False	False
24613	928.9998	4.843055	1.3351211902498364e-05	1.0811671433348978e-06	3.0381159758463565	1.0	0.5	0.5	49.0	0.0009990009990009	0.0173223861748451	salamandrivorans	life_stage	liq_Zoospore	liq_Developed	up_in_liq_Zoospore	2.496037623328173																											True	False	False	False
26334	741.9035	4.345825	1.866514721123587e-05	1.786189914721881e-06	3.0028478268292367	1.0	0.5	0.5	49.0	0.0009990009990009	0.0173223861748451	salamandrivorans	life_stage	liq_Zoospore	liq_Developed	up_in_liq_Zoospore	3.184813506798457																											True	False	False	False
14734	1221.6953	4.094241	5.3533290087122506e-05	6.146705837133084e-06	3.000587434790071	1.0	0.5	0.5	49.0	0.0009990009990009	0.0173223861748451	salamandrivorans	life_stage	liq_Zoospore	liq_Developed	up_in_liq_Zoospore	4.959339401143067																											True	False	False	False
25778	1031.5983	4.077225	2.0015495612266515e-05	2.0272198732245084e-06	2.9627411889996287	1.0	0.5	0.5	49.0	0.0009990009990009	0.0173223861748451	salamandrivorans	life_stage	liq_Zoospore	liq_Developed	up_in_liq_Zoospore	4.2944691827284505																											True	False	False	False
18034	877.1722	4.594326	2.3292263663186e-05	2.4679644305825773e-06	2.953162295066253	1.0	0.5	0.5	49.0	0.0009990009990009	0.0173223861748451	salamandrivorans	life_stage	liq_Zoospore	liq_Developed	up_in_liq_Zoospore	3.4921548117315493																											True	False	False	False
12441	1372.674	3.801549	4.9817078800233775e-05	5.976334192648646e-06	2.934813560389878	1.0	0.5	0.5	49.0	0.0009990009990009	0.0173223861748451	salamandrivorans	life_stage	liq_Zoospore	liq_Developed	up_in_liq_Zoospore	4.663719852027342																											True	False	False	False
25076	726.8781	4.337881	1.4897092815983872e-05	1.4726261405673978e-06	2.890676483415013	1.0	0.5	0.5	49.0	0.0009990009990009	0.0173223861748451	salamandrivorans	life_stage	liq_Zoospore	liq_Developed	up_in_liq_Zoospore	3.0732865541593664																											True	False	False	False
17606	898.0286	4.834728	1.687089238166561e-05	1.7574557551799325e-06	2.879293441765338	1.0	0.5	0.5	49.0	0.0009990009990009	0.0173223861748451	salamandrivorans	life_stage	liq_Zoospore	liq_Developed	up_in_liq_Zoospore	3.4123258870965367																											True	False	False	False
6571	606.3221	0.968	0.0001198371341938	1.5783265142751234e-05	2.876490988867838	1.0	0.5	0.5	49.0	0.0009990009990009	0.0173223861748451	salamandrivorans	life_stage	liq_Zoospore	liq_Developed	up_in_liq_Zoospore	5.945617669302404																											True	False	False	False
8032	583.3369	2.907062	4.755222946211136e-05	6.043039934994953e-06	2.85401327395155	1.0	0.5	0.5	49.0	0.0009990009990009	0.0173223861748451	salamandrivorans	life_stage	liq_Zoospore	liq_Developed	up_in_liq_Zoospore	5.125817735375352	8032.0	C26H48N4O9	[M + Na]+	tert-butyl N-[(2S)-3-amino-1-[[(4S)-4-[(2-methylpropan-2-yl)oxycarbonylamino]-5-[2-[(2-methylpropan-2-yl)oxycarbonylamino]ethylamino]-5-oxopentyl]amino]-1-oxopropan-2-yl]carbamate	CC(C)(C)OC(=O)NCCNC(=O)C(CCCNC(=O)C(CN)NC(=O)OC(C)(C)C)NC(=O)OC(C)(C)C	0.077	Amino acids and Peptides	Tripeptides	Carboxylic acids and derivatives	8032.0	native-full-e9838293-bagel	native	1.0								native	native	1.0	8032.0	C26H48N4O9	False	True	False	False	False
24944	1109.6149	4.544395	1.2038698073107368e-05	1.1588326978493874e-06	2.831365523953791	1.0	0.5	0.5	49.0	0.0009990009990009	0.0173223861748451	salamandrivorans	life_stage	liq_Zoospore	liq_Developed	up_in_liq_Zoospore	3.445202766741022																											True	False	False	False
23840	1144.6387	4.518869	1.4123432825338125e-05	1.4990829880548751e-06	2.798760544639107	1.0	0.5	0.5	49.0	0.0009990009990009	0.0173223861748451	salamandrivorans	life_stage	liq_Zoospore	liq_Developed	up_in_liq_Zoospore	3.0028810777049677																											True	False	False	False
10473	940.4189	2.121	9.364161902668989e-05	1.4083465714746278e-05	2.6805426302626514	1.0	0.5	0.5	49.0	0.0009990009990009	0.0173223861748451	salamandrivorans	life_stage	liq_Zoospore	liq_Developed	up_in_liq_Zoospore	0.3174868954717031																											False	False	False	False
27016	1079.0986	4.375943	1.2202869193208088e-05	1.414642569630374e-06	2.656076557740637	1.0	0.5	0.5	49.0	0.0009990009990009	0.0173223861748451	salamandrivorans	life_stage	liq_Zoospore	liq_Developed	up_in_liq_Zoospore	2.9497081397340428																											True	False	False	False
24610	876.4966	4.610998	1.866613833632037e-05	2.455469879394604e-06	2.648820860213028	1.0	0.5	0.5	49.0	0.0009990009990009	0.0173223861748451	salamandrivorans	life_stage	liq_Zoospore	liq_Developed	up_in_liq_Zoospore	3.969815276776852																											True	False	False	False
33477	981.5586	4.749777	9.38662805158254e-06	9.964373955599611e-07	2.6303231958831343	1.0	0.5	0.5	49.0	0.0009990009990009	0.0173223861748451	salamandrivorans	life_stage	liq_Zoospore	liq_Developed	up_in_liq_Zoospore	2.308740848721301																											True	False	False	False
25676	1094.1144	4.351946	1.402594072831643e-05	1.8195211011202373e-06	2.586000140798936	1.0	0.5	0.5	49.0	0.0009990009990009	0.0173223861748451	salamandrivorans	life_stage	liq_Zoospore	liq_Developed	up_in_liq_Zoospore	3.3831022137511546																											True	False	False	False
27093	1266.7091	4.500326	1.652317188200329e-05	2.30388869637772e-06	2.55181421520213	1.0	0.5	0.5	49.0	0.0009990009990009	0.0173223861748451	salamandrivorans	life_stage	liq_Zoospore	liq_Developed	up_in_liq_Zoospore	3.596384905207625																											True	False	False	False
3687	1063.5778	3.524	0.0001451032716127	2.515960828126326e-05	2.498944849388158	1.0	0.5	0.5	49.0	0.0009990009990009	0.0173223861748451	salamandrivorans	life_stage	liq_Zoospore	liq_Developed	up_in_liq_Zoospore	6.641226140168714																											True	False	False	False
30234	892.9951	4.070267	1.3065457354492871e-05	1.8133250495557635e-06	2.491809982056771	1.0	0.5	0.5	49.0	0.0009990009990009	0.0173223861748451	salamandrivorans	life_stage	liq_Zoospore	liq_Developed	up_in_liq_Zoospore	3.4909621488646425																											True	False	False	False
22090	988.0111	4.2335	2.19244816257156e-05	3.443338032208338e-06	2.4721369260562507	1.0	0.5	0.5	49.0	0.0009990009990009	0.0173223861748451	salamandrivorans	life_stage	liq_Zoospore	liq_Developed	up_in_liq_Zoospore	3.898644372909553	22090.0	C29H41FI3N5O8	[M + H]+							22090.0	native-full-e9838293-bagel	native	1.0								native	native	1.0	22090.0	C29H41FI3N5O8	False	True	False	False	False
31299	861.4986	4.07195	1.0175539712671788e-05	1.4163346721067597e-06	2.406586053687211	1.0	0.5	0.5	49.0	0.0009990009990009	0.0173223861748451	salamandrivorans	life_stage	liq_Zoospore	liq_Developed	up_in_liq_Zoospore	3.097636232580672																											True	False	False	False
24389	843.8079	4.432663	1.4598457457647214e-05	2.287583273071852e-06	2.3880674634768133	1.0	0.5	0.5	49.0	0.0009990009990009	0.0173223861748451	salamandrivorans	life_stage	liq_Zoospore	liq_Developed	up_in_liq_Zoospore	3.082715906221134	24389.0	C18H22I3N3O9	[M + K]+	N-(2,3-Dihydroxypropyl)-N'-(2,3-dihydroxy-3-oxopropyl)-N'-methyl-2,4,6-triiodo-5-[(methoxyacetyl)amino]isophthalamide	CN(CC(C(=O)O)O)C(=O)C1=C(C(=C(C(=C1I)C(=O)NCC(CO)O)I)NC(=O)COC)I	0.05	Amino acids and Peptides	Tripeptides	Carboxylic acids and derivatives	24389.0	native-full-e9838293-bagel	native	1.0								native	native	1.0	24389.0	C18H22I3N3O9	False	True	False	False	False
31305	1057.5303	4.383831	7.540273592913823e-06	9.41830220542956e-07	2.3856362309940327	1.0	0.5	0.5	49.0	0.0009990009990009	0.0173223861748451	salamandrivorans	life_stage	liq_Zoospore	liq_Developed	up_in_liq_Zoospore	2.244329850438473																											True	False	False	False
30782	1307.7191	4.436973	8.531390182079021e-06	1.1898094560934676e-06	2.338372577647623	1.0	0.5	0.5	49.0	0.0009990009990009	0.0173223861748451	salamandrivorans	life_stage	liq_Zoospore	liq_Developed	up_in_liq_Zoospore	3.040850027781601																											True	False	False	False
30875	927.4926	4.543088	9.034829575936842e-06	1.3804227572740978e-06	2.2711420932767967	1.0	0.5	0.5	49.0	0.0009990009990009	0.0173223861748451	salamandrivorans	life_stage	liq_Zoospore	liq_Developed	up_in_liq_Zoospore	2.9188659713732563																											True	False	False	False
34839	981.0452	4.764112	7.573908893745415e-06	1.142241972929438e-06	2.217360352791525	1.0	0.5	0.5	49.0	0.0009990009990009	0.0173223861748451	salamandrivorans	life_stage	liq_Zoospore	liq_Developed	up_in_liq_Zoospore	2.346964394226951																											True	False	False	False
8945	1078.054	2.388	0.0001201147833549	2.567392338825391e-05	2.199054768478542	1.0	0.5	0.5	49.0	0.0009990009990009	0.0173223861748451	salamandrivorans	life_stage	liq_Zoospore	liq_Developed	up_in_liq_Zoospore	1.7767096381638017																											True	False	False	False
12568	368.1789	1.548	2.3053377614528704e-05	4.787029233002213e-06	2.1304281461668872	1.0	0.5	0.5	49.0	0.0009990009990009	0.0173223861748451	salamandrivorans	life_stage	liq_Zoospore	liq_Developed	up_in_liq_Zoospore	4.346855738923272																											True	False	False	False
18982	417.2588	1.403	1.992949607314832e-05	4.109900110495707e-06	2.119301973355985	1.0	0.5	0.5	49.0	0.0009990009990009	0.0173223861748451	salamandrivorans	life_stage	liq_Zoospore	liq_Developed	up_in_liq_Zoospore	4.276899376893509																											True	False	False	False
27019	914.9893	4.2935	8.026450111777924e-06	1.3724330924672384e-06	2.117767897916159	1.0	0.5	0.5	49.0	0.0009990009990009	0.0173223861748451	salamandrivorans	life_stage	liq_Zoospore	liq_Developed	up_in_liq_Zoospore	3.311859734041122																											True	False	False	False
35384	819.9409	4.686398	7.327213430709105e-06	1.2220163383111394e-06	2.1093697225997823	1.0	0.5	0.5	49.0	0.0009990009990009	0.0173223861748451	salamandrivorans	life_stage	liq_Zoospore	liq_Developed	up_in_liq_Zoospore	2.48440897133212																											True	False	False	False
25044	1289.7056	4.001937	1.3002216457661875e-05	2.724730414179447e-06	2.0261112999748234	1.0	0.5	0.5	49.0	0.0009990009990009	0.0173223861748451	salamandrivorans	life_stage	liq_Zoospore	liq_Developed	up_in_liq_Zoospore	3.562987728071403																											True	False	False	False
12105	949.0455	3.86	4.0394937195018e-05	9.543512539948686e-06	2.01278697150877	1.0	0.5	0.5	49.0	0.0009990009990009	0.0173223861748451	salamandrivorans	life_stage	liq_Zoospore	liq_Developed	up_in_liq_Zoospore	5.174885168142615																											True	False	False	False
23358	686.8288	4.05663	1.361910974737736e-05	3.0153693476295185e-06	1.9697865146262976	1.0	0.5	0.5	49.0	0.0009990009990009	0.0173223861748451	salamandrivorans	life_stage	liq_Zoospore	liq_Developed	up_in_liq_Zoospore	3.608796876430925																											True	False	False	False
12936	443.7333	2.54	3.01302787437926e-05	9.135241902350164e-06	1.6563845846696192	1.0	0.5	0.5	49.0	0.0009990009990009	0.0173223861748451	salamandrivorans	life_stage	liq_Zoospore	liq_Developed	up_in_liq_Zoospore	5.318072304421183																											True	False	False	False
2262	543.9145	1.942	0.0003224008078452	0.0	9.025940344500496	1.0	0.4	0.6	48.0	0.0013320013320013	0.0184570402911014	salamandrivorans	life_stage	liq_Zoospore	liq_Developed	up_in_liq_Zoospore	-0.267002457379399	2262.0	C15H17Br2N5O5	[M + K]+	N-[2-(2-amino-5-oxo-4,5-dihydro-1H-imidazol-4-yl)ethyl]-7,9-dibromo-10-hydroxy-8-methoxy-1-oxa-2-azaspiro[4.5]deca-2,6,8-triene-3-carboxamide	COC1=C(C(C2(CC(=NO2)C(=O)NCCC3C(=O)NC(=N3)N)C=C1Br)O)Br		Amino acids and Peptides	Tripeptides	Carboxylic acids and derivatives	2262.0	native-full-e9838293-bagel	native	1.0								native	native	1.0	2262.0	C15H17Br2N5O5	False	False	False	False	False
4448	783.418	2.603	0.0001623126841037	0.0	8.03858777330272	1.0	0.4	0.6	48.0	0.0013320013320013	0.0184570402911014	salamandrivorans	life_stage	liq_Zoospore	liq_Developed	up_in_liq_Zoospore	5.900731387488915																											True	False	False	False
6148	602.7977	2.54	0.0001577530153106	0.0	7.997638190011245	1.0	0.4	0.6	48.0	0.0013320013320013	0.0184570402911014	salamandrivorans	life_stage	liq_Zoospore	liq_Developed	up_in_liq_Zoospore	5.129762271330041	6148.0	C12H18Br4N2O6	[M + H]+							6148.0	native-full-e9838293-bagel	native	1.0								native	native	1.0	6148.0	C12H18Br4N2O6	False	True	False	False	False
6863	617.9874	3.259	0.0001395489528872	0.0	7.82147807501463	1.0	0.2	0.8	48.0	0.0013320013320013	0.0184570402911014	salamandrivorans	life_stage	liq_Zoospore	liq_Developed	up_in_liq_Zoospore	0.0	6863.0	C15H21N2O18P2	[M + K]+	N(2)-(1-hydroxy-2-oxopropyl)-dGTP	CC(=O)C(NC1=NC2=C(C(=O)N1)N=CN2C3CC(C(O3)COP(=O)(O)OP(=O)(O)OP(=O)(O)O)O)O	0.043	Amino acids and Peptides	Dipeptides	Carboxylic acids and derivatives	6863.0	native-full-e9838293-bagel	native	1.0								native	native	1.0	6863.0	C15H21N2O18P2	False	False	False	False	False
5182	970.4882	3.248833	0.0001014946997047	0.0	7.364500489100718	1.0	0.2	0.8	48.0	0.0013320013320013	0.0184570402911014	salamandrivorans	life_stage	liq_Zoospore	liq_Developed	up_in_liq_Zoospore	-4.585245102227768																											False	False	False	False
9518	838.8769	2.523	0.0001002905482567	0.0	7.347386858325303	1.0	0.4	0.6	48.0	0.0013320013320013	0.0184570402911014	salamandrivorans	life_stage	liq_Zoospore	liq_Developed	up_in_liq_Zoospore	5.081333377905229																											True	False	False	False
8425	782.4545	2.495865	0.0	9.812586012690756e-05	-7.316101932691823	0.4	1.0	-0.6	1.0	0.0013320013320013	0.0184570402911014	salamandrivorans	life_stage	liq_Zoospore	liq_Developed	up_in_liq_Developed	7.145196613271992																											True	True	True	False
5926	789.3983	0.979358	9.569388646884576e-05	0.0	7.280125360783041	1.0	0.4	0.6	48.0	0.0013320013320013	0.0184570402911014	salamandrivorans	life_stage	liq_Zoospore	liq_Developed	up_in_liq_Zoospore	5.374102720013434	5926.0	C38H56N6O12	[M + H]+	tert-butyl N-[(3S,14S,17S)-14-[2-[[2-[[(1S)-2-(dimethylamino)-2-oxo-1-phenylethyl]amino]-2-oxoethyl]amino]-2-oxoacetyl]-19,19-dimethyl-2,16-dioxo-1,15-diazatricyclo[15.4.0.018,20]henicos-8-en-3-yl]carbamate	CC1(C2C1C3C(=O)NC(CCCCC=CCCCCC(C(=O)N3C2)NC(=O)OC(C)(C)C)C(=O)C(=O)NCC(=O)NC(C4=CC=CC=C4)C(=O)N(C)C)C	0.063	Amino acids and Peptides	Cyclic peptides	Carboxylic acids and derivatives	5926.0	native-full-e9838293-bagel	native	1.0								native	native	1.0	5926.0	C38H56N6O12	False	True	False	False	False
4390	895.4037	1.459327	0.0	8.76990042799869e-05	-7.155104982733823	0.4	1.0	-0.6	1.0	0.0013320013320013	0.0184570402911014	salamandrivorans	life_stage	liq_Zoospore	liq_Developed	up_in_liq_Developed	6.548293328326101																											True	True	True	False
11430	797.4124	1.921008	0.0	8.624438932272808e-05	-7.131145836887772	0.2	1.0	-0.8	1.0	0.0013320013320013	0.0184570402911014	salamandrivorans	life_stage	liq_Zoospore	liq_Developed	up_in_liq_Developed	6.397946395080579																											True	True	True	False
10417	475.2544	2.04	0.0	8.546108957234989e-05	-7.118077268869695	0.2	1.0	-0.8	1.0	0.0013320013320013	0.0184570402911014	salamandrivorans	life_stage	liq_Zoospore	liq_Developed	up_in_liq_Developed	6.610060497269003	10417.0	C24H34N4O6	[M + H]+	H-Asp-Leu-Pro-Phe-al	CC(C)CC(C(=O)N1CCCC1C(=O)NC(CC2=CC=CC=C2)C=O)NC(=O)C(CC(=O)O)N	0.686	Amino acids and Peptides	Tripeptides	Carboxylic acids and derivatives	10417.0	native-full-e9838293-bagel	native	1.0								native	native	1.0	10417.0	C24H34N4O6	False	True	True	True	False
8489	727.4073	3.486585	8.049172116169861e-05	0.0	7.032290985738054	1.0	0.3	0.7	48.0	0.0013320013320013	0.0184570402911014	salamandrivorans	life_stage	liq_Zoospore	liq_Developed	up_in_liq_Zoospore	4.74537731381937																											True	False	False	False
6651	819.4641	2.983556	0.0	7.693082573222905e-05	-6.967522439952516	0.4	1.0	-0.6	1.0	0.0013320013320013	0.0184570402911014	salamandrivorans	life_stage	liq_Zoospore	liq_Developed	up_in_liq_Developed	6.242529285508066	6651.0	C39H62N8O11	[M + H]+	9-benzyl-12-(butan-2-yl)-27-(2-methylpropyl)-1,7,10,13,19,25,28,31-octaazapentacyclo[31.3.0.0³,⁷.0¹⁵,¹⁹.0²¹,²⁵]hexatriacontan-2,8,11,14,20,26,29,32-octone	CCC(C)C1C(=O)NC(C(=O)N2CCCC2C(=O)N3CCCC3C(=O)NCC(=O)NC(C(=O)N4CCCC4C(=O)N5CCCC5C(=O)N1)CC(C)C)CC6=CC=CC=C6	0.717	Amino acids and Peptides	Cyclic peptides	Carboxylic acids and derivatives	6698.0	EB-MSV000090464-gnps_ms2	transferred	3.0	819.4652	2.98	819.4641	2.983556	-1.342	0.004	0.9927	unique	assigned	1.0	6698.0	C39H62N8O11	False	True	True	True	False
8064	864.4296	1.419	0.0	7.642905594446214e-05	-6.958157535761418	0.2	1.0	-0.8	1.0	0.0013320013320013	0.0184570402911014	salamandrivorans	life_stage	liq_Zoospore	liq_Developed	up_in_liq_Developed	0.9082717234985808																											False	True	False	False
4172	648.317	1.802	6.974250874838553e-05	0.0	6.827186567629883	1.0	0.4	0.6	48.0	0.0013320013320013	0.0184570402911014	salamandrivorans	life_stage	liq_Zoospore	liq_Developed	up_in_liq_Zoospore	5.808427489750304																											True	False	False	False
5412	1082.0424	3.614879	6.548046207860553e-05	0.0	6.737039548499519	1.0	0.2	0.8	48.0	0.0013320013320013	0.0184570402911014	salamandrivorans	life_stage	liq_Zoospore	liq_Developed	up_in_liq_Zoospore	0.0	5412.0	C37H33Cl3F3N11O12S3	[M + H]+							5412.0	native-full-e9838293-bagel	native	1.0								native	native	1.0	5412.0	C37H33Cl3F3N11O12S3	False	False	True	False	False
15559	900.4445	3.175551	0.0	6.215316915404112e-05	-6.662526840896071	0.4	1.0	-0.6	1.0	0.0013320013320013	0.0184570402911014	salamandrivorans	life_stage	liq_Zoospore	liq_Developed	up_in_liq_Developed	6.443576192559845																											True	False	False	False
10202	645.3284	1.962	0.0	6.0812639892466407e-05	-6.6313840027591135	0.4	1.0	-0.6	1.0	0.0013320013320013	0.0184570402911014	salamandrivorans	life_stage	liq_Zoospore	liq_Developed	up_in_liq_Developed	1.0712905313601069																											True	True	True	False
7723	440.7357	2.556	5.9679035204525055e-05	0.0	6.60451338984906	1.0	0.3	0.7	48.0	0.0013320013320013	0.0184570402911014	salamandrivorans	life_stage	liq_Zoospore	liq_Developed	up_in_liq_Zoospore	5.490033743433043																											True	False	False	False
11268	838.4203	2.507	5.804382372058023e-05	0.0	6.564849351399865	1.0	0.3	0.7	48.0	0.0013320013320013	0.0184570402911014	salamandrivorans	life_stage	liq_Zoospore	liq_Developed	up_in_liq_Zoospore	4.945013107041351																											True	False	False	False
11603	858.397	3.5495	5.576754573937892e-05	0.0	6.507754452602484	1.0	0.3	0.7	48.0	0.0013320013320013	0.0184570402911014	salamandrivorans	life_stage	liq_Zoospore	liq_Developed	up_in_liq_Zoospore	4.315227480058648																											True	False	False	False
19342	868.4311	1.565	5.538034585206364e-05	0.0	6.497813577820526	1.0	0.2	0.8	48.0	0.0013320013320013	0.0184570402911014	salamandrivorans	life_stage	liq_Zoospore	liq_Developed	up_in_liq_Zoospore	0.0																											False	False	False	False
5046	242.6658	0.595	5.531727690482068e-05	0.0	6.49618785408839	1.0	0.2	0.8	48.0	0.0013320013320013	0.0184570402911014	salamandrivorans	life_stage	liq_Zoospore	liq_Developed	up_in_liq_Zoospore	0.0																											False	False	False	False
8458	321.1752	1.644	5.5273822114915374e-05	0.0	6.495066656168608	1.0	0.2	0.8	48.0	0.0013320013320013	0.0184570402911014	salamandrivorans	life_stage	liq_Zoospore	liq_Developed	up_in_liq_Zoospore	0.0																											False	False	False	False
12503	974.5101	3.212	0.0	5.5174094148456335e-05	-6.492490227673884	0.2	1.0	-0.8	1.0	0.0013320013320013	0.0184570402911014	salamandrivorans	life_stage	liq_Zoospore	liq_Developed	up_in_liq_Developed	6.042579367067839																											True	True	True	False
11371	1249.6445	3.431667	5.440120486032402e-05	0.0	6.472365415666744	1.0	0.2	0.8	48.0	0.0013320013320013	0.0184570402911014	salamandrivorans	life_stage	liq_Zoospore	liq_Developed	up_in_liq_Zoospore	0.0																											False	False	False	False
12525	351.1814	0.6425	5.247415132817505e-05	0.0	6.420930304186339	1.0	0.2	0.8	48.0	0.0013320013320013	0.0184570402911014	salamandrivorans	life_stage	liq_Zoospore	liq_Developed	up_in_liq_Zoospore	-6.261134458713628																											False	False	False	False
17220	1199.5801	2.31	5.187410115846252e-05	0.0	6.404532564281321	1.0	0.4	0.6	48.0	0.0013320013320013	0.0184570402911014	salamandrivorans	life_stage	liq_Zoospore	liq_Developed	up_in_liq_Zoospore	5.515788528455219																											True	False	False	False
12814	563.873	3.825522	5.03005404649416e-05	0.0	6.360624690708068	1.0	0.3	0.7	48.0	0.0013320013320013	0.0184570402911014	salamandrivorans	life_stage	liq_Zoospore	liq_Developed	up_in_liq_Zoospore	4.941764474074809																											True	False	False	False
10940	422.2052	0.635	4.686353050852049e-05	0.0	6.259803461678492	1.0	0.4	0.6	48.0	0.0013320013320013	0.0184570402911014	salamandrivorans	life_stage	liq_Zoospore	liq_Developed	up_in_liq_Zoospore	5.424662725595544																											True	False	False	False
13589	526.2486	1.768	0.0	4.521925305503317e-05	-6.208959416813954	0.2	1.0	-0.8	1.0	0.0013320013320013	0.0184570402911014	salamandrivorans	life_stage	liq_Zoospore	liq_Developed	up_in_liq_Developed	5.85623286905675																											True	True	True	False
17002	983.5197	3.611	4.504733029364967e-05	0.0	6.203538292818396	1.0	0.1	0.9	47.0	0.0013320013320013	0.0184570402911014	salamandrivorans	life_stage	liq_Zoospore	liq_Developed	up_in_liq_Zoospore	0.0																											False	False	False	False
14073	983.4368	0.836964	4.489138819866793e-05	0.0	6.198603395649617	1.0	0.1	0.9	47.0	0.0013320013320013	0.0184570402911014	salamandrivorans	life_stage	liq_Zoospore	liq_Developed	up_in_liq_Zoospore	0.0																											False	False	False	False
13892	833.4155	2.295921	4.410507549921101e-05	0.0	6.173459529672632	1.0	0.4	0.6	48.0	0.0013320013320013	0.0184570402911014	salamandrivorans	life_stage	liq_Zoospore	liq_Developed	up_in_liq_Zoospore	-2.334189556177197	13892.0	C41H60N4O14	[M + H]+	Leurosidine	CCC1(CC2CC(C3=C(CCN(C2)C1)C4=CC=CC=C4N3)(C5=C(C=C6C(=C5)C78CCN9C7C(C=CC9)(C(C(C8N6C)(C(=O)OC)O)OC(=O)C)CC)OC)C(=O)OC)O	0.052	Polyketides	Depsipeptides	Peptidomimetics	13892.0	native-full-e9838293-bagel	native	1.0								native	native	1.0	13892.0	C41H60N4O14	False	False	False	False	True
18871	1040.577	3.621	0.0	4.210089969661051e-05	-6.107317123048243	0.2	1.0	-0.8	1.0	0.0013320013320013	0.0184570402911014	salamandrivorans	life_stage	liq_Zoospore	liq_Developed	up_in_liq_Developed	5.672232949406616																											True	True	True	False
11210	434.2404	3.084899	4.002853244401435e-05	0.0	6.035577768767633	1.0	0.4	0.6	48.0	0.0013320013320013	0.0184570402911014	salamandrivorans	life_stage	liq_Zoospore	liq_Developed	up_in_liq_Zoospore	4.974373147530381																											True	False	False	False
15522	519.2947	0.99815	3.918713270379393e-05	0.0	6.005401202764546	1.0	0.4	0.6	48.0	0.0013320013320013	0.0184570402911014	salamandrivorans	life_stage	liq_Zoospore	liq_Developed	up_in_liq_Zoospore	4.734184074183239	15522.0	C20H38N8O8	[M + H]+	Terpeptin B	CC(C)C(C(=O)N(C)C(C(C)C)C(=O)NC=CC1(C2=CC=CC=C2NC1=O)CC=C(C)C)NC(=O)C	0.039	Amino acids and Peptides	Cyclic peptides	Carboxylic acids and derivatives	15522.0	native-full-e9838293-bagel	native	1.0								native	native	1.0	15522.0	C20H38N8O8	False	True	False	False	False
13346	882.396	1.360003	0.0	3.802505838928638e-05	-5.962657816547667	0.2	1.0	-0.8	1.0	0.0013320013320013	0.0184570402911014	salamandrivorans	life_stage	liq_Zoospore	liq_Developed	up_in_liq_Developed	-1.0372807222721172																											False	True	False	False
9998	895.5306	3.323	0.0	3.621386874860925e-05	-5.893406175481762	0.2	1.0	-0.8	1.0	0.0013320013320013	0.0184570402911014	salamandrivorans	life_stage	liq_Zoospore	liq_Developed	up_in_liq_Developed	5.782385991855982																											True	False	False	False
23385	455.7414	1.565	0.0	3.591924630653458e-05	-5.881820008093833	0.4	1.0	-0.6	1.0	0.0013320013320013	0.0184570402911014	salamandrivorans	life_stage	liq_Zoospore	liq_Developed	up_in_liq_Developed	0.9497475960318932																											False	False	False	False
14084	353.7165	2.148176	3.568483863160458e-05	0.0	5.8725348851090295	1.0	0.1	0.9	47.0	0.0013320013320013	0.0184570402911014	salamandrivorans	life_stage	liq_Zoospore	liq_Developed	up_in_liq_Zoospore	0.0																											False	False	False	False
13473	647.3279	3.865533	3.469935249673614e-05	0.0	5.832831558829031	1.0	0.4	0.6	48.0	0.0013320013320013	0.0184570402911014	salamandrivorans	life_stage	liq_Zoospore	liq_Developed	up_in_liq_Zoospore	4.215010563358159	13473.0	C34H42N6O7	[M + H]+	Antibiotic T 23Viii	CC1C(CC=CC=CC=CC(CC(=O)NC2=CC(=O)C=C(C2=O)CCC=C(C1O)C)OC)OC(=O)C(C)NC(=O)CCC(C)C	0.104	Amino acids and Peptides	Depsipeptides	Carboxylic acids and derivatives	13473.0	native-full-e9838293-bagel	native	1.0								native	native	1.0	13473.0	C34H42N6O7	False	True	False	False	True
16452	984.4451	0.827	3.4678061829183384e-05	0.0	5.83196162496817	1.0	0.3	0.7	48.0	0.0013320013320013	0.0184570402911014	salamandrivorans	life_stage	liq_Zoospore	liq_Developed	up_in_liq_Zoospore	4.8806934086314655																											True	False	False	False
11901	442.7341	1.212123	3.410139439471739e-05	0.0	5.808197309767162	1.0	0.3	0.7	48.0	0.0013320013320013	0.0184570402911014	salamandrivorans	life_stage	liq_Zoospore	liq_Developed	up_in_liq_Zoospore	4.423808419269777																											True	False	False	False
20475	1004.0294	4.13983	3.024291617249069e-05	0.0	5.638245025898984	1.0	0.3	0.7	48.0	0.0013320013320013	0.0184570402911014	salamandrivorans	life_stage	liq_Zoospore	liq_Developed	up_in_liq_Zoospore	3.295099795264252																											True	False	False	False
20667	821.8809	1.802	2.91864146414441e-05	0.0	5.587992918378437	1.0	0.3	0.7	48.0	0.0013320013320013	0.0184570402911014	salamandrivorans	life_stage	liq_Zoospore	liq_Developed	up_in_liq_Zoospore	4.672569012778925																											True	False	False	False
18535	669.3542	3.818171	0.0	2.8806375333266307e-05	-5.569479702908935	0.2	1.0	-0.8	1.0	0.0013320013320013	0.0184570402911014	salamandrivorans	life_stage	liq_Zoospore	liq_Developed	up_in_liq_Developed	5.341005230604599																											True	True	True	False
9990	552.294	2.92976	2.774853849836902e-05	0.0	5.516661057067195	1.0	0.3	0.7	48.0	0.0013320013320013	0.0184570402911014	salamandrivorans	life_stage	liq_Zoospore	liq_Developed	up_in_liq_Zoospore	4.220359196921063																											True	False	False	False
21329	1138.5781	3.893	0.0	2.6794022050400007e-05	-5.467282631057029	0.2	1.0	-0.8	1.0	0.0013320013320013	0.0184570402911014	salamandrivorans	life_stage	liq_Zoospore	liq_Developed	up_in_liq_Developed	5.300281008766072																											True	False	False	False
18570	433.2704	2.23	2.676994202174227e-05	0.0	5.466014818561966	1.0	0.1	0.9	47.0	0.0013320013320013	0.0184570402911014	salamandrivorans	life_stage	liq_Zoospore	liq_Developed	up_in_liq_Zoospore	0.0																											False	False	False	False
19805	796.4758	3.709015	2.629299049413846e-05	0.0	5.440670994061786	1.0	0.2	0.8	48.0	0.0013320013320013	0.0184570402911014	salamandrivorans	life_stage	liq_Zoospore	liq_Developed	up_in_liq_Zoospore	0.0																											False	False	False	False
19728	682.8246	1.452654	0.0	2.584214115637096e-05	-5.416297773137636	0.2	1.0	-0.8	1.0	0.0013320013320013	0.0184570402911014	salamandrivorans	life_stage	liq_Zoospore	liq_Developed	up_in_liq_Developed	5.30177304047565																											True	True	True	False
23518	688.8301	3.664933	2.538944966966088e-05	0.0	5.391403520843221	1.0	0.1	0.9	47.0	0.0013320013320013	0.0184570402911014	salamandrivorans	life_stage	liq_Zoospore	liq_Developed	up_in_liq_Zoospore	0.0																											False	False	False	False
12645	421.7121	1.663357	2.5258888653370617e-05	0.0	5.384143214357152	1.0	0.2	0.8	48.0	0.0013320013320013	0.0184570402911014	salamandrivorans	life_stage	liq_Zoospore	liq_Developed	up_in_liq_Zoospore	0.0																											False	False	False	False
18065	405.237	0.692937	2.5011148394751424e-05	0.0	5.370265485621064	1.0	0.2	0.8	48.0	0.0013320013320013	0.0184570402911014	salamandrivorans	life_stage	liq_Zoospore	liq_Developed	up_in_liq_Zoospore	0.0																											False	False	False	False
19219	1355.6582	3.793357	2.4880287272936453e-05	0.0	5.362880766795779	1.0	0.2	0.8	48.0	0.0013320013320013	0.0184570402911014	salamandrivorans	life_stage	liq_Zoospore	liq_Developed	up_in_liq_Zoospore	0.0																											False	False	False	False
17859	819.4611	4.940409	2.469560290511333e-05	0.0	5.352393968577005	1.0	0.4	0.6	48.0	0.0013320013320013	0.0184570402911014	salamandrivorans	life_stage	liq_Zoospore	liq_Developed	up_in_liq_Zoospore	3.257273589632133																											True	False	False	False
10086	515.8049	2.512468	2.3376339354621143e-05	0.0	5.27518038946412	1.0	0.1	0.9	47.0	0.0013320013320013	0.0184570402911014	salamandrivorans	life_stage	liq_Zoospore	liq_Developed	up_in_liq_Zoospore	0.0																											False	False	False	False
36377	516.2311	0.903274	0.0	2.319428442434996e-05	-5.264193091491762	0.4	1.0	-0.6	1.0	0.0013320013320013	0.0184570402911014	salamandrivorans	life_stage	liq_Zoospore	liq_Developed	up_in_liq_Developed	-0.2838124387501303																											False	True	False	False
19208	324.6893	1.507326	2.2871641097164747e-05	0.0	5.24451310873554	1.0	0.3	0.7	48.0	0.0013320013320013	0.0184570402911014	salamandrivorans	life_stage	liq_Zoospore	liq_Developed	up_in_liq_Zoospore	4.125564931401303																											True	False	False	False
22695	381.1762	0.897021	0.0	2.2699996039049044e-05	-5.233932995341398	0.2	1.0	-0.8	1.0	0.0013320013320013	0.0184570402911014	salamandrivorans	life_stage	liq_Zoospore	liq_Developed	up_in_liq_Developed	4.826141701057187																											True	True	True	False
19377	542.2944	0.826	0.0	2.241623746167135e-05	-5.216270289129043	0.2	1.0	-0.8	1.0	0.0013320013320013	0.0184570402911014	salamandrivorans	life_stage	liq_Zoospore	liq_Developed	up_in_liq_Developed	5.027564286879582																											True	True	True	False
16509	597.3538	3.641593	2.232627519715853e-05	0.0	5.210625090198956	1.0	0.4	0.6	48.0	0.0013320013320013	0.0184570402911014	salamandrivorans	life_stage	liq_Zoospore	liq_Developed	up_in_liq_Zoospore	4.52329475873817																											True	False	False	False
25711	1051.5239	3.723598	2.142922904309447e-05	0.0	5.153092440797693	1.0	0.4	0.6	48.0	0.0013320013320013	0.0184570402911014	salamandrivorans	life_stage	liq_Zoospore	liq_Developed	up_in_liq_Zoospore	4.053105645609193																											True	False	False	False
20029	1087.1058	4.33241	2.0848117173176e-05	0.0	5.114559288051554	1.0	0.4	0.6	48.0	0.0013320013320013	0.0184570402911014	salamandrivorans	life_stage	liq_Zoospore	liq_Developed	up_in_liq_Zoospore	2.9879344994172774																											True	False	False	False
33336	586.2515	1.83758	2.0294955204788777e-05	0.0	5.076897918703177	1.0	0.1	0.9	47.0	0.0013320013320013	0.0184570402911014	salamandrivorans	life_stage	liq_Zoospore	liq_Developed	up_in_liq_Zoospore	0.0																											False	False	False	False
22216	1152.6361	4.617	1.868729325579127e-05	0.0	4.961506962624267	1.0	0.4	0.6	48.0	0.0013320013320013	0.0184570402911014	salamandrivorans	life_stage	liq_Zoospore	liq_Developed	up_in_liq_Zoospore	2.9939543948356704																											True	False	False	False
24214	522.7694	1.401297	0.0	1.8351134550793475e-05	-4.936166545658211	0.4	1.0	-0.6	1.0	0.0013320013320013	0.0184570402911014	salamandrivorans	life_stage	liq_Zoospore	liq_Developed	up_in_liq_Developed	4.705417732582392																											True	False	False	False
19921	355.2386	1.964358	1.76003333458341e-05	0.0	4.877908863852739	1.0	0.3	0.7	48.0	0.0013320013320013	0.0184570402911014	salamandrivorans	life_stage	liq_Zoospore	liq_Developed	up_in_liq_Zoospore	3.554565723380166																											True	False	False	False
26054	427.2029	1.328616	0.0	1.7472153075439468e-05	-4.86772342507334	0.4	1.0	-0.6	1.0	0.0013320013320013	0.0184570402911014	salamandrivorans	life_stage	liq_Zoospore	liq_Developed	up_in_liq_Developed	4.729564689103395	26054.0	C19H30N4O5S	[M + H]+	H-DL-xiIle-DL-Arg-DL-xiThr-OH	CCC(C)C(C(=O)NC(CCCN=C(N)N)C(=O)NC(C(C)O)C(=O)O)N	0.186	Amino acids and Peptides	Tripeptides	Carboxylic acids and derivatives	26054.0	native-full-e9838293-bagel	native	1.0								native	native	1.0	26054.0	C19H30N4O5S	False	True	True	True	False
24033	1152.6533	4.640647	1.6753968942324498e-05	0.0	4.809285550026362	1.0	0.3	0.7	48.0	0.0013320013320013	0.0184570402911014	salamandrivorans	life_stage	liq_Zoospore	liq_Developed	up_in_liq_Zoospore	3.0991344216896013																											True	False	False	False
26443	784.4481	3.972	1.650547945758664e-05	0.0	4.788502152280159	1.0	0.2	0.8	48.0	0.0013320013320013	0.0184570402911014	salamandrivorans	life_stage	liq_Zoospore	liq_Developed	up_in_liq_Zoospore	0.0																											False	False	False	False
14664	393.2358	3.178344	1.617509917704359e-05	0.0	4.760397519101586	1.0	0.1	0.9	47.0	0.0013320013320013	0.0184570402911014	salamandrivorans	life_stage	liq_Zoospore	liq_Developed	up_in_liq_Zoospore	0.0																											False	False	False	False
17736	381.2218	2.297932	1.5882320640142636e-05	0.0	4.735025599087644	1.0	0.2	0.8	48.0	0.0013320013320013	0.0184570402911014	salamandrivorans	life_stage	liq_Zoospore	liq_Developed	up_in_liq_Zoospore	0.0																											False	False	False	False
27078	895.5139	4.683871	1.48180171469044e-05	0.0	4.638842078322682	1.0	0.2	0.8	48.0	0.0013320013320013	0.0184570402911014	salamandrivorans	life_stage	liq_Zoospore	liq_Developed	up_in_liq_Zoospore	0.0																											False	False	False	False
32676	961.451	4.128	0.0	1.4356113531057723e-05	-4.595016900820149	0.4	1.0	-0.6	1.0	0.0013320013320013	0.0184570402911014	salamandrivorans	life_stage	liq_Zoospore	liq_Developed	up_in_liq_Developed	4.337674738051227																											True	True	True	False
29687	1256.674	4.06447	1.4033188264200066e-05	0.0	4.563567498134874	1.0	0.4	0.6	48.0	0.0013320013320013	0.0184570402911014	salamandrivorans	life_stage	liq_Zoospore	liq_Developed	up_in_liq_Zoospore	3.489342855399117																											True	False	False	False
28031	1441.7734	4.390106	0.0	1.2958675246671844e-05	-4.453692957093844	0.4	1.0	-0.6	1.0	0.0013320013320013	0.0184570402911014	salamandrivorans	life_stage	liq_Zoospore	liq_Developed	up_in_liq_Developed	4.122239833173878																											True	True	True	False
24607	725.4235	4.1955	1.263118182941304e-05	0.0	4.418470355437225	1.0	0.3	0.7	48.0	0.0013320013320013	0.0184570402911014	salamandrivorans	life_stage	liq_Zoospore	liq_Developed	up_in_liq_Zoospore	3.3024275649073824																											True	False	False	False
23451	1155.635	3.9795	1.2414735149645012e-05	0.0	4.39470996971816	1.0	0.4	0.6	48.0	0.0013320013320013	0.0184570402911014	salamandrivorans	life_stage	liq_Zoospore	liq_Developed	up_in_liq_Zoospore	3.378205112744955																											True	False	False	False
26406	1120.0806	4.576373	1.0899602037562628e-05	0.0	4.216434582375757	1.0	0.4	0.6	48.0	0.0013320013320013	0.0184570402911014	salamandrivorans	life_stage	liq_Zoospore	liq_Developed	up_in_liq_Zoospore	2.237596379403791																											True	False	False	False
28791	644.8582	4.172	1.0683010471222528e-05	0.0	4.189049956044538	1.0	0.3	0.7	48.0	0.0013320013320013	0.0184570402911014	salamandrivorans	life_stage	liq_Zoospore	liq_Developed	up_in_liq_Zoospore	2.4263059185992346																											True	False	False	False
30707	1257.6891	4.326139	1.0626733436324028e-05	0.0	4.181848700084911	1.0	0.2	0.8	48.0	0.0013320013320013	0.0184570402911014	salamandrivorans	life_stage	liq_Zoospore	liq_Developed	up_in_liq_Zoospore	0.0																											False	False	False	False
27455	1143.6295	4.546564	1.0622791902527635e-05	0.0	4.1813429886686775	1.0	0.2	0.8	48.0	0.0013320013320013	0.0184570402911014	salamandrivorans	life_stage	liq_Zoospore	liq_Developed	up_in_liq_Zoospore	0.0																											False	False	False	False
30374	862.4948	4.090356	1.0588540883744014e-05	0.0	4.176940993981116	1.0	0.4	0.6	48.0	0.0013320013320013	0.0184570402911014	salamandrivorans	life_stage	liq_Zoospore	liq_Developed	up_in_liq_Zoospore	3.688437838453959																											True	False	False	False
34534	1067.0751	4.439086	9.851871329170803e-06	0.0	4.078858680647517	1.0	0.3	0.7	48.0	0.0013320013320013	0.0184570402911014	salamandrivorans	life_stage	liq_Zoospore	liq_Developed	up_in_liq_Zoospore	2.532629162968949																											True	False	False	False
26434	1013.033	4.172	9.75224540700822e-06	0.0	4.065067196673982	1.0	0.3	0.7	48.0	0.0013320013320013	0.0184570402911014	salamandrivorans	life_stage	liq_Zoospore	liq_Developed	up_in_liq_Zoospore	3.071288303897043																											True	False	False	False
27635	622.838	4.007796	8.97489791579312e-06	0.0	3.95267444599868	1.0	0.4	0.6	48.0	0.0013320013320013	0.0184570402911014	salamandrivorans	life_stage	liq_Zoospore	liq_Developed	up_in_liq_Zoospore	3.3315699983868146																											True	False	False	False
34061	1148.1222	4.513922	8.298996556880265e-06	0.0	3.847284485740876	1.0	0.2	0.8	48.0	0.0013320013320013	0.0184570402911014	salamandrivorans	life_stage	liq_Zoospore	liq_Developed	up_in_liq_Zoospore	0.0																											False	False	False	False
30302	1207.1434	4.498598	7.748203497650789e-06	0.0	3.755317360570161	1.0	0.2	0.8	48.0	0.0013320013320013	0.0184570402911014	salamandrivorans	life_stage	liq_Zoospore	liq_Developed	up_in_liq_Zoospore	0.0																											False	False	False	False
34069	1467.7905	4.481788	7.713239033995953e-06	0.0	3.7492765404631982	1.0	0.3	0.7	48.0	0.0013320013320013	0.0184570402911014	salamandrivorans	life_stage	liq_Zoospore	liq_Developed	up_in_liq_Zoospore	2.7272312071545626																											True	False	False	False
914	1093.6127	4.593586	0.0006259954324038	4.629393237411364e-05	3.739501724437833	1.0	1.0	0.0	49.0	0.0013320013320013	0.0184570402911014	salamandrivorans	life_stage	liq_Zoospore	liq_Developed	up_in_liq_Zoospore	1.5609915995255774																											True	False	False	False
14624	1224.7185	4.219	5.187237723331192e-05	3.437848582454806e-06	3.693433572147633	1.0	0.6	0.4	49.0	0.0013320013320013	0.0184570402911014	salamandrivorans	life_stage	liq_Zoospore	liq_Developed	up_in_liq_Zoospore	4.668477901587673																											True	False	False	False
2514	488.2596	0.587	2.902354096341051e-05	0.0003636998559612	-3.619431272865003	0.6	1.0	-0.4	1.0	0.0013320013320013	0.0184570402911014	salamandrivorans	life_stage	liq_Zoospore	liq_Developed	up_in_liq_Developed	9.055215165096897																											True	True	True	False
3908	406.2305	1.659	0.0002085173253772	1.6687013947159282e-05	3.5950480679078183	1.0	0.6	0.4	49.0	0.0013320013320013	0.0184570402911014	salamandrivorans	life_stage	liq_Zoospore	liq_Developed	up_in_liq_Zoospore	5.486280070002856																											True	False	False	False
36967	1306.2347	4.769767	6.77565001941762e-06	0.0	3.577068599534261	1.0	0.2	0.8	48.0	0.0013320013320013	0.0184570402911014	salamandrivorans	life_stage	liq_Zoospore	liq_Developed	up_in_liq_Zoospore	0.0																											False	False	False	False
18930	983.555	4.070648	2.0010051037128096e-05	0.0002288683422867	-3.4756234130351427	1.0	1.0	0.0	1.0	0.0013320013320013	0.0184570402911014	salamandrivorans	life_stage	liq_Zoospore	liq_Developed	up_in_liq_Developed	7.501744368221816	18930.0	C47H78N6O16	[M + H]+	H-Ser-His-Pro-Arg-Pro-Ile-Arg-Unk	CCC(C)C(C(=O)NC(CCCN=C(N)N)C(=O)NC(C1OO1)C(C)C)NC(=O)C2CCCN2C(=O)C(CCCN=C(N)N)NC(=O)C3CCCN3C(=O)C(CC4=CN=CN4)NC(=O)C(CO)N	0.093	Amino acids and Peptides	Linear peptides	Carboxylic acids and derivatives	8458.0	EB-MSV000090464-gnps_ms2	transferred	2.0	983.5556	4.07	983.555	4.070648	-0.61	0.001	0.9956	ms2_tie	assigned	1.0	8458.0	C47H78N6O16	False	True	True	True	False
4417	602.293	2.523	0.0002250845123341	2.0048532811094888e-05	3.4489491352036907	1.0	0.6	0.4	49.0	0.0013320013320013	0.0184570402911014	salamandrivorans	life_stage	liq_Zoospore	liq_Developed	up_in_liq_Zoospore	5.831569079098862	4417.0	C23H39N9O10	[M + H]+	5,8,9-trimethyl-16-(prop-2-en-1-yl)-3,6-bis(propan-2-yl)-icosahydropyrrolo[1,2-d]1-oxa-4,7,10,13,16-pentaazacyclononadecane-1,4,7,10,14,17-hexone	CC1C(=O)NCCC(=O)OC(C(=O)N2CCCC2C(=O)NC(C(=O)N(C(C(=O)N1C)C(C)C)C)C(C)C)CC=C	0.2	Amino acids and Peptides	Cyclic peptides	Carboxylic acids and derivatives	4417.0	native-full-e9838293-bagel	native	1.0								native	native	1.0	4417.0	C23H39N9O10	False	True	False	False	False
13865	638.8407	4.100661	4.145972458528316e-05	3.365125666636061e-06	3.400540605944131	1.0	0.6	0.4	49.0	0.0013320013320013	0.0184570402911014	salamandrivorans	life_stage	liq_Zoospore	liq_Developed	up_in_liq_Zoospore	3.8913672485751536	13865.0	C15H22Br4N4O4	[M + H]+							13865.0	native-full-e9838293-bagel	native	1.0								native	native	1.0	13865.0	C15H22Br4N4O4	False	True	False	False	False
31889	1419.248	4.514269	5.525364654205012e-06	0.0	3.3098766453497244	1.0	0.1	0.9	47.0	0.0013320013320013	0.0184570402911014	salamandrivorans	life_stage	liq_Zoospore	liq_Developed	up_in_liq_Zoospore	0.0																											False	False	False	False
8787	224.0925	1.289499	8.508338181391039e-06	8.902360830999201e-05	-3.295825287019496	1.0	1.0	0.0	1.0	0.0013320013320013	0.0184570402911014	salamandrivorans	life_stage	liq_Zoospore	liq_Developed	up_in_liq_Developed	0.6949418477319459																											False	True	False	False
2509	647.3322	3.091235	0.0001816114250471	1.7970161833371613e-05	3.2931844466256823	1.0	0.6	0.4	49.0	0.0013320013320013	0.0184570402911014	salamandrivorans	life_stage	liq_Zoospore	liq_Developed	up_in_liq_Zoospore	5.334740115358836	2509.0	C31H46N6O9	[M + H]+	Ac-Gln-Cha-Asp-Leu-Ala-al	CC(C)CC(C(=O)NC(C)C=O)NC(=O)C(CC(=O)O)NC(=O)C(CC1CCCCC1)NC(=O)C(CCC(=O)N)NC(=O)C	0.451	Amino acids and Peptides	Tripeptides	Carboxylic acids and derivatives	2509.0	native-full-e9838293-bagel	native	1.0								native	native	1.0	2509.0	C31H46N6O9	False	True	False	False	False
3702	1045.0883	4.445059	0.0001443306133635	1.4282493739000432e-05	3.281965570946187	1.0	0.8	0.1999999999999999	49.0	0.0013320013320013	0.0184570402911014	salamandrivorans	life_stage	liq_Zoospore	liq_Developed	up_in_liq_Zoospore	6.288811061715906																											True	False	False	False
5601	587.2438	2.48079	1.4672462017508511e-05	0.0001353560845727	-3.152489067612541	0.6	1.0	-0.4	1.0	0.0013320013320013	0.0184570402911014	salamandrivorans	life_stage	liq_Zoospore	liq_Developed	up_in_liq_Developed	6.5215574039911015	5601.0	C22H40N6O10	[M + K]+	Antimycin A	CCCCCCC1C(C(OC(=O)C(C(OC1=O)C)NC(=O)C2=C(C(=CC=C2)NC=O)O)C)OC(=O)CC(C)C	0.205	Amino acids and Peptides	Dipeptides	Carboxylic acids and derivatives	5601.0	native-full-e9838293-bagel	native	1.0								native	native	1.0	5601.0	C22H40N6O10	False	True	True	True	False
38205	984.5408	4.724777	4.806322443782881e-06	0.0	3.130342128219333	1.0	0.4	0.6	48.0	0.0013320013320013	0.0184570402911014	salamandrivorans	life_stage	liq_Zoospore	liq_Developed	up_in_liq_Zoospore	2.283382698010614																											True	False	False	False
36378	1146.5852	5.617151	4.718852037206389e-06	0.0	3.106895421369937	1.0	0.4	0.6	48.0	0.0013320013320013	0.0184570402911014	salamandrivorans	life_stage	liq_Zoospore	liq_Developed	up_in_liq_Zoospore	2.4306449013952607																											True	False	False	False
37542	1074.6089	4.866438	4.595654410773494e-06	0.0	3.0732119444883907	1.0	0.3	0.7	48.0	0.0013320013320013	0.0184570402911014	salamandrivorans	life_stage	liq_Zoospore	liq_Developed	up_in_liq_Zoospore	1.7056146681399034																											True	False	False	False
32794	1125.1132	4.456939	4.513134340722292e-06	0.0	3.0502021569377	1.0	0.3	0.7	48.0	0.0013320013320013	0.0184570402911014	salamandrivorans	life_stage	liq_Zoospore	liq_Developed	up_in_liq_Zoospore	1.830321539197335																											True	False	False	False
36201	1057.6025	4.756846	4.468612963157245e-06	0.0	3.0376337598142897	1.0	0.2	0.8	48.0	0.0013320013320013	0.0184570402911014	salamandrivorans	life_stage	liq_Zoospore	liq_Developed	up_in_liq_Zoospore	0.0																											False	False	False	False
6803	504.2797	3.833	6.912341954418688e-05	8.32564789533555e-06	2.962847465961782	1.0	0.7	0.3	49.0	0.0013320013320013	0.0184570402911014	salamandrivorans	life_stage	liq_Zoospore	liq_Developed	up_in_liq_Zoospore	4.756353814310415																											True	False	False	False
37673	1159.1791	4.872117	4.120060480446235e-06	0.0	2.935259607629717	1.0	0.2	0.8	48.0	0.0013320013320013	0.0184570402911014	salamandrivorans	life_stage	liq_Zoospore	liq_Developed	up_in_liq_Zoospore	0.0																											False	False	False	False
33628	783.4427	4.731131	4.091965851942554e-06	0.0	2.926682601519901	1.0	0.3	0.7	48.0	0.0013320013320013	0.0184570402911014	salamandrivorans	life_stage	liq_Zoospore	liq_Developed	up_in_liq_Zoospore	1.8905420829204933																											True	False	False	False
14072	449.7348	1.304712	7.015452395903474e-06	5.542744955325341e-05	-2.875919186731883	0.8	1.0	-0.1999999999999999	1.0	0.0013320013320013	0.0184570402911014	salamandrivorans	life_stage	liq_Zoospore	liq_Developed	up_in_liq_Developed	6.046240192240867																											True	True	True	False
37948	1112.1041	4.726791	3.8922813210638e-06	0.0	2.864205884112655	1.0	0.1	0.9	47.0	0.0013320013320013	0.0184570402911014	salamandrivorans	life_stage	liq_Zoospore	liq_Developed	up_in_liq_Zoospore	0.0																											False	False	False	False
5117	1054.574	4.45397	9.665246176169646e-05	1.2803462565670117e-05	2.857306360212202	1.0	1.0	0.0	49.0	0.0013320013320013	0.0184570402911014	salamandrivorans	life_stage	liq_Zoospore	liq_Developed	up_in_liq_Zoospore	5.730555033619152																											True	False	False	False
2756	494.2244	1.497872	2.799747257722236e-05	0.0001996512471418	-2.807001968684743	1.0	1.0	0.0	1.0	0.0013320013320013	0.0184570402911014	salamandrivorans	life_stage	liq_Zoospore	liq_Developed	up_in_liq_Developed	0.0537078867268889	2756.0	C27H31N3O6	[M + H]+	4-[(4-Fluoro-3-{[4-(morpholin-4-ylcarbonyl)-1,4-diazepan-1-yl]carbonyl}phenyl)methyl]-1,2-dihydrophthalazin-1-one	C1CN(CCN(C1)C(=O)N2CCOCC2)C(=O)C3=C(C=CC(=C3)CC4=NNC(=O)C5=CC=CC=C54)F	0.014	Amino acids and Peptides	Cyclic peptides	Carboxylic acids and derivatives	2269.0	EB-MSV000090464-gnps_ms2	transferred	1.0	494.2243	1.48	494.2244	1.497872	0.202	0.018	1.0	unique	assigned	1.0	2269.0	C27H31N3O6	False	False	True	False	False
37824	1067.1072	4.853183	3.6990835512030114e-06	0.0	2.8010691850602547	1.0	0.2	0.8	48.0	0.0013320013320013	0.0184570402911014	salamandrivorans	life_stage	liq_Zoospore	liq_Developed	up_in_liq_Zoospore	0.0																											False	False	False	False
14698	928.0062	4.358967	3.291658481658674e-05	4.276476159031754e-06	2.7760063622061586	1.0	0.9	0.0999999999999999	49.0	0.0013320013320013	0.0184570402911014	salamandrivorans	life_stage	liq_Zoospore	liq_Developed	up_in_liq_Zoospore	3.9951149881825954																											True	False	False	False
5169	579.7983	3.54	0.0001131847678947	1.66584986021478e-05	2.719535536706972	1.0	1.0	0.0	49.0	0.0013320013320013	0.0184570402911014	salamandrivorans	life_stage	liq_Zoospore	liq_Developed	up_in_liq_Zoospore	5.271596202128972	5169.0	C11H19Br4N3O3	[M + Na]+							5169.0	native-full-e9838293-bagel	native	1.0								native	native	1.0	5169.0	C11H19Br4N3O3	False	True	False	False	False
5710	909.454	3.727527	1.37016624673608e-05	8.987308715729538e-05	-2.6596377134680163	0.8	1.0	-0.1999999999999999	1.0	0.0013320013320013	0.0184570402911014	salamandrivorans	life_stage	liq_Zoospore	liq_Developed	up_in_liq_Developed	5.374389838468376																											True	True	True	False
1952	521.2352	1.533613	8.955560189855937e-05	0.000568009790697	-2.6566852508383003	1.0	1.0	0.0	1.0	0.0013320013320013	0.0184570402911014	salamandrivorans	life_stage	liq_Zoospore	liq_Developed	up_in_liq_Developed	2.856606293114365	1952.0	C23H32N6O8	[M + H]+		C1CC2C(=O)NC(C(=O)N3CCCC3C(=O)NC(C(=O)N2C1)CC4=CC=C(C=C4)O)CC5=CC=C(C=C5)O	0.45	Amino acids and Peptides	Tripeptides	Carboxylic acids and derivatives	2404.0	EB-MSV000090464-gnps_ms2	transferred	1.0	521.2362	1.52	521.2352	1.533613	-1.919	0.014	1.0	unique	assigned	1.0	2404.0	C23H32N6O8	False	True	True	True	False
35004	720.9058	4.488712	3.270581033716732e-06	0.0	2.650316963174064	1.0	0.4	0.6	48.0	0.0013320013320013	0.0184570402911014	salamandrivorans	life_stage	liq_Zoospore	liq_Developed	up_in_liq_Zoospore	2.153351107258783																											True	False	False	False
768	674.8524	2.009	0.000509645955643	8.22940329165271e-05	2.6215661918670823	1.0	0.6	0.4	49.0	0.0013320013320013	0.0184570402911014	salamandrivorans	life_stage	liq_Zoospore	liq_Developed	up_in_liq_Zoospore	8.788130601994574																											True	False	False	False
4693	571.3355	3.835	0.0001145718693464	1.811216097437799e-05	2.6204717746563	1.0	0.8	0.1999999999999999	49.0	0.0013320013320013	0.0184570402911014	salamandrivorans	life_stage	liq_Zoospore	liq_Developed	up_in_liq_Zoospore	5.69166880907355																											True	False	False	False
4306	983.5585	3.408481	0.0001183577449312	1.8962758427012703e-05	2.6030569566002044	1.0	0.6	0.4	49.0	0.0013320013320013	0.0184570402911014	salamandrivorans	life_stage	liq_Zoospore	liq_Developed	up_in_liq_Zoospore	5.690999657555406	4306.0	C47H78N6O16	[M + H]+	H-Ser-Leu-Phe-Asn-Thr-Ile-Ala-Val-Leu-al	CCC(C)C(C(=O)NC(C)C(=O)NC(C(C)C)C(=O)NC(CC(C)C)C=O)NC(=O)C(C(C)O)NC(=O)C(CC(=O)N)NC(=O)C(CC1=CC=CC=C1)NC(=O)C(CC(C)C)NC(=O)C(CO)N	0.28	Amino acids and Peptides	Linear peptides	Polypeptides	7647.0	EB-MSV000090464-gnps_ms2	transferred	2.0	983.5602	3.41	983.5585	3.408481	-1.728	-0.002	0.8816	ms2_winner	assigned	1.0	7647.0	C47H78N6O16	False	True	False	False	False
9321	511.2411	1.492915	1.36061712851102e-05	8.13206024151106e-05	-2.526059818349964	0.8	1.0	-0.1999999999999999	1.0	0.0013320013320013	0.0184570402911014	salamandrivorans	life_stage	liq_Zoospore	liq_Developed	up_in_liq_Developed	6.214774590026747																											True	True	True	False
2741	1058.9075	3.004139	0.0002523828587654	4.378468708511806e-05	2.510379006940468	1.0	0.6	0.4	49.0	0.0013320013320013	0.0184570402911014	salamandrivorans	life_stage	liq_Zoospore	liq_Developed	up_in_liq_Zoospore	1.4789144530131828	2741.0	C59H119N5O10	[M + H]+	Methyl 3-[3-[3-[bis(3-oxo-3-tetradecoxypropyl)amino]propyl-methylamino]propyl-(3-oxo-3-tetradecoxypropyl)amino]propanoate	CCCCCCCCCCCCCCOC(=O)CCN(CCCN(C)CCCN(CCC(=O)OCCCCCCCCCCCCCC)CCC(=O)OCCCCCCCCCCCCCC)CCC(=O)OC		Polyketides	Lipopeptides	Peptidomimetics	2741.0	native-full-e9838293-bagel	native	1.0								native	native	1.0	2741.0	C59H119N5O10	False	True	False	False	True
6893	564.325	3.948	0.0001301585948738	2.23358477339528e-05	2.5102105929044103	1.0	0.6	0.4	49.0	0.0013320013320013	0.0184570402911014	salamandrivorans	life_stage	liq_Zoospore	liq_Developed	up_in_liq_Zoospore	6.353236902522214																											True	False	False	False
8847	524.2567	3.101167	1.3544371350751093e-05	7.625674673716594e-05	-2.440309224641128	0.6	1.0	-0.4	1.0	0.0013320013320013	0.0184570402911014	salamandrivorans	life_stage	liq_Zoospore	liq_Developed	up_in_liq_Developed	6.150093721249027																											True	True	True	False
12104	877.9605	4.192	6.105399303934268e-05	1.095514279426156e-05	2.41366700740442	1.0	0.6	0.4	49.0	0.0013320013320013	0.0184570402911014	salamandrivorans	life_stage	liq_Zoospore	liq_Developed	up_in_liq_Zoospore	5.296321144744807	12104.0	C22H34I3N5O8	[M + H]+							12104.0	native-full-e9838293-bagel	native	1.0								native	native	1.0	12104.0	C22H34I3N5O8	False	True	False	False	False
16127	677.3744	3.782516	2.6267814504165687e-05	4.574284383055743e-06	2.372032486837754	1.0	0.6	0.4	49.0	0.0013320013320013	0.0184570402911014	salamandrivorans	life_stage	liq_Zoospore	liq_Developed	up_in_liq_Zoospore	4.022695562437424																											True	False	False	False
26462	1277.645	4.592495	1.563272023857659e-05	2.56482671563466e-06	2.351519411959938	1.0	0.6	0.4	49.0	0.0013320013320013	0.0184570402911014	salamandrivorans	life_stage	liq_Zoospore	liq_Developed	up_in_liq_Zoospore	3.2101951922938725																											True	False	False	False
18491	1009.6161	4.198	2.4309409291317795e-05	4.318392184629799e-06	2.3358157720543784	1.0	0.6	0.4	49.0	0.0013320013320013	0.0184570402911014	salamandrivorans	life_stage	liq_Zoospore	liq_Developed	up_in_liq_Zoospore	3.6549078953541936																											True	False	False	False
10218	669.9005	4.248	6.140268100764194e-05	1.1836414915748606e-05	2.3159387460052443	1.0	0.6	0.4	49.0	0.0013320013320013	0.0184570402911014	salamandrivorans	life_stage	liq_Zoospore	liq_Developed	up_in_liq_Zoospore	5.532188471927749	10218.0	C17H26Br3N3O8S	[M + H]+							10218.0	native-full-e9838293-bagel	native	1.0								native	native	1.0	10218.0	C17H26Br3N3O8S	False	True	False	False	False
17011	612.8612	4.202	2.679906501370365e-05	4.990920791564273e-06	2.288940103412516	1.0	0.8	0.1999999999999999	49.0	0.0013320013320013	0.0184570402911014	salamandrivorans	life_stage	liq_Zoospore	liq_Developed	up_in_liq_Zoospore	4.404344596597557																											True	False	False	False
16633	836.9571	4.264952	3.90291560094655e-05	7.577143538613345e-06	2.274144899899031	1.0	0.7	0.3	49.0	0.0013320013320013	0.0184570402911014	salamandrivorans	life_stage	liq_Zoospore	liq_Developed	up_in_liq_Zoospore	4.881351544061745																											True	False	False	False
1599	678.3491	2.630687	0.0001325376971702	2.850081215163128e-05	2.193026611726914	1.0	0.8	0.1999999999999999	49.0	0.0013320013320013	0.0184570402911014	salamandrivorans	life_stage	liq_Zoospore	liq_Developed	up_in_liq_Zoospore	0.2129700935947102	1599.0	C34H49N5O8	[M + Na]+	Ncp-E4-L	CCC(C)C(C(=O)NC(CO)C(=O)N1CCC(C1C(=O)O)C)NC(=O)C(CCC(=O)N)NC(=O)CNC(=O)C(CC2=CC=C(C=C2)O)N	0.255	Amino acids and Peptides	Tripeptides	Carboxylic acids and derivatives	5847.0	EB-MSV000090464-gnps_ms2	transferred	1.0	678.3481	2.62	678.3491	2.630687	1.474	0.011	0.9954	unique	assigned	1.0	5847.0	C34H49N5O8	False	False	False	False	False
25971	1046.6134	4.579097	1.7032296964587648e-05	3.253429273454694e-06	2.1882723905990207	1.0	0.6	0.4	49.0	0.0013320013320013	0.0184570402911014	salamandrivorans	life_stage	liq_Zoospore	liq_Developed	up_in_liq_Zoospore	3.461248464532591																											True	False	False	False
23017	925.9708	3.474014	7.60229297117187e-05	1.6484700646581396e-05	2.163782338384352	1.0	0.7	0.3	49.0	0.0013320013320013	0.0184570402911014	salamandrivorans	life_stage	liq_Zoospore	liq_Developed	up_in_liq_Zoospore	5.4727879965894095	23017.0	C30H39Br4N7O7	[M + H]+							23017.0	native-full-e9838293-bagel	native	1.0								native	native	1.0	23017.0	C30H39Br4N7O7	False	True	False	False	False
21470	839.001	4.381793	2.627905352107221e-05	5.467999208063448e-06	2.143578249558816	1.0	0.6	0.4	49.0	0.0013320013320013	0.0184570402911014	salamandrivorans	life_stage	liq_Zoospore	liq_Developed	up_in_liq_Zoospore	4.168405797716571																											True	False	False	False
18369	784.925	4.471967	2.041460922020884e-05	4.267801529413983e-06	2.1055851584819414	1.0	0.9	0.0999999999999999	49.0	0.0013320013320013	0.0184570402911014	salamandrivorans	life_stage	liq_Zoospore	liq_Developed	up_in_liq_Zoospore	3.9324342027254287	18369.0	C22H33Br4FN4O6	[M + H]+							18369.0	native-full-e9838293-bagel	native	1.0								native	native	1.0	18369.0	C22H33Br4FN4O6	False	True	False	False	False
7276	571.8298	3.524	0.00011046101327	2.5205166263214283e-05	2.1047774131842503	1.0	1.0	0.0	49.0	0.0013320013320013	0.0184570402911014	salamandrivorans	life_stage	liq_Zoospore	liq_Developed	up_in_liq_Zoospore	5.643326273746269																											True	False	False	False
12998	1105.6298	3.504415	1.475363250690306e-05	6.51557769875475e-05	-2.0971229737399097	0.8	1.0	-0.1999999999999999	1.0	0.0013320013320013	0.0184570402911014	salamandrivorans	life_stage	liq_Zoospore	liq_Developed	up_in_liq_Developed	6.050578993526445																											True	True	True	False
1215	415.2573	1.386578	0.0004899351886478	0.0001145283217747	2.090925357645284	1.0	0.9	0.0999999999999999	49.0	0.0013320013320013	0.0184570402911014	salamandrivorans	life_stage	liq_Zoospore	liq_Developed	up_in_liq_Zoospore	2.043340999665668	1215.0	C19H34N4O6	[M + H]+	(2S,3S)-2-[[(2S)-1-[(2S)-2-[[(2S)-2-amino-3-hydroxypropanoyl]amino]-3-methylbutanoyl]pyrrolidine-2-carbonyl]amino]-3-methylpentanoic acid	CCC(C)C(C(=O)O)NC(=O)C1CCCN1C(=O)C(C(C)C)NC(=O)C(CO)N	0.538	Amino acids and Peptides	Tripeptides	Carboxylic acids and derivatives	2446.0	EB-MSV000090464-gnps_ms2	transferred	4.0	415.2568	1.54	415.2573	1.386578	1.204	-0.153	0.8883	ms2_winner	assigned	1.0	2446.0	C19H34N4O6	False	True	False	False	False
10560	1019.5309	3.664933	8.733041777643513e-05	2.0559789782109365e-05	2.054019906171213	1.0	1.0	0.0	49.0	0.0013320013320013	0.0184570402911014	salamandrivorans	life_stage	liq_Zoospore	liq_Developed	up_in_liq_Zoospore	5.395810961178857	10560.0	C59H74N2O13	[M + H]+	20-benzyl-16-hydroxy-27-[2-({5-hydroxy-13,15-diazatetracyclo[8.7.0.0³,⁸.0¹¹,¹⁵]heptadec-16-en-4-yl}methyl)furan-3-yl]-2,13-dimethyl-13-(3-methylbutyl)-8,12,28,31-tetraoxaoctacyclo[15.14.0.0¹,³⁰.0²,²⁷.0⁵,¹⁷.0⁶,¹¹.0⁶,¹⁴.0¹⁸,²³]hentriacont-24-yne-9,15,29-trione	CC(C)CCC1(C2C(=O)C(C34C(C25COC(=O)CC5O1)CCC6(C37C(O7)C(=O)OC6(CC#CC8C4CC(CC8)CC9=CC=CC=C9)C1=C(OC=C1)CC1C(CCC2C1CC1C=CN3CNCC3C1C2)O)C)O)C	0.053	Polyketides	Depsipeptides	Peptidomimetics	10560.0	native-EB97X;native-full-e9838293-bagel	native	1.0								native	native	1.0	10560.0	C59H74N2O13	False	True	False	False	True
16524	1106.5477	4.15	3.612264061591052e-05	8.283851210038199e-06	2.044996052176004	1.0	0.8	0.1999999999999999	49.0	0.0013320013320013	0.0184570402911014	salamandrivorans	life_stage	liq_Zoospore	liq_Developed	up_in_liq_Zoospore	4.6163794794876765	16524.0	C49H77N15O12	[M + K]+	H-Pro-Glu-Cys-Thr-Lys-Ser-Ile-Pro-Pro-Ile-OH	CCC(C)C(C(=O)N1CCCC1C(=O)N2CCCC2C(=O)NC(C(C)CC)C(=O)O)NC(=O)C(CO)NC(=O)C(CCCCN)NC(=O)C(C(C)O)NC(=O)C(CS)NC(=O)C(CCC(=O)O)NC(=O)C3CCCN3	0.14	Amino acids and Peptides	Cyclic peptides	Carboxylic acids and derivatives	16524.0	native-full-e9838293-bagel	native	1.0								native	native	1.0	16524.0	C49H77N15O12	False	True	False	False	False
11504	1367.6935	4.059878	4.2184924179208864e-05	9.779440775899613e-06	2.041306859943727	1.0	0.8	0.1999999999999999	49.0	0.0013320013320013	0.0184570402911014	salamandrivorans	life_stage	liq_Zoospore	liq_Developed	up_in_liq_Zoospore	5.22856464549398																											True	False	False	False
17764	994.5269	4.058	1.0127280978490352e-05	4.25441703096496e-05	-2.005897143351785	0.8	1.0	-0.1999999999999999	1.0	0.0013320013320013	0.0184570402911014	salamandrivorans	life_stage	liq_Zoospore	liq_Developed	up_in_liq_Developed	5.456727263415163																											True	True	True	False
12169	878.4696	4.1895	6.443463871542509e-05	1.593353539836886e-05	1.9745348573564736	1.0	1.0	0.0	49.0	0.0013320013320013	0.0184570402911014	salamandrivorans	life_stage	liq_Zoospore	liq_Developed	up_in_liq_Zoospore	5.237360010762364	12169.0	C39H63N11O12	[M + H]+	H-Thr-Val-Pro-Ala-Ala-Val-Val-Leu-Ala-OH	CC(C)CC(C(=O)NC(C)C(=O)O)NC(=O)C(C(C)C)NC(=O)C(C(C)C)NC(=O)C(C)NC(=O)C(C)NC(=O)C1CCCN1C(=O)C(C(C)C)NC(=O)C(C(C)O)N	0.218	Amino acids and Peptides	Tripeptides	Carboxylic acids and derivatives	12169.0	native-full-e9838293-bagel	native	1.0								native	native	1.0	12169.0	C39H63N11O12	False	True	False	False	False
32445	1132.5778	4.615115	9.974488565133674e-06	2.104939483306036e-06	1.959152810228114	1.0	0.6	0.4	49.0	0.0013320013320013	0.0184570402911014	salamandrivorans	life_stage	liq_Zoospore	liq_Developed	up_in_liq_Zoospore	2.7731835743715587																											True	False	False	False
6764	837.4171	1.515958	2.4050049530178592e-05	9.473612432553978e-05	-1.95057986335955	0.6	1.0	-0.4	1.0	0.0013320013320013	0.0184570402911014	salamandrivorans	life_stage	liq_Zoospore	liq_Developed	up_in_liq_Developed	6.845408125408002																											True	True	True	False
12383	1156.615	3.98	6.533927830184741e-05	1.6508787113679226e-05	1.9451740124486376	1.0	0.6	0.4	49.0	0.0013320013320013	0.0184570402911014	salamandrivorans	life_stage	liq_Zoospore	liq_Developed	up_in_liq_Zoospore	4.956990330037205																											True	False	False	False
20035	896.0037	4.604412	2.756514148374793e-05	6.785771124985242e-06	1.9282622254977155	1.0	0.7	0.3	49.0	0.0013320013320013	0.0184570402911014	salamandrivorans	life_stage	liq_Zoospore	liq_Developed	up_in_liq_Zoospore	4.437041450934441																											True	False	False	False
9442	969.4863	3.651567	8.010438978065562e-05	2.0976616090442355e-05	1.9022161421495185	1.0	0.9	0.0999999999999999	49.0	0.0013320013320013	0.0184570402911014	salamandrivorans	life_stage	liq_Zoospore	liq_Developed	up_in_liq_Zoospore	5.342545761969597																											True	False	False	False
34844	836.4689	4.284907	1.1067707593308072e-05	2.5112231898009365e-06	1.900309494437593	1.0	0.7	0.3	49.0	0.0013320013320013	0.0184570402911014	salamandrivorans	life_stage	liq_Zoospore	liq_Developed	up_in_liq_Zoospore	2.90613227999677																											True	False	False	False
10235	690.3751	1.290119	2.588741269732401e-05	9.709606957181426e-05	-1.882213585157146	1.0	1.0	0.0	1.0	0.0013320013320013	0.0184570402911014	salamandrivorans	life_stage	liq_Zoospore	liq_Developed	up_in_liq_Developed	6.953303494836986																											True	True	True	False
7145	378.204	1.809	4.0988719817380805e-05	0.0001524143103595	-1.8789059986028271	1.0	1.0	0.0	1.0	0.0013320013320013	0.0184570402911014	salamandrivorans	life_stage	liq_Zoospore	liq_Developed	up_in_liq_Developed	0.2339746091336176																											False	True	False	False
7349	1404.719	3.189998	0.0001342223885998	3.633834956632964e-05	1.8673115748697589	1.0	0.8	0.1999999999999999	49.0	0.0013320013320013	0.0184570402911014	salamandrivorans	life_stage	liq_Zoospore	liq_Developed	up_in_liq_Zoospore	6.551700804374857																											True	False	False	False
8920	1047.545	3.621793	9.98981189040122e-05	2.7291972302422457e-05	1.8485124133684967	1.0	0.8	0.1999999999999999	49.0	0.0013320013320013	0.0184570402911014	salamandrivorans	life_stage	liq_Zoospore	liq_Developed	up_in_liq_Zoospore	6.413658764492561																											True	False	False	False
13713	1070.6056	4.640354	1.916156349794321e-05	7.038753942320896e-05	-1.8438338110195671	1.0	1.0	0.0	1.0	0.0013320013320013	0.0184570402911014	salamandrivorans	life_stage	liq_Zoospore	liq_Developed	up_in_liq_Developed	6.298508702002733																											True	True	True	False
7732	864.4522	3.818	8.812501877851409e-05	2.448101633078865e-05	1.821934508764079	1.0	0.7	0.3	49.0	0.0013320013320013	0.0184570402911014	salamandrivorans	life_stage	liq_Zoospore	liq_Developed	up_in_liq_Zoospore	6.160470652496047	7732.0	C44H61N7O11	[M + H]+	H-Tyr-Pro-Phe-Val-Glu-Pro-Ile-OH	CCC(C)C(C(=O)O)NC(=O)C1CCCN1C(=O)C(CCC(=O)O)NC(=O)C(C(C)C)NC(=O)C(CC2=CC=CC=C2)NC(=O)C3CCCN3C(=O)C(CC4=CC=C(C=C4)O)N	0.938	Amino acids and Peptides	Tripeptides	Carboxylic acids and derivatives	8220.0	EB-MSV000090464-gnps_ms2	transferred	2.0	864.4523	3.81	864.4522	3.818	-0.116	0.008	0.9343	unique	assigned	1.0	8220.0	C44H61N7O11	False	True	False	False	False
2941	871.4857	0.908	0.0001449338477426	4.1240216247086825e-05	1.7979097336327234	1.0	0.7	0.3	49.0	0.0013320013320013	0.0184570402911014	salamandrivorans	life_stage	liq_Zoospore	liq_Developed	up_in_liq_Zoospore	6.819072740006424	2941.0	C44H66N6O12	[M + H]+	H-His-Arg-Phe-Leu-Arg-His-al	CC(C)CC(C(=O)NC(CCCN=C(N)N)C(=O)NC(CC1=CN=CN1)C=O)NC(=O)C(CC2=CC=CC=C2)NC(=O)C(CCCN=C(N)N)NC(=O)C(CC3=CN=CN3)N	0.156	Amino acids and Peptides	Linear peptides	Carboxylic acids and derivatives	1174.0	EB-MSV000090464-gnps_ms2	transferred	1.0	871.4852	0.9	871.4857	0.908	0.574	0.008	1.0	unique	assigned	1.0	1174.0	C44H66N6O12	False	True	False	False	False
6032	671.3746	2.264485	3.685441596001737e-05	0.0001294117466675	-1.794895398233371	1.0	1.0	0.0	1.0	0.0013320013320013	0.0184570402911014	salamandrivorans	life_stage	liq_Zoospore	liq_Developed	up_in_liq_Developed	7.631364177886198																											True	True	True	False
22463	856.9417	4.106279	1.2465364664983552e-05	3.185903216555956e-06	1.781735599835502	1.0	0.6	0.4	49.0	0.0013320013320013	0.0184570402911014	salamandrivorans	life_stage	liq_Zoospore	liq_Developed	up_in_liq_Zoospore	3.088492621544842																											True	False	False	False
15156	377.7307	3.654141	1.0427475053167694e-05	3.712401641312071e-05	-1.7725629742795523	0.8	1.0	-0.1999999999999999	1.0	0.0013320013320013	0.0184570402911014	salamandrivorans	life_stage	liq_Zoospore	liq_Developed	up_in_liq_Developed	5.604056547994095																											True	True	True	False
30240	1065.6082	4.62826	1.229526158264494e-05	3.205957929610056e-06	1.7552750179594097	1.0	0.6	0.4	49.0	0.0013320013320013	0.0184570402911014	salamandrivorans	life_stage	liq_Zoospore	liq_Developed	up_in_liq_Zoospore	3.093465711722747																											True	False	False	False
15472	1138.5831	3.782379	1.4024493189665754e-05	4.880636102936033e-05	-1.7549462168760348	1.0	1.0	0.0	1.0	0.0013320013320013	0.0184570402911014	salamandrivorans	life_stage	liq_Zoospore	liq_Developed	up_in_liq_Developed	5.992505149380731																											True	True	True	False
28655	1227.688	4.123	1.6577478933258057e-05	4.508865712873157e-06	1.7455531255507626	1.0	0.6	0.4	49.0	0.0013320013320013	0.0184570402911014	salamandrivorans	life_stage	liq_Zoospore	liq_Developed	up_in_liq_Zoospore	3.7362470465737183																											True	False	False	False
18420	837.9594	4.414588	2.8078031349618408e-05	8.151274516852718e-06	1.7101325697034708	1.0	0.8	0.1999999999999999	49.0	0.0013320013320013	0.0184570402911014	salamandrivorans	life_stage	liq_Zoospore	liq_Developed	up_in_liq_Zoospore	4.655976657282014	18420.0	C27H30Br3N5O11	[M + H]+							18420.0	native-full-e9838293-bagel	native	1.0								native	native	1.0	18420.0	C27H30Br3N5O11	False	True	False	False	False
3699	580.3134	3.066211	9.698623555906245e-05	0.0003151064575986	-1.693633444122171	1.0	1.0	0.0	1.0	0.0013320013320013	0.0184570402911014	salamandrivorans	life_stage	liq_Zoospore	liq_Developed	up_in_liq_Developed	3.318445572487108	3699.0	C26H41N7O8	[M + H]+	Poststatin	CCC(C(=O)C(=O)NC(CC(C)C)C(=O)NC(C(C)C)C(=O)O)NC(=O)C(C(C)C)NC(=O)C(C(C)C)N	0.66	Amino acids and Peptides	Tripeptides	Carboxylic acids and derivatives	6886.0	EB-MSV000090464-gnps_ms2	transferred	2.0	580.3102	3.06	580.3134	3.066211	5.514	0.006	1.0	unique	assigned	1.0	6886.0	C26H41N7O8	False	True	True	True	False
25201	1328.7262	4.600999	1.274056554755896e-05	3.533372135367714e-06	1.6857081775684144	1.0	0.7	0.3	49.0	0.0013320013320013	0.0184570402911014	salamandrivorans	life_stage	liq_Zoospore	liq_Developed	up_in_liq_Zoospore	3.2525237306876043																											True	False	False	False
26685	1179.6165	4.406192	9.2439358799238e-06	2.454243359171901e-06	1.6820429015649403	1.0	0.6	0.4	49.0	0.0013320013320013	0.0184570402911014	salamandrivorans	life_stage	liq_Zoospore	liq_Developed	up_in_liq_Zoospore	3.186160576328905																											True	False	False	False
29614	846.9874	4.480672	1.1404776290513792e-05	3.154882732553595e-06	1.6715963030098322	1.0	0.6	0.4	49.0	0.0013320013320013	0.0184570402911014	salamandrivorans	life_stage	liq_Zoospore	liq_Developed	up_in_liq_Zoospore	3.107973005979404																											True	False	False	False
13875	1555.8344	4.549825	2.093364896515434e-05	6.14644971124153e-06	1.6715113610004708	1.0	0.6	0.4	49.0	0.0013320013320013	0.0184570402911014	salamandrivorans	life_stage	liq_Zoospore	liq_Developed	up_in_liq_Zoospore	4.180592475191639																											True	False	False	False
15970	539.2458	1.355	7.5663295228411825e-06	2.45483349660971e-05	-1.620361936521402	0.6	1.0	-0.4	1.0	0.0013320013320013	0.0184570402911014	salamandrivorans	life_stage	liq_Zoospore	liq_Developed	up_in_liq_Developed	4.581653431597568																											True	True	True	False
18599	931.0054	4.54256	2.095271589994162e-05	6.401103205770688e-06	1.6194857397426818	1.0	0.6	0.4	49.0	0.0013320013320013	0.0184570402911014	salamandrivorans	life_stage	liq_Zoospore	liq_Developed	up_in_liq_Zoospore	4.395908047253696																											True	False	False	False
32032	847.9772	4.4171	8.445751402321074e-06	2.3537077825788315e-06	1.6082755958606822	1.0	0.6	0.4	49.0	0.0013320013320013	0.0184570402911014	salamandrivorans	life_stage	liq_Zoospore	liq_Developed	up_in_liq_Zoospore	2.7128948287485244																											True	False	False	False
18820	1553.829	4.023233	2.562239173102009e-05	8.032503423470933e-06	1.6007480528342155	1.0	0.6	0.4	49.0	0.0013320013320013	0.0184570402911014	salamandrivorans	life_stage	liq_Zoospore	liq_Developed	up_in_liq_Zoospore	5.026866806314724																											True	False	False	False
34028	973.0333	4.75409	6.749904399517073e-06	1.827598575056272e-06	1.5904140440967622	1.0	0.6	0.4	49.0	0.0013320013320013	0.0184570402911014	salamandrivorans	life_stage	liq_Zoospore	liq_Developed	up_in_liq_Zoospore	2.157923921138406																											True	False	False	False
2520	644.3274	1.9615	6.008991969756284e-05	0.0001813107626871	-1.5833907724231615	1.0	1.0	0.0	1.0	0.0013320013320013	0.0184570402911014	salamandrivorans	life_stage	liq_Zoospore	liq_Developed	up_in_liq_Developed	2.1898566704752804																											True	True	True	False
4774	346.3322	7.091576	4.595642915878343e-05	0.0001383494222348	-1.5771026021383163	1.0	1.0	0.0	1.0	0.0013320013320013	0.0184570402911014	salamandrivorans	life_stage	liq_Zoospore	liq_Developed	up_in_liq_Developed	-3.3267421837016387	4774.0	C20H43NO3	[M + H]+	2-aminoicosane-1,3,4-triol	CCCCCCCCCCCCCCCCC(C(C(CO)N)O)O	0.261	Fatty acids	Sphingoid bases	Organonitrogen compounds	9165.0	EB-MSV000090464-gnps_ms2	transferred	1.0	346.3321	7.09	346.3322	7.091576	0.289	0.002	1.0	unique	assigned	1.0	9165.0	C20H43NO3	False	False	False	False	True
17225	557.2928	1.196266	2.1307708567051056e-05	6.460461937834223e-05	-1.5726765480872562	1.0	1.0	0.0	1.0	0.0013320013320013	0.0184570402911014	salamandrivorans	life_stage	liq_Zoospore	liq_Developed	up_in_liq_Developed	6.546941659377228																											True	True	True	False
23221	785.4292	4.468369	1.7638935305982745e-05	5.53320509748208e-06	1.569246001350724	1.0	0.6	0.4	49.0	0.0013320013320013	0.0184570402911014	salamandrivorans	life_stage	liq_Zoospore	liq_Developed	up_in_liq_Zoospore	3.909556508983164																											True	False	False	False
25100	563.3274	4.195	3.369163390186267e-05	1.1341449536151097e-05	1.52033255644029	1.0	1.0	0.0	49.0	0.0013320013320013	0.0184570402911014	salamandrivorans	life_stage	liq_Zoospore	liq_Developed	up_in_liq_Zoospore	4.512637739686384	25100.0	C11H19Br4FN2O3	[M + H]+							25100.0	native-full-e9838293-bagel	native	1.0								native	native	1.0	25100.0	C11H19Br4FN2O3	False	True	False	False	False
19418	996.5197	4.232	2.965013070414209e-05	1.0006474166195529e-05	1.5102621438727992	1.0	0.9	0.0999999999999999	49.0	0.0013320013320013	0.0184570402911014	salamandrivorans	life_stage	liq_Zoospore	liq_Developed	up_in_liq_Zoospore	4.826459022607012																											True	False	False	False
5008	857.5034	3.746355	4.129194032979703e-05	0.0001182953318167	-1.504509165086774	1.0	1.0	0.0	1.0	0.0013320013320013	0.0184570402911014	salamandrivorans	life_stage	liq_Zoospore	liq_Developed	up_in_liq_Developed	7.12590619811163																											True	True	True	False
26905	849.4699	4.1605	1.3952844664362135e-05	4.523444692143591e-06	1.5025380088687237	1.0	0.7	0.3	49.0	0.0013320013320013	0.0184570402911014	salamandrivorans	life_stage	liq_Zoospore	liq_Developed	up_in_liq_Zoospore	3.416940833242441																											True	False	False	False
2022	627.2776	2.057	0.0001456149145963	0.0004114039170683	-1.4944424630892204	1.0	1.0	0.0	1.0	0.0013320013320013	0.0184570402911014	salamandrivorans	life_stage	liq_Zoospore	liq_Developed	up_in_liq_Developed	8.730392592335624																											True	True	True	False
3067	645.3618	2.746	0.0001710682999034	6.147967815262623e-05	1.4671391190249876	1.0	0.8	0.1999999999999999	49.0	0.0013320013320013	0.0184570402911014	salamandrivorans	life_stage	liq_Zoospore	liq_Developed	up_in_liq_Zoospore	7.563121061261082	3067.0	C32H48N6O8	[M + H]+	H-Ala-Arg-Thr-Ala-Ala-Thr-Ala-al	CC(C=O)NC(=O)C(C(C)O)NC(=O)C(C)NC(=O)C(C)NC(=O)C(C(C)O)NC(=O)C(CCCN=C(N)N)NC(=O)C(C)N	0.204	Amino acids and Peptides	Tripeptides	Carboxylic acids and derivatives	3067.0	native-full-e9838293-bagel	native	1.0								native	native	1.0	3067.0	C32H48N6O8	False	True	False	False	False
7600	637.3516	3.49707	3.956643009277044e-05	0.0001101861098287	-1.463264956530029	1.0	1.0	0.0	1.0	0.0013320013320013	0.0184570402911014	salamandrivorans	life_stage	liq_Zoospore	liq_Developed	up_in_liq_Developed	7.276088385115569																											True	True	True	False
14310	1024.5839	3.429646	3.605749219579023e-05	1.2776150069507328e-05	1.4531000140526065	1.0	0.6	0.4	49.0	0.0013320013320013	0.0184570402911014	salamandrivorans	life_stage	liq_Zoospore	liq_Developed	up_in_liq_Zoospore	4.988244314236342																											True	False	False	False
11140	502.7375	0.924895	5.069320171037299e-05	1.830603051247579e-05	1.4389746996627286	1.0	0.7	0.3	49.0	0.0013320013320013	0.0184570402911014	salamandrivorans	life_stage	liq_Zoospore	liq_Developed	up_in_liq_Zoospore	5.532151923363345																											True	False	False	False
3295	942.9465	1.865	7.824786923028711e-05	0.000210738979198	-1.4221897676621131	1.0	1.0	0.0	1.0	0.0013320013320013	0.0184570402911014	salamandrivorans	life_stage	liq_Zoospore	liq_Developed	up_in_liq_Developed	2.026699443944888																											True	True	True	False
5276	551.2987	3.065559	0.0001099857386308	4.084413425409652e-05	1.415497828287989	1.0	1.0	0.0	49.0	0.0013320013320013	0.0184570402911014	salamandrivorans	life_stage	liq_Zoospore	liq_Developed	up_in_liq_Zoospore	-0.0514638952394944	5276.0	C21H40N10O6	[M + Na]+	L-Arginine, N2-(1-(N2-L-leucyl-L-lysyl)-L-prolyl)-	CC(C)CC(C(=O)NC(CCCCN)C(=O)N1CCCC1C(=O)NC(CCCN=C(N)N)C(=O)O)N	0.758	Amino acids and Peptides	Tripeptides	Carboxylic acids and derivatives	5276.0	native-full-e9838293-bagel	native	1.0								native	native	1.0	5276.0	C21H40N10O6	False	False	False	False	False
16002	1281.6798	3.18	8.353958107838674e-05	3.093106900110686e-05	1.4154484449180111	1.0	0.7	0.3	49.0	0.0013320013320013	0.0184570402911014	salamandrivorans	life_stage	liq_Zoospore	liq_Developed	up_in_liq_Zoospore	6.3509183688609																											True	False	False	False
9543	1156.5769	2.467086	9.32785727956868e-05	3.475129822613522e-05	1.408532782821568	1.0	0.7	0.3	49.0	0.0013320013320013	0.0184570402911014	salamandrivorans	life_stage	liq_Zoospore	liq_Developed	up_in_liq_Zoospore	6.361473434053743																											True	False	False	False
19008	918.5073	4.13983	3.1721583105604915e-05	1.1685805059025184e-05	1.394076179353494	1.0	1.0	0.0	49.0	0.0013320013320013	0.0184570402911014	salamandrivorans	life_stage	liq_Zoospore	liq_Developed	up_in_liq_Zoospore	4.56389738735319																											True	False	False	False
7615	529.3012	0.699	3.008548858701544e-05	7.774417592612274e-05	-1.3517075250498294	1.0	1.0	0.0	1.0	0.0013320013320013	0.0184570402911014	salamandrivorans	life_stage	liq_Zoospore	liq_Developed	up_in_liq_Developed	6.537624464585556																											True	True	True	False
13210	561.2855	1.394118	6.681845402228005e-05	2.600199279950249e-05	1.340964150251129	1.0	0.7	0.3	49.0	0.0013320013320013	0.0184570402911014	salamandrivorans	life_stage	liq_Zoospore	liq_Developed	up_in_liq_Zoospore	6.097818492877294	13210.0	C23H40N6O10	[M + H]+	H-Ser-Ser-Gly-Val-Asp-Leu-al	CC(C)CC(C=O)NC(=O)C(CC(=O)O)NC(=O)C(C(C)C)NC(=O)CNC(=O)C(CO)NC(=O)C(CO)N	0.82	Amino acids and Peptides	Tripeptides	Carboxylic acids and derivatives	13210.0	native-full-e9838293-bagel	native	1.0								native	native	1.0	13210.0	C23H40N6O10	False	True	False	False	False
25187	634.3472	4.05769	1.2141581398571244e-05	4.531474552359342e-06	1.3088070755784904	1.0	0.9	0.0999999999999999	49.0	0.0013320013320013	0.0184570402911014	salamandrivorans	life_stage	liq_Zoospore	liq_Developed	up_in_liq_Zoospore	3.315159577868956																											True	False	False	False
6037	802.5197	3.931	5.6568640726790754e-05	2.254026323756556e-05	1.3040896836138764	1.0	0.6	0.4	49.0	0.0013320013320013	0.0184570402911014	salamandrivorans	life_stage	liq_Zoospore	liq_Developed	up_in_liq_Zoospore	6.085888632039692	6037.0	C40H67N9O8	[M + H]+	H-Leu-His-Leu-Pro-Leu-Pro-Leu-OH	CC(C)CC(C(=O)NC(CC1=CN=CN1)C(=O)NC(CC(C)C)C(=O)N2CCCC2C(=O)NC(CC(C)C)C(=O)N3CCCC3C(=O)NC(CC(C)C)C(=O)O)N	0.237	Amino acids and Peptides	Tripeptides	Carboxylic acids and derivatives	8367.0	EB-MSV000090464-gnps_ms2	transferred	2.0	802.5231	3.94	802.5197	3.931	-4.237	-0.009	0.9999	unique	assigned	1.0	8367.0	C40H67N9O8	False	True	False	False	False
1640	992.4642	2.998703	0.0002206770387721	0.0005421192530288	-1.2942764325225382	1.0	1.0	0.0	1.0	0.0013320013320013	0.0184570402911014	salamandrivorans	life_stage	liq_Zoospore	liq_Developed	up_in_liq_Developed	9.438184225647802	1640.0	C40H61N15O15	[M + H]+	H-Cys(1)-Tyr-Ile-Leu-Asn-Cys(1)-Pro-Leu-Gly-NH2	CCC(C)C1C(=O)NC(C(=O)NC(C(=O)NC(CSSCC(C(=O)NC(C(=O)N1)CC2=CC=C(C=C2)O)N)C(=O)N3CCCC3C(=O)NC(CC(C)C)C(=O)NCC(=O)N)CC(=O)N)CC(C)C	0.843	Amino acids and Peptides	Cyclic peptides	Carboxylic acids and derivatives	6722.0	EB-MSV000090464-gnps_ms2	transferred	1.0	992.464	3.0	992.4642	2.998703	0.202	-0.001	0.9999	unique	assigned	1.0	6722.0	C40H61N15O15	False	True	True	True	False
17925	716.3592	1.286766	1.7649904549482304e-05	4.404636903132428e-05	-1.289735898542692	1.0	1.0	0.0	1.0	0.0013320013320013	0.0184570402911014	salamandrivorans	life_stage	liq_Zoospore	liq_Developed	up_in_liq_Developed	6.09680263522663																											True	True	True	False
22900	833.4601	4.182	1.8642914905214447e-05	7.418664452326143e-06	1.2608341808845154	1.0	0.7	0.3	49.0	0.0013320013320013	0.0184570402911014	salamandrivorans	life_stage	liq_Zoospore	liq_Developed	up_in_liq_Zoospore	4.297655176633311																											True	False	False	False
23986	637.287	1.320551	1.0376122810384883e-05	2.5716558886683538e-05	-1.260098156252088	0.8	1.0	-0.1999999999999999	1.0	0.0013320013320013	0.0184570402911014	salamandrivorans	life_stage	liq_Zoospore	liq_Developed	up_in_liq_Developed	4.765070741894541																											True	True	True	False
37534	963.0058	4.398933	6.096563011243981e-06	2.1913402400345936e-06	1.256567498753911	1.0	0.6	0.4	49.0	0.0013320013320013	0.0184570402911014	salamandrivorans	life_stage	liq_Zoospore	liq_Developed	up_in_liq_Zoospore	2.7330032668689204																											True	False	False	False
14476	233.1494	1.257539	1.8855933696388863e-05	4.532488076453757e-05	-1.2382262735625744	1.0	1.0	0.0	1.0	0.0013320013320013	0.0184570402911014	salamandrivorans	life_stage	liq_Zoospore	liq_Developed	up_in_liq_Developed	-0.9792569112848644																											False	False	False	False
15372	563.3213	4.225	3.369163390186267e-05	1.3965504079963432e-05	1.2341820947282445	1.0	1.0	0.0	49.0	0.0013320013320013	0.0184570402911014	salamandrivorans	life_stage	liq_Zoospore	liq_Developed	up_in_liq_Zoospore	4.982122045836015																											True	False	False	False
434	1079.6157	3.173757	0.0021048084035336	0.0009044809373775	1.2179635319256503	1.0	1.0	0.0	49.0	0.0013320013320013	0.0184570402911014	salamandrivorans	life_stage	liq_Zoospore	liq_Developed	up_in_liq_Zoospore	2.5856962601486697	434.0	C57H84N8O11	[M + Na]+	Circulin	CCC(C)C1C(=O)NC(C(=O)NC(C(=O)NC(C(=O)NCCC(C(=O)NC(C(=O)NC(C(=O)N1)CC(C)C)CCN)NC(=O)C(CCN)NC(=O)C(C(C)O)NC(=O)C(CCN)NC=O)C(C)O)CCN)CCN	0.898	Amino acids and Peptides	Linear peptides	Polypeptides	7161.0	EB-MSV000090464-gnps_ms2	transferred	2.0	1079.6157	3.18	1079.6157	3.173757	0.0	-0.006	0.9017	ms2_tie	assigned	1.0	7161.0	C57H84N8O11	False	True	False	False	False
29826	848.9622	4.424116	8.72505539965951e-06	3.426578876563872e-06	1.2075698687921277	1.0	0.8	0.1999999999999999	49.0	0.0013320013320013	0.0184570402911014	salamandrivorans	life_stage	liq_Zoospore	liq_Developed	up_in_liq_Zoospore	3.197579563698604																											True	False	False	False
4865	533.2765	2.072	0.0001729100546493	7.455485247572887e-05	1.2068672487809755	1.0	0.8	0.1999999999999999	49.0	0.0013320013320013	0.0184570402911014	salamandrivorans	life_stage	liq_Zoospore	liq_Developed	up_in_liq_Zoospore	1.8989545243225727																											True	False	False	False
15290	661.2994	1.144664	4.295957307090022e-05	1.83601742125468e-05	1.1991735519973812	1.0	0.7	0.3	49.0	0.0013320013320013	0.0184570402911014	salamandrivorans	life_stage	liq_Zoospore	liq_Developed	up_in_liq_Zoospore	5.5541737897725705																											True	False	False	False
15141	512.814	3.101833	1.5950473488685646e-05	3.710633639593674e-05	-1.1869739337125658	0.8	1.0	-0.1999999999999999	1.0	0.0013320013320013	0.0184570402911014	salamandrivorans	life_stage	liq_Zoospore	liq_Developed	up_in_liq_Developed	5.455551560792817																											True	True	True	False
12702	418.7468	2.573	1.461290053801237e-05	3.392716247822177e-05	-1.1813947144001593	0.6	1.0	-0.4	1.0	0.0013320013320013	0.0184570402911014	salamandrivorans	life_stage	liq_Zoospore	liq_Developed	up_in_liq_Developed	5.500314728234905																											True	False	False	False
11691	744.941	3.553	4.927226992512359e-05	2.146265337702272e-05	1.1759152726548356	1.0	0.7	0.3	49.0	0.0013320013320013	0.0184570402911014	salamandrivorans	life_stage	liq_Zoospore	liq_Developed	up_in_liq_Zoospore	5.624225779164624																											True	False	False	False
5587	712.8404	2.311	0.0001203491056312	5.2971245633623296e-05	1.174574534678573	1.0	0.6	0.4	49.0	0.0013320013320013	0.0184570402911014	salamandrivorans	life_stage	liq_Zoospore	liq_Developed	up_in_liq_Zoospore	7.117340005039409																											True	False	False	False
29625	943.4821	4.258995	1.1423581772840242e-05	4.781856166243305e-06	1.156787926593312	1.0	0.9	0.0999999999999999	49.0	0.0013320013320013	0.0184570402911014	salamandrivorans	life_stage	liq_Zoospore	liq_Developed	up_in_liq_Zoospore	3.3599101559038123																											True	False	False	False
7230	460.2786	1.564	6.07005531052764e-05	2.6902975058331782e-05	1.1557441993594146	1.0	0.8	0.1999999999999999	49.0	0.0013320013320013	0.0184570402911014	salamandrivorans	life_stage	liq_Zoospore	liq_Developed	up_in_liq_Zoospore	5.813134800970356																											True	False	False	False
13800	993.5917	3.7838	5.539292777105088e-05	2.485059907671232e-05	1.1369375449650514	1.0	0.9	0.0999999999999999	49.0	0.0013320013320013	0.0184570402911014	salamandrivorans	life_stage	liq_Zoospore	liq_Developed	up_in_liq_Zoospore	5.869831780518078																											True	False	False	False
9840	442.3102	3.0824	8.940190361833468e-05	4.041706044849615e-05	1.1333552449251405	1.0	1.0	0.0	49.0	0.0013320013320013	0.0184570402911014	salamandrivorans	life_stage	liq_Zoospore	liq_Developed	up_in_liq_Zoospore	6.369776618840614																											True	False	False	False
1463	761.3808	1.971111	0.0004451702042912	0.0002026652240107	1.1328608849546786	1.0	1.0	0.0	49.0	0.0013320013320013	0.0184570402911014	salamandrivorans	life_stage	liq_Zoospore	liq_Developed	up_in_liq_Zoospore	2.8033412627199628	1463.0	C36H52N6O12	[M + H]+	Cyclo(ile-2,3,4,5-tetrahydro-3-pyridazincecarbonyl-2,3,4,5-tetrahydro-3-pyridazinecarbonyl-N-Me-phe-pro-phe)	CCC(C)C1C(=O)N2C(CCC=N2)C(=O)N3C(CCC=N3)C(=O)N(C(C(=O)N4CCCC4C(=O)NC(C(=O)N1)CC5=CC=CC=C5)CC6=CC=CC=C6)C	0.417	Amino acids and Peptides	Cyclic peptides	Carboxylic acids and derivatives	3790.0	EB-MSV000090464-gnps_ms2	transferred	4.0	761.3818	1.96	761.3808	1.971111	-1.313	0.011	1.0	ms2_winner	assigned	1.0	3790.0	C36H52N6O12	False	True	False	False	False
8468	472.2765	2.235801	3.5927097524293264e-05	7.936389546966331e-05	-1.1299600674402288	1.0	1.0	0.0	1.0	0.0013320013320013	0.0184570402911014	salamandrivorans	life_stage	liq_Zoospore	liq_Developed	up_in_liq_Developed	0.2008228675700303																											False	True	False	False
13256	514.2335	0.834415	3.1880735076022586e-05	7.050179610587046e-05	-1.1298276817360893	1.0	1.0	0.0	1.0	0.0013320013320013	0.0184570402911014	salamandrivorans	life_stage	liq_Zoospore	liq_Developed	up_in_liq_Developed	6.38910344586235																											True	False	False	False
13152	1015.5452	3.73797	2.413976127961844e-05	5.310135342010959e-05	-1.1175090259418348	1.0	1.0	0.0	1.0	0.0013320013320013	0.0184570402911014	salamandrivorans	life_stage	liq_Zoospore	liq_Developed	up_in_liq_Developed	5.983599982571515																											True	False	False	False
5111	914.4215	1.69145	7.178225797652611e-05	0.000155661541358	-1.110044463681158	1.0	1.0	0.0	1.0	0.0013320013320013	0.0184570402911014	salamandrivorans	life_stage	liq_Zoospore	liq_Developed	up_in_liq_Developed	1.9263136648379169																											True	True	True	False
5053	543.3142	1.387	6.819069397368739e-05	0.0001474310989982	-1.1053943516492424	1.0	1.0	0.0	1.0	0.0013320013320013	0.0184570402911014	salamandrivorans	life_stage	liq_Zoospore	liq_Developed	up_in_liq_Developed	7.483595357473718																											True	False	False	False
4735	744.3549	1.58	0.0001104680792764	0.0002358559760492	-1.089991977207457	1.0	1.0	0.0	1.0	0.0013320013320013	0.0184570402911014	salamandrivorans	life_stage	liq_Zoospore	liq_Developed	up_in_liq_Developed	2.5806175383997405																											True	True	True	False
13123	500.6966	1.290324	1.4810405602041324e-05	3.21318998208048e-05	-1.0858195779937612	1.0	1.0	0.0	1.0	0.0013320013320013	0.0184570402911014	salamandrivorans	life_stage	liq_Zoospore	liq_Developed	up_in_liq_Developed	5.3420694341313455																											True	True	True	False
2003	532.3132	3.218198	0.0003459186066125	0.0001627153016993	1.085181054476932	1.0	0.9	0.0999999999999999	49.0	0.0013320013320013	0.0184570402911014	salamandrivorans	life_stage	liq_Zoospore	liq_Developed	up_in_liq_Zoospore	4.759455470549361	2003.0	C27H41N5O6	[M + H]+	H-Leu-Pro-Pro-Ile-Ala-OH	CCC(C)C(C(=O)NC(C)C(=O)O)NC(=O)C1CCCN1C(=O)C2CCCN2C(=O)C(CC(C)C)N	0.689	Amino acids and Peptides	Tripeptides	Carboxylic acids and derivatives	7203.0	EB-MSV000090464-gnps_ms2	transferred	2.0	532.3131	3.22	532.3132	3.218198	0.188	-0.002	0.9926	unique	assigned	1.0	7203.0	C27H41N5O6	False	True	False	False	False
1850	969.5601	2.085669	0.0002790159491745	0.0005807270334253	-1.0558507109398405	1.0	1.0	0.0	1.0	0.0013320013320013	0.0184570402911014	salamandrivorans	life_stage	liq_Zoospore	liq_Developed	up_in_liq_Developed	9.516773812325184	1850.0	C45H72N14O10	[M + H]+	Neuropeptide NPVF	CC(C)CC(C(=O)N1CCCC1C(=O)NC(CCC(=O)N)C(=O)NC(CCCN=C(N)N)C(=O)NC(CC2=CC=CC=C2)C(=O)N)NC(=O)C(CC(=O)N)NC(=O)C3CCCN3C(=O)C(C(C)C)N	0.092	Amino acids and Peptides	Linear peptides	Carboxylic acids and derivatives	4229.0	EB-MSV000090464-gnps_ms2	transferred	1.0	969.5608	2.07	969.5601	2.085669	-0.722	0.016	0.9975	unique	assigned	1.0	4229.0	C45H72N14O10	False	True	False	False	False
6794	949.0452	3.737188	0.0001118336349248	5.4000380944059823e-05	1.041823675364733	1.0	0.7	0.3	49.0	0.0013320013320013	0.0184570402911014	salamandrivorans	life_stage	liq_Zoospore	liq_Developed	up_in_liq_Zoospore	6.839539171298594	6794.0	C37H30N6O16S3	[M + K]+	3-((1-Hydroxy-6-((((4-((8-hydroxy-3,6-disulpho-1-naphthyl)azo)-2-methoxy-5-methylphenyl)amino)carbonyl)amino)-3-sulpho-2-naphthyl)azo)-p-anisic acid	CC1=CC(=C(C=C1N=NC2=C3C(=CC(=C2)S(=O)(=O)O)C=C(C=C3O)S(=O)(=O)O)OC)NC(=O)NC4=CC5=CC(=C(C(=C5C=C4)O)N=NC6=C(C=CC(=C6)C(=O)O)OC)S(=O)(=O)O		Amino acids and Peptides	Cyclic peptides	Carboxylic acids and derivatives	6794.0	native-full-e9838293-bagel	native	1.0								native	native	1.0	6794.0	C37H30N6O16S3	False	True	False	False	False
34354	665.8856	4.169	9.232611283371124e-06	4.184674594066656e-06	1.0361202079455638	1.0	0.9	0.0999999999999999	49.0	0.0013320013320013	0.0184570402911014	salamandrivorans	life_stage	liq_Zoospore	liq_Developed	up_in_liq_Zoospore	3.153436413187286																											True	False	False	False
6191	499.2861	1.5005	9.421561651407238e-05	4.657688687039332e-05	1.006742547443527	1.0	0.9	0.0999999999999999	49.0	0.0013320013320013	0.0184570402911014	salamandrivorans	life_stage	liq_Zoospore	liq_Developed	up_in_liq_Zoospore	6.76134162465093																											True	False	False	False
8386	721.3521	2.323237	8.12438529033119e-05	4.050739801303144e-05	0.9931327579682828	1.0	0.8	0.1999999999999999	49.0	0.0013320013320013	0.0184570402911014	salamandrivorans	life_stage	liq_Zoospore	liq_Developed	up_in_liq_Zoospore	0.6523586507541395																											False	False	False	False
10816	653.0117	2.6895	3.825067444728432e-05	7.650075311355652e-05	-0.9884433167780108	1.0	1.0	0.0	1.0	0.0013320013320013	0.0184570402911014	salamandrivorans	life_stage	liq_Zoospore	liq_Developed	up_in_liq_Developed	6.71140540676218	10816.0	C28H22Br2N4O5	[M + H]+	2,2'-Dithiobis-(N-(4-sulfamoylphenyl)-benzamide)	C1=CC=C(C(=C1)C(=O)NC2=CC=C(C=C2)S(=O)(=O)N)SSC3=CC=CC=C3C(=O)NC4=CC=C(C=C4)S(=O)(=O)N	0.014	Amino acids and Peptides	Cyclic peptides	Carboxylic acids and derivatives	10816.0	native-full-e9838293-bagel	native	1.0								native	native	1.0	10816.0	C28H22Br2N4O5	False	True	True	True	False
19246	1170.6422	4.1885	1.979004070539837e-05	9.736335753927058e-06	0.9787889637187068	1.0	0.8	0.1999999999999999	49.0	0.0013320013320013	0.0184570402911014	salamandrivorans	life_stage	liq_Zoospore	liq_Developed	up_in_liq_Zoospore	4.302622671058353																											True	False	False	False
8236	882.3966	0.591	5.201239751834295e-05	0.0001023783139067	-0.9686023007855068	1.0	1.0	0.0	1.0	0.0013320013320013	0.0184570402911014	salamandrivorans	life_stage	liq_Zoospore	liq_Developed	up_in_liq_Developed	7.01114951598797																											True	False	False	False
25972	919.501	4.135	1.983508219063438e-05	9.956758897161585e-06	0.9515843377971812	1.0	1.0	0.0	49.0	0.0013320013320013	0.0184570402911014	salamandrivorans	life_stage	liq_Zoospore	liq_Developed	up_in_liq_Zoospore	4.430506826288644																											True	False	False	False
33065	846.9557	4.527914	6.613514144019133e-06	3.1374477830835306e-06	0.9450069630693668	1.0	0.9	0.0999999999999999	49.0	0.0013320013320013	0.0184570402911014	salamandrivorans	life_stage	liq_Zoospore	liq_Developed	up_in_liq_Zoospore	2.896558925682719																											True	False	False	False
5711	754.927	3.40757	0.0001140100294731	5.909670632209614e-05	0.9407825050106808	1.0	1.0	0.0	49.0	0.0013320013320013	0.0184570402911014	salamandrivorans	life_stage	liq_Zoospore	liq_Developed	up_in_liq_Zoospore	6.994842609200761																											True	False	False	False
17445	366.1666	1.405229	1.7029038589328963e-05	3.3200426402345176e-05	-0.9383186651892036	1.0	1.0	0.0	1.0	0.0013320013320013	0.0184570402911014	salamandrivorans	life_stage	liq_Zoospore	liq_Developed	up_in_liq_Developed	0.3513929541137977																											False	False	False	False
11579	1018.6363	3.756128	5.70963441364217e-05	2.9590086483454946e-05	0.9339574153980004	1.0	0.9	0.0999999999999999	49.0	0.0013320013320013	0.0184570402911014	salamandrivorans	life_stage	liq_Zoospore	liq_Developed	up_in_liq_Zoospore	5.852325573111386																											True	False	False	False
22773	434.2709	4.103959	1.1612536328182076e-05	2.2623684837184496e-05	-0.9261344035309392	1.0	1.0	0.0	1.0	0.0013320013320013	0.0184570402911014	salamandrivorans	life_stage	liq_Zoospore	liq_Developed	up_in_liq_Developed	4.769071217955428																											True	False	False	False
11187	532.3127	2.922692	4.2624465095581e-05	8.142519955772039e-05	-0.9239088459931096	1.0	1.0	0.0	1.0	0.0013320013320013	0.0184570402911014	salamandrivorans	life_stage	liq_Zoospore	liq_Developed	up_in_liq_Developed	6.706682002634243																											True	False	False	False
3103	923.1118	2.029	0.0003011052329864	0.0001595922705073	0.9132521553370644	1.0	1.0	0.0	49.0	0.0013320013320013	0.0184570402911014	salamandrivorans	life_stage	liq_Zoospore	liq_Developed	up_in_liq_Zoospore	1.6583556742624606																											True	False	False	False
6085	797.3911	2.167	0.0001563851319545	8.281106517311291e-05	0.9121579275539448	1.0	1.0	0.0	49.0	0.0013320013320013	0.0184570402911014	salamandrivorans	life_stage	liq_Zoospore	liq_Developed	up_in_liq_Zoospore	1.6943333766009887																											True	False	False	False
13367	407.2207	1.336774	9.752636867846474e-06	1.889842868741564e-05	-0.912076585351872	1.0	1.0	0.0	1.0	0.0013320013320013	0.0184570402911014	salamandrivorans	life_stage	liq_Zoospore	liq_Developed	up_in_liq_Developed	4.832744168184412																											True	False	False	False
35085	279.1389	1.643	2.0810581802435407e-05	3.945159230020255e-05	-0.9029195676266504	1.0	1.0	0.0	1.0	0.0013320013320013	0.0184570402911014	salamandrivorans	life_stage	liq_Zoospore	liq_Developed	up_in_liq_Developed	0.6844557654420752																											False	False	False	False
15278	702.8694	3.227	0.0001151858309402	6.20249343255295e-05	0.8864417657164569	1.0	1.0	0.0	49.0	0.0013320013320013	0.0184570402911014	salamandrivorans	life_stage	liq_Zoospore	liq_Developed	up_in_liq_Zoospore	7.032584109738622																											True	False	False	False
1749	598.3593	2.698	0.0005319080747762	0.0002932257115878	0.8577994974153573	1.0	1.0	0.0	49.0	0.0013320013320013	0.0184570402911014	salamandrivorans	life_stage	liq_Zoospore	liq_Developed	up_in_liq_Zoospore	9.341903418415535																											True	False	False	False
27416	644.3328	4.585	9.7195324176414e-06	5.122727441596319e-06	0.8484012764349629	1.0	1.0	0.0	49.0	0.0013320013320013	0.0184570402911014	salamandrivorans	life_stage	liq_Zoospore	liq_Developed	up_in_liq_Zoospore	3.251503866014134																											True	False	False	False
37549	764.5286	4.4209	5.3724300048988405e-06	2.7306830403325767e-06	0.8387510720649216	1.0	0.9	0.0999999999999999	49.0	0.0013320013320013	0.0184570402911014	salamandrivorans	life_stage	liq_Zoospore	liq_Developed	up_in_liq_Zoospore	2.7390837899240785																											True	True	True	False
22734	678.8862	3.603	2.08448612024222e-05	1.1402206456860876e-05	0.8362932587342782	1.0	0.6	0.4	49.0	0.0013320013320013	0.0184570402911014	salamandrivorans	life_stage	liq_Zoospore	liq_Developed	up_in_liq_Zoospore	4.713760919015062																											True	False	False	False
19152	1126.6375	4.232	4.2016900006271135e-05	2.3629225521030568e-05	0.814172681864348	1.0	1.0	0.0	49.0	0.0013320013320013	0.0184570402911014	salamandrivorans	life_stage	liq_Zoospore	liq_Developed	up_in_liq_Zoospore	5.412518854855294																											True	False	False	False
9726	950.0447	3.742792	6.894153200905349e-05	3.935763727832433e-05	0.7991017634612986	1.0	0.8	0.1999999999999999	49.0	0.0013320013320013	0.0184570402911014	salamandrivorans	life_stage	liq_Zoospore	liq_Developed	up_in_liq_Zoospore	6.188858360938252	9726.0	C35H47Br4N5O6	[M + H]+							9726.0	native-full-e9838293-bagel	native	1.0								native	native	1.0	9726.0	C35H47Br4N5O6	False	True	False	False	False
13659	735.3641	2.94	4.221228600953392e-05	7.336015996322614e-05	-0.7884446086601675	1.0	1.0	0.0	1.0	0.0013320013320013	0.0184570402911014	salamandrivorans	life_stage	liq_Zoospore	liq_Developed	up_in_liq_Developed	6.597063404453484																											True	False	False	False
9096	556.3338	2.793	4.431523438927798e-05	7.50411465922596e-05	-0.7517099862379027	1.0	1.0	0.0	1.0	0.0013320013320013	0.0184570402911014	salamandrivorans	life_stage	liq_Zoospore	liq_Developed	up_in_liq_Developed	1.7040272438970734																											True	False	False	False
20330	444.2893	1.96075	4.094103730047814e-05	2.45672466324748e-05	0.7225459846950368	1.0	1.0	0.0	49.0	0.0013320013320013	0.0184570402911014	salamandrivorans	life_stage	liq_Zoospore	liq_Developed	up_in_liq_Zoospore	5.614139382764802																											True	False	False	False
2979	265.1541	1.444	0.0001597750171278	0.0002637073273702	-0.7206974753580426	1.0	1.0	0.0	1.0	0.0013320013320013	0.0184570402911014	salamandrivorans	life_stage	liq_Zoospore	liq_Developed	up_in_liq_Developed	-0.6981015149441987	2979.0	C14H20N2O3	[M + H]+		CC(C)C(C(=O)O)NC(=O)C(CC1=CC=CC=C1)N	0.995	Amino acids and Peptides	Dipeptides	Carboxylic acids and derivatives	2115.0	EB-MSV000090464-gnps_ms2	transferred	3.0	265.1544	1.43	265.1541	1.444	-1.131	0.014	1.0	ms2_winner	assigned	1.0	2115.0	C14H20N2O3	False	False	False	False	False
7200	534.2941	2.667	8.320102749705237e-05	5.0496024566290895e-05	0.7135403470677646	1.0	1.0	0.0	49.0	0.0013320013320013	0.0184570402911014	salamandrivorans	life_stage	liq_Zoospore	liq_Developed	up_in_liq_Zoospore	-2.901392470797981																											False	False	False	False
32397	633.8448	4.073656	5.857226431804423e-06	3.330173318917877e-06	0.7135091229460392	1.0	0.7	0.3	49.0	0.0013320013320013	0.0184570402911014	salamandrivorans	life_stage	liq_Zoospore	liq_Developed	up_in_liq_Zoospore	2.739203059430764																											True	False	False	False
939	839.4431	3.147	0.0008264966502608	0.0005055863154708	0.7083656832190551	1.0	1.0	0.0	49.0	0.0013320013320013	0.0184570402911014	salamandrivorans	life_stage	liq_Zoospore	liq_Developed	up_in_liq_Zoospore	3.3600591371971977																											True	False	False	False
21526	845.4794	3.733293	1.908360708118859e-05	1.1476021846397533e-05	0.7039429160388657	1.0	0.7	0.3	49.0	0.0013320013320013	0.0184570402911014	salamandrivorans	life_stage	liq_Zoospore	liq_Developed	up_in_liq_Zoospore	4.539610651884261																											True	False	False	False
21028	261.1456	0.9675	4.474624077509146e-05	7.321354317904003e-05	-0.7026614835114123	1.0	1.0	0.0	1.0	0.0013320013320013	0.0184570402911014	salamandrivorans	life_stage	liq_Zoospore	liq_Developed	up_in_liq_Developed	-1.237581577189499																											False	False	False	False
18757	414.724	1.281743	1.633350065497886e-05	9.823755918726047e-06	0.6989607560434941	1.0	0.8	0.1999999999999999	49.0	0.0013320013320013	0.0184570402911014	salamandrivorans	life_stage	liq_Zoospore	liq_Developed	up_in_liq_Zoospore	4.324378319375467																											True	False	False	False
3294	313.1559	2.665	8.795315729357529e-05	0.0001430598573575	-0.6979185151820646	1.0	1.0	0.0	1.0	0.0013320013320013	0.0184570402911014	salamandrivorans	life_stage	liq_Zoospore	liq_Developed	up_in_liq_Developed	0.0297294215403042	3294.0	C18H20N2O3	[M + H]+	Phe-Phe	C1=CC=C(C=C1)CC(C(=O)NC(CC2=CC=CC=C2)C(=O)O)N	0.997	Amino acids and Peptides	Dipeptides	Carboxylic acids and derivatives	3294.0	native-full-e9838293-bagel	native	1.0								native	native	1.0	3294.0	C18H20N2O3	False	False	False	False	False
10280	760.474	3.451382	3.190688496900813e-05	1.9704782859212413e-05	0.6784018634371608	1.0	0.8	0.1999999999999999	49.0	0.0013320013320013	0.0184570402911014	salamandrivorans	life_stage	liq_Zoospore	liq_Developed	up_in_liq_Zoospore	5.377263887014087																											True	False	False	False
4348	697.348	1.61175	0.0001471016202203	0.0002243794835914	-0.6070418499588868	1.0	1.0	0.0	1.0	0.0013320013320013	0.0184570402911014	salamandrivorans	life_stage	liq_Zoospore	liq_Developed	up_in_liq_Developed	2.690223985101175	4348.0	C33H50N6O9	[M + Na]+	H-Leu-Cys-Thr-Pro-Ser-Arg-NH2	CC(C)CC(C(=O)NC(CS)C(=O)NC(C(C)O)C(=O)N1CCCC1C(=O)NC(CO)C(=O)NC(CCCN=C(N)N)C(=O)N)N	0.776	Amino acids and Peptides	RiPPs	Carboxylic acids and derivatives	2602.0	EB-MSV000090464-gnps_ms2	transferred	3.0	697.3508	1.6	697.348	1.61175	-4.015	0.012	1.0	ms2_tie	assigned	1.0	2602.0	C33H50N6O9	False	True	False	False	False
25774	524.2974	3.964	1.3238016050156346e-05	8.965176713065852e-06	0.5318597226618605	1.0	0.8	0.1999999999999999	49.0	0.0013320013320013	0.0184570402911014	salamandrivorans	life_stage	liq_Zoospore	liq_Developed	up_in_liq_Zoospore	4.05292728792092																											True	False	False	False
32974	1067.6287	4.47958	8.688043822851285e-06	5.900983520960226e-06	0.5134111619320659	1.0	1.0	0.0	49.0	0.0013320013320013	0.0184570402911014	salamandrivorans	life_stage	liq_Zoospore	liq_Developed	up_in_liq_Zoospore	3.588241587355665																											True	False	False	False
24211	844.4844	4.398136	8.269457345246137e-06	5.751496119396018e-06	0.48048518441985	1.0	1.0	0.0	49.0	0.0013320013320013	0.0184570402911014	salamandrivorans	life_stage	liq_Zoospore	liq_Developed	up_in_liq_Zoospore	3.487060898480757																											True	False	False	False
4040	513.2298	0.5895	0.0002052797273308	0.0002855216410109	-0.4747882172055717	1.0	1.0	0.0	1.0	0.0013320013320013	0.0184570402911014	salamandrivorans	life_stage	liq_Zoospore	liq_Developed	up_in_liq_Developed	1.793670077039665	4040.0	C21H32N6O9	[M + H]+	alpha-4-(3-deoxy-L-glycero-tetronoyl)amino-4,6-dideoxy-D-mannose-(1->2)-alpha-4-(3-deoxy-L-glycero-tetronoyl)-amino-4,6-dideoxy-D-mannose	CC1C(C(C(C(O1)O)OC2C(C(C(C(O2)C)NC(=O)C(CCO)O)O)O)O)NC(=O)C(CCO)O	0.572	Carbohydrates	Aminoglycosides	Organooxygen compounds	4040.0	native-full-e9838293-bagel	native	1.0								native	native	1.0	4040.0	C21H32N6O9	False	True	False	False	False
15248	771.393	2.303422	5.4133759964168965e-05	7.430507450113767e-05	-0.4524930088579826	1.0	1.0	0.0	1.0	0.0013320013320013	0.0184570402911014	salamandrivorans	life_stage	liq_Zoospore	liq_Developed	up_in_liq_Developed	1.885317580503916	15248.0	C39H58N6O6S2	[M + H]+	Ac-Glu-Val-Ala-Pro-Pro-Val-Pro-NH2	CC(C)C(C(=O)NC(C)C(=O)N1CCCC1C(=O)N2CCCC2C(=O)NC(C(C)C)C(=O)N3CCCC3C(=O)N)NC(=O)C(CCC(=O)O)NC(=O)C	0.732	Amino acids and Peptides	Cyclic peptides	Carboxylic acids and derivatives	15248.0	native-full-e9838293-bagel	native	1.0								native	native	1.0	15248.0	C39H58N6O6S2	False	True	False	False	False
5076	450.1966	1.149393	0.0001674124213989	0.0002208514100881	-0.3983815591548947	1.0	1.0	0.0	1.0	0.0013320013320013	0.0184570402911014	salamandrivorans	life_stage	liq_Zoospore	liq_Developed	up_in_liq_Developed	3.424258061590211	5076.0	C20H27N5O7	[M + H]+	Ala-Trp-Ser-Ser	CC(C(=O)NC(CC1=CNC2=CC=CC=C21)C(=O)NC(CO)C(=O)NC(CO)C(=O)O)N	0.368	Amino acids and Peptides	Tripeptides	Carboxylic acids and derivatives	1693.0	EB-MSV000090464-gnps_ms2	transferred	1.0	450.2004	1.16	450.1966	1.149393	-8.441	-0.011	0.9979	unique	assigned	1.0	1693.0	C20H27N5O7	False	True	False	False	False
6348	374.2275	1.613	9.34636413858809e-05	0.0001156720563655	-0.3057377539634227	1.0	1.0	0.0	1.0	0.0013320013320013	0.0184570402911014	salamandrivorans	life_stage	liq_Zoospore	liq_Developed	up_in_liq_Developed	7.516782730201607																											True	False	False	False
721	376.2243	2.86593	0.0010756102184101	0.0012498866943825	-0.2165261243883687	1.0	1.0	0.0	1.0	0.0013320013320013	0.0184570402911014	salamandrivorans	life_stage	liq_Zoospore	liq_Developed	up_in_liq_Developed	3.5614806280370024	721.0	C20H29N3O4	[M + H]+	Phe-Pro-Leu	CC(C)CC(C(=O)O)NC(=O)C1CCCN1C(=O)C(CC2=CC=CC=C2)N	0.844	Amino acids and Peptides	Dipeptides	Carboxylic acids and derivatives	6480.0	EB-MSV000090464-gnps_ms2	transferred	2.0	376.224	2.87	376.2243	2.86593	0.797	-0.004	0.9999	unique	assigned	1.0	6480.0	C20H29N3O4	False	True	False	False	False
9318	629.3524	3.377	8.927357997983437e-05	0.0	7.180599258859692	1.0	0.1	0.9	46.0	0.0016650016650016	0.0220444831015067	salamandrivorans	life_stage	liq_Zoospore	liq_Developed	up_in_liq_Zoospore	0.0																											False	False	False	False
12922	517.2972	3.14	2.915293413118053e-05	0.0	5.586371459647948	1.0	0.1	0.9	46.0	0.0016650016650016	0.0220444831015067	salamandrivorans	life_stage	liq_Zoospore	liq_Developed	up_in_liq_Zoospore	0.0																											False	False	False	False
26227	985.5457	3.635353	1.525918892438789e-05	0.0	4.679492728511165	1.0	0.1	0.9	46.0	0.0016650016650016	0.0220444831015067	salamandrivorans	life_stage	liq_Zoospore	liq_Developed	up_in_liq_Zoospore	0.0																											False	False	False	False
13628	422.5881	2.735	1.4966362146150384e-05	0.0	4.6526391608262445	1.0	0.1	0.9	46.0	0.0016650016650016	0.0220444831015067	salamandrivorans	life_stage	liq_Zoospore	liq_Developed	up_in_liq_Zoospore	0.0																											False	False	False	False
17311	344.7057	3.021247	1.4497947615808065e-05	0.0	4.608616229370369	1.0	0.1	0.9	46.0	0.0016650016650016	0.0220444831015067	salamandrivorans	life_stage	liq_Zoospore	liq_Developed	up_in_liq_Zoospore	0.0																											False	False	False	False
2359	548.7477	2.109737	0.0002320554643007	1.229284816696099e-05	4.171476143722887	1.0	0.5	0.5	48.0	0.0016650016650016	0.0220444831015067	salamandrivorans	life_stage	liq_Zoospore	liq_Developed	up_in_liq_Zoospore	-0.9034506873682594	2359.0	C8H16Br4N2O2SSi	[M + H]+							2359.0	native-full-e9838293-bagel	native	1.0								native	native	1.0	2359.0	C8H16Br4N2O2SSi	False	False	False	False	False
18147	1316.2595	4.669248	3.6319526877018e-05	1.4668506237694649e-06	4.145989993120592	1.0	0.5	0.5	48.0	0.0016650016650016	0.0220444831015067	salamandrivorans	life_stage	liq_Zoospore	liq_Developed	up_in_liq_Zoospore	4.35735935092192																											True	False	False	False
4097	563.809	3.517	0.0001152105509182	6.79987387513788e-06	3.964539796437085	1.0	0.5	0.5	48.0	0.0016650016650016	0.0220444831015067	salamandrivorans	life_stage	liq_Zoospore	liq_Developed	up_in_liq_Zoospore	6.18271331907665	4097.0	C8H17Br4N5O4	[M + H]+							4097.0	native-full-e9838293-bagel	native	1.0								native	native	1.0	4097.0	C8H17Br4N5O4	False	True	False	False	False
27612	1311.7164	4.580902	7.899128535443789e-06	0.0	3.781106330733213	1.0	0.1	0.9	46.0	0.0016650016650016	0.0220444831015067	salamandrivorans	life_stage	liq_Zoospore	liq_Developed	up_in_liq_Zoospore	0.0																											False	False	False	False
5479	1206.1461	4.404263	0.0001404914991681	1.045432041902061e-05	3.671586678840872	1.0	0.5	0.5	48.0	0.0016650016650016	0.0220444831015067	salamandrivorans	life_stage	liq_Zoospore	liq_Developed	up_in_liq_Zoospore	5.752574292294108																											True	False	False	False
12638	1307.7352	4.616865	4.493718793181627e-05	3.2987552275968456e-06	3.539326800168579	1.0	0.5	0.5	48.0	0.0016650016650016	0.0220444831015067	salamandrivorans	life_stage	liq_Zoospore	liq_Developed	up_in_liq_Zoospore	4.189195031641291																											True	False	False	False
31056	1205.6366	4.497	1.9131437999641107e-05	1.2075051677951885e-06	3.4342561565000893	1.0	0.5	0.5	48.0	0.0016650016650016	0.0220444831015067	salamandrivorans	life_stage	liq_Zoospore	liq_Developed	up_in_liq_Zoospore	3.035461732912022																											True	False	False	False
18710	1258.1989	4.464887	2.623433875973237e-05	1.8739274284782887e-06	3.4288438937718886	1.0	0.5	0.5	48.0	0.0016650016650016	0.0220444831015067	salamandrivorans	life_stage	liq_Zoospore	liq_Developed	up_in_liq_Zoospore	3.787142605494256																											True	False	False	False
8439	424.2546	3.456991	2.4581680632812627e-05	1.783417576165114e-06	3.390547066141312	1.0	0.5	0.5	48.0	0.0016650016650016	0.0220444831015067	salamandrivorans	life_stage	liq_Zoospore	liq_Developed	up_in_liq_Zoospore	4.014275316241728																											True	False	False	False
31659	895.4515	4.263993	5.872337011223649e-06	0.0	3.3891202217904297	1.0	0.1	0.9	46.0	0.0016650016650016	0.0220444831015067	salamandrivorans	life_stage	liq_Zoospore	liq_Developed	up_in_liq_Zoospore	0.0																											False	False	False	False
3628	956.4664	2.94	0.0002385346324557	2.311352623125207e-05	3.332964154674923	1.0	0.5	0.5	48.0	0.0016650016650016	0.0220444831015067	salamandrivorans	life_stage	liq_Zoospore	liq_Developed	up_in_liq_Zoospore	2.195899182819128																											True	False	False	False
20933	1216.6294	4.411625	2.719719046389549e-05	2.158257539924277e-06	3.323884874129366	1.0	0.5	0.5	48.0	0.0016650016650016	0.0220444831015067	salamandrivorans	life_stage	liq_Zoospore	liq_Developed	up_in_liq_Zoospore	3.818780620112957																											True	False	False	False
32724	731.8802	4.288076	1.5954673943389773e-05	1.0426551408084556e-06	3.3176875366560354	1.0	0.5	0.5	48.0	0.0016650016650016	0.0220444831015067	salamandrivorans	life_stage	liq_Zoospore	liq_Developed	up_in_liq_Zoospore	3.007654946775612																											True	False	False	False
36695	598.8449	4.071738	5.186576521063782e-06	0.0	3.228061145749776	1.0	0.1	0.9	46.0	0.0016650016650016	0.0220444831015067	salamandrivorans	life_stage	liq_Zoospore	liq_Developed	up_in_liq_Zoospore	0.0																											False	False	False	False
12469	581.7968	3.914	3.861899015852185e-05	3.627635598121716e-06	3.207659942526493	1.0	0.5	0.5	48.0	0.0016650016650016	0.0220444831015067	salamandrivorans	life_stage	liq_Zoospore	liq_Developed	up_in_liq_Zoospore	4.633208101996194	12469.0	C10H17Br2Cl4N3O3Si2	[M + H]+							12469.0	native-full-e9838293-bagel	native	1.0								native	native	1.0	12469.0	C10H17Br2Cl4N3O3Si2	False	True	False	False	False
6708	1045.0886	3.162	0.0001140870985344	1.1819779167024215e-05	3.2049573752975173	1.0	0.5	0.5	48.0	0.0016650016650016	0.0220444831015067	salamandrivorans	life_stage	liq_Zoospore	liq_Developed	up_in_liq_Zoospore	5.882896205114687																											True	False	False	False
4025	464.2522	3.835	7.935095838894117e-05	8.696415090305284e-06	3.1016763016309805	1.0	0.5	0.5	48.0	0.0016650016650016	0.0220444831015067	salamandrivorans	life_stage	liq_Zoospore	liq_Developed	up_in_liq_Zoospore	5.063195970353941	4025.0	C22H33N5O6	[M + H]+	H-DL-Lys-DL-xiThr-DL-Pro-DL-Pro-OH	CC(C(C(=O)N1CCCC1C(=O)N2CCCC2C(=O)O)NC(=O)C(CCCCN)N)O	0.463	Amino acids and Peptides	Tripeptides	Carboxylic acids and derivatives	4025.0	native-full-e9838293-bagel	native	1.0								native	native	1.0	4025.0	C22H33N5O6	False	True	False	False	False
1973	830.8821	2.681	0.0003346081287898	3.965445099453321e-05	3.057217197310104	1.0	0.5	0.5	48.0	0.0016650016650016	0.0220444831015067	salamandrivorans	life_stage	liq_Zoospore	liq_Developed	up_in_liq_Zoospore	2.220426315604389	1973.0	C20H30Br4N6O10	[M + H]+							1973.0	native-full-e9838293-bagel	native	1.0								native	native	1.0	1973.0	C20H30Br4N6O10	False	True	False	False	False
5193	564.3121	3.513597	8.572248327620126e-05	9.940063545716652e-06	3.031493217768994	1.0	0.5	0.5	48.0	0.0016650016650016	0.0220444831015067	salamandrivorans	life_stage	liq_Zoospore	liq_Developed	up_in_liq_Zoospore	5.561330532618074																											True	False	False	False
22792	1169.6525	4.616528	1.663352566329212e-05	1.5028814225440853e-06	3.023000032296945	1.0	0.5	0.5	48.0	0.0016650016650016	0.0220444831015067	salamandrivorans	life_stage	liq_Zoospore	liq_Developed	up_in_liq_Zoospore	3.1471587691520644																											True	False	False	False
22475	692.0682	4.58	1.1599387855922284e-05	9.581195590301504e-07	2.953166822048717	1.0	0.5	0.5	48.0	0.0016650016650016	0.0220444831015067	salamandrivorans	life_stage	liq_Zoospore	liq_Developed	up_in_liq_Zoospore	3.025097750139835																											True	False	False	False
23352	1145.1398	4.541385	1.3873624542900598e-05	1.292214049135994e-06	2.92232725714388	1.0	0.5	0.5	48.0	0.0016650016650016	0.0220444831015067	salamandrivorans	life_stage	liq_Zoospore	liq_Developed	up_in_liq_Zoospore	3.217767688322644																											True	False	False	False
26422	562.8198	4.219	4.210973837189685e-05	5.070738763322914e-06	2.9086280361690737	1.0	0.5	0.5	48.0	0.0016650016650016	0.0220444831015067	salamandrivorans	life_stage	liq_Zoospore	liq_Developed	up_in_liq_Zoospore	4.754958285751235																											True	False	False	False
13213	1228.6256	3.524	4.72388047880724e-05	5.767909774726641e-06	2.905435684598579	1.0	0.5	0.5	48.0	0.0016650016650016	0.0220444831015067	salamandrivorans	life_stage	liq_Zoospore	liq_Developed	up_in_liq_Zoospore	5.0017337312129095																											True	False	False	False
2483	1019.4226	3.106635	8.330614380640192e-05	1.0743964849887373e-05	2.8846916859303087	1.0	0.5	0.5	48.0	0.0016650016650016	0.0220444831015067	salamandrivorans	life_stage	liq_Zoospore	liq_Developed	up_in_liq_Zoospore	0.4354123680990844	2483.0	C46H64N10O14	[M + K]+	Scyptolin A	CCCC(=O)NC(C)C(=O)NC(C(C)O)C(=O)NC1C(OC(=O)C(NC(=O)C(N(C(=O)C(N2C(CCC(C2=O)NC(=O)C(NC1=O)CC(C)C)O)C(C)O)C)CC3=CC(=C(C=C3)O)Cl)C(C)C)C	0.186	Amino acids and Peptides	Lipopeptides	Peptidomimetics	2483.0	native-full-e9838293-bagel	native	1.0								native	native	1.0	2483.0	C46H64N10O14	False	False	False	False	False
24936	1267.668	4.561644	1.8898986487858585e-05	2.193520160883956e-06	2.794580542618023	1.0	0.5	0.5	48.0	0.0016650016650016	0.0220444831015067	salamandrivorans	life_stage	liq_Zoospore	liq_Developed	up_in_liq_Zoospore	3.737699402634958																											True	False	False	False
19384	939.5212	4.54228	2.576769929267321e-05	3.429361979469174e-06	2.7042025512294465	1.0	0.5	0.5	48.0	0.0016650016650016	0.0220444831015067	salamandrivorans	life_stage	liq_Zoospore	liq_Developed	up_in_liq_Zoospore	4.463479892260558																											True	False	False	False
30651	1278.1621	4.588369	1.0574213742515045e-05	1.23468442843945e-06	2.593730283361118	1.0	0.5	0.5	48.0	0.0016650016650016	0.0220444831015067	salamandrivorans	life_stage	liq_Zoospore	liq_Developed	up_in_liq_Zoospore	2.7981320435494563																											True	False	False	False
33448	698.4066	4.232	9.568412340858392e-06	1.0770610789619163e-06	2.586062013840704	1.0	0.5	0.5	48.0	0.0016650016650016	0.0220444831015067	salamandrivorans	life_stage	liq_Zoospore	liq_Developed	up_in_liq_Zoospore	2.7362287771503757																											True	False	False	False
30713	767.4604	4.701787	9.851804003869963e-06	1.1307568825115794e-06	2.5806948573846804	1.0	0.5	0.5	48.0	0.0016650016650016	0.0220444831015067	salamandrivorans	life_stage	liq_Zoospore	liq_Developed	up_in_liq_Zoospore	2.922454958399248																											True	False	False	False
9453	414.4669	1.485822	3.64484455968467e-05	5.7075054212364535e-06	2.5505477621946384	1.0	0.5	0.5	48.0	0.0016650016650016	0.0220444831015067	salamandrivorans	life_stage	liq_Zoospore	liq_Developed	up_in_liq_Zoospore	4.779958971829558																											True	False	False	False
33645	892.0103	4.499307	8.52311115816181e-06	9.73848565267264e-07	2.5204270911758	1.0	0.5	0.5	48.0	0.0016650016650016	0.0220444831015067	salamandrivorans	life_stage	liq_Zoospore	liq_Developed	up_in_liq_Zoospore	2.49260367929908																											True	False	False	False
10769	1472.8553	3.555	5.772298478640566e-05	9.622029721433728e-06	2.5100973962817967	1.0	0.5	0.5	48.0	0.0016650016650016	0.0220444831015067	salamandrivorans	life_stage	liq_Zoospore	liq_Developed	up_in_liq_Zoospore	5.301406653474866																											True	False	False	False
25294	1536.8643	4.768158	1.7075796258552754e-05	2.514504212333129e-06	2.4972274779640915	1.0	0.5	0.5	48.0	0.0016650016650016	0.0220444831015067	salamandrivorans	life_stage	liq_Zoospore	liq_Developed	up_in_liq_Zoospore	3.594322648608367																											True	False	False	False
7333	532.2604	3.5185	6.950408507326444e-05	1.1880481422221886e-05	2.4879589292874305	1.0	0.5	0.5	48.0	0.0016650016650016	0.0220444831015067	salamandrivorans	life_stage	liq_Zoospore	liq_Developed	up_in_liq_Zoospore	0.7240637801220936																											False	False	False	False
14693	871.4859	4.661879	3.071967025599534e-05	4.971122238915461e-06	2.4868529584334857	1.0	0.5	0.5	48.0	0.0016650016650016	0.0220444831015067	salamandrivorans	life_stage	liq_Zoospore	liq_Developed	up_in_liq_Zoospore	4.516544666573961																											True	False	False	False
36157	830.4628	4.947973	7.217521255674812e-06	7.973439937916654e-07	2.4674936665531826	1.0	0.5	0.5	48.0	0.0016650016650016	0.0220444831015067	salamandrivorans	life_stage	liq_Zoospore	liq_Developed	up_in_liq_Zoospore	2.6798336571476327																											True	False	False	False
34079	1041.5564	5.342026	8.673763160421383e-06	1.0650077874999895e-06	2.463748185362153	1.0	0.5	0.5	48.0	0.0016650016650016	0.0220444831015067	salamandrivorans	life_stage	liq_Zoospore	liq_Developed	up_in_liq_Zoospore	2.546812729069878																											True	False	False	False
35405	1103.1268	4.794681	7.776709402822272e-06	9.057581041421076e-07	2.4605633509643856	1.0	0.5	0.5	48.0	0.0016650016650016	0.0220444831015067	salamandrivorans	life_stage	liq_Zoospore	liq_Developed	up_in_liq_Zoospore	2.7212272710466205																											True	False	False	False
37228	769.4333	4.400427	7.528905940881552e-06	8.860405756635189e-07	2.4361137401896227	1.0	0.5	0.5	48.0	0.0016650016650016	0.0220444831015067	salamandrivorans	life_stage	liq_Zoospore	liq_Developed	up_in_liq_Zoospore	2.763248809508477																											True	False	False	False
19554	838.7992	4.444443	1.6828438263899895e-05	2.606798863912607e-06	2.4350474112808334	1.0	0.5	0.5	48.0	0.0016650016650016	0.0220444831015067	salamandrivorans	life_stage	liq_Zoospore	liq_Developed	up_in_liq_Zoospore	3.573571344977886																											True	False	False	False
32814	1115.1442	4.798164	7.5676811275785856e-06	9.485204634404812e-07	2.384305758076972	1.0	0.5	0.5	48.0	0.0016650016650016	0.0220444831015067	salamandrivorans	life_stage	liq_Zoospore	liq_Developed	up_in_liq_Zoospore	2.3466055841058924																											True	False	False	False
31483	983.5359	4.724108	7.217103112161453e-06	9.027265536539736e-07	2.363925569325537	1.0	0.5	0.5	48.0	0.0016650016650016	0.0220444831015067	salamandrivorans	life_stage	liq_Zoospore	liq_Developed	up_in_liq_Zoospore	2.7155193429240243																											True	False	False	False
16579	407.2292	1.66908	4.277988296771404e-05	7.8166523589987e-06	2.3629958662138626	1.0	0.5	0.5	48.0	0.0016650016650016	0.0220444831015067	salamandrivorans	life_stage	liq_Zoospore	liq_Developed	up_in_liq_Zoospore	5.131227283647471																											True	False	False	False
16837	614.8342	3.714926	3.623809992379795e-05	6.611554718156917e-06	2.3496589769503107	1.0	0.5	0.5	48.0	0.0016650016650016	0.0220444831015067	salamandrivorans	life_stage	liq_Zoospore	liq_Developed	up_in_liq_Zoospore	4.811499669039765																											True	False	False	False
26745	1225.6477	4.399737	1.1393613929434277e-05	1.7560578870281236e-06	2.338195477720784	1.0	0.5	0.5	48.0	0.0016650016650016	0.0220444831015067	salamandrivorans	life_stage	liq_Zoospore	liq_Developed	up_in_liq_Zoospore	3.1567561982550574																											True	False	False	False
13324	658.3752	4.456779	1.740321320892219e-05	3.100527475437702e-06	2.276382762053604	1.0	0.5	0.5	48.0	0.0016650016650016	0.0220444831015067	salamandrivorans	life_stage	liq_Zoospore	liq_Developed	up_in_liq_Zoospore	4.27308648809766	13324.0	C34H51N5O8	[M + H]+	benzyl N-[(2R)-5-(diaminomethylideneamino)-1-[[(2S)-4-methyl-1-[[(2S)-3-methyl-1-(3-phenylprop-2-enoylamino)butan-2-yl]amino]-1-oxopentan-2-yl]amino]-1-oxopentan-2-yl]carbamate	CC(C)CC(C(=O)NC(CNC(=O)C=CC1=CC=CC=C1)C(C)C)NC(=O)C(CCCN=C(N)N)NC(=O)OCC2=CC=CC=C2	0.056	Amino acids and Peptides	Tripeptides	Carboxylic acids and derivatives	13324.0	native-full-e9838293-bagel	native	1.0								native	native	1.0	13324.0	C34H51N5O8	False	True	False	False	False
31422	1145.5936	5.621368	6.453593608114554e-06	8.499382350509714e-07	2.266954640478436	1.0	0.5	0.5	48.0	0.0016650016650016	0.0220444831015067	salamandrivorans	life_stage	liq_Zoospore	liq_Developed	up_in_liq_Zoospore	2.0715900951487844																											True	False	False	False
35683	972.5424	4.753627	6.508287223504528e-06	8.927904311971614e-07	2.2366011617785366	1.0	0.5	0.5	48.0	0.0016650016650016	0.0220444831015067	salamandrivorans	life_stage	liq_Zoospore	liq_Developed	up_in_liq_Zoospore	2.1784807409709352																											True	False	False	False
19536	331.2058	2.279832	2.2693679433765666e-05	4.688749833012381e-06	2.134804671399401	1.0	0.5	0.5	48.0	0.0016650016650016	0.0220444831015067	salamandrivorans	life_stage	liq_Zoospore	liq_Developed	up_in_liq_Zoospore	4.22630606273503																											True	False	False	False
32182	902.9819	4.18	9.594083835957516e-06	1.737665426165742e-06	2.1152904244401323	1.0	0.5	0.5	48.0	0.0016650016650016	0.0220444831015067	salamandrivorans	life_stage	liq_Zoospore	liq_Developed	up_in_liq_Zoospore	3.191408086007036																											True	False	False	False
23902	1345.7155	4.006	1.2933379021288314e-05	2.5356709747987907e-06	2.102754242790372	1.0	0.5	0.5	48.0	0.0016650016650016	0.0220444831015067	salamandrivorans	life_stage	liq_Zoospore	liq_Developed	up_in_liq_Zoospore	3.6575837593854894																											True	False	False	False
36532	1070.5372	4.387772	7.242443020581966e-06	1.231958272122242e-06	2.0861304400016043	1.0	0.5	0.5	48.0	0.0016650016650016	0.0220444831015067	salamandrivorans	life_stage	liq_Zoospore	liq_Developed	up_in_liq_Zoospore	2.51448928230262																											True	False	False	False
15123	1045.5059	2.5785	4.865665057544133e-05	1.130593916342171e-05	2.0468327795981365	1.0	0.5	0.5	48.0	0.0016650016650016	0.0220444831015067	salamandrivorans	life_stage	liq_Zoospore	liq_Developed	up_in_liq_Zoospore	5.289727958085799																											True	False	False	False
18271	1077.5322	1.753	4.021176667161589e-05	9.265403907234797e-06	2.046358127267	1.0	0.5	0.5	48.0	0.0016650016650016	0.0220444831015067	salamandrivorans	life_stage	liq_Zoospore	liq_Developed	up_in_liq_Zoospore	5.389340208543074																											True	False	False	False
33099	818.9684	5.036463	7.094162353989751e-06	1.2845849167860954e-06	2.01822867464491	1.0	0.5	0.5	48.0	0.0016650016650016	0.0220444831015067	salamandrivorans	life_stage	liq_Zoospore	liq_Developed	up_in_liq_Zoospore	2.6615729658885487																											True	False	False	False
32202	1252.2158	4.736561	7.542568272307045e-06	1.4320789658122369e-06	1.992117522634896	1.0	0.5	0.5	48.0	0.0016650016650016	0.0220444831015067	salamandrivorans	life_stage	liq_Zoospore	liq_Developed	up_in_liq_Zoospore	3.0948563402559546																											True	False	False	False
15940	745.3873	1.866	4.15977219024955e-05	1.0874879197607715e-05	1.876888769634086	1.0	0.5	0.5	48.0	0.0016650016650016	0.0220444831015067	salamandrivorans	life_stage	liq_Zoospore	liq_Developed	up_in_liq_Zoospore	5.243734239045811																											True	False	False	False
25882	944.5294	4.330835	1.2247583085422634e-05	3.374603203087707e-06	1.6877024539872825	1.0	0.5	0.5	48.0	0.0016650016650016	0.0220444831015067	salamandrivorans	life_stage	liq_Zoospore	liq_Developed	up_in_liq_Zoospore	4.076038597004625																											True	False	False	False
3014	602.8109	2.212	8.737090430685172e-05	0.0	7.149735453625422	1.0	0.2	0.8	47.0	0.0019980019980019	0.0259835792622677	salamandrivorans	life_stage	liq_Zoospore	liq_Developed	up_in_liq_Zoospore	0.0																											False	False	False	False
11528	1430.6918	3.535	7.456806900356764e-05	0.0	6.922883846992497	1.0	0.2	0.8	47.0	0.0019980019980019	0.0259835792622677	salamandrivorans	life_stage	liq_Zoospore	liq_Developed	up_in_liq_Zoospore	0.0																											False	False	False	False
12225	426.2699	2.499343	6.20747530846402e-05	0.0	6.660723493777838	1.0	0.2	0.8	47.0	0.0019980019980019	0.0259835792622677	salamandrivorans	life_stage	liq_Zoospore	liq_Developed	up_in_liq_Zoospore	0.0																											False	False	False	False
13051	936.4183	2.285579	5.086629646268773e-05	0.0	6.376565562842816	1.0	0.2	0.8	47.0	0.0019980019980019	0.0259835792622677	salamandrivorans	life_stage	liq_Zoospore	liq_Developed	up_in_liq_Zoospore	0.0																											False	False	False	False
12412	857.5201	3.803383	4.464393958612672e-05	0.0	6.190737900074794	1.0	0.1	0.9	45.0	0.0019980019980019	0.0259835792622677	salamandrivorans	life_stage	liq_Zoospore	liq_Developed	up_in_liq_Zoospore	0.0																											False	False	False	False
14765	731.3726	2.619736	4.265329659574581e-05	0.0	6.1258522713163845	1.0	0.2	0.8	47.0	0.0019980019980019	0.0259835792622677	salamandrivorans	life_stage	liq_Zoospore	liq_Developed	up_in_liq_Zoospore	0.0																											False	False	False	False
11667	640.3577	2.86575	4.213678788968959e-05	0.0	6.108528576900043	1.0	0.2	0.8	47.0	0.0019980019980019	0.0259835792622677	salamandrivorans	life_stage	liq_Zoospore	liq_Developed	up_in_liq_Zoospore	0.0																											False	False	False	False
11034	378.7295	2.1545	3.618605653162347e-05	0.0	5.89231641545748	1.0	0.1	0.9	45.0	0.0019980019980019	0.0259835792622677	salamandrivorans	life_stage	liq_Zoospore	liq_Developed	up_in_liq_Zoospore	0.0	11034.0	C3O2S9	[M + Na]+							11034.0	native-full-e9838293-bagel	native	1.0								native	native	1.0	11034.0	C3O2S9	False	False	False	False	False
20430	1004.4634	0.875362	2.4774425504276345e-05	0.0	5.356879022406512	1.0	0.2	0.8	47.0	0.0019980019980019	0.0259835792622677	salamandrivorans	life_stage	liq_Zoospore	liq_Developed	up_in_liq_Zoospore	0.0																											False	False	False	False
19491	505.7549	3.155	2.400630142765021e-05	0.0	5.312566546737468	1.0	0.1	0.9	45.0	0.0019980019980019	0.0259835792622677	salamandrivorans	life_stage	liq_Zoospore	liq_Developed	up_in_liq_Zoospore	0.0																											False	False	False	False
14346	484.2836	3.556	2.341385024980266e-05	0.0	5.27743387075116	1.0	0.1	0.9	45.0	0.0019980019980019	0.0259835792622677	salamandrivorans	life_stage	liq_Zoospore	liq_Developed	up_in_liq_Zoospore	0.0																											False	False	False	False
18960	746.933	3.461706	2.133209287301133e-05	0.0	5.146722619245552	1.0	0.2	0.8	47.0	0.0019980019980019	0.0259835792622677	salamandrivorans	life_stage	liq_Zoospore	liq_Developed	up_in_liq_Zoospore	0.0																											False	False	False	False
22326	675.4001	3.695548	1.9265022792577893e-05	0.0	5.004044000435525	1.0	0.2	0.8	47.0	0.0019980019980019	0.0259835792622677	salamandrivorans	life_stage	liq_Zoospore	liq_Developed	up_in_liq_Zoospore	0.0																											False	False	False	False
26145	461.2259	0.948594	1.7996008691493517e-05	0.0	4.90890387692286	1.0	0.2	0.8	47.0	0.0019980019980019	0.0259835792622677	salamandrivorans	life_stage	liq_Zoospore	liq_Developed	up_in_liq_Zoospore	0.0																											False	False	False	False
16899	533.2864	2.25932	1.7369797081547205e-05	0.0	4.859538075385734	1.0	0.2	0.8	47.0	0.0019980019980019	0.0259835792622677	salamandrivorans	life_stage	liq_Zoospore	liq_Developed	up_in_liq_Zoospore	0.0																											False	False	False	False
27081	1102.5157	1.221569	1.2346413954063991e-05	0.0	4.38712803722265	1.0	0.2	0.8	47.0	0.0019980019980019	0.0259835792622677	salamandrivorans	life_stage	liq_Zoospore	liq_Developed	up_in_liq_Zoospore	0.0																											False	False	False	False
28216	845.4503	4.66	1.1143493744784858e-05	0.0	4.246661198563484	1.0	0.2	0.8	47.0	0.0019980019980019	0.0259835792622677	salamandrivorans	life_stage	liq_Zoospore	liq_Developed	up_in_liq_Zoospore	0.0																											False	False	False	False
28615	1276.1814	4.231	1.0046107312790297e-05	0.0	4.105374014189766	1.0	0.2	0.8	47.0	0.0019980019980019	0.0259835792622677	salamandrivorans	life_stage	liq_Zoospore	liq_Developed	up_in_liq_Zoospore	0.0																											False	False	False	False
38086	1193.1622	4.571541	6.327215012562432e-06	0.0	3.4868220726788826	1.0	0.2	0.8	47.0	0.0019980019980019	0.0259835792622677	salamandrivorans	life_stage	liq_Zoospore	liq_Developed	up_in_liq_Zoospore	0.0																											False	False	False	False
29420	572.8432	4.080262	6.238910351261722e-06	0.0	3.4683658057221263	1.0	0.1	0.9	45.0	0.0019980019980019	0.0259835792622677	salamandrivorans	life_stage	liq_Zoospore	liq_Developed	up_in_liq_Zoospore	0.0																											False	False	False	False
28154	724.4256	4.665323	5.766064709687798e-06	0.0	3.36530823371644	1.0	0.2	0.8	47.0	0.0019980019980019	0.0259835792622677	salamandrivorans	life_stage	liq_Zoospore	liq_Developed	up_in_liq_Zoospore	0.0																											False	False	False	False
32815	877.5117	4.390064	5.44581254185893e-06	0.0	3.2910778824117286	1.0	0.2	0.8	47.0	0.0019980019980019	0.0259835792622677	salamandrivorans	life_stage	liq_Zoospore	liq_Developed	up_in_liq_Zoospore	0.0																											False	False	False	False
31737	899.5363	4.833016	4.367423887283113e-06	0.0	3.008654145485272	1.0	0.2	0.8	47.0	0.0019980019980019	0.0259835792622677	salamandrivorans	life_stage	liq_Zoospore	liq_Developed	up_in_liq_Zoospore	0.0																											False	False	False	False
38174	1025.0656	4.710169	3.988646250267684e-06	0.0	2.8946941958475905	1.0	0.2	0.8	47.0	0.0019980019980019	0.0259835792622677	salamandrivorans	life_stage	liq_Zoospore	liq_Developed	up_in_liq_Zoospore	0.0																											False	False	False	False
15715	428.2892	0.5745	3.2903794887655264e-06	0.0	2.657640601661927	1.0	0.2	0.8	47.0	0.0019980019980019	0.0259835792622677	salamandrivorans	life_stage	liq_Zoospore	liq_Developed	up_in_liq_Zoospore	0.0																											False	False	False	False
28238	623.8861	4.960275	2.213044876035459e-06	0.0	2.192637284814006	1.0	0.2	0.8	47.0	0.0019980019980019	0.0259835792622677	salamandrivorans	life_stage	liq_Zoospore	liq_Developed	up_in_liq_Zoospore	0.0																											False	False	False	False
6934	1098.8824	2.954	0.0001174670832864	0.0	7.574161750712246	1.0	0.3	0.7	47.0	0.0023310023310023	0.0289497412785084	salamandrivorans	life_stage	liq_Zoospore	liq_Developed	up_in_liq_Zoospore	5.003674542186658	6934.0	C69H115N3O7	[M + H]+	Trioctadecyl 7-oxo-3,9,11-triazatetracyclo[6.6.1.02,6.011,15]pentadeca-1(14),2(6),4,8(15),9,12-hexaene-4,12,14-tricarboxylate	CCCCCCCCCCCCCCCCCCOC(=O)C1=CC2=C(N1)C3=C(C=C(N4C3=C(C2=O)N=C4)C(=O)OCCCCCCCCCCCCCCCCCC)C(=O)OCCCCCCCCCCCCCCCCCC		Amino acids and Peptides	Lipopeptides	Peptidomimetics	6934.0	native-full-e9838293-bagel	native	1.0								native	native	1.0	6934.0	C69H115N3O7	False	True	False	False	False
20783	888.4783	3.919797	0.0	9.141230835650754e-05	-7.214521716507433	0.2	1.0	-0.8	2.0	0.0023310023310023	0.0289497412785084	salamandrivorans	life_stage	liq_Zoospore	liq_Developed	up_in_liq_Developed	5.509595226565709																											True	True	True	False
4313	430.2462	2.32399	8.219570467692168e-05	0.0	7.0622850809288975	1.0	0.3	0.7	47.0	0.0023310023310023	0.0289497412785084	salamandrivorans	life_stage	liq_Zoospore	liq_Developed	up_in_liq_Zoospore	5.01153381858129																											True	False	False	False
10041	969.523	3.389943	0.0	6.907080318002074e-05	-6.81334785923728	0.2	1.0	-0.8	2.0	0.0023310023310023	0.0289497412785084	salamandrivorans	life_stage	liq_Zoospore	liq_Developed	up_in_liq_Developed	6.614265044541564																											True	True	True	False
8257	419.2508	2.042	6.486223847466252e-05	0.0	6.723482761188749	1.0	0.3	0.7	47.0	0.0023310023310023	0.0289497412785084	salamandrivorans	life_stage	liq_Zoospore	liq_Developed	up_in_liq_Zoospore	5.857705481215244																											True	False	False	False
8301	716.3453	3.5385	5.839640934882661e-05	0.0	6.573494440090997	1.0	0.3	0.7	47.0	0.0023310023310023	0.0289497412785084	salamandrivorans	life_stage	liq_Zoospore	liq_Developed	up_in_liq_Zoospore	4.363627138666591																											True	False	False	False
7525	689.3779	2.7275	0.0	4.87283780924921e-05	-6.3153793181983655	0.2	1.0	-0.8	2.0	0.0023310023310023	0.0289497412785084	salamandrivorans	life_stage	liq_Zoospore	liq_Developed	up_in_liq_Developed	5.20142189491694																											True	True	True	False
36974	459.2545	1.484138	4.306448575904045e-05	0.0	6.139496355933167	1.0	0.3	0.7	47.0	0.0023310023310023	0.0289497412785084	salamandrivorans	life_stage	liq_Zoospore	liq_Developed	up_in_liq_Zoospore	-0.6049212739184657																											False	False	False	False
12023	924.4443	1.58	0.0	3.833828810376646e-05	-5.974304257757885	0.2	1.0	-0.8	2.0	0.0023310023310023	0.0289497412785084	salamandrivorans	life_stage	liq_Zoospore	liq_Developed	up_in_liq_Developed	5.664318243874755																											True	True	True	False
14440	1267.6313	2.713	3.7402569209295365e-05	0.0	5.939229679899953	1.0	0.3	0.7	47.0	0.0023310023310023	0.0289497412785084	salamandrivorans	life_stage	liq_Zoospore	liq_Developed	up_in_liq_Zoospore	5.355672536783614																											True	False	False	False
19102	967.9727	2.777	3.451708641875758e-05	0.0	5.8253671590132905	1.0	0.3	0.7	47.0	0.0023310023310023	0.0289497412785084	salamandrivorans	life_stage	liq_Zoospore	liq_Developed	up_in_liq_Zoospore	5.288566000667024																											True	False	False	False
16689	1114.6095	3.8725	0.0	3.407739164048627e-05	-5.807199625992778	0.2	1.0	-0.8	2.0	0.0023310023310023	0.0289497412785084	salamandrivorans	life_stage	liq_Zoospore	liq_Developed	up_in_liq_Developed	5.585991444626487																											True	True	True	False
10876	672.4247	1.739	3.218077419365878e-05	0.0	5.72610145503809	1.0	0.3	0.7	47.0	0.0023310023310023	0.0289497412785084	salamandrivorans	life_stage	liq_Zoospore	liq_Developed	up_in_liq_Zoospore	4.651519152098654																											True	False	False	False
10513	523.7863	2.762	2.9040680406378568e-05	0.0	5.580921683253855	1.0	0.3	0.7	47.0	0.0023310023310023	0.0289497412785084	salamandrivorans	life_stage	liq_Zoospore	liq_Developed	up_in_liq_Zoospore	4.618558784102486																											True	False	False	False
14382	409.7469	1.8885	2.7479619940847978e-05	0.0	5.502919680386774	1.0	0.3	0.7	47.0	0.0023310023310023	0.0289497412785084	salamandrivorans	life_stage	liq_Zoospore	liq_Developed	up_in_liq_Zoospore	4.692829236181621																											True	False	False	False
23506	1100.5952	3.930679	0.0	2.408969856474015e-05	-5.317444057052176	0.2	1.0	-0.8	2.0	0.0023310023310023	0.0289497412785084	salamandrivorans	life_stage	liq_Zoospore	liq_Developed	up_in_liq_Developed	4.762906194372965																											True	True	True	False
13376	570.3623	1.5715	2.389365671323414e-05	0.0	5.305952193311136	1.0	0.3	0.7	47.0	0.0023310023310023	0.0289497412785084	salamandrivorans	life_stage	liq_Zoospore	liq_Developed	up_in_liq_Zoospore	4.768122461710513																											True	False	False	False
18214	421.2316	0.731	2.3847414644827968e-05	0.0	5.303228114171604	1.0	0.3	0.7	47.0	0.0023310023310023	0.0289497412785084	salamandrivorans	life_stage	liq_Zoospore	liq_Developed	up_in_liq_Zoospore	4.32888975707587																											True	False	False	False
22057	839.0012	4.215	2.1443582923004847e-05	0.0	5.154031333303217	1.0	0.3	0.7	47.0	0.0023310023310023	0.0289497412785084	salamandrivorans	life_stage	liq_Zoospore	liq_Developed	up_in_liq_Zoospore	3.329449059397774																											True	False	False	False
14542	561.3092	2.777	1.998292552629416e-05	0.0	5.055211860571385	1.0	0.3	0.7	47.0	0.0023310023310023	0.0289497412785084	salamandrivorans	life_stage	liq_Zoospore	liq_Developed	up_in_liq_Zoospore	4.3910042380975245																											True	False	False	False
20099	532.2607	3.635196	1.831652889945776e-05	0.0	4.933532444012973	1.0	0.3	0.7	47.0	0.0023310023310023	0.0289497412785084	salamandrivorans	life_stage	liq_Zoospore	liq_Developed	up_in_liq_Zoospore	4.068901086466276																											True	False	False	False
16873	364.2104	2.223	1.7671297467233836e-05	0.0	4.883517029640421	1.0	0.3	0.7	47.0	0.0023310023310023	0.0289497412785084	salamandrivorans	life_stage	liq_Zoospore	liq_Developed	up_in_liq_Zoospore	4.186367044314787																											True	False	False	False
19056	742.0585	4.546177	1.5800030720928447e-05	0.0	4.727813357216276	1.0	0.3	0.7	47.0	0.0023310023310023	0.0289497412785084	salamandrivorans	life_stage	liq_Zoospore	liq_Developed	up_in_liq_Zoospore	2.973514745304604																											True	False	False	False
23588	841.9622	4.242	1.3486330200257071e-05	0.0	4.508694301406012	1.0	0.3	0.7	47.0	0.0023310023310023	0.0289497412785084	salamandrivorans	life_stage	liq_Zoospore	liq_Developed	up_in_liq_Zoospore	2.0916727331398146																											True	False	False	False
37686	1308.7516	4.389747	1.1414813981808458e-05	0.0	4.279559387422759	1.0	0.3	0.7	47.0	0.0023310023310023	0.0289497412785084	salamandrivorans	life_stage	liq_Zoospore	liq_Developed	up_in_liq_Zoospore	3.410774293371859																											True	False	False	False
25361	857.9995	3.767735	9.122695246755127e-06	0.0	3.9747287104484696	1.0	0.3	0.7	47.0	0.0023310023310023	0.0289497412785084	salamandrivorans	life_stage	liq_Zoospore	liq_Developed	up_in_liq_Zoospore	3.681071849101444																											True	False	False	False
33453	907.9861	4.299024	7.047738948464844e-06	0.0	3.629195241206563	1.0	0.3	0.7	47.0	0.0023310023310023	0.0289497412785084	salamandrivorans	life_stage	liq_Zoospore	liq_Developed	up_in_liq_Zoospore	2.9917328352217494																											True	False	False	False
36706	1142.639	5.618882	6.320395967001482e-06	0.0	3.485405228527651	1.0	0.3	0.7	47.0	0.0023310023310023	0.0289497412785084	salamandrivorans	life_stage	liq_Zoospore	liq_Developed	up_in_liq_Zoospore	2.0947438657650266																											True	False	False	False
30074	750.422	4.467737	6.043367590536732e-06	0.0	3.426635771648985	1.0	0.3	0.7	47.0	0.0023310023310023	0.0289497412785084	salamandrivorans	life_stage	liq_Zoospore	liq_Developed	up_in_liq_Zoospore	1.8700190309248148																											True	False	False	False
32335	1419.2728	4.48436	5.768123569158437e-06	0.0	3.365773306862226	1.0	0.3	0.7	47.0	0.0023310023310023	0.0289497412785084	salamandrivorans	life_stage	liq_Zoospore	liq_Developed	up_in_liq_Zoospore	2.558989912371531																											True	False	False	False
35595	1537.8428	4.792349	5.54534434772206e-06	0.0	3.3145597610133115	1.0	0.3	0.7	47.0	0.0023310023310023	0.0289497412785084	salamandrivorans	life_stage	liq_Zoospore	liq_Developed	up_in_liq_Zoospore	2.442832119115969																											True	False	False	False
5362	359.2667	0.5845	0.0001031832369567	1.0750283499021297e-05	3.1905500731499457	1.0	0.6	0.4	48.0	0.0023310023310023	0.0289497412785084	salamandrivorans	life_stage	liq_Zoospore	liq_Developed	up_in_liq_Zoospore	5.75394284563399	5362.0	C17H34N4O4	[M + H]+	2-[[6-Amino-2-[(2-amino-3-methylpentanoyl)amino]hexanoyl]amino]-3-methylbutanoic acid	CCC(C)C(C(=O)NC(CCCCN)C(=O)NC(C(C)C)C(=O)O)N	0.474	Amino acids and Peptides	Tripeptides	Carboxylic acids and derivatives	5362.0	native-full-e9838293-bagel	native	1.0								native	native	1.0	5362.0	C17H34N4O4	False	True	False	False	False
8395	1105.6152	4.592064	7.848109225587782e-05	8.119945419829713e-06	3.178051826728925	1.0	0.6	0.4	48.0	0.0023310023310023	0.0289497412785084	salamandrivorans	life_stage	liq_Zoospore	liq_Developed	up_in_liq_Zoospore	4.784427005046306																											True	False	False	False
8508	838.1301	4.424	5.326215489580974e-05	6.882167783669667e-06	2.84448491811003	1.0	0.6	0.4	48.0	0.0023310023310023	0.0289497412785084	salamandrivorans	life_stage	liq_Zoospore	liq_Developed	up_in_liq_Zoospore	5.215409584441275	8508.0	C23H44N7O16P3S	[M + K]+							8508.0	native-full-e9838293-bagel	native	1.0								native	native	1.0	8508.0	C23H44N7O16P3S	False	True	False	False	False
2959	583.3206	3.522	0.000165908519293	2.4071126168841644e-05	2.753721803776822	1.0	0.6	0.4	48.0	0.0023310023310023	0.0289497412785084	salamandrivorans	life_stage	liq_Zoospore	liq_Developed	up_in_liq_Zoospore	6.72016334492793																											True	False	False	False
5237	1036.6025	4.598947	8.173231120279722e-05	1.217422425380365e-05	2.686349146834562	1.0	0.6	0.4	48.0	0.0023310023310023	0.0289497412785084	salamandrivorans	life_stage	liq_Zoospore	liq_Developed	up_in_liq_Zoospore	5.419804593291059	5237.0	C50H89N3O17S	[M + H]+	H-Val-Val-Arg-Pro-Gly-Ser-Leu-Asp-Leu-Pro-al	CC(C)CC(C(=O)NC(CC(=O)O)C(=O)NC(CC(C)C)C(=O)N1CCCC1C=O)NC(=O)C(CO)NC(=O)CNC(=O)C2CCCN2C(=O)C(CCCN=C(N)N)NC(=O)C(C(C)C)NC(=O)C(C(C)C)N	0.726	Amino acids and Peptides	Depsipeptides	Peptidomimetics	5237.0	native-full-e9838293-bagel	native	1.0								native	native	1.0	5237.0	C50H89N3O17S	False	True	False	False	False
5605	1036.094	4.607676	6.943828085885165e-05	1.0989645434072258e-05	2.593267251038571	1.0	0.6	0.4	48.0	0.0023310023310023	0.0289497412785084	salamandrivorans	life_stage	liq_Zoospore	liq_Developed	up_in_liq_Zoospore	5.183014558507366	5605.0	C38H35N11O13S5	[M + Na]+	Thiazomycin E3	CC(C1C(=O)NC(=C(C)OC)C2=NC(=CS2)C(=O)NC(C3=NC(=CS3)C(=O)NC(C4=NC(=CS4)C5=NC(=C(C=C5C6=NC(=CS6)C(=O)N1)O)C7=NC(=CS7)C(=O)N)CO)C(C(C(=O)O)O)O)O		Amino acids and Peptides	RiPPs	Polypeptides	5605.0	native-full-e9838293-bagel	native	1.0								native	native	1.0	5605.0	C38H35N11O13S5	False	True	False	False	False
11418	670.3859	3.9935	5.936950045750832e-05	9.626727826777174e-06	2.549586804979292	1.0	0.6	0.4	48.0	0.0023310023310023	0.0289497412785084	salamandrivorans	life_stage	liq_Zoospore	liq_Developed	up_in_liq_Zoospore	5.099224323284284																											True	False	False	False
23389	1116.6263	4.591133	1.8617448442300043e-05	3.170002540678528e-06	2.343751633745247	1.0	0.6	0.4	48.0	0.0023310023310023	0.0289497412785084	salamandrivorans	life_stage	liq_Zoospore	liq_Developed	up_in_liq_Zoospore	3.632319572909189																											True	False	False	False
26285	1143.6522	4.565954	1.2214984477137515e-05	1.94076583781184e-06	2.325589076927089	1.0	0.6	0.4	48.0	0.0023310023310023	0.0289497412785084	salamandrivorans	life_stage	liq_Zoospore	liq_Developed	up_in_liq_Zoospore	2.984772525366292																											True	False	False	False
22177	883.4964	4.532361	1.6085238160870632e-05	2.756613795471906e-06	2.306768453768947	1.0	0.6	0.4	48.0	0.0023310023310023	0.0289497412785084	salamandrivorans	life_stage	liq_Zoospore	liq_Developed	up_in_liq_Zoospore	3.0227962002101085																											True	False	False	False
30999	929.4868	4.706954	1.0196335392600987e-05	1.6431704273432158e-06	2.2569676497918043	1.0	0.6	0.4	48.0	0.0023310023310023	0.0289497412785084	salamandrivorans	life_stage	liq_Zoospore	liq_Developed	up_in_liq_Zoospore	2.646073613171459																											True	False	False	False
26368	637.3573	4.462735	1.16628522715549e-05	2.0190686858604327e-06	2.2186921073632124	1.0	0.6	0.4	48.0	0.0023310023310023	0.0289497412785084	salamandrivorans	life_stage	liq_Zoospore	liq_Developed	up_in_liq_Zoospore	2.3983719265064134																											True	False	False	False
27678	669.396	4.360948	1.2265455972278053e-05	2.306876846301039e-06	2.138440374445217	1.0	0.6	0.4	48.0	0.0023310023310023	0.0289497412785084	salamandrivorans	life_stage	liq_Zoospore	liq_Developed	up_in_liq_Zoospore	2.613995333209219																											True	False	False	False
9947	661.3896	4.339987	3.3449957191962706e-05	7.141599081492526e-06	2.134123569704737	1.0	0.6	0.4	48.0	0.0023310023310023	0.0289497412785084	salamandrivorans	life_stage	liq_Zoospore	liq_Developed	up_in_liq_Zoospore	4.920498674808884																											True	False	False	False
7339	451.2368	0.906076	9.34452860427446e-05	2.151986111829475e-05	2.08703333300426	1.0	0.6	0.4	48.0	0.0023310023310023	0.0289497412785084	salamandrivorans	life_stage	liq_Zoospore	liq_Developed	up_in_liq_Zoospore	6.38018141129101																											True	False	False	False
13952	1037.6034	4.622409	2.8694169839401515e-05	6.925825281589338e-06	1.9578963205431468	1.0	0.6	0.4	48.0	0.0023310023310023	0.0289497412785084	salamandrivorans	life_stage	liq_Zoospore	liq_Developed	up_in_liq_Zoospore	4.373299506581442																											True	False	False	False
27832	946.9968	3.984	1.8345961813333603e-05	4.42484182365751e-06	1.910603628158336	1.0	0.6	0.4	48.0	0.0023310023310023	0.0289497412785084	salamandrivorans	life_stage	liq_Zoospore	liq_Developed	up_in_liq_Zoospore	4.093490896347074																											True	False	False	False
20454	658.3831	4.425	1.859550435772934e-05	4.8443741764178414e-06	1.8142074993247927	1.0	0.6	0.4	48.0	0.0023310023310023	0.0289497412785084	salamandrivorans	life_stage	liq_Zoospore	liq_Developed	up_in_liq_Zoospore	4.27308648809766																											True	False	False	False
35013	834.9681	4.722859	1.079326230021108e-05	2.7547697860398603e-06	1.757953552272497	1.0	0.6	0.4	48.0	0.0023310023310023	0.0289497412785084	salamandrivorans	life_stage	liq_Zoospore	liq_Developed	up_in_liq_Zoospore	2.820120482324167																											True	False	False	False
26611	1016.5127	4.135	1.4920363205459352e-05	4.002682542309286e-06	1.7492932679290425	1.0	0.6	0.4	48.0	0.0023310023310023	0.0289497412785084	salamandrivorans	life_stage	liq_Zoospore	liq_Developed	up_in_liq_Zoospore	3.869884020663877																											True	False	False	False
21457	857.438	4.11	1.2695385020286606e-05	3.849964074907295e-06	1.5748325806529078	1.0	0.6	0.4	48.0	0.0023310023310023	0.0289497412785084	salamandrivorans	life_stage	liq_Zoospore	liq_Developed	up_in_liq_Zoospore	3.597343362042213																											True	False	False	False
10386	883.4546	1.9889	0.0001146697288938	3.8285618586522815e-05	1.5672219970227517	1.0	0.6	0.4	48.0	0.0023310023310023	0.0289497412785084	salamandrivorans	life_stage	liq_Zoospore	liq_Developed	up_in_liq_Zoospore	6.791729557759821																											True	False	False	False
30978	1251.7104	4.744032	1.1891972302410604e-05	3.622468597471348e-06	1.5604104668650915	1.0	0.6	0.4	48.0	0.0023310023310023	0.0289497412785084	salamandrivorans	life_stage	liq_Zoospore	liq_Developed	up_in_liq_Zoospore	3.727877006297819																											True	False	False	False
29125	793.4335	4.469264	8.773240126814671e-06	2.707562902130606e-06	1.4972530308606835	1.0	0.6	0.4	48.0	0.0023310023310023	0.0289497412785084	salamandrivorans	life_stage	liq_Zoospore	liq_Developed	up_in_liq_Zoospore	3.1834979215996717																											True	False	False	False
22506	896.5314	4.238	2.052972272681221e-05	7.1352492726941485e-06	1.4474341202352816	1.0	0.6	0.4	48.0	0.0023310023310023	0.0289497412785084	salamandrivorans	life_stage	liq_Zoospore	liq_Developed	up_in_liq_Zoospore	4.348855154884363																											True	False	False	False
14422	1024.5662	3.516	4.705498811446896e-05	1.8236708411002995e-05	1.3381705847800596	1.0	0.6	0.4	48.0	0.0023310023310023	0.0289497412785084	salamandrivorans	life_stage	liq_Zoospore	liq_Developed	up_in_liq_Zoospore	5.400946706530287																											True	False	False	False
33978	976.0416	4.483579	9.760667921122934e-06	3.509853599473449e-06	1.329808915892617	1.0	0.6	0.4	48.0	0.0023310023310023	0.0289497412785084	salamandrivorans	life_stage	liq_Zoospore	liq_Developed	up_in_liq_Zoospore	3.295385695468403																											True	False	False	False
32186	1276.6542	4.480469	9.16646791833894e-06	3.4439498330501384e-06	1.2679769063473116	1.0	0.6	0.4	48.0	0.0023310023310023	0.0289497412785084	salamandrivorans	life_stage	liq_Zoospore	liq_Developed	up_in_liq_Zoospore	3.377595030847961																											True	False	False	False
34963	1242.6992	4.757704	7.444688447605033e-06	2.9051787896200457e-06	1.1940014259397764	1.0	0.6	0.4	48.0	0.0023310023310023	0.0289497412785084	salamandrivorans	life_stage	liq_Zoospore	liq_Developed	up_in_liq_Zoospore	2.7226473109397595																											True	False	False	False
26826	1156.6581	4.142179	1.430281618700612e-05	5.980913823463591e-06	1.1768239792608135	1.0	0.6	0.4	48.0	0.0023310023310023	0.0289497412785084	salamandrivorans	life_stage	liq_Zoospore	liq_Developed	up_in_liq_Zoospore	3.524874507178797																											True	False	False	False
25908	807.9714	4.064792	1.6261081433298058e-05	7.042468888499872e-06	1.1395613958144195	1.0	0.6	0.4	48.0	0.0023310023310023	0.0289497412785084	salamandrivorans	life_stage	liq_Zoospore	liq_Developed	up_in_liq_Zoospore	4.108159799793528																											True	False	False	False
12618	701.3298	1.7065	6.227827172742661e-05	2.9158961232726995e-05	1.0787357002525195	1.0	0.6	0.4	48.0	0.0023310023310023	0.0289497412785084	salamandrivorans	life_stage	liq_Zoospore	liq_Developed	up_in_liq_Zoospore	6.392571919185019																											True	False	False	False
10585	1002.3657	1.501097	3.8130902865364905e-05	1.902947707710876e-05	0.9797514245563734	1.0	0.6	0.4	48.0	0.0023310023310023	0.0289497412785084	salamandrivorans	life_stage	liq_Zoospore	liq_Developed	up_in_liq_Zoospore	5.626049346460691																											True	False	False	False
17969	896.5303	3.71807	3.655686481607892e-05	1.9073261553808568e-05	0.9167148660705172	1.0	0.6	0.4	48.0	0.0023310023310023	0.0289497412785084	salamandrivorans	life_stage	liq_Zoospore	liq_Developed	up_in_liq_Zoospore	5.183013451678241																											True	False	False	False
27681	822.9393	4.37442	1.0113346481941951e-05	5.275919653625449e-06	0.8643490303293881	1.0	0.6	0.4	48.0	0.0023310023310023	0.0289497412785084	salamandrivorans	life_stage	liq_Zoospore	liq_Developed	up_in_liq_Zoospore	3.652630916481216																											True	False	False	False
10858	609.3408	3.750685	6.35107215089623e-05	3.600631619887266e-05	0.8081408304895396	1.0	0.6	0.4	48.0	0.0023310023310023	0.0289497412785084	salamandrivorans	life_stage	liq_Zoospore	liq_Developed	up_in_liq_Zoospore	6.300121251808526	10858.0	C32H44N6O6	[M + H]+	[(2S)-1-[[(2S)-1-[[(2S)-1-[[(2S)-1-[[(2S)-1-[[(1S)-1-carboxy-3-methylbutyl]amino]-4-methyl-1-oxopentan-2-yl]amino]-1-oxopropan-2-yl]amino]-4-methyl-1-oxopentan-2-yl]amino]-1-oxopropan-2-yl]amino]-1-oxopropan-2-yl]azanium	CC(C)CC(C(=O)NC(C)C(=O)NC(CC(C)C)C(=O)NC(CC(C)C)C(=O)O)NC(=O)C(C)NC(=O)C(C)N	0.214	Amino acids and Peptides	Tripeptides	Carboxylic acids and derivatives	10858.0	native-full-e9838293-bagel	native	1.0								native	native	1.0	10858.0	C32H44N6O6	False	True	False	False	False
23229	1036.5062	1.469	3.72104538221442e-05	2.121688810526372e-05	0.7927903903049742	1.0	0.6	0.4	48.0	0.0023310023310023	0.0289497412785084	salamandrivorans	life_stage	liq_Zoospore	liq_Developed	up_in_liq_Zoospore	5.440267473015903																											True	False	False	False
22535	778.9254	4.278059	1.6561951399106405e-05	1.1647120848791752e-05	0.4861087592050125	1.0	0.6	0.4	48.0	0.0023310023310023	0.0289497412785084	salamandrivorans	life_stage	liq_Zoospore	liq_Developed	up_in_liq_Zoospore	4.47388094122176																											True	False	False	False
7576	886.4758	3.277168	0.0	9.734866126575165e-05	-7.304701953869948	0.4	1.0	-0.6	2.0	0.0026640026640026	0.0298002037132471	salamandrivorans	life_stage	liq_Zoospore	liq_Developed	up_in_liq_Developed	6.846267232405194																											True	True	True	False
6518	954.5358	2.713837	0.0	7.166719430714445e-05	-6.866119928554428	0.4	1.0	-0.6	2.0	0.0026640026640026	0.0298002037132471	salamandrivorans	life_stage	liq_Zoospore	liq_Developed	up_in_liq_Developed	5.786488486948951																											True	True	True	False
16774	974.4975	3.196505	0.0	5.956454504569819e-05	-6.60177151623244	0.4	1.0	-0.6	2.0	0.0026640026640026	0.0298002037132471	salamandrivorans	life_stage	liq_Zoospore	liq_Developed	up_in_liq_Developed	6.443337405543498																											True	True	True	False
16916	1197.6792	3.831445	0.0	4.293603855501993e-05	-6.135248061062812	0.4	1.0	-0.6	2.0	0.0026640026640026	0.0298002037132471	salamandrivorans	life_stage	liq_Zoospore	liq_Developed	up_in_liq_Developed	5.486625394055789																											True	True	True	False
10487	517.2597	1.581	0.0	4.101270257415252e-05	-6.0700920034605135	0.4	1.0	-0.6	2.0	0.0026640026640026	0.0298002037132471	salamandrivorans	life_stage	liq_Zoospore	liq_Developed	up_in_liq_Developed	-0.7455757789976925																											False	True	False	False
23040	1138.0831	3.774019	0.0	3.72736018020603e-05	-5.934327891587469	0.4	1.0	-0.6	2.0	0.0026640026640026	0.0298002037132471	salamandrivorans	life_stage	liq_Zoospore	liq_Developed	up_in_liq_Developed	5.68393011823123																											True	True	True	False
21769	399.1935	1.453	0.0	3.135379851808376e-05	-5.689261345484712	0.4	1.0	-0.6	2.0	0.0026640026640026	0.0298002037132471	salamandrivorans	life_stage	liq_Zoospore	liq_Developed	up_in_liq_Developed	-3.291533456475362																											False	True	False	False
22579	786.4441	3.549	0.0	2.834367021836293e-05	-5.546614017892143	0.4	1.0	-0.6	2.0	0.0026640026640026	0.0298002037132471	salamandrivorans	life_stage	liq_Zoospore	liq_Developed	up_in_liq_Developed	5.378614590590795																											True	True	True	False
22799	705.3649	3.702202	0.0	2.4690491205491334e-05	-5.352102627764586	0.4	1.0	-0.6	2.0	0.0026640026640026	0.0298002037132471	salamandrivorans	life_stage	liq_Zoospore	liq_Developed	up_in_liq_Developed	4.701820660629812																											True	True	True	False
17473	447.2256	3.656677	0.0	1.8347096689075528e-05	-4.935859440751576	0.4	1.0	-0.6	2.0	0.0026640026640026	0.0298002037132471	salamandrivorans	life_stage	liq_Zoospore	liq_Developed	up_in_liq_Developed	4.427135379417044																											True	True	True	False
34342	873.9943	4.456317	0.0	7.90584158486554e-06	-3.782242768463677	0.4	1.0	-0.6	2.0	0.0026640026640026	0.0298002037132471	salamandrivorans	life_stage	liq_Zoospore	liq_Developed	up_in_liq_Developed	3.67071959957938																											True	True	True	False
35638	562.8195	3.984	0.0008603045458141	8.107606197752859e-05	3.397553843066595	1.0	0.8	0.1999999999999999	48.0	0.0026640026640026	0.0298002037132471	salamandrivorans	life_stage	liq_Zoospore	liq_Developed	up_in_liq_Zoospore	2.409528390455108																											True	False	False	False
16989	887.4717	3.894	3.876486544708622e-05	0.0002986445044869	-2.925718835679657	1.0	1.0	0.0	2.0	0.0026640026640026	0.0298002037132471	salamandrivorans	life_stage	liq_Zoospore	liq_Developed	up_in_liq_Developed	7.284570813073677																											True	True	True	False
4683	360.193	2.366	0.00029921628187	0.0017628245633548	-2.5561507203220697	1.0	1.0	0.0	2.0	0.0026640026640026	0.0298002037132471	salamandrivorans	life_stage	liq_Zoospore	liq_Developed	up_in_liq_Developed	1.2203799048053636	4683.0	C19H25N3O4	[M + H]+	(R)-1-[(S)-1-((S)-2-Amino-3-phenyl-propionyl)-pyrrolidine-2-carbonyl]-pyrrolidine-2-carboxylic acid	C1CC(N(C1)C(=O)C2CCCN2C(=O)C(CC3=CC=CC=C3)N)C(=O)O	0.848	Amino acids and Peptides	Dipeptides	Carboxylic acids and derivatives	4683.0	native-full-e9838293-bagel	native	1.0								native	native	1.0	4683.0	C19H25N3O4	False	True	True	True	False
19802	1000.5629	4.28198	4.7083518928362825e-06	2.9459762778047208e-05	-2.497108376166459	0.6	1.0	-0.4	2.0	0.0026640026640026	0.0298002037132471	salamandrivorans	life_stage	liq_Zoospore	liq_Developed	up_in_liq_Developed	5.109621147075724																											True	True	True	False
6849	707.8942	3.86857	5.875127071090812e-05	1.0743269567485084e-05	2.385422217176013	1.0	0.8	0.1999999999999999	48.0	0.0026640026640026	0.0298002037132471	salamandrivorans	life_stage	liq_Zoospore	liq_Developed	up_in_liq_Zoospore	5.170246779498042	6849.0	C23H22Br3N5O4	[M + K]+	8-[benzyl(methyl)amino]-7-[2-hydroxy-3-(2,4,6-tribromophenoxy)propyl]-3-methyl-3,7-dihydro-1H-purine-2,6-dione	CN1C2=C(C(=O)NC1=O)N(C(=N2)N(C)CC3=CC=CC=C3)CC(COC4=C(C=C(C=C4Br)Br)Br)O		Amino acids and Peptides	Cyclic peptides	Carboxylic acids and derivatives	6849.0	native-EB97X;native-full-e9838293-bagel	native	1.0								native	native	1.0	6849.0	C23H22Br3N5O4	False	True	False	False	False
16240	362.3256	6.489013	6.082654967233279e-06	3.260890128134872e-05	-2.309692979433008	1.0	1.0	0.0	2.0	0.0026640026640026	0.0298002037132471	salamandrivorans	life_stage	liq_Zoospore	liq_Developed	up_in_liq_Developed	-0.7342302054175672	16240.0	C20H43NO4	[M + H]+	2-Amino-1,3,4,5-Icosanetetrol	CCCCCCCCCCCCCCCC(C(C(C(CO)N)O)O)O	0.737	Fatty acids	Sphingoid bases	Organonitrogen compounds	16240.0	native-full-e9838293-bagel	native	1.0								native	native	1.0	16240.0	C20H43NO4	False	False	False	False	True
10793	1037.0912	4.66226	5.4427525390989794e-05	1.0609557242095562e-05	2.293411756698705	1.0	1.0	0.0	48.0	0.0026640026640026	0.0298002037132471	salamandrivorans	life_stage	liq_Zoospore	liq_Developed	up_in_liq_Zoospore	4.891602072391781																											True	False	False	False
1792	493.7715	3.904	2.153119108659576e-05	0.0001042935279063	-2.243762165703155	1.0	1.0	0.0	2.0	0.0026640026640026	0.0298002037132471	salamandrivorans	life_stage	liq_Zoospore	liq_Developed	up_in_liq_Developed	6.03230100982195	1792.0	C6H12Br4FN3O2	[M + H]+							1792.0	native-full-e9838293-bagel	native	1.0								native	native	1.0	1792.0	C6H12Br4FN3O2	False	True	True	True	False
17772	672.3742	4.248	2.8186812972280066e-05	5.502588690666919e-06	2.2342600595494404	1.0	0.8	0.1999999999999999	48.0	0.0026640026640026	0.0298002037132471	salamandrivorans	life_stage	liq_Zoospore	liq_Developed	up_in_liq_Zoospore	4.334641504344473																											True	False	False	False
6825	699.3386	0.84822	1.8781107785374032e-05	8.493743099043352e-05	-2.1407738634932305	0.8	1.0	-0.1999999999999999	2.0	0.0026640026640026	0.0298002037132471	salamandrivorans	life_stage	liq_Zoospore	liq_Developed	up_in_liq_Developed	0.7836370601215127	6825.0	C32H48N6O10	[M + Na]+	H-Leu-Glu-Ser-Ser-Ile-Ile-OH	CCC(C)C(C(=O)NC(C(C)CC)C(=O)O)NC(=O)C(CO)NC(=O)C(CO)NC(=O)C(CCC(=O)O)NC(=O)C(CC(C)C)N	0.176	Amino acids and Peptides	Cyclic peptides	Carboxylic acids and derivatives	6825.0	native-full-e9838293-bagel	native	1.0								native	native	1.0	6825.0	C32H48N6O10	False	False	True	False	False
31784	1054.0907	4.484647	2.26666567321374e-05	4.663038916292159e-06	2.140136035306828	1.0	0.7	0.3	48.0	0.0026640026640026	0.0298002037132471	salamandrivorans	life_stage	liq_Zoospore	liq_Developed	up_in_liq_Zoospore	3.8789907952988902																											True	False	False	False
16525	1167.6428	4.507733	3.3730065945314595e-05	7.362627430814463e-06	2.105424891501272	1.0	0.7	0.3	48.0	0.0026640026640026	0.0298002037132471	salamandrivorans	life_stage	liq_Zoospore	liq_Developed	up_in_liq_Zoospore	3.935860372949233																											True	False	False	False
17342	671.8759	4.248	3.250324656294224e-05	7.225338381560421e-06	2.0779846635393286	1.0	0.9	0.0999999999999999	48.0	0.0026640026640026	0.0298002037132471	salamandrivorans	life_stage	liq_Zoospore	liq_Developed	up_in_liq_Zoospore	4.705563864491877																											True	False	False	False
17294	639.3452	4.096094	2.565677587893956e-05	5.6469341136566e-06	2.068016696740361	1.0	1.0	0.0	48.0	0.0026640026640026	0.0298002037132471	salamandrivorans	life_stage	liq_Zoospore	liq_Developed	up_in_liq_Zoospore	3.81094983342604	17294.0	C31H48N6O7	[M + Na]+	(2S)-1-[(2S)-1-[(2S)-4-methyl-2-[[(2S)-1-[(2S)-1-[(2S)-pyrrolidin-1-ium-2-carbonyl]pyrrolidine-2-carbonyl]pyrrolidine-2-carbonyl]amino]pentanoyl]pyrrolidine-2-carbonyl]pyrrolidine-2-carboxylic acid	CC(C)CC(C(=O)N1CCCC1C(=O)N2CCCC2C(=O)O)NC(=O)C3CCCN3C(=O)C4CCCN4C(=O)C5CCCN5	0.897	Amino acids and Peptides	Cyclic peptides	Carboxylic acids and derivatives	17294.0	native-full-e9838293-bagel	native	1.0								native	native	1.0	17294.0	C31H48N6O7	False	True	False	False	False
2591	736.9288	3.543	0.0002465828320638	6.182357087565444e-05	1.9850762507594253	1.0	1.0	0.0	48.0	0.0026640026640026	0.0298002037132471	salamandrivorans	life_stage	liq_Zoospore	liq_Developed	up_in_liq_Zoospore	1.691269368052822	2591.0	C21H29Br3N6O6	[M + K]+	Procion orange MX-2R	CN(C1=CC2=CC(=C(C(=C2C=C1)O)N=NC3=C(C4=C(C=C3)C(=CC=C4)S(=O)(=O)O)S(=O)(=O)O)S(=O)(=O)O)C5=NC(=NC(=N5)Cl)Cl	0.019	Amino acids and Peptides	Penicillins	Carboxylic acids and derivatives	2591.0	native-full-e9838293-bagel	native	1.0								native	native	1.0	2591.0	C21H29Br3N6O6	False	True	False	False	False
2055	417.5579	2.151	8.649623217507527e-05	0.0003392657110296	-1.9640404745732376	1.0	1.0	0.0	2.0	0.0026640026640026	0.0298002037132471	salamandrivorans	life_stage	liq_Zoospore	liq_Developed	up_in_liq_Developed	8.57474765102465																											True	True	True	False
6508	558.3281	3.323	0.0001310631209315	0.0005116219302893	-1.9597577110445448	1.0	1.0	0.0	2.0	0.0026640026640026	0.0298002037132471	salamandrivorans	life_stage	liq_Zoospore	liq_Developed	up_in_liq_Developed	3.766607422951478																											True	True	True	False
3197	656.3923	2.618	6.698324678417673e-05	0.000259084212232	-1.9417103889154137	1.0	1.0	0.0	2.0	0.0026640026640026	0.0298002037132471	salamandrivorans	life_stage	liq_Zoospore	liq_Developed	up_in_liq_Developed	8.20653281968476																											True	True	True	False
15122	1026.582	3.914	6.760157728341938e-05	1.741541367676214e-05	1.9194157889485235	1.0	1.0	0.0	48.0	0.0026640026640026	0.0298002037132471	salamandrivorans	life_stage	liq_Zoospore	liq_Developed	up_in_liq_Zoospore	5.563427728088636																											True	False	False	False
23669	783.9546	3.995	2.20812678226028e-05	5.4256394212116125e-06	1.908866113073904	1.0	0.7	0.3	48.0	0.0026640026640026	0.0298002037132471	salamandrivorans	life_stage	liq_Zoospore	liq_Developed	up_in_liq_Zoospore	4.042318377444143																											True	False	False	False
4206	1048.5604	3.517	0.0001523018214158	4.064350416020449e-05	1.88986480182211	1.0	0.8	0.1999999999999999	48.0	0.0026640026640026	0.0298002037132471	salamandrivorans	life_stage	liq_Zoospore	liq_Developed	up_in_liq_Zoospore	1.7441581394881																											True	False	False	False
25633	821.9485	4.707142	1.2913346030504304e-05	3.1891780602592577e-06	1.8290603366873768	1.0	0.9	0.0999999999999999	48.0	0.0026640026640026	0.0298002037132471	salamandrivorans	life_stage	liq_Zoospore	liq_Developed	up_in_liq_Zoospore	2.780516200897649																											True	False	False	False
22895	390.3592	6.510673	1.3499025281641322e-06	6.34952502320912e-06	-1.823116393284132	0.6	1.0	-0.4	2.0	0.0026640026640026	0.0298002037132471	salamandrivorans	life_stage	liq_Zoospore	liq_Developed	up_in_liq_Developed	-3.6754888602361167																											False	False	False	False
12520	739.3519	1.548	5.815443022658622e-05	1.6484557883760645e-05	1.7808283545333572	1.0	0.7	0.3	48.0	0.0026640026640026	0.0298002037132471	salamandrivorans	life_stage	liq_Zoospore	liq_Developed	up_in_liq_Zoospore	5.358751492158754																											True	False	False	False
13876	459.2548	3.026827	2.0533718913343462e-05	7.157420935274935e-05	-1.7709883525021228	1.0	1.0	0.0	2.0	0.0026640026640026	0.0298002037132471	salamandrivorans	life_stage	liq_Zoospore	liq_Developed	up_in_liq_Developed	6.292135777917952																											True	True	True	False
32708	812.4533	4.192	1.5530279361306266e-05	4.180656325051253e-06	1.7503280304241051	1.0	0.7	0.3	48.0	0.0026640026640026	0.0298002037132471	salamandrivorans	life_stage	liq_Zoospore	liq_Developed	up_in_liq_Zoospore	3.8031190771302175																											True	False	False	False
36815	521.7671	1.45589	3.489492288136944e-05	0.0001171079881621	-1.7289698182212796	1.0	1.0	0.0	2.0	0.0026640026640026	0.0298002037132471	salamandrivorans	life_stage	liq_Zoospore	liq_Developed	up_in_liq_Developed	0.2124781537355126																											False	True	False	False
6845	487.2556	0.84011	2.900747885685759e-05	9.639159395388996e-05	-1.71123291631385	1.0	1.0	0.0	2.0	0.0026640026640026	0.0298002037132471	salamandrivorans	life_stage	liq_Zoospore	liq_Developed	up_in_liq_Developed	0.5335742178821908	6845.0	C20H34N6O8	[M + H]+	Cereusitin A	CC(C)CC1C(=O)N2CC(CC2C(=O)NC(C(=O)N3CC(CC3C(=O)N1)O)CC4=CC=CC=C4)O	0.127	Amino acids and Peptides	Cyclic peptides	Carboxylic acids and derivatives	6845.0	native-full-e9838293-bagel	native	1.0								native	native	1.0	6845.0	C20H34N6O8	False	False	True	False	False
3738	635.8041	1.7225	0.0001447963573842	4.457670871437725e-05	1.685907488679758	1.0	0.7	0.3	48.0	0.0026640026640026	0.0298002037132471	salamandrivorans	life_stage	liq_Zoospore	liq_Developed	up_in_liq_Zoospore	6.6552564418200015																											True	False	False	False
25119	1239.67	4.096	1.6925769327041147e-05	4.872055485038002e-06	1.675767029331341	1.0	0.7	0.3	48.0	0.0026640026640026	0.0298002037132471	salamandrivorans	life_stage	liq_Zoospore	liq_Developed	up_in_liq_Zoospore	3.894880851832495																											True	False	False	False
18690	1310.726	4.456907	1.6062988009988472e-05	4.611063124907258e-06	1.6732665883368736	1.0	1.0	0.0	48.0	0.0026640026640026	0.0298002037132471	salamandrivorans	life_stage	liq_Zoospore	liq_Developed	up_in_liq_Zoospore	3.782969545964968																											True	False	False	False
1996	1060.5927	2.039	0.0002451461095473	7.688093561042842e-05	1.6650047271402448	1.0	0.8	0.1999999999999999	48.0	0.0026640026640026	0.0298002037132471	salamandrivorans	life_stage	liq_Zoospore	liq_Developed	up_in_liq_Zoospore	7.631364401990665																											True	False	False	False
6667	854.4686	1.548	5.532806150255255e-05	0.0001752160903093	-1.6520771963251857	1.0	1.0	0.0	2.0	0.0026640026640026	0.0298002037132471	salamandrivorans	life_stage	liq_Zoospore	liq_Developed	up_in_liq_Developed	7.543032261780487																											True	True	True	False
9872	409.9669	1.500695	4.426241602983656e-05	1.3672652499006207e-05	1.6509002627166594	1.0	0.7	0.3	48.0	0.0026640026640026	0.0298002037132471	salamandrivorans	life_stage	liq_Zoospore	liq_Developed	up_in_liq_Zoospore	5.135396569715482																											True	False	False	False
31716	598.338	4.4066	9.420319219628788e-06	2.60056528822809e-06	1.6405237134269193	1.0	0.9	0.0999999999999999	48.0	0.0026640026640026	0.0298002037132471	salamandrivorans	life_stage	liq_Zoospore	liq_Developed	up_in_liq_Zoospore	2.78351882002733																											True	False	False	False
14982	452.21	1.311244	1.3611066625013788e-05	4.331448565494353e-05	-1.6263335272592323	1.0	1.0	0.0	2.0	0.0026640026640026	0.0298002037132471	salamandrivorans	life_stage	liq_Zoospore	liq_Developed	up_in_liq_Developed	-0.4491721105989295																											False	True	False	False
33056	794.4156	4.059462	1.1616513266922537e-05	3.36800010477284e-06	1.6175388598947764	1.0	0.8	0.1999999999999999	48.0	0.0026640026640026	0.0298002037132471	salamandrivorans	life_stage	liq_Zoospore	liq_Developed	up_in_liq_Zoospore	3.450626986755973																											True	False	False	False
24821	1372.6882	4.278059	1.7247052894724824e-05	5.228656446590091e-06	1.6111814742079096	1.0	0.8	0.1999999999999999	48.0	0.0026640026640026	0.0298002037132471	salamandrivorans	life_stage	liq_Zoospore	liq_Developed	up_in_liq_Zoospore	3.892273300552588																											True	False	False	False
23150	573.3231	4.148012	1.00445572402066e-05	2.9613143054900188e-06	1.5743548458282195	1.0	0.7	0.3	48.0	0.0026640026640026	0.0298002037132471	salamandrivorans	life_stage	liq_Zoospore	liq_Developed	up_in_liq_Zoospore	2.783454010069743																											True	False	False	False
14133	559.3285	3.328	3.946204936900155e-05	0.0001187308631159	-1.5741890233776517	1.0	1.0	0.0	2.0	0.0026640026640026	0.0298002037132471	salamandrivorans	life_stage	liq_Zoospore	liq_Developed	up_in_liq_Developed	7.395153745362769	14133.0	C29H49N3O5	[M + K]+	H-Val-Val-Pro-Pro-Phe-OH	CC(C)C(C(=O)NC(C(C)C)C(=O)N1CCCC1C(=O)N2CCCC2C(=O)NC(CC3=CC=CC=C3)C(=O)O)N	0.945	Amino acids and Peptides	Tripeptides	Carboxylic acids and derivatives	14133.0	native-full-e9838293-bagel	native	1.0								native	native	1.0	14133.0	C29H49N3O5	False	True	True	True	False
29691	742.9164	4.323	1.2782625021565808e-05	3.893280402745138e-06	1.5703400300320969	1.0	1.0	0.0	48.0	0.0026640026640026	0.0298002037132471	salamandrivorans	life_stage	liq_Zoospore	liq_Developed	up_in_liq_Zoospore	3.320021666062278																											True	False	False	False
3213	602.8052	1.658	3.456751415569513e-05	0.0001034229518263	-1.5640530443636351	0.6	1.0	-0.4	2.0	0.0026640026640026	0.0298002037132471	salamandrivorans	life_stage	liq_Zoospore	liq_Developed	up_in_liq_Developed	-0.7777278345711729	3213.0	C11H18Br4N4O5	[M + H]+							3213.0	native-full-e9838293-bagel	native	1.0								native	native	1.0	3213.0	C11H18Br4N4O5	False	False	True	False	False
93	838.4416	2.971096	0.0103779336985708	0.0035911605674647	1.5308343819719197	1.0	0.7	0.3	48.0	0.0026640026640026	0.0298002037132471	salamandrivorans	life_stage	liq_Zoospore	liq_Developed	up_in_liq_Zoospore	4.048032162010814	93.0	C41H59N9O10	[M + H]+	cyclo[Ala-Leu-D-N(Me)Phe-Pro-Sar-Phe-N(Me)Tyr]	CC1C(=O)NC(C(=O)N(C(C(=O)N2CCCC2C(=O)N(CC(=O)NC(C(=O)N(C(C(=O)N1)CC3=CC=C(C=C3)O)C)CC4=CC=CC=C4)C)CC5=CC=CC=C5)C)CC(C)C	0.314	Amino acids and Peptides	Cyclic peptides	Carboxylic acids and derivatives	6673.0	EB-MSV000090464-gnps_ms2	transferred	2.0	838.4422	2.97	838.4416	2.971096	-0.716	0.001	0.9703	ms2_tie	assigned	1.0	6673.0	C41H59N9O10	False	True	False	False	False
17263	876.0209	4.324034	1.7707985676329563e-05	5.75987434737919e-06	1.5224989089224317	1.0	0.7	0.3	48.0	0.0026640026640026	0.0298002037132471	salamandrivorans	life_stage	liq_Zoospore	liq_Developed	up_in_liq_Zoospore	4.050794488442248																											True	False	False	False
5295	970.4938	3.555	0.0001179300979052	4.088585796333515e-05	1.5141177339646217	1.0	0.9	0.0999999999999999	48.0	0.0026640026640026	0.0298002037132471	salamandrivorans	life_stage	liq_Zoospore	liq_Developed	up_in_liq_Zoospore	6.337980976728499	5295.0	C45H67N11O11S	[M + H]+	dPLOT	CCC(C)C1C(=O)NC(C(=O)NC(C(=O)NC(C(=O)NC(CSSC(CC(=O)N1)(C)C)C(=O)N2CCCC2C(=O)NC(C(C)CC)C(=O)NCC(=O)N)CC(=O)N)CCC(=O)N)C(C)CC	0.78	Amino acids and Peptides	Cyclic peptides	Carboxylic acids and derivatives	5295.0	native-full-e9838293-bagel	native	1.0								native	native	1.0	5295.0	C45H67N11O11S	False	True	False	False	False
19365	662.4177	4.067678	2.031899849681755e-05	6.72032447960042e-06	1.5123204988132628	1.0	0.7	0.3	48.0	0.0026640026640026	0.0298002037132471	salamandrivorans	life_stage	liq_Zoospore	liq_Developed	up_in_liq_Zoospore	4.456174042936864																											True	False	False	False
22721	392.2169	2.310283	2.7265018445344875e-05	7.855135077626582e-05	-1.505499741463443	1.0	1.0	0.0	2.0	0.0026640026640026	0.0298002037132471	salamandrivorans	life_stage	liq_Zoospore	liq_Developed	up_in_liq_Developed	0.8203890039297659																											False	True	False	False
2118	564.2526	0.60713	6.805171757613498e-05	0.0001938360514323	-1.5016608420727156	1.0	1.0	0.0	2.0	0.0026640026640026	0.0298002037132471	salamandrivorans	life_stage	liq_Zoospore	liq_Developed	up_in_liq_Developed	0.2683549346069247																											False	True	False	False
24669	818.4022	3.995	5.977104231460484e-06	1.7696437968097554e-05	-1.473282178578484	0.6	1.0	-0.4	2.0	0.0026640026640026	0.0298002037132471	salamandrivorans	life_stage	liq_Zoospore	liq_Developed	up_in_liq_Developed	4.773487765315885																											True	True	True	False
4470	245.1134	0.737	1.3171650424193735e-05	3.6643166733802297e-05	-1.4339777823996425	1.0	1.0	0.0	2.0	0.0026640026640026	0.0298002037132471	salamandrivorans	life_stage	liq_Zoospore	liq_Developed	up_in_liq_Developed	5.535799967417299																											True	True	True	False
6935	707.3018	1.477738	0.0001524533864073	5.631062445059655e-05	1.426952107729182	1.0	0.9	0.0999999999999999	48.0	0.0026640026640026	0.0298002037132471	salamandrivorans	life_stage	liq_Zoospore	liq_Developed	up_in_liq_Zoospore	7.470089425217395																											True	False	False	False
15287	1107.5629	4.041227	2.8509942138591227e-05	1.024631451253354e-05	1.4226686909559936	1.0	0.8	0.1999999999999999	48.0	0.0026640026640026	0.0298002037132471	salamandrivorans	life_stage	liq_Zoospore	liq_Developed	up_in_liq_Zoospore	4.445272115938949																											True	False	False	False
2614	714.4058	1.722	0.000154372318442	0.000412551510552	-1.4145460592586898	1.0	1.0	0.0	2.0	0.0026640026640026	0.0298002037132471	salamandrivorans	life_stage	liq_Zoospore	liq_Developed	up_in_liq_Developed	9.063179755201396	2614.0	C32H55N7O11	[M + H]+	Ahpatinin Pr	CCC(=O)NC(C(C)C)C(=O)NC(C(C)C)C(=O)NC(CC(C)C)C(CC(=O)NC(C)C(=O)NC(CC1=CC=CC=C1)C(CC(=O)O)O)O	0.083	Amino acids and Peptides	Cyclic peptides	Carboxylic acids and derivatives	3019.0	EB-MSV000090464-gnps_ms2	transferred	3.0	714.4059	1.72	714.4058	1.722	-0.14	0.002	1.0	unique	assigned	1.0	3019.0	C32H55N7O11	False	True	True	True	False
20980	891.4949	4.350881	2.035940563354678e-05	7.296421605644621e-06	1.40609239193563	1.0	1.0	0.0	48.0	0.0026640026640026	0.0298002037132471	salamandrivorans	life_stage	liq_Zoospore	liq_Developed	up_in_liq_Zoospore	4.435601135877416																											True	False	False	False
22479	850.4491	4.455438	1.4983470780927383e-05	5.293651768955399e-06	1.399797765593411	1.0	1.0	0.0	48.0	0.0026640026640026	0.0298002037132471	salamandrivorans	life_stage	liq_Zoospore	liq_Developed	up_in_liq_Zoospore	3.5546963714737343																											True	False	False	False
8393	263.1388	3.053971	3.482133324147308e-05	9.238668478111192e-05	-1.3919101815722572	1.0	1.0	0.0	2.0	0.0026640026640026	0.0298002037132471	salamandrivorans	life_stage	liq_Zoospore	liq_Developed	up_in_liq_Developed	7.121616920031292																											True	True	True	False
1369	399.2615	1.833	0.0003845203668584	0.000146739858121	1.3860428376684464	1.0	1.0	0.0	48.0	0.0026640026640026	0.0298002037132471	salamandrivorans	life_stage	liq_Zoospore	liq_Developed	up_in_liq_Zoospore	3.5140712288087483	1369.0	C19H34N4O5	[M + H]+	2-[[1-[2-(2-Aminopropanoylamino)-3-methylbutanoyl]pyrrolidine-2-carbonyl]amino]-3-methylpentanoic acid	CCC(C)C(C(=O)O)NC(=O)C1CCCN1C(=O)C(C(C)C)NC(=O)C(C)N	0.765	Amino acids and Peptides	Tripeptides	Carboxylic acids and derivatives	3409.0	EB-MSV000090464-gnps_ms2	transferred	3.0	399.2613	1.84	399.2615	1.833	0.501	-0.007	0.9088	ms2_winner	assigned	1.0	3409.0	C19H34N4O5	False	True	False	False	False
1566	280.137	0.629078	0.0002616636181305	0.0006781352321862	-1.3717648704216538	1.0	1.0	0.0	2.0	0.0026640026640026	0.0298002037132471	salamandrivorans	life_stage	liq_Zoospore	liq_Developed	up_in_liq_Developed	0.6481405659906503																											False	True	False	False
31007	793.9206	4.069315	1.3571086581798374e-05	4.872411420405638e-06	1.369528707590966	1.0	0.8	0.1999999999999999	48.0	0.0026640026640026	0.0298002037132471	salamandrivorans	life_stage	liq_Zoospore	liq_Developed	up_in_liq_Zoospore	3.37427985631066																											True	False	False	False
5183	1180.5398	2.541865	5.669275229187788e-05	0.000147441806918	-1.3692767498732985	0.6	1.0	-0.4	2.0	0.0026640026640026	0.0298002037132471	salamandrivorans	life_stage	liq_Zoospore	liq_Developed	up_in_liq_Developed	7.567408955765636																											True	True	True	False
26037	812.9473	4.772276	5.5780709620755286e-06	1.5084141157928684e-05	-1.3413022191719834	1.0	1.0	0.0	2.0	0.0026640026640026	0.0298002037132471	salamandrivorans	life_stage	liq_Zoospore	liq_Developed	up_in_liq_Developed	4.487705742748021																											True	True	True	False
14900	415.2551	1.612	5.8306785827413504e-05	2.2817857266885207e-05	1.3300956155015966	1.0	0.7	0.3	48.0	0.0026640026640026	0.0298002037132471	salamandrivorans	life_stage	liq_Zoospore	liq_Developed	up_in_liq_Zoospore	5.651597320016085																											True	False	False	False
7011	972.5311	0.899259	6.561740086649804e-05	2.5974679783022003e-05	1.3165195380887331	1.0	0.7	0.3	48.0	0.0026640026640026	0.0298002037132471	salamandrivorans	life_stage	liq_Zoospore	liq_Developed	up_in_liq_Zoospore	6.42600672653876	7011.0	C47H73N9O13	[M + H]+	2-{2-[2-(6-amino-2-{2-[5-carbamimidamido-2-(2,6-diaminohexanamido)pentanamido]-4-carbamoylbutanamido}hexanamido)-3-(4-hydroxyphenyl)propanamido]-3-carboxypropanamido}-3-methylpentanoic acid	CCC(C)C(C(=O)O)NC(=O)C(CC(=O)O)NC(=O)C(CC1=CC=C(C=C1)O)NC(=O)C(CCCCN)NC(=O)C(CCC(=O)N)NC(=O)C(CCCN=C(N)N)NC(=O)C(CCCCN)N	0.185	Amino acids and Peptides	RiPPs	Polypeptides	7011.0	native-full-e9838293-bagel	native	1.0								native	native	1.0	7011.0	C47H73N9O13	False	True	False	False	False
15424	486.2567	0.907328	8.635023984095013e-05	0.0002152648871465	-1.311671933484282	1.0	1.0	0.0	2.0	0.0026640026640026	0.0298002037132471	salamandrivorans	life_stage	liq_Zoospore	liq_Developed	up_in_liq_Developed	0.7770772113250211																											False	False	False	False
10825	906.4481	2.9035	5.6902071763029226e-05	2.263115816245205e-05	1.306825743559782	1.0	0.8	0.1999999999999999	48.0	0.0026640026640026	0.0298002037132471	salamandrivorans	life_stage	liq_Zoospore	liq_Developed	up_in_liq_Zoospore	5.470304343613092	10825.0	C43H65N9O10	[M + K]+	Cycloleonuripeptide E	CCC(C)C1C(=O)NC(C(=O)NC(C(=O)NC(C(=O)NC(C(=O)NC(C(=O)N2CCCC2C(=O)NC(C(=O)N3CCCC3C(=O)N1)C)C(C)O)CC4=CC=CC=C4)C)C)C(C)C	0.828	Amino acids and Peptides	Cyclic peptides	Carboxylic acids and derivatives	6514.0	EB-MSV000090464-gnps_ms2	transferred	3.0	906.445	2.9	906.4481	2.9035	3.42	0.004	0.9999	unique	assigned	1.0	6514.0	C43H65N9O10	False	True	False	False	False
7510	904.4698	3.345	4.938910222437773e-05	0.0001221951952991	-1.296232326796418	1.0	1.0	0.0	2.0	0.0026640026640026	0.0298002037132471	salamandrivorans	life_stage	liq_Zoospore	liq_Developed	up_in_liq_Developed	7.395037315212645																											True	True	True	False
26178	680.3525	4.161947	1.6544050628469386e-05	6.547701445901253e-06	1.2598478368583328	1.0	1.0	0.0	48.0	0.0026640026640026	0.0298002037132471	salamandrivorans	life_stage	liq_Zoospore	liq_Developed	up_in_liq_Zoospore	3.687682793396915	26178.0	C42H86N4O2	[M + H]+	Octadecanamide, N,N'-[1,2-ethanediylbis(imino-2,1-ethanediyl)]bis-	CCCCCCCCCCCCCCCCCC(=O)NCCNCCNCCNC(=O)CCCCCCCCCCCCCCCCC	0.027	Alkaloids	Steroidal alkaloids	Organonitrogen compounds	26178.0	native-full-e9838293-bagel	native	1.0								native	native	1.0	26178.0	C42H86N4O2	False	True	False	False	True
31727	881.4854	4.163	1.0510820740856972e-05	4.083955825208703e-06	1.242674328095242	1.0	0.9	0.0999999999999999	48.0	0.0026640026640026	0.0298002037132471	salamandrivorans	life_stage	liq_Zoospore	liq_Developed	up_in_liq_Zoospore	3.0851254772375576																											True	False	False	False
1499	629.3615	3.211	0.0003072785632385	0.0007201666420668	-1.2271180604979253	0.8	1.0	-0.1999999999999999	2.0	0.0026640026640026	0.0298002037132471	salamandrivorans	life_stage	liq_Zoospore	liq_Developed	up_in_liq_Developed	3.856562904164629																											True	True	True	False
11909	744.4338	3.683861	4.781223823523823e-05	2.0160548953397045e-05	1.2207475125740574	1.0	0.7	0.3	48.0	0.0026640026640026	0.0298002037132471	salamandrivorans	life_stage	liq_Zoospore	liq_Developed	up_in_liq_Zoospore	5.8861259081104205																											True	False	False	False
8750	883.4404	2.925332	3.992853421965552e-05	9.368714022295666e-05	-1.217724200964683	1.0	1.0	0.0	2.0	0.0026640026640026	0.0298002037132471	salamandrivorans	life_stage	liq_Zoospore	liq_Developed	up_in_liq_Developed	6.880911427246726																											True	True	True	False
5903	1166.6416	2.994753	0.000111373823236	4.758168115489341e-05	1.2162696460743432	1.0	1.0	0.0	48.0	0.0026640026640026	0.0298002037132471	salamandrivorans	life_stage	liq_Zoospore	liq_Developed	up_in_liq_Zoospore	6.68637338471405	5903.0	C57H87N11O13S	[M + H]+	H-Tyr-Leu-Leu-Met-Trp-Ile-Thr-Gln-Val-OH	CCC(C)C(C(=O)NC(C(C)O)C(=O)NC(CCC(=O)N)C(=O)NC(C(C)C)C(=O)O)NC(=O)C(CC1=CNC2=CC=CC=C21)NC(=O)C(CCSC)NC(=O)C(CC(C)C)NC(=O)C(CC(C)C)NC(=O)C(CC3=CC=C(C=C3)O)N	0.114	Amino acids and Peptides	Cyclic peptides	Carboxylic acids and derivatives	5903.0	native-full-e9838293-bagel	native	1.0								native	native	1.0	5903.0	C57H87N11O13S	False	True	False	False	False
12491	999.2896	1.1715	4.449595921791606e-05	1.887882471149605e-05	1.2102651074576405	1.0	0.8	0.1999999999999999	48.0	0.0026640026640026	0.0298002037132471	salamandrivorans	life_stage	liq_Zoospore	liq_Developed	up_in_liq_Zoospore	5.464040036856916																											True	False	False	False
1052	486.2913	1.964584	0.000657174573087	0.0002852805252206	1.202124814420461	1.0	1.0	0.0	48.0	0.0026640026640026	0.0298002037132471	salamandrivorans	life_stage	liq_Zoospore	liq_Developed	up_in_liq_Zoospore	2.256503215736837	1052.0	C22H39N5O7	[M + H]+	H-Ala-Asp-Ala-Ile-Ile-al	CCC(C)C(C=O)NC(=O)C(C(C)CC)NC(=O)C(C)NC(=O)C(CC(=O)O)NC(=O)C(C)N	0.524	Amino acids and Peptides	Tripeptides	Carboxylic acids and derivatives	3781.0	EB-MSV000090464-gnps_ms2	transferred	3.0	486.2916	1.96	486.2913	1.964584	-0.617	0.005	1.0	ms2_tie	assigned	1.0	3781.0	C22H39N5O7	False	True	False	False	False
7810	614.8364	3.1625	8.249959677408302e-05	3.566308766489745e-05	1.1958991105612016	1.0	0.7	0.3	48.0	0.0026640026640026	0.0298002037132471	salamandrivorans	life_stage	liq_Zoospore	liq_Developed	up_in_liq_Zoospore	6.168356862410184																											True	False	False	False
7293	608.8427	3.75498	7.67082479041444e-05	3.317214772743217e-05	1.194315726364599	1.0	1.0	0.0	48.0	0.0026640026640026	0.0298002037132471	salamandrivorans	life_stage	liq_Zoospore	liq_Developed	up_in_liq_Zoospore	6.728106407978509	7293.0	C13H20Br4N6O2	[M + H]+							7293.0	native-full-e9838293-bagel	native	1.0								native	native	1.0	7293.0	C13H20Br4N6O2	False	True	False	False	False
31624	222.4976	3.831923	3.186685080447467e-06	8.008791165215896e-06	-1.1806959203119043	0.6	1.0	-0.4	2.0	0.0026640026640026	0.0298002037132471	salamandrivorans	life_stage	liq_Zoospore	liq_Developed	up_in_liq_Developed	3.542668623129152																											True	True	True	False
12961	776.4369	3.736069	4.255037821133842e-05	1.844357850845887e-05	1.1792372743660828	1.0	1.0	0.0	48.0	0.0026640026640026	0.0298002037132471	salamandrivorans	life_stage	liq_Zoospore	liq_Developed	up_in_liq_Zoospore	4.993173107024304																											True	False	False	False
33825	970.0078	4.084	1.6484143970589092e-05	6.9412084411041005e-06	1.177693701705877	1.0	0.9	0.0999999999999999	48.0	0.0026640026640026	0.0298002037132471	salamandrivorans	life_stage	liq_Zoospore	liq_Developed	up_in_liq_Zoospore	3.91265888556142																											True	False	False	False
5462	969.5325	2.9865	6.952928059181377e-05	0.0001563179488237	-1.1616979385665955	1.0	1.0	0.0	2.0	0.0026640026640026	0.0298002037132471	salamandrivorans	life_stage	liq_Zoospore	liq_Developed	up_in_liq_Developed	7.605146021214738	5462.0	C45H68N12O12	[M + H]+	cyclo[Ile-Pro-Pro-Ile-D-Pro-Pro-Thr-Lys-Ser]	CCC(C)C1C(=O)N2CCCC2C(=O)N3CCCC3C(=O)NC(C(=O)NC(C(=O)NC(C(=O)NC(C(=O)N4CCCC4C(=O)N5CCCC5C(=O)N1)C(C)CC)CO)CCCCN)C(C)O	0.908	Amino acids and Peptides	Cyclic peptides	Carboxylic acids and derivatives	6700.0	EB-MSV000090464-gnps_ms2	transferred	3.0	969.5295	2.99	969.5325	2.9865	3.094	-0.004	1.0	unique	assigned	1.0	6700.0	C45H68N12O12	False	True	True	True	False
6086	663.671	2.445	8.548732930783141e-05	0.0001911571759292	-1.1552262506393796	1.0	1.0	0.0	2.0	0.0026640026640026	0.0298002037132471	salamandrivorans	life_stage	liq_Zoospore	liq_Developed	up_in_liq_Developed	2.644233764391985																											True	True	True	False
9109	706.3228	3.169328	0.0001052602729836	4.704502044678172e-05	1.151436709779132	1.0	0.9	0.0999999999999999	48.0	0.0026640026640026	0.0298002037132471	salamandrivorans	life_stage	liq_Zoospore	liq_Developed	up_in_liq_Zoospore	6.8801863327685																											True	False	False	False
27640	968.0469	4.550242	5.520799190356238e-06	1.3015376345148525e-05	-1.150900501609516	0.8	1.0	-0.1999999999999999	2.0	0.0026640026640026	0.0298002037132471	salamandrivorans	life_stage	liq_Zoospore	liq_Developed	up_in_liq_Developed	4.2641327001582034																											True	False	False	False
216	498.3716	6.914607	1.1666769858519026e-05	4.931909075083354e-06	1.1460987205860536	1.0	0.8	0.1999999999999999	48.0	0.0026640026640026	0.0298002037132471	salamandrivorans	life_stage	liq_Zoospore	liq_Developed	up_in_liq_Zoospore	-10.693859905400934	216.0	C30H51O4	[M + Na]+	N-dibutoxyphosphoryloctadecanamide	CCCCCCCCCCCCCCCCCC(=O)NP(=O)(OCCCC)OCCCC	0.235	Fatty acids	Ceramides	Sphingolipids	216.0	native-full-e9838293-bagel	native	1.0								native	native	1.0	216.0	C30H51O4	False	False	True	False	True
7415	820.4163	0.865565	7.969696170195682e-05	3.571765574964992e-05	1.1442468049325631	1.0	0.7	0.3	48.0	0.0026640026640026	0.0298002037132471	salamandrivorans	life_stage	liq_Zoospore	liq_Developed	up_in_liq_Zoospore	6.7299642437676575																											True	False	False	False
23160	876.5129	4.398617	1.9458045362298908e-05	8.526874423743485e-06	1.1342975446420869	1.0	0.9	0.0999999999999999	48.0	0.0026640026640026	0.0298002037132471	salamandrivorans	life_stage	liq_Zoospore	liq_Developed	up_in_liq_Zoospore	4.010612358324944																											True	False	False	False
5674	605.87	3.635693	9.91868131899304e-05	4.517311319489748e-05	1.12401350499839	1.0	0.7	0.3	48.0	0.0026640026640026	0.0298002037132471	salamandrivorans	life_stage	liq_Zoospore	liq_Developed	up_in_liq_Zoospore	6.827731073290062																											True	False	False	False
7125	785.419	3.217046	3.223939016258843e-05	7.05224754425999e-05	-1.1144135764836356	0.6	1.0	-0.4	2.0	0.0026640026640026	0.0298002037132471	salamandrivorans	life_stage	liq_Zoospore	liq_Developed	up_in_liq_Developed	6.46800883566876																											True	True	True	False
21987	867.4826	4.393111	1.6934259350810363e-05	7.499325445397897e-06	1.1124221215430092	1.0	1.0	0.0	48.0	0.0026640026640026	0.0298002037132471	salamandrivorans	life_stage	liq_Zoospore	liq_Developed	up_in_liq_Zoospore	3.9783975551752495																											True	False	False	False
27238	817.9549	4.025905	1.3523402455417104e-05	5.941334750323458e-06	1.1081084461454451	1.0	0.8	0.1999999999999999	48.0	0.0026640026640026	0.0298002037132471	salamandrivorans	life_stage	liq_Zoospore	liq_Developed	up_in_liq_Zoospore	3.900284426910121																											True	False	False	False
20046	506.8288	4.248	2.1003700972459333e-05	9.592373655343184e-06	1.0823208195329312	1.0	0.8	0.1999999999999999	48.0	0.0026640026640026	0.0298002037132471	salamandrivorans	life_stage	liq_Zoospore	liq_Developed	up_in_liq_Zoospore	4.730744297843812																											True	False	False	False
26176	586.3185	4.064333	8.258665079076564e-06	1.8171798382604944e-05	-1.0817178680926918	1.0	1.0	0.0	2.0	0.0026640026640026	0.0298002037132471	salamandrivorans	life_stage	liq_Zoospore	liq_Developed	up_in_liq_Developed	4.77833007580155																											True	False	False	False
10231	424.7263	2.746	3.251883867730027e-05	6.923242729165114e-05	-1.0757950549075943	1.0	1.0	0.0	2.0	0.0026640026640026	0.0298002037132471	salamandrivorans	life_stage	liq_Zoospore	liq_Developed	up_in_liq_Developed	6.387991662037226																											True	False	False	False
13464	491.2885	2.402469	0.0013821619243783	0.0006592497406503	1.0673208748931666	1.0	1.0	0.0	48.0	0.0026640026640026	0.0298002037132471	salamandrivorans	life_stage	liq_Zoospore	liq_Developed	up_in_liq_Zoospore	3.545628149771232	13464.0	C23H40N4O6	[M + Na]+	2-[(1-{2-[2-amino-3-(4-hydroxyphenyl)propanamido]-3-methylbutanoyl}pyrrolidin-2-yl)formamido]-4-methylpentanoic acid	CC(C)CC(C(=O)O)NC(=O)C1CCCN1C(=O)C(C(C)C)NC(=O)C(CC2=CC=C(C=C2)O)N	0.801	Amino acids and Peptides	Cyclic peptides	Carboxylic acids and derivatives	13464.0	native-full-e9838293-bagel	native	1.0								native	native	1.0	13464.0	C23H40N4O6	False	True	False	False	False
26601	949.5147	4.187	9.367810591407246e-06	4.185639202871021e-06	1.0554935772263871	1.0	0.8	0.1999999999999999	48.0	0.0026640026640026	0.0298002037132471	salamandrivorans	life_stage	liq_Zoospore	liq_Developed	up_in_liq_Zoospore	3.249017973449219																											True	False	False	False
17948	596.8622	4.197	1.6070111049557903e-05	3.3777169980791404e-05	-1.0433115882216608	1.0	1.0	0.0	2.0	0.0026640026640026	0.0298002037132471	salamandrivorans	life_stage	liq_Zoospore	liq_Developed	up_in_liq_Developed	5.197139295852748																											True	False	False	False
10679	509.2882	3.375898	6.145185621743984e-05	2.952861261051896e-05	1.0418561213444804	1.0	0.9	0.0999999999999999	48.0	0.0026640026640026	0.0298002037132471	salamandrivorans	life_stage	liq_Zoospore	liq_Developed	up_in_liq_Zoospore	5.943714075185703																											True	False	False	False
6465	435.2621	3.035	8.732408405694956e-05	4.270904343080655e-05	1.0212579413717509	1.0	0.9	0.0999999999999999	48.0	0.0026640026640026	0.0298002037132471	salamandrivorans	life_stage	liq_Zoospore	liq_Developed	up_in_liq_Zoospore	6.7539186696023625																											True	False	False	False
24476	1053.5352	4.039126	2.1165075358168458e-05	1.0118748207686366e-05	1.0205376486775382	1.0	0.8	0.1999999999999999	48.0	0.0026640026640026	0.0298002037132471	salamandrivorans	life_stage	liq_Zoospore	liq_Developed	up_in_liq_Zoospore	4.3238032288078045																											True	False	False	False
884	1112.6367	2.412	0.0007282067265527	0.0003633780521325	1.001645815356592	1.0	0.9	0.0999999999999999	48.0	0.0026640026640026	0.0298002037132471	salamandrivorans	life_stage	liq_Zoospore	liq_Developed	up_in_liq_Zoospore	9.51525894273738	884.0	C54H85N11O14	[M + H]+	H-Leu-Pro-Lys-Pro-Pro-Lys-Pro-Val-Ser-Unk	CC(C)CC(C(=O)N1CCCC1C(=O)NC(CCCCN)C(=O)N2CCCC2C(=O)N3CCCC3C(=O)NC(CCCCN)C(=O)N4CCCC4C(=O)NC(C(C)C)C(=O)NC(CO)C(=O)NCCCNC(=O)C=O)N	0.935	Amino acids and Peptides	Cyclic peptides	Carboxylic acids and derivatives	5294.0	EB-MSV000090464-gnps_ms2	transferred	1.0	1112.6379	2.41	1112.6367	2.412	-1.079	0.002	1.0	unique	assigned	1.0	5294.0	C54H85N11O14	False	True	False	False	False
13703	430.2756	3.79709	2.88183836883366e-05	1.4105255378414977e-05	0.9994226110707812	1.0	0.9	0.0999999999999999	48.0	0.0026640026640026	0.0298002037132471	salamandrivorans	life_stage	liq_Zoospore	liq_Developed	up_in_liq_Zoospore	5.074493990584166																											True	False	False	False
6107	821.4236	3.212	0.0001231252131059	6.147542280216607e-05	0.9948178567023496	1.0	0.9	0.0999999999999999	48.0	0.0026640026640026	0.0298002037132471	salamandrivorans	life_stage	liq_Zoospore	liq_Developed	up_in_liq_Zoospore	7.221173684237423	6107.0	C41H56N8O10	[M + H]+	15-(butan-2-yl)-12,21-bis(1-hydroxyethyl)-9-(hydroxymethyl)-6,18-bis(2-methylpropyl)-hexacosahydropyrrolo[1,2-a]1,4,7,10,13,16,19,22-octaazacyclotetracosan-1,4,7,10,13,16,19,22-octone	CCC(C)C1C(=O)NC(C(=O)NC(C(=O)N2CCCC2C(=O)NCC(=O)NC(C(=O)NC(C(=O)NC(C(=O)N1)C(C)O)CO)CC(C)C)C(C)O)CC(C)C	0.374	Amino acids and Peptides	Cyclic peptides	Carboxylic acids and derivatives	6107.0	native-full-e9838293-bagel	native	1.0								native	native	1.0	6107.0	C41H56N8O10	False	True	False	False	False
8876	394.2211	2.292854	8.050562859542127e-05	4.106517039704844e-05	0.9606292929936512	1.0	1.0	0.0	48.0	0.0026640026640026	0.0298002037132471	salamandrivorans	life_stage	liq_Zoospore	liq_Developed	up_in_liq_Zoospore	6.2520262301389815																											True	False	False	False
21993	1179.6393	4.229	2.260890775249488e-05	1.1400893243928349e-05	0.9503970869858038	1.0	1.0	0.0	48.0	0.0026640026640026	0.0298002037132471	salamandrivorans	life_stage	liq_Zoospore	liq_Developed	up_in_liq_Zoospore	4.48155431425709																											True	False	False	False
36126	957.5466	4.918794	5.497040405524308e-06	2.5660199362442538e-06	0.9411529713278176	1.0	1.0	0.0	48.0	0.0026640026640026	0.0298002037132471	salamandrivorans	life_stage	liq_Zoospore	liq_Developed	up_in_liq_Zoospore	2.814721842729449																											True	False	False	False
22453	883.9755	4.213	2.406069119976732e-05	1.240066317011795e-05	0.922597831727474	1.0	1.0	0.0	48.0	0.0026640026640026	0.0298002037132471	salamandrivorans	life_stage	liq_Zoospore	liq_Developed	up_in_liq_Zoospore	4.623506141427643																											True	False	False	False
3650	585.2515	1.61	0.0001419322169168	0.000269032761885	-0.9196139717875972	1.0	1.0	0.0	2.0	0.0026640026640026	0.0298002037132471	salamandrivorans	life_stage	liq_Zoospore	liq_Developed	up_in_liq_Developed	8.146579733488487																											True	False	False	False
3425	546.2383	1.76	3.6904746538493415e-05	6.99570790217793e-05	-0.911363573759406	1.0	1.0	0.0	2.0	0.0026640026640026	0.0298002037132471	salamandrivorans	life_stage	liq_Zoospore	liq_Developed	up_in_liq_Developed	6.332594551227089	3425.0	C25H40NO10P	[M + H]+	2-amino-3-[[2-[(4Z,7Z,10Z,13Z)-hexadeca-4,7,10,13-tetraenoyl]oxy-3-propanoyloxypropoxy]-hydroxyphosphoryl]oxypropanoic acid	CCC=CCC=CCC=CCC=CCCC(=O)OC(COC(=O)CC)COP(=O)(O)OCC(C(=O)O)N		Fatty acids	Oxidized glycerophospholipids	Carboxylic acids and derivatives	3186.0	EB-MSV000090464-gnps_ms2	transferred	3.0	546.2383	1.76	546.2383	1.76	0.0	0.0	1.0	ms2_winner	assigned	1.0	3186.0	C25H40NO10P	False	True	True	True	True
19477	670.3789	2.300512	2.771585722280688e-05	5.235084573322383e-05	-0.9025778204088784	1.0	1.0	0.0	2.0	0.0026640026640026	0.0298002037132471	salamandrivorans	life_stage	liq_Zoospore	liq_Developed	up_in_liq_Developed	6.241258189603188																											True	False	False	False
7804	463.2572	2.610415	6.778584659351361e-05	3.663117940764772e-05	0.8768395857296871	1.0	1.0	0.0	48.0	0.0026640026640026	0.0298002037132471	salamandrivorans	life_stage	liq_Zoospore	liq_Developed	up_in_liq_Zoospore	6.402212795873174																											True	False	False	False
26032	820.9566	3.995	1.1253039580022316e-05	5.909180127308007e-06	0.8627497018994635	1.0	0.9	0.0999999999999999	48.0	0.0026640026640026	0.0298002037132471	salamandrivorans	life_stage	liq_Zoospore	liq_Developed	up_in_liq_Zoospore	3.7090014570519023																											True	False	False	False
16205	777.924	4.277439	3.4153778004835804e-05	1.856798728485083e-05	0.857807992985967	1.0	1.0	0.0	48.0	0.0026640026640026	0.0298002037132471	salamandrivorans	life_stage	liq_Zoospore	liq_Developed	up_in_liq_Zoospore	5.408295748655875	16205.0	C16H26I3N7O5	[M + H]+							16205.0	native-full-e9838293-bagel	native	1.0								native	native	1.0	16205.0	C16H26I3N7O5	False	True	False	False	False
23355	494.7822	3.019205	2.630237127266703e-05	1.432473190732796e-05	0.8491832065559946	1.0	0.7	0.3	48.0	0.0026640026640026	0.0298002037132471	salamandrivorans	life_stage	liq_Zoospore	liq_Developed	up_in_liq_Zoospore	4.87930007557368																											True	False	False	False
14837	431.2509	1.675	2.792292667051538e-05	5.042537705794169e-05	-0.8386546846882437	1.0	1.0	0.0	2.0	0.0026640026640026	0.0298002037132471	salamandrivorans	life_stage	liq_Zoospore	liq_Developed	up_in_liq_Developed	5.999935321849485																											True	False	False	False
4622	422.2356	1.960508	7.634680235915984e-05	0.0001359719375945	-0.8275669222690898	1.0	1.0	0.0	2.0	0.0026640026640026	0.0298002037132471	salamandrivorans	life_stage	liq_Zoospore	liq_Developed	up_in_liq_Developed	2.6401914665415664																											True	False	False	False
6900	358.2716	2.82675	3.692486110806535e-05	6.570458489160734e-05	-0.8209340079974758	1.0	1.0	0.0	2.0	0.0026640026640026	0.0298002037132471	salamandrivorans	life_stage	liq_Zoospore	liq_Developed	up_in_liq_Developed	6.682272567110133																											True	False	False	False
30649	1538.8435	4.429633	1.1287697047778071e-05	6.126791231551514e-06	0.8196528003800608	1.0	1.0	0.0	48.0	0.0026640026640026	0.0298002037132471	salamandrivorans	life_stage	liq_Zoospore	liq_Developed	up_in_liq_Zoospore	3.847294738635461																											True	False	False	False
8419	519.256	2.118	7.625446555041288e-05	4.297710434740996e-05	0.818277074348646	1.0	0.7	0.3	48.0	0.0026640026640026	0.0298002037132471	salamandrivorans	life_stage	liq_Zoospore	liq_Developed	up_in_liq_Zoospore	6.623216828809458																											True	False	False	False
29937	416.3395	6.725156	1.565075992168819e-06	3.2024949890179374e-06	-0.806928220087614	0.6	1.0	-0.4	2.0	0.0026640026640026	0.0298002037132471	salamandrivorans	life_stage	liq_Zoospore	liq_Developed	up_in_liq_Developed	-3.145957689664192																											False	False	False	False
6174	1220.6211	2.603	0.0001024168883651	5.873791267538796e-05	0.7956522010268855	1.0	0.9	0.0999999999999999	48.0	0.0026640026640026	0.0298002037132471	salamandrivorans	life_stage	liq_Zoospore	liq_Developed	up_in_liq_Zoospore	6.793013398130709																											True	False	False	False
23737	886.4885	4.647554	1.0840695780486016e-05	6.008986716944969e-06	0.7898658519718494	1.0	0.8	0.1999999999999999	48.0	0.0026640026640026	0.0298002037132471	salamandrivorans	life_stage	liq_Zoospore	liq_Developed	up_in_liq_Zoospore	3.5560552789595987																											True	False	False	False
25222	731.3661	4.360074	1.205285202810909e-05	6.751711942634758e-06	0.7816977307006999	1.0	1.0	0.0	48.0	0.0026640026640026	0.0298002037132471	salamandrivorans	life_stage	liq_Zoospore	liq_Developed	up_in_liq_Zoospore	3.8383629990945054																											True	False	False	False
17521	647.6763	2.736619	1.925548241908093e-05	3.3526557423640385e-05	-0.780760668825533	0.6	1.0	-0.4	2.0	0.0026640026640026	0.0298002037132471	salamandrivorans	life_stage	liq_Zoospore	liq_Developed	up_in_liq_Developed	5.687820360831496																											True	True	True	False
22919	1019.6389	3.771915	3.117845277470272e-05	1.7901074707331227e-05	0.7797999155822972	1.0	0.8	0.1999999999999999	48.0	0.0026640026640026	0.0298002037132471	salamandrivorans	life_stage	liq_Zoospore	liq_Developed	up_in_liq_Zoospore	5.151607775190485																											True	False	False	False
6105	664.3432	2.4575	7.842027910150666e-05	0.0001347135457067	-0.7758621495967575	0.8	1.0	-0.1999999999999999	2.0	0.0026640026640026	0.0298002037132471	salamandrivorans	life_stage	liq_Zoospore	liq_Developed	up_in_liq_Developed	2.87347596013974																											True	True	True	False
3989	626.3171	1.332829	2.9087230756950807e-05	5.0084101553040815e-05	-0.7712952287824153	1.0	1.0	0.0	2.0	0.0026640026640026	0.0298002037132471	salamandrivorans	life_stage	liq_Zoospore	liq_Developed	up_in_liq_Developed	-3.622821405446375	3989.0	C32H43N5O8	[M + H]+	Leukotriene C4(2-)	CCCCCC=CCC=CC=CC=CC(C(CCCC(=O)O)O)SCC(C(=O)NCC(=O)O)NC(=O)CCC(C(=O)O)N	0.112	Amino acids and Peptides	Penicillins	Carboxylic acids and derivatives	1942.0	EB-MSV000090464-gnps_ms2	transferred	3.0	626.3172	1.35	626.3171	1.332829	-0.16	-0.017	1.0	ms2_winner	assigned	1.0	1942.0	C32H43N5O8	False	False	False	False	False
12301	230.1581	2.946	2.8573214341884088e-05	1.653204466436036e-05	0.7672644061306061	1.0	0.8	0.1999999999999999	48.0	0.0026640026640026	0.0298002037132471	salamandrivorans	life_stage	liq_Zoospore	liq_Developed	up_in_liq_Zoospore	4.915775565570103																											True	False	False	False
3904	543.2418	1.009043	0.0001473670778681	0.0002508557982675	-0.7649497339357354	1.0	1.0	0.0	2.0	0.0026640026640026	0.0298002037132471	salamandrivorans	life_stage	liq_Zoospore	liq_Developed	up_in_liq_Developed	8.361314776851225	3904.0	C21H38N2O14	[M + H]+	N,N'-bis[2-[(2S,3S,4S,5S,6R)-3,4,5-trihydroxy-6-(hydroxymethyl)oxan-2-yl]oxyethyl]pentanediamide	C(CC(=O)NCCOC1C(C(C(C(O1)CO)O)O)O)CC(=O)NCCOC2C(C(C(C(O2)CO)O)O)O	0.501	Amino acids and Peptides	Cyanogenic glycosides	Carboxylic acids and derivatives	1431.0	EB-MSV000090464-gnps_ms2	transferred	3.0	543.2415	1.0	543.2418	1.009043	0.552	0.009	0.9999	ms2_tie	assigned	1.0	1431.0	C21H38N2O14	False	True	False	False	False
11570	557.2949	1.549	4.715722698252891e-05	8.05248356147026e-05	-0.7641804183013536	1.0	1.0	0.0	2.0	0.0026640026640026	0.0298002037132471	salamandrivorans	life_stage	liq_Zoospore	liq_Developed	up_in_liq_Developed	0.0474039135849308																											False	False	False	False
6490	670.3024	1.66	9.21791418383656e-05	0.0001567410336064	-0.7618971584886304	1.0	1.0	0.0	2.0	0.0026640026640026	0.0298002037132471	salamandrivorans	life_stage	liq_Zoospore	liq_Developed	up_in_liq_Developed	1.973806309733876																											True	False	False	False
32765	826.4707	4.631404	5.341994393196816e-06	2.9298770482418544e-06	0.7480823884234448	1.0	0.9	0.0999999999999999	48.0	0.0026640026640026	0.0298002037132471	salamandrivorans	life_stage	liq_Zoospore	liq_Developed	up_in_liq_Zoospore	2.9277495961944653																											True	False	False	False
7523	636.3438	3.880533	6.997946418150788e-05	0.0001178360509991	-0.7466255902821749	0.6	1.0	-0.4	2.0	0.0026640026640026	0.0298002037132471	salamandrivorans	life_stage	liq_Zoospore	liq_Developed	up_in_liq_Developed	7.294292670880537	7523.0	C34H45N5O7	[M + H]+	2-({1-[2-({1-[2-amino-3-(4-hydroxyphenyl)propanoyl]pyrrolidin-2-yl}formamido)-3-methylpentanoyl]pyrrolidin-2-yl}formamido)-3-phenylpropanoic acid	CCC(C)C(C(=O)N1CCCC1C(=O)NC(CC2=CC=CC=C2)C(=O)O)NC(=O)C3CCCN3C(=O)C(CC4=CC=C(C=C4)O)N	0.943	Amino acids and Peptides	Tripeptides	Carboxylic acids and derivatives	8337.0	EB-MSV000090464-gnps_ms2	transferred	3.0	636.3384	3.9	636.3438	3.880533	8.486	-0.019	0.9977	ms2_tie	assigned	1.0	8337.0	C34H45N5O7	False	True	False	False	False
27737	833.9484	4.020923	1.5820697948803262e-05	9.241539326431036e-06	0.7374068709378835	1.0	1.0	0.0	48.0	0.0026640026640026	0.0298002037132471	salamandrivorans	life_stage	liq_Zoospore	liq_Developed	up_in_liq_Zoospore	4.222067130016347																											True	False	False	False
8476	261.1242	2.12969	1.7744737872028643e-05	2.988901111262456e-05	-0.7323078452604858	0.8	1.0	-0.1999999999999999	2.0	0.0026640026640026	0.0298002037132471	salamandrivorans	life_stage	liq_Zoospore	liq_Developed	up_in_liq_Developed	-4.425051286703077																											False	False	False	False
21201	171.2934	3.191499	2.271219386927193e-05	1.3438199439930729e-05	0.7309241369340396	1.0	0.9	0.0999999999999999	48.0	0.0026640026640026	0.0298002037132471	salamandrivorans	life_stage	liq_Zoospore	liq_Developed	up_in_liq_Zoospore	4.682664361276853																											True	False	False	False
32277	656.356	4.159	1.073311094529341e-05	6.311464471151691e-06	0.7118833917973035	1.0	0.9	0.0999999999999999	48.0	0.0026640026640026	0.0298002037132471	salamandrivorans	life_stage	liq_Zoospore	liq_Developed	up_in_liq_Zoospore	3.802595954908967																											True	False	False	False
4098	825.3782	1.252611	0.0002272681978699	0.0001399075500824	0.6974745661102593	1.0	1.0	0.0	48.0	0.0026640026640026	0.0298002037132471	salamandrivorans	life_stage	liq_Zoospore	liq_Developed	up_in_liq_Zoospore	8.061569639347681																											True	False	False	False
18298	997.4731	3.476517	2.9566966126539564e-05	1.80880591766453e-05	0.6902759347167013	1.0	0.9	0.0999999999999999	48.0	0.0026640026640026	0.0298002037132471	salamandrivorans	life_stage	liq_Zoospore	liq_Developed	up_in_liq_Zoospore	5.07337756163955																											True	False	False	False
17368	651.4449	3.898	3.462898276446956e-05	2.1366477219385887e-05	0.6809736289447602	1.0	1.0	0.0	48.0	0.0026640026640026	0.0298002037132471	salamandrivorans	life_stage	liq_Zoospore	liq_Developed	up_in_liq_Zoospore	5.37940698120615																											True	False	False	False
9324	563.2936	2.199	5.1326871521990415e-05	3.1863087808233025e-05	0.6773537964257578	1.0	0.7	0.3	48.0	0.0026640026640026	0.0298002037132471	salamandrivorans	life_stage	liq_Zoospore	liq_Developed	up_in_liq_Zoospore	0.0720842549544583	9324.0	C28H42N4O6S	[M + H]+	Phoenistatin	CCC1(C(=O)NC(C(=O)N2CCCC2C(=O)NC(C(=O)N1)CCCCCC(=O)C3CO3)CC4=CC=CC=C4)C	0.485	Amino acids and Peptides	Cyclic peptides	Carboxylic acids and derivatives	9324.0	native-full-e9838293-bagel	native	1.0								native	native	1.0	9324.0	C28H42N4O6S	False	False	False	False	False
7748	533.3018	3.407692	9.35155431445913e-05	5.8712464477738e-05	0.6659209260565615	1.0	1.0	0.0	48.0	0.0026640026640026	0.0298002037132471	salamandrivorans	life_stage	liq_Zoospore	liq_Developed	up_in_liq_Zoospore	6.781236901436511																											True	False	False	False
6339	999.3887	1.5315	0.0001005743492762	0.0001582928876795	-0.6511091757293057	1.0	1.0	0.0	2.0	0.0026640026640026	0.0298002037132471	salamandrivorans	life_stage	liq_Zoospore	liq_Developed	up_in_liq_Developed	7.787916769229721																											True	False	False	False
3789	995.4671	0.889	0.0001455589625714	9.358810554369303e-05	0.6338144703446081	1.0	1.0	0.0	48.0	0.0026640026640026	0.0298002037132471	salamandrivorans	life_stage	liq_Zoospore	liq_Developed	up_in_liq_Zoospore	7.343163603957702	3789.0	C49H66N6O16	[M + H]+	H-Leu-Phe-Gly-Tyr-Pro-Val-Tyr-Val-OH	CC(C)CC(C(=O)NC(CC1=CC=CC=C1)C(=O)NCC(=O)NC(CC2=CC=C(C=C2)O)C(=O)N3CCCC3C(=O)NC(C(C)C)C(=O)NC(CC4=CC=C(C=C4)O)C(=O)NC(C(C)C)C(=O)O)N	0.419	Amino acids and Peptides	Cyclic peptides	Carboxylic acids and derivatives	1133.0	EB-MSV000090464-gnps_ms2	transferred	1.0	995.4663	0.89	995.4671	0.889	0.804	-0.001	1.0	unique	assigned	1.0	1133.0	C49H66N6O16	False	True	False	False	False
4450	633.3494	3.003146	0.0001574776916888	0.0001029198994824	0.6106311309969289	1.0	1.0	0.0	48.0	0.0026640026640026	0.0298002037132471	salamandrivorans	life_stage	liq_Zoospore	liq_Developed	up_in_liq_Zoospore	7.7404037881991075	4450.0	C31H48N6O8	[M + H]+	Ac-Gln-Leu-Ala-Leu-Phe-OH	CC(C)CC(C(=O)NC(CC1=CC=CC=C1)C(=O)O)NC(=O)C(C)NC(=O)C(CC(C)C)NC(=O)C(CCC(=O)N)NC(=O)C	0.194	Amino acids and Peptides	Cyclic peptides	Carboxylic acids and derivatives	6755.0	EB-MSV000090464-gnps_ms2	transferred	1.0	633.3531	3.01	633.3494	3.003146	-5.842	-0.007	0.9999	unique	assigned	1.0	6755.0	C31H48N6O8	False	True	False	False	False
21192	412.2202	1.563	1.459134646691409e-05	2.235829700850119e-05	-0.595135018277794	0.8	1.0	-0.1999999999999999	2.0	0.0026640026640026	0.0298002037132471	salamandrivorans	life_stage	liq_Zoospore	liq_Developed	up_in_liq_Developed	0.2170307592004638	21192.0	C20H34N4O5	[M + H]+	Pro-Val-Val-Pro	CC(C)C(C(=O)NC(C(C)C)C(=O)N1CCCC1C(=O)O)NC(=O)C2CCCN2	0.876	Amino acids and Peptides	Tripeptides	Carboxylic acids and derivatives	21192.0	native-full-e9838293-bagel	native	1.0								native	native	1.0	21192.0	C20H34N4O5	False	False	True	False	False
20462	445.2806	3.635848	2.2106551479873413e-05	1.4556512800794664e-05	0.5825492916280736	1.0	0.8	0.1999999999999999	48.0	0.0026640026640026	0.0298002037132471	salamandrivorans	life_stage	liq_Zoospore	liq_Developed	up_in_liq_Zoospore	4.950083419724184																											True	False	False	False
14002	554.3928	3.504798	3.5915255952713686e-05	2.4439339631591383e-05	0.5439471227794641	1.0	1.0	0.0	48.0	0.0026640026640026	0.0298002037132471	salamandrivorans	life_stage	liq_Zoospore	liq_Developed	up_in_liq_Zoospore	5.682523861872039																											True	False	False	False
5138	684.3713	1.706	0.0001297991939912	8.903769766670809e-05	0.5406585767856955	1.0	1.0	0.0	48.0	0.0026640026640026	0.0298002037132471	salamandrivorans	life_stage	liq_Zoospore	liq_Developed	up_in_liq_Zoospore	7.478136047305239																											True	False	False	False
10780	902.4598	2.61817	7.39930320262562e-05	5.087751376234229e-05	0.5349278316739443	1.0	1.0	0.0	48.0	0.0026640026640026	0.0298002037132471	salamandrivorans	life_stage	liq_Zoospore	liq_Developed	up_in_liq_Zoospore	6.598785190791455																											True	False	False	False
32210	798.4373	4.293019	1.0954276194616262e-05	7.39814570751972e-06	0.5296004073076971	1.0	1.0	0.0	48.0	0.0026640026640026	0.0298002037132471	salamandrivorans	life_stage	liq_Zoospore	liq_Developed	up_in_liq_Zoospore	3.880366689663111																											True	False	False	False
10397	302.2091	0.911676	5.684350127176704e-05	8.093590677644108e-05	-0.5051460150589828	1.0	1.0	0.0	2.0	0.0026640026640026	0.0298002037132471	salamandrivorans	life_stage	liq_Zoospore	liq_Developed	up_in_liq_Developed	6.917234159871388																											True	False	False	False
12506	279.1386	1.485036	2.587425832661696e-05	3.6033186087490034e-05	-0.4682640479511927	1.0	1.0	0.0	2.0	0.0026640026640026	0.0298002037132471	salamandrivorans	life_stage	liq_Zoospore	liq_Developed	up_in_liq_Developed	-1.8829948963683725	12506.0	C11H22N2O4S	[M + H]+	Pantetheine	CC(C)(CO)C(C(=O)NCCC(=O)NCCS)O	0.994	Fatty acids	N-acyl amines	Carboxylic acids and derivatives	12506.0	native-full-e9838293-bagel	native	1.0								native	native	1.0	12506.0	C11H22N2O4S	False	False	False	False	False
15761	995.4178	1.691	3.913040900050101e-05	5.4164659155541325e-05	-0.4628056782087971	1.0	1.0	0.0	2.0	0.0026640026640026	0.0298002037132471	salamandrivorans	life_stage	liq_Zoospore	liq_Developed	up_in_liq_Developed	0.8625247700907703																											False	False	False	False
6156	884.3993	1.88	0.0001585341029904	0.0001162192402008	0.4459005951056154	1.0	1.0	0.0	48.0	0.0026640026640026	0.0298002037132471	salamandrivorans	life_stage	liq_Zoospore	liq_Developed	up_in_liq_Zoospore	1.5502131831606198	6156.0	C48H58ClN5O9	[M + H]+	H-Ala-Ala-Asp-Thr-Thr-Thr-Pro-Thr-Thr-al	CC(C(C=O)NC(=O)C(C(C)O)NC(=O)C1CCCN1C(=O)C(C(C)O)NC(=O)C(C(C)O)NC(=O)C(C(C)O)NC(=O)C(CC(=O)O)NC(=O)C(C)NC(=O)C(C)N)O	0.656	Amino acids and Peptides	Linear peptides	Carboxylic acids and derivatives	6156.0	native-full-e9838293-bagel	native	1.0								native	native	1.0	6156.0	C48H58ClN5O9	False	True	False	False	False
20210	1286.6937	4.383408	1.8006441786963193e-05	1.3185312701705672e-05	0.4321378177247347	1.0	1.0	0.0	48.0	0.0026640026640026	0.0298002037132471	salamandrivorans	life_stage	liq_Zoospore	liq_Developed	up_in_liq_Zoospore	4.637041801543789																											True	False	False	False
196	756.3937	2.786	0.0037060983385456	0.0049268128872036	-0.4106937610193656	1.0	1.0	0.0	2.0	0.0026640026640026	0.0298002037132471	salamandrivorans	life_stage	liq_Zoospore	liq_Developed	up_in_liq_Developed	2.8383369247484818	196.0	C37H53N7O10	[M + H]+	H-Pro-Pro-Gly-Pro-Pro-Gly-Pro-Pro-Gly-al	C1CC(NC1)C(=O)N2CCCC2C(=O)NCC(=O)N3CCCC3C(=O)N4CCCC4C(=O)NCC(=O)N5CCCC5C(=O)N6CCCC6C(=O)NCC=O	0.168	Amino acids and Peptides	Cyclic peptides	Carboxylic acids and derivatives	6334.0	EB-MSV000090464-gnps_ms2	transferred	1.0	756.3938	2.79	756.3937	2.786	-0.132	-0.004	0.9181	unique	assigned	1.0	6334.0	C37H53N7O10	False	True	False	False	False
9369	391.5255	3.2765	7.906249129416992e-05	6.222699377185593e-05	0.3424206823776275	1.0	0.9	0.0999999999999999	48.0	0.0026640026640026	0.0298002037132471	salamandrivorans	life_stage	liq_Zoospore	liq_Developed	up_in_liq_Zoospore	6.842751217644594																											True	False	False	False
12035	570.2496	0.7705	6.178563516668762e-05	7.437423108938218e-05	-0.2651046437020478	1.0	1.0	0.0	2.0	0.0026640026640026	0.0298002037132471	salamandrivorans	life_stage	liq_Zoospore	liq_Developed	up_in_liq_Developed	6.876276532257729																											True	False	False	False
8019	715.847	3.539	8.478164173795973e-05	0.0	7.106644688265477	1.0	0.2	0.8	46.0	0.0029970029970029	0.0332711020757668	salamandrivorans	life_stage	liq_Zoospore	liq_Developed	up_in_liq_Zoospore	0.0																											False	False	False	False
10976	1113.6047	3.533	5.15071275683095e-05	0.0	6.394411547171134	1.0	0.2	0.8	46.0	0.0029970029970029	0.0332711020757668	salamandrivorans	life_stage	liq_Zoospore	liq_Developed	up_in_liq_Zoospore	0.0																											False	False	False	False
9147	297.1604	2.043	4.719592193194698e-05	0.0	6.269867419948668	1.0	0.2	0.8	46.0	0.0029970029970029	0.0332711020757668	salamandrivorans	life_stage	liq_Zoospore	liq_Developed	up_in_liq_Zoospore	0.0																											False	False	False	False
22845	994.483	3.732429	2.694177750845456e-05	0.0	5.4750376520927	1.0	0.2	0.8	46.0	0.0029970029970029	0.0332711020757668	salamandrivorans	life_stage	liq_Zoospore	liq_Developed	up_in_liq_Zoospore	0.0																											False	False	False	False
19818	541.3432	1.895	2.106143721751837e-05	0.0	5.1288242405785365	1.0	0.2	0.8	46.0	0.0029970029970029	0.0332711020757668	salamandrivorans	life_stage	liq_Zoospore	liq_Developed	up_in_liq_Zoospore	0.0																											False	False	False	False
27095	677.8828	3.769585	2.020440319499005e-05	0.0	5.070638057817835	1.0	0.2	0.8	46.0	0.0029970029970029	0.0332711020757668	salamandrivorans	life_stage	liq_Zoospore	liq_Developed	up_in_liq_Zoospore	0.0																											False	False	False	False
17814	499.2937	3.474333	1.7406677938555726e-05	0.0	4.862492771090016	1.0	0.2	0.8	46.0	0.0029970029970029	0.0332711020757668	salamandrivorans	life_stage	liq_Zoospore	liq_Developed	up_in_liq_Zoospore	0.0																											False	False	False	False
20255	249.0771	3.834	1.3871000163885198e-05	0.0	4.547509689938351	1.0	0.2	0.8	46.0	0.0029970029970029	0.0332711020757668	salamandrivorans	life_stage	liq_Zoospore	liq_Developed	up_in_liq_Zoospore	0.0																											False	False	False	False
37456	674.3619	3.991	9.90316338364112e-06	0.0	4.085908095890069	1.0	0.2	0.8	46.0	0.0029970029970029	0.0332711020757668	salamandrivorans	life_stage	liq_Zoospore	liq_Developed	up_in_liq_Zoospore	0.0																											False	False	False	False
36167	1094.6073	4.405194	9.301240801856588e-06	0.0	4.000929249002299	1.0	0.2	0.8	46.0	0.0029970029970029	0.0332711020757668	salamandrivorans	life_stage	liq_Zoospore	liq_Developed	up_in_liq_Zoospore	0.0																											False	False	False	False
29352	1575.8088	4.165261	8.568637832041095e-06	0.0	3.890255712916628	1.0	0.2	0.8	46.0	0.0029970029970029	0.0332711020757668	salamandrivorans	life_stage	liq_Zoospore	liq_Developed	up_in_liq_Zoospore	0.0																											False	False	False	False
35426	1418.2555	4.498606	6.744083766042866e-06	0.0	3.570897395506482	1.0	0.2	0.8	46.0	0.0029970029970029	0.0332711020757668	salamandrivorans	life_stage	liq_Zoospore	liq_Developed	up_in_liq_Zoospore	0.0																											False	False	False	False
36137	652.4002	10.667318	3.612268941236047e-06	0.0	2.771772915429398	1.0	0.2	0.8	46.0	0.0029970029970029	0.0332711020757668	salamandrivorans	life_stage	liq_Zoospore	liq_Developed	up_in_liq_Zoospore	0.0																											False	False	False	False
1782	505.2647	2.0565	0.0	0.0002041859242047	-8.368569805967013	0.0	0.9	-0.9	2.5	0.0033300033300033	0.0353202971587372	salamandrivorans	life_stage	liq_Zoospore	liq_Developed	up_in_liq_Developed	-1.2195598807456882	1782.0	C25H36N4O7	[M + H]+	Mr 387A	CC(C)C(C(=O)N1CCCC1C(=O)N2CC(CC2C(=O)O)O)NC(=O)C(C(CC3=CC=CC=C3)N)O	0.641	Amino acids and Peptides	Tripeptides	Carboxylic acids and derivatives	4166.0	EB-MSV000090464-gnps_ms2	transferred	4.0	505.2656	2.05	505.2647	2.0565	-1.781	0.007	1.0	unique	assigned	1.0	4166.0	C25H36N4O7	False	False	True	False	False
4702	658.3754	1.833	0.0	0.0001616630769279	-8.032824287103745	0.0	0.9	-0.9	2.5	0.0033300033300033	0.0353202971587372	salamandrivorans	life_stage	liq_Zoospore	liq_Developed	up_in_liq_Developed	7.013944790010253																											True	True	True	False
5133	549.799	1.644	0.0	0.0001363322525802	-7.787984156660069	0.0	0.9	-0.9	2.5	0.0033300033300033	0.0353202971587372	salamandrivorans	life_stage	liq_Zoospore	liq_Developed	up_in_liq_Developed	6.409447847433742																											True	True	True	False
3809	717.348	1.72725	0.0	0.0001162521128258	-7.559241265531947	0.0	0.9	-0.9	2.5	0.0033300033300033	0.0353202971587372	salamandrivorans	life_stage	liq_Zoospore	liq_Developed	up_in_liq_Developed	6.185744159378986																											True	True	True	False
5772	684.3897	0.6665	0.0	0.0001090751230826	-7.467809649487754	0.0	0.9	-0.9	2.5	0.0033300033300033	0.0353202971587372	salamandrivorans	life_stage	liq_Zoospore	liq_Developed	up_in_liq_Developed	6.797472141666055	5772.0	C36H53N5O8	[M + H]+	(2R)-N-[(2R)-1-(2-acetyl-2,7-diazaspiro[3.5]nonan-7-yl)-3-amino-1-oxopropan-2-yl]-2-[[(2R)-2-[[(2R)-2-amino-3-phenylpropanoyl]amino]-3-phenylpropanoyl]amino]-4-methylpentanamide	CC(C)CC(C(=O)NC(CN)C(=O)N1CCC2(CC1)CN(C2)C(=O)C)NC(=O)C(CC3=CC=CC=C3)NC(=O)C(CC4=CC=CC=C4)N	0.124	Amino acids and Peptides	Cyclic peptides	Carboxylic acids and derivatives	709.0	EB-MSV000090464-gnps_ms2	transferred	2.0	684.3926	0.73	684.3897	0.6665	-4.237	-0.064	0.9998	unique	assigned	1.0	709.0	C36H53N5O8	False	True	True	True	False
10163	713.3889	2.13742	0.0	0.0001001222713151	-7.344979024978785	0.0	0.9	-0.9	2.5	0.0033300033300033	0.0353202971587372	salamandrivorans	life_stage	liq_Zoospore	liq_Developed	up_in_liq_Developed	6.994762781919246																											True	True	True	False
10436	773.3828	2.714681	0.0	9.857241331282258e-05	-7.322611471068212	0.0	0.9	-0.9	2.5	0.0033300033300033	0.0353202971587372	salamandrivorans	life_stage	liq_Zoospore	liq_Developed	up_in_liq_Developed	6.942006091965006																											True	True	True	False
3993	795.3983	1.380094	0.0	9.41480075722192e-05	-7.256781563629129	0.0	0.9	-0.9	2.5	0.0033300033300033	0.0353202971587372	salamandrivorans	life_stage	liq_Zoospore	liq_Developed	up_in_liq_Developed	6.222647884312638	3993.0	C35H54N8O13	[M + H]+		CCCC=CC=CC(=O)NC(CC1=CC(=CC(=C1)F)F)C(=O)NC2C(OC(=O)C3CC(CN3C(=O)C(NC(=O)C4C=CCCN4C(=O)C5CCCN5C2=O)C)C)C	0.179	Amino acids and Peptides	Cyclic peptides	Carboxylic acids and derivatives	1997.0	EB-MSV000090464-gnps_ms2	transferred	1.0	795.3986	1.37	795.3983	1.380094	-0.377	0.01	1.0	unique	assigned	1.0	1997.0	C35H54N8O13	False	True	True	True	False
7285	780.8962	2.292782	0.0	9.346183884921682e-05	-7.246297677234607	0.0	0.9	-0.9	2.5	0.0033300033300033	0.0353202971587372	salamandrivorans	life_stage	liq_Zoospore	liq_Developed	up_in_liq_Developed	6.460390572506596																											True	True	True	False
4686	666.982	2.199	0.0	9.308994667812308e-05	-7.240583586475519	0.0	0.9	-0.9	2.5	0.0033300033300033	0.0353202971587372	salamandrivorans	life_stage	liq_Zoospore	liq_Developed	up_in_liq_Developed	6.021850222459522																											True	True	True	False
8387	916.9267	2.373	0.0	9.037691357866347e-05	-7.198198853618259	0.0	0.9	-0.9	2.5	0.0033300033300033	0.0353202971587372	salamandrivorans	life_stage	liq_Zoospore	liq_Developed	up_in_liq_Developed	6.622549628380161																											True	True	True	False
7568	763.3497	2.024	0.0	8.355369254805107e-05	-7.085750206762791	0.0	0.9	-0.9	2.5	0.0033300033300033	0.0353202971587372	salamandrivorans	life_stage	liq_Zoospore	liq_Developed	up_in_liq_Developed	6.3798103600425256	7568.0	C45H50N2O9	[M + H]+	H-DL-Ala-DL-Ala-DL-Phe-DL-Phe-DL-Ala-DL-Ala-DL-Lys-OH	CC(C(=O)NC(C)C(=O)NC(CC1=CC=CC=C1)C(=O)NC(CC2=CC=CC=C2)C(=O)NC(C)C(=O)NC(C)C(=O)NC(CCCCN)C(=O)O)N	0.149	Amino acids and Peptides	Tripeptides	Carboxylic acids and derivatives	7568.0	native-full-e9838293-bagel	native	1.0								native	native	1.0	7568.0	C45H50N2O9	False	True	True	True	False
6954	660.2953	1.498899	0.0	8.343920309928638e-05	-7.083786571070106	0.0	0.9	-0.9	2.5	0.0033300033300033	0.0353202971587372	salamandrivorans	life_stage	liq_Zoospore	liq_Developed	up_in_liq_Developed	5.445969343101965																											True	True	True	False
7045	709.8395	2.167	0.0	8.290497322051597e-05	-7.074588368937732	0.0	0.9	-0.9	2.5	0.0033300033300033	0.0353202971587372	salamandrivorans	life_stage	liq_Zoospore	liq_Developed	up_in_liq_Developed	0.7059101934054252																											False	True	False	False
12303	466.2268	0.647	0.0	8.166882273397255e-05	-7.053077148012478	0.0	0.9	-0.9	2.5	0.0033300033300033	0.0353202971587372	salamandrivorans	life_stage	liq_Zoospore	liq_Developed	up_in_liq_Developed	6.280205840529013																											True	True	True	False
8309	536.798	3.015245	0.0	7.64944517890217e-05	-6.959381517852858	0.0	0.9	-0.9	2.5	0.0033300033300033	0.0353202971587372	salamandrivorans	life_stage	liq_Zoospore	liq_Developed	up_in_liq_Developed	6.433550717529511																											True	True	True	False
12966	971.5101	0.602	0.0	7.391922858427004e-05	-6.910379927924535	0.0	0.9	-0.9	2.5	0.0033300033300033	0.0353202971587372	salamandrivorans	life_stage	liq_Zoospore	liq_Developed	up_in_liq_Developed	6.693299339853184																											True	True	True	False
9059	654.3307	3.693687	0.0	7.136618691818824e-05	-6.860099905186098	0.0	0.9	-0.9	2.5	0.0033300033300033	0.0353202971587372	salamandrivorans	life_stage	liq_Zoospore	liq_Developed	up_in_liq_Developed	6.168727419151918	9059.0	C37H43N5O6	[M + H]+	H-Phe-Asn-Arg-Pro-Val-OH	CC(C)C(C(=O)O)NC(=O)C1CCCN1C(=O)C(CCCN=C(N)N)NC(=O)C(CC(=O)N)NC(=O)C(CC2=CC=CC=C2)N	0.338	Amino acids and Peptides	Tripeptides	Carboxylic acids and derivatives	9059.0	native-full-e9838293-bagel	native	1.0								native	native	1.0	9059.0	C37H43N5O6	False	True	True	True	False
7661	722.3748	0.623	0.0	7.083247176610465e-05	-6.84936367204129	0.0	0.9	-0.9	2.5	0.0033300033300033	0.0353202971587372	salamandrivorans	life_stage	liq_Zoospore	liq_Developed	up_in_liq_Developed	6.261037542485781																											True	True	True	False
8994	684.3979	0.730138	0.0	6.77008467663076e-05	-6.784705290688862	0.0	0.9	-0.9	2.5	0.0033300033300033	0.0353202971587372	salamandrivorans	life_stage	liq_Zoospore	liq_Developed	up_in_liq_Developed	6.048538443789649																											True	True	True	False
10987	719.3563	2.602	0.0	6.769360029125571e-05	-6.784552261838991	0.0	0.9	-0.9	2.5	0.0033300033300033	0.0353202971587372	salamandrivorans	life_stage	liq_Zoospore	liq_Developed	up_in_liq_Developed	6.289005128054196																											True	True	True	False
9425	717.3405	2.0195	0.0	6.361502905824113e-05	-6.695739225654501	0.0	0.9	-0.9	2.5	0.0033300033300033	0.0353202971587372	salamandrivorans	life_stage	liq_Zoospore	liq_Developed	up_in_liq_Developed	-0.040491251861282																											False	True	False	False
13927	837.4971	2.633319	0.0	6.306733230019697e-05	-6.683385350134354	0.0	0.9	-0.9	2.5	0.0033300033300033	0.0353202971587372	salamandrivorans	life_stage	liq_Zoospore	liq_Developed	up_in_liq_Developed	5.941617448832146																											True	True	True	False
6393	921.4475	1.481333	0.0	6.251140425526422e-05	-6.670736681125428	0.0	0.9	-0.9	2.5	0.0033300033300033	0.0353202971587372	salamandrivorans	life_stage	liq_Zoospore	liq_Developed	up_in_liq_Developed	5.007014980813919																											True	True	True	False
9522	800.3873	1.946	0.0	6.20692467704866e-05	-6.6605967794343925	0.0	0.9	-0.9	2.5	0.0033300033300033	0.0353202971587372	salamandrivorans	life_stage	liq_Zoospore	liq_Developed	up_in_liq_Developed	-0.543212095481124																											False	True	False	False
13855	859.902	2.097694	0.0	5.7942249372135065e-05	-6.562349195939215	0.0	0.9	-0.9	2.5	0.0033300033300033	0.0353202971587372	salamandrivorans	life_stage	liq_Zoospore	liq_Developed	up_in_liq_Developed	6.174472448779965																											True	True	True	False
15999	781.363	2.151336	0.0	5.568458231182528e-05	-6.50563022834426	0.0	0.9	-0.9	2.5	0.0033300033300033	0.0353202971587372	salamandrivorans	life_stage	liq_Zoospore	liq_Developed	up_in_liq_Developed	6.028529597492239																											True	True	True	False
11553	872.3768	2.919375	0.0	4.868597812504233e-05	-6.314139217823155	0.0	0.9	-0.9	2.5	0.0033300033300033	0.0353202971587372	salamandrivorans	life_stage	liq_Zoospore	liq_Developed	up_in_liq_Developed	5.666547933541523																											True	True	True	False
13064	1025.5634	0.607	0.0	4.7800239784170665e-05	-6.287986680541198	0.0	0.9	-0.9	2.5	0.0033300033300033	0.0353202971587372	salamandrivorans	life_stage	liq_Zoospore	liq_Developed	up_in_liq_Developed	5.912922116676229																											True	True	True	False
8826	878.8778	1.457957	0.0	4.7186849229637e-05	-6.269593651756135	0.0	0.9	-0.9	2.5	0.0033300033300033	0.0353202971587372	salamandrivorans	life_stage	liq_Zoospore	liq_Developed	up_in_liq_Developed	5.727430657198935																											True	True	True	False
13255	700.3886	0.572	0.0	4.57618682875186e-05	-6.22593694112817	0.0	0.9	-0.9	2.5	0.0033300033300033	0.0353202971587372	salamandrivorans	life_stage	liq_Zoospore	liq_Developed	up_in_liq_Developed	5.557798543152772																											True	True	True	False
13954	695.336	2.156963	0.0	4.509732550995824e-05	-6.205116859786429	0.0	0.9	-0.9	2.5	0.0033300033300033	0.0353202971587372	salamandrivorans	life_stage	liq_Zoospore	liq_Developed	up_in_liq_Developed	-0.6827848126534093																											False	True	False	False
15403	831.439	3.243	0.0	4.500690344539624e-05	-6.202260576726895	0.0	0.9	-0.9	2.5	0.0033300033300033	0.0353202971587372	salamandrivorans	life_stage	liq_Zoospore	liq_Developed	up_in_liq_Developed	5.975094229836877																											True	True	True	False
12250	936.4622	1.5299	0.0	4.4633020349244063e-05	-6.190389827217954	0.0	0.9	-0.9	2.5	0.0033300033300033	0.0353202971587372	salamandrivorans	life_stage	liq_Zoospore	liq_Developed	up_in_liq_Developed	5.270290398100696																											True	True	True	False
22849	470.7084	3.243	0.0	4.2124689774139735e-05	-6.10812030251694	0.0	0.9	-0.9	2.5	0.0033300033300033	0.0353202971587372	salamandrivorans	life_stage	liq_Zoospore	liq_Developed	up_in_liq_Developed	5.948533147977729																											True	True	True	False
3617	278.1659	4.656834	0.0	4.1664950106543977e-05	-6.092519249603913	0.0	0.9	-0.9	2.5	0.0033300033300033	0.0353202971587372	salamandrivorans	life_stage	liq_Zoospore	liq_Developed	up_in_liq_Developed	-4.109550221382385	3617.0	C20H23N	[M + H]+	dimethyl(3-{tricyclo[9.4.0.0³,⁸]pentadeca-1(15),3,5,7,11,13-hexaen-2-ylidene}propyl)amine	CN(C)CCC=C1C2=CC=CC=C2CCC3=CC=CC=C31	0.952	Alkaloids	Polyamines	Dibenzocycloheptenes	3617.0	native-full-e9838293-bagel	native	1.0								native	native	1.0	3617.0	C20H23N	False	False	False	False	True
13572	768.3695	2.152056	0.0	4.07059917545854e-05	-6.059424143779085	0.0	0.9	-0.9	2.5	0.0033300033300033	0.0353202971587372	salamandrivorans	life_stage	liq_Zoospore	liq_Developed	up_in_liq_Developed	5.450143104541838																											True	True	True	False
16460	519.7554	1.52145	0.0	3.950865715375986e-05	-6.017007223410956	0.0	0.9	-0.9	2.5	0.0033300033300033	0.0353202971587372	salamandrivorans	life_stage	liq_Zoospore	liq_Developed	up_in_liq_Developed	5.758853010194899																											True	True	True	False
15906	448.2003	1.689735	0.0	3.851972731993495e-05	-5.981007737410233	0.0	0.9	-0.9	2.5	0.0033300033300033	0.0353202971587372	salamandrivorans	life_stage	liq_Zoospore	liq_Developed	up_in_liq_Developed	5.459416263682567	15906.0	C19H31N5O5	[M + K]+	Cyclo(valyl-prolyl-glycyl-valyl-prolyl)	CC(C)C(C(=O)NCC(=O)NC(C(C)C)C(=O)N1CC=CC1C=O)NC(=O)CN	0.222	Amino acids and Peptides	Tripeptides	Carboxylic acids and derivatives	15906.0	native-full-e9838293-bagel	native	1.0								native	native	1.0	15906.0	C19H31N5O5	False	True	True	True	False
7462	663.8233	2.626	0.0	3.697312753623357e-05	-5.922842456524097	0.0	0.9	-0.9	2.5	0.0033300033300033	0.0353202971587372	salamandrivorans	life_stage	liq_Zoospore	liq_Developed	up_in_liq_Developed	5.487780025506841																											True	True	True	False
17437	573.2911	0.813591	0.0	3.650489796877655e-05	-5.904760406892491	0.0	0.9	-0.9	2.5	0.0033300033300033	0.0353202971587372	salamandrivorans	life_stage	liq_Zoospore	liq_Developed	up_in_liq_Developed	4.892148265291128																											True	False	False	False
23280	695.8681	2.522	0.0	3.4190394418861994e-05	-5.811890619924932	0.0	0.9	-0.9	2.5	0.0033300033300033	0.0353202971587372	salamandrivorans	life_stage	liq_Zoospore	liq_Developed	up_in_liq_Developed	-2.593130314239714																											False	True	False	False
17960	586.3136	2.966667	0.0	3.3848798971625546e-05	-5.797663348803376	0.0	0.9	-0.9	2.5	0.0033300033300033	0.0353202971587372	salamandrivorans	life_stage	liq_Zoospore	liq_Developed	up_in_liq_Developed	5.088760665503917																											True	True	True	False
15126	389.181	1.855204	0.0	3.356073217564058e-05	-5.785555498240928	0.0	0.9	-0.9	2.5	0.0033300033300033	0.0353202971587372	salamandrivorans	life_stage	liq_Zoospore	liq_Developed	up_in_liq_Developed	5.010525597870824																											True	True	True	False
18626	437.2633	3.26	0.0	3.235667738646207e-05	-5.733817713744987	0.0	0.9	-0.9	2.5	0.0033300033300033	0.0353202971587372	salamandrivorans	life_stage	liq_Zoospore	liq_Developed	up_in_liq_Developed	5.417829032664611																											True	True	True	False
17546	493.7818	3.132	0.0	2.980393723394177e-05	-5.617577276593999	0.0	0.9	-0.9	2.5	0.0033300033300033	0.0353202971587372	salamandrivorans	life_stage	liq_Zoospore	liq_Developed	up_in_liq_Developed	4.18960959072457																											True	True	True	False
21705	1126.6104	3.798168	0.0	2.921837337627814e-05	-5.589538979475619	0.0	0.9	-0.9	2.5	0.0033300033300033	0.0353202971587372	salamandrivorans	life_stage	liq_Zoospore	liq_Developed	up_in_liq_Developed	3.76582983648298																											True	True	True	False
16156	501.1856	1.612	0.0	2.8361155097875903e-05	-5.547484696105954	0.0	0.9	-0.9	2.5	0.0033300033300033	0.0353202971587372	salamandrivorans	life_stage	liq_Zoospore	liq_Developed	up_in_liq_Developed	4.941793854198885																											True	True	True	False
19393	327.6955	2.573	0.0	2.631404481420532e-05	-5.4417992029471565	0.0	0.9	-0.9	2.5	0.0033300033300033	0.0353202971587372	salamandrivorans	life_stage	liq_Zoospore	liq_Developed	up_in_liq_Developed	4.601139504741496																											True	True	True	False
19542	812.476	3.637372	0.0	2.5961430727896005e-05	-5.422786815410316	0.0	0.9	-0.9	2.5	0.0033300033300033	0.0353202971587372	salamandrivorans	life_stage	liq_Zoospore	liq_Developed	up_in_liq_Developed	4.917429768328564																											True	True	True	False
20939	1139.5883	3.781229	0.0	2.439821948305655e-05	-5.335346011150222	0.0	0.9	-0.9	2.5	0.0033300033300033	0.0353202971587372	salamandrivorans	life_stage	liq_Zoospore	liq_Developed	up_in_liq_Developed	4.755368413626799																											True	True	True	False
19779	1254.6405	3.526	0.0	2.427572281163791e-05	-5.328264698113396	0.0	0.9	-0.9	2.5	0.0033300033300033	0.0353202971587372	salamandrivorans	life_stage	liq_Zoospore	liq_Developed	up_in_liq_Developed	5.013989100083181																											True	True	True	False
21932	1228.5492	1.272231	0.0	2.307602528255844e-05	-5.257010873762508	0.0	0.9	-0.9	2.5	0.0033300033300033	0.0353202971587372	salamandrivorans	life_stage	liq_Zoospore	liq_Developed	up_in_liq_Developed	4.9568692977630215																											True	True	True	False
24297	497.2393	1.304712	0.0	2.3060106873236738e-05	-5.256041366852888	0.0	0.9	-0.9	2.5	0.0033300033300033	0.0353202971587372	salamandrivorans	life_stage	liq_Zoospore	liq_Developed	up_in_liq_Developed	4.692020507607769																											True	True	True	False
17016	485.7578	1.469	0.0	2.3028097431946368e-05	-5.2540898650121175	0.0	0.9	-0.9	2.5	0.0033300033300033	0.0353202971587372	salamandrivorans	life_stage	liq_Zoospore	liq_Developed	up_in_liq_Developed	5.091720790402695	17016.0	C21H35N5O8	[M + H]+	H-Ala-Pro-Glu-Ala-Val-OH	CC(C)C(C(=O)O)NC(=O)C(C)NC(=O)C(CCC(=O)O)NC(=O)C1CCCN1C(=O)C(C)N	0.922	Amino acids and Peptides	Tripeptides	Carboxylic acids and derivatives	17016.0	native-full-e9838293-bagel	native	1.0								native	native	1.0	17016.0	C21H35N5O8	False	True	True	True	False
21598	1359.1949	3.869393	0.0	2.2770363694581145e-05	-5.238279809909481	0.0	0.9	-0.9	2.5	0.0033300033300033	0.0353202971587372	salamandrivorans	life_stage	liq_Zoospore	liq_Developed	up_in_liq_Developed	4.729775311144818																											True	True	True	False
22645	1279.5974	3.462429	0.0	2.2575018828242666e-05	-5.226180354738191	0.0	0.9	-0.9	2.5	0.0033300033300033	0.0353202971587372	salamandrivorans	life_stage	liq_Zoospore	liq_Developed	up_in_liq_Developed	4.734962455156498																											True	True	True	False
20136	209.6144	0.652	0.0	2.2275154368041725e-05	-5.207407350172341	0.0	0.9	-0.9	2.5	0.0033300033300033	0.0353202971587372	salamandrivorans	life_stage	liq_Zoospore	liq_Developed	up_in_liq_Developed	-0.0055107268045896																											False	True	False	False
23428	969.5353	4.0905	0.0	2.0116137789925783e-05	-5.064510016485875	0.0	0.9	-0.9	2.5	0.0033300033300033	0.0353202971587372	salamandrivorans	life_stage	liq_Zoospore	liq_Developed	up_in_liq_Developed	4.347372924676399																											True	True	True	False
25784	757.4603	3.638933	0.0	1.7892452506462128e-05	-4.900855973032369	0.0	0.9	-0.9	2.5	0.0033300033300033	0.0353202971587372	salamandrivorans	life_stage	liq_Zoospore	liq_Developed	up_in_liq_Developed	4.540217451790854	25784.0	C37H64N4O12	[M + H]+	brintonamide a	CCC(C)C(C(=O)N1CCCC1C(=O)NCC(=O)N(C)C(CC(C)C)C(=O)NC(C)C(=O)N(C)C(CC2=CC=CC=C2)C(=O)N3CCCC3C(=O)OC)O	0.295	Amino acids and Peptides	Cyclic peptides	Carboxylic acids and derivatives	25784.0	native-full-e9838293-bagel	native	1.0								native	native	1.0	25784.0	C37H64N4O12	False	True	True	True	False
24660	745.4256	3.674642	0.0	1.7551589387459568e-05	-4.874044048255966	0.0	0.9	-0.9	2.5	0.0033300033300033	0.0353202971587372	salamandrivorans	life_stage	liq_Zoospore	liq_Developed	up_in_liq_Developed	4.206585111311739																											True	True	True	False
20253	1096.6466	4.2185	0.0	1.7258743485954473e-05	-4.850604338652569	0.0	0.9	-0.9	2.5	0.0033300033300033	0.0353202971587372	salamandrivorans	life_stage	liq_Zoospore	liq_Developed	up_in_liq_Developed	4.28564806705935																											True	True	True	False
26278	612.8105	3.575	0.0	1.7155724203253587e-05	-4.842267168450821	0.0	0.9	-0.9	2.5	0.0033300033300033	0.0353202971587372	salamandrivorans	life_stage	liq_Zoospore	liq_Developed	up_in_liq_Developed	4.622851215648957																											True	True	True	False
23880	400.209	0.879	0.0	1.7146960160247874e-05	-4.841555681065316	0.0	0.9	-0.9	2.5	0.0033300033300033	0.0353202971587372	salamandrivorans	life_stage	liq_Zoospore	liq_Developed	up_in_liq_Developed	4.101927588596915																											True	False	False	False
26805	792.439	4.157	0.0	1.5436337050709024e-05	-4.695498654791044	0.0	0.9	-0.9	2.5	0.0033300033300033	0.0353202971587372	salamandrivorans	life_stage	liq_Zoospore	liq_Developed	up_in_liq_Developed	4.211172427540356																											True	True	True	False
31298	924.5586	3.929	0.0	1.5005544823577462e-05	-4.656261491699425	0.0	0.9	-0.9	2.5	0.0033300033300033	0.0353202971587372	salamandrivorans	life_stage	liq_Zoospore	liq_Developed	up_in_liq_Developed	4.385119174034184																											True	True	True	False
27905	929.4851	3.971	0.0	1.485659341305048e-05	-4.6424426446102265	0.0	0.9	-0.9	2.5	0.0033300033300033	0.0353202971587372	salamandrivorans	life_stage	liq_Zoospore	liq_Developed	up_in_liq_Developed	4.56306353972844																											True	True	True	False
19815	432.7158	1.434848	0.0	1.4040674900046135e-05	-4.564304431746206	0.0	0.9	-0.9	2.5	0.0033300033300033	0.0353202971587372	salamandrivorans	life_stage	liq_Zoospore	liq_Developed	up_in_liq_Developed	4.182231323875763																											True	True	True	False
25451	966.5999	4.307566	0.0	1.245950961355608e-05	-4.399657281700671	0.0	0.9	-0.9	2.5	0.0033300033300033	0.0353202971587372	salamandrivorans	life_stage	liq_Zoospore	liq_Developed	up_in_liq_Developed	4.031766856066935																											True	True	True	False
27597	869.5491	4.127	0.0	1.1625219226480873e-05	-4.304564854285609	0.0	0.9	-0.9	2.5	0.0033300033300033	0.0353202971587372	salamandrivorans	life_stage	liq_Zoospore	liq_Developed	up_in_liq_Developed	3.705173644807868																											True	True	True	False
32066	1296.7067	4.128	0.0	1.0583336662447632e-05	-4.176270962271635	0.0	0.9	-0.9	2.5	0.0033300033300033	0.0353202971587372	salamandrivorans	life_stage	liq_Zoospore	liq_Developed	up_in_liq_Developed	3.954964012652616																											True	True	True	False
24310	631.3341	3.499031	0.0	9.871852380227237e-06	-4.081608909198682	0.0	0.9	-0.9	2.5	0.0033300033300033	0.0353202971587372	salamandrivorans	life_stage	liq_Zoospore	liq_Developed	up_in_liq_Developed	3.937848319859544																											True	True	True	False
30310	1395.7546	4.127	0.0	9.107776622570216e-06	-3.9725177945383146	0.0	0.9	-0.9	2.5	0.0033300033300033	0.0353202971587372	salamandrivorans	life_stage	liq_Zoospore	liq_Developed	up_in_liq_Developed	3.245748950618039																											True	False	False	False
34863	886.9742	4.56944	0.0	8.265124806280007e-06	-3.8417949085435046	0.0	0.9	-0.9	2.5	0.0033300033300033	0.0353202971587372	salamandrivorans	life_stage	liq_Zoospore	liq_Developed	up_in_liq_Developed	3.139504496295402																											True	True	True	False
36468	780.3556	4.065	0.0	6.597656332400505e-06	-3.541920445403456	0.0	0.9	-0.9	2.5	0.0033300033300033	0.0353202971587372	salamandrivorans	life_stage	liq_Zoospore	liq_Developed	up_in_liq_Developed	3.233175216321845																											True	True	True	False
28920	771.4568	4.31983	0.0	6.56568923895303e-06	-3.5355162332294694	0.0	0.9	-0.9	2.5	0.0033300033300033	0.0353202971587372	salamandrivorans	life_stage	liq_Zoospore	liq_Developed	up_in_liq_Developed	3.1759590542526297																											True	True	True	False
29603	720.8878	4.430136	0.0	6.480205615427521e-06	-3.518249663914062	0.0	0.9	-0.9	2.5	0.0033300033300033	0.0353202971587372	salamandrivorans	life_stage	liq_Zoospore	liq_Developed	up_in_liq_Developed	2.6110251035538345																											True	True	True	False
35791	548.8265	4.232	0.0	5.796758260145556e-06	-3.3722260661099406	0.0	0.9	-0.9	2.5	0.0033300033300033	0.0353202971587372	salamandrivorans	life_stage	liq_Zoospore	liq_Developed	up_in_liq_Developed	2.708824196549454																											True	True	True	False
36070	898.6133	7.446206	0.0	2.8387033806199832e-06	-2.4805467372423786	0.0	0.9	-0.9	2.5	0.0033300033300033	0.0353202971587372	salamandrivorans	life_stage	liq_Zoospore	liq_Developed	up_in_liq_Developed	2.1289451130415453																											True	True	True	False
35983	346.3325	6.170172	0.0	2.0994037838305705e-06	-2.133566909203888	0.0	0.9	-0.9	2.5	0.0033300033300033	0.0353202971587372	salamandrivorans	life_stage	liq_Zoospore	liq_Developed	up_in_liq_Developed	-3.446553557390416																											False	False	False	False
2306	517.561	2.409	0.0002689840420227	0.0	8.76515506588064	0.8	0.1	0.7000000000000001	44.5	0.0036630036630036	0.0353650744117275	salamandrivorans	life_stage	liq_Zoospore	liq_Developed	up_in_liq_Zoospore	0.0																											False	False	False	False
3105	992.4812	3.371	0.0002183572731317	0.0	8.465093660578328	0.8	0.1	0.7000000000000001	44.5	0.0036630036630036	0.0353650744117275	salamandrivorans	life_stage	liq_Zoospore	liq_Developed	up_in_liq_Zoospore	-4.79659666344819																											False	False	False	False
2355	1105.556	3.524	0.0001403023048604	0.0	7.8292112391153	0.8	0.0	0.8	45.0	0.0036630036630036	0.0353650744117275	salamandrivorans	life_stage	liq_Zoospore	liq_Developed	up_in_liq_Zoospore	0.0																											False	False	False	False
9009	501.5735	2.343	0.0001305561405803	0.0	7.7258163362195935	0.8	0.1	0.7000000000000001	44.5	0.0036630036630036	0.0353650744117275	salamandrivorans	life_stage	liq_Zoospore	liq_Developed	up_in_liq_Zoospore	-4.859983042966584																											False	False	False	False
2980	579.2936	3.5485	0.0001225723869299	0.0	7.635223860128567	0.8	0.1	0.7000000000000001	44.5	0.0036630036630036	0.0353650744117275	salamandrivorans	life_stage	liq_Zoospore	liq_Developed	up_in_liq_Zoospore	0.0	2980.0	C23H42N6O11	[M + H]+	(2R)-1-[(2S)-2-[[(2R)-5-amino-2-[[(2S)-2-amino-3-(4-hydroxyphenyl)propanoyl]amino]pentanoyl]amino]-3-phenylpropanoyl]-N-(2-oxoethylidene)pyrrolidine-2-carboxamide	C1CC(N(C1)C(=O)C(CC2=CC=CC=C2)NC(=O)C(CCCN)NC(=O)C(CC3=CC=C(C=C3)O)N)C(=O)N=CC=O	0.239	Amino acids and Peptides	Cyclic peptides	Carboxylic acids and derivatives	2980.0	native-full-e9838293-bagel	native	1.0								native	native	1.0	2980.0	C23H42N6O11	False	False	False	False	False
9378	1070.5555	2.404	0.0001023384695151	0.0	7.3763724806344095	0.8	0.0	0.8	45.0	0.0036630036630036	0.0353650744117275	salamandrivorans	life_stage	liq_Zoospore	liq_Developed	up_in_liq_Zoospore	0.0																											False	False	False	False
7465	598.3584	2.406	9.61524669189636e-05	0.0	7.28697820486162	0.8	0.0	0.8	45.0	0.0036630036630036	0.0353650744117275	salamandrivorans	life_stage	liq_Zoospore	liq_Developed	up_in_liq_Zoospore	-4.522602619681372																											False	False	False	False
9502	719.4025	2.603	9.183596790057332e-05	0.0	7.221147773011352	0.8	0.0	0.8	45.0	0.0036630036630036	0.0353650744117275	salamandrivorans	life_stage	liq_Zoospore	liq_Developed	up_in_liq_Zoospore	0.0																											False	False	False	False
13146	1019.0224	3.54	7.675754720341031e-05	0.0	6.964295280444908	0.8	0.1	0.7000000000000001	44.5	0.0036630036630036	0.0353650744117275	salamandrivorans	life_stage	liq_Zoospore	liq_Developed	up_in_liq_Zoospore	0.0																											False	False	False	False
5271	604.5417	3.02768	7.353526198949793e-05	0.0	6.902929073652408	0.8	0.0	0.8	45.0	0.0036630036630036	0.0353650744117275	salamandrivorans	life_stage	liq_Zoospore	liq_Developed	up_in_liq_Zoospore	0.0																											False	False	False	False
6471	810.4491	1.651258	7.192408236621956e-05	0.0	6.871237790969999	0.8	0.1	0.7000000000000001	44.5	0.0036630036630036	0.0353650744117275	salamandrivorans	life_stage	liq_Zoospore	liq_Developed	up_in_liq_Zoospore	0.0																											False	False	False	False
9792	647.3069	1.911	6.880673452379639e-05	0.0	6.807870866414294	0.8	0.0	0.8	45.0	0.0036630036630036	0.0353650744117275	salamandrivorans	life_stage	liq_Zoospore	liq_Developed	up_in_liq_Zoospore	0.0																											False	False	False	False
10394	822.8858	2.793	6.693001448863125e-05	0.0	6.76833543120823	1.0	0.3	0.7	46.0	0.0036630036630036	0.0353650744117275	salamandrivorans	life_stage	liq_Zoospore	liq_Developed	up_in_liq_Zoospore	5.134784040021138																											True	False	False	False
11747	865.9236	2.429	6.52276683686067e-05	0.0	6.73151151905774	0.8	0.1	0.7000000000000001	44.5	0.0036630036630036	0.0353650744117275	salamandrivorans	life_stage	liq_Zoospore	liq_Developed	up_in_liq_Zoospore	0.0																											False	False	False	False
6242	555.5948	2.255	6.516230078674952e-05	0.0	6.730078623703648	0.8	0.0	0.8	45.0	0.0036630036630036	0.0353650744117275	salamandrivorans	life_stage	liq_Zoospore	liq_Developed	up_in_liq_Zoospore	0.0																											False	False	False	False
10210	595.2754	1.9265	5.909082503373861e-05	0.0	6.59037089283561	0.8	0.1	0.7000000000000001	44.5	0.0036630036630036	0.0353650744117275	salamandrivorans	life_stage	liq_Zoospore	liq_Developed	up_in_liq_Zoospore	-5.846311895627483																											False	False	False	False
5064	430.248	1.412352	5.6294060643817184e-05	0.0	6.521163097633371	0.8	0.0	0.8	45.0	0.0036630036630036	0.0353650744117275	salamandrivorans	life_stage	liq_Zoospore	liq_Developed	up_in_liq_Zoospore	0.0	5064.0	C15H35N5O9	[M + H]+	2-[2-[2-(methylamino)ethoxy]ethoxy]-N-[2-[2-[2-oxo-2-(2-propoxyethylamino)ethoxy]ethoxy]ethyl]acetamide	CCCOCCNC(=O)COCCOCCNC(=O)COCCOCCNC	0.049	Amino acids and Peptides	Tripeptides	Carboxylic acids and derivatives	5064.0	native-full-e9838293-bagel	native	1.0								native	native	1.0	5064.0	C15H35N5O9	False	False	True	False	False
15054	706.8781	3.035718	5.560500887195721e-05	0.0	6.503589859670305	0.8	0.0	0.8	45.0	0.0036630036630036	0.0353650744117275	salamandrivorans	life_stage	liq_Zoospore	liq_Developed	up_in_liq_Zoospore	0.0																											False	False	False	False
14384	832.8939	2.260722	5.3152545523750585e-05	0.0	6.439247243011028	0.8	0.0	0.8	45.0	0.0036630036630036	0.0353650744117275	salamandrivorans	life_stage	liq_Zoospore	liq_Developed	up_in_liq_Zoospore	0.0																											False	False	False	False
17529	595.6059	1.911	5.025278365298115e-05	0.0	6.3592709872906825	0.8	0.1	0.7000000000000001	44.5	0.0036630036630036	0.0353650744117275	salamandrivorans	life_stage	liq_Zoospore	liq_Developed	up_in_liq_Zoospore	0.0																											False	False	False	False
8961	604.8528	2.62025	4.923492175568525e-05	0.0	6.33011268773522	0.8	0.0	0.8	45.0	0.0036630036630036	0.0353650744117275	salamandrivorans	life_stage	liq_Zoospore	liq_Developed	up_in_liq_Zoospore	0.0	8961.0	C14H21Br3N2O6S	[M + Na]+							8961.0	native-full-e9838293-bagel	native	1.0								native	native	1.0	8961.0	C14H21Br3N2O6S	False	False	False	False	False
6886	555.9304	2.245505	4.8946663254537096e-05	0.0	6.321746835468322	0.8	0.0	0.8	45.0	0.0036630036630036	0.0353650744117275	salamandrivorans	life_stage	liq_Zoospore	liq_Developed	up_in_liq_Zoospore	0.0																											False	False	False	False
17834	1132.0531	3.09953	4.80609549065306e-05	0.0	6.295733979174938	0.8	0.1	0.7000000000000001	44.5	0.0036630036630036	0.0353650744117275	salamandrivorans	life_stage	liq_Zoospore	liq_Developed	up_in_liq_Zoospore	0.0																											False	False	False	False
9699	619.3653	2.997596	4.737870290050704e-05	0.0	6.275371786449674	0.8	0.1	0.7000000000000001	44.5	0.0036630036630036	0.0353650744117275	salamandrivorans	life_stage	liq_Zoospore	liq_Developed	up_in_liq_Zoospore	0.0																											False	False	False	False
11638	1009.921	3.239366	4.737190895804988e-05	0.0	6.275167565286872	0.8	0.0	0.8	45.0	0.0036630036630036	0.0353650744117275	salamandrivorans	life_stage	liq_Zoospore	liq_Developed	up_in_liq_Zoospore	0.0																											False	False	False	False
13824	1049.8997	3.069402	4.6792933707407935e-05	0.0	6.257656903087699	0.8	0.0	0.8	45.0	0.0036630036630036	0.0353650744117275	salamandrivorans	life_stage	liq_Zoospore	liq_Developed	up_in_liq_Zoospore	0.0																											False	False	False	False
12213	352.728	2.427	4.371747885630247e-05	0.0	6.160902252419737	1.0	0.3	0.7	46.0	0.0036630036630036	0.0353650744117275	salamandrivorans	life_stage	liq_Zoospore	liq_Developed	up_in_liq_Zoospore	5.390718446751548																											True	False	False	False
9128	380.6959	2.087	4.231398038106043e-05	0.0	6.11449508053884	0.8	0.1	0.7000000000000001	44.5	0.0036630036630036	0.0353650744117275	salamandrivorans	life_stage	liq_Zoospore	liq_Developed	up_in_liq_Zoospore	-4.712702445370054																											False	False	False	False
7000	262.4861	0.594	4.1604577679682725e-05	0.0	6.090457950120332	0.8	0.1	0.7000000000000001	44.5	0.0036630036630036	0.0353650744117275	salamandrivorans	life_stage	liq_Zoospore	liq_Developed	up_in_liq_Zoospore	0.0																											False	False	False	False
9163	257.1792	0.602	4.117648336417773e-05	0.0	6.075756399635124	0.8	0.1	0.7000000000000001	44.5	0.0036630036630036	0.0353650744117275	salamandrivorans	life_stage	liq_Zoospore	liq_Developed	up_in_liq_Zoospore	0.0																											False	False	False	False
12234	339.7012	2.488519	4.052556039032187e-05	0.0	6.053111421168382	0.8	0.1	0.7000000000000001	44.5	0.0036630036630036	0.0353650744117275	salamandrivorans	life_stage	liq_Zoospore	liq_Developed	up_in_liq_Zoospore	0.0																											False	False	False	False
11150	753.9241	2.95654	4.010200409225665e-05	0.0	6.038183087840093	0.8	0.1	0.7000000000000001	44.5	0.0036630036630036	0.0353650744117275	salamandrivorans	life_stage	liq_Zoospore	liq_Developed	up_in_liq_Zoospore	0.0																											False	False	False	False
14771	1050.3958	3.067409	3.917361702876769e-05	0.0	6.004911278594105	0.8	0.0	0.8	45.0	0.0036630036630036	0.0353650744117275	salamandrivorans	life_stage	liq_Zoospore	liq_Developed	up_in_liq_Zoospore	0.0																											False	False	False	False
12049	1100.384	2.94	3.886143003263708e-05	0.0	5.993548387613715	0.8	0.0	0.8	45.0	0.0036630036630036	0.0353650744117275	salamandrivorans	life_stage	liq_Zoospore	liq_Developed	up_in_liq_Zoospore	0.0	12049.0	C57H63N3O17	[M + K]+	Pseudoalterobactin A	C1CCNC(=O)CNC(=O)C(NC(=O)C(NC(=O)C(C1)NC(=O)C(C(C(=O)O)O)NC(=O)C(CC(=O)N)NC(=O)CC(C(CCCCNC(=O)C2=C(C(=C(C=C2)S(=O)(=O)O)O)O)N)O)CCCCN)C(C(=O)O)O		Amino acids and Peptides	Cyclic peptides	Carboxylic acids and derivatives	12049.0	native-full-e9838293-bagel	native	1.0								native	native	1.0	12049.0	C57H63N3O17	False	False	False	False	False
11765	590.5574	2.057	3.725439117504177e-05	0.0	5.933596307527231	0.8	0.1	0.7000000000000001	44.5	0.0036630036630036	0.0353650744117275	salamandrivorans	life_stage	liq_Zoospore	liq_Developed	up_in_liq_Zoospore	0.0																											False	False	False	False
9969	577.8165	3.420807	3.6849809948741125e-05	0.0	5.91810212888448	1.0	0.3	0.7	46.0	0.0036630036630036	0.0353650744117275	salamandrivorans	life_stage	liq_Zoospore	liq_Developed	up_in_liq_Zoospore	3.889698263815832																											True	False	False	False
16507	411.2338	2.332	3.568275322470804e-05	0.0	5.872452011278623	1.0	0.3	0.7	46.0	0.0036630036630036	0.0353650744117275	salamandrivorans	life_stage	liq_Zoospore	liq_Developed	up_in_liq_Zoospore	0.8398724073551899	16507.0	C16H32N6O5	[M + Na]+	H-DL-xiIle-DL-Arg-DL-xiThr-OH	CCC(C)C(C(=O)NC(CCCN=C(N)N)C(=O)NC(C(C)O)C(=O)O)N	0.339	Amino acids and Peptides	Tripeptides	Carboxylic acids and derivatives	16507.0	native-full-e9838293-bagel	native	1.0								native	native	1.0	16507.0	C16H32N6O5	False	False	False	False	False
4851	605.0428	2.974335	3.513017408472347e-05	0.0	5.850323100262874	0.8	0.0	0.8	45.0	0.0036630036630036	0.0353650744117275	salamandrivorans	life_stage	liq_Zoospore	liq_Developed	up_in_liq_Zoospore	0.0																											False	False	False	False
15492	753.8619	2.286071	3.4906064850147524e-05	0.0	5.841250638952058	0.8	0.0	0.8	45.0	0.0036630036630036	0.0353650744117275	salamandrivorans	life_stage	liq_Zoospore	liq_Developed	up_in_liq_Zoospore	0.0																											False	False	False	False
17288	636.806	3.608	3.3578519326601216e-05	0.0	5.786306067808615	1.0	0.3	0.7	46.0	0.0036630036630036	0.0353650744117275	salamandrivorans	life_stage	liq_Zoospore	liq_Developed	up_in_liq_Zoospore	4.616988863240419																											True	False	False	False
8055	256.1493	0.596	3.342641901271897e-05	0.0	5.779875204392592	1.0	0.3	0.7	46.0	0.0036630036630036	0.0353650744117275	salamandrivorans	life_stage	liq_Zoospore	liq_Developed	up_in_liq_Zoospore	-4.7136152035537																											False	False	False	False
14651	517.2474	2.087	3.2139505456607374e-05	0.0	5.724285146940077	0.8	0.0	0.8	45.0	0.0036630036630036	0.0353650744117275	salamandrivorans	life_stage	liq_Zoospore	liq_Developed	up_in_liq_Zoospore	0.0																											False	False	False	False
24712	621.329	3.161591	3.133172990918338e-05	0.0	5.688265229645377	1.0	0.3	0.7	46.0	0.0036630036630036	0.0353650744117275	salamandrivorans	life_stage	liq_Zoospore	liq_Developed	up_in_liq_Zoospore	4.803592207268614																											True	False	False	False
20319	1193.7103	3.629065	2.956664154883696e-05	0.0	5.606280537949354	0.8	0.0	0.8	45.0	0.0036630036630036	0.0353650744117275	salamandrivorans	life_stage	liq_Zoospore	liq_Developed	up_in_liq_Zoospore	0.0																											False	False	False	False
13537	444.8763	2.281351	2.933420835733972e-05	0.0	5.59512885952866	0.8	0.0	0.8	45.0	0.0036630036630036	0.0353650744117275	salamandrivorans	life_stage	liq_Zoospore	liq_Developed	up_in_liq_Zoospore	0.0																											False	False	False	False
15512	695.8397	1.675	2.8655549255598085e-05	0.0	5.562066008769845	0.8	0.0	0.8	45.0	0.0036630036630036	0.0353650744117275	salamandrivorans	life_stage	liq_Zoospore	liq_Developed	up_in_liq_Zoospore	0.0																											False	False	False	False
17364	979.4564	3.418233	2.778636741574334e-05	0.0	5.518583605715015	0.8	0.1	0.7000000000000001	44.5	0.0036630036630036	0.0353650744117275	salamandrivorans	life_stage	liq_Zoospore	liq_Developed	up_in_liq_Zoospore	0.0																											False	False	False	False
6261	560.925	1.881	2.7517571873743253e-05	0.0	5.50486692348774	0.8	0.0	0.8	45.0	0.0036630036630036	0.0353650744117275	salamandrivorans	life_stage	liq_Zoospore	liq_Developed	up_in_liq_Zoospore	0.0																											False	False	False	False
10694	387.2727	0.637	2.7206047005300422e-05	0.0	5.488804862245947	0.8	0.0	0.8	45.0	0.0036630036630036	0.0353650744117275	salamandrivorans	life_stage	liq_Zoospore	liq_Developed	up_in_liq_Zoospore	0.0																											False	False	False	False
16239	827.428	2.908853	2.66267329604734e-05	0.0	5.458451764221813	1.0	0.3	0.7	46.0	0.0036630036630036	0.0353650744117275	salamandrivorans	life_stage	liq_Zoospore	liq_Developed	up_in_liq_Zoospore	4.149260916549699																											True	False	False	False
15942	420.1876	1.402	2.6100357603083336e-05	0.0	5.430307469210108	0.8	0.1	0.7000000000000001	44.5	0.0036630036630036	0.0353650744117275	salamandrivorans	life_stage	liq_Zoospore	liq_Developed	up_in_liq_Zoospore	0.0																											False	False	False	False
18243	993.488	1.001136	2.5740835902868897e-05	0.0	5.410764019718964	0.8	0.1	0.7000000000000001	44.5	0.0036630036630036	0.0353650744117275	salamandrivorans	life_stage	liq_Zoospore	liq_Developed	up_in_liq_Zoospore	0.0																											False	False	False	False
17183	509.2353	0.900246	2.541544336944936e-05	0.0	5.392844641277078	1.0	0.3	0.7	46.0	0.0036630036630036	0.0353650744117275	salamandrivorans	life_stage	liq_Zoospore	liq_Developed	up_in_liq_Zoospore	4.6024166830154725																											True	False	False	False
17378	646.8175	2.793	2.5314082765857165e-05	0.0	5.387216937212991	0.8	0.1	0.7000000000000001	44.5	0.0036630036630036	0.0353650744117275	salamandrivorans	life_stage	liq_Zoospore	liq_Developed	up_in_liq_Zoospore	0.0																											False	False	False	False
19851	485.271	1.515826	2.528725516163276e-05	0.0	5.38572374398282	1.0	0.3	0.7	46.0	0.0036630036630036	0.0353650744117275	salamandrivorans	life_stage	liq_Zoospore	liq_Developed	up_in_liq_Zoospore	4.495049904760784	19851.0	C21H36N6O7	[M + H]+	H-DL-Gln-DL-Leu-DL-Pro-DL-Gln-OH	CC(C)CC(C(=O)N1CCCC1C(=O)NC(CCC(=O)N)C(=O)O)NC(=O)C(CCC(=O)N)N	0.437	Amino acids and Peptides	Tripeptides	Carboxylic acids and derivatives	19851.0	native-full-e9838293-bagel	native	1.0								native	native	1.0	19851.0	C21H36N6O7	False	True	False	False	False
10542	496.7431	3.371	2.456665434690912e-05	0.0	5.345026520545693	0.8	0.1	0.7000000000000001	44.5	0.0036630036630036	0.0353650744117275	salamandrivorans	life_stage	liq_Zoospore	liq_Developed	up_in_liq_Zoospore	0.0																											False	False	False	False
20579	718.3407	3.487382	2.413017613913366e-05	0.0	5.319805471008515	0.8	0.1	0.7000000000000001	44.5	0.0036630036630036	0.0353650744117275	salamandrivorans	life_stage	liq_Zoospore	liq_Developed	up_in_liq_Zoospore	0.0																											False	False	False	False
13539	504.7856	3.834	2.412651594451919e-05	0.0	5.319592098452688	0.8	0.1	0.7000000000000001	44.5	0.0036630036630036	0.0353650744117275	salamandrivorans	life_stage	liq_Zoospore	liq_Developed	up_in_liq_Zoospore	0.0																											False	False	False	False
18882	690.3421	3.630379	2.3144907904715327e-05	0.0	5.261198660117893	0.8	0.0	0.8	45.0	0.0036630036630036	0.0353650744117275	salamandrivorans	life_stage	liq_Zoospore	liq_Developed	up_in_liq_Zoospore	0.0	18882.0	C33H60N4O11	[M + H]+	H-Lys-Pro-Val-Lys-Pro-Val-OH	CC(C)C(C(=O)NC(CCCCN)C(=O)N1CCCC1C(=O)NC(C(C)C)C(=O)O)NC(=O)C2CCCN2C(=O)C(CCCCN)N	0.906	Amino acids and Peptides	Tripeptides	Carboxylic acids and derivatives	18882.0	native-full-e9838293-bagel	native	1.0								native	native	1.0	18882.0	C33H60N4O11	False	False	False	False	False
16894	424.5892	3.5305	2.290835742439114e-05	0.0	5.24676624564774	0.8	0.1	0.7000000000000001	44.5	0.0036630036630036	0.0353650744117275	salamandrivorans	life_stage	liq_Zoospore	liq_Developed	up_in_liq_Zoospore	0.0																											False	False	False	False
15958	373.2005	1.738	2.2720339417478043e-05	0.0	5.235191011360163	0.8	0.1	0.7000000000000001	44.5	0.0036630036630036	0.0353650744117275	salamandrivorans	life_stage	liq_Zoospore	liq_Developed	up_in_liq_Zoospore	0.0																											False	False	False	False
15478	445.2083	2.294	2.2450294513421792e-05	0.0	5.218401643532595	0.8	0.0	0.8	45.0	0.0036630036630036	0.0353650744117275	salamandrivorans	life_stage	liq_Zoospore	liq_Developed	up_in_liq_Zoospore	-5.569963545981235																											False	False	False	False
23688	899.4712	3.605	0.0	2.202119950847058e-05	-5.1913152081372615	0.2	1.0	-0.8	3.0	0.0036630036630036	0.0353650744117275	salamandrivorans	life_stage	liq_Zoospore	liq_Developed	up_in_liq_Developed	5.0156552574406135																											True	True	True	False
16210	306.6903	1.604	2.1960941301498647e-05	0.0	5.187470384092236	1.0	0.3	0.7	46.0	0.0036630036630036	0.0353650744117275	salamandrivorans	life_stage	liq_Zoospore	liq_Developed	up_in_liq_Zoospore	4.426968386553055																											True	False	False	False
16855	889.4871	0.856484	2.147630628148005e-05	0.0	5.156169498511381	0.8	0.0	0.8	45.0	0.0036630036630036	0.0353650744117275	salamandrivorans	life_stage	liq_Zoospore	liq_Developed	up_in_liq_Zoospore	0.0																											False	False	False	False
16018	1253.6748	3.819228	2.0962109244286984e-05	0.0	5.122199610322545	0.8	0.0	0.8	45.0	0.0036630036630036	0.0353650744117275	salamandrivorans	life_stage	liq_Zoospore	liq_Developed	up_in_liq_Zoospore	0.0																											False	False	False	False
18524	855.4234	0.7635	2.09115819315887e-05	0.0	5.118818007159207	0.8	0.0	0.8	45.0	0.0036630036630036	0.0353650744117275	salamandrivorans	life_stage	liq_Zoospore	liq_Developed	up_in_liq_Zoospore	0.0																											False	False	False	False
23019	683.8544	2.981646	2.0517564054652507e-05	0.0	5.09217238647952	0.8	0.0	0.8	45.0	0.0036630036630036	0.0353650744117275	salamandrivorans	life_stage	liq_Zoospore	liq_Developed	up_in_liq_Zoospore	0.0																											False	False	False	False
19882	719.9164	4.302514	2.039113808795621e-05	0.0	5.083517428063241	0.8	0.1	0.7000000000000001	44.5	0.0036630036630036	0.0353650744117275	salamandrivorans	life_stage	liq_Zoospore	liq_Developed	up_in_liq_Zoospore	0.0	19882.0	C21H28Br3N3O8S	[M + H]+							19882.0	native-full-e9838293-bagel	native	1.0								native	native	1.0	19882.0	C21H28Br3N3O8S	False	False	False	False	False
17457	908.4904	3.635196	2.0202988395700847e-05	0.0	5.07054003691054	1.0	0.3	0.7	46.0	0.0036630036630036	0.0353650744117275	salamandrivorans	life_stage	liq_Zoospore	liq_Developed	up_in_liq_Zoospore	4.117219436001778																											True	False	False	False
13402	400.2398	1.753246	2.015533166888994e-05	0.0	5.067234360731662	0.8	0.0	0.8	45.0	0.0036630036630036	0.0353650744117275	salamandrivorans	life_stage	liq_Zoospore	liq_Developed	up_in_liq_Zoospore	0.0	13402.0	C16H32FN5O4	[M + Na]+	H-Leu-Pro-nTrp-NH2	CC(C)CC(C(=O)N1CCCC1C(=O)NC(C2=CNC3=CC=CC=C32)C(=O)N)N	0.704	Amino acids and Peptides	Cyclic peptides	Carboxylic acids and derivatives	13402.0	native-full-e9838293-bagel	native	1.0								native	native	1.0	13402.0	C16H32FN5O4	False	False	False	False	False
21403	516.7118	3.444433	1.9257542058621468e-05	0.0	5.003501147919404	0.8	0.1	0.7000000000000001	44.5	0.0036630036630036	0.0353650744117275	salamandrivorans	life_stage	liq_Zoospore	liq_Developed	up_in_liq_Zoospore	0.0																											False	False	False	False
19167	739.8499	1.579	1.916157633107335e-05	0.0	4.996519048922315	0.8	0.0	0.8	45.0	0.0036630036630036	0.0353650744117275	salamandrivorans	life_stage	liq_Zoospore	liq_Developed	up_in_liq_Zoospore	0.0																											False	False	False	False
21141	583.2689	1.015582	1.898222679496436e-05	0.0	4.983378977953143	0.8	0.0	0.8	45.0	0.0036630036630036	0.0353650744117275	salamandrivorans	life_stage	liq_Zoospore	liq_Developed	up_in_liq_Zoospore	0.0	21141.0	C25H38N6O10	[M + H]+	H-Ser-Ser-Gly-Val-Asp-Leu-al	CC(C)CC(C=O)NC(=O)C(CC(=O)O)NC(=O)C(C(C)C)NC(=O)CNC(=O)C(CO)NC(=O)C(CO)N	0.303	Amino acids and Peptides	Tripeptides	Carboxylic acids and derivatives	21141.0	native-full-e9838293-bagel	native	1.0								native	native	1.0	21141.0	C25H38N6O10	False	False	False	False	False
21521	316.6888	0.663	1.8592152083567647e-05	0.0	4.954380046809104	0.8	0.1	0.7000000000000001	44.5	0.0036630036630036	0.0353650744117275	salamandrivorans	life_stage	liq_Zoospore	liq_Developed	up_in_liq_Zoospore	0.0																											False	False	False	False
23188	1336.785	4.421718	1.8199017061281268e-05	0.0	4.924551650802681	0.8	0.1	0.7000000000000001	44.5	0.0036630036630036	0.0353650744117275	salamandrivorans	life_stage	liq_Zoospore	liq_Developed	up_in_liq_Zoospore	0.0																											False	False	False	False
21827	523.7966	3.605	0.0	1.7868835664183243e-05	-4.899014278349468	0.2	1.0	-0.8	3.0	0.0036630036630036	0.0353650744117275	salamandrivorans	life_stage	liq_Zoospore	liq_Developed	up_in_liq_Developed	4.749985209871521																											True	False	False	False
21501	720.4194	4.346454	1.7662244948419303e-05	0.0	4.882802837441329	0.8	0.1	0.7000000000000001	44.5	0.0036630036630036	0.0353650744117275	salamandrivorans	life_stage	liq_Zoospore	liq_Developed	up_in_liq_Zoospore	0.0																											False	False	False	False
19666	704.3438	0.688	1.755532280072986e-05	0.0	4.874340429885587	0.8	0.0	0.8	45.0	0.0036630036630036	0.0353650744117275	salamandrivorans	life_stage	liq_Zoospore	liq_Developed	up_in_liq_Zoospore	0.0																											False	False	False	False
11103	373.2076	3.088257	1.6959429847054884e-05	0.0	4.826246799751316	0.8	0.0	0.8	45.0	0.0036630036630036	0.0353650744117275	salamandrivorans	life_stage	liq_Zoospore	liq_Developed	up_in_liq_Zoospore	0.0																											False	False	False	False
11755	180.1365	0.5915	1.6912810562181767e-05	0.0	4.822415727483142	0.8	0.1	0.7000000000000001	44.5	0.0036630036630036	0.0353650744117275	salamandrivorans	life_stage	liq_Zoospore	liq_Developed	up_in_liq_Zoospore	0.0																											False	False	False	False
23487	514.3414	1.046052	1.560166572987775e-05	0.0	4.710278133232451	0.8	0.0	0.8	45.0	0.0036630036630036	0.0353650744117275	salamandrivorans	life_stage	liq_Zoospore	liq_Developed	up_in_liq_Zoospore	0.0																											False	False	False	False
25209	342.6753	1.929963	1.4914889811729232e-05	0.0	4.64786682152212	0.8	0.0	0.8	45.0	0.0036630036630036	0.0353650744117275	salamandrivorans	life_stage	liq_Zoospore	liq_Developed	up_in_liq_Zoospore	0.0																											False	False	False	False
28189	1199.6188	4.578515	1.4407097907959492e-05	0.0	4.5999201533418645	0.8	0.1	0.7000000000000001	44.5	0.0036630036630036	0.0353650744117275	salamandrivorans	life_stage	liq_Zoospore	liq_Developed	up_in_liq_Zoospore	0.0																											False	False	False	False
16116	625.381	3.661031	1.4196979860872618e-05	0.0	4.579604682564529	0.8	0.0	0.8	45.0	0.0036630036630036	0.0353650744117275	salamandrivorans	life_stage	liq_Zoospore	liq_Developed	up_in_liq_Zoospore	0.0																											False	False	False	False
29424	765.3715	1.253011	1.3978635865724594e-05	0.0	4.5581863354291166	0.8	0.1	0.7000000000000001	44.5	0.0036630036630036	0.0353650744117275	salamandrivorans	life_stage	liq_Zoospore	liq_Developed	up_in_liq_Zoospore	0.0																											False	False	False	False
25658	935.0052	3.942946	1.377799234914393e-05	0.0	4.538219953410886	0.8	0.0	0.8	45.0	0.0036630036630036	0.0353650744117275	salamandrivorans	life_stage	liq_Zoospore	liq_Developed	up_in_liq_Zoospore	0.0																											False	False	False	False
24542	1238.6749	3.953	1.3572001630451992e-05	0.0	4.517429878009591	0.8	0.0	0.8	45.0	0.0036630036630036	0.0353650744117275	salamandrivorans	life_stage	liq_Zoospore	liq_Developed	up_in_liq_Zoospore	0.0																											False	False	False	False
20982	375.6983	0.873	1.351218032472176e-05	0.0	4.511335712903791	0.8	0.1	0.7000000000000001	44.5	0.0036630036630036	0.0353650744117275	salamandrivorans	life_stage	liq_Zoospore	liq_Developed	up_in_liq_Zoospore	0.0																											False	False	False	False
23426	903.3311	1.387347	1.3469545439736264e-05	0.0	4.506976611672857	0.8	0.0	0.8	45.0	0.0036630036630036	0.0353650744117275	salamandrivorans	life_stage	liq_Zoospore	liq_Developed	up_in_liq_Zoospore	0.0																											False	False	False	False
21628	510.3022	1.299239	1.3304349899268928e-05	0.0	4.489961099500173	1.0	0.3	0.7	46.0	0.0036630036630036	0.0353650744117275	salamandrivorans	life_stage	liq_Zoospore	liq_Developed	up_in_liq_Zoospore	3.505060699101018																											True	False	False	False
27495	801.9253	4.070447	1.2939651518171555e-05	0.0	4.451670272527859	1.0	0.3	0.7	46.0	0.0036630036630036	0.0353650744117275	salamandrivorans	life_stage	liq_Zoospore	liq_Developed	up_in_liq_Zoospore	2.7778052933480777																											True	False	False	False
37513	1423.8138	4.336867	1.2370074658253965e-05	0.0	4.389758292272664	0.8	0.0	0.8	45.0	0.0036630036630036	0.0353650744117275	salamandrivorans	life_stage	liq_Zoospore	liq_Developed	up_in_liq_Zoospore	0.0																											False	False	False	False
23156	1021.0335	3.70192	1.226716695414126e-05	0.0	4.378283409677969	0.8	0.0	0.8	45.0	0.0036630036630036	0.0353650744117275	salamandrivorans	life_stage	liq_Zoospore	liq_Developed	up_in_liq_Zoospore	0.0																											False	False	False	False
29141	910.4969	4.1365	1.204401343717173e-05	0.0	4.353082279914403	0.8	0.0	0.8	45.0	0.0036630036630036	0.0353650744117275	salamandrivorans	life_stage	liq_Zoospore	liq_Developed	up_in_liq_Zoospore	0.0																											False	False	False	False
23365	343.2351	1.485193	1.1928562607396827e-05	0.0	4.339869347008198	1.0	0.3	0.7	46.0	0.0036630036630036	0.0353650744117275	salamandrivorans	life_stage	liq_Zoospore	liq_Developed	up_in_liq_Zoospore	3.544258626751524																											True	False	False	False
33581	968.5954	4.263474	0.0	1.153981574204342e-05	-4.294467335345336	0.2	1.0	-0.8	3.0	0.0036630036630036	0.0353650744117275	salamandrivorans	life_stage	liq_Zoospore	liq_Developed	up_in_liq_Developed	3.5054189309634256																											True	True	True	False
25607	1310.7075	3.978	1.1208276624154511e-05	0.0	4.2545847152158585	1.0	0.3	0.7	46.0	0.0036630036630036	0.0353650744117275	salamandrivorans	life_stage	liq_Zoospore	liq_Developed	up_in_liq_Zoospore	3.485125147335695																											True	False	False	False
25927	1171.6752	4.28201	1.0769309110968895e-05	0.0	4.200023447314123	0.8	0.0	0.8	45.0	0.0036630036630036	0.0353650744117275	salamandrivorans	life_stage	liq_Zoospore	liq_Developed	up_in_liq_Zoospore	0.0																											False	False	False	False
21367	762.7226	3.710209	1.0531061661447994e-05	0.0	4.169523356137585	0.8	0.0	0.8	45.0	0.0036630036630036	0.0353650744117275	salamandrivorans	life_stage	liq_Zoospore	liq_Developed	up_in_liq_Zoospore	0.0																											False	False	False	False
27994	923.9573	4.33696	1.0493079608500957e-05	0.0	4.164600798280597	0.8	0.1	0.7000000000000001	44.5	0.0036630036630036	0.0353650744117275	salamandrivorans	life_stage	liq_Zoospore	liq_Developed	up_in_liq_Zoospore	0.0																											False	False	False	False
30242	1433.7277	4.198	1.0240278505206209e-05	0.0	4.131402196402114	0.8	0.1	0.7000000000000001	44.5	0.0036630036630036	0.0353650744117275	salamandrivorans	life_stage	liq_Zoospore	liq_Developed	up_in_liq_Zoospore	0.0																											False	False	False	False
27777	845.9515	4.676533	9.8981752235638e-06	0.0	4.0852240492325205	0.8	0.1	0.7000000000000001	44.5	0.0036630036630036	0.0353650744117275	salamandrivorans	life_stage	liq_Zoospore	liq_Developed	up_in_liq_Zoospore	0.0																											False	False	False	False
33877	1108.6349	4.092067	9.737195288528877e-06	0.0	4.062972257952976	0.8	0.1	0.7000000000000001	44.5	0.0036630036630036	0.0353650744117275	salamandrivorans	life_stage	liq_Zoospore	liq_Developed	up_in_liq_Zoospore	0.0																											False	False	False	False
19515	325.1922	1.516	9.683580439711092e-06	0.0	4.055484386187819	0.8	0.1	0.7000000000000001	44.5	0.0036630036630036	0.0353650744117275	salamandrivorans	life_stage	liq_Zoospore	liq_Developed	up_in_liq_Zoospore	0.0																											False	False	False	False
27998	725.9429	4.574001	9.557098646049102e-06	0.0	4.037664362676059	0.8	0.1	0.7000000000000001	44.5	0.0036630036630036	0.0353650744117275	salamandrivorans	life_stage	liq_Zoospore	liq_Developed	up_in_liq_Zoospore	0.0																											False	False	False	False
22685	875.5184	4.199	9.355847084098428e-06	0.0	4.008848310150793	0.8	0.0	0.8	45.0	0.0036630036630036	0.0353650744117275	salamandrivorans	life_stage	liq_Zoospore	liq_Developed	up_in_liq_Zoospore	0.0																											False	False	False	False
25791	1157.1807	4.263971	9.340624496542647e-06	0.0	4.006645080577855	0.8	0.0	0.8	45.0	0.0036630036630036	0.0353650744117275	salamandrivorans	life_stage	liq_Zoospore	liq_Developed	up_in_liq_Zoospore	0.0																											False	False	False	False
29662	951.4911	4.533787	9.303779341431598e-06	0.0	4.001298355721119	0.8	0.1	0.7000000000000001	44.5	0.0036630036630036	0.0353650744117275	salamandrivorans	life_stage	liq_Zoospore	liq_Developed	up_in_liq_Zoospore	0.0																											False	False	False	False
27766	926.4814	3.722517	0.0001281488189541	7.64863487551499e-06	3.9610463445377495	1.0	0.6	0.4	47.0	0.0036630036630036	0.0353650744117275	salamandrivorans	life_stage	liq_Zoospore	liq_Developed	up_in_liq_Zoospore	5.549965270487964																											True	False	False	False
23455	1464.178	4.551136	8.975730118367345e-06	0.0	3.952799575563352	0.8	0.1	0.7000000000000001	44.5	0.0036630036630036	0.0353650744117275	salamandrivorans	life_stage	liq_Zoospore	liq_Developed	up_in_liq_Zoospore	0.0																											False	False	False	False
25422	519.2892	1.289043	8.612962425218217e-06	0.0	3.89719858169401	0.8	0.1	0.7000000000000001	44.5	0.0036630036630036	0.0353650744117275	salamandrivorans	life_stage	liq_Zoospore	liq_Developed	up_in_liq_Zoospore	0.0																											False	False	False	False
27587	889.0228	4.696687	8.437206110678438e-06	0.0	3.869470014450136	0.8	0.0	0.8	45.0	0.0036630036630036	0.0353650744117275	salamandrivorans	life_stage	liq_Zoospore	liq_Developed	up_in_liq_Zoospore	0.0																											False	False	False	False
30004	1176.6062	4.114185	8.414621063829679e-06	0.0	3.865867880981494	0.8	0.0	0.8	45.0	0.0036630036630036	0.0353650744117275	salamandrivorans	life_stage	liq_Zoospore	liq_Developed	up_in_liq_Zoospore	0.0																											False	False	False	False
27096	824.9734	4.146	8.325971877475434e-06	0.0	3.8516414691938152	0.8	0.0	0.8	45.0	0.0036630036630036	0.0353650744117275	salamandrivorans	life_stage	liq_Zoospore	liq_Developed	up_in_liq_Zoospore	0.0																											False	False	False	False
37157	1593.8257	4.040511	8.257688120163913e-06	0.0	3.840586847027768	1.0	0.3	0.7	46.0	0.0036630036630036	0.0353650744117275	salamandrivorans	life_stage	liq_Zoospore	liq_Developed	up_in_liq_Zoospore	3.531408951843364																											True	False	False	False
31524	1323.7482	4.368949	7.698304322882457e-06	0.0	3.746688536810837	1.0	0.3	0.7	46.0	0.0036630036630036	0.0353650744117275	salamandrivorans	life_stage	liq_Zoospore	liq_Developed	up_in_liq_Zoospore	2.6106978364017386																											True	False	False	False
27555	624.3916	4.497964	7.518391221483159e-06	0.0	3.715141388557514	0.8	0.1	0.7000000000000001	44.5	0.0036630036630036	0.0353650744117275	salamandrivorans	life_stage	liq_Zoospore	liq_Developed	up_in_liq_Zoospore	0.0																											False	False	False	False
37733	1116.11	4.704454	7.323819743581106e-06	0.0	3.68022915098424	1.0	0.3	0.7	46.0	0.0036630036630036	0.0353650744117275	salamandrivorans	life_stage	liq_Zoospore	liq_Developed	up_in_liq_Zoospore	2.627248308771553																											True	False	False	False
28268	675.9017	3.714278	7.321839898076227e-06	0.0	3.6798695264201866	0.8	0.0	0.8	45.0	0.0036630036630036	0.0353650744117275	salamandrivorans	life_stage	liq_Zoospore	liq_Developed	up_in_liq_Zoospore	0.0																											False	False	False	False
35096	1293.7506	4.61389	7.218080909629068e-06	0.0	3.660895889187463	0.8	0.1	0.7000000000000001	44.5	0.0036630036630036	0.0353650744117275	salamandrivorans	life_stage	liq_Zoospore	liq_Developed	up_in_liq_Zoospore	0.0																											False	False	False	False
23694	658.8386	4.211	7.202287754199663e-06	0.0	3.657985904908824	0.8	0.0	0.8	45.0	0.0036630036630036	0.0353650744117275	salamandrivorans	life_stage	liq_Zoospore	liq_Developed	up_in_liq_Zoospore	0.0																											False	False	False	False
31369	869.986	4.177831	7.1512019636244325e-06	0.0	3.648532636186216	1.0	0.3	0.7	46.0	0.0036630036630036	0.0353650744117275	salamandrivorans	life_stage	liq_Zoospore	liq_Developed	up_in_liq_Zoospore	2.277363757888238																											True	False	False	False
35315	1353.7477	4.202	6.996516498908881e-06	0.0	3.619524901780921	0.8	0.0	0.8	45.0	0.0036630036630036	0.0353650744117275	salamandrivorans	life_stage	liq_Zoospore	liq_Developed	up_in_liq_Zoospore	0.0																											False	False	False	False
33198	1111.5287	4.06	6.739718673410342e-06	0.0	3.570041938330293	0.8	0.0	0.8	45.0	0.0036630036630036	0.0353650744117275	salamandrivorans	life_stage	liq_Zoospore	liq_Developed	up_in_liq_Zoospore	0.0																											False	False	False	False
33520	1260.6936	4.328	6.626108651450653e-06	0.0	3.5475967019524908	0.8	0.1	0.7000000000000001	44.5	0.0036630036630036	0.0353650744117275	salamandrivorans	life_stage	liq_Zoospore	liq_Developed	up_in_liq_Zoospore	0.0																											False	False	False	False
34059	1285.2007	4.248	6.556458004906916e-06	0.0	3.53366156712464	0.8	0.0	0.8	45.0	0.0036630036630036	0.0353650744117275	salamandrivorans	life_stage	liq_Zoospore	liq_Developed	up_in_liq_Zoospore	0.0																											False	False	False	False
35475	1292.7074	4.444939	6.002396609418154e-06	0.0	3.417737243673194	0.8	0.1	0.7000000000000001	44.5	0.0036630036630036	0.0353650744117275	salamandrivorans	life_stage	liq_Zoospore	liq_Developed	up_in_liq_Zoospore	0.0																											False	False	False	False
28558	417.2386	3.730733	5.994201874136935e-06	0.0	3.415950815159815	0.8	0.1	0.7000000000000001	44.5	0.0036630036630036	0.0353650744117275	salamandrivorans	life_stage	liq_Zoospore	liq_Developed	up_in_liq_Zoospore	0.0																											False	False	False	False
25594	911.0241	4.248	5.992774542179669e-06	0.0	3.415639434609954	0.8	0.0	0.8	45.0	0.0036630036630036	0.0353650744117275	salamandrivorans	life_stage	liq_Zoospore	liq_Developed	up_in_liq_Zoospore	0.0																											False	False	False	False
34454	1154.6388	4.636946	5.923453078109976e-06	0.0	3.4004350951368685	0.8	0.0	0.8	45.0	0.0036630036630036	0.0353650744117275	salamandrivorans	life_stage	liq_Zoospore	liq_Developed	up_in_liq_Zoospore	0.0																											False	False	False	False
31302	666.3917	4.097441	5.692645617573243e-06	0.0	3.3486249229520366	0.8	0.0	0.8	45.0	0.0036630036630036	0.0353650744117275	salamandrivorans	life_stage	liq_Zoospore	liq_Developed	up_in_liq_Zoospore	0.0																											False	False	False	False
31026	697.4125	4.452556	5.557204854499646e-06	0.0	3.3173326162482373	0.8	0.0	0.8	45.0	0.0036630036630036	0.0353650744117275	salamandrivorans	life_stage	liq_Zoospore	liq_Developed	up_in_liq_Zoospore	0.0																											False	False	False	False
33473	923.9995	4.591328	5.029985782591126e-06	0.0	3.188618199023706	0.8	0.1	0.7000000000000001	44.5	0.0036630036630036	0.0353650744117275	salamandrivorans	life_stage	liq_Zoospore	liq_Developed	up_in_liq_Zoospore	0.0																											False	False	False	False
34983	788.9601	4.355192	4.861263156543284e-06	0.0	3.1448766649511284	0.8	0.0	0.8	45.0	0.0036630036630036	0.0353650744117275	salamandrivorans	life_stage	liq_Zoospore	liq_Developed	up_in_liq_Zoospore	0.0																											False	False	False	False
37874	867.5007	4.501454	4.737550023021938e-06	0.0	3.1119395941016665	1.0	0.3	0.7	46.0	0.0036630036630036	0.0353650744117275	salamandrivorans	life_stage	liq_Zoospore	liq_Developed	up_in_liq_Zoospore	2.460981875849313																											True	False	False	False
34913	790.4526	4.649278	4.544827348074828e-06	0.0	3.0590828534699805	0.8	0.1	0.7000000000000001	44.5	0.0036630036630036	0.0353650744117275	salamandrivorans	life_stage	liq_Zoospore	liq_Developed	up_in_liq_Zoospore	0.0																											False	False	False	False
34949	624.8925	4.580403	4.024159729011458e-06	0.0	2.9057695759923217	0.8	0.0	0.8	45.0	0.0036630036630036	0.0353650744117275	salamandrivorans	life_stage	liq_Zoospore	liq_Developed	up_in_liq_Zoospore	0.0																											False	False	False	False
36195	877.9928	4.721727	3.972229983835499e-06	0.0	2.889545673593645	0.8	0.1	0.7000000000000001	44.5	0.0036630036630036	0.0353650744117275	salamandrivorans	life_stage	liq_Zoospore	liq_Developed	up_in_liq_Zoospore	0.0																											False	False	False	False
36692	624.3932	4.719785	3.9509330554698906e-06	0.0	2.88283896553916	0.8	0.0	0.8	45.0	0.0036630036630036	0.0353650744117275	salamandrivorans	life_stage	liq_Zoospore	liq_Developed	up_in_liq_Zoospore	0.0																											False	False	False	False
5356	676.3172	1.737	0.0001448873507035	1.915515888660736e-05	2.879352477661172	1.0	0.6	0.4	47.0	0.0036630036630036	0.0353650744117275	salamandrivorans	life_stage	liq_Zoospore	liq_Developed	up_in_liq_Zoospore	0.3081698548166334																											False	False	False	False
31820	564.2465	4.047579	3.806030493639513e-06	0.0	2.836360120428601	0.8	0.1	0.7000000000000001	44.5	0.0036630036630036	0.0353650744117275	salamandrivorans	life_stage	liq_Zoospore	liq_Developed	up_in_liq_Zoospore	0.0																											False	False	False	False
30238	1450.7632	4.403913	3.142356215439041e-05	4.701862953004178e-06	2.590108848499268	1.0	0.6	0.4	47.0	0.0036630036630036	0.0353650744117275	salamandrivorans	life_stage	liq_Zoospore	liq_Developed	up_in_liq_Zoospore	4.536605686374544																											True	False	False	False
30692	670.3932	7.101376	3.00849898500832e-06	0.0	2.549695009284678	0.8	0.0	0.8	45.0	0.0036630036630036	0.0353650744117275	salamandrivorans	life_stage	liq_Zoospore	liq_Developed	up_in_liq_Zoospore	0.0																											False	False	False	False
6097	1045.1068	4.650348	9.883063495166316e-05	1.6616648101874246e-05	2.528525075612093	1.0	0.6	0.4	47.0	0.0036630036630036	0.0353650744117275	salamandrivorans	life_stage	liq_Zoospore	liq_Developed	up_in_liq_Zoospore	5.811297149578916																											True	False	False	False
8286	995.5713	4.438473	7.611832225115621e-05	1.292273901140599e-05	2.502457775223998	1.0	0.6	0.4	47.0	0.0036630036630036	0.0353650744117275	salamandrivorans	life_stage	liq_Zoospore	liq_Developed	up_in_liq_Zoospore	5.605900207417639																											True	False	False	False
17377	1112.5889	4.54791	3.1487215428914045e-05	5.2308538304943324e-06	2.456247664920169	1.0	0.6	0.4	47.0	0.0036630036630036	0.0353650744117275	salamandrivorans	life_stage	liq_Zoospore	liq_Developed	up_in_liq_Zoospore	4.229033988391803																											True	False	False	False
2089	1146.611	3.835	0.0004473350993533	8.17474924990746e-05	2.4432120619113684	1.0	0.6	0.4	47.0	0.0036630036630036	0.0353650744117275	salamandrivorans	life_stage	liq_Zoospore	liq_Developed	up_in_liq_Zoospore	1.6695180823560514	2089.0	C71H85N3O8	[M + K]+	H-Gln-Pro-Pro-Val-Pro-Pro-Gln-Arg-Pro-Met-OH	CC(C)C(C(=O)N1CCCC1C(=O)N2CCCC2C(=O)NC(CCC(=O)N)C(=O)NC(CCCN=C(N)N)C(=O)N3CCCC3C(=O)NC(CCSC)C(=O)O)NC(=O)C4CCCN4C(=O)C5CCCN5C(=O)C(CCC(=O)N)N	0.063	Amino acids and Peptides	RiPPs	Carboxylic acids and derivatives	8258.0	EB-MSV000090464-gnps_ms2	transferred	1.0	1146.6101	3.83	1146.611	3.835	0.785	0.005	1.0	unique	assigned	1.0	8258.0	C71H85N3O8	False	True	False	False	False
33382	646.6613	10.965	2.6348825980910537e-06	0.0	2.3929119872108697	0.8	0.1	0.7000000000000001	44.5	0.0036630036630036	0.0353650744117275	salamandrivorans	life_stage	liq_Zoospore	liq_Developed	up_in_liq_Zoospore	0.0																											False	False	False	False
10205	611.3529	4.09	5.459758078633924e-05	1.0168110428801325e-05	2.3557224115631765	1.0	0.6	0.4	47.0	0.0036630036630036	0.0353650744117275	salamandrivorans	life_stage	liq_Zoospore	liq_Developed	up_in_liq_Zoospore	5.098671023524145	10205.0	C30H48N6O6	[M + Na]+	N-[5-[[4-[5-[[4-[5-aminopentyl(hydroxy)amino]-4-oxobutanoyl]amino]pentyl-hydroxyamino]-4-oxobutanoyl]amino]pentyl]butan-1-imine oxide	CCCC=[N+](CCCCCNC(=O)CCC(=O)N(CCCCCNC(=O)CCC(=O)N(CCCCCN)O)O)[O-]	0.073	Amino acids and Peptides	Tripeptides	Carboxylic acids and derivatives	10205.0	native-full-e9838293-bagel	native	1.0								native	native	1.0	10205.0	C30H48N6O6	False	True	False	False	False
21614	1035.5099	3.502619	4.7995340396143297e-05	9.643665441040657e-06	2.243903625210996	1.0	0.6	0.4	47.0	0.0036630036630036	0.0353650744117275	salamandrivorans	life_stage	liq_Zoospore	liq_Developed	up_in_liq_Zoospore	4.522664583516016																											True	False	False	False
37163	866.4323	5.48852	2.1907146303399338e-06	0.0	2.181219427307989	0.8	0.0	0.8	45.0	0.0036630036630036	0.0353650744117275	salamandrivorans	life_stage	liq_Zoospore	liq_Developed	up_in_liq_Zoospore	0.0																											False	False	False	False
37168	489.7941	7.163306	2.089399219453433e-06	0.0	2.1282488394028523	0.8	0.0	0.8	45.0	0.0036630036630036	0.0353650744117275	salamandrivorans	life_stage	liq_Zoospore	liq_Developed	up_in_liq_Zoospore	0.0																											False	False	False	False
27463	1337.7781	7.659962	1.9010325518188176e-06	0.0	2.024276946954055	0.8	0.0	0.8	45.0	0.0036630036630036	0.0353650744117275	salamandrivorans	life_stage	liq_Zoospore	liq_Developed	up_in_liq_Zoospore	0.0																											False	True	False	False
24908	749.4227	4.435944	1.1642369279609192e-05	2.4342826553029075e-06	2.0054539945817944	1.0	0.6	0.4	47.0	0.0036630036630036	0.0353650744117275	salamandrivorans	life_stage	liq_Zoospore	liq_Developed	up_in_liq_Zoospore	2.8752695741832235																											True	False	False	False
21190	736.4062	4.563953	1.0842176055813104e-05	2.2534878215931254e-06	1.996135225643844	1.0	0.6	0.4	47.0	0.0036630036630036	0.0353650744117275	salamandrivorans	life_stage	liq_Zoospore	liq_Developed	up_in_liq_Zoospore	2.67384025289357																											True	False	False	False
32845	1088.6075	4.411756	1.2029146652700793e-05	2.582911071831466e-06	1.98169984809362	1.0	0.6	0.4	47.0	0.0036630036630036	0.0353650744117275	salamandrivorans	life_stage	liq_Zoospore	liq_Developed	up_in_liq_Zoospore	3.2010745091763297																											True	False	False	False
14716	670.8906	3.989	3.627460560005652e-05	8.813240535036081e-06	1.967623596770084	1.0	0.6	0.4	47.0	0.0036630036630036	0.0353650744117275	salamandrivorans	life_stage	liq_Zoospore	liq_Developed	up_in_liq_Zoospore	5.055555328120524																											True	False	False	False
1061	478.2907	6.822774	1.79906086221511e-06	0.0	1.964700988672912	0.8	0.0	0.8	45.0	0.0036630036630036	0.0353650744117275	salamandrivorans	life_stage	liq_Zoospore	liq_Developed	up_in_liq_Zoospore	-10.52160691243137	1061.0	C23H44NO7P	[M + H]+	1-Linoleoyl-Sn-Glycero-3-Phosphoethanolamine	CCCCCC=CCC=CCCCCCCCC(=O)OCC(COP(=O)(O)OCCN)O	0.537	Fatty acids	Glycerophosphoethanolamines	Carboxylic acids and derivatives	9056.0	EB-MSV000090464-gnps_ms2	transferred	4.0	478.2925	6.82	478.2907	6.822774	-3.763	0.003	1.0	ms2_tie	assigned	1.0	9056.0	C23H44NO7P	False	False	True	False	False
25173	1536.833	4.770188	1.4625324855796868e-05	3.3648617645059298e-06	1.935857077009361	1.0	0.6	0.4	47.0	0.0036630036630036	0.0353650744117275	salamandrivorans	life_stage	liq_Zoospore	liq_Developed	up_in_liq_Zoospore	3.1546690479227824																											True	False	False	False
22374	1100.618	4.53965	1.4646682382782384e-05	3.532309634938561e-06	1.87848745164742	1.0	0.6	0.4	47.0	0.0036630036630036	0.0353650744117275	salamandrivorans	life_stage	liq_Zoospore	liq_Developed	up_in_liq_Zoospore	3.199824881603591																											True	False	False	False
30632	1146.6481	4.510528	1.1393499548352571e-05	2.927110782454787e-06	1.7600385421327738	1.0	0.6	0.4	47.0	0.0036630036630036	0.0353650744117275	salamandrivorans	life_stage	liq_Zoospore	liq_Developed	up_in_liq_Zoospore	3.346631760171405																											True	False	False	False
4480	1031.5103	1.990073	7.046823995831441e-05	2.042770672447669e-05	1.7559644218648844	1.0	0.6	0.4	47.0	0.0036630036630036	0.0353650744117275	salamandrivorans	life_stage	liq_Zoospore	liq_Developed	up_in_liq_Zoospore	-0.3636057041814176																											False	False	False	False
26048	1054.5736	4.837736	1.2987628684035637e-05	3.44727216116116e-06	1.742367584141637	1.0	0.6	0.4	47.0	0.0036630036630036	0.0353650744117275	salamandrivorans	life_stage	liq_Zoospore	liq_Developed	up_in_liq_Zoospore	3.5879175685508584																											True	False	False	False
5015	824.4135	2.461	9.377304216704626e-05	2.9163952582112164e-05	1.6641566732973605	1.0	0.6	0.4	47.0	0.0036630036630036	0.0353650744117275	salamandrivorans	life_stage	liq_Zoospore	liq_Developed	up_in_liq_Zoospore	1.3288338881538388																											True	False	False	False
29201	1228.6747	4.097	1.2922774610710508e-05	3.740956499586327e-06	1.6348838101449163	1.0	0.6	0.4	47.0	0.0036630036630036	0.0353650744117275	salamandrivorans	life_stage	liq_Zoospore	liq_Developed	up_in_liq_Zoospore	3.043234038025544																											True	False	False	False
10850	800.4847	3.849019	5.452360421128501e-05	1.7506636629447308e-05	1.605100639463883	1.0	0.6	0.4	47.0	0.0036630036630036	0.0353650744117275	salamandrivorans	life_stage	liq_Zoospore	liq_Developed	up_in_liq_Zoospore	6.027469938395534	10850.0	C35H63N13O7	[M + Na]+	fur-2-oyl-DL-Leu-DL-xiIle-Gly-DL-Arg-DL-Leu-DL-Orn-NH2	CCC(C)C(C(=O)NCC(=O)NC(CCCN=C(N)N)C(=O)NC(CC(C)C)C(=O)NC(CCCN)C(=O)N)NC(=O)C(CC(C)C)NC(=O)C1=CC=CO1	0.117	Amino acids and Peptides	Cyclic peptides	Carboxylic acids and derivatives	10850.0	native-full-e9838293-bagel	native	1.0								native	native	1.0	10850.0	C35H63N13O7	False	True	False	False	False
31421	670.389	4.086276	1.0836633180820473e-05	3.561786266572656e-06	1.4540670798122923	1.0	0.6	0.4	47.0	0.0036630036630036	0.0353650744117275	salamandrivorans	life_stage	liq_Zoospore	liq_Developed	up_in_liq_Zoospore	3.0393933198901637																											True	False	False	False
32062	683.8492	4.067341	9.022403446423584e-06	2.930078698951361e-06	1.4416299021195569	1.0	0.6	0.4	47.0	0.0036630036630036	0.0353650744117275	salamandrivorans	life_stage	liq_Zoospore	liq_Developed	up_in_liq_Zoospore	3.1919928448575754																											True	False	False	False
10795	552.8419	2.89	3.8640788926033615e-05	1.6739783951965993e-05	1.1773560786115944	1.0	0.6	0.4	47.0	0.0036630036630036	0.0353650744117275	salamandrivorans	life_stage	liq_Zoospore	liq_Developed	up_in_liq_Zoospore	5.227358292040224																											True	False	False	False
24766	1285.7906	3.799786	5.347992495361217e-05	2.528172111838414e-05	1.062588589723432	1.0	0.6	0.4	47.0	0.0036630036630036	0.0353650744117275	salamandrivorans	life_stage	liq_Zoospore	liq_Developed	up_in_liq_Zoospore	5.694098949834147																											True	False	False	False
25402	762.8572	1.484	2.904050436929956e-05	1.3690474031409594e-05	1.0514895725579885	1.0	0.6	0.4	47.0	0.0036630036630036	0.0353650744117275	salamandrivorans	life_stage	liq_Zoospore	liq_Developed	up_in_liq_Zoospore	4.743006032305927																											True	False	False	False
8902	816.9748	3.080663	4.301522678574395e-05	2.0828508260647136e-05	1.0246277193128617	1.0	0.6	0.4	47.0	0.0036630036630036	0.0353650744117275	salamandrivorans	life_stage	liq_Zoospore	liq_Developed	up_in_liq_Zoospore	5.733359369101862																											True	False	False	False
31228	1063.0704	4.493655	9.511766675754316e-06	4.494780617391285e-06	0.9861894227042994	1.0	0.6	0.4	47.0	0.0036630036630036	0.0353650744117275	salamandrivorans	life_stage	liq_Zoospore	liq_Developed	up_in_liq_Zoospore	3.188879541925666																											True	False	False	False
14938	739.3394	1.549	3.4960234479021375e-05	1.773085150230519e-05	0.9552420745521883	1.0	0.6	0.4	47.0	0.0036630036630036	0.0353650744117275	salamandrivorans	life_stage	liq_Zoospore	liq_Developed	up_in_liq_Zoospore	5.312892981858289																											True	False	False	False
7157	1019.4652	1.7535	3.323296576423699e-05	1.9803366687433008e-05	0.7290711393331922	1.0	0.6	0.4	47.0	0.0036630036630036	0.0353650744117275	salamandrivorans	life_stage	liq_Zoospore	liq_Developed	up_in_liq_Zoospore	5.296009249990844																											True	False	False	False
25331	1032.0929	4.060398	1.7476314029570837e-05	1.0841105472095462e-05	0.6589655034953686	1.0	0.6	0.4	47.0	0.0036630036630036	0.0353650744117275	salamandrivorans	life_stage	liq_Zoospore	liq_Developed	up_in_liq_Zoospore	4.512827558313191																											True	False	False	False
12222	1004.5438	3.13	8.83617480833392e-05	0.0	7.1658905585426655	1.0	0.2	0.8	45.0	0.0039960039960039	0.0384242020605657	salamandrivorans	life_stage	liq_Zoospore	liq_Developed	up_in_liq_Zoospore	0.0																											False	False	False	False
26222	963.5384	3.721	2.33076617806134e-05	0.0	5.271045414093145	1.0	0.2	0.8	45.0	0.0039960039960039	0.0384242020605657	salamandrivorans	life_stage	liq_Zoospore	liq_Developed	up_in_liq_Zoospore	0.0																											False	False	False	False
19329	506.8083	2.845829	1.90690420359763e-05	0.0	4.989754455914723	1.0	0.2	0.8	45.0	0.0039960039960039	0.0384242020605657	salamandrivorans	life_stage	liq_Zoospore	liq_Developed	up_in_liq_Zoospore	0.0																											False	False	False	False
20057	976.4429	3.729456	1.7675270925075027e-05	0.0	4.883830401226259	1.0	0.2	0.8	45.0	0.0039960039960039	0.0384242020605657	salamandrivorans	life_stage	liq_Zoospore	liq_Developed	up_in_liq_Zoospore	0.0																											False	False	False	False
15070	387.7137	1.57	1.5103335552280566e-05	0.0	4.6652624986885645	1.0	0.2	0.8	45.0	0.0039960039960039	0.0384242020605657	salamandrivorans	life_stage	liq_Zoospore	liq_Developed	up_in_liq_Zoospore	0.0	15070.0	C5Br3F2N	[M + K]+							15070.0	native-full-e9838293-bagel	native	1.0								native	native	1.0	15070.0	C5Br3F2N	False	False	False	False	False
29285	743.4512	3.658301	1.367906194993981e-05	0.0	4.528272564822983	1.0	0.2	0.8	45.0	0.0039960039960039	0.0384242020605657	salamandrivorans	life_stage	liq_Zoospore	liq_Developed	up_in_liq_Zoospore	0.0																											False	False	False	False
30316	654.3605	3.754597	1.298759273994409e-05	0.0	4.456762167850867	1.0	0.2	0.8	45.0	0.0039960039960039	0.0384242020605657	salamandrivorans	life_stage	liq_Zoospore	liq_Developed	up_in_liq_Zoospore	0.0																											False	False	False	False
30543	518.2531	6.184519	2.9711958932681764e-06	0.0	2.534785077016876	1.0	0.2	0.8	45.0	0.0039960039960039	0.0384242020605657	salamandrivorans	life_stage	liq_Zoospore	liq_Developed	up_in_liq_Zoospore	-5.250236053304334																											False	True	False	False
4630	316.6643	2.425	0.0002542900791263	0.0	8.68430125237669	1.0	0.4	0.6	47.0	0.0043290043290043	0.0395299344939632	salamandrivorans	life_stage	liq_Zoospore	liq_Developed	up_in_liq_Zoospore	1.1049287353378028																											True	False	False	False
2210	781.4653	3.833	0.0002131110769645	0.0	8.43010915390351	1.0	0.4	0.6	47.0	0.0043290043290043	0.0395299344939632	salamandrivorans	life_stage	liq_Zoospore	liq_Developed	up_in_liq_Zoospore	6.927037582048091	2210.0	C40H60N8O8	[M + H]+	2-[21-benzyl-18-(butan-2-yl)-15-(2-methylpropyl)-2,5,8,14,17,20,23-heptaoxo-6-(propan-2-yl)-1,4,7,13,16,19,22-heptaazatricyclo[22.3.0.0⁹,¹³]heptacosan-3-yl]acetamide	CCC(C)C1C(=O)NC(C(=O)N2CCCC2C(=O)NC(C(=O)NC(C(=O)N3CCCC3C(=O)NC(C(=O)N1)CC4=CC=CC=C4)CC(=O)N)C(C)C)CC(C)C	0.61	Amino acids and Peptides	Cyclic peptides	Carboxylic acids and derivatives	8250.0	EB-MSV000090464-gnps_ms2	transferred	5.0	781.4635	3.83	781.4653	3.833	2.303	0.003	0.9798	ms2_tie	assigned	1.0	8250.0	C40H60N8O8	False	True	False	False	False
5609	776.3724	1.864	0.0	9.538311943321282e-05	-7.275462808459415	0.2	0.9	-0.7	3.0	0.0043290043290043	0.0395299344939632	salamandrivorans	life_stage	liq_Zoospore	liq_Developed	up_in_liq_Developed	6.753282952158264	5609.0	C36H51N9O9	[M + Na]+	H-Ala-Ala-Ile-Met-Met-Gln-Ala-Gly-al	CCC(C)C(C(=O)NC(CCSC)C(=O)NC(CCSC)C(=O)NC(CCC(=O)N)C(=O)NC(C)C(=O)NCC=O)NC(=O)C(C)NC(=O)C(C)N	0.163	Amino acids and Peptides	Cyclic peptides	Carboxylic acids and derivatives	5609.0	native-full-e9838293-bagel	native	1.0								native	native	1.0	5609.0	C36H51N9O9	False	True	True	True	False
1679	1234.4686	2.308145	0.0	7.420827185549947e-05	-6.915963521802795	0.2	0.9	-0.7	3.0	0.0043290043290043	0.0395299344939632	salamandrivorans	life_stage	liq_Zoospore	liq_Developed	up_in_liq_Developed	6.496664181694575																											True	True	True	False
5962	826.6252	1.628	6.749818446102571e-05	0.0	6.7804193970422855	1.0	0.4	0.6	47.0	0.0043290043290043	0.0395299344939632	salamandrivorans	life_stage	liq_Zoospore	liq_Developed	up_in_liq_Zoospore	6.3213201744347645																											True	False	False	False
14240	868.917	2.033	6.721449806818137e-05	0.0	6.774398543248385	1.0	0.4	0.6	47.0	0.0043290043290043	0.0395299344939632	salamandrivorans	life_stage	liq_Zoospore	liq_Developed	up_in_liq_Zoospore	6.018143707719098																											True	False	False	False
8319	801.3984	2.55673	0.0	6.680844217171938e-05	-6.765736605850864	0.4	1.0	-0.6	3.0	0.0043290043290043	0.0395299344939632	salamandrivorans	life_stage	liq_Zoospore	liq_Developed	up_in_liq_Developed	0.9270769727653924																											False	True	False	False
4338	666.9821	1.96475	0.0	6.269886692336545e-05	-6.675014301491174	0.2	0.9	-0.7	3.0	0.0043290043290043	0.0395299344939632	salamandrivorans	life_stage	liq_Zoospore	liq_Developed	up_in_liq_Developed	6.369111907470527																											True	True	True	False
36143	614.3188	1.790981	0.0	6.200367091267616e-05	-6.659086855423671	0.4	1.0	-0.6	3.0	0.0043290043290043	0.0395299344939632	salamandrivorans	life_stage	liq_Zoospore	liq_Developed	up_in_liq_Developed	-0.3123427658478976																											False	True	False	False
8983	806.3694	2.266918	0.0	5.6340942658632426e-05	-6.522351011745753	0.2	0.9	-0.7	3.0	0.0043290043290043	0.0395299344939632	salamandrivorans	life_stage	liq_Zoospore	liq_Developed	up_in_liq_Developed	5.899294772073029																											True	True	True	False
13974	774.3865	2.744492	0.0	5.59619123767006e-05	-6.512718869865188	0.2	0.9	-0.7	3.0	0.0043290043290043	0.0395299344939632	salamandrivorans	life_stage	liq_Zoospore	liq_Developed	up_in_liq_Developed	5.972478998877876																											True	False	False	False
6744	604.8569	2.5995	5.499385217699202e-05	0.0	6.48782205029994	1.0	0.4	0.6	47.0	0.0043290043290043	0.0395299344939632	salamandrivorans	life_stage	liq_Zoospore	liq_Developed	up_in_liq_Zoospore	5.426295910249734																											True	False	False	False
14813	1177.6029	3.1555	0.0	5.285755986216483e-05	-6.431311061577114	0.2	0.9	-0.7	3.0	0.0043290043290043	0.0395299344939632	salamandrivorans	life_stage	liq_Zoospore	liq_Developed	up_in_liq_Developed	6.000584825290856																											True	False	False	False
17086	646.3339	1.989	4.898434755897395e-05	0.0	6.322843271564789	1.0	0.4	0.6	47.0	0.0043290043290043	0.0395299344939632	salamandrivorans	life_stage	liq_Zoospore	liq_Developed	up_in_liq_Zoospore	5.534519036723802																											True	False	False	False
33002	417.7282	2.211404	0.0	4.887472227087864e-05	-6.319651374414256	0.2	0.9	-0.7	3.0	0.0043290043290043	0.0395299344939632	salamandrivorans	life_stage	liq_Zoospore	liq_Developed	up_in_liq_Developed	0.5861944427331569																											False	True	False	False
13642	898.9841	3.571	4.736832750065488e-05	0.0	6.275059897542716	1.0	0.4	0.6	47.0	0.0043290043290043	0.0395299344939632	salamandrivorans	life_stage	liq_Zoospore	liq_Developed	up_in_liq_Zoospore	4.904992849845013																											True	False	False	False
11491	405.7291	3.178644	0.0	4.624808642031537e-05	-6.240982010287729	0.2	0.9	-0.7	3.0	0.0043290043290043	0.0395299344939632	salamandrivorans	life_stage	liq_Zoospore	liq_Developed	up_in_liq_Developed	5.023203245723767																											True	True	True	False
17006	811.3677	0.625	0.0	4.568808197911598e-05	-6.2236399941215925	0.4	1.0	-0.6	3.0	0.0043290043290043	0.0395299344939632	salamandrivorans	life_stage	liq_Zoospore	liq_Developed	up_in_liq_Developed	0.1909926095727346																											False	True	False	False
8885	316.6909	2.101	4.522444960772848e-05	0.0	6.209122959443958	1.0	0.4	0.6	47.0	0.0043290043290043	0.0395299344939632	salamandrivorans	life_stage	liq_Zoospore	liq_Developed	up_in_liq_Zoospore	5.289227787119077																											True	False	False	False
15355	626.8379	2.298465	0.0	4.460863683389897e-05	-6.189612249851659	0.2	0.9	-0.7	3.0	0.0043290043290043	0.0395299344939632	salamandrivorans	life_stage	liq_Zoospore	liq_Developed	up_in_liq_Developed	5.71493052883977																											True	True	True	False
13523	515.782	2.777	0.0	4.357589132368099e-05	-6.1562877350152485	0.2	0.9	-0.7	3.0	0.0043290043290043	0.0395299344939632	salamandrivorans	life_stage	liq_Zoospore	liq_Developed	up_in_liq_Developed	5.641050771677826																											True	True	True	False
14179	675.8389	3.368671	3.942713834554481e-05	0.0	6.014073474469331	1.0	0.4	0.6	47.0	0.0043290043290043	0.0395299344939632	salamandrivorans	life_stage	liq_Zoospore	liq_Developed	up_in_liq_Zoospore	4.706472652670513																											True	False	False	False
15198	1025.4535	1.376473	0.0	3.6326920106250106e-05	-5.89782738811314	0.2	0.9	-0.7	3.0	0.0043290043290043	0.0395299344939632	salamandrivorans	life_stage	liq_Zoospore	liq_Developed	up_in_liq_Developed	4.9704203518544245																											True	True	True	False
15469	801.4014	1.929858	0.0	3.252730632235283e-05	-5.741263381934014	0.4	1.0	-0.6	3.0	0.0043290043290043	0.0395299344939632	salamandrivorans	life_stage	liq_Zoospore	liq_Developed	up_in_liq_Developed	5.677200340144867																											True	False	False	False
18438	503.2329	1.786516	0.0	3.191185646292787e-05	-5.714224616793961	0.4	1.0	-0.6	3.0	0.0043290043290043	0.0395299344939632	salamandrivorans	life_stage	liq_Zoospore	liq_Developed	up_in_liq_Developed	5.513910156176479																											True	True	True	False
11975	310.6971	1.69	2.739175268387087e-05	0.0	5.498401262672725	1.0	0.4	0.6	47.0	0.0043290043290043	0.0395299344939632	salamandrivorans	life_stage	liq_Zoospore	liq_Developed	up_in_liq_Zoospore	4.928576917336792																											True	False	False	False
25725	939.9326	1.833	2.4563571958006688e-05	0.0	5.344849947672929	1.0	0.4	0.6	47.0	0.0043290043290043	0.0395299344939632	salamandrivorans	life_stage	liq_Zoospore	liq_Developed	up_in_liq_Zoospore	4.84599788545776																											True	False	False	False
16503	559.2946	1.076538	0.0	2.0863873741998752e-05	-5.115617785572207	0.2	0.9	-0.7	3.0	0.0043290043290043	0.0395299344939632	salamandrivorans	life_stage	liq_Zoospore	liq_Developed	up_in_liq_Developed	4.548850426672233																											True	True	True	False
36013	351.1781	1.067	0.0	1.806936149110589e-05	-4.914577473137156	0.2	0.9	-0.7	3.0	0.0043290043290043	0.0395299344939632	salamandrivorans	life_stage	liq_Zoospore	liq_Developed	up_in_liq_Developed	4.367438149990673																											True	True	True	False
22392	1256.6692	4.640718	1.7345090372561283e-05	0.0	4.85755531670956	1.0	0.4	0.6	47.0	0.0043290043290043	0.0395299344939632	salamandrivorans	life_stage	liq_Zoospore	liq_Developed	up_in_liq_Zoospore	3.2459529198529364																											True	False	False	False
20552	378.2291	3.671109	0.0	1.6646278785677072e-05	-4.800315196529644	0.2	0.9	-0.7	3.0	0.0043290043290043	0.0395299344939632	salamandrivorans	life_stage	liq_Zoospore	liq_Developed	up_in_liq_Developed	4.637190034570593																											True	False	False	False
27497	904.5206	4.6793	1.3590794756276e-05	0.0	4.519339084987777	1.0	0.4	0.6	47.0	0.0043290043290043	0.0395299344939632	salamandrivorans	life_stage	liq_Zoospore	liq_Developed	up_in_liq_Zoospore	3.5749611731858777																											True	False	False	False
23396	783.4487	4.688402	1.3570974753539978e-05	0.0	4.517325484021308	1.0	0.4	0.6	47.0	0.0043290043290043	0.0395299344939632	salamandrivorans	life_stage	liq_Zoospore	liq_Developed	up_in_liq_Zoospore	3.5259591115770315																											True	False	False	False
26684	317.2266	1.320485	0.0	1.3332476452930676e-05	-4.49287241026127	0.4	1.0	-0.6	3.0	0.0043290043290043	0.0395299344939632	salamandrivorans	life_stage	liq_Zoospore	liq_Developed	up_in_liq_Developed	4.004673923246535																											True	False	False	False
30132	1535.8391	4.001466	0.0	1.3117177504381333e-05	-4.470436255231591	0.2	0.9	-0.7	3.0	0.0043290043290043	0.0395299344939632	salamandrivorans	life_stage	liq_Zoospore	liq_Developed	up_in_liq_Developed	3.797481324447937																											True	True	True	False
26478	1468.7758	4.630744	1.1736029191548929e-05	0.0	4.317561798625188	1.0	0.4	0.6	47.0	0.0043290043290043	0.0395299344939632	salamandrivorans	life_stage	liq_Zoospore	liq_Developed	up_in_liq_Zoospore	2.6618208771310843																											True	False	False	False
27029	750.3925	4.2005	0.0	1.134030165730578e-05	-4.270599065417627	0.4	1.0	-0.6	3.0	0.0043290043290043	0.0395299344939632	salamandrivorans	life_stage	liq_Zoospore	liq_Developed	up_in_liq_Developed	4.07593699439969																											True	False	False	False
27359	1106.6078	4.650348	1.107521422693582e-05	0.0	4.238262638670644	1.0	0.4	0.6	47.0	0.0043290043290043	0.0395299344939632	salamandrivorans	life_stage	liq_Zoospore	liq_Developed	up_in_liq_Zoospore	2.8007620266897804																											True	False	False	False
28922	891.9965	4.692197	1.0657228525435742e-05	0.0	4.185755337945028	1.0	0.4	0.6	47.0	0.0043290043290043	0.0395299344939632	salamandrivorans	life_stage	liq_Zoospore	liq_Developed	up_in_liq_Zoospore	2.9356376589799464																											True	False	False	False
17162	697.06	4.456779	1.0280842745462562e-05	0.0	4.136780939628215	1.0	0.4	0.6	47.0	0.0043290043290043	0.0395299344939632	salamandrivorans	life_stage	liq_Zoospore	liq_Developed	up_in_liq_Zoospore	2.646428168392577																											True	False	False	False
30974	766.968	4.707288	9.767686853038012e-06	0.0	4.067213450132641	1.0	0.4	0.6	47.0	0.0043290043290043	0.0395299344939632	salamandrivorans	life_stage	liq_Zoospore	liq_Developed	up_in_liq_Zoospore	2.37924813294667																											True	False	False	False
34137	670.8886	4.088839	9.128711712859348e-06	0.0	3.975619383116733	1.0	0.4	0.6	47.0	0.0043290043290043	0.0395299344939632	salamandrivorans	life_stage	liq_Zoospore	liq_Developed	up_in_liq_Zoospore	2.701073258157007																											True	False	False	False
32480	1224.1604	4.411742	8.674412429395593e-06	0.0	3.906768985075837	1.0	0.4	0.6	47.0	0.0043290043290043	0.0395299344939632	salamandrivorans	life_stage	liq_Zoospore	liq_Developed	up_in_liq_Zoospore	2.880043503400024																											True	False	False	False
9075	619.8636	4.241	4.6352018311148414e-05	2.5697848955589866e-06	3.880415212394965	1.0	0.5	0.5	47.0	0.0043290043290043	0.0395299344939632	salamandrivorans	life_stage	liq_Zoospore	liq_Developed	up_in_liq_Zoospore	3.939793378090965	9075.0	C16H20Br3N3O6S	[M + H]+							9075.0	native-full-e9838293-bagel	native	1.0								native	native	1.0	9075.0	C16H20Br3N3O6S	False	True	False	False	False
32196	1074.0448	4.395778	8.171843178473165e-06	0.0	3.826567928848605	1.0	0.4	0.6	47.0	0.0043290043290043	0.0395299344939632	salamandrivorans	life_stage	liq_Zoospore	liq_Developed	up_in_liq_Zoospore	2.450136895470287																											True	False	False	False
36385	729.7521	4.646176	3.0992926660181806e-05	1.8367987514765924e-06	3.685848874307169	1.0	0.5	0.5	47.0	0.0043290043290043	0.0395299344939632	salamandrivorans	life_stage	liq_Zoospore	liq_Developed	up_in_liq_Zoospore	4.216970640199636																											True	False	False	False
37634	1066.6198	4.757704	6.025536053756432e-06	0.0	3.422769666307485	1.0	0.4	0.6	47.0	0.0043290043290043	0.0395299344939632	salamandrivorans	life_stage	liq_Zoospore	liq_Developed	up_in_liq_Zoospore	2.11435421677893																											True	False	False	False
10650	687.387	3.658641	5.920685411935005e-05	5.449737105336089e-06	3.301160556804359	1.0	0.5	0.5	47.0	0.0043290043290043	0.0395299344939632	salamandrivorans	life_stage	liq_Zoospore	liq_Developed	up_in_liq_Zoospore	4.526422870560014																											True	False	False	False
13463	879.5243	4.567593	3.4305079676678976e-05	2.9776317063222123e-06	3.279267437085699	1.0	0.5	0.5	47.0	0.0043290043290043	0.0395299344939632	salamandrivorans	life_stage	liq_Zoospore	liq_Developed	up_in_liq_Zoospore	3.988413833566248																											True	False	False	False
10710	1255.677	4.248	4.621175788917042e-05	4.47904913202534e-06	3.1992735692472687	1.0	0.5	0.5	47.0	0.0043290043290043	0.0395299344939632	salamandrivorans	life_stage	liq_Zoospore	liq_Developed	up_in_liq_Zoospore	4.491504107827919	10710.0	C65H97FN8O13	[M + K]+		CC(CNC1CC2(CC3CCC2C14CCC(C4)CCNC(=NCSSC5C=CNC6C5=C(C(=CN6)CC7=CC(=C(C=C7C(=CC(=O)CC(=O)C3)CO)OC)O)CCC8=CC=CC(=C8)CCC9=CC=CC=C9)N)CC1C2CCNCC2CC2C1NCC=C2)O		Amino acids and Peptides	Linear peptides	Carboxylic acids and derivatives	10710.0	native-full-e9838293-bagel	native	1.0								native	native	1.0	10710.0	C65H97FN8O13	False	True	False	False	False
6340	472.2412	3.834	8.251541282535268e-05	8.510221308211184e-06	3.186789679392734	1.0	0.5	0.5	47.0	0.0043290043290043	0.0395299344939632	salamandrivorans	life_stage	liq_Zoospore	liq_Developed	up_in_liq_Zoospore	5.791952382853429																											True	False	False	False
23231	798.9626	4.766679	2.0490163572061354e-05	1.7545748923386062e-06	3.152381641558456	1.0	0.5	0.5	47.0	0.0043290043290043	0.0395299344939632	salamandrivorans	life_stage	liq_Zoospore	liq_Developed	up_in_liq_Zoospore	3.113852251500881																											True	False	False	False
32081	270.279	6.492014	0.0	4.690088649707224e-06	-3.0991012992673244	0.2	0.9	-0.7	3.0	0.0043290043290043	0.0395299344939632	salamandrivorans	life_stage	liq_Zoospore	liq_Developed	up_in_liq_Developed	2.4814272164431417																											True	False	False	False
38217	1365.7903	4.862447	4.403357312090926e-06	0.0	3.019011928697789	1.0	0.4	0.6	47.0	0.0043290043290043	0.0395299344939632	salamandrivorans	life_stage	liq_Zoospore	liq_Developed	up_in_liq_Zoospore	1.8422834654829017																											True	False	False	False
10632	1238.6123	3.618	6.84753783718176e-05	8.47605741058098e-06	2.9253232122921675	1.0	0.5	0.5	47.0	0.0043290043290043	0.0395299344939632	salamandrivorans	life_stage	liq_Zoospore	liq_Developed	up_in_liq_Zoospore	5.181061405143788																											True	False	False	False
10179	837.7955	4.438124	3.255026872469023e-05	4.131762768389995e-06	2.803445247013311	1.0	0.5	0.5	47.0	0.0043290043290043	0.0395299344939632	salamandrivorans	life_stage	liq_Zoospore	liq_Developed	up_in_liq_Zoospore	4.541046175602807	10179.0	C22H23Br4N3O10S	[M + H]+		COC1=C(C(C2(CC(=NO2)C(=O)NCCCOC3=C(C=C(C=C3Br)CC(C(=O)O)NS(=O)(=O)O)Br)C=C1Br)O)Br		Amino acids and Peptides	Tripeptides	Carboxylic acids and derivatives	10179.0	native-full-e9838293-bagel	native	1.0								native	native	1.0	10179.0	C22H23Br4N3O10S	False	True	False	False	False
34133	619.3655	4.405553	1.3710738363750731e-05	1.4460107309569606e-06	2.7943983866966127	1.0	0.5	0.5	47.0	0.0043290043290043	0.0395299344939632	salamandrivorans	life_stage	liq_Zoospore	liq_Developed	up_in_liq_Zoospore	2.9013665746217314																											True	False	False	False
23881	661.8682	4.086	4.250852039320151e-05	5.768281445943857e-06	2.755208461491867	1.0	0.5	0.5	47.0	0.0043290043290043	0.0395299344939632	salamandrivorans	life_stage	liq_Zoospore	liq_Developed	up_in_liq_Zoospore	4.643812147822433																											True	False	False	False
23185	833.9637	4.23	1.0889030906465672e-05	1.0879261120630094e-06	2.7526957661056426	1.0	0.5	0.5	47.0	0.0043290043290043	0.0395299344939632	salamandrivorans	life_stage	liq_Zoospore	liq_Developed	up_in_liq_Zoospore	3.310517889397471																											True	False	False	False
13905	513.2775	2.261575	6.065777458071979e-05	8.826611960017715e-06	2.697539329454639	1.0	0.5	0.5	47.0	0.0043290043290043	0.0395299344939632	salamandrivorans	life_stage	liq_Zoospore	liq_Developed	up_in_liq_Zoospore	5.53471164563507																											True	False	False	False
34495	699.4405	4.460398	8.803503486112555e-06	8.608926759087824e-07	2.6700782407705246	1.0	0.5	0.5	47.0	0.0043290043290043	0.0395299344939632	salamandrivorans	life_stage	liq_Zoospore	liq_Developed	up_in_liq_Zoospore	3.051331605059127																											True	True	True	False
20710	784.4391	4.657818	1.88600471627012e-05	2.476131010436223e-06	2.653593237454865	1.0	0.5	0.5	47.0	0.0043290043290043	0.0395299344939632	salamandrivorans	life_stage	liq_Zoospore	liq_Developed	up_in_liq_Zoospore	3.862103197114993																											True	False	False	False
23682	829.9509	4.936931	1.4004560919108568e-05	1.749012631543008e-06	2.626210651420425	1.0	0.5	0.5	47.0	0.0043290043290043	0.0395299344939632	salamandrivorans	life_stage	liq_Zoospore	liq_Developed	up_in_liq_Zoospore	3.219319786326281																											True	False	False	False
29150	1055.0773	4.82688	1.4496429532768882e-05	1.8449318684380968e-06	2.616665848188664	1.0	0.5	0.5	47.0	0.0043290043290043	0.0395299344939632	salamandrivorans	life_stage	liq_Zoospore	liq_Developed	up_in_liq_Zoospore	3.143069311685929																											True	False	False	False
8084	774.4302	2.58	7.760598410026315e-05	1.2322916052795522e-05	2.5955171297948816	1.0	0.5	0.5	47.0	0.0043290043290043	0.0395299344939632	salamandrivorans	life_stage	liq_Zoospore	liq_Developed	up_in_liq_Zoospore	6.531140008022169																											True	False	False	False
19980	691.7331	4.597703	1.658277052620475e-05	2.295914567256632e-06	2.560761585907997	1.0	0.5	0.5	47.0	0.0043290043290043	0.0395299344939632	salamandrivorans	life_stage	liq_Zoospore	liq_Developed	up_in_liq_Zoospore	3.735149214949948	19980.0	C12H19Br4NO10	[M + K]+							19980.0	native-full-e9838293-bagel	native	1.0								native	native	1.0	19980.0	C12H19Br4NO10	False	True	False	False	False
25985	1095.1029	4.35197	1.2773839457137904e-05	1.797043381239154e-06	2.4704221818076424	1.0	0.5	0.5	47.0	0.0043290043290043	0.0395299344939632	salamandrivorans	life_stage	liq_Zoospore	liq_Developed	up_in_liq_Zoospore	3.120840601102047																											True	False	False	False
25039	1051.5974	4.352703	9.863789012981715e-06	1.2745202660930731e-06	2.468469860315478	1.0	0.5	0.5	47.0	0.0043290043290043	0.0395299344939632	salamandrivorans	life_stage	liq_Zoospore	liq_Developed	up_in_liq_Zoospore	3.263610609293264																											True	False	False	False
22472	958.069	3.759492	2.0504937368425853e-05	3.283871862228928e-06	2.436072842551366	1.0	0.5	0.5	47.0	0.0043290043290043	0.0395299344939632	salamandrivorans	life_stage	liq_Zoospore	liq_Developed	up_in_liq_Zoospore	4.422075677072345																											True	False	False	False
12161	691.0676	4.563132	1.809234197932152e-05	2.884249314989865e-06	2.416927631593322	1.0	0.5	0.5	47.0	0.0043290043290043	0.0395299344939632	salamandrivorans	life_stage	liq_Zoospore	liq_Developed	up_in_liq_Zoospore	3.783945781831415	12161.0	C24H26N4O14S3	[M + H]+	2-(N-[4,5-dimethyl-6-(2-methyl-4-sulfoanilino)pyridin-2-yl]-2-methyl-4-sulfoanilino)-1,3-benzothiazole-6-sulfonic acid	CC1=CC(=NC(=C1C)NC2=C(C=C(C=C2)S(=O)(=O)O)C)N(C3=C(C=C(C=C3)S(=O)(=O)O)C)C4=NC5=C(S4)C=C(C=C5)S(=O)(=O)O		Amino acids and Peptides	Cyclic peptides	Carboxylic acids and derivatives	12161.0	native-full-e9838293-bagel	native	1.0								native	native	1.0	12161.0	C24H26N4O14S3	False	True	False	False	False
15184	1222.6865	4.098693	3.2262112166980365e-05	5.572521401343095e-06	2.4087690097909418	1.0	0.5	0.5	47.0	0.0043290043290043	0.0395299344939632	salamandrivorans	life_stage	liq_Zoospore	liq_Developed	up_in_liq_Zoospore	4.827285283638638																											True	False	False	False
31844	1268.1693	4.560745	1.0901889659196672e-05	1.581995344764908e-06	2.387675896583609	1.0	0.5	0.5	47.0	0.0043290043290043	0.0395299344939632	salamandrivorans	life_stage	liq_Zoospore	liq_Developed	up_in_liq_Zoospore	2.9311152561294858																											True	False	False	False
27761	1126.1019	4.588388	9.98601743659136e-06	1.428688971303872e-06	2.37230513688435	1.0	0.5	0.5	47.0	0.0043290043290043	0.0395299344939632	salamandrivorans	life_stage	liq_Zoospore	liq_Developed	up_in_liq_Zoospore	2.9151396529298674																											True	False	False	False
13729	1046.1157	4.600209	3.712207064742196e-05	6.67772881689304e-06	2.3707088515455315	1.0	0.7	0.3	47.0	0.0043290043290043	0.0395299344939632	salamandrivorans	life_stage	liq_Zoospore	liq_Developed	up_in_liq_Zoospore	4.501426482286674																											True	False	False	False
13030	570.8258	2.490043	5.4577821276534135e-05	1.0173766559202296e-05	2.354449829499282	1.0	0.5	0.5	47.0	0.0043290043290043	0.0395299344939632	salamandrivorans	life_stage	liq_Zoospore	liq_Developed	up_in_liq_Zoospore	5.348478877496786																											True	False	False	False
27419	782.95	4.686215	1.3333409292732845e-05	2.1307568339862293e-06	2.3428616519020804	1.0	0.5	0.5	47.0	0.0043290043290043	0.0395299344939632	salamandrivorans	life_stage	liq_Zoospore	liq_Developed	up_in_liq_Zoospore	3.2622681869346546																											True	False	False	False
33130	951.9875	4.511077	6.777258643890334e-06	8.541817591219855e-07	2.3273452414450264	1.0	0.5	0.5	47.0	0.0043290043290043	0.0395299344939632	salamandrivorans	life_stage	liq_Zoospore	liq_Developed	up_in_liq_Zoospore	2.6143207776747457																											True	False	False	False
33923	1105.1069	5.00983	7.773795836805886e-06	1.0617647333877935e-06	2.319582895077932	1.0	0.5	0.5	47.0	0.0043290043290043	0.0395299344939632	salamandrivorans	life_stage	liq_Zoospore	liq_Developed	up_in_liq_Zoospore	2.5800494782281733																											True	False	False	False
30210	741.8922	4.476898	1.0850246795520814e-05	1.862184037113438e-06	2.208370740792953	1.0	0.5	0.5	47.0	0.0043290043290043	0.0395299344939632	salamandrivorans	life_stage	liq_Zoospore	liq_Developed	up_in_liq_Zoospore	3.1189833519960186																											True	False	False	False
26553	745.9395	4.490684	1.0497370149727056e-05	1.845997295283584e-06	2.172728669494996	1.0	0.5	0.5	47.0	0.0043290043290043	0.0395299344939632	salamandrivorans	life_stage	liq_Zoospore	liq_Developed	up_in_liq_Zoospore	3.0889964750112697																											True	False	False	False
24068	694.8128	4.054439	1.5784589274898656e-05	3.0275028431872176e-06	2.169224019339968	1.0	0.5	0.5	47.0	0.0043290043290043	0.0395299344939632	salamandrivorans	life_stage	liq_Zoospore	liq_Developed	up_in_liq_Zoospore	3.6277199141236967																											True	False	False	False
21115	694.313	4.06767	2.272575618970689e-05	4.594975238558409e-06	2.1625017397843265	1.0	0.5	0.5	47.0	0.0043290043290043	0.0395299344939632	salamandrivorans	life_stage	liq_Zoospore	liq_Developed	up_in_liq_Zoospore	4.165014775790105																											True	False	False	False
35280	1160.6357	4.398729	8.733224350123639e-06	1.4801566703026042e-06	2.1551496516635247	1.0	0.5	0.5	47.0	0.0043290043290043	0.0395299344939632	salamandrivorans	life_stage	liq_Zoospore	liq_Developed	up_in_liq_Zoospore	2.8695940449766413																											True	False	False	False
17164	857.0054	3.728513	2.598605455793277e-05	5.774359048414598e-06	2.056941743753889	1.0	0.5	0.5	47.0	0.0043290043290043	0.0395299344939632	salamandrivorans	life_stage	liq_Zoospore	liq_Developed	up_in_liq_Zoospore	4.573184780650856																											True	False	False	False
17017	788.5093	3.587	2.335421488086618e-05	5.1851735156756e-06	2.046137107122644	1.0	0.5	0.5	47.0	0.0043290043290043	0.0395299344939632	salamandrivorans	life_stage	liq_Zoospore	liq_Developed	up_in_liq_Zoospore	4.707809982031504																											True	False	False	False
10286	404.7576	2.253594	3.503468640116729e-05	8.099321753748646e-06	2.0318467864026286	1.0	0.5	0.5	47.0	0.0043290043290043	0.0395299344939632	salamandrivorans	life_stage	liq_Zoospore	liq_Developed	up_in_liq_Zoospore	5.315186093041294																											True	False	False	False
33273	901.4821	4.335626	7.133259613736463e-06	1.2796163389180064e-06	2.029291684624951	1.0	0.5	0.5	47.0	0.0043290043290043	0.0395299344939632	salamandrivorans	life_stage	liq_Zoospore	liq_Developed	up_in_liq_Zoospore	2.99689796454606																											True	False	False	False
17168	348.1964	2.267051	2.434624200246905e-05	5.510563998607995e-06	2.025947894500278	1.0	0.5	0.5	47.0	0.0043290043290043	0.0395299344939632	salamandrivorans	life_stage	liq_Zoospore	liq_Developed	up_in_liq_Zoospore	4.752741795609492																											True	False	False	False
30645	1046.5625	4.841736	8.20388455572436e-06	1.6188431492465846e-06	1.978825492680292	1.0	0.5	0.5	47.0	0.0043290043290043	0.0395299344939632	salamandrivorans	life_stage	liq_Zoospore	liq_Developed	up_in_liq_Zoospore	2.985599295699988																											True	False	False	False
7586	953.4548	0.954421	8.600997023676212e-05	2.2965874553069728e-05	1.8769584005238829	1.0	0.7	0.3	47.0	0.0043290043290043	0.0395299344939632	salamandrivorans	life_stage	liq_Zoospore	liq_Developed	up_in_liq_Zoospore	5.926428616602385																											True	False	False	False
29023	910.0009	4.152	1.2657469621839811e-05	3.123231816501351e-06	1.826718901894649	1.0	0.7	0.3	47.0	0.0043290043290043	0.0395299344939632	salamandrivorans	life_stage	liq_Zoospore	liq_Developed	up_in_liq_Zoospore	3.1908797163755827																											True	False	False	False
32627	934.0032	4.543088	7.769408722523028e-06	1.8212030442947728e-06	1.7811206365696983	1.0	0.5	0.5	47.0	0.0043290043290043	0.0395299344939632	salamandrivorans	life_stage	liq_Zoospore	liq_Developed	up_in_liq_Zoospore	2.995120621493964																											True	False	False	False
18487	685.6813	3.486152	1.700072009924358e-05	4.713930620305088e-06	1.724066639766774	1.0	0.5	0.5	47.0	0.0043290043290043	0.0395299344939632	salamandrivorans	life_stage	liq_Zoospore	liq_Developed	up_in_liq_Zoospore	4.350320846803844																											True	False	False	False
37657	1280.6986	4.708792	4.84335252359644e-06	1.1251876058192658e-06	1.6465974654918898	1.0	0.5	0.5	47.0	0.0043290043290043	0.0395299344939632	salamandrivorans	life_stage	liq_Zoospore	liq_Developed	up_in_liq_Zoospore	2.7496688725443432																											True	False	False	False
26372	564.8258	3.916443	3.4459582233458315e-05	1.1292042086976482e-05	1.5582382581157732	1.0	0.7	0.3	47.0	0.0043290043290043	0.0395299344939632	salamandrivorans	life_stage	liq_Zoospore	liq_Developed	up_in_liq_Zoospore	5.148425525347886																											True	False	False	False
22066	215.1397	3.066829	1.5056782452027786e-05	4.934975395863347e-06	1.4968346036679046	1.0	0.5	0.5	47.0	0.0043290043290043	0.0395299344939632	salamandrivorans	life_stage	liq_Zoospore	liq_Developed	up_in_liq_Zoospore	4.515569172008369																											True	False	False	False
32849	245.1131	3.979	4.577315141790535e-06	1.245048125936451e-06	1.478723891260934	1.0	0.5	0.5	47.0	0.0043290043290043	0.0395299344939632	salamandrivorans	life_stage	liq_Zoospore	liq_Developed	up_in_liq_Zoospore	2.7707501089559674																											True	False	False	False
29127	926.4805	4.512	1.1892189505746293e-05	4.027438602715784e-06	1.4288935181099025	1.0	0.7	0.3	47.0	0.0043290043290043	0.0395299344939632	salamandrivorans	life_stage	liq_Zoospore	liq_Developed	up_in_liq_Zoospore	3.428539309977268																											True	False	False	False
23418	1255.6838	4.067772	1.832470890405321e-05	6.528258210466183e-06	1.4061744442493058	1.0	0.7	0.3	47.0	0.0043290043290043	0.0395299344939632	salamandrivorans	life_stage	liq_Zoospore	liq_Developed	up_in_liq_Zoospore	3.943879105891728																											True	False	False	False
6352	559.309	3.555	7.260538931631398e-05	2.9567823201096384e-05	1.2783868671226473	1.0	0.7	0.3	47.0	0.0043290043290043	0.0395299344939632	salamandrivorans	life_stage	liq_Zoospore	liq_Developed	up_in_liq_Zoospore	6.438212684989661	6352.0	C33H44O6	[M + Na]+	9,17-dihydroxy-4-methoxy-3,8,12,18,20,22-hexamethyl-26-oxapentacyclo[22.2.1.0¹,⁶.0¹³,²².0¹⁶,²¹]heptacosa-3,7,11,14,24(27)-pentaene-23,25-dione	CC1CC(C(C2C1C3(C(C=C2)C(=CCC(C(=CC4CC(=C(CC45C=C(C3=O)C(=O)O5)C)OC)C)O)C)C)O)C	0.097	Terpenoids	Tigliane diterpenoids	Prenol lipids	6352.0	native-full-e9838293-bagel	native	1.0								native	native	1.0	6352.0	C33H44O6	False	True	False	False	True
26923	659.3416	4.2045	9.456920588237167e-06	3.86408767579991e-06	1.1682297193194513	1.0	0.7	0.3	47.0	0.0043290043290043	0.0395299344939632	salamandrivorans	life_stage	liq_Zoospore	liq_Developed	up_in_liq_Zoospore	2.9874261565355837																											True	False	False	False
12084	1074.4882	1.66	6.330807975470379e-05	2.802383702203675e-05	1.1582345351853611	1.0	0.7	0.3	47.0	0.0043290043290043	0.0395299344939632	salamandrivorans	life_stage	liq_Zoospore	liq_Developed	up_in_liq_Zoospore	6.014646912148048																											True	False	False	False
5787	981.572	2.587	0.0001187412341551	5.456576319106707e-05	1.1129711469911403	1.0	0.7	0.3	47.0	0.0043290043290043	0.0395299344939632	salamandrivorans	life_stage	liq_Zoospore	liq_Developed	up_in_liq_Zoospore	7.112588628873409	5787.0	C46H72N14O10	[M + H]+	Ac-Pro-Pro-Pro-Val-N(iPr)Gly-Pro-Arg-Arg-OH	CC(C)C(C(=O)N(CC(=O)N1CCCC1C(=O)NC(CCCN=C(N)N)C(=O)NC(CCCN=C(N)N)C(=O)O)C(C)C)NC(=O)C2CCCN2C(=O)C3CCCN3C(=O)C4CCCN4C(=O)C	0.423	Amino acids and Peptides	Cyclic peptides	Carboxylic acids and derivatives	5804.0	EB-MSV000090464-gnps_ms2	transferred	1.0	981.5687	2.6	981.572	2.587	3.362	-0.013	1.0	unique	assigned	1.0	5804.0	C46H72N14O10	False	True	False	False	False
29345	833.4565	4.491395	5.93054470517551e-06	3.005614241490659e-06	0.8534504189105686	1.0	0.7	0.3	47.0	0.0043290043290043	0.0395299344939632	salamandrivorans	life_stage	liq_Zoospore	liq_Developed	up_in_liq_Zoospore	2.810790351435934																											True	False	False	False
11550	709.3546	1.687	5.3623109293873286e-05	3.083149034186274e-05	0.7863181106102419	1.0	0.7	0.3	47.0	0.0043290043290043	0.0395299344939632	salamandrivorans	life_stage	liq_Zoospore	liq_Developed	up_in_liq_Zoospore	6.080627580741219																											True	False	False	False
547	687.8313	3.599	0.0010771919579869	4.259097484804082e-05	4.64057490674065	1.0	0.9	0.0999999999999999	47.0	0.0046620046620046	0.0402174475577284	salamandrivorans	life_stage	liq_Zoospore	liq_Developed	up_in_liq_Zoospore	0.1896997387436576																											False	False	False	False
6881	514.2659	0.59	1.591137739447675e-05	0.0001093217397106	-2.733485817786687	0.6	1.0	-0.4	3.0	0.0046620046620046	0.0402174475577284	salamandrivorans	life_stage	liq_Zoospore	liq_Developed	up_in_liq_Developed	1.006877040570284																											True	True	True	False
1709	414.2195	3.521	0.0002720999432227	4.146808322089898e-05	2.695946438566749	1.0	0.8	0.1999999999999999	47.0	0.0046620046620046	0.0402174475577284	salamandrivorans	life_stage	liq_Zoospore	liq_Developed	up_in_liq_Zoospore	1.041116539205734	1709.0	C19H31N3O7	[M + H]+	Unk-Val-Pro-NHPh(4-F)	CCC(C)C(=O)NC(C(C)C)C(=O)N1CCCC1C(=O)NC2=CC=C(C=C2)F	0.843	Amino acids and Peptides	Tripeptides	Carboxylic acids and derivatives	1709.0	native-full-e9838293-bagel	native	1.0								native	native	1.0	1709.0	C19H31N3O7	False	True	False	False	False
4609	1045.1058	4.577932	9.705532173241055e-05	1.5906347180734892e-05	2.563251109327417	1.0	1.0	0.0	47.0	0.0046620046620046	0.0402174475577284	salamandrivorans	life_stage	liq_Zoospore	liq_Developed	up_in_liq_Zoospore	5.816735057153784	4609.0	C47H38N6O12S4	[M + K]+	6-Amino-5-[[2-[4-[2-[4-[2-[(2-amino-5-sulfonaphthalen-1-yl)diazenyl]phenyl]sulfonyloxyphenyl]propan-2-yl]phenoxy]sulfonylphenyl]diazenyl]naphthalene-1-sulfonic acid	CC(C)(C1=CC=C(C=C1)OS(=O)(=O)C2=CC=CC=C2N=NC3=C(C=CC4=C3C=CC=C4S(=O)(=O)O)N)C5=CC=C(C=C5)OS(=O)(=O)C6=CC=CC=C6N=NC7=C(C=CC8=C7C=CC=C8S(=O)(=O)O)N		Amino acids and Peptides	RiPPs	Carboxylic acids and derivatives	4609.0	native-full-e9838293-bagel	native	1.0								native	native	1.0	4609.0	C47H38N6O12S4	False	True	False	False	False
1156	460.2646	2.6655	7.720975001415634e-05	0.0004323120313235	-2.475752134073949	1.0	1.0	0.0	3.0	0.0046620046620046	0.0402174475577284	salamandrivorans	life_stage	liq_Zoospore	liq_Developed	up_in_liq_Developed	4.300969855982683	1156.0	C19H37N7O4S	[M + H]+	Glutamylarginylarginine	C(CC(C(=O)NC(CCCN=C(N)N)C(=O)O)NC(=O)C(CCC(=O)O)N)CN=C(N)N	0.285	Amino acids and Peptides	Tripeptides	Carboxylic acids and derivatives	1156.0	native-full-e9838293-bagel	native	1.0								native	native	1.0	1156.0	C19H37N7O4S	False	True	True	True	False
5328	1044.6101	4.59673	9.470662060073832e-05	1.658052912006793e-05	2.4704497958312026	1.0	1.0	0.0	47.0	0.0046620046620046	0.0402174475577284	salamandrivorans	life_stage	liq_Zoospore	liq_Developed	up_in_liq_Zoospore	5.987213583391327	5328.0	C56H81N7O12	[M + H]+	2-({1-[9-benzyl-27-(2-methylpropyl)-2,8,11,14,20,26,29-heptaoxo-12,21-bis(propan-2-yl)-1,7,10,13,19,22,25,28-octaazatetracyclo[28.3.0.0³,⁷.0¹⁵,¹⁹]tritriacont-23-ene-24-carbonyl]pyrrolidin-2-yl}formamido)-3-methylpentanamide	CCC(C)C(C(=O)N)NC(=O)C1CCCN1C(=O)C2=CNC(C(=O)N3CCCC3C(=O)NC(C(=O)NC(C(=O)N4CCCC4C(=O)N5CCCC5C(=O)NC(C(=O)N2)CC(C)C)CC6=CC=CC=C6)C(C)C)C(C)C	0.411	Amino acids and Peptides	Cyclic peptides	Carboxylic acids and derivatives	5328.0	native-full-e9838293-bagel	native	1.0								native	native	1.0	5328.0	C56H81N7O12	False	True	False	False	False
11810	369.1487	0.585	7.376326555081013e-06	4.342579117864582e-05	-2.461645545450418	0.6	1.0	-0.4	3.0	0.0046620046620046	0.0402174475577284	salamandrivorans	life_stage	liq_Zoospore	liq_Developed	up_in_liq_Developed	-1.985835933243988																											False	False	False	False
8086	598.3398	3.974557	5.321122638597239e-05	1.0257323417957476e-05	2.307156014162747	1.0	1.0	0.0	47.0	0.0046620046620046	0.0402174475577284	salamandrivorans	life_stage	liq_Zoospore	liq_Developed	up_in_liq_Zoospore	5.369116900359502																											True	False	False	False
6725	1045.6188	4.617224	6.56098000885731e-05	1.3318141343046598e-05	2.248470357450607	1.0	0.8	0.1999999999999999	47.0	0.0046620046620046	0.0402174475577284	salamandrivorans	life_stage	liq_Zoospore	liq_Developed	up_in_liq_Zoospore	5.441386577341143																											True	False	False	False
10188	488.2657	0.669	1.8356917293973047e-05	8.871223927636393e-05	-2.2349558194178454	0.6	1.0	-0.4	3.0	0.0046620046620046	0.0402174475577284	salamandrivorans	life_stage	liq_Zoospore	liq_Developed	up_in_liq_Developed	6.786882613314591	10188.0	C21H37N5O8	[M + H]+	Tyrosylarginyllysine	C1=CC(=CC=C1CC(C(=O)NC(CCCN=C(N)N)C(=O)NC(CCCCN)C(=O)O)N)O	0.12	Amino acids and Peptides	Tripeptides	Carboxylic acids and derivatives	10188.0	native-full-e9838293-bagel	native	1.0								native	native	1.0	10188.0	C21H37N5O8	False	True	False	False	False
8671	1351.6906	4.059439	9.627547885810922e-05	2.1367633588252485e-05	2.139754414476923	1.0	1.0	0.0	47.0	0.0046620046620046	0.0402174475577284	salamandrivorans	life_stage	liq_Zoospore	liq_Developed	up_in_liq_Zoospore	6.088590720029737																											True	False	False	False
1707	573.8126	3.833182	0.0002752476646129	6.242260161790478e-05	2.129583443951801	1.0	1.0	0.0	47.0	0.0046620046620046	0.0402174475577284	salamandrivorans	life_stage	liq_Zoospore	liq_Developed	up_in_liq_Zoospore	1.3427222307861126	1707.0	C9H19Br4N5O2Si	[M + H]+							1707.0	native-full-e9838293-bagel	native	1.0								native	native	1.0	1707.0	C9H19Br4N5O2Si	False	True	False	False	False
4970	299.7004	1.964358	8.112329524319781e-05	1.8162884077290392e-05	2.1217021003888537	1.0	0.8	0.1999999999999999	47.0	0.0046620046620046	0.0402174475577284	salamandrivorans	life_stage	liq_Zoospore	liq_Developed	up_in_liq_Zoospore	5.710655504918529																											True	False	False	False
1434	465.202	1.442436	6.056142790070971e-05	0.0002561598919856	-2.0693727123777603	1.0	1.0	0.0	3.0	0.0046620046620046	0.0402174475577284	salamandrivorans	life_stage	liq_Zoospore	liq_Developed	up_in_liq_Developed	-1.7875959336531135	1434.0	C21H34N2O6S	[M + Na]+	Cbz-Leu-DL-Phe-CF3	CC(C)CC(C(=O)NC(CC1=CC=CC=C1)C(=O)C(F)(F)F)NC(=O)OCC2=CC=CC=C2	0.075	Amino acids and Peptides	Dipeptides	Carboxylic acids and derivatives	2136.0	EB-MSV000090464-gnps_ms2	transferred	2.0	465.2004	1.43	465.202	1.442436	3.439	0.012	1.0	ms2_winner	assigned	1.0	2136.0	C21H34N2O6S	False	False	True	False	False
13356	587.3253	4.197	3.35504619256865e-05	7.65972459538306e-06	2.04514036986694	1.0	0.9	0.0999999999999999	47.0	0.0046620046620046	0.0402174475577284	salamandrivorans	life_stage	liq_Zoospore	liq_Developed	up_in_liq_Zoospore	4.400456907984682	13356.0	C23H42N10O8	[M + H]+	tert-butyl N-{1-[4-({2-methyl-1-[(4-methylphenyl)carbamoyl]propyl}carbamoyl)piperidin-1-yl]-1-oxo-3-phenylpropan-2-yl}carbamate	CC1=CC=C(C=C1)NC(=O)C(C(C)C)NC(=O)C2CCN(CC2)C(=O)C(CC3=CC=CC=C3)NC(=O)OC(C)(C)C	0.246	Amino acids and Peptides	Tripeptides	Carboxylic acids and derivatives	13356.0	native-full-e9838293-bagel	native	1.0								native	native	1.0	13356.0	C23H42N10O8	False	True	False	False	False
5816	737.4334	3.555	0.0001166919703172	3.041572011359328e-05	1.9183604365523967	1.0	0.9	0.0999999999999999	47.0	0.0046620046620046	0.0402174475577284	salamandrivorans	life_stage	liq_Zoospore	liq_Developed	up_in_liq_Zoospore	1.7988420975979338																											True	False	False	False
9895	883.4362	3.846864	2.637021524318884e-05	9.720976383263218e-05	-1.8578502588291617	0.8	1.0	-0.1999999999999999	3.0	0.0046620046620046	0.0402174475577284	salamandrivorans	life_stage	liq_Zoospore	liq_Developed	up_in_liq_Developed	7.09749344929214																											True	True	True	False
3071	494.2715	3.906	1.360517214414562e-05	5.067870797693809e-05	-1.8505015305509973	1.0	1.0	0.0	3.0	0.0046620046620046	0.0402174475577284	salamandrivorans	life_stage	liq_Zoospore	liq_Developed	up_in_liq_Developed	5.004768437159736																											True	True	True	False
24219	708.4297	2.665	1.933370103296955e-05	6.859049635393885e-05	-1.794352145177318	0.6	1.0	-0.4	3.0	0.0046620046620046	0.0402174475577284	salamandrivorans	life_stage	liq_Zoospore	liq_Developed	up_in_liq_Developed	6.344287400013074																											True	True	True	False
2736	574.3151	3.834775	0.0002256738313569	6.508340377569368e-05	1.784162588544253	1.0	0.8	0.1999999999999999	47.0	0.0046620046620046	0.0402174475577284	salamandrivorans	life_stage	liq_Zoospore	liq_Developed	up_in_liq_Zoospore	1.602405787341417																											True	False	False	False
22875	882.9964	4.499019	1.704747761407364e-05	4.736238299845443e-06	1.721868436753261	1.0	0.8	0.1999999999999999	47.0	0.0046620046620046	0.0402174475577284	salamandrivorans	life_stage	liq_Zoospore	liq_Developed	up_in_liq_Zoospore	3.5829713376255654																											True	False	False	False
30287	1451.795	4.409289	1.4688246606783412e-05	4.1203571522806415e-06	1.691313481423029	1.0	0.8	0.1999999999999999	47.0	0.0046620046620046	0.0402174475577284	salamandrivorans	life_stage	liq_Zoospore	liq_Developed	up_in_liq_Zoospore	3.6814471040641856																											True	False	False	False
10684	811.3592	0.765869	1.699254939833144e-05	5.289951645477928e-05	-1.6034801870557285	0.6	1.0	-0.4	3.0	0.0046620046620046	0.0402174475577284	salamandrivorans	life_stage	liq_Zoospore	liq_Developed	up_in_liq_Developed	0.0440130210268509																											False	True	False	False
9440	810.5567	7.467038	2.851225007714462e-06	9.881376729349272e-06	-1.5971571697916465	1.0	1.0	0.0	3.0	0.0046620046620046	0.0402174475577284	salamandrivorans	life_stage	liq_Zoospore	liq_Developed	up_in_liq_Developed	3.757938468382741	9440.0	C47H75N3O8	[M + H]+		C1CCC(CC1)CCC=CCC(CCC2=CC(=CC=C2)CO)CC34CCC5C(CCCC5(C(C=C3)C6C4C(C=CC6C(=O)O)CN)C7=CC=CC=C7)CC8=CC(=CC=C8)O	0.053	Fatty acids	Isoquinoline alkaloids	Phenol ethers	9440.0	native-full-e9838293-bagel	native	1.0								native	native	1.0	9440.0	C47H75N3O8	False	True	True	True	True
7868	699.3309	0.795	3.0195690520717725e-05	9.174590502875868e-05	-1.583705994768558	1.0	1.0	0.0	3.0	0.0046620046620046	0.0402174475577284	salamandrivorans	life_stage	liq_Zoospore	liq_Developed	up_in_liq_Developed	0.7905819082664727	7868.0	C34H46N6O10	[M + H]+	H-Leu-Glu-Ser-Ser-Ile-Ile-OH	CCC(C)C(C(=O)NC(C(C)CC)C(=O)O)NC(=O)C(CO)NC(=O)C(CO)NC(=O)C(CCC(=O)O)NC(=O)C(CC(C)C)N	0.789	Amino acids and Peptides	Cyclic peptides	Carboxylic acids and derivatives	927.0	EB-MSV000090464-gnps_ms2	transferred	3.0	699.3353	0.81	699.3309	0.795	-6.292	-0.015	0.9999	ms2_winner	assigned	1.0	927.0	C34H46N6O10	False	False	True	False	False
21857	1107.5645	4.1515	1.8880084489004323e-05	5.959851805624284e-06	1.5674032314608588	1.0	0.9	0.0999999999999999	47.0	0.0046620046620046	0.0402174475577284	salamandrivorans	life_stage	liq_Zoospore	liq_Developed	up_in_liq_Zoospore	3.667992495517247																											True	False	False	False
4889	470.2967	1.197773	2.721530021075333e-05	8.140403044688444e-05	-1.5591427424649964	1.0	1.0	0.0	3.0	0.0046620046620046	0.0402174475577284	salamandrivorans	life_stage	liq_Zoospore	liq_Developed	up_in_liq_Developed	0.2254348465411807	4889.0	C22H39N5O6	[M + H]+	H-DL-Gln-DL-Leu-DL-Leu-DL-Pro-OH	CC(C)CC(C(=O)NC(CC(C)C)C(=O)N1CCCC1C(=O)O)NC(=O)C(CCC(=O)N)N	0.522	Amino acids and Peptides	Cyclic peptides	Carboxylic acids and derivatives	4889.0	native-full-e9838293-bagel	native	1.0								native	native	1.0	4889.0	C22H39N5O6	False	False	True	False	False
9325	286.3115	6.764104	2.16534825474721e-06	7.528499592281908e-06	-1.5487937080433116	1.0	1.0	0.0	3.0	0.0046620046620046	0.0402174475577284	salamandrivorans	life_stage	liq_Zoospore	liq_Developed	up_in_liq_Developed	-5.61703822515974	9325.0	C18H39NO	[M + H]+	2-[Heptyl(nonyl)amino]ethanol	CCCCCCCCCN(CCCCCCC)CCO	0.188	Fatty acids	Sphingoid bases	Organonitrogen compounds	9325.0	native-full-e9838293-bagel	native	1.0								native	native	1.0	9325.0	C18H39NO	False	False	False	False	True
1210	258.28	6.448063	7.805664643331133e-05	0.000221128170612	-1.4949188927629005	1.0	1.0	0.0	3.0	0.0046620046620046	0.0402174475577284	salamandrivorans	life_stage	liq_Zoospore	liq_Developed	up_in_liq_Developed	-4.116975043603827	1210.0	C16H35NO	[M + H]+	2-(Tetradecylamino)ethanol	CCCCCCCCCCCCCCNCCO	0.728	Fatty acids	Sphingoid bases	Organonitrogen compounds	8958.0	EB-MSV000090464-gnps_ms2	transferred	1.0	258.28	6.45	258.28	6.448063	0.0	-0.002	1.0	unique	assigned	1.0	8958.0	C16H35NO	False	False	False	False	True
25465	846.481	4.425668	2.5046368603568e-05	8.526822032731092e-06	1.4885715412750178	1.0	1.0	0.0	47.0	0.0046620046620046	0.0402174475577284	salamandrivorans	life_stage	liq_Zoospore	liq_Developed	up_in_liq_Zoospore	4.35763840083009																											True	False	False	False
4896	860.4129	4.034914	7.152617772017878e-05	2.5405570440766483e-05	1.4710053380042163	1.0	1.0	0.0	47.0	0.0046620046620046	0.0402174475577284	salamandrivorans	life_stage	liq_Zoospore	liq_Developed	up_in_liq_Zoospore	6.137092300155805																											True	False	False	False
2582	592.3345	2.38934	0.0001794898656625	6.754961664906581e-05	1.401680946536187	1.0	0.8	0.1999999999999999	47.0	0.0046620046620046	0.0402174475577284	salamandrivorans	life_stage	liq_Zoospore	liq_Developed	up_in_liq_Zoospore	7.798336622026673	2582.0	C29H45N5O8	[M + H]+	Dusquetide	CCC(C)C(C(=O)NC(C(C)C)C(=O)N1CCCC1C(=O)NC(C)C(=O)N)NC(=O)C(CCCN=C(N)N)N	0.55	Amino acids and Peptides	Tripeptides	Carboxylic acids and derivatives	5225.0	EB-MSV000090464-gnps_ms2	transferred	1.0	592.336	2.39	592.3345	2.38934	-2.532	-0.001	1.0	unique	assigned	1.0	5225.0	C29H45N5O8	False	True	False	False	False
1600	375.2225	1.058944	0.0004626820806273	0.0001767436672312	1.3852443787310076	1.0	1.0	0.0	47.0	0.0046620046620046	0.0402174475577284	salamandrivorans	life_stage	liq_Zoospore	liq_Developed	up_in_liq_Zoospore	2.646665337773718	1600.0	C16H30N4O6	[M + H]+	2-[[6-Amino-2-[(2-amino-3-carboxypropanoyl)amino]hexanoyl]amino]-4-methylpentanoic acid	CC(C)CC(C(=O)O)NC(=O)C(CCCCN)NC(=O)C(CC(=O)O)N	0.391	Amino acids and Peptides	Tripeptides	Carboxylic acids and derivatives	1600.0	native-full-e9838293-bagel	native	1.0								native	native	1.0	1600.0	C16H30N4O6	False	True	False	False	False
10946	612.3798	4.382859	3.0361003156838827e-05	1.1457457553379178e-05	1.3590920880921258	1.0	1.0	0.0	47.0	0.0046620046620046	0.0402174475577284	salamandrivorans	life_stage	liq_Zoospore	liq_Developed	up_in_liq_Zoospore	5.055671596287334																											True	False	False	False
29392	845.976	4.491047	1.1530871227476872e-05	4.266769971950369e-06	1.314167225166396	1.0	0.8	0.1999999999999999	47.0	0.0046620046620046	0.0402174475577284	salamandrivorans	life_stage	liq_Zoospore	liq_Developed	up_in_liq_Zoospore	3.626911755799356																											True	False	False	False
8803	426.1892	0.683	7.768022830669613e-05	3.129530641392544e-05	1.294777204343099	1.0	0.9	0.0999999999999999	47.0	0.0046620046620046	0.0402174475577284	salamandrivorans	life_stage	liq_Zoospore	liq_Developed	up_in_liq_Zoospore	6.269469938446863																											True	False	False	False
658	679.3564	1.128645	0.000444654347361	0.0001809300706633	1.2943286226504689	1.0	1.0	0.0	47.0	0.0046620046620046	0.0402174475577284	salamandrivorans	life_stage	liq_Zoospore	liq_Developed	up_in_liq_Zoospore	0.6305527518642022	658.0	C32H48N8O7	[M + Na]+	Similanamide	CC1C(=O)NC(C(=O)NC(C(=O)NC2=CC=CC=C2C(=O)N3CCCCC3C(=O)N(C(C(=O)N1)CC(C)C)C)C(C)C)CC(C)C	0.265	Amino acids and Peptides	Cyclic peptides	Carboxylic acids and derivatives	1306.0	EB-MSV000090464-gnps_ms2	transferred	3.0	679.3563	0.95	679.3564	1.128645	0.147	0.179	0.9889	ms2_tie	assigned	1.0	1306.0	C32H48N8O7	False	False	False	False	False
14157	664.3605	3.887	3.2210398893819646e-05	1.3056198972269769e-05	1.263386081203298	1.0	0.9	0.0999999999999999	47.0	0.0046620046620046	0.0402174475577284	salamandrivorans	life_stage	liq_Zoospore	liq_Developed	up_in_liq_Zoospore	5.020478672777098																											True	False	False	False
21135	460.2358	1.224996	1.507920114404141e-05	3.5978991878435993e-05	-1.2211307684854893	1.0	1.0	0.0	3.0	0.0046620046620046	0.0402174475577284	salamandrivorans	life_stage	liq_Zoospore	liq_Developed	up_in_liq_Developed	5.40664782575566																											True	True	True	False
28944	789.9153	4.282995	9.360388473063235e-06	3.703669569540407e-06	1.2069046008088182	1.0	0.9	0.0999999999999999	47.0	0.0046620046620046	0.0402174475577284	salamandrivorans	life_stage	liq_Zoospore	liq_Developed	up_in_liq_Zoospore	2.991138885543808																											True	False	False	False
6155	560.308	2.795	6.608686108115936e-05	2.8479728403188355e-05	1.196839059425649	1.0	0.8	0.1999999999999999	47.0	0.0046620046620046	0.0402174475577284	salamandrivorans	life_stage	liq_Zoospore	liq_Developed	up_in_liq_Zoospore	6.480601633532513																											True	False	False	False
10117	923.4809	3.54	7.676381532769797e-05	3.317413718043497e-05	1.195267132599808	1.0	1.0	0.0	47.0	0.0046620046620046	0.0402174475577284	salamandrivorans	life_stage	liq_Zoospore	liq_Developed	up_in_liq_Zoospore	6.246523268635057																											True	False	False	False
3031	532.2783	2.311845	0.0001624609406335	7.146252630292014e-05	1.177870535771278	1.0	0.8	0.1999999999999999	47.0	0.0046620046620046	0.0402174475577284	salamandrivorans	life_stage	liq_Zoospore	liq_Developed	up_in_liq_Zoospore	0.5400237559693926	3031.0	C26H43N3O6	[M + K]+	Ac-L-Pro-N-Methyl-L-Ala-L-Pro-L-Leu-Gly-OH	CC(C)CC(C(=O)NCC(=O)O)NC(=O)C1CCCN1C(=O)C(C)N(C)C(=O)C2CCCN2C(=O)C	0.323	Amino acids and Peptides	Tripeptides	Carboxylic acids and derivatives	5000.0	EB-MSV000090464-gnps_ms2	transferred	4.0	532.2789	2.31	532.2783	2.311845	-1.127	0.002	1.0	unique	assigned	1.0	5000.0	C26H43N3O6	False	False	False	False	False
1666	504.2471	0.7155	0.0003136538821899	0.0001390982572654	1.1695037966900632	1.0	1.0	0.0	47.0	0.0046620046620046	0.0402174475577284	salamandrivorans	life_stage	liq_Zoospore	liq_Developed	up_in_liq_Zoospore	1.7573026573533308	1666.0	C24H33N5O7	[M + H]+	H-DL-Tyr-DL-Pro-DL-Pro-DL-Gln-OH	C1CC(N(C1)C(=O)C2CCCN2C(=O)C(CC3=CC=C(C=C3)O)N)C(=O)NC(CCC(=O)N)C(=O)O	0.645	Amino acids and Peptides	Tripeptides	Carboxylic acids and derivatives	553.0	EB-MSV000090464-gnps_ms2	transferred	2.0	504.2456	0.68	504.2471	0.7155	2.975	0.035	1.0	unique	assigned	1.0	553.0	C24H33N5O7	False	True	False	False	False
14202	411.5583	2.167224	2.6200311799313565e-05	5.930456475523171e-05	-1.1598317130643083	0.8	1.0	-0.1999999999999999	3.0	0.0046620046620046	0.0402174475577284	salamandrivorans	life_stage	liq_Zoospore	liq_Developed	up_in_liq_Developed	6.404033718637686																											True	True	True	False
8029	771.4223	0.7465	3.10477005950071e-05	6.927364315978686e-05	-1.1421576817018024	1.0	1.0	0.0	3.0	0.0046620046620046	0.0402174475577284	salamandrivorans	life_stage	liq_Zoospore	liq_Developed	up_in_liq_Developed	6.5017511555558105																											True	False	False	False
16315	586.327	4.028	8.765023530789262e-06	1.971535554348276e-05	-1.1155863537438355	0.8	1.0	-0.1999999999999999	3.0	0.0046620046620046	0.0402174475577284	salamandrivorans	life_stage	liq_Zoospore	liq_Developed	up_in_liq_Developed	4.817983841643996	16315.0	C35H43N3O5	[M + H]+	5,8,9-trimethyl-16-(prop-2-en-1-yl)-3,6-bis(propan-2-yl)-icosahydropyrrolo[1,2-d]1-oxa-4,7,10,13,16-pentaazacyclononadecane-1,4,7,10,14,17-hexone	CC1C(=O)NCCC(=O)OC(C(=O)N2CCCC2C(=O)NC(C(=O)N(C(C(=O)N1C)C(C)C)C)C(C)C)CC=C	0.143	Amino acids and Peptides	Tripeptides	Carboxylic acids and derivatives	16315.0	native-full-e9838293-bagel	native	1.0								native	native	1.0	16315.0	C35H43N3O5	False	True	True	True	False
25649	1290.6835	4.537175	7.572909056163747e-06	1.7053963164809493e-05	-1.1092102925880678	1.0	1.0	0.0	3.0	0.0046620046620046	0.0402174475577284	salamandrivorans	life_stage	liq_Zoospore	liq_Developed	up_in_liq_Developed	4.583195866135886																											True	False	False	False
888	540.3114	3.185174	0.0008921684352662	0.0004141266267036	1.1060887312500045	1.0	1.0	0.0	47.0	0.0046620046620046	0.0402174475577284	salamandrivorans	life_stage	liq_Zoospore	liq_Developed	up_in_liq_Zoospore	2.204873623799451	888.0	C27H43N5O5	[M + Na]+	2-[2-({1-[(tert-butoxy)carbonyl]-4-phenylpiperidin-4-yl}formamido)-3-methylbutanamido]-3-methylpentanoic acid	CCC(C)C(C(=O)O)NC(=O)C(C(C)C)NC(=O)C1(CCN(CC1)C(=O)OC(C)(C)C)C2=CC=CC=C2	0.053	Amino acids and Peptides	Microcolins and mirabimids	Carboxylic acids and derivatives	888.0	native-full-e9838293-bagel	native	1.0								native	native	1.0	888.0	C27H43N5O5	False	True	False	False	False
7102	513.3035	1.548	6.710454298788312e-05	0.0001426999840079	-1.0814929852611872	1.0	1.0	0.0	3.0	0.0046620046620046	0.0402174475577284	salamandrivorans	life_stage	liq_Zoospore	liq_Developed	up_in_liq_Developed	7.530915375011872																											True	True	True	False
33117	757.4173	4.078985	9.228380052812308e-06	4.06870834440746e-06	1.0707512168913151	1.0	1.0	0.0	47.0	0.0046620046620046	0.0402174475577284	salamandrivorans	life_stage	liq_Zoospore	liq_Developed	up_in_liq_Zoospore	3.253381636388164																											True	False	False	False
7693	451.7766	2.809448	6.737906789439434e-05	3.180128146439421e-05	1.068581844772179	1.0	0.9	0.0999999999999999	47.0	0.0046620046620046	0.0402174475577284	salamandrivorans	life_stage	liq_Zoospore	liq_Developed	up_in_liq_Zoospore	6.005262518198565																											True	False	False	False
21916	926.9915	4.354891	1.1801982587363172e-05	5.4617558164085526e-06	1.030377201543582	1.0	1.0	0.0	47.0	0.0046620046620046	0.0402174475577284	salamandrivorans	life_stage	liq_Zoospore	liq_Developed	up_in_liq_Zoospore	3.587171671658399																											True	False	False	False
25042	807.4616	4.014649	1.5671816951620373e-05	7.415373648564064e-06	1.0197417175542725	1.0	0.9	0.0999999999999999	47.0	0.0046620046620046	0.0402174475577284	salamandrivorans	life_stage	liq_Zoospore	liq_Developed	up_in_liq_Zoospore	4.370273763793743																											True	False	False	False
717	342.2395	2.509156	0.0006371092591837	0.0012833556637957	-1.009602269848661	1.0	1.0	0.0	3.0	0.0046620046620046	0.0402174475577284	salamandrivorans	life_stage	liq_Zoospore	liq_Developed	up_in_liq_Developed	2.5690222236048155	717.0	C17H31N3O4	[M + H]+	Diprotin A	CCC(C)C(C(=O)N1CCCC1C(=O)NC(C(C)CC)C(=O)O)N	0.819	Amino acids and Peptides	Dipeptides	Carboxylic acids and derivatives	5645.0	EB-MSV000090464-gnps_ms2	transferred	3.0	342.2393	2.53	342.2395	2.509156	0.584	-0.021	1.0	ms2_winner	assigned	1.0	5645.0	C17H31N3O4	False	True	True	True	False
14747	460.2594	2.978516	3.233015588636181e-05	6.492499723387515e-05	-0.9922078509816276	1.0	1.0	0.0	3.0	0.0046620046620046	0.0402174475577284	salamandrivorans	life_stage	liq_Zoospore	liq_Developed	up_in_liq_Developed	6.464606614380229	14747.0	C21H31F3N4O4	[M + H]+	6-amino-2-{2-[2-(2-amino-3-carbamoylpropanamido)-4-carboxybutanamido]propanamido}hexanoic acid	CC(C(=O)NC(CCCCN)C(=O)O)NC(=O)C(CCC(=O)O)NC(=O)C(CC(=O)N)N	0.316	Amino acids and Peptides	Tripeptides	Carboxylic acids and derivatives	14747.0	native-full-e9838293-bagel	native	1.0								native	native	1.0	14747.0	C21H31F3N4O4	False	True	False	False	False
32085	934.4998	4.521549	1.0405944233302129e-05	4.966741835794047e-06	0.9808668658901708	1.0	0.9	0.0999999999999999	47.0	0.0046620046620046	0.0402174475577284	salamandrivorans	life_stage	liq_Zoospore	liq_Developed	up_in_liq_Zoospore	3.4309458271049107																											True	False	False	False
11045	802.4473	1.5945	7.303650067500147e-05	3.686086139498029e-05	0.974665235720103	1.0	0.8	0.1999999999999999	47.0	0.0046620046620046	0.0402174475577284	salamandrivorans	life_stage	liq_Zoospore	liq_Developed	up_in_liq_Zoospore	6.106927866630373																											True	False	False	False
10352	906.4335	2.89	4.119213362315457e-05	2.108692118377048e-05	0.9457775160554251	1.0	0.8	0.1999999999999999	47.0	0.0046620046620046	0.0402174475577284	salamandrivorans	life_stage	liq_Zoospore	liq_Developed	up_in_liq_Zoospore	5.53107892097136																											True	False	False	False
6145	944.4583	2.476613	4.117993455873995e-05	7.983788847217132e-05	-0.9447388834590976	0.8	1.0	-0.1999999999999999	3.0	0.0046620046620046	0.0402174475577284	salamandrivorans	life_stage	liq_Zoospore	liq_Developed	up_in_liq_Developed	-0.2143751083287267	6145.0	C49H65N7O12	[M + H]+	H-Hyp-Gly-Gln-Asp(Me)-Val-Leu-Ala-Gly-Pro-azetidino	CC(C)CC(C(=O)NC(C)C(=O)NCC(=O)N1CCCC1C(=O)N2CCC2)NC(=O)C(C(C)C)NC(=O)C(CC(=O)C)NC(=O)C(CCC(=O)N)NC(=O)CNC(=O)C3CC(CN3)O	0.599	Amino acids and Peptides	Cyclic peptides	Carboxylic acids and derivatives	5589.0	EB-MSV000090464-gnps_ms2	transferred	2.0	944.4637	2.49	944.4583	2.476613	-5.718	-0.013	1.0	unique	assigned	1.0	5589.0	C49H65N7O12	False	False	True	False	False
412	515.2448	0.6175	0.0006497983951029	0.0012501972750397	-0.9434314495926976	1.0	1.0	0.0	3.0	0.0046620046620046	0.0402174475577284	salamandrivorans	life_stage	liq_Zoospore	liq_Developed	up_in_liq_Developed	2.4776786065919003	412.0	C21H34N6O9	[M + H]+	(3S)-3-{[(2S)-1-[(2S)-2-(2-aminoacetamido)-4-methylpentanoyl]pyrrolidin-2-yl]formamido}-3-({[(carboxymethyl)carbamoyl]methyl}carbamoyl)propanoic acid	CC(C)CC(C(=O)N1CCCC1C(=O)NC(CC(=O)O)C(=O)NCC(=O)NCC(=O)O)NC(=O)CN	0.416	Amino acids and Peptides	Tripeptides	Carboxylic acids and derivatives	402.0	EB-MSV000090464-gnps_ms2	transferred	3.0	515.2447	0.61	515.2448	0.6175	0.194	0.008	1.0	unique	assigned	1.0	402.0	C21H34N6O9	False	True	True	True	False
9439	450.2323	1.12426	7.371739499309761e-05	3.836957360269973e-05	0.9310057931138712	1.0	1.0	0.0	47.0	0.0046620046620046	0.0402174475577284	salamandrivorans	life_stage	liq_Zoospore	liq_Developed	up_in_liq_Zoospore	6.5493164587171																											True	False	False	False
16711	430.2543	1.149116	2.9756549675643904e-05	1.531998314611975e-05	0.9303226671078222	1.0	0.8	0.1999999999999999	47.0	0.0046620046620046	0.0402174475577284	salamandrivorans	life_stage	liq_Zoospore	liq_Developed	up_in_liq_Zoospore	5.204455053439959																											True	False	False	False
30212	655.3554	4.269479	1.4726907412398745e-05	7.522555200752651e-06	0.9144230062719562	1.0	0.9	0.0999999999999999	47.0	0.0046620046620046	0.0402174475577284	salamandrivorans	life_stage	liq_Zoospore	liq_Developed	up_in_liq_Zoospore	4.120632275645703																											True	False	False	False
13867	654.8561	4.261977	2.965975675215531e-05	1.5509312748813697e-05	0.9086829913625788	1.0	1.0	0.0	47.0	0.0046620046620046	0.0402174475577284	salamandrivorans	life_stage	liq_Zoospore	liq_Developed	up_in_liq_Zoospore	5.131327266609311																											True	False	False	False
34543	546.826	4.318459	3.957699807976583e-06	7.940330299369932e-06	-0.9030939227525032	1.0	1.0	0.0	3.0	0.0046620046620046	0.0402174475577284	salamandrivorans	life_stage	liq_Zoospore	liq_Developed	up_in_liq_Developed	3.3350734329428917																											True	False	False	False
29681	944.5197	4.335299	1.1878431317514625e-05	6.169441502063792e-06	0.8804155321626416	1.0	0.9	0.0999999999999999	47.0	0.0046620046620046	0.0402174475577284	salamandrivorans	life_stage	liq_Zoospore	liq_Developed	up_in_liq_Zoospore	3.97508163832052																											True	False	False	False
18029	312.327	7.191445	2.3493769023870858e-06	4.73456568124776e-06	-0.8506836071368722	1.0	1.0	0.0	3.0	0.0046620046620046	0.0402174475577284	salamandrivorans	life_stage	liq_Zoospore	liq_Developed	up_in_liq_Developed	-4.609290221721591																											False	False	False	False
3539	781.4462	2.500316	0.0001212524206973	0.000217707779623	-0.84112581642434	1.0	1.0	0.0	3.0	0.0046620046620046	0.0402174475577284	salamandrivorans	life_stage	liq_Zoospore	liq_Developed	up_in_liq_Developed	8.274635707555124																											True	False	False	False
20990	442.2401	1.525113	2.2870818494650203e-05	4.145479589940384e-05	-0.8408685994606738	1.0	1.0	0.0	3.0	0.0046620046620046	0.0402174475577284	salamandrivorans	life_stage	liq_Zoospore	liq_Developed	up_in_liq_Developed	-1.0020011160655005																											False	False	False	False
7737	1040.5719	3.13075	6.440466223302696e-05	3.5784606184104006e-05	0.8368719830748108	1.0	0.9	0.0999999999999999	47.0	0.0046620046620046	0.0402174475577284	salamandrivorans	life_stage	liq_Zoospore	liq_Developed	up_in_liq_Zoospore	6.121321899705163																											True	False	False	False
37043	952.5048	4.495603	6.917653440265187e-06	3.649421161131773e-06	0.8201252597460825	1.0	0.8	0.1999999999999999	47.0	0.0046620046620046	0.0402174475577284	salamandrivorans	life_stage	liq_Zoospore	liq_Developed	up_in_liq_Zoospore	3.1663431140498512																											True	False	False	False
18060	644.3348	4.992608	1.5706352433838916e-05	8.695993070254654e-06	0.809443853261865	1.0	0.9	0.0999999999999999	47.0	0.0046620046620046	0.0402174475577284	salamandrivorans	life_stage	liq_Zoospore	liq_Developed	up_in_liq_Zoospore	4.03824617607573																											True	False	False	False
6106	764.4178	3.385263	0.0001510284620888	8.664561163897769e-05	0.7972481210522657	1.0	1.0	0.0	47.0	0.0046620046620046	0.0402174475577284	salamandrivorans	life_stage	liq_Zoospore	liq_Developed	up_in_liq_Zoospore	0.8418632503301752																											False	False	False	False
1005	653.3646	0.744773	0.0006127096217927	0.0003549318993224	0.786603052242107	1.0	1.0	0.0	47.0	0.0046620046620046	0.0402174475577284	salamandrivorans	life_stage	liq_Zoospore	liq_Developed	up_in_liq_Zoospore	3.1317537833106264	1005.0	C29H48N8O9	[M + H]+	H-Ala-Pro-Pro-Leu-Gly-Gln-Ala-OH	CC(C)CC(C(=O)NCC(=O)NC(CCC(=O)N)C(=O)NC(C)C(=O)O)NC(=O)C1CCCN1C(=O)C2CCCN2C(=O)C(C)N	0.437	Amino acids and Peptides	Tripeptides	Carboxylic acids and derivatives	695.0	EB-MSV000090464-gnps_ms2	transferred	1.0	653.3646	0.73	653.3646	0.744773	0.0	0.015	1.0	unique	assigned	1.0	695.0	C29H48N8O9	False	True	False	False	False
15171	867.4771	4.149371	2.71023447052379e-05	1.5653948839263935e-05	0.768497485596257	1.0	0.8	0.1999999999999999	47.0	0.0046620046620046	0.0402174475577284	salamandrivorans	life_stage	liq_Zoospore	liq_Developed	up_in_liq_Zoospore	4.848518644842946																											True	False	False	False
11930	886.4191	2.227	4.20165119489607e-05	7.122083237035604e-05	-0.7527193683763596	1.0	1.0	0.0	3.0	0.0046620046620046	0.0402174475577284	salamandrivorans	life_stage	liq_Zoospore	liq_Developed	up_in_liq_Developed	1.5130153365790393																											True	False	False	False
3317	745.2618	1.289047	0.0002754759510296	0.0001633913675008	0.7513751458341906	1.0	1.0	0.0	47.0	0.0046620046620046	0.0402174475577284	salamandrivorans	life_stage	liq_Zoospore	liq_Developed	up_in_liq_Zoospore	2.6205194003545165																											True	False	False	False
7243	569.2911	2.923664	8.740430335990106e-05	0.0001475033699117	-0.7508277497587013	0.8	1.0	-0.1999999999999999	3.0	0.0046620046620046	0.0402174475577284	salamandrivorans	life_stage	liq_Zoospore	liq_Developed	up_in_liq_Developed	7.574526259323981																											True	False	False	False
255	630.3271	2.042	0.0027355814148	0.0016357530641971	0.7416728593074204	1.0	1.0	0.0	47.0	0.0046620046620046	0.0402174475577284	salamandrivorans	life_stage	liq_Zoospore	liq_Developed	up_in_liq_Zoospore	2.4656984219556453	255.0	C30H43N7O8	[M + H]+	Destruxin B	CCC(C)C1C(=O)N(C(C(=O)N(C(C(=O)NCCC(=O)OC(C(=O)N2CCCC2C(=O)N1)CC=C)C)C)C(C)CC)C	0.03	Amino acids and Peptides	Tripeptides	Carboxylic acids and derivatives	4049.0	EB-MSV000090464-gnps_ms2	transferred	1.0	630.3277	2.03	630.3271	2.042	-0.952	0.012	1.0	unique	assigned	1.0	4049.0	C30H43N7O8	False	True	False	False	False
29745	790.4059	4.263969	9.081413307302657e-06	5.207213894396863e-06	0.7354225963893364	1.0	0.9	0.0999999999999999	47.0	0.0046620046620046	0.0402174475577284	salamandrivorans	life_stage	liq_Zoospore	liq_Developed	up_in_liq_Zoospore	3.665764748912759																											True	False	False	False
2174	854.4013	3.1755	0.0005062853531786	0.0003048868411638	0.7305123569913199	1.0	1.0	0.0	47.0	0.0046620046620046	0.0402174475577284	salamandrivorans	life_stage	liq_Zoospore	liq_Developed	up_in_liq_Zoospore	4.824960168575353																											True	False	False	False
5491	707.31	1.480911	0.0001524533864073	9.218634729021608e-05	0.7219301916394437	1.0	1.0	0.0	47.0	0.0046620046620046	0.0402174475577284	salamandrivorans	life_stage	liq_Zoospore	liq_Developed	up_in_liq_Zoospore	7.590994744458645																											True	False	False	False
11900	456.2816	1.420064	4.1284608764387634e-05	2.494782927417981e-05	0.7127867922733409	1.0	1.0	0.0	47.0	0.0046620046620046	0.0402174475577284	salamandrivorans	life_stage	liq_Zoospore	liq_Developed	up_in_liq_Zoospore	5.79286041562109																											True	False	False	False
3146	612.2997	2.181	0.0002092814251984	0.000337982384291	-0.6898810662306142	1.0	1.0	0.0	3.0	0.0046620046620046	0.0402174475577284	salamandrivorans	life_stage	liq_Zoospore	liq_Developed	up_in_liq_Developed	8.964235616445308	3146.0	C29H43N5O8	[M + Na]+	(2S)-N-((1S,2S)-3-{(3S,5S)-5-[N-(tert-butyl)carbamoyl]-3-hydroxypyrrolidinyl}-2-hydroxy-3-oxo-1-benzylpropyl)-3-carbamoyl-2-[(phenylmethoxy)carbonylamino]propanamide	CC(C)(C)NC(=O)C1CC(CN1C(=O)C(C(CC2=CC=CC=C2)NC(=O)C(CC(=O)N)NC(=O)OCC3=CC=CC=C3)O)O	0.186	Amino acids and Peptides	Cyclic peptides	Carboxylic acids and derivatives	3146.0	native-full-e9838293-bagel	native	1.0								native	native	1.0	3146.0	C29H43N5O8	False	True	False	False	False
5419	726.3804	1.864758	0.0001754195544068	0.0002828380519711	-0.6872366918751653	1.0	1.0	0.0	3.0	0.0046620046620046	0.0402174475577284	salamandrivorans	life_stage	liq_Zoospore	liq_Developed	up_in_liq_Developed	8.537589306373652																											True	False	False	False
13188	456.3189	1.643	4.914989395066505e-05	3.046458199312772e-05	0.6790801137421487	1.0	0.8	0.1999999999999999	47.0	0.0046620046620046	0.0402174475577284	salamandrivorans	life_stage	liq_Zoospore	liq_Developed	up_in_liq_Zoospore	5.831390663378634																											True	False	False	False
6706	805.7449	2.1195	9.525828055778786e-05	5.9321756256378765e-05	0.6776457775851561	1.0	0.9	0.0999999999999999	47.0	0.0046620046620046	0.0402174475577284	salamandrivorans	life_stage	liq_Zoospore	liq_Developed	up_in_liq_Zoospore	1.7550416601846848																											True	False	False	False
36630	986.5217	4.653978	1.5615305759662837e-05	9.549712522358846e-06	0.6748738451089474	1.0	1.0	0.0	47.0	0.0046620046620046	0.0402174475577284	salamandrivorans	life_stage	liq_Zoospore	liq_Developed	up_in_liq_Zoospore	4.251784866189504																											True	False	False	False
15766	649.3046	1.169747	4.605291178249725e-05	2.8663989439963243e-05	0.6724796646602219	1.0	0.8	0.1999999999999999	47.0	0.0046620046620046	0.0402174475577284	salamandrivorans	life_stage	liq_Zoospore	liq_Developed	up_in_liq_Zoospore	5.681514044955606																											True	False	False	False
4678	1081.5193	1.69	0.0001885103169425	0.0001199577979351	0.6494178417223376	1.0	1.0	0.0	47.0	0.0046620046620046	0.0402174475577284	salamandrivorans	life_stage	liq_Zoospore	liq_Developed	up_in_liq_Zoospore	7.900692663770509	4678.0	C57H68N12O10	[M + H]+	Iturin A	CC(C)CCCCCCCCC1CC(=O)NC(C(=O)NC(C(=O)NC(C(=O)NC(C(=O)N2CCCC2C(=O)NC(C(=O)NC(C(=O)N1)CO)CC(=O)N)CCC(=O)N)CC(=O)N)CC3=CC=C(C=C3)O)CC(=O)N	0.086	Amino acids and Peptides	Cyclic peptides	Polypeptides	4678.0	native-full-e9838293-bagel	native	1.0								native	native	1.0	4678.0	C57H68N12O10	False	True	False	False	False
10688	528.3049	2.1655	4.986328875724145e-05	7.733516935034342e-05	-0.6268422512996734	1.0	1.0	0.0	3.0	0.0046620046620046	0.0402174475577284	salamandrivorans	life_stage	liq_Zoospore	liq_Developed	up_in_liq_Developed	6.873066574627941																											True	False	False	False
27823	419.2139	1.27301	1.2135312482518403e-05	1.906087095171461e-05	-0.6257094818915631	1.0	1.0	0.0	3.0	0.0046620046620046	0.0402174475577284	salamandrivorans	life_stage	liq_Zoospore	liq_Developed	up_in_liq_Developed	-0.3687288746253555																											False	False	False	False
1773	609.3367	2.983556	0.0003198704695557	0.0002073054059592	0.6242162434528798	1.0	1.0	0.0	47.0	0.0046620046620046	0.0402174475577284	salamandrivorans	life_stage	liq_Zoospore	liq_Developed	up_in_liq_Zoospore	3.408019248689069	1773.0	C32H44N6O6	[M + H]+	[(2S)-1-[[(2S)-1-[[(2S)-1-[[(2S)-1-[[(2S)-1-[[(1S)-1-carboxy-3-methylbutyl]amino]-4-methyl-1-oxopentan-2-yl]amino]-1-oxopropan-2-yl]amino]-4-methyl-1-oxopentan-2-yl]amino]-1-oxopropan-2-yl]amino]-1-oxopropan-2-yl]azanium	CC(C)CC(C(=O)NC(C)C(=O)NC(CC(C)C)C(=O)NC(CC(C)C)C(=O)O)NC(=O)C(C)NC(=O)C(C)N	0.254	Amino acids and Peptides	Cyclic peptides	Carboxylic acids and derivatives	1773.0	native-full-e9838293-bagel	native	1.0								native	native	1.0	1773.0	C32H44N6O6	False	True	False	False	False
24626	701.392	3.9695	9.099930098060777e-06	1.4205926358102725e-05	-0.6091219483349196	1.0	1.0	0.0	3.0	0.0046620046620046	0.0402174475577284	salamandrivorans	life_stage	liq_Zoospore	liq_Developed	up_in_liq_Developed	4.349447793800381																											True	False	False	False
9609	346.2337	1.289771	3.470514908056941e-05	5.302993267104668e-05	-0.6028854981869364	1.0	1.0	0.0	3.0	0.0046620046620046	0.0402174475577284	salamandrivorans	life_stage	liq_Zoospore	liq_Developed	up_in_liq_Developed	6.130417312782437	9609.0	C16H31N3O5	[M + H]+	2-[[2-[(2-Amino-4-methylpentanoyl)amino]-4-methylpentanoyl]amino]-3-hydroxybutanoic acid	CC(C)CC(C(=O)NC(CC(C)C)C(=O)NC(C(C)O)C(=O)O)N	0.325	Amino acids and Peptides	Tripeptides	Carboxylic acids and derivatives	9609.0	native-full-e9838293-bagel	native	1.0								native	native	1.0	9609.0	C16H31N3O5	False	True	False	False	False
21467	567.3101	2.89132	2.7941395251005847e-05	4.262121157847575e-05	-0.5983463729716456	1.0	1.0	0.0	3.0	0.0046620046620046	0.0402174475577284	salamandrivorans	life_stage	liq_Zoospore	liq_Developed	up_in_liq_Developed	5.814548622589243																											True	False	False	False
7218	686.3712	2.215	7.357489491198462e-05	0.0001105543311803	-0.583434116327005	1.0	1.0	0.0	3.0	0.0046620046620046	0.0402174475577284	salamandrivorans	life_stage	liq_Zoospore	liq_Developed	up_in_liq_Developed	2.8703080917983965																											True	False	False	False
8113	503.2836	1.601051	7.251581795330869e-05	4.820556940705275e-05	0.5829446342824902	1.0	0.9	0.0999999999999999	47.0	0.0046620046620046	0.0402174475577284	salamandrivorans	life_stage	liq_Zoospore	liq_Developed	up_in_liq_Zoospore	6.485645424585372																											True	False	False	False
5005	813.4328	2.072	0.0001008759462928	0.0001506411377611	-0.5756208726381921	1.0	1.0	0.0	3.0	0.0046620046620046	0.0402174475577284	salamandrivorans	life_stage	liq_Zoospore	liq_Developed	up_in_liq_Developed	7.706144841989091																											True	False	False	False
13015	316.3202	6.795044	5.613902119594286e-06	8.648401292952697e-06	-0.5722110084777393	1.0	1.0	0.0	3.0	0.0046620046620046	0.0402174475577284	salamandrivorans	life_stage	liq_Zoospore	liq_Developed	up_in_liq_Developed	-4.694584968661856	13015.0	C19H41NO2	[M + H]+	(+/-)-2-Amino-2-desoxy-3-O-hexadecyl-glycerol	CCCCCCCCCCCCCCCCOCC(CO)N	0.033	Fatty acids	N-acyl ethanolamines (endocannabinoids)	Fatty Acyls	13015.0	native-full-e9838293-bagel	native	1.0								native	native	1.0	13015.0	C19H41NO2	False	False	False	False	False
9897	790.4846	3.44072	4.3017129609188425e-05	2.884008511759012e-05	0.5668000671561279	1.0	0.9	0.0999999999999999	47.0	0.0046620046620046	0.0402174475577284	salamandrivorans	life_stage	liq_Zoospore	liq_Developed	up_in_liq_Zoospore	5.716846059935142																											True	False	False	False
20026	1334.6775	3.9475	2.468342572169648e-05	1.6576078426598927e-05	0.5572623475758535	1.0	1.0	0.0	47.0	0.0046620046620046	0.0402174475577284	salamandrivorans	life_stage	liq_Zoospore	liq_Developed	up_in_liq_Zoospore	5.053209248824578																											True	False	False	False
6604	684.3922	2.388	4.96542394942231e-05	7.261221820062977e-05	-0.5426622299097151	0.6	1.0	-0.4	3.0	0.0046620046620046	0.0402174475577284	salamandrivorans	life_stage	liq_Zoospore	liq_Developed	up_in_liq_Developed	1.3193832994905943																											True	False	False	False
25421	1180.6477	4.232	1.3045573252682604e-05	8.789437266064523e-06	0.5383820172723841	1.0	1.0	0.0	47.0	0.0046620046620046	0.0402174475577284	salamandrivorans	life_stage	liq_Zoospore	liq_Developed	up_in_liq_Zoospore	4.093281405578943																											True	False	False	False
5797	385.242	2.3545	0.0001511914111887	0.000218165407229	-0.5272372755603885	1.0	1.0	0.0	3.0	0.0046620046620046	0.0402174475577284	salamandrivorans	life_stage	liq_Zoospore	liq_Developed	up_in_liq_Developed	2.900436949667496																											True	False	False	False
7494	314.3415	7.039374	3.392085358959381e-06	5.158846236218036e-06	-0.5264669102496001	1.0	1.0	0.0	3.0	0.0046620046620046	0.0402174475577284	salamandrivorans	life_stage	liq_Zoospore	liq_Developed	up_in_liq_Developed	-6.177896506750306	7494.0	C20H43NO	[M + H]+							9130.0	EB-MSV000090464-gnps_ms2	transferred	3.0	314.3417	7.03	314.3415	7.039374	-0.636	0.009	1.0	unique	assigned	1.0	9130.0	C20H43NO	False	False	False	False	False
19262	561.2529	1.137782	1.906245184352701e-05	2.7383513640609505e-05	-0.5087053810790978	1.0	1.0	0.0	3.0	0.0046620046620046	0.0402174475577284	salamandrivorans	life_stage	liq_Zoospore	liq_Developed	up_in_liq_Developed	5.389026331573122	19262.0	C25H38N4O9	[M + Na]+	Tmc-1C	CCCCC(C)C=C(C)C=CC(=O)NC1=CC(C(CC1=O)O)(C=CC=CC=CC(=O)NC2=C(CCC2=O)O)O	0.343	Amino acids and Peptides	Depsipeptides	Carboxylic acids and derivatives	19262.0	native-full-e9838293-bagel	native	1.0								native	native	1.0	19262.0	C25H38N4O9	False	True	False	False	False
2371	739.4396	2.776	0.0002482226175018	0.0003470780436785	-0.4826019286738915	1.0	1.0	0.0	3.0	0.0046620046620046	0.0402174475577284	salamandrivorans	life_stage	liq_Zoospore	liq_Developed	up_in_liq_Developed	3.5557735097784544	2371.0	C39H58N6O8	[M + H]+	H-Pro-D-Val-D-Thr-Lys-Pro-Gln-D-Ala-NH2	CC(C)C(C(=O)NC(C(C)O)C(=O)NC(CCCCN)C(=O)N1CCCC1C(=O)NC(CCC(=O)N)C(=O)NC(C)C(=O)N)NC(=O)C2CCCN2	0.322	Amino acids and Peptides	Linear peptides	Carboxylic acids and derivatives	6301.0	EB-MSV000090464-gnps_ms2	transferred	2.0	739.4406	2.77	739.4396	2.776	-1.352	0.006	0.9999	ms2_winner	assigned	1.0	6301.0	C39H58N6O8	False	True	False	False	False
1437	994.8262	2.664895	0.0005901555834576	0.0004231057194651	0.47947983102284	1.0	1.0	0.0	47.0	0.0046620046620046	0.0402174475577284	salamandrivorans	life_stage	liq_Zoospore	liq_Developed	up_in_liq_Zoospore	0.5837846328093301																											False	False	False	False
9456	1089.4889	1.802	9.983129622187396e-05	7.271762061029391e-05	0.4538726381284133	1.0	1.0	0.0	47.0	0.0046620046620046	0.0402174475577284	salamandrivorans	life_stage	liq_Zoospore	liq_Developed	up_in_liq_Zoospore	1.2259107911974945																											True	False	False	False
7890	893.4891	3.8385	8.800486944150176e-05	6.474090719784143e-05	0.4392855773094284	1.0	1.0	0.0	47.0	0.0046620046620046	0.0402174475577284	salamandrivorans	life_stage	liq_Zoospore	liq_Developed	up_in_liq_Zoospore	6.840131108642891																											True	False	False	False
30326	455.3219	3.393612	2.764161819283501e-05	2.044300276482744e-05	0.4241389369233564	1.0	1.0	0.0	47.0	0.0046620046620046	0.0402174475577284	salamandrivorans	life_stage	liq_Zoospore	liq_Developed	up_in_liq_Zoospore	5.207635887780572																											True	False	False	False
4062	488.2506	1.438727	0.0001800819725925	0.0002416020251047	-0.4227184950783388	1.0	1.0	0.0	3.0	0.0046620046620046	0.0402174475577284	salamandrivorans	life_stage	liq_Zoospore	liq_Developed	up_in_liq_Developed	2.2379963620461027	4062.0	C22H35N5O6	[M + Na]+	(2S)-2-[[(2S)-1-[(2S)-2-[[(2S)-1-acetylpyrrolidine-2-carbonyl]amino]propanoyl]pyrrolidine-2-carbonyl]amino]-3-(4-hydroxyphenyl)propanimidate	CC(C(=O)N1CCCC1C(=O)NC(CC2=CC=C(C=C2)O)C(=O)N)NC(=O)C3CCCN3C(=O)C	0.377	Amino acids and Peptides	Tripeptides	Carboxylic acids and derivatives	2790.0	EB-MSV000090464-gnps_ms2	transferred	2.0	488.2499	1.65	488.2506	1.438727	1.434	-0.211	0.7893	unique	assigned	1.0	2790.0	C22H35N5O6	False	True	False	False	False
13395	795.9507	4.296985	4.621701850452875e-05	3.5307750027708614e-05	0.3825538613855627	1.0	1.0	0.0	47.0	0.0046620046620046	0.0402174475577284	salamandrivorans	life_stage	liq_Zoospore	liq_Developed	up_in_liq_Zoospore	6.061300232146353	13395.0	C19H32I3N3O7	[M + H]+	4-[(4-Amino-9,10-dioxo-3-sulfoanthracen-1-yl)amino]-6-[(5-chloro-6-methyl-2-methylsulfonylpyrimidin-4-yl)amino]benzene-1,3-disulfonic acid	CC1=C(C(=NC(=N1)S(=O)(=O)C)NC2=C(C=C(C(=C2)NC3=CC(=C(C4=C3C(=O)C5=CC=CC=C5C4=O)N)S(=O)(=O)O)S(=O)(=O)O)S(=O)(=O)O)Cl		Amino acids and Peptides	RiPPs	Carboxylic acids and derivatives	13395.0	native-full-e9838293-bagel	native	1.0								native	native	1.0	13395.0	C19H32I3N3O7	False	True	False	False	False
4488	274.1768	0.76275	0.0001915993221324	0.000147911898348	0.3719813285167272	1.0	1.0	0.0	47.0	0.0046620046620046	0.0402174475577284	salamandrivorans	life_stage	liq_Zoospore	liq_Developed	up_in_liq_Zoospore	3.130531158806353	4488.0	C12H23N3O4	[M + H]+	2-[[2-[(2-Aminoacetyl)amino]-3-methylbutanoyl]amino]-3-methylbutanoic acid	CC(C)C(C(=O)NC(C(C)C)C(=O)O)NC(=O)CN	0.686	Amino acids and Peptides	Tripeptides	Carboxylic acids and derivatives	841.0	EB-MSV000090464-gnps_ms2	transferred	4.0	274.1766	0.77	274.1768	0.76275	0.729	-0.007	1.0	unique	assigned	1.0	841.0	C12H23N3O4	False	True	False	False	False
13157	618.2804	0.682391	5.268146575879784e-05	6.76527515630177e-05	-0.3571367272174519	1.0	1.0	0.0	3.0	0.0046620046620046	0.0402174475577284	salamandrivorans	life_stage	liq_Zoospore	liq_Developed	up_in_liq_Developed	6.568059016662927																											True	False	False	False
27667	1168.6359	3.462837	3.3017716752686404e-05	2.5743442206889576e-05	0.3515450915436488	1.0	1.0	0.0	47.0	0.0046620046620046	0.0402174475577284	salamandrivorans	life_stage	liq_Zoospore	liq_Developed	up_in_liq_Zoospore	5.501542594853173																											True	False	False	False
3541	528.3397	2.824	0.0001892355458135	0.0001506932341647	0.327364631772499	1.0	1.0	0.0	47.0	0.0046620046620046	0.0402174475577284	salamandrivorans	life_stage	liq_Zoospore	liq_Developed	up_in_liq_Zoospore	3.294705917520103																											True	False	False	False
1484	829.4409	3.337	0.0004409412968489	0.000540027311529	-0.2920742472924232	1.0	1.0	0.0	3.0	0.0046620046620046	0.0402174475577284	salamandrivorans	life_stage	liq_Zoospore	liq_Developed	up_in_liq_Developed	3.732382987437744	1484.0	C40H60N8O11	[M + H]+	Microphycin Al828	CCC(C)C1C(=O)NCC(=O)NC(C(=O)NC(C(=O)NCC(=O)NC(C(=O)N2CCCC2C(=O)NC(C(=O)N1)CCC(=O)O)CC(C)C)CC3=CC=C(C=C3)O)C(C)C	0.382	Amino acids and Peptides	Cyclic peptides	Carboxylic acids and derivatives	7595.0	EB-MSV000090464-gnps_ms2	transferred	3.0	829.4438	3.36	829.4409	3.337	-3.496	-0.023	0.9513	unique	assigned	1.0	7595.0	C40H60N8O11	False	True	False	False	False
17793	1089.6022	3.981	4.734560522219982e-05	3.950564525399343e-05	0.2574776852442624	1.0	0.9	0.0999999999999999	47.0	0.0046620046620046	0.0402174475577284	salamandrivorans	life_stage	liq_Zoospore	liq_Developed	up_in_liq_Zoospore	6.137588353639392																											True	False	False	False
37624	327.0098	5.969278	5.821744293758852e-06	6.393188540931102e-06	-0.1226253821312792	1.0	1.0	0.0	3.0	0.0046620046620046	0.0402174475577284	salamandrivorans	life_stage	liq_Zoospore	liq_Developed	up_in_liq_Developed	-3.391409920937872																											False	False	False	False
3726	677.3293	3.041667	0.0	0.0001564385667847	-7.985614261017209	0.4	0.9	-0.5	3.5	0.0049950049950049	0.0418942291188987	salamandrivorans	life_stage	liq_Zoospore	liq_Developed	up_in_liq_Developed	6.1363194203959	3726.0	C35H44N6O8	[M + H]+	2-Arg-5-leu-enkephalin	CC(C)CC(C(=O)O)NC(=O)C(CC1=CC=CC=C1)NC(=O)CNC(=O)C(CCCN=C(N)N)NC(=O)C(CC2=CC=C(C=C2)O)N	0.556	Amino acids and Peptides	Tripeptides	Carboxylic acids and derivatives	6836.0	EB-MSV000090464-gnps_ms2	transferred	2.0	677.3288	3.05	677.3293	3.041667	0.738	-0.008	1.0	unique	assigned	1.0	6836.0	C35H44N6O8	False	True	True	True	False
7020	881.403	1.982268	0.0	0.0001272705291662	-7.689220335465826	0.4	0.9	-0.5	3.5	0.0049950049950049	0.0418942291188987	salamandrivorans	life_stage	liq_Zoospore	liq_Developed	up_in_liq_Developed	7.146773062110175																											True	True	True	False
10269	491.2624	0.6825	0.0	0.0001180565077307	-7.581344983072882	0.4	0.9	-0.5	3.5	0.0049950049950049	0.0418942291188987	salamandrivorans	life_stage	liq_Zoospore	liq_Developed	up_in_liq_Developed	6.430040351411432																											True	True	True	False
5624	744.3346	1.00784	0.0	8.688734618407637e-05	-7.141785158994352	0.4	0.9	-0.5	3.5	0.0049950049950049	0.0418942291188987	salamandrivorans	life_stage	liq_Zoospore	liq_Developed	up_in_liq_Developed	6.8461742374827335	5624.0	C27H49N7O17	[M + H]+	Lyngbyapeptin B	CC(C)C(C(=O)N(C)C(CC1=CC=C(C=C1)OC)C(=O)NC(C)C2=NC=CS2)N(C)C(=O)C(CC3=CC=C(C=C3)OC)N(C)C(=O)C=C(C)OC	0.055	Amino acids and Peptides	Cyclic peptides	Carboxylic acids and derivatives	5624.0	native-full-e9838293-bagel	native	1.0								native	native	1.0	5624.0	C27H49N7O17	False	True	True	True	False
6215	440.2346	2.557	7.860295454661878e-05	0.0	6.998298938289733	1.0	0.2	0.8	44.0	0.0049950049950049	0.0418942291188987	salamandrivorans	life_stage	liq_Zoospore	liq_Developed	up_in_liq_Zoospore	0.0	6215.0	C18H29N7O6	[M + H]+	H-Thr-Lys(Me3)-Gln-al	CC(C(C(=O)NC(CCCC[N+](C)(C)C)C(=O)NC(CCC(=O)N)C=O)N)O	0.379	Amino acids and Peptides	Tripeptides	Carboxylic acids and derivatives	6215.0	native-full-e9838293-bagel	native	1.0								native	native	1.0	6215.0	C18H29N7O6	False	False	False	False	False
7795	996.6177	3.031351	0.0	7.818412208010347e-05	-6.990651494897163	0.4	0.9	-0.5	3.5	0.0049950049950049	0.0418942291188987	salamandrivorans	life_stage	liq_Zoospore	liq_Developed	up_in_liq_Developed	6.207835150325747																											True	True	True	False
7413	745.8712	2.672	7.549757237791064e-05	0.0	6.940609727519388	1.0	0.2	0.8	44.0	0.0049950049950049	0.0418942291188987	salamandrivorans	life_stage	liq_Zoospore	liq_Developed	up_in_liq_Zoospore	-5.233806569565029																											False	False	False	False
16251	1105.5613	4.029056	7.371291776146355e-05	0.0	6.9063812596586525	0.8	0.2	0.6000000000000001	44.0	0.0049950049950049	0.0418942291188987	salamandrivorans	life_stage	liq_Zoospore	liq_Developed	up_in_liq_Zoospore	0.0																											False	False	False	False
10061	699.2881	0.698768	0.0	6.567413951608646e-05	-6.741260553328732	0.4	0.9	-0.5	3.5	0.0049950049950049	0.0418942291188987	salamandrivorans	life_stage	liq_Zoospore	liq_Developed	up_in_liq_Developed	5.222100381794947																											True	True	True	False
9905	686.389	3.148	0.0	6.536621971336076e-05	-6.734543948049481	0.4	0.9	-0.5	3.5	0.0049950049950049	0.0418942291188987	salamandrivorans	life_stage	liq_Zoospore	liq_Developed	up_in_liq_Developed	6.122809705168899																											True	True	True	False
8564	745.2628	0.858423	0.0	6.45747119090034e-05	-6.717134036380537	0.4	0.9	-0.5	3.5	0.0049950049950049	0.0418942291188987	salamandrivorans	life_stage	liq_Zoospore	liq_Developed	up_in_liq_Developed	5.991071633839918																											True	True	True	False
11523	1065.5228	1.993	5.957169513666065e-05	0.0	6.601942903203514	0.8	0.2	0.6000000000000001	44.0	0.0049950049950049	0.0418942291188987	salamandrivorans	life_stage	liq_Zoospore	liq_Developed	up_in_liq_Zoospore	0.0																											False	False	False	False
11231	1474.7125	3.517	5.724319308178212e-05	0.0	6.54502406343513	0.8	0.2	0.6000000000000001	44.0	0.0049950049950049	0.0418942291188987	salamandrivorans	life_stage	liq_Zoospore	liq_Developed	up_in_liq_Zoospore	0.0																											False	False	False	False
10084	731.4119	2.1905	0.0	5.427833471721092e-05	-6.469140050505257	0.4	0.9	-0.5	3.5	0.0049950049950049	0.0418942291188987	salamandrivorans	life_stage	liq_Zoospore	liq_Developed	up_in_liq_Developed	-1.4514370481911056																											False	True	False	False
13647	584.2913	3.5665	0.0	5.224575691189229e-05	-6.414710854930002	0.4	0.9	-0.5	3.5	0.0049950049950049	0.0418942291188987	salamandrivorans	life_stage	liq_Zoospore	liq_Developed	up_in_liq_Developed	5.779523357937519																											True	True	True	False
12521	753.9039	2.602	5.168286396392227e-05	0.0	6.399267162464564	0.8	0.2	0.6000000000000001	44.0	0.0049950049950049	0.0418942291188987	salamandrivorans	life_stage	liq_Zoospore	liq_Developed	up_in_liq_Zoospore	0.0																											False	False	False	False
17280	1207.66	3.05177	0.0	5.0516728806230185e-05	-6.366736874857589	0.4	0.9	-0.5	3.5	0.0049950049950049	0.0418942291188987	salamandrivorans	life_stage	liq_Zoospore	liq_Developed	up_in_liq_Developed	6.121437585242743																											True	True	True	False
16175	542.3422	2.470615	0.0	4.644796802363295e-05	-6.247121734627906	0.4	0.9	-0.5	3.5	0.0049950049950049	0.0418942291188987	salamandrivorans	life_stage	liq_Zoospore	liq_Developed	up_in_liq_Developed	6.122654491118091																											True	False	False	False
14815	557.3266	3.049539	0.0	4.494949526038521e-05	-6.20044420811531	0.4	0.9	-0.5	3.5	0.0049950049950049	0.0418942291188987	salamandrivorans	life_stage	liq_Zoospore	liq_Developed	up_in_liq_Developed	5.887185572717058	14815.0	C30H44N4O6	[M + H]+	H-DL-Leu-Gly-DL-xiThr-DL-xiIle-DL-Pro-Gly-OH	CCC(C)C(C(=O)N1CCCC1C(=O)NCC(=O)O)NC(=O)C(C(C)O)NC(=O)CNC(=O)C(CC(C)C)N	0.763	Amino acids and Peptides	Cyclic peptides	Carboxylic acids and derivatives	14815.0	native-full-e9838293-bagel	native	1.0								native	native	1.0	14815.0	C30H44N4O6	False	True	True	True	False
14727	1138.6625	3.042057	4.334253031213196e-05	0.0	6.148649844609514	0.8	0.2	0.6000000000000001	44.0	0.0049950049950049	0.0418942291188987	salamandrivorans	life_stage	liq_Zoospore	liq_Developed	up_in_liq_Zoospore	0.0																											False	False	False	False
22292	686.892	3.6516	4.318559420078377e-05	0.0	6.143490500882752	0.8	0.2	0.6000000000000001	44.0	0.0049950049950049	0.0418942291188987	salamandrivorans	life_stage	liq_Zoospore	liq_Developed	up_in_liq_Zoospore	0.0																											False	False	False	False
18121	656.3285	2.54373	0.0	3.591653395990109e-05	-5.881712910344744	0.4	0.9	-0.5	3.5	0.0049950049950049	0.0418942291188987	salamandrivorans	life_stage	liq_Zoospore	liq_Developed	up_in_liq_Developed	5.505115000022506																											True	True	True	False
16111	616.3291	1.5935	0.0	3.573562636062508e-05	-5.874551715274162	0.4	0.9	-0.5	3.5	0.0049950049950049	0.0418942291188987	salamandrivorans	life_stage	liq_Zoospore	liq_Developed	up_in_liq_Developed	5.451343532667936																											True	False	False	False
10276	652.3239	2.750063	3.058296191509699e-05	0.0	5.654053797328685	0.8	0.2	0.6000000000000001	44.0	0.0049950049950049	0.0418942291188987	salamandrivorans	life_stage	liq_Zoospore	liq_Developed	up_in_liq_Zoospore	0.0																											False	False	False	False
16439	770.4479	2.2905	0.0	2.995945067523574e-05	-5.624932982182672	0.4	0.9	-0.5	3.5	0.0049950049950049	0.0418942291188987	salamandrivorans	life_stage	liq_Zoospore	liq_Developed	up_in_liq_Developed	5.28783980941142																											True	True	True	False
18416	1151.6537	3.13	2.947131513029792e-05	0.0	5.601717389516078	1.0	0.2	0.8	44.0	0.0049950049950049	0.0418942291188987	salamandrivorans	life_stage	liq_Zoospore	liq_Developed	up_in_liq_Zoospore	0.0																											False	False	False	False
25151	618.6499	3.408618	2.819024701523368e-05	0.0	5.538951527459735	0.8	0.2	0.6000000000000001	44.0	0.0049950049950049	0.0418942291188987	salamandrivorans	life_stage	liq_Zoospore	liq_Developed	up_in_liq_Zoospore	0.0																											False	False	False	False
21242	776.4399	3.668052	0.0	2.5964987784647267e-05	-5.42297986262059	0.4	0.9	-0.5	3.5	0.0049950049950049	0.0418942291188987	salamandrivorans	life_stage	liq_Zoospore	liq_Developed	up_in_liq_Developed	5.246532689993761																											True	True	True	False
17905	501.7498	1.26346	0.0	2.43669285619358e-05	-5.333540441765282	0.4	0.9	-0.5	3.5	0.0049950049950049	0.0418942291188987	salamandrivorans	life_stage	liq_Zoospore	liq_Developed	up_in_liq_Developed	5.057631423980593																											True	True	True	False
21683	899.4828	3.587	2.419507321341101e-05	0.0	5.323583442000968	0.8	0.2	0.6000000000000001	44.0	0.0049950049950049	0.0418942291188987	salamandrivorans	life_stage	liq_Zoospore	liq_Developed	up_in_liq_Zoospore	0.0																											False	False	False	False
18224	618.6576	3.499085	2.361111479036924e-05	0.0	5.289227029856489	0.8	0.2	0.6000000000000001	44.0	0.0049950049950049	0.0418942291188987	salamandrivorans	life_stage	liq_Zoospore	liq_Developed	up_in_liq_Zoospore	0.0	18224.0	C38H82N4	[M + Na]+	6-methyl-1-N'-[2-methyl-5-(4-methylpentylamino)pentyl]-1-N,1-N',6-N-tris(4-methylpentyl)heptane-1,1,6-triamine	CC(C)CCCNCCCC(C)CN(CCCC(C)C)C(CCCCC(C)(C)NCCCC(C)C)NCCCC(C)C		Alkaloids	Corynanthe type	Organonitrogen compounds	18224.0	native-full-e9838293-bagel	native	1.0								native	native	1.0	18224.0	C38H82N4	False	False	False	False	True
24652	950.9895	3.863	2.3105985086228822e-05	0.0	5.258833803289729	0.8	0.2	0.6000000000000001	44.0	0.0049950049950049	0.0418942291188987	salamandrivorans	life_stage	liq_Zoospore	liq_Developed	up_in_liq_Zoospore	0.0																											False	False	False	False
14188	231.1132	0.687824	0.0	2.291376265496355e-05	-5.247097646489142	0.4	0.9	-0.5	3.5	0.0049950049950049	0.0418942291188987	salamandrivorans	life_stage	liq_Zoospore	liq_Developed	up_in_liq_Developed	-0.3841211470173845																											False	True	False	False
16043	1253.6963	3.814118	2.231644730996856e-05	0.0	5.210007042461738	0.8	0.2	0.6000000000000001	44.0	0.0049950049950049	0.0418942291188987	salamandrivorans	life_stage	liq_Zoospore	liq_Developed	up_in_liq_Zoospore	0.0																											False	False	False	False
14626	321.6701	1.870551	0.0	2.126411182336451e-05	-5.142247891654108	0.4	0.9	-0.5	3.5	0.0049950049950049	0.0418942291188987	salamandrivorans	life_stage	liq_Zoospore	liq_Developed	up_in_liq_Developed	4.99340320741472																											True	True	True	False
20668	745.9472	3.610891	1.996330427149632e-05	0.0	5.053837228274189	0.8	0.2	0.6000000000000001	44.0	0.0049950049950049	0.0418942291188987	salamandrivorans	life_stage	liq_Zoospore	liq_Developed	up_in_liq_Zoospore	0.0																											False	False	False	False
21578	840.4707	3.706774	1.886895692934296e-05	0.0	4.975018156702888	0.8	0.2	0.6000000000000001	44.0	0.0049950049950049	0.0418942291188987	salamandrivorans	life_stage	liq_Zoospore	liq_Developed	up_in_liq_Zoospore	0.0																											False	False	False	False
30694	1273.2046	4.652	1.882496812853839e-05	0.0	4.971758091329159	0.8	0.2	0.6000000000000001	44.0	0.0049950049950049	0.0418942291188987	salamandrivorans	life_stage	liq_Zoospore	liq_Developed	up_in_liq_Zoospore	0.0																											False	False	False	False
26779	554.2753	1.324	1.7779870334359615e-05	0.0	4.892055374615777	0.8	0.2	0.6000000000000001	44.0	0.0049950049950049	0.0418942291188987	salamandrivorans	life_stage	liq_Zoospore	liq_Developed	up_in_liq_Zoospore	0.0																											False	False	False	False
23551	516.7956	3.644269	1.672297166918321e-05	0.0	4.806709256874155	0.8	0.2	0.6000000000000001	44.0	0.0049950049950049	0.0418942291188987	salamandrivorans	life_stage	liq_Zoospore	liq_Developed	up_in_liq_Zoospore	0.0																											False	False	False	False
17024	719.8873	3.880533	1.669019368294524e-05	0.0	4.803979948403669	0.8	0.2	0.6000000000000001	44.0	0.0049950049950049	0.0418942291188987	salamandrivorans	life_stage	liq_Zoospore	liq_Developed	up_in_liq_Zoospore	0.0																											False	False	False	False
27713	448.2187	1.39868	1.5011868945435989e-05	0.0	4.656845287899904	0.8	0.2	0.6000000000000001	44.0	0.0049950049950049	0.0418942291188987	salamandrivorans	life_stage	liq_Zoospore	liq_Developed	up_in_liq_Zoospore	-5.664269174184281																											False	False	False	False
11314	373.2011	1.842	1.475900579681168e-05	0.0	4.633316730700468	1.0	0.2	0.8	44.0	0.0049950049950049	0.0418942291188987	salamandrivorans	life_stage	liq_Zoospore	liq_Developed	up_in_liq_Zoospore	0.0																											False	False	False	False
32493	900.5206	4.282034	0.0	1.111434412375029e-05	-4.243081697859994	0.4	0.9	-0.5	3.5	0.0049950049950049	0.0418942291188987	salamandrivorans	life_stage	liq_Zoospore	liq_Developed	up_in_liq_Developed	3.762935752769297																											True	True	True	False
33120	1200.1351	4.594429	1.0509267420588024e-05	0.0	4.166700828546276	0.8	0.2	0.6000000000000001	44.0	0.0049950049950049	0.0418942291188987	salamandrivorans	life_stage	liq_Zoospore	liq_Developed	up_in_liq_Zoospore	0.0																											False	False	False	False
16999	400.2542	1.020413	9.515705330048144e-06	0.0	4.0317843244307445	1.0	0.2	0.8	44.0	0.0049950049950049	0.0418942291188987	salamandrivorans	life_stage	liq_Zoospore	liq_Developed	up_in_liq_Zoospore	0.0																											False	False	False	False
31163	1089.1327	4.639737	9.256154638942652e-06	0.0	3.994357884474217	0.8	0.2	0.6000000000000001	44.0	0.0049950049950049	0.0418942291188987	salamandrivorans	life_stage	liq_Zoospore	liq_Developed	up_in_liq_Zoospore	0.0																											False	False	False	False
30456	1058.0758	4.68058	9.102912582555698e-06	0.0	3.971796218650813	0.8	0.2	0.6000000000000001	44.0	0.0049950049950049	0.0418942291188987	salamandrivorans	life_stage	liq_Zoospore	liq_Developed	up_in_liq_Zoospore	0.0																											False	False	False	False
37903	721.8924	4.397111	0.0	7.849288106396132e-06	-3.7726408389114567	0.4	0.9	-0.5	3.5	0.0049950049950049	0.0418942291188987	salamandrivorans	life_stage	liq_Zoospore	liq_Developed	up_in_liq_Developed	3.60559943333224																											True	True	True	False
27439	645.3628	4.147816	7.790219617841052e-06	0.0	3.7625431950937975	1.0	0.2	0.8	44.0	0.0049950049950049	0.0418942291188987	salamandrivorans	life_stage	liq_Zoospore	liq_Developed	up_in_liq_Zoospore	0.0																											False	False	False	False
31484	966.9987	4.377632	7.740014187368774e-06	0.0	3.7539047578370415	0.8	0.2	0.6000000000000001	44.0	0.0049950049950049	0.0418942291188987	salamandrivorans	life_stage	liq_Zoospore	liq_Developed	up_in_liq_Zoospore	0.0																											False	False	False	False
30991	673.3593	4.133	7.253412264081522e-06	0.0	3.667384729155578	0.8	0.2	0.6000000000000001	44.0	0.0049950049950049	0.0418942291188987	salamandrivorans	life_stage	liq_Zoospore	liq_Developed	up_in_liq_Zoospore	0.0																											False	False	False	False
25838	891.01	4.543	6.921464313873071e-06	0.0	3.605237615880944	0.8	0.2	0.6000000000000001	44.0	0.0049950049950049	0.0418942291188987	salamandrivorans	life_stage	liq_Zoospore	liq_Developed	up_in_liq_Zoospore	0.0																											False	False	False	False
32003	726.4258	4.211	6.912163148343483e-06	0.0	3.603457107758044	0.8	0.2	0.6000000000000001	44.0	0.0049950049950049	0.0418942291188987	salamandrivorans	life_stage	liq_Zoospore	liq_Developed	up_in_liq_Zoospore	0.0																											False	False	False	False
33075	719.4118	4.166727	6.271664970871245e-06	0.0	3.4752393181685712	0.8	0.2	0.6000000000000001	44.0	0.0049950049950049	0.0418942291188987	salamandrivorans	life_stage	liq_Zoospore	liq_Developed	up_in_liq_Zoospore	0.0																											False	False	False	False
30677	1269.2081	4.420474	6.181713717136697e-06	0.0	3.456284084112671	0.8	0.2	0.6000000000000001	44.0	0.0049950049950049	0.0418942291188987	salamandrivorans	life_stage	liq_Zoospore	liq_Developed	up_in_liq_Zoospore	0.0																											False	False	False	False
32383	903.9721	4.297911	5.551767226225469e-06	0.0	3.316062020476155	0.8	0.2	0.6000000000000001	44.0	0.0049950049950049	0.0418942291188987	salamandrivorans	life_stage	liq_Zoospore	liq_Developed	up_in_liq_Zoospore	0.0																											False	False	False	False
35615	897.4928	4.465872	5.500096218286391e-06	0.0	3.303932027524838	0.8	0.2	0.6000000000000001	44.0	0.0049950049950049	0.0418942291188987	salamandrivorans	life_stage	liq_Zoospore	liq_Developed	up_in_liq_Zoospore	0.0																											False	False	False	False
32139	1114.1005	4.631072	5.475422381082599e-06	0.0	3.2981035609329727	0.8	0.2	0.6000000000000001	44.0	0.0049950049950049	0.0418942291188987	salamandrivorans	life_stage	liq_Zoospore	liq_Developed	up_in_liq_Zoospore	0.0																											False	False	False	False
27100	563.7537	4.036289	5.171511846999949e-06	0.0	3.2243131093082025	0.8	0.2	0.6000000000000001	44.0	0.0049950049950049	0.0418942291188987	salamandrivorans	life_stage	liq_Zoospore	liq_Developed	up_in_liq_Zoospore	0.0	27100.0	C9H13Br4NO7	[M + H]+							27100.0	native-full-e9838293-bagel	native	1.0								native	native	1.0	27100.0	C9H13Br4NO7	False	False	False	False	False
30979	985.0721	4.429673	4.87346663366647e-06	0.0	3.1480853096409223	0.8	0.2	0.6000000000000001	44.0	0.0049950049950049	0.0418942291188987	salamandrivorans	life_stage	liq_Zoospore	liq_Developed	up_in_liq_Zoospore	0.0																											False	False	False	False
36286	606.8326	4.28399	4.309223516984966e-06	0.0	2.991718550653012	0.8	0.2	0.6000000000000001	44.0	0.0049950049950049	0.0418942291188987	salamandrivorans	life_stage	liq_Zoospore	liq_Developed	up_in_liq_Zoospore	0.0																											False	False	False	False
38144	1075.1208	4.864725	3.777924988856072e-06	0.0	2.827169012534589	0.8	0.2	0.6000000000000001	44.0	0.0049950049950049	0.0418942291188987	salamandrivorans	life_stage	liq_Zoospore	liq_Developed	up_in_liq_Zoospore	0.0																											False	False	False	False
17614	741.3691	2.115755	7.241149845623525e-05	0.0	6.880898734307334	1.0	0.4	0.6	46.0	0.0059940059940059	0.0496173391825565	salamandrivorans	life_stage	liq_Zoospore	liq_Developed	up_in_liq_Zoospore	6.07511874990413																											True	False	False	False
7957	595.8206	2.856	6.166389615177736e-05	0.0	6.651237927187662	1.0	0.4	0.6	46.0	0.0059940059940059	0.0496173391825565	salamandrivorans	life_stage	liq_Zoospore	liq_Developed	up_in_liq_Zoospore	4.915172287246045																											True	False	False	False
6440	359.7004	1.818	4.752080361514145e-05	0.0	6.279636622343145	1.0	0.4	0.6	46.0	0.0059940059940059	0.0496173391825565	salamandrivorans	life_stage	liq_Zoospore	liq_Developed	up_in_liq_Zoospore	4.733705155076336	6440.0	C3Br3O3	[M + K]+							6440.0	native-full-e9838293-bagel	native	1.0								native	native	1.0	6440.0	C3Br3O3	False	True	False	False	False
15712	877.5188	2.809208	4.626415561481562e-05	0.0	6.241476571626193	1.0	0.4	0.6	46.0	0.0059940059940059	0.0496173391825565	salamandrivorans	life_stage	liq_Zoospore	liq_Developed	up_in_liq_Zoospore	5.68402976447168																											True	False	False	False
17118	763.3745	1.523305	4.485465557058538e-05	0.0	6.197438505282046	1.0	0.4	0.6	46.0	0.0059940059940059	0.0496173391825565	salamandrivorans	life_stage	liq_Zoospore	liq_Developed	up_in_liq_Zoospore	6.035698186130332																											True	False	False	False
17513	383.7515	1.969873	4.256844556060342e-05	0.0	6.1230206101551445	1.0	0.4	0.6	46.0	0.0059940059940059	0.0496173391825565	salamandrivorans	life_stage	liq_Zoospore	liq_Developed	up_in_liq_Zoospore	5.396586424842401	17513.0	CHNO6P2S5	[M + K]+							17513.0	native-full-e9838293-bagel	native	1.0								native	native	1.0	17513.0	CHNO6P2S5	False	True	False	False	False
17084	968.4843	2.762	3.7884655125492e-05	0.0	5.957406698721763	1.0	0.4	0.6	46.0	0.0059940059940059	0.0496173391825565	salamandrivorans	life_stage	liq_Zoospore	liq_Developed	up_in_liq_Zoospore	5.425689893095727																											True	False	False	False
17751	1652.9285	4.211	3.720557101739704e-05	0.0	5.931735454612472	1.0	0.4	0.6	46.0	0.0059940059940059	0.0496173391825565	salamandrivorans	life_stage	liq_Zoospore	liq_Developed	up_in_liq_Zoospore	4.126058806560115																											True	False	False	False
12026	983.4365	0.910454	3.198467120892808e-05	0.0	5.717450168640864	1.0	0.4	0.6	46.0	0.0059940059940059	0.0496173391825565	salamandrivorans	life_stage	liq_Zoospore	liq_Developed	up_in_liq_Zoospore	4.894497298608901																											True	False	False	False
9693	297.1756	1.451797	3.188415735874359e-05	0.0	5.712995704318754	1.0	0.4	0.6	46.0	0.0059940059940059	0.0496173391825565	salamandrivorans	life_stage	liq_Zoospore	liq_Developed	up_in_liq_Zoospore	4.2259661454368045																											True	False	False	False
20716	424.1826	0.92052	2.6939776457191248e-05	0.0	5.4749329038600365	1.0	0.4	0.6	46.0	0.0059940059940059	0.0496173391825565	salamandrivorans	life_stage	liq_Zoospore	liq_Developed	up_in_liq_Zoospore	4.667989374998919																											True	False	False	False
16000	878.4644	3.978	2.6072912401704e-05	0.0	5.428824857560761	1.0	0.4	0.6	46.0	0.0059940059940059	0.0496173391825565	salamandrivorans	life_stage	liq_Zoospore	liq_Developed	up_in_liq_Zoospore	4.675797641247331																											True	False	False	False
19817	744.452	4.095775	2.5501751733610475e-05	0.0	5.397619376606493	1.0	0.4	0.6	46.0	0.0059940059940059	0.0496173391825565	salamandrivorans	life_stage	liq_Zoospore	liq_Developed	up_in_liq_Zoospore	4.30446612085538																											True	False	False	False
18954	731.9029	2.842597	2.541954865501514e-05	0.0	5.393072111429857	1.0	0.4	0.6	46.0	0.0059940059940059	0.0496173391825565	salamandrivorans	life_stage	liq_Zoospore	liq_Developed	up_in_liq_Zoospore	4.354302310060398																											True	False	False	False
20311	416.7538	1.746	2.2384263308031823e-05	0.0	5.2142664165748025	1.0	0.4	0.6	46.0	0.0059940059940059	0.0496173391825565	salamandrivorans	life_stage	liq_Zoospore	liq_Developed	up_in_liq_Zoospore	4.850540702689315																											True	False	False	False
19155	435.2456	0.691	2.1508923588495808e-05	0.0	5.15829758539767	1.0	0.4	0.6	46.0	0.0059940059940059	0.0496173391825565	salamandrivorans	life_stage	liq_Zoospore	liq_Developed	up_in_liq_Zoospore	4.685035744531004																											True	False	False	False
25541	1102.5331	1.171618	1.783527607583102e-05	0.0	4.896393175166334	1.0	0.4	0.6	46.0	0.0059940059940059	0.0496173391825565	salamandrivorans	life_stage	liq_Zoospore	liq_Developed	up_in_liq_Zoospore	4.083132696051106																											True	False	False	False
19568	249.187	3.872191	1.5679489044034598e-05	0.0	4.717183047521439	1.0	0.4	0.6	46.0	0.0059940059940059	0.0496173391825565	salamandrivorans	life_stage	liq_Zoospore	liq_Developed	up_in_liq_Zoospore	4.133409324681906																											True	False	False	False
21540	1239.672	4.017387	1.5176144260984176e-05	0.0	4.671927788702011	1.0	0.4	0.6	46.0	0.0059940059940059	0.0496173391825565	salamandrivorans	life_stage	liq_Zoospore	liq_Developed	up_in_liq_Zoospore	3.704682317188692																											True	False	False	False
22369	850.7878	4.426059	1.08837421640641e-05	0.0	4.214446891418167	1.0	0.4	0.6	46.0	0.0059940059940059	0.0496173391825565	salamandrivorans	life_stage	liq_Zoospore	liq_Developed	up_in_liq_Zoospore	2.9874681984679565																											True	False	False	False
24854	704.052	4.4066	1.0202106201342832e-05	0.0	4.126322239163375	1.0	0.4	0.6	46.0	0.0059940059940059	0.0496173391825565	salamandrivorans	life_stage	liq_Zoospore	liq_Developed	up_in_liq_Zoospore	2.7566907592762324																											True	False	False	False
36635	804.9727	4.298975	9.8707287220145e-06	0.0	4.08145438586816	1.0	0.4	0.6	46.0	0.0059940059940059	0.0496173391825565	salamandrivorans	life_stage	liq_Zoospore	liq_Developed	up_in_liq_Zoospore	3.080348456315654																											True	False	False	False
24264	566.3345	4.179	8.676749170873193e-06	0.0	3.9071316659976496	1.0	0.4	0.6	46.0	0.0059940059940059	0.0496173391825565	salamandrivorans	life_stage	liq_Zoospore	liq_Developed	up_in_liq_Zoospore	3.257663398097892																											True	False	False	False
25405	717.9337	4.520917	7.573283239702509e-06	0.0	3.72483985137254	1.0	0.4	0.6	46.0	0.0059940059940059	0.0496173391825565	salamandrivorans	life_stage	liq_Zoospore	liq_Developed	up_in_liq_Zoospore	2.615156560501036																											True	False	False	False
31838	946.164	4.49038	6.5956706952735945e-06	0.0	3.541523474549928	1.0	0.4	0.6	46.0	0.0059940059940059	0.0496173391825565	salamandrivorans	life_stage	liq_Zoospore	liq_Developed	up_in_liq_Zoospore	2.57326316698958																											True	False	False	False
34675	984.0399	4.732513	5.468042994668682e-06	0.0	3.296355814311219	1.0	0.4	0.6	46.0	0.0059940059940059	0.0496173391825565	salamandrivorans	life_stage	liq_Zoospore	liq_Developed	up_in_liq_Zoospore	2.814652873129535																											True	False	False	False
32604	1107.0881	5.014647	5.168766701039097e-06	0.0	3.2236290768390514	1.0	0.4	0.6	46.0	0.0059940059940059	0.0496173391825565	salamandrivorans	life_stage	liq_Zoospore	liq_Developed	up_in_liq_Zoospore	2.16920962311767																											True	False	False	False
31457	574.3145	4.740885	5.14040019277696e-06	0.0	3.2165416850786026	1.0	0.4	0.6	46.0	0.0059940059940059	0.0496173391825565	salamandrivorans	life_stage	liq_Zoospore	liq_Developed	up_in_liq_Zoospore	2.6318200517318657																											True	False	False	False
37979	1281.1985	4.744153	4.928424651974468e-06	0.0	3.162447567273785	1.0	0.4	0.6	46.0	0.0059940059940059	0.0496173391825565	salamandrivorans	life_stage	liq_Zoospore	liq_Developed	up_in_liq_Zoospore	1.8500901917755528																											True	False	False	False
31667	1086.1205	5.008774	4.34011641525993e-06	0.0	3.000732755780648	1.0	0.4	0.6	46.0	0.0059940059940059	0.0496173391825565	salamandrivorans	life_stage	liq_Zoospore	liq_Developed	up_in_liq_Zoospore	2.376231602113413																											True	False	False	False
