formulaRank	molecularFormula	adduct	precursorFormula	ZodiacScore	SiriusScoreNormalized	SiriusScore	TreeScore	IsotopeScore	numExplainedPeaks	explainedIntensity	medianMassErrorFragmentPeaks(ppm)	medianAbsoluteMassErrorFragmentPeaks(ppm)	massErrorPrecursor(ppm)	lipidClass	ionMass	retentionTimeInSeconds	retentionTimeInMinutes	formulaId	alignedFeatureId	compoundId	mappingFeatureId	overallFeatureQuality
1	C8H16N2O2	[M + H]+	C8H17N2O2+		1.000	185.896	185.896	0.000	28	0.176	2.652	2.722	3.153		173.129	35	0.578	878143070852574425	878141942148590660	878141942144396355	7654	
1	As2S5	[M + K]+	As2KS5+		1.000	-3.886	-3.886	0.000	0	0.000			8.587		348.670	49	0.818	878141961102650531	878141941620108336	878141941615914031	4898	
1	C13H16N2O5	[M + H]+	C13H17N2O5+		1.000	72.264	72.264	0.000	19	0.760	1.560	1.908	0.718		281.113	74	1.237	878144146477640928	878141941230038052	878141941221649443	1905	
1	C19H33N5O7	[M + H]+	C19H34N5O7+		0.991	75.147	75.147	0.000	14	0.962	1.458	1.458	1.407		444.246	79	1.323	878141974444731556	878141942404443212	878141942400248907	9111	
1	C18H36FN5O9	[M + H]+	C18H37FN5O9+		0.613	112.176	112.176	0.000	36	0.961	1.248	1.331	-0.581		486.257	80	1.330	878142020292668590	878141944128302220	878141944124107915	32391	
1	C7H11Br4NO2	[M + H]+	C7H12Br4NO2+		1.000	43.589	43.589	0.000	8	0.307	1.959	2.643	1.522		457.760	158	2.631	878142489689812162	878141941381033000	878141941372644391	3029	
1	C40H65N9O10	[M + Na]+	C40H65N9NaO10+		0.908	95.048	95.048	0.000	33	0.860	0.603	1.750	7.303		854.481	192	3.194	878142485369679032	878141942597381204	878141942593186899	10449	
1	C21H24Br3N5O4S	[M + H]+	C21H25Br3N5O4S+		0.291	91.595	91.595	0.000	36	0.854	1.968	1.968	-8.954		679.911	209	3.488	878144548438764826	878141942496717904	878141942492523599	9921	
1	C20H28N2O3	[M + H]+	C20H29N2O3+		0.653	52.039	52.039	0.000	16	0.927	-0.521	2.735	11.386		345.221	220	3.669	878144500988603649	878141943587236984	878141943583042679	20141	
1	C52H90N14O16S	[M + H]+	C52H91N14O16S+		0.502	94.159	94.159	0.000	15	0.611	0.603	1.135	8.611		1199.656	238	3.967	878145171645230667	878141942299585608	878141942295391303	8688	
1	C55H91N13O16	[M + Na]+	C55H91N13NaO16+		0.874	55.364	55.364	0.000	24	0.780	2.597	2.597	-5.850		1212.653	238	3.972	878143068570873039	878141942861622368	878141942857428063	13127	
1	C37H53N5O8	[M + H]+	C37H54N5O8+		0.570	70.486	70.486	0.000	22	0.813	1.933	1.933	3.317		696.399	246	4.100	878142858843090117	878141942953897060	878141942949702755	13978	
1	C24H28Cl2FN5O5S2	[M + K]+	C24H28Cl2FKN5O5S2+		0.996	40.358	40.358	0.000	18	0.860	0.732	1.170	-9.350		658.046	263	4.384	878144312433667306	878141942773541980	878141942769347675	12196	
1	C37H30N8O17S4	[M + H]+	C37H31N8O17S4+		1.000	42.993	42.993	0.000	13	0.810	1.232	3.128	-5.321		987.063	264	4.401	878144552163306788	878141941724965940	878141941720771635	5500	
1	C62H75N5O7	[M + H]+	C62H76N5O7+		0.299	58.488	58.488	0.000	17	0.713	1.199	1.868	-3.118		1002.571	272	4.541	878144812063354184	878141944111525000	878141944111524999	28152	
1	C28H26N4O9S4	[M + H]+	C28H27N4O9S4+		0.192	43.095	43.095	0.000	17	0.798	1.590	2.074	0.812		691.066	279	4.653	878144745491361084	878141943306218608	878141943302024303	16756	
1	C16H38N4O	[M + H]+	C16H39N4O+		1.000	35.341	35.341	0.000	12	0.964	3.915	4.050	-9.358		303.309	397	6.619	878144521502944534	878141944019250304	878141944019250303	23620	
1	C21H33NO4	[M + H]+	C21H34NO4+		0.999	68.138	68.138	0.000	14	0.863	4.173	4.173	3.198		364.249	417	6.946	878144488615406839	878141943180389484	878141943172000875	15601	
1	C53H102N6O9	[M + K]+	C53H102KN6O9+		0.135	17.883	17.883	0.000	5	0.470	-2.257	2.257	3.394		1005.737	433	7.219	878144666546171183	878141942043733056	878141942039538751	7325	
1	C25H43NO3	[M + H]+	C25H44NO3+		0.880	112.171	112.171	0.000	16	0.647	2.085	2.537	-2.143		406.331	502	8.373	878144520445979916	878141943054560360	878141943050366055	14861	
1	C30H46O5	[M + H3N + H]+	C30H50NO5+		1.000	8.638	8.638	0.000	2	0.193	-7.298	7.298	-14.771		504.361	514	8.574	878144667951263034	878141942685461592	878141942681267287	11468	
1	C55H88O6	[M + K]+	C55H88KO6+		0.831	59.947	59.947	0.000	8	0.419	-9.795	9.795	6.622		883.627	516	8.598	878144995576737118	878141941938875452	878141941934681147	6743	
1	C41H72O11	[M + H]+	C41H73O11+		0.970	230.313	230.313	0.000	48	0.893	1.337	1.588	10.196		741.522	639	10.651	878144916165979475	878141941066460192	878141941058071583	1486	
1	C6H7BClNO3	[M + K]+	C6H7BClKNO3+		0.995	71.630	71.630	0.000	12	0.972	3.532	3.532	6.485		224.989	644	10.726	878145057732128139	878141944094747780	878141944090553475	26609	
1	C41H56N10O9S	[M + H]+	C41H57N10O9S+		0.999	56.097	56.097	0.000	26	0.910	0.739	1.783	-4.531		865.399	97	1.622	878146789837340930	878145452894552218	878145452890357913	14103	
1	C31H44N8O11	[M + H]+	C31H45N8O11+		0.955	127.973	127.973	0.000	45	0.927	0.997	1.856	11.724		705.329	126	2.103	878147445792932129	878145453351731366	878145453347537061	16878	
1	C46H56N10O10	[M + H]+	C46H57N10O10+		0.379	148.179	148.179	0.000	46	0.926	1.690	1.886	3.998		909.429	148	2.462	878146874780385548	878145451070029914	878145451065835609	1928	
1	C31H49N9O12	[M + H]+	C31H50N9O12+		0.742	130.900	130.900	0.000	46	0.951	1.711	1.998	5.748		740.362	164	2.734	878146173891215603	878145451678204014	878145451669815405	6333	
1	C53H56N4O7	[M + H]+	C53H57N4O7+		0.631	67.686	67.686	0.000	22	0.702	2.608	2.608	11.868		861.432	180	2.996	878148177787060718	878145451560763498	878145451556569193	5629	
1	C59H74N2O13	[M + H]+	C59H75N2O13+		0.950	42.443	42.443	0.000	11	0.498	0.357	3.276	4.446		1019.531	219	3.657	878145850913030377	878145452428984458	878145452424790153	10560	
1	C38H59N11O8	[M + H]+	C38H60N11O8+		0.874	97.161	97.161	0.000	29	0.778	1.248	1.697	-1.108		798.461	223	3.724	878145639612383453	878145452525453454	878145452521259149	11632	
1	C47H64N4O14	[M + H]+	C47H65N4O14+		0.497	63.808	63.808	0.000	13	0.522	-0.407	2.796	-9.214		909.441	225	3.746	878148001290748223	878145452118605950	878145452114411645	8695	
1	C23H22Br3N5O4	[M + K]+	C23H22Br3KN5O4+		0.999	62.030	62.030	0.000	19	0.762	-0.554	1.313	12.504		707.894	231	3.854	878147467796250923	878145451791450226	878145451783061617	6849	
1	C49H85FN6O6	[M + Na]+	C49H85FN6NaO6+		0.469	16.952	16.952	0.000	7	0.338	5.292	5.292	-10.254		895.632	527	8.779	878147549882974517	878145452617728146	878145452613533841	12317	
1	C39H82B4NO8P	[M + Na]+	C39H82B4NNaO8P+		0.744	26.929	26.929	0.000	11	0.539	-0.534	5.051	5.881		786.623	561	9.349	878146917956550934	878145453607583918	878145453603389613	20143	
1	C11H17N3O6S2	[M + H]+	C11H18N3O6S2+		1.000	125.485	125.485	0.000	31	0.866	1.525	1.945	0.131		352.063	35	0.589	878148510663134890	878148353578061345	878148353569672736	6047	
1	C9H21N5O4	[M + H]+	C9H22N5O4+		0.973	121.935	121.935	0.000	32	0.835	1.148	1.611	4.805		264.168	36	0.606	878148408091430554	878148352219106829	878148352210718220	1684	
1	C32H45N5O7S	[M + H]+	C32H46N5O7S+		0.884	110.432	110.432	0.000	27	0.805	-0.516	1.897	-10.471		644.305	37	0.612	878148951362850540	878148353078939161	878148353070550552	3815	
1	C14H21N3O5	[M + H]+	C14H22N3O5+		0.999	102.734	102.734	0.000	29	0.941	1.116	1.945	5.135		312.157	47	0.779	878148404190727824	878148354991541817	878148354983153208	9652	
1	C11H17FN2O2	[M + H]+	C11H18FN2O2+		0.994	50.175	50.175	0.000	14	0.927	2.406	3.161	0.949		229.135	49	0.821	878148960124751606	878148357973692021	878148357969497716	29646	
1	CI3O	[M + H]+	CHI3O+		0.500	-4.215	-4.215	0.000	0	0.000			-0.757		409.715	59	0.990	878148409827872421	878148356606348885	878148356602154580	15191	
1	C13H20N4O4	[M + H]+	C13H21N4O4+		0.939	26.601	26.601	0.000	9	0.946	-0.051	2.420	-0.779		297.156	77	1.287	878148950746287841	878148354056212009	878148354047823400	6862	
1	C13H27NO4	[M + H]+	C13H28NO4+		1.000	23.498	23.498	0.000	4	0.981	0.202	2.728	3.109		262.202	112	1.861	878148607631249098	878148354282704429	878148354274315820	7500	
1	C27H45N9O9	[M + Na]+	C27H45N9NaO9+		0.682	53.004	53.004	0.000	11	0.748	1.816	3.758	5.217		662.327	122	2.027	878149245463252737	878148357944331889	878148357940137584	27956	
1	C5H8N4O2S	[M + Na]+	C5H8N4NaO2S+		0.998	79.700	79.700	0.000	16	0.297	-4.346	8.197	-6.242		211.025	126	2.102	878148539196985012	878148357063528029	878148357059333724	16928	
1	C36H60N10O14	[M + H]+	C36H61N10O14+		0.562	135.372	135.372	0.000	50	0.964	1.055	2.662	8.254		857.443	145	2.415	878151404317661845	878148351342497285	878148351296359940	450	
1	C25H31N7O8	[M + H]+	C25H32N7O8+		0.456	93.312	93.312	0.000	26	0.720	1.579	2.023	2.530		558.232	164	2.740	878148940424105686	878148357424238181	878148357420043876	20148	
1	C27H39N5O8	[M + H]+	C27H40N5O8+		0.998	85.378	85.378	0.000	21	0.779	0.959	1.222	2.241		562.288	166	2.769	878148601981521599	878148354509196849	878148354500808240	7822	
1	C9H11Br3O6	[M + K]+	C9H11Br3KO6+		0.590	0.391	0.391	0.000	0	0.000			5.639		490.777	167	2.783	878148410326994599	878148355872345673	878148355868151368	12578	
1	C28H39N5O7	[M + H]+	C28H40N5O7+		0.929	52.065	52.065	0.000	17	0.929	1.035	1.264	4.075		558.295	232	3.864	878149959707086605	878148354756660789	878148354748272180	8773	
1	C56H68N2O13	[M + H]+	C56H69N2O13+		0.655	53.899	53.899	0.000	11	0.415	4.332	8.197	2.029		977.481	237	3.954	878150332551352100	878148356103032397	878148356098838092	13467	
1	C38H78N2	[M + H]+	C38H79N2+		1.000	31.457	31.457	0.000	5	0.296	5.886	5.886	2.880		563.625	253	4.212	878150267917127459	878148356363079249	878148356354690640	14577	
1	C29H52N10O12	[M + H]+	C29H53N10O12+		0.881	82.435	82.435	0.000	28	0.896	1.448	1.916	-0.673		733.383	259	4.324	878150391049309999	878148353821330981	878148353817136676	6457	
1	C18H25Br3N4O5S	[M + Na]+	C18H25Br3N4NaO5S+		0.653	44.687	44.687	0.000	20	0.812	1.508	1.832	4.189		668.902	264	4.395	878150267132792600	878148357600398953	878148357596204648	21842	
1	C25H40N4O7	[M + H]+	C25H41N4O7+		0.999	75.334	75.334	0.000	15	0.840	1.149	2.431	-1.917		509.296	275	4.580	878150410099838778	878148356858007129	878148356845424216	16128	
1	C14H30O3	[M + H]+	C14H31O3+		0.977	70.159	70.159	0.000	10	0.904	3.045	3.589	0.925		247.227	429	7.148	878150413501419332	878148355666824773	878148355662630468	11672	
1	C45H72N2O3	[M + Na]+	C45H72N2NaO3+		0.548	40.376	40.376	0.000	14	0.704	3.284	7.046	-0.021		711.544	486	8.107	878150519063662413	878148357248077409	878148357243883104	18450	
1	C47H80O7	[M + H]+	C47H81O7+		0.935	51.541	51.541	0.000	21	0.713	3.328	3.988	-4.727		757.594	528	8.801	878150892956504290	878148357776559725	878148357772365420	24694	
1	C5H7N3O2S	[M + Na]+	C5H7N3NaO2S+		0.819	24.781	24.781	0.000	4	0.955	7.942	8.068	8.580		196.017	653	10.887	878150898828530335	878148352525291025	878148352516902416	1984	
1	C27H39N5O7	[M + H]+	C27H40N5O7+		0.872	68.178	68.178	0.000	22	0.913	0.063	1.107	11.120		546.298	54	0.897	878152147174869734	878151671997975084	878151671985392171	974	
1	C15H27N3O6S	[M + H]+	C15H28N3O6S+		0.922	122.976	122.976	0.000	41	0.843	0.324	1.595	-2.996		378.168	100	1.674	878151767590357693	878151673625365084	878151673621170779	9787	
1	C20H30N4O6S	[M + H]+	C20H31N4O6S+		0.857	101.845	101.845	0.000	32	0.968	2.050	2.596	-5.453		455.193	120	2.002	878152233430731504	878151672778115648	878151672769727039	5261	
1	CHBr2I	[M + K]+	CHBr2IK+		1.000	-1.219	-1.219	0.000	0	0.000			-13.158		336.708	132	2.192	878151768638933703	878151674158041712	878151674153847407	13716	
1	C20H27FN6O3	[M + H]+	C20H28FN6O3+		0.997	78.414	78.414	0.000	28	0.964	3.051	4.052	-4.874		419.218	149	2.477	878151934238444242	878151673130437196	878151673126242891	7025	
1	C30H43N5O7	[M + Na]+	C30H43N5NaO7+		0.582	34.914	34.914	0.000	15	0.847	1.868	1.868	7.448		608.310	160	2.663	878151764914391731	878151675378584220	878151675374389915	35325	
1	C33H47N3O5S	[M + H]+	C33H48N3O5S+		0.376	12.775	12.775	0.000	8	0.310	0.443	1.860	-0.533		598.331	162	2.707	878152305191078650	878151672891361860	878151672887167555	6100	
1	C34H47N7O8	[M + H]+	C34H48N7O8+		0.421	135.341	135.341	0.000	31	0.748	1.008	2.023	-2.181		682.354	179	2.978	878154229126712115	878151672505485880	878151672497097271	3219	
1	C23H37N5O7	[M + H]+	C23H38N5O7+		0.514	120.023	120.023	0.000	37	0.905	1.148	1.790	3.274		496.278	181	3.012	878151831062760136	878151673734416992	878151673730222687	10167	
1	C32H44N6O8	[M + H]+	C32H45N6O8+		0.961	167.198	167.198	0.000	54	0.978	-0.104	2.039	0.563		641.330	195	3.256	878154503039929212	878151672346102324	878151672341908019	2499	
1	C38H70N8O7	[M + K]+	C38H70KN8O7+		1.000	91.748	91.748	0.000	35	0.917	0.862	1.757	4.934		789.504	224	3.738	878152086495873756	878151675160480396	878151675160480395	22089	
1	C52H74N8O11	[M + H]+	C52H75N8O11+		0.733	74.645	74.645	0.000	26	0.729	0.320	1.271	-11.221		987.544	234	3.894	878152579771190021	878151671670819368	878151671637264935	545	
1	C31H49N7O10	[M + H]+	C31H50N7O10+		0.976	117.883	117.883	0.000	35	0.814	0.862	1.149	-8.624		680.356	238	3.968	878153535757929244	878151673499535960	878151673495341655	8793	
1	C18H19NO5	[M + H]+	C18H20NO5+		0.662	61.650	61.650	0.000	13	0.818	0.145	2.077	1.517		330.134	262	4.364	878153032080739089	878151674460031608	878151674455837303	15461	
1	C29H41N7O6	[M + H]+	C29H42N7O6+		0.632	59.281	59.281	0.000	27	0.912	0.185	2.208	-2.924		584.317	269	4.475	878154375797328712	878151674048989804	878151674048989803	12736	
1	C26H43N9O9	[M + H]+	C26H44N9O9+		0.664	40.747	40.747	0.000	16	0.842	-3.689	5.342	9.020		626.331	304	5.068	878153587389811494	878151674623609468	878151674611026555	16396	
1	C9H21N3O5	[M + Na]+	C9H21N3NaO5+		0.773	70.587	70.587	0.000	12	0.540	5.022	5.022	3.132		274.138	335	5.581	878154390976514909	878151675345029780	878151675340835475	28041	
1	C13H20N2O6	[M + H]+	C13H21N2O6+		0.883	71.681	71.681	0.000	11	0.418	2.152	2.152	2.946		301.140	450	7.500	878154248055606077	878151674296453748	878151674250316403	14687	
1	C21H38O3	[M + H]+	C21H39O3+		1.000	202.731	202.731	0.000	33	0.621	1.438	1.555	-0.506		339.289	487	8.120	878154432797920104	878151675261143696	878151675256949391	25555	
1	C20H42O4	[M + H]+	C20H43O4+		1.000	84.181	84.181	0.000	10	0.893	1.217	1.217	0.040		347.316	488	8.133	878154380432034642	878151673843468900	878151673839274595	10836	
1	C13H25NO3	[M + H]+	C13H26NO3+		1.000	218.902	218.902	0.000	34	0.821	2.193	2.193	-0.082		244.191	499	8.320	878154436316941170	878151675072400008	878151675068205703	20237	
1	C32H44N4O13	[M + K]+	C32H44KN4O13+		0.696	160.278	160.278	0.000	28	0.590	1.882	2.443	-4.028		731.251	523	8.716	878154709722650551	878151675366001304	878151675361806999	31396	
1	C34H66N8O8	[M + Na]+	C34H66N8NaO8+		0.757	30.318	30.318	0.000	8	0.541	-0.045	2.368	0.296		737.490	640	10.659	878154682581307973	878151674782993024	878151674778798719	17323	
1	C15H29NO	[M + H]+	C15H30NO+		1.000	86.939	86.939	0.000	12	0.255	3.358	3.358	5.033		240.233	640	10.666	878154622577593716	878151674942376580	878151674938182275	18484	
1	C8H14N2O5S2	[M + Na]+	C8H14N2NaO5S2+		0.508	122.808	122.808	0.000	34	0.702	-0.947	3.634	-7.653		305.021	63	1.043	878154939798897984	878154886770312416	878154886761923807	11069	
1	C14H27N3O5S	[M + H]+	C14H28N3O5S+		0.780	80.981	80.981	0.000	26	0.876	2.023	2.721	-5.764		350.172	81	1.354	878154936409900342	878154888066352392	878154888062158087	23295	
1	C25H35N7O7	[M + H]+	C25H36N7O7+		0.963	130.935	130.935	0.000	35	0.846	1.680	2.617	-8.188		546.263	97	1.621	878155846548702660	878154887948911876	878154887944717571	20484	
1	C11H18FN3O4	[M + H]+	C11H19FN3O4+		0.901	118.144	118.144	0.000	29	0.938	-1.415	2.997	-6.195		276.134	97	1.623	878154916247881003	878154885054842036	878154885046453427	3366	
1	C21H30N6O6	[M + H]+	C21H31N6O6+		0.999	89.132	89.132	0.000	31	0.849	1.639	1.862	-2.286		463.229	99	1.655	878155022380549470	878154885398774972	878154885394580667	5285	
1	C24H48N6O9	[M + K]+	C24H48KN6O9+		0.803	67.657	67.657	0.000	24	0.963	0.049	2.301	-0.721		603.311	110	1.826	878154969414878548	878154884169843876	878154884136289443	601	
1	C26H45N3O9S	[M + H]+	C26H46N3O9S+		0.973	100.449	100.449	0.000	41	0.838	-0.582	2.471	12.793		576.302	125	2.091	878155759021966778	878154888183792908	878154888179598603	26569	
1	C20H27ClN4O4	[M + H]+	C20H28ClN4O4+		0.819	126.958	126.958	0.000	41	0.933	1.126	1.557	6.240		423.182	127	2.110	878155076403185000	878154886468322520	878154886459933911	9816	
1	C24H35N7O7	[M + H]+	C24H36N7O7+		0.886	128.872	128.872	0.000	47	0.971	0.778	2.106	5.666		534.270	129	2.158	878155556973954470	878154884488610984	878154884476028071	1384	
1	C13H25N7O4	[M + H]+	C13H26N7O4+		0.898	66.251	66.251	0.000	16	0.949	0.288	1.415	3.258		344.205	149	2.477	878155346419893650	878154886153749712	878154886149555407	8042	
1	C19H25Br4N3O5	[M + H]+	C19H26Br4N3O5+		0.984	117.810	117.810	0.000	38	0.715	1.074	1.968	2.246		691.862	152	2.539	878154966231401802	878154884681548972	878154884677354667	1730	
1	C3H2O3S8	[M + K]+	C3H2KO3S8+		0.377	-1.287	-1.287	0.000	0	0.000			-3.204		380.739	206	3.426	878155104207226226	878154884874486960	878154884870292655	2729	
1	C9H11Br2ClIN3O3	[M + H]+	C9H12Br2ClIN3O3+		0.747	21.653	21.653	0.000	6	0.332	0.530	0.530	-6.262		529.794	213	3.557	878155111182353788	878154887831471360	878154887827277055	19559	
1	C11H12Br4FN3O3	[M + H]+	C11H13Br4FN3O3+		0.999	46.900	46.900	0.000	10	0.384	-1.383	4.943	-0.868		569.766	214	3.560	878155577265997232	878154885558158528	878154885549769919	6166	
1	C39H58N8O11	[M + H]+	C39H59N8O11+		0.994	61.199	61.199	0.000	20	0.786	1.926	2.031	5.910		815.435	218	3.639	878155513420301724	878154886006949068	878154886002754763	7605	
1	C70H79N3O9	[M + H]+	C70H80N3O9+		0.695	19.361	19.361	0.000	6	0.436	3.225	3.546	0.535		1106.590	219	3.652	878155867943847374	878154886308938964	878154886300550355	9098	
1	C43H48N4O7	[M + H]+	C43H49N4O7+		0.327	81.142	81.142	0.000	23	0.761	1.422	1.422	2.350		733.361	224	3.742	878155340556256648	878154887160382700	878154887156188395	13948	
1	C17H21Br3N4O4S2	[M + H]+	C17H22Br3N4O4S2+		0.963	127.278	127.278	0.000	31	0.710	0.862	2.579	1.685		646.864	234	3.894	878155872305923544	878154887701447932	878154887697253627	17794	
1	C65H105N15O22	[M + Na]+	C65H105N15NaO22+		0.195	24.971	24.971	0.000	10	0.332	1.851	6.166	-13.722		1470.725	259	4.325	878156645647502954	878154886623511772	878154886615123163	10369	
1	C61H91N5O12	[M + K]+	C61H91KN5O12+		0.543	30.793	30.793	0.000	9	0.395	2.378	2.657	4.373		1124.635	260	4.329	878156102376080889	878154888200570128	878154888196375823	28118	
1	C43H56N14O8	[M + H]+	C43H57N14O8+		0.651	48.096	48.096	0.000	19	0.785	1.868	1.868	5.871		897.453	262	4.360	878155994846709218	878154887030359272	878154887026164967	12775	
1	C43H62N6O11	[M + H]+	C43H63N6O11+		0.512	74.927	74.927	0.000	13	0.599	0.135	1.601	-5.162		839.451	271	4.517	878156461307840039	878154885704959172	878154885700764867	6734	
1	C18H37NO3	[M + H]+	C18H38NO3+		1.000	46.652	46.652	0.000	7	0.770	0.486	1.675	2.148		316.285	283	4.711	878156103344965124	878154887437206772	878154887428818163	15494	
1	C24H30O6	[M + H]+	C24H31O6+		0.718	32.811	32.811	0.000	9	0.954	3.500	3.500	3.576		415.213	402	6.693	878156045320963567	878154887298794736	878154887294600431	14848	
1	C15H22O2	[M + H]+	C15H23O2+		0.998	23.976	23.976	0.000	4	0.644	3.162	3.162	1.886		235.170	430	7.171	878156114715723276	878154885851759816	878154885847565511	7032	
1	C36H58N6O5Si	[M + H]+	C36H59N6O5Si+		0.397	20.646	20.646	0.000	5	0.205	6.737	6.737	10.722		683.438	450	7.494	878156483332130353	878154887563035896	878154887554647287	16480	
1	C25H34N6O3	[M + H]+	C25H35N6O3+		0.344	54.825	54.825	0.000	9	0.823	3.023	8.983	4.247		467.279	467	7.791	878156563351064017	878154888217347348	878154888213153043	31460	
1	C36H71NO9	[M + Na]+	C36H71NNaO9+		0.957	131.297	131.297	0.000	39	0.874	1.843	2.298	6.715		684.507	507	8.449	878156577309707739	878154885218419896	878154885214225591	4880	
1	C40H73NO9	[M + H]+	C40H74NO9+		0.982	78.241	78.241	0.000	27	0.783	0.430	2.045	-3.101		712.534	638	10.640	878156557588090310	878154886904530148	878154886900335843	12085	
1	C37H54N4O12	[M + H]+	C37H55N4O12+		0.957	95.723	95.723	0.000	26	0.879	1.917	1.917	-1.471		747.380	45	0.751	879585409630866437	879584190443162434	879584190438968129	9398	
1	C47H63N9O13	[M + H]+	C47H64N9O13+		0.595	63.249	63.249	0.000	26	0.875	2.256	2.492	7.990		962.470	53	0.880	879584809258191832	879584190032120634	879584190023732025	7735	
1	C4H7Br4NO	[M + H]+	C4H8Br4NO+		0.937	-1.372	-1.372	0.000	0	0.000			-12.418		401.728	94	1.563	879584934986648568	879584188236958490	879584188228569881	3092	
1	C10H16N2O2	[M + H]+	C10H17N2O2+		1.000	77.896	77.896	0.000	21	0.958	2.321	2.472	0.740		197.129	100	1.672	879584251700972454	879584192590646126	879584192586451821	21551	
1	C18H33N5O7	[M + H]+	C18H34N5O7+		0.974	134.462	134.462	0.000	42	0.924	1.244	1.909	-6.420		432.243	102	1.705	879584824248634338	879584188941601574	879584188933212965	4596	
1	C14H24N2O3S	[M + H]+	C14H25N2O3S+		0.782	99.010	99.010	0.000	33	0.940	1.946	2.496	7.172		301.160	111	1.856	879584248756571036	879584191940528990	879584191936334685	15332	
1	C16H31N7O4	[M + H]+	C16H32N7O4+		0.987	67.617	67.617	0.000	19	0.942	-0.937	2.023	-5.253		386.249	125	2.082	879586007994469437	879584186584402694	879584186538265349	61	
1	C19H31BN6O4	[M + K]+	C19H31BKN6O4+		0.830	171.980	171.980	0.000	53	0.966	1.272	1.644	1.373		456.217	127	2.116	879584586419014596	879584187687504658	879584187679116049	2116	
1	C35H54N6O8S	[M + H]+	C35H55N6O8S+		0.915	89.552	89.552	0.000	35	0.918	1.422	2.793	7.284		719.385	131	2.182	879584489161493424	879584189168093994	879584189163899689	5139	
1	C17H30N6O3S	[M + H]+	C17H31N6O3S+		0.571	51.511	51.511	0.000	8	0.991	0.218	1.694	-0.467		399.217	133	2.215	879584240338602897	879584189805628214	879584189801433909	6984	
1	C16H17Br3N4O6S2	[M + H]+	C16H18Br3N4O6S2+		0.440	98.680	98.680	0.000	26	0.706	2.518	2.560	8.541		662.827	137	2.281	879585834887154716	879584189591718706	879584189583330097	6262	
1	C17H31N3O6	[M + H]+	C17H32N3O6+		0.974	152.517	152.517	0.000	42	0.823	0.862	1.790	0.368		374.229	151	2.522	879586071953411144	879584187406486286	879584187398097677	1585	
1	C33H55FN10O7	[M + H]+	C33H56FN10O7+		0.967	117.018	117.018	0.000	45	0.942	0.948	1.799	8.848		723.438	159	2.650	879584643021147086	879584187968523030	879584187960134421	2637	
1	C53H56N4O8	[M + H]+	C53H57N4O8+		0.218	71.610	71.610	0.000	32	0.895	0.543	1.181	12.775		877.428	178	2.959	879585221327588346	879584188706720546	879584188702526241	4009	
1	C31H53N9O8	[M + H]+	C31H54N9O8+		0.910	129.678	129.678	0.000	40	0.885	1.670	1.670	-2.184		680.408	210	3.498	879584489618672570	879584192112495458	879584192104106849	16462	
1	C27H31ClI2N6O8	[M + H]+	C27H32ClI2N6O8+		0.413	52.731	52.731	0.000	17	0.720	1.035	1.633	-2.698		857.003	231	3.845	879584931819949038	879584190808066890	879584190803872585	10964	
1	C27H41N7O6	[M + H]+	C27H42N7O6+		0.847	115.904	115.904	0.000	36	0.828	2.040	2.139	-4.655		560.317	231	3.848	879585438126967825	879584189386197806	879584189377809197	5669	
1	C34H45N5O7	[M + H]+	C34H46N5O7+		0.975	77.437	77.437	0.000	26	0.934	1.206	1.564	1.768		636.340	233	3.882	879586163569593427	879584192791972730	879584192787778425	32670	
1	C39H49N7O7	[M + H]+	C39H50N7O7+		0.634	65.585	65.585	0.000	12	0.715	0.486	1.251	-0.444		728.376	258	4.301	879585985538165811	879584192276073318	879584192271879013	17663	
1	C37H30Br3N7O5	[M + H]+	C37H31Br3N7O5+		0.198	45.905	45.905	0.000	15	0.754	0.585	0.824	0.304		889.993	261	4.346	879585864788347943	879584192741641074	879584192737446769	24202	
1	C20H22N2O4	[M + Na]+	C20H22N2NaO4+		0.163	13.607	13.607	0.000	2	0.892	-2.365	2.445	0.324		377.147	363	6.045	879586183815498846	879584190241835838	879584190233447229	8558	
1	C51H90N12O6	[M + Na]+	C51H90N12NaO6+		0.098	44.302	44.302	0.000	11	0.830	-0.018	3.104	-1.161		989.699	418	6.967	879586297841847401	879584188476033822	879584188471839517	3548	
1	C36H70N2O11	[M + H]+	C36H71N2O11+		0.999	39.838	39.838	0.000	6	0.575	1.946	1.946	6.873		707.510	450	7.500	879586378708028545	879584192766806902	879584192762612597	27733	
1	C45H76O7	[M + H]+	C45H77O7+		0.884	74.326	74.326	0.000	23	0.784	3.485	3.485	-1.482		729.565	510	8.505	879586377269382262	879584191005199182	879584191001004877	11771	
1	C40H64O6	[M + Na]+	C40H64NaO6+		0.312	7.405	7.405	0.000	1	0.069	-9.268	9.268	-13.280		663.451	629	10.481	879586443686186135	879584191709842266	879584191697259353	14411	
1	C11H19N5O2	[M + H]+	C11H20N5O2+		1.000	107.709	107.709	0.000	31	0.755	2.088	2.416	-0.989		254.161	35	0.578	879586712940256717	879586659500629312	879586659492240703	1591	
1	C5H10Br2ClIN2O4	[M + Na]+	C5H10Br2ClIN2NaO4+		1.000	11.255	11.255	0.000	6	0.219	3.055	3.055	-10.257		504.758	46	0.768	879587941166685699	879586662101097832	879586662096903527	6988	
1	C19H33N7O5	[M + H]+	C19H34N7O5+		0.976	74.815	74.815	0.000	15	0.903	1.966	2.390	-8.844		440.258	55	0.920	879586712910896579	879586664898698652	879586664894504347	19409	
1	C14H27N3O5	[M + H]+	C14H28N3O5+		1.000	147.955	147.955	0.000	36	0.961	1.551	1.771	-2.035		318.202	75	1.248	879586961125613047	879586663464246656	879586663460052351	11780	
1	C21H23Br4N3O5	[M + H]+	C21H24Br4N3O5+		1.000	105.230	105.230	0.000	31	0.722	1.422	2.056	-13.302		713.835	83	1.385	879589525606964782	879586661148990808	879586661140602199	4598	
1	C18H32N4O6	[M + H]+	C18H33N4O6+		0.997	164.287	164.287	0.000	48	0.967	1.256	2.129	1.343		401.240	90	1.500	879586888790646243	879586664563154324	879586664558960019	16494	
1	C14H20N2O4S	[M + H]+	C14H21N2O4S+		1.000	126.600	126.600	0.000	35	0.899	1.648	2.085	0.784		313.122	100	1.671	879586753373347287	879586665213271460	879586665209077155	24216	
1	C6HI3	[M + H]+	C6H2I3+		0.846	0.391	0.391	0.000	0	0.000			0.615		454.729	114	1.903	879586755034291681	879586660637285712	879586660633091407	3550	
1	C28H39N3O5	[M + H]+	C28H40N3O5+		0.389	87.480	87.480	0.000	22	0.829	0.870	1.856	-6.518		498.293	122	2.036	879586935569718765	879586663812373892	879586663803985283	12540	
1	C22H32FN5O5	[M + H]+	C22H33FN5O5+		0.959	102.052	102.052	0.000	26	0.859	1.353	1.627	7.885		466.250	130	2.166	879589266910682635	879586664739315096	879586664735120791	17679	
1	C17H30N4O5S	[M + H]+	C17H31N4O5S+		0.997	159.605	159.605	0.000	50	0.973	0.456	1.440	-4.384		403.199	174	2.908	879589627608243789	879586664386993552	879586664382799247	15338	
1	C30H48N6O9	[M + Na]+	C30H48N6NaO9+		0.859	149.777	149.777	0.000	51	0.966	-0.332	1.440	10.165		659.344	186	3.096	879589868348710517	879586659177667900	879586659165084987	931	
1	C36H58N4O11	[M + H]+	C36H59N4O11+		0.590	125.582	125.582	0.000	43	0.897	1.035	1.543	0.573		723.418	218	3.633	879590006517472895	879586661631335776	879586661627141471	5670	
1	C23H40N8O6	[M + H]+	C23H41N8O6+		0.813	95.536	95.536	0.000	43	0.928	0.262	1.042	4.079		525.317	233	3.886	879589636026211927	879586662545694064	879586662541499759	8565	
1	C28H45N5O5	[M + H]+	C28H46N5O5+		0.357	5.754	5.754	0.000	1	0.962	0.898	0.898	-1.777		532.348	462	7.698	879589410712395288	879586662755409268	879586662747020659	9399	
1	C41H63N3O7	[M + H]+	C41H64N3O7+		0.345	52.123	52.123	0.000	9	0.585	-1.047	2.615	7.209		710.479	483	8.045	879589462826622498	879586665259408812	879586665255214507	32700	
1	C38H74NO7P	[M + H]+	C38H75NO7P+		0.589	110.038	110.038	0.000	31	0.793	2.306	2.363	-2.711		688.526	484	8.075	879589557445926456	879586661870411108	879586661862022499	6272	
1	C44H83N3O5	[M + H]+	C44H84N3O5+		0.478	17.184	17.184	0.000	4	0.410	-1.010	2.612	8.645		734.647	505	8.413	879589567650668099	879586665058082208	879586665053887903	21565	
1	C33H72N6O10	[M + Na]+	C33H72N6NaO10+		0.508	22.608	22.608	0.000	13	0.709	-4.287	5.369	-4.369		735.517	639	10.651	879589691713986155	879586664001117576	879586663996923271	13450	
1	C6H8ClNO2	[M + Na]+	C6H8ClNNaO2+		1.000	125.693	125.693	0.000	25	0.647	4.109	11.443	-4.765		184.013	647	10.790	879589648474906209	879586665238437288	879586665234242983	27748	
1	C31H45N9O8	[M + H]+	C31H46N9O8+		0.502	74.025	74.025	0.000	26	0.839	1.911	1.968	12.812		672.355	56	0.936	879590586460462701	879590364070075910	879590364061687301	5155	
1	C22H40N6O6	[M + H]+	C22H41N6O6+		0.993	143.167	143.167	0.000	50	0.969	2.035	2.680	-2.698		485.307	58	0.964	879590701766073985	879590367463267906	879590367459073601	17686	
1	C13H23N3O6	[M + H]+	C13H24N3O6+		0.994	105.682	105.682	0.000	30	0.806	1.856	2.023	0.434		318.166	77	1.276	879591644809191093	879590367660400198	879590367656205893	19427	
1	C2OS9	[M + K]+	C2KOS9+		0.898	-2.937	-2.937	0.000	0	0.000			-13.394		366.702	94	1.574	879591729567686357	879590365118651926	879590365114457621	7758	
1	C26H27Br2N7O7	[M + Na]+	C26H27Br2N7NaO7+		1.000	174.808	174.808	0.000	49	0.897	1.606	2.156	-13.001		730.014	97	1.619	879591044776255126	879590361666739686	879590361654156773	933	
1	C49H61N7O10	[M + H]+	C49H62N7O10+		0.628	15.165	15.165	0.000	7	0.955	4.560	4.560	-0.074		908.455	114	1.897	879590712952282764	879590362690149874	879590362681761265	2644	
1	C6H9N3O3S	[M + H]+	C6H10N3O3S+		0.890	43.827	43.827	0.000	10	0.833	1.215	3.492	4.222		204.045	126	2.108	879592485242855168	879590366007844390	879590366003650085	11011	
1	C20H32N4O4S	[M + H]+	C20H33N4O4S+		0.852	72.471	72.471	0.000	29	0.910	1.092	2.164	-2.594		425.221	135	2.247	879590642156625527	879590366842510902	879590366834122293	14426	
1	C14H25N5O3	[M + Na]+	C14H25N5NaO3+		1.000	88.854	88.854	0.000	35	0.924	-0.462	1.849	-9.457		334.182	147	2.444	879591690099285696	879590362052615658	879590362044227049	1593	
1	C9H15N3O4	[M + H]+	C9H16N3O4+		0.881	39.419	39.419	0.000	5	0.653	-0.043	0.862	-0.141		230.114	159	2.656	879591696365575883	879590364581781006	879590364577586701	6277	
1	C32H46N6O9	[M + H]+	C32H47N6O9+		0.997	38.195	38.195	0.000	17	0.890	-0.024	1.035	7.275		659.345	160	2.665	879591197318897312	879590365802323490	879590365798129185	10171	
1	C32H47N7O9	[M + H]+	C32H48N7O9+		0.815	113.643	113.643	0.000	47	0.988	-0.217	1.499	1.034		674.352	167	2.786	879592864772841237	879590367861726794	879590367857532489	21592	
1	C29H50N14O10	[M + H]+	C29H51N14O10+		0.516	89.442	89.442	0.000	32	0.952	0.723	1.822	-2.396		755.389	167	2.791	879591600295042730	879590361155034594	879590361100508641	94	
1	C74H109N13O21	[M + H]+	C74H110N13O21+		1.000	48.312	48.312	0.000	22	0.867	3.633	3.758	6.808		1516.804	196	3.266	879593125041987369	879590362383965678	879590362375577069	2123	
1	C70H103N7O7S2	[M + H]+	C70H104N7O7S2+		0.443	49.496	49.496	0.000	11	0.783	1.148	1.149	-13.963		1218.726	199	3.321	879592290778144478	879590364334317066	879590364330122761	5681	
1	C44H66N10O13	[M + H]+	C44H67N10O13+		0.640	71.327	71.327	0.000	23	0.729	1.695	1.908	6.297		943.494	237	3.948	879592473825959669	879590367052226106	879590367048031801	15343	
1	C36H53N9O7	[M + H]+	C36H54N9O7+		0.853	118.986	118.986	0.000	34	0.877	-0.376	1.529	3.490		724.417	263	4.384	879593317480849205	879590366230142506	879590366221753897	11782	
1	C17H25NO4	[M + H]+	C17H26NO4+		1.000	81.793	81.793	0.000	14	0.910	2.077	2.275	-0.437		308.186	298	4.967	879592421606874858	879590367266135614	879590367257747005	16495	
1	C52H98N2O15	[M + H]+	C52H99N2O15+		0.710	23.958	23.958	0.000	5	0.503	-1.055	2.091	6.557		991.711	419	6.982	879592726650216202	879590364858605074	879590364846022161	6989	
1	C27H41N3O6	[M + H]+	C27H42N3O6+		0.786	63.830	63.830	0.000	15	0.716	2.669	3.485	-1.215		504.306	435	7.256	879593113146941215	879590368079830610	879590368075636305	27755	
1	C21H23ClO7	[M + H]+	C21H24ClO7+		0.434	70.694	70.694	0.000	11	0.852	-0.067	2.989	-0.253		423.120	476	7.929	879593510192341233	879590366435663406	879590366431469101	12546	
1	C42H76N2O7	[M + H]+	C42H77N2O7+		0.587	30.465	30.465	0.000	9	0.652	4.395	4.395	5.503		721.577	492	8.202	879593404814647182	879590368054664782	879590368050470477	24228	
1	C45H67N3O8	[M + H]+	C45H68N3O8+		0.645	133.255	133.255	0.000	33	0.779	2.000	2.478	1.423		778.501	497	8.280	879593773166813700	879590365588413982	879590365584219677	9409	
1	C44H75N7O5	[M + H]+	C44H76N7O5+		0.153	5.073	5.073	0.000	2	0.076	5.502	5.502	7.482		782.596	502	8.372	879593507549929702	879590366632795698	879590366628601393	13460	
1	C38H73NO10	[M + H]+	C38H74NO10+		0.967	76.097	76.097	0.000	23	0.772	1.325	2.031	-1.453		704.530	509	8.491	879593603935035831	879590365353532954	879590365349338649	8567	
1	C44H81NO7	[M + H]+	C44H82NO7+		0.450	40.448	40.448	0.000	9	0.611	3.098	3.574	0.570		736.609	512	8.527	879593542899523835	879590368104996438	879590368100802133	32787	
1	C17H34N4O4	[M + H]+	C17H35N4O4+		1.000	147.931	147.931	0.000	41	0.809	0.325	1.907	-4.125		359.264	61	1.023	879597462864806560	879594449374822883	879594449366434274	11013	
1	C11H15Br4NO3	[M + H]+	C11H16Br4NO3+		0.997	51.166	51.166	0.000	15	0.185	0.202	2.496	-14.109		525.778	93	1.552	879595729577067092	879594449592926695	879594449588732390	11787	
1	C14H27N3O5	[M + H]+	C14H28N3O5+		1.000	130.199	130.199	0.000	36	0.747	1.282	2.826	-3.292		318.201	99	1.651	879595929750225505	879594446128431535	879594446120042926	2646	
1	C18H32N4O5	[M + H]+	C18H33N4O5+		1.000	167.175	167.175	0.000	37	0.728	0.134	2.476	3.513		385.246	102	1.701	879594567670972970	879594447248310719	879594447239922110	4600	
1	C56H79N9O17	[M + H]+	C56H80N9O17+		0.652	42.429	42.429	0.000	9	0.615	4.168	4.168	-2.232		1150.564	105	1.742	879595776272253526	879594446426227123	879594446417838514	3098	
1	C15H24FN3O7	[M + H]+	C15H25FN3O7+		0.773	151.844	151.844	0.000	46	0.811	1.164	2.344	6.598		378.170	111	1.853	879594932621558344	879594450310152695	879594450305958390	15344	
1	C16H27N5O6S	[M + H]+	C16H28N5O6S+		0.869	170.242	170.242	0.000	52	0.954	-0.024	1.507	14.632		418.182	116	1.927	879594627628548660	879594445801275819	879594445797081514	2124	
1	C37H55N7O9	[M + H]+	C37H56N7O9+		0.993	163.601	163.601	0.000	54	0.968	1.000	2.064	-8.894		742.407	138	2.295	879596981341930103	879594446975680955	879594446967292346	4015	
1	C16H32N6O5	[M + Na]+	C16H32N6NaO5+		0.955	126.367	126.367	0.000	40	0.983	0.049	1.581	1.851		411.233	139	2.313	879597185487094412	879594450473730555	879594450469536250	16507	
1	C13H17ClF3N3O5S	[M + K]+	C13H17ClF3KN3O5S+		0.969	109.410	109.410	0.000	22	0.693	-1.097	4.755	-0.463		458.016	149	2.489	879596820423262829	879594450641502719	879594450637308414	17687	
1	C31H57N7O10	[M + Na]+	C31H57N7NaO10+		0.767	131.408	131.408	0.000	38	0.881	1.512	2.371	5.473		710.410	174	2.897	879597640569078450	879594448246555087	879594448242360782	6994	
1	C32H53N5O11	[M + H]+	C32H54N5O11+		0.406	84.055	84.055	0.000	32	0.916	1.547	2.237	-10.862		684.374	179	2.986	879594821547999806	879594447994896843	879594447990702538	6278	
1	C40H85N3O	[M + Na]+	C40H85N3NaO+		1.000	113.312	113.312	0.000	35	0.740	-6.921	7.616	6.363		646.663	223	3.723	879597471798674091	879594451102876171	879594451098681866	24316	
1	C47H73N9O10	[M + K]+	C47H73KN9O10+		0.348	72.776	72.776	0.000	26	0.755	0.819	2.170	-0.101		962.511	235	3.909	879598398366565106	879594450800886275	879594450796691970	19444	
1	C30H44N6O7	[M + H]+	C30H45N6O7+		0.960	67.931	67.931	0.000	27	0.952	0.574	1.738	-1.204		601.334	239	3.983	879597031904264833	879594449785864683	879594449781670378	12548	
1	C49H84N10O16S	[M + H]+	C49H85N10O16S+		0.627	76.401	76.401	0.000	16	0.659	0.791	1.291	-6.830		1101.579	286	4.759	879597430908404374	879594448485630419	879594448481436114	7764	
1	C18H34O3	[M + H]+	C18H35O3+		1.000	386.390	386.390	0.000	53	0.968	1.445	1.963	1.098		299.258	410	6.839	879598132292502204	879594448712122839	879594448703734230	8589	
1	C16H30N2O6	[M + H]+	C16H31N2O6+		0.838	44.608	44.608	0.000	8	0.069	6.657	6.657	8.458		347.221	423	7.044	879598146486026950	879594451149013523	879594451144819218	32810	
1	C17H30O3	[M + H]+	C17H31O3+		1.000	117.321	117.321	0.000	17	0.474	2.152	2.443	-10.138		283.224	449	7.484	879598274307441363	879594450133991923	879594450125603314	14430	
1	C15H30O8	[M + Na]+	C15H30NaO8+		0.740	6.437	6.437	0.000	1	0.039	-5.522	8.322	0.308		361.183	492	8.192	879598287569830621	879594449139941855	879594449135747550	10174	
1	CH3ClO2S2	[M + K]+	CH3ClKO2S2+		0.384	0.927	0.927	0.000	1	0.002	-25.832	25.832	-0.850		184.889	639	10.655	879598337515602663	879594450951881223	879594450947686918	21600	
1	C5H6FNO	[M + K]+	C5H6FKNO+		0.610	9.802	9.802	0.000	3	0.013	-9.661	9.661	-11.689		154.005	654	10.897	879598766186054472	879594447739044295	879594447734849990	5682	
1	C16H30N4O6	[M + H]+	C16H31N4O6+		1.000	189.522	189.522	0.000	48	0.961	1.173	1.496	-2.162		375.223	65	1.091	879599099713166072	879598970293721706	879598970285333097	1600	
1	C15H23N3O7S	[M + H]+	C15H24N3O7S+		1.000	189.437	189.437	0.000	51	0.920	1.567	1.913	0.391		390.133	66	1.093	879599191388068610	879598974622243502	879598974613854893	12559	
1	C29H43N5O7	[M + H]+	C29H44N5O7+		0.905	150.696	150.696	0.000	52	0.977	1.090	1.462	-1.263		574.323	73	1.209	879599756025273130	879598975603710658	879598975599516353	17700	
1	C29H43N7O9	[M + H]+	C29H44N7O9+		0.983	99.781	99.781	0.000	21	0.725	1.909	3.398	-3.630		634.317	77	1.286	879599331909835532	879598974207007398	879598974198618789	11020	
1	C8H14Br4N2O6	[M + H]+	C8H15Br4N2O6+		1.000	86.435	86.435	0.000	26	0.704	2.151	2.304	-4.378		550.763	80	1.341	879599036622445294	879598972588006026	879598972579617417	5683	
1	C19H32N4O8	[M + H]+	C19H33N4O8+		0.999	176.911	176.911	0.000	53	0.975	0.988	1.232	-4.471		445.227	97	1.623	879599858169158452	879598974412528298	879598974408333993	11788	
1	C20H33N5O7	[M + H]+	C20H34N5O7+		0.965	114.541	114.541	0.000	36	0.966	1.856	2.023	-1.041		456.245	108	1.807	879599858991242046	879598975029090998	879598975012313781	14437	
1	C8H3Br3ClN	[M + Na]+	C8H3Br3ClNNa+		0.952	-1.219	-1.219	0.000	0	0.000			1.879		407.740	139	2.320	879600594454059887	879598973582056090	879598973573667481	8595	
1	C16H30N4O5	[M + H]+	C16H31N4O5+		1.000	169.288	169.288	0.000	47	0.933	0.452	1.777	0.288		359.229	140	2.328	879600750591220616	879598973351369366	879598973347175061	7772	
1	C23H40N4O6	[M + Na]+	C23H40N4NaO6+		0.931	61.269	61.269	0.000	12	0.867	6.216	7.998	9.148		491.289	146	2.440	879599742519614240	879598974810987186	879598974806792881	13464	
1	C7H9Br4NO	[M + H]+	C7H10Br4NO+		0.907	2.604	2.604	0.000	2	0.111	5.886	5.886	10.827		439.754	197	3.280	879600593862663021	879598970935450226	879598970927061617	2647	
1	C40H85N3O	[M + Na]+	C40H85N3NaO+		1.000	146.324	146.324	0.000	39	0.774	-5.517	6.770	4.972		646.662	198	3.303	879600016478968668	879598970625071726	879598970616683117	2128	
1	C11H19Br4N3O3	[M + Na]+	C11H19Br4N3NaO3+		1.000	108.676	108.676	0.000	29	0.496	0.948	1.422	-13.471		579.797	212	3.532	879600026457217890	879598972327959174	879598972319570565	5169	
1	C22H33N5O6	[M + H]+	C22H34N5O6+		0.993	85.485	85.485	0.000	27	0.723	0.862	1.868	3.532		464.252	230	3.829	879600010153958226	879598971807865470	879598971803671165	4025	
1	C30H43N7O8	[M + H]+	C30H44N7O8+		0.730	102.715	102.715	0.000	40	0.938	0.544	2.266	3.034		630.327	232	3.860	879600896561388434	879598971522652794	879598971518458489	3565	
1	C49H77N15O12	[M + K]+	C49H77KN15O12+		0.545	43.949	43.949	0.000	19	0.833	1.680	1.868	1.743		1106.553	248	4.138	879599712505174806	879598975406578366	879598975402384061	16524	
1	C22H23Br4N3O10S	[M + H]+	C22H24Br4N3O10S+		1.000	51.881	51.881	0.000	22	0.708	1.142	1.387	8.069		837.798	264	4.400	879599890750511944	879598974001486498	879598973993097889	10179	
1	C47H38N6O12S4	[M + K]+	C47H38KN6O12S4+		1.000	37.517	37.517	0.000	14	0.799	1.346	1.734	1.040		1045.107	274	4.566	879600679267081073	879598972067912322	879598972063718017	4609	
1	C46H47Cl3N4O14S3	[M + Na]+	C46H47Cl3N4NaO14S3+		0.999	65.108	65.108	0.000	13	0.767	-0.141	1.601	5.649		1103.127	279	4.649	879600704168663933	879598972852247182	879598972843858573	6279	
1	C42H69NO6	[M + Na]+	C42H69NNaO6+		0.518	48.267	48.267	0.000	16	0.748	1.984	2.890	1.543		706.503	449	7.490	879600952718924714	879598976178330322	879598976174136017	27778	
1	C23H40O5	[M + H]+	C23H41O5+		1.000	101.076	101.076	0.000	17	0.888	0.379	2.214	-3.148		397.294	455	7.590	879600952496626592	879598973112294034	879598973108099729	6997	
1	C12H19B3ClN3O4	[M + H]+	C12H20B3ClN3O4+		0.626	74.563	74.563	0.000	17	0.635	0.806	4.381	-3.271		335.151	476	7.939	879600972901915572	879598973795965598	879598973787576989	9426	
1	C5H6Cl2N2O3S	[M + K]+	C5H6Cl2KN2O3S+		0.973	49.648	49.648	0.000	7	0.563	0.207	1.711	-3.098		282.910	496	8.264	879600983547059134	879598975209446074	879598975205251769	15351	
1	C36H75N3O11	[M + Na]+	C36H75N3NaO11+		0.528	15.292	15.292	0.000	6	0.247	7.221	7.221	5.770		748.534	537	8.942	879600994628410312	879598976153164494	879598976148970189	24351	
1	C40H66B3N5O7	[M + H]+	C40H67B3N5O7+		0.342	44.556	44.556	0.000	12	0.538	1.100	1.748	-2.781		759.540	548	9.127	879601277571963954	879598976203496150	879598976199301845	32855	
1	C53H80O4	[M + K]+	C53H80KO4+		0.899	13.204	13.204	0.000	2	0.190	-0.911	3.269	-10.883		819.560	614	10.228	879601302330943678	879598975788260038	879598975784065733	19456	
1	C5H8N2O3S	[M + Na]+	C5H8N2NaO3S+		0.997	96.559	96.559	0.000	32	0.857	-2.821	11.441	-0.421		199.015	653	10.887	879601327245109448	879598975972809418	879598975968615113	21603	
1	C25H44N8O10	[M + Na]+	C25H44N8NaO10+		0.904	84.316	84.316	0.000	12	0.576	1.799	2.538	0.375		639.308	35	0.587	879604031294249317	879601503181707416	879601503177513111	9428	
1	C2HNS11	[M + H]+	C2H2NS11+		0.474	-3.826	-3.826	0.000	0	0.000			4.706		391.713	38	0.632	879603086258837791	879601503378839708	879601503374645403	10183	
1	C15H20Br4N4O5	[M + Na]+	C15H20Br4N4NaO5+		1.000	83.909	83.909	0.000	23	0.489	0.615	1.617	9.575		674.812	117	1.952	879603029799311636	879601503651469472	879601503588554911	11024	
1	C30H39N5O7	[M + Na]+	C30H39N5NaO7+		0.959	31.481	31.481	0.000	18	0.797	1.101	1.911	0.216		604.274	124	2.065	879601687072577779	879601504628742320	879601504616159407	14446	
1	C25H50N2O6S	[M + K]+	C25H50KN2O6S+		0.880	130.232	130.232	0.000	43	0.930	-0.966	3.595	-13.051		545.295	129	2.156	879604031843703151	879601500031785060	879601500023396451	1601	
1	C16H25N2O2S	[M + H]+	C16H26N2O2S+		0.951	54.129	54.129	0.000	19	0.858	-0.498	3.886	-8.223		310.168	131	2.187	879603107763034409	879601499209701468	879601499163564123	107	
1	C28H39N7O5	[M + H]+	C28H40N7O5+		0.801	55.657	55.657	0.000	24	0.922	1.395	1.626	-14.512		554.301	145	2.421	879601738104674557	879601501164247156	879601501160052851	3567	
1	C21H28F2N2O5	[M + H]+	C21H29F2N2O5+		1.000	49.110	49.110	0.000	19	0.990	3.915	4.241	7.245		427.207	162	2.706	879601568289888488	879601501403322488	879601501394933879	4028	
1	C38H57N7O10	[M + H]+	C38H58N7O10+		0.895	79.556	79.556	0.000	37	0.906	1.071	1.582	-5.784		772.420	191	3.183	879604609692965251	879601500631570540	879601500623181931	2653	
1	C25H25Br3ClN5O6	[M + H]+	C25H26Br3ClN5O6+		0.611	62.469	62.469	0.000	35	0.816	1.868	2.048	2.587		763.914	207	3.450	879603602825124154	879601502082799748	879601502074411139	5694	
1	C33H54N6O6	[M + Na]+	C33H54N6NaO6+		0.840	92.773	92.773	0.000	28	0.702	1.114	1.519	4.432		653.403	231	3.851	879604273108457849	879601502976186516	879601502967797907	8596	
1	C36H53N5O10	[M + H]+	C36H54N5O10+		0.643	63.990	63.990	0.000	19	0.805	0.862	1.233	-5.471		716.383	249	4.142	879602946693372169	879601504230283432	879601504171563175	12560	
1	C51H84N16O8	[M + K]+	C51H84KN16O8+		0.482	61.102	61.102	0.000	26	0.855	0.231	1.797	3.621		1087.633	252	4.207	879603831595047259	879601505547294916	879601505543100611	21619	
1	C72H102N4O12	[M + Na]+	C72H102N4NaO12+		0.942	87.428	87.428	0.000	19	0.669	-0.395	5.024	-4.076		1237.734	265	4.420	879603618444712261	879601505375328448	879601505371134143	19463	
1	C13H31N3O	[M + H]+	C13H32N3O+		1.000	72.067	72.067	0.000	12	0.390	2.848	3.383	11.009		246.257	280	4.667	879603110355114292	879601505761204432	879601505761204431	32867	
1	C22H42NO7P	[M + H]+	C22H43NO7P+		1.000	85.072	85.072	0.000	33	0.864	1.441	2.079	-3.157	LPE(17:2)	464.276	403	6.716	879603340488186169	879601502762277008	879601502753888399	7779	
1	C56H98N2O12	[M + H]+	C56H99N2O12+		0.173	25.939	25.939	0.000	10	0.960	-0.233	3.214	3.677		991.723	419	6.984	879603643019139407	879601499708823648	879601499696240735	942	
1	C11H15B2ClF4N2O4	[M + H]+	C11H16B2ClF4N2O4+		0.443	53.086	53.086	0.000	14	0.884	14.620	14.620	4.047		371.100	448	7.460	879604949800688017	879601505190779068	879601505182390459	17702	
1	C20H37N3O	[M + H]+	C20H38N3O+		0.991	68.670	68.670	0.000	24	0.884	2.483	3.916	25.158		336.309	464	7.740	879604955282643356	879601502535784588	879601502531590283	7001	
1	C27H58N16O8	[M + H]+	C27H59N16O8+		0.867	138.253	138.253	0.000	30	0.750	1.249	1.431	13.013		735.479	479	7.976	879605425166326204	879601505719261384	879601505715067079	24355	
1	C33H66N8O6S	[M + Na]+	C33H66N8NaO6S+		0.309	29.234	29.234	0.000	9	0.506	-3.769	4.728	-1.411		725.471	485	8.088	879605013319227814	879601504813291700	879601504804903091	15352	
1	C10H16N2O2	[M + H]+	C10H17N2O2+		0.854	66.693	66.693	0.000	11	0.154	2.458	2.680	0.740		197.129	672	11.202	879605303414069682	879601505744427212	879601505740232907	27790	
1	C32H46N6O10	[M + H]+	C32H47N6O10+		0.775	44.145	44.145	0.000	12	0.944	1.198	1.543	0.862		675.335	35	0.582	880146448206150901	880142205114006479	880142205101423566	949	
1	C21H37N5O8	[M + H]+	C21H38N5O8+		0.560	192.968	192.968	0.000	52	0.949	1.932	2.560	-11.857		488.266	48	0.800	880144489361325227	880142208536558603	880142208528169994	10188	
1	C30H43N7O10	[M + H]+	C30H44N7O10+		0.956	43.248	43.248	0.000	20	0.935	0.840	1.862	7.825		662.320	58	0.972	880146553185385744	880142207345376243	880142207336987634	5698	
1	C34H43N5O6	[M + H]+	C34H44N5O6+		0.801	31.073	31.073	0.000	12	0.952	2.006	2.006	0.953		618.329	61	1.018	880142255718284375	880142206175165407	880142206166776798	3107	
1	C6HBr2Cl3O	[M + K]+	C6HBr2Cl3KO+		0.774	-1.219	-1.219	0.000	0	0.000			-5.452		390.707	104	1.733	880142296776326241	880142210335915059	880142210331720754	21620	
1	C22H35N5O6	[M + H]+	C22H36N5O6+		0.971	73.960	73.960	0.000	29	0.890	1.244	1.657	2.980		466.267	126	2.097	880142338509651051	880142210180725807	880142210176531502	19466	
1	C33H48N8O10	[M + Na]+	C33H48N8NaO10+		0.520	74.097	74.097	0.000	28	0.910	0.920	1.625	-5.492		739.335	131	2.185	880143375672949898	880142208712719375	880142208708525070	11025	
1	C12H27N7O6	[M + H]+	C12H28N7O6+		0.867	53.342	53.342	0.000	18	0.935	1.868	2.023	-10.535		366.206	138	2.301	880146181217729738	880142210486910007	880142210482715702	24364	
1	C10H18N2O3	[M + H]+	C10H19N2O3+		1.000	64.029	64.029	0.000	8	0.972	3.783	3.783	4.096		215.140	144	2.407	880146184115993812	880142205395024851	880142205390830546	1606	
1	C29H43N3O6S	[M + H]+	C29H44N3O6S+		0.909	45.486	45.486	0.000	17	0.959	2.202	2.202	-0.238		562.294	155	2.589	880142437134515328	880142204652633035	880142204610689994	113	
1	C14H17Br4N5O5	[M + H]+	C14H18Br4N5O5+		1.000	57.833	57.833	0.000	12	0.741	1.503	1.840	5.840		651.807	165	2.745	880146547179142409	880142207563480055	880142207555091446	6290	
1	C28H53N7O9	[M + Na]+	C28H53N7NaO9+		0.469	151.946	151.946	0.000	55	0.979	0.553	1.306	4.131		654.382	172	2.861	880145937826462911	880142207777389563	880142207769000954	7004	
1	C44H63N9O13	[M + H]+	C44H64N9O13+		0.310	86.499	86.499	0.000	30	0.833	1.442	1.890	-7.026		926.455	180	3.003	880146355121962208	880142208356203527	880142208352009222	9430	
1	C31H53N7O8	[M + H]+	C31H54N7O8+		0.958	81.632	81.632	0.000	32	0.920	1.830	1.913	-3.431		652.401	185	3.083	880142401046723701	880142205923507163	880142205915118554	2657	
1	C39H67N9O10	[M + K]+	C39H67KN9O10+		0.539	49.909	49.909	0.000	22	0.705	0.477	3.016	2.502		860.466	200	3.342	880144258179677335	880142206418435043	880142206410046434	3571	
1	C34H42N6O7	[M + H]+	C34H43N6O7+		0.999	127.143	127.143	0.000	41	0.852	2.173	2.173	14.098		647.328	232	3.871	880145526570761397	880142209211841563	880142209207647258	13473	
1	C56H94N10O14	[M + K]+	C56H94KN10O14+		0.929	33.484	33.484	0.000	9	0.436	1.264	1.640	-2.014		1169.656	250	4.175	880144335992405153	880142210507881531	880142210503687226	27833	
1	C18H6F18O12	[M + Na]+	C18H6F18NaO12+		0.987	-1.480	-1.480	0.000	0	0.000			-44.041		778.912	272	4.541	880146346058071262	880142209643854883	880142209639660578	15354	
1	C23H45NO5	[M + K]+	C23H45KNO5+		0.880	111.100	111.100	0.000	32	0.865	2.065	2.192	-2.931		454.292	459	7.643	880146395714436331	880142209421556767	880142209413168158	14448	
1	C45H79NO7	[M + H]+	C45H80NO7+		0.185	14.511	14.511	0.000	2	0.141	0.098	0.540	-0.175		746.593	477	7.956	880146529315601663	880142210528853055	880142210524658750	32883	
1	C45H87N3O2	[M + K]+	C45H87KN3O2+		1.000	228.160	228.160	0.000	50	0.937	2.223	2.369	-13.215		740.633	500	8.340	880146788846550299	880142210025536555	880142210021342250	17703	
1	C37H72NO8P	[M + H]+	C37H73NO8P+		1.000	127.868	127.868	0.000	16	0.673	2.172	2.184	1.982	PE(16:0_16:1)	690.508	640	10.659	880146908996582785	880142209044069399	880142209039875094	12563	
1	C73H93N7O9	[M + H]+	C73H94N7O9+		0.882	118.923	118.923	0.000	43	0.913	2.085	2.494	0.450		1212.711	642	10.700	880147195165556153	880142207131466735	880142207123078126	5181	
1	C47H73N9O13	[M + H]+	C47H74N9O13+		0.826	80.327	80.327	0.000	30	0.903	0.601	1.720	-2.838		972.537	57	0.943	879621747106744892	879621024889539021	879621024881150412	7011	
1	C17H33N3O3S	[M + H]+	C17H34N3O3S+		1.000	134.719	134.719	0.000	41	0.944	1.735	1.918	-1.497		360.231	88	1.472	879622411039902290	879621025392855509	879621025384466900	8603	
1	C25H41N5O8	[M + H]+	C25H42N5O8+		0.945	72.659	72.659	0.000	22	0.823	0.584	3.645	14.640		540.311	110	1.826	879621188932962866	879621027364178425	879621027359984120	16545	
1	C3O2S9	[M + Na]+	C3NaO2S9+		0.271	-3.093	-3.093	0.000	0	0.000	0.821	0.821	4.782		378.730	129	2.142	879623472068790969	879621026101692897	879621026093304288	11034	
1	C31H44N6O8	[M + H]+	C31H45N6O8+		0.993	68.182	68.182	0.000	26	0.929	1.916	1.916	3.434		629.332	131	2.183	879622601775876721	879621021622176161	879621021609593248	953	
1	C5H8FNO3S	[M + H]+	C5H9FNO3S+		0.885	37.450	37.450	0.000	8	0.590	-7.941	7.941	-5.872		182.027	131	2.187	879621070188022312	879621027938798085	879621027934603780	21670	
1	C22H32N4O6	[M + H]+	C22H33N4O6+		0.976	61.914	61.914	0.000	18	0.945	1.244	2.023	5.429		449.242	140	2.339	879622430681827932	879621023824185789	879621023819991484	4616	
1	C26H36N6O5	[M + H]+	C26H37N6O5+		0.793	72.419	72.419	0.000	26	0.953	0.174	1.648	-1.938		513.281	149	2.484	879622801269557893	879621028182067729	879621028177873424	32896	
1	C40H66N10O11	[M + H]+	C40H67N10O11+		0.886	84.737	84.737	0.000	26	0.742	0.483	1.495	3.440		863.502	174	2.900	879623218095295140	879621023538973113	879621023530584504	4033	
1	C29H47N5O9	[M + H]+	C29H48N5O9+		0.885	120.816	120.816	0.000	29	0.778	3.519	3.519	0.238		610.345	178	2.965	879622741437811323	879621023253760437	879621023245371828	3573	
1	C24H43N5O6	[M + H]+	C24H44N5O6+		0.809	161.598	161.598	0.000	54	0.984	1.244	1.773	2.588		498.330	181	3.018	879623426229242542	879621022012246437	879621022003857828	1607	
1	C15H26FN3O7	[M + H]+	C15H27FN3O7+		0.990	120.281	120.281	0.000	33	0.941	0.092	2.359	-1.722		380.182	213	3.552	879623512711596739	879621024369445317	879621024365251012	5699	
1	C30H46N4O9	[M + H]+	C30H47N4O9+		0.643	66.558	66.558	0.000	30	0.937	1.945	2.357	3.366		607.336	230	3.827	879621868208884294	879621022964353457	879621022955964848	3110	
1	C32H48N8O7	[M + H]+	C32H49N8O7+		0.912	75.594	75.594	0.000	22	0.856	2.138	2.253	-7.260		657.367	234	3.898	879623608635329241	879621025141197265	879621025132808656	7787	
1	C12H27N3O3S	[M + H]+	C12H28N3O3S+		0.354	25.310	25.310	0.000	5	0.862	3.981	6.377	3.096		294.186	267	4.448	879622460746599015	879621027561310717	879621027557116412	17710	
1	C14H19N5O2	[M + K]+	C14H19KN5O2+		0.271	27.869	27.869	0.000	4	0.978	2.947	6.494	-0.405		328.117	278	4.629	879623141498915472	879621026760198637	879621026751810028	13487	
1	C26H28O6	[M + H]+	C26H29O6+		0.426	8.098	8.098	0.000	3	0.108	-13.092	13.092	-3.809		437.194	384	6.395	879623168531204762	879621026961525233	879621026948942320	14459	
1	C24H45N5O6	[M + Na]+	C24H45N5NaO6+		0.433	13.955	13.955	0.000	6	0.988	0.225	6.914	13.584		522.333	446	7.438	879623518948526798	879621028131736073	879621028123347464	24368	
1	C30H56O8	[M + H]+	C30H57O8+		0.982	83.122	83.122	0.000	12	0.575	2.962	3.168	-2.191		545.404	485	8.083	879623637211122404	879621027154463221	879621027150268916	15357	
1	C44H78N6O5	[M + H]+	C44H79N6O5+		1.000	73.925	73.925	0.000	21	0.777	1.756	1.880	-2.781		771.609	535	8.920	879623783764298479	879621028156901901	879621028152707596	27850	
1	C66H113F3N16O10	[M + H]+	C66H114F3N16O10+		0.823	37.632	37.632	0.000	16	0.436	-8.331	8.331	-0.404		1347.885	601	10.010	879624636847993880	879621025862617565	879621025854228956	10191	
1	C41H71FN2O7	[M + K]+	C41H71FKN2O7+		0.501	25.593	25.593	0.000	9	0.406	2.599	2.599	2.772		761.490	640	10.659	879624395293822964	879621027754248705	879621027745860096	19514	
1	C6H7N3O3S	[M + Na]+	C6H7N3NaO3S+		0.684	53.180	53.180	0.000	10	0.968	4.764	10.918	5.211		224.011	654	10.903	879624411840352265	879621024633686473	879621024625297864	6293	
1	C5H7N3O2S	[M + Na]+	C5H7N3NaO2S+		0.730	25.323	25.323	0.000	4	0.949	5.832	8.159	9.090		196.017	668	11.125	879624398993199103	879621026550483433	879621026542094824	12575	
1	C10H18N2	[M + H]+	C10H19N2+		0.997	17.238	17.238	0.000	4	0.075	1.944	1.944	1.346		167.155	38	0.633	879624828316023292	879624809588455909	879624809584261604	32932	
1	C23H27N5O4	[M + H]+	C23H28N5O4+		0.997	67.951	67.951	0.000	25	0.876	1.065	1.724	-10.225		438.209	44	0.730	879627489677408891	879624807973648829	879624807969454524	12576	
1	C3H3N2O3S	[M + Na]+	C3H3N2NaO3S+		0.990	45.475	45.475	0.000	9	0.415	14.285	14.285	10.245		169.977	46	0.763	879626006131112507	879624806736329129	879624806732134824	8605	
1	C21H32N6O9	[M + H]+	C21H33N6O9+		0.981	175.398	175.398	0.000	53	0.984	0.357	1.828	-1.857		513.229	51	0.855	879625534418713127	879624804895029645	879624804886641036	4040	
1	C19H24N4O8	[M + K]+	C19H24KN4O8+		0.754	52.171	52.171	0.000	17	0.753	0.460	1.909	-1.414		475.122	53	0.885	879625035913099795	879624808783149517	879624808778955212	16547	
1	C13H27N5O6	[M + H]+	C13H28N5O6+		0.986	58.984	58.984	0.000	30	0.917	6.236	6.236	7.396		350.206	97	1.616	879624880551885321	879624805998131613	879624805993937308	6297	
1	C13H15NO4	[M + H]+	C13H16NO4+		0.653	50.697	50.697	0.000	6	0.960	3.895	3.895	0.062		250.107	99	1.646	879624846859041278	879624808581822921	879624808577628616	15358	
1	C23H38N8O11	[M + H]+	C23H39N8O11+		0.677	110.629	110.629	0.000	32	0.857	1.856	2.023	0.032		603.273	108	1.807	879626989762509404	879624807327726001	879624807323531696	10193	
1	C39H63N17O13	[M + H]+	C39H64N17O13+		0.873	60.535	60.535	0.000	23	0.774	0.819	1.695	-0.513		978.486	174	2.892	879625473014102557	879624809177414101	879624809169025492	19535	
1	C21H34Br4N8O5	[M + H]+	C21H35Br4N8O5+		0.649	25.533	25.533	0.000	16	0.747	2.257	2.257	-7.977		794.940	197	3.276	879626344565307985	879624803955505537	879624803947116928	2663	
1	C20H26Br4N2O5	[M + Na]+	C20H26Br4N2NaO5+		0.490	32.960	32.960	0.000	19	0.810	2.023	5.886	-6.791		712.842	218	3.630	879626327700011590	879624805188630929	879624805180242320	4620	
1	C64H81N5O10	[M + H]+	C64H82N5O10+		0.562	50.247	50.247	0.000	19	0.778	0.752	1.824	3.961		1080.610	224	3.734	879627694388804241	879624806509836709	879624806497253796	7805	
1	C59H69N5O8	[M + H]+	C59H70N5O8+		0.479	76.494	76.494	0.000	25	0.783	0.908	1.868	-6.647		976.515	229	3.822	879625982328437297	879624805754861977	879624805746473368	5700	
1	C16H30N4O3	[M + H]+	C16H31N4O3+		0.999	57.386	57.386	0.000	21	0.796	0.353	2.070	2.545		327.240	239	3.987	879627652026333830	879624807763933625	879624807759739320	11802	
1	C54H75N13O9	[M + K]+	C54H75KN13O9+		0.331	70.711	70.711	0.000	23	0.841	1.149	1.445	1.719		1088.546	250	4.161	879627354151058032	879624808191752641	879624808187558336	13510	
1	C18H22I3N3O9	[M + K]+	C18H22I3KN3O9+		0.532	22.644	22.644	0.000	4	0.263	1.859	1.859	-2.941		843.810	265	4.418	879627218184305254	879624809546512861	879624809542318556	24389	
1	C32H55NO7	[M + H]+	C32H56NO7+		0.992	51.483	51.483	0.000	15	0.823	0.624	4.414	5.244		566.408	395	6.578	879627738064091803	879624803611572605	879624803603183996	2152	
1	C25H45Cl2NO4Si	[M + H]+	C25H46Cl2NO4Si+		0.513	20.701	20.701	0.000	4	0.626	-1.268	1.268	5.233		522.260	409	6.813	879627795907738281	879624808980281809	879624808976087504	17719	
1	C52H100N12O7	[M + K]+	C52H100KN12O7+		0.328	49.583	49.583	0.000	14	0.638	-0.887	2.605	-4.169		1043.743	437	7.285	879628557236828851	879624806237206945	879624806233012640	7017	
1	C18H18Br2Cl4N2O8	[M + H]+	C18H19Br2Cl4N2O8+		0.382	74.048	74.048	0.000	16	0.895	2.352	2.352	-0.402		688.825	462	7.700	879628731308833470	879624806967015853	879624806962821548	9437	
1	C28H52N8O8	[M + Na]+	C28H52N8NaO8+		0.182	8.058	8.058	0.000	4	0.239	-0.999	7.725	-11.409		651.373	488	8.126	879628931083533003	879624808397273541	879624808384690628	14471	
1	C2H4BBrF2N4O4	[M + Na]+	C2H4BBrF2N4NaO4+		0.682	45.608	45.608	0.000	19	0.853	-12.515	12.515	7.197		297.943	647	10.775	879629178849459049	879624809571678689	879624809567484384	27863	
1	C20H32N6O5	[M + H]+	C20H33N6O5+		0.996	49.272	49.272	0.000	18	0.968	1.333	1.856	-8.450		437.247	35	0.582	879632681755966707	879632610758982768	879632610750594159	1611	
1	C35H46N6O8	[M + Na]+	C35H46N6NaO8+		0.990	98.020	98.020	0.000	14	0.633	0.817	1.249	6.227		701.331	45	0.747	879634597235883326	879632613137153176	879632613128764567	7024	
1	C31H46N6O9	[M + H]+	C31H47N6O9+		0.608	138.629	138.629	0.000	45	0.884	1.004	1.868	-10.973		647.333	47	0.782	879634636553289032	879632612080188548	879632612071799939	4055	
1	C32H40N6O8	[M + H]+	C32H41N6O8+		0.484	41.983	41.983	0.000	15	0.870	2.077	2.077	-0.688		637.298	61	1.013	879635940092640669	879632612721917072	879632612717722767	5707	
1	C3H2NOPS8	[M + K]+	C3H2KNOPS8+		0.266	-3.741	-3.741	0.000	0	0.000	-3.115	3.115	-5.655		393.725	75	1.253	879632690358484221	879632615955725520	879632615951531215	21702	
1	C15H29N3O5	[M + H]+	C15H30N3O5+		1.000	67.138	67.138	0.000	18	0.943	1.306	1.693	0.309		332.218	94	1.571	879633939732593960	879632616115109076	879632616110914771	24411	
1	C41H45N5O9	[M + H]+	C41H46N5O9+		0.694	81.174	81.174	0.000	24	0.704	1.287	1.757	-5.323		752.325	115	1.917	879633811747601681	879632612508007564	879632612499618955	5186	
1	C11H24N6O6	[M + Na]+	C11H24N6NaO6+		0.500	161.271	161.271	0.000	49	0.937	1.606	2.333	-1.819		359.164	117	1.945	879635997785292209	879632613346868380	879632613342674075	7807	
1	C45H63N5O6S	[M + H]+	C45H64N5O6S+		0.960	63.607	63.607	0.000	11	0.728	4.499	4.499	-3.342		802.455	125	2.088	879634984596634983	879632615074921660	879632615058144443	14472	
1	C28H34N4O8	[M + H]+	C28H35N4O8+		0.971	43.718	43.718	0.000	9	0.992	1.398	1.541	4.790		555.248	131	2.178	879634692589190482	879632609894956136	879632609848818791	125	
1	C32H49N11O10	[M + H]+	C32H50N11O10+		0.769	130.104	130.104	0.000	39	0.858	1.391	1.675	-6.231		748.369	159	2.657	879636403311574470	879632614554827956	879632614550633651	12587	
1	C38H56N6O9	[M + H]+	C38H57N6O9+		0.377	190.338	190.338	0.000	54	0.965	-0.051	1.235	-8.435		741.412	176	2.927	879633579508989191	879632612294098056	879632612289903751	4623	
1	C31H53N7O8	[M + H]+	C31H54N7O8+		0.612	158.196	158.196	0.000	51	0.952	1.567	1.690	11.131		652.410	176	2.927	879635667135724924	879632613539806368	879632613535612063	8609	
1	C50H70N8O13	[M + H]+	C50H71N8O13+		0.513	40.565	40.565	0.000	16	0.703	1.795	2.197	-12.416		991.501	186	3.103	879636093750967739	879632615792147660	879632615787953355	19556	
1	C22H32Br4N4O6	[M + H]+	C22H33Br4N4O6+		0.973	76.755	76.755	0.000	39	0.902	1.264	1.482	-2.758		764.911	204	3.394	879635922094882195	879632613925682344	879632613917293735	10199	
1	CHNO5S9	[M + H]+	CH2NO5S9+		0.158	-2.993	-2.993	0.000	0	0.000			3.822		395.743	205	3.411	879633935517318430	879632611862084736	879632611857890431	3576	
1	C30H42N6O6	[M + H]+	C30H43N6O6+		0.972	73.364	73.364	0.000	25	0.789	-0.032	2.211	-3.359		583.322	230	3.831	879635270128074098	879632612931632276	879632612923243667	6299	
1	C26H46N6O10	[M + H]+	C26H47N6O10+		0.949	111.114	111.114	0.000	23	0.628	3.879	4.130	4.611		603.338	264	4.396	879634453782297908	879632615448214724	879632615439826115	16550	
1	C26H38O5	[M + K]+	C26H38KO5+		0.394	49.796	49.796	0.000	14	0.710	1.325	4.977	-1.241		469.235	437	7.276	879634752014089564	879632614768737464	879632614764543159	13518	
1	C47H75N3O8	[M + H]+	C47H76N3O8+		0.765	85.475	85.475	0.000	26	0.894	1.362	1.594	-7.393		810.557	449	7.485	879635861424274824	879632613732744356	879632613728550051	9440	
1	C43H70NO8P	[M + H]+	C43H71NO8P+		1.000	129.569	129.569	0.000	30	0.768	1.994	1.994	5.679		760.496	488	8.125	879635868470705554	879632614319946928	879632614315752623	11811	
1	C13H25NO3	[M + H]+	C13H26NO3+		1.000	286.665	286.665	0.000	48	0.885	1.601	1.904	3.194		244.192	500	8.330	879635955460570535	879632615267859648	879632615263665343	15362	
1	C20H17BrF11N7O7	[M + H]+	C20H18BrF11N7O7+		0.264	11.283	11.283	0.000	5	0.275	-2.681	4.178	1.065		756.028	503	8.387	879636561415863971	879632616152857820	879632616148663515	32940	
1	C4H5N2O4PS4	[M + Na]+	C4H5N2NaO4PS4+		0.258	12.038	12.038	0.000	4	0.815	5.084	5.257	6.431		326.878	648	10.798	879636483754131078	879632616136080600	879632616131886295	27881	
1	C6H9Cl2N2O3	[M + H]+	C6H10Cl2N2O3+		0.702	119.600	119.600	0.000	42	0.813	1.841	7.698	3.952		228.007	652	10.875	879636523864260249	879632615615986888	879632615611792583	17724	
1	COPS9	[M + K]+	CKOPS9+		0.790	-8.525	-8.525	0.000	0	0.000			-6.932		385.678	58	0.959	879636910594130077	879636863450153014	879636863441764405	5191	
1	C26H46N6O8	[M + H]+	C26H47N6O8+		0.690	60.954	60.954	0.000	17	0.912	1.244	1.554	4.220		571.347	60	1.002	879636977107402924	879636865459224662	879636865450836053	11047	
1	C23H32N4O5	[M + H]+	C23H33N4O5+		0.777	183.483	183.483	0.000	52	0.965	0.213	1.524	2.141		445.246	63	1.051	879637037136281792	879636865681522778	879636865673134169	11818	
1	C13H26N4O3	[M + H]+	C13H27N4O3+		1.000	139.274	139.274	0.000	40	0.829	2.056	2.056	-0.582		287.208	71	1.190	879638387198853416	879636867132751990	879636867128557685	19560	
1	C15H25N3O8	[M + Na]+	C15H25N3NaO8+		0.951	131.400	131.400	0.000	36	0.825	2.492	2.977	3.804		398.155	72	1.202	879638308262052096	879636867527016574	879636867522822269	24429	
1	C22H36N8O8	[M + Na]+	C22H36N8NaO8+		0.720	157.186	157.186	0.000	50	0.971	0.063	2.371	-2.008		563.254	99	1.646	879637507103850698	879636862888116270	879636862879727661	4058	
1	C32H43N5O11	[M + H]+	C32H44N5O11+		0.600	68.205	68.205	0.000	23	0.945	1.435	1.500	0.766		674.304	110	1.832	879637695662981333	879636861613047838	879636861604659229	2156	
1	C12H14Br4ClN	[M + H]+	C12H15Br4ClN+		0.943	15.790	15.790	0.000	5	0.353	5.886	5.886	-9.550		523.757	114	1.900	879637698850652383	879636861193617434	879636861185228825	1620	
1	C30H49N7O11	[M + H]+	C30H50N7O11+		0.837	119.572	119.572	0.000	37	0.866	2.023	2.175	4.410		684.359	129	2.151	879638639872115015	879636863164940338	879636863160746033	4624	
1	C17H22FN3O5	[M + H]+	C17H23FN3O5+		0.908	64.674	64.674	0.000	20	0.883	-3.905	3.915	-0.069		368.162	144	2.401	879638426742751539	879636866927231090	879636866923036785	17734	
1	C10H20N4O2	[M + H]+	C10H21N4O2+		0.996	24.949	24.949	0.000	5	0.970	-0.300	0.904	-0.010		229.166	155	2.580	879636914570330274	879636866306474086	879636866293891173	14478	
1	C12H21BBr4N2O7	[M + H]+	C12H22BBr4N2O7+		0.994	98.208	98.208	0.000	33	0.866	1.003	1.471	-8.290		631.823	157	2.620	879637777397383397	879636861956980770	879636861952786465	2666	
1	C23H33N5O6	[M + K]+	C23H33KN5O6+		0.896	51.791	51.791	0.000	17	0.961	1.264	1.868	-5.138		514.204	162	2.705	879637006945681590	879636867334078586	879636867329884281	21720	
1	C28H41N5O8	[M + H]+	C28H42N5O8+		0.878	102.241	102.241	0.000	39	0.967	0.092	2.149	2.968		576.305	176	2.937	879638793874374993	879636864771358794	879636864767164489	8614	
1	C37H50N6O6	[M + H]+	C37H51N6O6+		0.815	94.856	94.856	0.000	27	0.767	1.758	1.758	-14.303		675.377	207	3.454	879638153605480688	879636864259653698	879636864255459393	7027	
1	C30H48N6O6	[M + Na]+	C30H48N6NaO6+		0.971	87.549	87.549	0.000	31	0.846	1.754	2.921	-1.888		611.352	244	4.070	879638375022788894	879636865241120850	879636865232732241	10205	
1	C37H60N8O10	[M + H]+	C37H61N8O10+		0.619	88.942	88.942	0.000	17	0.680	0.434	2.023	-11.340		777.442	247	4.122	879639197358031219	879636867552182402	879636867547988097	27949	
1	C22H45N11O6	[M + Na]+	C22H45N11NaO6+		0.350	58.115	58.115	0.000	22	0.847	1.411	1.820	4.381		582.347	252	4.205	879638335084626186	879636864519700550	879636864515506245	7808	
1	C47H73N9O13	[M + H]+	C47H74N9O13+		0.723	104.827	104.827	0.000	22	0.707	1.232	1.526	-10.961		972.529	257	4.276	879639428837474685	879636865010434126	879636865006239821	9441	
1	C27H29Br3N8O5S	[M + H]+	C27H30Br3N8O5S+		0.461	50.798	50.798	0.000	14	0.800	0.058	1.206	-10.368		814.952	267	4.456	879638637904986429	879636866100953186	879636866096758881	13532	
1	C27H45N9O11	[M + H]+	C27H46N9O11+		0.183	18.643	18.643	0.000	6	0.997	0.576	1.693	1.741		672.332	363	6.051	879638358350430484	879636860782575638	879636860769992725	963	
1	C24H42NO9P	[M + H]+	C24H43NO9P+		1.000	83.882	83.882	0.000	26	0.814	1.431	1.949	1.163	LPS(18:3)	520.268	386	6.430	879638896106340701	879636865887043678	879636865882849373	12595	
1	C25H47N3O6	[M + H]+	C25H48N3O6+		0.941	107.478	107.478	0.000	29	0.802	0.057	2.622	-12.260		486.348	455	7.580	879639050465116511	879636866725904494	879636866721710189	16559	
1	C16H31N5O4	[M + H]+	C16H32N5O4+		0.478	17.961	17.961	0.000	4	0.190	-9.412	9.433	2.565		358.246	486	8.092	879639194614956393	879636863995412542	879636863991218237	6308	
1	C88H127N3O9	[M + H]+	C88H128N3O9+		0.154	17.880	17.880	0.000	5	0.329	0.753	2.072	0.066		1370.965	605	10.075	879640114400664479	879636867573153926	879636867568959621	32964	
1	C10H18N2O3	[M + H]+	C10H19N2O3+		1.000	87.788	87.788	0.000	13	0.980	1.053	1.462	1.307		215.139	36	0.602	879642618507263816	879641027351903957	879641027347709652	15370	
1	C21H40N6O7	[M + K]+	C21H40KN6O7+		0.327	53.383	53.383	0.000	17	0.846	-0.010	1.275	3.213		527.261	54	0.905	879641487110536990	879641022687837837	879641022675254924	2676	
1	C7H10FNO2	[M + H]+	C7H11FNO2+		0.549	81.846	81.846	0.000	13	0.376	-4.548	5.769	-5.830		160.076	57	0.958	879643574993125215	879641023648333465	879641023639944856	4059	
1	C25H40O5	[M + Na]+	C25H40NaO5+		1.000	34.125	34.125	0.000	8	0.900	-7.519	7.721	-6.757	DG(13:1_9:3)	443.274	66	1.103	879641049527189257	879641028387897069	879641028387897068	27975	
1	C31H46N8O11	[M + H]+	C31H47N8O11+		0.732	81.504	81.504	0.000	17	0.595	1.264	3.616	6.530		707.341	82	1.368	879641850601504552	879641026924084941	879641026919890636	13535	
1	C23H35N9O6	[M + Na]+	C23H35N9NaO6+		0.855	100.409	100.409	0.000	34	0.908	2.513	2.901	1.527		556.261	99	1.656	879641298618515210	879641024759824041	879641024751435432	6309	
1	C16H22N4O7S6	[M + H]+	C16H23N4O7S6+		1.000	72.612	72.612	0.000	18	0.734	1.436	1.622	-1.829		574.988	153	2.549	879643839855034247	879641027976855265	879641027972660960	19605	
1	C17H22F2N4O6	[M + H]+	C17H23F2N4O6+		0.945	95.473	95.473	0.000	33	0.950	1.246	1.909	1.637		417.159	156	2.607	879642612639432510	879641028362731241	879641028358536936	24454	
1	C26H40N8O7	[M + H]+	C26H41N8O7+		0.870	128.183	128.183	0.000	45	0.964	0.728	1.789	0.222		577.309	175	2.923	879642510982086452	879641027565813465	879641027561619160	16563	
1	C29H39N7O7	[M + Na]+	C29H39N7NaO7+		0.607	121.542	121.542	0.000	49	0.915	0.619	2.560	-6.799		620.276	203	3.382	879644966197624758	879641027142188753	879641027125411536	14481	
1	C22H41N9O7	[M + H]+	C22H42N9O7+		0.870	53.023	53.023	0.000	19	0.936	0.278	1.035	-4.540		544.318	250	4.173	879641369166708500	879641023031770769	879641023023382160	3115	
1	C17H26Br3N3O8S	[M + H]+	C17H27Br3N3O8S+		0.979	42.842	42.842	0.000	18	0.756	0.695	1.229	-10.373		669.899	254	4.237	879642817988362067	879641026043281085	879641026034892476	10218	
1	C19H34N2O4S	[M + H]+	C19H35N2O4S+		0.436	41.874	41.874	0.000	8	0.920	2.428	2.428	-4.661		387.229	362	6.025	879643580168896361	879641026487877317	879641026483683012	11821	
1	C11H14N4O7	[M + H]+	C11H15N4O7+		0.283	16.249	16.249	0.000	2	0.947	2.121	2.121	1.507		315.094	405	6.746	879644097255276458	879641028169793253	879641028165598948	21733	
1	C24H47NO6	[M + H]+	C24H48NO6+		0.989	36.430	36.430	0.000	6	0.833	-0.729	1.047	-0.257		446.348	407	6.784	879643592495955827	879641025544158901	879641025539964596	8618	
1	C29H55NO10	[M + K]+	C29H55KNO10+		0.244	59.080	59.080	0.000	14	0.755	3.145	3.145	-5.119		616.343	422	7.038	879643667158761341	879641026269773505	879641026261384896	11053	
1	C19H41O5	[M + H]+	C19H42O5+		1.000	72.687	72.687	0.000	15	0.850	3.076	3.076	-8.495		350.300	449	7.484	879644060672556948	879641028408868593	879641028404674288	33074	
1	C43H70Cl3N3O8	[M + H]+	C43H71Cl3N3O8+		0.367	30.516	30.516	0.000	7	0.353	-4.852	4.852	0.318		862.430	495	8.256	879644091873984416	879641027775528669	879641027771334364	17735	
1	C26H50O8	[M + Na]+	C26H50NaO8+		0.997	138.418	138.418	0.000	35	0.925	0.222	2.723	4.501		513.342	500	8.335	879645000947433412	879641024222953121	879641024214564512	5198	
1	C22H43NO	[M + H]+	C22H44NO+		1.000	189.025	189.025	0.000	39	0.865	1.624	2.461	1.946		338.342	641	10.677	879644969490153408	879641026705981129	879641026701786824	12601	
1	C17H25FN2O6	[M + H]+	C17H26FN2O6+		0.708	121.857	121.857	0.000	35	0.918	1.495	2.229	-18.601		373.170	50	0.841	879646774901247470	879645358535118176	879645358530923871	16564	
1	C19H29N7O5	[M + H]+	C19H30N7O5+		1.000	185.022	185.022	0.000	54	0.980	0.442	2.090	0.473		436.231	51	0.851	879645720188980694	879645358782582120	879645358778387815	19636	
1	C16H28N4O6	[M + H]+	C16H29N4O6+		0.999	208.312	208.312	0.000	45	0.961	1.674	1.881	1.176		373.209	72	1.199	879645437278981530	879645359239761264	879645359239761263	24463	
1	C35H53N5O9	[M + H]+	C35H54N5O9+		0.999	104.009	104.009	0.000	31	0.871	0.862	1.723	-1.895		688.390	95	1.577	879645461161348526	879645357331352892	879645357327158587	8635	
1	C30H53N5O11	[M + K]+	C30H53KN5O11+		0.604	99.158	99.158	0.000	18	0.699	2.233	2.744	-0.452		698.337	100	1.671	879648289976127087	879645357469764928	879645357465570623	9461	
1	C20H36N6O8	[M + Na]+	C20H36N6NaO8+		0.721	52.040	52.040	0.000	16	0.952	0.971	1.241	11.769		511.255	101	1.688	879645459429100964	879645356588961064	879645356584766759	5199	
1	C4O7S6	[M + K]+	C4KO7S6+		0.224	-1.307	-1.307	0.000	0	0.000			-13.785		390.755	117	1.956	879645433734794640	879645355397778700	879645355389390091	1628	
1	C30H46N6O12	[M + H]+	C30H47N6O12+		0.794	149.443	149.443	0.000	38	0.858	1.898	1.970	6.809		683.329	150	2.497	879647235213528631	879645356115004700	879645356106616091	3581	
1	C31H53N7O8	[M + H]+	C31H54N7O8+		0.985	44.158	44.158	0.000	15	0.927	1.772	1.946	7.452		652.408	150	2.499	879646725572038116	879645354856713476	879645354818964739	135	
1	C23H37N5O7	[M + H]+	C23H38N5O7+		0.866	129.711	129.711	0.000	40	0.922	1.254	1.527	3.476		496.278	174	2.902	879647096809885199	879645359134903660	879645359130709355	21775	
1	C39H57N9O9	[M + H]+	C39H58N9O9+		0.756	37.927	37.927	0.000	17	0.933	0.572	2.376	-6.656		796.430	201	3.344	879646882866826756	879645355590716688	879645355582328079	2166	
1	C48H72N10O10	[M + H]+	C48H73N10O10+		0.568	29.937	29.937	0.000	14	0.855	2.641	2.641	-4.808		949.546	223	3.709	879645475191295416	879645356890950960	879645356886756655	6310	
1	C29H32Br2N4O8S3	[M + H]+	C29H33Br2N4O8S3+		0.960	28.770	28.770	0.000	18	0.866	1.469	1.565	1.004		818.983	254	4.240	879645494124383682	879645356270193952	879645356265999647	4061	
1	C21H40NO7P	[M + Na]+	C21H40NNaO7P+		1.000	55.173	55.173	0.000	14	0.789	2.962	3.112	-1.609	LPE(16:2)	472.243	372	6.202	879646777652710905	879645358660947300	879645358660947299	17766	
1	C18H14FN3O4	[M + H]+	C18H15FN3O4+		0.520	49.462	49.462	0.000	8	0.783	0.251	1.621	-0.872		356.104	387	6.456	879645537535430092	879645358262488408	879645358254099799	14482	
1	C26H33N5O9	[M + H]+	C26H34N5O9+		0.880	50.468	50.468	0.000	10	0.619	-10.000	10.465	-4.291		560.233	393	6.547	879647213898075693	879645358119882068	879645358115687763	13538	
1	C61H94O10	[M + H]+	C61H95O10+		0.204	13.726	13.726	0.000	4	0.513	3.237	5.585	-0.077		987.692	403	6.718	879646837979385338	879645358400900444	879645358396706139	15374	
1	C14H28O2	[M + K]+	C14H28KO2+		0.848	36.586	36.586	0.000	6	0.446	0.425	6.071	-5.945		267.171	421	7.018	879647104388992537	879645359273315704	879645359273315703	33121	
1	C30H54O4	[M + Na]+	C30H54NaO4+		0.997	40.533	40.533	0.000	11	0.656	-5.030	5.913	-7.242		501.388	432	7.192	879647119865974307	879645357041945908	879645357037751603	7033	
1	C30H57NO8	[M + H]+	C30H58NO8+		0.990	84.206	84.206	0.000	21	0.840	2.618	2.987	-0.882		560.415	463	7.723	879647266230406721	879645357859835212	879645357855640907	11829	
1	C20H30N6O7S	[M + K]+	C20H30KN6O7S+		0.555	44.155	44.155	0.000	15	0.716	0.129	3.557	-3.586		537.151	496	8.263	879648138385591909	879645357729811784	879645357725617479	11058	
1	C30H56N10O8	[M + H]+	C30H57N10O8+		0.186	16.375	16.375	0.000	7	0.171	5.164	5.164	-1.656		685.434	628	10.464	879648115086233179	879645356739956012	879645356735761707	5727	
1	C37H63BN10O8	[M + Na]+	C37H63BN10NaO8+		0.187	18.491	18.491	0.000	6	0.385	-11.575	11.575	-5.061		808.481	639	10.656	879648761529143705	879645357985664336	879645357981470031	12603	
1	C4H8Cl2N2O3	[M + H]+	C4H9Cl2N2O3+		0.986	53.945	53.945	0.000	7	0.958	3.514	3.514	-9.724		202.997	648	10.801	879648447967170349	879645359260732788	879645359256538483	28079	
1	C7H16N3O5P	[M + Na]+	C7H16N3NaO5P+		0.995	102.601	102.601	0.000	20	0.386	0.264	2.024	-7.165		276.070	72	1.196	879650706492831173	879648876773848393	879648876773848392	28098	
1	C41H56N4O15	[M + H]+	C41H57N4O15+		0.252	64.899	64.899	0.000	20	0.788	0.781	1.364	-1.648		845.380	96	1.602	879652368246716221	879648873573594357	879648873569400052	4063	
1	C20H29N3O5	[M + H]+	C20H30N3O5+		0.988	87.322	87.322	0.000	24	0.898	1.856	2.679	-1.778		392.217	149	2.476	879648923708110181	879648876253754677	879648876249560372	16569	
1	C51H58N8O8	[M + H]+	C51H59N8O8+		0.679	35.131	35.131	0.000	7	0.361	3.915	3.915	2.592		911.447	150	2.501	879651778863117849	879648874446009609	879648874441815304	7035	
1	C28H47N3O5S	[M + Na]+	C28H47N3NaO5S+		0.861	172.329	172.329	0.000	53	0.973	0.442	1.641	-6.003		560.310	176	2.926	879650393736164744	879648873753949433	879648873749755128	4641	
1	C35H56N12O11	[M + H]+	C35H57N12O11+		0.521	90.340	90.340	0.000	34	0.943	1.256	1.459	9.706		821.434	198	3.302	879650590360941980	879648872361440477	879648872348857564	970	
1	C42H56N10O9	[M + H]+	C42H57N10O9+		0.793	94.765	94.765	0.000	41	0.892	0.728	1.366	7.629		845.437	200	3.329	879650028353566065	879648873007363305	879648873003169000	2685	
1	C37H64N8O9	[M + H]+	C37H65N8O9+		0.996	117.629	117.629	0.000	41	0.933	0.862	1.406	-0.264		765.487	213	3.543	879650498216277394	879648876383778105	879648876379583800	17792	
1	C44H70N12O12	[M + H]+	C44H71N12O12+		0.354	125.503	125.503	0.000	37	0.862	0.934	1.660	-11.769		959.520	227	3.787	879651369679402468	879648874995463441	879648874991269136	8643	
1	C22H24Br3N3O4	[M + K]+	C22H24Br3KN3O4+		0.998	46.790	46.790	0.000	19	0.765	1.008	3.498	-5.002		669.892	264	4.398	879650751782925785	879648875842712873	879648875838518568	13548	
1	C20H43NO3	[M + Na]+	C20H43NNaO3+		0.391	1.807	1.807	0.000	0	0.000	-2.213	2.213	-2.756		368.313	388	6.465	879650593691219366	879648875570083105	879648875565888800	11848	
1	C23H44NO7P	[M + H]+	C23H45NO7P+		1.000	141.146	141.146	0.000	41	0.870	2.298	2.298	0.803	LPE(18:2)	478.293	419	6.991	879648929492055407	879648873930110205	879648873921721596	5201	
1	C30H51NO6	[M + H]+	C30H52NO6+		0.924	46.659	46.659	0.000	15	0.926	0.602	1.159	-1.560		522.378	427	7.117	879651552353924590	879648871983953113	879648871942010072	141	
1	C18H39N7O3	[M + K]+	C18H39KN7O3+		1.000	66.870	66.870	0.000	15	0.912	-1.186	5.019	-9.758		440.270	449	7.483	879650715779020239	879648875704300837	879648875700106532	12604	
1	C28H53NO6	[M + H]+	C28H54NO6+		1.000	57.201	57.201	0.000	12	0.910	0.673	1.485	0.870		500.395	462	7.692	879651725608039950	879648875435865373	879648875431671068	11065	
1	C5H8BBr2NO2	[M + H]+	C5H9BBr2NO2+		0.826	48.181	48.181	0.000	11	0.621	6.004	10.354	-5.978		282.911	472	7.864	879650619213559216	879648876631242049	879648876627047744	21781	
1	C7H3Br3O2	[M + Na]+	C7H3Br3NaO2+		0.526	0.391	0.391	0.000	0	0.000			-3.528		378.756	485	8.083	879650223938155902	879648875154846997	879648875150652692	9462	
1	C43H69NO10	[M + H]+	C43H70NO10+		0.999	98.960	98.960	0.000	27	0.726	1.847	6.758	7.069		760.505	485	8.089	879650681595442618	879648876119536945	879648876115342640	15383	
1	C41H61N3O6	[M + H]+	C41H62N3O6+		0.493	36.530	36.530	0.000	11	0.442	0.287	4.904	4.891		692.467	491	8.190	879651666648708601	879648876790625613	879648876790625612	33136	
1	C39H65F3N6O4	[M + H]+	C39H66F3N6O4+		0.125	5.893	5.893	0.000	5	0.214	4.636	4.636	-1.103		739.508	511	8.518	879651721350821380	879648876757071173	879648876752876868	24546	
1	C45H66N4O8	[M + H]+	C45H67N4O8+		0.214	18.639	18.639	0.000	3	0.117	0.455	0.455	-0.179		791.495	529	8.812	879651874417751587	879648873204495597	879648873196106988	3117	
1	C8H11N3O	[M + H]+	C8H12N3O+		0.733	75.132	75.132	0.000	9	0.753	2.596	2.596	1.274		166.098	641	10.687	879651891341768239	879648876505412925	879648876501218620	19673	
1	C60H106N15O17PS	[M + H]+	C60H107N15O17PS+		0.207	18.509	18.509	0.000	9	0.257	1.544	1.544	2.899		1372.746	642	10.694	879652660090583361	879648874102076673	879648874093688064	5738	
1	C5H7N2O2P	[M + Na]+	C5H7N2NaO2P+		0.944	42.277	42.277	0.000	9	0.958	5.100	6.205	5.332		181.015	647	10.783	879652374286513992	879648872575349985	879648872566961376	1636	
1	C9H21N5O4	[M + H]+	C9H22N5O4+		0.955	132.619	132.619	0.000	36	0.851	1.611	1.883	5.184		264.168	36	0.592	879653527444954496	879652860928105632	879652860923911327	7041	
1	C11H22N2O3	[M + H]+	C11H23N2O3+		1.000	47.415	47.415	0.000	8	0.979	1.406	2.245	-1.813		231.170	50	0.826	879652880184155387	879652858306665584	879652858260528239	142	
1	C13H17N3O4	[M + H]+	C13H18N3O4+		0.958	130.360	130.360	0.000	33	0.869	1.035	1.912	-3.150		280.128	51	0.853	879653001500204346	879652859925666956	879652859917278347	4066	
1	C20H33N5O9	[M + H]+	C20H34N5O9+		0.977	71.901	71.901	0.000	18	0.947	1.032	1.421	-1.237		488.235	63	1.055	879653231272566104	879652858696735860	879652858684152947	980	
1	C3H3Br3O2S	[M + K]+	C3H3Br3KO2S+		0.819	-1.219	-1.219	0.000	0	0.000			-0.382		378.703	70	1.174	879652924618611984	879652859552373892	879652859543985283	3118	
1	C13H29N7O6	[M + Na]+	C13H29N7NaO6+		0.679	97.507	97.507	0.000	32	0.921	1.769	1.769	-3.362		402.206	73	1.224	879652976439237925	879652861255261356	879652861255261355	9464	
1	C19H33N5O6	[M + H]+	C19H34N5O6+		1.000	178.692	178.692	0.000	52	0.964	1.008	1.720	3.128		428.252	85	1.413	879652982109936943	879652861053934756	879652861049740451	7855	
1	C11H24Br4N6O6	[M + Na]+	C11H24Br4N6NaO6+		0.524	29.796	29.796	0.000	20	0.915	1.008	1.399	-14.228		674.829	85	1.421	879652900371340549	879652861741800640	879652861737606335	13552	
1	C16H27N3O7	[M + H]+	C16H28N3O7+		1.000	165.103	165.103	0.000	44	0.927	0.603	1.503	13.959		374.197	102	1.701	879653033028787524	879652862157036752	879652862152842447	17807	
1	C39H53N7O9	[M + H]+	C39H54N7O9+		0.449	76.738	76.738	0.000	13	0.648	0.948	1.264	-2.031		764.396	121	2.012	879653193888734542	879652862064762060	879652862060567755	16584	
1	C18H28N4O8	[M + H]+	C18H29N4O8+		0.998	105.266	105.266	0.000	37	0.773	-0.256	2.513	-0.443		429.198	124	2.062	879653374080228706	879652859745311880	879652859741117575	3585	
1	C20H28N4O5	[M + H]+	C20H29N4O5+		0.895	54.379	54.379	0.000	18	0.717	2.023	6.037	-7.025		405.210	125	2.091	879652942721228059	879652861351730352	879652861347536047	10249	
1	C26H25N3O6	[M + H]+	C26H26N3O6+		0.884	42.273	42.273	0.000	14	0.935	1.859	2.405	5.225		476.184	146	2.429	879653508985822582	879652862467415268	879652862463220963	33186	
1	C25H46N8O10	[M + H]+	C25H47N8O10+		0.517	101.074	101.074	0.000	37	0.884	1.149	1.772	4.576		619.344	220	3.674	879654618723163534	879652861154598056	879652861150403751	8657	
1	C27H41N7O6	[M + H]+	C27H42N7O6+		0.935	93.002	93.002	0.000	25	0.815	1.148	1.606	5.339		560.322	231	3.844	879653485862624620	879652860596755604	879652860592561299	5202	
1	C29H39N3O5	[M + H]+	C29H40N3O5+		0.978	63.640	63.640	0.000	14	0.938	2.186	3.428	3.630		510.298	274	4.571	879654928220855727	879652862450638048	879652862446443743	28164	
1	C28H49NO7	[M + H]+	C28H50NO7+		0.662	53.021	53.021	0.000	9	0.812	-1.047	4.822	0.821		512.359	352	5.874	879654918397795748	879652862240922836	879652862236728531	19716	
1	C14H17FN4O2	[M + Na]+	C14H17FN4NaO2+		0.383	22.111	22.111	0.000	6	0.995	-2.492	2.492	0.080		315.123	403	6.711	879654885556395417	879652860714196120	879652860705807511	5742	
1	C27H46N6O8	[M + K]+	C27H46KN6O8+		0.977	35.998	35.998	0.000	11	0.752	3.005	3.005	-0.274		621.301	423	7.049	879655000274804153	879652861632748732	879652861628554427	12612	
1	C18H28O2	[M + H]+	C18H29O2+		1.000	282.054	282.054	0.000	52	0.962	2.167	2.399	-1.106		277.216	464	7.734	879655075734527428	879652861540474040	879652861536279735	11856	
1	C14H24Br2I2N2O5	[M + Na]+	C14H24Br2I2N2NaO5+		0.971	20.559	20.559	0.000	6	0.286	0.412	0.619	-7.026		734.798	639	10.648	879655239819894224	879652862341586136	879652862337391831	21785	
1	C41H78NO8P	[M + H]+	C41H79NO8P+		1.000	135.638	135.638	0.000	29	0.803	2.458	2.458	4.726		744.557	639	10.658	879655509891128795	879652860819053724	879652860814859419	6323	
1	C46H70N6O8	[M + H]+	C46H71N6O8+		0.630	109.209	109.209	0.000	20	0.731	2.425	2.653	2.047		835.535	640	10.675	879655985122551198	879652861846658244	879652861838269635	14515	
1	C37H74NO8P	[M + Na]+	C37H74NNaO8P+		1.000	154.256	154.256	0.000	33	0.877	2.750	2.750	0.944	PE(16:0_16:0)	714.505	641	10.679	879655799491043283	879652860106022032	879652860101827727	4644	
1	C4H2O5S2	[M + Na]+	C4H2NaO5S2+		0.442	12.641	12.641	0.000	2	0.386	-0.284	23.347	-2.240		216.923	642	10.698	879655814561177556	879652862425472220	879652862421277915	24589	
1	C13H12FNO5	[M + H]+	C13H13FNO5+		0.492	16.896	16.896	0.000	4	0.576	-1.190	1.251	-2.223		282.077	35	0.587	879656280283833696	879656229033633065	879656229025244456	14524	
1	C34H48N8O7	[M + K]+	C34H48KN8O7+		0.725	62.492	62.492	0.000	18	0.734	0.833	2.332	0.759		719.328	42	0.700	879656361011602795	879656225766270189	879656225762075884	3595	
1	C22H39N5O9	[M + H]+	C22H40N5O9+		0.998	121.949	121.949	0.000	32	0.989	0.805	1.598	-3.192		518.280	43	0.716	879656452183188853	879656229947991357	879656229939602748	21796	
1	C13H18N3O4	[M + H]+	C13H19N3O4+		0.955	82.515	82.515	0.000	32	0.834	2.123	2.296	10.644		281.140	43	0.725	879657562348348859	879656227347522825	879656227343328520	7863	
1	C22H26N8O4	[M + H]+	C22H27N8O4+		0.996	228.908	228.908	0.000	40	0.696	2.489	3.204	13.960		467.222	48	0.802	879656686787388799	879656226013734129	879656226005345520	4068	
1	C11H19FN2O4	[M + H]+	C11H20FN2O4+		1.000	98.222	98.222	0.000	30	0.748	0.132	2.768	10.026		263.143	57	0.954	879658614741165551	879656224692528349	879656224684139740	1643	
1	C27H39N5O6	[M + Na]+	C27H39N5NaO6+		0.964	134.034	134.034	0.000	54	0.980	1.250	5.414	-3.358		552.277	86	1.433	879657480634918310	879656224981935329	879656224973546720	2191	
1	C13H16Br4N4O2	[M + H]+	C13H17Br4N4O2+		0.712	72.152	72.152	0.000	20	0.395	-0.043	1.590	-9.103		576.803	94	1.561	879657502516602288	879656223782364373	879656223736227028	143	
1	C10H10ClFN2O3S	[M + Na]+	C10H10ClFN2NaO3S+		0.827	39.294	39.294	0.000	10	0.574	-8.877	8.877	-5.682		314.996	137	2.291	879658167137625553	879656228811334949	879656228802946340	13555	
1	C36H49N3O10	[M + H]+	C36H50N3O10+		0.350	47.018	47.018	0.000	14	0.915	0.693	1.023	3.841		684.352	144	2.398	879656730752083346	879656228131857689	879656228127663384	11072	
1	C41H53N7O10	[M + H]+	C41H54N7O10+		0.886	112.512	112.512	0.000	34	0.856	1.171	1.599	7.127		804.398	158	2.638	879658583573292517	879656229226571053	879656229222376748	15413	
1	C35H52NO8P	[M + H]+	C35H53NO8P+		1.000	119.045	119.045	0.000	40	0.745	-1.471	6.274	11.092	PC 27:9	646.358	180	2.999	879658115895813584	879656229406926129	879656229402731824	16587	
1	C26H47N9O9	[M + H]+	C26H48N9O9+		0.503	117.503	117.503	0.000	44	0.986	0.150	2.197	3.251		630.359	190	3.165	879658824330536442	879656226689017085	879656226684822780	5743	
1	C21H39N5O8	[M + H]+	C21H40N5O8+		0.716	121.777	121.777	0.000	42	0.914	0.065	1.418	0.939		490.288	202	3.369	879657792586278341	879656225523000553	879656225518806248	3119	
1	C36H50N6O7S	[M + H]+	C36H51N6O7S+		0.582	78.073	78.073	0.000	30	0.848	0.283	1.196	6.122		711.358	234	3.902	879656848817546652	879656227750176017	879656227745981712	9469	
1	C40H85N3O	[M + Na]+	C40H85N3NaO+		1.000	72.566	72.566	0.000	23	0.576	-1.893	6.044	6.209		646.663	245	4.083	879656697990374793	879656230115763521	879656230111569216	24593	
1	C37H55N5O10	[M + H]+	C37H56N5O10+		0.535	65.869	65.869	0.000	21	0.749	1.353	2.032	-5.298		730.398	247	4.115	879658284435531227	879656228349961501	879656228341572892	11870	
1	C39H63N9O10	[M + H]+	C39H64N9O10+		0.353	55.938	55.938	0.000	23	0.866	0.609	1.894	7.250		818.483	253	4.223	879658907952375303	879656226240226549	879656226236032244	4662	
1	C31H44N4O7	[M + Na]+	C31H44N4NaO7+		0.397	20.338	20.338	0.000	5	0.895	0.528	0.655	7.047		607.315	280	4.669	879658917574108689	879656225267148005	879656225258759396	2691	
1	C20H39N3O4	[M + H]+	C20H40N3O4+		1.000	99.052	99.052	0.000	27	0.948	2.085	2.218	3.538		386.303	411	6.856	879659195245422117	879656228584842529	879656228576453920	12644	
1	C25H46O8	[M + Na]+	C25H46NaO8+		0.959	63.601	63.601	0.000	12	0.896	3.718	3.718	-10.233		497.303	494	8.231	879658984020272667	879656230166095177	879656230161900872	33245	
1	C41H81N3O6	[M + Na]+	C41H81N3NaO6+		0.562	24.582	24.582	0.000	9	0.489	-0.411	3.627	-10.833		734.594	509	8.476	879659443086845489	879656230145123653	879656230140929348	28198	
1	C37H67NO10	[M + H]+	C37H68NO10+		0.950	165.543	165.543	0.000	41	0.942	-0.032	2.890	-2.147		686.482	517	8.611	879659794665989810	879656224336012505	879656224323429592	988	
1	C39H61N7O8	[M + H]+	C39H62N7O8+		0.688	47.664	47.664	0.000	12	0.542	0.783	3.900	-3.488		756.463	639	10.653	879660133993573378	879656229755053369	879656229750859064	19750	
1	C14H27NO	[M + H]+	C14H28NO+		1.000	10.838	10.838	0.000	2	0.004	2.298	2.298	1.145		226.217	641	10.677	879659967043495624	879656226902926593	879656226898732288	6331	
1	C3H6N2O5P2S	[M + K]+	C3H6KN2O5P2S+		0.512	81.414	81.414	0.000	19	0.689	-6.883	6.883	-1.497		282.910	648	10.805	879660044529067827	879656227548849421	879656227540460812	8660	
1	C3H3NO3S	[M + Na]+	C3H3NNaO3S+		0.625	20.974	20.974	0.000	2	0.767	14.627	14.627	12.280		155.975	34	0.559	879661607488423010	879660274098209815	879660274094015510	19751	
1	C11H22N2O4	[M + H]+	C11H23N2O4+		1.000	126.161	126.161	0.000	26	0.939	0.895	1.334	2.291		247.166	54	0.901	879661789026288781	879660274517640231	879660274513445926	33308	
1	C13H30N2O7	[M + H]+	C13H31N2O7+		0.772	91.183	91.183	0.000	27	0.698	-0.574	1.968	-1.460		327.212	97	1.619	879660320738870335	879660271162196963	879660271158002658	7048	
1	C15H22Br4N4O4	[M + Na]+	C15H22Br4N4NaO4+		1.000	151.969	151.969	0.000	39	0.602	1.868	2.559	-3.593		660.824	108	1.797	879660335653815370	879660270717600731	879660270713406426	5749	
1	C22H37N5O8	[M + H]+	C22H38N5O8+		0.971	73.289	73.289	0.000	25	0.900	1.426	1.582	0.221		500.272	123	2.052	879662398659986614	879660271598404587	879660271594210282	8665	
1	C31H53N9O11	[M + H]+	C31H54N9O11+		0.420	172.408	172.408	0.000	53	0.958	0.294	1.672	-5.533		728.390	139	2.314	879662356238795948	879660268729500603	879660268725306298	1649	
1	C20H29N3O8	[M + H]+	C20H30N3O8+		0.445	41.232	41.232	0.000	16	0.952	1.171	2.023	-1.003		440.202	139	2.319	879661583463449687	879660273305486343	879660273284514822	14527	
1	C35H52N6O8	[M + H]+	C35H53N6O8+		0.710	52.254	52.254	0.000	19	0.943	1.567	2.080	0.381		685.392	159	2.657	879661693287105645	879660267836113843	879660267794170802	145	
1	C30H50N10O10	[M + Na]+	C30H50N10NaO10+		0.577	142.525	142.525	0.000	46	0.918	0.903	1.523	5.375		733.364	176	2.941	879662959526511841	879660268377179063	879660268360401846	997	
1	C31H52N6O11	[M + H]+	C31H53N6O11+		0.875	95.089	95.089	0.000	32	0.939	0.636	1.477	4.402		685.380	179	2.981	879661798119539864	879660272022029299	879660272017834994	10257	
1	C10H16N2O3	[M + H]+	C10H17N2O3+		0.999	52.855	52.855	0.000	10	0.601	1.302	1.680	-2.669		213.123	213	3.547	879662849673495745	879660273527784459	879660273523590154	15418	
1	C31H47N5O6	[M + Na]+	C31H47N5NaO6+		0.581	78.453	78.453	0.000	21	0.826	0.728	1.148	-5.844		608.338	228	3.808	879662966275146987	879660271812314095	879660271808119790	9474	
1	C33H49N9O9	[M + H]+	C33H50N9O9+		0.591	83.852	83.852	0.000	26	0.855	0.890	1.155	3.908		716.375	249	4.153	879662107294270626	879660272269493239	879660272261104630	11089	
1	C27H32N4O5	[M + H]+	C27H33N4O5+		0.935	81.523	81.523	0.000	13	0.877	1.695	2.023	2.744		493.246	258	4.300	879661776716006530	879660273066411011	879660273062216706	13560	
1	C24H45NO6	[M + H]+	C24H46NO6+		1.000	38.649	38.649	0.000	5	0.710	0.513	0.765	3.230		444.333	377	6.281	879661702497797240	879660273737499663	879660273733305358	16615	
1	C24H51NO3	[M + H]+	C24H52NO3+		1.000	17.289	17.289	0.000	3	0.579	0.744	0.835	-1.170		402.394	448	7.461	879661778146264204	879660272810558463	879660272806364158	12657	
1	C26H56B2N4O6	[M + H]+	C26H57B2N4O6+		0.834	76.727	76.727	0.000	25	0.727	3.548	4.480	-5.792		541.450	487	8.110	879662887522895051	879660272537928699	879660272529540090	11882	
1	C22H43NO2	[M + H]+	C22H44NO2+		1.000	265.549	265.549	0.000	50	0.931	2.218	2.277	-2.416		354.336	491	8.191	879662897173988567	879660273930437651	879660273922049042	17835	
1	C30H58N8O6	[M + H]+	C30H59N8O6+		0.535	38.038	38.038	0.000	17	0.700	7.776	7.776	1.581		627.456	498	8.306	879663265849115904	879660270499496919	879660270491108310	5207	
1	C33H53Br2NO7	[M + H]+	C33H54Br2NO7+		0.438	80.052	80.052	0.000	29	0.856	2.615	3.925	-4.159		734.223	499	8.312	879663389354591586	879660274274370587	879660274270176282	21805	
1	C24H38O7	[M + H]+	C24H39O7+		1.000	128.031	128.031	0.000	24	0.868	1.270	2.123	-0.524		439.269	499	8.321	879663034201900278	879660271392883687	879660271384495078	7864	
1	C38H70N2O13	[M + H]+	C38H71N2O13+		0.931	48.818	48.818	0.000	11	0.390	-1.129	2.438	5.937		763.500	549	9.151	879663727109310430	879660274492474403	879660274488280098	28201	
1	C39H72NO8P	[M + Na]+	C39H72NNaO8P+		1.000	166.783	166.783	0.000	47	0.889	2.536	2.754	11.167	PE(18:3_16:0)	736.497	639	10.654	879663413694137708	879660269803242443	879660269794853834	3596	
1	C5H6FN2O4PS2	[M + Na]+	C5H6FN2NaO4PS2+		0.315	21.445	21.445	0.000	6	0.985	0.918	2.036	-0.964		294.938	640	10.674	879663462008325673	879660270268810195	879660270264615890	4665	
1	C10H16N2O4	[M + H]+	C10H17N2O4+		0.994	29.416	29.416	0.000	5	0.975	0.862	0.862	0.072		229.118	40	0.667	879663949267338233	879663924902626266	879663924894237657	24614	
1	C13H22N2O5	[M + H]+	C13H23N2O5+		1.000	96.251	96.251	0.000	25	0.937	1.319	1.330	4.011		287.161	46	0.760	879664855362831457	879663924231537610	879663924227343305	16617	
1	C6H12N2OS8	[M + H]+	C6H13N2OS8+		0.998	47.300	47.300	0.000	9	0.390	1.590	1.646	-14.829		384.873	96	1.599	879664562583635011	879663918393066350	879663918346929005	168	
1	C2HBr4O2	[M + H]+	C2H2Br4O2+		0.989	-4.215	-4.215	0.000	0	0.000			12.633		373.683	104	1.736	879664264850965558	879663919903015806	879663919894627197	2694	
1	C13H26N6O3	[M + H]+	C13H27N6O3+		0.992	42.771	42.771	0.000	12	0.981	0.323	1.176	-8.614		315.211	117	1.948	879664231413974060	879663921828201374	879663921824007069	7051	
1	C7H4Cl8O2	[M + K]+	C7H4Cl8KO2+		1.000	-0.066	-0.066	0.000	0	0.000	4.766	4.766	2.259		438.736	117	1.950	879664918818456705	879663920448275334	879663920444081029	3598	
1	C18H29N5O5	[M + H]+	C18H30N5O5+		0.992	75.999	75.999	0.000	21	0.853	1.774	1.868	5.438		396.226	120	1.992	879663997115958286	879663921610097562	879663921605903257	6349	
1	C25H37N3O8	[M + H]+	C25H38N3O8+		0.754	128.872	128.872	0.000	47	0.933	-0.731	1.458	3.656		508.267	133	2.221	879664699594769485	879663920184034178	879663920179839873	3130	
1	C25H35N9O4S	[M + Na]+	C25H35N9NaO4S+		0.940	92.971	92.971	0.000	29	0.853	1.164	1.367	3.805		580.245	150	2.492	879664510456824889	879663924420281294	879663924411892685	17838	
1	C16H23I3N4O4S	[M + H]+	C16H24I3N4O4S+		1.000	83.318	83.318	0.000	37	0.873	2.370	2.370	1.073		748.866	152	2.529	879663987674579971	879663923157795766	879663923149407157	11884	
1	C37H56N6O8	[M + H]+	C37H57N6O8+		0.701	123.958	123.958	0.000	34	0.914	0.805	1.269	3.169		713.426	168	2.793	879664847360099415	879663922050499490	879663922046305185	7865	
1	C36H53N5O8	[M + H]+	C36H54N5O8+		0.955	87.745	87.745	0.000	29	0.894	1.567	1.799	-4.807		684.393	171	2.845	879664220412314658	879663921383605142	879663921375216533	5756	
1	C9H17As2Cl4N3O4S	[M + Na]+	C9H17As2Cl4N3NaO4S+		0.998	58.479	58.479	0.000	16	0.219	-0.841	4.346	-4.344		575.799	175	2.915	879665228588778650	879663920926425998	879663920922231693	4666	
1	C25H44N6O8	[M + H]+	C25H45N6O8+		0.737	108.374	108.374	0.000	31	0.791	1.946	2.560	4.595		557.332	176	2.928	879664201617638424	879663923413648314	879663923409454009	12664	
1	C15H19Br3N2O6S	[M + Na]+	C15H19Br3N2NaO6S+		0.988	77.293	77.293	0.000	31	0.826	0.202	2.275	5.344		614.844	189	3.144	879664951819240578	879663921157112722	879663921148724113	5212	
1	C45H62N6O9	[M + H]+	C45H63N6O9+		0.792	85.818	85.818	0.000	27	0.776	1.233	1.946	-0.366		831.465	224	3.728	879665414836847798	879663922885166002	879663922880971697	11091	
1	C17H17N3O3	[M + H]+	C17H18N3O3+		0.450	44.582	44.582	0.000	10	0.725	-0.026	1.688	-1.819		312.134	236	3.935	879664916356400246	879663922474124202	879663922469929897	9489	
1	C27H28Br2IN3O6	[M + H]+	C27H29Br2IN3O6+		0.294	55.375	55.375	0.000	23	0.722	1.868	2.048	-5.070		775.942	257	4.282	879664898211841131	879663922268603302	879663922260214693	8677	
1	C16H23F3N6O6	[M + H]+	C16H24F3N6O6+		0.258	18.404	18.404	0.000	3	0.237	10.213	10.213	-4.620		453.168	383	6.391	879665215091508366	879663924927792094	879663924923597789	28219	
1	C31H64O5	[M + H]+	C31H65O5+		0.606	8.268	8.268	0.000	2	0.751	-5.545	5.545	8.210		517.487	428	7.140	879665394070848687	879663924747437014	879663924743242709	21838	
1	C32H61B10N3O9	[M + Na]+	C32H61B10N3NaO9+		0.433	112.681	112.681	0.000	23	0.667	1.843	1.921	2.821		754.562	476	7.927	879665341038068900	879663919605220218	879663919601025913	2197	
1	C39H79N3O6Si2	[M + H]+	C39H80N3O6Si2+		0.215	13.012	13.012	0.000	5	0.456	-2.557	2.988	0.516		742.558	486	8.102	879665496848073930	879663924063765446	879663924059571141	15428	
1	C20H37NO	[M + H]+	C20H38NO+		1.000	237.309	237.309	0.000	44	0.886	1.325	1.524	3.596		308.296	490	8.171	879665419744183489	879663923879216066	879663923870827457	14529	
1	C26H33N3O5S2	[M + Na]+	C26H33N3NaO5S2+		0.715	31.448	31.448	0.000	19	0.750	-0.446	2.791	2.375		554.177	496	8.263	879666062596773748	879663919290647414	879663919282258805	1652	
1	C40H77NO8	[M + K]+	C40H77KNO8+		0.967	49.333	49.333	0.000	12	0.620	2.838	4.357	-1.728		738.527	506	8.425	879665513373631700	879663924948763618	879663924944569313	33385	
1	C8H6Cl3F3N2O3	[M + Na]+	C8H6Cl3F3N2NaO3+		0.110	17.598	17.598	0.000	4	0.973	-9.174	9.174	-3.115		362.928	643	10.718	879665538724005096	879663920687350666	879663920683156361	4073	
1	C6H2BrFN2O4	[M + Na]+	C6H2BrFN2NaO4+		0.445	14.003	14.003	0.000	3	0.140	-0.342	2.624	0.287		286.908	646	10.770	879665526149481694	879663924592247762	879663924588053457	19764	
1	C4H5Cl3FNO2S2	[M + H]+	C4H6Cl3FNO2S2+		0.255	13.649	13.649	0.000	5	0.163	-3.064	3.648	4.487		287.890	653	10.883	879665665882719487	879663923665306558	879663923656917949	13578	
1	C14H20N6O6	[M + H]+	C14H21N6O6+		0.682	140.575	140.575	0.000	52	0.992	1.406	2.056	-8.151		369.149	38	0.634	879666396398006194	879666257839173436	879666257830784827	4667	
1	C10H18N2O5	[M + Na]+	C10H18N2NaO5+		0.998	68.318	68.318	0.000	23	0.826	1.837	1.877	0.400		269.111	40	0.675	879666319017291687	879666260192178020	879666260187983715	11888	
1	C28H51N7O7	[M + H]+	C28H52N7O7+		0.996	119.003	119.003	0.000	33	0.852	1.422	2.056	1.548		598.393	47	0.790	879666803014807607	879666258841612108	879666258833223499	7061	
1	C12H17N5O4	[M + H]+	C12H18N5O4+		1.000	68.004	68.004	0.000	13	0.956	2.040	2.276	0.910		296.136	60	0.999	879666660790153251	879666261203005304	879666261194616695	16619	
1	C25H41N7O10	[M + H]+	C25H42N7O10+		0.933	79.055	79.055	0.000	24	0.845	1.856	2.330	3.387		600.301	79	1.318	879666480867094500	879666259558838104	879666259554643799	9494	
1	C18H28N6O7	[M + H]+	C18H29N6O7+		0.905	102.568	102.568	0.000	39	0.948	1.173	1.633	-8.666		441.205	87	1.452	879666431068123078	879666262025088912	879666262020894607	33410	
1	C13H23N3O6	[M + H]+	C13H24N3O6+		1.000	116.085	116.085	0.000	35	0.655	1.282	2.747	-6.166		318.164	90	1.504	879666500873924590	879666256052399908	879666256044011299	1657	
1	C34H55N7O13	[M + H]+	C34H56N7O13+		0.421	30.973	30.973	0.000	14	0.946	1.730	1.939	0.050		770.393	106	1.770	879666695007285293	879666261790207876	879666261786013571	21841	
1	C18H30N4O7	[M + H]+	C18H31N4O7+		1.000	153.197	153.197	0.000	48	0.971	0.469	1.773	-3.193		415.217	116	1.929	879666623783809038	879666259336539988	879666259332345683	8689	
1	C27H47N5O7S	[M + H]+	C27H48N5O7S+		0.999	165.433	165.433	0.000	48	0.911	2.579	2.579	1.030		586.328	125	2.085	879667267773050968	879666255146430236	879666255091904283	172	
1	C10H17N3O4	[M + H]+	C10H18N3O4+		1.000	55.261	55.261	0.000	15	0.787	1.183	1.568	2.939		244.130	147	2.455	879666406258814908	879666255658135328	879666255645552415	1019	
1	C45H65N5O17	[M + H]+	C45H66N5O17+		0.524	16.880	16.880	0.000	9	0.951	0.057	2.581	3.562		948.448	147	2.456	879666473921327066	879666258099220288	879666258090831679	5213	
1	C14H29N3O5	[M + Na]+	C14H29N3NaO5+		0.968	48.329	48.329	0.000	15	0.988	-0.301	2.160	9.814		342.203	154	2.559	879666635192315928	879666259097464656	879666259084881743	7884	
1	C16H27N3O5S	[M + H]+	C16H28N3O5S+		1.000	173.675	173.675	0.000	51	0.886	2.350	2.542	-2.187		374.174	162	2.697	879666576539168761	879666261593075584	879666261588881279	19768	
1	C6H4Br3NO4	[M + Na]+	C6H4Br3NNaO4+		0.833	0.391	0.391	0.000	0	0.000			-2.090		413.757	178	2.964	879666811868983371	879666256408915752	879666256400527143	2203	
1	C38H50N6O6	[M + H]+	C38H51N6O6+		0.934	63.240	63.240	0.000	23	0.866	0.278	1.853	0.204		687.387	198	3.293	879666807259443265	879666257025478448	879666257017089839	3132	
1	C33H44O6	[M + Na]+	C33H44NaO6+		1.000	49.111	49.111	0.000	17	0.727	-6.485	6.503	0.340	TG(12:3_9:3_9:3)	559.303	214	3.560	879666322062356401	879666258598342472	879666258589953863	6352	
1	C31H57N13O9	[M + Na]+	C31H57N13NaO9+		0.261	58.500	58.500	0.000	18	0.743	1.705	1.945	-1.337		778.428	256	4.272	879666444053688272	879666261395943292	879666261387554683	17850	
1	C16H27N3O5	[M + H]+	C16H28N3O5+		0.962	60.839	60.839	0.000	15	0.485	2.218	2.825	5.706		342.204	421	7.024	879666596768296963	879666261970562952	879666261966368647	24624	
1	C18H38O5	[M + H]+	C18H39O5+		0.968	226.943	226.943	0.000	41	0.863	2.193	2.298	0.296		335.279	430	7.159	879666876067000398	879666260389310312	879666260385116007	12668	
1	C17H27N3O8S2	[M + H]+	C17H28N3O8S2+		0.965	62.572	62.572	0.000	22	0.800	-1.063	2.825	-1.144		466.131	475	7.917	879667685467011613	879666261999923084	879666261995728779	28249	
1	C42H79NO7	[M + Na]+	C42H79NNaO7+		0.999	58.846	58.846	0.000	13	0.614	5.474	5.474	-1.330		732.574	475	7.924	879667462015463570	879666256727682860	879666256719294251	2696	
1	C64H101N11O19	[M + H]+	C64H102N11O19+		0.259	18.351	18.351	0.000	5	0.214	-1.480	1.584	-2.857		1328.731	481	8.013	879668606209015906	879666260590636908	879666260586442603	13579	
1	C25H53NO9	[M + H]+	C25H54NO9+		0.858	38.537	38.537	0.000	14	0.769	4.242	4.638	-1.774		512.378	483	8.053	879667577874725394	879666261005873012	879666261001678707	15429	
1	C22H49B6NO4Si	[M + H]+	C22H50B6NO4Si+		0.293	39.176	39.176	0.000	11	0.903	-6.357	7.382	-3.922		480.426	486	8.101	879667690500176423	879666257566543672	879666257558155063	4089	
1	C43H73N9O2	[M + H]+	C43H74N9O2+		0.663	10.540	10.540	0.000	4	0.157	2.378	3.868	-6.411		748.591	508	8.460	879667722402052657	879666259999240032	879666259990851423	11110	
1	C31H49B9N4O7	[M + H]+	C31H50B9N4O7+		0.681	38.850	38.850	0.000	11	0.548	-3.843	4.556	-1.667		680.483	601	10.024	879667788219072274	879666259789524828	879666259781136219	10259	
1	C41H75NO9	[M + H]+	C41H76NO9+		0.985	93.166	93.166	0.000	29	0.807	2.637	3.166	6.112		726.556	639	10.654	879667766324804155	879666260804546416	879666260791963503	14534	
1	C61H88F3N13O10	[M + H]+	C61H89F3N13O10+		0.459	39.012	39.012	0.000	10	0.349	-2.222	2.222	-0.325		1220.680	643	10.710	879668472104534101	879666258350878532	879666258342489923	5757	
1	C8H7IN2O2	[M + Na]+	C8H7IN2NaO2+		0.965	49.438	49.438	0.000	14	0.496	-5.260	5.260	-4.302		312.943	656	10.939	879667575634967047	879666257306496820	879666257302302515	3607	
1	C22H35N5O11	[M + H]+	C22H36N5O11+		0.999	88.307	88.307	0.000	27	0.959	1.173	1.435	0.580		546.241	44	0.736	879670260729854099	879668774759250019	879668774755055714	21881	
1	C13H15Br3ClN3O4S	[M + H]+	C13H16Br3ClN3O4S+		1.000	131.210	131.210	0.000	24	0.619	1.005	1.350	10.197		581.815	128	2.133	879671417091078382	879668769419900939	879668769411512330	2702	
1	C27H39N5O8	[M + H]+	C27H40N5O8+		0.680	106.881	106.881	0.000	29	0.891	1.916	2.177	5.620		562.290	132	2.197	879668943626123398	879668770883713055	879668770879518750	5225	
1	C35H51N7O9	[M + H]+	C35H52N7O9+		0.637	150.724	150.724	0.000	51	0.980	0.991	1.482	-5.463		714.378	169	2.811	879672197382617413	879668769080162311	879668769071773702	2205	
1	C40H49N5O11	[M + H]+	C40H50N5O11+		0.979	85.771	85.771	0.000	35	0.969	0.278	1.739	2.017		776.352	170	2.827	879671936899561762	879668769734473743	879668769726085134	3137	
1	C2HNO2P2S7	[M + K]+	C2HKNO2P2S7+		0.462	-3.079	-3.079	0.000	0	0.000			-14.674		395.710	217	3.624	879672170069309740	879668770334259223	879668770325870614	4091	
1	C42H86N4O2	[M + H]+	C42H87N4O2+		1.000	79.261	79.261	0.000	31	0.822	-0.411	8.197	4.775		679.686	225	3.748	879672177954601270	879668774360791131	879668774356596826	17875	
1	C49H40As2N8O16	[M + H]+	C49H41As2N8O16+		0.283	22.554	22.554	0.000	21	0.790	3.180	3.224	-3.658		1147.103	226	3.762	879670571372591271	879668773744228431	879668773735839822	14536	
1	C13H19Br4N3O4	[M + H]+	C13H20Br4N3O4+		0.965	35.817	35.817	0.000	16	0.708	1.199	1.360	-12.848		597.811	227	3.786	879671152292083901	879668771424778279	879668771416389670	6355	
1	C38H67N9O15	[M + H]+	C38H68N9O15+		0.361	65.610	65.610	0.000	22	0.867	0.740	1.668	-1.167		890.482	230	3.837	879670447120529565	879668767775733755	879668767721207802	177	
1	C56H64N4O7	[M + H]+	C56H65N4O7+		0.505	72.176	72.176	0.000	24	0.863	0.760	1.216	1.903		905.487	232	3.863	879671749540002072	879668773953943635	879668773945555026	15432	
1	C6H11Br3ClN3O2	[M + Na]+	C6H11Br3ClN3NaO2+		0.898	34.140	34.140	0.000	6	0.561	2.969	2.969	2.188		451.799	236	3.939	879671159946688712	879668774163658839	879668774159464534	16640	
1	C58H86N16O15	[M + H]+	C58H87N16O15+		0.419	78.760	78.760	0.000	15	0.575	0.135	1.853	-0.427		1247.653	237	3.956	879671214527166670	879668772615960635	879668772607572026	10267	
1	C10H9I2NO4	[M + K]+	C10H9I2KNO4+		0.883	18.875	18.875	0.000	4	0.358	4.901	4.901	3.077		499.827	248	4.136	879670583359912114	879668772850841663	879668772842453054	11111	
1	C51H80N10O15	[M + H]+	C51H81N10O15+		0.395	66.020	66.020	0.000	14	0.540	-0.852	1.653	-5.159		1073.582	249	4.142	879671254935091416	879668773303826503	879668773295437894	12669	
1	C30H46N4O9	[M + H]+	C30H47N4O9+		0.747	103.329	103.329	0.000	28	0.727	0.830	1.256	3.696		607.336	251	4.186	879671438448474360	879668774947993703	879668774943799398	24631	
1	C31H39I3N6O7	[M + H]+	C31H40I3N6O7+		0.233	88.344	88.344	0.000	25	0.717	1.264	2.023	1.498		989.010	254	4.236	879671538432293122	879668774973159531	879668774968965226	28259	
1	C35H49I3N4O8	[M + H]+	C35H50I3N4O8+		0.394	28.978	28.978	0.000	11	0.660	2.545	2.545	-5.831		1035.070	289	4.818	879671403853854947	879668774562117727	879668774553729118	19784	
1	C27H47NO6	[M + H]+	C27H48NO6+		1.000	45.865	45.865	0.000	7	0.834	3.073	3.073	3.079		482.349	396	6.608	879671554244819213	879668771160537123	879668771152148514	5758	
1	C26H49N2O4	[M + H]+	C26H50N2O4+		0.989	46.480	46.480	0.000	14	0.894	0.208	5.256	-3.762		454.375	442	7.366	879672205234354512	879668773521930315	879668773517736010	13592	
1	C47H78O5	[M + H3N + H]+	C47H82NO5+		1.000	248.908	248.908	0.000	51	0.934	1.715	2.126	10.058	DG(26:6_18:1)	740.626	487	8.111	879672199559461199	879668775002519663	879668774998325358	33446	
1	C36H62O9	[M + H]+	C36H63O9+		0.784	73.128	73.128	0.000	11	0.739	9.411	9.411	11.948		639.454	502	8.373	879672254395791717	879668772150392883	879668772146198578	8693	
1	C32H58N4O7	[M + H]+	C32H59N4O7+		0.976	54.689	54.689	0.000	14	0.778	1.383	2.080	-12.310		611.430	503	8.384	879672313472563569	879668772381079607	879668772376885302	9496	
1	C7H9NO5	[M + K]+	C7H9KNO5+		0.769	92.427	92.427	0.000	28	0.903	-1.003	11.274	4.732		226.012	648	10.802	879672227875207515	879668771911317551	879668771902928942	7886	
1	C16H20N4O4	[M + H]+	C16H21N4O4+		0.983	90.485	90.485	0.000	25	0.927	1.328	1.628	-2.196		333.155	43	0.715	879673543689372678	879673502606164879	879673502597776270	3139	
1	C22H39N7O9	[M + H]+	C22H40N7O9+		0.935	167.754	167.754	0.000	50	0.950	0.897	1.854	7.867		546.293	55	0.920	879673822962910245	879673502014767999	879673502002185086	1032	
1	C11H17FN2O5	[M + H]+	C11H18FN2O5+		1.000	132.996	132.996	0.000	27	0.322	-3.816	5.388	-0.817		277.119	73	1.224	879675108600972377	879673503981896643	879673503977702338	11892	
1	C21H28FN3O7	[M + H]+	C21H29FN3O7+		0.346	69.463	69.463	0.000	22	0.747	1.248	2.857	-7.497		454.195	85	1.422	879676204220286156	879673504950780903	879673504946586598	24654	
1	C15H19N3O6S2	[M + H]+	C15H20N3O6S2+		0.839	124.284	124.284	0.000	34	0.896	1.194	1.373	-6.973		402.076	93	1.549	879673590204204048	879673504996918255	879673504992723950	33447	
1	C19H33N3O5Si	[M + H]+	C19H34N3O5Si+		0.643	135.991	135.991	0.000	42	0.960	0.929	1.449	-4.668		412.224	130	2.171	879674386220188749	879673504594265051	879673504590070746	17887	
1	C35H50N4O12	[M + H]+	C35H51N4O12+		0.999	191.805	191.805	0.000	46	0.939	1.153	2.168	-3.614		719.347	132	2.193	879676362945332461	879673502476141451	879673502467752842	2704	
1	C7H13Br4FN2O3	[M + H]+	C7H14Br4FN2O3+		1.000	74.506	74.506	0.000	17	0.387	0.442	3.168	-8.541		508.767	132	2.207	879673917309584441	879673503059149727	879673503054955422	5228	
1	C22H36N4O6S	[M + Na]+	C22H36N4NaO6S+		0.521	131.634	131.634	0.000	48	0.940	1.117	2.616	1.229		507.225	140	2.340	879675409106076793	879673503281447847	879673503277253542	6366	
1	C31H48N10O7	[M + H]+	C31H49N10O7+		0.836	123.702	123.702	0.000	53	0.971	-0.024	1.635	-4.782		673.375	159	2.650	879673909902443567	879673504195806155	879673504191611850	13595	
1	C22H32N4O5	[M + H]+	C22H33N4O5+		0.727	58.412	58.412	0.000	18	0.938	1.008	1.660	2.893		433.246	168	2.793	879675189781726319	879673504078365639	879673504074171334	12671	
1	C35H51N11O7	[M + H]+	C35H52N11O7+		0.703	126.211	126.211	0.000	35	0.868	0.862	1.809	-3.886		738.402	176	2.926	879674330960233539	879673503164007331	879673503159813026	5771	
1	C43H62N6O11	[M + H]+	C43H63N6O11+		0.816	98.610	98.610	0.000	35	0.926	-0.141	1.330	-13.858		839.443	178	2.963	879675181393118309	879673501746332539	879673501716972410	188	
1	C18H39NO3	[M + H]+	C18H40NO3+		1.000	31.336	31.336	0.000	6	0.832	3.252	3.252	2.606		318.301	269	4.489	879675409936548995	879673503495357359	879673503491163054	7894	
1	C14H26Br4N4O3	[M + H]+	C14H27Br4N4O3+		0.672	54.077	54.077	0.000	9	0.678	0.057	0.967	-3.441		614.879	271	4.513	879673621174944794	879673504300663759	879673504292275150	14541	
1	C84H96N4O9	[M + H]+	C84H97N4O9+		0.803	68.273	68.273	0.000	16	0.694	1.224	1.424	12.325		1305.741	276	4.598	879676110108492949	879673502941709211	879673502933320602	4671	
1	C12H24N2O5	[M + H]+	C12H25N2O5+		0.970	32.110	32.110	0.000	7	0.028	2.437	2.437	10.108		277.179	339	5.655	879676161165755562	879673503587632051	879673503583437746	8700	
1	C57H87B2N3O11	[M + H]+	C57H88B2N3O11+		0.463	33.534	33.534	0.000	16	0.784	3.955	4.577	-0.802		1010.666	395	6.589	879676154580698271	879673502715216787	879673502711022482	3616	
1	C8H18O5	[M + H]+	C8H19O5+		0.714	4.500	4.500	0.000	0	0.000			1.537		195.123	459	7.653	879675411362612362	879673504682345439	879673504678151134	19811	
1	C18H38O4	[M + H]+	C18H39O4+		1.000	69.769	69.769	0.000	13	0.825	1.447	1.455	-1.836		319.284	460	7.664	879676163946579127	879673503885427647	879673503881233342	11113	
1	C44H83N3O5	[M + H]+	C44H84N3O5+		1.000	86.178	86.178	0.000	26	0.705	2.351	2.467	9.461		734.648	507	8.452	879676192455263425	879673504808174563	879673504803980258	21913	
1	C45H65N3O7	[M + H]+	C45H66N3O7+		0.523	15.602	15.602	0.000	3	0.294	6.210	6.210	6.407		760.494	642	10.696	879676302480245974	879673504405521363	879673504401327058	15442	
1	C18H23Br4N5O5	[M + H]+	C18H24Br4N5O5+		0.706	28.290	28.290	0.000	7	0.427	5.897	5.897	1.780		705.852	645	10.754	879676340828767458	879673504975946731	879673504971752426	28305	
1	C6H9Cl2N2O3	[M + H]+	C6H10Cl2N2O3+		0.995	103.938	103.938	0.000	37	0.891	3.124	10.258	3.952		228.007	648	10.803	879676516112925944	879673504497796055	879673504493601750	16668	
1	C9H8BrFN2O2	[M + Na]+	C9H8BrFN2NaO2+		0.529	29.586	29.586	0.000	14	0.775	1.720	6.674	13.676		296.969	656	10.930	879676545213007121	879673503688295351	879673503688295350	9505	
1	C6H16N8O2	[M + H]+	C6H17N8O2+		0.324	30.544	30.544	0.000	4	0.866	3.374	3.374	-5.139		233.146	67	1.117	879677632154313514	879676677698495089	879676677690106480	2707	
1	C12H18I2N4O6	[M + H]+	C12H19I2N4O6+		0.642	159.165	159.165	0.000	30	0.693	1.502	1.659	4.646		568.942	103	1.712	879678432670786410	879676677807546997	879676677803352692	3142	
1	C12H22N2O6	[M + H]+	C12H23N2O6+		1.000	52.938	52.938	0.000	17	0.943	1.868	1.868	2.188		291.156	106	1.764	879676703103394540	879676679367828157	879676679363633852	16678	
1	C29H69N9O4	[M + H]+	C29H70N9O4+		1.000	81.446	81.446	0.000	36	0.916	1.015	1.155	6.034		608.558	120	1.996	879677382874243872	879676677316813413	879676677312619108	1033	
1	C33H46N8O11	[M + H]+	C33H47N8O11+		0.645	54.406	54.406	0.000	19	0.741	3.018	3.018	0.026		731.336	134	2.225	879677637275558709	879676679116169905	879676679116169904	13597	
1	C21H39N3O4S	[M + H]+	C21H40N3O4S+		0.563	65.457	65.457	0.000	25	0.991	0.862	1.244	5.568		430.276	135	2.246	879676706324620022	879676678705128093	879676678700933788	9506	
1	C32H26O25	[M + Na]+	C32H26NaO25+		0.862	14.679	14.679	0.000	2	0.722	9.693	9.693	1.876		833.067	137	2.282	879677214108033804	879676679028089517	879676679028089516	12675	
1	C10H20N4O2	[M + H]+	C10H21N4O2+		0.996	21.597	21.597	0.000	4	0.974	0.732	0.829	0.863		229.166	147	2.447	879678612698702729	879676679288136377	879676679283942072	15450	
1	C47H76N14O17	[M + H]+	C47H77N14O17+		0.800	38.892	38.892	0.000	14	0.844	0.894	1.423	3.638		1109.563	149	2.482	879679532031419306	879676678084371073	879676678080176768	4672	
1	C39H50N6O9	[M + H]+	C39H51N6O9+		0.450	140.389	140.389	0.000	39	0.848	1.145	1.391	-0.139		747.371	152	2.536	879677344219538198	879676678449275537	879676678445081232	7085	
1	C35H51N5O7	[M + H]+	C35H52N5O7+		0.947	138.065	138.065	0.000	48	0.928	0.873	1.867	-4.471		654.383	174	2.905	879676938068304641	879676678864511653	879676678860317348	11121	
1	C32H54N6O12	[M + H]+	C32H55N6O12+		0.995	132.550	132.550	0.000	41	0.844	0.862	1.149	0.073		715.387	180	3.006	879677885897122623	879676678625436313	879676678621242008	8726	
1	C30H37N5O7	[M + H]+	C30H38N5O7+		0.501	75.171	75.171	0.000	18	0.869	1.149	1.495	7.453		580.281	189	3.152	879678611696264063	879676679439131329	879676679434937024	17903	
1	C55H78N6O6S2	[M + Na]+	C55H78N6NaO6S2+		0.256	32.039	32.039	0.000	8	0.297	2.121	5.064	6.318		1005.538	220	3.664	879678540116271989	879676678256337545	879676678252143240	5776	
1	C49H90N14O17	[M + K]+	C49H90KN14O17+		0.344	32.697	32.697	0.000	10	0.409	2.270	2.270	7.932		1185.633	226	3.767	879678370586698581	879676679208444597	879676679200055988	14547	
1	C14H14FN3O3	[M + H]+	C14H15FN3O3+		0.784	30.793	30.793	0.000	14	0.788	0.074	4.519	-6.148		292.107	229	3.816	879677897372738377	879676678537355925	879676678537355924	7896	
1	C20H23N	[M + H]+	C20H24N+		0.939	49.382	49.382	0.000	16	0.945	-0.140	1.113	0.625		278.191	292	4.862	879678374646784863	879676677899821689	879676677899821688	3617	
1	C48H94N2O8	[M + H]+	C48H95N2O8+		0.677	32.086	32.086	0.000	7	0.682	1.062	3.435	1.698		827.710	428	7.131	879678956182840213	879676678784819873	879676678780625568	10275	
1	C31H50O6	[M + H]+	C31H51O6+		0.394	22.819	22.819	0.000	2	0.639	-1.110	2.700	0.355		519.368	446	7.425	879678968203715488	879676679510434501	879676679506240196	19834	
1	C27H51NO6	[M + H]+	C27H52NO6+		0.930	111.312	111.312	0.000	26	0.864	2.291	2.291	-0.853		486.379	455	7.577	879679832666547125	879676677992096381	879676677987902076	4095	
1	C44H83NO7	[M + H]+	C44H84NO7+		1.000	76.041	76.041	0.000	20	0.776	1.843	2.128	-0.041		738.624	488	8.131	879679892972250091	879676679694983893	879676679694983892	33476	
1	C34H63NO4	[M + H]+	C34H64NO4+		0.934	106.218	106.218	0.000	25	0.768	2.085	2.916	0.207		550.483	550	9.161	879679902157775862	879676679594320585	879676679590126280	21965	
1	C38H77BN8O8	[M + H]+	C38H78BN8O8+		0.301	13.562	13.562	0.000	8	0.221	2.055	2.181	-0.318		784.606	574	9.565	879679921577404305	879676679682400977	879676679682400976	28328	
1	C37H70NO8P	[M + Na]+	C37H70NNaO8P+		1.000	41.849	41.849	0.000	10	0.592	2.799	2.799	4.046		710.476	639	10.655	879679909711718232	879676679665623757	879676679665623756	24681	
1	C42H76NO8P	[M + H]+	C42H77NO8P+		1.000	125.278	125.278	0.000	30	0.733	1.726	2.065	5.260		754.542	641	10.686	879679911586572176	879676678352806541	879676678352806540	6379	
1	C9H17NO5	[M + H]+	C9H18NO5+		1.000	118.572	118.572	0.000	23	0.660	1.459	2.984	2.048		220.118	35	0.585	879681526734135119	879680240223657603	879680240215268994	5230	
1	C14H23N3O6S	[M + H]+	C14H24N3O6S+		1.000	49.190	49.190	0.000	16	0.966	2.029	2.236	3.499		362.139	84	1.393	879681524829921093	879680241154793119	879680241150598814	10294	
1	C16H29N3O5	[M + H]+	C16H30N3O5+		1.000	102.382	102.382	0.000	27	0.871	2.413	2.413	-1.155		344.218	89	1.489	879680281969565428	879680241393868455	879680241389674150	11905	
1	C17H23N3O5	[M + H]+	C17H24N3O5+		0.947	73.601	73.601	0.000	19	0.825	1.643	2.020	3.577		350.172	90	1.505	879680279075495658	879680242647965387	879680242643771082	24682	
1	C21H36N6O7	[M + H]+	C21H37N6O7+		1.000	97.863	97.863	0.000	29	0.951	1.233	1.422	-0.874		485.271	91	1.523	879680295773019903	879680242203369155	879680242199174850	19851	
1	C57H68N12O10	[M + H]+	C57H69N12O10+		0.741	82.509	82.509	0.000	27	0.720	2.625	2.814	-4.635		1081.520	101	1.686	879681306294099751	879680240076856959	879680240072662654	4678	
1	C43H58N6O12	[M + H]+	C43H59N6O12+		0.317	56.318	56.318	0.000	23	0.840	0.385	1.773	-1.818		851.417	120	1.996	879681519444434747	879680239263161963	879680239258967658	2221	
1	C29H43N5O8	[M + Na]+	C29H43N5NaO8+		0.480	218.272	218.272	0.000	56	0.982	-0.219	2.736	-2.097		612.299	131	2.178	879681509696872241	879680239619677811	879680239615483506	3146	
1	C8H16Br3FN2O2	[M + H]+	C8H17Br3FN2O2+		1.000	67.432	67.432	0.000	13	0.436	0.469	1.468	10.565		428.886	136	2.272	879680329738493715	879680239930056315	879680239925862010	4096	
1	C20H32N4O7	[M + H]+	C20H33N4O7+		0.945	66.149	66.149	0.000	10	0.954	0.599	0.941	-1.532		441.234	141	2.349	879680300453863177	879680242664742607	879680242660548302	28380	
1	C27H38N8O8	[M + Na]+	C27H38N8NaO8+		0.669	55.443	55.443	0.000	17	0.870	2.023	2.056	0.510		625.271	142	2.364	879680561515732765	879680241272233635	879680241268039330	11137	
1	C27H42N6O5S	[M + H]+	C27H43N6O5S+		0.723	63.093	63.093	0.000	25	0.987	1.250	1.636	-10.857		563.295	153	2.558	879681597135527781	879680238554324575	879680238520770142	197	
1	C21H35N5O5	[M + H]+	C21H36N5O5+		1.000	84.137	84.137	0.000	25	0.810	1.580	1.651	0.694		438.271	161	2.677	879682895557828506	879680241741995699	879680241733607090	14551	
1	C14H7Br3F3N3O4	[M + H]+	C14H8Br3F3N3O4+		1.000	17.253	17.253	0.000	4	0.123	0.565	0.894	-12.249		575.794	172	2.865	879681529699508058	879680240647282319	879680240643088014	7089	
1	C34H62N12O10	[M + H]+	C34H63N12O10+		0.993	91.338	91.338	0.000	36	0.892	-0.208	0.905	-2.580		799.476	243	4.048	879683142933685911	879680241033158299	879680241028963994	9521	
1	C35H70O4	[M + H]+	C35H71O4+		0.599	9.314	9.314	0.000	2	0.665	-0.553	10.957	-12.578		555.528	331	5.515	879681601187225455	879680240907329175	879680240903134870	8730	
1	C17H31NO5	[M + H]+	C17H32NO5+		1.000	90.504	90.504	0.000	25	0.857	1.406	1.780	-0.301		330.227	340	5.674	879682871415414664	879680241511308971	879680241507114666	12682	
1	C25H40N6O8	[M + H]+	C25H41N6O8+		0.875	16.089	16.089	0.000	6	0.321	0.154	2.255	1.195		553.299	437	7.278	879682900129619876	879680241855241911	879680241851047606	15466	
1	C16H22N3O	[M + H]+	C16H23N3O+		0.798	47.877	47.877	0.000	11	0.583	4.969	4.969	3.793		273.185	448	7.474	879682867728621437	879680242090122943	879680242085928638	17928	
1	C22H41NO	[M + H]+	C22H42NO+		1.000	260.920	260.920	0.000	46	0.863	1.428	1.856	3.594		336.327	472	7.864	879682871587381138	879680241972682427	879680241968488122	16687	
1	C19H41N3O4	[M + H]+	C19H42N3O4+		0.970	14.010	14.010	0.000	5	0.389	5.533	5.533	2.170		376.318	491	8.177	879683024880805087	879680241620360879	879680241620360878	13599	
1	C47H80O5	[M + Na]+	C47H80NaO5+		1.000	3.976	3.976	0.000	2	0.094	10.186	10.186	4.018	DG(27:0_17:6)	747.593	505	8.414	879683025447036138	879680240781500051	879680240777305746	7898	
1	C44H78N6O5	[M + H]+	C44H79N6O5+		1.000	118.427	118.427	0.000	36	0.817	1.417	2.163	-1.096		771.610	534	8.907	879683076097451648	879680242543107783	879680242538913478	21972	
1	C43H69N5O5	[M + H]+	C43H70N5O5+		0.145	13.356	13.356	0.000	5	0.214	3.754	3.754	3.738		736.540	638	10.634	879683087577261708	879680242677325523	879680242677325522	33482	
1	C48H71N3O4	[M + H]+	C48H72N3O4+		0.959	176.494	176.494	0.000	35	0.811	2.045	2.298	-0.310		754.552	640	10.659	879683250693750209	879680240366263943	879680240362069638	5791	
1	C13H25N3O6	[M + K]+	C13H25KN3O6+		1.000	195.331	195.331	0.000	47	0.859	0.988	1.831	-3.054		358.136	49	0.810	879686728194798586	879683425494971147	879683425490776842	7907	
1	C14H27N3O6	[M + H]+	C14H28N3O6+		1.000	259.905	259.905	0.000	51	0.977	2.127	2.173	4.003		334.199	50	0.827	879683630768403318	879683427088806695	879683427080418086	13602	
1	C42H86N4O2	[M + H]+	C42H87N4O2+		1.000	84.930	84.930	0.000	36	0.845	-0.439	3.742	2.421		679.684	61	1.016	879683463457616738	879683421967561435	879683421950784218	1040	
1	C12H21N4O3	[M + H]+	C12H22N4O3+		0.760	77.987	77.987	0.000	25	0.710	0.939	1.440	0.955		270.169	86	1.442	879685887484310495	879683428451955523	879683428447761218	24741	
1	C32H46N6O9	[M + H]+	C32H47N6O9+		0.989	207.243	207.243	0.000	57	0.979	1.528	1.758	-5.920		659.336	92	1.539	879685845289612235	879683422332465887	879683422324077278	1678	
1	C15H33N5O6	[M + Na]+	C15H33N5NaO6+		0.704	140.371	140.371	0.000	45	0.820	2.056	2.491	-9.210		402.229	94	1.560	879686825578148869	879683425234924295	879683425226535686	7096	
1	C17H24F3N3O4	[M + H]+	C17H25F3N3O4+		0.969	94.259	94.259	0.000	35	0.977	1.551	2.260	10.538		392.183	122	2.035	879683510723228524	879683423624311535	879683423615922926	3620	
1	C15H24FN3O7	[M + H]+	C15H25FN3O7+		0.905	73.224	73.224	0.000	30	0.925	-0.686	4.284	2.896		378.168	130	2.172	879684764304225175	879683427873141559	879683427868947254	17957	
1	C20H31N7O7	[M + Na]+	C20H31N7NaO7+		0.997	158.130	158.130	0.000	38	0.889	1.715	2.090	-14.115		504.211	132	2.197	879685058454959010	879683428502287179	879683428498092874	33486	
1	C19H25N3O4	[M + H]+	C19H26N3O4+		0.842	127.431	127.431	0.000	37	0.924	1.686	1.836	3.657		360.193	145	2.413	879685122749445036	879683424177959671	879683424169571062	4683	
1	C31H46N6O9	[M + H]+	C31H47N6O9+		0.597	145.059	145.059	0.000	48	0.876	0.571	1.544	-12.673		647.332	199	3.317	879684521403691916	879683423334904555	879683423326515946	3147	
1	C8H17Br4N5O4	[M + H]+	C8H18Br4N5O4+		0.989	48.983	48.983	0.000	28	0.748	5.104	5.104	0.747		563.809	210	3.499	879685132308263862	879683423901135603	879683423892746994	4097	
1	C39H53Br4N13O8	[M + H]+	C39H54Br4N13O8+		0.198	50.282	50.282	0.000	14	0.739	3.020	3.321	1.803		1148.097	227	3.778	879685835546244032	879683428066079547	879683428061885242	19860	
1	C40H50N6O4	[M + H]+	C40H51N6O4+		0.585	104.423	104.423	0.000	36	0.858	1.314	1.473	7.756		679.402	243	4.057	879683705871610754	879683428263211839	879683428259017534	22000	
1	C50H89N3O17S	[M + H]+	C50H90N3O17S+		0.900	51.744	51.744	0.000	14	0.753	1.729	1.843	4.104		1036.603	277	4.608	879686629226001387	879683424442200827	879683424433812218	5237	
1	C30H51O4	[M + Na]+	C30H51NaO4+		0.661	23.493	23.493	0.000	16	0.718	0.516	1.948	7.914		498.372	414	6.905	879685866273715157	879683421376164567	879683421321638614	216	
1	C22H48NO2	[M + H]+	C22H49NO2+		0.771	6.035	6.035	0.000	2	0.940	3.445	3.445	-13.304		359.371	446	7.440	879686631109243893	879683424962294531	879683424953905922	6399	
1	C12H16N4OS2	[M + H]+	C12H17N4OS2+		0.584	275.444	275.444	0.000	32	0.639	1.353	2.152	-3.129		297.083	449	7.484	879687211915490355	879683425729852175	879683425725657870	8739	
1	C18H36O3	[M + H]+	C18H37O3+		1.000	251.059	251.059	0.000	36	0.825	2.150	2.301	0.925		301.274	456	7.593	879687129820378130	879683427483071279	879683427478876974	15470	
1	C87H98N6O6	[M + H]+	C87H99N6O6+		0.958	71.670	71.670	0.000	26	0.775	1.936	2.757	-0.273		1323.762	479	7.988	879687853056804802	879683426870702883	879683426866508578	12683	
1	C33H67NO8	[M + Na]+	C33H67NNaO8+		0.999	62.776	62.776	0.000	14	0.729	3.752	5.239	1.291		628.477	480	8.002	879687188226061352	879683427285938987	879683427277550378	14554	
1	C32H61NO4	[M + H]+	C32H62NO4+		1.000	73.627	73.627	0.000	13	0.613	1.843	2.273	0.504		524.468	545	9.076	879687163907486749	879683427680203571	879683427676009266	16707	
1	C38H81N5O11	[M + H]+	C38H82N5O11+		0.700	11.322	11.322	0.000	5	0.172	2.805	2.805	6.073		784.605	633	10.550	879687490018820519	879683428477121351	879683428472927046	28403	
1	C10H22N4O4	[M + H]+	C10H23N4O4+		1.000	129.502	129.502	0.000	34	0.838	2.017	2.017	8.049		263.174	35	0.585	879688091551554119	879688044831201737	879688044827007432	3621	
1	C17H31N5O6	[M + H]+	C17H32N5O6+		0.996	119.087	119.087	0.000	38	0.908	1.739	1.947	4.201		402.236	35	0.587	879689360265599722	879688045217077717	879688045208689108	5239	
1	C10H19BN2O4	[M + Na]+	C10H19BN2NaO4+		0.983	90.456	90.456	0.000	26	0.840	1.449	3.612	-4.694		264.135	37	0.621	879688080235321916	879688043832957361	879688043803597232	218	
1	C8H18N3O2	[M + Na]+	C8H18N3NaO2+		0.731	109.343	109.343	0.000	19	0.665	0.862	3.129	-8.159		211.127	66	1.094	879688709716466321	879688046362122749	879688046357928444	12708	
1	C3H3Br3O2S	[M + K]+	C3H3Br3KO2S+		0.819	-1.219	-1.219	0.000	0	0.000			-0.118		378.704	75	1.258	879688873772473044	879688044399188413	879688044394994108	2233	
1	C26H44N6O13	[M + H]+	C26H45N6O13+		0.987	51.660	51.660	0.000	14	0.912	2.280	2.280	3.986		649.307	80	1.332	879688175722846823	879688045686839781	879688045682645476	7910	
1	C12H23N3O3	[M + H]+	C12H24N3O3+		1.000	86.946	86.946	0.000	23	0.907	2.051	2.463	2.641		258.182	82	1.361	879688643006061181	879688046857050633	879688046852856328	15487	
1	C29H44N4O4	[M + H]+	C29H45N4O4+		0.986	191.953	191.953	0.000	53	0.980	0.066	1.985	-4.349		513.341	108	1.803	879688633891838578	879688045573593569	879688045569399264	7099	
1	C15H23N2O3	[M + H]+	C15H24N2O3+		0.971	86.944	86.944	0.000	24	0.765	2.072	2.857	-4.440		280.177	109	1.815	879689332604164832	879688046701861381	879688046693472772	14560	
1	C15H25N3O5	[M + H]+	C15H26N3O5+		0.984	82.239	82.239	0.000	17	0.954	0.357	1.313	-1.820		328.186	122	2.034	879688106017708626	879688044545989057	879688044537600448	2716	
1	CBr2IN	[M + K]+	CBr2IKN+		1.000	-1.219	-1.219	0.000	0	0.000			-0.799		349.707	130	2.169	879688738518751911	879688045095442897	879688045091248592	4692	
1	C43H65N3O11	[M + H]+	C43H66N3O11+		0.488	94.877	94.877	0.000	35	0.885	1.640	1.868	1.641		800.471	210	3.499	879688699310398087	879688045791697385	879688045787503080	8745	
1	C30H49N9O11	[M + H]+	C30H50N9O11+		0.955	49.231	49.231	0.000	18	0.797	1.524	1.985	-8.324		712.357	240	3.995	879688813240277685	879688047544916509	879688047540722204	24808	
1	C31H45N7O5	[M + H]+	C31H46N7O5+		0.578	43.000	43.000	0.000	15	0.885	1.913	1.913	5.711		596.359	247	4.123	879688117946309213	879688046009801201	879688046005606896	10298	
1	C46H30Cl2N6O4	[M + K]+	C46H30Cl2KN6O4+		0.965	61.711	61.711	0.000	22	0.740	0.563	1.421	5.581		839.138	267	4.454	879689494307166990	879688047444253209	879688047440058904	22025	
1	C18H31NO2S	[M + H]+	C18H32NO2S+		1.000	141.334	141.334	0.000	30	0.869	2.085	2.218	1.144		326.215	358	5.961	879688726426573468	879688046508923393	879688046504729088	13605	
1	C19H38N2O3	[M + H]+	C19H39N2O3+		1.000	71.542	71.542	0.000	15	0.876	1.950	2.688	1.400		343.296	360	5.996	879688741299575466	879688047272286737	879688047268092432	17961	
1	C3H7BFNOS2	[M + H]+	C3H8BFNOS2+		1.000	33.852	33.852	0.000	10	0.642	-0.861	15.908	16.630		167.018	364	6.060	879688820911659712	879688047561693729	879688047561693728	28494	
1	C31H45N5O3	[M + H]+	C31H46N5O3+		0.819	89.445	89.445	0.000	25	0.752	1.856	2.298	-7.862		536.355	432	7.198	879688861457996490	879688046223710713	879688046219516408	11910	
1	C35H49NO2	[M + H]+	C35H50NO2+		0.434	47.758	47.758	0.000	12	0.666	2.109	3.278	9.477		516.389	464	7.739	879689368146696949	879688047180012045	879688047175817740	16710	
1	C16H34O3	[M + H]+	C16H35O3+		1.000	98.085	98.085	0.000	15	0.889	3.177	3.177	2.284		275.259	465	7.750	879689372001262336	879688046114658805	879688046110464500	11147	
1	C42H76O5	[M + Na]+	C42H76NaO5+		1.000	8.587	8.587	0.000	1	0.910	-0.369	0.369	-14.331	DG(21:0_18:3)	683.549	486	8.098	879689396047207179	879688045460347357	879688045456153052	6406	
1	C42H76O5	[M + Na]+	C42H76NaO5+		1.000	36.743	36.743	0.000	16	0.743	-0.369	10.785	3.809	DG(23:3_16:0)	683.561	486	8.102	879689472698112781	879688044701178309	879688044696984004	3148	
1	C27H43NO3	[M + H]+	C27H44NO3+		0.997	58.732	58.732	0.000	14	0.938	1.843	2.045	-2.023		430.331	498	8.294	879689550498264199	879688045909137901	879688045909137900	9541	
1	C4H4N2O3S	[M + Na]+	C4H4N2NaO3S+		1.000	47.559	47.559	0.000	18	0.847	6.471	9.566	12.658		182.986	654	10.905	879689564406576274	879688044097198517	879688044088809908	1042	
1	C5H8Cl2N2	[M + H]+	C5H9Cl2N2+		0.995	37.509	37.509	0.000	9	0.422	-12.540	12.540	-3.773		167.013	671	11.191	879689586841908380	879688047574276645	879688047570082340	33487	
1	C14H27N3O5	[M + H]+	C14H28N3O5+		1.000	159.109	159.109	0.000	39	0.954	1.744	2.038	-2.035		318.202	45	0.756	879689883470812535	879689835391505683	879689835387311378	9555	
1	CHNP2S8	[M + K]+	CHKNP2S8+		0.962	-4.107	-4.107	0.000	0	0.000			-9.248		383.695	46	0.759	879689869600249197	879689834917549319	879689834909160710	7103	
1	C32H48N8O7	[M + Na]+	C32H48N8NaO7+		0.826	153.968	153.968	0.000	54	0.994	0.802	2.704	-7.973		679.348	48	0.793	879690764933158294	879689832702956759	879689832665208022	221	
1	C11H22N4O3	[M + Na]+	C11H22N4NaO3+		1.000	57.041	57.041	0.000	18	0.805	1.856	1.868	-10.355		281.156	56	0.933	879689865502414178	879689836339418411	879689836326835498	14565	
1	C20H34N4O7	[M + H]+	C20H35N4O7+		0.977	51.372	51.372	0.000	14	0.961	1.047	1.387	-8.857		443.246	70	1.170	879690778388485536	879689834275820791	879689834271626486	4697	
1	C21H38N6O10	[M + Na]+	C21H38N6NaO10+		0.457	172.179	172.179	0.000	54	0.965	0.835	1.338	6.708		557.258	80	1.335	879690858990425525	879689833424377059	879689833420182754	2235	
1	C29H37N5O6	[M + H]+	C29H38N5O6+		0.839	46.479	46.479	0.000	17	0.963	1.250	1.250	0.072		552.282	86	1.437	879689886431991170	879689833604732135	879689833596343526	2717	
1	C11H14N4O5	[M + H]+	C11H15N4O5+		0.993	59.589	59.589	0.000	20	0.893	2.056	3.216	9.198		283.106	93	1.549	879691112603211229	879689836914038071	879689836909843766	17967	
1	C9H9Cl8NO3S2	[M + H]+	C9H10Cl8NO3S2+		1.000	50.102	50.102	0.000	11	0.274	5.886	5.886	-7.796		523.756	112	1.872	879691096710993363	879689833948665071	879689833944470766	3631	
1	C12H15N3O3S	[M + H]+	C12H16N3O3S+		0.880	53.701	53.701	0.000	24	0.933	2.078	3.032	-3.151		282.090	128	2.126	879690797556454826	879689835555083543	879689835550889238	10301	
1	C28H38N6O7	[M + H]+	C28H39N6O7+		0.984	93.319	93.319	0.000	24	0.755	1.199	2.130	0.921		571.288	162	2.705	879690109875148172	879689836997924155	879689836993729850	19869	
1	C53H87N5O22	[M + H]+	C53H88N5O22+		0.516	45.520	45.520	0.000	16	0.713	1.246	2.715	-2.046		1146.589	227	3.785	879691808383718934	879689836029039907	879689836024845602	12734	
1	C7H11Br3ClN5O2S	[M + H]+	C7H12Br3ClN5O2S+		0.971	29.680	29.680	0.000	11	0.361	2.927	4.796	-12.926		501.788	247	4.113	879691120815658471	879689834745582851	879689834741388546	6407	
1	C29H43N5O6	[M + H]+	C29H44N5O6+		0.527	59.400	59.400	0.000	15	0.800	1.149	3.657	7.145		558.333	251	4.184	879691213073569278	879689837086004543	879689837081810238	22049	
1	C30H46N4O9	[M + H]+	C30H47N4O9+		0.545	94.282	94.282	0.000	25	0.800	1.199	1.542	3.037		607.336	251	4.190	879691090943825353	879689836180034855	879689836175840550	13607	
1	C21H34As4N4O9	[M + H]+	C21H35As4N4O9+		0.365	44.620	44.620	0.000	10	0.614	0.783	1.121	-4.119		786.923	252	4.203	879691015450547647	879689833776698603	879689833768309994	3151	
1	C18H30O3	[M + H]+	C18H31O3+		1.000	253.221	253.221	0.000	45	0.852	0.619	1.451	1.113		295.227	276	4.600	879691208883459572	879689837220222283	879689837220222282	33549	
1	C15H33NO2	[M + H]+	C15H34NO2+		1.000	39.567	39.567	0.000	8	0.502	3.915	4.194	4.973		260.260	303	5.052	879691214801622536	879689836825957683	879689836821763378	16719	
1	C28H47NO6	[M + H]+	C28H48NO6+		0.981	43.874	43.874	0.000	14	0.930	1.325	1.706	-5.896		494.345	417	6.948	879691228986758667	879689833025918171	879689833013335258	1043	
1	C23H47N7O4	[M + Na]+	C23H47N7NaO4+		0.699	26.817	26.817	0.000	8	0.820	2.806	3.702	2.806		508.360	432	7.202	879692536078685752	879689834431010043	879689834426815738	5240	
1	C24H40O5	[M + K]+	C24H40KO5+		1.000	264.122	264.122	0.000	53	0.953	2.085	2.468	3.952		447.253	437	7.276	879691933642413603	879689835236316431	879689835232122126	8746	
1	C15H28O8	[M + Na]+	C15H28NaO8+		0.553	13.808	13.808	0.000	2	0.114	0.872	0.872	-1.221		359.167	483	8.049	879691949610128941	879689835706078491	879689835701884186	11157	
1	C16H32N6O	[M + H]+	C16H33N6O+		0.588	12.284	12.284	0.000	4	0.067	3.328	5.222	-2.878		325.270	489	8.149	879692584300598885	879689836742071599	879689836737877294	15488	
1	C24H50N2O4	[M + H]+	C24H51N2O4+		0.991	164.806	164.806	0.000	27	0.755	1.843	2.085	-3.789		431.383	498	8.305	879692591602882159	879689835865462047	879689835861267742	11914	
1	C18H37NO	[M + H]+	C18H38NO+		0.999	4.321	4.321	0.000	1	0.061	-0.769	2.014	2.845		284.296	505	8.410	879692612511487609	879689835085321483	879689835076932874	7927	
1	C51H77NO2	[M + Na]+	C51H77NNaO2+		0.298	2.000	2.000	0.000	0	0.000			7.842		758.591	567	9.454	879692723991893628	879689837207639367	879689837203445062	28539	
1	C11H18FN3O4	[M + H]+	C11H19FN3O4+		0.699	134.199	134.199	0.000	33	0.940	-2.151	3.035	-4.385		276.134	99	1.646	879694346917474283	879692991662354189	879692991658159884	4115	
1	C34H48N6O10	[M + H]+	C34H49N6O10+		0.598	158.749	158.749	0.000	54	0.944	1.333	1.944	-5.801		701.346	118	1.974	879693899053887394	879692991389724421	879692991385530116	3152	
1	C25H40N4O6S	[M + Na]+	C25H40N4NaO6S+		0.901	123.536	123.536	0.000	47	0.953	0.476	2.406	3.332		547.258	125	2.084	879694067484553132	879692990907379449	879692990903185144	1682	
1	C16H25N3O5	[M + H]+	C16H26N3O5+		0.979	103.810	103.810	0.000	27	0.912	2.382	2.382	2.653		340.188	135	2.255	879693028089884541	879692993621094221	879692993616899916	16742	
1	C26H35N5O6	[M + H]+	C26H36N5O6+		0.996	82.540	82.540	0.000	29	0.934	0.572	1.383	-2.742		514.265	140	2.337	879694203350642624	879692992186642205	879692992182447900	6414	
1	C25H40N6O8	[M + H]+	C25H41N6O8+		0.923	44.788	44.788	0.000	16	0.948	0.490	1.486	1.014		553.299	146	2.426	879694335030816737	879692990706052853	879692990697664244	1049	
1	C32H54N8O12	[M + H]+	C32H55N8O12+		0.949	168.496	168.496	0.000	54	0.965	1.160	1.712	-1.070		743.393	146	2.435	879694443898171381	879692991075151613	879692991066763004	2247	
1	C51H90N6O23	[M + H]+	C51H91N6O23+		0.511	47.975	47.975	0.000	21	0.929	0.739	1.071	-3.037		1155.610	163	2.710	879694325505552342	879692991528136457	879692991523942152	3635	
1	C24H34N4O7	[M + H]+	C24H35N4O7+		0.964	61.844	61.844	0.000	23	0.956	0.871	1.499	-5.956		491.247	167	2.791	879694463355547647	879692992316665633	879692992312471328	7105	
1	C51H74N8O13	[M + H]+	C51H75N8O13+		0.306	40.822	40.822	0.000	18	0.781	0.375	1.534	4.852		1007.550	175	2.910	879694655517585427	879692992580906793	879692992572518184	8753	
1	C19H38N4O8	[M + H]+	C19H39N4O8+		0.888	126.552	126.552	0.000	38	0.967	0.507	1.165	-9.840		451.272	177	2.948	879693051712204679	879692993411379013	879692993402990404	14566	
1	C45H76N12O14	[M + H]+	C45H77N12O14+		0.573	78.300	78.300	0.000	27	0.741	2.769	2.786	2.504		1009.570	190	3.165	879694788296667165	879692990425034481	879692990391480048	241	
1	C29H41N5O8	[M + H]+	C29H42N5O8+		0.998	115.509	115.509	0.000	39	0.893	1.035	1.565	0.187		588.303	197	3.286	879694102943199158	879692993071640377	879692993067446072	11932	
1	C42H80N12O13	[M + H]+	C42H81N12O13+		0.964	67.625	67.625	0.000	25	0.773	4.346	4.346	2.021		961.606	217	3.622	879694245822164938	879692992060813081	879692992056618776	5804	
1	C44H66N6O12	[M + H]+	C44H67N6O12+		0.984	81.026	81.026	0.000	24	0.811	0.934	1.571	8.551		871.489	233	3.877	879694613926866953	879692993189080893	879692993184886588	12743	
1	C67H97N5O10S2	[M + H]+	C67H98N5O10S2+		0.665	49.671	49.671	0.000	11	0.441	1.818	3.634	-2.894		1196.672	239	3.978	879693839910006680	879692992446689061	879692992442494756	7956	
1	C42H83N3O	[M + H]+	C42H84N3O+		0.929	41.677	41.677	0.000	11	0.394	4.248	4.248	1.715		646.662	244	4.066	879693055063453585	879692993927278425	879692993923084120	22050	
1	C21H28Br3N3O8S	[M + H]+	C21H29Br3N3O8S+		0.375	71.342	71.342	0.000	14	0.661	1.106	1.369	-5.832		719.918	257	4.287	879695837157879848	879692993826615125	879692993822420820	19882	
1	C47H92N8O13	[M + H]+	C47H93N8O13+		0.254	16.285	16.285	0.000	8	0.816	0.583	4.690	-0.267		977.685	428	7.135	879695920205099166	879692991934983957	879692991926595348	5248	
1	C19H22O6S2	[M + H]+	C19H23O6S2+		0.640	37.937	37.937	0.000	7	0.412	1.778	2.871	4.727		411.095	448	7.464	879695968817082698	879692993293938497	879692993289744192	13611	
1	C26H55NO9	[M + H]+	C26H56NO9+		1.000	84.034	84.034	0.000	18	0.907	3.126	3.126	3.878		526.397	470	7.836	879695961439301941	879692994040524641	879692994036330336	28580	
1	C8H18O5	[M + H]+	C8H19O5+		0.804	4.500	4.500	0.000	0	0.000			0.512		195.123	473	7.883	879695962932474176	879692993721757521	879692993721757520	17981	
1	C22H41NO2	[M + H]+	C22H42NO2+		1.000	204.973	204.973	0.000	46	0.863	2.000	2.085	-2.855		352.320	476	7.940	879696007887024608	879692992836759345	879692992832565040	10304	
1	C22H38O3	[M + H]+	C22H39O3+		1.000	143.617	143.617	0.000	20	0.578	2.559	2.559	2.643		351.290	503	8.383	879695969702080853	879692993516236617	879692993512042312	15491	
1	C41H74NO8P	[M + H]+	C41H75NO8P+		1.000	106.297	106.297	0.000	24	0.714	3.308	3.393	1.105		740.523	647	10.783	879695972512264544	879692994053107557	879692994053107556	33617	
1	C16H28N4O5	[M + H]+	C16H29N4O5+		1.000	197.725	197.725	0.000	48	0.954	0.819	1.754	0.430		357.213	39	0.645	879699371515701773	879698048971958699	879698048959375786	14604	
1	C2NPS8	[M + K]+	C2KNPS8+		0.698	-4.845	-4.845	0.000	0	0.000			-9.793		363.713	77	1.280	879699380634118679	879698047197768075	879698047193573770	7960	
1	C25H36N6O8	[M + H]+	C25H37N6O8+		0.852	113.254	113.254	0.000	45	0.981	2.023	2.478	9.397		549.272	103	1.709	879700326806186664	879698049865345471	879698049861151166	22060	
1	C20H38N8O6	[M + H]+	C20H39N8O6+		0.861	157.579	157.579	0.000	51	0.956	1.008	1.799	-6.377		487.296	117	1.955	879698342732622316	879698045595543919	879698045591349614	3638	
1	C28H40N4O8	[M + H]+	C28H41N4O8+		0.970	75.118	75.118	0.000	23	0.939	1.590	2.229	9.459		561.297	118	1.967	879698182845753826	879698043653581143	879698043607443798	252	
1	C32H43N5O9	[M + H]+	C32H44N5O9+		0.980	75.734	75.734	0.000	26	0.903	1.703	1.888	4.897		642.317	125	2.091	879698671465392630	879698045083838823	879698045079644518	2726	
1	C7H10BNO3	[M + K]+	C7H10BKNO3+		0.941	31.569	31.569	0.000	8	0.483	4.181	4.181	5.544		205.043	131	2.187	879700219964680831	879698047604615571	879698047600421266	9567	
1	C6H13N2OP	[M + Na]+	C6H13N2NaOP+		1.000	38.969	38.969	0.000	9	0.746	5.657	5.657	12.726		183.068	162	2.696	879698682244753920	879698050058283463	879698050054089158	28647	
1	C26H39N3O5	[M + H]+	C26H40N3O5+		0.555	47.992	47.992	0.000	14	0.946	1.469	2.254	5.170		474.299	168	2.799	879699391178598945	879698044807014755	879698044798626146	2250	
1	C30H39N5O5	[M + H]+	C30H40N5O5+		0.320	126.665	126.665	0.000	39	0.898	0.930	1.210	-7.079		550.299	169	2.809	879699745383377452	879698046048528759	879698046044334454	4704	
1	C22H38N2O7S	[M + H]+	C22H39N2O7S+		0.975	63.231	63.231	0.000	21	0.929	0.417	0.967	-2.207		475.246	170	2.838	879700181574216299	879698049684990395	879698049680796090	19893	
1	C12H16Br4N2O6	[M + H]+	C12H17Br4N2O6+		0.961	68.966	68.966	0.000	25	0.734	1.772	1.772	-0.601		600.781	174	2.907	879699761720191542	879698046958692743	879698046954498438	7107	
1	C31H53N5O11	[M + H]+	C31H54N5O11+		0.886	103.201	103.201	0.000	37	0.899	1.244	1.567	-7.636		672.376	191	3.190	879699810764188225	879698046736394627	879698046728006018	6417	
1	C51H64N6O6	[M + H]+	C51H65N6O6+		0.864	51.721	51.721	0.000	20	0.861	0.740	2.247	10.367		857.505	220	3.668	879700140524563031	879698044509219167	879698044500830558	1689	
1	C27H20BrClN6O8S2	[M + K]+	C27H20BrClKN6O8S2+		1.000	94.979	94.979	0.000	27	0.732	1.035	1.233	-14.816		772.917	228	3.797	879700289594321545	879698047805942167	879698047801747862	10318	
1	C31H47N5O6	[M + H]+	C31H48N5O6+		0.958	68.764	68.764	0.000	20	0.854	1.764	1.764	1.346		586.361	239	3.976	879700321684941469	879698047998880155	879698047994685850	11169	
1	C41H58N8O8	[M + H]+	C41H59N8O8+		0.839	28.403	28.403	0.000	14	0.790	4.901	4.901	0.837		791.446	246	4.099	879700024820492877	879698049164896687	879698049156508078	15497	
1	C19H26N2O3	[M + H]+	C19H27N2O3+		1.000	89.602	89.602	0.000	21	0.862	1.979	2.136	-2.775		331.201	359	5.989	879700202692536949	879698049341057459	879698049336863154	16746	
1	C31H47N5O11	[M + Na]+	C31H47N5NaO11+		0.988	49.172	49.172	0.000	7	0.951	8.026	8.026	4.899		688.320	363	6.055	879700153296218721	879698047407483279	879698047403288974	8757	
1	C24H45N2O3	[M + H]+	C24H46N2O3+		1.000	90.868	90.868	0.000	25	0.894	-0.067	5.455	-2.424		410.349	448	7.467	879700310393875091	879698048498002339	879698048493808034	12744	
1	C17H36O4	[M + H]+	C17H37O4+		1.000	76.777	76.777	0.000	14	0.745	2.784	2.784	1.192		305.269	449	7.484	879700338730592946	879698048741271975	879698048737077670	13624	
1	C10H16O10	[M + H]+	C10H17O10+		0.634	113.690	113.690	0.000	12	0.449	-0.421	1.721	4.298		297.083	474	7.893	879700605123422909	879698049513023927	879698049508829622	18005	
1	C28H40N6O5	[M + H]+	C28H41N6O5+		0.918	67.098	67.098	0.000	14	0.851	-4.610	4.610	-11.998		541.307	481	8.014	879700866600544212	879698050033117635	879698050028923330	24850	
1	C16H25Br4N3O8	[M + H]+	C16H26Br4N3O8+		0.320	1.474	1.474	0.000	3	0.082	10.674	10.674	3.140		703.847	485	8.078	879700820593208849	879698048246344095	879698048242149790	11940	
1	C34H61NO3	[M + H]+	C34H62NO3+		1.000	93.060	93.060	0.000	24	0.741	3.408	3.408	0.148		532.473	555	9.254	879700811709672201	879698050079254987	879698050075060682	33688	
1	C17H26N4O5	[M + H]+	C17H27N4O5+		0.999	74.759	74.759	0.000	24	0.949	0.650	1.554	1.644		367.198	35	0.582	879701288203172145	879701249095481530	879701249091287225	3168	
1	C19H29N5O6	[M + H]+	C19H30N5O6+		0.870	77.733	77.733	0.000	18	0.927	1.244	1.372	1.744		424.220	43	0.713	879703181310671279	879701250005645538	879701250001451233	9568	
1	C24H45N7O8	[M + Na]+	C24H45N7NaO8+		0.617	56.139	56.139	0.000	25	0.954	2.260	2.568	4.496		582.325	49	0.813	879701305320126779	879701250328606962	879701250324412657	12759	
1	C34H52N12O9	[M + H]+	C34H53N12O9+		0.513	81.273	81.273	0.000	23	0.827	1.442	1.601	-3.876		773.402	58	0.969	879702288066525509	879701250496379130	879701250492184825	14613	
1	C20H28N4O9	[M + H]+	C20H29N4O9+		0.983	80.506	80.506	0.000	16	0.668	-3.481	4.104	-2.994		469.192	77	1.280	879703254241229251	879701250659956994	879701250655762689	16772	
1	C30H43N5O5	[M + H]+	C30H44N5O5+		0.970	34.193	34.193	0.000	9	0.992	1.868	1.868	7.945		554.338	127	2.114	879703154630703524	879701248353089702	879701248327923877	253	
1	C18H30N6O4	[M + H]+	C18H31N6O4+		0.887	166.205	166.205	0.000	46	0.912	1.968	2.095	-7.413		395.237	138	2.294	879703228484008377	879701249296808130	879701249292613825	4122	
1	C16H32N5O7	[M + H]+	C16H33N5O7+		0.938	168.155	168.155	0.000	51	0.962	1.377	1.868	9.700		407.241	139	2.310	879702335747373391	879701248986429622	879701248982235317	2727	
1	C27H44N8O11	[M + H]+	C27H45N8O11+		0.941	47.442	47.442	0.000	9	0.414	1.789	2.251	-2.633		657.319	151	2.517	879702434451929454	879701250248915182	879701250248915181	11946	
1	C49H84N10O16S	[M + Na]+	C49H84N10NaO16S+		0.939	21.733	21.733	0.000	14	0.886	1.984	1.984	6.525		1123.575	157	2.611	879703263430949325	879701250085337318	879701250085337317	10319	
1	C20H34N4O5	[M + H]+	C20H35N4O5+		0.729	31.302	31.302	0.000	10	0.963	0.739	0.948	3.412		411.262	164	2.731	879702371524786532	879701250584459518	879701250580265213	15517	
1	C10H17FN4O2	[M + H]+	C10H18FN4O2+		1.000	76.107	76.107	0.000	22	0.946	-1.955	3.857	5.995		245.142	164	2.739	879703019213404550	879701250970335506	879701250966141201	24904	
1	C28H49N7O8S	[M + H]+	C28H50N7O8S+		0.907	175.629	175.629	0.000	58	0.997	0.566	1.814	1.538		644.345	173	2.881	879704084012972537	879701248730577070	879701248726382765	1696	
1	C30H47N7O8	[M + H]+	C30H48N7O8+		0.995	122.630	122.630	0.000	47	0.965	-0.021	1.630	-2.661		634.354	181	3.022	879703006903122300	879701250412493046	879701250408298741	13631	
1	C46H75N7O11	[M + K]+	C46H75KN7O11+		0.691	43.515	43.515	0.000	19	0.801	1.660	1.695	0.304		940.516	200	3.336	879703022476573072	879701248852211890	879701248848017585	2253	
1	C50H76N10O13	[M + H]+	C50H77N10O13+		0.310	42.583	42.583	0.000	12	0.410	3.000	3.000	3.404		1025.570	232	3.863	879703541865626072	879701249925953758	879701249921759453	8765	
1	C69H103N19O14	[M + H]+	C69H104N19O14+		0.933	76.563	76.563	0.000	25	0.842	1.542	2.103	-1.592		1422.798	253	4.219	879702367213042009	879701249191950526	879701249187756221	3644	
1	C30H44N8O4	[M + Na]+	C30H44N8NaO4+		0.794	106.879	106.879	0.000	21	0.681	0.194	2.787	-1.281		603.337	266	4.433	879703144681814426	879701250999695642	879701250995501337	33787	
1	C19H14Br3N5O4	[M + Na]+	C19H14Br3N5NaO4+		0.855	62.262	62.262	0.000	16	0.593	1.556	2.118	0.455		635.849	268	4.469	879703584299399652	879701250735454470	879701250735454469	18018	
1	C41H56N4O7	[M + H]+	C41H57N4O7+		0.573	81.131	81.131	0.000	23	0.791	0.862	1.640	-0.107		717.422	273	4.543	879703992690391535	879701250169223402	879701250169223401	11171	
1	C22H31Br4N5O6	[M + H]+	C22H32Br4N5O6+		1.000	82.559	82.559	0.000	18	0.651	0.704	1.899	4.938		777.912	273	4.552	879704147363749678	879701249842067674	879701249837873369	7964	
1	C30H50O4	[M + H]+	C30H51O4+		0.880	170.601	170.601	0.000	42	0.784	1.741	1.944	-12.173		475.372	417	6.956	879704214325813080	879701249565243598	879701249565243597	5811	
1	C26H60N8O2	[M + H]+	C26H61N8O2+		0.821	10.602	10.602	0.000	2	0.559	-3.101	3.101	-8.502		517.487	433	7.212	879704108134414934	879701250982918422	879701250982918421	28668	
1	C44H71NO6	[M + H]+	C44H72NO6+		0.999	44.697	44.697	0.000	11	0.675	0.905	4.492	12.645		710.544	485	8.092	879704158512209721	879701249653323986	879701249649129681	6427	
1	C42H74N2O10	[M + H]+	C42H75N2O10+		1.000	80.202	80.202	0.000	21	0.725	3.263	3.324	2.967		767.544	516	8.604	879704205031235406	879701249477163210	879701249472968905	5251	
1	C44H67NO2	[M + K]+	C44H67KNO2+		0.968	33.029	33.029	0.000	4	0.408	3.446	3.446	0.384		680.481	608	10.133	879704166670131012	879701250819340554	879701250815146249	19914	
1	C66H122N2O23	[M + K]+	C66H122KN2O23+		0.998	41.595	41.595	0.000	16	0.732	0.605	1.340	-12.221		1349.791	642	10.706	879704505737667440	879701250894838030	879701250894838029	22079	
1	C15H25N3O6S	[M + H]+	C15H26N3O6S+		0.995	224.097	224.097	0.000	54	0.958	2.462	2.470	-2.613		376.153	35	0.578	879704823511146514	879704659757129619	879704659748741010	2255	
1	C2H4Br2ClN3OS	[M + H]+	C2H5Br2ClN3OS+		0.960	4.600	4.600	0.000	5	0.135	25.371	25.371	-10.298		311.817	47	0.784	879706297251160195	879704660507910055	879704660499521446	4712	
1	C20H38N8O8	[M + H]+	C20H39N8O8+		0.991	206.402	206.402	0.000	53	0.980	1.389	1.770	11.484		519.295	58	0.973	879705171336388656	879704662365986783	879704662361792478	15522	
1	C28H45N7O6	[M + H]+	C28H46N7O6+		0.999	140.379	140.379	0.000	47	0.966	0.814	1.714	-2.271		576.349	60	1.000	879705452711272536	879704660369498019	879704660365303714	4127	
1	C12H25N7O5	[M + H]+	C12H26N7O5+		0.698	153.462	153.462	0.000	43	0.901	2.122	2.204	7.486		348.202	61	1.021	879705422994628678	879704661040586679	879704661036392374	7124	
1	C31H55N9O13	[M + H]+	C31H56N9O13+		0.725	36.744	36.744	0.000	8	0.861	-0.755	2.063	-14.047		762.389	81	1.343	879704835578159132	879704662470844387	879704662466650082	16773	
1	C29H45N9O10	[M + H]+	C29H46N9O10+		0.652	123.423	123.423	0.000	44	0.893	1.856	2.811	-12.369		680.328	83	1.387	879706588692373655	879704660910563251	879704660906368946	6433	
1	C22H35N5O7	[M + H]+	C22H36N5O7+		0.998	72.198	72.198	0.000	21	0.822	1.696	1.940	-3.784		482.259	89	1.489	879705508348715117	879704661158027195	879704661153832890	7967	
1	C14H9Br4NO	[M + H]+	C14H10Br4NO+		0.999	23.822	23.822	0.000	8	0.243	4.178	4.178	11.955		523.755	112	1.863	879705427264430160	879704660235280287	879704660231085982	3647	
1	C33H50N10O7	[M + H]+	C33H51N10O7+		0.960	181.866	181.866	0.000	50	0.948	0.446	1.703	-0.387		699.393	182	3.031	879706941907296430	879704661690703815	879704661686509510	10321	
1	C28H40N6O5	[M + H]+	C28H41N6O5+		0.711	115.369	115.369	0.000	36	0.881	1.006	1.692	-9.966		541.308	190	3.159	879705368045051962	879704659916513175	879704659908124566	2728	
1	C3H2Br2ClIN2O	[M + H]+	C3H3Br2ClIN2O+		1.000	-2.828	-2.828	0.000	0	0.000			2.262		402.735	216	3.606	879705368745500741	879704660784734127	879704660780539822	5821	
1	C74H82N4O9	[M + H]+	C74H83N4O9+		0.912	66.666	66.666	0.000	18	0.750	1.065	1.126	9.852		1171.627	217	3.618	879705474685231202	879704660650516395	879704660646322090	5253	
1	C19H28Br4N4O6	[M + H]+	C19H29Br4N4O6+		0.996	67.713	67.713	0.000	29	0.836	1.554	1.660	7.988		724.887	226	3.762	879705524513562743	879704662030442451	879704662026248146	12802	
1	C13H24N6O5	[M + H]+	C13H25N6O5+		0.998	53.639	53.639	0.000	17	0.943	-0.301	1.403	-7.516		345.186	230	3.831	879706314691076237	879704661560680387	879704661556486082	9581	
1	C30H46Br4N6O11	[M + H]+	C30H47Br4N6O11+		0.835	34.907	34.907	0.000	15	0.886	1.460	1.868	7.140		983.010	254	4.231	879704902989013030	879704662672170987	879704662667976682	19931	
1	C29H41FI3N5O8	[M + H]+	C29H42FI3N5O8+		0.358	75.586	75.586	0.000	19	0.708	-3.764	4.064	1.709		988.016	254	4.234	879706923389444259	879704662772834287	879704662772834286	22090	
1	C62H75N5O7	[M + H]+	C62H76N5O7+		0.317	94.377	94.377	0.000	15	0.678	1.343	2.261	-1.522		1002.572	267	4.450	879707005056737464	879704662907052027	879704662902857722	33804	
1	C12H23NO3	[M + H]+	C12H24NO3+		1.000	80.991	80.991	0.000	11	0.568	2.566	3.915	-2.477		230.175	334	5.563	879708180338467012	879704662139494359	879704662135300054	13635	
1	C26H46N2O6	[M + H]+	C26H47N2O6+		0.999	73.424	73.424	0.000	21	0.838	0.556	1.791	5.454		483.346	485	8.082	879708267684847828	879704661917196239	879704661913001934	11958	
1	C68H104N10O18	[M + H]+	C68H105N10O18+		0.940	53.321	53.321	0.000	22	0.773	1.266	1.784	3.569		1349.765	488	8.125	879708685831791295	879704662890274807	879704662890274806	28717	
1	C43H79N7O9	[M + H]+	C43H80N7O9+		0.960	14.237	14.237	0.000	6	0.254	2.828	2.828	3.812		838.604	556	9.265	879708353693245684	879704662571507687	879704662567313382	18046	
1	C48H70NO10P	[M + H]+	C48H71NO10P+		1.000	5.066	5.066	0.000	5	0.253	-1.029	1.761	-5.878	PS(31:8_11:4)	852.476	639	10.651	879708265189236947	879704661803950027	879704661799755722	11175	
1	C42H77NO7	[M + Na]+	C42H77NNaO7+		0.773	20.023	20.023	0.000	6	0.355	-0.231	4.200	2.841		730.561	641	10.686	879708318284931306	879704662873497587	879704662869303282	24976	
1	C5H7Cl2NO	[M + H]+	C5H8Cl2NO+		0.796	64.017	64.017	0.000	15	0.667	-6.319	6.879	6.871		167.999	651	10.856	879708287259664608	879704662256934875	879704662248546266	14616	
1	C21H31N3O5S	[M + H]+	C21H32N3O5S+		0.479	48.104	48.104	0.000	17	0.900	-1.208	2.275	-1.640		438.205	35	0.576	879708855092529146	879708786222057335	879708786217863030	1700	
1	C14H27N3O6	[M + H]+	C14H28N3O6+		1.000	250.213	250.213	0.000	49	0.969	1.093	1.939	-2.879		334.196	48	0.794	879709273927338052	879708788805748655	879708788801554350	10324	
1	C16H31N3O5	[M + H]+	C16H32N3O5+		1.000	185.015	185.015	0.000	45	0.953	1.557	1.606	0.152		346.234	77	1.282	879708887573219332	879708788650559403	879708788646365098	9609	
1	C17H30N4O7	[M + H]+	C17H31N4O7+		0.823	108.887	108.887	0.000	26	0.772	1.868	2.038	1.672		403.219	93	1.542	879709392424814694	879708790638659555	879708790634465250	33980	
1	C19H27N7O7	[M + H]+	C19H28N7O7+		0.906	64.612	64.612	0.000	27	0.923	0.680	2.023	-3.373		466.203	94	1.570	879708950395504655	879708786863785859	879708786855397250	3178	
1	C26H42N4O11	[M + H]+	C26H43N4O11+		0.870	150.754	150.754	0.000	44	0.922	1.034	2.412	-3.379		587.290	94	1.570	879709184081152047	879708787761366935	879708787757172630	5822	
1	C12HCl7O	[M + K]+	C12HCl7KO+		1.000	-0.037	-0.037	0.000	0	0.000			-2.623		444.747	103	1.710	879708960000460835	879708788960937907	879708788952549298	11180	
1	C16H26N8O5	[M + H]+	C16H27N8O5+		0.385	24.868	24.868	0.000	8	0.948	0.665	1.569	-0.954		411.210	110	1.830	879708958691837977	879708790181480399	879708790177286094	18058	
1	C44H69N3O10S2	[M + K]+	C44H69KN3O10S2+		0.695	39.409	39.409	0.000	20	0.794	-0.337	2.004	-13.958		902.393	118	1.971	879709166611875877	879708787589400467	879708787581011858	5258	
1	C11H20NO7P	[M + H]+	C11H21NO7P+		1.000	30.204	30.204	0.000	12	0.878	12.528	12.661	11.560	LPE(6:2)	310.109	130	2.168	879709211658700867	879708787048335239	879708787039946630	3649	
1	C19H37N5O6	[M + H]+	C19H38N5O6+		0.998	64.117	64.117	0.000	18	0.903	-1.049	1.893	-2.222		432.281	142	2.360	879709210396215353	879708789250344891	879708789246150586	12805	
1	C8H3Br3ClN	[M + Na]+	C8H3Br3ClNNa+		0.952	-1.219	-1.219	0.000	0	0.000			1.879		407.740	151	2.514	879709619173083268	879708787954304923	879708787945916314	6437	
1	C28H40N4O7	[M + H]+	C28H41N4O7+		0.628	83.825	83.825	0.000	23	0.784	1.633	1.633	7.379		545.301	175	2.911	879709618019649658	879708790617688031	879708790613493726	28762	
1	C22H36N4O6	[M + H]+	C22H37N4O6+		0.999	146.776	146.776	0.000	44	0.934	1.343	1.656	-12.931		453.265	188	3.130	879709346396522587	879708788486981543	879708788478592934	8775	
1	C18H31N5O7Se3	[M + H]+	C18H32N5O7Se3+		0.469	51.043	51.043	0.000	29	0.794	0.603	1.633	-7.445		651.992	195	3.245	879709277421193295	879708790462498775	879708790458304470	22121	
1	C35H49Br4N3O7	[M + K]+	C35H49Br4KN3O7+		1.000	67.852	67.852	0.000	33	0.877	0.993	1.690	-3.535		977.990	199	3.323	879709528597088368	879708789824964555	879708789820770250	16778	
1	CHNO7P2S5	[M + K]+	CHKNO7P2S5+		0.156	-2.869	-2.869	0.000	0	0.000			-3.597		399.745	202	3.372	879710075723073671	879708788138854303	879708788134659998	7126	
1	C48H36N8O16S4	[M + K]+	C48H36KN8O16S4+		1.000	40.960	40.960	0.000	15	0.769	2.500	2.738	7.088		1147.085	229	3.825	879711042103298208	879708789552334787	879708789543946178	14632	
1	C11H19Br4FN2O3	[M + H]+	C11H20Br4FN2O3+		0.397	73.702	73.702	0.000	16	0.630	1.947	4.325	6.049		562.822	243	4.048	879711055667677355	879708790596716507	879708790592522202	25100	
1	C38H66N10O11	[M + H]+	C38H67N10O11+		0.529	63.527	63.527	0.000	28	0.775	1.403	2.432	5.802		839.503	253	4.212	879710932988479638	879708788310820771	879708788306626466	7972	
1	C61H71N9O9	[M + H]+	C61H72N9O9+		0.842	38.608	38.608	0.000	15	0.886	1.695	2.534	6.746		1074.552	259	4.320	879711089842866367	879708789690746823	879708789686552518	15524	
1	C25H47FN6O3	[M + H]+	C25H48FN6O3+		0.996	42.947	42.947	0.000	12	0.952	8.701	8.701	-12.304		499.371	420	6.997	879711058477861045	879708786431772539	879708786427578234	2256	
1	C28H53NO6	[M + K]+	C28H53KNO6+		0.241	15.305	15.305	0.000	3	0.335	12.544	12.544	1.028		538.351	450	7.505	879711278376831177	879708790319892435	879708790311503826	19943	
1	C32H57NO6	[M + H]+	C32H58NO6+		0.996	21.977	21.977	0.000	4	0.628	1.309	4.100	-4.281		552.424	458	7.634	879711338858694879	879708789103544247	879708789099349942	11964	
1	C25H44N2O6	[M + H]+	C25H45N2O6+		0.999	44.668	44.668	0.000	14	0.713	3.848	3.848	7.855		469.331	464	7.738	879711333615814869	879708789401339839	879708789397145534	13641	
1	C43H56N4O15	[M + H]+	C43H57N4O15+		0.271	35.761	35.761	0.000	19	0.923	0.862	1.537	10.705		869.391	61	1.017	879712677254933058	879712000445262276	879712000424290755	14635	
1	C17H37N5O12	[M + H]+	C17H38N5O12+		0.492	93.111	93.111	0.000	34	0.962	2.229	2.491	-7.631		504.247	85	1.421	879712174051699216	879711998528465312	879711998524271007	7134	
1	C11H20Br3N3O4	[M + H]+	C11H21Br3N3O4+		1.000	126.393	126.393	0.000	24	0.628	0.948	1.699	7.120		495.911	90	1.492	879712185061747228	879711996120934780	879711996112546171	2257	
1	C15H23N3O5	[M + H]+	C15H24N3O5+		1.000	86.936	86.936	0.000	22	0.869	0.913	1.729	0.468		326.171	97	1.621	879712058976774651	879712001036659152	879712001032464847	18068	
1	C22H38N4O11	[M + H]+	C22H39N4O11+		0.984	116.061	116.061	0.000	48	0.941	0.695	2.633	-1.652		535.260	122	2.026	879713854260521596	879711996435507584	879711996427118975	2738	
1	C8H7Br3O4S	[M + K]+	C8H7Br3KO4S+		0.833	-1.219	-1.219	0.000	0	0.000			9.955		474.729	152	2.529	879712176153045530	879712000847915468	879712000843721163	16781	
1	C29H37N5O8	[M + H]+	C29H38N5O8+		0.752	90.396	90.396	0.000	28	0.833	2.056	2.453	3.954		584.274	154	2.565	879712387919260198	879711996724914564	879711996716525955	3179	
1	C41H68N10O13	[M + H]+	C41H69N10O13+		0.433	68.017	68.017	0.000	22	0.741	0.971	2.667	5.268		909.509	176	2.928	879712845308111436	879711997538609552	879711997534415247	4716	
1	C2OS10	[M + K]+	C2KOS10+		0.299	-4.679	-4.679	0.000	0	0.000	9.073	9.073	2.050		398.680	196	3.269	879712110470244870	879711997802850708	879711997794462099	5264	
1	C33H57N11O11	[M + H]+	C33H58N11O11+		0.571	72.408	72.408	0.000	25	0.770	0.819	1.441	-3.414		784.429	224	3.736	879713628246256214	879711999618984372	879711999614790067	11182	
1	C28H49N7O8S	[M + H]+	C28H50N7O8S+		0.458	108.850	108.850	0.000	40	0.871	1.216	1.346	-0.790		644.343	226	3.765	879714390242241188	879712000214575552	879712000206186943	13655	
1	C59H100N12O16	[M + K]+	C59H100KN12O16+		0.610	48.373	48.373	0.000	14	0.526	1.120	2.932	-2.975		1271.697	260	4.331	879712491229162032	879711998771734948	879711998767540643	7975	
1	C15H25Br4FN2O2	[M + H]+	C15H26Br4FN2O2+		1.000	33.794	33.794	0.000	10	0.483	0.402	0.732	-10.370		600.864	275	4.583	879712496723700282	879711999409269168	879711999405074863	10328	
1	C23H43N7O7	[M + H]+	C23H44N7O7+		0.942	38.312	38.312	0.000	8	0.487	-0.089	5.714	6.085		530.333	279	4.647	879713697259334244	879712000650783176	879712000646588871	15532	
1	C18H32O3	[M + H]+	C18H33O3+		1.000	140.589	140.589	0.000	19	0.571	1.622	2.114	-7.137		297.240	461	7.682	879713863840311942	879712001623861728	879712001619667423	28784	
1	C21H37N7O4	[M + H]+	C21H38N7O4+		0.627	80.168	80.168	0.000	17	0.968	-1.594	4.425	6.458		452.301	480	8.006	879713796630784624	879712001644833252	879712001640638947	33982	
1	C25H26N4O3	[M + H]+	C25H27N4O3+		0.385	177.491	177.491	0.000	22	0.673	1.384	1.810	1.700		431.209	485	8.077	879713963379534490	879712001233791444	879712001229597139	19958	
1	C30H46O8	[M + H]+	C30H47O8+		0.789	14.131	14.131	0.000	5	0.454	1.599	3.827	-2.699		535.325	500	8.335	879713872883231376	879711995781196152	879711995772807543	1701	
1	C18H35N5O4	[M + H]+	C18H36N5O4+		1.000	77.586	77.586	0.000	10	0.355	5.395	5.395	2.638		386.277	504	8.392	879714402548329134	879711999811922360	879711999807728055	11978	
1	C5H6Cl2N2O3S	[M + K]+	C5H6Cl2KN2O3S+		0.997	60.617	60.617	0.000	11	0.672	-0.263	8.201	-0.270		282.911	504	8.396	879715098437888700	879712001602890204	879712001598695899	25110	
1	C39H70N4O9	[M + H]+	C39H71N4O9+		0.871	33.493	33.493	0.000	15	0.729	0.366	3.360	-2.781		739.520	515	8.583	879715164624005831	879712001422535128	879712001418340823	22138	
1	C86H142N4O12	[M + H]+	C86H143N4O12+		0.166	50.591	50.591	0.000	15	0.644	5.983	5.983	1.122		1424.071	529	8.820	879715923574926034	879711998994033064	879711998985644455	8778	
1	C4H7N4O3	[M + K]+	C4H7KN4O3+		0.815	51.261	51.261	0.000	10	0.864	8.721	10.480	8.721		198.017	647	10.776	879716115082652390	879712000009054652	879712000004860347	12806	
1	C18H23N3O2	[M + H]+	C18H24N3O2+		0.952	43.891	43.891	0.000	14	0.910	1.264	1.302	-26.747		314.178	42	0.702	879716486907586094	879716452635927997	879716452627539388	4136	
1	C22H43N9O6	[M + H]+	C22H44N9O6+		0.997	134.613	134.613	0.000	48	0.953	0.479	2.152	-5.858		530.338	46	0.774	879717047388235417	879716454615639521	879716454611445216	10337	
1	C12H23N4O4	[M + H]+	C12H24N4O4+		0.999	87.929	87.929	0.000	29	0.879	1.244	1.868	5.876		288.181	59	0.987	879716653702473295	879716456125588989	879716456121394684	16783	
1	C5Br4ClN	[M + H]+	C5HBr4ClN+		1.000	-1.219	-1.219	0.000	0	0.000			2.228		425.654	79	1.322	879716481035560493	879716456809260565	879716456805066260	34043	
1	C25H35N5O6	[M + H]+	C25H36N5O6+		0.981	190.831	190.831	0.000	52	0.945	1.522	1.604	3.762		502.268	83	1.383	879716911312430724	879716455764878837	879716455756490228	14637	
1	C20H33N3O5S	[M + H]+	C20H34N3O5S+		0.987	71.113	71.113	0.000	21	0.959	0.694	1.248	-9.501		428.217	86	1.437	879716895617345146	879716454804383205	879716454800188900	11183	
1	C21H37N5O8	[M + H]+	C21H38N5O8+		0.927	125.845	125.845	0.000	30	0.911	1.244	2.341	-0.593		488.271	99	1.646	879717148630345380	879716455307699693	879716455303505388	12807	
1	C14H25N3O5	[M + Na]+	C14H25N3NaO5+		0.943	72.541	72.541	0.000	31	0.889	1.641	1.753	0.173		338.169	106	1.759	879716694093620825	879716452870809025	879716452866614720	4722	
1	C3Br3O3	[M + K]+	C3Br3KO3+		0.999	-4.215	-4.215	0.000	0	0.000			-7.265		359.700	109	1.816	879716623453152845	879716453550286285	879716453546091980	6440	
1	C22H37N3O5	[M + Na]+	C22H37N3NaO5+		0.530	127.194	127.194	0.000	42	0.865	0.862	2.144	2.147		446.264	117	1.945	879716864214591075	879716452149388725	879716452141000116	3184	
1	C15H22N2O3	[M + H]+	C15H23N2O3+		1.000	73.880	73.880	0.000	15	0.987	1.139	3.247	1.365		279.171	127	2.115	879716873215567469	879716456616322569	879716456612128264	22154	
1	C16H27N3O3	[M + H]+	C16H28N3O3+		0.999	173.886	173.886	0.000	33	0.622	1.216	1.992	-0.381		310.212	145	2.419	879716516129302072	879716453323793865	879716453319599560	5827	
1	C16H34N6O4S	[M + H]+	C16H35N6O4S+		0.984	133.852	133.852	0.000	50	0.845	1.772	2.261	-7.369		407.241	149	2.491	879716983248938638	879716451876758961	879716451868370352	2739	
1	C11H12N6O3	[M + Na]+	C11H12N6NaO3+		0.711	47.825	47.825	0.000	11	0.721	1.031	2.972	-0.364		299.086	158	2.634	879718521522513615	879716455957816825	879716455949428216	15534	
1	C24H34N4O6S	[M + H]+	C24H35N4O6S+		0.483	72.191	72.191	0.000	16	0.951	1.677	2.721	8.710		507.232	173	2.886	879716609154770499	879716456792483345	879716456788289040	28857	
1	C22H32N5O6	[M + H]+	C22H33N5O6+		0.805	126.237	126.237	0.000	52	0.958	1.022	2.433	0.356		463.243	174	2.899	879718288558286532	879716453776778705	879716453772584400	7138	
1	C20H43N7O8	[M + Na]+	C20H43N7NaO8+		1.000	122.612	122.612	0.000	49	0.975	1.005	1.992	-8.890		532.302	198	3.307	879718038204475065	879716450337449377	879716450287117728	287	
1	C23H38N6O4	[M + K]+	C23H38KN6O4+		0.518	57.856	57.856	0.000	25	0.980	0.862	1.330	1.971		501.260	202	3.370	879717818531997359	879716450907874725	879716450895291812	1080	
1	C36H50N4O8	[M + H]+	C36H51N4O8+		0.830	75.511	75.511	0.000	21	0.750	1.806	2.023	-3.058		667.368	259	4.315	879718960636782298	879716456767317517	879716456763123212	25114	
1	C24H45N2O3	[M + H]+	C24H46N2O3+		1.000	55.164	55.164	0.000	17	0.875	-0.067	4.010	-2.180		410.349	442	7.369	879719089498384103	879716456284972545	879716456280778240	18076	
1	C19H36O3	[M + H]+	C19H37O3+		1.000	114.061	114.061	0.000	23	0.827	3.043	3.043	1.528		313.274	482	8.030	879719122973124338	879716454426895837	879716454422701532	9640	
1	C40H75NO8	[M + O + H]+	C40H76NO9+		1.000	48.508	48.508	0.000	20	0.769	1.047	1.628	-2.322	HexCer(d18:1_16:1)	714.550	639	10.643	879719209300289277	879716455056041449	879716455039264232	11981	
1	C11H24N6O4	[M + H]+	C11H25N6O4+		0.995	137.044	137.044	0.000	35	0.864	2.023	2.023	0.394		305.193	39	0.648	879721731772172747	879720521392507202	879720521388312897	16786	
1	C15H28N4O7	[M + K]+	C15H28KN4O7+		0.717	230.728	230.728	0.000	43	0.621	1.419	2.338	5.402		415.161	52	0.860	879722485337606677	879720521648359754	879720521644165449	19972	
1	C25H40N6O9	[M + H]+	C25H41N6O9+		0.998	106.708	106.708	0.000	27	0.910	1.765	1.919	5.352		569.296	83	1.388	879720770429307249	879720519068862722	879720519060474113	4138	
1	C25H32N6O8	[M + H]+	C25H33N6O8+		0.982	146.146	146.146	0.000	49	0.959	0.991	1.359	-1.171		545.235	89	1.487	879721209673599385	879720517936400618	879720517923817705	1087	
1	C21H37N5O7	[M + H]+	C21H38N5O7+		0.947	46.784	46.784	0.000	16	0.863	1.196	2.432	1.747		472.277	98	1.634	879721715036899777	879720521912600918	879720521912600917	28911	
1	C5H9N2O4PS6	[M + H]+	C5H10N2O4PS6+		0.680	32.474	32.474	0.000	7	0.374	6.770	6.770	8.585		384.873	101	1.690	879721032908851599	879720517592467686	879720517550524645	288	
1	C32H50N12O8	[M + Na]+	C32H50N12NaO8+		0.252	81.146	81.146	0.000	11	0.518	2.877	2.877	3.216		753.379	108	1.804	879721514586917293	879720520700447022	879720520692058413	11982	
1	C15H17Br2N5O5	[M + K]+	C15H17Br2KN5O5+		1.000	127.403	127.403	0.000	35	0.732	2.229	2.229	-14.526		543.915	116	1.932	879721620761528759	879720518355831026	879720518347442417	2262	
1	C23H39N9O10	[M + H]+	C23H40N9O10+		0.613	155.750	155.750	0.000	45	0.939	1.829	2.084	3.213		602.291	140	2.331	879720989460056453	879720518901090558	879720518896896253	3654	
1	C33H51N7O8	[M + H]+	C33H52N7O8+		0.907	130.127	130.127	0.000	45	0.945	1.193	1.934	5.949		674.391	147	2.450	879722379049748973	879720519232440582	879720519228246277	4725	
1	C30H48N6O8S	[M + H]+	C30H49N6O8S+		0.988	120.487	120.487	0.000	47	0.945	1.320	1.580	-0.781		653.332	180	3.003	879722068964854243	879720520843053362	879720520838859057	12815	
1	C37H64N8O9	[M + H]+	C37H65N8O9+		0.997	141.212	141.212	0.000	42	0.918	0.611	1.142	-0.003		765.487	215	3.576	879722642233936447	879720521774188878	879720521769994573	22156	
1	C26H29FN6O7S2	[M + H]+	C26H30FN6O7S2+		0.560	24.590	24.590	0.000	7	0.814	1.016	2.078	-9.650		621.154	223	3.716	879721244826061219	879720520562034986	879720520557840681	11185	
1	C9H19Br4N5O2Si	[M + H]+	C9H20Br4N5O2Si+		1.000	47.606	47.606	0.000	23	0.802	6.153	6.153	2.046		573.813	230	3.831	879720795477690747	879720518141921518	879720518133532909	1707	
1	C13H21I3N2O3	[M + Na]+	C13H21I3N2NaO3+		0.806	40.860	40.860	0.000	22	0.823	-0.398	4.324	9.047		656.864	237	3.946	879721754396248534	879720519844808982	879720519840614677	7142	
1	C47H72N14O16	[M + H]+	C47H73N14O16+		0.562	71.454	71.454	0.000	29	0.811	0.196	2.023	-1.880		1089.530	249	4.148	879722442731866626	879720521128266042	879720521119877433	14655	
1	C35H59N15O8	[M + H]+	C35H60N15O8+		0.325	62.280	62.280	0.000	25	0.853	0.948	1.194	-0.587		818.474	253	4.217	879722579415845419	879720519693814034	879720519689619729	6444	
1	C3H2I3O2	[M + K]+	C3H2I3KO2+		1.000	-5.444	-5.444	0.000	0	0.000	-10.530	10.530	-10.939		489.677	362	6.040	879722421508688385	879720518729124090	879720518724929785	3187	
1	C28H47NO5	[M + H]+	C28H48NO5+		0.679	109.443	109.443	0.000	29	0.878	1.715	2.218	-6.063		478.350	415	6.909	879722388289800695	879720519396018442	879720519391824137	5270	
1	C22H43NO2	[M + H]+	C22H44NO2+		1.000	29.511	29.511	0.000	5	0.784	2.090	2.090	-2.134		354.336	435	7.246	879722454287174157	879720520423622950	879720520419428645	10340	
1	C11H15Cl2NO	[M + H]+	C11H16Cl2NO+		0.987	32.121	32.121	0.000	7	0.644	-11.726	11.726	-6.635		248.059	448	7.460	879722582167308853	879720521522530630	879720521518336325	18102	
1	C22H29FN2O5	[M + H]+	C22H30FN2O5+		0.250	4.718	4.718	0.000	3	0.104	-5.399	6.921	-4.574		421.211	454	7.567	879722498935540257	879720520138410270	879720520134215965	8794	
1	C27H39NO3	[M + H]+	C27H40NO3+		0.919	171.110	171.110	0.000	44	0.926	1.451	1.722	-1.104		426.300	478	7.960	879722761230535299	879720520289405218	879720520281016609	9650	
1	C37H63NO8	[M + H]+	C37H64NO8+		0.929	22.225	22.225	0.000	6	0.464	-1.392	14.192	-4.527		650.460	480	8.008	879722812988246728	879720521258289470	879720521254095165	15538	
1	C30H60O9	[M + H]+	C30H61O9+		0.982	129.417	129.417	0.000	28	0.761	5.979	5.979	-0.725		565.431	504	8.400	879722927870234442	879720520985659702	879720520981465397	13687	
1	C46H85N11O8	[M + Na]+	C46H85N11NaO8+		0.502	22.874	22.874	0.000	10	0.278	-2.089	2.945	3.841		942.651	535	8.918	879723241893582252	879720521929378138	879720521929378137	34066	
1	C4H7ClNO	[M + K]+	C4H7ClKNO+		0.999	45.410	45.410	0.000	10	0.233	5.169	11.343	7.078		158.986	648	10.805	879722832542092164	879720519547013390	879720519542819085	5831	
1	C21H37N7O10	[M + H]+	C21H38N7O10+		0.857	119.653	119.653	0.000	38	0.824	0.986	1.546	-0.669		548.267	48	0.796	879723742999069493	879723357773218420	879723357773218419	5836	
1	C16H23N5O5	[M + H]+	C16H24N5O5+		0.981	66.377	66.377	0.000	21	0.990	0.814	1.674	-2.718		366.176	56	0.925	879723903380865897	879723359794873024	879723359794873023	34080	
1	C10H19N3O4	[M + H]+	C10H20N3O4+		1.000	141.396	141.396	0.000	31	0.728	1.210	1.555	-0.945		246.145	59	0.989	879723727555642155	879723358012293756	879723358008099451	7143	
1	C22H42N4O8	[M + Na]+	C22H42N4NaO8+		0.410	105.779	105.779	0.000	41	0.910	0.688	1.479	-3.672		513.288	63	1.053	879723513012798200	879723359253807784	879723359249613479	16789	
1	C14H25N3O6	[M + H]+	C14H26N3O6+		1.000	60.327	60.327	0.000	15	0.951	0.862	1.482	-12.680		332.177	86	1.432	879723381580088023	879723359383831212	879723359383831211	18123	
1	C23H39N7O8	[M + H]+	C23H40N7O8+		0.939	103.868	103.868	0.000	40	0.947	1.399	1.697	-8.829		542.289	90	1.495	879723936796885875	879723359757124280	879723359757124279	25149	
1	C20H36N6O5	[M + K]+	C20H36KN6O5+		0.996	126.965	126.965	0.000	43	0.927	0.862	1.590	2.971		479.239	92	1.529	879723505572102894	879723357311844964	879723357307650659	3655	
1	C20H25Br4N7O6	[M + H]+	C20H26Br4N7O6+		0.988	130.063	130.063	0.000	47	0.932	0.072	2.268	-6.259		775.862	98	1.634	879723782912066367	879723357437674088	879723357433479783	4142	
1	C28H47N7O12	[M + H]+	C28H48N7O12+		0.928	196.491	196.491	0.000	55	0.975	1.391	1.678	7.049		674.340	100	1.666	879724552105477021	879723358335255176	879723358331060871	9655	
1	C29H37N7O8	[M + H]+	C29H38N7O8+		0.621	140.575	140.575	0.000	44	0.904	1.199	1.458	6.635		612.282	101	1.689	879724286442455943	879723357882270328	879723357878076023	6445	
1	C22H34N2O7	[M + Na]+	C22H34N2NaO7+		0.815	187.598	187.598	0.000	48	0.953	1.590	1.917	-0.482		461.226	101	1.691	879723886410711903	879723358716936856	879723358712742551	12820	
1	C36H59N5O15	[M + H]+	C36H60N5O15+		0.670	42.196	42.196	0.000	18	0.921	0.903	1.413	3.810		802.411	116	1.938	879723629639615245	879723358230397572	879723358226203267	8797	
1	C30H38N6O5	[M + H]+	C30H39N6O5+		0.591	96.155	96.155	0.000	27	0.845	0.760	1.709	-6.293		563.294	117	1.954	879723714679128865	879723356590424656	879723356582036047	1097	
1	C12H10BrN2O3S2	[M + K]+	C12H10BrKN2O3S2+		0.987	48.706	48.706	0.000	12	0.152	1.364	1.505	-10.632		411.890	127	2.122	879723798011560778	879723358976983712	879723358968595103	14657	
1	C26H35N5O8	[M + H]+	C26H36N5O8+		0.834	52.833	52.833	0.000	18	0.890	1.323	1.611	1.575		546.257	142	2.366	879723694160593687	879723357181821536	879723357177627231	3194	
1	C59H119N5O10	[M + H]+	C59H120N5O10+		0.343	30.502	30.502	0.000	15	0.784	1.264	1.264	2.388		1058.906	181	3.025	879723403902173922	879723357060186716	879723357055992411	2741	
1	C21H40N10O6	[M + Na]+	C21H40N10NaO6+		0.584	84.263	84.263	0.000	27	0.854	0.603	2.276	-5.713		551.299	182	3.034	879723519534940931	879723357668360816	879723357664166511	5276	
1	C19H31N3O7	[M + H]+	C19H32N3O7+		0.523	86.244	86.244	0.000	26	0.894	0.984	1.693	-9.118		414.220	210	3.502	879723951514698621	879723356762391124	879723356754002515	1709	
1	C58H67N9O8	[M + H]+	C58H68N9O8+		0.658	98.252	98.252	0.000	19	0.589	1.284	2.023	10.273		1018.529	228	3.803	879724570837238695	879723359115395748	879723359111201443	15541	
1	C39H54N6O8	[M + H]+	C39H55N6O8+		0.835	58.186	58.186	0.000	15	0.838	1.232	1.918	9.669		735.415	258	4.301	879723799466984277	879723359778095804	879723359778095803	29034	
1	C31H30F18N4O8S2	[M + K]+	C31H30F18KN4O8S2+		0.999	28.556	28.556	0.000	17	0.773	2.738	3.668	13.847		1031.099	260	4.327	879724697912066994	879723358129734272	879723358125539967	8000	
1	C12H19Br4NO10	[M + K]+	C12H19Br4KNO10+		0.500	42.782	42.782	0.000	11	0.635	8.197	8.197	-6.220		691.733	273	4.555	879724545704969107	879723359513854640	879723359509660335	19980	
1	C80H98N8O6	[M + K]+	C80H98KN8O6+		0.931	33.185	33.185	0.000	18	0.789	2.357	3.412	-2.291		1305.721	273	4.558	879725310519526535	879723357550920300	879723357546725995	4740	
1	C37H52N6O11	[M + H]+	C37H53N6O11+		0.943	58.954	58.954	0.000	14	0.844	1.386	1.606	2.399		757.379	280	4.663	879725410935364154	879723358834377372	879723358830183067	13698	
1	C4HOPS7	[M + K]+	C4HKOPS7+		0.285	-3.016	-3.016	0.000	0	0.000			0.679		358.744	486	8.098	879724853965341682	879723358519804560	879723358515610255	11191	
1	C36H63NO6	[M + Na]+	C36H63NNaO6+		0.906	56.307	56.307	0.000	16	0.792	8.545	8.545	1.815		628.456	502	8.367	879725087592268830	879723359639683764	879723359635489459	22161	
1	C32H45B10N5O5	[M + H]+	C32H46B10N5O5+		0.687	35.074	35.074	0.000	10	0.510	8.798	8.798	5.855		680.483	602	10.035	879725140595688499	879723358624662164	879723358620467859	11987	
1	C5H7ClN2O	[M + K]+	C5H7ClKN2O+		0.665	130.927	130.927	0.000	28	0.402	-9.993	13.677	-11.074		184.986	648	10.800	879725108639286313	879723356913386072	879723356909191767	2264	
1	C2H5ClN3OS	[M + H]+	C2H6ClN3OS+		0.999	42.554	42.554	0.000	9	0.360	-7.764	18.162	-10.078		154.990	655	10.914	879725329167402129	879723356338766412	879723356309406283	290	
1	C17H27N5O4	[M + H]+	C17H28N5O4+		1.000	121.355	121.355	0.000	39	0.893	1.788	2.040	0.872		366.214	48	0.797	879725623239577090	879725570164854223	879725570160659918	15556	
1	C11H20N2O3	[M + H]+	C11H21N2O3+		1.000	108.204	108.204	0.000	24	0.969	0.862	1.549	1.008		229.155	82	1.359	879726463165730397	879725569921584583	879725569917390278	13715	
1	C28H39N7O5	[M + Na]+	C28H39N7NaO5+		0.907	120.346	120.346	0.000	48	0.950	0.725	1.470	-14.729		576.282	88	1.464	879726225696820798	879725567132372355	879725567123983746	2268	
1	C19H34N4O8	[M + H]+	C19H35N4O8+		0.994	179.061	179.061	0.000	47	0.860	2.514	2.609	1.251		447.246	89	1.482	879726304117722696	879725567644077455	879725567639883150	3657	
1	C19H33N7O5	[M + H]+	C19H34N7O5+		0.993	119.965	119.965	0.000	40	0.951	1.149	2.056	3.876		440.263	96	1.608	879725952760876586	879725569279856051	879725569275661746	9656	
1	C20H27N3O5	[M + H]+	C20H28N3O5+		0.697	150.170	150.170	0.000	48	0.976	1.420	1.962	7.054		390.205	106	1.763	879726559152377447	879725569007226283	879725569003031978	8001	
1	C34H49N3O8	[M + K]+	C34H49KN3O8+		0.895	75.800	75.800	0.000	13	0.653	0.819	5.845	7.468		666.320	108	1.807	879725942375779872	879725569556680123	879725569552485818	11221	
1	C18H28N6O5	[M + H]+	C18H29N6O5+		0.998	155.944	155.944	0.000	48	0.961	1.554	1.856	2.457		409.220	111	1.858	879725746753441292	879725568269028767	879725568264834462	5838	
1	C33H48N6O11	[M + H]+	C33H49N6O11+		0.484	146.459	146.459	0.000	50	0.933	0.972	1.699	-13.444		705.336	113	1.892	879727558394973830	879725570286489043	879725570282294738	16797	
1	C45H63N9O15	[M + H]+	C45H64N9O15+		0.777	59.694	59.694	0.000	23	0.945	2.496	2.496	-2.513		970.449	118	1.971	879725822322216470	879725567316921735	879725567312727430	2746	
1	C12H16Br4FN3O4	[M + H]+	C12H17Br4FN3O4+		0.981	89.597	89.597	0.000	32	0.762	2.264	2.264	4.472		601.796	136	2.263	879725990438309428	879725566733913467	879725566721330554	1101	
1	C37H53N5O9	[M + H]+	C37H54N5O9+		0.837	62.460	62.460	0.000	16	0.793	-0.323	1.200	-2.112		712.390	156	2.592	879728194914160346	879725570043219403	879725570034830794	14666	
1	C35H51N7O11	[M + H]+	C35H52N7O11+		1.000	102.414	102.414	0.000	40	0.913	0.374	1.724	-2.052		746.370	162	2.698	879728005721689754	879725567967038871	879725567958650262	4742	
1	C33H54N6O9	[M + H]+	C33H55N6O9+		0.994	128.323	128.323	0.000	41	0.877	1.148	1.470	6.029		679.407	213	3.555	879726783816076913	879725569422462391	879725569418268086	10354	
1	C45H67N11O11S	[M + H]+	C45H68N11O11S+		0.417	108.911	108.911	0.000	29	0.704	2.486	2.744	6.080		970.487	215	3.584	879727816898317968	879725568122228123	879725568118033818	5295	
1	C17H21Br3N4O6S	[M + H]+	C17H22Br3N4O6S+		0.888	69.559	69.559	0.000	27	0.679	1.035	1.590	-11.700		646.873	226	3.767	879726951282052732	879725570789805547	879725570789805546	34088	
1	C40H65N13O11	[M + H]+	C40H66N13O11+		0.576	66.746	66.746	0.000	14	0.799	0.066	1.051	4.946		904.504	247	4.119	879728061044559525	879725570743668195	879725570739473890	25246	
1	C26H31Br4N5O5	[M + H]+	C26H32Br4N5O5+		0.350	46.176	46.176	0.000	27	0.780	1.909	2.668	-1.412		809.912	252	4.196	879726458019319378	879725570768834023	879725570764639718	29058	
1	C13H15NO2	[M + H]+	C13H16NO2+		0.610	7.135	7.135	0.000	2	0.079	-1.404	5.707	3.415		218.118	367	6.125	879728070544658095	879725570622033375	879725570617839070	22165	
1	C19H33N3O2	[M + H]+	C19H34N3O2+		0.995	21.643	21.643	0.000	3	0.124	3.925	3.925	-6.108		336.263	392	6.528	879728084046122682	879725567484693899	879725567480499594	3196	
1	C59H74O9	[M + H]+	C59H75O9+		0.541	45.514	45.514	0.000	8	0.715	0.839	2.005	12.764		927.552	401	6.687	879728192049450704	879725569678314943	879725569674120638	11988	
1	C37H72F3N3O7	[M + H]+	C37H73F3N3O7+		0.994	22.980	22.980	0.000	9	0.367	2.197	2.197	10.689		728.547	487	8.122	879728165017161414	879725569145638319	879725569141444014	8814	
1	C35H65N5O11	[M + H]+	C35H66N5O11+		0.453	23.183	23.183	0.000	5	0.377	-2.493	2.493	-2.641		732.473	507	8.447	879728419456224997	879725570395540951	879725570391346646	18131	
1	C41H70N4O8	[M + K]+	C41H70KN4O8+		0.463	11.777	11.777	0.000	2	0.103	-2.607	2.607	9.646		785.490	639	10.658	879728534782807917	879725568571018663	879725568566824358	7146	
1	C3H5O2PS	[M + Na]+	C3H5NaO2PS+		0.757	16.903	16.903	0.000	2	0.642	3.750	3.750	-0.678		158.964	641	10.683	879728641607548408	879725568411635107	879725568407440802	6459	
1	C59H95N11O15	[M + H]+	C59H96N11O15+		0.737	91.645	91.645	0.000	39	0.861	1.173	1.682	-11.669		1198.694	642	10.700	879728689418419724	879725567807655315	879725567799266706	4151	
1	C3H7N2OS	[M + K]+	C3H7KN2OS+		1.000	38.803	38.803	0.000	11	0.257	-1.022	11.140	-16.248		157.989	653	10.875	879728653712309762	879725569804144067	879725569799949762	12831	
1	C7H14NO2	[M + Na]+	C7H14NNaO2+		1.000	48.286	48.286	0.000	8	0.829	17.441	17.441	-10.619		167.090	35	0.585	879729537355414279	879729345088518677	879729345050769940	305	
1	C8H17N5O4	[M + H]+	C8H18N5O4+		1.000	143.201	143.201	0.000	40	0.827	5.697	7.856	-10.601		248.133	41	0.675	879729888892615473	879729346770434617	879729346766240312	5296	
1	C13H17N3O3	[M + H]+	C13H18N3O3+		0.502	39.618	39.618	0.000	7	0.781	1.306	1.306	-10.100		264.132	72	1.207	879729396850424491	879729347315694153	879729347311499848	8010	
1	C25H36F2N4O6	[M + Na]+	C25H36F2N4NaO6+		0.568	199.602	199.602	0.000	55	0.956	2.541	3.059	-4.209		549.247	96	1.606	879730030370683719	879729345969322533	879729345965128228	2747	
1	C18H32N4O7S	[M + H]+	C18H33N4O7S+		0.981	103.190	103.190	0.000	35	0.929	0.512	3.492	-2.998		449.205	101	1.677	879729475791420136	879729348855003761	879729348846615152	16800	
1	C38H52N6O11	[M + H]+	C38H53N6O11+		0.545	106.840	106.840	0.000	17	0.582	3.664	5.898	-3.877		769.374	126	2.100	879730474325179460	879729348003560033	879729347999365728	12836	
1	C22H31N5O6	[M + H]+	C22H32N5O6+		0.857	87.062	87.062	0.000	20	0.700	-0.306	5.420	-5.214		462.232	137	2.282	879729560461835035	879729348754340461	879729348750146156	15558	
1	C23H33N3O4	[M + H]+	C23H34N3O4+		0.991	85.390	85.390	0.000	22	0.909	1.060	1.355	9.410		416.258	147	2.442	879729523950418674	879729348951472757	879729348951472756	18149	
1	C25H35N3O6	[M + H]+	C25H36N3O6+		0.786	47.925	47.925	0.000	16	0.949	1.962	1.962	3.664		474.262	162	2.693	879729389489420961	879729349148605053	879729349148605052	22195	
1	C44H59N5O6	[M + H]+	C44H60N5O6+		0.862	122.907	122.907	0.000	46	0.926	0.557	1.318	-0.677		754.453	164	2.731	879729865924606759	879729345617000989	879729345608612380	1721	
1	C30H44N4O6	[M + H]+	C30H45N4O6+		0.635	44.225	44.225	0.000	14	0.921	1.060	1.907	-2.802		557.332	174	2.906	879729420682459830	879729347181476421	879729347177282116	7147	
1	C21H33N3O4S	[M + H]+	C21H34N3O4S+		0.916	155.992	155.992	0.000	44	0.920	0.384	1.862	-5.077		424.224	181	3.016	879729530778745597	879729346418113073	879729346413918768	4159	
1	C17H28FN3O7	[M + Na]+	C17H28FN3NaO7+		0.575	68.918	68.918	0.000	25	0.962	-3.836	4.892	9.461		428.184	184	3.066	879729427066190528	879729347902896733	879729347898702428	11994	
1	C35H26N4O15S4	[M + K]+	C35H26KN4O15S4+		1.000	42.991	42.991	0.000	22	0.863	0.526	1.206	10.772		909.001	197	3.277	879729443835017940	879729345797356065	879729345793161760	2269	
1	C34H45N5O7	[M + H]+	C34H46N5O7+		0.983	67.863	67.863	0.000	23	0.945	-0.777	1.915	6.168		636.343	202	3.363	879730070711499601	879729345424063001	879729345415674392	1104	
1	C32H43Br4N7O8	[M + H]+	C32H44Br4N7O8+		0.566	47.901	47.901	0.000	12	0.474	0.695	1.945	-8.491		969.990	203	3.386	879729949101849404	879729346913040957	879729346908846652	5856	
1	C42H86N4O2	[M + H]+	C42H87N4O2+		1.000	77.981	77.981	0.000	35	0.835	-0.251	6.204	2.568		679.684	203	3.389	879729428177681098	879729346124511785	879729346116123176	3201	
1	C9H12N2O5	[M + H]+	C9H13N2O5+		0.998	39.282	39.282	0.000	11	0.555	2.436	5.135	-6.102		229.081	212	3.533	879729548038306577	879729347668015701	879729347659627092	10355	
1	C21H38N4O5S	[M + H]+	C21H39N4O5S+		0.409	47.703	47.703	0.000	18	0.900	1.558	1.558	9.868		459.268	227	3.781	879729475560733406	879729347428940365	879729347424746060	8816	
1	C18H37NO	[M + H]+	C18H38NO+		0.999	8.440	8.440	0.000	2	0.163	1.245	2.783	0.734		284.295	384	6.404	879729560960957221	879729348641094249	879729348632705640	14676	
1	C27H46O9	[M + H]+	C27H47O9+		0.997	153.414	153.414	0.000	28	0.733	2.628	2.628	2.213		515.323	455	7.580	879730235459566428	879729347781261913	879729347777067608	11226	
1	C16H33N5O7	[M + H]+	C16H34N5O7+		0.988	56.106	56.106	0.000	15	0.992	1.489	3.656	-2.388		408.244	484	8.061	879730404154473342	879729347558963793	879729347550575184	9675	
1	C38H74NO7P	[M + H]+	C38H75NO7P+		0.972	99.960	99.960	0.000	29	0.776	1.938	2.695	-14.040		688.518	485	8.089	879730515576159320	879729347051452993	879729347043064384	6464	
1	C40H86N4O7	[M + H]+	C40H87N4O7+		0.875	26.156	26.156	0.000	6	0.563	5.750	5.750	2.545		735.659	507	8.454	879730529119566947	879729349266045573	879729349261851268	29099	
1	C39H68N6O9	[M + H]+	C39H69N6O9+		0.571	243.521	243.521	0.000	51	0.921	2.125	2.125	12.862		765.522	641	10.684	879730538913266802	879729346606856757	879729346602662452	4748	
1	C5H10BBrClFN2O3	[M + K]+	C5H10BBrClFKN2O3+		0.573	27.439	27.439	0.000	16	0.818	-2.045	7.091	4.482		327.932	647	10.775	879730499969154126	879729349245074049	879729349236685440	25260	
1	C4H6N3P	[M + K]+	C4H6KN3P+		0.647	6.561	6.561	0.000	4	0.309	6.491	6.491	-11.398		165.991	648	10.805	879730545900977326	879729349052136057	879729349047941752	20038	
1	C19H35NO4	[M + H]+	C19H36NO4+		1.000	96.373	96.373	0.000	31	0.838	0.312	1.564	-0.541		342.264	65	1.083	879732451688379185	879731896282837700	879731896274449091	9677	
1	C11H15Br2FN2O6S	[M + H]+	C11H16Br2FN2O6S+		1.000	182.365	182.365	0.000	32	0.645	0.337	2.085	-4.442		480.905	80	1.332	879732613114557272	879731894064050848	879731894059856543	3662	
1	C25H37N5O9	[M + H]+	C25H38N5O9+		0.933	69.396	69.396	0.000	14	0.967	0.266	1.958	4.157		552.269	81	1.343	879732010053333789	879731898472264432	879731898468070127	22223	
1	C17H22N4O3	[M + H]+	C17H23N4O3+		0.412	70.646	70.646	0.000	25	0.798	0.279	1.695	-5.336		331.175	81	1.344	879733654098867085	879731898640036596	879731898635842291	25286	
1	C24H37N3O6S	[M + Na]+	C24H37N3NaO6S+		0.946	166.038	166.038	0.000	47	0.969	0.289	2.623	1.105		518.230	87	1.455	879732505643905870	879731894684807848	879731894676419239	4751	
1	C29H49N7O7	[M + H]+	C29H50N7O7+		0.983	72.761	72.761	0.000	22	0.844	1.044	1.802	-3.983		608.374	115	1.913	879732807377941356	879731897356579544	879731897352385239	13726	
1	C21H37N7O7	[M + Na]+	C21H37N7NaO7+		0.373	69.376	69.376	0.000	14	0.834	1.148	2.360	10.785		522.270	126	2.101	879731965644043027	879731897729872608	879731897725678303	15568	
1	C34H45N5O7	[M + H]+	C34H46N5O7+		0.976	142.874	142.874	0.000	49	0.905	0.502	1.790	7.739		636.344	152	2.540	879734110057460700	879731893103555220	879731893095166611	2271	
1	C31H53N7O8	[M + H]+	C31H54N7O8+		0.997	60.924	60.924	0.000	23	0.964	0.862	1.406	1.628		652.404	156	2.605	879733685811999639	879731898296103660	879731898291909355	20050	
1	C23H38FN3O4	[M + H]+	C23H39FN3O4+		0.949	139.242	139.242	0.000	49	0.943	-0.584	1.611	10.422		440.297	174	2.903	879733958508868539	879731891786543752	879731891732017799	319	
1	C29H49N5O9	[M + H]+	C29H50N5O9+		0.884	177.183	177.183	0.000	50	0.948	0.586	1.257	-6.213		612.357	175	2.911	879732429500511015	879731895389450932	879731895385256627	6467	
1	C9H17Br3N2O5S	[M + K]+	C9H17Br3KN2O5S+		1.000	119.378	119.378	0.000	21	0.473	0.524	1.272	4.647		540.807	191	3.189	879732462459351867	879731892365357708	879731892348580491	1105	
1	C44H48Br3N5O10	[M + H]+	C44H49Br3N5O10+		0.109	62.399	62.399	0.000	16	0.527	2.670	3.470	-7.859		1044.094	192	3.201	879733628316480385	879731894940660396	879731894936466091	5298	
1	C43H68N12O14	[M + H]+	C43H69N12O14+		0.736	85.047	85.047	0.000	20	0.749	0.944	4.123	4.837		977.510	229	3.824	879732492503151428	879731896513524424	879731896509330119	10357	
1	C36H63N11O8	[M + Na]+	C36H63N11NaO8+		0.685	83.900	83.900	0.000	33	0.860	0.278	1.598	-2.160		800.474	240	4.005	879732722447479650	879731895615943352	879731895607554743	7153	
1	C15H21Br4N5O3	[M + H]+	C15H22Br4N5O3+		1.000	33.267	33.267	0.000	20	0.803	3.026	4.031	1.943		635.846	241	4.023	879732834670277494	879731898681979644	879731898677785339	34121	
1	C15H31NO	[M + H]+	C15H32NO+		1.000	18.593	18.593	0.000	2	0.519	3.958	3.958	2.720		242.249	339	5.648	879733752652428194	879731897163641556	879731897159447251	12837	
1	C22H41NO2	[M + H]+	C22H42NO2+		0.672	10.272	10.272	0.000	2	0.475	-1.436	2.517	-2.288		352.320	423	7.044	879733822214960048	879731897545323228	879731897532740315	14680	
1	C6H14ClFN2O2	[M + Na]+	C6H14ClFN2NaO2+		0.957	39.480	39.480	0.000	15	0.906	-2.131	2.689	7.602		223.064	447	7.445	879733818737882021	879731896039568064	879731896035373759	8822	
1	C22H45NO3	[M + H]+	C22H46NO3+		1.000	48.148	48.148	0.000	6	0.824	1.419	2.309	0.213		372.347	452	7.534	879734097323553735	879731896958120656	879731896949732047	11995	
1	C20H36O4	[M + H]+	C20H37O4+		1.000	37.898	37.898	0.000	10	0.394	0.174	3.233	-7.724		341.266	460	7.664	879734107268248529	879731893418128024	879731893409739415	2749	
1	C17H44N7O	[M + Na]+	C17H44N7NaO+		1.000	25.967	25.967	0.000	5	0.372	-3.253	3.253	1.934		385.351	502	8.373	879734119641445350	879731898661008120	879731898656813815	29226	
1	C45H69NO10	[M + H]+	C45H70NO10+		0.490	59.008	59.008	0.000	13	0.689	1.062	4.443	-4.874		784.496	503	8.388	879734382100018199	879731897910227684	879731897906033379	16819	
1	C38H58N6O4	[M + Na]+	C38H58N6NaO4+		0.493	12.059	12.059	0.000	4	0.253	-9.533	9.533	-10.030		685.434	621	10.350	879734297089864698	879731895829852860	879731895825658555	8018	
1	C39H70NO8P	[M + H]+	C39H71NO8P+		1.000	186.634	186.634	0.000	40	0.815	2.104	2.246	-3.483	PE(18:3_16:1)	712.489	638	10.634	879734301724570629	879731895162958512	879731895158764207	5860	
1	C39H68BN7O5	[M + K]+	C39H68BKN7O5+		0.813	19.346	19.346	0.000	6	0.477	4.788	9.577	6.564		763.509	639	10.650	879734508210159716	879731893741089436	879731893736895131	3203	
1	C21H36N6O8	[M + H]+	C21H37N6O8+		0.994	161.995	161.995	0.000	50	0.966	0.746	1.839	0.921		501.267	37	0.624	879734962072299620	879734661206485000	879734661202290695	15570	
1	C11H19N3O3	[M + H]+	C11H20N3O3+		1.000	179.976	179.976	0.000	25	0.449	1.708	2.434	1.165		242.150	56	0.937	879734711336806470	879734661898545176	879734661894350871	22229	
1	C29H41N5O9	[M + H]+	C29H42N5O9+		0.819	87.767	87.767	0.000	22	0.816	1.210	1.294	5.950		604.301	59	0.988	879735698382366860	879734659109332960	879734659105138655	7165	
1	C13H26N6O6	[M + H]+	C13H27N6O6+		0.775	42.605	42.605	0.000	15	0.802	2.880	3.915	5.344		363.201	60	1.006	879734704680446011	879734658891229148	879734658882840539	6476	
1	C25H44N8O10	[M + H]+	C25H45N8O10+		1.000	172.926	172.926	0.000	50	0.941	1.430	1.753	7.587		617.330	71	1.179	879735473538312312	879734660380207096	879734660376012791	11998	
1	C15H30N6O4	[M + K]+	C15H30KN6O4+		0.975	141.334	141.334	0.000	46	0.925	1.772	2.120	-8.841		397.193	84	1.406	879734780203083856	879734658211751888	879734658207557583	4754	
1	C15H33N3O8	[M + H]+	C15H34N3O8+		0.953	100.581	100.581	0.000	36	0.708	0.083	2.023	-2.190		384.233	106	1.772	879735022407362670	879734657205118912	879734657200924607	2750	
1	C26H40N6O10	[M + H]+	C26H41N6O10+		0.975	60.828	60.828	0.000	17	0.923	1.149	1.403	-5.639		597.285	127	2.109	879735902846298329	879734656647276472	879734656638887863	1729	
1	C10H12F3N3O4	[M + K]+	C10H12F3KN3O4+		0.147	16.397	16.397	0.000	2	0.927	-2.752	2.752	-3.738		334.040	136	2.270	879735713733519510	879734660988381188	879734660979992579	14682	
1	C21H38N4O5	[M + H]+	C21H39N4O5+		0.989	106.695	106.695	0.000	35	0.925	0.800	1.822	0.242		427.292	158	2.626	879735764060973217	879734661730773012	879734661726578707	20069	
1	C21H41N5O7	[M + Na]+	C21H41N5NaO7+		1.000	144.429	144.429	0.000	49	0.971	0.560	3.026	-13.686		498.283	162	2.697	879735569176832130	879734656928294844	879734656919906235	2274	
1	C22H30N4O5	[M + H]+	C22H31N4O5+		0.953	89.688	89.688	0.000	24	0.944	1.221	1.305	3.023		431.230	164	2.738	879734821181433946	879734660187269108	879734660178880499	11234	
1	C37H55N7O9	[M + H]+	C37H56N7O9+		0.975	176.112	176.112	0.000	51	0.960	1.015	1.874	-6.739		742.408	178	2.959	879735875277138117	879734659331631076	879734659327436771	8028	
1	C32H53N5O14	[M + H]+	C32H54N5O14+		0.724	142.487	142.487	0.000	46	0.958	0.803	1.657	-11.576		732.358	178	2.962	879735867584784571	879734655888107440	879734655841970095	321	
1	C10H18N2O	[M + H]+	C10H19N2O+		1.000	74.753	74.753	0.000	9	0.527	2.504	2.504	0.057		183.149	197	3.284	879735852472707255	879734661391034380	879734661386840075	16821	
1	C21H34N4O5	[M + H]+	C21H35N4O5+		0.762	49.335	49.335	0.000	15	0.895	1.145	1.145	10.403		423.265	213	3.542	879735849306007725	879734657729406920	879734657721018311	3663	
1	C18H21Br4N3O3	[M + H]+	C18H22Br4N3O3+		0.984	94.158	94.158	0.000	20	0.659	0.749	1.373	-2.045		643.838	240	3.992	879735896429013199	879734662095677476	879734662091483171	34269	
1	C22H40B4N6O3	[M + K]+	C22H40B4KN6O3+		0.585	36.493	36.493	0.000	13	0.812	2.159	4.601	4.666		515.334	416	6.925	879737192921934055	879734659960776688	879734659952388079	10371	
1	C62H96N10O4	[M + H]+	C62H97N10O4+		0.097	20.346	20.346	0.000	8	0.644	0.861	3.930	5.758		1045.775	445	7.419	879738362553936113	879734659751061484	879734659746867179	9678	
1	C27H53N9O5	[M + H]+	C27H54N9O5+		0.999	64.938	64.938	0.000	15	0.799	-0.156	2.036	4.034		584.427	483	8.055	879738493621742024	879734662053734428	879734662049540123	25358	
1	C42H81NO7	[M + Na]+	C42H81NNaO7+		0.337	48.207	48.207	0.000	12	0.621	2.008	2.301	2.553		734.592	531	8.849	879738461979912637	879734662074705952	879734662070511647	29294	
1	C4H6BBrN2O3	[M + H]+	C4H7BBrN2O3+		0.999	35.415	35.415	0.000	14	0.837	0.238	3.596	-2.239		219.976	647	10.778	879738501251181011	879734661558806544	879734661554612239	18184	
1	C5H8Cl2N2O	[M + H]+	C5H9Cl2N2O+		1.000	75.870	75.870	0.000	15	0.555	2.879	7.794	4.674		183.010	647	10.783	879738505437096413	879734657972676556	879734657964287947	4169	
1	C8H16Br4N2O3Si	[M + H]+	C8H17Br4N2O3Si+		1.000	89.668	89.668	0.000	20	0.281	0.758	2.301	-10.781		532.768	41	0.682	879749676146093342	879749327574264935	879749327565876326	5876	
1	C8H16N2O3	[M + Na]+	C8H16N2NaO3+		0.900	105.168	105.168	0.000	22	0.948	3.180	3.180	9.886		211.107	52	0.864	879749353671224525	879749327410687075	879749327406492770	5300	
1	C24H44N6O7	[M + H]+	C24H45N6O7+		0.976	133.973	133.973	0.000	52	0.932	1.498	2.293	4.677		529.337	54	0.900	879749650015579391	879749326924147799	879749326915759190	3667	
1	C6H3Br3O3	[M + K]+	C6H3Br3KO3+		0.659	-1.080	-1.080	0.000	0	0.000	-12.009	12.009	-13.012		398.721	91	1.511	879750351282236754	879749325619719231	879749325577776190	327	
1	C13H23N3O3S	[M + H]+	C13H24N3O3S+		0.690	41.666	41.666	0.000	15	0.954	0.553	1.804	-5.921		302.152	92	1.532	879749368040910039	879749328660589703	879749328656395398	12012	
1	C10H13Br4NO5	[M + H]+	C10H14Br4NO5+		0.894	0.962	0.962	0.000	2	0.077	2.969	2.969	7.545		543.764	96	1.608	879749347975359690	879749329042271379	879749329033882770	14692	
1	C19H26Br4N6O4	[M + H]+	C19H27Br4N6O4+		0.823	64.931	64.931	0.000	23	0.865	0.862	1.829	-4.838		718.879	104	1.734	879749372608507105	879749326743792723	879749326739598418	3205	
1	C19H16Br2N4O4	[M + H]+	C19H17Br2N4O4+		0.508	74.742	74.742	0.000	14	0.678	1.206	1.206	-10.145		522.956	126	2.094	879750317388066120	879749329302318235	879749329298123930	16823	
1	C29H49N7O7	[M + K]+	C29H49KN7O7+		0.456	168.668	168.668	0.000	51	0.889	1.149	2.120	-0.472		646.332	172	2.871	879750545134579036	879749325967846467	879749325959457858	1108	
1	C26H48N4O9	[M + Na]+	C26H48N4NaO9+		0.617	82.151	82.151	0.000	29	0.832	2.560	2.560	7.800		583.336	173	2.887	879749667732319508	879749328006278259	879749328002083954	8032	
1	C23H37N5O7	[M + H]+	C23H38N5O7+		0.993	126.767	126.767	0.000	42	0.903	2.488	2.535	3.073		496.278	176	2.929	879749540749765877	879749329642056871	879749329642056870	22251	
1	C11H18Br4N4O2	[M + Na]+	C11H18Br4N4NaO2+		0.997	72.761	72.761	0.000	20	0.489	2.969	4.901	-14.988		576.797	179	2.984	879749660052548873	879749329176489111	879749329172294806	15573	
1	C39H66N8O13	[M + H]+	C39H67N8O13+		0.709	92.161	92.161	0.000	37	0.922	0.862	1.828	-10.416		855.473	183	3.054	879750808150994291	879749327251303519	879749327247109214	4755	
1	C27H38N6O7	[M + H]+	C27H39N6O7+		0.966	58.765	58.765	0.000	15	0.950	1.085	1.868	-5.318		559.285	186	3.097	879749742227352884	879749330032127151	879749330027932846	29297	
1	C27H23N5O6S4	[M + K]+	C27H23KN5O6S4+		1.000	116.482	116.482	0.000	39	0.862	1.035	1.543	4.006		680.019	204	3.395	879749528691141867	879749326571826255	879749326567631950	2752	
1	C18H35N3O5	[M + Na]+	C18H35N3NaO5+		0.733	71.751	71.751	0.000	24	0.919	3.197	4.292	1.030		396.247	206	3.426	879749704608640297	879749327867866223	879749327863671918	7177	
1	C19H22Br4N2O3	[M + H]+	C19H23Br4N2O3+		0.980	38.161	38.161	0.000	26	0.718	0.775	1.551	8.917		642.849	233	3.888	879750572347223399	879749329423953055	879749329415564446	18196	
1	C50H72N10O11	[M + H]+	C50H73N10O11+		0.584	102.448	102.448	0.000	32	0.838	0.526	1.945	6.286		989.552	243	4.053	879750316549205310	879749328148884599	879749328144690294	8844	
1	C27H50N6O10	[M + H]+	C27H51N6O10+		0.793	99.542	99.542	0.000	29	0.882	0.819	1.985	0.455		619.366	255	4.242	879750980067126675	879749327725259883	879749327716871274	6483	
1	C15H24O5	[M + Na]+	C15H24NaO5+		0.510	4.760	4.760	0.000	1	0.119	-10.668	12.964	-0.308		307.152	279	4.642	879750813897190781	879749328916442255	879749328912247950	13732	
1	C7H10N2O2	[M + H]+	C7H11N2O2+		1.000	31.811	31.811	0.000	5	0.074	2.248	2.248	23.832		155.085	280	4.670	879750848273706377	879749329528810659	879749329524616354	20077	
1	C37H50N4O11	[M + H]+	C37H51N4O11+		0.707	38.469	38.469	0.000	14	0.856	0.836	2.268	2.908		727.357	351	5.855	879751115782221237	879749330048904371	879749330044710066	34303	
1	C13H20N6O	[M + H]+	C13H21N6O+		0.837	15.337	15.337	0.000	4	0.479	9.970	9.970	12.138		277.181	405	6.750	879751112376446378	879749330011155627	879749330006961322	25510	
1	C29H51NO6	[M + H]+	C29H52NO6+		0.994	24.818	24.818	0.000	4	0.632	0.659	3.988	-5.711		510.376	429	7.144	879750993367264671	879749328417320063	879749328413125758	10381	
1	C16H34O4	[M + H]+	C16H35O4+		1.000	78.000	78.000	0.000	18	0.928	2.962	2.962	-2.355		291.252	429	7.148	879751634659569090	879749328790613131	879749328786418826	12841	
1	C28H57NO6	[M + Na]+	C28H57NNaO6+		0.995	40.878	40.878	0.000	16	0.838	2.273	3.192	4.732		526.410	455	7.578	879751825584287180	879749327091919963	879749327083531354	4170	
1	C74H103N5O11S2	[M + H]+	C74H104N5O11S2+		0.799	32.356	32.356	0.000	18	0.723	0.353	2.026	-8.388		1302.706	465	7.749	879751919415061975	879749328534760579	879749328530566274	11237	
1	C27H43NO3	[M + H]+	C27H44NO3+		0.941	53.418	53.418	0.000	16	0.951	1.325	1.843	-1.326		430.331	497	8.275	879751962758999736	879749328291490939	879749328287296634	9679	
1	C13H23N3O5	[M + H]+	C13H24N3O5+		1.000	83.367	83.367	0.000	22	0.960	1.331	1.919	4.146		302.172	34	0.573	879752413214769973	879752364321768126	879752364313379517	3207	
1	C19H37N5O5	[M + K]+	C19H37KN5O5+		0.815	110.226	110.226	0.000	33	0.900	-1.194	3.520	-2.922		454.241	35	0.582	879752503207756618	879752365412287182	879752365408092877	5303	
1	C25H39N7O10	[M + H]+	C25H40N7O10+		0.980	108.096	108.096	0.000	24	0.718	1.674	1.905	-1.365		598.282	36	0.607	879754644752270257	879752366100153050	879752366095958745	7183	
1	C40H54N10O9	[M + H]+	C40H55N10O9+		0.760	24.272	24.272	0.000	11	0.951	0.155	1.233	1.221		819.416	51	0.855	879753661712270216	879752365169017546	879752365164823241	4766	
1	C15H26N4O5	[M + H]+	C15H27N4O5+		1.000	199.571	199.571	0.000	47	0.938	1.268	1.537	4.673		343.199	52	0.860	879752452788028224	879752367232615150	879752367224226541	11239	
1	C19H26N4O7	[M + H]+	C19H27N4O7+		0.889	38.902	38.902	0.000	14	0.923	1.085	1.244	-3.841		423.186	76	1.273	879753876401914781	879752368801284874	879752368792896265	18206	
1	C23H29N3O5	[M + H]+	C23H30N3O5+		0.957	87.820	87.820	0.000	31	0.785	0.997	1.911	-0.228		428.218	112	1.859	879753778246812562	879752362371416746	879752362321085097	337	
1	C15H24BN3O5	[M + Na]+	C15H24BN3NaO5+		0.656	147.201	147.201	0.000	51	0.980	0.455	3.881	-9.337		359.170	132	2.205	879753133603259241	879752368365077250	879752368360882945	15580	
1	C17H24N6O8	[M + H]+	C17H25N6O8+		0.679	43.583	43.583	0.000	11	0.964	2.616	3.220	4.673		441.175	133	2.219	879753151336776563	879752369443013402	879752369438819097	29337	
1	C37H54N6O7	[M + H]+	C37H55N6O7+		0.660	58.895	58.895	0.000	22	0.732	1.333	2.288	-5.715		695.409	136	2.260	879752591510438740	879752365873660630	879752365865272021	6485	
1	C35H56N6O13	[M + H]+	C35H57N6O13+		0.618	128.153	128.153	0.000	48	0.960	0.840	1.640	8.302		769.404	164	2.729	879754820162257851	879752363357078194	879752363348689585	1746	
1	C62H93N7O12	[M + K]+	C62H93KN7O12+		0.996	81.434	81.434	0.000	16	0.660	0.615	2.544	-3.325		1166.648	172	2.860	879753620822000509	879752366796407526	879752366788018917	9686	
1	C73H83N3O10	[M + K]+	C73H83KN3O10+		0.492	38.222	38.222	0.000	7	0.358	1.868	1.868	-3.002		1200.567	177	2.943	879753051696890718	879752364606980802	879752364598592193	3668	
1	C17H30N4O5S	[M + H]+	C17H31N4O5S+		1.000	166.453	166.453	0.000	48	0.959	2.061	2.119	-1.904		403.200	180	2.996	879754853381145542	879752369237492498	879752369233298193	22296	
1	C28H44N6O7	[M + H]+	C28H45N6O7+		0.999	154.056	154.056	0.000	44	0.897	0.781	1.230	0.131		577.335	187	3.123	879755086878049233	879752363688428214	879752363680039605	2279	
1	C60H71N5O8	[M + H]+	C60H72N5O8+		0.284	90.131	90.131	0.000	30	0.903	0.165	1.504	1.271		990.539	230	3.831	879755392357598171	879752367014511338	879752367010317033	10382	
1	C61H73N5O7	[M + H]+	C61H74N5O7+		0.738	73.813	73.813	0.000	21	0.817	0.603	1.174	3.565		988.562	245	4.080	879755544266900454	879752366582498018	879752366578303713	8857	
1	C31H50N8O9	[M + H]+	C31H51N8O9+		0.803	119.594	119.594	0.000	34	0.818	0.610	2.247	-9.202		679.371	246	4.105	879754288232235943	879752368163750654	879752368151167741	14697	
1	C52H71N7O12	[M + H]+	C52H72N7O12+		0.661	104.883	104.883	0.000	17	0.716	0.870	1.008	-2.379		986.521	254	4.225	879755737976636411	879752369422041878	879752369417847573	25573	
1	C19H26Br3N7O6S	[M + H]+	C19H27Br3N7O6S+		0.997	51.536	51.536	0.000	18	0.741	0.462	1.448	2.068		717.930	274	4.565	879755579952038897	879752367522022130	879752367517827825	12028	
1	C65H78N4O8	[M + H]+	C65H79N4O8+		0.606	36.887	36.887	0.000	8	0.678	1.628	2.301	-4.352		1043.585	292	4.861	879756552728582400	879752368587375366	879752368578986757	16825	
1	C15H16N2S	[M + H]+	C15H17N2S+		0.220	3.640	3.640	0.000	3	0.117	4.300	10.818	-0.373		257.111	397	6.620	879755898698171486	879752369002611470	879752368998417165	20080	
1	C18H25N3O5	[M + H]+	C18H26N3O5+		0.997	52.417	52.417	0.000	10	0.514	3.028	3.281	1.380		364.187	422	7.028	879755927781475432	879752367735931638	879752367727543029	12871	
1	C26H39N5O2	[M + Na]+	C26H39N5NaO2+		0.801	14.198	14.198	0.000	5	0.170	4.758	8.124	-4.401		476.298	477	7.956	879756024405656855	879752366330839774	879752366322451165	8037	
1	C34H69NO4	[M + Na]+	C34H69NNaO4+		0.419	10.171	10.171	0.000	4	0.434	4.502	4.502	5.565		578.515	494	8.238	879756028126004513	879752367941452538	879752367933063929	13746	
1	C30H54B6N2O6Si	[M + H]+	C30H55B6N2O6Si+		0.600	74.325	74.325	0.000	17	0.757	-0.067	1.779	-6.235		627.456	499	8.312	879756100746184101	879752365638779602	879752365634585297	5879	
1	C38H55NO10	[M + H]+	C38H56NO10+		0.759	152.911	152.911	0.000	39	0.927	3.164	3.223	-2.147		686.388	514	8.569	879756724288198922	879752369463984926	879752369459790621	34361	
1	C28H34N4O7	[M + Na]+	C28H34N4NaO7+		0.608	196.644	196.644	0.000	47	0.930	-0.313	1.856	4.151		561.234	36	0.603	879757708005913065	879756897473442216	879756897469247911	22300	
1	C11H25N2O2	[M + Na]+	C11H25N2NaO2+		0.712	47.382	47.382	0.000	13	0.834	0.152	2.103	-0.932		240.181	38	0.638	879756928905556427	879756895808303496	879756895804109191	12032	
1	C14H18N2O5	[M + H]+	C14H19N2O5+		0.993	60.620	60.620	0.000	16	0.920	2.537	2.537	-1.857		295.128	77	1.277	879757832836788744	879756894910722420	879756894906528115	8041	
1	C28H43N5O9	[M + Na]+	C28H43N5NaO9+		0.610	94.564	94.564	0.000	29	0.882	1.856	2.258	-3.405		616.293	87	1.447	879757811059962366	879756892566106444	879756892557717835	2287	
1	C13H20N4O3S	[M + H]+	C13H21N4O3S+		0.969	118.203	118.203	0.000	19	0.683	2.056	2.391	14.729		313.138	105	1.749	879757746979385844	879756897704128944	879756897699934639	29361	
1	C12H17Br4N3O4	[M + H]+	C12H18Br4N3O4+		1.000	143.211	143.211	0.000	28	0.530	1.512	2.260	-12.557		583.795	117	1.956	879756947117224405	879756895284015484	879756895279821179	9691	
1	C31H36N4O5	[M + H]+	C31H37N4O5+		0.769	142.451	142.451	0.000	44	0.765	1.617	1.947	2.115		545.277	123	2.053	879759941036585570	879756891815326020	879756891806937411	1130	
1	C19H34N2O4	[M + K]+	C19H34KN2O4+		0.959	138.432	138.432	0.000	37	0.815	0.855	4.266	23.356		393.224	124	2.067	879756998921073119	879756894063472996	879756894055084387	5321	
1	C12H27N7O6	[M + H]+	C12H28N7O6+		0.606	69.744	69.744	0.000	25	0.956	1.550	1.939	-1.797		366.209	132	2.194	879759538437927483	879756893841174880	879756893836980575	4784	
1	C15H21N5O4	[M + H]+	C15H22N5O4+		0.975	36.618	36.618	0.000	14	0.919	0.289	0.941	-0.389		336.167	161	2.689	879759795372601934	879756896257094032	879756896248705423	13754	
1	C38H82N4	[M + Na]+	C38H82N4Na+		1.000	55.073	55.073	0.000	24	0.606	-1.496	5.737	11.707		617.650	204	3.403	879759399866511927	879756897074983328	879756897066594719	18224	
1	C40H49N7O6	[M + H]+	C40H50N7O6+		0.474	109.298	109.298	0.000	34	0.861	0.117	1.134	0.816		724.382	226	3.758	879759397429621293	879756895636337028	879756895632142723	11245	
1	C4H8BCl2NO	[M + H]+	C4H9BCl2NO+		0.972	36.177	36.177	0.000	6	0.502	-6.666	6.666	3.546		167.019	250	4.168	879759159402869282	879756897720906164	879756897720906163	34390	
1	C22H25Br4N6O6P	[M + Na]+	C22H25Br4N6NaO6P+		0.451	41.770	41.770	0.000	21	0.722	0.364	0.862	-12.981		838.809	268	4.471	879759147235193367	879756896668135832	879756896663941527	15589	
1	C22H31Br5N6O6	[M + H]+	C22H32Br5N6O6+		0.929	49.053	49.053	0.000	24	0.769	0.843	1.529	-4.444		870.826	273	4.551	879759847507800664	879756894709395824	879756894701007215	7187	
1	C22H43NO2	[M + H]+	C22H44NO2+		1.000	15.819	15.819	0.000	5	0.190	0.482	1.266	0.406		354.337	413	6.887	879759542657397317	879756896009630092	879756896005435787	12874	
1	C27H51NO6	[M + H]+	C27H52NO6+		0.957	76.761	76.761	0.000	18	0.801	-0.067	1.476	-0.442		486.379	455	7.587	879760103217738349	879756893379801432	879756893371412823	3671	
1	C44H72O5	[M + Na]+	C44H72NaO5+		1.000	90.550	90.550	0.000	13	0.536	3.328	3.328	-12.503	DG(25:7_16:0)	703.518	488	8.125	879759942609449580	879756895464370560	879756895455981951	10392	
1	C10H9Br4Cl3N2O6S2	[M + Na]+	C10H9Br4Cl3N2NaO6S2+		0.120	5.831	5.831	0.000	3	0.189	-8.212	8.212	-6.614		760.554	574	9.567	879760797530239622	879756897674768812	879756897670574507	25576	
1	C45H87N3O2	[M + K]+	C45H87KN3O2+		1.000	167.657	167.657	0.000	36	0.804	1.443	2.065	-14.835		740.632	639	10.642	879760869559022224	879756896873656732	879756896869462427	16828	
1	C35H68N8O7	[M + H]+	C35H69N8O7+		0.997	72.827	72.827	0.000	23	0.811	2.962	2.962	11.250		713.536	639	10.654	879760765276041851	879756895099466104	879756895095271799	8866	
1	C17H33N3O10	[M + H]+	C17H34N3O10+		0.700	41.618	41.618	0.000	15	0.897	1.680	2.056	-2.659		440.223	38	0.632	879761192695283194	879761154216738233	879761154216738232	22302	
1	C9H15N3O4	[M + H]+	C9H16N3O4+		0.910	29.206	29.206	0.000	3	0.663	0.862	1.553	-1.445		230.113	40	0.663	879761171790872028	879761151771458921	879761151763070312	3674	
1	C42H49N3O8S	[M + H]+	C42H50N3O8S+		0.340	37.969	37.969	0.000	12	0.972	1.497	2.579	-7.554		756.326	62	1.040	879763041934556809	879761152459324797	879761152455130492	6525	
1	C7H12N6O3	[M + H]+	C7H13N6O3+		0.794	56.803	56.803	0.000	11	0.943	4.681	4.681	9.757		229.107	65	1.079	879761187670506992	879761154325790141	879761154325790140	25589	
1	C35H48N10O15	[M + H]+	C35H49N10O15+		0.319	134.930	134.930	0.000	36	0.862	2.330	2.381	12.319		849.348	70	1.165	879763250466963115	879761153356905881	879761153352711576	12033	
1	C26H31N5O7	[M + H]+	C26H32N5O7+		0.786	115.152	115.152	0.000	34	0.843	1.585	1.599	0.523		526.230	72	1.207	879762040187960907	879761154019605937	879761154015411632	18230	
1	C27H42N4O8	[M + Na]+	C27H42N4NaO8+		0.997	136.084	136.084	0.000	52	0.967	0.469	1.947	3.689		573.292	85	1.417	879761605981027844	879761151465274721	879761151461080416	2768	
1	C11H18Br4N4O5	[M + H]+	C11H19Br4N4O5+		1.000	165.170	165.170	0.000	29	0.641	1.422	1.766	-5.216		602.805	100	1.660	879761645734641166	879761151628852581	879761151624658276	3213	
1	C11H19FN2O5	[M + H]+	C11H20FN2O5+		0.805	28.386	28.386	0.000	9	0.982	-6.170	7.153	-2.065		279.135	143	2.389	879761177990053350	879761152052477297	879761152044088688	4789	
1	C39H50N6O9	[M + H]+	C39H51N6O9+		0.773	113.282	113.282	0.000	41	0.904	0.743	2.150	10.833		747.379	150	2.493	879761910462332480	879761151909870957	879761151905676652	4178	
1	C19H33N3O7	[M + H]+	C19H34N3O7+		0.993	79.591	79.591	0.000	24	0.939	0.862	1.660	-1.746		416.238	171	2.855	879763006211669631	879761154359344581	879761154355150276	34406	
1	C28H48N4O6S	[M + H]+	C28H49N4O6S+		0.980	144.196	144.196	0.000	52	0.974	0.743	1.764	-4.097		569.334	184	3.065	879761790958222891	879761150945181013	879761150936792404	1133	
1	C33H55N7O8	[M + H]+	C33H56N7O8+		0.960	98.507	98.507	0.000	34	0.887	1.911	1.911	-2.783		678.417	187	3.120	879761808649797174	879761153117830545	879761153113636240	10396	
1	C31H45N7O8	[M + H]+	C31H46N7O8+		0.313	91.365	91.365	0.000	34	0.857	2.508	2.960	5.528		644.344	230	3.825	879762868206485109	879761153478540701	879761153474346396	12878	
1	C31H50N8O11	[M + H]+	C31H51N8O11+		0.992	61.703	61.703	0.000	26	0.827	1.224	1.736	-5.315		711.363	230	3.833	879762358036512341	879761152861977993	879761152857783688	8874	
1	C49H63N9O5	[M + H]+	C49H64N9O5+		0.966	50.968	50.968	0.000	19	0.718	1.913	2.056	-11.640		858.493	235	3.921	879761702441631257	879761153591786913	879761153587592608	13757	
1	C8H11Br3N6O2	[M + K]+	C8H11Br3KN6O2+		0.972	28.577	28.577	0.000	7	0.519	1.719	1.719	4.775		498.815	236	3.932	879761706933730851	879761153239465365	879761153235271060	11248	
1	C21H31N3O4	[M + H]+	C21H32N3O4+		0.998	65.134	65.134	0.000	16	0.884	1.266	1.453	0.684		390.239	239	3.978	879762477486095968	879761152727760261	879761152723565956	8045	
1	C12H22Br4N2O3	[M + H]+	C12H23Br4N2O3+		0.999	57.380	57.380	0.000	14	0.767	2.674	2.674	-6.563		558.840	253	4.212	879762532033019498	879761154120269237	879761154116074932	20180	
1	C56H81N7O12	[M + H]+	C56H82N7O12+		0.229	53.003	53.003	0.000	19	0.832	1.640	1.818	8.139		1044.610	273	4.555	879763270645759679	879761152186695029	879761152182500724	5328	
1	C21H30N2O3	[M + H]+	C21H31N2O3+		1.000	62.036	62.036	0.000	17	0.893	1.573	1.738	5.792		359.235	414	6.907	879763162076200609	879761153700838821	879761153696644516	14704	
1	C27H49N7O3	[M + H]+	C27H50N7O3+		0.434	21.461	21.461	0.000	6	0.625	1.853	3.580	9.868		520.402	429	7.153	879763152634822295	879761154346761665	879761154342567360	29377	
1	C35H64O11	[M + H]+	C35H65O11+		0.888	99.446	99.446	0.000	27	0.891	1.624	1.813	2.964		661.454	452	7.530	879763265407073973	879761152992001421	879761152987807116	9698	
1	C32H65O13	[M + H]+	C32H66O13+		0.999	148.386	148.386	0.000	34	0.880	2.237	2.489	7.451		658.455	513	8.549	879763555866827318	879761152329301369	879761152320912760	5894	
1	C45H73N5O3	[M + H]+	C45H74N5O3+		0.447	7.945	7.945	0.000	3	0.127	-13.503	13.503	-2.618		732.577	517	8.622	879763498543267777	879761153805696425	879761153805696424	15606	
1	C44H79NO7	[M + H]+	C44H80NO7+		0.553	50.828	50.828	0.000	12	0.627	4.492	5.017	1.184		734.594	640	10.666	879763539014107730	879761151297502557	879761151293308252	2295	
1	C3H4NO2PS2	[M + Na]+	C3H4NNaO2PS2+		0.722	14.475	14.475	0.000	3	0.335	16.497	16.497	12.613		203.934	641	10.683	879763527161003990	879761153914748333	879761153910554028	16835	
1	C6H7ClFNO2	[M + K]+	C6H7ClFKNO2+		0.702	51.582	51.582	0.000	11	0.684	-5.060	9.030	7.375		217.980	646	10.771	879763523327410124	879761152597736833	879761152593542528	7193	
1	C10H19N3O4	[M + H]+	C10H20N3O4+		1.000	208.287	208.287	0.000	42	0.948	0.873	1.704	-2.976		246.144	35	0.578	879764200990218826	879763842926680444	879763842918291835	1134	
1	C30H37N3O7	[M + H]+	C30H38N3O7+		0.817	53.110	53.110	0.000	15	0.971	1.823	1.912	9.367		552.276	60	0.995	879764235232516712	879763845413902816	879763845409708511	22312	
1	C13H24N2O5	[M + H]+	C13H25N2O5+		1.000	184.848	184.848	0.000	43	0.920	1.717	1.882	-2.761		289.175	64	1.071	879764125845068341	879763845334211036	879763845334211035	20229	
1	C33H51N7O6	[M + K]+	C33H51KN7O6+		0.936	114.221	114.221	0.000	43	0.912	2.023	2.336	-4.763		680.350	76	1.267	879765495012694694	879763844889614792	879763844885420487	13759	
1	C26H42N4O11	[M + H]+	C26H43N4O11+		0.992	146.290	146.290	0.000	47	0.951	0.026	2.018	-3.039		587.291	95	1.579	879765219098794640	879763843694238100	879763843690043795	4182	
1	C31H44N10O8	[M + H]+	C31H45N10O8+		0.456	203.047	203.047	0.000	54	0.968	0.988	1.550	11.768		685.350	111	1.857	879764856677374598	879763843350305160	879763843346110855	2775	
1	C13H20Br4N4O7	[M + H]+	C13H21Br4N4O7+		1.000	104.746	104.746	0.000	43	0.834	1.244	2.023	5.563		660.818	133	2.212	879763885226236429	879763843069286784	879763843065092479	1753	
1	C26H39N3O6	[M + H]+	C26H40N3O6+		0.996	51.995	51.995	0.000	8	0.942	1.767	1.767	3.136		490.293	142	2.370	879763869896055299	879763843899759004	879763843895564699	5337	
1	C13H16N2OSi	[M + H]+	C13H17N2OSi+		0.999	51.783	51.783	0.000	9	0.940	0.570	2.552	11.562		245.113	158	2.640	879764053841451553	879763844193360296	879763844193360295	7208	
1	C36H52N8O9	[M + H]+	C36H53N8O9+		0.885	121.392	121.392	0.000	45	0.940	0.434	1.149	5.663		741.397	169	2.818	879766071490419376	879763843207698820	879763843203504515	2296	
1	C30H48N6O8S	[M + H]+	C30H49N6O8S+		0.886	76.572	76.572	0.000	32	0.958	1.745	2.102	-0.781		653.332	174	2.898	879764180924668480	879763843585186192	879763843580991887	3680	
1	C33H55N9O7	[M + H]+	C33H56N9O7+		0.492	112.514	112.514	0.000	36	0.744	-0.550	2.356	14.018		690.439	204	3.402	879764073407879723	879763842687605112	879763842662439287	369	
1	C26H45N5O6	[M + H]+	C26H46N5O6+		0.970	51.115	51.115	0.000	18	0.861	0.881	1.332	-2.023		524.343	207	3.452	879765245795539610	879763844549876152	879763844545681847	10405	
1	C31H49N7O10	[M + H]+	C31H50N7O10+		0.992	153.888	153.888	0.000	44	0.889	1.293	1.490	-1.716		680.360	210	3.494	879764499989568114	879763844004616608	879763844000422303	5895	
1	C21H34N7O15P3S	[M + Na]+	C21H34N7NaO15P3S+		0.983	138.114	138.114	0.000	42	0.923	1.235	1.555	-1.379		772.093	221	3.682	879764208774847060	879763845501983204	879763845497788899	25632	
1	C49H76N12O14	[M + H]+	C49H77N12O14+		0.749	93.300	93.300	0.000	16	0.626	0.655	2.137	6.551		1057.575	233	3.880	879764847798033020	879763844629567932	879763844629567931	11252	
1	C29H48ClN5O8	[M + H]+	C29H49ClN5O8+		0.798	84.308	84.308	0.000	25	0.853	1.611	2.023	2.352		630.328	240	4.002	879763970274138647	879763844294023596	879763844289829291	8050	
1	C17H15N3O5	[M + H]+	C17H16N3O5+		0.638	41.953	41.953	0.000	14	0.815	0.685	3.336	4.247		342.110	268	4.467	879764225254267486	879763845258713560	879763845254519255	18234	
1	C47H70N14O10	[M + H]+	C47H71N14O10+		0.880	75.548	75.548	0.000	14	0.570	1.622	2.373	2.914		991.550	268	4.472	879766372129741510	879763845170633172	879763845162244563	16844	
1	C11H19ClN2O2S	[M + H]+	C11H20ClN2O2S+		0.760	79.069	79.069	0.000	20	0.277	2.740	3.857	5.901		279.095	315	5.254	879766173864991419	879763844981889484	879763844973500875	14707	
1	C17H38NO2	[M + H]+	C17H39NO2+		1.000	72.206	72.206	0.000	13	0.664	3.733	4.907	-12.897		289.294	348	5.804	879766387510254313	879763845527149036	879763845527149035	34532	
1	C16H23NO5SSi2	[M + H]+	C16H24NO5SSi2+		0.271	18.203	18.203	0.000	8	0.350	9.050	9.050	0.193		398.091	362	6.038	879766511389022958	879763844461795764	879763844457601459	9703	
1	C24H37N3O7	[M + K]+	C24H37KN3O7+		0.605	41.758	41.758	0.000	6	0.575	-5.182	5.182	-2.718		518.225	368	6.139	879766676992730436	879763845082552784	879763845078358479	15617	
1	C14H17BN2O2	[M + Na]+	C14H17BN2NaO2+		0.717	22.257	22.257	0.000	8	0.293	-3.054	9.766	-8.847		278.129	394	6.561	879766594994087180	879763844801534404	879763844801534403	12885	
1	C32H56O15	[M + Na]+	C32H56NaO15+		0.645	26.615	26.615	0.000	4	0.372	4.073	4.073	-12.002		703.343	484	8.075	879766600182441239	879763844721842624	879763844717648319	12034	
1	C5H6Cl2NO	[M + H]+	C5H7Cl2NO+		1.000	112.233	112.233	0.000	20	0.510	-7.786	8.690	4.068		166.991	651	10.854	879766616313734433	879763845514566120	879763845514566119	29425	
1	C3H8BNO2Si	[M + Na]+	C3H8BNNaO2Si+		0.992	33.133	33.133	0.000	10	0.156	5.103	15.944	6.702		151.036	652	10.867	879766622819099947	879763843471939980	879763843467745675	3220	
1	C6H12F2N2O	[M + H]+	C6H13F2N2O+		1.000	52.058	52.058	0.000	9	0.750	1.871	7.061	6.907		167.100	48	0.805	879767739412059230	879766940086768629	879766940082574324	34541	
1	C20H33N5O6	[M + H]+	C20H34N5O6+		0.992	73.053	73.053	0.000	12	0.954	1.554	1.983	-3.771		440.249	54	0.907	879766969958601762	879766936739713933	879766936735519628	2299	
1	C9H17NO4	[M + H]+	C9H18NO4+		1.000	66.406	66.406	0.000	16	0.300	15.451	15.451	-0.169		204.123	71	1.181	879766961226060812	879766939830916069	879766939830916068	20265	
1	C27H40N4O8	[M + Na]+	C27H40N4NaO8+		0.808	150.235	150.235	0.000	49	0.959	0.324	2.330	-2.687		571.272	71	1.191	879769278084093115	879766939222741969	879766939218547664	13768	
1	OS10	[M + Na]+	NaOS10+		0.480	-3.937	-3.937	0.000	0	0.000			-14.623		358.700	83	1.381	879768692764775560	879766939096912845	879766939088524236	12891	
1	C40H43N3O7	[M + Na]+	C40H43N3NaO7+		0.562	29.986	29.986	0.000	8	0.258	-0.947	11.968	2.254		700.301	85	1.423	879768480264557694	879766938140611505	879766938136417200	7212	
1	C33H38N8O8	[M + H]+	C33H39N8O8+		0.687	97.144	97.144	0.000	33	0.951	0.862	1.372	-7.162		675.284	87	1.451	879768000436180083	879766940053214189	879766940049019884	25643	
1	C27H34N6O9	[M + H]+	C27H35N6O9+		0.970	64.066	64.066	0.000	20	0.809	1.773	2.020	7.998		587.251	87	1.452	879769208894854306	879766938551653309	879766938547459004	9704	
1	C36H52N6O10	[M + H]+	C36H53N6O10+		1.000	120.642	120.642	0.000	41	0.904	0.619	2.069	-6.126		729.377	125	2.088	879767616707695690	879766937079452565	879766937075258260	3225	
1	C16H28N10O5	[M + H]+	C16H29N10O5+		0.610	36.572	36.572	0.000	12	0.956	1.508	1.840	11.580		441.237	142	2.366	879766965156123671	879766938002199469	879766937998005164	6527	
1	C35H46N6O8	[M + H]+	C35H47N6O8+		0.968	162.945	162.945	0.000	54	0.975	0.929	1.918	2.372		679.347	157	2.614	879768696405431435	879766937389831069	879766937385636764	4188	
1	C17H23N5O3	[M + H]+	C17H24N5O3+		1.000	46.691	46.691	0.000	17	0.888	1.259	1.259	12.230		346.192	176	2.937	879766978527564844	879766937545020321	879766937540826016	4810	
1	C12H19Br3FN3O3S	[M + K]+	C12H19Br3FKN3O3S+		1.000	64.522	64.522	0.000	13	0.641	1.005	1.363	-1.009		579.831	179	2.982	879766991869645878	879766940074185713	879766940069991408	29428	
1	C41H59N9O10	[M + H]+	C41H60N9O10+		0.806	108.573	108.573	0.000	41	0.961	0.927	1.690	-5.684		838.441	191	3.178	879767563817522240	879766936009905025	879766935980544896	392	
1	C39H60N10O13	[M + H]+	C39H61N10O13+		0.661	59.925	59.925	0.000	21	0.735	1.868	2.023	5.917		877.447	200	3.339	879767735389721684	879766938283217845	879766938279023540	8063	
1	C47H55N7O5S	[M + H]+	C47H56N7O5S+		0.911	148.509	148.509	0.000	51	0.965	0.326	1.439	5.762		830.411	205	3.409	879769627893241074	879766938681676737	879766938677482432	10410	
1	C59H82N4O8	[M + H]+	C59H83N4O8+		1.000	57.938	57.938	0.000	18	0.808	0.777	2.064	9.592		975.630	226	3.769	879767792222540904	879766939466011609	879766939461817304	15621	
1	C11H21Br4N3O4	[M + Na]+	C11H21Br4N3NaO4+		0.821	84.727	84.727	0.000	25	0.775	0.553	1.441	-8.824		597.811	234	3.907	879768722116514965	879766939596035037	879766939591840732	16858	
1	C48H76N14O14	[M + H]+	C48H77N14O14+		0.595	105.449	105.449	0.000	19	0.545	0.603	2.769	-6.352		1073.567	249	4.146	879769442236568785	879766938971083721	879766938966889416	12038	
1	C34H28ClN9O13S4	[M + K]+	C34H28ClKN9O13S4+		1.000	40.652	40.652	0.000	17	0.757	3.657	3.783	10.955		972.012	255	4.254	879769240964502700	879766938832671685	879766938828477380	11253	
1	C20H41NO2	[M + H]+	C20H42NO2+		1.000	29.781	29.781	0.000	4	0.722	1.856	1.856	-0.627		328.321	429	7.158	879769241979524279	879766937234641817	879766937226253208	3691	
1	C29H60N10O6S	[M + H]+	C29H61N10O6S+		1.000	241.016	241.016	0.000	52	0.977	2.152	2.224	7.267		677.454	478	7.961	879769440227497159	879766937847010217	879766937842815912	5900	
1	C57H87N3O8	[M + H]+	C57H88N3O8+		0.057	2.000	2.000	0.000	0	0.000			-4.554		942.652	535	8.912	879769473517688027	879766939717669857	879766939713475552	18263	
1	C3H4ClO4S2	[M + Na]+	C3H4ClNaO4S2+		1.000	84.294	84.294	0.000	14	0.659	4.835	5.109	9.853		225.915	638	10.640	879769559702246632	879766939948356585	879766939944162280	22404	
1	C52H95N31O11	[M + K]+	C52H95KN31O11+		0.853	8.236	8.236	0.000	7	0.296	5.419	5.419	3.148		1368.750	641	10.677	879770047181040886	879766939344376789	879766939335988180	14708	
1	C64H105N11O19	[M + H]+	C64H106N11O19+		0.930	39.988	39.988	0.000	24	0.731	0.105	2.164	-6.000		1332.758	647	10.785	879769987726781676	879766938421629881	879766938417435576	8884	
1	C13H16BNO2	[M + H]+	C13H17BNO2+		0.643	21.873	21.873	0.000	4	0.967	5.237	5.237	1.671		229.139	44	0.729	879771495254314918	879770214045437718	879770214041243413	9706	
1	C10H19N4O4	[M + H]+	C10H20N4O4+		0.999	122.838	122.838	0.000	37	0.730	2.579	2.579	8.816		260.150	54	0.905	879770252372987751	879770214452285218	879770214443896609	12042	
1	C36H64N10O12	[M + H]+	C36H65N10O12+		0.522	33.481	33.481	0.000	17	0.792	2.662	2.685	1.454		829.479	57	0.954	879772017248030693	879770213617618698	879770213613424393	7221	
1	C30H42N6O8	[M + H]+	C30H43N6O8+		0.467	134.478	134.478	0.000	41	0.949	1.433	2.023	-10.221		615.307	80	1.332	879771286055014277	879770211948285666	879770211939897057	1763	
1	C7H10Br4N2O3	[M + H]+	C7H11Br4N2O3+		1.000	40.579	40.579	0.000	9	0.242	2.496	2.496	-7.123		486.746	88	1.474	879770232286465893	879770215475695418	879770215471501113	18274	
1	C17H32N6O7	[M + H]+	C17H33N6O7+		0.871	115.354	115.354	0.000	39	0.891	1.134	1.615	2.946		433.242	93	1.550	879771618122256337	879770213470818054	879770213466623749	6536	
1	C23H29N3O5	[M + H]+	C23H30N3O5+		0.714	86.887	86.887	0.000	33	0.770	0.442	1.772	-0.695		428.218	116	1.936	879771078193696635	879770211730181854	879770211717598941	1148	
1	C16H18O22	[M + H]+	C16H19O22+		0.214	17.547	17.547	0.000	2	0.934	2.062	2.062	-0.974		563.036	137	2.286	879771566242910141	879770213177216766	879770213168828157	5347	
1	C33H55N11O8	[M + K]+	C33H55KN11O8+		0.582	164.670	164.670	0.000	52	0.916	2.271	2.684	2.116		772.388	140	2.338	879772936589143403	879770212158000870	879770212153806565	2311	
1	C57H87N11O13S	[M + H]+	C57H88N11O13S+		0.599	95.832	95.832	0.000	15	0.513	0.819	1.149	11.804		1166.642	178	2.973	879772088433758203	879770213319823106	879770213315628801	5903	
1	C19H34N4O5S	[M + H]+	C19H35N4O5S+		0.958	144.497	144.497	0.000	40	0.898	0.455	1.781	-6.186		431.230	204	3.394	879771374605160346	879770212539682542	879770212531293933	3231	
1	C44H54N12O8	[M + H]+	C44H55N12O8+		0.648	115.156	115.156	0.000	41	0.946	1.541	1.991	-6.519		879.420	208	3.472	879772245783072796	879770212707454706	879770212699066097	3692	
1	C43H56N8O11	[M + H]+	C43H57N8O11+		0.999	91.297	91.297	0.000	34	0.861	0.730	2.071	-6.653		861.408	242	4.038	879770986204221297	879770214171266842	879770214167072537	10415	
1	C36H61N5O13	[M + H]+	C36H62N5O13+		0.579	81.334	81.334	0.000	24	0.765	1.158	1.764	0.306		772.434	243	4.052	879771955986026459	879770214309678878	879770214305484573	11257	
1	C56H78N2O6	[M + K]+	C56H78KN2O6+		0.499	54.217	54.217	0.000	11	0.577	-0.020	2.826	4.547		913.553	273	4.544	879772123418447877	879770215119179566	879770215110790957	14709	
1	C16H25Br2ClIN3O7	[M + H]+	C16H26Br2ClIN3O7+		0.836	35.007	35.007	0.000	18	0.728	1.448	2.621	1.552		691.888	279	4.648	879772034595672047	879770215832211274	879770215828016969	29450	
1	C10H11FN2O2	[M + H]+	C10H12FN2O2+		1.000	63.491	63.491	0.000	12	0.546	2.823	2.940	-2.522		211.087	293	4.875	879771302647680911	879770215232425778	879770215228231473	15627	
1	C24H45N7O7	[M + H]+	C24H46N7O7+		0.827	45.722	45.722	0.000	14	0.648	-0.291	3.309	5.101		544.348	315	5.257	879772161167183888	879770214989156138	879770214984961833	13775	
1	C28H49NO7	[M + H]+	C28H50NO7+		0.994	44.005	44.005	0.000	10	0.769	0.039	3.830	0.040		512.358	352	5.863	879771534953402290	879770215844794190	879770215840599885	34607	
1	C21H36O3	[M + H]+	C21H37O3+		0.980	26.524	26.524	0.000	4	0.048	3.988	3.988	0.233		337.274	400	6.659	879771570982473671	879770215702187842	879770215697993537	22406	
1	C27H45NO10	[M + H]+	C27H46NO10+		0.809	289.179	289.179	0.000	54	0.967	1.944	1.944	0.692		544.312	407	6.792	879772315748257830	879770213911219986	879770213902831377	8888	
1	C65H102O6	[M + K]+	C65H102KO6+		0.321	15.989	15.989	0.000	5	0.564	2.866	8.867	-2.947		1017.728	432	7.203	879772513111232624	879770213022027514	879770213017833209	4814	
1	C64H102O5	[M + Na]+	C64H102NaO5+		1.000	30.583	30.583	0.000	7	0.622	-4.048	11.862	5.908		973.768	450	7.493	879772504433217647	879770213768613646	879770213764419341	8066	
1	C29H41N5O6	[M + H]+	C29H42N5O6+		0.835	42.738	42.738	0.000	10	0.836	-0.178	3.543	0.431		556.313	453	7.549	879772653368758394	879770215593135934	879770215588941629	20271	
1	C30H46O5	[M + H3N + H]+	C30H50NO5+		1.000	53.468	53.468	0.000	8	0.650	1.286	1.286	5.254	DG(9:2_18:4)	504.371	476	7.926	879772781743828235	879770214859132710	879770214854938405	12906	
1	C45H75BN4O4	[M + H]+	C45H76BN4O4+		0.986	10.671	10.671	0.000	3	0.166	-1.272	1.272	-5.150		746.595	504	8.392	879772790375705868	879770215358254902	879770215354060597	16863	
1	C37H65F2N9O7	[M + H]+	C37H66F2N9O7+		0.453	34.222	34.222	0.000	12	0.472	4.197	8.362	2.952		786.507	505	8.413	879772887461260639	879770215811239750	879770215807045445	25666	
1	C25H44N6O6	[M + H]+	C25H45N6O6+		0.988	70.684	70.684	0.000	25	0.845	0.862	1.776	3.218		525.341	35	0.585	879775278018974179	879773162240069893	879773162235875588	8074	
1	C13H25NO3	[M + H]+	C13H26NO3+		1.000	223.081	223.081	0.000	47	0.924	2.551	2.551	2.784		244.191	64	1.067	879773880674013573	879773163779379485	879773163770990876	12913	
1	C32H39N5O6	[M + H]+	C32H40N5O6+		0.864	156.166	156.166	0.000	49	0.931	-0.703	2.160	4.387		590.300	111	1.853	879773783265497457	879773160621068525	879773160612679916	4197	
1	C10H18BrClN2O3	[M + H]+	C10H19BrClN2O3+		1.000	91.554	91.554	0.000	16	0.669	1.430	2.065	3.317		329.027	115	1.910	879773248206524764	879773165117362485	879773165108973876	20278	
1	C24H34N4O6	[M + H]+	C24H35N4O6+		0.987	78.890	78.890	0.000	13	0.880	3.657	3.657	-1.076		475.255	124	2.062	879774490286739857	879773163032793361	879773163028599056	10417	
1	C18H34N2O6S	[M + H]+	C18H35N2O6S+		1.000	159.522	159.522	0.000	50	0.867	1.287	2.654	1.635		407.222	143	2.387	879774775881093542	879773161183105269	879773161174716660	5357	
1	C19H37N7O4S	[M + H]+	C19H38N7O4S+		0.545	122.967	122.967	0.000	40	0.887	1.267	2.106	-11.407		460.265	160	2.661	879773413004923238	879773158742020309	879773158729437396	1156	
1	C25H46N4O5S	[M + H]+	C25H47N4O5S+		0.980	145.844	145.844	0.000	46	0.950	1.042	2.252	-10.223		515.321	173	2.878	879774905103405498	879773163536109849	879773163531915544	12045	
1	C30H41N3O6	[M + H]+	C30H42N3O6+		0.389	76.930	76.930	0.000	25	0.891	1.145	1.906	8.120		540.311	183	3.055	879773865197031803	879773158196760785	879773158146429136	400	
1	C23H42N6O11	[M + H]+	C23H43N6O11+		0.513	125.749	125.749	0.000	40	0.874	0.896	1.278	-0.574		579.298	215	3.589	879774876066238896	879773160340050153	879773160335855848	3693	
1	C22H38N6O4	[M + H]+	C22H39N6O4+		0.998	73.052	73.052	0.000	21	0.852	1.402	2.056	-9.152		451.299	236	3.934	879774952142524868	879773162764357901	879773162760163596	9713	
1	C34H43N3O4	[M + H]+	C34H44N3O4+		0.482	53.155	53.155	0.000	17	0.818	0.862	1.445	0.119		558.333	246	4.097	879774636554703259	879773159748653281	879773159736070368	2789	
1	C44H61N5O10	[M + H]+	C44H62N5O10+		0.673	52.394	52.394	0.000	16	0.709	0.611	1.090	1.682		820.451	264	4.403	879775489474810349	879773164924424497	879773164916035888	18292	
1	C17H28O5	[M + H]+	C17H29O5+		1.000	206.786	206.786	0.000	42	0.914	1.292	1.920	-2.077		313.200	340	5.667	879774987777331662	879773162495922441	879773162491728136	8894	
1	C14H19F2N3	[M + H]+	C14H20F2N3+		0.561	5.154	5.154	0.000	2	0.175	-2.165	2.165	-4.029		268.161	415	6.917	879775818568290819	879773165503238461	879773165499044156	25691	
1	C24H43F4N7O2	[M + H]+	C24H44F4N7O2+		0.359	17.070	17.070	0.000	4	0.245	6.106	6.106	10.192		538.354	446	7.437	879775180950196697	879773163292840213	879773163288645908	11259	
1	C21H39NO6	[M + H]+	C21H40NO6+		0.997	61.444	61.444	0.000	14	0.958	1.620	1.620	1.953		402.286	481	8.018	879775497276215799	879773161447346425	879773161438957816	5908	
1	C46H84O5	[M + Na]+	C46H84NaO5+		1.000	231.466	231.466	0.000	50	0.931	1.493	1.658	3.250	DG(25:2_18:1)	739.624	503	8.387	879775952320451085	879773164010066209	879773164005871904	13781	
1	C21H40O3	[M + H]+	C21H41O3+		1.000	79.236	79.236	0.000	14	0.732	2.298	2.298	-3.286		341.304	504	8.397	879776301831803419	879773164718903597	879773164710514988	16883	
1	C34H67F3N7O6P	[M + H]+	C34H68F3N7O6P+		0.325	20.550	20.550	0.000	10	0.284	-6.006	8.356	-9.137		758.485	641	10.681	879776295989137936	879773165310300473	879773165306106168	22408	
1	C46H77NO7	[M + H]+	C46H78NO7+		0.355	23.844	23.844	0.000	6	0.364	-0.371	0.925	-4.336		756.574	647	10.790	879776615414747790	879773165532598593	879773165528404288	29489	
1	C4H10ClFN2O2	[M + Na]+	C4H10ClFN2NaO2+		0.797	22.932	22.932	0.000	4	0.822	-4.316	4.316	3.568		195.031	654	10.897	879776612973662818	879773164500799785	879773164496605480	15658	
1	C8H16N2O3	[M + K]+	C8H16KN2O3+		1.000	156.739	156.739	0.000	30	0.626	-0.071	5.363	1.099		227.080	65	1.076	879776997886389790	879776937924619695	879776937920425390	4199	
1	C23H26N4O6S	[M + H]+	C23H27N4O6S+		0.785	142.579	142.579	0.000	50	0.943	0.522	1.559	-5.300		487.162	66	1.093	879777912538263152	879776942798401019	879776942794206714	22457	
1	C16H28N4O6	[M + H]+	C16H29N4O6+		1.000	163.727	163.727	0.000	38	0.903	2.023	2.056	-2.575		373.207	80	1.339	879777275717086781	879776941150039519	879776941145845214	12915	
1	C34H43N5O6	[M + H]+	C34H44N5O6+		0.683	169.710	169.710	0.000	48	0.946	2.196	2.610	-4.384		618.326	83	1.390	879777524737109606	879776938771869115	879776938763480506	5913	
1	C32H46N6O10	[M + H]+	C32H47N6O10+		0.995	116.893	116.893	0.000	39	0.986	1.085	1.681	0.714		675.335	86	1.434	879777344583364167	879776941888237035	879776941884042730	15672	
1	C19H32N4O7	[M + H]+	C19H33N4O7+		0.925	54.624	54.624	0.000	14	0.956	1.148	1.719	-4.836		429.232	87	1.451	879778695505768081	879776939862388171	879776939858193866	8898	
1	C31H57N7O8	[M + H]+	C31H58N7O8+		0.919	91.331	91.331	0.000	35	0.903	0.619	1.641	5.883		656.438	96	1.608	879777415416770129	879776937656184235	879776937647795626	3697	
1	C25H42N6O8	[M + H]+	C25H43N6O8+		0.983	140.715	140.715	0.000	34	0.872	2.189	2.189	4.702		555.316	111	1.848	879778315552157307	879776938495045047	879776938486656438	5360	
1	CS9	[M + K]+	CKS9+		0.971	-3.976	-3.976	0.000	0	0.000	12.113	12.113	7.980		338.715	152	2.537	879778729446076060	879776939598147015	879776939593952710	8081	
1	C57H63N3O17	[M + K]+	C57H63KN3O17+		0.703	69.469	69.469	0.000	24	0.829	1.335	1.860	4.630		1100.384	176	2.932	879777474053140060	879776940889992667	879776940881604058	12049	
1	C13H18Br4FN3O2	[M + H]+	C13H19Br4FN3O2+		1.000	157.651	157.651	0.000	33	0.526	0.961	5.886	4.574		583.822	179	2.976	879777204078374450	879776939329711555	879776939325517250	7225	
1	C24H33N3O8	[M + H]+	C24H34N3O8+		0.828	60.600	60.600	0.000	20	0.933	-0.303	0.887	2.760		492.235	180	2.998	879778376193404550	879776936364338587	879776936355949978	1768	
1	C33H57N9O7	[M + H]+	C33H58N9O7+		0.917	82.054	82.054	0.000	33	0.872	1.143	3.053	-6.891		692.441	202	3.363	879777181273943592	879776939057081791	879776939048693182	6546	
1	C4H8BCl2NO	[M + H]+	C4H9BCl2NO+		0.848	38.617	38.617	0.000	7	0.474	-5.873	6.993	3.546		167.019	265	4.419	879778746189737632	879776943045864967	879776943041670662	34703	
1	C19H21N	[M + H]+	C19H22N+		0.858	48.930	48.930	0.000	12	0.852	0.806	1.424	5.011		264.176	275	4.580	879778796043234988	879776942374776307	879776942362193394	18293	
1	C7H16F2N2O2	[M + H]+	C7H17F2N2O2+		0.963	44.637	44.637	0.000	12	0.531	-10.298	10.298	-11.353		199.123	283	4.721	879779018358124216	879776942118923759	879776942114729454	16888	
1	C21H44NO7P	[M + H]+	C21H45NO7P+		1.000	48.855	48.855	0.000	19	0.798	0.563	6.657	-2.236	LPE(16:0)	454.292	425	7.088	879779021768093378	879776941397503459	879776941393309154	13787	
1	C20H25NO5	[M + H]+	C20H26NO5+		0.281	14.144	14.144	0.000	2	0.954	2.662	2.662	-2.080		360.180	442	7.367	879779639559712453	879776940390870483	879776940382481874	10420	
1	C20H32O3	[M + H]+	C20H33O3+		1.000	214.426	214.426	0.000	44	0.824	2.298	2.458	2.113		321.243	472	7.864	879779681641164495	879776940634140119	879776940629945814	11261	
1	C41H81N3O6	[M + Na]+	C41H81N3NaO6+		0.921	41.714	41.714	0.000	19	0.808	1.143	2.753	-11.922		734.593	533	8.890	879780530123697882	879776943024893443	879776943020699138	29517	
1	C39H76NO8P	[M + Na]+	C39H76NNaO8P+		1.000	221.349	221.349	0.000	46	0.896	1.645	2.033	7.865	PE(16:0_18:1)	740.526	641	10.676	879780813834809064	879776935986851223	879776935974268310	1164	
1	C2H7FN4O3S	[M + Na]+	C2H7FN4NaO3S+		0.622	53.494	53.494	0.000	15	0.993	2.262	6.273	6.172		209.013	646	10.768	879780847636705004	879776940130823631	879776940122435022	9714	
1	C17H34N4O4	[M + H]+	C17H35N4O4+		1.000	177.233	177.233	0.000	42	0.953	0.864	1.055	-3.847		359.264	35	0.589	879783628062740573	879781685445676940	879781685437288331	5362	
1	C16H26N6O6S	[M + H]+	C16H27N6O6S+		0.647	46.186	46.186	0.000	14	0.914	2.417	2.690	1.090		431.171	65	1.077	879783413368901695	879781687798681532	879781687786098619	14739	
1	C10H19N4O3	[M + H]+	C10H20N4O3+		1.000	93.302	93.302	0.000	29	0.799	1.951	1.951	9.453		244.155	71	1.182	879781726038151165	879781688922755032	879781688918560727	29530	
1	C13H14N2O2	[M + H]+	C13H15N2O2+		0.744	55.167	55.167	0.000	7	0.935	2.101	2.101	0.847		231.113	80	1.329	879781720543612915	879781684980109188	879781684971720579	4213	
1	C22H39N5O9	[M + H]+	C22H40N5O9+		0.979	177.142	177.142	0.000	52	0.980	1.387	1.912	-2.806		518.281	86	1.426	879783257500176414	879781688889200596	879781688885006291	25708	
1	C15H28N6O7	[M + H]+	C15H29N6O7+		0.728	37.525	37.525	0.000	15	0.865	3.663	3.663	1.422		405.210	104	1.740	879781742395936775	879781687425388468	879781687421194163	12935	
1	C31H71N7O3	[M + Na]+	C31H71N7NaO3+		0.954	87.175	87.175	0.000	41	0.849	0.694	1.250	11.820		612.558	120	1.994	879783336399228969	879781684741033856	879781684736839551	3710	
1	C18H29N5O7	[M + H]+	C18H30N5O7+		0.995	103.362	103.362	0.000	32	0.751	0.661	2.023	7.999		428.217	133	2.210	879783599482753107	879781686301314972	879781686297120667	8082	
1	C37H56N12O9	[M + H]+	C37H57N12O9+		0.927	162.803	162.803	0.000	50	0.953	1.003	1.533	6.026		813.442	139	2.317	879783928773365884	879781684204162936	879781684195774327	2792	
1	C13H16FNO4	[M + H]+	C13H17FNO4+		0.469	18.105	18.105	0.000	5	0.961	3.268	3.268	-5.230		270.112	153	2.556	879783632420622439	879781688939532252	879781688935337947	34709	
1	C32H44N6O6	[M + H]+	C32H45N6O6+		0.735	139.369	139.369	0.000	51	0.961	-0.216	1.890	-4.283		609.337	180	2.995	879783944837550214	879781683595988848	879781683587600239	1773	
1	C35H47Br4N5O6	[M + H]+	C35H48Br4N5O6+		0.570	36.265	36.265	0.000	14	0.859	0.591	1.524	11.411		950.044	228	3.808	879781758187491346	879781686687190948	879781686682996643	9726	
1	C50H76N10O13	[M + H]+	C50H77N10O13+		0.905	53.839	53.839	0.000	11	0.469	1.868	4.168	-4.689		1025.562	249	4.151	879784431393591472	879781688717234128	879781688713039823	22491	
1	C24H43N5O7	[M + H]+	C24H44N5O7+		0.579	52.470	52.470	0.000	14	0.873	1.502	3.105	3.645		514.325	250	4.168	879783477826965577	879781688176168900	879781688163585987	16893	
1	C23H30I3N5O4	[M + H]+	C23H31I3N5O4+		0.828	48.480	48.480	0.000	18	0.751	1.258	1.258	-4.593		821.947	259	4.312	879784259263549606	879781688536879052	879781688532684747	20332	
1	C16H22O4	[M + H]+	C16H23O4+		0.922	49.744	49.744	0.000	7	0.939	2.962	2.962	-0.665		279.159	419	6.986	879783914676310130	879781688360718280	879781688356523975	18299	
1	C23H47N3O8	[M + H]+	C23H48N3O8+		0.905	61.917	61.917	0.000	10	0.775	0.770	1.461	1.028		494.344	423	7.045	879783954333454480	879781684485181308	879781684476792699	3244	
1	C20H25NO5	[M + H]+	C20H26NO5+		0.413	14.085	14.085	0.000	2	0.952	2.355	2.355	6.249		360.183	443	7.379	879783958242545819	879781686875934632	879781686867546023	10429	
1	C19H40N2O4	[M + Na]+	C19H40N2NaO4+		0.679	31.628	31.628	0.000	5	0.538	17.535	17.535	11.144		383.292	455	7.581	879783345396011060	879781687240839088	879781687236644783	12053	
1	C28H53N5O4	[M + Na]+	C28H53N5NaO4+		0.858	104.593	104.593	0.000	30	0.894	2.595	2.688	5.352		546.402	459	7.655	879784469280739515	879781685210795912	879781685206601607	4824	
1	C38H76O8	[M + Na]+	C38H76NaO8+		0.525	11.780	11.780	0.000	1	0.870	-0.086	0.086	5.793		683.547	485	8.084	879784510825320645	879781685667975056	879781685659586447	5914	
1	C32H58N4O7	[M + H]+	C32H59N4O7+		0.955	53.420	53.420	0.000	15	0.831	1.617	2.952	-12.964		611.430	499	8.316	879784915965728551	879781687060484012	879781687056289707	11262	
1	C23H45NO3	[M + H]+	C23H46NO3+		1.000	224.645	224.645	0.000	51	0.961	1.281	2.014	1.247		384.348	502	8.373	879785046161127927	879781687974842304	879781687970647999	15682	
1	C10H17NO5	[M + H]+	C10H18NO5+		0.993	62.215	62.215	0.000	8	0.876	2.680	3.329	7.112		232.120	45	0.745	879786927748692604	879785326808021433	879785326799632824	12064	
1	C27H42N4O6S	[M + H]+	C27H43N4O6S+		0.499	43.755	43.755	0.000	15	0.963	1.196	1.641	4.204		551.292	87	1.458	879786565935446632	879785322911512949	879785322898930036	1172	
1	C13H27N5O7	[M + H]+	C13H28N5O7+		0.979	146.445	146.445	0.000	46	0.960	1.364	1.938	2.117		366.199	93	1.556	879786485283174974	879785324333382025	879785324324993416	3716	
1	C15H23N7O4	[M + H]+	C15H24N7O4+		0.782	151.600	151.600	0.000	50	0.937	2.496	2.683	2.926		366.190	107	1.776	879786498025470546	879785326292122029	879785326287927724	9738	
1	C26H43N7O6	[M + K]+	C26H43KN7O6+		0.253	75.054	75.054	0.000	23	0.844	-2.581	4.076	-0.408		588.290	128	2.139	879785833932929544	879785325495204253	879785325486815644	6550	
1	C26H39N3O4S	[M + H]+	C26H40N3O4S+		0.469	18.503	18.503	0.000	9	0.958	1.085	1.085	8.762		490.278	161	2.689	879785369774471677	879785328762567137	879785328758372832	29589	
1	C33H49N9O10	[M + H]+	C33H50N9O10+		0.904	101.845	101.845	0.000	48	0.927	0.241	2.496	-1.250		732.367	177	2.946	879786892462013042	879785322404002161	879785322349476208	406	
1	C45H62N6O12	[M + H]+	C45H63N6O12+		0.734	85.084	85.084	0.000	30	0.833	1.828	2.603	-10.857		879.440	206	3.429	879786429838670388	879785325923023269	879785325914634660	8093	
1	C12H19As4N3O6	[M + H]+	C12H20As4N3O6+		0.928	161.465	161.465	0.000	37	0.667	1.567	1.933	-8.388		601.816	212	3.532	879785875238435346	879785324819921297	879785324815726992	4825	
1	C32H57N11O11	[M + H]+	C32H58N11O11+		0.443	101.887	101.887	0.000	36	0.902	-0.092	1.303	-4.762		772.428	223	3.710	879787173203557009	879785328364108245	879785328359913940	20352	
1	C17H29N3O7	[M + H]+	C17H30N3O7+		0.964	84.157	84.157	0.000	13	0.879	0.374	2.571	-21.965		388.199	228	3.808	879786950381156998	879785324081723781	879785324073335172	3245	
1	C41H65N11O10	[M + H]+	C41H66N11O10+		0.576	87.864	87.864	0.000	32	0.864	2.332	2.937	-1.678		872.497	229	3.814	879786492988111432	879785325054802325	879785325046413716	5364	
1	C41H63N7O6S	[M + H]+	C41H64N7O6S+		0.570	121.922	121.922	0.000	39	0.886	2.477	2.496	3.284		782.466	229	3.825	879787875753671347	879785324580845965	879785324572457356	4223	
1	C41H50Cl8N6O13	[M + H]+	C41H51Cl8N6O13+		0.715	19.654	19.654	0.000	6	0.233	2.807	2.807	2.705		1115.105	273	4.548	879786408921676328	879785327495887301	879785327483304388	14742	
1	C26H38N4O11	[M + K]+	C26H38KN4O11+		0.638	16.524	16.524	0.000	3	0.866	1.218	1.218	4.401		621.220	327	5.456	879786159645800990	879785327206480321	879785327202286016	13795	
1	C27H47NO6	[M + H]+	C27H48NO6+		0.999	42.331	42.331	0.000	6	0.756	1.400	1.400	3.909		482.350	404	6.727	879786524634135133	879785326636054965	879785326631860660	11263	
1	C31H51NO8	[M + Na]+	C31H51NNaO8+		0.711	23.972	23.972	0.000	4	0.660	-1.698	3.774	-8.309		588.346	428	7.140	879787211870845595	879785327974037965	879785327965649356	16905	
1	C15H30N6O2	[M + H]+	C15H31N6O2+		0.946	90.107	90.107	0.000	19	0.403	5.228	5.228	3.970		327.252	448	7.474	879787852852771495	879785326464088497	879785326459894192	10435	
1	C41H81NO10	[M + H]+	C41H82NO10+		0.266	2.000	2.000	0.000	0	0.000			-2.170		748.592	506	8.431	879788145241897662	879785327776905673	879785327772711368	15683	
1	C42H74N2O10	[M + H]+	C42H75N2O10+		1.000	94.884	94.884	0.000	24	0.704	1.522	3.445	3.097		767.544	513	8.556	879788339433978598	879785325272906137	879785325268711832	5919	
1	C42H77N7O5	[M + Na]+	C42H77N7NaO5+		0.521	29.493	29.493	0.000	7	0.233	-0.119	6.201	-3.884		782.585	542	9.030	879788165970148037	879785326971599293	879785326963210684	12938	
1	C42H81N5O8	[M + H]+	C42H82N5O8+		0.243	7.579	7.579	0.000	2	0.096	-9.001	9.001	-11.714		784.607	579	9.643	879788253371054802	879785328783538661	879785328779344356	34722	
1	C35H66O10	[M + K]+	C35H66KO10+		0.713	7.791	7.791	0.000	2	0.054	-19.431	28.907	10.130		685.436	628	10.461	879788280839551708	879785328733207005	879785328729012700	25742	
1	C4H4NO3S	[M + Na]+	C4H4NNaO3S+		0.997	61.145	61.145	0.000	11	0.691	14.354	14.354	-1.241		168.980	649	10.820	879788370090146547	879785328544463321	879785328544463320	22515	
1	C6H12AsN3O4	[M + H]+	C6H13AsN3O4+		0.998	134.408	134.408	0.000	21	0.731	2.585	2.927	1.301		266.012	35	0.582	879790232086555666	879788631565314989	879788631561120684	18331	
1	C21H29N5O5	[M + H]+	C21H30N5O5+		0.896	41.372	41.372	0.000	14	0.910	0.652	1.360	6.604		432.227	58	0.967	879790287157767218	879788628708993917	879788628700605308	7251	
1	C9H15FN2O	[M + H]+	C9H16FN2O+		0.961	38.948	38.948	0.000	6	0.925	-2.233	2.323	-3.836		187.123	66	1.094	879790581358832710	879788632215432129	879788632211237824	34728	
1	C15H26N6O5	[M + H]+	C15H27N6O5+		0.999	170.604	170.604	0.000	49	0.918	0.652	1.459	29.513		371.215	84	1.404	879788718647454681	879788630244109205	879788630235720596	12065	
1	C33H50N6O9	[M + Na]+	C33H50N6NaO9+		0.759	70.412	70.412	0.000	25	0.803	2.426	2.426	-0.786		697.353	98	1.635	879789184508799984	879788628172122997	879788628167928692	5924	
1	C21H33N9O9	[M + H]+	C21H34N9O9+		0.887	144.481	144.481	0.000	43	0.906	0.856	1.236	3.056		556.249	130	2.175	879790718546127966	879788624703433549	879788624653101900	407	
1	C2HI3O2	[M + H]+	C2H2I3O2+		0.335	0.391	0.391	0.000	0	0.000			3.078		438.720	173	2.890	879788911417666541	879788632169294777	879788632165100472	25745	
1	C21H31F3N4O4	[M + H]+	C21H32F3N4O4+		0.620	111.103	111.103	0.000	42	0.904	0.289	3.342	8.203		461.241	182	3.027	879788903658204131	879788630919392161	879788630906809248	14747	
1	C76H89N5O9	[M + H]+	C76H90N5O9+		0.931	51.798	51.798	0.000	18	0.804	0.348	1.199	-7.813		1216.664	184	3.071	879790162721156103	879788627614280557	879788627610086252	4834	
1	C36H63N9O9	[M + H]+	C36H64N9O9+		0.899	63.651	63.651	0.000	27	0.898	2.023	2.023	7.109		766.488	194	3.241	879790260008037404	879788625299024721	879788625286441808	1179	
1	C24H39N3O5	[M + H]+	C24H40N3O5+		0.600	40.904	40.904	0.000	17	0.835	0.572	2.023	-10.766		450.291	229	3.816	879790617006222420	879788629245864837	879788629233281924	8913	
1	C6H12Br4FN3O2	[M + H]+	C6H13Br4FN3O2+		1.000	22.846	22.846	0.000	4	0.743	2.367	4.652	-0.971		493.772	235	3.911	879790582583569488	879788625697483605	879788625689094996	1792	
1	C37H52N4O9	[M + H]+	C37H53N4O9+		0.705	39.260	39.260	0.000	17	0.859	1.284	2.098	-8.755		697.375	269	4.475	879789991836822525	879788629493328777	879788629489134472	9745	
1	C80H98N8O7	[M + Na]+	C80H98N8NaO7+		0.483	51.743	51.743	0.000	21	0.811	0.416	1.678	-4.188		1305.740	275	4.581	879790577764314172	879788626725088097	879788626720893792	3247	
1	C18H37NO3	[M + H]+	C18H38NO3+		1.000	39.127	39.127	0.000	8	0.754	1.656	2.784	1.516		316.285	358	5.960	879790264646937639	879788631359794089	879788631355599784	16909	
1	C68H111N15O18	[M + H]+	C68H112N15O18+		0.031	14.541	14.541	0.000	15	0.780	1.843	3.402	-2.403		1426.827	394	6.559	879791048428137576	879788627324873577	879788627320679272	4227	
1	C26H44O5	[M + Na]+	C26H44NaO5+		1.000	124.378	124.378	0.000	28	0.827	1.684	1.765	6.107		459.311	476	7.925	879790267083828273	879788630466407321	879788630458018712	12939	
1	C26H43NO6	[M + Na]+	C26H43NNaO6+		0.262	10.163	10.163	0.000	2	0.178	-2.578	2.578	5.409		488.301	485	8.077	879791230700006516	879788628969040769	879788628960652160	8094	
1	C32H58N2O8	[M + H]+	C32H59N2O8+		0.962	94.561	94.561	0.000	33	0.900	-0.302	2.789	4.516		599.429	499	8.315	879791745911532695	879788629740792717	879788629732404108	10441	
1	C5H2I2O2	[M + K]+	C5H2I2KO2+		0.310	0.391	0.391	0.000	0	0.000			-0.733		386.777	506	8.427	879791286463278208	879788631770835889	879788631762447280	20374	
1	C46H83NO7	[M + H]+	C46H84NO7+		0.476	31.798	31.798	0.000	7	0.335	-0.208	1.047	-0.433		762.624	512	8.537	879791356373937291	879788627899493233	879788627891104624	5365	
1	C16H31NO	[M + H]+	C16H32NO+		1.000	85.440	85.440	0.000	22	0.723	3.328	3.328	4.558		254.249	639	10.657	879791746121247906	879788631133301669	879788631124913060	15687	
1	C4H5O3P	[M + K]+	C4H5KO3P+		0.707	60.934	60.934	0.000	9	0.687	4.701	4.962	1.821		170.961	646	10.766	879791914346392742	879788632194460605	879788632190266300	29618	
1	C14H20N2O4	[M + H]+	C14H21N2O4+		1.000	106.624	106.624	0.000	28	0.796	1.868	1.948	21.755		281.156	38	0.640	879792190722526589	879792129804455255	879792129800260950	29634	
1	C24H43N7O8	[M + H]+	C24H44N7O8+		0.516	131.777	131.777	0.000	44	0.915	1.347	1.916	-7.501		558.320	43	0.713	879792613168631226	879792127434673451	879792127430479146	11292	
1	C20H34N10O4	[M + H]+	C20H35N10O4+		0.670	22.368	22.368	0.000	8	0.943	1.451	1.518	2.449		479.285	57	0.943	879793039477689806	879792127174626599	879792127170432294	10450	
1	C11H23N3O5	[M + Na]+	C11H23N3NaO5+		0.738	150.824	150.824	0.000	38	0.934	3.567	3.567	11.356		300.156	57	0.954	879792225296174471	879792123882097911	879792123877903606	2806	
1	C38H56N6O12	[M + H]+	C38H57N6O12+		0.603	26.725	26.725	0.000	12	0.949	0.897	1.390	-8.485		789.396	58	0.970	879793386090778107	879792125610151183	879792125597568270	5926	
1	C38H82N4	[M + Na]+	C38H82N4Na+		1.000	46.800	46.800	0.000	18	0.583	-7.225	8.512	11.869		617.651	60	1.000	879792154966084978	879792122833521899	879792122820938986	1181	
1	C21H35N5O8	[M + H]+	C21H36N5O8+		0.997	159.794	159.794	0.000	53	0.967	0.824	1.839	-0.081		486.256	62	1.033	879792482251820464	879792129347276107	879792129343081802	20388	
1	C30H49N5O8	[M + K]+	C30H49KN5O8+		0.478	101.656	101.656	0.000	20	0.666	0.390	1.856	-4.753		646.318	113	1.890	879793594367331870	879792126671310111	879792126667115806	8918	
1	C17H28N4O6	[M + H]+	C17H29N4O6+		0.995	168.641	168.641	0.000	38	0.713	-0.514	2.222	-3.274		385.207	118	1.969	879792299002678674	879792123227786479	879792123219397870	1794	
1	C12H20Br4N4O7	[M + H]+	C12H21Br4N4O7+		1.000	93.144	93.144	0.000	33	0.712	1.913	2.023	-5.894		648.810	136	2.262	879792423095356828	879792124188282107	879792124179893498	3248	
1	C17H20Cl8N6O4	[M + H]+	C17H21Cl8N6O4+		0.773	43.621	43.621	0.000	11	0.863	1.772	1.908	-11.029		652.906	144	2.407	879793414163254790	879792122212764903	879792122162433254	408	
1	C18H31Br4ClN2O7	[M + K]+	C18H31Br4ClKN2O7+		0.709	24.721	24.721	0.000	18	0.874	-3.823	4.451	6.713		776.824	166	2.762	879792432268299686	879792127690525999	879792127686331694	12078	
1	C18H18BrN3O4	[M + K]+	C18H18BrKN3O4+		0.998	71.393	71.393	0.000	24	0.826	5.886	5.886	9.986		458.016	171	2.854	879793031386877380	879792128202231095	879792128193842486	13837	
1	C37H55N7O8	[M + H]+	C37H56N7O8+		0.934	80.770	80.770	0.000	31	0.837	4.747	4.747	-3.425		726.416	213	3.543	879793328175828451	879792125312355595	879792125303966986	5368	
1	C7H9Br3FN3O3S	[M + H]+	C7H10Br3FN3O3S+		0.731	30.555	30.555	0.000	6	0.683	4.696	4.696	-4.140		471.795	217	3.615	879792162801044853	879792124754513155	879792124746124546	4229	
1	C30H54N4O8	[M + K]+	C30H54KN4O8+		0.599	124.968	124.968	0.000	39	0.902	-0.020	1.262	-0.350		637.357	217	3.617	879793356902616557	879792128898485571	879792128894291266	16913	
1	C50H70N4O7	[M + K]+	C50H70KN4O7+		0.391	75.547	75.547	0.000	15	0.597	0.603	1.332	-6.734		877.482	220	3.668	879793063511051736	879792123567525107	879792123559136498	2346	
1	C12H13Cl8NOS2	[M + H]+	C12H14Cl8NOS2+		0.776	22.117	22.117	0.000	5	0.304	2.023	3.915	-13.829		531.795	226	3.768	879793362153885175	879792127950572851	879792127946378546	12967	
1	C10H15Br3N2O8S	[M + H]+	C10H16Br3N2O8S+		0.998	66.354	66.354	0.000	21	0.726	1.871	1.871	1.428		560.818	227	3.790	879793436976074257	879792126151216407	879792126142827798	7286	
1	C36H56N12O6	[M + H]+	C36H57N12O6+		0.476	43.716	43.716	0.000	14	0.755	2.424	2.424	-7.239		753.446	253	4.216	879793627183566389	879792125878586643	879792125874392338	6560	
1	C44H89N3O3	[M + H]+	C44H90N3O3+		0.997	52.887	52.887	0.000	10	0.641	2.282	2.282	11.471		708.706	263	4.391	879793600629427752	879792128663604543	879792128659410238	15689	
1	C14H24I3N3O6	[M + H]+	C14H25I3N3O6+		0.473	27.199	27.199	0.000	6	0.707	2.884	2.884	6.875		711.892	275	4.577	879793634401963584	879792129124977991	879792129116589382	18347	
1	C19H22FN5O5	[M + H]+	C19H23FN5O5+		0.435	46.838	46.838	0.000	14	0.818	0.862	3.335	0.301		420.168	301	5.010	879793696486051413	879792128432917819	879792128420334906	14753	
1	C44H83NO7	[M + H]+	C44H84NO7+		1.000	169.626	169.626	0.000	49	0.943	0.242	2.416	-0.583		738.624	491	8.187	879793671861292618	879792129770900819	879792129762512210	25757	
1	C21H45N3O6	[M + H]+	C21H46N3O6+		1.000	53.709	53.709	0.000	8	0.842	-0.111	1.039	7.305		436.341	518	8.637	879793979320553063	879792126411263259	879792126402874650	8100	
1	C47H66N2O5	[M + H]+	C47H67N2O5+		1.000	110.081	110.081	0.000	38	0.723	3.346	3.346	14.537		739.515	639	10.650	879793983636491903	879792129561185615	879792129556991310	22541	
1	C6H3Cl2NO5S	[M + H]+	C6H4Cl2NO5S+		0.794	20.840	20.840	0.000	4	0.233	-0.301	1.473	-3.953		271.917	654	10.903	879794059435958816	879792126922968355	879792126914579746	9757	
1	C4H6NO2P	[M + K]+	C4H6KNO2P+		0.984	55.130	55.130	0.000	13	0.484	5.541	6.194	3.688		169.977	39	0.646	879796959775515615	879796914208596913	879796914204402608	22551	
1	C24H35N5O7	[M + H]+	C24H36N5O7+		1.000	99.527	99.527	0.000	37	0.928	1.967	2.274	2.321		506.262	42	0.708	879797054818444285	879796909708108645	879796909699720036	4231	
1	C5H11Br4N5O4	[M + H]+	C5H12Br4N5O4+		0.997	75.510	75.510	0.000	14	0.348	11.087	11.087	0.712		521.762	64	1.075	879796955459576788	879796912061113225	879796912056918920	10456	
1	C14H16N2O2	[M + H]+	C14H17N2O2+		0.625	60.900	60.900	0.000	8	0.946	2.667	2.667	11.609		245.131	79	1.317	879798303106229308	879796914401534901	879796914393146292	25780	
1	C19H33N5O9	[M + H]+	C19H34N5O9+		0.834	50.246	50.246	0.000	13	0.784	1.856	2.446	5.871		476.238	80	1.326	879797029489042409	879796913994687405	879796913990493100	20404	
1	C34H48N4O11	[M + H]+	C34H49N4O11+		0.701	196.847	196.847	0.000	52	0.951	1.041	1.773	14.311		689.349	82	1.370	879798686352368760	879796911801066373	879796911796872068	9762	
1	C16H28N4O4	[M + Na]+	C16H28N4NaO4+		0.897	123.042	123.042	0.000	41	0.907	2.017	2.778	0.066		363.200	93	1.544	879797827065308187	879796909435478881	879796909427090272	3729	
1	C15H23N3O4	[M + H]+	C15H24N3O4+		0.734	58.746	58.746	0.000	12	0.747	1.244	5.886	-8.165		310.174	107	1.779	879797845293753381	879796911297749885	879796911289361276	8107	
1	C25H40N6O8	[M + H]+	C25H41N6O8+		0.984	137.837	137.837	0.000	37	0.880	1.541	1.692	1.557		553.299	108	1.807	879797710623040519	879796909141877597	879796909133488988	3249	
1	C14H30N6O5	[M + Na]+	C14H30N6NaO5+		0.795	111.990	111.990	0.000	35	0.810	0.316	1.482	-8.018		385.214	108	1.808	879797036095071219	879796912941917081	879796912933528472	13857	
1	C29H42N6O7S	[M + H]+	C29H43N6O7S+		1.000	153.902	153.902	0.000	54	0.980	1.469	1.849	3.964		619.293	125	2.090	879799084341486746	879796907837449037	879796907824866124	1183	
1	C22H23Br3N4O6S2	[M + H]+	C22H24Br3N4O6S2+		1.000	95.444	95.444	0.000	31	0.772	0.278	1.441	4.604		740.872	164	2.740	879798633885820014	879796910265951085	879796910257562476	5369	
1	C35H49N5O6	[M + Na]+	C35H49N5NaO6+		0.540	152.092	152.092	0.000	53	0.970	0.819	1.853	1.208		658.358	174	2.907	879797736380261393	879796908185576273	879796908177187664	1796	
1	C30H51N7O6	[M + K]+	C30H51KN7O6+		0.688	75.236	75.236	0.000	32	0.938	-0.395	1.830	-3.943		644.351	197	3.283	879798436850000986	879796907220886345	879796907178943304	419	
1	C29H48N8O9	[M + H]+	C29H49N8O9+		0.984	70.130	70.130	0.000	28	0.918	0.920	1.932	4.436		653.365	206	3.425	879797933449634864	879796911037703033	879796911033508728	7290	
1	C9H15N3O4	[M + H]+	C9H16N3O4+		0.990	31.981	31.981	0.000	4	0.676	-0.575	0.904	5.509		230.115	211	3.517	879798453442667620	879796913797555113	879796913793360808	18366	
1	C40H57N5O8	[M + H]+	C40H58N5O8+		0.422	29.359	29.359	0.000	17	0.945	0.948	2.134	-2.295		736.426	212	3.532	879798323448603718	879796908521120597	879796908512731988	2347	
1	C18H15NO5	[M + H]+	C18H16NO5+		0.221	18.039	18.039	0.000	2	0.925	3.091	3.091	3.989		326.104	281	4.683	879798327772931152	879796912287605645	879796912283411340	11300	
1	C44H60N6O8	[M + H]+	C44H61N6O8+		0.991	63.970	63.970	0.000	12	0.806	2.652	3.469	-2.420		801.453	287	4.786	879798928103662736	879796912509903761	879796912501515152	12089	
1	C24H30O6	[M + H]+	C24H31O6+		0.372	44.952	44.952	0.000	7	0.948	1.455	1.709	3.576		415.213	374	6.238	879798731340473474	879796913155826589	879796913147437980	14761	
1	C17H37NO	[M + H]+	C17H38NO+		1.000	16.029	16.029	0.000	3	0.137	3.747	3.747	3.705		272.296	396	6.604	879798881307813006	879796913365541793	879796913361347488	15692	
1	C67H97N15O14	[M + H]+	C67H98N15O14+		0.940	47.221	47.221	0.000	22	0.729	2.031	3.346	-3.231		1336.737	463	7.725	879799643148623220	879796909984932713	879796909980738408	4837	
1	C17H27N3O13	[M + H]+	C17H28N3O13+		0.363	60.357	60.357	0.000	19	0.934	0.224	4.317	-7.807		482.158	475	7.917	879799401531545782	879796914422506425	879796914418312120	29659	
1	C30H61NO3	[M + H]+	C30H62NO3+		1.000	28.935	28.935	0.000	7	0.705	2.986	2.986	-2.934		484.471	495	8.257	879799282274887230	879796913583645605	879796913579451300	16938	
1	C43H68N4O7	[M + H]+	C43H69N4O7+		0.649	32.305	32.305	0.000	7	0.532	2.332	4.623	13.700		753.526	509	8.485	879799341460723853	879796912723813269	879796912719618964	12974	
1	C44H67NO2	[M + K]+	C44H67KNO2+		0.374	10.308	10.308	0.000	2	0.106	-1.595	3.429	3.911		680.483	629	10.479	879799385752574114	879796911541019521	879796911536825216	8923	
1	C2H9N3O5S	[M + Na]+	C2H9N3NaO5S+		0.987	42.298	42.298	0.000	28	0.723	9.207	11.686	9.465		210.018	647	10.784	879799393579145388	879796914447672253	879796914443477948	34917	
1	C3H4N2O4S	[M + Na]+	C3H4N2NaO4S+		0.729	180.501	180.501	0.000	29	0.687	15.902	15.902	16.053		186.981	652	10.871	879799370502084760	879796910765073269	879796910760878964	6573	
1	C9H5Br4N	[M + H]+	C9H6Br4N+		0.998	0.391	0.391	0.000	0	0.000			-13.576		443.717	37	0.615	879802427877297828	879799805090926047	879799805086731742	11306	
1	C18H31N5O8	[M + H]+	C18H32N5O8+		0.997	76.334	76.334	0.000	27	0.869	0.407	1.590	-4.794		446.222	37	0.620	879799879304941094	879799800812735903	879799800800152990	1192	
1	C28H39N7O9	[M + H]+	C28H40N7O9+		0.518	156.953	156.953	0.000	47	0.934	1.868	2.023	-4.694		618.285	86	1.432	879801055874321988	879799803748748743	879799803740360134	6592	
1	C10H15FN2O5	[M + H]+	C10H16FN2O5+		0.820	69.137	69.137	0.000	19	0.950	-2.911	6.123	-6.371		263.102	106	1.767	879801164204805741	879799806860922371	879799806856728066	22557	
1	C21H38N12O10	[M + H]+	C21H39N12O10+		0.682	150.652	150.652	0.000	48	0.930	0.729	1.562	9.266		619.296	108	1.805	879800525257117242	879799802956025275	879799802951830970	4845	
1	C25H40N6O7	[M + H]+	C25H41N6O7+		0.984	56.566	56.566	0.000	14	0.864	1.989	1.989	3.119		537.305	120	2.006	879801130474212953	879799806080781811	879799806076587506	15726	
1	C15H18Br2N2O3	[M + K]+	C15H18Br2KN2O3+		0.972	54.129	54.129	0.000	17	0.692	1.149	1.149	-11.201		470.926	132	2.205	879801070902513230	879799805875260911	879799805866872302	14772	
1	C12H24N2O3	[M + H]+	C12H25N2O3+		1.000	48.882	48.882	0.000	15	0.816	0.136	1.244	0.534		245.186	145	2.413	879802432591695526	879799806667984383	879799806663790078	20442	
1	C24H38N4O8	[M + H]+	C24H39N4O8+		0.899	127.443	127.443	0.000	40	0.886	0.743	1.598	-3.796		511.274	166	2.764	879800080820276784	879799802695978423	879799802687589814	4241	
1	C58H58N4O18	[M + H]+	C58H59N4O18+		0.076	40.300	40.300	0.000	18	0.849	0.478	1.209	0.284		1099.382	174	2.906	879802260163858071	879799803492896195	879799803488701890	5941	
1	C37H64N4O12	[M + H]+	C37H65N4O12+		0.476	122.737	122.737	0.000	43	0.918	0.572	1.085	1.254		757.460	219	3.643	879802088390332035	879799807041277447	879799807037083142	25784	
1	C15H22Br4N4O4	[M + H]+	C15H23Br4N4O4+		1.000	28.545	28.545	0.000	14	0.772	0.948	1.278	-5.526		638.841	246	4.094	879802444369301168	879799805678128619	879799805673934314	13865	
1	C23H33I3N4O4	[M + H]+	C23H34I3N4O4+		0.159	49.925	49.925	0.000	20	0.724	2.225	2.225	-9.712		810.963	259	4.318	879802633985396457	879799801827757483	879799801819368874	2809	
1	C22H33Br4FN4O6	[M + H]+	C22H34Br4FN4O6+		0.256	21.972	21.972	0.000	15	0.705	1.818	2.023	5.940		784.924	268	4.472	879801428664061561	879799806487629307	879799806479240698	18369	
1	C20H22N4O5	[M + H]+	C20H23N4O5+		0.594	30.057	30.057	0.000	7	1.000	-1.528	1.880	-0.492		399.166	302	5.026	879801149562490467	879799805292252643	879799805288058338	12094	
1	C29H40N4O7	[M + H]+	C29H41N4O7+		0.404	53.612	53.612	0.000	10	0.887	4.477	4.477	-2.649		557.296	317	5.288	879802476770299601	879799806277914103	879799806273719798	16947	
1	C10H16N4O7S	[M + H]+	C10H17N4O7S+		0.364	25.025	25.025	0.000	4	0.300	-1.304	2.220	-18.828		337.075	407	6.776	879802116932570765	879799807066443275	879799807062248970	29721	
1	C23H41N3O2	[M + H]+	C23H42N3O2+		0.976	36.298	36.298	0.000	8	0.528	1.979	2.156	0.882		392.328	431	7.185	879802454892809915	879799804478557651	879799804474363346	8925	
1	C28H52O7	[M + H]+	C28H53O7+		0.332	4.332	4.332	0.000	0	0.000	-1.956	1.956	-3.352		501.377	486	8.101	879802464590040774	879799804252065231	879799804243676622	8112	
1	C23H49N7O5	[M + H]+	C23H50N7O5+		0.985	27.178	27.178	0.000	5	0.419	0.679	3.950	2.193		504.388	489	8.150	879802484705922780	879799804885405147	879799804881210842	10460	
1	C23H42N2O3	[M + H]+	C23H43N2O3+		0.997	235.179	235.179	0.000	53	0.965	2.292	2.681	16.392		395.333	507	8.454	879802658735984373	879799805485190631	879799805480996326	12984	
1	C40H78N14O8	[M + H]+	C40H79N14O8+		0.999	63.173	63.173	0.000	15	0.404	3.069	3.765	7.942		883.627	522	8.703	879802845915189013	879799803996212683	879799803987824074	7292	
1	C35H62Cl2N6O3	[M + H]+	C35H63Cl2N6O3+		0.157	6.811	6.811	0.000	2	0.144	-2.451	4.050	0.698		685.434	601	10.019	879802708975357696	879799804688272855	879799804684078550	9763	
1	C6H5O5P	[M + K]+	C6H5KO5P+		0.707	61.112	61.112	0.000	17	0.739	-11.562	11.562	3.446		226.951	639	10.657	879802711336750858	879799801500601767	879799801492213158	2348	
1	C39H52N8O8	[M + H]+	C39H53N8O8+		0.752	27.239	27.239	0.000	15	0.869	0.897	1.641	7.634		761.404	56	0.934	879803148196414189	879803082366812826	879803082362618521	8936	
1	C33H43N3O11	[M + H]+	C33H44N3O11+		0.370	176.762	176.762	0.000	52	0.968	2.283	2.518	6.782		658.302	77	1.278	879805379817800534	879803082060628622	879803082056434317	6599	
1	Se4	[M + Na]+	NaSe4+		1.000	-4.315	-4.315	0.000	0	0.000	-9.496	9.496	-10.438		318.676	78	1.297	879805823751324554	879803083398611654	879803083394417349	20443	
1	C25H40N4O9	[M + K]+	C25H40KN4O9+		0.536	140.342	140.342	0.000	43	0.910	1.458	2.056	-0.841		579.242	97	1.623	879804052530299651	879803081607643774	879803081603449469	4242	
1	C20H35N5O8	[M + H]+	C20H36N5O8+		0.988	206.146	206.146	0.000	53	0.961	1.007	1.306	-2.403		474.255	107	1.776	879805423610528608	879803081842524806	879803081838330501	5381	
1	C23H41N7O10	[M + H]+	C23H42N7O10+		0.997	97.600	97.600	0.000	40	0.839	-0.637	1.868	11.510		576.305	124	2.063	879804079172518669	879803080508736098	879803080479375969	428	
1	C10H12F3N3O4	[M + K]+	C10H12F3KN3O4+		0.173	16.792	16.792	0.000	2	0.927	-1.752	1.752	-3.439		334.040	138	2.292	879805823499666303	879803082941432502	879803082933043893	14780	
1	C24H32N4O5	[M + H]+	C24H33N4O5+		0.918	81.772	81.772	0.000	23	0.887	1.670	1.852	2.304		457.246	167	2.788	879804680979645230	879803082769466030	879803082765271725	12988	
1	C28H41N5O8	[M + H]+	C28H42N5O8+		1.000	124.941	124.941	0.000	44	0.900	0.590	1.579	14.073		576.311	177	2.946	879804635974763300	879803083138564798	879803083134370493	16951	
1	C41H71N13O14	[M + H]+	C41H72N13O14+		0.384	62.366	62.366	0.000	18	0.707	0.483	1.882	-9.500		970.522	181	3.009	879804968541127480	879803082526196386	879803082526196385	10465	
1	C17H30N6O5	[M + H]+	C17H31N6O5+		0.991	95.900	95.900	0.000	28	0.928	0.772	1.132	-6.624		399.232	203	3.382	879805637868159861	879803081242739314	879803081238545009	2811	
1	C21H29N7O5S	[M + H]+	C21H30N7O5S+		0.988	41.715	41.715	0.000	18	0.996	2.087	2.087	2.104		492.203	204	3.398	879804080124625687	879803082610082470	879803082605888165	11308	
1	C15H24Br2Cl3N3O4S	[M + Na]+	C15H24Br2Cl3N3NaO4S+		1.000	109.797	109.797	0.000	36	0.682	4.142	4.142	-12.113		627.874	205	3.414	879805447069270890	879803083033707194	879803083033707193	15740	
1	C13H20Br4N6O2	[M + H]+	C13H21Br4N6O2+		0.792	85.395	85.395	0.000	28	0.829	1.063	4.105	-2.954		608.844	226	3.765	879803172259136248	879803082165486226	879803082161291921	7293	
1	C16H24N4O6S	[M + H]+	C16H25N4O6S+		0.520	56.980	56.980	0.000	16	0.828	0.118	1.172	1.416		401.150	247	4.124	879805016620434242	879803083264393922	879803083264393921	18391	
1	C79H91N5O10	[M + H]+	C79H92N5O10+		0.952	67.072	67.072	0.000	11	0.543	1.199	1.264	0.968		1270.685	267	4.448	879805979162870690	879803082689774250	879803082685579945	12103	
1	C62H104N2O12	[M + H]+	C62H105N2O12+		0.375	14.500	14.500	0.000	4	0.605	-2.440	2.440	-7.294		1069.758	442	7.359	879805104323330892	879803082270343830	879803082266149525	8123	
1	C34H55NO7	[M + H]+	C34H56NO7+		0.924	42.539	42.539	0.000	11	0.798	0.698	2.667	-5.470		590.402	461	7.688	879805852566193036	879803081947382410	879803081943188105	5945	
1	C19H25NO2	[M + K]+	C19H25KNO2+		0.449	200.807	200.807	0.000	37	0.743	1.406	2.045	-2.328		338.151	476	7.929	879805886770742168	879803083683824342	879803083683824341	35062	
1	C16H34N4	[M + H]+	C16H35N4+		0.996	4.248	4.248	0.000	2	0.018	-9.967	9.967	-11.026		283.283	487	8.114	879805979984954284	879803081364374134	879803081360179829	3255	
1	C29H53NO8	[M + H]+	C29H54NO8+		0.994	55.590	55.590	0.000	14	0.752	1.907	2.317	0.378		544.385	496	8.274	879806026642391985	879803082450698910	879803082446504605	9765	
1	C41H86N2O8	[M + H]+	C41H87N2O8+		0.942	36.070	36.070	0.000	17	0.809	0.071	1.234	5.581		735.650	507	8.454	879806128182297531	879803083646075598	879803083641881293	25809	
1	C42H76NO10P	[M + H]+	C42H77NO10P+		0.980	73.816	73.816	0.000	20	0.715	0.942	2.007	10.730		786.536	522	8.700	879806605200491752	879803082861740722	879803082857546417	13868	
1	C35H65N9O6	[M + H]+	C35H66N9O6+		0.711	34.584	34.584	0.000	9	0.344	-4.383	8.516	-4.033		708.510	602	10.027	879806441509389255	879803081729278594	879803081725084289	4853	
1	CNO2P3S6	[M + K]+	CKNO2P3S6+		0.600	-4.762	-4.762	0.000	0	0.000	1.907	1.907	0.597		381.710	48	0.800	879808155621929378	879806783606370500	879806783597981891	3259	
1	C10H21N3O5	[M + Na]+	C10H21N3NaO5+		0.496	52.357	52.357	0.000	14	0.953	-0.026	1.490	4.398		286.139	50	0.840	879806825314529616	879806785758048488	879806785753854183	8940	
1	C21H39N3O13	[M + H]+	C21H40N3O13+		0.692	182.660	182.660	0.000	52	0.968	1.402	1.992	-5.836		542.252	61	1.017	879809081350959593	879806788446597400	879806788442403095	22581	
1	C14H23N3O6	[M + H]+	C14H24N3O6+		1.000	99.316	99.316	0.000	25	0.974	1.115	1.892	0.721		330.166	83	1.386	879808185904804281	879806788274630932	879806788270436627	20473	
1	C10H16N2O5	[M + H]+	C10H17N2O5+		0.996	61.147	61.147	0.000	8	0.946	2.652	2.652	0.416		245.113	84	1.395	879806818968547643	879806788614369564	879806788610175259	25850	
1	C15H18N4O4	[M + H]+	C15H19N4O4+		0.999	178.422	178.422	0.000	44	0.927	0.916	1.376	-1.195		319.140	98	1.640	879808010394153357	879806785305063648	879806785300869343	7295	
1	C23H38N6O7	[M + H]+	C23H39N6O7+		0.995	81.003	81.003	0.000	20	0.886	0.434	1.055	6.896		511.291	110	1.836	879806915215241573	879806785544138980	879806785539944675	8137	
1	C20H35N5O8S	[M + H]+	C20H36N5O8S+		0.971	67.456	67.456	0.000	27	0.891	1.680	2.023	3.535		506.230	119	1.977	879807155313979759	879806787020534012	879806787016339707	12992	
1	C14H18N2O4	[M + H]+	C14H19N2O4+		0.909	56.575	56.575	0.000	10	0.943	0.289	1.035	0.596		279.134	134	2.241	879806823741665605	879806785082765532	879806785078571227	6615	
1	C11H17FN2O5	[M + H]+	C11H18FN2O5+		0.995	72.693	72.693	0.000	15	0.993	-4.521	6.328	-0.456		277.119	144	2.394	879808526159327704	879806782721372344	879806782712983735	1801	
1	C39H56N8O11	[M + H]+	C39H57N8O11+		0.801	151.531	151.531	0.000	38	0.852	1.353	1.804	5.371		813.419	163	2.718	879809290478957056	879806784629780692	879806784621392083	5383	
1	C36H53N5O8	[M + H]+	C36H54N5O8+		0.992	46.896	46.896	0.000	18	0.946	2.104	2.376	1.183		684.398	164	2.726	879806906348482906	879806781844762800	879806781790236847	431	
1	C7H10Br2ClIN2O3	[M + H]+	C7H11Br2ClIN2O3+		0.998	5.271	5.271	0.000	4	0.188	1.980	2.701	-6.558		490.783	165	2.745	879808532853436903	879806786458497268	879806786454302963	11323	
1	C10H17Br3ClN5O4S	[M + H]+	C10H18Br3ClN5O4S+		1.000	99.816	99.816	0.000	25	0.534	-0.141	3.403	-10.360		575.825	181	3.015	879808183874761134	879806786181673200	879806786177478895	10484	
1	C20H40N6O6	[M + Na]+	C20H40N6NaO6+		0.992	82.370	82.370	0.000	25	0.901	0.057	1.590	-1.353		483.290	184	3.068	879808084398453144	879806782394216628	879806782381633715	1203	
1	C5H13AsI2N3P	[M + K]+	C5H13AsI2KN3P+		0.654	1.865	1.865	0.000	4	0.195	5.634	5.634	-11.502		513.773	188	3.126	879808531913912803	879806784130658508	879806784126464203	4256	
1	C45H75N11O13	[M + H]+	C45H76N11O13+		0.544	78.861	78.861	0.000	29	0.904	0.471	0.862	2.087		978.564	203	3.383	879807494402486649	879806783866417352	879806783862223047	3745	
1	C36H65N9O12	[M + Na]+	C36H65N9NaO12+		0.649	74.093	74.093	0.000	29	0.895	1.149	1.773	4.187		838.468	207	3.444	879807944547774851	879806787725177096	879806787720982791	15744	
1	C40H55N3O8	[M + H]+	C40H56N3O8+		0.742	94.748	94.748	0.000	29	0.840	0.862	1.324	4.683		706.410	237	3.944	879808517363872206	879806787918115084	879806787913920779	16955	
1	C21H19Br2IN6O6	[M + H]+	C21H20Br2IN6O6+		0.446	64.416	64.416	0.000	26	0.771	1.839	1.853	5.386		736.889	240	3.997	879808418839671236	879806784386511056	879806784378122447	4857	
1	C22H34I3N5O8	[M + H]+	C22H35I3N5O8+		0.646	17.028	17.028	0.000	13	0.691	2.330	2.969	5.087		877.966	250	4.169	879809272565084662	879806786739515640	879806786735321335	12104	
1	C18H25Br3N4O7S	[M + H]+	C18H26Br3N4O7S+		0.648	104.872	104.872	0.000	27	0.723	1.248	2.023	-5.277		678.903	251	4.190	879809780147195482	879806788647924000	879806788643729695	29769	
1	C18H35N3O4	[M + Na]+	C18H35N3NaO4+		0.713	35.775	35.775	0.000	8	0.572	4.530	4.530	4.004		380.254	359	5.975	879809292458668555	879806788094275856	879806788090081551	18396	
1	C18H37NO2	[M + H]+	C18H38NO2+		1.000	80.865	80.865	0.000	14	0.864	2.045	3.025	-1.019		300.289	468	7.799	879809313648292374	879806787507073284	879806787498684675	14784	
1	C23H49NO2	[M + K]+	C23H49KNO2+		0.808	14.864	14.864	0.000	5	0.979	0.442	1.564	2.710		410.341	502	8.368	879809490681475611	879806783337935040	879806783329546431	2812	
1	C42H81N5O8	[M + H]+	C42H82N5O8+		0.186	2.000	2.000	0.000	0	0.000			-12.097		784.606	572	9.536	879809738061548791	879806788668895524	879806788668895523	35089	
1	C38H71N7O5	[M + H]+	C38H72N7O5+		0.642	36.851	36.851	0.000	8	0.469	6.016	6.016	7.862		706.565	639	10.649	879809650790665435	879806787305746688	879806787301552383	13873	
1	C12H25N3O3	[M + H]+	C12H26N3O3+		1.000	120.022	120.022	0.000	30	0.720	2.453	2.453	2.813		260.198	35	0.576	879812302624639339	879811021302515988	879811021298321683	22623	
1	C26H37N7O8	[M + H]+	C26H38N7O8+		0.963	169.483	169.483	0.000	53	0.973	0.740	1.306	-1.280		576.277	72	1.198	879813640959936896	879811018827876580	879811018819487971	8944	
1	C19H32N4O8	[M + H]+	C19H33N4O8+		0.880	35.548	35.548	0.000	9	0.962	0.862	1.405	-4.920		445.227	84	1.402	879811058283694392	879811018345531612	879811018337143003	7307	
1	C24H40N6O8	[M + H]+	C24H41N6O8+		0.967	92.081	92.081	0.000	28	0.877	1.051	1.911	6.579		541.302	92	1.526	879814316830083496	879811020325243136	879811020316854527	14785	
1	C23H42N4O5S	[M + H]+	C23H43N4O5S+		0.999	180.109	180.109	0.000	52	0.968	0.862	1.674	-1.986		487.294	105	1.745	879811443731843404	879811018580412640	879811018576218335	8141	
1	C23H37N5O9	[M + H]+	C23H38N5O9+		0.929	168.323	168.323	0.000	45	0.937	1.272	1.422	-3.983		528.264	112	1.874	879811806954375510	879811019717069044	879811019708680435	12125	
1	C41H60N4O14	[M + H]+	C41H61N4O14+		0.876	45.772	45.772	0.000	10	0.877	0.604	4.070	2.905		833.420	140	2.333	879815055132445150	879811020119722236	879811020115527931	13892	
1	C10H20Br2N4O4S2	[M + Na]+	C10H20Br2N4NaO4S2+		0.290	86.278	86.278	0.000	35	0.806	0.560	2.023	2.392		504.920	155	2.588	879814330562234802	879811017036908744	879811017028520135	4257	
1	C29H42N6O7S	[M + H]+	C29H43N6O7S+		0.977	67.172	67.172	0.000	27	0.893	1.784	1.868	0.412		619.291	158	2.628	879811813807868256	879811021113772304	879811021109577999	20477	
1	C34H52N6O6	[M + Na]+	C34H52N6NaO6+		0.397	101.958	101.958	0.000	46	0.924	0.838	1.812	8.511		663.390	161	2.680	879814143160732044	879811017854798036	879811017846409427	5969	
1	C16H11Br3ClNO4	[M + H]+	C16H12Br3ClNO4+		0.989	16.463	16.463	0.000	4	0.085	2.044	2.701	-3.879		553.798	182	3.040	879814147057240471	879811017586362576	879811017577973967	5387	
1	C25H40N4O7	[M + H]+	C25H41N4O7+		0.514	152.181	152.181	0.000	48	0.937	1.001	1.962	-11.734		509.291	187	3.121	879811267365554498	879811018102261976	879811018098067671	6617	
1	C41H63N7O9	[M + H]+	C41H64N7O9+		0.993	95.320	95.320	0.000	45	0.951	1.233	2.579	6.133		798.481	203	3.386	879814976816400852	879811014939756720	879811014927173807	1207	
1	C26H44N6O10	[M + H]+	C26H45N6O10+		0.999	178.021	178.021	0.000	55	0.982	0.728	1.852	-0.279		601.319	213	3.542	879813212398537078	879811016747501764	879811016739113155	3748	
1	C52H85N9O17	[M + H]+	C52H86N9O17+		0.558	37.045	37.045	0.000	18	0.806	2.635	2.832	5.215		1108.619	227	3.786	879814225624943006	879811019490576624	879811019486382319	11325	
1	C48H73N13O12	[M + H]+	C48H74N13O12+		0.265	26.434	26.434	0.000	7	0.308	-3.718	5.698	-3.652		1024.554	246	4.107	879814669239699912	879811019280861420	879811019272472811	10493	
1	C12H15FN2O3	[M + H]+	C12H16FN2O3+		0.926	64.043	64.043	0.000	10	0.876	-1.904	4.324	-6.456		255.112	258	4.300	879814344193722812	879811020920834316	879811020916640011	18411	
1	C28H25I2N5O9	[M + H]+	C28H26I2N5O9+		0.291	27.517	27.517	0.000	14	0.740	1.301	1.769	-2.470		829.979	266	4.426	879815235739175400	879811021478676760	879811021474482455	25907	
1	C35H56N8O8	[M + H]+	C35H57N8O8+		0.369	53.174	53.174	0.000	14	0.725	1.068	1.561	1.272		717.430	274	4.566	879815442354784757	879811020732090632	879811020727896327	16956	
1	C38H80FN7O6S	[M + H]+	C38H81FN7O6S+		0.405	20.624	20.624	0.000	8	0.260	1.025	6.581	-6.976		782.589	557	9.276	879815489880443391	879811021503842588	879811021499648283	29898	
1	C39H77NO9S2	[M + K]+	C39H77KNO9S2+		0.157	19.122	19.122	0.000	5	0.291	6.849	6.849	1.819		806.469	642	10.696	879815941380491797	879811019918395640	879811019914201335	12996	
1	C7H8BCl3O6	[M + Na]+	C7H8BCl3NaO6+		0.613	34.136	34.136	0.000	15	0.880	-2.118	4.633	-13.511		325.936	648	10.795	879815890189011467	879811020530764036	879811020526569731	15755	
1	C36H65N13O12	[M + H]+	C36H66N13O12+		0.655	33.450	33.450	0.000	11	0.948	1.233	2.349	-10.133		872.486	56	0.940	879817659983485398	879817598448851282	879817598444656977	8147	
1	C7H12FN3O3	[M + H]+	C7H13FN3O3+		0.947	69.403	69.403	0.000	16	0.341	-7.342	7.342	-8.957		206.092	70	1.160	879817717458033141	879817600176904590	879817600172710285	29938	
1	C17H28N4O6	[M + H]+	C17H29N4O6+		1.000	180.437	180.437	0.000	38	0.703	-0.684	2.501	-4.312		385.207	95	1.579	879817710201887211	879817596171344158	879817596133595421	447	
1	C15H19N5O2	[M + H]+	C15H20N5O2+		0.658	55.056	55.056	0.000	17	0.908	0.469	2.275	0.823		302.161	97	1.617	879817622104725939	879817597597407546	879817597593213241	4258	
1	C12H24N2O3	[M + H]+	C12H25N2O3+		1.000	33.945	33.945	0.000	5	0.970	0.544	0.708	1.758		245.186	103	1.714	879817613808392617	879817599216408938	879817599212214633	13010	
1	C24H41N5O8	[M + H]+	C24H42N5O8+		1.000	131.689	131.689	0.000	41	0.922	1.403	2.078	-1.684		528.302	107	1.791	879817752266562058	879817598977333602	879817598973139297	11326	
1	C5H12FNO4S	[M + Na]+	C5H12FNNaO4S+		0.554	42.550	42.550	0.000	15	0.923	11.243	11.243	9.249		224.038	108	1.807	879817857757502003	879817599333849454	879817599329655149	13899	
1	C8H16Br4N2O2SSi	[M + H]+	C8H17Br4N2O2SSi+		1.000	66.563	66.563	0.000	14	0.347	1.084	1.358	-6.561		548.747	128	2.132	879817632926030279	879817596892764458	879817596888570153	2359	
1	C17H32N4O5	[M + K]+	C17H32KN4O5+		0.988	97.863	97.863	0.000	25	0.942	-0.323	1.999	3.579		411.202	134	2.233	879817662755920353	879817598721481050	879817598717286745	9780	
1	C14H21Br3N2O6S	[M + Na]+	C14H21Br3N2NaO6S+		0.626	116.440	116.440	0.000	38	0.770	0.978	3.803	-5.728		604.853	156	2.606	879817805181901332	879817598587263318	879817598583069013	8961	
1	C11H21N3O3	[M + H]+	C11H22N3O3+		1.000	58.104	58.104	0.000	12	0.896	1.994	2.998	2.179		244.166	177	2.946	879817809141324318	879817600088824198	879817600084629893	22630	
1	C34H58N8O7	[M + K]+	C34H58KN8O7+		0.363	99.581	99.581	0.000	33	0.885	0.652	0.886	-1.651		729.405	182	3.039	879818044924123710	879817598163638602	879817598159444297	6628	
1	C31H53N7O8	[M + H]+	C31H54N7O8+		0.996	93.836	93.836	0.000	38	0.950	1.091	1.644	1.321		652.404	185	3.087	879817732825963008	879817599094774118	879817599094774117	12140	
1	C26H40N4O6	[M + H]+	C26H41N4O6+		0.952	54.456	54.456	0.000	10	0.945	0.913	1.101	0.670		505.302	203	3.388	879817629964851645	879817598843115870	879817598838921565	10515	
1	C10H15Br4FN4O	[M + H]+	C10H16Br4FN4O+		1.000	43.122	43.122	0.000	14	0.283	3.711	3.711	0.895		542.804	219	3.646	879817633282546129	879817596695632166	879817596687243557	1811	
1	C32H44N6O8	[M + H]+	C32H45N6O8+		0.991	67.566	67.566	0.000	21	0.742	-0.737	1.398	-3.179		641.327	253	4.224	879817848181905961	879817599447095666	879817599438707057	14791	
1	C27H30Br3N5O11	[M + H]+	C27H31Br3N5O11+		0.898	45.922	45.922	0.000	22	0.766	1.353	1.512	2.304		837.958	265	4.415	879818066629646920	879817599950412158	879817599946217853	18420	
1	C29H53NO10	[M + K]+	C29H53KNO10+		0.251	56.035	56.035	0.000	15	0.800	2.962	3.112	2.108		614.331	400	6.671	879818178860833388	879817599560341878	879817599560341877	15771	
1	C30H49NO6	[M + H]+	C30H50NO6+		0.546	29.204	29.204	0.000	3	0.856	-1.953	2.016	-1.085		520.363	432	7.192	879818159697058402	879817596481722658	879817596464945441	1219	
1	C25H45N3O6	[M + H]+	C25H46N3O6+		0.632	36.672	36.672	0.000	9	0.742	4.327	4.327	12.775		484.344	483	8.052	879818154986854998	879817600160127370	879817600155933065	25968	
1	C43H83NO8	[M + K]+	C43H83KNO8+		0.839	26.126	26.126	0.000	3	0.205	-0.079	0.526	2.016		780.577	485	8.086	879819057701739140	879817597882620226	879817597874231617	5389	
1	C40H75NO7	[M + H]+	C40H76NO7+		0.992	39.042	39.042	0.000	10	0.529	1.311	3.853	6.695		682.566	494	8.241	879819027368532601	879817599879108986	879817599874914681	16966	
1	C38H65N9O9	[M + H]+	C38H66N9O9+		0.041	2.000	2.000	0.000	0	0.000			-9.970		792.490	526	8.760	879819181312072378	879817598314633550	879817598306244941	7321	
1	C22H45NO	[M + H]+	C22H46NO+		1.000	8.417	8.417	0.000	2	0.074	2.105	2.326	1.200		340.358	559	9.324	879819097878977167	879817600009132418	879817600009132417	20483	
1	C44H83NO7	[M + Na]+	C44H83NNaO7+		0.925	24.248	24.248	0.000	6	0.231	7.772	8.192	3.583		760.609	642	10.701	879819251801546123	879817600189487506	879817600185293201	35210	
1	C4H6Cl2OS	[M + H]+	C4H7Cl2OS+		0.893	22.130	22.130	0.000	5	0.042	-11.296	11.296	-15.135		172.956	646	10.760	879819210701560527	879817597744208190	879817597735819581	4863	
1	C10H21NO5	[M + H]+	C10H22NO5+		0.969	126.181	126.181	0.000	33	0.857	1.406	2.282	-1.055		236.149	35	0.582	879819482305839666	879819445790228961	879819445786034656	11332	
1	C29H43N5O10	[M + Na]+	C29H43N5NaO10+		0.456	153.099	153.099	0.000	40	0.917	1.667	2.442	-2.194		644.289	54	0.902	879820903222788774	879819445198832077	879819445194637772	7329	
1	C11H20N2O6	[M + H]+	C11H21N2O6+		0.743	52.289	52.289	0.000	18	0.837	0.862	3.857	-0.407		277.139	76	1.273	879819479025893928	879819444703904189	879819444699709884	4867	
1	C20H29N7O5	[M + H]+	C20H30N7O5+		1.000	131.457	131.457	0.000	35	0.834	0.828	1.883	0.907		448.231	92	1.538	879820370768478845	879819444951368133	879819444947173828	5978	
1	C18H32N6O6	[M + H]+	C18H33N6O6+		1.000	178.291	178.291	0.000	52	0.981	0.025	1.968	-10.738		429.241	108	1.803	879819561955672647	879819447174349317	879819447170155012	22632	
1	C11H12Br2ClN5O3	[M + H]+	C11H13Br2ClN5O3+		0.975	95.130	95.130	0.000	22	0.368	8.623	8.623	4.129		455.909	112	1.859	879821171771491023	879819445337244113	879819445333049808	8149	
1	C24H43N5O7	[M + H]+	C24H44N5O7+		0.995	184.132	184.132	0.000	52	0.966	0.442	1.374	2.090		514.325	123	2.053	879820421418893959	879819444825539009	879819444821344704	5395	
1	C28H35N5O7	[M + H]+	C28H36N5O7+		0.943	23.682	23.682	0.000	8	0.963	1.130	1.664	3.203		554.263	137	2.282	879819496683913789	879819444175421869	879819444171227564	2816	
1	C13H25N5O5	[M + H]+	C13H26N5O5+		1.000	64.051	64.051	0.000	21	0.911	-0.711	1.080	3.476		332.194	160	2.666	879820431774630545	879819444011844009	879819444007649704	2360	
1	C39H63N17O13	[M + H]+	C39H64N17O13+		0.954	74.936	74.936	0.000	25	0.872	1.317	1.695	1.225		978.488	173	2.882	879820235397317235	879819445572125145	879819445567930840	9784	
1	C32H48N6O9	[M + H]+	C32H49N6O9+		0.907	140.871	140.871	0.000	45	0.873	-0.300	2.701	-8.549		661.350	182	3.039	879821185725940441	879819443676299681	879819443663716768	1238	
1	C14H21N5O3	[M + K]+	C14H21KN5O3+		0.999	62.037	62.037	0.000	15	0.915	0.862	1.004	0.007		346.128	199	3.315	879819583006884433	879819447279206925	879819447275012620	29951	
1	C33H60N4O11	[M + H]+	C33H61N4O11+		0.936	116.098	116.098	0.000	49	0.945	1.176	1.906	2.995		689.435	217	3.624	879819714326348379	879819446100607469	879819446096413164	13900	
1	C23H38N2O6Si	[M + H]+	C23H39N2O6Si+		0.285	39.648	39.648	0.000	18	0.877	1.433	1.724	-4.473		467.255	220	3.673	879821191069483747	879819445681177053	879819445676982748	10525	
1	C29H46FI3N6O8	[M + H]+	C29H47FI3N6O8+		0.349	63.702	63.702	0.000	31	0.822	1.039	2.304	-3.586		1007.053	229	3.825	879819799021929061	879819444448051637	879819444443857332	3754	
1	C26H43N9O6	[M + Na]+	C26H43N9NaO6+		0.516	145.303	145.303	0.000	48	0.936	-0.147	2.089	7.578		600.327	238	3.967	879820800156156572	879819445073002953	879819445068808648	6629	
1	C50H73N11O13	[M + H]+	C50H74N11O13+		0.614	40.761	40.761	0.000	16	0.741	1.092	1.940	6.553		1036.553	255	4.257	879820984755864250	879819445454684629	879819445450490324	8962	
1	C21H28Br4N4O4	[M + H]+	C21H29Br4N4O4+		0.433	30.254	30.254	0.000	21	0.747	0.453	2.579	-13.085		716.882	265	4.414	879821023070831300	879819447077880321	879819447073686016	20492	
1	C11H17FN2O3	[M + Na]+	C11H17FN2NaO3+		0.645	30.652	30.652	0.000	5	0.495	-0.892	6.818	9.953		267.114	345	5.746	879820910625735344	879819447291789841	879819447287595536	35214	
1	C18H32N2O4	[M + H]+	C18H33N2O4+		1.000	79.278	79.278	0.000	19	0.827	0.537	2.003	2.684		341.244	358	5.966	879821372657681139	879819446561980913	879819446499066352	14794	
1	C19H41NO2	[M + H]+	C19H42NO2+		1.000	43.031	43.031	0.000	9	0.488	0.864	1.391	-2.548		316.320	407	6.792	879821206584214255	879819445991555561	879819445987361256	13015	
1	C18H30O2	[M + Na]+	C18H30NaO2+		0.394	14.373	14.373	0.000	1	0.174	1.009	3.636	2.321		301.215	478	7.961	879821642426925846	879819446905913849	879819446901719544	16967	
1	C17H23Br4N3O6	[M + H]+	C17H24Br4N3O6+		0.979	17.534	17.534	0.000	7	0.219	3.460	3.460	1.158		681.840	488	8.128	879821651935413025	879819447258235401	879819447254041096	25978	
1	C41H72NO8P	[M + Na]+	C41H72NNaO8P+		1.000	8.635	8.635	0.000	2	0.389	1.128	1.220	-3.913		760.486	639	10.658	879821670105138875	879819445895086565	879819445890892260	12143	
1	C4H9FN2O4	[M + K]+	C4H9FKN2O4+		0.998	53.973	53.973	0.000	17	0.643	-1.638	8.311	0.516		207.018	647	10.787	879821683132649875	879819444573880761	879819444569686456	4266	
1	C16H23N5O5	[M + H]+	C16H24N5O5+		0.912	112.222	112.222	0.000	39	0.988	2.062	2.909	5.202		366.179	41	0.681	879823128041765973	879823062862281728	879823062858087423	10527	
1	C8H11N3O	[M + Na]+	C8H11N3NaO+		1.000	43.367	43.367	0.000	9	0.957	16.963	17.405	-3.896		188.079	86	1.426	879824026851753136	879823064439340076	879823064435145771	25982	
1	C24H35N7O8	[M + H]+	C24H36N7O8+		0.999	115.673	115.673	0.000	44	0.958	1.113	2.722	0.386		550.262	106	1.761	879824100608588987	879823060484111304	879823060479916999	1835	
1	C28H38N4O7	[M + Na]+	C28H38N4NaO7+		0.551	65.736	65.736	0.000	26	0.969	2.258	2.491	3.945		565.266	117	1.957	879823183654042740	879823061251668952	879823061247474647	3756	
1	C18H27N5O5	[M + H]+	C18H28N5O5+		0.995	72.353	72.353	0.000	23	0.910	1.828	2.040	4.324		394.210	128	2.137	879823117073661003	879823063982160924	879823063977966619	16977	
1	C13H21N5O2	[M + H]+	C13H22N5O2+		1.000	103.104	103.104	0.000	35	0.585	0.139	1.464	-7.500		280.175	145	2.421	879824518113803492	879823062090529772	879823062086335467	6631	
1	C33H47N5O6	[M + H]+	C33H48N5O6+		0.543	168.588	168.588	0.000	52	0.972	1.085	1.633	-4.933		610.357	150	2.496	879823814808714386	879823061423635420	879823061419441115	4270	
1	C15H23N3O5	[M + H]+	C15H24N3O5+		0.600	98.245	98.245	0.000	30	0.945	1.196	1.911	-1.371		326.171	170	2.837	879823145615899743	879823062715481084	879823062711286779	9785	
1	C30H37N7O5	[M + H]+	C30H38N7O5+		0.974	101.130	101.130	0.000	37	0.968	0.728	1.633	8.687		576.298	175	2.922	879823999567805596	879823061926951912	879823061922757607	5984	
1	C36H53N5O9	[M + K]+	C36H53KN5O9+		0.793	45.271	45.271	0.000	10	0.406	1.063	1.600	-3.503		738.345	176	2.937	879824431350430927	879823063004888068	879823063000693763	11333	
1	C18H19Br3ClN3O6	[M + H]+	C18H20Br3ClN3O6+		0.888	86.900	86.900	0.000	36	0.634	1.198	2.404	-1.124		645.858	198	3.292	879823204877220990	879823060890958800	879823060886764495	2819	
1	C53H73N5O6S2	[M + H]+	C53H74N5O6S2+		0.611	31.566	31.566	0.000	14	0.814	1.174	1.674	1.272		940.509	199	3.321	879824300152601797	879823060689632204	879823060681243595	2361	
1	C27H46N6O10	[M + H]+	C27H47N6O10+		0.479	175.083	175.083	0.000	49	0.938	0.806	2.341	-6.693		615.331	202	3.363	879824022217047206	879823062249913328	879823062245719023	7331	
1	CHNO5P2S6	[M + K]+	CHKNO5P2S6+		0.164	-3.100	-3.100	0.000	0	0.000			11.059		399.733	205	3.413	879823249093573768	879823061595601888	879823061591407583	4868	
1	C49H70N8O10	[M + K]+	C49H70KN8O10+		0.432	60.430	60.430	0.000	26	0.719	1.091	1.711	-0.978		969.484	210	3.502	879824844384517372	879823061759179748	879823061754985443	5396	
1	C19H31N5O4	[M + H]+	C19H32N5O4+		0.988	71.922	71.922	0.000	24	0.933	0.781	1.404	14.253		394.251	212	3.528	879823176565668970	879823063617256464	879823063613062159	13904	
1	C25H38N10O8	[M + H]+	C25H39N10O8+		0.409	101.745	101.745	0.000	34	0.845	0.743	1.248	4.965		607.298	236	3.938	879824492901842138	879823062572874744	879823062568680439	8963	
1	C31H50N8O11	[M + H]+	C31H51N8O11+		0.950	44.667	44.667	0.000	21	0.812	0.366	1.342	-11.360		711.359	243	4.047	879825295511272710	879823063860526104	879823063856331799	15822	
1	C24H26N4O14S3	[M + H]+	C24H27N4O14S3+		0.091	48.797	48.797	0.000	20	0.854	0.233	1.067	-0.638		691.068	273	4.554	879824698108165360	879823063361403912	879823063357209607	12161	
1	C22H20O5	[M + H]+	C22H21O5+		0.262	6.187	6.187	0.000	2	0.287	-5.227	5.227	-0.411		365.138	440	7.339	879825977144392977	879823061083896788	879823061075508179	3271	
1	C20H37N2O	[M + H]+	C20H38N2O+		0.710	86.621	86.621	0.000	23	0.726	2.085	3.358	-10.752		322.294	449	7.484	879826050137865500	879823063491427340	879823063487233035	13016	
1	C21H39NO3	[M + H]+	C21H40NO3+		0.974	13.997	13.997	0.000	3	0.213	5.886	5.886	1.777		354.301	483	8.052	879826087534279977	879823064460311600	879823064456117295	29972	
1	C32H49Cl4NO9	[M + H]+	C32H50Cl4NO9+		0.181	26.627	26.627	0.000	7	0.651	0.659	1.321	3.251		732.226	499	8.322	879826214982404051	879823064212847652	879823064212847651	20508	
1	C38H66N2O10	[M + Na]+	C38H66N2NaO10+		0.703	56.650	56.650	0.000	15	0.901	7.045	7.045	10.543		733.469	507	8.454	879826228592921134	879823064330288168	879823064326093863	22661	
1	C22H43NO	[M + H]+	C22H44NO+		1.000	247.735	247.735	0.000	55	0.976	0.942	1.770	0.469		338.342	529	8.815	879826166265562992	879823059913685952	879823059875937215	457	
1	C46H76FN5O4	[M + H]+	C46H77FN5O4+		0.564	9.745	9.745	0.000	3	0.227	-4.770	4.770	-6.786		782.590	579	9.657	879826205922707386	879823064472894516	879823064472894515	35306	
1	C3H4NO2PS2	[M + Na]+	C3H4NNaO2PS2+		0.989	22.317	22.317	0.000	4	0.339	9.824	9.824	12.123		203.934	639	10.647	879826184619837300	879823064099601440	879823064095407135	18464	
1	C15H22FN3O7	[M + H]+	C15H23FN3O7+		0.997	222.048	222.048	0.000	55	0.977	1.214	1.682	4.108		376.153	35	0.578	879826584617308584	879826366400254220	879826366391865611	1842	
1	C13H23N3O6	[M + Na]+	C13H23N3NaO6+		1.000	115.475	115.475	0.000	40	0.931	2.496	2.579	-1.488		340.147	57	0.952	879826666183938494	879826371408253276	879826371404058971	15823	
1	C10H16N2O4	[M + Na]+	C10H16N2NaO4+		0.955	52.580	52.580	0.000	17	0.874	4.302	5.538	3.474		251.101	57	0.957	879827886105645556	879826369399181624	879826369394987319	8153	
1	C24H42N6O8S	[M + H]+	C24H43N6O8S+		0.864	187.746	187.746	0.000	56	0.987	1.736	2.023	-4.797		575.283	64	1.072	879828550646977073	879826371613774176	879826371609579871	17013	
1	C13H16N2O5	[M + H]+	C13H17N2O5+		1.000	95.123	95.123	0.000	24	0.808	1.331	2.024	0.007		281.113	68	1.131	879826605777572275	879826367876649248	879826367868260639	4271	
1	C10H16FN3O4	[M + H]+	C10H17FN3O4+		0.998	235.331	235.331	0.000	41	0.605	-0.411	3.040	-10.151		262.117	97	1.616	879826488676798873	879826367327195416	879826367323001111	3272	
1	C11H13Br2N2O4	[M + K]+	C11H13Br2KN2O4+		0.649	61.203	61.203	0.000	12	0.431	1.557	4.727	-7.984		433.884	105	1.751	879826432607342991	879826366010183944	879826365997601031	1249	
1	C25H37N7O7	[M + H]+	C25H38N7O7+		0.782	177.824	177.824	0.000	52	0.963	1.425	1.726	3.971		548.285	118	1.959	879828383898227229	879826368400937256	879826368396742951	5400	
1	C24H42N4O10	[M + H]+	C24H43N4O10+		0.918	170.328	170.328	0.000	52	0.959	1.357	2.102	-5.427		547.294	140	2.336	879827927532786174	879826366744187152	879826366735798543	2367	
1	C37H57N9O15	[M + H]+	C37H58N9O15+		0.471	47.341	47.341	0.000	17	0.716	0.608	1.361	3.237		868.408	142	2.359	879826751630299592	879826370112213316	879826370108019011	10533	
1	C38H65N9O10	[M + H]+	C38H66N9O10+		0.676	114.087	114.087	0.000	36	0.880	3.316	3.316	-0.019		808.493	183	3.058	879828964528312891	879826369164300596	879826369155911987	7336	
1	C50H62N8O8	[M + H]+	C50H63N8O8+		0.383	93.760	93.760	0.000	19	0.629	0.603	1.095	-13.877		903.464	196	3.262	879827451974210002	879826365452341508	879826365410398467	465	
1	C49H88N8O13	[M + Na]+	C49H88N8NaO13+		0.998	86.151	86.151	0.000	18	0.630	1.005	1.148	2.152		1019.639	214	3.567	879828293565501971	879826370762330448	879826370753941839	13017	
1	C35H51N9O7	[M + H]+	C35H52N9O7+		0.571	70.312	70.312	0.000	27	0.848	0.824	1.035	6.867		710.403	238	3.969	879828482153992743	879826372188393836	879826372184199531	22673	
1	C36H53Br4N7O6	[M + H]+	C36H54Br4N7O6+		0.847	22.840	22.840	0.000	8	0.725	1.550	1.725	-4.676		996.082	263	4.382	879826496373346724	879826369629868348	879826369625674043	8965	
1	C25H34N2O2	[M + H]+	C25H35N2O2+		0.506	9.779	9.779	0.000	2	0.970	1.337	1.804	2.012		395.270	279	4.649	879827457275810269	879826370972045652	879826370967851347	13920	
1	C18H36N2O5	[M + H]+	C18H37N2O5+		1.000	80.020	80.020	0.000	17	0.866	3.328	3.328	6.093		361.272	462	7.704	879827478616429032	879826371995455848	879826371991261543	20513	
1	C93H95NO5	[M + H]+	C93H96NO5+		0.665	69.443	69.443	0.000	28	0.715	1.820	2.443	6.657		1306.737	481	8.021	879828062685843977	879826367050371348	879826367041982739	2823	
1	C4H4Br3NS	[M + Na]+	C4H4Br3NNaS+		0.496	-2.219	-2.219	0.000	0	0.000			-8.322		357.748	483	8.054	879829044811485768	879826372410691960	879826372406497655	35399	
1	C44H83NO5	[M + K]+	C44H83KNO5+		0.911	84.755	84.755	0.000	12	0.615	3.145	3.145	-10.453		744.583	507	8.456	879829099614261842	879826372364554608	879826372360360303	25987	
1	C36H69NO8	[M + Na]+	C36H69NNaO8+		0.875	43.914	43.914	0.000	9	0.665	8.310	8.569	0.842		666.492	509	8.491	879829150101099102	879826370326122824	879826370321928519	11334	
1	C40H62N6O5	[M + H]+	C40H63N6O5+		0.411	34.678	34.678	0.000	10	0.612	4.492	4.492	8.982		707.492	510	8.505	879829221920166504	879826371806712164	879826371802517859	18467	
1	C74H105N19O13	[M + K]+	C74H105KN19O13+		1.000	113.282	113.282	0.000	43	0.911	1.904	3.015	10.630		1506.793	643	10.712	879829287141593714	879826368652595500	879826368644206891	5986	
1	C8H10O5	[M + K]+	C8H10KO5+		0.994	87.122	87.122	0.000	19	0.896	-11.562	11.562	-4.362		225.015	655	10.922	879829431236907755	879826372389720436	879826372385526131	30020	
1	C18H34N8O8	[M + H]+	C18H35N8O8+		0.523	135.259	135.259	0.000	42	0.851	1.391	2.023	1.147		491.258	37	0.622	879829851737471150	879829614851569647	879829614843181038	1847	
1	C14H22N4O6	[M + H]+	C14H23N4O6+		1.000	178.547	178.547	0.000	50	0.970	0.862	1.382	-2.654		343.160	38	0.631	879829699589093500	879829615421995007	879829615417800702	3767	
1	C20H30N4O8	[M + H]+	C20H31N4O8+		0.951	126.212	126.212	0.000	42	0.952	1.987	2.037	4.305		455.216	59	0.988	879829925636913388	879829616495736867	879829616491542562	9789	
1	C22H36N6O10	[M + H]+	C22H37N6O10+		1.000	187.067	187.067	0.000	55	0.964	0.862	1.442	-7.644		545.252	59	0.989	879830355976698145	879829616692869163	879829616688674858	11342	
1	C20H32N4O7	[M + H]+	C20H33N4O7+		0.998	124.460	124.460	0.000	36	0.916	1.422	1.567	0.961		441.235	74	1.226	879829820376660132	879829616378296351	879829616374102046	8966	
1	C16H29N7O8	[M + Na]+	C16H29N7NaO8+		0.767	65.069	65.069	0.000	20	0.862	1.248	1.856	-2.300		470.196	75	1.246	879830023066401014	879829617972131931	879829617967937626	35470	
1	C21H35N5O8	[M + H]+	C21H36N5O8+		0.922	107.148	107.148	0.000	34	0.962	0.862	1.027	1.358		486.257	83	1.382	879829741154646160	879829617489786947	879829617485592642	17016	
1	C17H34N6O7	[M + Na]+	C17H34N6NaO7+		0.879	125.442	125.442	0.000	39	0.829	-0.381	1.417	-4.632		457.236	100	1.660	879829763317348506	879829615300360187	879829615291971578	3274	
1	C22H39N5O7	[M + H]+	C22H40N5O7+		1.000	186.626	186.626	0.000	54	0.980	0.862	1.647	-0.257		486.292	105	1.742	879830100283537664	879829615002564595	879829614998370290	2378	
1	C16H14N2O6S	[M + H]+	C16H15N2O6S+		0.908	67.901	67.901	0.000	19	0.701	0.730	3.562	3.488		363.066	125	2.078	879829876609693880	879829617338791999	879829617334597694	15830	
1	C27H44N2O7S	[M + K]+	C27H44KN2O7S+		0.760	142.902	142.902	0.000	54	0.975	-0.513	3.544	7.629		579.255	130	2.162	879831274290198848	879829614356641767	879829614323087334	466	
1	C18H29N5O7	[M + H]+	C18H30N5O7+		1.000	105.712	105.712	0.000	35	0.803	0.840	1.656	9.634		428.218	132	2.198	879830109389371658	879829614658631659	879829614650243050	1256	
1	C26H34N4O6	[M + H]+	C26H35N4O6+		0.774	150.977	150.977	0.000	44	0.900	0.545	1.470	8.190		499.259	134	2.240	879829895207237838	879829615161948151	879829615157753846	2826	
1	C9H14Br2N2O5S	[M + Na]+	C9H14Br2N2NaO5S+		1.000	142.222	142.222	0.000	20	0.531	1.336	2.029	-10.019		442.884	136	2.272	879829664960919666	879829616806115375	879829616801921070	12165	
1	C16H29N3O6	[M + H]+	C16H30N3O6+		1.000	131.216	131.216	0.000	36	0.935	0.524	1.178	-1.977		360.212	145	2.419	879830134324508948	879829615677847559	879829615669458950	4879	
1	C36H53N5O8	[M + H]+	C36H54N5O8+		0.986	67.474	67.474	0.000	24	0.914	1.253	2.041	-3.346		684.394	172	2.870	879829892334139586	879829617640781895	879829617636587590	18490	
1	C30H44N4O6	[M + H]+	C30H45N4O6+		0.656	44.892	44.892	0.000	14	0.929	0.507	1.862	-3.340		557.332	185	3.089	879829902178171096	879829617191991355	879829617183602746	14815	
1	C18H28I3N3O4S	[M + H]+	C18H29I3N3O4S+		0.888	33.117	33.117	0.000	27	0.839	0.961	1.448	-2.812		763.899	228	3.798	879829714084608134	879829616034363411	879829616030169106	6640	
1	C23H32N4O4	[M + H]+	C23H33N4O4+		0.525	38.793	38.793	0.000	16	0.843	0.522	1.207	-1.938		429.249	232	3.869	879829911149787362	879829616151803927	879829616147609622	7342	
1	C34H55N5O9	[M + H]+	C34H56N5O9+		0.747	91.457	91.457	0.000	30	0.890	1.348	3.139	-4.650		678.404	243	4.052	879830521345521963	879829616898390067	879829616894195762	13023	
1	C39H70N10O12	[M + H]+	C39H71N10O12+		0.559	71.783	71.783	0.000	24	0.746	0.951	1.499	-3.149		871.522	243	4.052	879830692213078325	879829617842108495	879829617842108494	22687	
1	C31H46N4O8	[M + H]+	C31H47N4O8+		0.868	92.106	92.106	0.000	19	0.662	3.876	5.886	-1.062		603.338	260	4.334	879831307785910602	879829617938577491	879829617938577490	25990	
1	C37H61NO5	[M + H]+	C37H62NO5+		0.525	52.150	52.150	0.000	14	0.865	3.548	3.548	9.075		600.468	456	7.592	879831957320030852	879829615799482379	879829615795288074	5403	
1	C40H81NO5	[M + Na]+	C40H81NNaO5+		1.000	86.275	86.275	0.000	23	0.876	3.381	3.381	-12.077		678.593	485	8.090	879831678700798462	879829616269244443	879829616265050138	8166	
1	C41H77N7O5	[M + H]+	C41H78N7O5+		0.757	26.350	26.350	0.000	8	0.430	6.346	8.155	2.678		748.608	505	8.415	879831681792000520	879829617955354711	879829617955354710	30029	
1	C42H76N8O8	[M + K]+	C42H76KN8O8+		0.968	32.188	32.188	0.000	9	0.751	-6.778	6.778	-13.344		859.530	640	10.675	879831675760591348	879829615921117199	879829615916922894	5994	
1	C85H101N3O8	[M + K]+	C85H101KN3O8+		0.527	67.041	67.041	0.000	18	0.704	3.266	3.266	8.097		1330.733	644	10.731	879832044045654776	879829616592205863	879829616588011558	10537	
1	C2H3N4O3S	[M + Na]+	C2H3N4NaO3S+		0.792	95.882	95.882	0.000	21	0.575	-4.013	11.797	4.266		185.983	653	10.886	879831689631154707	879829617749833803	879829617745639498	20547	
1	C21H26N6O6	[M + H]+	C21H27N6O6+		0.904	45.514	45.514	0.000	22	0.841	0.256	2.764	0.743		459.199	37	0.622	879833550411876128	879832151804429970	879832151800235665	12168	
1	C10H19N7O3	[M + H]+	C10H20N7O3+		0.999	78.843	78.843	0.000	13	0.938	1.856	2.123	8.338		286.165	39	0.647	879833811696043829	879832148495124062	879832148490929757	3276	
1	C5H8Cl2N2	[M + H]+	C5H9Cl2N2+		0.993	30.182	30.182	0.000	6	0.492	-9.498	9.498	-4.371		167.013	48	0.795	879832193785218783	879832153687672502	879832153683478197	26044	
1	C12H19N3O7	[M + H]+	C12H20N3O7+		1.000	155.023	155.023	0.000	41	0.919	1.180	1.800	-0.869		318.129	60	0.996	879832251989575412	879832150881683074	879832150873294465	8968	
1	C47H61N9O13	[M + Na]+	C47H61N9NaO13+		0.304	31.329	31.329	0.000	11	0.940	0.603	1.060	-2.141		982.426	84	1.392	879833795380201259	879832150382560890	879832150374172281	7354	
1	C20H32N2O6	[M + H]+	C20H33N2O6+		0.935	52.389	52.389	0.000	16	0.936	0.739	2.518	26.651		397.244	94	1.567	879832186868811477	879832152647485090	879832152643290785	15843	
1	C22H28N6O5	[M + H]+	C22H29N6O5+		0.721	100.670	100.670	0.000	29	0.871	1.909	1.971	-5.018		457.217	106	1.766	879832306100291326	879832148205717082	879832148197328473	2829	
1	C19H34N4O6	[M + H]+	C19H35N4O6+		0.989	94.986	94.986	0.000	28	0.925	1.566	1.862	6.716		415.258	112	1.869	879834117179787093	879832152450352798	879832152441964189	14817	
1	C16H28N4O5	[M + Na]+	C16H28N4NaO5+		0.995	146.694	146.694	0.000	42	0.825	1.246	2.149	-13.953		379.190	112	1.874	879832436736083720	879832149610808942	879832149602420333	5409	
1	C36H43N3O9	[M + H]+	C36H44N3O9+		0.341	74.577	74.577	0.000	13	0.574	1.856	2.433	5.426		662.311	120	2.003	879833991019317057	879832150130902646	879832150126708341	6647	
1	C4H7NO2P5S	[M + K]+	C4H7KNO2P5S+		0.971	9.848	9.848	0.000	5	0.116	5.100	5.100	12.190		326.856	158	2.639	879834414295893865	879832152873977510	879832152865588901	17018	
1	C34H43N5O6	[M + H]+	C34H44N5O6+		0.522	136.879	136.879	0.000	46	0.905	0.647	1.387	-2.120		618.327	182	3.031	879834585440274315	879832149069743718	879832149061355109	4277	
1	C48H64N8O12	[M + K]+	C48H64KN8O12+		0.334	36.819	36.819	0.000	19	0.918	0.740	1.317	9.225		983.437	237	3.950	879834240014174047	879832153075304106	879832153071109801	18494	
1	C18H33I3N4O6S	[M + H]+	C18H34I3N4O6S+		0.667	44.582	44.582	0.000	13	0.820	1.149	1.264	12.177		814.943	268	4.460	879832223652857577	879832152030922390	879832152026728085	13039	
1	BrHS2	[M + Na]+	BrHNaS2+		0.500	-1.219	-1.219	0.000	0	0.000			1.050		166.860	396	6.603	879833486633289492	879832153733809854	879832153729615549	35567	
1	C19H32O3	[M + H]+	C19H33O3+		1.000	111.912	111.912	0.000	21	0.646	0.110	2.464	1.871		309.243	428	7.135	879833501283993366	879832151582131854	879832151577937549	11344	
1	C28H43N3OS2	[M + Na]+	C28H43N3NaOS2+		0.525	30.104	30.104	0.000	8	0.613	5.751	5.751	0.237		524.274	432	7.201	879834059608770379	879832151364028042	879832151359833737	10543	
1	C67H98N8O2	[M + H]+	C67H99N8O2+		0.138	21.821	21.821	0.000	8	0.650	-4.865	4.865	-2.530		1047.786	438	7.293	879834458537412468	879832148788725346	879832148780336737	3769	
1	C27H53N9O5	[M + H]+	C27H54N9O5+		1.000	62.123	62.123	0.000	18	0.898	-0.013	1.564	5.061		584.427	480	8.006	879834552443684735	879832153712838330	879832153708644025	30087	
1	C29H49N7O13	[M + H]+	C29H50N7O13+		0.477	71.070	71.070	0.000	12	0.405	0.532	2.523	-3.565		704.344	484	8.067	879834912705038229	879832153272436398	879832153268242093	20548	
1	C19H38O4	[M + H]+	C19H39O4+		1.000	164.180	164.180	0.000	28	0.914	2.400	2.400	-2.675		331.283	486	8.107	879835092003145643	879832149866661490	879832149862467185	5996	
1	C38H75N7O7Si	[M + H]+	C38H76N7O7Si+		0.911	27.728	27.728	0.000	10	0.354	-5.553	5.553	1.686		770.558	510	8.505	879835242574465428	879832153503123122	879832153494734513	22699	
1	C55H88O6	[M + K]+	C55H88KO6+		0.934	48.141	48.141	0.000	7	0.274	-8.383	8.383	6.622		883.627	518	8.630	879835488704612909	879832150634219134	879832150630024829	8175	
1	C22H41N5O7	[M + K]+	C22H41KN5O7+		0.825	55.435	55.435	0.000	15	0.793	0.116	1.470	-2.578		526.262	41	0.680	879836756892288004	879836663619355589	879836663619355588	18537	
1	C4H4N2O3S	[M + Na]+	C4H4N2NaO3S+		0.915	52.406	52.406	0.000	8	0.803	9.878	9.878	10.472		182.985	42	0.703	879836720221488122	879836663699047369	879836663694853064	20554	
1	C19H30N4O5S	[M + H]+	C19H31N4O5S+		0.990	169.949	169.949	0.000	44	0.925	1.246	1.444	4.524		427.203	79	1.319	879836813448283161	879836664047174609	879836664042980304	26054	
1	C19H35N5O7	[M + H]+	C19H36N5O7+		0.997	113.820	113.820	0.000	25	0.903	1.199	1.426	4.202		446.263	104	1.739	879836709156914160	879836663246062517	879836663241868212	13947	
1	C26H46N8O12	[M + H]+	C26H47N8O12+		0.501	91.652	91.652	0.000	33	0.861	1.233	1.382	-1.199		663.330	106	1.773	879836981191083043	879836660557513577	879836660544930664	1258	
1	CHNO6P2S5	[M + K]+	CHKNO6P2S5+		0.282	-2.812	-2.812	0.000	0	0.000	0.200	0.200	-18.823		383.744	112	1.860	879838345879192680	879836663355114425	879836663346725816	14822	
1	C21H30F2N4O5	[M + H]+	C21H31F2N4O5+		0.951	179.605	179.605	0.000	54	0.959	1.440	1.717	1.525		457.226	114	1.907	879838317257262174	879836662755328929	879836662751134624	9798	
1	C22H41N3O9S	[M + H]+	C22H42N3O9S+		0.985	97.634	97.634	0.000	32	0.942	1.599	2.084	-11.878		524.257	115	1.920	879836785744905230	879836660960166769	879836660955972464	2383	
1	C5H10FNO3S	[M + Na]+	C5H10FNNaO3S+		0.649	30.932	30.932	0.000	7	0.445	6.038	7.178	6.489		206.027	140	2.328	879836993623000109	879836663535469505	879836663531275200	17019	
1	C40H58N8O11	[M + H]+	C40H59N8O11+		0.984	99.376	99.376	0.000	32	0.907	1.198	2.177	1.836		827.431	165	2.753	879837458041504824	879836662554002329	879836662549808024	8186	
1	C16H20N2O3	[M + H]+	C16H21N2O3+		0.983	54.675	54.675	0.000	14	0.927	-2.577	4.584	-2.313		289.154	169	2.810	879837941816722499	879836663149593521	879836663145399216	13053	
1	C60H96F3N15O15	[M + H]+	C60H97F3N15O15+		0.624	32.495	32.495	0.000	12	0.694	-1.526	3.990	7.308		1324.733	201	3.347	879839568845964418	879836661962605449	879836661958411144	5411	
1	C7H2I3NO	[M + H]+	C7H3I3NO+		0.937	0.391	0.391	0.000	0	0.000			-2.279		497.733	206	3.442	879838046179394639	879836661811610501	879836661807416196	4883	
1	C39H59N9O8	[M + H]+	C39H60N9O8+		0.816	144.303	144.303	0.000	51	0.956	1.701	2.275	6.344		782.461	211	3.523	879838141503341651	879836661144716149	879836661140521844	2830	
1	C13H19Br4FN2O3	[M + H]+	C13H20Br4FN2O3+		0.991	44.175	44.175	0.000	20	0.637	-2.110	3.955	0.178		586.819	251	4.180	879839541331330167	879836662855992229	879836662851797924	10549	
1	C39H63N11O12	[M + H]+	C39H64N11O12+		0.338	27.162	27.162	0.000	15	0.726	1.868	2.023	-1.415		878.472	251	4.189	879839713633338550	879836663053124525	879836663048930220	12169	
1	C40H64N8O9	[M + K]+	C40H64KN8O9+		0.271	66.314	66.314	0.000	19	0.730	1.264	1.947	-4.031		839.439	262	4.366	879840031171511573	879836663451583421	879836663447389116	15848	
1	C16H22Br3N7O8	[M + H]+	C16H23Br3N7O8+		0.871	56.828	56.828	0.000	19	0.896	-0.300	2.671	-6.894		677.911	262	4.368	879839676987704491	879836663778739149	879836663778739148	22760	
1	C17H34N2O3	[M + H]+	C17H35N2O3+		1.000	98.186	98.186	0.000	12	0.947	-0.322	1.577	6.282		315.266	310	5.161	879839641436783767	879836662650471325	879836662646277020	8987	
1	C23H33N5O7	[M + Na]+	C23H33N5NaO7+		0.952	59.695	59.695	0.000	11	0.619	-2.724	2.724	-4.899		514.225	393	6.547	879839657081537697	879836662948266921	879836662944072616	11351	
1	C24H43N3O7	[M + K]+	C24H43KN3O7+		0.885	38.928	38.928	0.000	7	0.602	-2.203	2.203	0.842		524.274	427	7.118	879839639259939981	879836662403007381	879836662398813076	7357	
1	C43H77N3O9	[M + H]+	C43H78N3O9+		0.357	22.973	22.973	0.000	4	0.284	1.530	1.983	2.360		780.575	476	7.927	879839742330766528	879836662256206737	879836662252012432	6652	
1	C48H79NO7	[M + H]+	C48H80NO7+		0.257	24.462	24.462	0.000	6	0.353	2.288	2.617	0.600		782.593	512	8.529	879839908521673932	879836664080729049	879836664076534744	35588	
1	C44H81NO7	[M + H]+	C44H82NO7+		0.998	44.359	44.359	0.000	16	0.808	0.186	2.280	-0.245		736.608	634	10.565	879839945788064983	879836664063951829	879836664063951828	30107	
1	C8H10N2O2	[M + H]+	C8H11N2O2+		0.950	26.209	26.209	0.000	3	0.872	0.712	0.712	12.545		167.084	35	0.585	879840261648672715	879840238089267056	879840238085072751	7360	
1	C2HNS11	[M + H]+	C2H2NS11+		0.474	-3.826	-3.826	0.000	0	0.000			4.196		391.713	49	0.810	879840291948324842	879840236633843540	879840236629649235	3280	
1	C32H48N8O7	[M + Na]+	C32H48N8NaO7+		0.960	155.303	155.303	0.000	46	0.953	0.220	1.913	-1.496		679.353	52	0.874	879842167552993350	879840239687296932	879840239683102627	20569	
1	C34H46N6O9	[M + H]+	C34H47N6O9+		0.872	98.903	98.903	0.000	33	0.826	2.023	2.330	-5.127		683.336	58	0.967	879840743553230836	879840237527230312	879840237523036007	6006	
1	C44H62N12O8	[M + H]+	C44H63N12O8+		0.719	19.527	19.527	0.000	9	0.962	1.233	1.519	0.638		887.489	82	1.364	879840274894284768	879840238240262004	879840238236067699	8200	
1	C27H35N7O10	[M + H]+	C27H36N7O10+		0.788	165.887	165.887	0.000	50	0.944	2.149	2.565	-4.880		618.249	83	1.383	879841682267826205	879840238735189892	879840238730995587	11358	
1	C22H36N2O4S	[M + Na]+	C22H36N2NaO4S+		0.998	175.410	175.410	0.000	51	0.979	0.147	3.415	-10.731		447.224	103	1.714	879841139688466450	879840239217534868	879840239209146259	14829	
1	C43H56N8O8	[M + H]+	C43H57N8O8+		0.705	157.122	157.122	0.000	51	0.935	0.997	1.149	13.907		813.441	140	2.331	879841028589742078	879840236281521996	879840236273133387	2386	
1	C17H33N3O4	[M + H]+	C17H34N3O4+		1.000	83.713	83.713	0.000	18	0.937	0.553	1.406	-1.693		344.254	150	2.507	879840270532208598	879840235883063108	879840235870480195	1262	
1	C36H54N10O11	[M + H]+	C36H55N10O11+		0.437	44.807	44.807	0.000	15	0.744	-0.164	2.106	-14.350		803.393	165	2.755	879841931384318002	879840238856824712	879840238852630407	12176	
1	C40H60N8O11	[M + H]+	C40H61N8O11+		0.915	123.607	123.607	0.000	45	0.949	1.035	2.233	0.927		829.446	202	3.360	879841131622819848	879840236789032792	879840236784838487	3773	
1	C28H43N5O9	[M + H]+	C28H44N5O9+		0.890	128.511	128.511	0.000	42	0.927	1.009	1.888	-4.298		594.311	207	3.451	879842128587909180	879840236948416348	879840236940027739	4287	
1	C37H33Cl3F3N11O12S3	[M + H]+	C37H34Cl3F3N11O12S3+		0.326	32.585	32.585	0.000	19	0.752	0.146	2.054	-12.174		1082.043	217	3.617	879842250604406864	879840237321709412	879840237317515107	5412	
1	C18H33N5O7S	[M + H]+	C18H34N5O7S+		0.929	94.163	94.163	0.000	31	0.751	0.990	2.149	2.486		464.219	232	3.861	879841801931319335	879840237116188512	879840237111994207	4884	
1	C37H62N8O14	[M + H]+	C37H63N8O14+		0.976	58.260	58.260	0.000	21	0.817	0.739	0.862	-1.334		843.445	233	3.884	879843693059106921	879840239892817836	879840239888623531	26057	
1	C49H65N7O12	[M + H]+	C49H66N7O12+		0.524	99.940	99.940	0.000	31	0.881	2.023	2.023	8.050		944.484	241	4.018	879842606910531675	879840239473387420	879840239469193115	17022	
1	C32H34N4O9	[M + H]+	C32H35N4O9+		0.678	117.911	117.911	0.000	33	0.877	1.868	1.868	3.787		619.242	254	4.227	879843990955354251	879840239091705744	879840239087511439	13955	
1	C32H44N6O8	[M + H]+	C32H45N6O8+		0.899	119.128	119.128	0.000	18	0.693	1.607	1.607	-2.244		641.328	254	4.232	879844416530409653	879840239938955188	879840239934760883	35665	
1	C40H59Br4N3O7	[M + Na]+	C40H59Br4N3NaO7+		0.578	42.657	42.657	0.000	14	0.757	2.337	2.337	-7.335		1032.090	259	4.310	879843756502149246	879840238500308860	879840238496114555	9803	
1	C25H47N2O4	[M + H]+	C25H48N2O4+		1.000	57.947	57.947	0.000	14	0.847	3.590	5.109	-5.358		440.359	429	7.148	879843702630508659	879840239360141208	879840239351752599	15858	
1	C26H44O9	[M + Na]+	C26H44NaO9+		0.675	24.378	24.378	0.000	4	0.658	-1.862	1.862	6.968		523.291	461	7.679	879843996856739989	879840239792154536	879840239792154535	22771	
1	C27H45Br2N7O5	[M + H]+	C27H46Br2N7O5+		0.941	48.468	48.468	0.000	17	0.752	5.738	5.738	-0.380		706.192	498	8.293	879844521539004983	879840239917983664	879840239917983663	30175	
1	C22H43NO4	[M + Na]+	C22H43NNaO4+		0.998	68.719	68.719	0.000	20	0.867	0.266	2.157	-2.522		408.307	500	8.330	879844042146834591	879840238613555072	879840238609360767	10563	
1	C5H7ClN2O2	[M + Na]+	C5H7ClN2NaO2+		0.999	91.131	91.131	0.000	24	0.570	3.058	7.166	-9.329		185.007	648	10.806	879844339275524267	879840239586633632	879840239582439327	18540	
1	C11H14Br4N4O2	[M + H]+	C11H15Br4N4O2+		0.971	27.227	27.227	0.000	12	0.325	0.948	1.841	5.264		550.795	44	0.737	879844748204808883	879844719217973789	879844719171836444	496	
1	C13H22N4O3	[M + Na]+	C13H22N4NaO3+		1.000	152.631	152.631	0.000	42	0.927	0.950	1.564	-14.128		305.154	55	0.923	879844771504167611	879844722908961385	879844722904767080	13063	
1	C35H48N4O9	[M + H]+	C35H49N4O9+		0.563	71.095	71.095	0.000	22	0.896	1.158	1.233	-1.502		669.348	59	0.979	879845266905996025	879844719809370661	879844719800982052	1867	
1	C16H29N3O6S	[M + H]+	C16H30N3O6S+		0.982	128.230	128.230	0.000	42	0.871	1.228	2.172	-3.527		392.184	66	1.098	879844893164149486	879844723546495613	879844723542301308	18550	
1	C14H18N2O5	[M + H]+	C14H19N2O5+		0.996	75.658	75.658	0.000	22	0.902	1.869	1.869	5.936		295.131	90	1.503	879845717219056407	879844721352874565	879844721348680260	6007	
1	C27H45N7O8	[M + H]+	C27H46N7O8+		0.878	52.886	52.886	0.000	11	0.864	1.650	2.276	5.973		596.344	101	1.677	879844777086786246	879844722770549349	879844722766355044	12186	
1	C19H30N6O5	[M + H]+	C19H31N6O5+		0.678	24.428	24.428	0.000	7	0.950	1.085	1.519	2.021		423.236	101	1.691	879844747818932905	879844723915594381	879844723911400076	30190	
1	C22H37N7O9	[M + Na]+	C22H37N7NaO9+		0.934	104.937	104.937	0.000	37	0.966	0.429	1.232	12.191		566.261	104	1.733	879845278801042179	879844720648231477	879844720639842868	3779	
1	C15H17N3O5	[M + H]+	C15H18N3O5+		0.792	52.166	52.166	0.000	14	0.809	2.869	2.869	1.259		320.125	130	2.168	879845733090302753	879844721017330237	879844721013135932	4887	
1	C16H32N5O7	[M + H]+	C16H33N5O7+		0.996	164.514	164.514	0.000	53	0.963	0.843	1.550	8.227		407.241	140	2.331	879844828659948250	879844723424860793	879844723420666488	17044	
1	C44H66N6O12	[M + K]+	C44H66KN6O12+		0.758	41.761	41.761	0.000	13	0.622	0.278	4.025	4.915		909.442	220	3.668	879845893686008630	879844722518891101	879844722514696796	10565	
1	C31H49N5O6	[M + H]+	C31H50N5O6+		0.978	71.522	71.522	0.000	24	0.870	0.292	1.690	5.845		588.379	230	3.836	879844813585619664	879844721516452425	879844721512258120	6659	
1	C47H76N16O15	[M + H]+	C47H77N16O15+		0.706	47.822	47.822	0.000	24	0.823	3.140	3.542	-0.527		1105.574	242	4.035	879846645489834839	879844721680030285	879844721675835980	7364	
1	C27H41N5O4	[M + H]+	C27H42N5O4+		0.975	52.348	52.348	0.000	16	0.873	1.859	2.040	3.535		500.325	248	4.139	879845914594614080	879844723160619633	879844723152231024	14833	
1	C33H54N6O9	[M + H]+	C33H55N6O9+		0.808	70.468	70.468	0.000	21	0.831	1.035	1.947	5.882		679.407	257	4.285	879844874184923876	879844723932371601	879844723932371600	35706	
1	C64H79N5O7	[M + H]+	C64H80N5O7+		0.270	28.221	28.221	0.000	16	0.727	3.925	3.925	2.012		1030.607	263	4.382	879845845594118955	879844723663936129	879844723659741824	20589	
1	C38H63N9O10S	[M + H]+	C38H64N9O10S+		0.674	36.337	36.337	0.000	7	0.310	1.149	1.149	-1.952		838.448	263	4.389	879845678606293773	879844723898817161	879844723894622856	26069	
1	C18H36N2O3	[M + H]+	C18H37N2O3+		1.000	86.638	86.638	0.000	20	0.899	2.667	2.667	-2.033		329.279	316	5.259	879846146304744268	879844722644720225	879844722640525920	11359	
1	C52H98N8O10	[M + H]+	C52H99N8O10+		0.226	17.231	17.231	0.000	5	0.522	1.234	6.748	5.255		995.753	433	7.219	879846915506543470	879844722380479065	879844722376284760	9811	
1	C22H47NO	[M + H]+	C22H48NO+		0.999	1.535	1.535	0.000	0	0.000	4.844	4.844	0.171		342.373	445	7.419	879846659897269089	879844722233678421	879844721977825876	9024	
1	C28H42O	[M + H]+	C28H43O+		1.000	274.569	274.569	0.000	49	0.878	2.681	2.843	6.469		395.333	472	7.859	879846872930163556	879844723290643061	879844723290643060	15859	
1	C38H65N3O4	[M + H]+	C38H66N3O4+		0.868	40.722	40.722	0.000	19	0.955	1.656	4.010	-6.021		628.501	482	8.035	879846963669736329	879844721835219537	879844721831025232	8207	
1	C47H73F2N7O2	[M + H]+	C47H74F2N7O2+		0.395	16.947	16.947	0.000	7	0.248	6.990	6.990	2.532		806.589	486	8.106	879847303580328018	879844723034790509	879844723030596204	13966	
1	C47H80O5	[M + Na]+	C47H80NaO5+		1.000	20.710	20.710	0.000	4	0.196	5.338	5.338	2.413	DG(18:0_26:6)	747.592	507	8.443	879847258449616788	879844721185102401	879844721180908096	5413	
1	C41H74NO8P	[M + H]+	C41H75NO8P+		1.000	125.579	125.579	0.000	29	0.718	2.218	2.962	6.777	PE(18:3_18:1)	740.528	512	8.535	879847287193182131	879844723785570949	879844723781376644	22800	
1	C46H77NO7	[M + H]+	C46H78NO7+		0.260	28.570	28.570	0.000	5	0.626	0.659	2.091	5.313		756.581	639	10.652	879847278884265896	879844720459487793	879844720451099184	3283	
1	C31H43N7O8	[M + Na]+	C31H43N7NaO8+		0.500	117.041	117.041	0.000	37	0.846	1.582	2.144	-5.317		664.303	38	0.635	879849078801529078	879848255073777774	879848255069583469	6664	
1	C20H36N4O5	[M + Na]+	C20H36N4NaO5+		0.699	148.790	148.790	0.000	46	0.933	2.613	2.980	1.629		435.259	62	1.039	879850156922206527	879848255287687282	879848255279298673	7366	
1	C34H43N5O6	[M + H]+	C34H44N5O6+		0.878	54.904	54.904	0.000	21	0.937	1.692	1.798	0.468		618.329	76	1.260	879849683892795659	879848252582361158	879848252569778245	1269	
1	C18H26N4O5	[M + H]+	C18H27N4O5+		0.994	93.491	93.491	0.000	31	0.765	1.183	2.012	16.623		379.204	94	1.561	879848368999463127	879848252913711178	879848252905322569	1868	
1	C13H16Cl4N2O4S3	[M + H]+	C13H17Cl4N2O4S3+		1.000	215.066	215.066	0.000	33	0.665	1.340	2.409	-2.011		500.909	103	1.715	879849642797005057	879848253194729550	879848253186340941	2390	
1	C16H25N3O5	[M + H]+	C16H26N3O5+		0.998	54.115	54.115	0.000	9	0.974	2.496	2.681	-1.756		340.186	154	2.574	879848292579244237	879848256277543046	879848256273348741	11376	
1	C29H47N5O7	[M + H]+	C29H48N5O7+		0.987	81.332	81.332	0.000	23	0.907	0.862	1.610	3.587		578.357	163	2.722	879850129399183669	879848252095821890	879848252032907329	501	
1	C62H70N6O8	[M + H]+	C62H71N6O8+		0.659	52.354	52.354	0.000	11	0.599	1.909	2.130	0.010		1027.533	163	2.722	879850073329727776	879848257108015254	879848257091238037	14841	
1	C71H93N5O13S2	[M + H]+	C71H94N5O13S2+		0.631	23.820	23.820	0.000	14	0.782	0.276	1.144	12.644		1288.645	165	2.751	879849808367155477	879848253693851734	879848253685463125	3287	
1	C39H61N13O12	[M + H]+	C39H62N13O12+		0.789	67.542	67.542	0.000	21	0.708	0.739	1.470	-4.468		904.460	205	3.415	879850877159700852	879848256105576578	879848256101382273	10568	
1	C41H63N11O12	[M + H]+	C41H64N11O12+		0.651	50.010	50.010	0.000	15	0.723	0.624	1.918	1.947		902.475	219	3.646	879848721476188396	879848257837824166	879848257829435557	20638	
1	C14H8Br2N4O4S	[M + K]+	C14H8Br2KN4O4S+		1.000	28.152	28.152	0.000	8	0.398	1.306	1.306	-11.543		524.820	234	3.907	879850275562289513	879848254864062570	879848254859868265	6011	
1	C34H46N6O6	[M + H]+	C34H47N6O6+		0.880	70.939	70.939	0.000	22	0.718	1.461	1.539	-8.751		635.350	267	4.449	879850272370424159	879848257292564634	879848257284176025	15860	
1	C27H48N6O9	[M + H]+	C27H49N6O9+		0.669	74.316	74.316	0.000	15	0.901	-0.026	1.636	9.223		601.361	277	4.618	879848451228793057	879848256709556366	879848256701167757	13067	
1	C21H36O4	[M + H]+	C21H37O4+		1.000	232.631	232.631	0.000	43	0.933	1.843	2.501	0.181		353.269	448	7.461	879850194096322889	879848256915077266	879848256910882961	13971	
1	C25H42N6O8	[M + H]+	C25H43N6O8+		0.900	45.138	45.138	0.000	10	0.611	0.659	10.773	4.882		555.316	455	7.579	879850248462891348	879848255728089210	879848255719700601	9026	
1	C23H45NO3	[M + H]+	C23H46NO3+		0.977	54.855	54.855	0.000	10	0.462	1.874	2.371	1.247		384.348	462	7.704	879850077599529258	879848256495646858	879848256462092425	12199	
1	C20H29N5O6	[M + H]+	C20H30N5O6+		0.969	66.929	66.929	0.000	9	0.771	0.097	3.302	-7.474		436.216	487	8.111	879850323247331690	879848258169174198	879848258164979893	35727	
1	C41H62N12O7	[M + Na]+	C41H62N12NaO7+		0.796	22.479	22.479	0.000	6	0.288	-0.936	1.647	-2.289		857.474	491	8.176	879851948506578745	879848258131425454	879848258127231149	26074	
1	C36H58N6O4	[M + H]+	C36H59N6O4+		0.996	57.371	57.371	0.000	17	0.752	2.334	3.087	3.079		639.461	503	8.387	879851684680662782	879848253932927066	879848253928732761	3787	
1	C34H73B9N2O7	[M + Na]+	C34H73B9N2NaO7+		0.698	63.943	63.943	0.000	20	0.636	1.639	2.154	-0.723		734.647	504	8.394	879851616221232883	879848257980430506	879848257980430505	22802	
1	C38H76N2O12	[M + H]+	C38H77N2O12+		0.300	22.718	22.718	0.000	6	0.397	1.284	2.147	-4.250		753.544	514	8.562	879851034873921255	879848257640691874	879848257636497569	18567	
1	C44H83NO7	[M + H]+	C44H84NO7+		1.000	56.446	56.446	0.000	9	0.602	-0.888	2.249	0.771		738.625	634	10.569	879851832404049686	879848258156591282	879848258152396977	30203	
1	C47H70O5	[M + Na]+	C47H70NaO5+		1.000	182.329	182.329	0.000	35	0.548	-0.282	2.579	-6.842	DG(17:6_27:5)	737.507	639	10.649	879850987859967718	879848255514179702	879848255509985397	8211	
1	C22H40N4O7	[M + K]+	C22H40KN4O7+		0.970	132.779	132.779	0.000	31	0.838	1.154	2.052	-2.264		511.252	35	0.589	879853358377990631	879852677537593665	879852677533399360	7367	
1	C21H37N5O8	[M + H]+	C21H38N5O8+		0.929	192.838	192.838	0.000	50	0.943	1.695	1.904	-1.412		488.271	42	0.700	879854690153396743	879852678145767757	879852678141573452	9821	
1	C18H23N7O3	[M + H]+	C18H24N7O3+		0.839	102.865	102.865	0.000	21	0.598	0.777	1.916	1.776		386.194	49	0.817	879852781271120296	879852678787496281	879852678779107672	12212	
1	C23H39N7O9	[M + H]+	C23H40N7O9+		0.956	85.341	85.341	0.000	28	0.882	2.078	2.282	0.533		558.289	53	0.891	879852883654080946	879852677755697477	879852677747308868	8217	
1	C22H39N5O6	[M + H]+	C22H40N5O6+		0.978	106.554	106.554	0.000	28	0.925	1.773	1.968	-0.660		470.297	73	1.221	879854051696441852	879852676602263857	879852676598069552	4889	
1	C26H38N4O9	[M + H]+	C26H39N4O9+		0.517	51.140	51.140	0.000	13	0.971	-0.043	1.374	-9.170		551.266	79	1.317	879855302337231399	879852677302712637	879852677298518332	6673	
1	C18H32N2O10	[M + H]+	C18H33N2O10+		0.856	157.899	157.899	0.000	39	0.840	3.795	4.655	0.751		437.213	87	1.452	879855444448639558	879852679655717225	879852679651522920	15870	
1	C50H66N14O9	[M + H]+	C50H67N14O9+		0.485	69.686	69.686	0.000	13	0.576	2.303	2.303	0.004		1007.521	126	2.103	879853271459428818	879852676132501801	879852676124113192	3788	
1	C16H24BN2O4	[M + H]+	C16H25BN2O4+		0.723	51.934	51.934	0.000	15	0.938	1.035	1.601	8.394		319.197	129	2.147	879852721108023709	879852680582658437	879852680578464132	35796	
1	C24H43N3O6S	[M + H]+	C24H44N3O6S+		0.998	52.616	52.616	0.000	16	0.729	4.656	4.656	-10.618		502.289	130	2.169	879852928205978045	879852680196782453	879852680192588148	20639	
1	C26H40N6O7	[M + H]+	C26H41N6O7+		0.833	162.870	162.870	0.000	48	0.933	1.639	1.918	9.969		549.309	140	2.341	879855802935802459	879852675327195421	879852675318806812	2398	
1	C51H61N9O8	[M + H]+	C51H62N9O8+		0.752	84.734	84.734	0.000	25	0.809	1.008	1.232	6.046		928.477	155	2.587	879853927616346609	879852677063637305	879852677059443000	6024	
1	C18H20N2O3	[M + H]+	C18H21N2O3+		0.681	24.318	24.318	0.000	4	0.956	2.679	2.679	3.931		313.156	162	2.693	879855253658139165	879852675893426469	879852675885037860	3294	
1	C46H56N4O10	[M + H]+	C46H57N4O10+		0.773	66.161	66.161	0.000	21	0.869	2.074	2.074	6.881		825.413	180	3.006	879855113845209617	879852676367382829	879852676358994220	4304	
1	C15H23Br4FN2O3	[M + H]+	C15H24Br4FN2O3+		0.563	92.288	92.288	0.000	27	0.794	1.695	4.028	-6.661		614.846	184	3.075	879853311351454172	879852678540032341	879852678535838036	11379	
1	C9H15N3O4	[M + H]+	C9H16N3O4+		0.980	43.818	43.818	0.000	6	0.668	0.990	1.788	-0.575		230.113	190	3.161	879852936795912648	879852679030765917	879852679022377308	13069	
1	C29H39N7O7	[M + Na]+	C29H39N7NaO7+		0.668	144.433	144.433	0.000	48	0.920	0.040	1.499	-7.121		620.276	205	3.410	879855509435185744	879852680016427377	879852680012233072	18585	
1	C32H46N6O7	[M + H]+	C32H47N6O7+		0.976	125.636	125.636	0.000	43	0.926	0.921	1.714	0.838		627.351	212	3.535	879855814147177061	879852680368748921	879852680364554616	22805	
1	C9H10FN3O2	[M + K]+	C9H10FKN3O2+		0.995	42.681	42.681	0.000	7	0.338	-0.265	9.098	-3.051		250.038	294	4.906	879855327389809201	879852680561686913	879852680557492608	30207	
1	C14H27NO3	[M + H]+	C14H28NO3+		1.000	76.021	76.021	0.000	9	0.922	3.388	3.388	3.601		258.207	359	5.989	879855434298423868	879852679462779237	879852679454390628	14849	
1	C59H87N5O9	[M + H]+	C59H88N5O9+		0.681	23.157	23.157	0.000	8	0.570	6.408	9.401	8.454		1010.666	402	6.702	879855870971607663	879852676832950581	879852676828756276	5415	
1	C23H39NO3	[M + H]+	C23H40NO3+		1.000	178.501	178.501	0.000	42	0.940	1.601	2.218	5.365		378.302	470	7.836	879856453422039327	879852679840266605	879852679831877996	17049	
1	C41H68NO8P	[M + H]+	C41H69NO8P+		1.000	169.540	169.540	0.000	33	0.837	1.538	1.757	4.042		734.479	478	7.963	879856225566474104	879852679269841249	879852679265646944	13986	
1	C45H69N3O7	[M + H]+	C45H70N3O7+		0.901	73.324	73.324	0.000	19	0.736	1.909	2.280	8.727		764.528	502	8.363	879856233640509305	879852680536521085	879852680532326780	26077	
1	C25H44N2O6	[M + Na]+	C25H44N2NaO6+		0.902	76.863	76.863	0.000	23	0.876	2.023	2.023	-0.525		491.309	39	0.652	879856773685842887	879856709143892808	879856709135504199	3790	
1	C28H48N4O14	[M + H]+	C28H49N4O14+		0.449	69.410	69.410	0.000	15	0.686	1.916	2.830	5.894		665.328	62	1.039	879857204277285892	879856712306398084	879856712298009475	14868	
1	C23H28N4O8	[M + H]+	C23H29N4O8+		0.930	153.386	153.386	0.000	47	0.860	0.509	1.306	10.241		489.203	70	1.164	879858399951721518	879856711660475256	879856711652086647	12216	
1	C16H30N4O5	[M + H]+	C16H31N4O5+		1.000	151.920	151.920	0.000	43	0.949	1.172	1.719	-0.269		359.229	90	1.498	879856794246321105	879856708040790840	879856708032402231	1871	
1	C11H19FN2O4	[M + H]+	C11H20FN2O4+		0.853	100.086	100.086	0.000	25	0.794	2.349	3.041	0.905		263.140	97	1.610	879856756321424316	879856708900623172	879856708892234563	3298	
1	C6HBr5	[M + Na]+	C6HBr5Na+		1.000	0.391	0.391	0.000	0	0.000			-14.740		490.582	102	1.700	879856736251679675	879856707713635124	879856707696857907	1277	
1	C14H29N3O5	[M + H]+	C14H30N3O5+		1.000	129.715	129.715	0.000	38	0.793	0.840	1.236	-3.115		320.217	108	1.794	879856880749646821	879856711094244204	879856711090049899	9827	
1	C18H28N4O6	[M + Na]+	C18H28N4NaO6+		0.413	51.022	51.022	0.000	22	0.798	0.469	1.920	-2.398		419.189	132	2.205	879856940463952880	879856709609460560	879856709605266255	4891	
1	C19H32N4O5	[M + H]+	C19H33N4O5+		0.784	64.550	64.550	0.000	10	0.974	1.031	1.348	1.393		397.245	154	2.569	879858033189196826	879856712507724680	879856712503530375	15871	
1	C31H49N5O6	[M + H]+	C31H50N5O6+		0.998	87.425	87.425	0.000	32	0.879	0.177	1.610	-4.522		588.373	230	3.840	879857525451920398	879856710481875808	879856710477681503	7368	
1	C36H51N7O8	[M + H]+	C36H52N7O8+		0.662	68.644	68.644	0.000	25	0.798	1.690	1.690	7.618		710.393	240	3.999	879857120898716666	879856713531134876	879856713526940571	26141	
1	C20H36N4O4	[M + Na]+	C20H36N4NaO4+		0.839	49.136	49.136	0.000	19	0.867	1.035	2.056	-9.961		419.259	243	4.044	879856835795096539	879856712725828492	879856712721634187	17060	
1	C33H54N6O9	[M + H]+	C33H55N6O9+		0.985	84.332	84.332	0.000	25	0.871	2.023	2.972	-4.863		679.399	245	4.078	879858964085609544	879856713329808280	879856713325613975	22887	
1	C7H4Br2ClIN2O	[M + H]+	C7H5Br2ClIN2O+		1.000	-2.828	-2.828	0.000	0	0.000			12.724		452.755	279	4.642	879858787274724410	879856713585660836	879856713581466531	35908	
1	C16H31N4O10P	[M + H]+	C16H32N4O10P+		0.475	50.455	50.455	0.000	7	0.592	0.071	0.431	-4.364		471.183	392	6.538	879858087828395044	879856710272160604	879856710263771995	6674	
1	C17H32FN5O5	[M + H]+	C17H33FN5O5+		0.525	23.710	23.710	0.000	5	0.227	-0.944	8.405	-4.489		406.244	395	6.578	879858806123926588	879856713560495008	879856713556300703	30217	
1	C12H25NO	[M + H]+	C12H26NO+		1.000	46.040	46.040	0.000	8	0.124	2.085	2.085	3.542		200.202	409	6.819	879859276317987933	879856712100877184	879856712092488575	13993	
1	C24H43NO5	[M + K]+	C24H43KNO5+		0.407	216.422	216.422	0.000	47	0.936	3.271	3.271	-3.622		464.276	437	7.286	879859397940221043	879856711274599280	879856711270404975	10578	
1	C28H55NO6	[M + Na]+	C28H55NNaO6+		0.950	31.614	31.614	0.000	4	0.657	5.417	5.417	3.510		524.394	477	7.943	879859288250782815	879856710699979620	879856710691591011	8235	
1	C74H114N12O20	[M + Na]+	C74H114N12NaO20+		0.437	44.373	44.373	0.000	18	0.803	3.251	3.838	-5.057		1513.809	478	7.963	879858987200418898	879856710054056792	879856710045668183	6027	
1	C26H43NO6	[M + H]+	C26H44NO6+		1.000	70.870	70.870	0.000	20	0.780	1.121	2.558	3.829		466.318	482	8.035	879859353178608745	879856713128481684	879856713124287379	20648	
1	C31H49N7O6	[M + H]+	C31H50N7O6+		0.117	2.524	2.524	0.000	4	0.210	3.302	3.514	-4.395		616.379	503	8.386	879859723132998801	879856710897111912	879856710888723303	9038	
1	C41H80F3N3O7	[M + H]+	C41H81F3N3O7+		0.873	11.858	11.858	0.000	5	0.210	0.724	2.844	6.356		784.607	505	8.423	879859753180992861	879856712931349392	879856712927155087	18590	
1	C4H9N3O4	[M + H]+	C4H10N3O4+		1.000	35.907	35.907	0.000	8	0.961	2.546	19.595	1.937		164.067	653	10.884	879859734474396827	879856709835952980	879856709827564371	5417	
1	C2H5F2N2O3	[M + K]+	C2H5F2KN2O3+		0.955	52.134	52.134	0.000	10	0.918	9.516	9.516	-7.042		181.989	34	0.566	879860040976146409	879859996969508808	879859996965314503	35965	
1	C16H36N4O10	[M + H]+	C16H37N4O10+		0.899	138.789	138.789	0.000	50	0.917	1.203	2.381	-0.269		445.250	37	0.622	879860147570188275	879859990803881812	879859990757744467	513	
1	C44H50N4O9	[M + H]+	C44H51N4O9+		0.300	41.104	41.104	0.000	14	0.972	0.483	1.711	3.265		779.368	46	0.761	879860247331708946	879859996080316332	879859996076122027	15874	
1	C22H34N8O7	[M + H]+	C22H35N8O7+		0.900	110.977	110.977	0.000	34	0.938	1.211	1.829	0.723		523.263	103	1.715	879861381274378338	879859992150253412	879859992146059107	2843	
1	C15H25N3O6S	[M + H]+	C15H26N3O6S+		0.985	112.384	112.384	0.000	37	0.987	2.023	2.123	3.767		376.155	104	1.737	879860318483882024	879859992640986988	879859992632598379	3792	
1	C8H14N2O	[M + H]+	C8H15N2O+		1.000	53.726	53.726	0.000	9	0.222	1.370	2.346	0.712		155.118	105	1.744	879860844470575175	879859996931760064	879859996923371455	26150	
1	C30H39N5O7	[M + H]+	C30H40N5O7+		0.853	52.740	52.740	0.000	20	0.925	0.269	1.864	4.766		582.295	120	1.997	879860178649980925	879859994658447248	879859994650058639	9833	
1	C33H55N9O7	[M + Na]+	C33H55N9NaO7+		0.989	68.363	68.363	0.000	24	0.944	5.442	5.442	14.085		712.422	124	2.067	879860212506402823	879859991881817952	879859991877623647	2409	
1	C12H22N2O3	[M + H]+	C12H23N2O3+		0.995	58.328	58.328	0.000	14	0.791	1.978	2.453	-0.078		243.170	126	2.106	879860025855680479	879859994863968148	879859994855579539	10581	
1	C17H31N5O5	[M + Na]+	C17H31N5NaO5+		0.996	156.282	156.282	0.000	48	0.899	1.194	1.613	9.701		408.226	131	2.190	879861309111378008	879859993807003520	879859993802809215	6686	
1	I3N	[M + Na]+	I3NNa+		0.986	0.391	0.391	0.000	0	0.000			4.516		417.708	151	2.517	879860848341917771	879859996952731588	879859996948537283	30330	
1	C17H31N3O6	[M + H]+	C17H32N3O6+		0.955	150.345	150.345	0.000	43	0.814	0.874	1.781	0.903		374.229	156	2.594	879860290205884445	879859992888450928	879859992884256623	4318	
1	C35H59N9O7	[M + Na]+	C35H59N9NaO7+		1.000	120.203	120.203	0.000	42	0.924	0.844	1.337	-1.305		740.442	166	2.760	879860714677837885	879859993584705404	879859993580511099	6028	
1	C31H53N7O8	[M + H]+	C31H54N7O8+		0.997	77.229	77.229	0.000	29	0.939	0.819	1.619	-0.212		652.403	184	3.067	879860392010031155	879859995648303012	879859995644108707	14005	
1	C27H39N5O7	[M + H]+	C27H40N5O7+		0.998	80.069	80.069	0.000	22	0.847	1.340	1.666	1.052		546.293	186	3.102	879861507539705964	879859995837046696	879859995828658087	14882	
1	C27H46N6O10	[M + H]+	C27H47N6O10+		0.989	139.980	139.980	0.000	45	0.958	1.241	1.623	-1.167		615.334	193	3.213	879862075159060607	879859993358212984	879859993354018679	5418	
1	C37H64N8O9	[M + H]+	C37H65N8O9+		0.997	125.374	125.374	0.000	42	0.926	0.740	1.552	0.650		765.487	213	3.556	879860966919086157	879859996600410040	879859996596215735	20680	
1	C16H33NO3	[M + H]+	C16H34NO3+		1.000	75.554	75.554	0.000	17	0.884	2.090	2.090	3.052		288.254	227	3.785	879861558894764152	879859994452926348	879859994448732043	9047	
1	C39H37N7O20S4	[M + H]+	C39H38N7O20S4+		0.525	20.135	20.135	0.000	17	0.902	2.579	2.579	-10.738		1052.094	264	4.399	879862281208438921	879859991311392600	879859991303003991	1286	
1	C34H51N7O7	[M + H]+	C34H52N7O7+		0.591	66.166	66.166	0.000	22	0.787	0.899	1.631	3.172		670.394	265	4.414	879862713951559826	879859996260671408	879859996256477103	17067	
1	C16H31N3O4	[M + H]+	C16H32N3O4+		1.000	87.850	87.850	0.000	22	0.947	0.847	1.549	0.506		330.239	298	4.974	879862763767308445	879859995241455516	879859995237261211	12217	
1	C25H51N5O6	[M + H]+	C25H52N5O6+		0.304	10.996	10.996	0.000	6	1.000	-1.065	2.513	-7.351		518.387	416	6.935	879862896470892712	879859996428443572	879859996424249267	18594	
1	C27H44O10	[M + H]+	C27H45O10+		0.944	235.364	235.364	0.000	47	0.914	2.162	2.162	4.111		529.303	418	6.964	879863230220053416	879859994025107332	879859994020913027	7371	
1	C22H45NO2	[M + H]+	C22H46NO2+		1.000	32.487	32.487	0.000	5	0.816	2.124	3.402	1.105		356.353	453	7.551	879863068869370299	879859996772376508	879859996768182203	22909	
1	C19H38O4	[M + Na]+	C19H38NaO4+		1.000	279.643	279.643	0.000	52	0.952	0.925	1.843	8.689	MG(16:0)	353.269	459	7.644	879863115648443126	879859995455365024	879859995451170719	13075	
1	C24H38O7	[M + H]+	C24H39O7+		0.999	155.966	155.966	0.000	34	0.917	1.731	2.105	0.159		439.269	500	8.340	879863289380711372	879859995056906136	879859995052711831	11386	
1	C14H24FN3O7	[M + H]+	C14H25FN3O7+		0.813	122.610	122.610	0.000	46	0.971	-3.937	4.371	-2.471		366.166	52	0.859	879863754433761492	879863451550486660	879863451546292355	20687	
1	C9H12N2O4	[M + H]+	C9H13N2O4+		1.000	117.026	117.026	0.000	20	0.507	0.930	1.988	3.833		213.088	67	1.117	879863489244696747	879863449021321296	879863449012932687	7386	
1	C18H30N4O6	[M + H]+	C18H31N4O6+		0.991	182.477	182.477	0.000	44	0.872	1.019	1.995	-0.779		399.224	93	1.542	879863608715251893	879863445829455904	879863445783318559	515	
1	C19H26N4O6	[M + H]+	C19H27N4O6+		1.000	137.333	137.333	0.000	34	0.889	1.370	1.913	4.148		407.194	97	1.617	879863758552568030	879863450359304300	879863450350915691	13080	
1	C13H22N2O6	[M + H]+	C13H23N2O6+		0.961	148.377	148.377	0.000	41	0.876	0.803	1.841	-6.475		303.153	111	1.843	879863672649027786	879863448618668104	879863448614473799	6029	
1	C15H29N5O4	[M + H]+	C15H30N5O4+		1.000	56.863	56.863	0.000	18	0.903	0.069	3.043	1.072		344.230	112	1.869	879864865051906332	879863450543853680	879863450535465071	14016	
1	C14H20N2O3S	[M + H]+	C14H21N2O3S+		0.998	40.461	40.461	0.000	11	0.968	0.926	0.994	-1.481		297.126	112	1.872	879864796617642247	879863447960162364	879863447951773755	4320	
1	C59H68N4O7S2	[M + H]+	C59H69N4O7S2+		0.482	46.438	46.438	0.000	15	0.899	2.496	3.305	-12.897		1009.447	125	2.088	879863657545339071	879863448408952900	879863448400564291	5420	
1	C11H21N3O3	[M + H]+	C11H22N3O3+		1.000	63.250	63.250	0.000	15	0.824	2.048	2.633	0.950		244.166	141	2.355	879864607534223602	879863446395686948	879863446383104035	1305	
1	C42H56N4O12	[M + H]+	C42H57N4O12+		0.404	63.537	63.537	0.000	19	0.703	1.470	1.660	-12.787		809.386	142	2.368	879866006414299443	879863447486206004	879863447477817395	3307	
1	C52H73N13O15	[M + Na]+	C52H73N13NaO15+		0.509	58.694	58.694	0.000	26	0.825	1.939	2.035	-9.829		1142.513	143	2.383	879864600936583400	879863447242936368	879863447234547759	2848	
1	C37H43N5O6	[M + H]+	C37H44N5O6+		0.934	82.490	82.490	0.000	23	0.813	1.660	1.881	3.193		654.331	221	3.678	879864794419826941	879863449449140312	879863449444946007	9059	
1	C44H71N13O13	[M + H]+	C44H72N13O13+		0.283	83.145	83.145	0.000	29	0.878	0.806	1.610	0.600		990.537	234	3.899	879866850887078227	879863450002788452	879863449998594147	11406	
1	C11H20I3N7O5	[M + H]+	C11H21I3N7O5+		0.736	75.186	75.186	0.000	19	0.659	1.590	1.606	-11.361		711.865	240	4.002	879864830083993874	879863451214942332	879863451210748027	17068	
1	C42H86N4O2	[M + H]+	C42H87N4O2+		1.000	93.344	93.344	0.000	20	0.648	0.989	5.003	3.892		679.685	264	4.400	879865045813825832	879863451886030988	879863451881836683	26178	
1	C10H16FN2O	[M + K]+	C10H16FKN2O+		0.896	28.410	28.410	0.000	10	0.126	-8.500	8.500	-3.043		238.087	364	6.069	879866074684985662	879863449235230804	879863449231036499	8246	
1	C44H74BFN2O6	[M + H]+	C44H75BFN2O6+		0.957	30.466	30.466	0.000	15	0.384	-1.733	6.621	-2.650		756.571	480	8.006	879866909443756382	879863451382714496	879863451378520191	18604	
1	C6H4N2O4S	[M + H]+	C6H5N2O4S+		0.769	37.434	37.434	0.000	4	0.374	-3.715	3.715	-3.254		200.996	511	8.516	879866845463843145	879863451923779732	879863451923779731	36026	
1	C35H70N8O8	[M + Na]+	C35H70N8NaO8+		0.308	23.724	23.724	0.000	7	0.519	-0.035	3.671	11.304		753.529	513	8.546	879867222301086094	879863450774540404	879863450766151795	14885	
1	C46H82N6O11	[M + H]+	C46H83N6O11+		0.489	16.045	16.045	0.000	5	0.223	8.750	8.750	9.341		895.620	520	8.669	879867325111865752	879863450178949224	879863450174754919	12239	
1	C21H41NO5S	[M + H]+	C21H42NO5S+		0.860	34.986	34.986	0.000	11	0.677	2.471	2.471	0.426		420.278	531	8.847	879867161810833796	879863449633689692	879863449625301083	9836	
1	C38H67N5O9	[M + H]+	C38H68N5O9+		0.566	27.786	27.786	0.000	4	0.480	-2.188	3.955	-6.981		738.496	639	10.651	879867476249416189	879863451907002512	879863451907002511	30335	
1	C41H76NO8P	[M + Na]+	C41H76NNaO8P+		1.000	154.039	154.039	0.000	40	0.895	2.152	2.193	-1.669	PE(18:3_18:0)	764.519	639	10.651	879867576497479357	879863446982889516	879863446978695211	2411	
1	C67H103F2N3O13	[M + K]+	C67H103F2KN3O13+		0.337	13.453	13.453	0.000	6	0.176	0.708	2.538	-12.517		1234.694	642	10.700	879868094552743882	879863448824189004	879863448815800395	6689	
1	C42H65N9O12	[M + H]+	C42H66N9O12+		0.324	16.463	16.463	0.000	9	0.950	1.232	1.468	0.062		888.483	47	0.790	879868460089768834	879868397556890361	879868397548501752	2418	
1	C17H24N4O3	[M + H]+	C17H25N4O3+		0.914	145.984	145.984	0.000	46	0.915	1.557	2.641	-14.458		333.187	59	0.986	879868716391103393	879868403588299605	879868403584105300	22979	
1	C27H38N4O7	[M + H]+	C27H39N4O7+		0.466	196.598	196.598	0.000	53	0.966	0.909	2.769	-8.331		531.277	81	1.354	879871672393956385	879868402044795705	879868402040601400	13081	
1	C32H53N5O10	[M + K]+	C32H53KN5O10+		1.000	158.192	158.192	0.000	50	0.966	2.939	3.181	0.282		706.343	82	1.369	879871502407203862	879868396818692849	879868396806109936	1307	
1	C10H20N3O3S	[M + H]+	C10H21N3O3S+		0.970	80.867	80.867	0.000	21	0.813	0.532	1.768	-9.934		263.127	93	1.550	879868447674628984	879868401054939945	879868401046551336	9842	
1	C25H34N4O6	[M + H]+	C25H35N4O6+		0.706	188.022	188.022	0.000	53	0.969	0.825	1.368	3.876		487.257	113	1.876	879871786223172663	879868401809914677	879868401805720372	12241	
1	C12H17Br2ClN4O4S	[M + H]+	C12H18Br2ClN4O4S+		0.941	134.165	134.165	0.000	25	0.653	1.060	2.284	1.274		506.911	115	1.909	879870268728179672	879868396227295981	879868396172770028	526	
1	C23H40N6O9	[M + H]+	C23H41N6O9+		0.993	163.192	163.192	0.000	49	0.932	1.148	2.458	1.736		545.294	129	2.151	879870504074771426	879868401570839345	879868401566645040	11407	
1	C15H26N2O3S	[M + H]+	C15H27N2O3S+		0.714	103.495	103.495	0.000	30	0.927	1.390	1.480	-0.286		315.174	133	2.220	879868486723599244	879868403374390097	879868403366001488	20718	
1	C15H27N3O5	[M + H]+	C15H28N3O5+		1.000	93.828	93.828	0.000	25	0.844	0.862	2.183	-0.749		330.202	147	2.442	879869829924289463	879868398236367617	879868398227979008	3310	
1	C28H41I3N6O9	[M + H]+	C28H42I3N6O9+		0.374	66.452	66.452	0.000	21	0.775	0.264	1.264	0.611		987.015	153	2.543	879870549561998316	879868399708568341	879868399700179732	6031	
1	C23H28N4O6	[M + H]+	C23H29N4O6+		1.000	136.311	136.311	0.000	40	0.915	1.238	2.023	-1.008		457.208	175	2.914	879870162079611843	879868401319181101	879868401310792492	10583	
1	C29H45N7O10	[M + H]+	C29H46N7O10+		0.756	66.844	66.844	0.000	23	0.907	1.406	1.680	-7.768		652.325	178	2.965	879868675584719767	879868402707495749	879868402703301444	15879	
1	C64H76N6O16	[M + H]+	C64H77N6O16+		0.752	75.962	75.962	0.000	26	0.744	2.161	2.350	14.966		1185.557	181	3.024	879869802673896365	879868398542551813	879868398534163204	3798	
1	C34H44N6O7	[M + H]+	C34H45N6O7+		0.407	99.009	99.009	0.000	17	0.684	1.570	2.237	-9.586		649.328	192	3.206	879871362757852172	879868399981198105	879868399972809496	6691	
1	C13H18Br4N4O2	[M + H]+	C13H19Br4N4O2+		1.000	100.076	100.076	0.000	26	0.361	-0.106	1.924	2.072		578.825	197	3.283	879870188637944781	879868399142337293	879868399133948684	4902	
1	C38H59N11O8	[M + H]+	C38H60N11O8+		1.000	128.871	128.871	0.000	48	0.938	0.652	1.876	-4.740		798.458	206	3.425	879870904328813569	879868397905017597	879868397896628988	2849	
1	C28H43N5O5	[M + H]+	C28H44N5O5+		0.522	36.526	36.526	0.000	6	0.621	1.485	1.968	-2.066		530.333	271	4.516	879870566276299766	879868402267093821	879868402262899516	14020	
1	C30H28N6O6S5	[M + H]+	C30H29N6O6S5+		0.744	99.786	99.786	0.000	30	0.878	1.904	1.996	6.221		729.079	273	4.551	879872056852249685	879868398840347401	879868398831958792	4322	
1	C5H14N3O4P	[M + K]+	C5H14KN3O4P+		0.370	44.370	44.370	0.000	9	0.437	-4.227	5.111	10.196		250.038	305	5.086	879871707965848619	879868403789626201	879868403785431896	26193	
1	C28H42N4O3Si	[M + K]+	C28H42KN4O3Si+		0.674	18.532	18.532	0.000	10	0.409	5.688	6.453	-0.320		549.266	399	6.658	879871913562242123	879868402485197633	879868402476809024	14894	
1	C32H55NO7	[M + H]+	C32H56NO7+		0.995	33.445	33.445	0.000	9	0.888	2.250	3.173	1.713		566.406	433	7.211	879871815000292417	879868403814792029	879868403810597724	30343	
1	C21H43N3O8	[M + H]+	C21H44N3O8+		0.867	71.918	71.918	0.000	14	0.801	3.066	3.066	11.383		466.318	469	7.815	879872100829527168	879868402938182473	879868402929793864	17071	
1	C76H142N2O18	[M + H]+	C76H143N2O18+		0.175	31.431	31.431	0.000	8	0.597	-0.289	1.436	0.188		1372.033	520	8.667	879872139102551193	879868403160480589	879868403156286284	18615	
1	C42H77NO7	[M + H]+	C42H78NO7+		0.999	30.305	30.305	0.000	5	0.311	6.082	6.082	-0.678		708.577	547	9.111	879872157481999448	879868403835763553	879868403831569248	36165	
1	C42H79NO7	[M + H]+	C42H80NO7+		1.000	48.258	48.258	0.000	8	0.611	1.062	3.420	7.557		710.598	640	10.672	879872152432057422	879868400539040545	879868400530651936	8259	
1	C27H36N4O7	[M + H]+	C27H37N4O7+		0.808	127.053	127.053	0.000	45	0.927	2.627	3.189	5.147		529.268	35	0.585	879872984167357778	879872552950963420	879872552942574811	6695	
1	C28H34O5	[M + Na]+	C28H34NaO5+		1.000	163.304	163.304	0.000	25	0.582	-7.275	7.708	-6.012		473.227	46	0.760	879872582202039611	879872556310600984	879872556302212375	23001	
1	C21H41N5O12	[M + Na]+	C21H41N5NaO12+		0.949	178.355	178.355	0.000	48	0.953	0.371	1.204	2.261		578.266	55	0.915	879875507649388015	879872551004806336	879872550996417727	2851	
1	C11H19FN2O4	[M + H]+	C11H20FN2O4+		1.000	193.007	193.007	0.000	36	0.702	1.538	3.692	10.026		263.143	62	1.032	879873105764425062	879872556520316192	879872556516121887	30376	
1	C29H38NO8P	[M + Na]+	C29H38NNaO8P+		1.000	90.861	90.861	0.000	40	0.759	-6.039	6.779	-12.237		582.216	65	1.091	879872593539243324	879872552695110872	879872552686722263	6034	
1	C32H46N6O12	[M + H]+	C32H47N6O12+		0.564	109.308	109.308	0.000	39	0.931	1.007	1.682	-1.339		707.324	119	1.979	879875463638556131	879872549977201844	879872549964618931	1323	
1	C30H50N8O10	[M + H]+	C30H51N8O10+		0.874	124.134	124.134	0.000	39	0.864	1.856	2.254	2.537		683.374	129	2.145	879873441266802034	879872551600397512	879872551592008903	3799	
1	C20H30N4O6	[M + H]+	C20H31N4O6+		0.975	60.563	60.563	0.000	14	0.964	1.399	1.399	-0.499		423.224	141	2.356	879872608210918717	879872554427358452	879872554423164147	11410	
1	C33H47N5O9	[M + H]+	C33H48N5O9+		0.750	160.764	160.764	0.000	53	0.955	1.149	1.598	-7.982		658.339	144	2.402	879874412738911675	879872553215204576	879872553206815967	7396	
1	C33H47N5O10	[M + H]+	C33H48N5O10+		0.778	138.902	138.902	0.000	47	0.929	1.004	1.530	11.761		674.348	150	2.496	879874552811888069	879872552149851344	879872552141462735	4904	
1	C28H49N9O9	[M + H]+	C28H50N9O9+		0.994	135.534	135.534	0.000	51	0.969	0.572	2.074	-7.162		656.368	167	2.788	879873050995203420	879872553940819180	879872553936624875	9844	
1	C11H23I3N2O3S	[M + H]+	C11H24I3N2O3S+		0.466	31.633	31.633	0.000	19	0.745	0.572	1.868	-12.304		644.856	198	3.299	879874270736555420	879872549381610672	879872549331279023	528	
1	C21H31Br4N5O6	[M + H]+	C21H32Br4N5O6+		0.652	38.638	38.638	0.000	22	0.869	1.196	1.324	-3.079		765.906	201	3.348	879872632198143303	879872551315184836	879872551306796227	3312	
1	C29H43N5O6	[M + H]+	C29H44N5O6+		0.989	68.789	68.789	0.000	24	0.910	0.753	1.236	1.951		558.330	205	3.422	879873681654947206	879872556486761756	879872556482567451	26226	
1	C46H70N6O7	[M + K]+	C46H70KN6O7+		0.710	48.754	48.754	0.000	20	0.828	0.739	1.397	-2.165		857.492	235	3.917	879874242508889490	879872553705938152	879872553701743847	9064	
1	C40H53N5O10	[M + H]+	C40H54N5O10+		0.973	54.854	54.854	0.000	18	0.945	1.731	1.945	1.806		764.388	250	4.164	879873644979953020	879872556121857300	879872556117662995	20723	
1	C31H50N8O14	[M + H]+	C31H51N8O14+		0.511	106.662	106.662	0.000	42	0.896	0.465	2.589	11.161		759.360	255	4.251	879874922430733775	879872552430869716	879872552422481107	5424	
1	C13H25N5O2	[M + H]+	C13H26N5O2+		1.000	44.246	44.246	0.000	10	0.213	3.783	5.025	-2.820		284.207	396	6.603	879874375954865585	879872555924725008	879872555920530703	18637	
1	C23H41NO5	[M + K]+	C23H41KNO5+		0.660	234.228	234.228	0.000	53	0.943	1.856	2.045	0.374		450.262	420	7.001	879874352445791654	879872555262024964	879872555253636355	14896	
1	C27H44O10	[M + H]+	C27H45O10+		0.985	134.840	134.840	0.000	26	0.742	1.861	2.391	2.600		529.302	425	7.088	879875180246212057	879872555517877512	879872555509488903	15893	
1	C30H40N4O6	[M + H]+	C30H41N4O6+		0.670	20.797	20.797	0.000	6	0.328	0.659	3.410	-6.075		553.299	432	7.203	879875609784884729	879872553462668516	879872553458474211	8268	
1	C40H71N5O9	[M + H]+	C40H72N5O9+		0.750	60.251	60.251	0.000	18	0.841	0.630	2.018	-0.985		766.532	449	7.485	879875616797761027	879872555052309760	879872555043921151	14021	
1	C34H50N4O5	[M + H]+	C34H51N4O5+		0.343	5.928	5.928	0.000	5	0.178	-5.432	7.830	-1.171		595.385	453	7.551	879875721781190173	879872554158922992	879872554154728687	10589	
1	C25H42O7	[M + Na]+	C25H42NaO7+		0.233	4.304	4.304	0.000	0	0.000	-2.251	2.251	-3.508		477.281	457	7.612	879875769692724783	879872554632879352	879872554628685047	12242	
1	C26H51NO6	[M + H]+	C26H52NO6+		1.000	50.627	50.627	0.000	11	0.761	0.270	4.268	4.606		474.381	461	7.689	879875809765105210	879872554842594556	879872554838400251	13082	
1	C13H25NO	[M + H]+	C13H26NO+		1.000	122.090	122.090	0.000	28	0.791	3.185	3.185	0.514		212.201	640	10.666	879875855743065708	879872555731787020	879872555727592715	17076	
1	C41H83N7O3	[M + K]+	C41H83KN7O3+		0.959	23.710	23.710	0.000	13	0.649	-6.994	7.320	-9.331		760.612	648	10.796	879875926400312655	879872556537093412	879872556537093411	36269	
1	C21H39N5O6	[M + H]+	C21H40N5O6+		1.000	99.873	99.873	0.000	30	0.959	0.862	1.503	0.632		458.298	41	0.676	879876266832565023	879876203754427072	879876203750232767	6699	
1	C17H34N4O4	[M + H]+	C17H35N4O4+		1.000	137.623	137.623	0.000	40	0.789	0.615	1.946	6.174		359.268	78	1.307	879876270678741802	879876206937903860	879876206929515251	18640	
1	C14H23N3O7	[M + H]+	C14H24N3O7+		1.000	197.716	197.716	0.000	49	0.925	1.611	1.647	-0.221		346.161	82	1.368	879877546955117406	879876207340557052	879876207336362747	23013	
1	C17H28N4O7	[M + H]+	C17H29N4O7+		0.987	78.585	78.585	0.000	18	0.913	0.393	0.804	0.808		401.203	88	1.459	879876275959370549	879876207592215304	879876207588020999	36283	
1	C19H31N5O5	[M + K]+	C19H31KN5O5+		0.943	152.334	152.334	0.000	39	0.845	1.422	1.590	10.314		448.200	101	1.681	879879782443652019	879876206484919020	879876206476530411	15906	
1	C16H30N2O10	[M + H]+	C16H31N2O10+		0.993	27.071	27.071	0.000	7	0.946	1.987	1.987	0.920		411.198	106	1.771	879879172700902282	879876207143424760	879876207139230455	20762	
1	C19H33N3O5	[M + H]+	C19H34N3O5+		1.000	124.870	124.870	0.000	37	0.810	-0.604	1.879	-5.459		384.247	123	2.044	879879809786319805	879876205356651224	879876205348262615	11422	
1	C14H14F2N4O3	[M + Na]+	C14H14F2N4NaO3+		0.908	54.341	54.341	0.000	16	0.855	2.452	5.474	-4.084		347.091	124	2.073	879876345962304319	879876206694634224	879876206686245615	17077	
1	C31H35N3O7	[M + H]+	C31H36N3O7+		0.871	139.719	139.719	0.000	48	0.939	0.840	1.722	2.353		562.256	127	2.123	879878561712444287	879876201724383908	879876201715995299	2852	
1	C16H28N2O7	[M + H]+	C16H29N2O7+		1.000	195.600	195.600	0.000	49	0.953	1.117	1.635	0.200		361.197	131	2.177	879876370389930825	879876200059245204	879876200004719251	553	
1	C25H35FN4O7	[M + H]+	C25H36FN4O7+		1.000	123.430	123.430	0.000	40	0.973	0.135	2.547	1.234		523.257	188	3.137	879877876832932714	879876202655519408	879876202647130799	4324	
1	C32H46N6O9	[M + H]+	C32H47N6O9+		0.906	153.265	153.265	0.000	50	0.954	2.297	2.879	1.511		659.341	188	3.138	879877887536796532	879876205591532252	879876205583143643	12244	
1	C30H56N12O11	[M + H]+	C30H57N12O11+		0.642	112.251	112.251	0.000	49	0.960	-0.016	1.590	4.167		761.430	204	3.405	879876777459716947	879876201367868064	879876201359479455	2422	
1	C43H65N13O12S	[M + H]+	C43H66N13O12S+		0.435	55.111	55.111	0.000	21	0.768	0.862	2.496	1.303		988.468	226	3.759	879879609780933535	879876204303880904	879876204295492295	8269	
1	C41H44N4O13	[M + H]+	C41H45N4O13+		0.792	48.105	48.105	0.000	19	0.805	-0.043	2.068	-7.568		801.292	247	4.123	879879954900849618	879876207546077952	879876207541883647	26263	
1	C16H20Br3N3O6S	[M + H]+	C16H21Br3N3O6S+		0.988	49.184	49.184	0.000	25	0.788	3.498	3.745	-11.082		619.863	255	4.253	879879884495262664	879876204589093580	879876204580704971	9075	
1	C31H36Br3ClN4O7	[M + H]+	C31H37Br3ClN4O7+		0.722	26.864	26.864	0.000	10	0.671	1.918	1.918	5.018		848.994	280	4.666	879879369162101652	879876206266815208	879876206254232295	14899	
1	C31H47N5O11	[M + Na]+	C31H47N5NaO11+		0.876	48.255	48.255	0.000	8	0.887	3.926	6.850	5.771		688.320	364	6.063	879880250427315186	879876205104992980	879876205100798675	10590	
1	C24H38O4	[M + K]+	C24H38KO4+		1.000	167.953	167.953	0.000	36	0.858	3.028	3.028	1.240		429.241	437	7.285	879879739481396137	879876206040322788	879876206036128483	14023	
1	C63H106O6	[M + K]+	C63H106KO6+		0.786	32.258	32.258	0.000	19	0.717	-1.049	10.102	1.905		997.764	443	7.391	879880163286455262	879876203221750456	879876203213361847	5429	
1	C40H81NO4	[M + K]+	C40H81KNO4+		0.834	93.336	93.336	0.000	24	0.847	3.126	3.126	8.226		678.585	487	8.117	879880174237783016	879876204857529040	879876204849140431	9852	
1	C45H76O11	[M + Na]+	C45H76NaO11+		0.292	5.641	5.641	0.000	1	0.045	-0.003	0.003	0.020		815.528	561	9.345	879880720319388764	879876207571243780	879876207567049475	30397	
1	C4H7N2S	[M + K]+	C4H7KN2S+		0.447	35.303	35.303	0.000	8	0.290	-15.637	20.182	-15.275		153.994	649	10.820	879880572767966982	879876203490185916	879876203481797307	6046	
1	C8H13FN2O4	[M + H]+	C8H14FN2O4+		0.979	129.955	129.955	0.000	33	0.788	0.654	5.183	-4.575		221.092	35	0.582	879882289048231922	879880985840230105	879880985831841496	2431	
1	C15H29N5O7	[M + H]+	C15H30N5O7+		0.733	50.745	50.745	0.000	17	0.823	1.868	2.023	-0.955		392.214	45	0.750	879882335642755070	879880988386172669	879880988381978364	7401	
1	C46H54N6O8	[M + H]+	C46H55N6O8+		0.492	23.793	23.793	0.000	11	0.962	-0.300	1.233	3.064		819.410	53	0.878	879881041624473432	879880986813308645	879880986804920036	3810	
1	C14H28N2O5	[M + K]+	C14H28KN2O5+		0.665	179.576	179.576	0.000	47	0.946	0.970	1.929	-6.936		343.161	55	0.923	879881084863553378	879880990009368345	879880990005174040	13088	
1	C14H15Br4N3O3	[M + H]+	C14H16Br4N3O3+		0.829	113.529	113.529	0.000	24	0.611	0.267	1.234	6.839		589.796	57	0.946	879881213616103301	879880987098521321	879880987090132712	4328	
1	C19H29N5O6	[M + H]+	C19H30N5O6+		0.979	43.959	43.959	0.000	15	0.880	0.146	1.441	1.037		424.220	80	1.332	879881935535513519	879880991674507065	879880991670312760	26308	
1	C17H30N4O7	[M + H]+	C17H31N4O7+		0.996	135.935	135.935	0.000	33	0.852	1.779	2.363	-1.056		403.218	91	1.516	879881128765333356	879880989355056909	879880989350862604	10595	
1	C22H26N6O5S	[M + H]+	C22H27N6O5S+		0.482	117.596	117.596	0.000	32	0.905	1.164	1.748	6.332		487.179	93	1.550	879882250271891395	879880988637830913	879880988629442304	8285	
1	C22H35N9O6	[M + Na]+	C22H35N9NaO6+		0.611	185.384	185.384	0.000	56	0.986	0.357	2.404	6.154		544.264	111	1.847	879881888802578330	879880986502930145	879880986494541536	3318	
1	C4H6Br2OS2	[M + H]+	C4H7Br2OS2+		0.227	-0.412	-0.412	0.000	1	0.066	7.415	7.415	-12.490		292.826	117	1.951	879881161367658358	879880987375345389	879880987366956780	4911	
1	HNS10	[M + K]+	HKNS10+		0.992	-4.262	-4.262	0.000	0	0.000			-13.827		373.690	151	2.524	879881174516801408	879880990869200681	879880990860812072	17083	
1	C35H52NO8P	[M + H]+	C35H53NO8P+		1.000	116.879	116.879	0.000	42	0.752	-1.548	6.700	10.164		646.357	196	3.266	879882299202641917	879880989594132241	879880989585743632	11431	
1	C45H61N5O8	[M + Na]+	C45H61N5NaO8+		0.421	94.632	94.632	0.000	40	0.974	2.534	3.900	-1.258		822.440	199	3.313	879881918238203812	879880984493858509	879880984439332556	556	
1	C5H9Br4NS	[M + H]+	C5H10Br4NS+		1.000	28.599	28.599	0.000	5	0.149	6.770	6.770	10.898		431.731	203	3.382	879882254252285901	879880987647975153	879880987639586544	5430	
1	C20H28Br3N7O6S2	[M + H]+	C20H29Br3N7O6S2+		0.964	75.688	75.688	0.000	36	0.797	1.975	2.228	-0.571		763.916	206	3.429	879882507076542483	879880987899633397	879880987895439092	6052	
1	C30H39Br4N7O7	[M + H]+	C30H40Br4N7O7+		0.333	19.788	19.788	0.000	18	0.710	1.019	1.384	0.949		925.973	227	3.781	879882095678234553	879880991473180469	879880991468986164	23017	
1	C55H58N4O13	[M + H]+	C55H59N4O13+		0.325	26.380	26.380	0.000	14	0.900	1.046	2.162	11.578		983.419	235	3.923	879881350035840912	879880991271853873	879880991267659568	20808	
1	C19H25Br3FN3O10	[M + H]+	C19H26Br3FN3O10+		0.455	49.872	49.872	0.000	25	0.829	1.818	2.023	-13.183		711.905	255	4.244	879882287513116647	879880985508880085	879880985504685780	1887	
1	C28H47Br4N3O9	[M + H]+	C28H48Br4N3O9+		0.954	22.488	22.488	0.000	15	0.712	2.023	2.056	-11.687		886.002	263	4.382	879882255967756241	879880990634319653	879880990630125348	15911	
1	C14H19N5O2	[M + K]+	C14H19KN5O2+		0.210	25.867	25.867	0.000	5	1.000	-0.600	7.351	2.947		328.118	266	4.431	879882266227023837	879880990219083549	879880990210694940	14031	
1	C17H39N5O	[M + Na]+	C17H39N5NaO+		1.000	81.511	81.511	0.000	31	0.919	2.834	3.530	7.716		352.307	429	7.148	879882350654169097	879880988876906245	879880988872711940	9076	
1	C58H84N2O8	[M + Na]+	C58H84N2NaO8+		0.467	10.974	10.974	0.000	3	0.676	7.174	7.174	2.826		959.615	432	7.200	879882657278763053	879880988142903033	879880988134514424	6700	
1	C43H67N3O5	[M + H]+	C43H68N3O5+		0.679	50.763	50.763	0.000	8	0.463	0.296	3.836	-5.023		706.512	452	7.532	879882670771839031	879880991066332973	879880991057944364	18646	
1	C17H23ClN2O3	[M + H]+	C17H24ClN2O3+		0.901	265.714	265.714	0.000	34	0.651	1.438	1.628	-8.541		339.144	477	7.947	879882689830756428	879880991729033025	879880991724838720	36309	
1	C17H29F2N5O	[M + H]+	C17H30F2N5O+		0.317	7.547	7.547	0.000	3	0.163	8.596	8.596	9.230		358.245	482	8.036	879882636189802530	879880989803847445	879880989799653140	12245	
1	C9H15NO6	[M + H]+	C9H16NO6+		0.868	60.993	60.993	0.000	7	0.937	1.256	2.329	0.369		234.097	640	10.666	879882672202096706	879880990428798753	879880990420410144	14902	
1	C8H12N4	[M + H]+	C8H13N4+		1.000	61.164	61.164	0.000	8	0.954	2.713	2.713	-0.441		165.113	641	10.686	879882773851054167	879880989124370185	879880989111787272	9858	
1	C9H17FN2O4	[M + H]+	C9H18FN2O4+		0.995	90.983	90.983	0.000	24	0.816	-5.317	5.777	-1.314		237.124	38	0.632	879883178715532469	879883135665196090	879883135656807481	2876	
1	C15H21N3O7	[M + Na]+	C15H21N3NaO7+		0.717	46.718	46.718	0.000	21	0.822	0.469	3.174	0.606		378.127	50	0.827	879883242762554580	879883139674950778	879883139670756473	14034	
1	C18H16Br3N3O2S2	[M + Na]+	C18H16Br3N3NaO2S2+		0.970	165.823	165.823	0.000	38	0.568	-12.148	12.148	-14.490		629.804	51	0.851	879884955686948198	879883135954603070	879883135946214461	3323	
1	C12H19N3O4	[M + H]+	C12H20N3O4+		1.000	97.897	97.897	0.000	22	0.819	0.685	1.109	2.101		270.145	59	0.985	879884912548531528	879883139209383026	879883139205188721	12249	
1	C8H15FN2O4	[M + Na]+	C8H15FN2NaO4+		0.874	196.786	196.786	0.000	33	0.681	1.026	3.986	9.768		245.093	74	1.229	879884939006201170	879883140333456518	879883140329262213	17094	
1	C16H22Br4N4O5	[M + H]+	C16H23Br4N4O5+		0.999	97.925	97.925	0.000	39	0.888	1.187	1.540	-7.715		666.835	88	1.471	879883213171739850	879883134184606762	879883134142663721	560	
1	C25H40N6O8	[M + Na]+	C25H40N6NaO8+		0.457	128.331	128.331	0.000	45	0.938	2.263	2.263	1.768		575.281	96	1.606	879884305024568562	879883135057022002	879883135052827697	1892	
1	C12H6Br2Cl4O3	[M + H]+	C12H7Br2Cl4O3+		0.976	31.652	31.652	0.000	8	0.190	2.725	2.725	-0.715		496.751	136	2.265	879884615591808295	879883138982890606	879883138978696301	11440	
1	C18H42N4O11	[M + H]+	C18H43N4O11+		0.928	19.562	19.562	0.000	8	0.951	-2.570	4.937	-7.907		491.288	187	3.109	879883182477823168	879883136235621442	879883136231427137	3819	
1	C18H31N5O7Se3	[M + H]+	C18H32N5O7Se3+		0.777	53.076	53.076	0.000	37	0.788	0.961	1.695	-6.678		651.993	188	3.126	879884714006957361	879883140740304014	879883140736109709	20817	
1	C28H39N5O8S	[M + H]+	C28H40N5O8S+		0.986	39.513	39.513	0.000	14	0.876	0.661	1.142	-1.667		606.258	200	3.326	879883303890341086	879883139893054590	879883139884665981	14904	
1	C7H12Br3N3O6	[M + K]+	C7H12Br3KN3O6+		1.000	56.539	56.539	0.000	12	0.603	1.873	2.816	3.375		509.793	228	3.805	879884443541458182	879883138521517158	879883138513128549	9862	
1	C39H52N4O7	[M + H]+	C39H53N4O7+		0.289	49.602	49.602	0.000	20	0.824	0.259	0.819	-12.151		689.383	238	3.968	879884841899674941	879883140937436306	879883140933242001	23018	
1	C45H59N7O7	[M + H]+	C45H60N7O7+		0.649	61.579	61.579	0.000	26	0.836	1.046	1.724	5.585		810.459	259	4.312	879883632866381032	879883137028344910	879883137024150605	5434	
1	C31H30F18N4O8S2	[M + K]+	C31H30F18KN4O8S2+		0.740	36.654	36.654	0.000	12	0.842	-1.608	2.974	2.500		1031.088	263	4.389	879884427326278908	879883140534783114	879883140530588809	18667	
1	C13H24FN3O3	[M + H]+	C13H25FN3O3+		0.536	28.885	28.885	0.000	6	0.102	1.802	2.079	-0.849		290.187	284	4.738	879884575506844946	879883140115352706	879883140111158401	15922	
1	C9H19N3O6	[M + Na]+	C9H19N3NaO6+		0.700	32.243	32.243	0.000	6	0.950	0.782	8.976	-14.946		288.112	363	6.046	879884591944322333	879883136499862598	879883136491473989	4330	
1	C45H94N4O10	[M + H]+	C45H95N4O10+		0.329	24.415	24.415	0.000	7	0.739	0.638	2.598	6.608		851.710	422	7.034	879884954176998748	879883136759909450	879883136755715145	4920	
1	C9H27B10NO4	[M + Na]+	C9H27B10NNaO4+		0.936	37.586	37.586	0.000	15	0.741	-0.067	2.962	-0.295		336.313	429	7.148	879884967674269042	879883138034977886	879883138030783581	8299	
1	C27H50O7	[M + H]+	C27H51O7+		0.365	4.373	4.373	0.000	0	0.000	-1.499	1.499	-2.730		487.362	472	7.861	879884971482697085	879883137535855702	879883137531661397	6707	
1	C41H58O8	[M + H]+	C41H59O8+		0.499	69.268	69.268	0.000	17	0.817	2.045	2.085	2.583		679.422	484	8.075	879885034019769738	879883141126179990	879883141121985685	26425	
1	C48H92N2O10	[M + K]+	C48H92KN2O10+		0.792	37.374	37.374	0.000	6	0.323	9.811	9.811	-6.649		895.632	519	8.652	879885111996075420	879883139440069750	879883139431681141	13102	
1	C34H65NO4	[M + H]+	C34H66NO4+		1.000	67.388	67.388	0.000	11	0.729	0.563	1.723	-0.427		552.498	574	9.574	879885037459099028	879883141151345818	879883141147151513	30521	
1	C38H73N7O5	[M + H]+	C38H74N7O5+		0.901	12.800	12.800	0.000	9	0.296	0.681	3.224	1.983		708.576	630	10.503	879885291621338535	879883141176511646	879883141172317341	36381	
1	C56H72O6	[M + K]+	C56H72KO6+		0.565	23.989	23.989	0.000	5	0.573	3.483	6.994	-1.874		879.494	640	10.662	879885757549817799	879883138748009578	879883138743815273	10625	
1	C10H18N2O3S	[M + H]+	C10H19N2O3S+		1.000	82.267	82.267	0.000	21	0.962	1.503	1.872	-0.768		247.111	49	0.810	879886640527956522	879886600958892451	879886600950503842	2879	
1	C25H30N4O5	[M + H]+	C25H31N4O5+		0.657	52.893	52.893	0.000	13	0.832	1.885	1.902	6.428		467.232	81	1.344	879886693707536949	879886602120714679	879886602112326070	5439	
1	C12H22BN3O3	[M + H]+	C12H23BN3O3+		0.786	49.719	49.719	0.000	17	0.625	0.584	3.783	2.133		267.187	84	1.394	879886639974308382	879886604230449635	879886604222061026	14039	
1	C26H42N6O6	[M + K]+	C26H42KN6O6+		0.911	62.093	62.093	0.000	13	0.858	0.739	2.945	-4.607		573.277	86	1.430	879886809868786260	879886603890711003	879886603886516698	12257	
1	C24H25N3O4	[M + H]+	C24H26N3O4+		0.669	73.434	73.434	0.000	19	0.732	2.855	2.855	2.897		420.193	132	2.204	879888844504685245	879886605056727539	879886605056727538	18669	
1	C18H39N3O7	[M + H]+	C18H40N3O7+		0.969	94.910	94.910	0.000	26	0.953	2.037	2.268	-0.432		410.286	146	2.431	879886783079766601	879886601206356391	879886601197967782	3337	
1	C20H36N4O6S	[M + H]+	C20H37N4O6S+		1.000	101.843	101.843	0.000	37	0.915	-0.610	3.060	-6.357		461.240	152	2.526	879888541768211092	879886599704795539	879886599662852498	564	
1	C27H37N5O10	[M + H]+	C27H38N5O10+		0.994	125.094	125.094	0.000	29	0.870	1.739	1.765	2.163		592.263	167	2.781	879888767136553651	879886603722938839	879886603714550230	11441	
1	C40H61N7O7	[M + H]+	C40H62N7O7+		1.000	73.783	73.783	0.000	28	0.919	0.408	1.374	-0.032		752.471	177	2.944	879886746417355327	879886601445431723	879886601437043114	3822	
1	C30H56N12O13	[M + Na]+	C30H56N12NaO13+		0.503	82.180	82.180	0.000	43	0.981	0.572	2.181	-5.152		815.394	193	3.211	879888446817557130	879886603156707787	879886603148319178	9078	
1	C37H56N8O9	[M + H]+	C37H57N8O9+		0.534	138.457	138.457	0.000	51	0.964	0.357	1.382	-6.868		757.419	214	3.566	879887488402315871	879886603542583763	879886603538389458	10626	
1	C12H15N3O5S	[M + H]+	C12H16N3O5S+		0.995	52.111	52.111	0.000	31	0.938	2.793	6.380	-2.286		314.080	223	3.713	879887543767128681	879886604398221799	879886604385638886	14916	
1	C45H67N9O12	[M + H]+	C45H68N9O12+		0.636	63.016	63.016	0.000	21	0.746	1.913	1.916	-3.880		926.495	231	3.855	879889371221187293	879886605568432643	879886605564238338	30541	
1	C27H21Cl8N3O6	[M + H]+	C27H22Cl8N3O6+		0.504	24.399	24.399	0.000	15	0.737	0.862	0.904	5.716		763.906	233	3.886	879888055820343936	879886602531756479	879886602527562174	6726	
1	C34H55N5O9	[M + H]+	C34H56N5O9+		0.999	74.270	74.270	0.000	23	0.827	1.660	2.056	-10.399		678.400	246	4.097	879887722931018355	879886605211916791	879886605207722486	20827	
1	C28H63N5O5	[M + H]+	C28H64N5O5+		0.791	24.736	24.736	0.000	9	0.714	-1.012	1.577	8.907		550.495	423	7.048	879888665416293032	879886605392271867	879886605379688954	23026	
1	C30H47N5O6	[M + H]+	C30H48N5O6+		0.962	188.026	188.026	0.000	42	0.880	1.657	1.859	0.678		574.360	442	7.371	879888654980864670	879886604062677471	879886604058483166	13111	
1	C40H44O10	[M + Na]+	C40H44NaO10+		0.204	13.643	13.643	0.000	2	0.779	1.521	4.382	6.407		707.287	443	7.388	879889105361033927	879886604607937003	879886604549216746	15931	
1	C17H36NO4	[M + H]+	C17H37NO4+		1.000	83.809	83.809	0.000	12	0.750	0.867	1.295	36.926		319.284	464	7.730	879889202815687378	879886602951186887	879886602946992582	8300	
1	C21H40O3	[M + K]+	C21H40KO3+		0.578	131.931	131.931	0.000	18	0.605	2.858	2.858	-0.009		379.261	485	8.088	879889473855806185	879886604855400943	879886604847012334	17111	
1	C39H78O13	[M + H]+	C39H79O13+		0.784	97.505	97.505	0.000	17	0.678	6.944	6.944	-9.422		755.544	507	8.450	879889514364394227	879886601680312751	879886601671924142	4331	
1	C38H73NO8	[M + O + H]+	C38H74NO9+		1.000	132.383	132.383	0.000	30	0.808	2.360	2.703	0.567	HexCer(d18:0_14:1)	688.536	526	8.774	879889629489650430	879886605589404167	879886605585209862	36425	
1	C9H10BrNO4	[M + Na]+	C9H10BrNNaO4+		0.959	32.735	32.735	0.000	13	0.713	2.706	6.972	-8.191		297.966	653	10.891	879889845148179216	879886605547461119	879886605543266814	26426	
1	C4H9N3O3S	[M + H]+	C4H10N3O3S+		0.479	33.402	33.402	0.000	8	0.442	-11.010	17.382	6.451		180.045	654	10.903	879889834675002118	879886602326235579	879886602322041274	6059	
1	C13H18N4O2	[M + H]+	C13H19N4O2+		0.992	105.079	105.079	0.000	23	0.709	0.326	1.587	2.461		263.151	39	0.650	879890104273639520	879890054915069963	879890054910875658	10635	
1	C13H27BN2O4	[M + H]+	C13H28BN2O4+		0.639	70.470	70.470	0.000	27	0.954	0.302	1.979	-0.684		286.217	86	1.430	879890090679900246	879890056886392895	879890056882198590	36443	
1	C10H20N4O2	[M + H]+	C10H21N4O2+		1.000	82.635	82.635	0.000	20	0.845	0.944	1.234	-6.119		229.165	90	1.502	879890114688096364	879890056840255543	879890056836061238	26442	
1	C29H40N4O5	[M + H]+	C29H41N4O5+		0.830	115.640	115.640	0.000	35	0.887	1.233	1.621	-12.463		525.301	91	1.512	879890235878316150	879890054730520583	879890054726326278	9870	
1	C21H33N3O6S	[M + H]+	C21H34N3O6S+		0.771	52.365	52.365	0.000	18	0.818	0.862	1.165	2.010		456.217	104	1.741	879890371807320212	879890051022755787	879890050976618442	565	
1	C46H56N10O10	[M + H]+	C46H57N10O10+		0.396	51.109	51.109	0.000	19	0.933	0.553	2.118	3.668		909.429	126	2.092	879892409333094651	879890053296068587	879890053291874282	4930	
1	C7H13Br4FN2O3	[M + H]+	C7H14Br4FN2O3+		0.990	76.848	76.848	0.000	17	0.351	3.218	5.342	3.645		508.774	133	2.219	879891798273333449	879890054143318011	879890054139123706	7410	
1	C19H36N6O7	[M + H]+	C19H37N6O7+		0.577	117.115	117.115	0.000	43	0.613	0.870	2.368	2.333		461.273	175	2.912	879890284607740032	879890053522561007	879890053518366702	5443	
1	C25H34N4O6S	[M + H]+	C25H35N4O6S+		0.964	49.238	49.238	0.000	18	0.879	1.427	1.796	1.768		519.228	175	2.924	879890642205710504	879890055556798491	879890055552604186	14077	
1	C32H43N7O8	[M + H]+	C32H44N7O8+		0.583	106.129	106.129	0.000	37	0.920	0.057	1.940	-1.051		654.324	178	2.961	879892145800779996	879890056248858667	879890056244664362	18672	
1	C35H48N4O11	[M + H]+	C35H49N4O11+		0.753	106.561	106.561	0.000	30	0.866	1.656	2.065	-3.186		701.337	181	3.014	879892850108307746	879890053946185719	879890053941991414	6727	
1	C36H37N3O5	[M + H]+	C36H38N3O5+		0.455	32.324	32.324	0.000	14	0.876	0.887	3.110	3.718		592.283	197	3.288	879890534584064158	879890055879759907	879890055875565602	15959	
1	C30H47N7O7	[M + H]+	C30H48N7O7+		0.867	147.339	147.339	0.000	52	0.921	1.890	1.968	7.806		618.366	202	3.362	879891152828668082	879890054545971203	879890054541776898	9080	
1	C48H72N4O8	[M + K]+	C48H72KN4O8+		1.000	127.494	127.494	0.000	40	0.913	-0.138	1.423	0.604		871.499	235	3.917	879892004679227602	879890055242225683	879890055238031378	12260	
1	C12H23Br4FN2O3	[M + Na]+	C12H23Br4FN2NaO3+		0.993	111.146	111.146	0.000	24	0.573	0.944	4.111	-1.231		600.831	235	3.924	879890329008642186	879890054353033215	879890054348838910	8305	
1	C37H63N9O9	[M + Na]+	C37H63N9NaO9+		0.592	74.726	74.726	0.000	30	0.836	1.526	1.834	3.629		800.467	247	4.113	879891790505482431	879890056450185263	879890056445990958	20831	
1	C23H42N6O6	[M + Na]+	C23H42N6NaO6+		0.850	8.409	8.409	0.000	5	0.215	-4.244	10.779	7.282		521.310	455	7.584	879892200838437105	879890056039143463	879890056034949158	17116	
1	C17H35N3O7	[M + H]+	C17H36N3O7+		0.828	86.522	86.522	0.000	15	0.768	1.929	2.179	9.951		394.259	462	7.704	879892164817754342	879890055078647823	879890055074453518	11444	
1	C23H39N5	[M + H]+	C23H40N5+		0.953	22.224	22.224	0.000	4	0.202	0.074	3.243	-0.318		386.328	498	8.296	879892700560398598	879890056865421371	879890056861227066	30584	
1	C39H70N2O14	[M + H]+	C39H71N2O14+		0.140	4.792	4.792	0.000	2	0.064	6.502	7.805	8.362		791.497	524	8.740	879892791052507411	879890052352350171	879890052343961562	2882	
1	C24H47NO	[M + H]+	C24H48NO+		1.000	107.145	107.145	0.000	22	0.706	2.298	2.551	-3.389		366.372	556	9.267	879892800653269278	879890055405803543	879890055401609238	13113	
1	C41H75NO9	[M + H]+	C41H76NO9+		0.991	57.453	57.453	0.000	17	0.735	3.716	3.844	-3.936		726.549	639	10.651	879893091712803175	879890055724570655	879890055711987742	14935	
1	C41H78NO8P	[M + Na]+	C41H78NNaO8P+		1.000	143.874	143.874	0.000	40	0.826	1.775	2.938	2.967	PE(18:2_18:0)	766.538	639	10.655	879893099161887090	879890053740664819	879890053732276210	6060	
1	C9H11NO3	[M + H]+	C9H12NO3+		0.995	48.708	48.708	0.000	6	0.039	2.905	2.905	4.560		182.082	34	0.573	879896664228442792	879895457283912237	879895457279717932	20833	
1	C22H34N8O7	[M + Na]+	C22H34N8NaO7+		0.729	86.762	86.762	0.000	29	0.954	1.727	1.790	3.547		545.246	35	0.580	879896851034354368	879895455660716557	879895455656522252	11447	
1	C22H35N5O11	[M + H]+	C22H36N5O11+		0.987	61.000	61.000	0.000	16	0.942	0.413	1.029	-4.912		546.238	45	0.745	879895563282362985	879895451567075785	879895451525132744	577	
1	C33H47N5O9	[M + H]+	C33H48N5O9+		0.987	117.370	117.370	0.000	37	0.767	1.244	1.695	-1.754		658.344	46	0.767	879898486154408701	879895452653400533	879895452649206228	2451	
1	C40H48N6O9	[M + H]+	C40H49N6O9+		0.404	50.610	50.610	0.000	18	0.933	1.070	1.311	4.022		757.359	56	0.938	879896861117461194	879895455107068417	879895455102874112	9081	
1	C22H30N4O4	[M + Na]+	C22H30N4NaO4+		0.413	69.201	69.201	0.000	21	0.963	-0.897	2.698	-9.895		437.212	58	0.959	879895523432280661	879895454276596209	879895454272401904	6061	
1	C17H29N5O4	[M + H]+	C17H30N5O4+		0.996	127.430	127.430	0.000	38	0.918	2.953	2.953	-2.256		368.228	76	1.270	879895623206384255	879895454696026617	879895454691832312	7418	
1	C8H15Br4N3O5	[M + H]+	C8H16Br4N3O5+		1.000	142.117	142.117	0.000	30	0.709	1.440	1.606	-5.812		549.779	86	1.438	879895561927602783	879895452049420749	879895452036837836	1349	
1	C21H41N5O8	[M + Na]+	C21H41N5NaO8+		0.922	175.211	175.211	0.000	53	0.978	1.008	1.900	7.128		514.288	123	2.047	879896656523506333	879895457783034429	879895457778840124	36458	
1	C25H46N6O8	[M + Na]+	C25H46N6NaO8+		0.828	63.642	63.642	0.000	21	0.878	1.554	2.023	3.899		581.329	124	2.068	879896931116200660	879895456377942557	879895456373748252	14952	
1	C21H37N5O6	[M + H]+	C21H38N5O6+		0.774	200.125	200.125	0.000	52	0.972	0.948	1.621	0.964		456.282	138	2.300	879897793360245480	879895453160911325	879895453156717020	3348	
1	C30H45N5O9	[M + H]+	C30H46N5O9+		0.627	174.447	174.447	0.000	51	0.951	0.202	2.134	3.056		620.331	144	2.398	879896281288487571	879895453626479077	879895453622284772	4335	
1	C32H57N11O8	[M + H]+	C32H58N11O8+		0.995	144.629	144.629	0.000	51	0.938	0.453	1.727	-3.774		724.444	165	2.748	879896037981106825	879895452380770769	879895452372382160	1901	
1	C16H27N3O4	[M + H]+	C16H28N3O4+		1.000	147.759	147.759	0.000	40	0.924	0.603	1.727	4.498		326.209	171	2.846	879895599995105908	879895453848777193	879895453844582888	4935	
1	C31H48N10O7	[M + H]+	C31H49N10O7+		0.619	150.898	150.898	0.000	46	0.926	1.055	1.302	-3.446		673.376	183	3.050	879897376559674078	879895455476167177	879895455471972872	10646	
1	C6H7Br4N	[M + H]+	C6H8Br4N+		0.992	5.948	5.948	0.000	1	0.273	6.770	6.770	10.558		409.743	188	3.128	879896667680354994	879895454066881005	879895454058492396	5449	
1	C23H40N4O8	[M + H]+	C23H41N4O8+		0.998	93.466	93.466	0.000	31	0.875	1.540	1.909	2.213		501.293	193	3.216	879896760684851893	879895452917641689	879895452913447384	2889	
1	C33H45NO8	[M + Na]+	C33H45NNaO8+		0.194	19.255	19.255	0.000	7	0.897	1.173	1.173	-4.351		606.301	283	4.709	879897814902190835	879895456193393177	879895456185004568	14081	
1	C14H27NO2	[M + H]+	C14H28NO2+		1.000	239.585	239.585	0.000	32	0.621	2.045	2.085	-1.881		242.211	358	5.964	879898518429577992	879895456612823585	879895456608629280	15965	
1	C24H30O6	[M + H]+	C24H31O6+		0.741	43.601	43.601	0.000	7	0.934	0.065	1.455	3.576		415.213	390	6.504	879899634311574286	879895456868676133	879895456864481828	17129	
1	C21H18I2O13	[M + H]+	C21H19I2O13+		0.072	-0.609	-0.609	0.000	0	0.000			-9.637		732.884	394	6.559	879899885663630555	879895455836877329	879895455832683024	12261	
1	C3H4N2O2S	[M + Na]+	C3H4N2NaO2S+		0.894	18.113	18.113	0.000	4	0.268	15.619	15.619	45.362		154.996	445	7.416	879899748073682118	879895457489433137	879895457485238832	23058	
1	C22H43NO10	[M + H]+	C22H44NO10+		0.989	66.554	66.554	0.000	15	0.937	3.752	3.752	-3.676		482.294	476	7.929	879899738921710780	879895455287423493	879895455283229188	9873	
1	C42H77NO7	[M + H]+	C42H78NO7+		1.000	43.596	43.596	0.000	7	0.404	2.580	3.587	-2.089		708.576	518	8.641	879899787089097936	879895457749479993	879895457745285688	30626	
1	C46H82N6O11	[M + H]+	C46H83N6O11+		0.999	62.994	62.994	0.000	11	0.527	3.895	3.895	8.783		895.619	519	8.653	879899959240111419	879895454905741821	879895454897353212	8313	
1	C22H24Br4N2O8	[M + H]+	C22H25Br4N2O8+		0.936	13.829	13.829	0.000	4	0.208	5.316	5.316	-14.183		760.823	640	10.666	879900535747196533	879895457715925557	879895457707536948	26453	
1	C22H37N5O10	[M + H]+	C22H38N5O10+		0.985	152.701	152.701	0.000	48	0.785	1.077	1.903	8.795		532.266	51	0.845	879901590368655272	879900648982288088	879900648978093783	3350	
1	C34H48N6O10	[M + H]+	C34H49N6O10+		0.951	146.186	146.186	0.000	41	0.924	1.955	2.038	2.042		701.352	55	0.920	879901423049480083	879900650370602736	879900650366408431	6752	
1	C21H31N5O6	[M + H]+	C21H32N5O6+		0.675	95.596	95.596	0.000	39	0.909	0.850	2.922	-4.687		450.233	59	0.983	879900826673977215	879900648709658324	879900648701269715	2893	
1	C40H85N3O	[M + Na]+	C40H85N3NaO+		1.000	109.453	109.453	0.000	33	0.729	-1.923	6.669	3.116		646.661	60	1.000	879900681576224591	879900647241651908	879900647195514563	582	
1	C16H26N2O6	[M + H]+	C16H27N2O6+		0.998	53.608	53.608	0.000	29	0.883	0.595	3.324	1.856		343.187	68	1.139	879901458260662173	879900651419178756	879900651410790147	10649	
1	C16H28N2O7	[M + H]+	C16H29N2O7+		0.930	113.301	113.301	0.000	30	0.952	1.306	2.330	-21.118		361.189	85	1.409	879900738195134294	879900651012331260	879900651003942651	9089	
1	C13H20N2O4S	[M + H]+	C13H21N2O4S+		0.797	97.758	97.758	0.000	27	0.872	0.572	2.156	-4.831		301.120	89	1.475	879900778682750827	879900651607922440	879900651603728135	11448	
1	C8H19N7O3	[M + H]+	C8H20N7O3+		0.709	23.214	23.214	0.000	6	0.982	6.139	6.139	12.916		262.166	94	1.566	879902479116507090	879900653637965624	879900653633771319	36484	
1	C21H37N3O5S	[M + H]+	C21H38N3O5S+		0.964	119.476	119.476	0.000	38	0.968	1.333	1.720	-14.111		444.246	104	1.737	879900821808584565	879900649464633056	879900649460438751	4337	
1	C17H34N4O6	[M + H]+	C17H35N4O6+		1.000	153.046	153.046	0.000	47	0.943	0.643	1.592	-4.374		391.253	132	2.196	879900744310429536	879900649699514084	879900649691125475	4936	
1	C20H34N6O21P4	[M + H]+	C20H35N6O21P4+		0.261	50.186	50.186	0.000	27	0.872	0.603	0.703	3.144		819.083	150	2.507	879902540391094237	879900648135038668	879900648126650059	1902	
1	C17H30N4O5S	[M + H]+	C17H31N4O5S+		1.000	161.913	161.913	0.000	46	0.951	1.094	1.441	-6.120		403.199	160	2.666	879901754978310066	879900647795300040	879900647782717127	1354	
1	C12H18Br4N2O4	[M + Na]+	C12H18Br4N2NaO4+		0.998	63.853	63.853	0.000	26	0.789	0.609	2.578	-11.684		592.782	182	3.030	879901762708412349	879900650144110316	879900650139916011	6063	
1	C40H61N5O13	[M + H]+	C40H62N5O13+		0.358	109.274	109.274	0.000	34	0.839	1.779	2.040	-6.537		820.429	188	3.125	879902919954634794	879900652329342740	879900652325148435	14105	
1	C37H56N8O9	[M + H]+	C37H57N8O9+		0.503	132.532	132.532	0.000	47	0.951	0.162	1.642	8.051		757.430	205	3.410	879902544010778601	879900650811004664	879900650806810359	8314	
1	C68H84N4O9	[M + H]+	C68H85N4O9+		0.294	78.421	78.421	0.000	15	0.544	0.615	3.029	4.442		1101.636	254	4.229	879901047277590409	879900651230435072	879900651222046463	9887	
1	C30H46N4O9	[M + H]+	C30H47N4O9+		0.678	88.507	88.507	0.000	23	0.742	1.493	1.660	2.049		607.335	255	4.245	879902664949340147	879900653591828272	879900653587633967	26486	
1	C62H80N4O8	[M + Na]+	C62H80N4NaO8+		0.518	55.373	55.373	0.000	14	0.804	1.126	2.957	-0.035		1031.587	257	4.291	879902475295496136	879900650588706548	879900650584512243	7422	
1	C13H15N7O3S	[M + H]+	C13H16N7O3S+		0.526	7.714	7.714	0.000	4	0.140	-14.388	14.388	-7.669		350.100	277	4.619	879902705340487678	879900652694247196	879900652690052891	15968	
1	C20H43NO3	[M + H]+	C20H44NO3+		1.000	36.999	36.999	0.000	7	0.676	1.070	2.396	0.662		346.332	398	6.631	879902835292608533	879900653621188404	879900653616994099	30684	
1	C22H39N3O3	[M + H]+	C22H40N3O3+		1.000	51.569	51.569	0.000	8	0.906	1.221	2.056	0.207		394.307	407	6.787	879902833065433098	879900652090267408	879900652081878799	13128	
1	C17H36O3	[M + H]+	C17H37O3+		1.000	48.901	48.901	0.000	6	0.844	1.437	1.437	-2.494		289.273	475	7.916	879902870956775456	879900653059151652	879900653054957347	18682	
1	C22H47O5	[M + H]+	C22H48O5+		0.561	51.580	51.580	0.000	6	0.683	0.346	1.044	-9.242		392.346	489	8.142	879902964225513525	879900653226923816	879900653222729511	20866	
1	C24H50N2O4	[M + H]+	C24H51N2O4+		1.000	143.190	143.190	0.000	18	0.642	3.548	3.548	-4.021		431.383	495	8.258	879903196241831751	879900652518086424	879900652505503511	14957	
1	C42H66N2O10	[M + H]+	C42H67N2O10+		0.605	42.630	42.630	0.000	11	0.558	0.250	3.988	3.130		759.481	497	8.290	879903353935087323	879900653411473196	879900653407278891	23060	
1	C42H76NO8P	[M + Na]+	C42H76NNaO8P+		1.000	15.164	15.164	0.000	3	0.680	1.522	1.522	-3.446		776.517	639	10.651	879903242383370191	879900651846997772	879900651838609163	12265	
1	C6H10BBr2NO4	[M + H]+	C6H11BBr2NO4+		0.512	36.503	36.503	0.000	18	0.955	6.085	6.085	-3.559		328.917	655	10.914	879903279444248184	879900649921812200	879900649913423591	5452	
1	C24H34N4O4	[M + H]+	C24H35N4O4+		0.608	46.005	46.005	0.000	14	0.888	0.013	1.007	8.613		443.269	40	0.666	879903703010951588	879903496542142683	879903496508588250	586	
1	C14H21N3O7	[M + H]+	C14H22N3O7+		1.000	182.184	182.184	0.000	47	0.942	1.327	1.543	0.214		344.145	42	0.697	879903583976604027	879903498903535883	879903498899341578	7423	
1	C14H25N3O5	[M + Na]+	C14H25N3NaO5+		0.700	106.863	106.863	0.000	31	0.958	-1.544	3.456	0.468		338.169	42	0.707	879903551659491696	879903496898658527	879903496886075614	1374	
1	C10H19N7O3	[M + H]+	C10H20N7O3+		0.987	45.306	45.306	0.000	15	0.924	2.123	2.123	7.989		286.165	47	0.784	879903959593304557	879903497519415531	879903497511026922	2897	
1	C41H43N3O7	[M + H]+	C41H44N3O7+		0.643	178.804	178.804	0.000	51	0.972	0.289	1.722	9.014		690.324	57	0.951	879903922083643875	879903497104179427	879903497099985122	1912	
1	C26H41N5O7	[M + H]+	C26H42N5O7+		0.743	46.447	46.447	0.000	14	0.758	2.931	2.931	-2.937		536.306	61	1.023	879903780563632579	879903501231374659	879903501227180354	23119	
1	C27H38N4O7	[M + H]+	C27H39N4O7+		0.782	210.051	210.051	0.000	53	0.966	1.422	2.488	-7.954		531.277	80	1.339	879904549752848923	879903501109739839	879903501105545534	20947	
1	C9H18N2O2	[M + H]+	C9H19N2O2+		1.000	27.548	27.548	0.000	3	0.789	0.762	0.762	-0.557		187.144	92	1.538	879904071514112535	879903500979716411	879903500975522106	18708	
1	C17H15Br2ClN6O5S2	[M + K]+	C17H15Br2ClKN6O5S2+		0.533	20.105	20.105	0.000	8	0.633	-0.372	1.281	-5.774		678.819	100	1.663	879903601479434629	879903501386563919	879903501386563918	36507	
1	C12H24N6O3	[M + H]+	C12H25N6O3+		0.773	119.179	119.179	0.000	37	0.847	4.867	4.867	6.424		301.200	112	1.869	879903737857229241	879903500707086643	879903500702892338	15993	
1	C20H36N2O4	[M + Na]+	C20H36N2NaO4+		0.997	137.156	137.156	0.000	39	0.744	0.092	2.865	-7.740		391.254	116	1.933	879903642139017615	879903497896902899	879903497892708594	3829	
1	C18H26N4O5	[M + H]+	C18H27N4O5+		0.996	57.067	57.067	0.000	15	0.910	1.244	2.056	-1.836		379.197	133	2.210	879903690511925658	879903499385880855	879903499381686550	9899	
1	CHBr2IO2	[M + Na]+	CHBr2INaO2+		0.727	-2.001	-2.001	0.000	0	0.000	-7.434	7.434	-7.718		352.725	143	2.382	879903536409002342	879903498408607999	879903498404413694	5458	
1	C70H89N3O14	[M + H]+	C70H90N3O14+		0.585	44.437	44.437	0.000	18	0.787	1.859	2.413	-13.146		1196.626	155	2.577	879903858288280013	879903498236641531	879903498232447226	4939	
1	C24H34N4O7	[M + H]+	C24H35N4O7+		0.783	23.127	23.127	0.000	9	0.953	1.085	1.881	4.629		491.252	165	2.753	879903712641073582	879903501348815175	879903501344620870	26494	
1	C23H38N6O6	[M + H]+	C23H39N6O6+		0.962	147.335	147.335	0.000	45	0.918	1.248	1.482	11.186		495.298	172	2.865	879903970246836728	879903500849692983	879903500841304374	17138	
1	C27H37Br4N7O6	[M + H]+	C27H38Br4N7O6+		0.502	41.101	41.101	0.000	18	0.743	1.256	1.608	4.178		871.965	198	3.294	879904060957049347	879903498739958023	879903498735763718	6754	
1	C54H80N18O13	[M + H]+	C54H81N18O13+		0.453	74.033	74.033	0.000	12	0.505	1.477	1.857	-10.929		1189.610	213	3.548	879904869300093500	879903499541070107	879903499536875802	10652	
1	C49H89N9O11	[M + K]+	C49H89KN9O11+		0.984	96.256	96.256	0.000	22	0.627	0.774	1.898	4.405		1018.636	215	3.578	879904668858499623	879903499067113743	879903499062919438	8323	
1	C35H35FN6O18S5	[M + H]+	C35H36FN6O18S5+		0.790	87.600	87.600	0.000	45	0.909	0.699	2.023	-1.209		1007.066	229	3.811	879903902290723288	879903497322283239	879903497313894630	2463	
1	C41H85N5O2	[M + H]+	C41H86N5O2+		1.000	51.516	51.516	0.000	30	0.765	0.036	6.348	11.307		680.685	233	3.876	879904070708806158	879903500413485355	879903500409291050	14107	
1	C52H81N5O11	[M + K]+	C52H81KN5O11+		0.396	84.216	84.216	0.000	31	0.880	0.619	1.512	5.031		990.561	234	3.904	879905181998040474	879903499977277727	879903499973083422	11469	
1	C16H20Br3ClN2O3S	[M + H]+	C16H21Br3ClN2O3S+		0.977	53.179	53.179	0.000	13	0.765	1.868	1.868	-8.272		592.846	247	4.115	879904678455067185	879903500560285999	879903500551897390	14960	
1	C34H50N8O11	[M + H]+	C34H51N8O11+		0.442	53.438	53.438	0.000	16	0.904	1.945	1.945	2.568		747.369	265	4.410	879905164822365584	879903501369786699	879903501369786698	30701	
1	C32H48N4O7	[M + H]+	C32H49N4O7+		0.353	65.375	65.375	0.000	17	0.886	0.572	1.264	4.030		601.362	275	4.582	879905219079882197	879903500119884067	879903500115689762	12307	
1	C28H48O5	[M + H3N + H]+	C28H52NO5+		1.000	24.424	24.424	0.000	5	0.561	0.683	1.841	-6.220	DG(18:1_7:2)	482.381	445	7.413	879905158069536143	879903497703964911	879903497695576302	3353	
1	C18H30O2	[M + H]+	C18H31O2+		1.000	299.097	299.097	0.000	48	0.889	2.973	2.973	-0.203		279.232	477	7.948	879905193150694820	879903500266684711	879903500262490406	13135	
1	C40H79NO9	[M + K]+	C40H79KNO9+		1.000	103.389	103.389	0.000	20	0.718	7.118	7.118	2.854		756.541	512	8.530	879905248062522962	879903499230691603	879903499226497298	9094	
1	C44H86N2O2	[M + H]+	C44H87N2O2+		0.994	112.176	112.176	0.000	42	0.865	2.063	2.181	1.914		675.678	525	8.752	879905203699369391	879903498576380163	879903498567991554	6065	
1	C61H109N13O18	[M + K]+	C61H109KN13O18+		0.687	71.995	71.995	0.000	32	0.841	1.404	1.859	7.765		1350.775	642	10.694	879905422260356732	879903498064675063	879903498060480758	4340	
1	C15H17I3N2O7	[M + H]+	C15H18I3N2O7+		1.000	86.122	86.122	0.000	26	0.604	1.387	1.580	2.405		718.826	38	0.636	879905614533346058	879905514801185398	879905514796991093	2465	
1	C12H19FN2O3	[M + H]+	C12H20FN2O3+		1.000	138.505	138.505	0.000	37	0.714	0.340	3.112	-4.813		259.144	39	0.646	879905884063515450	879905516986417858	879905516982223553	15994	
1	C13H22FN3O4	[M + H]+	C13H23FN3O4+		1.000	187.351	187.351	0.000	48	0.957	0.615	1.739	-2.666		304.166	46	0.768	879905563253785344	879905518089519834	879905518085325529	30721	
1	C13H24N6O3S	[M + Na]+	C13H24N6NaO3S+		0.488	81.897	81.897	0.000	35	0.949	0.819	2.500	-1.581		367.152	54	0.907	879906743149249417	879905516457935534	879905516453741229	11473	
1	C10H18N2O2S2	[M + H]+	C10H19N2O2S2+		0.954	55.752	55.752	0.000	11	0.951	0.862	1.331	-11.959		263.085	68	1.133	879905551983690485	879905516885754558	879905516881560253	14961	
1	C7H11Br4NO3	[M + Na]+	C7H11Br4NNaO3+		0.714	62.393	62.393	0.000	15	0.218	1.313	4.636	-4.967		495.734	73	1.209	879906706499421036	879905515686183570	879905515681989265	6069	
1	C25H34N2O6S	[M + H]+	C25H35N2O6S+		0.710	84.983	84.983	0.000	30	0.945	1.407	1.532	-7.195		491.218	94	1.566	879905673735947029	879905517095469766	879905517091275461	17142	
1	C35H50N5O8	[M + Na]+	C35H50N5NaO8+		0.572	64.916	64.916	0.000	12	0.542	-5.559	5.559	-2.400		691.354	97	1.619	879905849259180843	879905516659262134	879905516655067829	13138	
1	C33H48N6O6	[M + K]+	C33H48KN6O6+		0.447	63.245	63.245	0.000	26	0.923	0.834	1.794	-5.866		663.323	102	1.695	879905794276049695	879905517577814730	879905517573620425	18716	
1	C6H9Br4NO2	[M + H]+	C6H10Br4NO2+		1.000	29.684	29.684	0.000	7	0.172	2.667	2.667	-2.599		443.743	104	1.736	879905795676947241	879905514658579058	879905514650190449	1917	
1	C28H36N4O6	[M + H]+	C28H37N4O6+		0.845	51.135	51.135	0.000	16	0.861	0.609	0.834	-4.305		525.269	132	2.199	879906165572617048	879905516768314042	879905516764119737	14121	
1	C13H26N6O3	[M + H]+	C13H27N6O3+		0.960	70.865	70.865	0.000	22	0.954	1.362	1.362	-8.931		315.211	134	2.236	879906726049071999	879905515572937358	879905515568743053	5460	
1	C19H33N3O5Si	[M + H]+	C19H34N3O5Si+		0.866	126.280	126.280	0.000	37	0.963	0.899	1.899	4.551		412.228	136	2.268	879906760262009748	879905517988856530	879905517984662225	23168	
1	C3H6Br4N4O2	[M + H]+	C3H7Br4N4O2+		1.000	17.314	17.314	0.000	6	0.038	17.402	17.402	-2.911		446.728	139	2.318	879905852962751286	879905515090592382	879905515082203773	3354	
1	C37H56N10O12	[M + H]+	C37H57N10O12+		0.826	59.943	59.943	0.000	14	0.887	0.451	3.078	6.607		833.421	149	2.477	879906128050373454	879905516562793138	879905516558598833	12311	
1	C32H46N6O12	[M + H]+	C32H47N6O12+		0.811	119.775	119.775	0.000	44	0.929	0.843	1.805	-3.743		707.322	151	2.509	879906605014041442	879905514209788522	879905514180428393	593	
1	C39H56N6O10	[M + H]+	C39H57N6O10+		0.687	138.291	138.291	0.000	52	0.973	0.112	1.671	0.951		769.414	161	2.691	879906717199090547	879905514486612590	879905514478223981	1375	
1	C10H4Br4	[M + H]+	C10H5Br4+		0.500	0.391	0.391	0.000	0	0.000			-7.772		440.709	173	2.891	879906717878567805	879905515929453210	879905515925258905	7424	
1	C35H60N12O6	[M + K]+	C35H60KN12O6+		0.408	70.383	70.383	0.000	40	0.958	1.499	1.839	0.848		783.440	187	3.114	879905893286789956	879905515333862022	879905515329667717	4342	
1	C31H51N5O7	[M + K]+	C31H51KN5O7+		0.336	127.985	127.985	0.000	43	0.932	0.868	1.680	-0.477		644.342	242	4.037	879907994020725835	879905516055282334	879905516051088029	8325	
1	C20H25NO5	[M + H]+	C20H26NO5+		0.885	65.416	65.416	0.000	9	0.437	2.109	2.109	-1.803		360.180	403	6.717	879906978999157665	879905515212227202	879905515208032897	3838	
1	C42H80N4O6	[M + Na]+	C42H80N4NaO6+		0.219	21.240	21.240	0.000	3	0.203	-9.398	9.398	-9.093		759.590	478	7.964	879907045902500779	879905516357272234	879905516353077929	10656	
1	C44H71N7O5	[M + H]+	C44H72N7O5+		0.482	36.868	36.868	0.000	11	0.411	0.721	1.689	5.465		778.563	484	8.072	879907248642573240	879905515455496842	879905515451302537	4943	
1	C42H63N3O6	[M + H]+	C42H64N3O6+		0.652	32.280	32.280	0.000	6	0.347	-0.663	2.208	8.403		706.485	510	8.498	879907486128260137	879905516269191846	879905516264997541	9902	
1	C44H83NO7	[M + H]+	C44H84NO7+		0.814	7.128	7.128	0.000	4	0.180	3.358	3.497	-5.051		738.621	608	10.131	879908009808086418	879905517795918542	879905517791724237	20958	
1	C41H74NO8P	[M + H]+	C41H75NO8P+		1.000	89.368	89.368	0.000	23	0.728	2.754	3.485	-4.431		740.519	652	10.860	879908018192500124	879905518068548310	879905518068548309	26503	
1	C21H31F2I3N4O5	[M + H]+	C21H32F2I3N4O5+		0.282	46.673	46.673	0.000	10	0.557	1.804	1.804	-0.294		838.947	60	1.000	879908386321813320	879908307833802525	879908307829608220	18738	
1	C25H41N5O12	[M + H]+	C25H42N5O12+		0.997	145.123	145.123	0.000	45	0.941	1.145	1.574	-1.404		604.282	61	1.013	879910454617001988	879908305724067557	879908305715678948	6072	
1	C9H13ClN2O4	[M + H]+	C9H14ClN2O4+		0.405	47.402	47.402	0.000	14	0.507	0.862	2.927	-6.268		249.062	61	1.025	879909590124810169	879908307582144277	879908307577949972	16008	
1	C13H23NO2	[M + H]+	C13H24NO2+		1.000	223.762	223.762	0.000	38	0.742	1.966	2.224	-1.129		226.180	64	1.067	879909200016789400	879908307099799309	879908307095605004	14132	
1	C22H40N6O10	[M + Na]+	C22H40N6NaO10+		0.931	163.914	163.914	0.000	54	0.970	1.672	1.981	4.005		571.272	78	1.300	879908855546990428	879908308194512685	879908308190318380	30785	
1	C26H40N6O7	[M + H]+	C26H41N6O7+		0.974	106.832	106.832	0.000	39	0.787	1.206	1.688	-12.787		549.296	98	1.628	879908686394904402	879908304746794701	879908304738406092	2903	
1	C13H14N4O3S	[M + H]+	C13H15N4O3S+		1.000	49.122	49.122	0.000	12	0.870	1.711	1.753	-1.100		307.086	126	2.108	879908878204620646	879908306571316989	879908306567122684	10671	
1	C2HNO8S6	[M + K]+	C2HKNO8S6+		0.347	-0.845	-0.845	0.000	0	0.000			-14.582		397.760	133	2.215	879908921481449328	879908305426271965	879908305422077660	4949	
1	C20H31N3O8	[M + H]+	C20H32N3O8+		0.984	189.309	189.309	0.000	53	0.974	0.969	1.909	0.698		442.219	134	2.229	879909356564991906	879908304939732689	879908304935538384	3355	
1	C18H32N4O5	[M + H]+	C18H33N4O5+		0.997	101.766	101.766	0.000	27	0.914	0.570	1.123	1.437		385.245	137	2.279	879908959599284090	879908305581461217	879908305573072608	5461	
1	C33H61N5O11	[M + K]+	C33H61KN5O11+		0.789	183.182	183.182	0.000	51	0.961	1.306	1.690	-0.425		742.400	138	2.298	879909764876292070	879908307464703761	879908307456315152	14967	
1	C16H27N3O4	[M + H]+	C16H28N3O4+		0.763	111.363	111.363	0.000	27	0.902	1.035	1.913	-1.633		326.207	140	2.339	879908971968286596	879908308060294949	879908308060294948	23182	
1	C28H45N5O5	[M + Na]+	C28H45N5NaO5+		0.591	117.627	117.627	0.000	51	0.948	-0.398	2.399	10.481		554.337	157	2.609	879909187752644494	879908303807270589	879908303769521852	599	
1	C34H49N5O8	[M + H]+	C34H50N5O8+		0.526	60.155	60.155	0.000	17	0.776	2.262	2.262	-7.603		656.360	163	2.722	879909648538882000	879908306969775881	879908306965581576	13142	
1	C14H28N6O4	[M + H]+	C14H29N6O4+		0.922	76.881	76.881	0.000	22	0.976	0.840	1.658	-5.445		345.223	163	2.722	879909585519464366	879908305858285289	879908305854090984	6759	
1	HNO4S8	[M + K]+	HKNO4S8+		0.394	-4.142	-4.142	0.000	0	0.000			0.847		373.731	189	3.157	879909600673484740	879908304369307333	879908304365113028	1922	
1	C42H85NO3	[M + H]+	C42H86NO3+		1.000	41.280	41.280	0.000	14	0.686	-4.881	8.233	0.579		652.661	193	3.212	879909601571065806	879908307707973401	879908307703779096	17156	
1	C51H82N8O17	[M + H]+	C51H83N8O17+		0.992	45.025	45.025	0.000	17	0.738	1.516	1.519	11.884		1079.600	230	3.827	879909962205712378	879908306307075829	879908306302881524	9113	
1	C43H34N8O13S6	[M + Na]+	C43H34N8NaO13S6+		0.985	37.867	37.867	0.000	14	0.727	0.655	1.586	6.378		1085.053	234	3.903	879909763903213531	879908308173541161	879908308169346856	26510	
1	C31H50N6O9	[M + H]+	C31H51N6O9+		0.933	69.868	69.868	0.000	13	0.936	1.913	1.913	3.986		651.374	266	4.433	879909797222764528	879908306705534721	879908306701340416	11476	
1	C21H33NO3	[M + H]+	C21H34NO3+		0.998	53.457	53.457	0.000	14	0.924	2.081	2.081	-0.058		348.253	453	7.548	879910494118957071	879908306441293561	879908306432904952	9903	
1	C22H46O5	[M + Na]+	C22H46NaO5+		0.316	4.205	4.205	0.000	0	0.000	-3.255	3.255	-4.223		413.322	487	8.117	879910714965839899	879908305275277017	879908305266888408	4347	
1	C33H65N7O6	[M + H]+	C33H66N7O6+		0.560	17.452	17.452	0.000	7	0.390	5.217	8.657	4.556		656.510	495	8.255	879910932679577638	879908308211289905	879908308207095600	36612	
1	C63H104O22	[M + H]+	C63H105O22+		0.872	53.247	53.247	0.000	21	0.705	4.548	4.548	1.317		1213.711	496	8.260	879911188817339608	879908305120087765	879908305115893460	3840	
1	C22H27N5O	[M + H]+	C22H28N5O+		0.853	23.436	23.436	0.000	8	0.789	3.599	5.632	-0.626		378.229	512	8.527	879911049981677635	879908306839752453	879908306835558148	12321	
1	C48H77N3O6	[M + Na]+	C48H77N3NaO6+		0.644	60.095	60.095	0.000	19	0.737	1.299	2.550	-4.982		814.566	530	8.826	879911162493887693	879908304562245321	879908304553856712	2469	
1	C20H31N5O5S	[M + H]+	C20H32N5O5S+		0.664	53.247	53.247	0.000	16	0.761	1.233	2.027	4.917		454.214	47	0.779	879911482089230678	879911410744119497	879911410739925192	3363	
1	C45H66N8O12	[M + H]+	C45H67N8O12+		0.486	32.734	32.734	0.000	16	0.746	0.783	2.024	0.443		911.488	55	0.910	879912104922403302	879911411280990425	879911411276796120	5465	
1	C42H65N9O12	[M + H]+	C42H66N9O12+		0.328	16.069	16.069	0.000	8	0.961	1.860	1.860	-0.838		888.482	82	1.362	879911644501070199	879911412052742385	879911412048548080	9906	
1	C17H30N4O7	[M + H]+	C17H31N4O7+		0.994	98.313	98.313	0.000	29	0.958	1.145	1.818	-2.296		403.218	84	1.402	879912072374604252	879911412417646845	879911412417646844	12329	
1	C27H47N3O7	[M + H]+	C27H48N3O7+		0.998	146.543	146.543	0.000	52	0.962	-0.574	2.181	-13.826		526.341	94	1.570	879911853360632254	879911410114973881	879911410106585272	1394	
1	C12H21N3O5S	[M + H]+	C12H22N3O5S+		0.533	145.589	145.589	0.000	46	0.913	0.570	2.109	-11.459		320.124	104	1.741	879911458408190284	879911411796889833	879911411796889832	8330	
1	C6H9N3O3S	[M + H]+	C6H10N3O3S+		0.708	37.995	37.995	0.000	14	0.784	-1.659	9.657	3.732		204.045	128	2.131	879911659093053845	879911411671060709	879911411666866404	7433	
1	C4O7S6	[M + K]+	C4KO7S6+		0.216	-1.307	-1.307	0.000	0	0.000			-13.017		390.755	133	2.210	879911877368828360	879911410450518209	879911410446323904	2470	
1	C59H88N14O17	[M + K]+	C59H88KN14O17+		0.641	86.836	86.836	0.000	27	0.732	3.049	3.170	-7.936		1303.598	133	2.212	879912361227932156	879911410282746045	879911410278551740	1929	
1	C13H23N5O5	[M + H]+	C13H24N5O5+		0.993	96.712	96.712	0.000	28	0.839	-0.043	2.496	-9.980		330.174	161	2.690	879911452380975425	879911409850732725	879911409825566900	607	
1	C12H24N2O3	[M + H]+	C12H25N2O3+		1.000	81.409	81.409	0.000	14	0.822	0.609	1.074	0.942		245.186	175	2.911	879911649106416011	879911413499777317	879911413495583012	30851	
1	C29H49N3O5	[M + K]+	C29H49KN3O5+		0.668	86.419	86.419	0.000	33	0.940	1.004	1.680	-0.143		558.330	197	3.286	879911727476986282	879911412648333573	879911412648333572	14133	
1	C41H48N4O6	[M + H]+	C41H49N4O6+		0.454	91.496	91.496	0.000	31	0.814	0.739	1.082	1.642		693.366	208	3.470	879912208647541233	879911411419402461	879911411415208156	6073	
1	C37H64N8O9	[M + H]+	C37H65N8O9+		0.990	117.582	117.582	0.000	40	0.927	1.174	1.750	-1.048		765.486	213	3.550	879912051092705746	879911412870631693	879911412866437388	16028	
1	C13H27N7O5	[M + H]+	C13H28N7O5+		0.965	66.857	66.857	0.000	23	0.840	0.819	1.789	-1.776		362.214	216	3.596	879911504025440609	879911411016749265	879911411012554960	4356	
1	C14H23Br4FN2O4	[M + H]+	C14H24Br4FN2O4+		0.991	62.289	62.289	0.000	25	0.709	-0.777	4.525	2.407		618.846	220	3.666	879911678529458591	879911411545231585	879911411541037280	6768	
1	C38H62N4O10	[M + K]+	C38H62KN4O10+		0.638	106.991	106.991	0.000	33	0.884	0.364	1.372	3.294		773.412	229	3.815	879911644543013249	879911412761579785	879911412753191176	14969	
1	C51H104N4O4	[M + H]+	C51H105N4O4+		1.000	64.496	64.496	0.000	23	0.736	0.930	1.728	-6.367		837.808	264	4.405	879911765498352052	879911411922718957	879911411922718956	9119	
1	C28H49NO7	[M + H]+	C28H50NO7+		0.982	48.818	48.818	0.000	7	0.825	-0.035	1.155	0.626		512.359	352	5.872	879911519556948332	879911413508165929	879911413508165928	36641	
1	C16H31N4O10P	[M + H]+	C16H32N4O10P+		0.492	38.991	38.991	0.000	6	0.569	0.638	1.099	-5.637		471.182	399	6.652	879912374146388488	879911412182765813	879911412178571508	10682	
1	C24H49NO10	[M + Na]+	C24H49NNaO10+		0.161	16.762	16.762	0.000	3	0.344	-1.707	5.300	-5.367		534.322	414	6.905	879912385605227036	879911412304400633	879911412300206328	11477	
1	C18H38O4	[M + Na]+	C18H38NaO4+		0.586	4.445	4.445	0.000	0	0.000	-0.675	0.675	-1.554		341.266	461	7.684	879912378319720978	879911412983877905	879911412979683600	17166	
1	C28H55NO6	[M + Na]+	C28H55NNaO6+		0.932	30.759	30.759	0.000	6	0.770	-2.921	2.921	3.892		524.394	469	7.811	879912399186383399	879911411150966997	879911411146772692	4950	
1	C25H44N2O5	[M + H]+	C25H45N2O5+		0.894	68.525	68.525	0.000	13	0.927	1.447	1.656	4.855		453.335	480	8.003	879912543172645621	879911413487194401	879911413483000096	26541	
1	C23H43NO6	[M + H]+	C23H44NO6+		0.963	49.836	49.836	0.000	6	0.799	2.831	2.831	4.614		430.318	481	8.020	879912559622708614	879911410601513157	879911410597318852	2923	
1	C43H72O5	[M + Na]+	C43H72NaO5+		1.000	78.588	78.588	0.000	13	0.472	5.303	5.303	-1.874	DG(24:6_16:0)	691.526	486	8.095	879912546263847680	879911410882531533	879911410878337228	3850	
1	C46H68N2O7	[M + H]+	C46H69N2O7+		0.724	58.313	58.313	0.000	11	0.434	-0.067	0.729	-3.715		761.507	487	8.113	879912651746402721	879911413432668445	879911413428474140	23183	
1	C30H60O9	[M + H]+	C30H61O9+		0.946	91.967	91.967	0.000	18	0.757	2.814	3.254	0.513		565.431	507	8.442	879912604170411479	879911412535087361	879911412530893056	13155	
1	C24H45N3O4	[M + Na]+	C24H45N3NaO4+		0.843	120.056	120.056	0.000	41	0.842	0.282	1.964	13.783		462.337	40	0.668	879913457070974861	879912932095108824	879912932090914519	3364	
1	C7H14NO2	[M + Na]+	C7H14NNaO2+		1.000	54.339	54.339	0.000	9	0.760	18.077	18.077	-10.021		167.090	49	0.814	879914329687533476	879912934095791924	879912934095791923	30946	
1	C20H33N5O6S	[M + H]+	C20H34N5O6S+		1.000	223.441	223.441	0.000	54	0.932	0.645	1.550	9.675		472.227	49	0.822	879915300970899458	879912931994445524	879912931990251219	2925	
1	C22H42N8O6S	[M + H]+	C22H43N8O6S+		0.789	145.929	145.929	0.000	44	0.861	1.194	1.936	-4.346		547.300	54	0.897	879913804975908760	879912932199966428	879912932195772123	3856	
1	C31H43N5O6	[M + H]+	C31H44N5O6+		0.825	39.923	39.923	0.000	19	0.877	1.420	1.681	-4.483		582.326	64	1.063	879913265529694062	879912933579892504	879912933571503895	14986	
1	C26H35N5O8	[M + H]+	C26H36N5O8+		0.690	174.200	174.200	0.000	55	0.969	1.382	1.946	1.209		546.257	64	1.068	879913223389521753	879912933844133668	879912933844133667	18766	
1	C19H26N4O5	[M + H]+	C19H27N4O5+		0.990	135.342	135.342	0.000	42	0.927	0.930	1.799	0.265		391.198	76	1.273	879913007840044879	879912933932214056	879912933932214055	21020	
1	C22H41N9O7	[M + H]+	C22H42N9O7+		0.969	169.120	169.120	0.000	50	0.939	1.253	1.765	-4.356		544.318	83	1.389	879913245183125348	879912933684750108	879912933680555803	16051	
1	C22H32N4O5	[M + H]+	C22H33N4O5+		0.984	67.704	67.704	0.000	22	0.928	1.007	1.078	-5.878		433.242	86	1.440	879913275461805944	879912932506150632	879912932501956327	5472	
1	C22H23Br3N2O10	[M + Na]+	C22H23Br3N2NaO10+		0.693	90.294	90.294	0.000	36	0.787	-0.413	3.146	-7.623		734.874	133	2.222	879915240015079405	879912933068187392	879912933063993087	9922	
1	C18H26Br4N2O6	[M + H]+	C18H27Br4N2O6+		0.572	82.102	82.102	0.000	18	0.589	-0.032	2.384	-7.339		682.855	179	2.988	879914405658961838	879912932300629728	879912932296435423	4365	
1	C46H55N5O9	[M + H]+	C46H56N5O9+		0.728	93.695	93.695	0.000	34	0.951	0.482	1.651	3.216		822.410	187	3.112	879914948972324801	879912932791363316	879912932791363315	7437	
1	C49H76N8O15	[M + H]+	C49H77N8O15+		0.418	53.077	53.077	0.000	24	0.832	1.092	1.323	-1.759		1017.549	213	3.543	879913327253071746	879912932887832312	879912932887832311	8332	
1	C46H98N4O4	[M + H]+	C46H99N4O4+		1.000	80.783	80.783	0.000	43	0.917	0.688	1.543	-10.993		771.758	215	3.590	879914964164093899	879912933491812116	879912933487617811	14137	
1	C32H51N5O7	[M + H]+	C32H52N5O7+		0.818	105.480	105.480	0.000	35	0.827	0.862	1.772	-1.658		618.385	223	3.717	879915051447560161	879912933403731728	879912933403731727	13171	
1	C12H19Br4NO2	[M + H]+	C12H20Br4NO2+		0.897	42.155	42.155	0.000	10	0.550	2.428	2.428	-14.271		525.815	234	3.908	879914591441463226	879912933764441888	879912933760247583	17169	
1	C35H52N4O15	[M + H]+	C35H53N4O15+		0.191	55.974	55.974	0.000	14	0.701	0.840	1.315	1.568		769.351	253	4.223	879915031889520598	879912933231765256	879912933227570951	11478	
1	C15H24O5	[M + H]+	C15H25O5+		1.000	182.106	182.106	0.000	34	0.901	2.115	2.118	3.330		285.171	279	4.649	879915262827898871	879912933319845644	879912933315651339	12331	
1	C53H100N4O14	[M + Na]+	C53H100N4NaO14+		0.051	36.968	36.968	0.000	6	0.657	0.365	0.847	-0.312		1039.713	423	7.048	879915350551767052	879912932598425324	879912932594231019	6078	
1	C42H74O6	[M + K]+	C42H74KO6+		0.585	192.685	192.685	0.000	42	0.898	1.582	1.852	-3.501		713.509	484	8.068	879915733474945051	879912932980107004	879912932975912699	9120	
1	C12H26N4	[M + H]+	C12H27N4+		1.000	10.155	10.155	0.000	3	0.015	-0.116	1.529	-11.985		227.220	638	10.625	879915568215173146	879912934007711532	879912934007711531	23186	
1	C5H5Cl2NO	[M + H]+	C5H6Cl2NO+		0.999	21.623	21.623	0.000	5	0.133	4.039	7.901	6.051		165.983	651	10.856	879915770049275942	879912933143684868	879912933139490563	10686	
1	C21H40N2O10	[M + K]+	C21H40KN2O10+		0.675	103.598	103.598	0.000	33	0.991	-6.119	6.119	13.378		519.238	37	0.619	879917605212783938	879916950007973058	879916950003778753	8333	
1	C22H35N5O11	[M + H]+	C22H36N5O11+		0.965	67.719	67.719	0.000	23	0.961	1.010	1.110	5.889		546.244	39	0.652	879917064139179300	879916946920965262	879916946870633613	624	
1	C19H28N4O7	[M + H]+	C19H29N4O7+		0.815	50.085	50.085	0.000	14	0.743	0.619	1.842	-8.174		425.200	41	0.683	879918269443736962	879916951492756714	879916951488562409	17182	
1	C32H47N7O9	[M + Na]+	C32H47N7NaO9+		0.797	77.757	77.757	0.000	25	0.850	0.553	1.458	-5.668		696.329	52	0.872	879917612334712140	879916951362733286	879916951358538981	16072	
1	C23H40N6O9	[M + Na]+	C23H40N6NaO9+		0.814	45.300	45.300	0.000	21	0.748	-0.164	3.391	-4.403		567.272	55	0.918	879919530310239661	879916949651457210	879916949643068601	6780	
1	C34H51N7O11	[M + Na]+	C34H51N7NaO11+		0.293	32.296	32.296	0.000	16	0.958	-0.844	2.868	7.435		756.360	56	0.939	879917121450149166	879916948267336866	879916948258948257	3371	
1	C19H35N3O6	[M + H]+	C19H36N3O6+		1.000	95.203	95.203	0.000	27	0.959	0.775	1.617	8.546		402.263	61	1.009	879919581090678200	879916951631168750	879916951626974445	18771	
1	C8H12N2O2	[M + H]+	C8H13N2O2+		1.000	183.160	183.160	0.000	28	0.376	0.862	2.754	3.820		169.098	69	1.148	879917132305007928	879916951907992822	879916951903798517	23194	
1	C30H43N9O12	[M + H]+	C30H44N9O12+		0.526	140.180	140.180	0.000	48	0.901	0.522	1.622	11.360		722.319	89	1.486	879918763268507031	879916950783919318	879916950779725013	12338	
1	C15H22N2O4	[M + H]+	C15H23N2O4+		1.000	72.260	72.260	0.000	19	0.952	2.182	2.587	3.274		295.166	104	1.734	879916983214277914	879916950330934474	879916950326740169	9950	
1	C45H63N13O11S2	[M + H]+	C45H64N13O11S2+		0.478	33.602	33.602	0.000	16	0.716	1.984	2.082	3.295		1026.432	106	1.771	879919747780707811	879916949471102134	879916949466907829	6079	
1	C10H21BFN3O4	[M + H]+	C10H22BFN3O4+		0.992	70.936	70.936	0.000	28	0.947	0.092	2.541	1.000		277.172	126	2.097	879918079034918261	879916947311035538	879916947298452625	1397	
1	C6H4Br3O3S	[M + K]+	C6H4Br3KO3S+		1.000	-5.824	-5.824	0.000	0	0.000			9.533		431.710	135	2.257	879918230247966081	879916951224321250	879916951215932641	14998	
1	C26H42N4O11	[M + H]+	C26H43N4O11+		0.633	140.483	140.483	0.000	46	0.917	1.549	1.862	-2.017		587.291	150	2.500	879918054649234795	879916951769580786	879916951765386481	21066	
1	C40H85N3O	[M + Na]+	C40H85N3NaO+		1.000	129.571	129.571	0.000	36	0.764	-4.616	6.627	2.652		646.660	185	3.085	879917616042476886	879916947579470998	879916947571082389	1931	
1	C46H64N10O14	[M + K]+	C46H64KN10O14+		0.393	95.670	95.670	0.000	30	0.896	0.988	1.589	-0.888		1019.423	185	3.090	879917965964871009	879916947822740634	879916947814352025	2483	
1	C27H50N8O6	[M + Na]+	C27H50N8NaO6+		0.956	108.564	108.564	0.000	39	0.928	0.615	2.275	0.079		605.375	216	3.599	879918297906283916	879916948464469158	879916948456080549	3862	
1	C38H49N5O5	[M + Na]+	C38H49N5NaO5+		0.727	99.357	99.357	0.000	42	0.955	0.978	1.652	3.847		678.365	246	4.108	879919236834788770	879916948657407146	879916948653212841	4372	
1	C37H51N9O9	[M + H]+	C37H52N9O9+		0.497	63.348	63.348	0.000	13	0.673	5.107	5.107	10.242		766.396	264	4.393	879919951435148088	879916951073326302	879916951069131997	14141	
1	C39H54N4O7	[M + H]+	C39H55N4O7+		0.651	59.325	59.325	0.000	18	0.838	2.011	2.777	-2.497		691.405	273	4.558	879919603484067277	879916950486123726	879916950481929421	10692	
1	C11H22N2O3	[M + H]+	C11H23N2O3+		1.000	25.472	25.472	0.000	6	0.054	7.417	7.417	18.951		231.175	340	5.667	879919597586875843	879916952042210554	879916952038016249	26585	
1	C26H47NO6	[M + H]+	C26H48NO6+		0.996	50.066	50.066	0.000	10	0.745	-0.035	1.499	4.008		470.350	406	6.772	879919645372581336	879916949831812286	879916949823423677	7440	
1	C21H40O4	[M + H]+	C21H41O4+		1.000	136.318	136.318	0.000	21	0.779	2.218	2.218	-2.060		357.299	455	7.580	879919899765507580	879916950930719962	879916950926525657	13174	
1	C14H28FN9O	[M + H]+	C14H29FN9O+		0.345	25.145	25.145	0.000	5	0.169	4.977	4.977	-4.358		358.246	481	8.009	879919989829807483	879916950171550918	879916950163162309	9121	
1	C47H75N3O8	[M + H]+	C47H76N3O8+		0.510	90.013	90.013	0.000	13	0.576	1.558	2.669	12.839		810.573	555	9.251	879920028677453222	879916952084153602	879916952079959297	36705	
1	C14H18N2O4	[M + H]+	C14H19N2O4+		0.920	90.488	90.488	0.000	24	0.936	2.855	2.855	1.671		279.134	59	0.979	879920262371367980	879920219241339917	879920219237145612	26660	
1	C19H33N5O6	[M + H]+	C19H34N5O6+		1.000	49.521	49.521	0.000	14	0.958	1.727	1.727	1.027		428.251	72	1.197	879922487940373612	879920219266505745	879920219262311440	31040	
1	C25H44N8O10	[M + H]+	C25H45N8O10+		1.000	180.066	180.066	0.000	52	0.950	1.621	2.119	4.672		617.328	91	1.516	879921005610425398	879920218503142393	879920218498948088	16075	
1	C5H11NO4PS5	[M + K]+	C5H11KNO4PS5+		0.714	70.590	70.590	0.000	13	0.479	2.229	2.229	5.853		378.868	96	1.594	879921048702704704	879920214216563617	879920214174620576	625	
1	C9H12N2O3S	[M + H]+	C9H13N2O3S+		0.981	51.931	51.931	0.000	8	0.943	0.862	1.244	-0.610		229.064	110	1.828	879922673035009173	879920216183692233	879920216175303624	6081	
1	C15H31N5O5	[M + K]+	C15H31KN5O5+		0.697	99.279	99.279	0.000	27	0.792	1.856	1.856	-11.687		400.191	110	1.828	879922706929179807	879920218968710149	879920218960321540	21080	
1	C10H16N2O5	[M + H]+	C10H17N2O5+		0.948	19.203	19.203	0.000	3	0.950	4.264	4.264	-0.808		245.113	131	2.178	879921826163088470	879920216477293521	879920216473099216	7444	
1	C29H36FN3O5	[M + Na]+	C29H36FN3NaO5+		0.935	172.253	172.253	0.000	55	0.975	-4.407	5.681	-2.408		548.252	131	2.184	879923534545050880	879920214782794665	879920214778600360	1939	
1	C17H23N3O3	[M + H]+	C17H24N3O3+		1.000	151.813	151.813	0.000	42	0.916	0.550	2.077	0.886		318.182	156	2.607	879922736373193907	879920217689447397	879920217681058788	11494	
1	C35H51N7O8	[M + H]+	C35H52N7O8+		0.998	167.745	167.745	0.000	52	0.962	0.066	1.783	0.876		698.388	183	3.055	879922478398332002	879920215516797881	879920215512603576	3863	
1	C32H48N6O8	[M + H]+	C32H49N6O8+		0.581	100.755	100.755	0.000	37	0.869	1.148	1.750	1.024		645.361	198	3.300	879921766482336843	879920214971538349	879920214963149740	2494	
1	C41H68N12O13	[M + H]+	C41H69N12O13+		0.630	65.771	65.771	0.000	18	0.734	1.888	1.973	10.713		937.520	212	3.531	879923021703306463	879920216036891589	879920216028502980	5482	
1	C32H51N9O8	[M + H]+	C32H52N9O8+		0.931	80.586	80.586	0.000	30	0.877	0.767	1.092	-7.874		690.388	219	3.650	879922663702682753	879920218331175925	879920218322787316	15003	
1	C48H71N5O14	[M + H]+	C48H72N5O14+		0.252	126.027	126.027	0.000	36	0.861	0.995	1.858	1.774		942.509	238	3.960	879922665992772747	879920218167598065	879920218163403760	14144	
1	C35H56N8O8	[M + H]+	C35H57N8O8+		0.415	60.864	60.864	0.000	23	0.817	0.057	1.552	-1.097		717.429	240	3.994	879922829239278781	879920217362291677	879920217358097372	9952	
1	C27H46N12O9	[M + H]+	C27H47N12O9+		0.818	33.487	33.487	0.000	14	0.919	1.968	2.103	5.638		683.362	253	4.217	879922728936692905	879920217844636649	879920217840442344	12340	
1	C35H52N6O9	[M + H]+	C35H53N6O9+		0.749	78.023	78.023	0.000	12	0.642	-0.292	2.170	-4.496		701.384	284	4.725	879922620966919287	879920218662525949	879920218658331644	17185	
1	C19H43N2O2	[M + H]+	C19H44N2O2+		1.000	19.059	19.059	0.000	6	0.034	3.915	3.970	12.246		332.344	423	7.058	879922829939727559	879920216338881485	879920216334687180	6788	
1	C16H31NO3	[M + H]+	C16H32NO3+		0.995	47.629	47.629	0.000	12	0.620	3.707	3.707	1.501		286.238	442	7.366	879922833106427082	879920218004020205	879920217999825900	13175	
1	C90H155N5O12	[M + Na]+	C90H155N5NaO12+		0.652	9.403	9.403	0.000	8	0.809	-0.541	6.654	-4.172		1521.150	445	7.416	879922919492312277	879920215328054197	879920215319665588	3372	
1	C24H14Cl6O9	[M + K]+	C24H14Cl6KO9+		0.779	110.627	110.627	0.000	12	0.684	2.161	2.161	12.584		694.849	460	7.671	879923183515360490	879920218813520897	879920218809326592	18777	
1	C15H27N3O2	[M + H]+	C15H28N3O2+		0.762	41.357	41.357	0.000	7	0.109	4.469	4.469	11.326		282.221	492	8.199	879923483173215478	879920219283282965	879920219279088660	36757	
1	C30H51NO2	[M + H]+	C30H52NO2+		1.000	198.164	198.164	0.000	55	0.930	2.180	2.468	4.458		458.401	497	8.289	879923761444314648	879920217190325209	879920217186130904	9123	
1	C42H74O11	[M + H]+	C42H75O11+		1.000	97.069	97.069	0.000	22	0.748	7.422	7.422	8.220		755.537	512	8.525	879923835939352198	879920215726513085	879920215722318780	4381	
1	C38H75N7O5	[M + H]+	C38H76N7O5+		0.798	24.973	24.973	0.000	11	0.391	-0.104	3.222	3.877		710.593	515	8.578	879923793711099375	879920219107122185	879920219102927880	23195	
1	C42H76NO8P	[M + H]+	C42H77NO8P+		1.000	119.185	119.185	0.000	32	0.776	1.843	2.921	5.790		754.543	639	10.654	879923767828049390	879920217014164437	879920217005775828	8337	
1	C26H20N2O4	[M + K]+	C26H20KN2O4+		0.246	69.486	69.486	0.000	27	0.730	3.079	3.959	1.587		463.106	64	1.067	879925610936168544	879925130138906641	879925130130518032	9954	
1	C19H28I3N5O9	[M + H]+	C19H29I3N5O9+		0.771	34.390	34.390	0.000	8	0.420	4.240	4.240	0.707		851.910	122	2.028	879926072980697204	879925127509077981	879925127500689372	1940	
1	C28H43N5O8	[M + H]+	C28H44N5O8+		0.950	190.417	190.417	0.000	52	0.954	0.033	1.356	0.450		578.319	133	2.217	879926935417680030	879925127727181793	879925127722987488	2500	
1	C14H21N3O5	[M + H]+	C14H22N3O5+		1.000	80.556	80.556	0.000	13	0.953	1.868	2.023	5.455		312.157	135	2.257	879926415093297280	879925130977767465	879925130969378856	15006	
1	C20H27N5O4	[M + H]+	C20H28N5O4+		0.994	54.557	54.557	0.000	20	0.912	1.126	1.711	-2.439		402.213	146	2.439	879928056802603228	879925131745325125	879925131745325124	31041	
1	C32H47N7O10	[M + H]+	C32H48N7O10+		0.577	163.745	163.745	0.000	47	0.900	1.913	2.056	-3.936		690.343	170	2.839	879928216752386289	879925129987911693	879925129983717388	9132	
1	C31H52N6O14	[M + H]+	C31H53N6O14+		0.804	123.584	123.584	0.000	43	0.858	0.862	1.601	-6.582		733.357	181	3.015	879926898608468116	879925129224548353	879925129220354048	6790	
1	C38H58N8O10	[M + H]+	C38H59N8O10+		0.894	153.314	153.314	0.000	47	0.923	1.231	1.695	7.027		787.440	187	3.119	879927342374219964	879925128863838201	879925128859643896	5486	
1	C29H47N5O11	[M + H]+	C29H48N5O11+		0.713	80.859	80.859	0.000	30	0.845	0.695	1.805	-4.334		642.332	196	3.269	879928462643458334	879925129392320517	879925129388126212	7451	
1	C21H39N5O8	[M + H]+	C21H40N5O8+		0.306	120.646	120.646	0.000	39	0.914	0.074	1.468	0.327		490.287	208	3.463	879928364173783315	879925129044193277	879925129039998972	6084	
1	C23H32N4O5	[M + H]+	C23H33N4O5+		0.611	97.082	97.082	0.000	32	0.962	-0.742	1.560	1.018		445.245	229	3.817	879925673037033578	879925126947041237	879925126917681108	631	
1	C25H32Br2IN5O7	[M + Na]+	C25H32Br2IN5NaO7+		0.286	65.126	65.126	0.000	16	0.581	2.088	2.350	-1.023		821.960	254	4.227	879928027274703046	879925130428313625	879925130424119320	11502	
1	C31H30F18N4O8S2	[M + K]+	C31H30F18KN4O8S2+		1.000	63.897	63.897	0.000	14	0.774	0.818	1.636	-0.312		1031.085	259	4.324	879928149425418470	879925129799168009	879925129551704072	8340	
1	C18H35N3O4	[M + H]+	C18H36N3O4+		1.000	115.406	115.406	0.000	28	0.933	2.336	2.336	5.211		358.272	343	5.711	879926950114521264	879925130705137697	879925130700943392	13185	
1	C18H39NO3	[M + H]+	C18H40NO3+		1.000	22.581	22.581	0.000	4	0.727	1.245	1.245	1.035		318.301	346	5.766	879926937217036456	879925131762102345	879925131757908040	36822	
1	C26H43NO7	[M + K]+	C26H43KNO7+		0.895	185.804	185.804	0.000	43	0.886	1.081	1.821	0.748		520.268	396	6.595	879926518738743434	879925131107790893	879925131103596588	16076	
1	C6H14ClFN2O2	[M + Na]+	C6H14ClFN2NaO2+		0.960	54.873	54.873	0.000	17	0.771	-0.778	3.484	5.809		223.063	476	7.927	879928041430479058	879925131355254837	879925131351060532	18784	
1	C43H72O5	[M + H3N + H]+	C43H76NO5+		1.000	36.876	36.876	0.000	7	0.383	2.804	2.804	7.427	DG(16:0_24:6)	686.577	487	8.113	879928028423942353	879925130566725661	879925130562531356	12351	
1	C21H45NO4	[M + H]+	C21H46NO4+		1.000	88.715	88.715	0.000	12	0.657	3.295	3.641	-0.891		376.342	504	8.402	879928222133678332	879925131233620017	879925131229425712	17191	
1	C12H17N5O	[M + H]+	C12H18N5O+		0.775	23.804	23.804	0.000	3	0.703	-0.836	0.836	-11.230		248.148	507	8.442	879928248192889096	879925131606913085	879925131606913084	23257	
1	C47H84FN5O2	[M + H]+	C47H85FN5O2+		0.827	20.690	20.690	0.000	8	0.304	4.960	4.960	3.138		770.671	507	8.452	879928485384974632	879925130843549733	879925130839355428	14147	
1	C39H75NO10	[M + Na]+	C39H75NNaO10+		0.974	129.406	129.406	0.000	33	0.821	1.325	3.216	-6.777		740.523	507	8.453	879928855083516907	879925131485278265	879925131481083960	21117	
1	C24H47NO	[M + H]+	C24H48NO+		1.000	123.618	123.618	0.000	16	0.597	3.289	3.289	0.978		366.373	554	9.233	879928689647579987	879925131728547905	879925131724353600	26670	
1	C41H70NO8P	[M + Na]+	C41H70NNaO8P+		1.000	51.825	51.825	0.000	25	0.750	-0.053	2.754	7.218	PE 36:6	758.479	639	10.648	879928688427037522	879925130285707285	879925130281512980	10700	
1	C43H72NO8P	[M + Na]+	C43H72NNaO8P+		1.000	37.605	37.605	0.000	15	0.854	-0.225	2.045	-3.411	PE(14:4_24:3)	784.486	641	10.677	879928694030627670	879925128125640681	879925128117252072	3374	
1	C26H42N6O7	[M + K]+	C26H42KN6O7+		0.806	99.627	99.627	0.000	42	0.903	-0.057	3.399	-2.810		589.273	59	0.987	879933150487964305	879929839194007931	879929839185619322	7453	
1	C19H36N5O8PS	[M + H]+	C19H37N5O8PS+		0.944	104.454	104.454	0.000	33	0.862	1.887	1.964	0.765		526.210	80	1.334	879930283546962394	879929842536868271	879929842528479662	21121	
1	C8H21N2O3	[M + H]+	C8H22N2O3+		0.999	49.891	49.891	0.000	15	0.450	4.111	5.906	12.392		194.165	82	1.374	879931151621089809	879929842310375851	879929842306181546	18792	
1	C11H16N6O2	[M + H]+	C11H17N6O2+		0.945	30.789	30.789	0.000	8	0.977	2.684	2.684	3.959		265.142	94	1.565	879930541735733742	879929838007019883	879929837998631274	4973	
1	C20H34N4O5	[M + H]+	C20H35N4O5+		0.980	56.291	56.291	0.000	12	0.992	1.264	1.482	2.197		411.261	110	1.826	879931133354895878	879929840813009299	879929840804620690	12352	
1	C15H14BClF2N4O3	[M + Na]+	C15H14BClF2N4NaO3+		0.406	54.354	54.354	0.000	12	0.832	-9.104	9.104	-6.947		404.072	127	2.118	879931351592921635	879929841593149855	879929841572178334	15021	
1	C19H38N4O5	[M + Na]+	C19H38N4NaO5+		0.748	114.921	114.921	0.000	35	0.972	1.053	3.870	3.196		425.275	151	2.512	879932252084824668	879929834848708939	879929834794182986	637	
1	C28H50N8O11	[M + H]+	C28H51N8O11+		0.948	165.606	165.606	0.000	49	0.939	1.035	1.633	2.249		675.369	184	3.071	879931660721515067	879929837700835687	879929837692447078	4408	
1	C31H46N6O9	[M + H]+	C31H47N6O9+		0.574	137.475	137.475	0.000	44	0.868	0.982	1.456	-11.900		647.332	185	3.091	879932395085425254	879929836287355223	879929836278966614	2509	
1	C43H47N5O6	[M + H]+	C43H48N5O6+		0.815	131.467	131.467	0.000	42	0.898	2.193	2.193	-1.110		730.359	189	3.143	879933044648897146	879929839768627587	879929839764433282	9151	
1	C6Br3F3	[M + Na]+	C6Br3F3Na+		0.310	-1.219	-1.219	0.000	0	0.000			-4.480		388.738	200	3.334	879932450328603248	879929837348514147	879929837344319842	3871	
1	C12H17Br4NO3	[M + Na]+	C12H17Br4NNaO3+		0.999	55.807	55.807	0.000	15	0.443	-7.168	7.487	-1.802		561.782	212	3.526	879931168876456472	879929837033941343	879929837025552734	3379	
1	C37H64N8O9	[M + H]+	C37H65N8O9+		0.992	134.128	134.128	0.000	44	0.941	1.692	1.781	-0.525		765.487	213	3.547	879930845248154105	879929842088077735	879929842083883430	17208	
1	C37H30N6O16S3	[M + K]+	C37H30KN6O16S3+		1.000	38.309	38.309	0.000	15	0.908	0.135	0.862	-6.006		949.046	223	3.723	879929871825693143	879929838900406647	879929838896212342	6794	
1	C30H49N9O11	[M + H]+	C30H50N9O11+		1.000	71.951	71.951	0.000	29	0.804	0.279	1.148	-7.763		712.357	246	4.093	879930532604733924	879929842973075895	879929842968881590	26719	
1	C35H25BrCl2N4O8S2	[M + H]+	C35H26BrCl2N4O8S2+		0.225	38.445	38.445	0.000	14	0.520	-0.173	2.806	-4.982		842.971	279	4.652	879932141770435142	879929841836419491	879929841832225186	16087	
1	C19H15N5O	[M + Na]+	C19H15N5NaO+		0.122	7.932	7.932	0.000	1	0.242	-3.289	3.344	-1.081		352.117	280	4.664	879931368680516141	879929840309692811	879929840301304202	10706	
1	C16H35NO2	[M + H]+	C16H36NO2+		1.000	65.559	65.559	0.000	26	0.710	2.298	2.309	0.890		274.274	294	4.908	879931371532642871	879929842759166387	879929842754972082	23290	
1	C20H43NO4	[M + H]+	C20H44NO4+		1.000	25.421	25.421	0.000	5	0.562	1.112	1.292	-2.167		362.326	339	5.650	879933105168509572	879929841316325787	879929841312131482	14149	
1	C48H78B2N4O4	[M + H]+	C48H79B2N4O4+		0.460	26.588	26.588	0.000	7	0.869	5.701	5.701	7.092		795.641	395	6.587	879932173395487313	879929838304815471	879929838296426862	5487	
1	C36H63N5O6	[M + H]+	C36H64N5O6+		0.471	63.691	63.691	0.000	18	0.791	1.249	2.097	0.436		662.485	452	7.535	879933176597506726	879929840561351055	879929840557156750	11514	
1	C34H63NO4	[M + H]+	C34H64NO4+		1.000	114.170	114.170	0.000	31	0.831	0.822	2.218	-1.064		550.482	555	9.242	879933160415881883	879929840045451655	879929840041257350	9959	
1	C44H83NO7	[M + Na]+	C44H83NNaO7+		0.821	24.121	24.121	0.000	7	0.241	-0.377	2.654	2.926		760.608	582	9.697	879933559965281190	879929843027601855	879929843019213246	36838	
1	C33H48N4O8S2	[M + H]+	C33H49N4O8S2+		0.856	136.833	136.833	0.000	38	0.835	2.407	2.886	-3.942		693.296	43	0.716	879936284297977418	879934606828035501	879934606819646892	6796	
1	C18H28N4O9	[M + H]+	C18H29N4O9+		0.861	36.799	36.799	0.000	9	0.966	1.233	1.468	2.011		445.194	80	1.334	879934649454747148	879934607301991861	879934607293603252	8353	
1	C21H39N3O8	[M + K]+	C21H39KN3O8+		0.841	157.686	157.686	0.000	49	0.948	0.092	1.702	4.451		500.239	98	1.640	879937742380654209	879934609302674913	879934609298480608	18838	
1	C12H12N2O5S2	[M + H]+	C12H13N2O5S2+		0.904	100.615	100.615	0.000	25	0.876	1.628	1.702	3.830		329.027	102	1.692	879936064050880054	879934607494929849	879934607490735544	9157	
1	C49H61N7O10	[M + H]+	C49H62N7O10+		0.610	17.224	17.224	0.000	8	0.958	0.686	1.522	-13.064		908.443	113	1.883	879934702831459862	879934604160458121	879934604152069512	1954	
1	C23H41N7O10	[M + H]+	C23H42N7O10+		1.000	111.380	111.380	0.000	41	0.830	0.348	1.309	6.131		576.302	120	1.999	879935311248809504	879934609457864165	879934609453669860	21133	
1	C6H11NO2SSi	[M + Na]+	C6H11NNaO2SSi+		0.999	87.027	87.027	0.000	22	0.255	5.531	8.197	5.203		212.018	127	2.110	879937901999087255	879934609596276201	879934609592081896	23297	
1	C25H34N6O8	[M + H]+	C25H35N6O8+		0.959	136.851	136.851	0.000	54	0.979	0.732	2.355	-0.893		547.251	130	2.167	879938545799585452	879934603271265665	879934603220934016	648	
1	C24H35N7O7	[M + H]+	C24H36N7O7+		0.608	54.408	54.408	0.000	16	0.983	-0.247	1.697	3.981		534.269	141	2.357	879936106212023872	879934609764048369	879934609759854064	31101	
1	C38H51N5O8	[M + H]+	C38H52N5O8+		0.172	13.862	13.862	0.000	2	0.147	-5.999	5.999	-3.879		706.378	161	2.687	879937727201468023	879934605624270237	879934605615881628	4409	
1	C37H56N10O9	[M + H]+	C37H57N10O9+		0.898	105.957	105.957	0.000	47	0.951	2.560	2.560	9.485		785.438	164	2.737	879935393616551466	879934605079010709	879934605070622100	3383	
1	C17H35N5O8	[M + H]+	C17H36N5O8+		0.418	48.488	48.488	0.000	14	0.945	1.191	1.781	-6.251		438.253	214	3.563	879936609369120341	879934606131781029	879934606123392420	5488	
1	C42H73N9O10	[M + H]+	C42H74N9O10+		0.515	76.014	76.014	0.000	25	0.759	1.695	2.023	4.839		864.560	219	3.650	879937686281838188	879934607692062141	879934607683673532	9961	
1	C65H97FN8O13	[M + K]+	C65H97FKN8O13+		0.113	22.627	22.627	0.000	8	0.230	0.504	7.621	-1.570		1255.677	254	4.226	879937084822838879	879934607880805825	879934607876611520	10710	
1	C4H12BNO3	[M + Na]+	C4H12BNNaO3+		0.748	25.191	25.191	0.000	8	0.085	11.196	11.413	9.182		155.085	279	4.651	879937909188124322	879934608249904585	879934608245710280	12368	
1	C22H45NO3	[M + H]+	C22H46NO3+		1.000	279.273	279.273	0.000	51	0.942	2.431	2.431	0.481	Cer(d14:0_8:0)	372.347	438	7.300	879937898215825046	879934608577060305	879934608572866000	14155	
1	C33H57N5O5	[M + H]+	C33H58N5O5+		0.996	79.321	79.321	0.000	17	0.836	1.656	1.757	1.081		604.444	463	7.710	879937896731041420	879934608421871053	879934608417676748	13195	
1	C47H80O5	[M + H3N + H]+	C47H84NO5+		1.000	107.721	107.721	0.000	19	0.654	2.896	2.962	-0.002	DG(18:0_26:6)	742.634	504	8.408	879938989112352439	879934608958741977	879934608954547672	16112	
1	C40H70BN5O10	[M + H]+	C40H71BN5O10+		0.390	8.263	8.263	0.000	4	0.126	14.357	14.357	-5.789		791.528	574	9.570	879939347058450105	879934609776631285	879934609776631284	36857	
1	C14H31NO2	[M + H]+	C14H32NO2+		1.000	11.883	11.883	0.000	4	0.956	-6.982	6.982	3.429		246.244	641	10.679	879939427480035026	879934609147485661	879934609143291356	17221	
1	C39H74NO8P	[M + H]+	C39H75NO8P+		1.000	189.282	189.282	0.000	37	0.850	1.847	1.914	-3.463	PE(18:1_16:1)	716.520	641	10.686	879939466981990420	879934605351640473	879934605343251864	3872	
1	C6H10Br3NO2	[M + H]+	C6H11Br3NO2+		1.000	11.258	11.258	0.000	4	0.036	2.482	2.482	3.714		365.835	36	0.603	879939941059254700	879939895249066301	879939895244871996	4411	
1	C14H31N5O9	[M + H]+	C14H32N5O9+		0.905	163.846	163.846	0.000	46	0.925	1.149	1.838	-9.546		414.216	40	0.658	879940254663170527	879939893852363053	879939893835585836	2521	
1	C20H35N5O8	[M + H]+	C20H36N5O8+		1.000	86.623	86.623	0.000	32	0.883	6.713	6.713	6.242		474.259	43	0.715	879940163080542677	879939897316858221	879939897312663916	13196	
1	C13H23N3O7	[M + H]+	C13H24N3O7+		1.000	300.766	300.766	0.000	54	0.986	1.035	1.947	0.968		334.161	50	0.827	879940050073409984	879939895043545401	879939895035156792	3874	
1	C26H30N8O8	[M + H]+	C26H31N8O8+		0.898	44.228	44.228	0.000	10	0.723	-0.187	3.246	-6.749		583.222	64	1.070	879942231656749633	879939897799203193	879939897795008888	16122	
1	C24H35N3O8S	[M + H]+	C24H36N3O8S+		0.829	146.492	146.492	0.000	50	0.957	-2.769	3.413	-0.879		526.221	67	1.117	879941973392480790	879939897480436081	879939897476241776	14158	
1	C5Cl8	[M + K]+	C5Cl8K+		0.941	0.391	0.391	0.000	0	0.000			7.711		378.717	92	1.529	879939992544336310	879939896402499925	879939896398305620	8361	
1	C34H53N9O10	[M + H]+	C34H54N9O10+		0.826	161.934	161.934	0.000	52	0.965	0.928	1.746	-12.314		748.390	167	2.788	879941990358440492	879939895458781505	879939895450392896	4984	
1	C35H51N7O9	[M + H]+	C35H52N7O9+		0.746	135.242	135.242	0.000	41	0.940	1.248	2.023	5.456		714.386	178	2.965	879941083881265662	879939896226339153	879939896217950544	7461	
1	C33H42Br4N12O6	[M + H]+	C33H43Br4N12O6+		0.924	71.654	71.654	0.000	19	0.605	2.823	2.823	6.131		1019.022	222	3.707	879940448599398889	879939896868067681	879939896863873376	10716	
1	C20H35N9O3	[M + H]+	C20H36N9O3+		0.863	48.557	48.557	0.000	17	0.885	0.202	1.148	-6.357		450.291	227	3.776	879942255652362827	879939896062761293	879939896058566988	6800	
1	C10H14Br2ClIN4O4	[M + H]+	C10H15Br2ClIN4O4+		0.488	75.014	75.014	0.000	15	0.443	1.868	2.056	-12.493		574.812	229	3.816	879941113157507593	879939895672691013	879939895664302404	5492	
1	C19H25Br4N5O6	[M + H]+	C19H26Br4N5O6+		0.975	68.316	68.316	0.000	30	0.744	0.189	1.800	3.522		735.864	260	4.328	879940718649661939	879939896561883481	879939896557689176	9164	
1	C11H19NO6	[M + K]+	C11H19KNO6+		0.265	10.184	10.184	0.000	5	0.434	-6.758	10.924	9.679		300.087	283	4.721	879940073767033291	879939896712878429	879939896708684124	9966	
1	C24H41N3O3	[M + H]+	C24H42N3O3+		0.883	48.252	48.252	0.000	5	0.859	2.277	2.513	3.405		420.324	417	6.950	879941981210663456	879939897023256933	879939897019062628	11525	
1	C21H22FNO4	[M + H]+	C21H23FNO4+		0.893	50.384	50.384	0.000	15	0.852	7.021	7.021	7.355		372.163	464	7.734	879942020024752695	879939897170057577	879939897165863272	12373	
1	C22H26O12	[M + H]+	C22H27O12+		0.933	68.613	68.613	0.000	12	0.881	3.019	3.019	9.308		483.154	474	7.893	879942357833996886	879939898566760853	879939898562566548	36978	
1	C41H72NO8P	[M + H]+	C41H73NO8P+		1.000	62.834	62.834	0.000	19	0.706	2.695	2.695	-0.449		738.507	487	8.115	879941992619170358	879939898529012109	879939898520623500	26879	
1	C44H83NO7	[M + H]+	C44H84NO7+		1.000	143.234	143.234	0.000	29	0.733	1.441	2.263	-3.832		738.621	490	8.163	879942557206043234	879939898545789329	879939898545789328	31114	
1	C44H84N4O2S2	[M + H]+	C44H85N4O2S2+		0.800	31.395	31.395	0.000	9	0.613	3.988	4.459	-11.032		765.602	506	8.433	879942600126356077	879939897941809533	879939897933420924	17224	
1	C37H67N5O7	[M + K]+	C37H67KN5O7+		0.447	24.071	24.071	0.000	5	0.336	3.886	4.352	-4.789		732.464	508	8.461	879943309299276409	879939898235410821	879939898231216516	21136	
1	C40H67N3O6	[M + H]+	C40H68N3O6+		0.486	83.759	83.759	0.000	30	0.847	1.298	2.224	4.569		686.513	511	8.513	879943331755580035	879939898092804481	879939898084415872	18845	
1	C38H68N6O10	[M + Na]+	C38H68N6NaO10+		0.294	12.790	12.790	0.000	2	0.164	1.706	1.706	-3.301		791.486	528	8.803	879943527340169870	879939895886600521	879939895882406216	6101	
1	C42H79NO7	[M + H]+	C42H80NO7+		1.000	48.437	48.437	0.000	7	0.549	1.759	1.761	0.520		710.593	599	9.985	879943623863687840	879939898386405769	879939898382211464	23328	
1	C20H32N4O9	[M + K]+	C20H32KN4O9+		0.999	153.177	153.177	0.000	44	0.902	1.261	1.795	2.374		511.181	48	0.798	879945907387313668	879944063692909926	879944063688715621	6801	
1	C25H38N6O10	[M + H]+	C25H39N6O10+		0.677	42.549	42.549	0.000	17	0.835	2.482	2.482	-5.688		583.269	59	0.986	879945495284362745	879944066687643038	879944066683448733	21141	
1	C23H40N6O10	[M + H]+	C23H41N6O10+		0.821	160.176	160.176	0.000	47	0.965	0.847	2.252	-4.931		561.285	81	1.353	879944562760560080	879944065597123974	879944065592929669	13210	
1	C22H37N9O7	[M + Na]+	C22H37N9NaO7+		0.881	149.372	149.372	0.000	45	0.971	1.324	2.123	-2.695		562.269	92	1.540	879946836035579427	879944060727536954	879944060673011001	651	
1	C21H30F3N3O4	[M + H]+	C21H31F3N3O4+		0.984	176.340	176.340	0.000	51	0.975	1.647	4.609	1.529		446.227	111	1.856	879944574626246106	879944065194470786	879944065186082177	12379	
1	C72H91N3O5	[M + H]+	C72H92N3O5+		0.990	32.690	32.690	0.000	17	0.815	2.560	2.769	-13.859		1078.688	148	2.467	879944222887718341	879944061197299006	879944061184716093	1416	
1	C37H47FN6O6	[M + H]+	C37H48FN6O6+		0.717	80.213	80.213	0.000	36	0.795	0.977	2.283	-4.322		691.358	186	3.106	879947410923662904	879944064565325174	879944064556936565	9972	
1	C41H56N8O10	[M + H]+	C41H57N8O10+		0.556	89.354	89.354	0.000	33	0.947	0.862	1.745	8.015		821.426	193	3.211	879946433797631513	879944063479000418	879944063470611809	6107	
1	C34H54N6O10	[M + H]+	C34H55N6O10+		0.980	87.079	87.079	0.000	26	0.905	0.170	1.364	-6.529		707.393	229	3.816	879946049624550927	879944063252507998	879944063244119389	5501	
1	C49H72N12O10	[M + H]+	C49H73N12O10+		0.483	96.428	96.428	0.000	32	0.886	1.275	1.802	-5.470		989.551	235	3.917	879948789268426329	879944062296206670	879944062287818061	3387	
1	C48H67N13O11	[M + H]+	C48H68N13O11+		0.495	65.365	65.365	0.000	17	0.712	-0.182	1.581	1.620		1002.517	271	4.522	879945137208241646	879944066855415202	879944066851220897	23413	
1	C31H43N7O7	[M + H]+	C31H44N7O7+		0.896	52.069	52.069	0.000	18	0.914	0.744	2.828	2.438		626.331	283	4.721	879944673213361636	879944066159160722	879944066154966417	16134	
1	C24H34O2	[M + H]+	C24H35O2+		0.846	142.023	142.023	0.000	29	0.713	0.805	2.474	2.374		355.264	332	5.535	879950087128690276	879944065785867658	879944065781673353	14165	
1	C34H55NO8	[M + H]+	C34H56NO8+		0.546	24.934	24.934	0.000	4	0.433	0.764	2.071	1.246		606.401	393	6.553	879947340723596846	879944065978805646	879944065966222733	15036	
1	C16H28O3	[M + H]+	C16H29O3+		1.000	99.119	99.119	0.000	13	0.430	1.186	2.323	-7.508		269.209	431	7.179	879947703891603012	879944067014798758	879944067010604453	26882	
1	C21H47N3O5	[M + H]+	C21H48N3O5+		1.000	68.736	68.736	0.000	13	0.881	5.122	14.187	-2.718		422.358	474	7.900	879947721360879182	879944067052547502	879944067052547501	37030	
1	C4HOPS7	[M + K]+	C4HKOPS7+		0.285	-3.016	-3.016	0.000	0	0.000			0.400		358.744	481	8.019	879950119034760814	879944066339515798	879944066331127189	17229	
1	C41H70NO8P	[M + Na]+	C41H70NNaO8P+		1.000	93.659	93.659	0.000	23	0.800	1.574	5.046	8.272	PE 36:6	758.479	495	8.244	879950162282229369	879944066515676570	879944066511482265	18854	
1	C41H79N3O9	[M + H]+	C41H80N3O9+		0.550	20.209	20.209	0.000	5	0.284	4.182	4.182	1.836		758.590	580	9.661	879952722145652347	879944067035770282	879944067031575977	31122	
1	C38H71NO9	[M + H]+	C38H72NO9+		1.000	51.147	51.147	0.000	17	0.782	0.806	1.618	6.323		686.525	639	10.643	879952852965994118	879944064984755582	879944064980561277	11534	
1	C38H67N5O9	[M + H]+	C38H68N5O9+		0.517	130.729	130.729	0.000	39	0.922	1.865	1.865	5.748		738.505	639	10.649	879953131081907376	879944062782745942	879944062774357333	4412	
1	C9H14N2O2	[M + H]+	C9H15N2O2+		1.000	119.020	119.020	0.000	25	0.702	1.219	1.433	-1.661		183.113	57	0.946	879957158125866280	879957115008421053	879957115000032444	5002	
1	C11H9NO2	[M + H]+	C11H10NO2+		0.982	44.125	44.125	0.000	8	0.965	0.409	1.622	0.505		188.071	82	1.374	879958620180548998	879957120058363153	879957120054168848	37053	
1	C29H43N7O7	[M + H]+	C29H44N7O7+		0.925	157.614	157.614	0.000	49	0.907	2.496	2.496	-2.944		602.328	101	1.686	879958926733839761	879957116375764177	879957116367375568	8365	
1	C22H37N5O8	[M + H]+	C22H38N5O8+		0.998	171.389	171.389	0.000	51	0.957	1.183	1.909	-0.179		500.271	102	1.703	879959215708802460	879957117772467429	879957117768273124	12387	
1	C8H12BBr3N2O3S	[M + K]+	C8H12BBr3KN2O3S+		0.954	81.419	81.419	0.000	18	0.598	3.176	3.886	-2.331		501.787	129	2.154	879957180095630642	879957119068507385	879957119060118776	17236	
1	C38H56N6O9	[M + H]+	C38H57N6O9+		0.797	187.561	187.561	0.000	55	0.974	1.913	1.919	8.559		741.425	131	2.178	879957993446673755	879957115570457797	879957115562069188	6121	
1	C4H9F2N2O3	[M + K]+	C4H9F2KN2O3+		1.000	89.684	89.684	0.000	22	0.678	1.171	5.125	4.372		210.022	131	2.187	879958395181305209	879957116098940109	879957116094745804	7478	
1	C2OS9	[M + K]+	C2KOS9+		0.540	-3.779	-3.779	0.000	0	0.000	7.876	7.876	5.695		366.709	133	2.213	879958337832586607	879957116640005333	879957116635811028	9175	
1	C43H62N6O12	[M + H]+	C43H63N6O12+		0.360	81.716	81.716	0.000	27	0.817	0.509	1.919	9.763		855.458	140	2.330	879958296535469413	879957114106645681	879957114098257072	3393	
1	C25H43N5O8	[M + Na]+	C25H43N5NaO8+		0.323	72.621	72.621	0.000	12	0.593	1.939	3.662	-4.579		564.298	150	2.499	879957353270054214	879957119559240961	879957119550852352	21154	
1	C23H39N9O10	[M + H]+	C23H40N9O10+		0.850	139.299	139.299	0.000	37	0.901	2.379	2.379	5.205		602.292	151	2.517	879960103718456800	879957114723208377	879957114714819768	4417	
1	C35H51N5O7	[M + H]+	C35H52N5O7+		0.694	126.576	126.576	0.000	45	0.921	0.339	1.456	-5.082		654.383	172	2.865	879959603199577511	879957118837820661	879957118833626356	16137	
1	C19H36N6O7	[M + H]+	C19H37N6O7+		0.359	113.372	113.372	0.000	44	0.644	0.819	2.326	11.872		461.277	174	2.908	879959732774211015	879957117004909785	879957117000715480	9976	
1	C30H47N7O8	[M + H]+	C30H48N7O8+		0.996	131.214	131.214	0.000	46	0.957	0.480	2.460	-0.612		634.356	176	2.926	879957890577173841	879957118309338349	879957118305144044	14177	
1	C8H13Br4N3O	[M + H]+	C8H14Br4N3O+		1.000	16.498	16.498	0.000	7	0.380	3.507	3.507	7.055		483.790	179	2.987	879959607872032178	879957113028709541	879957113020320932	1961	
1	C19H36N4O6	[M + Na]+	C19H36N4NaO6+		0.598	94.093	94.093	0.000	42	0.932	-0.339	3.136	-3.200		439.251	196	3.266	879957316322430268	879957112621862049	879957112609279136	1428	
1	C37H48N6O9	[M + H]+	C37H49N6O9+		0.626	37.429	37.429	0.000	17	0.944	0.921	1.264	11.432		721.364	218	3.634	879959806728179153	879957115289439425	879957115281050816	5504	
1	C33H60N4O11	[M + H]+	C33H61N4O11+		0.888	88.557	88.557	0.000	30	0.863	0.935	1.401	4.010		689.436	228	3.806	879959694153059773	879957119328554237	879957119320165628	18882	
1	C9H9Br4FN2O2	[M + H]+	C9H10Br4FN2O2+		1.000	39.678	39.678	0.000	8	0.371	2.630	2.630	2.281		512.747	235	3.909	879959614704553400	879957118535830769	879957118523247856	15037	
1	C21H34O7S	[M + H]+	C21H35O7S+		0.615	201.497	201.497	0.000	41	0.876	1.362	1.656	-3.017		431.209	374	6.236	879960296681606664	879957120037391629	879957120016420108	31191	
1	C34H55NO8	[M + H]+	C34H56NO8+		0.470	37.497	37.497	0.000	4	0.366	-2.406	2.406	0.257		606.400	400	6.671	879960131656715764	879957117529197793	879957117520809184	11535	
1	C24H31N3O6	[M + H]+	C24H32N3O6+		0.857	25.530	25.530	0.000	6	0.974	2.685	2.685	2.483		458.230	432	7.196	879960139403595262	879957117285928157	879957117281733852	10734	
1	C41H60N6O6	[M + H]+	C41H61N6O6+		0.982	55.280	55.280	0.000	12	0.767	5.239	5.239	9.530		733.472	512	8.537	879960125998599658	879957119785733381	879957119777344772	23427	
1	C12H18N6	[M + H]+	C12H19N6+		0.980	21.051	21.051	0.000	5	0.969	2.384	2.384	-2.715		247.166	639	10.649	879960520170901014	879957111791389853	879957111741058204	662	
1	C15H21N2O3	[M + H]+	C15H22N2O3+		0.964	37.598	37.598	0.000	14	0.948	2.232	2.232	12.245		278.166	35	0.585	879960965738150031	879960935128119309	879960935123925004	3394	
1	C48H67N13O11	[M + H]+	C48H68N13O11+		0.529	95.192	95.192	0.000	30	0.830	1.733	1.862	-0.276		1002.515	45	0.752	879962563554064633	879960934364755965	879960934352173052	1431	
1	C18H32N6O7S	[M + H]+	C18H33N6O7S+		0.995	181.346	181.346	0.000	52	0.947	3.249	3.553	12.793		477.219	45	0.758	879962621238327565	879960937493706825	879960937489512520	14184	
1	C10H20N2O6	[M + K]+	C10H20KN2O6+		1.000	68.758	68.758	0.000	19	0.815	2.232	2.232	6.947		303.097	47	0.785	879960971979274394	879960937112025149	879960937103636540	11542	
1	C30H41N5O6	[M + Na]+	C30H41N5NaO6+		0.453	144.703	144.703	0.000	50	0.930	0.022	2.816	-2.888		590.293	56	0.938	879961885167335598	879960936222832673	879960936218638368	6126	
1	C14H27N3O6S	[M + H]+	C14H28N3O6S+		0.816	66.487	66.487	0.000	22	0.948	-1.447	4.133	1.821		366.170	72	1.197	879962573804943619	879960938240292965	879960938236098660	26933	
1	C11H21N3O3	[M + K]+	C11H21KN3O3+		1.000	50.695	50.695	0.000	15	0.775	0.712	1.035	-14.000		282.118	74	1.237	879961956659247308	879960937267214401	879960937263020096	12390	
1	C10H9N3O	[M + H]+	C10H10N3O+		0.992	44.317	44.317	0.000	7	0.927	1.456	1.456	-10.306		188.080	82	1.368	879960961757755524	879960938273847405	879960938269653100	37075	
1	AsBr3	[M + K]+	AsBr3K+		1.000	-2.487	-2.487	0.000	0	0.000	-2.184	2.184	4.946		350.642	98	1.630	879962409543416056	879960937950885977	879960937946691672	18893	
1	C13H21Br3N4O5S3	[M + H]+	C13H22Br3N4O5S3+		0.994	162.048	162.048	0.000	37	0.673	1.436	2.069	-8.032		646.825	106	1.771	879961033727817892	879960936872949813	879960936868755508	9979	
1	C34H58N8O7S	[M + K]+	C34H58KN8O7S+		0.340	84.808	84.808	0.000	39	0.951	-0.079	1.772	3.841		761.381	128	2.131	879962698925226273	879960935346223121	879960935337834512	3888	
1	C2H4ClN3O2S	[M + H]+	C2H5ClN3O2S+		0.999	36.660	36.660	0.000	6	0.306	-5.598	10.053	-6.186		169.978	133	2.211	879961907028048056	879960938047354973	879960938043160668	21167	
1	C20H34N4O5	[M + H]+	C20H35N4O5+		0.995	118.717	118.717	0.000	29	0.954	0.666	1.581	2.197		411.261	133	2.217	879961944290244802	879960934029211641	879960933987268600	666	
1	C28H44N6O8S	[M + H]+	C28H45N6O8S+		0.979	80.227	80.227	0.000	27	0.858	0.913	1.948	1.264		625.302	158	2.634	879962884196022606	879960936747120689	879960936742926384	9188	
1	C32H22Cl2N6O12S4	[M + H]+	C32H23Cl2N6O12S4+		0.945	51.382	51.382	0.000	26	0.493	1.224	1.890	-4.241		880.959	176	2.940	879962948591171939	879960935677573145	879960935669184536	5006	
1	C45H68N12O12	[M + H]+	C45H69N12O12+		0.363	64.457	64.457	0.000	14	0.730	1.197	1.802	11.302		969.526	180	3.006	879962396612376814	879960937606953037	879960937598564428	15038	
1	C20H33N3O5	[M + H]+	C20H34N3O5+		0.992	116.640	116.640	0.000	39	0.895	0.202	3.168	-2.518		396.248	186	3.096	879962682206730519	879960936990390329	879960936982001720	10737	
1	C14H23Br4FN2O4	[M + H]+	C14H24Br4FN2O4+		0.937	56.503	56.503	0.000	23	0.730	-0.020	3.655	3.700		618.847	219	3.647	879962330388510937	879960936369633317	879960936365439012	6812	
1	C21H29Br4FN2O5	[M + H]+	C21H30Br4FN2O5+		0.981	75.845	75.845	0.000	36	0.842	0.188	2.695	-10.312		724.879	219	3.653	879962386906757348	879960936633874477	879960936629680172	8372	
1	C10H16Br3N3O6S	[M + K]+	C10H16Br3KN3O6S+		1.000	32.979	32.979	0.000	7	0.424	1.505	1.957	1.288		581.795	229	3.814	879962764545112376	879960935815985181	879960935811790876	5506	
1	C59H64N2O11	[M + H]+	C59H65N2O11+		0.501	40.625	40.625	0.000	17	0.676	0.927	1.961	10.653		977.469	236	3.935	879963434853613426	879960937384654917	879960937376266308	13220	
1	C33H54O5	[M + H]+	C33H55O5+		0.671	66.224	66.224	0.000	15	0.752	1.447	1.568	4.326		531.407	455	7.586	879962743573592366	879960937728587857	879960937724393552	16181	
1	C28H55N7O6	[M + H]+	C28H56N7O6+		0.978	46.528	46.528	0.000	11	0.359	8.211	8.211	9.960		586.435	464	7.739	879962789304088898	879960937850222677	879960937841834068	17264	
1	C45H71NO4	[M + H]+	C45H72NO4+		0.858	35.906	35.906	0.000	6	0.423	2.778	3.869	-14.896		690.535	487	8.118	879962916689295705	879960936499656745	879960936495462440	7487	
1	C43H65N3O7	[M + H]+	C43H66N3O7+		0.517	140.396	140.396	0.000	44	0.931	1.099	2.008	2.814		736.492	494	8.228	879963318079994277	879960934570276865	879960934566082560	1965	
1	C2H6BClN2O2Si	[M + Na]+	C2H6BClN2NaO2Si+		1.000	142.687	142.687	0.000	33	0.684	-14.090	14.090	-6.260		185.990	648	10.804	879963409683594733	879960938143823969	879960938143823968	23431	
1	C6H9Cl2O	[M + H]+	C6H10Cl2O+		0.855	68.135	68.135	0.000	13	0.536	-7.752	9.231	-5.486		168.009	654	10.900	879963430076301160	879960938261264489	879960938257070184	31207	
1	C12H21N3O4S	[M + H]+	C12H22N3O4S+		1.000	144.320	144.320	0.000	42	0.929	1.029	1.264	4.427		304.134	35	0.580	879963940474367520	879963880760061339	879963880755867034	4423	
1	C7H13FN2O4	[M + H]+	C7H14FN2O4+		1.000	165.456	165.456	0.000	34	0.938	-5.168	6.123	-1.968		209.093	35	0.589	879963915589561877	879963879690513795	879963879677930882	1436	
1	C25H37N5O6	[M + Na]+	C25H37N5NaO6+		0.963	147.371	147.371	0.000	54	0.984	-0.617	3.287	-4.189		526.261	50	0.826	879964861346393778	879963879375940991	879963879338192254	673	
1	C8H20N2Si	[M + H]+	C8H21N2Si+		0.792	68.626	68.626	0.000	12	0.121	5.313	5.313	0.279		173.147	57	0.942	879964357178470003	879963882626526667	879963882622332362	13237	
1	C10H22N4O2	[M + H]+	C10H23N4O2+		1.000	45.766	45.766	0.000	6	0.972	1.134	1.479	7.127		231.183	61	1.012	879964658245611136	879963883310198243	879963883306003938	21171	
1	C27H44N4O17	[M + H]+	C27H45N4O17+		0.768	63.742	63.742	0.000	13	0.490	-1.519	3.615	-10.358		697.270	74	1.226	879964660787359366	879963880407739795	879963880399351186	3397	
1	C11H18N2O6S2	[M + Na]+	C11H18N2NaO6S2+		0.741	125.923	125.923	0.000	35	0.915	1.645	1.906	-0.413		361.050	93	1.549	879963998620003892	879963883406667239	879963883402472934	23439	
1	C19H28Br4N2O4S	[M + Na]+	C19H28Br4N2NaO4S+		1.000	103.965	103.965	0.000	45	0.876	-1.482	3.910	2.160		718.841	121	2.014	879963989140876842	879963882186124731	879963882181930426	9980	
1	C11H26N6O4	[M + Na]+	C11H26N6NaO4+		0.522	64.978	64.978	0.000	18	0.903	1.748	2.176	2.509		329.192	124	2.060	879963912796155403	879963882303565247	879963882299370942	10766	
1	C20H30Br4N6O10	[M + H]+	C20H31Br4N6O10+		0.351	43.822	43.822	0.000	24	0.851	1.381	1.910	-1.163		830.882	161	2.689	879964118707121737	879963879879257479	879963879870868870	1973	
1	C33H58N10O9	[M + H]+	C33H59N10O9+		0.976	130.925	130.925	0.000	47	0.947	0.908	1.436	6.221		739.451	167	2.776	879964682769706640	879963880252550543	879963880244161934	2962	
1	C13H19Br3N4O7S	[M + H]+	C13H20Br3N4O7S+		0.971	80.719	80.719	0.000	44	0.686	1.689	2.047	-8.865		612.854	175	2.917	879964054756568638	879963881804443055	879963881796054446	7504	
1	C28H49N3O10	[M + H]+	C28H50N3O10+		0.625	148.901	148.901	0.000	43	0.930	0.572	1.445	4.808		588.352	181	3.024	879964312895008350	879963882060295607	879963882056101302	9196	
1	C31H44N6O9	[M + H]+	C31H45N6O9+		0.504	86.573	86.573	0.000	33	0.895	0.278	1.541	6.580		645.329	207	3.451	879964449742564982	879963881405984163	879963881397595554	5507	
1	C12H20Br2ClIN4O4	[M + Na]+	C12H20Br2ClIN4NaO4+		1.000	114.713	114.713	0.000	29	0.633	0.442	1.647	5.782		626.851	218	3.637	879964354817076840	879963882869796307	879963882861407698	15039	
1	C19H33N5O6	[M + H]+	C19H34N5O6+		0.969	56.958	56.958	0.000	18	0.877	0.689	1.067	3.128		428.252	219	3.646	879964687186308762	879963880063806859	879963880055418250	2531	
1	C32H57N11O11	[M + H]+	C32H58N11O11+		0.987	134.760	134.760	0.000	43	0.918	0.760	1.248	-0.619		772.431	220	3.672	879965188040732403	879963881674419627	879963881666031018	6815	
1	C31H48N6O7	[M + Na]+	C31H48N6NaO7+		0.861	48.978	48.978	0.000	19	0.832	1.149	2.023	-2.141		639.346	245	4.088	879964872666820284	879963883108871643	879963883104677338	17294	
1	C12H22Br4N2O3	[M + H]+	C12H23Br4N2O3+		1.000	62.283	62.283	0.000	13	0.801	1.008	2.023	-7.278		558.840	246	4.099	879964701790875301	879963880550346135	879963880546151830	3889	
1	C42H75N13O14	[M + H]+	C42H76N13O14+		0.422	34.805	34.805	0.000	17	0.890	1.035	1.610	-2.555		986.560	263	4.384	879964150059544148	879963881527618983	879963881523424678	6127	
1	C38H52N4O12	[M + H]+	C38H53N4O12+		0.444	60.999	60.999	0.000	16	0.882	1.068	1.188	7.857		757.371	281	4.677	879965049779695336	879963882995625431	879963882991431126	16186	
1	C23H38Br4N4O7	[M + H]+	C23H39Br4N4O7+		0.921	63.244	63.244	0.000	12	0.614	3.374	3.743	3.662		798.958	285	4.758	879964884482174662	879963883217923551	879963883213729246	18913	
1	C32H49N5O4	[M + Na]+	C32H49N5NaO4+		0.870	49.933	49.933	0.000	11	0.803	0.326	4.515	-0.806		590.367	447	7.452	879964978342309585	879963882525863367	879963882521669062	12392	
1	C25H49NO7	[M + H]+	C25H50NO7+		1.000	93.917	93.917	0.000	26	0.905	2.065	2.192	-1.846		476.357	489	8.150	879964999154446045	879963881942855091	879963881934466482	8376	
1	C39H74NO8P	[M + Na]+	C39H74NNaO8P+		1.000	52.495	52.495	0.000	16	0.806	2.003	5.075	12.964	PE 34:2	738.514	503	8.389	879965053093195506	879963883524107759	879963883519913454	31241	
1	C30H62FN9O7	[M + H]+	C30H63FN9O7+		0.415	34.137	34.137	0.000	11	0.406	-7.610	7.610	-3.674		680.480	621	10.356	879965299332396667	879963883540884979	879963883536690674	37087	
1	C37H74NO8P	[M + Na]+	C37H74NNaO8P+		1.000	181.722	181.722	0.000	39	0.878	2.298	2.298	0.524	PE(16:0_16:0)	714.505	639	10.651	879965246018596618	879963880940416415	879963880932027806	5010	
1	C41H70O11	[M + H]+	C41H71O11+		0.356	4.500	4.500	0.000	0	0.000			10.562		739.507	642	10.702	879965294630581873	879963882416811459	879963882408422850	11557	
1	C26H37N7O9	[M + H]+	C26H38N7O9+		0.842	66.243	66.243	0.000	25	0.795	1.009	2.040	-4.985		592.270	50	0.837	879967612131111548	879965801328439704	879965801324245399	5012	
1	C29H38N4O8	[M + H]+	C29H39N4O8+		0.530	73.299	73.299	0.000	24	0.962	1.401	1.958	-6.548		571.273	73	1.215	879965912351666702	879965801819173292	879965801814978987	8382	
1	C23H30N4O8	[M + H]+	C23H31N4O8+		0.720	75.305	75.305	0.000	30	0.956	1.777	1.777	7.654		491.217	94	1.572	879965869456519683	879965802251186624	879965802246992319	12397	
1	C31H49F4N3O5S2	[M + H]+	C31H50F4N3O5S2+		0.165	33.896	33.896	0.000	9	0.377	-0.323	1.833	-0.370		684.312	98	1.631	879965965262811673	879965802330878404	879965802326684099	13247	
1	C19H33N5O7	[M + H]+	C19H34N5O7+		0.993	100.134	100.134	0.000	28	0.887	1.422	1.458	-1.294		444.245	111	1.842	879967663821714071	879965802599313872	879965802595119567	16192	
1	C28H51N5O7	[M + K]+	C28H51KN5O7+		0.476	75.111	75.111	0.000	24	0.875	0.371	1.869	-5.765		608.339	126	2.096	879967256399606344	879965801122918800	879965801118724495	3890	
1	C7H5Br3O2S	[M + K]+	C7H5Br3KO2S+		0.661	-1.219	-1.219	0.000	0	0.000			13.074		428.725	146	2.432	879967665239388833	879965800888037768	879965800883843463	2973	
1	C13H22Br4N4O6	[M + H]+	C13H23Br4N4O6+		0.723	95.211	95.211	0.000	38	0.666	1.083	1.440	9.648		646.841	173	2.889	879966012608115237	879965801521377696	879965801521377695	6128	
1	C40H60N8O11	[M + H]+	C40H61N8O11+		0.998	150.365	150.365	0.000	52	0.965	2.346	2.662	0.204		829.446	201	3.351	879968305105629883	879965802825806300	879965802821611995	21177	
1	C21H38N4O6	[M + H]+	C21H39N4O6+		0.951	39.304	39.304	0.000	17	0.962	1.868	2.023	-8.598		443.283	219	3.657	879967269162873426	879965801429103004	879965801424908699	5520	
1	C10H12Br3NO4S	[M + H]+	C10H13Br3NO4S+		0.981	27.726	27.726	0.000	6	0.418	2.389	2.614	-7.486		479.807	243	4.056	879967614861603462	879965802083414456	879965802079220151	10776	
1	C32H30Br3N3O9	[M + H]+	C32H31Br3N3O9+		0.206	90.474	90.474	0.000	21	0.626	1.772	1.799	-1.900		837.959	252	4.198	879968216861668015	879965801626235300	879965801622040995	6816	
1	C16H15NO5	[M + H]+	C16H16NO5+		0.170	14.745	14.745	0.000	1	0.535	-0.390	0.390	-1.652		302.102	280	4.669	879967138069901874	879965802674811348	879965802670617043	17321	
1	C30H44N4O5	[M + K]+	C30H44KN4O5+		0.648	71.407	71.407	0.000	16	0.764	4.086	4.086	0.123		579.294	409	6.811	879967416982729310	879965802909692384	879965802905498079	23467	
1	C14H35N4O3	[M + H]+	C14H36N4O3+		0.877	57.640	57.640	0.000	19	0.860	3.355	3.355	8.458		308.281	429	7.148	879967175411790397	879965802163106236	879965802158911931	11573	
1	C15H32O3	[M + H]+	C15H33O3+		1.000	78.931	78.931	0.000	15	0.910	2.085	4.617	-0.464		261.242	449	7.484	879967419897770600	879965802423153096	879965802418958791	14205	
1	C25H44N2O4	[M + H]+	C25H45N2O4+		0.999	42.099	42.099	0.000	8	0.942	0.893	0.893	-0.193		437.337	471	7.855	879967669546939043	879965802507039180	879965802502844875	15048	
1	C22H33NO5	[M + H]+	C22H34NO5+		0.416	53.391	53.391	0.000	12	0.787	1.741	3.188	0.638		392.243	483	8.050	879967629675885195	879965803014549996	879965803010355691	37098	
1	C44H79NO7	[M + H]+	C44H80NO7+		0.421	26.213	26.213	0.000	7	0.551	-0.385	2.757	1.048		734.594	486	8.105	879967434040963697	879965803001967080	879965803001967079	31247	
1	C11H11N	[M + H]+	C11H12N+		0.637	1.744	1.744	0.000	0	0.000	3.632	3.632	1.734		158.097	637	10.625	879968307722875589	879965802985189860	879965802980995555	26950	
1	C5H7N2O2P	[M + Na]+	C5H7N2NaO2P+		0.956	42.774	42.774	0.000	9	0.954	4.109	5.320	3.675		181.014	652	10.864	879968333480096464	879965800745431428	879965800741237123	2544	
1	C5H8N3O2S	[M + Na]+	C5H8N3NaO2S+		0.980	27.750	27.750	0.000	17	0.712	-7.846	13.864	-12.401		197.021	652	10.865	879968339779941083	879965802750308824	879965802746114519	18917	
1	C16H30N2O4S	[M + H]+	C16H31N2O4S+		1.000	168.836	168.836	0.000	41	0.939	1.402	1.854	-22.768		347.192	85	1.420	879969318693146851	879968620492525645	879968620488331340	10777	
1	C29H48N4O9	[M + H]+	C29H49N4O9+		0.601	121.913	121.913	0.000	24	0.708	1.208	4.514	-6.706		597.345	90	1.498	879970470558077230	879968620865818705	879968620861624400	11576	
1	C10H17Br4FN2O4	[M + H]+	C10H18Br4FN2O4+		0.865	87.217	87.217	0.000	24	0.789	0.283	3.570	-7.012		564.794	110	1.831	879969732243132684	879968619729162289	879968619724967984	5521	
1	C24H33N5O6	[M + H]+	C24H34N5O6+		1.000	171.815	171.815	0.000	52	0.978	0.862	1.422	11.346		488.256	142	2.361	879969275185631449	879968620073095229	879968620073095228	7518	
1	C44H62N12O14	[M + H]+	C44H63N12O14+		0.393	76.486	76.486	0.000	29	0.826	1.640	2.499	-7.546		983.451	149	2.487	879969152326078668	879968619611721773	879968619607527468	5013	
1	C40H50N8O6	[M + H]+	C40H51N8O6+		0.530	121.680	121.680	0.000	44	0.947	1.315	1.989	-0.551		739.392	165	2.753	879969006238470328	879968619850797109	879968619846602804	6139	
1	C18H34N4O6	[M + K]+	C18H34KN4O6+		1.000	142.937	142.937	0.000	45	0.960	1.233	1.790	-4.744		441.209	172	2.870	879969128154304706	879968621251694685	879968621247500380	14209	
1	C20H36N4O6S	[M + H]+	C20H37N4O6S+		1.000	130.323	130.323	0.000	46	0.933	0.695	3.027	-6.574		461.240	178	2.972	879969981200240931	879968619494281257	879968619485892648	4433	
1	C53H77N13O11S2	[M + H]+	C53H78N13O11S2+		0.272	145.001	145.001	0.000	53	0.983	0.513	2.191	-7.979		1136.529	188	3.135	879970812758757708	879968618307293197	879968618273738764	692	
1	C16H34N5O4	[M + Na]+	C16H34N5NaO4+		0.625	136.393	136.393	0.000	46	0.959	1.241	2.513	-2.088		383.250	194	3.231	879968697139237017	879968618940633113	879968618932244504	2546	
1	C9H13Br4F2N	[M + H]+	C9H14Br4F2N+		0.967	12.429	12.429	0.000	3	0.248	3.111	3.111	2.387		489.783	203	3.379	879969155257897174	879968618785443861	879968618781249556	1986	
1	C44H67N13O10	[M + K]+	C44H67KN13O10+		0.308	78.273	78.273	0.000	25	0.872	-0.043	0.909	5.486		976.482	207	3.442	879969003214377134	879968619968237625	879968619959849016	6819	
1	C44H52N4O8	[M + H]+	C44H53N4O8+		0.411	126.049	126.049	0.000	44	0.938	1.511	1.735	0.665		765.386	207	3.458	879969648487076087	879968621121671257	879968621117476952	13270	
1	C23H42N6O11	[M + H]+	C23H43N6O11+		0.651	121.715	121.715	0.000	43	0.905	1.660	2.023	-5.926		579.295	212	3.531	879969488273051885	879968619095822365	879968619091628060	2980	
1	C38H57N7O10	[M + H]+	C38H58N7O10+		0.932	152.788	152.788	0.000	50	0.961	1.069	1.635	-4.101		772.421	227	3.782	879969724051656961	879968620391862345	879968620387668040	9994	
1	C31H33Br4N3O6	[M + H]+	C31H34Br4N3O6+		0.999	52.982	52.982	0.000	26	0.791	0.984	2.312	4.581		859.922	243	4.054	879969862606295319	879968621767594097	879968621763399792	21185	
1	C36H63N11O11	[M + H]+	C36H64N11O11+		0.641	48.298	48.298	0.000	14	0.800	1.085	1.832	-9.230		826.471	263	4.387	879968779444064420	879968621922783353	879968621918589048	26989	
1	C14H29NO	[M + H]+	C14H30NO+		1.000	23.326	23.326	0.000	6	0.114	3.545	6.770	2.230		228.233	272	4.539	879969863134777633	879968621687902317	879968621687902316	18918	
1	C23H42O10	[M + H]+	C23H43O10+		0.858	119.937	119.937	0.000	31	0.885	2.045	2.085	-1.615		479.284	400	6.668	879970769079275832	879968621419466849	879968621377523808	15058	
1	C17H32O2	[M + H]+	C17H33O2+		1.000	262.859	262.859	0.000	40	0.935	2.085	2.085	-1.511		269.247	445	7.421	879970804412092739	879968621612404841	879968621608210536	17325	
1	C47H68O5	[M + H]+	C47H69O5+		0.685	109.162	109.162	0.000	21	0.716	1.325	2.045	-2.735		713.512	501	8.344	879971082905489825	879968621956337793	879968621956337792	37198	
1	C34H64FN5O7	[M + H]+	C34H65FN5O7+		0.392	84.040	84.040	0.000	16	0.645	-1.756	2.274	0.809		674.487	513	8.546	879971134109553252	879968620287004741	879968620282810436	9204	
1	C39H76NO8P	[M + Na]+	C39H76NNaO8P+		1.000	214.150	214.150	0.000	48	0.925	2.013	2.105	-1.858	PE(16:0_18:1)	740.519	639	10.656	879971098273419691	879968618609283089	879968618600894480	1440	
1	C58H104FN3O20	[M + K]+	C58H104FKN3O20+		0.245	18.622	18.622	0.000	7	0.329	-5.672	5.759	-5.390		1220.676	641	10.677	879971894260045975	879968620991647829	879968620987453524	12398	
1	C36H69N3O12	[M + H]+	C36H70N3O12+		0.982	120.237	120.237	0.000	20	0.699	3.063	3.472	6.380		736.500	647	10.783	879971290938774409	879968621943754877	879968621939560572	31268	
1	C6H8Cl2N2O2	[M + H]+	C6H9Cl2N2O2+		0.993	62.100	62.100	0.000	26	0.731	3.469	5.590	1.141		211.004	655	10.909	879971122017374810	879968621520130149	879968621515935844	16197	
1	C13H22N2O7	[M + H]+	C13H23N2O7+		1.000	167.493	167.493	0.000	41	0.887	1.772	2.046	3.517		319.151	35	0.585	879972109725708004	879972057145912955	879972057137524346	9224	
1	C11H19F2N3O2	[M + H]+	C11H20F2N3O2+		0.998	73.475	73.475	0.000	21	0.720	1.611	1.611	0.342		264.152	35	0.589	879972089341390542	879972057384988291	879972057380793986	10778	
1	C10H16N2O2	[M + H]+	C10H17N2O2+		1.000	104.961	104.961	0.000	18	0.396	0.862	2.193	0.740		197.129	38	0.632	879973017872215851	879972058861383351	879972058861383350	37233	
1	C15H25N6O4	[M + H]+	C15H26N6O4+		0.427	150.821	150.821	0.000	55	0.998	1.256	2.721	4.222		354.203	40	0.658	879972105208442585	879972056080559707	879972056076365402	3892	
1	C32H41I3N6O8	[M + H]+	C32H42I3N6O8+		0.379	72.083	72.083	0.000	29	0.777	1.295	1.690	1.881		1019.021	60	1.000	879973131755958069	879972055623380559	879972055619186254	2551	
1	C20H34N4O5	[M + H]+	C20H35N4O5+		0.857	23.759	23.759	0.000	6	0.950	2.526	2.526	1.224		411.261	85	1.411	879972314562932472	879972058651668135	879972058647473830	21192	
1	C32H53N5O13	[M + Na]+	C32H53N5NaO13+		0.572	61.579	61.579	0.000	28	0.821	1.346	5.127	0.532		738.354	100	1.660	879972464203116290	879972056600653419	879972056596459114	6142	
1	C42H53N5O11	[M + H]+	C42H54N5O11+		0.332	83.140	83.140	0.000	36	0.880	1.082	1.617	-5.139		804.377	120	1.999	879972796073225996	879972056348995171	879972056344800866	5016	
1	C20H30N4O8	[M + H]+	C20H31N4O8+		0.995	164.071	164.071	0.000	48	0.953	0.704	1.508	3.206		455.215	132	2.207	879972892114398999	879972056214777439	879972056210583134	4442	
1	C35H65N5O11	[M + Na]+	C35H65N5NaO11+		0.421	114.723	114.723	0.000	50	0.944	0.666	1.289	-1.960		754.456	151	2.516	879973517015363436	879972055786958419	879972055778569810	2981	
1	C15H30N6O5	[M + H]+	C15H31N6O5+		0.996	147.009	147.009	0.000	42	0.828	0.289	2.610	-14.243		375.230	152	2.536	879973175720652620	879972056739065455	879972056734871150	6823	
1	C9H12Br4FN3O2	[M + H]+	C9H13Br4FN3O2+		1.000	69.620	69.620	0.000	16	0.435	0.208	2.449	-11.854		529.766	186	3.104	879973398568218456	879972058169323167	879972058165128862	17331	
1	C32H43N3O7	[M + K]+	C32H43KN3O7+		0.674	91.324	91.324	0.000	36	0.916	0.448	2.915	-0.256		620.273	194	3.231	879973010012090145	879972054985846339	879972054960680514	697	
1	C29H46N8O8S	[M + H]+	C29H47N8O8S+		0.399	90.301	90.301	0.000	38	0.971	0.429	1.544	2.386		667.325	197	3.288	879973139284733761	879972055455608395	879972055447219786	1988	
1	C17H20Br4N6O4	[M + H]+	C17H21Br4N6O4+		0.954	44.227	44.227	0.000	26	0.792	1.828	1.828	-1.347		688.834	216	3.605	879973414800174946	879972055942147671	879972055933759062	3410	
1	C33H41N5O7	[M + H]+	C33H42N5O7+		0.870	54.764	54.764	0.000	19	0.879	1.554	1.991	2.781		620.310	218	3.632	879972311404621550	879972057615675019	879972057611480714	12400	
1	C68H72N4O9	[M + H]+	C68H73N4O9+		0.498	50.350	50.350	0.000	19	0.793	0.781	1.695	-1.015		1089.536	242	4.036	879973756610785142	879972057267547775	879972057259159166	9996	
1	C13H16FN3O5	[M + H]+	C13H17FN3O5+		0.890	80.092	80.092	0.000	15	0.922	-1.740	3.648	0.079		314.115	274	4.573	879974011632856962	879972057837973139	879972057833778834	14226	
1	C40H57N5O10	[M + H]+	C40H58N5O10+		0.449	178.271	178.271	0.000	40	0.726	1.431	1.956	-4.840		768.414	300	4.996	879974844504190882	879972057951219351	879972057947025046	15065	
1	C18H32O4	[M + H]+	C18H33O4+		1.000	70.573	70.573	0.000	22	0.550	-0.516	2.649	-6.181		313.235	427	7.118	879974147259871117	879972058848800435	879972058844606130	31287	
1	C16H29N7O5	[M + H]+	C16H30N7O5+		0.807	63.167	63.167	0.000	22	0.796	1.242	4.097	5.013		400.232	454	7.561	879974202540797848	879972058269986467	879972058265792162	18933	
1	C41H81N7O5S	[M + H]+	C41H82N7O5S+		0.326	16.748	16.748	0.000	4	0.132	-5.697	7.022	-4.800		784.606	476	7.937	879974925953380460	879972058832023215	879972058827828910	27009	
1	C74H105N19O13	[M + K]+	C74H105KN19O13+		0.838	62.166	62.166	0.000	14	0.600	-0.173	2.913	12.820		1506.796	488	8.132	879975802684554333	879972057728921231	879972057724726926	13274	
1	C45H77BO8	[M + H]+	C45H78BO8+		0.646	16.312	16.312	0.000	4	0.269	-2.808	2.808	-2.191		756.580	502	8.372	879975020522355131	879972057024278135	879972057015889526	8399	
1	C44H83NO5	[M + K]+	C44H83KNO5+		0.651	97.312	97.312	0.000	13	0.651	2.218	2.218	-4.543		744.587	504	8.395	879975080601566027	879972058056076955	879972058056076954	16201	
1	C14H17N5O8	[M + Na]+	C14H17N5NaO8+		0.798	41.730	41.730	0.000	14	0.897	2.305	3.190	1.888		406.098	41	0.687	879976685513283168	879976004320564691	879976004316370386	9997	
1	C32H48N6O10	[M + Na]+	C32H48N6NaO10+		0.438	132.942	132.942	0.000	39	0.860	0.615	1.250	-0.161		699.332	47	0.779	879977154474219124	879976003863385539	879976003859191234	6825	
1	C9H19N5O4	[M + H]+	C9H20N5O4+		0.773	41.625	41.625	0.000	15	0.728	1.148	1.331	-12.896		262.148	70	1.162	879977300536661652	879976005629187583	879976005629187582	23532	
1	C16H31N3O3S	[M + H]+	C16H32N3O3S+		1.000	158.511	158.511	0.000	46	0.956	2.275	2.632	0.031		346.216	81	1.349	879976076059940386	879976005541107195	879976005536912890	21196	
1	C12HCl7O	[M + K]+	C12HCl7KO+		1.000	-0.037	-0.037	0.000	0	0.000			-12.966		444.742	90	1.507	879977932660217527	879976005746628107	879976005742433802	37239	
1	C25H41N3O6S	[M + Na]+	C25H41N3NaO6S+		0.949	126.209	126.209	0.000	48	0.960	1.194	1.535	-7.165		534.257	96	1.606	879976637605942870	879976003070662059	879976003062273450	3428	
1	C28H40N6O5	[M + Na]+	C28H40N6NaO5+		0.399	63.167	63.167	0.000	19	0.812	1.395	2.559	-2.200		563.294	108	1.801	879976129218549293	879976005717267971	879976005713073666	27043	
1	C9H19F2N3O2	[M + H]+	C9H20F2N3O2+		0.978	54.155	54.155	0.000	16	0.836	3.291	3.291	2.874		240.153	109	1.811	879977193917453951	879976002437322139	879976002428933530	1447	
1	C22H36N4O8	[M + H]+	C22H37N4O8+		0.707	147.567	147.567	0.000	43	0.940	1.458	1.946	0.226		485.261	125	2.080	879976173179049527	879976002777060771	879976002772866466	2552	
1	C29H49N7O14	[M + H]+	C29H50N7O14+		0.954	180.651	180.651	0.000	46	0.943	0.489	2.226	-6.422		720.336	129	2.153	879978805377439500	879976003355874739	879976003347486130	4443	
1	C12H18Br4N2O6	[M + H]+	C12H19Br4N2O6+		1.000	88.291	88.291	0.000	27	0.805	2.229	2.496	0.479		602.797	153	2.543	879976406839531083	879976003745945023	879976003737556414	6148	
1	C33H42N4O7S	[M + H]+	C33H43N4O7S+		0.426	89.839	89.839	0.000	34	0.830	1.218	1.758	-1.247		639.284	160	2.673	879977119007184490	879976003615921595	879976003611727290	5537	
1	C39H58N8O11	[M + H]+	C39H59N8O11+		0.992	79.723	79.723	0.000	25	0.859	2.144	2.388	-2.920		815.427	218	3.632	879977852418987680	879976003980826055	879976003976631750	7533	
1	C46H72N10O16	[M + H]+	C46H73N10O16+		0.553	53.394	53.394	0.000	22	0.740	-0.139	1.463	1.123		1021.521	241	4.024	879977291367913098	879976004538668507	879976004534474202	11587	
1	C35H27Br3N4O6	[M + H]+	C35H28Br3N4O6+		0.244	89.263	89.263	0.000	36	0.816	0.542	1.413	1.258		836.956	253	4.215	879976392151078465	879976003217462703	879976003209074094	3894	
1	C16H26I3N7O5	[M + H]+	C16H27I3N7O5+		0.250	56.498	56.498	0.000	14	0.694	1.289	2.757	4.837		777.924	256	4.268	879977905153971882	879976005062956527	879976005058762222	16205	
1	C46H59N7O8	[M + H]+	C46H60N7O8+		0.454	65.195	65.195	0.000	22	0.788	1.278	1.448	1.207		838.451	277	4.613	879978202895029972	879976005276866039	879976005272671734	18938	
1	C25H47N5O15	[M + H]+	C25H48N5O15+		0.303	38.394	38.394	0.000	6	0.911	1.941	7.476	-4.925		658.311	363	6.046	879978004932269752	879976004643526111	879976004639331806	12413	
1	C18H19NO4	[M + Na]+	C18H19NNaO4+		0.126	7.037	7.037	0.000	1	0.296	-1.969	1.969	-2.763		336.120	377	6.277	879978018081412803	879976002168886679	879976002135332246	702	
1	C21H37N	[M + H]+	C21H38N+		1.000	23.533	23.533	0.000	6	0.678	1.720	1.904	1.391		304.300	414	6.905	879978019318732493	879976005176202739	879976005172008434	17340	
1	C74H145N11O20	[M + H]+	C74H146N11O20+		0.545	12.570	12.570	0.000	8	0.505	1.104	3.026	-5.310		1509.066	415	6.921	879979109242182470	879976003485898167	879976003481703862	5019	
1	C53H94O2	[M + K]+	C53H94KO2+		0.421	23.515	23.515	0.000	4	0.631	-11.568	11.568	1.072		801.689	422	7.035	879978613198624479	879976004433810903	879976004429616598	10779	
1	C5H9FN3O2	[M + H]+	C5H10FN3O2+		0.986	58.735	58.735	0.000	10	0.956	1.668	4.098	3.948		163.076	443	7.376	879978735022184172	879976004953904619	879976004945516010	15068	
1	C23H42O5	[M + K]+	C23H42KO5+		1.000	140.253	140.253	0.000	30	0.872	1.645	1.998	2.556		437.268	461	7.687	879978756236973825	879976004748383715	879976004744189410	13279	
1	C26H48O6	[M + H]+	C26H49O6+		0.470	4.488	4.488	0.000	0	0.000	-0.144	0.144	-1.674		457.352	486	8.101	879978736544716535	879976002928055719	879976002919667110	2989	
1	C30H55N5O5	[M + K]+	C30H55KN5O5+		0.728	7.682	7.682	0.000	6	0.236	-0.625	5.500	-5.093		604.380	499	8.312	879978816811112214	879976004094072267	879976004089877962	8429	
1	C35H65N9O6	[M + H]+	C35H66N9O6+		0.974	28.727	28.727	0.000	5	0.268	2.206	2.206	-1.492		708.512	627	10.445	879978941134477104	879976005734045191	879976005729850886	31312	
1	C34H61N9O11	[M + K]+	C34H61KN9O11+		0.917	134.908	134.908	0.000	35	0.851	1.331	2.397	4.057		810.416	75	1.258	879980106742261832	879979252949739473	879979252945545168	6151	
1	C23H38N6O8	[M + H]+	C23H39N6O8+		0.994	109.128	109.128	0.000	30	0.847	1.567	1.567	-0.927		527.282	84	1.406	879980758499354761	879979252853270477	879979252849076172	5539	
1	C5Br3F2N	[M + K]+	C5Br3F2KN+		0.903	-1.219	-1.219	0.000	0	0.000			-9.672		387.714	101	1.686	879980224207939688	879979254115756029	879979254107367420	15070	
1	C7H10N2O2	[M + H]+	C7H11N2O2+		1.000	50.975	50.975	0.000	9	0.120	2.309	3.375	0.619		155.082	119	1.982	879979272667162676	879979254824593437	879979254820399132	37355	
1	C31H48N8O6	[M + H]+	C31H49N8O6+		0.990	84.829	84.829	0.000	35	0.899	0.502	1.868	-2.475		629.375	123	2.045	879979457275258942	879979252488366013	879979252484171708	3433	
1	C45H73N11O16	[M + H]+	C45H74N11O16+		0.744	46.931	46.931	0.000	18	0.755	0.464	1.141	5.806		1024.537	133	2.216	879980305577437309	879979252370925497	879979252366731192	2995	
1	C20H34N4O5	[M + H]+	C20H35N4O5+		0.996	109.021	109.021	0.000	26	0.951	0.828	1.421	1.467		411.261	139	2.325	879981649520519356	879979253725685749	879979253721491444	13281	
1	C21H41N5O7	[M + H]+	C21H42N5O7+		1.000	61.755	61.755	0.000	19	0.925	0.135	2.488	0.052		476.308	147	2.456	879981522454079636	879979253645993969	879979253641799664	12417	
1	C37H53N7O9	[M + H]+	C37H54N7O9+		0.981	128.763	128.763	0.000	50	0.961	0.566	1.576	-2.908		740.396	163	2.710	879981559909214366	879979253402724325	879979253402724324	9999	
1	C34H55N5O9	[M + H]+	C34H56N5O9+		0.998	142.149	142.149	0.000	54	0.976	0.503	2.020	-8.188		678.402	166	2.760	879981964537915605	879979253138483161	879979253134288856	7549	
1	C40H52N4O4	[M + H]+	C40H53N4O4+		0.629	51.391	51.391	0.000	25	0.927	1.231	1.908	-2.958		653.404	184	3.075	879981631673755826	879979253230757853	879979253226563548	8431	
1	C77H99N21O10S	[M + H]+	C77H100N21O10S+		0.020	35.999	35.999	0.000	14	0.808	2.024	4.157	0.314		1510.768	246	4.104	879981750984927431	879979252760995785	879979252756801480	5028	
1	C3H8B2Cl2O2	[M + H]+	C3H9B2Cl2O2+		0.999	49.875	49.875	0.000	12	0.490	9.011	9.046	-17.874		167.020	332	5.525	879980118217877586	879979254812010521	879979254807816216	31334	
1	C20H43NO4	[M + H]+	C20H44NO4+		1.000	59.726	59.726	0.000	12	0.477	0.777	2.156	-3.271		362.325	390	6.497	879980228175751282	879979254191253505	879979254187059200	16240	
1	C49H98N2O17	[M + H]+	C49H99N2O17+		0.869	27.907	27.907	0.000	10	0.813	-1.534	3.177	-2.051		987.692	396	6.594	879980208244418652	879979252668721093	879979252664526788	4444	
1	C27H56O9	[M + Na]+	C27H56NaO9+		0.380	29.355	29.355	0.000	5	0.574	-4.201	4.201	-6.310		547.378	442	7.369	879981599763490984	879979252580640705	879979252580640704	3897	
1	C28H48O5	[M + H3N + H]+	C28H52NO5+		1.000	21.359	21.359	0.000	4	0.468	0.659	0.659	4.560	DG(18:1_7:2)	482.386	446	7.437	879981649898006726	879979254627461137	879979254623266832	23559	
1	C35H66N2O11	[M + H]+	C35H67N2O11+		0.370	11.807	11.807	0.000	3	0.512	6.748	6.748	-12.491		691.465	491	8.181	879982662243608810	879979254795233301	879979254791038996	27053	
1	C17H35N7O5	[M + H]+	C17H36N7O5+		0.797	24.371	24.371	0.000	7	0.615	2.167	3.515	-4.647		418.275	494	8.228	879981971261384927	879979254023481337	879979254019287032	14238	
1	C45H69NO10	[M + H]+	C45H70NO10+		0.397	51.750	51.750	0.000	9	0.749	0.659	1.884	-0.795		784.499	502	8.371	879982962971011318	879979254296111109	879979254291916804	17353	
1	C35H62O9	[M + H]+	C35H63O9+		0.359	59.167	59.167	0.000	10	0.579	8.828	8.828	12.973		627.455	504	8.405	879982987797096705	879979254522603533	879979254518409228	21216	
1	C33H54N6O8	[M + H]+	C33H55N6O8+		0.578	7.463	7.463	0.000	2	0.078	0.128	0.763	4.840		663.411	513	8.555	879983017270470926	879979253486610409	879979253482416104	10785	
1	C66H94FN11O11	[M + H]+	C66H95FN11O11+		0.291	18.209	18.209	0.000	6	0.210	4.743	4.743	-3.079		1236.715	639	10.653	879983562211225098	879979253562107885	879979253557913580	11592	
1	C4H8ClF2NO	[M + Na]+	C4H8ClF2NNaO+		0.906	44.485	44.485	0.000	14	0.818	2.294	3.773	8.962		182.017	648	10.797	879983135403043229	879979254417745929	879979254413551624	18981	
1	C12H19FN2O3	[M + H]+	C12H20FN2O3+		1.000	134.383	134.383	0.000	39	0.759	-0.171	2.575	-3.655		259.144	39	0.648	879983809746790323	879983770592962415	879983770588768110	12425	
1	C18H32N4O9	[M + H]+	C18H33N4O9+		0.766	51.590	51.590	0.000	15	0.993	1.035	2.069	-1.792		449.223	79	1.317	879984121538766832	879983770840426359	879983770836232054	14239	
1	C20H34N4O6	[M + H]+	C20H35N4O6+		0.997	37.838	37.838	0.000	9	0.963	2.120	2.120	3.953		427.257	81	1.345	879984186823108622	879983769200453451	879983769196259146	5540	
1	C12H22N3O3S	[M + H]+	C12H23N3O3S+		0.992	63.612	63.612	0.000	17	0.928	2.839	2.839	-2.642		289.145	100	1.667	879983989854398407	879983769074624327	879983769070430022	5035	
1	C25H29Cl2N7O4	[M + H]+	C25H30Cl2N7O4+		0.676	50.168	50.168	0.000	24	0.721	-0.685	3.097	-8.688		562.168	102	1.692	879984048662734802	879983770962061179	879983770953672570	15074	
1	C29H49N5O9	[M + K]+	C29H49KN5O9+		0.592	105.687	105.687	0.000	38	0.801	0.840	1.600	1.713		650.317	102	1.697	879985169326237751	879983768210597679	879983768206403374	1994	
1	C47H68NO10P	[M + H]+	C47H69NO10P+		1.000	36.294	36.294	0.000	27	0.900	1.634	6.287	-1.980	PS(16:6_25:6)	838.464	174	2.894	879983788771076018	879983768369981235	879983768365786930	2560	
1	C50H71N13O11	[M + H]+	C50H72N13O11+		0.544	47.811	47.811	0.000	23	0.731	1.130	1.623	3.031		1030.550	188	3.141	879984169005705210	879983768940406595	879983768936212290	4449	
1	C44H66N10O13	[M + H]+	C44H67N10O13+		0.577	145.800	145.800	0.000	38	0.861	0.347	1.360	6.403		943.494	232	3.869	879985923957031924	879983768806188863	879983768797800254	3899	
1	C30H52N8O12	[M + H]+	C30H53N8O12+		0.342	62.400	62.400	0.000	12	0.757	1.794	1.837	-3.827		717.375	248	4.137	879984652822865964	879983771305994119	879983771301799814	18983	
1	C32H44N6O8	[M + H]+	C32H45N6O8+		0.933	75.843	75.843	0.000	22	0.808	0.913	1.134	0.875		641.330	254	4.232	879984053519738844	879983771687675803	879983771683481498	37362	
1	C30H52N8O9	[M + H]+	C30H53N8O9+		0.964	83.148	83.148	0.000	25	0.842	2.261	2.261	8.513		669.399	255	4.244	879983977695111101	879983769863153503	879983769858959198	9232	
1	C15H30N2O3	[M + H]+	C15H31N2O3+		1.000	80.071	80.071	0.000	14	0.886	1.903	1.903	-0.415		287.233	255	4.257	879984190572816408	879983771192747907	879983771188553602	17358	
1	C20H18I2N6O6S	[M + H]+	C20H19I2N6O6S+		0.997	67.854	67.854	0.000	13	0.659	3.276	3.276	-1.484		724.916	268	4.470	879984103733946342	879983771410851723	879983771406657418	21251	
1	C25H38N6O8	[M + H]+	C25H39N6O8+		0.445	28.981	28.981	0.000	8	0.622	0.659	8.169	-4.333		551.280	418	6.972	879984217353447458	879983769468888915	879983769464694610	6833	
1	C44H58O6	[M + H]+	C44H59O6+		0.214	4.378	4.378	0.000	0	0.000	1.440	1.440	0.416		683.431	450	7.502	879984181827692548	879983770135783271	879983770131588966	10790	
1	C37H63NO6	[M + H]+	C37H64NO6+		0.681	59.672	59.672	0.000	17	0.814	1.813	1.911	-11.666		618.466	453	7.551	879985338650290243	879983769724741467	879983769720547162	8440	
1	C16H39N4O3	[M + H]+	C16H40N4O3+		0.865	32.353	32.353	0.000	7	0.969	2.622	2.622	0.914		336.310	460	7.664	879985382946334798	879983768663582523	879983768659388218	3436	
1	C21H37B10NO3	[M + Na]+	C21H37B10NNaO3+		1.000	47.039	47.039	0.000	17	0.735	12.031	12.031	-1.127		474.395	502	8.361	879985385857181784	879983771524097935	879983771519903630	23667	
1	C24H38O7	[M + H]+	C24H39O7+		1.000	134.615	134.615	0.000	26	0.880	2.081	2.492	0.842		439.269	502	8.373	879985445898643555	879983769598912343	879983769594718038	7551	
1	C30H60O9	[M + H]+	C30H61O9+		0.998	115.670	115.670	0.000	28	0.856	3.073	3.073	-0.194		565.431	507	8.452	879985574210791535	879983770471327595	879983770462938986	11594	
1	C43H83N3O9	[M + H]+	C43H84N3O9+		0.286	6.908	6.908	0.000	2	0.122	6.963	6.963	4.694		786.624	581	9.678	879985598147684473	879983771666704279	879983771666704278	31392	
1	C3H7Cl3N2O4S2	[M + Na]+	C3H7Cl3N2NaO4S2+		0.989	20.662	20.662	0.000	10	0.636	0.935	5.977	-7.350		326.878	639	10.646	879985704318101657	879983771079501695	879983771075307390	16245	
1	C48H76O5	[M + Na]+	C48H76NaO5+		0.991	150.452	150.452	0.000	22	0.620	4.977	4.977	-0.392		755.558	639	10.658	879986037291320554	879983770722985843	879983770718791538	13287	
1	C2H2Cl2N2O4Si	[M + H]+	C2H3Cl2N2O4Si+		0.591	7.679	7.679	0.000	3	0.072	0.052	7.000	-3.987		216.923	645	10.756	879985932106564606	879983771649927059	879983771645732754	27085	
1	C3H5BBrF2NO4	[M + K]+	C3H5BBrF2KNO4+		0.981	62.304	62.304	0.000	14	0.379	-4.330	7.502	-7.007		284.911	646	10.767	879985946765657109	879983770005759843	879983770001565538	10013	
1	C29H33N5O6	[M + H]+	C29H34N5O6+		0.837	110.558	110.558	0.000	28	0.788	1.818	2.843	-5.217		548.248	41	0.683	879986382771303683	879986195428521082	879986195424326777	5543	
1	C10H15N5O3	[M + H]+	C10H16N5O3+		0.932	121.111	121.111	0.000	32	0.858	1.828	2.040	-7.342		254.123	49	0.822	879986230807475434	879986195172668530	879986195168474225	4462	
1	C9H12Br4N4O2	[M + H]+	C9H13Br4N4O2+		0.997	65.084	65.084	0.000	15	0.294	-0.640	1.148	-2.002		524.776	79	1.313	879986220959249633	879986197072688306	879986197068494001	17385	
1	C2HBr4O2	[M + H]+	C2H2Br4O2+		0.989	-4.215	-4.215	0.000	0	0.000			2.732		373.679	131	2.187	879986401062663437	879986194413499486	879986194405110877	1998	
1	C36H46N6O7	[M + H]+	C36H47N6O7+		0.997	132.203	132.203	0.000	53	0.975	0.945	1.692	1.815		675.351	136	2.260	879987913100867018	879986195038450798	879986195034256493	3903	
1	C20H34N4O6	[M + H]+	C20H35N4O6+		0.841	167.021	167.021	0.000	43	0.871	0.835	1.357	4.187		427.257	143	2.376	879986841129039163	879986194744849510	879986194740655205	3002	
1	C8H14BrI2N5O4	[M + H]+	C8H15BrI2N5O4+		0.991	130.809	130.809	0.000	26	0.535	4.150	4.599	-3.874		577.837	188	3.141	879986741849863472	879986194900038762	879986194891650153	3442	
1	C19H25N3O5	[M + H]+	C19H26N3O5+		0.877	123.322	123.322	0.000	44	0.932	1.600	2.491	-1.588		376.186	191	3.178	879986300533585145	879986194581271650	879986194577077345	2563	
1	C29H58N10O9	[M + H]+	C29H59N10O9+		0.794	109.243	109.243	0.000	37	0.887	1.248	2.641	-10.124		691.439	203	3.381	879986863086220613	879986194224755802	879986194212172889	1462	
1	C37H64N8O9	[M + H]+	C37H65N8O9+		0.997	126.501	126.501	0.000	40	0.927	1.874	1.874	2.349		765.489	218	3.627	879986578569803024	879986196951053486	879986196946859181	16254	
1	C12H20Br3F2N3O4S2	[M + H]+	C12H21Br3F2N3O4S2+		0.954	84.274	84.274	0.000	26	0.821	0.717	1.687	-7.899		609.844	225	3.744	879986863530816848	879986197181740214	879986197177545909	18984	
1	CNP7S2	[M + K]+	CKNP7S2+		0.959	-10.106	-10.106	0.000	0	0.000			-14.189		345.722	229	3.816	879986235945497844	879986196825224362	879986196816835753	15077	
1	C31H41N7O10	[M + H]+	C31H42N7O10+		0.992	87.752	87.752	0.000	20	0.723	1.531	2.255	1.090		672.300	240	4.001	879987370315986287	879986196250604694	879986196246410389	10796	
1	C38H51N7O9	[M + H]+	C38H52N7O9+		0.716	67.036	67.036	0.000	24	0.855	1.219	2.298	-0.670		750.382	246	4.107	879986703887217947	879986195919254666	879986195915060361	8447	
1	C63H105N11O19	[M + H]+	C63H106N11O19+		0.418	34.691	34.691	0.000	8	0.543	-1.520	3.605	-11.657		1320.751	263	4.382	879987667943798160	879986196141552786	879986196137358481	10016	
1	C47H59N5O9	[M + H]+	C47H60N5O9+		0.440	74.478	74.478	0.000	27	0.768	1.149	2.048	2.558		838.441	272	4.542	879986726066697509	879986195298497654	879986195294303349	5048	
1	C22H41NO8	[M + H]+	C22H42NO8+		0.998	79.550	79.550	0.000	10	0.815	1.184	2.182	0.906		448.291	467	7.778	879986877506237787	879986196032500878	879986196028306573	9233	
1	C4H7INO3	[M + K]+	C4H7IKNO3+		0.625	41.906	41.906	0.000	6	0.553	-0.430	3.925	1.328		282.911	482	8.032	879986880547108197	879986197622142146	879986197617947841	27092	
1	C19H33N3O2	[M + Na]+	C19H33N3NaO2+		0.974	43.521	43.521	0.000	6	0.330	2.103	2.103	-2.228		358.246	486	8.107	879987596221199750	879986195680179330	879986195675985025	6838	
1	C37H66N6O6	[M + H]+	C37H67N6O6+		0.995	92.039	92.039	0.000	16	0.605	-0.391	3.197	-1.389		691.511	493	8.211	879987590508557692	879986197555033278	879986197550838973	23709	
1	C25H41NO3	[M + H]+	C25H42NO3+		0.983	68.802	68.802	0.000	11	0.928	1.746	2.065	5.143		404.318	493	8.222	879987672016467355	879986196581954722	879986196577760417	13296	
1	C35H61B2N5O5	[M + Na]+	C35H61B2N5NaO5+		0.588	55.750	55.750	0.000	11	0.489	3.168	3.658	5.241		674.486	511	8.514	879987791688349096	879986196703589542	879986196699395237	14242	
1	C44H78N6O5	[M + H]+	C44H79N6O5+		0.985	119.632	119.632	0.000	39	0.859	1.173	2.698	-8.095		771.604	534	8.896	879987832868025790	879986197290792122	879986197286597817	21261	
1	C36H67N7O5	[M + H]+	C36H68N7O5+		0.493	35.748	35.748	0.000	9	0.503	4.711	4.711	9.661		678.534	639	10.645	879987799636555187	879986196468708510	879986196468708509	12426	
1	C46H78O5	[M + H]+	C46H79O5+		0.537	55.017	55.017	0.000	12	0.572	7.301	7.301	6.321		711.597	639	10.647	879988043384337877	879986197647307978	879986197647307977	37388	
1	C42H54N2O7	[M + K]+	C42H54KN2O7+		0.533	24.375	24.375	0.000	15	0.637	0.215	3.484	-1.031		737.356	643	10.718	879988316425139706	879986197638919366	879986197634725061	31442	
1	C5H8Cl2N2O	[M + H]+	C5H9Cl2N2O+		1.000	50.622	50.622	0.000	18	0.588	1.949	11.745	10.138		183.011	652	10.868	879988446326928909	879986195558544510	879986195554350205	6154	
1	C29H40N6O13	[M + K]+	C29H40KN6O13+		0.912	87.827	87.827	0.000	27	0.776	1.852	1.913	0.843		719.229	39	0.647	879989923989975993	879988942728360703	879988942724166398	9236	
1	C10H19NO3Si	[M + H]+	C10H20NO3Si+		0.342	50.490	50.490	0.000	7	0.853	1.306	2.160	5.665		230.122	57	0.949	879988964308054866	879988941822391003	879988941818196698	3449	
1	C28H32N4O8	[M + H]+	C28H33N4O8+		0.882	51.305	51.305	0.000	13	0.970	1.252	2.288	0.921		553.230	69	1.147	879989006406284136	879988941268742859	879988941260354250	1467	
1	C38H53N9O8S	[M + H]+	C38H54N9O8S+		0.988	75.423	75.423	0.000	14	0.661	0.874	2.177	-5.346		796.377	81	1.358	879991866879669269	879988942644474619	879988942640280314	8448	
1	C23H39N3O10	[M + H]+	C23H40N3O10+		0.991	213.740	213.740	0.000	53	0.960	2.453	2.593	-0.040		518.271	82	1.373	879989406089900924	879988942820635395	879988942816441090	10027	
1	C9H14Br2ClN3O4	[M + Na]+	C9H14Br2ClN3NaO4+		0.996	52.569	52.569	0.000	12	0.261	1.253	1.289	10.636		443.898	89	1.487	879989412221973382	879988943852434215	879988943848239910	19016	
1	C27H48N4O16	[M + H]+	C27H49N4O16+		0.248	15.710	15.710	0.000	2	0.094	2.887	16.431	-9.059		685.308	97	1.613	879989621559686053	879988943999234863	879988943999234862	23712	
1	C50H56N4O9	[M + H]+	C50H57N4O9+		0.428	64.989	64.989	0.000	21	0.774	0.617	1.233	-6.538		857.406	99	1.650	879989827009278895	879988942996796171	879988942992601866	11597	
1	C48H58ClN5O9	[M + H]+	C48H59ClN5O9+		0.696	49.800	49.800	0.000	24	0.883	1.418	1.883	0.133		884.400	113	1.875	879990477847819214	879988942338290415	879988942334096110	6156	
1	C50H67N13O13	[M + H]+	C50H68N13O13+		0.664	29.260	29.260	0.000	17	0.962	1.399	2.529	-7.280		1058.498	131	2.178	879990594545939416	879988942430565107	879988942426370802	6841	
1	C37H60N10O15	[M + H]+	C37H61N10O15+		0.452	82.189	82.189	0.000	26	0.764	0.057	1.284	3.120		885.434	142	2.369	879991001271792630	879988941935637215	879988941931442910	3910	
1	C40H68N8O13	[M + Na]+	C40H68N8NaO13+		0.723	55.129	55.129	0.000	16	0.855	0.935	1.014	-6.624		891.474	161	2.678	879991312497538059	879988942141158119	879988942136963814	5050	
1	C28H22Br2N4O5	[M + H]+	C28H23Br2N4O5+		0.878	60.283	60.283	0.000	20	0.758	1.971	1.971	13.368		653.012	162	2.693	879988999695397725	879988942908715783	879988942904521478	10816	
1	C44H74N12O13	[M + H]+	C44H75N12O13+		0.425	99.575	99.575	0.000	40	0.898	0.999	1.410	2.035		979.559	205	3.417	879990814738510818	879988941704950487	879988941700756182	3006	
1	C33H47N5O6	[M + H]+	C33H48N5O6+		0.919	73.365	73.365	0.000	21	0.754	1.660	1.868	7.355		610.364	215	3.590	879989132424147826	879988943370089243	879988943365894938	15084	
1	C40H56N6O8	[M + H]+	C40H57N6O8+		0.370	74.711	74.711	0.000	22	0.831	1.781	2.031	0.615		749.424	238	3.967	879989546934629265	879988943701439263	879988943701439262	16273	
1	C29H39N5O7S	[M + H]+	C29H40N5O7S+		0.917	60.452	60.452	0.000	20	0.823	0.672	0.948	3.992		602.267	239	3.981	879989597786370971	879988944095703867	879988944095703866	37570	
1	C58H96N10O18	[M + H]+	C58H97N10O18+		0.959	51.726	51.726	0.000	19	0.770	1.199	1.868	-4.324		1221.692	240	3.996	879991166892274688	879988941562344147	879988941558149842	2567	
1	C41H66N14O12	[M + Na]+	C41H66N14NaO12+		0.366	72.252	72.252	0.000	15	0.598	0.544	1.845	0.532		969.488	245	4.075	879990372797281220	879988943923737387	879988943919543082	21266	
1	C27H41N7O4	[M + H]+	C27H42N7O4+		0.954	69.253	69.253	0.000	23	0.883	1.695	3.745	9.882		528.335	245	4.089	879990844161553388	879988942535422711	879988942531228406	7561	
1	C50H73N11O13	[M + H]+	C50H74N11O13+		0.933	51.325	51.325	0.000	14	0.613	1.840	2.455	1.150		1036.547	269	4.492	879992008873637565	879988943286203159	879988943286203158	14246	
1	C16H13NO3	[M + H]+	C16H14NO3+		0.578	20.057	20.057	0.000	3	0.190	0.843	1.516	-1.193		268.097	327	5.449	879991995653191040	879988941017084615	879988940991918790	756	
1	C13H20N2O6S	[M + H]+	C13H21N2O6S+		0.681	30.416	30.416	0.000	7	0.414	1.484	6.787	2.150		333.112	363	6.045	879992039756298066	879988942241821419	879988942233432810	5545	
1	C29H41N7O6	[M + H]+	C29H42N7O6+		0.476	39.970	39.970	0.000	8	0.665	-1.440	3.215	-1.555		584.318	403	6.713	879992182844979975	879988943776936739	879988943772742434	17398	
1	C29H49NO6	[M + H]+	C29H50NO6+		0.997	29.898	29.898	0.000	9	0.809	4.022	4.022	2.823		508.365	410	6.826	879992033192212295	879988943093265167	879988943089070862	12429	
1	C19H36O9	[M + H]+	C19H37O9+		0.870	63.788	63.788	0.000	9	0.947	2.932	2.932	9.996		409.247	484	8.065	879992023197185735	879988944070538035	879988944066343730	27094	
1	C18H35N5O4	[M + H]+	C18H36N5O4+		0.778	28.237	28.237	0.000	6	0.223	-3.066	5.526	-5.905		386.274	507	8.458	879992027072722648	879988943189734163	879988943185539858	13301	
1	C43H85NO8	[M + K]+	C43H85KNO8+		0.120	5.142	5.142	0.000	3	0.113	2.533	2.533	-1.504		782.590	576	9.599	879992100322047841	879988944087315255	879988944083120950	31467	
1	C68H105N11O15	[M + K]+	C68H105KN11O15+		0.651	24.503	24.503	0.000	8	0.302	-2.846	4.427	-2.081		1354.740	643	10.721	879992627936132208	879988941419737807	879988941415543502	2001	
1	C20H34N6O8	[M + H]+	C20H35N6O8+		0.957	96.868	96.868	0.000	32	0.966	2.011	2.179	9.464		487.256	52	0.860	879992891813904208	879992815267856111	879992815263661806	6845	
1	C14H25N3O6S	[M + H]+	C14H26N3O6S+		0.996	57.168	57.168	0.000	16	0.740	2.847	3.398	1.145		364.154	62	1.030	879993760030637963	879992815968304911	879992815964110606	13316	
1	C11H17Br4N3O5	[M + H]+	C11H18Br4N3O5+		1.000	88.447	88.447	0.000	24	0.707	0.289	1.913	-3.650		587.795	94	1.569	879994206656905172	879992814957477603	879992814953283298	5051	
1	C30H47N5O7	[M + H]+	C30H48N5O7+		0.987	136.752	136.752	0.000	45	0.950	1.575	2.023	-0.212		590.355	98	1.640	879994400416972766	879992815167192811	879992815167192810	6161	
1	C26H41N3O6S	[M + Na]+	C26H41N3NaO6S+		0.809	178.306	178.306	0.000	52	0.965	0.059	1.955	-7.923		546.257	130	2.168	879993356597313389	879992814227668683	879992814223474378	2004	
1	C32H39N3O5	[M + H]+	C32H40N3O5+		0.656	138.354	138.354	0.000	46	0.946	-0.419	2.268	-7.043		546.292	138	2.307	879993530941947767	879992813778878147	879992813749518018	757	
1	C22H25N3O7	[M + H]+	C22H26N3O7+		0.523	117.996	117.996	0.000	32	0.871	1.818	2.023	4.668		444.179	146	2.439	879993629545840513	879992816333209375	879992816329015070	17401	
1	C16H36BN7O6	[M + H]+	C16H37BN7O6+		0.999	163.728	163.728	0.000	53	0.979	0.594	1.349	-1.432		433.292	158	2.635	879994141422895008	879992815364325107	879992815360130802	7565	
1	C30H47N3O5S	[M + H]+	C30H48N3O5S+		1.000	62.634	62.634	0.000	22	0.955	0.998	1.440	2.100		562.332	166	2.758	879994188705284031	879992815066529511	879992815062335206	5551	
1	C56H69N5O8	[M + H]+	C56H70N5O8+		0.895	32.763	32.763	0.000	19	0.863	1.199	1.482	0.223		940.522	199	3.323	879994191599353802	879992814512881363	879992814508687058	3012	
1	C7H15NO3	[M + H]+	C7H16NO3+		1.000	51.693	51.693	0.000	6	0.602	0.376	3.484	3.887		162.113	222	3.703	879994159559065527	879992816064773907	879992816060579602	14253	
1	C36H65N13O12	[M + H]+	C36H66N13O12+		0.677	71.596	71.596	0.000	22	0.751	-0.057	0.885	-8.185		872.488	229	3.820	879993275148123994	879992815544680187	879992815540485882	9247	
1	C9H13Br4NO7	[M + H]+	C9H14Br4NO7+		1.000	51.862	51.862	0.000	8	0.414	1.959	1.959	6.871		563.754	244	4.068	879993279073992549	879992816907829039	879992816903634734	27100	
1	C6H10I3N2O2	[M + H]+	C6H11I3N2O2+		0.702	6.010	6.010	0.000	3	0.334	5.886	5.886	6.447		523.798	252	4.197	879994091602952086	879992816408706851	879992816404512546	19043	
1	C29H46	[M + Na]+	C29H46Na+		0.402	3.164	3.164	0.000	0	0.000	-11.195	11.195	-12.153		417.344	405	6.752	879994142668603306	879992815632760575	879992815628566270	10037	
1	C18H32O	[M + H]+	C18H33O+		1.000	199.091	199.091	0.000	36	0.932	1.268	2.193	-1.101		265.252	456	7.596	879994152214839215	879992815796338439	879992815796338438	11605	
1	C19H34O3	[M + H]+	C19H35O3+		1.000	73.288	73.288	0.000	10	0.489	2.962	3.328	-4.727		311.257	476	7.929	879994892308168703	879992815456599799	879992815456599798	8449	
1	C58H53NO44	[M + H]+	C58H54NO44+		0.046	1.000	1.000	0.000	0	0.000			-4.918		1468.194	496	8.268	879994886931070963	879992816798777131	879992816794582826	23721	
1	C22H46N2O4S	[M + H]+	C22H47N2O4S+		0.712	35.886	35.886	0.000	11	0.546	-4.813	4.813	-4.377		435.323	497	8.280	879994410135175144	879992815716646659	879992815712452354	10818	
1	C57H87N3O8	[M + H]+	C57H88N3O8+		0.099	2.000	2.000	0.000	0	0.000			-12.935		942.644	547	9.110	879994950080512011	879992816249323291	879992816245128986	16275	
1	C39H68N6O9	[M + H]+	C39H69N6O9+		0.984	33.738	33.738	0.000	10	0.472	0.836	2.477	-1.508		765.511	573	9.545	879995012986683414	879992816488398631	879992816488398630	21278	
1	C40H71NO9	[M + H]+	C40H72NO9+		0.856	84.720	84.720	0.000	15	0.666	1.983	2.191	8.642		710.526	628	10.471	879995480156651553	879992816941383479	879992816941383478	37592	
1	C38H71NO9	[M + Na]+	C38H71NNaO9+		0.984	42.533	42.533	0.000	10	0.464	-4.477	4.477	-1.981		708.501	639	10.646	879995483591786540	879992815884418827	879992815880224522	12430	
1	C36H43N7O10	[M + H]+	C36H44N7O10+		0.685	81.634	81.634	0.000	25	0.734	1.842	1.913	6.105		734.319	50	0.838	879996060388330881	879995738324503821	879995738320309516	6847	
1	C35H52N4O12	[M + H]+	C35H53N4O12+		0.454	117.501	117.501	0.000	37	0.888	1.233	1.553	-2.564		721.364	51	0.849	879997634707754505	879995738597133589	879995738592939284	8455	
1	C16H28N4O7	[M + H]+	C16H29N4O7+		1.000	210.514	210.514	0.000	49	0.968	0.588	1.565	0.833		389.203	56	0.932	879996191938481557	879995737770855677	879995737762467068	4472	
1	C13H21N3O7	[M + H]+	C13H22N3O7+		1.000	173.128	173.128	0.000	48	0.740	1.343	1.647	-1.886		332.145	69	1.147	879995795182488951	879995738844597533	879995738840403228	10042	
1	C35H57N9O10S2	[M + Na]+	C35H57N9NaO10S2+		0.739	35.248	35.248	0.000	19	0.722	0.950	2.145	-0.825		850.356	74	1.226	879996419211038143	879995737624055033	879995737619860728	3921	
1	C15H35N5O9	[M + H]+	C15H36N5O9+		0.797	51.236	51.236	0.000	16	0.926	1.625	1.765	-6.401		430.248	83	1.386	879996254366502314	879995737913462017	879995737909267712	5064	
1	C6H11Br4FN6O3	[M + H]+	C6H12Br4FN6O3+		1.000	157.322	157.322	0.000	28	0.599	7.245	7.245	0.742		550.769	85	1.419	879995785728527724	879995737154292973	879995737150098668	2574	
1	C33H48N6O7	[M + K]+	C33H48KN6O7+		0.755	106.246	106.246	0.000	43	0.950	1.563	2.541	-4.131		679.319	93	1.545	879998298208898591	879995736818748645	879995736810360036	1477	
1	C21H38N6O8	[M + H]+	C21H39N6O8+		0.979	90.785	90.785	0.000	22	0.860	1.856	1.856	1.215		503.283	108	1.808	879996807167380947	879995738722962713	879995738718768408	9255	
1	C7H18BNO5	[M + Na]+	C7H18BNNaO5+		0.739	27.166	27.166	0.000	4	0.876	2.023	2.023	-9.407		229.119	126	2.095	879997297380855283	879995740077722953	879995740073528648	23744	
1	C16H26I3N5O7	[M + H]+	C16H27I3N5O7+		0.898	64.537	64.537	0.000	31	0.817	3.567	3.567	-4.628		781.900	163	2.721	879996244614745503	879995737317870833	879995737313676528	3016	
1	C26H41N5O9	[M + H]+	C26H42N5O9+		0.996	168.279	168.279	0.000	49	0.943	1.019	1.422	2.456		568.299	175	2.921	879996165132684683	879995738194480393	879995738190286088	6173	
1	C33H44N6O8	[M + H]+	C33H45N6O8+		0.851	63.100	63.100	0.000	26	0.904	1.437	1.968	-10.315		653.323	180	3.008	879996895738498525	879995739742178617	879995739737984312	16286	
1	C36H58N8O11	[M + Na]+	C36H58N8NaO11+		0.390	49.896	49.896	0.000	19	0.707	0.895	1.148	-1.903		801.410	228	3.796	879996763575979465	879995739855424829	879995739851230524	17431	
1	C26H22Br3N3O7	[M + H]+	C26H23Br3N3O7+		0.635	25.031	25.031	0.000	17	0.835	2.023	2.023	-2.291		725.906	242	4.036	879996261131914677	879995737481448693	879995737477254388	3458	
1	C54H71N15O9	[M + H]+	C54H72N15O9+		0.555	37.206	37.206	0.000	9	0.352	1.149	1.524	6.984		1074.571	253	4.220	879997294562282985	879995740002225477	879995739998031172	21293	
1	C34H51N5O8	[M + H]+	C34H52N5O8+		0.827	77.907	77.907	0.000	12	0.725	2.765	3.017	-9.478		658.375	269	4.480	879997462531575294	879995739331136813	879995739326942508	13324	
1	C54H83F3N6O15	[M + H]+	C54H84F3N6O15+		0.131	17.359	17.359	0.000	15	0.528	-4.023	4.671	-4.514		1113.589	279	4.643	879998412453350966	879995740149026125	879995740144831820	27104	
1	C17H26O4	[M + H]+	C17H27O4+		1.000	167.643	167.643	0.000	31	0.892	1.887	2.184	1.403		295.191	367	6.112	879997646351142419	879995740178386261	879995740174191956	37637	
1	C18H35NO	[M + H]+	C18H36NO+		1.000	8.581	8.581	0.000	2	0.302	1.096	1.096	-0.500		282.279	396	6.608	879998298531860009	879995739444383025	879995739440188720	14255	
1	C14H24O4	[M + H]+	C14H25O4+		0.995	53.831	53.831	0.000	6	0.960	2.112	2.342	2.583		257.175	448	7.461	879998301912469036	879995739557629237	879995739549240628	15103	
1	C54H94N22O16	[M + H]+	C54H95N22O16+		0.731	40.080	40.080	0.000	18	0.703	2.908	2.908	4.977		1307.736	474	7.894	879998606381190750	879995739087867173	879995739083672868	11608	
1	C25H53O7P	[M + H]+	C25H54O7P+		0.827	81.912	81.912	0.000	13	0.898	1.656	2.036	-0.336		497.360	480	7.996	879998559392403027	879995739930922305	879995739926728000	19055	
1	C22H43NO4	[M + Na]+	C22H43NNaO4+		0.773	72.304	72.304	0.000	18	0.751	2.646	2.908	1.642		408.309	499	8.314	879998722907344524	879995740165803345	879995740161609040	31575	
1	C77H126N8O13	[M + H]+	C77H127N8O13+		0.052	17.860	17.860	0.000	5	0.422	-0.868	0.918	-0.301		1371.951	601	10.019	879998915333624294	879995738060262661	879995738056068356	5558	
1	C39H70NO8P	[M + Na]+	C39H70NNaO8P+		1.000	46.338	46.338	0.000	12	0.670	2.301	2.301	9.632	PE(18:3_16:1)	734.480	640	10.662	879998736329117335	879995738970426657	879995738966232352	10843	
1	C25H46N2O4	[M + Na]+	C25H46N2NaO4+		0.995	96.033	96.033	0.000	31	0.942	0.862	3.498	-1.688		461.334	50	0.826	879999274455250779	879999233606924005	879999233602729700	3924	
1	C10H15Br4N3S	[M + Na]+	C10H15Br4N3NaS+		0.994	16.548	16.548	0.000	8	0.119	0.744	0.747	10.155		547.767	57	0.955	879999253093660504	879999233380431581	879999233376237276	3022	
1	C29H38N4O8	[M + H]+	C29H39N4O8+		0.714	66.631	66.631	0.000	23	0.961	2.144	2.144	-5.848		571.273	70	1.171	880000144404232176	879999235892819769	879999235888625464	27111	
1	C16H24FN3O3S	[M + H]+	C16H25FN3O3S+		0.971	148.721	148.721	0.000	43	0.905	1.333	1.928	-0.886		358.159	91	1.514	879999309511243659	879999233715975913	879999233711781608	4476	
1	C18H32N8O5	[M + H]+	C18H33N8O5+		0.834	100.439	100.439	0.000	41	0.838	1.286	1.782	-6.669		441.254	98	1.634	879999590965819336	879999234118629113	879999234114434808	6851	
1	C17H13NO4	[M + H]+	C17H14NO4+		0.073	1.804	1.804	0.000	0	0.000	2.248	2.248	0.559		296.092	98	1.638	879999287822497651	879999235121067813	879999235116873508	16290	
1	C13H24N4O5	[M + H]+	C13H25N4O5+		1.000	63.631	63.631	0.000	18	0.971	1.739	1.739	-2.353		317.181	117	1.948	879999456920057769	879999234936518429	879999234932324124	14261	
1	C23H40N8O8	[M + Na]+	C23H40N8NaO8+		0.718	140.730	140.730	0.000	41	0.898	3.138	3.138	4.090		579.289	120	2.003	880000059532490726	879999234332538625	879999234328344320	8461	
1	C45H50N2O9	[M + H]+	C45H51N2O9+		0.136	37.784	37.784	0.000	8	0.935	0.927	2.639	-8.525		763.352	122	2.038	879999275793233766	879999234227681021	879999234223486716	7568	
1	C25H38N4O6	[M + H]+	C25H39N4O6+		0.829	48.990	48.990	0.000	14	0.944	2.026	2.026	-6.130		491.283	148	2.467	880000150683105274	879999233107801813	879999233099413204	2024	
1	C10H5Cl9	[M + H]+	C10H6Cl9+		0.714	0.391	0.391	0.000	0	0.000			-10.608		440.761	179	2.984	879999302590642046	879999235280451373	879999235280451372	19065	
1	C20H21ClN4O11S3	[M + Na]+	C20H21ClN4NaO11S3+		1.000	92.012	92.012	0.000	38	0.691	1.483	1.766	3.139		646.997	185	3.079	879999463169570739	879999232952612561	879999232944223952	1482	
1	C22H39N5O6	[M + Na]+	C22H39N5NaO6+		0.945	136.962	136.962	0.000	47	0.918	2.023	2.330	5.170		492.282	219	3.646	879999741813962706	879999233242019545	879999233233630936	2578	
1	C47H78N6O16	[M + H]+	C47H79N6O16+		0.478	50.506	50.506	0.000	20	0.813	1.292	1.971	3.755		983.558	220	3.666	879999561664411582	879999232688371405	879999232663205580	770	
1	C35H63N13O7	[M + Na]+	C35H63N13NaO7+		0.515	60.355	60.355	0.000	26	0.763	-0.063	1.294	-2.326		800.485	230	3.841	879999448929908629	879999234588391181	879999234584196876	10850	
1	C11H19Cl2NO	[M + Na]+	C11H19Cl2NNaO+		0.939	85.910	85.910	0.000	15	0.273	1.770	2.908	-8.721		274.071	308	5.127	879999306155800449	879999235666327345	879999235662133040	21302	
1	C30H30FN5O5	[M + H]+	C30H31FN5O5+		0.287	41.086	41.086	0.000	9	0.601	-0.549	1.139	-0.667		560.230	393	6.546	879999450909620127	879999235200759593	879999235196565288	17440	
1	C25H44NO7P	[M + H]+	C25H45NO7P+		1.000	99.643	99.643	0.000	23	0.822	1.538	1.719	2.158	LPE(20:4)	502.294	406	6.774	879999290909505405	879999234416424709	879999234412230404	9256	
1	C18H36O4	[M + H]+	C18H37O4+		1.000	353.351	353.351	0.000	55	0.954	2.014	2.190	2.723		317.270	410	6.839	879999759622977500	879999234760357653	879999234756163348	12439	
1	C18H32O2	[M + H]+	C18H33O2+		1.000	381.989	381.989	0.000	55	0.984	1.941	2.135	1.398		281.248	411	6.843	880000426710251525	879999235938957121	879999235938957120	37715	
1	C56H104N4O16	[M + H]+	C56H105N4O16+		0.336	18.028	18.028	0.000	8	0.532	0.996	5.586	-3.496		1089.748	446	7.441	880001132280264981	879999234672277265	879999234668082960	11618	
1	C29H53FN4O4Si	[M + K]+	C29H53FKN4O4Si+		0.230	22.085	22.085	0.000	11	0.852	-2.487	2.888	-2.583		607.344	464	7.734	880000961114912785	879999234840049433	879999234840049432	13326	
1	C30H47N5O2	[M + H]+	C30H48N5O2+		0.834	34.033	34.033	0.000	9	0.727	-5.367	6.234	-7.548		510.376	464	7.738	880001033080780829	879999234508699401	879999234504505096	10047	
1	C25H47NO6	[M + H]+	C25H48NO6+		1.000	91.834	91.834	0.000	21	0.888	1.325	1.476	6.077		458.350	465	7.752	880001074394675283	879999235032987425	879999235020404512	15106	
1	C28H50N2O6	[M + H]+	C28H51N2O6+		1.000	60.040	60.040	0.000	14	0.744	2.997	2.997	-2.276		511.373	483	8.053	880001102135802112	879999234022160117	879999234022160116	6178	
1	C19H36O3	[M + H]+	C19H37O3+		1.000	99.088	99.088	0.000	20	0.908	0.770	1.821	1.528		313.274	486	8.097	880001107252853003	879999233929885425	879999233925691120	5573	
1	C36H64F2N10O4	[M + H]+	C36H65F2N10O4+		0.549	32.560	32.560	0.000	9	0.387	2.222	3.447	2.051		739.517	511	8.514	880001204531346555	879999235783767861	879999235779573556	23768	
1	C14H21N5O2	[M + H]+	C14H22N5O2+		0.999	80.256	80.256	0.000	23	0.823	0.950	1.673	-1.716		292.176	57	0.958	880001411863884020	880001383271313589	880001383267119284	13327	
1	C9H22NO3	[M + K]+	C9H22KNO3+		0.353	38.607	38.607	0.000	5	0.954	-0.300	1.553	7.240		231.125	59	0.981	880001909228646691	880001383715909833	880001383711715528	19094	
1	C12H21N5O5	[M + H]+	C12H22N5O5+		1.000	129.817	129.817	0.000	41	0.921	0.625	1.944	-38.732		316.149	65	1.080	880001415227715838	880001383950790869	880001383946596564	27154	
1	C22H39N3O15	[M + H]+	C22H40N3O15+		0.813	149.843	149.843	0.000	50	0.949	1.503	1.752	2.739		586.247	71	1.190	880002593499984193	880001382923186341	880001382923186340	10065	
1	C29H49N5O7	[M + K]+	C29H49KN5O7+		0.532	163.864	163.864	0.000	47	0.932	1.975	2.165	-6.076		618.323	78	1.300	880001904229036313	880001381367099501	880001381358710892	1489	
1	C6H9Br4NO4	[M + H]+	C6H10Br4NO4+		0.982	10.367	10.367	0.000	4	0.435	2.289	3.318	5.712		475.737	80	1.325	880001415554871561	880001383627829445	880001383623635140	17442	
1	C18H32N6O6	[M + H]+	C18H33N6O6+		0.741	72.127	72.127	0.000	25	0.907	1.594	2.126	8.598		429.249	84	1.396	880002665411326284	880001383980151005	880001383980151004	37734	
1	C32H37N7O6	[M + H]+	C32H38N7O6+		0.366	71.988	71.988	0.000	18	0.736	1.520	1.765	7.450		616.292	85	1.425	880003020354302316	880001383359393977	880001383355199672	14267	
1	C38H67N13O13S	[M + H]+	C38H68N13O13S+		0.690	52.424	52.424	0.000	22	0.855	1.254	1.785	9.005		946.486	122	2.028	880003479383126420	880001381505511537	880001381501317232	2026	
1	C14H25N3O4	[M + H]+	C14H26N3O4+		1.000	98.995	98.995	0.000	25	0.972	1.057	1.348	-2.941		300.191	127	2.110	880001428586574095	880001383451668669	880001383443280060	15111	
1	C18H26Br4FN3O5S	[M + H]+	C18H27Br4FN3O5S+		0.478	142.271	142.271	0.000	35	0.789	1.702	1.818	2.945		731.841	138	2.306	880002777034338658	880001382528921749	880001382524727444	6858	
1	C29H38N4O7	[M + H]+	C29H39N4O7+		0.532	49.462	49.462	0.000	10	0.981	1.708	2.064	-3.469		555.279	148	2.475	880003120086462858	880001381119635561	880001381090275432	773	
1	C33H43N5O9	[M + H]+	C33H44N5O9+		0.982	117.400	117.400	0.000	46	0.895	0.864	2.080	3.890		654.316	153	2.542	880002755693719895	880001382323400845	880001382319206540	5576	
1	C29H47N3O6S	[M + Na]+	C29H47N3NaO6S+		0.974	122.850	122.850	0.000	42	0.951	-1.019	3.064	-1.152		588.307	200	3.331	880003097571438976	880001382101102725	880001382092714116	4492	
1	C19H29N3O6	[M + H]+	C19H30N3O6+		0.991	53.826	53.826	0.000	18	0.914	1.367	1.668	-3.564		396.212	217	3.621	880003039165755766	880001382734442653	880001382730248348	8462	
1	C21H24Br3N3O6	[M + K]+	C21H24Br3KN3O6+		1.000	51.729	51.729	0.000	23	0.804	-0.494	3.010	-3.450		689.882	219	3.653	880002322526974263	880001383011266729	880001383007072424	10855	
1	C48H69N11O13	[M + H]+	C48H70N11O13+		0.372	83.851	83.851	0.000	25	0.819	1.818	2.532	4.355		1008.519	235	3.911	880002302050382125	880001381992050817	880001381987856512	3930	
1	C20H32I3N3O6	[M + H]+	C20H33I3N3O6+		0.399	47.982	47.982	0.000	16	0.729	0.494	1.939	0.245		791.950	250	4.173	880004469452779936	880001382629585049	880001382625390744	7577	
1	C65H93N7O12	[M + H]+	C65H94N7O12+		0.639	42.993	42.993	0.000	9	0.443	1.710	1.909	-14.337		1164.679	253	4.217	880004512863826348	880001382424064145	880001382419869840	6189	
1	C19H32O4	[M + H]+	C19H33O4+		1.000	172.135	172.135	0.000	31	0.860	1.734	2.152	-1.033		325.237	423	7.056	880004531583005111	880001383548137665	880001383543943360	16294	
1	C40H74F3N7O3	[M + H]+	C40H75F3N7O3+		0.449	21.777	21.777	0.000	6	0.385	7.258	7.258	0.922		758.589	476	7.936	880004778438767042	880001382210154633	880001382205960328	5067	
1	C37H66N4O11	[M + Na]+	C37H66N4NaO11+		0.842	158.121	158.121	0.000	29	0.720	1.288	1.621	-0.300		765.462	484	8.072	880005077291326435	880001383875293393	880001383871099088	23782	
1	C34H63NO4	[M + H]+	C34H64NO4+		0.290	1.973	1.973	0.000	0	0.000	-0.338	0.338	-2.154		550.482	578	9.641	880004908650934737	880001383095152813	880001383090958508	11624	
1	C22H35N5O11	[M + H]+	C22H36N5O11+		0.999	160.354	160.354	0.000	50	0.943	1.542	1.923	6.987		546.244	51	0.858	880005645690191131	880005189807094944	880005189802900639	7578	
1	C25H37N5O6	[M + Na]+	C25H37N5NaO6+		0.555	81.702	81.702	0.000	25	0.864	0.856	3.810	-2.099		526.263	54	0.904	880005796051795267	880005190385908924	880005190381714619	13334	
1	C25H42N6O9S	[M + H]+	C25H43N6O9S+		0.991	176.428	176.428	0.000	55	0.983	0.765	1.859	-0.952		603.280	56	0.931	880006326568336748	880005188808850568	880005188804656263	3932	
1	C10H17N3O6S	[M + H]+	C10H18N3O6S+		0.928	73.055	73.055	0.000	14	0.843	2.730	2.730	6.548		308.093	58	0.973	880006587084946817	880005191107329248	880005191103134943	31679	
1	C27H48N6O12	[M + H]+	C27H49N6O12+		0.713	28.884	28.884	0.000	9	0.957	2.144	2.144	-6.464		649.336	59	0.977	880005222078070013	880005188502666368	880005188498472063	3026	
1	C32H48N8O7	[M + Na]+	C32H48N8NaO7+		0.934	65.555	65.555	0.000	19	0.867	1.965	2.023	-7.237		679.349	64	1.060	880005782869097785	880005190310411448	880005190306217143	12445	
1	C17H30N4O6	[M + Na]+	C17H30N4NaO6+		0.999	127.580	127.580	0.000	32	0.913	1.164	2.061	-12.354		409.201	93	1.547	880005834446454093	880005191124106468	880005191119912163	37749	
1	C17H25N5O5	[M + H]+	C17H26N5O5+		0.999	90.771	90.771	0.000	26	0.869	1.800	1.913	2.511		380.194	98	1.640	880005988402576738	880005190230719668	880005190226525363	11629	
1	C22H29N3O6	[M + H]+	C22H30N3O6+		0.947	128.184	128.184	0.000	33	0.916	3.030	3.134	9.227		432.217	111	1.852	880006629007015308	880005191090552028	880005191086357723	27191	
1	C31H45N5O8S	[M + H]+	C31H46N5O8S+		0.611	97.233	97.233	0.000	31	0.813	0.862	1.482	-7.961		648.301	119	1.987	880005640518614289	880005188175510648	880005188171316343	2038	
1	C44H61N7O12	[M + H]+	C44H62N7O12+		0.493	66.810	66.810	0.000	26	0.734	0.646	1.174	-2.041		880.443	176	2.935	880006659440885142	880005188947262604	880005188943068299	4494	
1	C29H46N8O7	[M + H]+	C29H47N8O7+		0.536	92.253	92.253	0.000	37	0.939	0.442	1.946	7.714		619.361	194	3.235	880005378848570631	880005189362498712	880005189358304407	6192	
1	C15H21N2O18P2	[M + K]+	C15H21KN2O18P2+		0.789	64.386	64.386	0.000	32	0.627	0.840	2.518	-3.589		617.987	195	3.246	880005881301024087	880005189714820252	880005189710625947	6863	
1	C18H24Br3ClN4O5S	[M + H]+	C18H25Br3ClN4O5S+		0.946	70.951	70.951	0.000	28	0.816	1.945	2.040	1.790		680.879	236	3.930	880006380796493174	880005190809533648	880005190805339343	19107	
1	C36H48N6O7	[M + H]+	C36H49N6O7+		0.501	109.174	109.174	0.000	46	0.977	0.023	1.528	-4.908		677.362	246	4.100	880007087750626730	880005188351671420	880005188343282811	2587	
1	C22H24Br3ClN10O4	[M + H]+	C22H25Br3ClN10O4+		0.992	34.315	34.315	0.000	18	0.891	0.644	2.436	10.014		764.937	254	4.233	880005650949848357	880005190973111512	880005190968917207	23804	
1	C24H29Br4N3O3	[M + H]+	C24H30Br4N3O3+		0.635	78.075	78.075	0.000	29	0.890	0.442	2.496	7.851		723.907	264	4.404	880005688560172335	880005190067141804	880005190062947499	10079	
1	C38H54N4O9	[M + H]+	C38H55N4O9+		0.468	67.855	67.855	0.000	11	0.742	0.862	2.275	2.171		711.398	272	4.539	880006679187668384	880005190725647564	880005190721453259	17444	
1	C24H25Br3N4O10	[M + H]+	C24H26Br3N4O10+		0.882	65.602	65.602	0.000	30	0.742	0.933	1.325	0.318		766.920	274	4.558	880007758981873078	880005187999349876	880005187986766963	1490	
1	C22H36O4	[M + H]+	C22H37O4+		0.998	60.988	60.988	0.000	8	0.298	-1.933	2.643	5.103		365.271	437	7.285	880007900178922945	880005190549486788	880005190541098179	15116	
1	C14H30N2O4S	[M + H]+	C14H31N2O4S+		0.409	5.715	5.715	0.000	3	0.090	-9.870	11.682	-11.463		323.196	477	7.952	880008003300081100	880005190465600704	880005190461406399	14279	
1	C46H76FN5O4	[M + H]+	C46H77FN5O4+		0.447	24.913	24.913	0.000	8	0.419	-5.456	5.456	-2.825		782.593	632	10.540	880008207847899304	880005190876642516	880005190876642515	21310	
1	C41H76NO8P	[M + Na]+	C41H76NNaO8P+		1.000	88.015	88.015	0.000	23	0.720	2.045	2.847	11.935		764.529	641	10.689	880008273232904404	880005189983255720	880005189979061415	9274	
1	C23H41N7O9	[M + Na]+	C23H41N7NaO9+		0.826	44.503	44.503	0.000	16	0.943	0.948	1.482	4.471		582.288	37	0.623	880009546645811016	880009498407120666	880009498407120665	23811	
1	C13H23N3O5	[M + H]+	C13H24N3O5+		1.000	85.708	85.708	0.000	21	0.955	1.799	1.799	21.023		302.177	43	0.723	880009523279343421	880009496972668646	880009496968474341	8466	
1	C16H22N4O6	[M + H]+	C16H23N4O6+		1.000	102.324	102.324	0.000	35	0.959	2.302	2.999	0.515		367.161	44	0.732	880011583022346191	880009495886343878	880009495882149573	3472	
1	C23H32N2O12	[M + H]+	C23H33N2O12+		0.524	176.027	176.027	0.000	52	0.948	0.452	1.678	3.778		529.205	53	0.891	880010688456994724	880009495592742590	880009495588548285	2589	
1	C21H38N6O7	[M + H]+	C21H39N6O7+		0.932	172.241	172.241	0.000	52	0.972	1.151	1.456	5.594		487.290	87	1.446	880010221853257616	880009498113519374	880009498109325069	17450	
1	C29H45N9O9	[M + H]+	C29H46N9O9+		0.957	89.433	89.433	0.000	32	0.988	1.263	1.979	-5.269		664.338	106	1.759	880010954715606959	880009496431603414	880009496427409109	5579	
1	C13H21N3O5	[M + H]+	C13H22N3O5+		1.000	125.615	125.615	0.000	33	0.922	1.544	1.775	2.008		300.156	114	1.908	880009608268525405	880009497459207926	880009497455013621	11659	
1	C18H32ClN5O4	[M + H]+	C18H33ClN5O4+		0.961	118.613	118.613	0.000	39	0.769	0.252	2.412	11.576		418.226	129	2.154	880010289821953946	880009496574209754	880009496570015449	6193	
1	C33H61N5O11	[M + K]+	C33H61KN5O11+		0.991	168.826	168.826	0.000	57	0.995	0.032	2.330	-6.487		742.395	138	2.302	880012162863902725	880009494955208370	880009494930042545	796	
1	C22H38N2O14	[M + H]+	C22H39N2O14+		0.805	149.513	149.513	0.000	49	0.948	0.232	1.540	-5.728		555.236	154	2.567	880011305325866948	880009497102692074	880009497098497769	9278	
1	C22H42N4O5	[M + H]+	C22H43N4O5+		0.999	158.013	158.013	0.000	45	0.910	1.070	1.324	2.037		443.324	172	2.873	880009582653910866	880009496834256610	880009496830062305	7594	
1	C37H50N6O7	[M + H]+	C37H51N6O7+		0.485	128.772	128.772	0.000	36	0.857	1.261	1.682	0.326		691.382	176	2.927	880009976025100155	880009496704233182	880009496700038877	6865	
1	C34H45N5O7	[M + H]+	C34H46N5O7+		0.993	72.292	72.292	0.000	24	0.950	-0.172	1.899	0.510		636.340	201	3.352	880009768457383793	880009498004467466	880009498004467465	16302	
1	C32H44N6O6	[M + H]+	C32H45N6O6+		0.293	66.117	66.117	0.000	20	0.861	1.351	1.576	-0.508		609.339	223	3.720	880009677373878119	880009497345961714	880009497341767409	10858	
1	C40H60N8O8	[M + H]+	C40H61N8O8+		0.999	101.946	101.946	0.000	37	0.875	0.739	1.473	-0.240		781.461	229	3.816	880011009732292537	880009496024755914	880009496020561609	3940	
1	C9H13F5N2O3	[M + H]+	C9H14F5N2O3+		0.673	34.585	34.585	0.000	10	0.216	3.037	6.460	2.355		293.093	231	3.853	880009995067240325	880009497798946562	880009497794752257	14290	
1	C23H38N4O6	[M + H]+	C23H39N4O6+		0.853	46.158	46.158	0.000	15	0.820	1.422	1.868	-6.230		467.284	241	4.017	880011599631790041	880009497572454138	880009497568259833	12451	
1	C15H22Br4N4O4	[M + H]+	C15H23Br4N4O4+		0.979	32.908	32.908	0.000	15	0.725	0.553	0.967	3.866		638.847	244	4.064	880011609647788003	880009497899609862	880009497895415557	15119	
1	C23H23Cl8N3O7	[M + H]+	C23H24Cl8N3O7+		0.784	33.507	33.507	0.000	13	0.713	0.576	1.099	-6.129		733.907	261	4.356	880011620804636653	880009498507783966	880009498503589661	27205	
1	C41H86N2O8	[M + H]+	C41H87N2O8+		0.795	32.248	32.248	0.000	20	0.818	1.373	2.231	5.445		735.650	504	8.402	880012138780209145	880009498528755490	880009498524561185	31719	
1	C10H2Cl4F6O4	[M + Na]+	C10H2Cl4F6NaO4+		0.213	14.648	14.648	0.000	4	0.918	-3.759	3.759	3.329		462.852	638	10.636	880012780475173721	880009498209988370	880009498205794065	19121	
1	C41H80NO8P	[M + Na]+	C41H80NNaO8P+		1.000	95.073	95.073	0.000	27	0.735	1.618	1.857	2.894	PE(16:0_20:1)	768.554	639	10.646	880012812217666405	880009497220132590	880009497215938285	10087	
1	C4H11N3O2S	[M + H]+	C4H12N3O2S+		1.000	46.596	46.596	0.000	13	0.345	-13.888	13.888	-1.650		166.064	652	10.874	880013076249103283	880009498306457366	880009498302263061	21327	
1	C5H8NO2S	[M + Na]+	C5H8NNaO2S+		1.000	66.409	66.409	0.000	17	0.201	13.793	13.793	0.028		169.017	654	10.892	880012827317160816	880009498541338406	880009498541338405	37776	
1	C4H14N2O3P	[M + K]+	C4H14KN2O3P+		1.000	51.533	51.533	0.000	12	0.911	-4.463	5.905	13.161		208.040	656	10.928	880012819226348390	880009496293191378	880009496288997073	5078	
1	C9H11NO3	[M + H]+	C9H12NO3+		0.981	47.429	47.429	0.000	7	0.048	2.287	2.287	2.913		182.082	35	0.587	880013361788335487	880013344293893476	880013344289699171	31732	
1	C45H55N11O11	[M + H]+	C45H56N11O11+		0.531	34.021	34.021	0.000	15	0.763	2.341	2.625	-14.495		926.402	45	0.744	880014481264850437	880013342842664232	880013342838469927	8473	
1	C11H22Br4N2O2S	[M + H]+	C11H23Br4N2O2S+		0.901	102.528	102.528	0.000	26	0.623	2.005	2.589	-1.641		562.820	62	1.035	880013806476834227	880013341240440060	880013341232051451	2044	
1	C24H36N6O8	[M + H]+	C24H37N6O8+		0.951	62.698	62.698	0.000	17	0.852	1.173	2.937	3.651		537.269	68	1.125	880013477366576543	880013343421478204	880013343417283899	12453	
1	C18H31N5O6	[M + Na]+	C18H31N5NaO6+		0.537	95.692	95.692	0.000	38	0.846	0.442	3.517	7.211		436.220	68	1.133	880013427236255125	880013342960104748	880013342951716139	9289	
1	C20H32N6O9	[M + Na]+	C20H32N6NaO9+		0.798	136.004	136.004	0.000	36	0.865	3.538	3.627	10.899		523.218	87	1.451	880013798142752169	880013343740245320	880013343731856711	15149	
1	C29H42N6O5	[M + H]+	C29H43N6O5+		0.479	35.202	35.202	0.000	9	0.441	-1.034	6.366	-0.261		555.329	98	1.626	880013991319811548	880013343073350960	880013343064962351	10093	
1	C71H75N5O11	[M + H]+	C71H76N5O11+		0.965	36.742	36.742	0.000	20	0.950	1.053	1.640	7.675		1174.563	120	2.000	880013837237859784	880013341051696376	880013341039113463	1495	
1	C14H31N3O4S	[M + H]+	C14H32N3O4S+		0.976	143.231	143.231	0.000	43	0.710	0.536	2.925	6.198		338.213	152	2.529	880013389063894409	880013341609538820	880013341605344515	3036	
1	As2S5	[M + Na]+	As2NaS5+		1.000	-3.886	-3.886	0.000	0	0.000			6.106		332.695	158	2.629	880013393941869972	880013342712640804	880013342708446499	7595	
1	C30H51N9O11	[M + H]+	C30H52N9O11+		0.767	138.470	138.470	0.000	46	0.966	0.611	1.402	-0.112		714.378	176	2.929	880013951784302034	880013341773116680	880013341764728071	3476	
1	C33H51N5O7S	[M + H]+	C33H52N5O7S+		0.955	155.585	155.585	0.000	50	0.918	0.221	1.483	0.458		662.359	181	3.015	880014169565148667	880013343194985780	880013343190791475	10859	
1	C30H53N11O13	[M + H]+	C30H54N11O13+		0.979	73.258	73.258	0.000	29	0.912	1.445	1.680	6.302		776.395	199	3.316	880014081417655782	880013341907334412	880013341903140107	3941	
1	C54H82N14O8	[M + Na]+	C54H82N14NaO8+		0.816	78.052	78.052	0.000	16	0.685	1.678	1.678	3.038		1077.637	206	3.425	880015101967316537	880013342188352788	880013342179964179	5082	
1	C36H63N9O9	[M + H]+	C36H64N9O9+		0.922	125.118	125.118	0.000	45	0.941	1.604	1.640	5.543		766.486	211	3.510	880014139668149744	880013342465176860	880013342460982555	6196	
1	C21H29Br3N6O6	[M + K]+	C21H29Br3KN6O6+		0.529	26.417	26.417	0.000	14	0.930	2.527	2.567	-6.822		736.928	212	3.534	880014485438182927	880013341416600832	880013341408212223	2591	
1	C15H21O9	[M + H]+	C15H22O9+		0.434	34.554	34.554	0.000	6	0.888	5.103	6.496	3.947		346.127	224	3.731	880013820615833022	880013343840908620	880013343836714315	16311	
1	C50H64N8O8	[M + H]+	C50H65N8O8+		0.500	49.372	49.372	0.000	15	0.693	1.035	1.601	0.456		905.492	246	4.107	880014635397133850	880013344151287128	880013344147092823	21339	
1	C30H48N8O8	[M + H]+	C30H49N8O8+		0.409	43.794	43.794	0.000	14	0.785	1.195	1.843	-0.288		649.367	263	4.376	880014721124513316	880013343949960528	880013343945766223	17456	
1	C37H47N3O9	[M + H]+	C37H48N3O9+		0.792	49.114	49.114	0.000	14	0.867	1.628	1.628	3.823		678.341	266	4.437	880014884526208558	880013342586811680	880013342582617375	6875	
1	C41H56N8O10	[M + H]+	C41H57N8O10+		0.328	49.769	49.769	0.000	17	0.708	1.445	1.616	0.102		821.419	269	4.480	880015668261272674	880013342326764824	880013342322570519	5581	
1	C23H29BCl9F2N3O4	[M + H]+	C23H30BCl9F2N3O4+		0.891	59.320	59.320	0.000	18	0.715	1.962	2.348	-13.679		774.942	270	4.499	880015583792182953	880013344302282088	880013344302282087	37825	
1	C36H46N6O3	[M + H]+	C36H47N6O3+		0.241	17.525	17.525	0.000	5	0.787	9.548	9.548	6.353		611.374	477	7.948	880015609247413940	880013343635387716	880013343631193411	14291	
1	C16H27NO9	[M + H]+	C16H28NO9+		0.916	103.725	103.725	0.000	27	0.721	0.447	4.425	-7.822		378.173	478	7.970	880015737555369127	880013344277116256	880013344277116255	27246	
1	C46H88O5	[M + Na]+	C46H88NaO5+		1.000	86.140	86.140	0.000	19	0.715	2.298	2.468	-12.636	DG(25:0_18:1)	743.643	508	8.462	880015643334523991	880013344214201692	880013344214201691	23828	
1	C44H81NO7	[M + H]+	C44H82NO7+		0.993	68.080	68.080	0.000	26	0.740	1.062	2.669	-0.245		736.608	639	10.650	880015685868960914	880013343534724416	880013343530530111	13342	
1	C45H76O11	[M + K]+	C45H76KO11+		0.500	21.530	21.530	0.000	7	0.719	-10.906	10.906	-9.166		831.494	641	10.680	880015732518010013	880013343308231992	880013343304037687	11669	
1	C5H9N3O5	[M + H]+	C5H10N3O5+		0.982	63.302	63.302	0.000	13	0.981	-17.008	17.008	-1.546		192.061	653	10.877	880015667749567576	880013344050623828	880013344050623827	19132	
1	C4H6N3OS	[M + Na]+	C4H6N3NaOS+		0.790	41.496	41.496	0.000	9	0.568	0.650	8.315	3.721		167.013	655	10.910	880015681351695469	880013340745512180	880013340703569139	804	
1	C10H14N2O4	[M + H]+	C10H15N2O4+		0.969	61.556	61.556	0.000	14	0.939	0.469	2.720	-2.349		227.102	35	0.578	880015906389153029	880015880376079482	880015880334136441	806	
1	C32H44N6O9	[M + Na]+	C32H44N6NaO9+		0.993	109.316	109.316	0.000	40	0.916	2.927	2.927	-12.215		679.298	74	1.239	880016078586303829	880015883836380378	880015883836380377	19147	
1	C19H29N3O6S	[M + H]+	C19H30N3O6S+		0.524	160.165	160.165	0.000	43	0.913	0.862	1.772	-2.530		428.184	77	1.281	880016017118778669	880015884117398758	880015884113204453	27253	
1	C24H33N5O6	[M + H]+	C24H34N5O6+		1.000	182.855	182.855	0.000	54	0.973	0.870	1.422	-0.533		488.250	85	1.412	880016191866066274	880015883932849374	880015883928655069	21354	
1	C21H37N5O7	[M + H]+	C21H38N5O7+		0.904	72.516	72.516	0.000	22	0.899	1.422	1.616	-0.794		472.276	95	1.580	880015930632230169	880015882653586614	880015882649392309	10112	
1	C33H69N7O3	[M + H]+	C33H70N7O3+		0.559	87.163	87.163	0.000	42	0.916	3.081	3.081	8.219		612.559	116	1.927	880016315245712769	880015880879395970	880015880875201665	2045	
1	C24H38N6O9	[M + H]+	C24H39N6O9+		0.965	72.683	72.683	0.000	23	0.763	2.762	2.762	5.037		555.280	126	2.102	880016439946565004	880015882976548034	880015882972353729	12454	
1	C10H12N4O7	[M + Na]+	C10H12N4NaO7+		0.172	6.284	6.284	0.000	3	0.094	-16.549	16.549	-13.061		323.056	127	2.120	880016281909384566	880015882867496126	880015882863301821	11673	
1	C50H66N8O12	[M + H]+	C50H67N8O12+		0.895	89.424	89.424	0.000	16	0.684	0.133	1.729	-4.216		971.483	135	2.252	880017067854845344	880015882057995426	880015882049606817	6197	
1	C3O2S10	[M + H]+	C3HO2S10+		0.221	-3.716	-3.716	0.000	0	0.000			1.503		388.718	174	2.904	880016031677207863	880015882435482798	880015882431288493	8474	
1	C43H70N8O15	[M + H]+	C43H71N8O15+		0.961	88.730	88.730	0.000	29	0.835	0.082	1.103	-5.577		939.498	181	3.015	880017559053981144	880015881214940298	880015881206551689	3038	
1	CHNO5S9	[M + H]+	CH2NO5S9+		0.152	-2.993	-2.993	0.000	0	0.000			5.591		395.744	186	3.099	880016061758756171	880015881932166302	880015881923777693	5590	
1	C30H48N6O9	[M + Na]+	C30H48N6NaO9+		0.933	151.933	151.933	0.000	52	0.976	0.442	1.232	11.833		659.345	190	3.165	880016634935563670	880015882188018854	880015882179630245	6877	
1	C10H20N4O2	[M + H]+	C10H21N4O2+		0.997	24.340	24.340	0.000	6	0.981	1.259	1.381	-0.010		229.166	199	3.324	880017191121245613	880015883739911382	880015883735717077	17464	
1	C45H57N3O6	[M + H]+	C45H58N3O6+		0.354	38.330	38.330	0.000	16	0.943	1.959	1.959	4.599		736.435	213	3.555	880015921094382863	880015881051362438	880015881047168133	2592	
1	C37H48N6O9	[M + H]+	C37H49N6O9+		0.716	46.578	46.578	0.000	18	0.935	0.921	1.118	-0.213		721.355	218	3.632	880015973892281635	880015881521124498	880015881512735889	3946	
1	C19H22Br3ClN4O5	[M + Na]+	C19H22Br3ClN4NaO5+		0.998	65.098	65.098	0.000	28	0.807	1.560	1.560	10.274		680.879	234	3.896	880016269930452332	880015883576333518	880015883567944909	15150	
1	C35H43N3O5	[M + H]+	C35H44N3O5+		0.484	46.300	46.300	0.000	15	0.814	1.695	1.695	-0.935		586.327	242	4.033	880016046776702273	880015883639248082	880015883639248081	16315	
1	C13H20O2	[M + H]+	C13H21O2+		0.924	25.062	25.062	0.000	5	0.053	2.430	2.430	0.926		209.154	343	5.710	880017455077184962	880015884025124066	880015884020929761	23873	
1	C16H35NO	[M + H]+	C16H36NO+		1.000	18.271	18.271	0.000	5	0.415	7.037	7.037	0.615		258.279	400	6.669	880017068064560554	880015882762638522	880015882758444217	10861	
1	C24H45N7O4	[M + Na]+	C24H45N7NaO4+		0.695	40.036	40.036	0.000	11	0.851	2.395	3.457	5.549		518.345	425	7.080	880017233752151479	880015884129981674	880015884129981673	31800	
1	C29H52O10	[M + K]+	C29H52KO10+		0.498	115.327	115.327	0.000	34	0.901	2.120	2.120	-1.345		599.318	430	7.172	880017517891081676	880015882548729010	880015882544534705	9309	
1	C20H28O5	[M + Na]+	C20H28NaO5+		1.000	76.731	76.731	0.000	13	0.505	0.110	1.853	-3.488	DG(8:2_9:3)	371.182	462	7.704	880017526833337815	880015883203040458	880015883198846153	14298	
1	C17H32O3	[M + K]+	C17H32KO3+		0.540	5.444	5.444	0.000	1	0.033	-5.957	5.957	-6.816		323.196	476	7.928	880017679803799285	880015883085599942	880015883081405637	13347	
1	C66H99N11O17	[M + H]+	C66H100N11O17+		0.996	42.293	42.293	0.000	23	0.710	1.422	2.515	-1.985		1318.727	476	7.934	880018318365618467	880015882309653674	880015882305459369	7611	
1	C26H53NO8	[M + Na]+	C26H53NNaO8+		1.000	172.390	172.390	0.000	50	0.999	0.435	2.712	1.813		530.367	500	8.335	880018047975616315	880015880690652286	880015880678069373	1496	
1	C3H6N3O2S	[M + K]+	C3H6KN3O2S+		1.000	117.897	117.897	0.000	31	0.621	-6.356	8.469	0.906		186.981	648	10.804	880017738264008488	880015881797948570	880015881793754265	5086	
1	C5H6F2NO2	[M + H]+	C5H7F2NO2+		0.999	24.224	24.224	0.000	8	0.116	1.322	5.754	-14.144		151.042	653	10.885	880017722552145693	880015884146758894	880015884142564589	37826	
1	C10H19N4O4	[M + H]+	C10H20N4O4+		1.000	126.155	126.155	0.000	37	0.719	2.077	2.681	8.047		260.150	57	0.951	880018447095267101	880018414933343935	880018414929149630	9311	
1	CNP7S2	[M + K]+	CKNP7S2+		0.959	-10.106	-10.106	0.000	0	0.000			-13.611		345.722	61	1.016	880018547645316953	880018414463581867	880018414459387562	5592	
1	C9H12Cl2N4O4	[M + H]+	C9H13Cl2N4O4+		0.998	155.167	155.167	0.000	23	0.616	1.422	2.284	5.026		311.032	65	1.078	880018480825859889	880018416313270007	880018416309075702	31821	
1	C15H19N3O6	[M + H]+	C15H20N3O6+		1.000	90.453	90.453	0.000	31	0.980	1.777	2.152	4.549		338.136	70	1.170	880019046473891730	880018414849457851	880018414845263546	8475	
1	C25H40N6O9	[M + H]+	C25H41N6O9+		0.986	63.869	63.869	0.000	14	0.780	0.694	1.645	0.258		569.293	83	1.375	880019129407864753	880018416325852923	880018416325852922	37866	
1	C21H32N6O7	[M + H]+	C21H33N6O7+		0.990	88.463	88.463	0.000	29	0.895	2.396	3.450	-0.673		481.240	91	1.518	880018536081620815	880018415189196491	880018415185002186	11675	
1	C12H17Br4N3O4	[M + H]+	C12H18Br4N3O4+		1.000	142.854	142.854	0.000	28	0.530	1.872	2.199	1.317		583.803	103	1.722	880018572270075744	880018413935099543	880018413930905238	3046	
1	C9H17N5O3	[M + H]+	C9H18N5O3+		0.472	63.832	63.832	0.000	15	0.803	1.868	2.023	-11.124		244.138	113	1.876	880018437540642578	880018415445049047	880018415436660438	14301	
1	C45H66N10O9	[M + H]+	C45H67N10O9+		0.855	62.338	62.338	0.000	14	0.877	1.741	1.753	-4.375		891.505	115	1.920	880019016207794046	880018414048345755	880018414044151450	3481	
1	C13H14N4O5	[M + H]+	C13H15N4O5+		0.967	40.387	40.387	0.000	10	0.505	1.244	2.023	0.013		307.104	125	2.085	880018498978807611	880018415893839587	880018415885450978	17494	
1	C24H43N5O7	[M + H]+	C24H44N5O7+		0.999	183.133	183.133	0.000	53	0.963	1.406	1.829	3.062		514.325	135	2.247	880019021832355720	880018416099360491	880018416099360490	21374	
1	C18H33N3O5	[M + K]+	C18H33KN3O5+		0.999	163.173	163.173	0.000	43	0.937	2.011	2.018	5.901		410.208	147	2.451	880018518473932613	880018414262255267	880018414258060962	4512	
1	C29H48N8O9	[M + Na]+	C29H48N8NaO9+		0.770	135.773	135.773	0.000	47	0.965	1.483	1.745	5.559		675.347	149	2.478	880019123867189159	880018414362918567	880018414358724262	5087	
1	C51H96N4O3	[M + H]+	C51H97N4O3+		0.987	45.081	45.081	0.000	14	0.794	0.611	0.783	-4.325		813.752	157	2.617	880019056015933340	880018414157397663	880018414153203358	3947	
1	C41H54N4O5S2	[M + H]+	C41H55N4O5S2+		0.875	68.148	68.148	0.000	24	0.794	1.139	1.851	13.595		747.371	163	2.721	880019617457078203	880018415017230019	880018415017230018	10116	
1	C29H45N7O6	[M + H]+	C29H46N7O6+		0.978	139.295	139.295	0.000	49	0.973	0.145	2.123	2.025		588.352	165	2.749	880019687581646791	880018413515669131	880018413507280522	1504	
1	C39H63N17O13	[M + H]+	C39H64N17O13+		0.850	70.973	70.973	0.000	26	0.825	1.196	1.806	-2.148		978.484	172	2.863	880018945256947572	880018414656519859	880018414652325554	6878	
1	C25H38N4O6	[M + H]+	C25H39N4O6+		0.960	66.093	66.093	0.000	26	0.941	0.864	1.075	1.402		491.287	185	3.090	880018471925546791	880018415281471183	880018415273082574	12461	
1	C25H41N5O8	[M + H]+	C25H42N5O8+		0.859	108.911	108.911	0.000	37	0.906	1.272	1.616	5.386		540.306	190	3.174	880018718940692330	880018413259816583	880018413226262150	814	
1	C48H72N4O8	[M + K]+	C48H72KN4O8+		0.461	123.111	123.111	0.000	45	0.936	-0.301	1.730	-2.035		871.496	222	3.700	880019862920331228	880018413662469775	880018413658275470	2046	
1	C14H24Br4N6O4	[M + H]+	C14H25Br4N6O4+		0.840	44.167	44.167	0.000	23	0.778	2.095	2.095	6.047		656.871	235	3.923	880019705831063505	880018414555856559	880018414551662254	6198	
1	C56H80N10O13	[M + H]+	C56H81N10O13+		0.521	83.098	83.098	0.000	17	0.577	1.149	1.868	2.624		1101.601	241	4.019	880020423778472537	880018416200023791	880018416195829486	23886	
1	C25H46NO7P	[M + Na]+	C25H46NNaO7P+		1.000	31.283	31.283	0.000	10	0.660	4.944	4.944	-1.349	LPE(20:3)	526.290	422	7.037	880019899008122859	880018415356968659	880018415352774354	13352	
1	C14H29NO	[M + H]+	C14H30NO+		1.000	111.350	111.350	0.000	17	0.271	2.815	3.145	2.230		228.233	454	7.561	880020077203128305	880018415625404127	880018415621209822	16316	
1	C20H37N7O2	[M + H]+	C20H38N7O2+		0.418	66.020	66.020	0.000	12	0.889	-2.263	9.570	-2.326		408.307	496	8.265	880020128373637114	880018415528935131	880018415520546522	15176	
1	C42H66N2O10	[M + H]+	C42H67N2O10+		0.742	62.798	62.798	0.000	13	0.730	-0.431	4.645	1.682		759.480	639	10.650	880020415679271498	880018415998697191	880018415994502886	19151	
1	C15H6O9P2	[M + K]+	C15H6KO9P2+		0.091	8.543	8.543	0.000	2	0.752	-1.384	6.051	7.976		430.915	641	10.680	880020172317363115	880018413800881811	880018413796687506	2601	
1	C28H48N4O13	[M + H]+	C28H49N4O13+		0.608	89.097	89.097	0.000	30	0.792	1.868	1.909	12.992		649.338	42	0.692	880021377709144821	880021002012752489	880021002008558184	17506	
1	C32H49N11O10	[M + H]+	C32H50N11O10+		0.832	97.334	97.334	0.000	31	0.816	0.743	1.675	5.394		748.378	65	1.083	880021485376928511	880021001236806217	880021001232611912	10118	
1	C11H22N4O3	[M + Na]+	C11H22N4NaO3+		1.000	66.832	66.832	0.000	21	0.771	1.550	2.412	-10.355		281.156	72	1.208	880021031280605848	880021002365074045	880021002365074044	31856	
1	C28H39N5O8S	[M + H]+	C28H40N5O8S+		0.969	203.303	203.303	0.000	56	0.990	1.156	2.103	10.374		606.266	89	1.482	880022576218930034	880020999429061133	880020999403895308	822	
1	C32H50NO7P	[M + Na]+	C32H50NNaO7P+		1.000	68.165	68.165	0.000	32	0.714	-6.415	6.499	-8.481	PC(16:5_O-8:3)	614.317	98	1.640	880021599239699231	880020999672330769	880020999663942160	1518	
1	C22H39N5O6	[M + K]+	C22H39KN5O6+		0.863	176.802	176.802	0.000	53	0.968	-0.118	2.467	-4.903		508.251	111	1.849	880022048864893758	880021001924672101	880021001920477796	16319	
1	C17H37N7O4	[M + K]+	C17H37KN7O4+		0.907	182.722	182.722	0.000	51	0.954	0.603	2.120	-12.348		442.248	139	2.320	880021198536866508	880021000825764409	880021000821570104	6894	
1	C19H27Br4N3O6	[M + H]+	C19H28Br4N3O6+		0.971	73.174	73.174	0.000	36	0.799	0.862	1.323	4.211		709.874	144	2.407	880021059583769251	880021000205007393	880021000200813088	3487	
1	C18H28N4O6	[M + Na]+	C18H28N4NaO6+		0.959	83.107	83.107	0.000	38	0.900	0.870	2.036	0.464		419.190	147	2.453	880021091791829678	880021000519580205	880021000515385900	5089	
1	C29H44N4O5	[M + H]+	C29H45N4O5+		0.959	139.144	139.144	0.000	48	0.931	2.917	2.986	8.979		529.343	169	2.810	880021202890554071	880021001337469517	880021001333275212	10874	
1	C10H4Br3Cl2NO	[M + H]+	C10H5Br3Cl2NO+		1.000	-1.219	-1.219	0.000	0	0.000			-11.873		461.724	171	2.855	880021199031794390	880021002184718961	880021002180524656	21386	
1	C14H16N2O2	[M + H]+	C14H17N2O2+		0.797	57.560	57.560	0.000	14	0.965	1.035	2.261	1.411		245.129	174	2.892	880021492595325705	880021002272799349	880021002268605044	23903	
1	C33H61N5O11	[M + K]+	C33H61KN5O11+		0.908	148.350	148.350	0.000	46	0.936	0.840	1.903	-5.813		742.396	183	3.043	880022223394077514	880020999819131413	880020999814937108	2049	
1	C26H32N4O6	[M + H]+	C26H33N4O6+		0.723	54.336	54.336	0.000	19	0.948	1.868	1.868	-1.732		497.239	207	3.445	880021184771160770	880020999949154841	880020999944960536	2603	
1	C23H42N6O8	[M + Na]+	C23H42N6NaO8+		0.867	73.502	73.502	0.000	27	0.974	-0.301	1.949	-3.494		553.294	220	3.672	880021161278864056	880021002096638573	880021002096638572	19154	
1	C46H64N8O11	[M + H]+	C46H65N8O11+		0.364	72.727	72.727	0.000	25	0.790	0.272	1.324	-0.255		905.477	229	3.816	880021603740187424	880021000406333993	880021000402139688	4514	
1	C12H16Br2IN5O6	[M + H]+	C12H17Br2IN5O6+		0.999	36.731	36.731	0.000	14	0.753	0.843	1.982	-6.835		611.854	240	4.005	880021227733416683	880021000624437809	880021000620243504	5600	
1	C36H59N5O14	[M + H]+	C36H60N5O14+		0.990	163.643	163.643	0.000	41	0.891	1.640	2.050	10.010		786.421	251	4.183	880021748716305204	880021000079178269	880021000074983964	3048	
1	C23H42N10O8	[M + H]+	C23H43N10O8+		0.950	88.856	88.856	0.000	23	0.871	-0.020	1.582	-0.996		587.325	252	4.196	880021501868931860	880021001622682201	880021001614293592	13356	
1	C3H8B2Cl2O2	[M + H]+	C3H9B2Cl2O2+		0.443	43.986	43.986	0.000	9	0.507	7.371	7.437	-17.275		167.020	280	4.668	880021210540964577	880021002381851265	880021002377656960	37928	
1	C14H23BN2O4	[M + H]+	C14H24BN2O4+		0.746	63.892	63.892	0.000	20	0.928	-3.344	3.568	-3.384		294.185	290	4.829	880021618357336874	880021001425549905	880021001421355600	11677	
1	C19H27NO3	[M + H]+	C19H28NO3+		1.000	79.171	79.171	0.000	12	0.926	2.077	2.077	0.408		318.207	399	6.656	880022230184655700	880021001819814497	880021001811425888	15186	
1	C25H46NO7P	[M + Na]+	C25H46NNaO7P+		1.000	45.255	45.255	0.000	14	0.751	1.562	1.988	-0.969	LPE(20:3)	526.290	425	7.085	880022231782685535	880021001140337221	880021001136142916	9312	
1	C24H45N7O4	[M + Na]+	C24H45N7NaO4+		0.636	34.430	34.430	0.000	11	0.893	6.018	6.018	5.549		518.345	425	7.087	880022541196491619	880021002352491129	880021002348296824	27288	
1	C25H43N3O7	[M + H]+	C25H44N3O7+		0.779	49.321	49.321	0.000	12	0.807	8.065	8.065	2.253		498.319	432	7.201	880022586746634194	880021001043868225	880021001039673920	8481	
1	C19H35NO3S	[M + H]+	C19H36NO3S+		0.507	78.826	78.826	0.000	10	0.441	2.895	3.566	5.188		358.243	484	8.062	880022598125781098	880021000720906805	880021000716712500	6202	
1	C47H86ClN5O8	[M + H]+	C47H87ClN5O8+		0.259	36.339	36.339	0.000	8	0.430	1.346	2.506	1.053	PS(35:2_8:1)	884.625	522	8.708	880022619810332848	880021001522018901	880021001517824596	12466	
1	C14H31NO	[M + H]+	C14H32NO+		1.000	55.510	55.510	0.000	12	0.245	1.724	4.185	-2.784		230.247	639	10.649	880022586444644304	880021001723345501	880021001719151196	14312	
1	C16H35NO2	[M + H]+	C16H36NO2+		1.000	54.839	54.839	0.000	13	0.704	-0.504	3.984	-2.391		274.273	640	10.674	880022590525702247	880021000301476389	880021000301476388	3949	
1	C6H7N3O2S	[M + K]+	C6H7KN3O2S+		0.995	69.049	69.049	0.000	12	0.971	-7.478	9.221	-0.248		223.989	645	10.746	880022598561988725	880021000930622013	880021000926427708	7617	
1	C18H30FN3O3	[M + H]+	C18H31FN3O3+		1.000	150.379	150.379	0.000	44	0.912	2.011	2.496	9.835		356.238	35	0.589	880023890422319785	880022790227020308	880022790227020307	23931	
1	C36H54N8O11	[M + Na]+	C36H54N8NaO11+		0.287	54.744	54.744	0.000	14	0.719	3.955	3.955	-1.160		797.380	51	0.854	880024392258210517	880022789463656948	880022789459462643	12467	
1	C13H23N3O5S	[M + H]+	C13H24N3O5S+		0.838	152.115	152.115	0.000	45	0.865	1.007	1.763	-5.442		334.141	70	1.163	880022958728989303	880022788779985368	880022788775791063	6907	
1	C14H20N4O4S	[M + H]+	C14H21N4O4S+		0.426	95.061	95.061	0.000	34	0.863	0.921	2.065	9.666		341.131	80	1.333	880022866139728450	880022789862115844	880022789857921539	16332	
1	C21H36N2O8	[M + H]+	C21H37N2O8+		1.000	186.565	186.565	0.000	48	0.950	1.269	1.751	-5.037		445.252	87	1.450	880022885869734486	880022789656594940	880022789652400635	14317	
1	C21H36N12O10	[M + H]+	C21H37N12O10+		0.494	111.791	111.791	0.000	28	0.819	2.187	2.187	7.919		617.280	102	1.705	880023741201566357	880022789270718956	880022789266524651	10882	
1	C33H36N6O11	[M + H]+	C33H37N6O11+		0.994	86.491	86.491	0.000	27	0.909	1.491	2.410	0.458		693.252	103	1.710	880023868083456671	880022788658350548	880022788658350547	6204	
1	C12H22N2O3	[M + H]+	C12H23N2O3+		1.000	77.743	77.743	0.000	13	0.964	2.379	2.379	0.744		243.171	103	1.722	880022811068516920	880022789555931640	880022789551737335	13357	
1	C50H59N3O13	[M + H]+	C50H60N3O13+		0.498	9.916	9.916	0.000	9	0.954	0.009	2.496	8.166		910.420	105	1.743	880023251894061707	880022787521694128	880022787509111215	1521	
1	C16H21Br4N3O2	[M + Na]+	C16H21Br4N3NaO2+		0.966	131.200	131.200	0.000	30	0.546	-1.638	3.711	13.189		625.834	128	2.140	880022901476739681	880022787676883380	880022787672689075	2051	
1	C21H34N4O6	[M + H]+	C21H35N4O6+		0.884	62.616	62.616	0.000	20	0.933	1.585	1.660	-2.985		439.254	130	2.172	880022882833058380	880022790344460832	880022790344460831	37945	
1	C6H2Br3NOS	[M + K]+	C6H2Br3KNOS+		1.000	-2.481	-2.481	0.000	0	0.000			-8.936		411.700	134	2.226	880022886805064288	880022790050859532	880022790046665227	19179	
1	C22H40N6O10	[M + K]+	C22H40KN6O10+		0.630	134.738	134.738	0.000	52	0.959	1.837	2.080	0.086		587.244	149	2.480	880024705681771288	880022788557687248	880022788549298639	5601	
1	C21H39N7O6	[M + Na]+	C21H39N7NaO6+		0.857	120.723	120.723	0.000	41	0.891	0.524	1.739	-5.711		508.283	182	3.033	880024176981363391	880022788322806216	880022788318611911	4517	
1	C41H71N11O14	[M + H]+	C41H72N11O14+		0.924	81.728	81.728	0.000	25	0.784	4.560	4.560	-2.941		942.523	238	3.961	880024469794114281	880022789958584840	880022789954390535	17507	
1	C60H47N17O18S4	[M + H]+	C60H48N17O18S4+		0.253	42.100	42.100	0.000	10	0.617	3.655	3.655	1.576		1422.226	252	4.199	880023898823510707	880022790134745616	880022790130551311	21395	
1	C22H26Br3N3O8	[M + Na]+	C22H26Br3N3NaO8+		1.000	60.222	60.222	0.000	26	0.841	1.628	1.628	0.664		719.917	254	4.226	880022918040046188	880022788440246732	880022788436052427	5092	
1	C46H65N5O7	[M + K]+	C46H65KN5O7+		0.510	86.861	86.861	0.000	31	0.837	1.264	1.582	-0.546		838.451	271	4.510	880023231329389185	880022787957901756	880022787949513147	3052	
1	C34H40O4	[M + H]+	C34H41O4+		0.900	150.249	150.249	0.000	19	0.647	0.770	2.218	6.553		513.303	432	7.203	880024420817226463	880022788876454364	880022788876454363	7622	
1	C60H106N2O12	[M + Na]+	C60H106N2NaO12+		0.197	19.877	19.877	0.000	6	0.793	-3.004	3.249	-5.233		1069.758	437	7.285	880024267041458890	880022787815295416	880022787811101111	2606	
1	C19H30N2O4S	[M + H]+	C19H31N2O4S+		0.475	24.618	24.618	0.000	8	0.390	3.955	3.955	7.816		383.203	450	7.500	880024509480618739	880022789757258240	880022789748869631	15192	
1	C28H47N5O6	[M + H]+	C28H48N5O6+		0.703	181.382	181.382	0.000	44	0.934	0.965	2.107	-0.019		550.360	453	7.546	880024760920754978	880022788201171396	880022788196977091	3954	
1	C25H14Cl8N2O5	[M + H]+	C25H15Cl8N2O5+		0.157	58.938	58.938	0.000	14	0.716	3.955	3.955	-2.091		702.847	484	8.070	880024578053294849	880022788985506272	880022788981311967	8487	
1	C31H63N9O7	[M + H]+	C31H64N9O7+		0.335	61.395	61.395	0.000	10	0.534	-0.126	1.683	-8.335		674.487	509	8.479	880024601243601677	880022789182638568	880022789178444263	10120	
1	C43H69NO12	[M + H]+	C43H70NO12+		0.151	7.420	7.420	0.000	3	0.220	5.253	5.253	1.700		792.491	529	8.825	880024856664132493	880022789367187952	880022789362993647	11686	
1	C2H5BFN3O3	[M + K]+	C2H5BFKN3O3+		1.000	104.783	104.783	0.000	34	0.653	1.677	9.270	-4.221		187.007	648	10.797	880024821104823168	880022790331877916	880022790327683611	31985	
1	C4H9FN2O2S	[M + H]+	C4H10FN2O2S+		0.666	58.190	58.190	0.000	15	0.156	1.275	9.532	8.559		169.046	652	10.861	880024818303028086	880022790315100696	880022790310906391	27293	
1	C29H39N5O9	[M + H]+	C29H40N5O9+		0.494	153.949	153.949	0.000	52	0.935	-0.457	2.225	-6.233		602.278	66	1.105	880026390748933372	880025194676038640	880025194671844335	3491	
1	C44H62N12O8	[M + H]+	C44H63N12O8+		0.286	13.329	13.329	0.000	7	0.958	1.997	1.997	-12.883		887.477	81	1.343	880025984006302947	880025195636534296	880025195636534295	10122	
1	C59H81N11O13	[M + H]+	C59H82N11O13+		0.717	55.611	55.611	0.000	13	0.678	4.457	5.562	-10.245		1152.597	99	1.645	880025976527858905	880025194160139232	880025194151750623	1528	
1	CHNO6P2S5	[M + K]+	CHKNO6P2S5+		0.221	-2.971	-2.971	0.000	0	0.000	2.024	2.024	0.200		383.752	115	1.915	880025244810554482	880025196307622968	880025196303428663	17513	
1	C21H40N2O5	[M + K]+	C21H40KN2O5+		0.850	61.981	61.981	0.000	16	0.881	1.554	1.616	0.272		439.257	119	1.987	880025222593326184	880025196622195788	880025196618001483	32012	
1	C16H27N3O3	[M + H]+	C16H28N3O3+		0.993	117.607	117.607	0.000	37	0.800	1.290	1.468	-0.381		310.212	120	1.998	880025285935705234	880025194881559544	880025194877365239	4520	
1	C23H41N7O10	[M + H]+	C23H42N7O10+		0.995	110.607	110.607	0.000	40	0.831	-0.079	1.607	0.925		576.299	122	2.032	880026931713486087	880025193921063900	880025193891703771	825	
1	C26H43N5O8	[M + H]+	C26H44N5O8+		0.966	82.095	82.095	0.000	24	0.925	1.552	1.582	0.830		554.319	137	2.277	880025312049441949	880025195548453908	880025195544259603	9320	
1	C30H41N7O9	[M + H]+	C30H42N7O9+		0.984	93.854	93.854	0.000	27	0.892	1.317	1.856	2.868		644.306	137	2.284	880025563917397179	880025194571181036	880025194566986731	3053	
1	C17H33N7O6	[M + H]+	C17H34N7O6+		0.957	108.501	108.501	0.000	35	0.893	1.675	2.023	-2.332		432.256	140	2.326	880025267006811270	880025196634778704	880025196634778703	37971	
1	C11H20N3O4S	[M + K]+	C11H20KN3O4S+		0.881	60.057	60.057	0.000	12	0.964	1.760	2.757	2.096		329.081	162	2.705	880025262254664828	880025196525726788	880025196525726787	23939	
1	C17H31N5O7	[M + Na]+	C17H31N5NaO7+		0.735	144.631	144.631	0.000	50	0.966	1.148	1.538	-4.927		440.209	173	2.890	880025413874560167	880025194780896244	880025194776701939	3957	
1	C26H44N8O11	[M + H]+	C26H45N8O11+		0.472	97.104	97.104	0.000	39	0.940	1.199	1.831	0.882		645.321	204	3.398	880026358121442546	880025194990611452	880025194986417147	5093	
1	C44H60N8O10	[M + H]+	C44H61N8O10+		0.833	89.588	89.588	0.000	27	0.766	0.870	1.660	1.722		861.452	212	3.529	880027232658992412	880025195275824136	880025195271629831	6909	
1	C18H18N6O3Se3	[M + K]+	C18H18KN6O3Se3+		0.998	129.896	129.896	0.000	34	0.702	2.613	6.447	-0.041		626.875	213	3.542	880025925432847557	880025196135656496	880025196127267887	15196	
1	C10H19Br4N5O2	[M + H]+	C10H20Br4N5O2+		1.000	137.469	137.469	0.000	29	0.682	8.887	8.887	8.426		557.839	224	3.726	880025936853937359	880025195376487436	880025195372293131	7644	
1	C3H9Br3N4O5S	[M + H]+	C3H10Br3N4O5S+		0.989	5.804	5.804	0.000	3	0.471	9.211	9.211	-3.445		450.790	227	3.789	880025987022007533	880025195795917856	880025195795917855	11687	
1	C43H69N13O12	[M + H]+	C43H70N13O12+		0.381	127.251	127.251	0.000	50	0.972	0.948	1.597	-10.350		960.516	228	3.808	880027338938461512	880025194311134180	880025194306939875	2052	
1	C10H17Br2Cl4N3O3Si2	[M + H]+	C10H18Br2Cl4N3O3Si2+		0.776	33.579	33.579	0.000	13	0.449	1.394	3.899	-8.432		581.795	235	3.917	880025477334379697	880025195879803940	880025195875609635	12469	
1	C38H35N11O13S5	[M + Na]+	C38H35N11NaO13S5+		1.000	45.203	45.203	0.000	18	0.761	1.442	1.753	2.842		1036.094	277	4.621	880027062730960145	880025195082886144	880025195078691839	5605	
1	C13H23N3O8	[M + Na]+	C13H23N3NaO8+		0.761	21.189	21.189	0.000	3	0.338	-5.155	5.155	-3.857		372.136	429	7.148	880027322396126515	880025196047576108	880025196047576107	14343	
1	C23H40O8S	[M + H]+	C23H41O8S+		0.933	76.469	76.469	0.000	14	0.717	-1.742	2.550	-2.652		477.250	485	8.083	880027300749323561	880025196223736884	880025196219542579	16392	
1	C37H71NO8	[M + H]+	C37H72NO8+		0.969	41.247	41.247	0.000	8	0.382	-0.067	3.826	3.577		658.528	487	8.116	880027329526443325	880025195716226076	880025195712031771	10896	
1	C24H48N6O	[M + H]+	C24H49N6O+		0.391	38.697	38.697	0.000	13	0.599	-3.267	15.009	14.320		437.403	488	8.133	880027556580896173	880025195464567824	880025195464567823	8505	
1	C25H32N2O6S2	[M + K]+	C25H32KN2O6S2+		0.949	13.813	13.813	0.000	10	0.397	0.610	6.080	1.007		559.134	496	8.271	880027865977926082	880025195175160836	880025195170966531	6208	
1	C47H72N2O8	[M + K]+	C47H72KN2O8+		0.704	56.186	56.186	0.000	13	0.753	0.594	4.042	3.337		831.495	644	10.726	880027681344663258	880025195955301416	880025195951107111	13370	
1	C6H10ClN2O	[M + K]+	C6H10ClKN2O+		0.556	79.595	79.595	0.000	30	0.655	4.384	12.008	3.881		200.012	647	10.785	880027644472536736	880025196458617920	880025196454423615	21417	
1	C20H32N6O3S	[M + H]+	C20H33N6O3S+		0.719	93.856	93.856	0.000	29	0.960	2.047	2.047	-0.312		437.233	48	0.808	880028119413365632	880027959442610913	880027959438416608	2611	
1	C22H36N6O10	[M + H]+	C22H37N6O10+		1.000	76.088	76.088	0.000	29	0.940	0.434	1.110	3.544		545.259	66	1.098	880028074039384950	880027959920761585	880027959916567280	4523	
1	C36H51N9O9	[M + Na]+	C36H51N9NaO9+		0.556	175.389	175.389	0.000	44	0.902	1.681	1.707	2.840		776.372	112	1.866	880030504374311985	880027960134671097	880027960134671096	5609	
1	C17H31N3O9	[M + H]+	C17H32N3O9+		0.749	121.772	121.772	0.000	36	0.781	1.458	1.742	-0.251		422.213	114	1.906	880028060349176684	880027959815903981	880027959811709676	3958	
1	C29H42N6O7S	[M + H]+	C29H43N6O7S+		0.999	72.286	72.286	0.000	32	0.955	1.019	1.351	4.610		619.294	121	2.024	880028756930796457	880027961921444665	880027961921444664	21469	
1	C12H22N2O3	[M + H]+	C12H23N2O3+		1.000	81.685	81.685	0.000	11	0.940	1.795	1.795	-0.078		243.170	125	2.091	880027979084536674	880027960445049605	880027960440855300	7648	
1	C28H37N3O5S	[M + H]+	C28H38N3O5S+		0.832	115.019	115.019	0.000	39	0.933	-0.020	1.950	-8.460		528.248	161	2.690	880029344582147006	880027959698463465	880027959694269160	3492	
1	C37H51N7O10	[M + H]+	C37H52N7O10+		0.996	145.737	145.737	0.000	51	0.965	0.364	2.679	-5.060		754.373	190	3.160	880029226533460916	880027959581022949	880027959576828644	3054	
1	C42H62N8O10	[M + H]+	C42H63N8O10+		0.751	93.696	93.696	0.000	42	0.985	0.325	1.722	0.993		839.467	200	3.329	880028472628288394	880027959153203929	880027959144815320	1533	
1	C40H60N8O9	[M + H]+	C40H61N8O9+		0.985	154.078	154.078	0.000	52	0.970	0.812	1.732	-1.758		797.454	212	3.527	880028620087434132	880027960034007797	880027960034007796	5094	
1	C42H48N4O5	[M + H]+	C42H49N4O5+		0.738	59.988	59.988	0.000	24	0.818	0.672	1.056	6.169		689.374	218	3.625	880029735856184318	880027961573317417	880027961564928808	15217	
1	C41H59N9O9	[M + K]+	C41H59KN9O9+		0.828	104.536	104.536	0.000	43	0.928	0.862	1.771	-5.036		860.402	242	4.037	880029904819526675	880027960348580609	880027960344386304	6913	
1	C50H72N16O13	[M + H]+	C50H73N16O13+		0.941	40.506	40.506	0.000	19	0.772	1.272	1.868	6.013		1105.560	250	4.172	880030192464895005	880027961833364277	880027961829169972	19202	
1	C46H71N11O11S	[M + H]+	C46H72N11O11S+		0.355	73.215	73.215	0.000	16	0.635	1.753	1.966	-13.380		986.500	253	4.212	880029670345350132	880027960906423065	880027960902228760	11688	
1	C35H46N2O6	[M + H]+	C35H47N2O6+		0.594	38.030	38.030	0.000	8	0.832	-0.195	0.990	8.686		591.348	280	4.667	880029410327862240	880027961002892061	880027960998697756	12473	
1	C55H85N7O15	[M + H]+	C55H86N7O15+		0.937	51.602	51.602	0.000	13	0.663	0.945	2.638	-1.329		1084.616	300	4.999	880029374831467474	880027961753672497	880027961749478192	17537	
1	C26H45NO5	[M + H]+	C26H46NO5+		0.862	51.189	51.189	0.000	14	0.958	0.346	1.520	-6.964		452.334	480	7.993	880028625644886942	880027962110188361	880027962105994056	37997	
1	C37H69BF2N8O5	[M + H]+	C37H70BF2N8O5+		0.280	20.847	20.847	0.000	8	0.480	5.920	6.204	7.670		754.562	486	8.092	880029363343268808	880027960730262289	880027960730262288	10123	
1	C18H39O4	[M + K]+	C18H39KO4+		0.415	3.500	3.500	0.000	0	0.000			-10.866		358.244	488	8.126	880029415411358698	880027962076633921	880027962076633920	27329	
1	C29H51NO	[M + H]+	C29H52NO+		0.997	114.563	114.563	0.000	28	0.633	1.867	2.838	7.106		430.407	500	8.339	880029741153590280	880027962097605445	880027962093411140	32026	
1	C32H67N3O12	[M + H]+	C32H68N3O12+		0.792	183.997	183.997	0.000	49	0.967	1.019	2.226	3.567		686.482	517	8.622	880030356025973799	880027958884768469	880027958855408340	826	
1	C47H75N3O8	[M + H]+	C47H76N3O8+		0.844	88.027	88.027	0.000	25	0.805	1.325	2.266	7.411		810.569	559	9.317	880030638608817542	880027961485237029	880027961481042724	14345	
1	C51H74N2O8	[M + K]+	C51H74KN2O8+		0.224	18.168	18.168	0.000	5	0.618	3.579	4.291	7.402		881.514	640	10.675	880030707936468783	880027960818342677	880027960814148372	10898	
1	C53H107	[M + H]+	C53H108+		1.000	170.374	170.374	0.000	22	0.497	2.568	2.815	3.283		744.847	641	10.681	880031337027543275	880027962001136445	880027962001136444	23948	
1	C2H3FN2O2S	[M + K]+	C2H3FKN2O2S+		0.512	8.672	8.672	0.000	2	0.124	7.638	7.899	0.652		176.953	648	10.797	880030678526009070	880027960541518601	880027960537324296	8506	
1	C13H23N3O5	[M + H]+	C13H24N3O5+		0.993	83.179	83.179	0.000	22	0.956	1.422	1.422	22.016		302.178	49	0.823	880032980601490552	880031477698481064	880031477694286759	5611	
1	C24H37N3O8	[M + Na]+	C24H37N3NaO8+		0.595	142.747	142.747	0.000	43	0.987	-0.340	2.386	-1.516		518.247	55	0.919	880031800915741754	880031478520564676	880031478516370371	10900	
1	C19H29N5O4	[M + H]+	C19H30N5O4+		0.999	122.867	122.867	0.000	39	0.773	0.883	1.589	-0.334		392.229	59	0.976	880031567058127898	880031478734474188	880031478730279883	12486	
1	C10H12N2O6S	[M + H]+	C10H13N2O6S+		0.876	65.303	65.303	0.000	18	0.744	1.473	1.473	0.057		289.049	63	1.055	880031514696436752	880031479032269784	880031479023881175	15221	
1	C40H54N8O13	[M + Na]+	C40H54N8NaO13+		0.966	78.568	78.568	0.000	27	0.856	1.422	1.740	1.078		877.371	81	1.358	880033680345615570	880031477941750704	880031477937556399	6921	
1	C29H49N5O12	[M + H]+	C29H50N5O12+		0.996	181.372	181.372	0.000	54	0.977	2.414	2.661	-4.919		660.342	86	1.438	880032430833093720	880031476238863236	880031476209503107	827	
1	C44H49N3O8	[M + H]+	C44H50N3O8+		0.377	108.479	108.479	0.000	31	0.897	1.818	1.919	0.879		748.360	103	1.720	880033751778807015	880031477178387352	880031477169998743	3495	
1	C23H43N13O10	[M + Na]+	C23H43N13NaO10+		0.635	20.257	20.257	0.000	7	0.246	-5.633	7.969	-4.684		684.312	108	1.801	880032528690400354	880031479237790688	880031479233596383	17561	
1	C47H64N4O14	[M + H]+	C47H65N4O14+		0.496	31.506	31.506	0.000	9	0.945	1.306	1.330	9.149		909.458	113	1.876	880031596451810340	880031477455211424	880031477451017119	4550	
1	C29H47N7O7	[M + K]+	C29H47KN7O7+		0.935	157.392	157.392	0.000	51	0.918	1.471	1.869	1.932		644.318	120	2.002	880033509520002203	880031478625422280	880031478621227975	11694	
1	C17H24N4O9S2	[M + Na]+	C17H24N4NaO9S2+		0.316	50.924	50.924	0.000	24	0.887	1.084	1.784	3.124		515.089	124	2.065	880033126198365318	880031478059191220	880031478054996915	7653	
1	C28H42N4O6S	[M + H]+	C28H43N4O6S+		0.503	106.888	106.888	0.000	45	0.955	0.603	1.647	0.386		563.290	134	2.239	880031902396927054	880031478298266556	880031478294072251	9324	
1	C18H29N7O6	[M + H]+	C18H30N7O6+		0.978	31.169	31.169	0.000	9	0.955	1.003	1.405	12.702		440.231	153	2.551	880031806670326852	880031477820115884	880031477811727275	6215	
1	C48H67N7O16	[M + H]+	C48H68N7O16+		0.742	52.970	52.970	0.000	18	0.741	0.843	1.121	-0.106		998.472	163	2.724	880033525194116272	880031479137127388	880031479132933083	16409	
1	C3H2Br2ClIN2O	[M + H]+	C3H3Br2ClIN2O+		0.731	-2.828	-2.828	0.000	0	0.000			11.201		402.739	176	2.940	880033066555362436	880031479434922984	880031479430728679	21473	
1	C39H64N12O13	[M + H]+	C39H65N12O13+		0.517	62.759	62.759	0.000	25	0.906	0.572	1.199	2.797		909.481	186	3.104	880031712235572271	880031477320993692	880031477316799387	3963	
1	C19H32I3N3O7	[M + H]+	C19H33I3N3O7+		0.357	34.786	34.786	0.000	18	0.745	1.709	1.709	7.135		795.950	261	4.352	880033289969159313	880031478835137488	880031478830943183	13395	
1	C23H44N7O16P3S	[M + K]+	C23H44KN7O16P3S+		1.000	51.965	51.965	0.000	26	0.806	1.681	1.681	-13.205		838.130	266	4.437	880032693052591213	880031478180826040	880031478176631735	8508	
1	C16H24O2	[M + H]+	C16H25O2+		1.000	247.215	247.215	0.000	29	0.546	0.978	2.090	1.178		249.185	339	5.652	880033520999812261	880031478931606484	880031478927412179	14354	
1	C40H59NO6	[M + H]+	C40H60NO6+		0.801	97.309	97.309	0.000	25	0.912	0.987	1.517	4.743		650.445	375	6.243	880033538418756794	880031478407318464	880031478403124159	10125	
1	C39H67N5O7	[M + K]+	C39H67KN5O7+		0.229	20.553	20.553	0.000	5	0.389	-0.068	2.311	-6.488		756.462	474	7.898	880033610535619782	880031479623666672	880031479619472367	27383	
1	C44H79N7O5	[M + H]+	C44H80N7O5+		0.306	7.978	7.978	0.000	3	0.177	-5.469	5.469	3.502		786.624	501	8.345	880033703942769884	880031479648832504	880031479648832503	38015	
1	C83H154N10O11	[M + H]+	C83H155N10O11+		0.705	21.002	21.002	0.000	8	0.388	3.067	3.067	-5.062		1468.180	502	8.361	880034653046656922	880031479330065380	880031479330065379	19211	
1	C42H75NO9	[M + H]+	C42H76NO9+		0.442	26.010	26.010	0.000	5	0.414	1.909	4.930	-11.590		738.543	639	10.643	880033849430593043	880031479640443892	880031479636249587	32093	
1	C18H6O11P2	[M + K]+	C18H6KO11P2+		0.198	14.315	14.315	0.000	3	0.783	-6.994	6.994	-4.394		498.900	642	10.704	880033913779605051	880031477019003796	880031477014809491	3055	
1	C3H4N3O3S	[M + Na]+	C3H4N3NaO3S+		1.000	142.628	142.628	0.000	30	0.653	-4.228	9.643	-3.555		184.986	653	10.877	880033934491078236	880031476872203152	880031476868008847	2616	
1	C25H45N5O9	[M + H]+	C25H46N5O9+		0.941	170.069	170.069	0.000	51	0.975	0.775	2.234	8.915		560.334	58	0.962	880035547619537004	880034763565707264	880034763561512959	12497	
1	C27H49N7O17	[M + H]+	C27H50N7O17+		0.777	72.669	72.669	0.000	25	0.789	1.278	1.580	11.864		744.335	61	1.017	880036801880010961	880034762454216668	880034762450022363	5624	
1	C12H19N3O5	[M + H]+	C12H20N3O5+		0.875	68.756	68.756	0.000	14	0.857	0.416	1.030	13.814		286.144	63	1.042	880034794070880323	880034764656226332	880034764652032027	21475	
1	C19H36N8O9	[M + H]+	C19H37N8O9+		0.996	186.605	186.605	0.000	50	0.925	1.805	1.945	-3.264		521.266	84	1.404	880036446173671603	880034762030591952	880034762022203343	3965	
1	C28H39N3O8	[M + H]+	C28H40N3O8+		0.754	169.293	169.293	0.000	52	0.973	1.089	1.845	-0.900		546.281	103	1.720	880037015487525119	880034764027080720	880034764022886415	16415	
1	C14H23N3O5	[M + H]+	C14H24N3O5+		0.826	90.881	90.881	0.000	21	0.957	1.748	1.943	4.624		314.173	110	1.829	880035962318762122	880034762173198292	880034762169003987	4555	
1	C36H62N8O11	[M + K]+	C36H62KN8O11+		0.384	120.847	120.847	0.000	39	0.903	1.654	2.599	-6.529		821.412	111	1.854	880037301618749744	880034761376280512	880034761372086207	2064	
1	C23H41N7O10	[M + H]+	C23H42N7O10+		1.000	125.524	125.524	0.000	44	0.897	0.057	2.738	13.939		576.307	126	2.103	880035924200927360	880034760927489976	880034760893935543	874	
1	C47H67N5O13	[M + H]+	C47H68N5O13+		0.660	63.035	63.035	0.000	25	0.896	-0.182	1.745	-0.454		910.480	187	3.111	880036317706334377	880034762592628704	880034762584240095	6216	
1	C37H56N8O9	[M + H]+	C37H57N8O9+		0.955	118.768	118.768	0.000	42	0.960	0.347	1.719	0.658		757.425	204	3.405	880035116822573134	880034762726846436	880034762718457827	6922	
1	C38H54N8O11	[M + H]+	C38H55N8O11+		0.568	80.824	80.824	0.000	29	0.849	1.553	1.690	4.027		799.402	209	3.482	880036657700810941	880034764245184536	880034764240990231	19232	
1	C51H80N12O14	[M + H]+	C51H81N12O14+		0.500	80.389	80.389	0.000	39	0.892	1.199	1.868	6.750		1085.606	223	3.722	880035838255444086	880034761544052676	880034761539858371	2617	
1	C40H85N3O	[M + Na]+	C40H85N3NaO+		1.000	105.246	105.246	0.000	34	0.717	-1.292	4.653	6.827		646.663	227	3.786	880035122489077850	880034764136132628	880034764136132627	17572	
1	C25H31Br3N4O4S2	[M + H]+	C25H32Br3N4O4S2+		0.812	31.347	31.347	0.000	18	0.829	0.739	0.948	1.779		752.942	255	4.251	880035137232056418	880034762319998936	880034762311610327	5104	
1	C49H71N13O11	[M + H]+	C49H72N13O11+		0.887	36.221	36.221	0.000	9	0.426	0.739	5.508	-2.726		1018.544	256	4.271	880036083639005343	880034764723335200	880034764719140895	23972	
1	C35H59N15O8	[M + H]+	C35H60N15O8+		0.311	68.427	68.427	0.000	25	0.854	1.629	1.629	-0.831		818.474	260	4.331	880035963816128660	880034763339214840	880034763335020535	10910	
1	C27H38N4O14	[M + Na]+	C27H38N4NaO14+		0.935	25.396	25.396	0.000	9	0.908	-0.296	2.466	-0.861		665.227	363	6.046	880036780241596615	880034762852675560	880034762848481255	7658	
1	C47H79ClN4O12	[M + H]+	C47H80ClN4O12+		0.847	101.627	101.627	0.000	36	0.880	1.087	2.065	7.139		927.552	392	6.541	880036887573836017	880034761875402700	880034761867014091	3497	
1	C18H39NO	[M + H]+	C18H40NO+		1.000	23.047	23.047	0.000	4	0.187	4.745	4.745	3.348		286.311	406	6.766	880035117233614936	880034763104333808	880034763100139503	9325	
1	C22H41N3O3	[M + H]+	C22H42N3O3+		1.000	96.476	96.476	0.000	28	0.765	3.881	4.455	21.526		396.331	429	7.148	880036817386352859	880034762982698988	880034762978504683	8515	
1	C22H45NO2	[M + H]+	C22H46NO2+		1.000	47.517	47.517	0.000	9	0.778	0.683	1.704	0.544		356.353	452	7.527	880036888383336699	880034763913834508	880034763905445899	15222	
1	C27H63N7O7	[M + H]+	C27H64N7O7+		0.343	64.544	64.544	0.000	26	0.822	2.966	2.966	6.059		598.490	500	8.327	880036852949856487	880034763687342084	880034763683147779	13400	
1	C34H69N5O10	[M + H]+	C34H70N5O10+		0.554	31.926	31.926	0.000	10	0.338	-0.487	3.385	-1.439		708.511	628	10.464	880037199466475793	880034763225968628	880034763221774323	10127	
1	C44H67F2N5O2	[M + H]+	C44H68F2N5O2+		0.131	7.938	7.938	0.000	4	0.176	-3.882	5.857	-3.882		736.531	639	10.653	880037275316269348	880034763800588296	880034763796393991	14355	
1	C40H75NO9	[M + H]+	C40H76NO9+		1.000	76.509	76.509	0.000	17	0.690	2.498	3.860	-2.882		714.549	640	10.668	880037368731808101	880034763448266748	880034763444072443	11702	
1	C41H74NO8P	[M + Na]+	C41H74NNaO8P+		1.000	121.815	121.815	0.000	29	0.644	0.407	2.045	4.294	PE(18:3_18:1)	762.508	641	10.686	880037344287404388	880034761204314044	880034761191731131	1540	
1	C3H9FN3O3P	[M + Na]+	C3H9FN3NaO3P+		0.859	57.705	57.705	0.000	10	0.927	-15.153	15.153	-12.387		208.023	646	10.770	880037405092230632	880034764790444068	880034764786249763	27384	
1	C4H8BCl2O2	[M + H]+	C4H9BCl2O2+		0.996	57.882	57.882	0.000	11	0.632	3.184	3.760	-12.711		169.008	654	10.900	880037411480155646	880034764803026984	880034764803026983	32111	
1	C5H6Cl2NO	[M + H]+	C5H7Cl2NO+		0.999	51.947	51.947	0.000	17	0.537	-7.612	8.109	4.068		166.991	665	11.077	880037422091744847	880034764815609900	880034764811415595	38076	
1	C10H19N3O5	[M + K]+	C10H19KN3O5+		0.892	59.370	59.370	0.000	17	0.831	0.819	2.541	-11.093		300.092	80	1.325	880037666113562866	880037632873703643	880037632869509338	38181	
1	C19H34N6O7	[M + H]+	C19H35N6O7+		0.999	199.266	199.266	0.000	54	0.977	0.694	1.611	-3.863		459.254	82	1.367	880037936138660112	880037630755580035	880037630751385730	4563	
1	C16H32N6O3S	[M + H]+	C16H33N6O3S+		0.970	49.881	49.881	0.000	15	0.770	1.031	1.722	1.191		389.233	98	1.641	880038084336003374	880037631355365531	880037631351171226	8520	
1	C11H31N6O5	[M + H]+	C11H32N6O5+		0.843	28.050	28.050	0.000	8	0.967	1.134	1.535	5.576		328.245	105	1.750	880038957195831631	880037632538159303	880037632533964998	19240	
1	C16H32FN5O4	[M + Na]+	C16H32FN5NaO4+		1.000	175.818	175.818	0.000	50	0.931	-0.070	1.749	14.858		400.239	105	1.758	880037693183600902	880037631888042163	880037631883847858	13402	
1	C24H40N6O9	[M + H]+	C24H41N6O9+		0.893	74.151	74.151	0.000	22	0.830	0.840	1.429	3.852		557.295	114	1.900	880038033513621786	880037632076785851	880037632068397242	15223	
1	C12H22N2O3	[M + H]+	C12H23N2O3+		1.000	67.644	67.644	0.000	10	0.973	2.023	2.023	0.333		243.170	120	2.003	880037668844054780	880037631158233235	880037631154038930	6926	
1	C9H16As4N2O3	[M + H]+	C9H17As4N2O3+		1.000	99.775	99.775	0.000	18	0.501	1.481	2.165	-4.103		500.808	165	2.752	880039172820805989	880037631254702231	880037631254702230	7669	
1	C27H34N4O4	[M + H]+	C27H35N4O4+		0.582	139.121	139.121	0.000	46	0.925	0.652	1.214	-0.380		479.265	181	3.017	880039154546223451	880037630638139519	880037630633945214	3970	
1	C27H40N4O7	[M + H]+	C27H41N4O7+		0.716	115.110	115.110	0.000	38	0.922	2.814	3.267	11.483		533.303	199	3.309	880038910085409091	880037629992216683	880037629983828074	1544	
1	C53H78N10O13	[M + H]+	C53H79N10O13+		0.466	73.952	73.952	0.000	28	0.868	0.981	1.543	-0.338		1063.582	227	3.779	880038714186246456	880037630847854727	880037630843660422	5108	
1	C25H30FN3O4	[M + H]+	C25H31FN3O4+		0.889	60.750	60.750	0.000	15	0.762	-2.286	5.311	8.962		456.233	233	3.889	880038069425252644	880037632252946627	880037632252946626	17575	
1	C61H97N11O18	[M + H]+	C61H98N11O18+		0.999	67.977	67.977	0.000	14	0.486	0.677	2.229	-2.186		1272.706	261	4.345	880040148822763887	880037631439251615	880037631435057310	9327	
1	C29H27Br2N7O4	[M + H]+	C29H28Br2N7O4+		0.266	51.325	51.325	0.000	28	0.861	2.450	2.538	1.289		696.057	263	4.381	880040418424236477	880037631057569935	880037631053375630	6223	
1	C21H31Br3N4O11S	[M + H]+	C21H32Br3N4O11S+		0.455	54.823	54.823	0.000	11	0.628	0.824	1.028	5.871		784.938	279	4.651	880040176010242426	880037632718514383	880037632718514382	24028	
1	C21H36O3	[M + H]+	C21H37O3+		1.000	222.984	222.984	0.000	35	0.923	1.752	1.992	-1.843		337.273	415	6.917	880040188588960143	880037631799961775	880037631795767470	12498	
1	C23H39N3O2	[M + H]+	C23H40N3O2+		0.946	27.251	27.251	0.000	5	0.466	3.272	3.527	1.271		390.312	420	6.993	880040180544285060	880037631711881387	880037631707687082	11706	
1	C39H67N4O7S	[M + H]+	C39H68N4O7S+		1.000	145.739	145.739	0.000	48	0.932	0.939	2.287	4.314		736.484	474	7.898	880040591137286601	880037632626239691	880037632622045386	21482	
1	C30H57N5O6	[M + H]+	C30H58N5O6+		0.906	47.721	47.721	0.000	11	0.887	1.494	3.420	-10.713		584.432	482	8.026	880040269237037467	880037632835954899	880037632831760594	27396	
1	C20H45B6NO3Si	[M + H]+	C20H46B6NO3Si+		0.857	42.341	42.341	0.000	12	0.983	-13.928	13.928	0.070		436.402	488	8.133	880040281199192489	880037630269040755	880037630264846450	2621	
1	C42H75NO13	[M + H]+	C42H76NO13+		0.995	46.815	46.815	0.000	10	0.386	0.881	3.145	-2.514		802.529	502	8.367	880040328758405554	880037631627995303	880037631627995302	10917	
1	C21H40O3	[M + H]+	C21H41O3+		1.000	82.657	82.657	0.000	11	0.553	5.099	5.099	-1.528		341.305	507	8.454	880040593939081684	880037631980316855	880037631976122550	14364	
1	C43H76NO8P	[M + Na]+	C43H76NNaO8P+		1.000	16.561	16.561	0.000	5	0.702	-0.092	3.080	-4.154		788.517	640	10.669	880040659626077364	880037631535720611	880037631531526306	10130	
1	C14H26N2O4S	[M + H]+	C14H27N2O4S+		1.000	80.853	80.853	0.000	26	0.899	2.493	2.493	5.938		319.171	57	0.952	880043583261958157	880041555609575175	880041555605380870	2622	
1	C15H26ClN5O4	[M + K]+	C15H26ClKN5O4+		0.454	80.376	80.376	0.000	21	0.790	2.108	2.108	3.887		414.132	67	1.109	880041628334612379	880041558302318443	880041558298124138	32176	
1	C25H38N4O9	[M + Na]+	C25H38N4NaO9+		0.937	190.732	190.732	0.000	54	0.975	0.578	2.101	0.535		561.253	70	1.164	880043600336969752	880041557895470939	880041557891276634	19262	
1	C21H35N5O8	[M + H]+	C21H36N5O8+		0.940	86.771	86.771	0.000	26	0.958	1.244	1.244	2.181		486.257	80	1.339	880041594062954385	880041558121963363	880041558117769058	24058	
1	C28H39N5O8	[M + H]+	C28H40N5O8+		0.942	128.249	128.249	0.000	49	0.948	-0.381	1.306	2.543		574.289	84	1.406	880042312668864465	880041556679122735	880041556674928430	8533	
1	C36H63N7O9	[M + H]+	C36H64N7O9+		0.675	50.759	50.759	0.000	22	0.894	1.052	1.901	0.944		738.477	94	1.563	880041641643138981	880041556381327139	880041556377132834	6224	
1	C6H18N3O3S	[M + H]+	C6H19N3O3S+		1.000	57.643	57.643	0.000	17	0.462	-3.351	5.258	-4.054		213.113	128	2.131	880041578565001095	880041557291491147	880041557287296842	14370	
1	C23H39N5O9	[M + H]+	C23H40N5O9+		0.934	147.454	147.454	0.000	38	0.914	1.906	2.402	0.841		530.283	130	2.174	880041776460652463	880041556578459435	880041556574265130	7672	
1	C16H25N7O5	[M + Na]+	C16H25N7NaO5+		0.873	69.027	69.027	0.000	20	0.929	0.819	2.951	0.867		418.181	153	2.544	880041828314832838	880041558314901359	880041558314901358	38214	
1	C69H115N3O7	[M + H]+	C69H116N3O7+		0.221	48.639	48.639	0.000	23	0.876	1.264	1.422	-0.254		1098.881	178	2.960	880043662802739256	880041556486184743	880041556481990438	6934	
1	C27H43N5O5	[M + Na]+	C27H43N5NaO5+		0.739	113.785	113.785	0.000	41	0.897	0.325	1.590	-8.773		540.311	190	3.167	880043757535289434	880041555064315643	880041555034955514	888	
1	C37H56N8O10S	[M + H]+	C37H57N8O10S+		0.998	103.403	103.403	0.000	32	0.834	0.639	1.884	-1.723		805.390	193	3.224	880042442939752411	880041556859477815	880041556855283510	10131	
1	C18H18N6O3Se3	[M + K]+	C18H18KN6O3Se3+		1.000	161.934	161.934	0.000	34	0.674	2.769	4.422	-11.048		626.868	199	3.312	880042466679513064	880041555324362495	880041555315973886	1546	
1	C26H39N7O7	[M + H]+	C26H40N7O7+		0.352	86.058	86.058	0.000	23	0.803	1.035	1.590	-6.177		562.295	251	4.188	880043655349461038	880041558235209575	880041558231015270	27428	
1	C22H34I3N5O5	[M + H]+	C22H35I3N5O5+		0.289	27.176	27.176	0.000	15	0.704	1.233	1.233	-1.192		829.976	253	4.225	880041794173198266	880041557115330371	880041557115330370	12499	
1	C18H39NO	[M + H]+	C18H40NO+		1.000	23.078	23.078	0.000	5	0.496	2.949	2.949	2.999		286.311	384	6.404	880042443879276517	880041556943363899	880041556939169594	10919	
1	C18H35NO	[M + H]+	C18H36NO+		1.000	30.084	30.084	0.000	7	0.573	1.373	1.651	-0.146		282.279	398	6.631	880042467421904882	880041556767203123	880041556763008818	9330	
1	C26H47NO6	[M + H]+	C26H48NO6+		0.990	35.990	35.990	0.000	5	0.819	1.207	1.505	5.071		470.350	400	6.665	880043535144902647	880041556180000539	880041556175806234	5114	
1	C27H48O10	[M + H]+	C27H49O10+		0.818	168.227	168.227	0.000	32	0.843	1.438	1.851	3.330		533.334	455	7.580	880043569542389762	880041557031444287	880041557027249982	11715	
1	C17H24N2O4	[M + H]+	C17H25N2O4+		0.755	7.526	7.526	0.000	2	0.159	8.756	8.756	-1.506		321.180	464	7.734	880043605424660514	880041557195022151	880041557195022150	13403	
1	C14H22O9	[M + H]+	C14H23O9+		0.906	107.815	107.815	0.000	14	0.594	-6.143	7.503	-9.127		335.131	464	7.734	880043704145993808	880041557467651923	880041557467651922	16422	
1	C28H53NO7	[M + H]+	C28H54NO7+		0.825	52.564	52.564	0.000	19	0.853	3.118	3.118	0.814		516.390	469	7.822	880043677377945668	880041557555732311	880041557551538006	17582	
1	C43H74NO8P	[M + Na]+	C43H74NNaO8P+		1.000	52.381	52.381	0.000	13	0.603	-0.282	2.669	-0.160		786.504	641	10.684	880043839798173800	880041555966091027	880041555961896722	3971	
1	C83H101N5O10	[M + Na]+	C83H101N5NaO10+		0.618	106.792	106.792	0.000	38	0.885	2.032	2.032	6.763		1350.753	642	10.705	880044099530450533	880041556079337239	880041556075142934	4568	
1	C15H29N3O5	[M + H]+	C15H30N3O5+		1.000	207.314	207.314	0.000	51	0.965	0.903	1.503	0.911		332.218	56	0.928	880044868731685705	880044297979185836	880044297974991531	10928	
1	C20H38N8O8	[M + H]+	C20H39N8O8+		0.998	138.390	138.390	0.000	40	0.987	1.306	2.151	-0.071		519.289	56	0.933	880044487008078625	880044297475869336	880044297471675031	6936	
1	C19H22Br4N4O6	[M + H]+	C19H23Br4N4O6+		0.885	67.939	67.939	0.000	24	0.762	1.645	1.968	-11.212		718.827	56	0.934	880044358276500215	880044296423098996	880044296418904691	2073	
1	C14H24N4O5	[M + K]+	C14H24KN4O5+		0.999	65.972	65.972	0.000	20	0.950	0.571	1.664	0.196		367.138	56	0.937	880045501836708733	880044299128425172	880044299124230867	24071	
1	C27H23N5O5S4	[M + K]+	C27H23KN5O5S4+		0.946	51.570	51.570	0.000	22	0.677	4.462	4.596	8.793		664.027	63	1.051	880045249893256030	880044298612525768	880044298608331463	17600	
1	C22H38N4O6S	[M + H]+	C22H39N4O6S+		0.978	181.188	181.188	0.000	51	0.949	1.244	1.853	4.551		487.261	81	1.357	880044631476685621	880044297698167456	880044297693973151	8537	
1	C20H28N4O7	[M + H]+	C20H29N4O7+		0.962	74.699	74.699	0.000	21	0.770	-1.461	2.278	-0.631		437.203	82	1.372	880044400185985804	880044299258448604	880044299254254299	32294	
1	C21H31N5O7	[M + Na]+	C21H31N5NaO7+		0.535	48.957	48.957	0.000	14	0.817	3.440	3.897	-4.033		488.210	83	1.381	880045720359947174	880044298696411852	880044298696411851	19277	
1	C11H22N2O4S	[M + H]+	C11H23N2O4S+		0.999	73.843	73.843	0.000	21	0.969	1.177	1.685	4.641		279.139	89	1.480	880044370762943233	880044298159540916	880044298155346611	12506	
1	C12H24N2O3	[M + H]+	C12H25N2O3+		1.000	34.903	34.903	0.000	5	0.980	1.454	1.454	0.942		245.186	102	1.692	880044488727743275	880044296557316728	880044296553122423	2623	
1	C15H25N3O6	[M + H]+	C15H26N3O6+		1.000	177.151	177.151	0.000	46	0.957	1.906	2.177	1.708		344.182	103	1.717	880044441197890326	880044297794636452	880044297790442147	9336	
1	C31H44N4O9	[M + H]+	C31H45N4O9+		0.870	143.069	143.069	0.000	48	0.927	1.890	2.165	-3.573		617.316	109	1.813	880044937648294740	880044297052244616	880044297048050311	4572	
1	C28H46N6O11	[M + Na]+	C28H46N6NaO11+		0.459	90.242	90.242	0.000	30	0.957	3.460	3.460	-0.266		665.312	117	1.945	880045699124186012	880044296012057196	880044295982697067	889	
1	C19H34N4O6	[M + H]+	C19H35N4O6+		0.991	85.936	85.936	0.000	25	0.880	0.819	1.548	4.789		415.257	146	2.439	880045271380675433	880044297161296524	880044297157102219	5115	
1	C32H48N6O8	[M + H]+	C32H49N6O8+		0.464	163.587	163.587	0.000	52	0.875	1.654	1.989	1.799		645.362	167	2.790	880046213979196346	880044296699923068	880044296695728763	3067	
1	C53H61N3O9	[M + H]+	C53H62N3O9+		0.906	75.717	75.717	0.000	16	0.679	3.841	3.841	5.023		884.453	176	2.928	880045973616217008	880044297589115548	880044297584921243	7675	
1	C53H81N11O15	[M + H]+	C53H82N11O15+		0.696	75.635	75.635	0.000	31	0.781	0.862	2.159	1.854		1112.601	207	3.447	880045596862860178	880044296267909744	880044296259521135	1555	
1	C26H43N5O10	[M + H]+	C26H44N5O10+		0.997	160.390	160.390	0.000	53	0.978	0.921	1.799	9.092		586.314	217	3.615	880044802621066047	880044296938998404	880044296934804099	3974	
1	C67H87N7O9	[M + K]+	C67H87KN7O9+		0.515	72.440	72.440	0.000	23	0.703	0.524	1.182	-3.825		1172.615	218	3.628	880045488519793523	880044297371011732	880044297366817427	6227	
1	C33H57N11O11	[M + H]+	C33H58N11O11+		0.296	79.349	79.349	0.000	24	0.725	0.018	0.943	-0.355		784.431	224	3.733	880045509621336967	880044297891105448	880044297886911143	10135	
1	C63H73N9O8	[M + H]+	C63H74N9O8+		0.924	62.329	62.329	0.000	23	0.767	1.567	1.879	9.048		1084.575	225	3.754	880047017473626606	880044298067266224	880044298063071919	11718	
1	C40H85N3O	[M + Na]+	C40H85N3NaO+		1.000	60.959	60.959	0.000	20	0.585	-5.790	6.558	5.436		646.662	230	3.833	880046264151460966	880044298780297936	880044298776103631	21492	
1	C24H24Br2Cl2N4O5	[M + K]+	C24H24Br2Cl2KN4O5+		0.603	30.562	30.562	0.000	22	0.711	0.840	1.756	1.948		714.914	263	4.377	880046334821289134	880044298331507388	880044298331507387	14373	
1	C54H77N9O12	[M + H]+	C54H78N9O12+		0.361	44.868	44.868	0.000	13	0.753	1.600	3.915	1.871		1044.578	268	4.461	880046326004862074	880044298243427000	880044298239232695	13408	
1	C21H36O3	[M + H]+	C21H37O3+		1.000	100.527	100.527	0.000	19	0.696	1.624	2.044	-0.657		337.274	455	7.580	880046267733396592	880044298524445380	880044298520251075	16427	
1	C41H61NO5	[M + H]+	C41H62NO5+		0.722	80.300	80.300	0.000	17	0.774	2.438	2.438	7.324		648.467	463	7.711	880046253523094610	880044298423782080	880044298415393471	15241	
1	C60H104N16O19	[M + H]+	C60H105N16O19+		0.934	119.605	119.605	0.000	24	0.690	-1.590	2.489	-1.877		1353.771	485	8.088	880047349511508484	880044297266154128	880044297261959823	5634	
1	C37H68N8O9	[M + Na]+	C37H68N8NaO9+		0.157	7.950	7.950	0.000	5	0.249	0.017	4.668	-4.607		791.497	527	8.779	880046261165116508	880044296821557888	880044296817363583	3510	
1	C12H27NO	[M + Na]+	C12H27NNaO+		1.000	12.655	12.655	0.000	2	0.075	4.926	4.926	8.987		224.201	640	10.661	880046352596750469	880044299275225824	880044299271031519	38268	
1	C4H5NO5S	[M + Na]+	C4H5NNaO5S+		1.000	58.904	58.904	0.000	21	0.776	13.125	13.864	-11.704		201.976	647	10.791	880046350763839611	880044299237477080	880044299237477079	27438	
1	C16H34N4O3	[M + H]+	C16H35N4O3+		1.000	117.580	117.580	0.000	36	0.756	1.244	1.868	4.023		331.272	35	0.582	880047617673087919	880047595086760796	880047595082566491	9345	
1	C23H36N4O7	[M + Na]+	C23H36N4NaO7+		0.566	200.290	200.290	0.000	54	0.956	0.204	1.911	6.319		503.251	66	1.093	880049031212256267	880047594994486104	880047594990291799	8539	
1	C15H22N2O4	[M + H]+	C15H23N2O4+		0.999	90.165	90.165	0.000	25	0.955	1.319	1.759	1.919		295.166	77	1.286	880047619480832953	880047594793159504	880047594788965199	6946	
1	C19H29N7O5	[M + H]+	C19H30N7O5+		1.000	157.250	157.250	0.000	52	0.969	1.724	2.420	-2.048		436.229	87	1.447	880047906119568323	880047594583444296	880047594575055687	5651	
1	C23H38N6O8	[M + H]+	C23H39N6O8+		0.990	93.794	93.794	0.000	30	0.889	1.856	2.453	-0.927		527.282	92	1.525	880048225226410967	880047595267115876	880047595262921571	10932	
1	C28H34N6O6	[M + H]+	C28H35N6O6+		0.981	84.464	84.464	0.000	32	0.904	0.133	2.130	0.074		551.261	106	1.766	880048090337594317	880047594889628500	880047594885434195	7679	
1	C25H35N5O8	[M + H]+	C25H36N5O8+		0.997	199.565	199.565	0.000	54	0.985	0.134	1.856	2.359		534.257	120	2.003	880048601426119650	880047593367096100	880047593337735971	893	
1	C35H46N6O9	[M + H]+	C35H47N6O9+		0.953	57.761	57.761	0.000	16	0.738	2.126	2.415	7.617		695.345	123	2.055	880049283105377324	880047595531357040	880047595527162735	13413	
1	C39H58N6O6S2	[M + H]+	C39H59N6O6S2+		0.451	144.549	144.549	0.000	47	0.794	1.264	1.820	-0.262		771.393	139	2.322	880049521077603415	880047595724295032	880047595715906423	15248	
1	C25H35N5O8	[M + H]+	C25H36N5O8+		0.893	48.093	48.093	0.000	12	0.968	1.586	1.722	3.670		534.258	147	2.455	880048623597210604	880047596252777368	880047596248583063	38310	
1	C30H47N3O5S	[M + H]+	C30H48N3O5S+		1.000	46.417	46.417	0.000	17	0.955	2.045	2.045	-7.859		562.327	149	2.482	880048640865160182	880047594159819576	880047594155625271	3532	
1	C31H52N6O11	[M + H]+	C31H53N6O11+		0.838	87.448	87.448	0.000	33	0.913	0.988	1.590	6.591		685.381	168	2.800	880049227212082198	880047594046573364	880047594042379059	3069	
1	C19H38N6O8	[M + Na]+	C19H38N6NaO8+		0.730	136.106	136.106	0.000	43	0.948	0.484	1.628	10.308		501.270	188	3.138	880049469655436364	880047593916549936	880047593912355631	2625	
1	C20H21ClN4O11S3	[M + Na]+	C20H21ClN4NaO11S3+		1.000	101.694	101.694	0.000	37	0.684	-0.182	1.035	1.285		646.996	199	3.321	880049459056430135	880047593778137900	880047593769749291	2075	
1	C37H62N8O12S	[M + H]+	C37H63N8O12S+		0.995	78.448	78.448	0.000	17	0.710	0.619	1.413	-7.549		843.422	203	3.383	880048872516570112	880047595988536196	880047595988536195	19291	
1	C9H11Br2ClIN3O3	[M + H]+	C9H12Br2ClIN3O3+		0.782	15.831	15.831	0.000	5	0.300	0.619	0.619	-5.884		529.794	219	3.647	880049282925022241	880047595627826036	880047595623631731	14381	
1	C3H11BN2O5	[M + H]+	C3H12BN2O5+		0.603	25.836	25.836	0.000	4	0.291	-5.251	5.251	-3.672		166.086	219	3.657	880049463775022145	880047596236000148	880047596236000147	32298	
1	C37H62N8O14	[M + H]+	C37H63N8O14+		0.855	50.479	50.479	0.000	17	0.727	0.819	1.660	-0.978		843.445	235	3.919	880049653131070572	880047596219222928	880047596219222927	27442	
1	C5H6Br3ClO5	[M + H]+	C5H7Br3ClO5+		1.000	-2.219	-2.219	0.000	0	0.000			5.579		418.755	247	4.124	880049283684191286	880047595443276652	880047595439082347	12511	
1	C14H24As2Cl4N2O7S	[M + H]+	C14H25As2Cl4N2O7S+		0.305	55.103	55.103	0.000	14	0.787	0.477	3.397	-0.920		654.856	249	4.142	880049556490112097	880047595183229792	880047595179035487	10139	
1	C36H70NO6P	[M + H]+	C36H71NO6P+		0.897	50.716	50.716	0.000	13	0.834	-0.067	2.261	-10.011		644.495	454	7.574	880050081306594577	880047596064033672	880047596059839367	21497	
1	C42H80N4O9	[M + H]+	C42H81N4O9+		0.626	6.708	6.708	0.000	4	0.164	3.458	3.687	8.647		785.607	464	7.729	880050142707014552	880047596143725452	880047596139531147	24090	
1	C43H78NO8P	[M + Na]+	C43H78NNaO8P+		1.000	8.580	8.580	0.000	2	0.528	0.999	1.957	-0.159		790.536	639	10.646	880050144619617186	880047595812375420	880047595808181115	16437	
1	C16H23NO2	[M + H]+	C16H24NO2+		0.771	73.132	73.132	0.000	15	0.601	0.210	2.440	-1.737		262.180	640	10.666	880050153545096099	880047595355196264	880047595351001959	11738	
