formulaRank	molecularFormula	adduct	precursorFormula	NPC#pathway	NPC#pathway Probability	NPC#superclass	NPC#superclass Probability	NPC#class	NPC#class Probability	ClassyFire#superclass	ClassyFire#superclass probability	ClassyFire#class	ClassyFire#class Probability	ClassyFire#subclass	ClassyFire#subclass Probability	ClassyFire#level 5	ClassyFire#level 5 Probability	ClassyFire#most specific class	ClassyFire#most specific class Probability	ClassyFire#all classifications	ionMass	retentionTimeInSeconds	retentionTimeInMinutes	formulaId	alignedFeatureId	compoundId	mappingFeatureId	overallFeatureQuality
1	C8H16N2O2	[M + H]+	C8H17N2O2+	Amino acids and Peptides	0.877	Small peptides	0.899	Aminoacids	0.847	Organic acids and derivatives	0.799	Carboxylic acids and derivatives	0.810	Amino acids, peptides, and analogues	0.669	Amino acids and derivatives	0.665	Amino acids and derivatives	0.665	Organic compounds; Lipids and lipid-like molecules; Amino acids, peptides, and analogues; Fatty acids and conjugates; Organic acids and derivatives; Carboxylic acids and derivatives; Organonitrogen compounds; Organooxygen compounds; Amino acids and derivatives; Monoalkylamines; Monocarboxylic acids and derivatives; Carboxylic acids; Carbonyl compounds; Amines; Fatty Acyls; Organic oxides; Hydrocarbon derivatives; Organopnictogen compounds; Organic oxygen compounds; Organic nitrogen compounds; Chemical entities	173.129	35	0.578	878143070852574425	878141942148590660	878141942144396355	7654	
1	C13H16N2O5	[M + H]+	C13H17N2O5+	Amino acids and Peptides	1.000	Small peptides	1.000	Dipeptides	0.993	Organic acids and derivatives	1.000	Carboxylic acids and derivatives	1.000	Amino acids, peptides, and analogues	1.000	Peptides	0.995	Dipeptides	0.829	Organic compounds; Lipids and lipid-like molecules; Amino acids, peptides, and analogues; Alpha amino acids and derivatives; Phenethylamines; Amphetamines and derivatives; Phenylpropanoids and polyketides; Organic acids and derivatives; Carboxylic acids and derivatives; Organonitrogen compounds; Organooxygen compounds; Fatty amides; Dicarboxylic acids and derivatives; Amino acids and derivatives; Peptides; Monoalkylamines; Carboxylic acid amides; Carboxylic acid derivatives; N-acyl amines; N-acyl-alpha amino acids and derivatives; Carboxylic acids; Secondary carboxylic acid amides; Carbonyl compounds; Benzene and substituted derivatives; Alpha amino acid amides; N-acyl-alpha amino acids; Benzenoids; Amines; Primary amines; Phenylpropanoic acids; Fatty Acyls; Organic oxides; Hydrocarbon derivatives; Amino acids; Aspartic acid and derivatives; Phenylalanine and derivatives; Organopnictogen compounds; Organic oxygen compounds; Organic nitrogen compounds; Dipeptides; Chemical entities	281.113	74	1.237	878144146477640928	878141941230038052	878141941221649443	1905	
1	C19H33N5O7	[M + H]+	C19H34N5O7+	Amino acids and Peptides	1.000	Small peptides	0.994	Tripeptides	0.898	Organic acids and derivatives	1.000	Carboxylic acids and derivatives	1.000	Amino acids, peptides, and analogues	0.999	Peptides	1.000	Oligopeptides	0.999	Organic compounds; Organoheterocyclic compounds; Lipids and lipid-like molecules; Amino acids, peptides, and analogues; Alpha amino acids and derivatives; Pyrrolidines; Fatty acids and conjugates; Organic acids and derivatives; Carboxylic acids and derivatives; Organonitrogen compounds; Organooxygen compounds; Fatty amides; Branched fatty acids; Amino acids and derivatives; Peptides; Monoalkylamines; Carboxylic acid amides; Carboxylic acid derivatives; N-acyl amines; Monocarboxylic acids and derivatives; N-acyl-alpha amino acids and derivatives; Carboxylic acids; Primary carboxylic acid amides; Secondary carboxylic acid amides; Tertiary carboxylic acid amides; Carbonyl compounds; Pyrrolidine carboxylic acids and derivatives; Heterocyclic fatty acids; Pyrrolidinecarboxamides; Alpha amino acid amides; N-acyl-alpha amino acids; Amines; Primary amines; N-acylpyrrolidines; Fatty Acyls; Organic oxides; Azacyclic compounds; Hydrocarbon derivatives; Amino acids; Valine and derivatives; Glutamine and derivatives; Proline and derivatives; Organopnictogen compounds; Organic oxygen compounds; Organic nitrogen compounds; Oligopeptides; Chemical entities	444.246	79	1.323	878141974444731556	878141942404443212	878141942400248907	9111	
1	C18H36FN5O9	[M + H]+	C18H37FN5O9+	Amino acids and Peptides	1.000	Small peptides	0.997	Tripeptides	0.953	Organic acids and derivatives	1.000	Carboxylic acids and derivatives	0.999	Amino acids, peptides, and analogues	0.997	Peptides	0.995	Oligopeptides	0.949	Organic compounds; Lipids and lipid-like molecules; Amino acids, peptides, and analogues; Alpha amino acids and derivatives; Pyrrolidines; Fatty acids and conjugates; Organic acids and derivatives; Carboxylic acids and derivatives; Organonitrogen compounds; Organooxygen compounds; Fatty amides; Branched fatty acids; Dicarboxylic acids and derivatives; Amino acids and derivatives; Peptides; Monoalkylamines; Carboxylic acid amides; Carboxylic acid derivatives; N-acyl amines; N-acyl-alpha amino acids and derivatives; Carboxylic acids; Primary carboxylic acid amides; Secondary carboxylic acid amides; Carbonyl compounds; Pyrrolidine carboxylic acids and derivatives; Pyrrolidinecarboxamides; Alpha amino acid amides; N-acyl-alpha amino acids; Amines; Primary amines; N-acylpyrrolidines; Fatty Acyls; Organic oxides; Hydrocarbon derivatives; Amino acids; Glutamine and derivatives; Proline and derivatives; Glutamic acid and derivatives; Organopnictogen compounds; Organic oxygen compounds; Organic nitrogen compounds; Oligopeptides; Chemical entities	486.257	80	1.330	878142020292668590	878141944128302220	878141944124107915	32391	
1	C7H11Br4NO2	[M + H]+	C7H12Br4NO2+	Amino acids and Peptides	0.793	Fatty Acids and Conjugates	0.697	Halogenated fatty acids	0.941	Organic acids and derivatives	0.993	Carboxylic acids and derivatives	0.986	Amino acids, peptides, and analogues	0.915	Amino acids and derivatives	0.914	Alpha amino acids and derivatives	0.627	Organic compounds; Amino acids, peptides, and analogues; Alpha amino acids and derivatives; Organic acids and derivatives; Carboxylic acids and derivatives; Organohalogen compounds; Organonitrogen compounds; Organooxygen compounds; Amino acids and derivatives; Alkyl bromides; Carboxylic acid derivatives; Monocarboxylic acids and derivatives; Carboxylic acid esters; Organobromides; Carbonyl compounds; Amines; Alkyl halides; Organic oxides; Hydrocarbon derivatives; Organopnictogen compounds; Organic oxygen compounds; Organic nitrogen compounds; Chemical entities	457.760	158	2.631	878142489689812162	878141941381033000	878141941372644391	3029	
1	C40H65N9O10	[M + Na]+	C40H65N9NaO10+	Amino acids and Peptides	1.000	Oligopeptides	0.975	Tripeptides	0.136	Organic acids and derivatives	1.000	Carboxylic acids and derivatives	1.000	Amino acids, peptides, and analogues	1.000	Peptides	0.999	Oligopeptides	0.894	Organic compounds; Organoheterocyclic compounds; Lipids and lipid-like molecules; Amino acids, peptides, and analogues; Alpha amino acids and derivatives; Pyrrolidines; Fatty acids and conjugates; Organic acids and derivatives; Carboxylic acids and derivatives; Organonitrogen compounds; Organooxygen compounds; Fatty amides; Branched fatty acids; Dicarboxylic acids and derivatives; Amino acids and derivatives; Peptides; Monoalkylamines; Carboxylic acid amides; Carboxylic acid derivatives; N-acyl amines; N-acyl-alpha amino acids and derivatives; Carboxylic acids; Primary carboxylic acid amides; Secondary carboxylic acid amides; Tertiary carboxylic acid amides; Carbonyl compounds; Pyrrolidine carboxylic acids and derivatives; Heterocyclic fatty acids; Pyrrolidinecarboxamides; Alpha amino acid amides; N-acyl-alpha amino acids; Amines; Primary amines; N-acylpyrrolidines; Fatty Acyls; Organic oxides; Azacyclic compounds; N-acyl-L-alpha-amino acids; Hydrocarbon derivatives; Amino acids; Valine and derivatives; Glutamine and derivatives; Proline and derivatives; Leucine and derivatives; Isoleucine and derivatives; Organopnictogen compounds; Organic oxygen compounds; Organic nitrogen compounds; Oligopeptides; Chemical entities	854.481	192	3.194	878142485369679032	878141942597381204	878141942593186899	10449	
1	C21H24Br3N5O4S	[M + H]+	C21H25Br3N5O4S+	Amino acids and Peptides	0.999	Oligopeptides	0.986	Cyclic peptides	0.482	Organic acids and derivatives	1.000	Carboxylic acids and derivatives	0.999	Amino acids, peptides, and analogues	0.997	Peptides	0.991	Oligopeptides	0.903	Organic compounds; Organoheterocyclic compounds; Organosulfur compounds; Lipids and lipid-like molecules; Amino acids, peptides, and analogues; Alpha amino acids and derivatives; Pyrrolidines; Organic acids and derivatives; Carboxylic acids and derivatives; Organohalogen compounds; Organonitrogen compounds; Organooxygen compounds; Fatty amides; Amino acids and derivatives; Peptides; Monoalkylamines; Carboxylic acid amides; Carboxylic acid derivatives; N-acyl amines; Monocarboxylic acids and derivatives; N-acyl-alpha amino acids and derivatives; Carboxylic acids; Secondary carboxylic acid amides; Tertiary carboxylic acid amides; Carbonyl compounds; Pyrrolidine carboxylic acids and derivatives; Pyrrolidinecarboxamides; Benzene and substituted derivatives; Alpha amino acid amides; N-acyl-alpha amino acids; Benzenoids; Amines; Primary amines; N-acylpyrrolidines; Fatty Acyls; Organic oxides; Azacyclic compounds; Hydrocarbon derivatives; Amino acids; Proline and derivatives; Organopnictogen compounds; Organic oxygen compounds; Organic nitrogen compounds; Oligopeptides; Chemical entities	679.911	209	3.488	878144548438764826	878141942496717904	878141942492523599	9921	
1	C20H28N2O3	[M + H]+	C20H29N2O3+	Amino acids and Peptides	0.996	Small peptides	0.978	Dipeptides	0.840	Organic acids and derivatives	1.000	Carboxylic acids and derivatives	1.000	Amino acids, peptides, and analogues	0.998	Peptides	0.890	Dipeptides	0.537	Organic compounds; Organoheterocyclic compounds; Amino acids, peptides, and analogues; Alpha amino acids and derivatives; Pyrrolidines; Organic acids and derivatives; Carboxylic acids and derivatives; Organonitrogen compounds; Organooxygen compounds; Amino acids and derivatives; Peptides; Carboxylic acid amides; Carboxylic acid derivatives; Monocarboxylic acids and derivatives; N-acyl-alpha amino acids and derivatives; Carboxylic acids; Secondary carboxylic acid amides; Tertiary carboxylic acid amides; Carbonyl compounds; Pyrrolidine carboxylic acids and derivatives; Benzene and substituted derivatives; Alpha amino acid amides; N-acyl-alpha amino acids; Benzenoids; Amines; N-acylpyrrolidines; Organic oxides; Azacyclic compounds; Hydrocarbon derivatives; Amino acids; Proline and derivatives; Organopnictogen compounds; Organic oxygen compounds; Organic nitrogen compounds; Dipeptides; Chemical entities	345.221	220	3.669	878144500988603649	878141943587236984	878141943583042679	20141	
1	C52H90N14O16S	[M + H]+	C52H91N14O16S+	Amino acids and Peptides	0.986	Oligopeptides	1.000	Cyclic peptides	0.989	Organic acids and derivatives	1.000	Carboxylic acids and derivatives	1.000	Amino acids, peptides, and analogues	0.999	Peptides	0.971	Oligopeptides	0.823	Organic compounds; Organoheterocyclic compounds; Organosulfur compounds; Lipids and lipid-like molecules; Amino acids, peptides, and analogues; Alpha amino acids and derivatives; Macrolactams; Phenols; Lactams; Pyrrolidines; Phenylpropanoids and polyketides; Organic acids and derivatives; Carboxylic acids and derivatives; Organonitrogen compounds; Organooxygen compounds; Fatty amides; Amino acids and derivatives; Peptides; Monoalkylamines; Carboxylic acid amides; Carboxylic acid derivatives; N-acyl amines; N-acyl-alpha amino acids and derivatives; Carboxylic acids; Primary carboxylic acid amides; Secondary carboxylic acid amides; Tertiary carboxylic acid amides; Carbonyl compounds; Pyrrolidine carboxylic acids and derivatives; Cyclic peptides; Pyrrolidinecarboxamides; Benzene and substituted derivatives; Alpha amino acid amides; Benzenoids; Amines; Primary amines; Organic disulfides; N-acylpyrrolidines; Fatty Acyls; Organic oxides; Azacyclic compounds; Hydrocarbon derivatives; Proline and derivatives; Organopnictogen compounds; Organic oxygen compounds; 1-hydroxy-2-unsubstituted benzenoids; Organic nitrogen compounds; Oligopeptides; Chemical entities	1199.656	238	3.967	878145171645230667	878141942299585608	878141942295391303	8688	
1	C55H91N13O16	[M + Na]+	C55H91N13NaO16+	Amino acids and Peptides	0.993	Oligopeptides	1.000	Cyclic peptides	0.431	Organic acids and derivatives	1.000	Carboxylic acids and derivatives	1.000	Amino acids, peptides, and analogues	0.998	Peptides	0.842	Peptides	0.842	Organic compounds; Organoheterocyclic compounds; Lipids and lipid-like molecules; Amino acids, peptides, and analogues; Alpha amino acids and derivatives; Alcohols and polyols; Phenols; Phenethylamines; Amphetamines and derivatives; Pyrrolidines; Organic acids and derivatives; Carboxylic acids and derivatives; Organonitrogen compounds; Organooxygen compounds; Fatty amides; Amino acids and derivatives; Peptides; Monoalkylamines; Carboxylic acid amides; Carboxylic acid derivatives; N-acyl amines; N-acyl-alpha amino acids and derivatives; Carboxylic acids; Primary carboxylic acid amides; Secondary carboxylic acid amides; Tertiary carboxylic acid amides; Carbonyl compounds; Pyrrolidine carboxylic acids and derivatives; Pyrrolidinecarboxamides; Benzene and substituted derivatives; Alpha amino acid amides; N-acyl-alpha amino acids; Benzenoids; Amines; Primary amines; N-acylpyrrolidines; Fatty Acyls; Organic oxides; Azacyclic compounds; Hydrocarbon derivatives; Amino acids; Tyrosine and derivatives; Phenylalanine and derivatives; Proline and derivatives; Isoleucine and derivatives; Organopnictogen compounds; Organic oxygen compounds; 1-hydroxy-2-unsubstituted benzenoids; Organic nitrogen compounds; Chemical entities	1212.653	238	3.972	878143068570873039	878141942861622368	878141942857428063	13127	
1	C37H53N5O8	[M + H]+	C37H54N5O8+	Amino acids and Peptides	1.000	Oligopeptides	0.969	Tripeptides	0.177	Organic acids and derivatives	1.000	Carboxylic acids and derivatives	1.000	Amino acids, peptides, and analogues	1.000	Peptides	0.994	Oligopeptides	0.934	Organic compounds; Organoheterocyclic compounds; Lipids and lipid-like molecules; Amino acids, peptides, and analogues; Alpha amino acids and derivatives; Pyrrolidines; Fatty acids and conjugates; Organic acids and derivatives; Carboxylic acids and derivatives; Organonitrogen compounds; Organooxygen compounds; Fatty amides; Branched fatty acids; Amino acids and derivatives; Peptides; Monoalkylamines; Carboxylic acid amides; Carboxylic acid derivatives; N-acyl amines; Monocarboxylic acids and derivatives; N-acyl-alpha amino acids and derivatives; Carboxylic acids; Secondary carboxylic acid amides; Tertiary carboxylic acid amides; Carbonyl compounds; Pyrrolidine carboxylic acids and derivatives; Heterocyclic fatty acids; Pyrrolidinecarboxamides; Alpha amino acid amides; N-acyl-alpha amino acids; Amines; Primary amines; N-acylpyrrolidines; Fatty Acyls; Organic oxides; Azacyclic compounds; N-acyl-L-alpha-amino acids; Hydrocarbon derivatives; Amino acids; Valine and derivatives; Proline and derivatives; Organopnictogen compounds; Organic oxygen compounds; Organic nitrogen compounds; Oligopeptides; Chemical entities	696.399	246	4.100	878142858843090117	878141942953897060	878141942949702755	13978	
1	C24H28Cl2FN5O5S2	[M + K]+	C24H28Cl2FKN5O5S2+	Amino acids and Peptides	0.999	Oligopeptides	0.989	Cyclic peptides	0.169	Organic acids and derivatives	1.000	Carboxylic acids and derivatives	1.000	Amino acids, peptides, and analogues	0.998	Peptides	0.990	Oligopeptides	0.869	Organic compounds; Organoheterocyclic compounds; Organosulfur compounds; Lipids and lipid-like molecules; Amino acids, peptides, and analogues; Alpha amino acids and derivatives; Phenethylamines; Amphetamines and derivatives; Pyrrolidines; Organic acids and derivatives; Carboxylic acids and derivatives; Organohalogen compounds; Organonitrogen compounds; Organooxygen compounds; Fatty amides; Amino acids and derivatives; Peptides; Monoalkylamines; Carboxylic acid amides; Alkyl chlorides; Carboxylic acid derivatives; N-acyl amines; Monocarboxylic acids and derivatives; N-acyl-alpha amino acids and derivatives; Carboxylic acids; Organochlorides; Secondary carboxylic acid amides; Tertiary carboxylic acid amides; Carbonyl compounds; Pyrrolidine carboxylic acids and derivatives; Pyrrolidinecarboxamides; Benzene and substituted derivatives; Alpha amino acid amides; N-acyl-alpha amino acids; Benzenoids; Amines; Primary amines; Alkyl halides; N-acylpyrrolidines; Fatty Acyls; Organic oxides; Azacyclic compounds; Hydrocarbon derivatives; Amino acids; Valine and derivatives; Proline and derivatives; Organopnictogen compounds; Organic oxygen compounds; Organic nitrogen compounds; Oligopeptides; Chemical entities	658.046	263	4.384	878144312433667306	878141942773541980	878141942769347675	12196	
1	C37H30N8O17S4	[M + H]+	C37H31N8O17S4+	Amino acids and Peptides	0.998	Oligopeptides	0.999	Cyclic peptides	0.746	Organic acids and derivatives	0.998	Carboxylic acids and derivatives	0.994	Amino acids, peptides, and analogues	0.988	Peptides	0.832	Oligopeptides	0.546	Organic compounds; Organoheterocyclic compounds; Organosulfur compounds; Amino acids, peptides, and analogues; Alpha amino acids and derivatives; Macrolactams; Phenols; Lactams; Phenylpropanoids and polyketides; Organic acids and derivatives; Carboxylic acids and derivatives; Organonitrogen compounds; Organooxygen compounds; Amino acids and derivatives; Peptides; Monoalkylamines; Carboxylic acid amides; Carboxylic acid derivatives; Monocarboxylic acids and derivatives; N-acyl-alpha amino acids and derivatives; Carboxylic acids; Secondary carboxylic acid amides; Tertiary carboxylic acid amides; Carbonyl compounds; Benzene and substituted derivatives; Alpha amino acid amides; Benzenoids; Amines; Primary amines; Organic disulfides; Sulfenyl compounds; Organic oxides; Azacyclic compounds; Heteroaromatic compounds; Hydrocarbon derivatives; Amino acids; Organopnictogen compounds; Organic oxygen compounds; 1-hydroxy-2-unsubstituted benzenoids; Organic nitrogen compounds; Oligopeptides; Chemical entities	987.063	264	4.401	878144552163306788	878141941724965940	878141941720771635	5500	
1	C62H75N5O7	[M + H]+	C62H76N5O7+	Amino acids and Peptides	0.996	Oligopeptides	0.998	Cyclic peptides	0.819	Organic acids and derivatives	0.999	Carboxylic acids and derivatives	0.999	Amino acids, peptides, and analogues	0.998	Peptides	0.918	Oligopeptides	0.864	Organic compounds; Organoheterocyclic compounds; Amino acids, peptides, and analogues; Alpha amino acids and derivatives; Phenols; Lactams; Phenethylamines; Amphetamines and derivatives; Pyrrolidines; Phenylpropanoids and polyketides; Organic acids and derivatives; Carboxylic acids and derivatives; Organonitrogen compounds; Organooxygen compounds; Amino acids and derivatives; Peptides; Carboxylic acid amides; Carboxylic acid derivatives; Monocarboxylic acids and derivatives; N-acyl-alpha amino acids and derivatives; Carboxylic acids; Secondary carboxylic acid amides; Tertiary carboxylic acid amides; Carbonyl compounds; Pyrrolidine carboxylic acids and derivatives; Cyclic peptides; Pyrrolidinecarboxamides; Benzene and substituted derivatives; Alpha amino acid amides; Benzenoids; N-acylpyrrolidines; Organic oxides; Azacyclic compounds; Hydrocarbon derivatives; Proline and derivatives; Organopnictogen compounds; Organic oxygen compounds; 1-hydroxy-2-unsubstituted benzenoids; Organic nitrogen compounds; Oligopeptides; Chemical entities	1002.571	272	4.541	878144812063354184	878141944111525000	878141944111524999	28152	
1	C28H26N4O9S4	[M + H]+	C28H27N4O9S4+	Amino acids and Peptides	0.990	Oligopeptides	0.987	Cyclic peptides	0.663	Organic acids and derivatives	1.000	Carboxylic acids and derivatives	0.999	Amino acids, peptides, and analogues	0.996	Peptides	0.970	Oligopeptides	0.765	Organic compounds; Organoheterocyclic compounds; Organosulfur compounds; Lipids and lipid-like molecules; Amino acids, peptides, and analogues; Alpha amino acids and derivatives; Phenols; Pyrrolidines; Phenylpropanoids and polyketides; Organic acids and derivatives; Carboxylic acids and derivatives; Organonitrogen compounds; Organooxygen compounds; Fatty amides; Dicarboxylic acids and derivatives; Amino acids and derivatives; Peptides; Carboxylic acid amides; Carboxylic acid derivatives; N-acyl amines; N-acyl-alpha amino acids and derivatives; Carboxylic acids; Secondary carboxylic acid amides; Tertiary carboxylic acid amides; Carbonyl compounds; Pyrrolidine carboxylic acids and derivatives; Cyclic peptides; Pyrrolidinecarboxamides; Benzene and substituted derivatives; Alpha amino acid amides; N-acyl-alpha amino acids; Benzenoids; Organic disulfides; N-acylpyrrolidines; Fatty Acyls; Organic oxides; Azacyclic compounds; Hydrocarbon derivatives; Valine and derivatives; Proline and derivatives; Organopnictogen compounds; Organic oxygen compounds; 1-hydroxy-2-unsubstituted benzenoids; Organic nitrogen compounds; Oligopeptides; Chemical entities	691.066	279	4.653	878144745491361084	878141943306218608	878141943302024303	16756	
1	C16H38N4O	[M + H]+	C16H39N4O+	Fatty acids	0.930	Fatty amides	0.176	Sphingoid bases	0.396	Organic nitrogen compounds	0.999	Organonitrogen compounds	0.995	Aminoxides	0.789	Long-chain alkyl amine oxides	0.677	Long-chain alkyl amine oxides	0.677	Organic compounds; Organonitrogen compounds; Organooxygen compounds; Amine oxides and derivatives; Amines; Trisubstituted amine oxides and derivatives; Organic oxides; Aminoxides; Hydrocarbon derivatives; Long-chain alkyl amine oxides; Trialkyl amine oxides; Organopnictogen compounds; Organic oxygen compounds; Organic nitrogen compounds; Chemical entities	303.309	397	6.619	878144521502944534	878141944019250304	878141944019250303	23620	
1	C21H33NO4	[M + H]+	C21H34NO4+	Fatty acids	0.944	Fatty amides	0.977	N-acyl amines	0.995	Organic acids and derivatives	1.000	Carboxylic acids and derivatives	1.000	Amino acids, peptides, and analogues	0.994	Amino acids and derivatives	0.994	Tyrosine and derivatives	0.985	Organic compounds; Lipids and lipid-like molecules; Amino acids, peptides, and analogues; Alpha amino acids and derivatives; Phenols; Phenethylamines; Amphetamines and derivatives; Phenylpropanoids and polyketides; Organic acids and derivatives; Carboxylic acids and derivatives; Organonitrogen compounds; Organooxygen compounds; Fatty amides; Amino acids and derivatives; Carboxylic acid amides; Carboxylic acid derivatives; N-acyl amines; Monocarboxylic acids and derivatives; N-acyl-alpha amino acids and derivatives; Carboxylic acids; Secondary carboxylic acid amides; Carbonyl compounds; Benzene and substituted derivatives; N-acyl-alpha amino acids; Benzenoids; Phenylpropanoic acids; Fatty Acyls; Organic oxides; Hydrocarbon derivatives; Tyrosine and derivatives; Phenylalanine and derivatives; Organopnictogen compounds; Organic oxygen compounds; 1-hydroxy-2-unsubstituted benzenoids; Organic nitrogen compounds; Chemical entities	364.249	417	6.946	878144488615406839	878141943180389484	878141943172000875	15601	
1	C53H102N6O9	[M + K]+	C53H102KN6O9+	Amino acids and Peptides	0.926	Oligopeptides	0.999	Microcolins and mirabimids	0.890	Organic acids and derivatives	1.000	Carboxylic acids and derivatives	0.997	Amino acids, peptides, and analogues	0.988	Amino acids and derivatives	0.983	N-acyl-alpha amino acids and derivatives	0.547	Organic compounds; Organoheterocyclic compounds; Lipids and lipid-like molecules; Amino acids, peptides, and analogues; Alpha amino acids and derivatives; Pyrrolidines; Organic acids and derivatives; Carboxylic acids and derivatives; Organonitrogen compounds; Organooxygen compounds; Fatty amides; Amino acids and derivatives; Carboxylic acid amides; Carboxylic acid derivatives; N-acyl amines; Monocarboxylic acids and derivatives; N-acyl-alpha amino acids and derivatives; Carboxylic acid esters; Secondary carboxylic acid amides; Tertiary carboxylic acid amides; Peptidomimetics; Carbonyl compounds; Pyrrolidine carboxylic acids and derivatives; Pyrrolidinecarboxamides; Alpha amino acid amides; N-acylpyrrolidines; Fatty Acyls; Organic oxides; Azacyclic compounds; Hydrocarbon derivatives; Valine and derivatives; Proline and derivatives; Organopnictogen compounds; Organic oxygen compounds; Organic nitrogen compounds; Chemical entities	1005.737	433	7.219	878144666546171183	878141942043733056	878141942039538751	7325	
1	C25H43NO3	[M + H]+	C25H44NO3+	Fatty acids	0.999	Fatty amides	0.997	N-acyl amines	0.970	Organic acids and derivatives	1.000	Carboxylic acids and derivatives	1.000	Amino acids, peptides, and analogues	0.964	Amino acids and derivatives	0.964	N-acyl-alpha amino acids	0.918	Organic compounds; Lipids and lipid-like molecules; Amino acids, peptides, and analogues; Alpha amino acids and derivatives; Organic acids and derivatives; Carboxylic acids and derivatives; Organonitrogen compounds; Organooxygen compounds; Fatty amides; Amino acids and derivatives; Carboxylic acid amides; Carboxylic acid derivatives; N-acyl amines; Monocarboxylic acids and derivatives; N-acyl-alpha amino acids and derivatives; Carboxylic acids; Secondary carboxylic acid amides; Carbonyl compounds; N-acyl-alpha amino acids; Fatty Acyls; Organic oxides; Hydrocarbon derivatives; Organopnictogen compounds; Organic oxygen compounds; Organic nitrogen compounds; Chemical entities	406.331	502	8.373	878144520445979916	878141943054560360	878141943050366055	14861	
1	C30H46O5	[M + H3N + H]+	C30H50NO5+	Terpenoids	0.927	Triterpenoids	0.271	Lanostane, Tirucallane and Euphane triterpenoids	0.040	Lipids and lipid-like molecules	0.952	Steroids and steroid derivatives	0.744	Hydroxysteroids	0.566			Hydroxysteroids	0.566	Organic compounds; Lipids and lipid-like molecules; Alcohols and polyols; Steroids and steroid derivatives; Prenol lipids; Organic acids and derivatives; Carboxylic acids and derivatives; Organooxygen compounds; Carboxylic acid esters; Cyclic alcohols and derivatives; Hydroxysteroids; Secondary alcohols; Carbonyl compounds; Organic oxides; Hydrocarbon derivatives; Organic oxygen compounds; Chemical entities	504.361	514	8.574	878144667951263034	878141942685461592	878141942681267287	11468	
1	C55H88O6	[M + K]+	C55H88KO6+	Terpenoids	0.909	Carotenoids (C40)	0.441	Prenyl quinone meroterpenoids	0.619	Lipids and lipid-like molecules	0.851	Prenol lipids	0.718					Prenol lipids	0.718	Organic compounds; Lipids and lipid-like molecules; Ketones; Prenol lipids; Organic acids and derivatives; Organooxygen compounds; Carbonyl compounds; Organic oxides; Hydrocarbon derivatives; Organic oxygen compounds; Chemical entities	883.627	516	8.598	878144995576737118	878141941938875452	878141941934681147	6743	
1	C41H72O11	[M + H]+	C41H73O11+	Fatty acids	1.000	Glycerolipids	1.000	Diacylglycerols	0.995	Lipids and lipid-like molecules	0.996	Fatty Acyls	0.994	Lineolic acids and derivatives	0.506			Lineolic acids and derivatives	0.506	Organic compounds; Lipids and lipid-like molecules; Alcohols and polyols; Glycerolipids; Organic acids and derivatives; Carboxylic acids and derivatives; Primary alcohols; Organooxygen compounds; Fatty acid esters; Dicarboxylic acids and derivatives; Lineolic acids and derivatives; Carboxylic acid derivatives; Diacylglycerols; Carboxylic acid esters; 1,2-diacylglycerols; Secondary alcohols; Carbonyl compounds; Diradylglycerols; Fatty Acyls; Organic oxides; Hydrocarbon derivatives; Organic oxygen compounds; Chemical entities	741.522	639	10.651	878144916165979475	878141941066460192	878141941058071583	1486	
1	C6H7BClNO3	[M + K]+	C6H7BClKNO3+	Terpenoids	0.172	Monoterpenoids	0.102	Halogenated fatty acids	0.176	Organic acids and derivatives	0.879	Boronic acid derivatives	0.796	Boronic acids	0.629			Boronic acids	0.629	Organic compounds; Organic acids and derivatives; Organooxygen compounds; Boronic acids; Organometallic compounds; Boronic acid derivatives; Organometalloid compounds; Organochlorides; Organoboron compounds; Organic salts; Organic metalloid salts; Organic metal salts; Hydrocarbon derivatives; Organic oxygen compounds; Chemical entities	224.989	644	10.726	878145057732128139	878141944094747780	878141944090553475	26609	
1	C41H56N10O9S	[M + H]+	C41H57N10O9S+	Amino acids and Peptides	0.960	Oligopeptides	0.999	Cyclic peptides	0.775	Organic acids and derivatives	0.999	Carboxylic acids and derivatives	0.996	Amino acids, peptides, and analogues	0.990	Peptides	0.923	Oligopeptides	0.583	Organic compounds; Organoheterocyclic compounds; Organosulfur compounds; Lipids and lipid-like molecules; Amino acids, peptides, and analogues; Alpha amino acids and derivatives; Macrolactams; Lactams; Pyrrolidines; Phenylpropanoids and polyketides; Organic acids and derivatives; Carboxylic acids and derivatives; Organonitrogen compounds; Organooxygen compounds; Fatty amides; Amino acids and derivatives; Peptides; Carboxylic acid amides; Carboxylic acid derivatives; N-acyl amines; N-acyl-alpha amino acids and derivatives; Primary carboxylic acid amides; Secondary carboxylic acid amides; Tertiary carboxylic acid amides; Carbonyl compounds; Pyrrolidine carboxylic acids and derivatives; Cyclic peptides; Pyrrolidinecarboxamides; Benzene and substituted derivatives; Alpha amino acid amides; Benzenoids; N-acylpyrrolidines; Fatty Acyls; Organic oxides; Azacyclic compounds; Hydrocarbon derivatives; Proline and derivatives; Organopnictogen compounds; Organic oxygen compounds; Organic nitrogen compounds; Oligopeptides; Chemical entities	865.399	97	1.622	878146789837340930	878145452894552218	878145452890357913	14103	
1	C31H44N8O11	[M + H]+	C31H45N8O11+	Amino acids and Peptides	0.996	Oligopeptides	0.996	Linear peptides	0.546	Organic acids and derivatives	1.000	Carboxylic acids and derivatives	0.999	Amino acids, peptides, and analogues	0.995	Peptides	0.967	Oligopeptides	0.700	Organic compounds; Organoheterocyclic compounds; Lipids and lipid-like molecules; Amino acids, peptides, and analogues; Alpha amino acids and derivatives; Alcohols and polyols; Pyrrolidines; Organic acids and derivatives; Carboxylic acids and derivatives; Organonitrogen compounds; Primary alcohols; Organooxygen compounds; Fatty amides; Amino acids and derivatives; Peptides; Monoalkylamines; Carboxylic acid amides; Carboxylic acid derivatives; N-acyl amines; N-acyl-alpha amino acids and derivatives; Carboxylic acids; Secondary alcohols; Primary carboxylic acid amides; Secondary carboxylic acid amides; Tertiary carboxylic acid amides; Carbonyl compounds; Pyrrolidine carboxylic acids and derivatives; Pyrrolidinecarboxamides; Alpha amino acid amides; N-acyl-alpha amino acids; Amines; Primary amines; N-acylpyrrolidines; Fatty Acyls; Organic oxides; Azacyclic compounds; Hydrocarbon derivatives; Amino acids; Alanine and derivatives; Aspartic acid and derivatives; Proline and derivatives; Glutamic acid and derivatives; Organopnictogen compounds; Organic oxygen compounds; Organic nitrogen compounds; Oligopeptides; Chemical entities	705.329	126	2.103	878147445792932129	878145453351731366	878145453347537061	16878	
1	C46H56N10O10	[M + H]+	C46H57N10O10+	Amino acids and Peptides	0.991	Oligopeptides	0.999	Cyclic peptides	0.521	Organic acids and derivatives	1.000	Carboxylic acids and derivatives	0.999	Amino acids, peptides, and analogues	0.997	Peptides	0.905	Peptides	0.905	Organic compounds; Organoheterocyclic compounds; Lipids and lipid-like molecules; Amino acids, peptides, and analogues; Alpha amino acids and derivatives; Alcohols and polyols; Pyrrolidines; Organic acids and derivatives; Carboxylic acids and derivatives; Organonitrogen compounds; Organooxygen compounds; Fatty amides; Amino acids and derivatives; Peptides; Monoalkylamines; Carboxylic acid amides; Carboxylic acid derivatives; N-acyl amines; N-acyl-alpha amino acids and derivatives; Carboxylic acids; Secondary alcohols; Primary carboxylic acid amides; Secondary carboxylic acid amides; Tertiary carboxylic acid amides; Carbonyl compounds; Pyrrolidine carboxylic acids and derivatives; Pyrrolidinecarboxamides; Benzene and substituted derivatives; Alpha amino acid amides; N-acyl-alpha amino acids; Benzenoids; Amines; Primary amines; N-acylpyrrolidines; Fatty Acyls; Organic oxides; Azacyclic compounds; Hydrocarbon derivatives; Amino acids; Proline and derivatives; Glutamic acid and derivatives; Organopnictogen compounds; Organic oxygen compounds; Organic nitrogen compounds; Chemical entities	909.429	148	2.462	878146874780385548	878145451070029914	878145451065835609	1928	
1	C31H49N9O12	[M + H]+	C31H50N9O12+	Amino acids and Peptides	0.997	Oligopeptides	0.994	Cyclic peptides	0.566	Organic acids and derivatives	1.000	Carboxylic acids and derivatives	1.000	Amino acids, peptides, and analogues	0.995	Peptides	0.977	Oligopeptides	0.780	Organic compounds; Organoheterocyclic compounds; Lipids and lipid-like molecules; Amino acids, peptides, and analogues; Alpha amino acids and derivatives; Pyrrolidines; Fatty acids and conjugates; Organic acids and derivatives; Carboxylic acids and derivatives; Organonitrogen compounds; Organooxygen compounds; Fatty amides; Branched fatty acids; Amino acids and derivatives; Peptides; Monoalkylamines; Carboxylic acid amides; Carboxylic acid derivatives; N-acyl amines; Monocarboxylic acids and derivatives; N-acyl-alpha amino acids and derivatives; Carboxylic acids; Primary carboxylic acid amides; Secondary carboxylic acid amides; Tertiary carboxylic acid amides; Carbonyl compounds; Pyrrolidine carboxylic acids and derivatives; Heterocyclic fatty acids; Pyrrolidinecarboxamides; Alpha amino acid amides; N-acyl-alpha amino acids; Amines; Primary amines; N-acylpyrrolidines; Fatty Acyls; Organic oxides; Azacyclic compounds; Hydrocarbon derivatives; Amino acids; Valine and derivatives; Proline and derivatives; Organopnictogen compounds; Organic oxygen compounds; Organic nitrogen compounds; Oligopeptides; Chemical entities	740.362	164	2.734	878146173891215603	878145451678204014	878145451669815405	6333	
1	C53H56N4O7	[M + H]+	C53H57N4O7+	Amino acids and Peptides	0.988	Oligopeptides	0.991	Cyclic peptides	0.601	Organic acids and derivatives	1.000	Carboxylic acids and derivatives	1.000	Amino acids, peptides, and analogues	0.997	Peptides	0.938	Oligopeptides	0.759	Organic compounds; Organoheterocyclic compounds; Lipids and lipid-like molecules; Amino acids, peptides, and analogues; Alpha amino acids and derivatives; Pyrrolidines; Fatty acids and conjugates; Organic acids and derivatives; Carboxylic acids and derivatives; Organonitrogen compounds; Organooxygen compounds; Branched fatty acids; Amino acids and derivatives; Peptides; Carboxylic acid amides; Carboxylic acid derivatives; Monocarboxylic acids and derivatives; N-acyl-alpha amino acids and derivatives; Carboxylic acids; Secondary carboxylic acid amides; Tertiary carboxylic acid amides; Carbonyl compounds; Pyrrolidine carboxylic acids and derivatives; Heterocyclic fatty acids; Pyrrolidinecarboxamides; Alpha amino acid amides; N-acyl-alpha amino acids; Benzenoids; N-acylpyrrolidines; Fatty Acyls; Organic oxides; Azacyclic compounds; Hydrocarbon derivatives; Amino acids; Proline and derivatives; Isoleucine and derivatives; Organopnictogen compounds; Organic oxygen compounds; Organic nitrogen compounds; Oligopeptides; Chemical entities	861.432	180	2.996	878148177787060718	878145451560763498	878145451556569193	5629	
1	C59H74N2O13	[M + H]+	C59H75N2O13+	Polyketides	0.811	Oligopeptides	0.980	Depsipeptides	0.889	Organic acids and derivatives	1.000	Peptidomimetics	0.790	Depsipeptides	0.804	Cyclic depsipeptides	0.821	Cyclic depsipeptides	0.821	Organic compounds; Organoheterocyclic compounds; Amino acids, peptides, and analogues; Lactones; Alpha amino acids and derivatives; Macrolactams; Alcohols and polyols; Macrolides and analogues; Lactams; Pyrrolidines; Phenylpropanoids and polyketides; Organic acids and derivatives; Carboxylic acids and derivatives; Organonitrogen compounds; Organooxygen compounds; Amino acids and derivatives; Alpha amino acid esters; Carboxylic acid amides; Carboxylic acid derivatives; Carboxylic acid esters; Secondary carboxylic acid amides; Tertiary carboxylic acid amides; Peptidomimetics; Carbonyl compounds; Macrolide lactams; Depsipeptides; Tricarboxylic acids and derivatives; Cyclic depsipeptides; Benzene and substituted derivatives; Benzenoids; Organic oxides; Azacyclic compounds; Oxacyclic compounds; Hydrocarbon derivatives; Organopnictogen compounds; Organic oxygen compounds; Organic nitrogen compounds; Chemical entities	1019.531	219	3.657	878145850913030377	878145452428984458	878145452424790153	10560	
1	C38H59N11O8	[M + H]+	C38H60N11O8+	Amino acids and Peptides	1.000	Oligopeptides	0.990	Tripeptides	0.151	Organic acids and derivatives	1.000	Carboxylic acids and derivatives	1.000	Amino acids, peptides, and analogues	0.999	Peptides	0.998	Oligopeptides	0.894	Organic compounds; Organoheterocyclic compounds; Lipids and lipid-like molecules; Amino acids, peptides, and analogues; Alpha amino acids and derivatives; Pyrrolidines; Fatty acids and conjugates; Organic acids and derivatives; Carboxylic acids and derivatives; Organonitrogen compounds; Organooxygen compounds; Fatty amides; Branched fatty acids; Dicarboxylic acids and derivatives; Amino acids and derivatives; Peptides; Monoalkylamines; Carboxylic acid amides; Carboxylic acid derivatives; N-acyl amines; N-acyl-alpha amino acids and derivatives; Carboxylic acids; Secondary carboxylic acid amides; Tertiary carboxylic acid amides; Carbonyl compounds; Pyrrolidine carboxylic acids and derivatives; Heterocyclic fatty acids; Pyrrolidinecarboxamides; Alpha amino acid amides; N-acyl-alpha amino acids; Amines; Primary amines; N-acylpyrrolidines; Fatty Acyls; Organic oxides; Azacyclic compounds; N-acyl-L-alpha-amino acids; Hydrocarbon derivatives; Amino acids; Valine and derivatives; Proline and derivatives; Leucine and derivatives; Isoleucine and derivatives; Organopnictogen compounds; Organic oxygen compounds; Organic nitrogen compounds; Oligopeptides; Chemical entities	798.461	223	3.724	878145639612383453	878145452525453454	878145452521259149	11632	
1	C47H64N4O14	[M + H]+	C47H65N4O14+	Amino acids and Peptides	0.664	Oligopeptides	0.984	Depsipeptides	0.505	Organic acids and derivatives	1.000	Peptidomimetics	0.443	Depsipeptides	0.519	Cyclic depsipeptides	0.550	Cyclic depsipeptides	0.550	Organic compounds; Organoheterocyclic compounds; Amino acids, peptides, and analogues; Lactones; Alpha amino acids and derivatives; Macrolactams; Lactams; Pyrrolidines; Phenylpropanoids and polyketides; Organic acids and derivatives; Carboxylic acids and derivatives; Organonitrogen compounds; Organooxygen compounds; Amino acids and derivatives; Alpha amino acid esters; Carboxylic acid amides; Carboxylic acid derivatives; N-acyl-alpha amino acids and derivatives; Carboxylic acid esters; Secondary carboxylic acid amides; Tertiary carboxylic acid amides; Carbonyl compounds; Macrolide lactams; Pyrrolidine carboxylic acids and derivatives; Depsipeptides; Cyclic depsipeptides; Alpha amino acid amides; N-acylpyrrolidines; Fatty Acyls; Organic oxides; Azacyclic compounds; Oxacyclic compounds; Hydrocarbon derivatives; Proline and derivatives; Organopnictogen compounds; Organic oxygen compounds; Organic nitrogen compounds; Chemical entities	909.441	225	3.746	878148001290748223	878145452118605950	878145452114411645	8695	
1	C23H22Br3N5O4	[M + K]+	C23H22Br3KN5O4+	Amino acids and Peptides	0.923	Oligopeptides	0.907	Cyclic peptides	0.290	Organic acids and derivatives	0.999	Carboxylic acids and derivatives	0.998	Amino acids, peptides, and analogues	0.984	Peptides	0.923	Oligopeptides	0.576	Organic compounds; Organoheterocyclic compounds; Amino acids, peptides, and analogues; Alpha amino acids and derivatives; Pyrroles; Lactams; Indoles and derivatives; Pyrrolidines; Organic acids and derivatives; Carboxylic acids and derivatives; Organohalogen compounds; Organonitrogen compounds; Organooxygen compounds; Amino acids and derivatives; Peptides; Carboxylic acid amides; Aryl bromides; Carboxylic acid derivatives; Monocarboxylic acids and derivatives; N-acyl-alpha amino acids and derivatives; Carboxylic acids; Organobromides; Secondary carboxylic acid amides; Tertiary carboxylic acid amides; Carbonyl compounds; Pyrrolidine carboxylic acids and derivatives; Pyrrolidinecarboxamides; Substituted pyrroles; Benzene and substituted derivatives; Alpha amino acid amides; Benzenoids; Indoles; Aryl halides; N-acylpyrrolidines; Organic oxides; Azacyclic compounds; Heteroaromatic compounds; Hydrocarbon derivatives; 3-alkylindoles; Proline and derivatives; Organopnictogen compounds; Organic oxygen compounds; Organic nitrogen compounds; Oligopeptides; Chemical entities	707.894	231	3.854	878147467796250923	878145451791450226	878145451783061617	6849	
1	C49H85FN6O6	[M + Na]+	C49H85FN6NaO6+	Amino acids and Peptides	0.852	Oligopeptides	0.811	Cyclic peptides	0.179	Organic acids and derivatives	0.990	Carboxylic acids and derivatives	0.975	Amino acids, peptides, and analogues	0.964	Amino acids and derivatives	0.958	Alpha amino acid amides	0.670	Organic compounds; Organoheterocyclic compounds; Lipids and lipid-like molecules; Amino acids, peptides, and analogues; Halobenzenes; Alpha amino acids and derivatives; Pyrrolidines; Organic acids and derivatives; Carboxylic acids and derivatives; Organohalogen compounds; Organonitrogen compounds; Organooxygen compounds; Fatty amides; Amino acids and derivatives; Carboxylic acid amides; Aryl fluorides; Carboxylic acid derivatives; Fluorobenzenes; Organofluorides; Secondary carboxylic acid amides; Tertiary carboxylic acid amides; Carbonyl compounds; Benzene and substituted derivatives; Alpha amino acid amides; Benzenoids; Amines; Aryl halides; Fatty Acyls; Organic oxides; Azacyclic compounds; Heteroaromatic compounds; Hydrocarbon derivatives; Organopnictogen compounds; Organic oxygen compounds; Organic nitrogen compounds; Chemical entities	895.632	527	8.779	878147549882974517	878145452617728146	878145452613533841	12317	
1	C39H82B4NO8P	[M + Na]+	C39H82B4NNaO8P+	Terpenoids	0.370	Monoterpenoids	0.677	Pinane monoterpenoids	0.988	Organic acids and derivatives	1.000	Carboxylic acids and derivatives	0.827	Amino acids, peptides, and analogues	0.767	Amino acids and derivatives	0.771	Amino acids and derivatives	0.771	Organic compounds; Organoheterocyclic compounds; Lipids and lipid-like molecules; Amino acids, peptides, and analogues; Organic acids and derivatives; Carboxylic acids and derivatives; Organonitrogen compounds; Organooxygen compounds; Amino acids and derivatives; Organometallic compounds; Monoalkylamines; Boronic acid derivatives; Carboxylic acid derivatives; Organometalloid compounds; Pyrazinecarboxamides; Amines; Primary amines; Organoboron compounds; Organoboroxines; Dialkyl phosphates; Organic salts; Fatty Acyls; Organic metalloid salts; Organic metal salts; Oxacyclic compounds; Hydrocarbon derivatives; Alkylboranes; Organic oxygen compounds; Organic nitrogen compounds; Chemical entities	786.623	561	9.349	878146917956550934	878145453607583918	878145453603389613	20143	
1	C11H17N3O6S2	[M + H]+	C11H18N3O6S2+	Amino acids and Peptides	0.970	Small peptides	0.995	Dipeptides	0.801	Organic acids and derivatives	1.000	Carboxylic acids and derivatives	1.000	Amino acids, peptides, and analogues	0.999	Peptides	0.918	Gamma-glutamyl amino acids	0.917	Organic compounds; Organosulfur compounds; Lipids and lipid-like molecules; Amino acids, peptides, and analogues; Alpha amino acids and derivatives; Fatty acids and conjugates; Organic acids and derivatives; Carboxylic acids and derivatives; Organonitrogen compounds; Organooxygen compounds; Fatty amides; Dicarboxylic acids and derivatives; Amino acids and derivatives; Peptides; Monoalkylamines; Carboxylic acid amides; Carboxylic acid derivatives; N-acyl amines; N-acyl-alpha amino acids and derivatives; Carboxylic acids; Secondary carboxylic acid amides; Carbonyl compounds; N-acyl-alpha amino acids; Alpha amino acids; Amines; Primary amines; Organic disulfides; Gamma-glutamyl amino acids; Sulfenyl compounds; Fatty Acyls; Organic oxides; Dialkyldisulfides; L-alpha-amino acids; Hydrocarbon derivatives; Amino acids; Cysteine and derivatives; Glutamine and derivatives; Organopnictogen compounds; Organic oxygen compounds; Organic nitrogen compounds; Chemical entities	352.063	35	0.589	878148510663134890	878148353578061345	878148353569672736	6047	
1	C9H21N5O4	[M + H]+	C9H22N5O4+	Amino acids and Peptides	1.000	Small peptides	1.000	Dipeptides	0.994	Organic acids and derivatives	1.000	Carboxylic acids and derivatives	1.000	Amino acids, peptides, and analogues	0.999	Peptides	0.975	Dipeptides	0.821	Organic compounds; Lipids and lipid-like molecules; Amino acids, peptides, and analogues; Alpha amino acids and derivatives; Imidazoles; Fatty acids and conjugates; Organic acids and derivatives; Carboxylic acids and derivatives; Organonitrogen compounds; Organooxygen compounds; Fatty amides; Amino acids and derivatives; Peptides; Azoles; Monoalkylamines; Carboxylic acid amides; Carboxylic acid derivatives; N-acyl amines; Monocarboxylic acids and derivatives; N-acyl-alpha amino acids and derivatives; Carboxylic acids; Imidazolyl carboxylic acids and derivatives; Secondary carboxylic acid amides; Carbonyl compounds; Alpha amino acid amides; Substituted imidazoles; N-acyl-alpha amino acids; Amines; Primary amines; Fatty Acyls; Organic oxides; Hydrocarbon derivatives; Amino acids; Histidine and derivatives; Organopnictogen compounds; Organic oxygen compounds; Organic nitrogen compounds; Dipeptides; Chemical entities	264.168	36	0.606	878148408091430554	878148352219106829	878148352210718220	1684	
1	C32H45N5O7S	[M + H]+	C32H46N5O7S+	Amino acids and Peptides	0.997	Oligopeptides	0.994	Cyclic peptides	0.200	Organic acids and derivatives	1.000	Carboxylic acids and derivatives	1.000	Amino acids, peptides, and analogues	0.998	Peptides	0.984	Oligopeptides	0.862	Organic compounds; Organoheterocyclic compounds; Organosulfur compounds; Lipids and lipid-like molecules; Amino acids, peptides, and analogues; Alpha amino acids and derivatives; Phenethylamines; Amphetamines and derivatives; Fatty acids and conjugates; Organic acids and derivatives; Carboxylic acids and derivatives; Organonitrogen compounds; Organooxygen compounds; Fatty amides; Branched fatty acids; Amino acids and derivatives; Peptides; Monoalkylamines; Carboxylic acid amides; Amino fatty acids; Carboxylic acid derivatives; N-acyl amines; Monocarboxylic acids and derivatives; N-acyl-alpha amino acids and derivatives; Thioethers; Carboxylic acids; Secondary carboxylic acid amides; Tertiary carboxylic acid amides; Carbonyl compounds; Heterocyclic fatty acids; Alpha amino acid amides; N-acyl-alpha amino acids; Benzenoids; Amines; Primary amines; Medium-chain fatty acids; Sulfenyl compounds; Dialkylthioethers; Fatty Acyls; Organic oxides; Azacyclic compounds; Methionine and derivatives; Hydrocarbon derivatives; Amino acids; Organopnictogen compounds; Organic oxygen compounds; Organic nitrogen compounds; Oligopeptides; Chemical entities	644.305	37	0.612	878148951362850540	878148353078939161	878148353070550552	3815	
1	C14H21N3O5	[M + H]+	C14H22N3O5+	Amino acids and Peptides	0.999	Small peptides	0.993	Tripeptides	0.626	Organic acids and derivatives	1.000	Carboxylic acids and derivatives	1.000	Amino acids, peptides, and analogues	0.997	Peptides	0.982	Oligopeptides	0.884	Organic compounds; Organoheterocyclic compounds; Lipids and lipid-like molecules; Amino acids, peptides, and analogues; Alpha amino acids and derivatives; Lactams; Pyrrolidines; Fatty acids and conjugates; Organic acids and derivatives; Carboxylic acids and derivatives; Organonitrogen compounds; Organooxygen compounds; Amino acids and derivatives; Peptides; Carboxylic acid amides; Carboxylic acid derivatives; Monocarboxylic acids and derivatives; Pyrrolidones; N-acyl-alpha amino acids and derivatives; Carboxylic acids; Secondary carboxylic acid amides; Tertiary carboxylic acid amides; Carbonyl compounds; Pyrrolidine carboxylic acids and derivatives; Heterocyclic fatty acids; Pyrrolidinecarboxamides; Alpha amino acid amides; N-acyl-alpha amino acids; N-acylpyrrolidines; Pyrrolidine-2-ones; Fatty Acyls; Organic oxides; Azacyclic compounds; Hydrocarbon derivatives; Valine and derivatives; Proline and derivatives; Organopnictogen compounds; Organic oxygen compounds; Organic nitrogen compounds; Oligopeptides; Chemical entities	312.157	47	0.779	878148404190727824	878148354991541817	878148354983153208	9652	
1	C11H17FN2O2	[M + H]+	C11H18FN2O2+	Amino acids and Peptides	0.945	Small peptides	0.986	Dipeptides	0.537	Organic acids and derivatives	1.000	Carboxylic acids and derivatives	0.999	Amino acids, peptides, and analogues	0.994	Amino acids and derivatives	0.994	Alpha amino acid amides	0.886	Organic compounds; Organoheterocyclic compounds; Amino acids, peptides, and analogues; Halobenzenes; Alpha amino acids and derivatives; Pyrrolidines; Organic acids and derivatives; Carboxylic acids and derivatives; Organohalogen compounds; Organonitrogen compounds; Organooxygen compounds; Amino acids and derivatives; Monoalkylamines; Carboxylic acid amides; Aryl fluorides; Carboxylic acid derivatives; Fluorobenzenes; Monocarboxylic acids and derivatives; Carboxylic acids; Organofluorides; Tertiary carboxylic acid amides; Carbonyl compounds; Pyrrolidine carboxylic acids and derivatives; Benzene and substituted derivatives; Alpha amino acid amides; Benzenoids; Amines; Primary amines; Aryl halides; N-acylpyrrolidines; Organic oxides; Azacyclic compounds; Hydrocarbon derivatives; Amino acids; Proline and derivatives; Organopnictogen compounds; Organic oxygen compounds; Organic nitrogen compounds; Chemical entities	229.135	49	0.821	878148960124751606	878148357973692021	878148357969497716	29646	
1	C13H20N4O4	[M + H]+	C13H21N4O4+	Carbohydrates	0.997	Nucleosides	0.998	Purine nucleosides	0.996	Nucleosides, nucleotides, and analogues	0.967	Purine nucleosides	0.741					Purine nucleosides	0.741	Organic compounds; Organoheterocyclic compounds; Carbohydrates and carbohydrate conjugates; Pyrimidines and pyrimidine derivatives; Imidazoles; Alcohols and polyols; Purines and purine derivatives; Organonitrogen compounds; Nucleosides, nucleotides, and analogues; Organooxygen compounds; Azoles; Purine nucleosides; Aminopyrimidines and derivatives; Diazines; Pentoses; Monosaccharides; Secondary alcohols; Imidazopyrimidines; Glycosyl compounds; Glycosylamines; Polyols; Substituted imidazoles; N-substituted imidazoles; Amines; Primary amines; 1,2-diols; Tetrahydrofurans; 6-aminopurines; Imidolactams; Azacyclic compounds; Oxacyclic compounds; Heteroaromatic compounds; Hydrocarbon derivatives; 5'-deoxyribonucleosides; Organopnictogen compounds; Organic oxygen compounds; Organic nitrogen compounds; Chemical entities	297.156	77	1.287	878148950746287841	878148354056212009	878148354047823400	6862	
1	C13H27NO4	[M + H]+	C13H28NO4+	Amino acids and Peptides	0.995	Small peptides	0.998	Dipeptides	0.782	Organic acids and derivatives	1.000	Carboxylic acids and derivatives	1.000	Amino acids, peptides, and analogues	0.998	Amino acids and derivatives	0.998	N-acyl-L-alpha-amino acids	0.532	Organic compounds; Organoheterocyclic compounds; Amino acids, peptides, and analogues; Alpha amino acids and derivatives; Pyrrolidines; Organic acids and derivatives; Carboxylic acids and derivatives; Organonitrogen compounds; Organooxygen compounds; Amino acids and derivatives; Carboxylic acid amides; Carboxylic acid derivatives; Monocarboxylic acids and derivatives; N-acyl-alpha amino acids and derivatives; Carboxylic acids; Tertiary carboxylic acid amides; Carbonyl compounds; Pyrrolidine carboxylic acids and derivatives; N-acyl-alpha amino acids; Pyrrolidine carboxylic acids; Amines; N-acylpyrrolidines; Organic oxides; Azacyclic compounds; N-acyl-L-alpha-amino acids; Hydrocarbon derivatives; Amino acids; Proline and derivatives; Organopnictogen compounds; Organic oxygen compounds; Organic nitrogen compounds; Chemical entities	262.202	112	1.861	878148607631249098	878148354282704429	878148354274315820	7500	
1	C27H45N9O9	[M + Na]+	C27H45N9NaO9+	Amino acids and Peptides	1.000	Oligopeptides	0.855	Tripeptides	0.710	Organic acids and derivatives	1.000	Carboxylic acids and derivatives	1.000	Amino acids, peptides, and analogues	0.998	Peptides	0.999	Oligopeptides	0.961	Organic compounds; Organoheterocyclic compounds; Lipids and lipid-like molecules; Amino acids, peptides, and analogues; Alpha amino acids and derivatives; Pyrrolidines; Fatty acids and conjugates; Organic acids and derivatives; Carboxylic acids and derivatives; Organonitrogen compounds; Organooxygen compounds; Fatty amides; Branched fatty acids; Amino acids and derivatives; Peptides; Monoalkylamines; Carboxylic acid amides; Carboxylic acid derivatives; N-acyl amines; Monocarboxylic acids and derivatives; N-acyl-alpha amino acids and derivatives; Carboxylic acids; Primary carboxylic acid amides; Secondary carboxylic acid amides; Tertiary carboxylic acid amides; Carbonyl compounds; Pyrrolidine carboxylic acids and derivatives; Heterocyclic fatty acids; Pyrrolidinecarboxamides; Alpha amino acid amides; N-acyl-alpha amino acids; Amines; Primary amines; N-acylpyrrolidines; Fatty Acyls; Organic oxides; Azacyclic compounds; N-acyl-L-alpha-amino acids; Hydrocarbon derivatives; Amino acids; Glutamine and derivatives; Proline and derivatives; Organopnictogen compounds; Organic oxygen compounds; Organic nitrogen compounds; Oligopeptides; Chemical entities	662.327	122	2.027	878149245463252737	878148357944331889	878148357940137584	27956	
1	C5H8N4O2S	[M + Na]+	C5H8N4NaO2S+	Alkaloids	0.909	Histidine alkaloids	0.654	Imidazole alkaloids	0.653	Organosulfur compounds	0.903	Thioethers	0.517	Aryl thioethers	0.371	Alkylarylthioethers	0.517	Alkylarylthioethers	0.517	Organic compounds; Organoheterocyclic compounds; Organosulfur compounds; Organic acids and derivatives; Organonitrogen compounds; Organooxygen compounds; Azoles; Thioethers; Alkylarylthioethers; Organic oxides; Azacyclic compounds; Heteroaromatic compounds; Hydrocarbon derivatives; Organopnictogen compounds; Organic oxygen compounds; Organic nitrogen compounds; Chemical entities	211.025	126	2.102	878148539196985012	878148357063528029	878148357059333724	16928	
1	C36H60N10O14	[M + H]+	C36H61N10O14+	Amino acids and Peptides	0.995	Oligopeptides	0.999	Cyclic peptides	0.888	Organic acids and derivatives	1.000	Carboxylic acids and derivatives	0.999	Amino acids, peptides, and analogues	0.994	Peptides	0.964	Oligopeptides	0.735	Organic compounds; Organoheterocyclic compounds; Lipids and lipid-like molecules; Amino acids, peptides, and analogues; Alpha amino acids and derivatives; Alcohols and polyols; Pyrrolidines; Fatty acids and conjugates; Organic acids and derivatives; Carboxylic acids and derivatives; Organonitrogen compounds; Primary alcohols; Organooxygen compounds; Fatty amides; Branched fatty acids; Amino acids and derivatives; Peptides; Monoalkylamines; Carboxylic acid amides; Carboxylic acid derivatives; N-acyl amines; Monocarboxylic acids and derivatives; N-acyl-alpha amino acids and derivatives; Carboxylic acids; Secondary carboxylic acid amides; Tertiary carboxylic acid amides; Carbonyl compounds; Pyrrolidine carboxylic acids and derivatives; Heterocyclic fatty acids; Pyrrolidinecarboxamides; Alpha amino acid amides; Amines; Primary amines; N-acylpyrrolidines; Fatty Acyls; Organic oxides; Azacyclic compounds; Hydrocarbon derivatives; Amino acids; Valine and derivatives; Proline and derivatives; Organopnictogen compounds; Organic oxygen compounds; Organic nitrogen compounds; Oligopeptides; Chemical entities	857.443	145	2.415	878151404317661845	878148351342497285	878148351296359940	450	
1	C25H31N7O8	[M + H]+	C25H32N7O8+	Amino acids and Peptides	0.994	Oligopeptides	0.992	Cyclic peptides	0.676	Organic acids and derivatives	0.999	Carboxylic acids and derivatives	0.997	Amino acids, peptides, and analogues	0.985	Peptides	0.980	Oligopeptides	0.895	Organic compounds; Organoheterocyclic compounds; Lipids and lipid-like molecules; Amino acids, peptides, and analogues; Alpha amino acids and derivatives; Pyrrolidines; Organic acids and derivatives; Carboxylic acids and derivatives; Organonitrogen compounds; Organooxygen compounds; Fatty amides; Amino acids and derivatives; Peptides; Carboxylic acid amides; Carboxylic acid derivatives; N-acyl amines; Monocarboxylic acids and derivatives; N-acyl-alpha amino acids and derivatives; Carboxylic acids; Secondary carboxylic acid amides; Tertiary carboxylic acid amides; Carbonyl compounds; Pyrrolidine carboxylic acids and derivatives; Pyrrolidinecarboxamides; Alpha amino acid amides; N-acyl-alpha amino acids; N-acylpyrrolidines; Fatty Acyls; Organic oxides; Azacyclic compounds; Hydrocarbon derivatives; Amino acids; Proline and derivatives; Organopnictogen compounds; Organic oxygen compounds; Organic nitrogen compounds; Oligopeptides; Chemical entities	558.232	164	2.740	878148940424105686	878148357424238181	878148357420043876	20148	
1	C27H39N5O8	[M + H]+	C27H40N5O8+	Amino acids and Peptides	0.990	Oligopeptides	0.984	Cyclic peptides	0.417	Organic acids and derivatives	1.000	Carboxylic acids and derivatives	0.999	Amino acids, peptides, and analogues	0.996	Peptides	0.958	Oligopeptides	0.892	Organic compounds; Organoheterocyclic compounds; Lipids and lipid-like molecules; Amino acids, peptides, and analogues; Alpha amino acids and derivatives; Phenethylamines; Amphetamines and derivatives; Pyrrolidines; Phenylpropanoids and polyketides; Organic acids and derivatives; Carboxylic acids and derivatives; Organonitrogen compounds; Organooxygen compounds; Fatty amides; Amino acids and derivatives; Peptides; Carboxylic acid amides; Carboxylic acid derivatives; N-acyl amines; Monocarboxylic acids and derivatives; N-acyl-alpha amino acids and derivatives; Carboxylic acids; Secondary carboxylic acid amides; Tertiary carboxylic acid amides; Carbonyl compounds; Pyrrolidine carboxylic acids and derivatives; Pyrrolidinecarboxamides; Benzene and substituted derivatives; Alpha amino acid amides; N-acyl-alpha amino acids; Benzenoids; N-acylpyrrolidines; Fatty Acyls; Organic oxides; Azacyclic compounds; Hydrocarbon derivatives; Phenylalanine and derivatives; Proline and derivatives; Organopnictogen compounds; Organic oxygen compounds; Organic nitrogen compounds; Oligopeptides; Chemical entities	562.288	166	2.769	878148601981521599	878148354509196849	878148354500808240	7822	
1	C28H39N5O7	[M + H]+	C28H40N5O7+	Amino acids and Peptides	0.998	Oligopeptides	0.872	Tripeptides	0.634	Organic acids and derivatives	1.000	Carboxylic acids and derivatives	1.000	Amino acids, peptides, and analogues	1.000	Peptides	0.995	Oligopeptides	0.965	Organic compounds; Organoheterocyclic compounds; Lipids and lipid-like molecules; Amino acids, peptides, and analogues; Alpha amino acids and derivatives; Pyrrolidines; Organic acids and derivatives; Carboxylic acids and derivatives; Organonitrogen compounds; Organooxygen compounds; Fatty amides; Amino acids and derivatives; Peptides; Carboxylic acid amides; Carboxylic acid derivatives; N-acyl amines; Monocarboxylic acids and derivatives; N-acyl-alpha amino acids and derivatives; Carboxylic acids; Secondary carboxylic acid amides; Tertiary carboxylic acid amides; Carbonyl compounds; Pyrrolidine carboxylic acids and derivatives; Pyrrolidinecarboxamides; Benzene and substituted derivatives; Alpha amino acid amides; N-acyl-alpha amino acids; Pyrrolidine carboxylic acids; Benzenoids; N-acylpyrrolidines; Fatty Acyls; Organic oxides; Azacyclic compounds; Hydrocarbon derivatives; Valine and derivatives; Proline and derivatives; Organopnictogen compounds; Organic oxygen compounds; Organic nitrogen compounds; Oligopeptides; Chemical entities	558.295	232	3.864	878149959707086605	878148354756660789	878148354748272180	8773	
1	C56H68N2O13	[M + H]+	C56H69N2O13+	Polyketides	0.513	Macrolides	0.714	Spirotetronate macrolides	0.172	Organic acids and derivatives	0.956	Carboxylic acids and derivatives	0.929	Amino acids, peptides, and analogues	0.578	Amino acids and derivatives	0.576	Amino acids and derivatives	0.576	Organic compounds; Organoheterocyclic compounds; Lipids and lipid-like molecules; Amino acids, peptides, and analogues; Ketones; Alcohols and polyols; Ethers; Organic acids and derivatives; Carboxylic acids and derivatives; Organonitrogen compounds; Organooxygen compounds; Amino acids and derivatives; Carboxylic acid derivatives; Carboxylic acid esters; Secondary alcohols; Carbonyl compounds; Benzenoids; Organic oxides; Azacyclic compounds; Oxacyclic compounds; Hydrocarbon derivatives; Organopnictogen compounds; Organic oxygen compounds; Organic nitrogen compounds; Chemical entities	977.481	237	3.954	878150332551352100	878148356103032397	878148356098838092	13467	
1	C38H78N2	[M + H]+	C38H79N2+	Alkaloids	0.855	Pseudoalkaloids (transamidation)	0.530	Steroidal alkaloids	0.408	Organic nitrogen compounds	1.000	Organonitrogen compounds	1.000	Amines	0.969	Tertiary amines	0.819	Trialkylamines	0.798	Organic compounds; Organoheterocyclic compounds; Organonitrogen compounds; Trialkylamines; Amines; Tertiary amines; Azacyclic compounds; Hydrocarbon derivatives; Organopnictogen compounds; Organic nitrogen compounds; Chemical entities	563.625	253	4.212	878150267917127459	878148356363079249	878148356354690640	14577	
1	C29H52N10O12	[M + H]+	C29H53N10O12+	Amino acids and Peptides	1.000	Oligopeptides	0.991	Tripeptides	0.373	Organic acids and derivatives	1.000	Carboxylic acids and derivatives	1.000	Amino acids, peptides, and analogues	0.997	Peptides	0.992	Oligopeptides	0.767	Organic compounds; Organoheterocyclic compounds; Lipids and lipid-like molecules; Amino acids, peptides, and analogues; Alpha amino acids and derivatives; Alcohols and polyols; Pyrrolidines; Fatty acids and conjugates; Organic acids and derivatives; Carboxylic acids and derivatives; Organonitrogen compounds; Organooxygen compounds; Fatty amides; Branched fatty acids; Dicarboxylic acids and derivatives; Amino acids and derivatives; Peptides; Monoalkylamines; Carboxylic acid amides; Carboxylic acid derivatives; N-acyl amines; N-acyl-alpha amino acids and derivatives; Carboxylic acids; Primary carboxylic acid amides; Secondary carboxylic acid amides; Tertiary carboxylic acid amides; Carbonyl compounds; Pyrrolidine carboxylic acids and derivatives; Heterocyclic fatty acids; Pyrrolidinecarboxamides; Alpha amino acid amides; N-acyl-alpha amino acids; Amines; Primary amines; N-acylpyrrolidines; Fatty Acyls; Organic oxides; Azacyclic compounds; N-acyl-L-alpha-amino acids; Hydrocarbon derivatives; Amino acids; Valine and derivatives; Proline and derivatives; Glutamic acid and derivatives; Organopnictogen compounds; Organic oxygen compounds; Organic nitrogen compounds; Oligopeptides; Chemical entities	733.383	259	4.324	878150391049309999	878148353821330981	878148353817136676	6457	
1	C18H25Br3N4O5S	[M + Na]+	C18H25Br3N4NaO5S+	Amino acids and Peptides	0.998	Oligopeptides	0.876	Cyclic peptides	0.382	Organic acids and derivatives	1.000	Carboxylic acids and derivatives	0.999	Amino acids, peptides, and analogues	0.995	Peptides	0.979	Oligopeptides	0.812	Organic compounds; Organoheterocyclic compounds; Organosulfur compounds; Lipids and lipid-like molecules; Amino acids, peptides, and analogues; Alpha amino acids and derivatives; Pyrrolidines; Fatty acids and conjugates; Organic acids and derivatives; Carboxylic acids and derivatives; Organohalogen compounds; Organonitrogen compounds; Organooxygen compounds; Branched fatty acids; Amino acids and derivatives; Peptides; Carboxylic acid amides; Carboxylic acid derivatives; Monocarboxylic acids and derivatives; N-acyl-alpha amino acids and derivatives; Carboxylic acids; Secondary carboxylic acid amides; Tertiary carboxylic acid amides; Carbonyl compounds; Pyrrolidine carboxylic acids and derivatives; Heterocyclic fatty acids; Pyrrolidinecarboxamides; Alpha amino acid amides; N-acyl-alpha amino acids; Alkyl halides; N-acylpyrrolidines; Methyl-branched fatty acids; Fatty Acyls; Organic oxides; Azacyclic compounds; Hydrocarbon derivatives; Amino acids; Valine and derivatives; Proline and derivatives; Organopnictogen compounds; Organic oxygen compounds; Organic nitrogen compounds; Oligopeptides; Chemical entities	668.902	264	4.395	878150267132792600	878148357600398953	878148357596204648	21842	
1	C25H40N4O7	[M + H]+	C25H41N4O7+	Amino acids and Peptides	0.997	Small peptides	0.777	Tripeptides	0.634	Organic acids and derivatives	1.000	Carboxylic acids and derivatives	1.000	Amino acids, peptides, and analogues	1.000	Peptides	0.985	Oligopeptides	0.917	Organic compounds; Organoheterocyclic compounds; Amino acids, peptides, and analogues; Alpha amino acids and derivatives; Pyrrolidines; Organic acids and derivatives; Carboxylic acids and derivatives; Organonitrogen compounds; Organooxygen compounds; Amino acids and derivatives; Peptides; Carboxylic acid amides; Carboxylic acid derivatives; Monocarboxylic acids and derivatives; N-acyl-alpha amino acids and derivatives; Carboxylic acids; Secondary carboxylic acid amides; Tertiary carboxylic acid amides; Carbonyl compounds; Pyrrolidine carboxylic acids and derivatives; Pyrrolidinecarboxamides; Alpha amino acid amides; N-acyl-alpha amino acids; Pyrrolidine carboxylic acids; N-acylpyrrolidines; Organic oxides; Azacyclic compounds; Hydrocarbon derivatives; Proline and derivatives; Organopnictogen compounds; Organic oxygen compounds; Organic nitrogen compounds; Oligopeptides; Chemical entities	509.296	275	4.580	878150410099838778	878148356858007129	878148356845424216	16128	
1	C14H30O3	[M + H]+	C14H31O3+	Fatty acids	0.987	Glycerolipids	0.663	Fatty alcohols	0.528	Organic oxygen compounds	1.000	Organooxygen compounds	1.000	Ethers	0.999	Dialkyl ethers	0.998	Polyethylene glycols	0.885	Organic compounds; Alcohols and polyols; Ethers; Primary alcohols; Organooxygen compounds; Dialkyl ethers; Polyethylene glycols; Hydrocarbon derivatives; Organic oxygen compounds; Chemical entities	247.227	429	7.148	878150413501419332	878148355666824773	878148355662630468	11672	
1	C45H72N2O3	[M + Na]+	C45H72N2NaO3+	Fatty acids	0.777	Pseudoalkaloids (transamidation)	0.208	Steroidal alkaloids	0.169	Organic acids and derivatives	0.869	Carboxylic acids and derivatives	0.856	Amino acids, peptides, and analogues	0.665	Amino acids and derivatives	0.659	Amino acids and derivatives	0.659	Organic compounds; Lipids and lipid-like molecules; Amino acids, peptides, and analogues; Organic acids and derivatives; Carboxylic acids and derivatives; Organonitrogen compounds; Organooxygen compounds; Fatty amides; Amino acids and derivatives; Carboxylic acid amides; Carboxylic acid derivatives; N-acyl amines; Secondary alcohols; Carbonyl compounds; Trialkylamines; Amines; Tertiary amines; Fatty Acyls; Organic oxides; Azacyclic compounds; Hydrocarbon derivatives; Organopnictogen compounds; Organic oxygen compounds; Organic nitrogen compounds; Chemical entities	711.544	486	8.107	878150519063662413	878148357248077409	878148357243883104	18450	
1	C47H80O7	[M + H]+	C47H81O7+	Fatty acids	1.000	Glycerolipids	1.000	Triacylglycerols	0.923	Lipids and lipid-like molecules	0.997	Glycerolipids	0.998	Triradylcglycerols	0.934	Triacylglycerols	0.959	Triacylglycerols	0.959	Organic compounds; Lipids and lipid-like molecules; Alcohols and polyols; Glycerolipids; Organic acids and derivatives; Carboxylic acids and derivatives; Primary alcohols; Organooxygen compounds; Fatty acid esters; Carboxylic acid derivatives; Triacylglycerols; Carboxylic acid esters; Fatty alcohols; Carbonyl compounds; Tricarboxylic acids and derivatives; Triradylcglycerols; Fatty Acyls; Organic oxides; Hydrocarbon derivatives; Organic oxygen compounds; Chemical entities	757.594	528	8.801	878150892956504290	878148357776559725	878148357772365420	24694	
1	C5H7N3O2S	[M + Na]+	C5H7N3NaO2S+	Alkaloids	0.441	Histidine alkaloids	0.774	Imidazole alkaloids	0.775	Organoheterocyclic compounds	0.965	Azoles	0.786					Azoles	0.786	Organic compounds; Organoheterocyclic compounds; Organonitrogen compounds; Azoles; Organic oxides; Azacyclic compounds; Heteroaromatic compounds; Hydrocarbon derivatives; Organopnictogen compounds; Organic oxygen compounds; Organic nitrogen compounds; Chemical entities	196.017	653	10.887	878150898828530335	878148352525291025	878148352516902416	1984	
1	C27H39N5O7	[M + H]+	C27H40N5O7+	Amino acids and Peptides	0.954	Oligopeptides	0.983	Depsipeptides	0.176	Organic acids and derivatives	1.000	Carboxylic acids and derivatives	0.999	Amino acids, peptides, and analogues	0.996	Peptides	0.903	Oligopeptides	0.553	Organic compounds; Organoheterocyclic compounds; Lipids and lipid-like molecules; Amino acids, peptides, and analogues; Alpha amino acids and derivatives; Pyrrolidines; Organic acids and derivatives; Carboxylic acids and derivatives; Organonitrogen compounds; Organooxygen compounds; Fatty amides; Amino acids and derivatives; Peptides; Carboxylic acid amides; Carboxylic acid derivatives; N-acyl amines; Monocarboxylic acids and derivatives; N-acyl-alpha amino acids and derivatives; Carboxylic acids; Carboxylic acid esters; Secondary carboxylic acid amides; Tertiary carboxylic acid amides; Carbonyl compounds; Pyrrolidine carboxylic acids and derivatives; Pyrrolidinecarboxamides; Benzene and substituted derivatives; Alpha amino acid amides; Benzenoids; N-acylpyrrolidines; Fatty Acyls; Organic oxides; Azacyclic compounds; Hydrocarbon derivatives; Valine and derivatives; Proline and derivatives; Organopnictogen compounds; Organic oxygen compounds; Organic nitrogen compounds; Oligopeptides; Chemical entities	546.298	54	0.897	878152147174869734	878151671997975084	878151671985392171	974	
1	C15H27N3O6S	[M + H]+	C15H28N3O6S+	Amino acids and Peptides	1.000	Small peptides	0.993	Tripeptides	0.963	Organic acids and derivatives	1.000	Carboxylic acids and derivatives	1.000	Amino acids, peptides, and analogues	1.000	Peptides	1.000	Oligopeptides	0.996	Organic compounds; Organoheterocyclic compounds; Organosulfur compounds; Lipids and lipid-like molecules; Amino acids, peptides, and analogues; Alpha amino acids and derivatives; Pyrrolidines; Fatty acids and conjugates; Organic acids and derivatives; Carboxylic acids and derivatives; Organonitrogen compounds; Organooxygen compounds; Fatty amides; Branched fatty acids; Amino acids and derivatives; Peptides; Monoalkylamines; Carboxylic acid amides; Carboxylic acid derivatives; N-acyl amines; Monocarboxylic acids and derivatives; N-acyl-alpha amino acids and derivatives; Thioethers; Carboxylic acids; Secondary carboxylic acid amides; Tertiary carboxylic acid amides; Carbonyl compounds; Pyrrolidine carboxylic acids and derivatives; Heterocyclic fatty acids; Pyrrolidinecarboxamides; Alpha amino acid amides; N-acyl-alpha amino acids; Amines; Primary amines; N-acylpyrrolidines; Sulfenyl compounds; Dialkylthioethers; Fatty Acyls; Organic oxides; Azacyclic compounds; Methionine and derivatives; Hydrocarbon derivatives; Amino acids; Valine and derivatives; Proline and derivatives; Organopnictogen compounds; Organic oxygen compounds; Organic nitrogen compounds; Oligopeptides; Chemical entities	378.168	100	1.674	878151767590357693	878151673625365084	878151673621170779	9787	
1	C20H30N4O6S	[M + H]+	C20H31N4O6S+	Amino acids and Peptides	1.000	Small peptides	0.941	Tripeptides	0.664	Organic acids and derivatives	1.000	Carboxylic acids and derivatives	1.000	Amino acids, peptides, and analogues	0.999	Peptides	0.997	Oligopeptides	0.964	Organic compounds; Organoheterocyclic compounds; Organosulfur compounds; Lipids and lipid-like molecules; Amino acids, peptides, and analogues; Alpha amino acids and derivatives; Pyrrolidines; Fatty acids and conjugates; Organic acids and derivatives; Carboxylic acids and derivatives; Organonitrogen compounds; Organooxygen compounds; Fatty amides; Branched fatty acids; Dicarboxylic acids and derivatives; Amino acids and derivatives; Peptides; Monoalkylamines; Carboxylic acid amides; Carboxylic acid derivatives; N-acyl amines; N-acyl-alpha amino acids and derivatives; Thioethers; Carboxylic acids; Secondary carboxylic acid amides; Tertiary carboxylic acid amides; Carbonyl compounds; Pyrrolidine carboxylic acids and derivatives; Heterocyclic fatty acids; Pyrrolidinecarboxamides; Alpha amino acid amides; N-acyl-alpha amino acids; Primary amines; N-acylpyrrolidines; Sulfenyl compounds; Dialkylthioethers; Fatty Acyls; Organic oxides; Azacyclic compounds; Methionine and derivatives; Hydrocarbon derivatives; Amino acids; Valine and derivatives; Proline and derivatives; Glutamic acid and derivatives; Organopnictogen compounds; Organic oxygen compounds; Organic nitrogen compounds; Oligopeptides; Chemical entities	455.193	120	2.002	878152233430731504	878151672778115648	878151672769727039	5261	
1	C20H27FN6O3	[M + H]+	C20H28FN6O3+	Amino acids and Peptides	0.998	Small peptides	0.935	Tripeptides	0.479	Organic acids and derivatives	1.000	Carboxylic acids and derivatives	0.999	Amino acids, peptides, and analogues	0.996	Peptides	0.964	Oligopeptides	0.620	Organic compounds; Organoheterocyclic compounds; Amino acids, peptides, and analogues; Halobenzenes; Alpha amino acids and derivatives; Phenethylamines; Amphetamines and derivatives; Pyrrolidines; Organic acids and derivatives; Carboxylic acids and derivatives; Organohalogen compounds; Organonitrogen compounds; Organooxygen compounds; Amino acids and derivatives; Peptides; Monoalkylamines; Carboxylic acid amides; Aryl fluorides; Carboxylic acid derivatives; Fluorobenzenes; N-acyl-alpha amino acids and derivatives; Carboxylic acids; Organofluorides; Secondary carboxylic acid amides; Tertiary carboxylic acid amides; Carbonyl compounds; Pyrrolidine carboxylic acids and derivatives; Pyrrolidinecarboxamides; Benzene and substituted derivatives; Alpha amino acid amides; N-acyl-alpha amino acids; Benzenoids; Amines; Primary amines; Aryl halides; N-acylpyrrolidines; Organic oxides; Azacyclic compounds; Heteroaromatic compounds; Hydrocarbon derivatives; Proline and derivatives; Organopnictogen compounds; Organic oxygen compounds; Organic nitrogen compounds; Oligopeptides; Chemical entities	419.218	149	2.477	878151934238444242	878151673130437196	878151673126242891	7025	
1	C30H43N5O7	[M + Na]+	C30H43N5NaO7+	Amino acids and Peptides	0.998	Oligopeptides	0.975	Cyclic peptides	0.328	Organic acids and derivatives	1.000	Carboxylic acids and derivatives	1.000	Amino acids, peptides, and analogues	1.000	Peptides	0.986	Oligopeptides	0.925	Organic compounds; Organoheterocyclic compounds; Lipids and lipid-like molecules; Amino acids, peptides, and analogues; Alpha amino acids and derivatives; Phenethylamines; Amphetamines and derivatives; Pyrrolidines; Organic acids and derivatives; Carboxylic acids and derivatives; Organonitrogen compounds; Organooxygen compounds; Fatty amides; Amino acids and derivatives; Peptides; Carboxylic acid amides; Carboxylic acid derivatives; N-acyl amines; Monocarboxylic acids and derivatives; N-acyl-alpha amino acids and derivatives; Carboxylic acids; Secondary carboxylic acid amides; Tertiary carboxylic acid amides; Carbonyl compounds; Pyrrolidine carboxylic acids and derivatives; Pyrrolidinecarboxamides; Benzene and substituted derivatives; Alpha amino acid amides; N-acyl-alpha amino acids; Benzenoids; N-acylpyrrolidines; Fatty Acyls; Organic oxides; Azacyclic compounds; Hydrocarbon derivatives; Amino acids; Valine and derivatives; Proline and derivatives; Organopnictogen compounds; Organic oxygen compounds; Organic nitrogen compounds; Oligopeptides; Chemical entities	608.310	160	2.663	878151764914391731	878151675378584220	878151675374389915	35325	
1	C33H47N3O5S	[M + H]+	C33H48N3O5S+	Amino acids and Peptides	0.961	Oligopeptides	0.932	Cyclamides	0.303	Organic acids and derivatives	0.988	Carboxylic acids and derivatives	0.978	Amino acids, peptides, and analogues	0.774	Amino acids and derivatives	0.766	Alpha amino acids and derivatives	0.593	Organic compounds; Organoheterocyclic compounds; Amino acids, peptides, and analogues; Alpha amino acids and derivatives; Thiazoles; Phenethylamines; Amphetamines and derivatives; Organic acids and derivatives; Carboxylic acids and derivatives; Organonitrogen compounds; Organooxygen compounds; Amino acids and derivatives; Azoles; Carboxylic acid amides; Carboxylic acid derivatives; Monocarboxylic acids and derivatives; Secondary carboxylic acid amides; Carbonyl compounds; Benzene and substituted derivatives; Benzenoids; 2,4-disubstituted thiazoles; Organic oxides; Azacyclic compounds; Heteroaromatic compounds; Hydrocarbon derivatives; Organopnictogen compounds; Organic oxygen compounds; Organic nitrogen compounds; Chemical entities	598.331	162	2.707	878152305191078650	878151672891361860	878151672887167555	6100	
1	C34H47N7O8	[M + H]+	C34H48N7O8+	Amino acids and Peptides	1.000	Oligopeptides	0.943	Tripeptides	0.406	Organic acids and derivatives	1.000	Carboxylic acids and derivatives	1.000	Amino acids, peptides, and analogues	0.999	Peptides	0.998	Oligopeptides	0.966	Organic compounds; Organoheterocyclic compounds; Lipids and lipid-like molecules; Amino acids, peptides, and analogues; Alpha amino acids and derivatives; Pyrrolidines; Fatty acids and conjugates; Organic acids and derivatives; Carboxylic acids and derivatives; Organonitrogen compounds; Organooxygen compounds; Fatty amides; Branched fatty acids; Dicarboxylic acids and derivatives; Amino acids and derivatives; Peptides; Monoalkylamines; Carboxylic acid amides; Carboxylic acid derivatives; N-acyl amines; Monocarboxylic acids and derivatives; N-acyl-alpha amino acids and derivatives; Carboxylic acids; Imidazolyl carboxylic acids and derivatives; Secondary carboxylic acid amides; Tertiary carboxylic acid amides; Carbonyl compounds; Pyrrolidine carboxylic acids and derivatives; Heterocyclic fatty acids; Pyrrolidinecarboxamides; Alpha amino acid amides; N-acyl-alpha amino acids; Amines; Primary amines; N-acylpyrrolidines; Fatty Acyls; Organic oxides; Azacyclic compounds; Hydrocarbon derivatives; Amino acids; Valine and derivatives; Proline and derivatives; Isoleucine and derivatives; Organopnictogen compounds; Organic oxygen compounds; Organic nitrogen compounds; Oligopeptides; Chemical entities	682.354	179	2.978	878154229126712115	878151672505485880	878151672497097271	3219	
1	C23H37N5O7	[M + H]+	C23H38N5O7+	Amino acids and Peptides	1.000	Small peptides	0.939	Tripeptides	0.702	Organic acids and derivatives	1.000	Carboxylic acids and derivatives	1.000	Amino acids, peptides, and analogues	1.000	Peptides	0.999	Oligopeptides	0.992	Organic compounds; Organoheterocyclic compounds; Lipids and lipid-like molecules; Amino acids, peptides, and analogues; Alpha amino acids and derivatives; Pyrrolidines; Fatty acids and conjugates; Organic acids and derivatives; Carboxylic acids and derivatives; Organonitrogen compounds; Organooxygen compounds; Fatty amides; Branched fatty acids; Amino acids and derivatives; Peptides; Monoalkylamines; Carboxylic acid amides; Carboxylic acid derivatives; N-acyl amines; Monocarboxylic acids and derivatives; N-acyl-alpha amino acids and derivatives; Carboxylic acids; Secondary carboxylic acid amides; Tertiary carboxylic acid amides; Carbonyl compounds; Pyrrolidine carboxylic acids and derivatives; Heterocyclic fatty acids; Pyrrolidinecarboxamides; Alpha amino acid amides; N-acyl-alpha amino acids; Amines; Primary amines; N-acylpyrrolidines; Methyl-branched fatty acids; Fatty Acyls; Organic oxides; Azacyclic compounds; Hydrocarbon derivatives; Amino acids; Valine and derivatives; Proline and derivatives; Organopnictogen compounds; Organic oxygen compounds; Organic nitrogen compounds; Oligopeptides; Chemical entities	496.278	181	3.012	878151831062760136	878151673734416992	878151673730222687	10167	
1	C32H44N6O8	[M + H]+	C32H45N6O8+	Amino acids and Peptides	0.992	Oligopeptides	0.988	Cyclic peptides	0.688	Organic acids and derivatives	1.000	Carboxylic acids and derivatives	1.000	Amino acids, peptides, and analogues	0.998	Peptides	0.977	Oligopeptides	0.929	Organic compounds; Organoheterocyclic compounds; Lipids and lipid-like molecules; Amino acids, peptides, and analogues; Alpha amino acids and derivatives; Phenethylamines; Amphetamines and derivatives; Pyrrolidines; Organic acids and derivatives; Carboxylic acids and derivatives; Organonitrogen compounds; Organooxygen compounds; Fatty amides; Amino acids and derivatives; Peptides; Carboxylic acid amides; Carboxylic acid derivatives; N-acyl amines; Monocarboxylic acids and derivatives; N-acyl-alpha amino acids and derivatives; Carboxylic acids; Secondary carboxylic acid amides; Tertiary carboxylic acid amides; Carbonyl compounds; Pyrrolidine carboxylic acids and derivatives; Pyrrolidinecarboxamides; Benzene and substituted derivatives; Alpha amino acid amides; N-acyl-alpha amino acids; Benzenoids; N-acylpyrrolidines; Fatty Acyls; Organic oxides; Azacyclic compounds; Hydrocarbon derivatives; Amino acids; Valine and derivatives; Proline and derivatives; Organopnictogen compounds; Organic oxygen compounds; Organic nitrogen compounds; Oligopeptides; Chemical entities	641.330	195	3.256	878154503039929212	878151672346102324	878151672341908019	2499	
1	C38H70N8O7	[M + K]+	C38H70KN8O7+	Amino acids and Peptides	0.999	Oligopeptides	0.995	Cyclic peptides	0.265	Organic acids and derivatives	1.000	Carboxylic acids and derivatives	0.999	Amino acids, peptides, and analogues	0.999	Peptides	0.989	Oligopeptides	0.919	Organic compounds; Organoheterocyclic compounds; Lipids and lipid-like molecules; Amino acids, peptides, and analogues; Alpha amino acids and derivatives; Phenols; Phenethylamines; Amphetamines and derivatives; Pyrrolidines; Organic acids and derivatives; Carboxylic acids and derivatives; Organonitrogen compounds; Organooxygen compounds; Fatty amides; Amino acids and derivatives; Peptides; Monoalkylamines; Carboxylic acid amides; Carboxylic acid derivatives; N-acyl amines; Monocarboxylic acids and derivatives; N-acyl-alpha amino acids and derivatives; Carboxylic acids; Secondary carboxylic acid amides; Tertiary carboxylic acid amides; Carbonyl compounds; Pyrrolidine carboxylic acids and derivatives; Pyrrolidinecarboxamides; Benzene and substituted derivatives; Alpha amino acid amides; N-acyl-alpha amino acids; Benzenoids; Amines; Primary amines; N-acylpyrrolidines; Fatty Acyls; Organic oxides; Azacyclic compounds; Hydrocarbon derivatives; Amino acids; Tyrosine and derivatives; Phenylalanine and derivatives; Proline and derivatives; Organopnictogen compounds; Organic oxygen compounds; 1-hydroxy-2-unsubstituted benzenoids; Organic nitrogen compounds; Oligopeptides; Chemical entities	789.504	224	3.738	878152086495873756	878151675160480396	878151675160480395	22089	
1	C52H74N8O11	[M + H]+	C52H75N8O11+	Amino acids and Peptides	0.978	Oligopeptides	0.998	Cyclic peptides	0.587	Organic acids and derivatives	1.000	Carboxylic acids and derivatives	1.000	Amino acids, peptides, and analogues	0.998	Peptides	0.911	Peptides	0.911	Organic compounds; Organoheterocyclic compounds; Lipids and lipid-like molecules; Amino acids, peptides, and analogues; Alpha amino acids and derivatives; Alcohols and polyols; Pyrrolidines; Organic acids and derivatives; Carboxylic acids and derivatives; Organonitrogen compounds; Organooxygen compounds; Fatty amides; Branched fatty acids; Amino acids and derivatives; Peptides; Monoalkylamines; Carboxylic acid amides; Carboxylic acid derivatives; N-acyl amines; N-acyl-alpha amino acids and derivatives; Carboxylic acids; Primary carboxylic acid amides; Secondary carboxylic acid amides; Tertiary carboxylic acid amides; Carbonyl compounds; Pyrrolidine carboxylic acids and derivatives; Pyrrolidinecarboxamides; Alpha amino acid amides; N-acyl-alpha amino acids; Amines; Primary amines; N-acylpyrrolidines; Fatty Acyls; Organic oxides; Azacyclic compounds; Hydrocarbon derivatives; Amino acids; Valine and derivatives; Glutamine and derivatives; Proline and derivatives; Isoleucine and derivatives; Organopnictogen compounds; Organic oxygen compounds; Organic nitrogen compounds; Chemical entities	987.544	234	3.894	878152579771190021	878151671670819368	878151671637264935	545	
1	C31H49N7O10	[M + H]+	C31H50N7O10+	Amino acids and Peptides	1.000	Oligopeptides	0.997	Tripeptides	0.174	Organic acids and derivatives	1.000	Carboxylic acids and derivatives	1.000	Amino acids, peptides, and analogues	1.000	Peptides	0.999	Oligopeptides	0.883	Organic compounds; Organoheterocyclic compounds; Lipids and lipid-like molecules; Amino acids, peptides, and analogues; Alpha amino acids and derivatives; Alcohols and polyols; Phenols; Phenethylamines; Amphetamines and derivatives; Pyrrolidines; Organic acids and derivatives; Carboxylic acids and derivatives; Organonitrogen compounds; Primary alcohols; Organooxygen compounds; Fatty amides; Dicarboxylic acids and derivatives; Amino acids and derivatives; Peptides; Monoalkylamines; Carboxylic acid amides; Carboxylic acid derivatives; N-acyl amines; N-acyl-alpha amino acids and derivatives; Carboxylic acids; Secondary carboxylic acid amides; Tertiary carboxylic acid amides; Carbonyl compounds; Pyrrolidine carboxylic acids and derivatives; Pyrrolidinecarboxamides; Benzene and substituted derivatives; Alpha amino acid amides; N-acyl-alpha amino acids; Benzenoids; Amines; Primary amines; N-acylpyrrolidines; Fatty Acyls; Organic oxides; Azacyclic compounds; Hydrocarbon derivatives; Amino acids; Valine and derivatives; Tyrosine and derivatives; Phenylalanine and derivatives; Proline and derivatives; Isoleucine and derivatives; Organopnictogen compounds; Organic oxygen compounds; 1-hydroxy-2-unsubstituted benzenoids; Organic nitrogen compounds; Oligopeptides; Chemical entities	680.356	238	3.968	878153535757929244	878151673499535960	878151673495341655	8793	
1	C18H19NO5	[M + H]+	C18H20NO5+	Shikimates and Phenylpropanoids	0.384	Anthranilic acid alkaloids	0.406	Anthranillic acid derivatives	0.077	Benzenoids	0.991	Benzene and substituted derivatives	0.958	Benzoic acids and derivatives	0.895	Benzoic acid esters	0.850	Benzoic acid esters	0.850	Organic compounds; Benzoic acids and derivatives; Organic acids and derivatives; Carboxylic acids and derivatives; Organonitrogen compounds; Anilides; Benzoyl derivatives; Organooxygen compounds; Carboxylic acid amides; Carboxylic acid derivatives; Monocarboxylic acids and derivatives; Carboxylic acid esters; Benzoic acid esters; Secondary carboxylic acid amides; Benzene and substituted derivatives; Benzenoids; Organic oxides; Hydrocarbon derivatives; Organopnictogen compounds; Organic oxygen compounds; Organic nitrogen compounds; Chemical entities	330.134	262	4.364	878153032080739089	878151674460031608	878151674455837303	15461	
1	C29H41N7O6	[M + H]+	C29H42N7O6+	Amino acids and Peptides	0.990	Oligopeptides	0.995	Cyclic peptides	0.930	Organic acids and derivatives	1.000	Carboxylic acids and derivatives	0.999	Amino acids, peptides, and analogues	0.998	Peptides	0.963	Oligopeptides	0.876	Organic compounds; Organoheterocyclic compounds; Lipids and lipid-like molecules; Amino acids, peptides, and analogues; Alpha amino acids and derivatives; Lactams; Pyrrolidines; Organic acids and derivatives; Carboxylic acids and derivatives; Organonitrogen compounds; Organooxygen compounds; Amino acids and derivatives; Peptides; Carboxylic acid amides; Carboxylic acid derivatives; N-acyl amines; Monocarboxylic acids and derivatives; N-acyl-alpha amino acids and derivatives; Carboxylic acids; Secondary carboxylic acid amides; Tertiary carboxylic acid amides; Carbonyl compounds; Pyrrolidine carboxylic acids and derivatives; Cyclic peptides; Pyrrolidinecarboxamides; Alpha amino acid amides; N-acylpyrrolidines; Fatty Acyls; Organic oxides; Azacyclic compounds; Hydrocarbon derivatives; Valine and derivatives; Proline and derivatives; Organopnictogen compounds; Organic oxygen compounds; Organic nitrogen compounds; Oligopeptides; Chemical entities	584.317	269	4.475	878154375797328712	878151674048989804	878151674048989803	12736	
1	C26H43N9O9	[M + H]+	C26H44N9O9+	Amino acids and Peptides	1.000	Oligopeptides	0.955	Tripeptides	0.375	Organic acids and derivatives	1.000	Carboxylic acids and derivatives	1.000	Amino acids, peptides, and analogues	0.999	Peptides	0.996	Oligopeptides	0.955	Organic compounds; Organoheterocyclic compounds; Lipids and lipid-like molecules; Amino acids, peptides, and analogues; Alpha amino acids and derivatives; Pyrrolidines; Fatty acids and conjugates; Organic acids and derivatives; Carboxylic acids and derivatives; Organonitrogen compounds; Organooxygen compounds; Fatty amides; Branched fatty acids; Amino acids and derivatives; Peptides; Monoalkylamines; Carboxylic acid amides; Carboxylic acid derivatives; N-acyl amines; Monocarboxylic acids and derivatives; N-acyl-alpha amino acids and derivatives; Carboxylic acids; Secondary carboxylic acid amides; Tertiary carboxylic acid amides; Carbonyl compounds; Pyrrolidine carboxylic acids and derivatives; Heterocyclic fatty acids; Pyrrolidinecarboxamides; Alpha amino acid amides; N-acyl-alpha amino acids; Amines; Primary amines; N-acylpyrrolidines; Fatty Acyls; Organic oxides; Azacyclic compounds; N-acyl-L-alpha-amino acids; Hydrocarbon derivatives; Amino acids; Valine and derivatives; Proline and derivatives; Isoleucine and derivatives; Organopnictogen compounds; Organic oxygen compounds; Organic nitrogen compounds; Oligopeptides; Chemical entities	626.331	304	5.068	878153587389811494	878151674623609468	878151674611026555	16396	
1	C9H21N3O5	[M + Na]+	C9H21N3NaO5+	Amino acids and Peptides	0.226	Small peptides	0.366	Aminoacids	0.109	Organic 1,3-dipolar compounds	0.616	Allyl-type 1,3-dipolar organic compounds	0.514	Organic nitro compounds	0.589			Organic nitro compounds	0.589	Organic compounds; Organic acids and derivatives; Organonitrogen compounds; Primary alcohols; Organooxygen compounds; Organic nitro compounds; Carbonyl compounds; Amines; Alkanolamines; Organic 1,3-dipolar compounds; Allyl-type 1,3-dipolar organic compounds; Organic oxides; Hydrocarbon derivatives; Organopnictogen compounds; Organic oxygen compounds; Organic nitrogen compounds; Chemical entities	274.138	335	5.581	878154390976514909	878151675345029780	878151675340835475	28041	
1	C13H20N2O6	[M + H]+	C13H21N2O6+	Amino acids and Peptides	0.791	Nucleosides	0.230	Pyrimidine nucleosides	0.616	Organic acids and derivatives	0.937	Carboxylic acids and derivatives	0.821	Carboxylic acid derivatives	0.652			Carboxylic acid derivatives	0.652	Organic compounds; Organoheterocyclic compounds; Organic acids and derivatives; Carboxylic acids and derivatives; Organonitrogen compounds; Organooxygen compounds; Carboxylic acid derivatives; Carbonyl compounds; Organic oxides; Hydrocarbon derivatives; Organopnictogen compounds; Organic oxygen compounds; Organic nitrogen compounds; Chemical entities	301.140	450	7.500	878154248055606077	878151674296453748	878151674250316403	14687	
1	C21H38O3	[M + H]+	C21H39O3+	Fatty acids	0.999	Glycerolipids	0.861	Monoacylglycerols	0.870	Lipids and lipid-like molecules	0.979	Glycerolipids	0.571	Monoradylglycerols	0.687	Monoacylglycerols	0.763	Monoacylglycerols	0.763	Organic compounds; Lipids and lipid-like molecules; Alcohols and polyols; Glycerolipids; Organic acids and derivatives; Carboxylic acids and derivatives; Primary alcohols; Organooxygen compounds; Fatty acid esters; Carboxylic acid derivatives; Monoacylglycerols; Monocarboxylic acids and derivatives; Carboxylic acid esters; Carbonyl compounds; Monoradylglycerols; Fatty Acyls; Organic oxides; Hydrocarbon derivatives; Organic oxygen compounds; Chemical entities	339.289	487	8.120	878154432797920104	878151675261143696	878151675256949391	25555	
1	C20H42O4	[M + H]+	C20H43O4+	Fatty acids	0.988	Fatty acyls	0.619	Fatty alcohols	0.526	Organic oxygen compounds	1.000	Organooxygen compounds	1.000	Ethers	0.989	Dialkyl ethers	0.987	Polyethylene glycols	0.794	Organic compounds; Alcohols and polyols; Ethers; Primary alcohols; Organooxygen compounds; Dialkyl ethers; Polyethylene glycols; Hydrocarbon derivatives; Organic oxygen compounds; Chemical entities	347.316	488	8.133	878154380432034642	878151673843468900	878151673839274595	10836	
1	C13H25NO3	[M + H]+	C13H26NO3+	Fatty acids	0.981	Fatty Acids and Conjugates	0.784	Primary amides	0.152	Organic acids and derivatives	1.000	Carboxylic acids and derivatives	0.999	Amino acids, peptides, and analogues	0.543	Amino acids and derivatives	0.540	Amino acids and derivatives	0.540	Organic compounds; Lipids and lipid-like molecules; Amino acids, peptides, and analogues; Fatty acids and conjugates; Organic acids and derivatives; Carboxylic acids and derivatives; Organonitrogen compounds; Organooxygen compounds; Fatty amides; Amino acids and derivatives; Carboxylic acid amides; Amino fatty acids; Carboxylic acid derivatives; Monocarboxylic acids and derivatives; Carboxylic acids; Secondary carboxylic acid amides; Carbonyl compounds; Medium-chain fatty acids; Fatty Acyls; Organic oxides; Hydrocarbon derivatives; Organopnictogen compounds; Organic oxygen compounds; Organic nitrogen compounds; Chemical entities	244.191	499	8.320	878154436316941170	878151675072400008	878151675068205703	20237	
1	C32H44N4O13	[M + K]+	C32H44KN4O13+	Fatty acids	0.561	Nucleosides	0.565	Pyrimidine nucleosides	0.548	Lipids and lipid-like molecules	0.926	Sphingolipids	0.846					Sphingolipids	0.846	Organic compounds; Organoheterocyclic compounds; Carbohydrates and carbohydrate conjugates; Lipids and lipid-like molecules; Pyrimidines and pyrimidine derivatives; Alcohols and polyols; Sphingolipids; Organic acids and derivatives; Carboxylic acids and derivatives; Organonitrogen compounds; Primary alcohols; Organooxygen compounds; Fatty amides; Carboxylic acid amides; Carboxylic acid derivatives; N-acyl amines; Diazines; Secondary alcohols; Secondary carboxylic acid amides; Carbonyl compounds; Glycosyl compounds; Fatty Acyls; Acetamides; Organic oxides; Azacyclic compounds; Oxacyclic compounds; Heteroaromatic compounds; Hydrocarbon derivatives; Organopnictogen compounds; Organic oxygen compounds; Organic nitrogen compounds; Chemical entities	731.251	523	8.716	878154709722650551	878151675366001304	878151675361806999	31396	
1	C34H66N8O8	[M + Na]+	C34H66N8NaO8+	Amino acids and Peptides	0.952	Oligopeptides	0.992	Lipopeptides	0.666	Organic acids and derivatives	0.998	Carboxylic acids and derivatives	0.992	Amino acids, peptides, and analogues	0.984	Peptides	0.588	Peptides	0.588	Organic compounds; Organoheterocyclic compounds; Lipids and lipid-like molecules; Amino acids, peptides, and analogues; Alpha amino acids and derivatives; Alcohols and polyols; Organic acids and derivatives; Carboxylic acids and derivatives; Organonitrogen compounds; Organooxygen compounds; Fatty amides; Amino acids and derivatives; Peptides; Carboxylic acid amides; Carboxylic acid derivatives; N-acyl amines; Monocarboxylic acids and derivatives; N-acyl-alpha amino acids and derivatives; Carboxylic acids; Primary carboxylic acid amides; Secondary carboxylic acid amides; Tertiary carboxylic acid amides; Carbonyl compounds; Alpha amino acid amides; Fatty Acyls; Organic oxides; Azacyclic compounds; Hydrocarbon derivatives; Organopnictogen compounds; Organic oxygen compounds; Organic nitrogen compounds; Chemical entities	737.490	640	10.659	878154682581307973	878151674782993024	878151674778798719	17323	
1	C15H29NO	[M + H]+	C15H30NO+	Fatty acids	0.997	Fatty amides	0.623	Primary amides	0.565	Organic acids and derivatives	0.932	Carboxylic acids and derivatives	0.887	Carboxylic acid derivatives	0.849	Carboxylic acid amides	0.879	Secondary carboxylic acid amides	0.769	Organic compounds; Organic acids and derivatives; Carboxylic acids and derivatives; Organonitrogen compounds; Organooxygen compounds; Carboxylic acid amides; Carboxylic acid derivatives; Secondary carboxylic acid amides; Carbonyl compounds; Acetamides; Organic oxides; Hydrocarbon derivatives; Organopnictogen compounds; Organic oxygen compounds; Organic nitrogen compounds; Chemical entities	240.233	640	10.666	878154622577593716	878151674942376580	878151674938182275	18484	
1	C8H14N2O5S2	[M + Na]+	C8H14N2NaO5S2+	Amino acids and Peptides	0.955	Small peptides	0.651	Aminoacids	0.241	Organic acids and derivatives	0.998	Carboxylic acids and derivatives	0.995	Amino acids, peptides, and analogues	0.971	Amino acids and derivatives	0.969	Alpha amino acids and derivatives	0.949	Organic compounds; Organoheterocyclic compounds; Organosulfur compounds; Amino acids, peptides, and analogues; Alpha amino acids and derivatives; Fatty acids and conjugates; Organic acids and derivatives; Carboxylic acids and derivatives; Organonitrogen compounds; Organooxygen compounds; Amino acids and derivatives; Carboxylic acid amides; Carboxylic acid derivatives; Monocarboxylic acids and derivatives; Carboxylic acids; Tertiary carboxylic acid amides; Carbonyl compounds; Organic disulfides; Sulfenyl compounds; Organic oxides; Dialkyldisulfides; Hydrocarbon derivatives; Organopnictogen compounds; Organic oxygen compounds; Organic nitrogen compounds; Chemical entities	305.021	63	1.043	878154939798897984	878154886770312416	878154886761923807	11069	
1	C14H27N3O5S	[M + H]+	C14H28N3O5S+	Amino acids and Peptides	0.945	Small peptides	0.960	Tripeptides	0.971	Organic acids and derivatives	1.000	Carboxylic acids and derivatives	0.999	Amino acids, peptides, and analogues	0.996	Peptides	0.977	Oligopeptides	0.811	Organic compounds; Organosulfur compounds; Lipids and lipid-like molecules; Amino acids, peptides, and analogues; Alpha amino acids and derivatives; Organic acids and derivatives; Carboxylic acids and derivatives; Organonitrogen compounds; Organooxygen compounds; Fatty amides; Amino acids and derivatives; Peptides; Monoalkylamines; Carboxylic acid amides; Carboxylic acid derivatives; N-acyl amines; Monocarboxylic acids and derivatives; N-acyl-alpha amino acids and derivatives; Thioethers; Carboxylic acids; Secondary carboxylic acid amides; Carbonyl compounds; Alpha amino acid amides; N-acyl-alpha amino acids; Amines; Primary amines; Sulfenyl compounds; Dialkylthioethers; Fatty Acyls; Organic oxides; Hydrocarbon derivatives; Amino acids; Cysteine and derivatives; Alanine and derivatives; Organopnictogen compounds; Organic oxygen compounds; Organic nitrogen compounds; Oligopeptides; Chemical entities	350.172	81	1.354	878154936409900342	878154888066352392	878154888062158087	23295	
1	C25H35N7O7	[M + H]+	C25H36N7O7+	Amino acids and Peptides	0.998	Oligopeptides	0.992	Cyclic peptides	0.908	Organic acids and derivatives	1.000	Carboxylic acids and derivatives	1.000	Amino acids, peptides, and analogues	0.994	Peptides	0.970	Oligopeptides	0.929	Organic compounds; Organoheterocyclic compounds; Lipids and lipid-like molecules; Amino acids, peptides, and analogues; Alpha amino acids and derivatives; Phenethylamines; Amphetamines and derivatives; Pyrrolidines; Phenylpropanoids and polyketides; Organic acids and derivatives; Carboxylic acids and derivatives; Organonitrogen compounds; Organooxygen compounds; Fatty amides; Amino acids and derivatives; Peptides; Carboxylic acid amides; Carboxylic acid derivatives; N-acyl amines; Monocarboxylic acids and derivatives; N-acyl-alpha amino acids and derivatives; Carboxylic acids; Primary carboxylic acid amides; Secondary carboxylic acid amides; Tertiary carboxylic acid amides; Carbonyl compounds; Pyrrolidine carboxylic acids and derivatives; Pyrrolidinecarboxamides; Benzene and substituted derivatives; Alpha amino acid amides; N-acyl-alpha amino acids; Benzenoids; N-acylpyrrolidines; Fatty Acyls; Organic oxides; Azacyclic compounds; Hydrocarbon derivatives; Proline and derivatives; Organopnictogen compounds; Organic oxygen compounds; Organic nitrogen compounds; Oligopeptides; Chemical entities	546.263	97	1.621	878155846548702660	878154887948911876	878154887944717571	20484	
1	C11H18FN3O4	[M + H]+	C11H19FN3O4+	Amino acids and Peptides	0.999	Small peptides	1.000	Dipeptides	0.950	Organic acids and derivatives	1.000	Carboxylic acids and derivatives	1.000	Amino acids, peptides, and analogues	0.999	Peptides	0.975	Dipeptides	0.820	Organic compounds; Lipids and lipid-like molecules; Amino acids, peptides, and analogues; Alpha amino acids and derivatives; Organic acids and derivatives; Carboxylic acids and derivatives; Organohalogen compounds; Organonitrogen compounds; Organooxygen compounds; Amino acids and derivatives; Peptides; Monoalkylamines; Carboxylic acid amides; Carboxylic acid derivatives; Monocarboxylic acids and derivatives; N-acyl-alpha amino acids and derivatives; Carboxylic acids; Organofluorides; Secondary carboxylic acid amides; Carbonyl compounds; Alpha amino acid amides; N-acyl-alpha amino acids; Amines; Primary amines; Fatty Acyls; Organic oxides; Hydrocarbon derivatives; Amino acids; Alanine and derivatives; Organopnictogen compounds; Organic oxygen compounds; Organic nitrogen compounds; Dipeptides; Chemical entities	276.134	97	1.623	878154916247881003	878154885054842036	878154885046453427	3366	
1	C21H30N6O6	[M + H]+	C21H31N6O6+	Amino acids and Peptides	1.000	Small peptides	1.000	Tripeptides	0.998	Organic acids and derivatives	1.000	Carboxylic acids and derivatives	1.000	Amino acids, peptides, and analogues	0.999	Peptides	1.000	Oligopeptides	1.000	Organic compounds; Organoheterocyclic compounds; Lipids and lipid-like molecules; Amino acids, peptides, and analogues; Alpha amino acids and derivatives; Imidazoles; Phenethylamines; Amphetamines and derivatives; Pyrrolidines; Organic acids and derivatives; Carboxylic acids and derivatives; Organonitrogen compounds; Organooxygen compounds; Fatty amides; Dicarboxylic acids and derivatives; Amino acids and derivatives; Peptides; Azoles; Monoalkylamines; Carboxylic acid amides; Carboxylic acid derivatives; N-acyl amines; N-acyl-alpha amino acids and derivatives; Carboxylic acids; Imidazolyl carboxylic acids and derivatives; Secondary carboxylic acid amides; Carbonyl compounds; Pyrrolidine carboxylic acids and derivatives; Pyrrolidinecarboxamides; Benzene and substituted derivatives; Alpha amino acid amides; Substituted imidazoles; N-acyl-alpha amino acids; Benzenoids; Amines; Primary amines; N-acylpyrrolidines; Fatty Acyls; Organic oxides; Azacyclic compounds; Heteroaromatic compounds; Hydrocarbon derivatives; Amino acids; Histidine and derivatives; Aspartic acid and derivatives; Phenylalanine and derivatives; Proline and derivatives; Glutamic acid and derivatives; Organopnictogen compounds; Organic oxygen compounds; Organic nitrogen compounds; Oligopeptides; Chemical entities	463.229	99	1.655	878155022380549470	878154885398774972	878154885394580667	5285	
1	C24H48N6O9	[M + K]+	C24H48KN6O9+	Amino acids and Peptides	1.000	Small peptides	0.988	Tripeptides	0.645	Organic acids and derivatives	1.000	Carboxylic acids and derivatives	1.000	Amino acids, peptides, and analogues	1.000	Peptides	1.000	Oligopeptides	0.997	Organic compounds; Organoheterocyclic compounds; Lipids and lipid-like molecules; Amino acids, peptides, and analogues; Alpha amino acids and derivatives; Pyrrolidines; Fatty acids and conjugates; Organic acids and derivatives; Carboxylic acids and derivatives; Organonitrogen compounds; Organooxygen compounds; Fatty amides; Branched fatty acids; Amino acids and derivatives; Peptides; Monoalkylamines; Carboxylic acid amides; Carboxylic acid derivatives; N-acyl amines; Monocarboxylic acids and derivatives; N-acyl-alpha amino acids and derivatives; Carboxylic acids; Primary carboxylic acid amides; Secondary carboxylic acid amides; Tertiary carboxylic acid amides; Carbonyl compounds; Pyrrolidine carboxylic acids and derivatives; Heterocyclic fatty acids; Pyrrolidinecarboxamides; Alpha amino acid amides; N-acyl-alpha amino acids; Amines; Primary amines; N-acylpyrrolidines; Fatty Acyls; Organic oxides; Azacyclic compounds; Hydrocarbon derivatives; Amino acids; Valine and derivatives; Glutamine and derivatives; Proline and derivatives; Organopnictogen compounds; Organic oxygen compounds; Organic nitrogen compounds; Oligopeptides; Chemical entities	603.311	110	1.826	878154969414878548	878154884169843876	878154884136289443	601	
1	C26H45N3O9S	[M + H]+	C26H46N3O9S+	Amino acids and Peptides	0.944	Oligopeptides	0.956	Cyclic peptides	0.256	Organic acids and derivatives	1.000	Carboxylic acids and derivatives	1.000	Amino acids, peptides, and analogues	0.995	Peptides	0.957	Oligopeptides	0.535	Organic compounds; Organoheterocyclic compounds; Organosulfur compounds; Lipids and lipid-like molecules; Amino acids, peptides, and analogues; Alpha amino acids and derivatives; Alcohols and polyols; Pyrrolidines; Fatty acids and conjugates; Organic acids and derivatives; Carboxylic acids and derivatives; Organonitrogen compounds; Organooxygen compounds; Fatty amides; Branched fatty acids; Amino acids and derivatives; Peptides; Carboxylic acid amides; Carboxylic acid derivatives; N-acyl amines; Monocarboxylic acids and derivatives; N-acyl-alpha amino acids and derivatives; Carboxylic acids; Secondary alcohols; Secondary carboxylic acid amides; Tertiary carboxylic acid amides; Carbonyl compounds; Pyrrolidine carboxylic acids and derivatives; Heterocyclic fatty acids; Pyrrolidinecarboxamides; Alpha amino acid amides; N-acyl-alpha amino acids; N-acylpyrrolidines; Fatty Acyls; Organic oxides; Azacyclic compounds; Hydrocarbon derivatives; Proline and derivatives; Organopnictogen compounds; Organic oxygen compounds; Organic nitrogen compounds; Oligopeptides; Chemical entities	576.302	125	2.091	878155759021966778	878154888183792908	878154888179598603	26569	
1	C20H27ClN4O4	[M + H]+	C20H28ClN4O4+	Amino acids and Peptides	0.991	Small peptides	0.814	Dipeptides	0.217	Organic acids and derivatives	1.000	Carboxylic acids and derivatives	1.000	Amino acids, peptides, and analogues	0.996	Peptides	0.952	Oligopeptides	0.550	Organic compounds; Organoheterocyclic compounds; Amino acids, peptides, and analogues; Alpha amino acids and derivatives; Pyrrolidines; Organic acids and derivatives; Carboxylic acids and derivatives; Organohalogen compounds; Organonitrogen compounds; Organooxygen compounds; Amino acids and derivatives; Peptides; Carboxylic acid amides; Aryl chlorides; Carboxylic acid derivatives; Monocarboxylic acids and derivatives; N-acyl-alpha amino acids and derivatives; Carboxylic acids; Organochlorides; Secondary carboxylic acid amides; Tertiary carboxylic acid amides; Carbonyl compounds; Pyrrolidine carboxylic acids and derivatives; Pyrrolidinecarboxamides; Alpha amino acid amides; N-acyl-alpha amino acids; Pyrrolidine carboxylic acids; Benzenoids; Aryl halides; N-acylpyrrolidines; Organic oxides; Azacyclic compounds; Hydrocarbon derivatives; Proline and derivatives; Organopnictogen compounds; Organic oxygen compounds; Organic nitrogen compounds; Oligopeptides; Chemical entities	423.182	127	2.110	878155076403185000	878154886468322520	878154886459933911	9816	
1	C24H35N7O7	[M + H]+	C24H36N7O7+	Amino acids and Peptides	0.999	Small peptides	0.827	Tripeptides	0.945	Organic acids and derivatives	1.000	Carboxylic acids and derivatives	1.000	Amino acids, peptides, and analogues	1.000	Peptides	0.997	Oligopeptides	0.989	Organic compounds; Organoheterocyclic compounds; Lipids and lipid-like molecules; Amino acids, peptides, and analogues; Alpha amino acids and derivatives; Imidazoles; Pyrrolidines; Organic acids and derivatives; Carboxylic acids and derivatives; Organonitrogen compounds; Organooxygen compounds; Fatty amides; Amino acids and derivatives; Peptides; Azoles; Carboxylic acid amides; Carboxylic acid derivatives; N-acyl amines; Monocarboxylic acids and derivatives; N-acyl-alpha amino acids and derivatives; Carboxylic acids; Imidazolyl carboxylic acids and derivatives; Secondary carboxylic acid amides; Tertiary carboxylic acid amides; Carbonyl compounds; Pyrrolidine carboxylic acids and derivatives; Pyrrolidinecarboxamides; Alpha amino acid amides; Substituted imidazoles; N-acyl-alpha amino acids; Pyrrolidine carboxylic acids; N-acylpyrrolidines; Fatty Acyls; Organic oxides; Azacyclic compounds; Heteroaromatic compounds; Hydrocarbon derivatives; Amino acids; Histidine and derivatives; Proline and derivatives; Organopnictogen compounds; Organic oxygen compounds; Organic nitrogen compounds; Oligopeptides; Chemical entities	534.270	129	2.158	878155556973954470	878154884488610984	878154884476028071	1384	
1	C13H25N7O4	[M + H]+	C13H26N7O4+	Amino acids and Peptides	0.999	Small peptides	0.997	Tripeptides	0.978	Organic acids and derivatives	1.000	Carboxylic acids and derivatives	0.999	Amino acids, peptides, and analogues	0.998	Peptides	0.988	Oligopeptides	0.904	Organic compounds; Lipids and lipid-like molecules; Amino acids, peptides, and analogues; Alpha amino acids and derivatives; Fatty acids and conjugates; Organic acids and derivatives; Carboxylic acids and derivatives; Organonitrogen compounds; Organooxygen compounds; Fatty amides; Branched fatty acids; Amino acids and derivatives; Peptides; Guanidines; Monoalkylamines; Carboxylic acid amides; Carboxylic acid derivatives; N-acyl amines; Monocarboxylic acids and derivatives; N-acyl-alpha amino acids and derivatives; Carboxylic acids; Secondary carboxylic acid amides; Carbonyl compounds; Alpha amino acid amides; N-acyl-alpha amino acids; Amines; Primary amines; Carboximidamides; Organic 1,3-dipolar compounds; Propargyl-type 1,3-dipolar organic compounds; Fatty Acyls; Organic oxides; Hydrocarbon derivatives; Amino acids; Leucine and derivatives; Isoleucine and derivatives; Organopnictogen compounds; Organic oxygen compounds; Organic nitrogen compounds; Oligopeptides; Chemical entities	344.205	149	2.477	878155346419893650	878154886153749712	878154886149555407	8042	
1	C19H25Br4N3O5	[M + H]+	C19H26Br4N3O5+	Amino acids and Peptides	0.990	Oligopeptides	0.685	Tripeptides	0.297	Organic acids and derivatives	1.000	Carboxylic acids and derivatives	0.999	Amino acids, peptides, and analogues	0.993	Peptides	0.953	Oligopeptides	0.797	Organic compounds; Organoheterocyclic compounds; Lipids and lipid-like molecules; Amino acids, peptides, and analogues; Alpha amino acids and derivatives; Pyrrolidines; Fatty acids and conjugates; Organic acids and derivatives; Carboxylic acids and derivatives; Organohalogen compounds; Organonitrogen compounds; Organooxygen compounds; Fatty amides; Amino acids and derivatives; Peptides; Monoalkylamines; Carboxylic acid amides; Carboxylic acid derivatives; N-acyl amines; Monocarboxylic acids and derivatives; N-acyl-alpha amino acids and derivatives; Carboxylic acids; Organobromides; Secondary carboxylic acid amides; Tertiary carboxylic acid amides; Carbonyl compounds; Pyrrolidine carboxylic acids and derivatives; Pyrrolidinecarboxamides; Alpha amino acid amides; N-acyl-alpha amino acids; Amines; Alkyl halides; N-acylpyrrolidines; Fatty Acyls; Organic oxides; Azacyclic compounds; Hydrocarbon derivatives; Amino acids; Proline and derivatives; Organopnictogen compounds; Organic oxygen compounds; Organic nitrogen compounds; Oligopeptides; Chemical entities	691.862	152	2.539	878154966231401802	878154884681548972	878154884677354667	1730	
1	C9H11Br2ClIN3O3	[M + H]+	C9H12Br2ClIN3O3+	Amino acids and Peptides	0.453	Small peptides	0.257	Halogenated fatty acids	0.165	Organic acids and derivatives	0.979	Carboxylic acids and derivatives	0.930	Amino acids, peptides, and analogues	0.613	Amino acids and derivatives	0.608	Amino acids and derivatives	0.608	Organic compounds; Organoheterocyclic compounds; Amino acids, peptides, and analogues; Organic acids and derivatives; Carboxylic acids and derivatives; Organohalogen compounds; Organonitrogen compounds; Organooxygen compounds; Amino acids and derivatives; Carboxylic acid amides; Alkyl chlorides; Alkyl iodides; Carboxylic acid derivatives; Organochlorides; Organoiodides; Tertiary carboxylic acid amides; Carbonyl compounds; Alkyl halides; Organic oxides; Azacyclic compounds; Hydrocarbon derivatives; Organopnictogen compounds; Organic oxygen compounds; Organic nitrogen compounds; Chemical entities	529.794	213	3.557	878155111182353788	878154887831471360	878154887827277055	19559	
1	C11H12Br4FN3O3	[M + H]+	C11H13Br4FN3O3+	Amino acids and Peptides	0.694	Ornithine alkaloids	0.407	Aminoacids	0.141	Organic acids and derivatives	0.871	Carboxylic acids and derivatives	0.854	Amino acids, peptides, and analogues	0.842	Amino acids and derivatives	0.843	Amino acids and derivatives	0.843	Organic compounds; Organoheterocyclic compounds; Amino acids, peptides, and analogues; Halobenzenes; Organic acids and derivatives; Carboxylic acids and derivatives; Organohalogen compounds; Organonitrogen compounds; Organooxygen compounds; Amino acids and derivatives; Monoalkylamines; Aryl bromides; Aryl fluorides; Bromobenzenes; Fluorobenzenes; Organobromides; Organofluorides; Carbonyl compounds; Benzene and substituted derivatives; Amines; Primary amines; Aryl halides; Organic oxides; Azacyclic compounds; Hydrocarbon derivatives; Organopnictogen compounds; Organic oxygen compounds; Organic nitrogen compounds; Chemical entities	569.766	214	3.560	878155577265997232	878154885558158528	878154885549769919	6166	
1	C39H58N8O11	[M + H]+	C39H59N8O11+	Amino acids and Peptides	0.999	Oligopeptides	1.000	Cyclic peptides	0.516	Organic acids and derivatives	1.000	Carboxylic acids and derivatives	1.000	Amino acids, peptides, and analogues	0.999	Peptides	0.983	Oligopeptides	0.848	Organic compounds; Organoheterocyclic compounds; Lipids and lipid-like molecules; Amino acids, peptides, and analogues; Alpha amino acids and derivatives; Phenols; Phenethylamines; Amphetamines and derivatives; Pyrrolidines; Phenylpropanoids and polyketides; Organic acids and derivatives; Carboxylic acids and derivatives; Organonitrogen compounds; Organooxygen compounds; Fatty amides; Amino acids and derivatives; Peptides; Monoalkylamines; Carboxylic acid amides; Carboxylic acid derivatives; N-acyl amines; Monocarboxylic acids and derivatives; N-acyl-alpha amino acids and derivatives; Carboxylic acids; Secondary carboxylic acid amides; Tertiary carboxylic acid amides; Carbonyl compounds; Pyrrolidine carboxylic acids and derivatives; Pyrrolidinecarboxamides; Benzene and substituted derivatives; Alpha amino acid amides; N-acyl-alpha amino acids; Benzenoids; Amines; Primary amines; N-acylpyrrolidines; Fatty Acyls; Organic oxides; Azacyclic compounds; Hydrocarbon derivatives; Amino acids; Valine and derivatives; Tyrosine and derivatives; Phenylalanine and derivatives; Proline and derivatives; Isoleucine and derivatives; Organopnictogen compounds; Organic oxygen compounds; 1-hydroxy-2-unsubstituted benzenoids; Organic nitrogen compounds; Oligopeptides; Chemical entities	815.435	218	3.639	878155513420301724	878154886006949068	878154886002754763	7605	
1	C70H79N3O9	[M + H]+	C70H80N3O9+	Polyketides	0.467	Oligopeptides	0.985	Microcolins and mirabimids	0.654	Organic acids and derivatives	0.998	Carboxylic acids and derivatives	0.996	Amino acids, peptides, and analogues	0.986	Amino acids and derivatives	0.983	Alpha amino acid esters	0.773	Organic compounds; Organoheterocyclic compounds; Amino acids, peptides, and analogues; Lactones; Alpha amino acids and derivatives; Lactams; Pyrrolidines; Phenylpropanoids and polyketides; Organic acids and derivatives; Carboxylic acids and derivatives; Organonitrogen compounds; Organooxygen compounds; Amino acids and derivatives; Alpha amino acid esters; Carboxylic acid amides; Carboxylic acid derivatives; Carboxylic acid esters; Tertiary carboxylic acid amides; Peptidomimetics; Carbonyl compounds; Macrolide lactams; N-acylpyrrolidines; Organic oxides; Azacyclic compounds; Hydrocarbon derivatives; Organopnictogen compounds; Organic oxygen compounds; Organic nitrogen compounds; Chemical entities	1106.590	219	3.652	878155867943847374	878154886308938964	878154886300550355	9098	
1	C43H48N4O7	[M + H]+	C43H49N4O7+	Amino acids and Peptides	1.000	Oligopeptides	0.964	Tripeptides	0.192	Organic acids and derivatives	1.000	Carboxylic acids and derivatives	1.000	Amino acids, peptides, and analogues	1.000	Peptides	0.991	Oligopeptides	0.955	Organic compounds; Organoheterocyclic compounds; Lipids and lipid-like molecules; Amino acids, peptides, and analogues; Alpha amino acids and derivatives; Phenols; Phenethylamines; Amphetamines and derivatives; Pyrrolidines; Phenylpropanoids and polyketides; Organic acids and derivatives; Carboxylic acids and derivatives; Organonitrogen compounds; Organooxygen compounds; Fatty amides; Amino acids and derivatives; Peptides; Monoalkylamines; Carboxylic acid amides; Carboxylic acid derivatives; N-acyl amines; Monocarboxylic acids and derivatives; N-acyl-alpha amino acids and derivatives; Carboxylic acids; Secondary carboxylic acid amides; Tertiary carboxylic acid amides; Carbonyl compounds; Pyrrolidine carboxylic acids and derivatives; Pyrrolidinecarboxamides; Benzene and substituted derivatives; Alpha amino acid amides; N-acyl-alpha amino acids; Benzenoids; Amines; Primary amines; Phenylpropanoic acids; N-acylpyrrolidines; Fatty Acyls; Organic oxides; Azacyclic compounds; Hydrocarbon derivatives; Amino acids; Valine and derivatives; Tyrosine and derivatives; Phenylalanine and derivatives; Proline and derivatives; Isoleucine and derivatives; Organopnictogen compounds; Organic oxygen compounds; 1-hydroxy-2-unsubstituted benzenoids; Organic nitrogen compounds; Oligopeptides; Chemical entities	733.361	224	3.742	878155340556256648	878154887160382700	878154887156188395	13948	
1	C17H21Br3N4O4S2	[M + H]+	C17H22Br3N4O4S2+	Amino acids and Peptides	0.999	Small peptides	0.882	Tripeptides	0.242	Organic acids and derivatives	1.000	Carboxylic acids and derivatives	0.999	Amino acids, peptides, and analogues	0.997	Peptides	0.971	Oligopeptides	0.770	Organic compounds; Organoheterocyclic compounds; Organosulfur compounds; Lipids and lipid-like molecules; Amino acids, peptides, and analogues; Alpha amino acids and derivatives; Pyrrolidines; Organic acids and derivatives; Carboxylic acids and derivatives; Organohalogen compounds; Organonitrogen compounds; Organooxygen compounds; Amino acids and derivatives; Peptides; Carboxylic acid amides; Carboxylic acid derivatives; Monocarboxylic acids and derivatives; N-acyl-alpha amino acids and derivatives; Carboxylic acids; Secondary carboxylic acid amides; Tertiary carboxylic acid amides; Carbonyl compounds; Pyrrolidine carboxylic acids and derivatives; Pyrrolidinecarboxamides; Alpha amino acid amides; N-acyl-alpha amino acids; N-acylpyrrolidines; Sulfenyl compounds; Fatty Acyls; Organic oxides; Azacyclic compounds; Hydrocarbon derivatives; Amino acids; Proline and derivatives; Organopnictogen compounds; Organic oxygen compounds; Organic nitrogen compounds; Oligopeptides; Chemical entities	646.864	234	3.894	878155872305923544	878154887701447932	878154887697253627	17794	
1	C65H105N15O22	[M + Na]+	C65H105N15NaO22+	Amino acids and Peptides	0.975	Oligopeptides	1.000	Linear peptides	0.431	Organic Polymers	0.671	Polypeptides	0.677					Polypeptides	0.677	Organic compounds; Organoheterocyclic compounds; Lipids and lipid-like molecules; Amino acids, peptides, and analogues; Alpha amino acids and derivatives; Alcohols and polyols; Phenethylamines; Amphetamines and derivatives; Pyrrolidines; Organic acids and derivatives; Carboxylic acids and derivatives; Organonitrogen compounds; Primary alcohols; Organooxygen compounds; Fatty amides; Amino acids and derivatives; Peptides; Monoalkylamines; Carboxylic acid amides; Carboxylic acid derivatives; N-acyl amines; N-acyl-alpha amino acids and derivatives; Carboxylic acids; Primary carboxylic acid amides; Secondary carboxylic acid amides; Tertiary carboxylic acid amides; Carbonyl compounds; Pyrrolidine carboxylic acids and derivatives; Pyrrolidinecarboxamides; Benzene and substituted derivatives; Alpha amino acid amides; N-acyl-alpha amino acids; Benzenoids; Amines; Primary amines; N-acylpyrrolidines; Carboximidamides; Organic Polymers; Polypeptides; Fatty Acyls; Organic oxides; Azacyclic compounds; Hydrocarbon derivatives; Amino acids; Phenylalanine and derivatives; Proline and derivatives; Leucine and derivatives; Organopnictogen compounds; Organic oxygen compounds; Organic nitrogen compounds; Chemical entities	1470.725	259	4.325	878156645647502954	878154886623511772	878154886615123163	10369	
1	C61H91N5O12	[M + K]+	C61H91KN5O12+	Amino acids and Peptides	0.814	Oligopeptides	0.998	Lipopeptides	0.746	Organic acids and derivatives	0.999	Peptidomimetics	0.839	Depsipeptides	0.814	Cyclic depsipeptides	0.790	Cyclic depsipeptides	0.790	Organic compounds; Organoheterocyclic compounds; Lipids and lipid-like molecules; Amino acids, peptides, and analogues; Lactones; Alpha amino acids and derivatives; Macrolactams; Alcohols and polyols; Lactams; Pyrrolidines; Phenylpropanoids and polyketides; Organic acids and derivatives; Carboxylic acids and derivatives; Organonitrogen compounds; Organooxygen compounds; Fatty amides; Amino acids and derivatives; Alpha amino acid esters; Carboxylic acid amides; Carboxylic acid derivatives; N-acyl amines; Carboxylic acid esters; Secondary carboxylic acid amides; Tertiary carboxylic acid amides; Peptidomimetics; Carbonyl compounds; Macrolide lactams; Depsipeptides; Cyclic depsipeptides; Fatty Acyls; Organic oxides; Azacyclic compounds; Oxacyclic compounds; Hydrocarbon derivatives; Organopnictogen compounds; Organic oxygen compounds; Organic nitrogen compounds; Chemical entities	1124.635	260	4.329	878156102376080889	878154888200570128	878154888196375823	28118	
1	C43H56N14O8	[M + H]+	C43H57N14O8+	Amino acids and Peptides	0.984	Oligopeptides	0.999	Linear peptides	0.560	Organic acids and derivatives	1.000	Carboxylic acids and derivatives	1.000	Amino acids, peptides, and analogues	0.999	Peptides	0.878	Oligopeptides	0.598	Organic compounds; Organoheterocyclic compounds; Lipids and lipid-like molecules; Amino acids, peptides, and analogues; Alpha amino acids and derivatives; Phenethylamines; Amphetamines and derivatives; Pyrrolidines; Phenylpropanoids and polyketides; Organic acids and derivatives; Carboxylic acids and derivatives; Organonitrogen compounds; Organooxygen compounds; Fatty amides; Amino acids and derivatives; Peptides; Carboxylic acid amides; Carboxylic acid derivatives; N-acyl amines; Monocarboxylic acids and derivatives; N-acyl-alpha amino acids and derivatives; Carboxylic acids; Secondary carboxylic acid amides; Tertiary carboxylic acid amides; Carbonyl compounds; Pyrrolidine carboxylic acids and derivatives; Pyrrolidinecarboxamides; Benzene and substituted derivatives; Alpha amino acid amides; N-acyl-alpha amino acids; Benzenoids; N-acylpyrrolidines; Fatty Acyls; Organic oxides; Azacyclic compounds; Hydrocarbon derivatives; Valine and derivatives; Phenylalanine and derivatives; Proline and derivatives; Organopnictogen compounds; Organic oxygen compounds; Organic nitrogen compounds; Oligopeptides; Chemical entities	897.453	262	4.360	878155994846709218	878154887030359272	878154887026164967	12775	
1	C43H62N6O11	[M + H]+	C43H63N6O11+	Amino acids and Peptides	0.924	Oligopeptides	0.997	Cyclic peptides	0.688	Organic acids and derivatives	1.000	Carboxylic acids and derivatives	1.000	Amino acids, peptides, and analogues	0.994	Peptides	0.794	Oligopeptides	0.609	Organic compounds; Organoheterocyclic compounds; Lipids and lipid-like molecules; Amino acids, peptides, and analogues; Alpha amino acids and derivatives; Macrolactams; Lactams; Pyrrolidines; Phenylpropanoids and polyketides; Organic acids and derivatives; Carboxylic acids and derivatives; Organonitrogen compounds; Organooxygen compounds; Fatty amides; Amino acids and derivatives; Peptides; Carboxylic acid amides; Carboxylic acid derivatives; N-acyl amines; Monocarboxylic acids and derivatives; N-acyl-alpha amino acids and derivatives; Carboxylic acids; Secondary carboxylic acid amides; Tertiary carboxylic acid amides; Carbonyl compounds; Pyrrolidine carboxylic acids and derivatives; Pyrrolidinecarboxamides; Alpha amino acid amides; N-acylpyrrolidines; Fatty Acyls; Organic oxides; Azacyclic compounds; Hydrocarbon derivatives; Proline and derivatives; Organopnictogen compounds; Organic oxygen compounds; Organic nitrogen compounds; Oligopeptides; Chemical entities	839.451	271	4.517	878156461307840039	878154885704959172	878154885700764867	6734	
1	C18H37NO3	[M + H]+	C18H38NO3+	Fatty acids	0.996	Spingolipids	0.966	Sphingoid bases	0.989	Organic nitrogen compounds	1.000	Organonitrogen compounds	1.000	Amines	0.811	Alkanolamines	0.879	1,2-aminoalcohols	0.815	Organic compounds; Alcohols and polyols; Organonitrogen compounds; Primary alcohols; Organooxygen compounds; Secondary alcohols; 1,2-aminoalcohols; Amines; Alkanolamines; Hydrocarbon derivatives; Organopnictogen compounds; Organic oxygen compounds; Organic nitrogen compounds; Chemical entities	316.285	283	4.711	878156103344965124	878154887437206772	878154887428818163	15494	
1	C24H30O6	[M + H]+	C24H31O6+	Polyketides	0.420	Lignans	0.556	Simple aromatic polyketides	0.152	Benzenoids	0.910	Benzene and substituted derivatives	0.532					Benzene and substituted derivatives	0.532	Organic compounds; Organoheterocyclic compounds; Alcohols and polyols; Ethers; Organooxygen compounds; Dialkyl ethers; Benzene and substituted derivatives; Benzenoids; Oxacyclic compounds; Hydrocarbon derivatives; Organic oxygen compounds; Chemical entities	415.213	402	6.693	878156045320963567	878154887298794736	878154887294600431	14848	
1	C15H22O2	[M + H]+	C15H23O2+	Terpenoids	0.788	Sesquiterpenoids	0.913	Bisabolane sesquiterpenoids	0.498	Benzenoids	0.984	Benzene and substituted derivatives	0.924	Phenylpropanes	0.918			Phenylpropanes	0.918	Organic compounds; Organic acids and derivatives; Carboxylic acids and derivatives; Organooxygen compounds; Monocarboxylic acids and derivatives; Carbonyl compounds; Benzene and substituted derivatives; Benzenoids; Phenylpropanes; Organic oxides; Hydrocarbon derivatives; Organic oxygen compounds; Chemical entities	235.170	430	7.171	878156114715723276	878154885851759816	878154885847565511	7032	
1	C36H58N6O5Si	[M + H]+	C36H59N6O5Si+	Amino acids and Peptides	0.994	Oligopeptides	0.995	Microginins	0.494	Organic acids and derivatives	0.999	Carboxylic acids and derivatives	0.998	Amino acids, peptides, and analogues	0.993	Peptides	0.603	Peptides	0.603	Organic compounds; Organoheterocyclic compounds; Lipids and lipid-like molecules; Amino acids, peptides, and analogues; Alpha amino acids and derivatives; Phenethylamines; Amphetamines and derivatives; Pyrrolidines; Organic acids and derivatives; Carboxylic acids and derivatives; Organohalogen compounds; Organonitrogen compounds; Organooxygen compounds; Fatty amides; Amino acids and derivatives; Peptides; Carboxylic acid amides; Carboxylic acid derivatives; N-acyl amines; N-acyl-alpha amino acids and derivatives; Secondary carboxylic acid amides; Tertiary carboxylic acid amides; Carbonyl compounds; Pyrrolidine carboxylic acids and derivatives; Pyrrolidinecarboxamides; Benzene and substituted derivatives; Alpha amino acid amides; Benzenoids; Amines; N-acylpyrrolidines; Fatty Acyls; Organic oxides; Azacyclic compounds; Hydrocarbon derivatives; Valine and derivatives; Proline and derivatives; Organopnictogen compounds; Organic oxygen compounds; Organic nitrogen compounds; Chemical entities	683.438	450	7.494	878156483332130353	878154887563035896	878154887554647287	16480	
1	C25H34N6O3	[M + H]+	C25H35N6O3+	Alkaloids	0.893	Tryptophan alkaloids	0.537	Carboline alkaloids	0.112	Organic nitrogen compounds	1.000	Organonitrogen compounds	1.000	Amines	0.954	Aralkylamines	0.593	Aralkylamines	0.593	Organic compounds; Organoheterocyclic compounds; Piperazines; Piperidines; Organic acids and derivatives; Organonitrogen compounds; Organooxygen compounds; Trialkylamines; Diazinanes; Benzenoids; Amines; Tertiary amines; Aralkylamines; Organic oxides; Azacyclic compounds; Heteroaromatic compounds; Hydrocarbon derivatives; Organopnictogen compounds; Organic oxygen compounds; Organic nitrogen compounds; Chemical entities	467.279	467	7.791	878156563351064017	878154888217347348	878154888213153043	31460	
1	C36H71NO9	[M + Na]+	C36H71NNaO9+	Fatty acids	1.000	Spingolipids	1.000	Neutral glycosphingolipids	1.000	Lipids and lipid-like molecules	0.994	Sphingolipids	0.975	Glycosphingolipids	0.978	Neutral glycosphingolipids	0.609	Glycosyl-N-acylsphingosines	0.564	Organic compounds; Organoheterocyclic compounds; Carbohydrates and carbohydrate conjugates; Lipids and lipid-like molecules; Alcohols and polyols; Ethers; Sphingolipids; Organic acids and derivatives; Carboxylic acids and derivatives; Organonitrogen compounds; Primary alcohols; Organooxygen compounds; Fatty amides; Carboxylic acid amides; Carboxylic acid derivatives; N-acyl amines; Neutral glycosphingolipids; Simple glycosylceramides; Hexoses; Monosaccharides; Acetals; Secondary alcohols; Secondary carboxylic acid amides; Fatty acyl glycosides; Carbonyl compounds; Oxanes; Glycosyl compounds; Alkyl glycosides; O-glycosyl compounds; Polyols; Glycosphingolipids; Fatty acyl glycosides of mono- and disaccharides; Fatty Acyls; Organic oxides; Oxacyclic compounds; Hydrocarbon derivatives; Glycosyl-N-acylsphingosines; Organopnictogen compounds; Organic oxygen compounds; Organic nitrogen compounds; Chemical entities	684.507	507	8.449	878156577309707739	878154885218419896	878154885214225591	4880	
1	C40H73NO9	[M + H]+	C40H74NO9+	Fatty acids	1.000	Spingolipids	1.000	Neutral glycosphingolipids	1.000	Lipids and lipid-like molecules	0.995	Sphingolipids	0.968	Glycosphingolipids	0.966	Neutral glycosphingolipids	0.606	Glycosyl-N-acylsphingosines	0.552	Organic compounds; Organoheterocyclic compounds; Carbohydrates and carbohydrate conjugates; Lipids and lipid-like molecules; Alcohols and polyols; Ethers; Sphingolipids; Organic acids and derivatives; Carboxylic acids and derivatives; Organonitrogen compounds; Primary alcohols; Organooxygen compounds; Fatty amides; Carboxylic acid amides; Carboxylic acid derivatives; N-acyl amines; Neutral glycosphingolipids; Simple glycosylceramides; Hexoses; Monosaccharides; Acetals; Secondary alcohols; Secondary carboxylic acid amides; Fatty acyl glycosides; Carbonyl compounds; Oxanes; Glycosyl compounds; Alkyl glycosides; O-glycosyl compounds; Polyols; Glycosphingolipids; Fatty acyl glycosides of mono- and disaccharides; Fatty Acyls; Organic oxides; Oxacyclic compounds; Hydrocarbon derivatives; Glycosyl-N-acylsphingosines; Organopnictogen compounds; Organic oxygen compounds; Organic nitrogen compounds; Chemical entities	712.534	638	10.640	878156557588090310	878154886904530148	878154886900335843	12085	
